GEO_ID|B16001_E001|B16001_M001|B16001_E002|B16001_M002|B16001_E003|B16001_M003|B16001_E004|B16001_M004|B16001_E005|B16001_M005|B16001_E006|B16001_M006|B16001_E007|B16001_M007|B16001_E008|B16001_M008|B16001_E009|B16001_M009|B16001_E010|B16001_M010|B16001_E011|B16001_M011|B16001_E012|B16001_M012|B16001_E013|B16001_M013|B16001_E014|B16001_M014|B16001_E015|B16001_M015|B16001_E016|B16001_M016|B16001_E017|B16001_M017|B16001_E018|B16001_M018|B16001_E019|B16001_M019|B16001_E020|B16001_M020|B16001_E021|B16001_M021|B16001_E022|B16001_M022|B16001_E023|B16001_M023|B16001_E024|B16001_M024|B16001_E025|B16001_M025|B16001_E026|B16001_M026|B16001_E027|B16001_M027|B16001_E028|B16001_M028|B16001_E029|B16001_M029|B16001_E030|B16001_M030|B16001_E031|B16001_M031|B16001_E032|B16001_M032|B16001_E033|B16001_M033|B16001_E034|B16001_M034|B16001_E035|B16001_M035|B16001_E036|B16001_M036|B16001_E037|B16001_M037|B16001_E038|B16001_M038|B16001_E039|B16001_M039|B16001_E040|B16001_M040|B16001_E041|B16001_M041|B16001_E042|B16001_M042|B16001_E043|B16001_M043|B16001_E044|B16001_M044|B16001_E045|B16001_M045|B16001_E046|B16001_M046|B16001_E047|B16001_M047|B16001_E048|B16001_M048|B16001_E049|B16001_M049|B16001_E050|B16001_M050|B16001_E051|B16001_M051|B16001_E052|B16001_M052|B16001_E053|B16001_M053|B16001_E054|B16001_M054|B16001_E055|B16001_M055|B16001_E056|B16001_M056|B16001_E057|B16001_M057|B16001_E058|B16001_M058|B16001_E059|B16001_M059|B16001_E060|B16001_M060|B16001_E061|B16001_M061|B16001_E062|B16001_M062|B16001_E063|B16001_M063|B16001_E064|B16001_M064|B16001_E065|B16001_M065|B16001_E066|B16001_M066|B16001_E067|B16001_M067|B16001_E068|B16001_M068|B16001_E069|B16001_M069|B16001_E070|B16001_M070|B16001_E071|B16001_M071|B16001_E072|B16001_M072|B16001_E073|B16001_M073|B16001_E074|B16001_M074|B16001_E075|B16001_M075|B16001_E076|B16001_M076|B16001_E077|B16001_M077|B16001_E078|B16001_M078|B16001_E079|B16001_M079|B16001_E080|B16001_M080|B16001_E081|B16001_M081|B16001_E082|B16001_M082|B16001_E083|B16001_M083|B16001_E084|B16001_M084|B16001_E085|B16001_M085|B16001_E086|B16001_M086|B16001_E087|B16001_M087|B16001_E088|B16001_M088|B16001_E089|B16001_M089|B16001_E090|B16001_M090|B16001_E091|B16001_M091|B16001_E092|B16001_M092|B16001_E093|B16001_M093|B16001_E094|B16001_M094|B16001_E095|B16001_M095|B16001_E096|B16001_M096|B16001_E097|B16001_M097|B16001_E098|B16001_M098|B16001_E099|B16001_M099|B16001_E100|B16001_M100|B16001_E101|B16001_M101|B16001_E102|B16001_M102|B16001_E103|B16001_M103|B16001_E104|B16001_M104|B16001_E105|B16001_M105|B16001_E106|B16001_M106|B16001_E107|B16001_M107|B16001_E108|B16001_M108|B16001_E109|B16001_M109|B16001_E110|B16001_M110|B16001_E111|B16001_M111|B16001_E112|B16001_M112|B16001_E113|B16001_M113|B16001_E114|B16001_M114|B16001_E115|B16001_M115|B16001_E116|B16001_M116|B16001_E117|B16001_M117|B16001_E118|B16001_M118|B16001_E119|B16001_M119|B16001_E120|B16001_M120|B16001_E121|B16001_M121|B16001_E122|B16001_M122|B16001_E123|B16001_M123|B16001_E124|B16001_M124|B16001_E125|B16001_M125|B16001_E126|B16001_M126|B16001_E127|B16001_M127|B16001_E128|B16001_M128
0100000US|313232500|17131|245478064|170291|41254941|121964|24955072|104398|16299869|94309|1175318|27711|924393|24070|250925|12935|894804|28213|550290|25053|344514|15129|512803|15834|384298|13414|128505|6838|937369|30987|595164|19851|342205|17660|857426|20523|729509|18397|127917|7450|573876|21240|380117|17672|193759|12697|253366|14929|195968|11632|57398|5716|1044892|24798|618161|19897|426731|15775|533367|19628|336503|13140|196864|10926|265785|14020|176490|11913|89295|6070|384906|16540|242126|12109|142780|9576|256028|14059|158990|10624|97038|6780|472290|18619|299198|14296|173092|10254|436909|23409|295876|17640|141033|9149|864830|26137|711743|23078|153087|9374|507972|25528|373159|19085|134813|9768|318588|18835|188937|12785|129651|9459|403024|20921|234390|13227|168634|11560|447811|20094|297084|13882|150727|11481|661540|24079|470839|17409|190701|11948|459836|19267|374524|16362|85312|7314|341396|16503|293192|14590|48204|5131|280188|14738|215718|11890|64470|6394|3404634|42708|1638893|27687|1765741|30717|455459|15661|266618|11114|188841|8880|1073463|28355|526613|19115|546850|16543|239605|12287|146984|10468|92621|6003|1523114|36919|639569|20746|883545|24899|192510|11636|87711|7229|104799|7719|283944|13265|136375|8185|147569|9360|460192|19548|229063|11915|231129|11997|1715436|29513|1167367|22505|548069|15797|485797|19584|308385|13130|177412|11279|1390937|40802|930647|33090|460290|17723|214679|13629|185161|12875|29518|3820|596099|24923|371733|19972|224366|13008|639630|23883|509382|21335|130248|9287|287680|19880|194907|14430|92773|11160|155304|7269|112775|7243|42529|3798|169370|9830|147429|8681|21941|2917|327318|14787|231816|12010|95502|9781
0100001US|250865910|255807|188310816|211737|38063018|126515|22862810|100201|15200208|96257|1039142|26938|808892|22551|230250|13188|874211|28428|533741|25382|340470|14930|469793|15523|349321|13016|120472|6538|866691|27393|544953|17705|321738|16070|616090|17587|543904|16021|72186|6455|322508|15573|208823|14262|113685|10851|236984|14294|182781|11463|54203|5275|977920|22899|572709|18317|405211|15351|503441|19574|314365|12908|189076|10927|248492|13837|163329|11714|85163|6035|352413|16512|217759|11534|134654|9361|251432|14255|155149|10762|96283|6817|457445|18500|288500|14186|168945|10077|410173|21957|277674|16603|132499|8680|816890|24924|671204|22323|145686|9117|478296|24490|350280|18431|128016|9512|298134|17264|175535|11901|122599|8693|393793|20191|227616|12402|166177|11455|424563|19995|278463|13341|146100|11429|618222|24621|434537|17348|183685|12003|417747|19989|338019|16676|79728|7408|323639|16461|277471|14537|46168|4964|263071|13452|202774|11262|60297|6110|3287916|40942|1574233|26037|1713683|30134|423790|14814|246837|10492|176953|9012|1021299|26489|497906|17377|523393|15633|218147|11161|133306|9466|84841|5743|1461112|35907|606885|20744|854227|23690|182376|11296|82337|6986|100039|7638|261862|12975|124247|7651|137615|9286|440884|20312|218768|12167|222116|12170|1626697|29713|1101720|22506|524977|15812|448535|20353|281262|13392|167273|11369|1334263|41143|886088|32806|448175|17974|205261|13352|176183|12524|29078|3764|582963|24831|361712|20118|221251|13020|620693|24154|493454|21384|127239|9138|272129|19680|181091|14354|91038|11162|61303|6538|49400|6025|11903|2431|79761|7653|67327|7026|12434|2380|301995|15033|211465|11623|90530|9717
0100043US|62366590|261423|57167248|251722|3191923|62952|2092262|45338|1099661|30072|136176|8300|115501|7344|20675|2555|20593|3580|16549|3124|4044|1310|43010|4309|34977|3799|8033|1739|70678|8965|50211|6763|20467|3892|241336|11736|185605|9544|55731|5408|251368|13082|171294|10859|80074|6301|16382|3250|13187|2857|3195|1343|66972|7742|45452|5469|21520|3903|29926|4018|22138|3143|7788|1693|17293|3587|13161|3226|4132|1197|32493|4923|24367|4080|8126|2089|4596|1568|3841|1450|755|547|14845|3397|10698|2620|4147|2247|26736|5141|18202|3788|8534|2129|47940|7408|40539|6802|7401|1835|29676|6631|22879|5037|6797|2397|20454|5018|13402|3474|7052|2938|9231|3973|6774|2976|2457|1327|23248|4847|18621|4117|4627|1436|43318|6001|36302|5122|7016|1874|42089|6174|36505|5535|5584|1569|17757|3526|15721|3446|2036|992|17117|4490|12944|3071|4173|2299|116718|9372|64660|6221|52058|5692|31669|4188|19781|2991|11888|2326|52164|5759|28707|3711|23457|3573|21458|4007|13678|2946|7780|1873|62002|7594|32684|4824|29318|5465|10134|3045|5374|1834|4760|1694|22082|3371|12128|2239|9954|2135|19308|4276|10295|2721|9013|2253|88739|8179|65647|6866|23092|3007|37262|5121|27123|4330|10139|1862|56674|7634|44559|6738|12115|2770|9418|3079|8978|3078|440|246|13136|4021|10021|3407|3115|1129|18937|4479|15928|4206|3009|1381|15551|4812|13816|4774|1735|648|94001|4736|63375|4042|30626|3003|89609|6874|80102|6550|9507|1635|25323|3708|20351|3332|4972|1317
0100089US|979278|29087|722481|21366|63746|5522|44291|4212|19455|2438|1532|664|1276|510|256|201|532|416|457|395|75|86|326|170|195|108|131|127|396|362|327|345|69|100|1618|441|1345|431|273|121|739|394|548|335|191|175|46|48|46|48|0|210|1518|986|951|605|567|469|447|312|394|297|53|74|275|325|143|143|132|188|1266|761|1043|638|223|297|0|210|0|210|0|210|29|33|29|33|0|210|0|210|0|210|0|210|448|450|415|426|33|54|8|26|8|26|0|210|178|213|114|152|64|85|82|131|82|131|0|210|418|333|305|229|113|140|486|227|461|226|25|36|10|20|10|20|0|210|0|210|0|210|0|210|198|210|198|210|0|210|1048|582|429|268|619|410|413|243|242|194|171|128|1361|555|762|406|599|288|1023|1010|573|596|450|694|1660|1112|416|296|1244|989|791|478|494|299|297|245|316|185|112|86|204|159|516|666|284|360|232|317|4194|1292|2768|858|1426|733|2118|917|1673|813|445|359|434|284|239|179|195|223|336|373|295|367|41|58|121|201|89|149|32|55|39|48|30|52|9|17|686|464|308|205|378|379|94703|4698|66442|4298|28261|2370|72258|6088|64123|5755|8135|1502|482|299|412|305|70|94
0100091US|2449988|7996|2240560|10365|143541|5218|94172|5198|49369|3446|2670|862|2249|775|421|306|173|230|20|40|153|227|805|403|513|286|292|254|562|385|472|309|90|106|4758|1038|3881|919|877|397|1160|523|1135|520|25|43|87|102|87|102|0|172|2349|1098|1764|992|585|344|497|338|399|283|98|102|578|511|495|499|83|77|610|383|438|300|172|142|33|54|33|54|0|172|539|368|463|350|76|94|835|460|478|272|357|214|643|402|431|282|212|295|524|316|430|286|94|92|125|195|100|158|25|40|380|377|236|226|144|171|1079|606|815|507|264|267|776|416|703|403|73|97|792|599|673|484|119|133|279|250|279|250|0|172|163|325|0|172|163|325|4884|1436|2323|863|2561|837|842|508|685|501|157|128|1532|633|889|399|643|424|4148|1039|2092|599|2056|798|4324|1158|1908|680|2416|680|216|255|216|255|0|172|652|373|229|150|423|314|5821|1532|1594|735|4227|1166|3734|1269|2546|910|1188|665|1843|548|1194|480|649|178|4264|1425|3424|1166|840|388|306|332|306|332|0|172|37|62|0|172|37|62|1005|603|717|439|288|314|671|386|671|386|0|172|766|596|766|596|0|172|9622|1489|8086|1411|1536|569|803|511|517|451|286|250
01000A0US|296194139|32031|229641070|162446|40495280|119586|24472304|101458|16022976|93560|1137866|27115|894077|23385|243789|13074|891068|28349|547687|25117|343381|15112|507164|15773|380305|13253|126859|6946|929875|30523|588732|19305|341143|17664|776680|18673|668818|16933|107862|7041|493796|19255|323541|16160|170255|12476|252192|14944|195033|11637|57159|5729|1035457|24518|611427|19755|424030|15583|528792|19590|333236|13084|195556|10938|264465|13845|175538|11765|88927|6052|380463|16563|238961|12161|141502|9501|255822|14095|158784|10663|97038|6780|470808|18619|298003|14316|172805|10313|434157|23315|293763|17596|140394|9085|862567|26104|709618|23032|152949|9357|507035|25528|372393|19089|134642|9781|318112|18765|188609|12718|129503|9432|402602|20875|234039|13189|168563|11554|445604|20190|295291|13974|150313|11497|652554|24220|463269|17524|189285|11958|458332|19283|373068|16387|85264|7297|340762|16513|292570|14633|48192|5134|279366|14734|214896|11887|64470|6394|3393196|43065|1633659|27749|1759537|30781|450830|15867|263608|11201|187222|8855|1068275|28227|523589|18938|544686|16495|236553|12358|145385|10431|91168|6012|1515718|36647|636312|20815|879406|24518|191021|11559|86948|7243|104073|7644|279183|13143|133591|8010|145592|9214|455024|19631|226382|11830|228642|12019|1696032|29233|1154670|22634|541362|15397|476313|19322|303472|13105|172841|10916|1381874|41114|923849|33248|458025|17878|213273|13621|184055|12864|29218|3837|594778|24920|370966|19972|223812|13039|637839|23895|508391|21335|129448|9308|285290|20029|193336|14531|91954|11177|119355|6682|88099|6600|31256|3724|116090|8644|99900|7508|16190|2770|321606|14656|227215|11861|94391|9691
01000C0US|270255475|22344|206112177|162421|38792144|115655|23401854|103219|15390290|91820|1082189|27563|848579|23456|233610|13023|884336|28270|544014|24886|340322|15147|492940|15356|368564|13014|124376|6924|914677|29346|579190|18976|335487|17043|693313|18270|603271|16975|90042|6818|416717|18929|272963|15925|143754|12184|248100|14994|191898|11675|56202|5697|1018771|24016|599185|19631|419586|15338|518704|19503|325834|12879|192870|11042|259841|13989|172051|11801|87790|6062|372436|16306|233791|12085|138645|9283|255259|14087|158508|10685|96751|6788|468697|18615|296352|14375|172345|10289|428667|23164|289684|17432|138983|9132|855276|26006|703535|23063|151741|9325|503138|25582|369473|19100|133665|9762|315499|18642|187108|12653|128391|9415|398123|20474|231350|12840|166773|11481|436460|19880|290469|13902|145991|11180|639093|23826|452641|17241|186452|11846|455348|19052|370536|16207|84812|7260|337736|16593|289812|14764|47924|5098|277508|14732|213509|11957|63999|6302|3357997|42547|1615606|27719|1742391|30257|435188|15405|252704|11061|182484|8728|1055246|27846|515821|18597|539425|16376|226886|11964|139985|9907|86901|5983|1493804|36164|627010|21044|866794|23753|189107|11480|85659|7178|103448|7625|267151|13270|127443|7816|139708|9356|443885|19355|221772|11859|222113|11933|1657831|29228|1129320|22756|528511|15566|436730|19357|276937|13559|159793|10231|1363305|40739|910918|33086|452387|17409|211316|13573|182394|12839|28922|3704|583176|25186|367603|20052|215573|12801|633726|23545|505102|20963|128624|9284|276312|20066|186347|14466|89965|11156|68513|5169|47363|4865|21150|3569|72384|7539|62384|6573|10000|2486|305769|13853|217222|11190|88547|9273
01000C1US|101927872|53771|72392253|99965|17988643|86260|10657103|65244|7331540|65721|510351|18915|387315|15596|123036|10216|331071|16531|199077|12425|131994|10098|183267|9324|133654|7575|49613|4368|306112|16993|194028|11708|112084|10132|256156|10950|228651|10565|27505|3554|146394|11364|92185|7774|54209|8900|95185|8114|72219|6343|22966|3787|526877|17486|291925|13543|234952|10783|168324|10433|105637|8221|62687|5606|106270|8647|67734|6621|38536|4396|137917|10161|81691|7506|56226|6141|198486|11958|115692|8593|82794|6649|240543|15649|144787|10675|95756|8466|132874|12250|92956|10024|39918|4698|369621|15389|301998|12878|67623|6778|187598|14013|133361|10612|54237|5998|130566|11989|74214|7426|56352|6135|254132|16753|137379|9806|116753|9961|209519|13684|136472|8388|73047|8543|259009|14871|180291|10672|78718|8142|175137|10867|139564|9491|35573|4774|137561|11031|120116|9902|17445|3361|107672|9786|82285|8424|25387|4038|1768214|29418|823247|20010|944967|19987|214751|10265|121495|7011|93256|6510|470570|17828|230984|10673|239586|10329|127931|9254|76149|7039|51782|5608|689610|24386|287975|13620|401635|15385|87793|8366|40331|6165|47462|4826|138318|9549|61038|5038|77280|6593|242082|15072|107335|8429|134747|9997|765658|21740|505456|15616|260202|11156|198018|12506|122504|8707|75514|6487|626154|28062|411899|21536|214255|13217|114034|10334|97825|9561|16209|2818|304998|19843|186993|15603|118005|9704|295702|18143|226831|14587|68871|7904|145461|14152|88539|10226|56922|8923|26339|4238|20061|3829|6278|1785|27717|4690|22855|4232|4862|1774|132984|12094|86590|8194|46394|7681
01000C2US|168327603|61224|133719924|138079|20803501|86037|12744751|83014|8058750|61069|571838|21010|461264|17729|110574|7360|553265|25196|344937|20670|208328|12813|309673|12035|234910|10419|74763|5665|608565|23581|385162|16319|223403|12745|437157|14932|374620|14060|62537|5660|270323|15003|180778|12287|89545|7376|152915|12262|119679|9796|33236|4326|491894|17863|307260|13062|184634|10359|350380|15871|220197|10530|130183|8674|153571|11413|104317|9438|49254|5013|234519|13341|152100|9676|82419|7472|56773|6997|42816|6113|13957|2227|228154|14771|151565|10509|76589|7597|295793|16531|196728|12080|99065|7850|485655|20905|401537|18389|84118|7123|315540|18010|236112|13928|79428|6945|184933|14708|112894|9598|72039|7964|143991|12254|93971|9254|50020|4933|226941|15399|153997|11546|72944|7135|380084|17910|272350|14004|107734|7763|280211|16471|230972|13315|49239|6645|200175|11757|169696|10374|30479|4263|169836|11514|131224|9439|38612|4945|1589783|33166|792359|19671|797424|23041|220437|13558|131209|9008|89228|6751|584676|20454|284837|13971|299839|11995|98955|9075|63836|6094|35119|4714|804194|24041|339035|14816|465159|16456|101314|7925|45328|4605|55986|5250|128833|8485|66405|5426|62428|5831|201803|12810|114437|9193|87366|6980|892173|22403|623864|16355|268309|11385|238712|14361|154433|10153|84279|7985|737151|28156|499019|22791|238132|12187|97282|9539|84569|9019|12713|2260|278178|17502|180610|14254|97568|7473|338024|16612|278271|15619|59753|6006|130851|13798|97808|10641|33043|5591|42174|3486|27302|3010|14872|2569|44667|4950|39529|4464|5138|1406|172785|10965|130632|10090|42153|4941
01000E0US|25938664|22909|23528893|35504|1703136|25484|1070450|19742|632686|16601|55677|4205|45498|3609|10179|2066|6732|1786|3673|1231|3059|1261|14224|2390|11741|2081|2483|933|15198|3888|9542|1921|5656|2916|83367|6710|65547|5653|17820|2753|77079|6794|50578|5276|26501|3933|4092|1127|3135|973|957|543|16686|3375|12242|2856|4444|1368|10088|1940|7402|1436|2686|911|4624|1520|3487|1267|1137|506|8027|2303|5170|1627|2857|1235|563|484|276|212|287|362|2111|713|1651|623|460|310|5490|1764|4079|1471|1411|814|7291|1674|6083|1396|1208|656|3897|1198|2920|938|977|420|2613|1080|1501|662|1112|772|4479|2314|2689|1704|1790|929|9144|2591|4822|1514|4322|1766|13461|2894|10628|2556|2833|1030|2984|1288|2532|1119|452|392|3026|1087|2758|1063|268|222|1858|771|1387|601|471|404|35199|3391|18053|2265|17146|2157|15642|2561|10904|2173|4738|1266|13029|2338|7768|1922|5261|1142|9667|2171|5400|1502|4267|1176|21914|3765|9302|2404|12612|2557|1914|878|1289|714|625|422|12032|2352|6148|1562|5884|1399|11139|3269|4610|1887|6529|1877|38201|4283|25350|3418|12851|1948|39583|5184|26535|3872|13048|2679|18569|3325|12931|2777|5638|1384|1957|935|1661|747|296|377|11602|2179|3363|1189|8239|1764|4113|1434|3289|1304|824|531|8978|2342|6989|2200|1989|635|50842|3486|40736|3330|10106|1077|43706|4135|37516|4152|6190|1214|15837|3353|9993|2624|5844|1995
01000E1US|8711620|87740|7665386|77075|808658|24332|501389|15793|307269|15346|20358|3043|14600|2243|5758|1929|4310|1659|1876|1113|2434|1163|5048|1460|4207|1386|841|416|4580|1979|2784|1051|1796|1231|18779|2705|16471|2338|2308|935|4587|1916|3823|1598|764|715|648|317|573|294|75|125|4600|1618|3302|1241|1298|854|2587|1038|1756|599|831|563|1677|963|1090|703|587|382|3250|1407|2031|1103|1219|777|62|98|62|98|0|210|1454|593|1090|499|364|275|2276|1026|1546|717|730|632|4225|1323|3304|954|921|595|2159|1011|1588|813|571|345|415|257|365|216|50|85|2101|881|916|491|1185|767|4723|1745|2310|1028|2413|1526|4204|1188|2804|900|1400|750|2558|1216|2215|1058|343|350|1532|1053|1532|1053|0|210|1001|570|673|436|328|369|18000|2169|9539|1698|8461|1364|5621|1573|3598|1324|2023|811|5335|1388|3180|1050|2155|843|6150|1816|2981|1157|3169|1005|10504|2364|4035|1221|6469|1854|904|690|655|574|249|258|4639|1450|2209|925|2430|935|6205|1993|1804|955|4401|1473|19923|2669|12476|2295|7447|1440|11962|2617|8180|1797|3782|1213|12094|3038|8182|2398|3912|1338|697|525|440|262|257|377|10020|2128|2977|1167|7043|1774|2171|872|1823|809|348|334|6284|1596|4501|1406|1783|647|8622|2747|7746|2606|876|620|5341|1418|4365|1262|976|558|5970|2020|2571|697|3399|1844
01000E2US|17227044|86133|15863507|84199|894478|22955|569061|17200|325417|11404|35319|3150|30898|3186|4421|769|2422|908|1797|756|625|350|9176|1912|7534|1603|1642|823|10618|3072|6758|1650|3860|2323|64588|6173|49076|4957|15512|2758|72492|6482|46755|5019|25737|3790|3444|1104|2562|964|882|530|12086|3297|8940|2739|3146|1099|7501|1559|5646|1249|1855|751|2947|1179|2397|1060|550|349|4777|1465|3139|943|1638|852|501|494|214|223|287|362|657|318|561|292|96|114|3214|1377|2533|1223|681|436|3066|1054|2779|974|287|232|1738|758|1332|556|406|277|2198|1062|1136|658|1062|765|2378|2112|1773|1602|605|555|4421|1831|2512|997|1909|998|9257|2364|7824|2180|1433|700|426|307|317|253|109|161|1494|735|1226|695|268|222|857|484|714|446|143|159|17199|2544|8514|1600|8685|1769|10021|1857|7306|1553|2715|911|7694|1862|4588|1554|3106|842|3517|1416|2419|1036|1098|656|11410|2695|5267|1910|6143|1566|1010|647|634|464|376|346|7393|2100|3939|1324|3454|1165|4934|2431|2806|1441|2128|1188|18278|3030|12874|2538|5404|1339|27621|4829|18355|3698|9266|2379|6475|2224|4749|1789|1726|866|1260|681|1221|690|39|38|1582|945|386|279|1196|865|1942|979|1466|835|476|402|2694|1698|2488|1652|206|177|42220|3484|32990|3161|9230|968|38365|3857|33151|3744|5214|1263|9867|2669|7422|2442|2445|913
01000G0US|17038361|26930|15836994|30942|759661|15837|482768|11965|276893|10587|37452|3394|30316|3023|7136|1239|3736|1196|2603|837|1133|604|5639|1437|3993|1119|1646|668|7494|2584|6432|2428|1062|377|80746|6564|60691|5217|20055|2986|80080|8051|56576|7136|23504|3579|1174|503|935|475|239|146|9435|1925|6734|1359|2701|900|4575|1168|3267|931|1308|542|1320|770|952|628|368|231|4443|1201|3165|1087|1278|583|206|262|206|262|0|210|1482|718|1195|631|287|211|2752|1248|2113|1124|639|391|2263|841|2125|801|138|119|937|519|766|438|171|157|476|376|328|345|148|139|422|391|351|379|71|89|2207|969|1793|902|414|224|8986|1399|7570|1298|1416|553|1504|704|1456|710|48|74|634|358|622|358|12|27|822|526|822|526|0|210|11438|1877|5234|1074|6204|1362|4629|963|3010|743|1619|566|5188|1078|3024|827|2164|737|3052|881|1599|561|1453|681|7396|1941|3257|1178|4139|1258|1489|802|763|493|726|429|4761|1294|2784|1088|1977|779|5168|1533|2681|956|2487|890|19404|2479|12697|2290|6707|1746|9484|2059|4913|1022|4571|1621|9063|3001|6798|2803|2265|839|1406|507|1106|455|300|223|1321|534|767|419|554|351|1791|650|991|509|800|384|2390|767|1571|600|819|465|35949|1857|24676|1920|11273|1394|53280|3940|47529|3670|5751|1250|5712|1741|4601|1660|1111|547
01000H0US|42977025|19514|39365887|39221|2462797|28103|1553218|23310|909579|19075|93129|5463|75814|5027|17315|2108|10468|2273|6276|1518|4192|1459|19863|2602|15734|2305|4129|1074|22692|5100|15974|3483|6718|2953|164113|10136|126238|8180|37875|4089|157159|10698|107154|8564|50005|5508|5266|1262|4070|1113|1196|554|26121|3712|18976|2997|7145|1536|14663|2301|10669|1762|3994|1049|5944|1664|4439|1365|1505|542|12470|2571|8335|1946|4135|1373|769|553|482|335|287|362|3593|968|2846|863|747|351|8242|2272|6192|1960|2050|977|9554|1808|8208|1528|1346|666|4834|1337|3686|1025|1148|466|3089|1169|1829|771|1260|790|4901|2327|3040|1747|1861|921|11351|2721|6615|1655|4736|1830|22447|3223|18198|2846|4249|1131|4488|1411|3988|1291|500|399|3660|1136|3380|1102|280|221|2680|880|2209|766|471|404|46637|3657|23287|2484|23350|2420|20271|2693|13914|2246|6357|1345|18217|2589|10792|2146|7425|1335|12719|2265|6999|1630|5720|1328|29310|4373|12559|2517|16751|3201|3403|1175|2052|870|1351|561|16793|2381|8932|1657|7861|1532|16307|3453|7291|2085|9016|1991|57605|5066|38047|4326|19558|2621|49067|5601|31448|4124|17619|3381|27632|4931|19729|4322|7903|1591|3363|1002|2767|797|596|429|12923|2277|4130|1274|8793|1794|5904|1542|4280|1429|1624|592|11368|2336|8560|2220|2808|780|86791|4282|65412|4029|21379|1645|96986|5962|85045|5955|11941|1568|21549|3917|14594|3099|6955|2124
0200000US1|54145929|4885|41450524|72451|5983212|46970|3390825|38364|2592387|35856|326430|12942|249477|11928|76953|6593|343820|20352|201963|14483|141857|10993|269413|12118|194322|10139|75091|5075|458929|19190|254119|12207|204810|12476|129374|6970|112023|6348|17351|2525|293293|16383|165502|11911|127791|11533|115726|9114|86105|7226|29621|3919|393162|15378|208707|10921|184455|8856|210417|11391|127533|7289|82884|7281|56862|6507|37835|4956|19027|2960|110281|8979|67112|5083|43169|5839|20122|3537|16259|2689|3863|1333|51651|7928|33184|4962|18467|4381|145919|11590|92529|8154|53390|5694|221958|12943|176467|10339|45491|5438|143793|11491|97801|8082|45992|5339|62292|8177|37616|5622|24676|3618|211865|13739|108180|8141|103685|8682|107583|10141|66043|7424|41540|5638|205483|13673|143510|10637|61973|6007|83159|7869|67662|6723|15497|3480|71061|6780|59772|6095|11289|2516|75591|7174|53292|5357|22299|3651|983729|19961|436152|12705|547577|15364|64451|5823|37810|4065|26641|3493|218354|10667|105377|6557|112977|6803|2592|1811|1921|1180|671|755|135812|9666|55836|5780|79976|6488|42816|5334|19617|3242|23199|3457|32274|4978|16253|3412|16021|2495|112289|11579|58507|6830|53782|6518|198305|11769|145264|9453|53041|4773|27252|3504|17990|2623|9262|1723|299808|19207|203005|15217|96803|8717|94715|10137|82760|9959|11955|2283|36861|6338|22881|4754|13980|2937|199945|14905|155597|12801|44348|5794|46961|6735|31911|5349|15050|3316|111|115|56|80|55|86|9223|2062|6753|1655|2470|908|98511|9683|68042|7223|30469|5351
0200000US2|64916356|7537|57370337|54159|3597774|35223|2215606|27816|1382168|26020|160508|11527|116585|7351|43923|7128|21545|4539|13079|3645|8466|2493|59314|5085|44888|4354|14426|2061|45974|4898|36037|4432|9937|1701|231695|11873|187098|10751|44597|3993|163166|11923|118703|10250|44463|4867|45689|4621|35550|4258|10139|2132|111471|7445|68748|6015|42723|4462|216728|12749|131521|9193|85207|6186|93716|7279|57894|5601|35822|4251|94334|6303|56816|4381|37518|3507|6711|2484|4915|2213|1796|841|29318|4542|20197|3342|9121|2208|79481|7548|52821|5923|26660|3722|113726|7759|95969|6779|17757|2880|96404|8799|71089|6521|25315|3790|29375|5597|17407|4068|11968|2460|47510|7013|28485|4736|19025|3455|87117|8636|55435|6714|31682|4177|148538|10560|99763|8152|48775|5025|78517|7602|61537|6249|16980|3024|52373|6873|43959|5929|8414|2565|42849|5472|35147|4606|7702|2038|295659|14702|159392|8167|136267|9410|54900|4772|30988|3159|23912|3177|102943|6800|53993|4129|48950|4765|126677|7969|79913|6783|46764|4369|116221|7625|48149|4242|68072|5409|21651|3457|11032|2195|10619|2222|44648|5278|22808|3293|21840|2956|120986|12241|50452|6335|70534|8350|154036|8437|110965|6792|43071|3802|33665|3843|23195|3488|10470|2026|356463|15761|230187|12281|126276|8230|13617|2272|11945|1995|1672|634|216937|15116|131089|11758|85848|7165|102254|10045|75453|8838|26801|4349|68061|9209|42972|6272|25089|5092|392|284|354|258|38|58|28775|3630|25170|3200|3605|1646|34301|3892|24368|3028|9933|1972
0200000US3|119919515|13631|96166429|105518|16674445|78738|9986105|79851|6688340|59395|454771|18158|357051|14953|97720|7438|514445|22824|323196|18666|191249|12339|101854|7332|78065|6062|23789|3443|281993|17896|193664|12852|88329|8711|284843|12137|241956|11050|42887|5366|72098|8248|56104|7208|15994|3798|60126|7642|47890|6145|12236|3229|213707|11412|139163|8838|74544|6616|59892|6448|43526|5289|16366|2636|65911|8862|44978|6958|20933|4070|69481|7465|49508|5794|19973|3846|7066|1686|5488|1477|1578|725|130020|11628|87906|8631|42114|5838|138267|12193|97786|9014|40481|4923|248741|15974|201370|13628|47371|6261|194489|16710|147014|12665|47475|6119|41388|6631|28481|4570|12907|3292|95576|10458|62911|7616|32665|4586|157795|10077|106996|7312|50799|5840|154828|15633|115633|10356|39195|7348|185599|12449|148950|10411|36649|5280|124924|10950|107978|9707|16946|2944|110291|10913|82881|8632|27410|4467|551309|20841|297718|13665|253591|11045|101934|9447|59903|6565|42031|5150|275284|13211|139453|9014|135831|8713|26416|5019|16439|3549|9977|2776|537480|22638|241795|14471|295685|15118|36214|5366|16311|2863|19903|3453|85962|6926|41550|4142|44412|4684|124154|9511|65054|6834|59100|5372|312465|15141|229612|13084|82853|7034|79026|8485|50749|6076|28277|4447|411149|25964|286056|20170|125093|11208|47647|6185|41452|5379|6195|1809|187998|17756|120619|14834|67379|7342|265671|16257|224486|14142|41185|6342|118359|14470|83581|10408|34778|7063|3069|1889|2415|1558|654|1032|30370|3912|24609|3656|5761|1371|116029|10107|89082|9073|26947|4417
0200000US4|74250700|7261|50490774|80069|14999510|63963|9362536|55611|5636974|44929|233609|11355|201280|10196|32329|3744|14994|3524|12052|3117|2942|1187|82222|6700|67023|5793|15199|2524|150473|9603|111344|7042|39129|4686|211514|10382|188432|9709|23082|3158|45319|4632|39808|3997|5511|1245|31825|3958|26423|3553|5402|1323|326552|16288|201543|11605|125009|9433|46330|4935|33923|3949|12407|2442|49296|6089|35783|5097|13513|2747|110810|10311|68690|7758|42120|5656|222129|13319|132328|10153|89801|6536|261301|14283|157911|10095|103390|9038|73242|8400|52740|6451|20502|3346|280405|14697|237937|12013|42468|5148|73286|8164|57255|6543|16031|2610|185533|15866|105433|10054|80100|8352|48073|6539|34814|4709|13259|2994|95316|8936|68610|6010|26706|4622|152691|9232|111933|7924|40758|4728|112561|9832|96375|8457|16186|3179|93038|8440|81483|7708|11555|2247|51457|5473|44398|4808|7059|2276|1573937|27561|745631|16225|828306|19722|234174|9308|137917|7416|96257|6920|476882|16258|227790|11189|249092|10195|83920|8615|48711|6388|35209|4299|733601|22003|293789|11566|439812|15223|91829|9016|40751|5883|51078|5333|121060|8600|55764|5375|65296|5790|102763|9611|55050|5244|47713|6024|1050630|23961|681526|19006|369104|12367|345854|16636|216451|11763|129403|9407|323517|19864|211399|15453|112118|8297|58700|7125|49004|6450|9696|2051|154303|11673|97144|8687|57159|5240|71760|9404|53846|6996|17914|3986|54299|7135|36443|5827|17856|4188|151732|6870|109950|6975|41782|3762|101002|6305|90897|5702|10105|1510|78477|7577|50324|5974|28153|5209
0200001US1|46131117|46554|33924554|77749|5843001|47384|3291858|36888|2551143|36213|283085|12924|212970|11458|70115|6631|339734|20225|198972|14286|140762|11020|251424|11706|180650|9788|70774|4841|439918|18312|241795|12071|198123|11976|98991|6507|88959|6074|10032|1670|212267|13821|112208|10214|100059|10775|109085|9189|80678|7252|28407|3851|378871|15427|198112|11104|180759|8617|197857|11381|118190|7332|79667|7186|54173|6614|35895|4967|18278|2919|101594|8470|61291|5030|40303|5419|19050|3556|15226|2692|3824|1337|50500|7830|32187|4872|18313|4391|142090|11298|89225|7833|52865|5689|215521|12479|171612|9870|43909|5304|138583|11100|94451|7651|44132|5425|60346|8087|35939|5495|24407|3578|210538|13846|107116|8123|103422|8698|105319|9963|64124|7305|41195|5614|195024|13485|135432|10363|59592|6046|79204|7814|64860|6769|14344|3296|69553|6829|58366|6114|11187|2474|71855|6860|49760|4946|22095|3657|962779|19444|423947|12416|538832|15216|61017|5849|34951|4042|26066|3494|214390|10317|102837|6286|111553|6695|2192|1734|1622|1095|570|741|132780|9587|54280|5706|78500|6360|40330|5223|18486|3182|21844|3319|30623|4733|15330|3349|15293|2417|109022|11474|56539|6875|52483|6368|190699|11825|139120|9632|51579|4790|25768|3526|16950|2655|8818|1711|294965|19067|199954|15068|95011|8677|92766|10106|80898|9953|11868|2280|36797|6331|22832|4754|13965|2936|197840|15002|153672|12851|44168|5738|45354|6676|30424|5185|14930|3339|47|78|47|78|0|210|7330|2011|5282|1642|2048|776|94281|9529|64190|7045|30091|5353
0200001US2|48890904|126817|42071370|114592|3335362|36914|2041082|29232|1294280|24922|143053|10879|102135|6467|40918|6922|20555|4527|12586|3655|7969|2474|53005|5087|39543|4365|13462|2043|40712|4688|31779|4294|8933|1686|120862|7927|105719|7700|15143|2224|26404|3640|22172|3158|4232|1279|43328|4492|33532|4086|9796|2111|101642|7395|62349|6102|39293|4236|210253|12591|126703|8859|83550|6276|87908|7691|53976|5661|33932|4426|86632|6222|50556|4419|36076|3615|6656|2472|4860|2203|1796|841|27510|4219|18670|2910|8840|2208|75172|6991|50164|5641|25008|3560|107805|7248|90551|6444|17254|2816|93403|8679|68633|6390|24770|3812|28005|5445|16516|3936|11489|2350|47074|7040|28361|4730|18713|3474|83104|8099|52819|6161|30285|4066|136638|10131|90084|7456|46554|4879|75697|7539|58905|6108|16792|3039|48890|6545|41105|5672|7785|2464|41132|5391|33439|4503|7693|2039|282393|14036|152328|8018|130065|8883|49556|4428|27788|3021|21768|2996|97166|6800|50313|3955|46853|4789|116909|7493|73593|6415|43316|4171|108698|7106|45003|4114|63695|4885|19779|3185|9832|1988|9947|2081|39480|5135|19611|3005|19869|2915|115197|11143|47553|5760|67644|7998|143415|8043|103452|6403|39963|3798|29373|3789|20919|3330|8454|1915|344314|15727|220807|11919|123507|8402|12733|2252|11153|1960|1580|630|213289|14998|128748|11750|84541|7178|100296|9998|73883|8730|26413|4319|64223|9043|39884|6038|24339|5120|154|179|120|133|34|57|11362|2580|9984|2014|1378|1386|30395|3735|21434|2812|8961|2013
0200001US3|89974898|104268|68855238|123222|14735788|78541|8728733|71567|6007055|56981|396708|17125|308128|13911|88580|7463|500466|22977|311511|19256|188955|12126|90096|7163|68366|5835|21730|3392|249070|15349|170302|11334|78768|7450|213232|10047|186087|9550|27145|4265|44889|6966|40165|6550|4724|1291|54527|6977|43451|5886|11076|2666|190618|10876|124042|8532|66576|6167|52875|5907|38142|4665|14733|2495|59755|8672|39896|6632|19859|4069|59521|7117|41639|5293|17882|3660|6463|1534|4885|1305|1578|725|124301|11448|83453|8300|40848|5906|122494|11260|87322|8465|35172|4695|223859|15026|180083|12602|43776|6225|177137|16272|133398|12582|43739|5809|37702|6519|25723|4531|11979|3254|88919|9748|57999|6868|30920|4507|143896|10329|95639|7124|48257|5855|143537|15820|105443|10628|38094|7264|158901|13145|125865|10520|33036|5495|115760|10851|99726|9621|16034|2820|100926|9837|76980|7963|23946|3985|507776|19157|273647|12119|234129|10444|88274|8695|52521|5942|35753|4898|248812|12397|125600|8315|123212|8341|18430|4430|11470|3241|6960|2264|503139|22190|224724|14745|278415|14885|32714|5122|14272|2658|18442|3413|77383|6695|37341|3905|40042|4545|115747|8808|60377|6399|55370|5069|280009|14552|204931|12660|75078|6687|67376|7923|42466|5477|24910|4318|377654|26022|258579|19575|119075|11158|44345|6095|38227|5204|6118|1806|181985|17303|115815|14550|66170|7256|251924|15892|213110|13775|38814|6221|109206|13009|74830|9124|34376|7090|2293|1800|1678|1492|615|972|14290|2919|11697|2652|2593|980|106863|10397|81748|9001|25115|4328
0200001US4|65868991|69748|43459654|93150|14148867|66630|8801137|57151|5347730|44110|216296|11708|185659|10663|30637|3688|13456|3186|10672|2814|2784|1187|75268|6210|60762|5302|14506|2506|136991|9481|101077|6770|35914|4547|183005|10515|163139|9643|19866|3011|38948|4322|34278|3778|4670|1190|30044|3885|25120|3508|4924|1308|306789|16214|188206|11080|118583|9375|42456|4680|31330|3900|11126|2320|46656|5738|33562|4746|13094|2733|104666|10396|64273|7810|40393|5558|219263|13321|130178|10103|89085|6570|255134|13882|154190|10012|100944|8924|70417|8339|50963|6371|19454|3213|269705|14609|228958|11860|40747|5025|69173|7666|53798|6127|15375|2522|172081|14198|97357|9102|74724|7615|47262|6762|34140|4865|13122|3025|92244|8737|65881|5838|26363|4623|143023|8905|103578|7569|39445|4625|103945|10026|88389|8579|15556|3100|89436|8277|78274|7582|11162|2201|49158|5348|42595|4698|6563|2203|1534968|27516|724311|16072|810657|19540|224943|9006|131577|7175|93366|7149|460931|15772|219156|10529|241775|9855|80616|8450|46621|6204|33995|4314|716495|21848|282878|11319|433617|14901|89553|9131|39747|5936|49806|5441|114376|8303|51965|5069|62411|5715|100918|9508|54299|5227|46619|5923|1012574|22918|654217|17709|358357|12409|326018|16852|200927|11904|125091|9415|317330|20294|206748|15658|110582|8428|55417|6875|45905|6203|9512|2032|150892|11744|94317|8699|56575|5244|70633|9460|52789|7038|17844|3989|53346|7132|35953|5824|17393|4157|58809|6223|47555|5701|11254|2220|46779|5050|40364|4720|6415|1297|70456|7325|44093|5737|26363|5014
0200043US1|8014812|46352|7525970|45127|140211|8558|98967|6674|41244|4928|43345|3691|36507|3349|6838|1210|4086|1577|2991|1331|1095|613|17989|2925|13672|2443|4317|1166|19011|3761|12324|2422|6687|2202|30383|3613|23064|2881|7319|1809|81026|8433|53294|6083|27732|4669|6641|2387|5427|2288|1214|511|14291|2873|10595|2425|3696|1090|12560|2193|9343|1574|3217|1090|2689|1160|1940|1095|749|504|8687|2247|5821|1470|2866|1447|1072|668|1033|651|39|68|1151|570|997|490|154|188|3829|2059|3304|1693|525|445|6437|2184|4855|1815|1582|965|5210|3136|3350|1868|1860|1438|1946|1181|1677|1066|269|245|1327|724|1064|608|263|218|2264|931|1919|817|345|223|10459|2256|8078|1632|2381|969|3955|1504|2802|1001|1153|665|1508|860|1406|831|102|169|3736|1871|3532|1805|204|189|20950|3024|12205|2022|8745|1839|3434|939|2859|884|575|306|3964|1114|2540|857|1424|621|400|483|299|453|101|171|3032|778|1556|478|1476|617|2486|1241|1131|636|1355|842|1651|754|923|495|728|453|3267|1387|1968|955|1299|668|7606|1772|6144|1449|1462|582|1484|814|1040|647|444|370|4843|1737|3051|1170|1792|926|1949|979|1862|952|87|111|64|77|49|71|15|26|2105|1093|1925|1097|180|174|1607|896|1487|896|120|152|64|87|9|15|55|86|1893|805|1471|717|422|496|4230|1330|3852|1280|378|273
0200043US2|16025452|128553|15298967|123972|262412|11055|174524|8987|87888|4963|17455|3406|14450|2925|3005|910|990|540|493|278|497|409|6309|1844|5345|1762|964|417|5262|1499|4258|1063|1004|588|110833|8177|81379|6374|29454|3567|136762|11198|96531|9804|40231|4454|2361|770|2018|758|343|178|9829|2237|6399|1574|3430|1304|6475|1482|4818|1218|1657|662|5808|1892|3918|1332|1890|902|7702|1939|6260|1691|1442|742|55|95|55|95|0|210|1808|1450|1527|1295|281|246|4309|2533|2657|1702|1652|1003|5921|1741|5418|1595|503|389|3001|1654|2456|1616|545|431|1370|967|891|825|479|601|436|425|124|149|312|303|4013|1803|2616|1471|1397|893|11900|2920|9679|2415|2221|1094|2820|1552|2632|1536|188|148|3483|1779|2854|1421|629|577|1717|792|1708|794|9|17|13266|2615|7064|1662|6202|1679|5344|1417|3200|851|2144|946|5777|1557|3680|1245|2097|593|9768|2444|6320|1875|3448|1172|7523|2139|3146|963|4377|1743|1872|1116|1200|803|672|548|5168|1261|3197|973|1971|724|5789|2582|2899|1501|2890|1232|10621|1380|7513|1213|3108|763|4292|1279|2276|751|2016|1067|12149|3955|9380|3521|2769|1256|884|423|792|400|92|119|3648|1881|2341|1494|1307|624|1958|745|1570|694|388|285|3838|1632|3088|1474|750|429|238|206|234|206|4|7|17413|3056|15186|2818|2227|912|3906|901|2934|785|972|336
0200043US3|29944617|104578|27311191|106750|1938657|47824|1257372|37402|681285|22543|58063|5504|48923|4274|9140|2141|13979|3231|11685|2896|2294|1036|11758|2360|9699|1889|2059|1051|32923|7706|23362|5774|9561|3295|71611|6574|55869|5202|15742|3090|27209|4897|15939|2775|11270|3650|5599|1893|4439|1446|1160|1231|23089|4845|15121|3321|7968|2376|7017|2590|5384|2097|1633|897|6156|2890|5082|2710|1074|618|9960|2693|7869|2137|2091|1113|603|650|603|650|0|210|5719|1824|4453|1652|1266|725|15773|3966|10464|2854|5309|1713|24882|4964|21287|4346|3595|1324|17352|4832|13616|3666|3736|1642|3686|1544|2758|1163|928|598|6657|3599|4912|2661|1745|1202|13899|3944|11357|3454|2542|982|11291|3022|10190|2852|1101|570|26698|5145|23085|4479|3613|1398|9164|2990|8252|2957|912|592|9365|3832|5901|2294|3464|2183|43533|5773|24071|4479|19462|3166|13660|3069|7382|1900|6278|1950|26472|4229|13853|2423|12619|2708|7986|2804|4969|1865|3017|1430|34341|6515|17071|3838|17270|4007|3500|1854|2039|1178|1461|901|8579|2107|4209|1268|4370|1509|8407|3104|4677|2036|3730|1657|32456|4982|24681|4340|7775|1682|11650|3084|8283|2553|3367|1084|33495|6379|27477|5645|6018|2139|3302|1531|3225|1555|77|80|6013|2893|4804|2246|1209|877|13747|3775|11376|3610|2371|1329|9153|4800|8751|4837|402|307|776|399|737|392|39|66|16080|2518|12912|2528|3168|952|9166|2251|7334|2095|1832|713
0200043US4|8381709|70817|7031120|59930|850643|28893|561399|19113|289244|15808|17313|2944|15621|2826|1692|558|1538|1169|1380|1139|158|185|6954|1827|6261|1771|693|434|13482|3138|10267|2657|3215|1132|28509|3258|25293|3042|3216|1070|6371|1552|5530|1510|841|434|1781|890|1303|603|478|447|19763|3693|13337|2751|6426|1935|3874|1262|2593|1018|1281|721|2640|1371|2221|1192|419|326|6144|2301|4417|1904|1727|833|2866|1415|2150|1242|716|547|6167|2777|3721|1470|2446|2081|2825|1261|1777|803|1048|790|10700|4045|8979|3815|1721|936|4113|2459|3457|2044|656|514|13452|4605|8076|3083|5376|2775|811|939|674|813|137|170|3072|1359|2729|1301|343|273|9668|2486|8355|2340|1313|567|8616|2791|7986|2589|630|470|3602|1786|3209|1704|393|518|2299|1287|1803|1057|496|441|38969|5478|21320|3056|17649|3403|9231|2129|6340|1633|2891|868|15951|3444|8634|2324|7317|2208|3304|1353|2090|978|1214|697|17106|4008|10911|3228|6195|2181|2276|1146|1004|691|1272|692|6684|2148|3799|1608|2885|941|1845|819|751|398|1094|608|38056|6154|27309|4833|10747|2691|19836|3870|15524|3278|4312|1272|6187|1971|4651|1463|1536|768|3283|2275|3099|2266|184|140|3411|1913|2827|1837|584|502|1127|838|1057|829|70|153|953|593|490|369|463|413|92923|4765|62395|4063|30528|3027|54223|4711|50533|4472|3690|801|8021|2658|6231|2233|1790|922
02000A0US1|52784433|5117|40162803|71777|5958477|47115|3372384|38190|2586093|35988|311710|13041|238131|11944|73579|6541|343758|20358|201919|14488|141839|10998|267573|12096|193127|10068|74446|5056|457496|19088|253053|12144|204443|12482|122863|6800|106652|6115|16211|2439|285577|16220|159817|11847|125760|11516|115229|9142|85672|7258|29557|3928|391344|15210|207511|10846|183833|8772|208975|11286|126519|7266|82456|7267|56727|6504|37765|4951|18962|2963|109401|8955|66367|5036|43034|5838|19979|3553|16116|2703|3863|1333|51559|7928|33092|4958|18467|4381|145587|11566|92308|8114|53279|5688|221860|12936|176369|10333|45491|5438|143641|11517|97649|8117|45992|5339|62292|8177|37616|5622|24676|3618|211865|13739|108180|8141|103685|8682|107210|10109|65786|7420|41424|5631|203881|13570|142158|10621|61723|5966|83159|7869|67662|6723|15497|3480|70825|6772|59536|6087|11289|2516|75555|7178|53256|5361|22299|3651|981293|19952|434567|12731|546726|15392|63926|5823|37318|4038|26608|3487|217743|10611|104947|6485|112796|6799|2592|1811|1921|1180|671|755|135647|9659|55827|5779|79820|6486|42536|5194|19532|3223|23004|3352|32064|4970|16220|3415|15844|2485|111431|11535|57980|6798|53451|6476|196988|11711|144204|9415|52784|4799|27155|3486|17974|2622|9181|1689|299355|19257|202852|15241|96503|8713|94197|10117|82292|9948|11905|2279|36861|6338|22881|4754|13980|2937|199789|14908|155585|12804|44204|5800|46878|6729|31828|5339|15050|3316|102|115|47|78|55|86|8539|2047|6081|1639|2458|905|97991|9672|67580|7218|30411|5352
02000A0US2|59034977|10093|51813587|52764|3448469|33932|2125297|28028|1323172|25199|155613|11547|112684|7244|42929|7111|21051|4556|12778|3658|8273|2503|57814|5165|43860|4424|13954|2088|43276|4730|33763|4261|9513|1721|184497|10078|152239|9119|32258|3718|101302|9377|74405|7448|26897|3908|45312|4633|35335|4243|9977|2153|109992|7440|67699|5993|42293|4415|214326|12767|129902|9164|84424|6204|93162|7236|57459|5556|35703|4250|92703|6298|55593|4380|37110|3556|6656|2472|4860|2203|1796|841|28904|4508|19790|3304|9114|2209|78435|7520|51871|5879|26564|3710|113250|7748|95512|6778|17738|2882|96320|8790|71071|6519|25249|3781|29146|5568|17326|4057|11820|2450|47407|7006|28453|4728|18954|3455|86436|8581|55006|6655|31430|4190|145537|10490|97303|8168|48234|5007|78324|7588|61392|6245|16932|3010|52139|6888|43725|5960|8414|2565|42325|5519|34623|4660|7702|2038|292695|14638|158420|8237|134275|9278|53236|4577|29790|3080|23446|3104|101514|6828|53106|4066|48408|4796|124987|7972|78984|6803|46003|4349|114536|7590|47502|4228|67034|5348|21459|3455|10988|2195|10471|2211|43141|5215|21943|3186|21198|2940|118576|12179|49164|6317|69412|8282|149581|8222|107717|6644|41864|3772|30481|3828|21581|3495|8900|1930|353563|15769|228527|12254|125036|8269|13291|2285|11686|2000|1605|635|216238|15105|130750|11764|85488|7167|101443|10048|75077|8820|26366|4365|66661|9210|42044|6272|24617|5103|236|208|198|170|38|58|14875|3311|13012|2828|1863|1448|32481|3881|23044|3007|9437|1974
02000A0US3|112063232|26739|88863650|105620|16231141|78045|9706532|78116|6524609|58932|441718|17396|345541|14304|96177|7464|511658|22950|321331|18770|190327|12273|100376|7316|76956|6058|23420|3459|279207|17664|191041|12592|88166|8709|264101|11147|227351|10374|36750|5072|63455|7851|50897|7098|12558|3346|59931|7644|47708|6156|12223|3226|210951|11198|136895|8745|74056|6651|59300|6472|42973|5277|16327|2641|65784|8861|44876|6969|20908|4073|68257|7469|48664|5767|19593|3829|7066|1686|5488|1477|1578|725|129164|11647|87317|8641|41847|5857|136893|12251|96844|9091|40049|4951|247355|15940|200103|13605|47252|6253|193888|16636|146485|12616|47403|6110|41355|6640|28448|4572|12907|3292|95257|10383|62592|7537|32665|4586|156891|10047|106138|7296|50753|5849|152121|15522|113354|10185|38767|7349|184496|12516|147847|10436|36649|5280|124770|10948|107836|9705|16934|2946|110105|10902|82695|8619|27410|4467|547271|20778|295676|13564|251595|11005|100456|9472|59206|6578|41250|5069|273152|13256|138462|9085|134690|8617|25220|5019|15910|3545|9310|2760|533124|22311|239933|14518|293191|14773|35372|5294|15746|2851|19626|3408|84277|6833|40648|4061|43629|4591|122764|9539|64539|6813|58225|5433|307787|15160|226498|13078|81289|7169|75307|8091|49040|5881|26267|4273|405644|25839|281252|20010|124392|11198|47171|6186|41159|5382|6012|1807|187398|17764|120191|14831|67207|7357|264865|16296|223901|14184|40964|6317|117799|14526|83107|10444|34692|7090|2777|1840|2123|1508|654|1032|20682|3104|16553|2781|4129|1215|113276|9862|86825|8847|26451|4298
02000A0US4|72311497|12668|48801030|79693|14857193|63630|9268091|55151|5589102|44648|228825|11527|197721|10452|31104|3680|14601|3464|11659|3073|2942|1187|81401|6718|66362|5778|15039|2531|149896|9582|110875|7051|39021|4681|205219|10420|182576|9704|22643|3147|43462|4494|38422|3909|5040|1175|31720|3934|26318|3522|5402|1323|323170|16370|199322|11574|123848|9474|46191|4942|33842|3938|12349|2444|48792|5893|35438|4977|13354|2716|110102|10275|68337|7762|41765|5650|222121|13322|132320|10157|89801|6536|261181|14276|157804|10077|103377|9038|73242|8400|52740|6451|20502|3346|280102|14663|237634|11983|42468|5148|73186|8150|57188|6530|15998|2609|185319|15834|105219|10032|80100|8352|48073|6539|34814|4709|13259|2994|95067|8986|68361|6064|26706|4622|151015|9175|110454|7911|40561|4711|112353|9884|96167|8503|16186|3179|93028|8439|81473|7707|11555|2247|51381|5419|44322|4758|7059|2276|1571937|27717|744996|16216|826941|19834|233212|9344|137294|7404|95918|6925|475866|16269|227074|11190|248792|10195|83754|8632|48570|6388|35184|4306|732411|21993|293050|11609|439361|15158|91654|9021|40682|5872|50972|5341|119701|8422|54780|5166|64921|5782|102253|9622|54699|5269|47554|6021|1041676|23842|676251|19273|365425|12112|343370|16632|214877|11798|128493|9280|323312|19893|211218|15476|112094|8294|58614|7137|48918|6464|9696|2051|154281|11682|97144|8687|57137|5246|71742|9404|53828|6995|17914|3986|53952|7121|36357|5819|17595|4146|116240|6369|85731|6370|30509|3644|71994|5823|64254|5326|7740|1346|77858|7525|49766|5960|28092|5194
02000C0US1|49850372|4330|37389773|70434|5900532|45859|3334945|37087|2565587|35994|296647|12761|225668|11721|70979|6589|343383|20379|201704|14527|141679|10995|262092|12053|188873|10088|73219|5009|453838|18901|251229|11931|202609|12539|111618|6508|98373|5986|13245|2153|261355|15921|144686|11761|116669|11305|113433|8974|84482|7137|28951|3846|388482|15188|205689|10845|182793|8746|206079|11602|124301|7418|81778|7397|55493|6492|36973|4895|18520|2980|107375|8713|65274|5037|42101|5655|19828|3542|15965|2690|3863|1333|51347|7916|32880|4953|18467|4381|144343|11726|91198|8298|53145|5677|221427|12992|176076|10384|45351|5429|142943|11443|97118|8032|45825|5335|62117|8203|37604|5621|24513|3646|210684|13813|107477|8179|103207|8642|104857|10048|64824|7363|40033|5312|200758|13511|139735|10550|61023|5970|83092|7871|67629|6726|15463|3476|69939|6728|58752|6049|11187|2474|75151|7161|52995|5343|22156|3663|975628|19678|431277|12650|544351|15251|62501|5826|36027|3961|26474|3476|216056|10532|103714|6379|112342|6798|2592|1811|1921|1180|671|755|133914|9605|54782|5714|79132|6431|42255|5182|19361|3184|22894|3361|30913|4697|15573|3281|15340|2418|110932|11514|57807|6789|53125|6485|194450|11608|142353|9307|52097|4867|26996|3463|17856|2629|9140|1689|298538|19251|202494|15155|96044|8750|93947|10128|82056|9947|11891|2281|36637|6362|22802|4756|13835|2956|199274|14854|155126|12769|44148|5779|45742|6771|31392|5352|14350|3290|102|115|47|78|55|86|7015|1988|5095|1643|1920|720|96294|9495|66276|7093|30018|5313
02000C0US2|50855426|8789|44146356|48243|3147026|30396|1950037|26222|1196989|22763|142853|11535|103209|7245|39644|6982|18089|4066|11893|3628|6196|2377|55189|5016|41641|4268|13548|2050|41033|4628|32049|4137|8984|1602|142664|9177|120267|8463|22397|3375|56797|6010|45138|5288|11659|2223|44710|4643|34837|4254|9873|2161|107417|7304|65921|5920|41496|4375|210986|12693|127475|9076|83511|6258|91935|7325|56629|5639|35306|4288|90307|6346|54079|4344|36228|3669|6656|2472|4860|2203|1796|841|28508|4513|19394|3281|9114|2209|77971|7486|51474|5844|26497|3703|110555|7609|93149|6663|17406|2843|95532|8696|70486|6408|25046|3787|28876|5575|17128|4055|11748|2458|46916|6954|28083|4703|18833|3458|85013|8596|54128|6664|30885|4198|141883|10346|94850|7972|47033|4998|77645|7559|60725|6205|16920|3009|51179|6997|42765|6069|8414|2565|41315|5507|33804|4706|7511|1966|284333|14526|153578|8271|130755|8934|48930|4384|27369|2978|21561|3041|97894|6680|50979|4034|46915|4674|119753|7572|75966|6367|43787|4266|109911|7211|45767|4217|64144|5102|20485|3334|10193|2081|10292|2201|38088|5062|19466|3042|18622|2807|112441|11374|47351|6184|65090|7878|141988|7799|102870|6432|39118|3700|27539|3684|19633|3329|7906|1801|345059|15885|223686|12220|121373|8275|12766|2330|11186|2051|1580|630|206448|14845|127834|11627|78614|6755|100334|9937|74371|8726|25963|4298|63126|8925|39465|6041|23661|5039|236|208|198|170|38|58|9099|2429|7712|1801|1387|1367|29585|3669|21604|2882|7981|1796
02000C0US3|101794650|17982|79569596|103929|15416388|75500|9193337|76420|6223051|57788|421955|17200|329461|14063|92494|7304|508816|22854|319265|18688|189551|12188|97628|7342|74424|6018|23204|3463|273854|17175|187680|12647|86174|8406|247803|10889|214551|10299|33252|4974|56670|7349|46105|6599|10565|3033|59070|7712|46973|6256|12097|3213|207013|11012|134299|8662|72714|6657|56971|6185|41231|5049|15740|2556|64083|8863|43382|6948|20701|4082|66233|7255|47041|5490|19192|3839|7039|1685|5461|1475|1578|725|128300|11698|86709|8668|41591|5865|133133|12139|94294|8962|38839|4931|244610|15925|197822|13616|46788|6225|192450|16720|145304|12715|47146|6091|40283|6493|27905|4546|12378|3191|92783|10364|61185|7376|31598|4695|153994|10156|104196|7265|49798|5946|148404|15560|110264|10150|38140|7353|182664|12627|146393|10561|36271|5228|123831|10928|107063|9711|16768|2933|109820|10903|82428|8590|27392|4470|537511|20557|291920|13591|245591|10987|97367|9376|56998|6498|40369|5112|267677|13013|135453|8899|132224|8442|22392|4758|13996|3364|8396|2739|523862|21957|236306|14541|287556|14301|34868|5267|15486|2834|19382|3403|81483|6850|39397|4069|42086|4627|119158|9609|62143|6870|57015|5431|300147|15011|220635|12952|79512|7053|71361|7718|46088|5569|25273|4223|397632|25676|274489|19762|123143|11124|46966|6222|40954|5412|6012|1807|186640|17864|119887|14804|66753|7502|262586|16152|221987|14014|40599|6252|114138|14377|79725|10225|34413|7100|1567|1085|952|505|615|972|14894|3172|12339|2741|2555|1069|111010|9796|85236|8757|25774|4278
02000C0US4|67755027|9100|45006452|78860|14328198|62368|8923535|55198|5404663|43383|220734|11598|190241|10435|30493|3673|14048|3407|11152|3014|2896|1197|78031|6485|63626|5833|14405|2428|145952|9628|108232|7087|37720|4510|191228|10358|170080|9797|21148|2766|41895|4526|37034|3914|4861|1148|30887|3843|25606|3427|5281|1295|315859|15962|193276|11220|122583|9392|44668|4821|32827|3896|11841|2307|48330|5984|35067|5043|13263|2708|108521|9961|67397|7691|41124|5520|221736|13298|132222|10167|89514|6549|260542|14241|157369|10043|103173|9058|73220|8395|52718|6445|20502|3346|278684|14685|236488|12059|42196|5133|72213|8112|56565|6484|15648|2634|184223|15743|104471|10017|79752|8296|47740|6508|34605|4689|13135|2964|92596|8772|67321|6020|25275|4405|148048|9142|107792|7872|40256|4751|111947|9887|95789|8503|16158|3183|92787|8488|81232|7758|11555|2247|51222|5423|44282|4757|6940|2252|1560525|27573|738831|16387|821694|19388|226390|9158|132310|7119|94080|6894|473619|16166|225675|11202|247944|10108|82149|8642|48102|6344|34047|4391|726117|22139|290155|11810|435962|15039|91499|9041|40619|5900|50880|5330|116667|8467|53007|5039|63660|5849|101354|9664|54471|5279|46883|6102|1021246|23528|663462|18662|357784|12206|310834|16561|193360|11768|117474|8695|322076|19632|210249|15327|111827|8244|57637|7135|48198|6515|9439|1913|153451|11630|97080|8679|56371|5135|71532|9366|53618|6970|17914|3986|53306|7042|35765|5745|17541|4143|66608|5023|46166|4722|20442|3446|41376|4592|37238|4336|4138|1014|68880|6947|44106|5337|24774|4857
02000C1US1|15844093|15192|9836718|41054|3086656|29525|1662684|21042|1423972|25942|146594|10160|104781|8435|41813|5124|166707|13846|97068|9268|69639|7669|84599|6757|55505|5046|29094|3529|115879|11079|58708|5910|57171|8089|31708|3702|28806|3618|2902|1151|101064|11442|52614|6521|48450|9128|41930|5828|30810|4619|11120|2175|240833|11857|109420|8171|131413|7040|70454|6597|40121|5043|30333|4053|20984|4146|13459|3097|7525|2000|39458|5861|19011|3475|20447|4197|4588|1842|3531|1210|1057|885|22951|6378|12772|2997|10179|4027|16068|3650|9172|2829|6896|1854|67997|7843|50869|6312|17128|3297|60104|7300|37158|5327|22946|3761|21379|4514|8874|2173|12505|2727|158090|11930|72875|6548|85215|8008|34785|5248|18268|3177|16517|3301|96067|10079|64417|7840|31650|4180|10201|2650|8947|2346|1254|603|11904|2597|10210|2362|1694|681|21847|3571|13099|2373|8748|2191|604959|16219|229627|9570|375332|12438|29491|4053|16480|2548|13011|2547|77035|5965|36471|3828|40564|3745|213|273|213|273|0|210|57069|6078|23128|3006|33941|4747|14546|3393|6294|2156|8252|2040|15553|3496|7326|2404|8227|1795|54570|6375|24462|3972|30108|4399|74041|6563|51666|5022|22375|3295|12007|2421|7830|1601|4177|1165|126278|11603|86687|9508|39591|5360|46946|7766|40582|7366|6364|1807|22716|5299|13969|3883|8747|2596|124038|11746|92900|10581|31138|5048|21927|4733|12787|3804|9140|2688|47|78|47|78|0|210|2401|1232|1728|1007|673|462|50691|8044|31848|5250|18843|4877
02000C1US2|18216575|25330|15037413|42685|1591379|26344|946199|23162|645180|17517|71223|8049|48634|4347|22589|5451|11923|3286|6680|2819|5243|2307|14912|2051|11325|1819|3587|989|14832|2718|11406|2075|3426|1134|42779|4128|38582|4059|4197|975|8996|1926|7342|1559|1654|898|13553|2292|10370|1928|3183|1045|35965|5036|23710|4083|12255|2516|60830|7143|38130|4814|22700|3417|34393|5313|20036|3348|14357|3142|27636|4245|16100|2968|11536|2572|3403|2001|2842|1971|561|399|13987|3017|8971|2331|5016|1754|34435|6032|22757|4832|11678|2486|48665|5062|39745|4162|8920|2382|36379|5251|24837|3966|11542|2627|9045|2397|5319|1626|3726|1313|26074|4595|16300|3138|9774|2480|47919|6551|29610|4765|18309|3366|41656|4835|28022|3691|13634|2915|35779|4906|27354|3876|8425|2133|21267|3741|17563|3435|3704|1760|17935|4028|14225|3222|3710|1689|149578|10013|78128|5338|71450|7246|22887|2913|14224|1962|8663|1942|42764|4409|22724|2795|20040|2980|70311|6274|42000|4492|28311|4052|55410|5214|21177|2537|34233|3998|8886|2360|5058|1743|3828|1339|21945|4308|10782|2447|11163|2493|77669|8978|26942|4292|50727|6788|55683|5035|39577|4072|16106|2523|12454|2355|8369|1835|4085|1307|156529|9735|97180|7333|59349|5520|6702|1748|5909|1462|793|509|122108|12302|74267|10284|47841|5820|53906|8004|41294|7016|12612|3340|39279|5785|22258|3443|17021|3881|154|179|120|133|34|57|4258|1836|3361|1343|897|1167|13674|2807|9522|1882|4152|1628
02000C1US3|36321299|37948|27345165|73023|6465182|62495|3834788|45635|2630394|41672|166132|10383|125867|7525|40265|6122|143088|12244|88322|9159|54766|6369|38015|4694|29412|3658|8603|2272|104357|9005|70001|6969|34356|5204|83315|5477|72596|5416|10719|2593|17291|3338|15662|3032|1629|781|23777|4254|17564|3142|6213|2534|73917|6631|50160|5196|23757|3950|18110|2955|12996|2404|5114|1374|27457|5399|17820|4202|9637|2594|23594|3912|17911|3487|5683|1638|2855|1032|2282|924|573|395|51691|8241|35462|6113|16229|3541|40129|5473|29534|4366|10595|2497|93633|7518|75425|7172|18208|3416|56046|7974|44075|6566|11971|3048|12869|3590|9400|2577|3469|1330|38985|7427|26383|5418|12602|3593|71112|7751|48210|5515|22902|4676|55567|10722|40075|6217|15492|6231|65014|7562|49639|5839|15375|4020|52297|7615|45337|7113|6960|2196|38038|5971|29512|5472|8526|1933|215933|13573|120580|8458|95353|7908|37087|4836|22045|3610|15042|2924|80309|6699|43521|4779|36788|4305|5653|2390|3724|1641|1929|1256|177812|12719|83212|7742|94600|8584|10124|3008|3968|1645|6156|2104|37884|5122|16683|2673|21201|3610|52385|6895|24745|3920|27640|4139|120732|8593|85695|6677|35037|4918|33109|4606|20706|3120|12403|2922|182043|18552|121986|13929|60057|7484|17937|2804|15597|2600|2340|1004|69948|9413|43067|6903|26881|4632|81067|9225|66311|7824|14756|4365|54589|10221|33542|7070|21047|5880|381|369|381|369|0|210|5012|1604|4136|1414|876|639|31658|5301|23785|4314|7873|2373
02000C1US4|31545905|23494|20172957|60344|6845426|49310|4213432|42376|2631994|32797|126402|9068|108033|8205|18369|2916|9353|3104|7007|2530|2346|1121|45741|4621|37412|4222|8329|1624|71044|7413|53913|5712|17131|3134|98354|8144|88667|7306|9687|2018|19043|3524|16567|2941|2476|919|15925|2500|13475|2402|2450|765|176162|10320|108635|8132|67527|6014|18930|2728|14390|2325|4540|1304|23436|4037|16419|3281|7017|2103|47229|6551|28669|4400|18560|3997|187640|11552|107037|8350|80603|6412|151914|11632|87582|6922|64332|7337|42242|7116|31493|5574|10749|2516|159326|10190|135959|8331|23367|3969|35069|6051|27291|4971|7778|2021|87273|10138|50621|6704|36652|4948|30983|5726|21821|4110|9162|2711|55703|7112|40384|4506|15319|3709|65719|7488|47777|5723|17942|3710|64143|7237|53624|6589|10519|2126|52093|6725|47006|6277|5087|1609|29852|4693|25449|4023|4403|2086|797744|18693|394912|12541|402832|13181|125286|7880|68746|5073|56540|5793|270462|13332|128268|7774|142194|8156|51754|7618|30212|5485|21542|4084|399319|18205|160458|9974|238861|12008|54237|7245|25011|5053|29226|3915|62936|5999|26247|2888|36689|4618|57458|7208|31186|4369|26272|4036|515202|17787|328518|12919|186684|9029|140448|10738|85599|7524|54849|5554|161304|14128|106046|10992|55258|5721|42449|6806|35737|6159|6712|1494|90226|10404|55690|7568|34536|4758|36691|6521|26326|4389|10365|3322|29666|5013|19952|4136|9714|2862|25757|4175|19513|3779|6244|1765|16046|3465|13630|3286|2416|905|36961|5743|21435|3225|15526|4329
02000C2US1|34006279|16084|27553055|56157|2813876|37468|1672261|31293|1141615|24729|150053|9772|120887|8486|29166|4502|176676|13216|104636|9900|72040|7182|177493|10031|133368|8455|44125|4045|337959|17469|192521|10822|145438|10406|79910|5295|69567|4543|10343|1939|160291|11544|92072|8697|68219|6365|71503|6832|53672|5434|17831|3147|147649|10165|96269|8093|51380|4771|135625|8989|84180|5620|51445|5412|34509|5177|23514|3886|10995|2325|67917|6369|46263|4671|21654|3811|15240|2983|12434|2423|2806|969|28396|4458|20108|3789|8288|1805|128275|11533|82026|7873|46249|5622|153430|11053|125207|8762|28223|4537|82839|8818|59960|6513|22879|3742|40738|7433|28730|5423|12008|2855|52594|7308|34602|5573|17992|2960|70072|7972|46556|6280|23516|3702|104691|9585|75318|6882|29373|4422|72891|7635|58682|6370|14209|3423|58035|5929|48542|5338|9493|2267|53304|6230|39896|5064|13408|2529|370669|13517|201650|9299|169019|8386|33010|4333|19547|3207|13463|2225|139021|8902|67243|5007|71778|6079|2379|1795|1708|1156|671|755|76845|8353|31654|4600|45191|5360|27709|4199|13067|2477|14642|2767|15360|3232|8247|2275|7113|1749|56362|9189|33345|5832|23017|4237|120409|8928|90687|6847|29722|3447|14989|2880|10026|2344|4963|1258|172260|13845|115807|10848|56453|6390|47001|6814|41474|6568|5527|1425|13921|3515|8833|2644|5088|1619|75236|7715|62226|5997|13010|3317|23815|4586|18605|3822|5210|1794|55|86|0|210|55|86|4614|1559|3367|1243|1247|595|45603|5244|34428|4609|11175|2229
02000C2US2|32638851|27407|29108943|47342|1555647|29241|1003838|21638|551809|18469|71630|7636|54575|6105|17055|3310|6166|2446|5213|2048|953|686|40277|4780|30316|3908|9961|1799|26201|4103|20643|3947|5558|1044|99885|8140|81685|6905|18200|3368|47801|5943|37796|5301|10005|1925|31157|4267|24467|3725|6690|1903|71452|5442|42211|4339|29241|3450|150156|10839|89345|7830|60811|5503|57542|5656|36593|4445|20949|3039|62671|5493|37979|3953|24692|2972|3253|1164|2018|754|1235|724|14521|3151|10423|2440|4098|1290|43536|4810|28717|3310|14819|2809|61890|5807|53404|5340|8486|1496|59153|6768|45649|5452|13504|2471|19831|4708|11809|3465|8022|2003|20842|4523|11783|2872|9059|2420|37094|5373|24518|4053|12576|3026|100227|9328|66828|7475|33399|4153|41866|5870|33371|4677|8495|2266|29912|5447|25202|4622|4710|1813|23380|4188|19579|3694|3801|979|134755|8449|75450|5667|59305|5076|26043|3676|13145|2217|12898|2536|55130|6289|28255|3208|26875|4213|49442|5016|33966|3846|15476|2537|54501|6302|24590|3931|29911|3847|11599|2569|5135|1306|6464|1732|16143|2765|8684|1813|7459|1626|34772|5796|20409|4383|14363|2892|86305|6821|63293|5365|23012|2886|15085|3190|11264|3006|3821|1253|188530|12861|126506|9885|62024|5660|6064|1571|5277|1465|787|421|84340|9574|53567|7152|30773|3952|46428|6469|33077|5020|13351|2837|23847|6059|17207|4621|6640|2696|82|102|78|103|4|7|4841|1503|4351|1274|490|479|15911|2524|12082|2166|3829|1101
02000C2US3|65473351|43650|52224431|86476|8951206|55879|5358549|60350|3592657|43845|255823|14190|203594|12107|52229|4633|365728|21107|230943|16648|134785|11403|59613|5374|45012|4279|14601|2815|169497|13671|117679|10649|51818|5886|164488|10234|141955|8966|22533|3846|39379|6252|30443|5255|8936|2868|35293|6030|29409|5294|5884|1709|133096|8932|84139|7113|48957|5273|38861|5471|28235|4220|10626|2371|36626|6833|25562|5191|11064|2946|42639|6220|29130|4510|13509|3230|4184|1502|3179|1218|1005|591|76609|9845|51247|6998|25362|4903|93004|10857|64760|7705|28244|4677|150977|13626|122397|11604|28580|4855|136404|14539|101229|11193|35175|5417|27414|5690|18505|3919|8909|2988|53798|7583|34802|5425|18996|3190|82882|8116|55986|5981|26896|4063|92837|9762|70189|7516|22648|3980|117650|10755|96754|8858|20896|4233|71534|7851|61726|7032|9808|2319|71782|9287|52916|7108|18866|3963|321578|16060|171340|10395|150238|9908|60280|7863|34953|4984|25327|4261|187368|10212|91932|6518|95436|7159|16739|4582|10272|3067|6467|2611|346050|18245|153094|11645|192956|11639|24744|4144|11518|2388|13226|2561|43599|4383|22714|2646|20885|3372|66773|6415|37398|5189|29375|3649|179415|11442|134940|9828|44475|4707|38252|6161|25382|4767|12870|2813|215589|17827|152503|13810|63086|8190|29029|5001|25357|4562|3672|1300|116692|14505|76820|12078|39872|5912|181519|14514|155676|13661|25843|4514|59549|10569|46183|8667|13366|3988|1186|1026|571|341|615|972|9882|2358|8203|1923|1679|891|79352|8727|61451|8180|17901|3686
02000C2US4|36209122|25181|24833495|68624|7482772|56133|4710103|47293|2772669|34976|94332|6573|82208|5764|12124|2101|4695|2241|4145|2219|550|369|32290|4014|26214|3373|6076|1764|74908|6563|54319|5575|20589|2707|92874|6997|81413|6713|11461|2219|22852|2894|20467|2565|2385|776|14962|3182|12131|2572|2831|1174|139697|12628|84641|7713|55056|7336|25738|4215|18437|3489|7301|1731|24894|4794|18648|3964|6246|1875|61292|7988|38728|6299|22564|3909|34096|5569|25185|5024|8911|1644|108628|10006|69787|7352|38841|5492|30978|4431|21225|3355|9753|2287|119358|9911|100529|8762|18829|2856|37144|5612|29274|4233|7870|1992|96950|11114|53850|6964|43100|6402|16757|3505|12784|2603|3973|1449|36893|5607|26937|4701|9956|2465|82329|8085|60015|6615|22314|3302|47804|6420|42165|5582|5639|1971|40694|5173|34226|4686|6468|1650|21370|3918|18833|3513|2537|924|762781|22668|343919|11298|418862|16277|101104|7107|63564|5425|37540|3888|203157|11715|97407|8320|105750|6924|30395|4884|17890|3286|12505|2641|326798|13916|129697|7347|197101|10547|37262|4422|15608|2579|21654|3071|53731|6064|26760|3702|26971|3670|43896|5569|23285|3720|20611|3488|506044|19029|334944|14759|171100|8858|170386|12260|107761|8714|62625|6835|160772|14618|104203|11157|56569|6539|15188|3267|12461|3024|2727|1018|63225|7522|41390|5580|21835|3472|34841|6499|27292|5290|7549|2305|23640|5440|15813|4148|7827|2854|40851|3309|26653|2933|14198|2450|25330|3584|23608|3451|1722|542|31919|5069|22671|4123|9248|2416
02000E0US1|2934061|2361|2773030|8626|57945|4116|37439|3172|20506|2526|15063|1868|12463|1518|2600|911|375|327|215|225|160|211|5481|1110|4254|991|1227|450|3658|1762|1824|785|1834|1548|11245|2420|8279|1975|2966|964|24222|3593|15131|2844|9091|2024|1796|908|1190|606|606|496|2862|1057|1822|664|1040|623|2896|985|2218|729|678|440|1234|746|792|573|442|342|2026|942|1093|421|933|727|151|134|151|134|0|210|212|174|212|174|0|210|1244|736|1110|746|134|203|433|366|293|271|140|171|698|549|531|422|167|169|175|180|12|24|163|180|1181|526|703|390|478|396|2353|1171|962|513|1391|1176|3123|1141|2423|978|700|484|67|119|33|64|34|60|886|818|784|767|102|169|404|310|261|249|143|159|5665|1317|3290|835|2375|1029|1425|716|1291|723|134|128|1687|820|1233|721|454|245|0|210|0|210|0|210|1733|692|1045|585|688|458|281|376|171|221|110|190|1151|769|647|514|504|391|499|331|173|160|326|288|2538|985|1851|757|687|539|159|116|118|104|41|56|817|538|358|263|459|468|250|269|236|268|14|24|224|181|79|82|145|161|515|358|459|345|56|80|1136|688|436|312|700|468|0|210|0|210|0|210|1524|804|986|639|538|577|1697|683|1304|572|393|275
02000E0US2|8179551|7770|7667231|16163|301443|9716|175260|7932|126183|7278|12760|2076|9475|1623|3285|1223|2962|1458|885|747|2077|1117|2625|769|2219|701|406|298|2243|943|1714|833|529|439|41833|4652|31972|3442|9861|2175|44505|6245|29267|4857|15238|3054|602|265|498|233|104|111|2575|910|1778|789|797|460|3340|1155|2427|715|913|588|1227|737|830|550|397|309|2396|968|1514|562|882|699|0|210|0|210|0|210|396|276|396|276|0|210|464|537|397|510|67|107|2695|934|2363|806|332|391|788|653|585|512|203|248|270|230|198|162|72|91|491|401|370|333|121|125|1423|731|878|516|545|581|3654|1142|2453|867|1201|732|679|523|667|526|12|25|960|622|960|622|0|210|1010|574|819|444|191|302|8362|1544|4842|1253|3520|911|4306|1227|2421|940|1885|813|3620|1013|2127|717|1493|695|5234|1669|3018|1238|2216|794|4625|1151|1735|563|2890|938|974|640|795|575|179|203|5053|1419|2477|851|2576|1066|6135|1867|1813|745|4322|1435|7593|1441|4847|1107|2746|732|2942|1218|1948|968|994|648|8504|2540|4841|1712|3663|1277|525|418|500|418|25|29|9790|2018|2916|1166|6874|1616|1109|626|706|532|403|311|3535|1261|2579|1160|956|352|0|210|0|210|0|210|5776|2356|5300|2318|476|433|2896|1000|1440|506|1456|869
02000E0US3|10268582|19039|9294054|25376|814753|13786|513195|11605|301558|11493|19763|3224|16080|2452|3683|1479|2842|1154|2066|948|776|408|2748|1139|2532|1117|216|209|5353|2415|3361|1245|1992|1616|16298|3135|12800|2433|3498|1362|6785|2638|4792|2320|1993|1250|861|528|735|515|126|143|3938|1603|2596|1042|1342|951|2329|1088|1742|906|587|457|1701|1077|1494|1035|207|174|2024|1281|1623|1138|401|352|27|42|27|42|0|210|864|500|608|412|256|241|3760|1592|2550|1091|1210|786|2745|1101|2281|912|464|401|1438|703|1181|631|257|174|1072|862|543|428|529|688|2474|2190|1407|1558|1067|873|2897|1570|1942|1092|955|652|3717|1461|3090|1382|627|312|1832|1168|1454|961|378|388|939|653|773|550|166|234|285|290|267|291|18|40|9760|1982|3756|1246|6004|1437|3089|1128|2208|928|881|503|5475|1495|3009|1293|2466|846|2828|1306|1914|923|914|482|9262|2229|3627|1279|5635|1615|504|484|260|312|244|317|2794|922|1251|561|1543|556|3606|2312|2396|1530|1210|945|7640|1640|5863|1495|1777|684|3946|1656|2952|1419|994|425|8012|2471|6763|2235|1249|717|205|157|205|157|0|210|758|797|304|280|454|710|2279|1028|1914|954|365|398|3661|1846|3382|1781|279|267|1210|1444|1171|1436|39|66|5788|1295|4214|1027|1574|683|2266|725|1589|641|677|330
02000E0US4|4556470|9583|3794578|17696|528995|16320|344556|12824|184439|10188|8091|1524|7480|1515|611|324|553|626|507|615|46|90|3370|1523|2736|1264|634|724|3944|1576|2643|1047|1301|1092|13991|2507|12496|2237|1495|818|1567|625|1388|591|179|230|833|649|712|620|121|230|7311|2716|6046|2397|1265|674|1523|788|1015|569|508|452|462|379|371|311|91|154|1581|1069|940|643|641|548|385|461|98|164|287|362|639|348|435|287|204|176|22|39|22|39|0|210|1418|872|1146|707|272|237|973|518|623|405|350|227|1096|599|748|457|348|282|333|333|209|261|124|202|2471|1532|1040|766|1431|940|2967|1006|2662|941|305|260|406|334|378|306|28|51|241|300|241|300|0|210|159|196|40|69|119|183|11412|2173|6165|1538|5247|1265|6822|1701|4984|1572|1838|635|2247|893|1399|645|848|477|1605|1019|468|425|1137|803|6294|2101|2895|1455|3399|1232|155|159|63|87|92|97|3034|1465|1773|1059|1261|718|899|586|228|282|671|467|20430|3828|12789|3185|7641|1675|32536|4879|21517|3705|11019|2472|1236|764|969|604|267|250|977|671|720|449|257|377|830|684|64|89|766|671|210|230|210|230|0|210|646|432|592|408|54|104|49632|3307|39565|3173|10067|1088|30618|3046|27016|3003|3602|931|8978|2924|5660|2371|3318|1748
02000E1US2|3050237|42285|2770454|36996|193182|9075|106790|6531|86392|6395|7532|1619|5264|1213|2268|1098|2613|1428|665|716|1948|1101|1161|660|1141|658|20|33|943|710|654|635|289|304|6100|1430|5200|1197|900|602|1457|672|1343|658|114|124|207|165|207|165|0|210|1233|772|923|734|310|291|1437|898|767|402|670|554|373|285|247|247|126|137|1294|703|868|474|426|470|0|210|0|210|0|210|340|265|340|265|0|210|397|510|397|510|0|210|1980|896|1670|708|310|388|613|600|506|509|107|177|48|82|48|82|0|210|251|303|251|303|0|210|1166|715|663|491|503|585|1270|642|596|300|674|578|553|499|553|499|0|210|395|478|395|478|0|210|583|441|392|301|191|302|5713|1297|2998|936|2715|763|1826|949|749|614|1077|700|1232|642|736|459|496|471|3544|1499|1576|951|1968|759|3833|1178|1450|566|2383|914|524|526|524|526|0|210|2783|1137|1111|669|1672|851|4934|1832|1093|652|3841|1419|4743|1302|2902|1006|1841|685|2215|1174|1458|921|757|636|6809|2436|3906|1660|2903|1235|68|116|68|116|0|210|9410|2049|2916|1166|6494|1651|828|558|671|518|157|167|2737|1075|1886|967|851|338|0|210|0|210|0|210|2059|857|1838|806|221|349|1397|931|246|196|1151|863
02000E1US3|3437223|39784|3000191|36989|374808|13436|232773|10443|142035|9444|6359|1891|4149|1051|2210|1359|1149|769|750|594|399|335|1104|771|930|745|174|199|1490|1036|920|634|570|637|6456|1668|5478|1394|978|625|2043|1618|1792|1395|251|395|203|205|128|170|75|125|1536|1110|783|596|753|745|70|89|49|69|21|38|612|570|554|566|58|68|1043|1016|876|946|167|214|0|210|0|210|0|210|759|495|539|411|220|229|1484|1003|754|503|730|632|1248|885|877|647|371|384|826|560|648|496|178|136|169|134|169|134|0|210|669|690|86|116|583|655|1193|776|1080|758|113|140|1718|959|1316|749|402|357|1532|1117|1251|925|281|347|488|441|488|441|0|210|259|278|241|280|18|40|5448|1482|2533|999|2915|1056|941|555|655|497|286|214|2630|1105|1579|786|1051|617|1560|808|1111|616|449|281|3884|1660|1342|878|2542|1170|101|174|0|210|101|174|622|441|317|297|305|255|740|675|542|619|198|211|3156|1187|2785|1075|371|283|1049|570|1018|571|31|39|4207|1733|3685|1646|522|394|78|81|78|81|0|210|55|125|55|125|0|210|1221|645|1030|621|191|267|2170|1008|1939|945|231|252|0|210|0|210|0|210|1098|579|951|545|147|130|854|433|503|324|351|276
02000E1US4|1647260|23182|1359692|20951|220261|15233|150119|10227|70142|8124|2767|873|2623|881|144|139|461|603|461|603|0|210|1063|745|889|670|174|240|1849|1439|951|608|898|975|5261|1483|4839|1425|422|337|246|217|246|217|0|210|151|186|151|186|0|210|1293|791|1227|795|66|109|529|449|432|345|97|169|153|243|62|92|91|154|308|375|185|302|123|217|0|210|0|210|0|210|355|243|211|186|144|150|0|210|0|210|0|210|764|711|533|546|231|219|609|459|346|330|263|231|198|234|148|178|50|85|239|281|115|195|124|202|962|829|297|347|665|614|591|343|591|343|0|210|406|334|378|306|28|51|146|242|146|242|0|210|159|196|40|69|119|183|5393|1374|3121|1102|2272|757|2529|1108|1959|1063|570|330|949|456|572|351|377|260|1046|849|294|389|752|680|2120|1140|881|603|1239|752|76|133|38|70|38|68|1054|733|659|556|395|340|391|344|150|267|241|235|11162|1972|6518|1676|4644|1254|8673|2180|5704|1515|2969|1052|654|690|538|529|116|176|551|508|294|222|257|377|442|564|0|210|442|564|0|210|0|210|0|210|530|378|476|353|54|104|8622|2747|7746|2606|876|620|1820|886|1388|775|432|354|2785|1638|1028|702|1757|1463
02000E2US1|2357161|12077|2237981|12752|37538|3598|25732|2950|11806|1986|11363|1562|9899|1420|1464|468|288|244|215|225|73|103|3761|976|3007|901|754|352|3360|1744|1565|745|1795|1545|10283|2468|7325|1985|2958|965|23381|3574|14689|2777|8692|1950|1709|885|1103|587|606|496|2324|1016|1453|642|871|549|2345|957|1710|691|635|430|695|558|565|532|130|123|1421|804|991|434|430|502|89|148|89|148|0|210|212|174|212|174|0|210|849|676|715|684|134|203|200|261|69|99|131|170|587|543|443|414|144|156|175|180|12|24|163|180|239|220|239|220|0|210|951|508|692|437|259|153|2498|1002|2122|903|376|332|0|210|0|210|0|210|383|468|281|371|102|169|404|310|261|249|143|159|4219|1262|2403|731|1816|1024|1100|706|1056|693|44|81|1163|737|940|663|223|189|0|210|0|210|0|210|1066|450|683|337|383|308|78|162|78|162|0|210|971|739|525|485|446|378|359|278|154|154|205|244|1676|701|1580|695|96|109|134|109|118|104|16|32|393|288|305|243|88|130|250|269|236|268|14|24|111|107|73|80|38|76|393|313|337|310|56|80|289|247|236|216|53|109|0|210|0|210|0|210|1160|753|798|642|362|492|763|339|510|289|253|183
02000E2US2|5129314|43054|4896777|41702|108261|7046|68470|5460|39791|3584|5228|1114|4211|1069|1017|396|349|300|220|228|129|159|1464|484|1078|392|386|297|1300|614|1060|544|240|322|35733|4405|26772|3164|8961|2106|43048|6140|27924|4772|15124|3066|395|222|291|187|104|111|1342|489|855|342|487|306|1903|646|1660|591|243|196|854|683|583|485|271|290|1102|551|646|283|456|493|0|210|0|210|0|210|56|58|56|58|0|210|67|107|0|210|67|107|715|439|693|440|22|31|175|256|79|96|96|169|222|212|150|137|72|91|240|261|119|142|121|125|257|190|215|172|42|71|2384|1028|1857|838|527|425|126|148|114|155|12|25|565|535|565|535|0|210|427|365|427|365|0|210|2649|985|1844|870|805|488|2480|782|1672|646|808|433|2388|752|1391|555|997|508|1690|782|1442|765|248|177|792|415|285|185|507|301|450|383|271|268|179|203|2270|1058|1366|719|904|573|1201|567|720|359|481|379|2850|727|1945|654|905|363|727|481|490|354|237|183|1695|1155|935|532|760|680|457|406|432|406|25|29|380|280|0|210|380|280|281|275|35|78|246|264|798|576|693|556|105|105|0|210|0|210|0|210|3717|2118|3462|2105|255|187|1499|488|1194|451|305|189
02000E2US3|6831359|39866|6293863|38924|439945|15362|280422|12536|159523|7738|13404|2284|11931|2202|1473|550|1693|828|1316|707|377|241|1644|763|1602|756|42|43|3863|2156|2441|1031|1422|1447|9842|2336|7322|1764|2520|1200|4742|2085|3000|1735|1742|1207|658|499|607|494|51|70|2402|1200|1813|839|589|604|2259|1088|1693|913|566|455|1089|951|940|918|149|163|981|614|747|554|234|273|27|42|27|42|0|210|105|111|69|88|36|69|2276|1209|1796|997|480|382|1497|691|1404|666|93|114|612|383|533|328|79|110|903|835|374|397|529|688|1805|2070|1321|1552|484|552|1704|1146|862|598|842|624|1999|979|1774|1013|225|321|300|292|203|230|97|158|451|499|285|354|166|234|26|38|26|38|0|210|4312|1433|1223|674|3089|1063|2148|1000|1553|812|595|439|2845|1118|1430|1015|1415|595|1268|1102|803|715|465|442|5378|1649|2285|1051|3093|1057|403|386|260|312|143|245|2172|820|934|478|1238|526|2866|2152|1854|1382|1012|890|4484|1097|3078|887|1406|652|2897|1533|1934|1297|963|428|3805|1843|3078|1660|727|571|127|134|127|134|0|210|703|791|249|252|454|710|1058|739|884|682|174|291|1491|1600|1443|1574|48|75|1210|1444|1171|1436|39|66|4690|1129|3263|806|1427|667|1412|663|1086|584|326|273
02000E2US4|2909210|23015|2434886|22486|308734|15891|194437|10213|114297|9458|5324|1325|4857|1323|467|266|92|114|46|45|46|90|2307|1369|1847|1118|460|683|2095|1138|1692|993|403|458|8730|2156|7657|1905|1073|662|1321|583|1142|554|179|230|682|622|561|595|121|230|6018|2715|4819|2394|1199|665|994|686|583|507|411|422|309|296|309|296|0|210|1273|981|755|567|518|486|385|461|98|164|287|362|284|203|224|190|60|88|22|39|22|39|0|210|654|408|613|387|41|70|364|358|277|264|87|136|898|601|600|456|298|274|94|163|94|163|0|210|1509|1249|743|655|766|696|2376|936|2071|862|305|260|0|210|0|210|0|210|95|163|95|163|0|210|0|210|0|210|0|210|6019|1626|3044|936|2975|1137|4293|1124|3025|988|1268|532|1298|668|827|488|471|395|559|593|174|192|385|456|4174|1790|2014|1326|2160|1038|79|74|25|46|54|60|1980|1310|1114|864|866|655|508|466|78|107|430|400|9268|2748|6271|2363|2997|1024|23863|4970|15813|3862|8050|2315|582|333|431|292|151|181|426|395|426|395|0|210|388|413|64|89|324|397|210|230|210|230|0|210|116|170|116|170|0|210|41010|3307|31819|2974|9191|982|28798|2817|25628|2799|3170|898|6193|2430|4632|2214|1561|830
02000G0US2|5881379|7355|5556750|12336|149305|5409|90309|3880|58996|4256|4895|874|3901|739|994|473|494|309|301|190|193|175|1500|623|1028|545|472|262|2698|1180|2274|985|424|257|47198|4878|34859|4042|12339|2059|61864|6671|44298|6522|17566|3119|377|313|215|286|162|127|1479|429|1049|328|430|291|2402|796|1619|623|783|391|554|325|435|280|119|92|1631|498|1223|438|408|311|55|95|55|95|0|210|414|449|407|448|7|18|1046|767|950|682|96|172|476|381|457|377|19|30|84|91|18|41|66|84|229|165|81|91|148|139|103|115|32|46|71|89|681|373|429|246|252|175|3001|654|2460|541|541|319|193|184|145|148|48|74|234|195|234|195|0|210|524|388|524|388|0|210|2964|916|972|373|1992|788|1664|678|1198|563|466|304|1429|559|887|464|542|265|1690|582|929|419|761|568|1685|636|647|277|1038|516|192|160|44|60|148|151|1507|536|865|457|642|333|2410|686|1288|558|1122|559|4455|952|3248|793|1207|454|3184|870|1614|554|1570|621|2900|1080|1660|631|1240|558|326|227|259|205|67|114|699|372|339|193|360|284|811|403|376|263|435|308|1400|650|928|434|472|371|156|181|156|181|0|210|13900|2048|12158|1944|1742|736|1820|509|1324|442|496|216
02000G0US3|7856283|23077|7302779|23306|443304|10923|279573|9126|163731|7269|13053|2300|11510|2265|1543|486|2787|1119|1865|705|922|589|1478|873|1109|671|369|295|2786|2024|2623|2009|163|160|20742|3075|14605|2186|6137|1958|8643|2486|5207|1497|3436|1723|195|168|182|165|13|22|2756|998|2268|941|488|261|592|327|553|328|39|65|127|134|102|118|25|38|1224|722|844|703|380|323|0|210|0|210|0|210|856|551|589|448|267|203|1374|939|942|773|432|327|1386|651|1267|609|119|118|601|429|529|367|72|115|33|66|33|66|0|210|319|385|319|385|0|210|904|742|858|761|46|82|2707|952|2279|924|428|365|1103|627|1103|627|0|210|154|195|142|193|12|27|186|292|186|292|0|210|4038|1292|2042|864|1996|812|1478|578|697|313|781|447|2132|677|991|359|1141|596|1196|619|529|279|667|379|4356|1525|1862|987|2494|1064|842|654|565|464|277|263|1685|880|902|622|783|551|1390|704|515|407|875|460|4678|1251|3114|985|1564|668|3719|1617|1709|638|2010|1335|5505|2715|4804|2646|701|594|476|257|293|188|183|171|600|423|428|367|172|201|806|445|585|431|221|175|560|390|474|408|86|118|292|333|292|333|0|210|9688|1970|8056|2011|1632|661|2753|1587|2257|1489|496|542
02000H0US1|4295557|2215|4060751|9835|82680|4845|55880|3834|26800|2849|29783|2567|23809|2269|5974|966|437|316|259|223|178|206|7321|1269|5449|1111|1872|591|5091|1949|2890|1005|2201|1576|17756|2943|13650|2570|4106|1144|31938|4593|20816|3980|11122|2276|2293|922|1623|660|670|483|4680|1287|3018|808|1662|733|4338|1140|3232|877|1106|561|1369|774|862|582|507|373|2906|1070|1838|702|1068|748|294|266|294|266|0|210|304|210|304|210|0|210|1576|797|1331|800|245|242|531|391|391|300|140|171|850|571|683|452|167|169|175|180|12|24|163|180|1181|526|703|390|478|396|2726|1208|1219|571|1507|1176|4725|1280|3775|1121|950|504|67|119|33|64|34|60|1122|874|1020|824|102|169|440|317|297|258|143|159|8101|1465|4875|940|3226|1197|1950|781|1783|791|167|135|2298|881|1663|800|635|274|0|210|0|210|0|210|1898|718|1054|587|844|480|561|624|256|270|305|399|1361|813|680|513|681|467|1357|823|700|414|657|557|3855|1060|2911|871|944|494|256|164|134|108|122|133|1270|598|511|308|759|530|768|447|704|444|64|87|224|181|79|82|145|161|671|336|471|342|200|173|1219|681|519|319|700|468|9|15|9|15|0|210|2208|882|1658|737|550|580|2217|726|1766|607|451|276
02000H0US2|14060930|8903|13223981|19256|450748|11634|265569|8985|185179|8100|17655|2064|13376|1629|4279|1310|3456|1460|1186|778|2270|1095|4125|934|3247|845|878|371|4941|1544|3988|1344|953|478|89031|6632|66831|5348|22200|2918|106369|9771|73565|8561|32804|4444|979|408|713|366|266|168|4054|1003|2827|855|1227|554|5742|1346|4046|922|1696|676|1781|818|1265|626|516|338|4027|1124|2737|740|1290|795|55|95|55|95|0|210|810|527|803|526|7|18|1510|1029|1347|957|163|210|3171|1021|2820|905|351|391|872|658|603|514|269|258|499|264|279|175|220|167|594|411|402|330|192|155|2104|863|1307|572|797|626|6655|1399|4913|1079|1742|824|872|527|812|526|60|79|1194|602|1194|602|0|210|1534|594|1343|505|191|302|11326|1784|5814|1257|5512|1240|5970|1403|3619|1054|2351|890|5049|1092|3014|881|2035|712|6924|1811|3947|1339|2977|1000|6310|1235|2382|594|3928|1057|1166|673|839|581|327|255|6560|1491|3342|904|3218|1150|8545|2038|3101|908|5444|1563|12048|1830|8095|1458|3953|845|6126|1509|3562|1097|2564|919|11404|2643|6501|1802|4903|1326|851|462|759|402|92|119|10489|2059|3255|1157|7234|1599|1920|683|1082|614|838|411|4935|1437|3507|1271|1428|516|156|181|156|181|0|210|19676|3024|17458|2870|2218|883|4716|1120|2764|631|1952|892
02000H0US3|18124865|15724|16596833|23718|1258057|16504|792768|15837|465289|12655|32816|4261|27590|3593|5226|1586|5629|1531|3931|1109|1698|737|4226|1461|3641|1330|585|352|8139|3600|5984|2690|2155|1617|37040|4881|27405|3571|9635|2559|15428|3616|9999|2809|5429|2218|1056|550|917|537|139|146|6694|1915|4864|1396|1830|935|2921|1173|2295|1011|626|466|1828|1104|1596|1059|232|180|3248|1499|2467|1354|781|446|27|42|27|42|0|210|1720|693|1197|572|523|287|5134|1865|3492|1312|1642|918|4131|1159|3548|979|583|423|2039|834|1710|725|329|225|1105|843|576|430|529|688|2793|2210|1726|1592|1067|873|3801|1733|2800|1326|1001|666|6424|1686|5369|1583|1055|491|2935|1315|2557|1164|378|388|1093|668|915|575|178|234|471|435|453|438|18|40|13798|2286|5798|1572|8000|1619|4567|1285|2905|998|1662|659|7607|1639|4000|1368|3607|1017|4024|1427|2443|961|1581|610|13618|2762|5489|1472|8129|2031|1346|804|825|528|521|409|4479|1122|2153|789|2326|765|4996|2362|2911|1585|2085|986|12318|2033|8977|1696|3341|964|7665|2332|4661|1588|3004|1353|13517|3746|11567|3564|1950|1078|681|282|498|213|183|171|1358|814|732|456|626|718|3085|1089|2499|1051|586|452|4221|1849|3856|1794|365|290|1502|1493|1463|1485|39|66|15476|2609|12270|2473|3206|994|5019|1794|3846|1683|1173|620
02000H0US4|6495673|8062|5484322|20544|671312|17042|439001|14556|232311|11250|12875|1974|11039|1821|1836|682|946|847|900|845|46|90|4191|1590|3397|1347|794|759|4521|1608|3112|1121|1409|1097|20286|2979|18352|2719|1934|855|3424|1031|2774|926|650|417|938|653|817|623|121|230|10693|3012|8267|2481|2426|1126|1662|812|1096|585|566|461|966|716|716|603|250|204|2289|1121|1293|715|996|579|393|462|106|166|287|362|759|369|542|305|217|179|22|39|22|39|0|210|1721|915|1449|783|272|237|1073|550|690|423|383|244|1310|720|962|590|348|282|333|333|209|261|124|202|2720|1549|1289|810|1431|940|4643|1178|4141|1106|502|298|614|512|586|493|28|51|251|300|251|300|0|210|235|256|116|156|119|183|13412|2228|6800|1600|6612|1257|7784|1759|5607|1590|2177|650|3263|1127|2115|811|1148|562|1771|1058|609|472|1162|803|7484|2274|3634|1524|3850|1357|330|285|132|161|198|173|4393|1710|2757|1288|1636|742|1409|694|579|442|830|464|29384|4337|18064|3696|11320|2282|35020|5182|23091|3776|11929|2743|1441|766|1150|617|291|252|1063|679|806|463|257|377|852|687|64|89|788|674|228|237|228|237|0|210|993|459|678|415|315|297|85124|3952|63784|3832|21340|1659|59626|3964|53659|3911|5967|1145|9597|2962|6218|2406|3379|1751
0300000US1|14365806|2354|11512287|29340|1229478|16529|711191|13840|518287|13553|125681|7653|97864|6268|27817|3269|115412|10863|62845|7823|52567|6367|58827|5087|43884|4120|14943|2361|287274|15489|150561|9681|136713|10207|35136|3681|33441|3578|1695|601|9207|3528|7818|2650|1389|1067|33585|4561|25446|3661|8139|2176|53733|5218|34106|4140|19627|3038|52065|4331|32116|2948|19949|3121|11345|3188|7955|2275|3390|1396|18673|4351|12494|3190|6179|2124|6501|1884|5683|1668|818|425|10378|2560|7061|1654|3317|1368|24799|4275|16867|3414|7932|2014|45128|6622|36351|5278|8777|2583|17028|4004|12501|2938|4527|1584|7669|3501|5541|2819|2128|969|14981|4463|9743|3056|5238|2202|27323|4852|17013|3462|10310|2895|64259|8888|43968|6113|20291|3816|19799|3725|15000|2792|4799|1966|23935|4078|20712|3649|3223|1371|7593|1756|6571|1634|1022|627|195239|9004|101844|6062|93395|5833|13569|2681|9750|2172|3819|1084|26833|3805|16355|2600|10478|2071|1647|1696|976|978|671|755|62324|6172|23900|3622|38424|4343|27447|4812|13931|2927|13516|2887|14110|3047|7558|2115|6552|1601|17677|3916|9766|2078|7911|2602|23468|3723|17936|3123|5532|1486|5259|1814|3800|1355|1459|693|55791|7734|35583|5726|20208|3740|12324|3119|10730|2537|1594|985|16593|4039|9989|2837|6604|1982|34422|5007|26019|3885|8403|2237|19139|3987|15206|3379|3933|1419|111|115|56|80|55|86|3823|1326|2826|1023|997|564|23934|4115|19065|3792|4869|1858
0300000US2|39780123|4115|29938237|61828|4753734|40183|2679634|32953|2074100|31020|200749|10738|151613|10018|49136|6139|228408|17066|139118|11635|89290|8523|210586|9822|150438|8058|60148|4468|171655|10060|103558|7009|68097|7199|94238|5291|78582|4906|15656|2477|284086|16677|157684|11668|126402|11797|82141|7845|60659|6292|21482|3443|339429|14929|174601|10273|164828|8570|158352|10544|95417|7028|62935|6550|45517|5887|29880|4550|15637|2568|91608|8049|54618|4818|36990|5199|13621|3125|10576|2313|3045|1245|41273|7373|26123|4669|15150|4161|121120|10518|75662|7395|45458|4909|176830|11209|140116|9317|36714|4892|126765|10387|85300|7569|41465|4888|54623|7107|32075|4855|22548|3313|196884|12736|98437|7366|98447|8476|80260|8170|49030|6055|31230|4223|141224|11691|99542|9185|41682|4939|63360|7188|52662|6258|10698|2765|47126|5229|39060|4827|8066|1845|67998|7168|46721|5330|21277|3666|788490|18206|334308|11635|454182|15058|50882|4743|28060|3226|22822|3240|191521|9308|89022|5878|102499|6330|945|708|945|708|0|210|73488|6719|31936|3890|41552|4486|15369|3447|5686|1981|9683|2386|18164|3489|8695|2487|9469|1793|94612|11129|48741|6805|45871|5751|174837|10848|127328|8889|47509|4720|21993|3416|14190|2543|7803|1660|244017|17013|167422|13736|76595|8169|82391|9357|72030|9299|10361|2037|20268|4467|12892|3340|7376|2080|165523|12559|129578|11348|35945|4921|27822|5475|16705|4113|11117|2810|0|210|0|210|0|210|5400|1459|3927|1307|1473|732|74577|9004|48977|6328|25600|5043
0300000US3|44562431|5288|38902713|45561|2724395|28824|1692293|24386|1032102|20860|110513|10253|80024|6150|30489|6274|16078|3612|9874|2826|6204|2128|53961|4813|40375|4147|13586|2034|35549|4534|28216|4140|7333|1527|170047|10475|135516|9083|34531|3866|135223|10286|95079|8767|40144|4674|42271|4526|33159|4179|9112|1877|83545|7027|51182|5404|32363|4103|210827|12282|126715|8795|84112|6060|64229|7278|40863|5330|23366|3788|82575|6274|49360|4231|33215|3415|6614|2487|4818|2215|1796|841|22214|3828|14923|2710|7291|2081|72615|7397|48772|5850|23843|3540|93195|6148|77868|5485|15327|2619|87674|8413|64827|6192|22847|3644|21897|4319|12542|3196|9355|2120|37989|5911|21208|3848|16781|3209|63798|7913|41089|5636|22709|3859|127690|9922|83641|7532|44049|4970|57129|6925|44837|5589|12292|2697|40639|5906|34427|5180|6212|2031|36351|5198|28958|4352|7393|1966|224923|12061|117970|6995|106953|8094|45496|4456|24371|2996|21125|3134|84234|6642|42376|3843|41858|4666|44430|4378|28801|3377|15629|2365|56479|5643|25610|3328|30869|3435|11536|2592|5697|1485|5839|1589|25860|4544|13703|2710|12157|2436|74793|9117|33853|5364|40940|5550|123004|7462|90169|6027|32835|3384|19437|3124|14383|2860|5054|1563|307365|14521|197920|11397|109445|7535|11139|2186|9793|1900|1346|626|101353|11679|63625|8908|37728|4941|68920|7941|51606|7361|17314|3609|32739|6623|20087|4552|12652|3806|285|254|251|225|34|57|7719|2067|6509|1611|1210|1195|22988|3410|16414|2628|6574|1689
0300000US4|20353925|5674|18467624|24690|873379|15059|523313|11631|350066|12307|49995|6128|36561|4688|13434|2807|5467|2552|3205|1991|2262|1106|5353|1382|4513|1252|840|419|10425|1955|7821|1516|2604|965|61648|5765|51582|4990|10066|2113|27943|4585|23624|4452|4319|1152|3418|1436|2391|928|1027|980|27926|3455|17566|2967|10360|2023|5901|1586|4806|1477|1095|636|29487|4867|17031|3629|12456|2315|11759|2503|7456|1648|4303|1615|97|98|97|98|0|210|7104|2814|5274|2198|1830|878|6866|2104|4049|1323|2817|1561|20531|3754|18101|3364|2430|1039|8730|1945|6262|1740|2468|859|7478|3521|4865|2422|2613|1470|9521|2728|7277|2024|2244|1117|23319|3698|14346|2779|8973|2557|20848|3735|16122|2911|4726|1458|21388|4119|16700|3463|4688|1706|11734|2879|9532|2662|2202|1259|6498|1599|6189|1532|309|338|70736|6521|41422|4435|29314|4009|9404|1679|6617|1281|2787|743|18709|3223|11617|2384|7092|1585|82247|6703|51112|5414|31135|3872|59742|5448|22539|2732|37203|4380|10115|2795|5335|1845|4780|1634|18788|2967|9105|1709|9683|2074|46193|6542|16599|3155|29594|5495|31032|3407|20796|2675|10236|1698|14228|2913|8812|2072|5416|1573|49098|6875|32267|5274|16831|3187|2478|800|2152|756|326|233|115584|10775|67464|7880|48120|5339|33334|5692|23847|4181|9487|2575|35322|6681|22885|4463|12437|3309|107|126|103|126|4|7|21056|3159|18661|2974|2395|968|11313|2478|7954|1714|3359|1291
0300000US5|62995566|9275|50900594|69790|7643923|41610|4440979|44475|3202944|39732|285776|15154|218453|12336|67323|6284|497197|23434|310757|18895|186440|12036|78570|6155|60726|5500|17844|2676|228522|16028|153145|11332|75377|7878|169224|8623|148204|7815|21020|2586|40693|6501|33396|5538|7297|2463|50163|6888|40075|5803|10088|2587|162833|10396|103160|7676|59673|6220|44215|4998|31607|3744|12608|2307|45487|6753|31338|5611|14149|3084|49445|5153|34425|3956|15020|3084|5178|1331|3899|1087|1279|673|76986|8387|52417|6560|24569|3636|86699|8593|60800|6386|25899|3946|138723|9690|115446|8639|23277|3353|102184|10866|75669|8460|26515|4240|22442|4224|16033|3165|6409|2053|57280|7237|37004|5114|20276|3461|79282|8672|53105|5691|26177|4642|105348|12662|78071|8163|27277|6140|104041|9497|84839|8403|19202|3816|74533|9149|65148|8131|9385|2203|42170|5370|35167|5006|7003|1447|314280|11047|167682|8110|146598|7942|62076|6990|37937|4661|24139|4220|186193|10843|96022|7429|90171|6789|14100|3283|10311|2512|3789|1154|236953|14859|105959|8271|130994|10555|18946|4182|9948|2379|8998|2612|44455|4993|22367|3321|22088|3331|71733|6596|43413|5076|28320|3638|202035|10622|151039|9968|50996|4054|36410|5577|23484|4464|12926|3185|226950|17219|159605|13348|67345|7043|36710|5353|31253|4652|5457|1698|136139|15175|87736|12744|48403|6029|164581|11489|137636|9208|26945|5294|52449|8036|39736|6039|12713|3442|126|135|126|135|0|210|8044|2318|6601|2070|1443|790|91878|9562|70619|8611|21259|4082
0300000US6|18354545|6038|17261703|22245|619025|14344|330974|10757|288051|12016|28291|4166|21226|3126|7065|2093|2670|1347|1725|780|945|800|5453|1201|4516|1174|937|630|9077|2597|7326|2178|1751|883|34087|5043|26313|3575|7774|2695|16839|4071|10365|2785|6474|2504|2355|949|2190|934|165|178|11529|3267|8160|2367|3369|1390|3233|1793|2081|1135|1152|868|8670|2501|5821|1796|2849|1121|4978|2417|3182|1635|1796|1036|0|210|0|210|0|210|5299|1377|4199|1290|1100|442|9381|2462|6605|1950|2776|981|16127|3820|11365|2835|4762|2321|6361|2411|5019|1751|1342|897|1849|1157|1690|1079|159|152|3959|1650|2875|1217|1084|717|13239|4303|6706|2136|6533|2964|17266|4863|12354|3666|4912|2141|9409|2778|7361|2869|2048|1209|3487|1517|3063|1409|424|307|5520|2407|4441|2313|1079|582|30582|3665|16756|2439|13826|2418|11371|2413|6399|1704|4972|1464|21803|3872|9800|2389|12003|2434|600|797|194|269|406|571|30445|4546|13092|2483|17353|3445|1875|1179|762|523|1113|903|11128|2661|5930|1661|5198|1505|15483|3116|5257|2033|10226|2302|19201|3837|13840|2696|5361|1723|8024|2393|4813|1691|3211|1849|46193|8044|29502|5596|16691|5105|1089|582|1059|580|30|41|9600|3764|6669|3210|2931|1479|10014|2891|7925|2337|2089|992|21224|7118|8841|3033|12383|5265|358|290|358|290|0|210|7519|2103|6499|2044|1020|684|8229|2721|5340|1893|2889|1503
0300000US7|38569404|7368|28004132|62481|8411497|55922|5214152|58007|3197345|45951|140704|9895|117372|7878|23332|4146|14578|4228|10714|3555|3864|1481|17831|4049|12823|2742|5008|1898|44394|7556|33193|5807|11201|2861|81532|7286|67439|7239|14093|2871|14566|2850|12343|2469|2223|1493|7608|1997|5625|1484|1983|1355|39345|7158|27843|5780|11502|3067|12444|3067|9838|2909|2606|1095|11754|4018|7819|2634|3935|2068|15058|3553|11901|3029|3157|1471|1888|902|1589|868|299|281|47735|10021|31290|6564|16445|5138|42187|7208|30381|5458|11806|2689|93891|9761|74559|8495|19332|4092|85944|11649|66326|8991|19618|4029|17097|4854|10758|3125|6339|2748|34337|6849|23032|5083|11305|3060|65274|8955|47185|6617|18089|4023|32214|6506|25208|4805|7006|2786|72149|10417|56750|8429|15399|3975|46904|7052|39767|6138|7137|2057|62601|9007|43273|6351|19328|4385|206447|15288|113280|9503|93167|8607|28487|4979|15567|2998|12920|3398|67288|8783|33631|4827|33657|5738|11716|3247|5934|1952|5782|2408|270082|15744|122744|10957|147338|9392|15393|4060|5601|1942|9792|2749|30379|4820|13253|2944|17126|3106|36938|6156|16384|3650|20554|3751|91229|9032|64733|6808|26496|4391|34592|5388|22452|3741|12140|2707|138006|16314|96949|12361|41057|6946|9848|2899|9140|2801|708|692|42259|7465|26214|5167|16045|4073|91076|11264|78925|10994|12151|2986|44686|9666|35004|8336|9682|3442|2585|1876|1931|1542|654|1032|14807|1763|11509|1577|3298|929|15922|3378|13123|3080|2799|990
0300000US8|23834298|4750|18931588|43682|3527527|35579|2344287|33366|1183240|21316|61568|6254|52013|5160|9555|2328|3934|1983|3334|1692|600|487|18979|2746|15692|2404|3287|989|39839|4687|32645|3932|7194|1700|70609|5618|62721|5241|7888|1921|12144|1878|11147|1784|997|482|9061|2190|7414|1905|1647|802|47466|5711|33116|4630|14350|2709|14431|3072|10181|2496|4250|1495|19778|4536|13627|3682|6151|1675|17970|3479|12473|2436|5497|1819|8586|2873|6401|2434|2185|1003|18706|3685|12390|2760|6316|1624|12073|3349|8683|2661|3390|1274|28161|4926|23119|4116|5042|1735|6700|2098|5231|1823|1469|648|7470|2744|5420|2018|2050|1255|7545|2228|5447|1731|2098|925|22480|4913|12432|2612|10048|3028|34702|4256|26644|3378|8058|1652|15475|3110|13822|2974|1653|656|10172|2447|8528|2151|1644|788|6220|1605|5370|1512|850|496|123330|8577|62514|5791|60816|4884|28543|4150|19195|3268|9348|1966|43782|4690|23373|3543|20409|2590|3376|1544|1316|604|2060|1188|74054|7116|33408|4450|40646|4526|6528|1893|2467|1003|4061|1434|24470|3785|12613|2347|11857|2217|14616|2888|6757|1611|7859|2017|138165|8874|95673|7805|42492|4094|42678|5495|30858|4277|11820|2380|57968|7800|39638|5708|18330|3814|8495|2205|6588|1791|1907|653|45254|6592|28173|5180|17081|3107|18395|4451|14328|3382|4067|2359|21687|4839|13946|3810|7741|2691|150015|6808|108665|6947|41350|3711|61806|4948|55843|4594|5963|1203|17952|3933|14057|3262|3895|1929
0300000US9|50416402|5254|31559186|74783|11471983|56818|7018249|46091|4453734|40940|172041|9836|149267|8744|22774|2864|11060|3081|8718|2723|2342|1128|63243|5609|51331|4936|11912|2342|110634|8273|78699|6149|31935|4444|140905|8658|125711|7814|15194|2290|33175|4336|28661|3802|4514|1122|22764|3181|19009|3045|3755|1002|279086|15951|168427|10891|110659|8964|31899|4112|23742|3264|8157|1900|29518|4468|22156|3608|7362|2097|92840|10016|56217|7564|36623|5273|213543|13007|125927|9596|87616|6539|242595|13977|145521|9784|97074|8837|61169|7116|44057|5452|17112|2961|252244|13473|214818|11195|37426|4479|66586|7691|52024|6170|14562|2545|178063|14856|100013|9398|78050|8028|40528|6080|29367|4339|11161|2820|72836|8084|56178|5738|16658|3505|117989|9120|85289|7576|32700|4786|97086|9564|82553|8014|14533|3075|82866|8316|72955|7586|9911|2204|45237|5106|39028|4510|6209|2173|1450607|28187|683117|16242|767490|20023|205631|8800|118722|6648|86909|6592|433100|16374|204417|10705|228683|10215|80544|8569|47395|6297|33149|4375|659547|22679|260381|11543|399166|15678|85301|8889|38284|5806|47017|5006|96590|7834|43151|4943|53439|5476|88147|9198|48293|5204|39854|5599|912465|24055|585853|18448|326612|12110|303176|14691|185593|10197|117583|8447|265549|19302|171761|14373|93788|8450|50205|6767|42416|6098|7789|1920|109049|9258|68971|6507|40078|4769|53365|7830|39518|5851|13847|2974|32612|5634|22497|4314|10115|3074|1717|770|1285|615|432|352|39196|3518|35054|3320|4142|1040|60525|6635|36267|4367|24258|4788
0300001US1|11596589|28748|8892231|39558|1190359|17304|682267|13414|508092|13787|92255|7425|69711|5867|22544|3173|114297|10816|61917|7775|52380|6336|53011|4822|39179|3838|13832|2284|274489|14980|142601|9658|131888|9776|29111|3576|27805|3533|1306|558|7559|3503|6247|2593|1312|1070|30021|4244|22433|3173|7588|2095|50676|5017|31695|3882|18981|3037|47924|4427|28755|2960|19169|3010|10909|3173|7761|2277|3148|1355|16080|4343|10660|3156|5420|2011|6148|1814|5330|1587|818|425|9850|2500|6588|1639|3262|1361|22049|3719|14381|2832|7668|2014|43181|6154|34661|4723|8520|2571|16377|3977|12056|2920|4321|1569|7624|3505|5541|2819|2083|983|14774|4452|9577|3052|5197|2198|26708|4814|16519|3440|10189|2883|60157|8418|40807|5751|19350|3703|19391|3755|14671|2847|4720|1963|23082|4080|19961|3658|3121|1338|7245|1759|6223|1647|1022|627|187865|9357|97058|6136|90807|5912|12267|2608|8559|2091|3708|1097|25771|3779|15428|2519|10343|2085|1546|1691|976|978|570|741|61244|6076|23344|3583|37900|4295|26324|4637|13144|2789|13180|2823|13230|3084|7206|2152|6024|1587|17050|3859|9448|2052|7602|2584|21064|3710|15863|3009|5201|1493|4429|1801|3135|1369|1294|661|54768|7705|34795|5682|19973|3729|11570|3081|10034|2506|1536|977|16550|4039|9946|2835|6604|1982|33675|4964|25330|3823|8345|2238|17947|3915|14067|3299|3880|1423|47|78|47|78|0|210|3106|1313|2143|982|963|562|22628|4083|17848|3787|4780|1850
0300001US2|34534528|36625|25032323|69059|4652642|40877|2609591|32497|2043051|31723|190830|10703|143259|9884|47571|6126|225437|17058|137055|11442|88382|8574|198413|9579|141471|7856|56942|4226|165429|9725|99194|6689|66235|7222|69880|5120|61154|4766|8726|1616|204708|14291|105961|9996|98747|11091|79064|7922|58245|6307|20819|3438|328195|15015|166417|10558|161778|8448|149933|10603|89435|7063|60498|6571|43264|5828|28134|4427|15130|2501|85514|7673|50631|4767|34883|4923|12902|3112|9896|2278|3006|1250|40650|7338|25599|4599|15051|4169|120041|10542|74844|7374|45197|4913|172340|11243|136951|9270|35389|4848|122206|10233|82395|7354|39811|4980|52722|7009|30398|4699|22324|3271|195764|12835|97539|7377|98225|8480|78611|8029|47605|5971|31006|4212|134867|11516|94625|8962|40242|4974|59813|7035|50189|6207|9624|2572|46471|5238|38405|4832|8066|1845|64610|6703|43537|4759|21073|3673|774914|17828|326889|11449|448025|15118|48750|4749|26392|3178|22358|3227|188619|8944|87409|5626|101210|6170|646|607|646|607|0|210|71536|6738|30936|3828|40600|4476|14006|3230|5342|1959|8664|2225|17393|3446|8124|2469|9269|1767|91972|11011|47091|6789|44881|5641|169635|10882|123257|8981|46378|4727|21339|3398|13815|2516|7524|1666|240197|17023|165159|13726|75038|8174|81196|9340|70864|9282|10332|2036|20247|4463|12886|3340|7361|2079|164165|12607|128342|11364|35823|4876|27407|5447|16357|4053|11050|2822|0|210|0|210|0|210|4224|1328|3139|1194|1085|574|71653|9011|46342|6294|25311|5050
0300001US3|34712636|71825|29519267|76816|2581015|30148|1594059|25784|986956|19899|99537|9850|70966|5606|28571|6163|15568|3641|9504|2837|6064|2155|48075|4760|35406|4102|12669|2010|31787|4508|25167|4123|6620|1508|88361|6420|76203|6125|12158|2124|20236|3285|16815|2923|3421|1067|40391|4366|31546|3975|8845|1866|77279|6812|47284|5551|29995|3852|204905|12202|122331|8535|82574|6170|61448|6929|38727|5093|22721|3745|78038|6219|45442|4268|32596|3470|6559|2475|4763|2205|1796|841|21188|3569|14112|2388|7076|2073|68465|6860|46194|5606|22271|3366|89696|6035|74752|5463|14944|2590|84977|8314|62567|6062|22410|3691|20654|4184|11778|3058|8876|1992|37794|5912|21136|3835|16658|3213|61698|7590|39371|5258|22327|3848|119778|9728|77520|7086|42258|4825|54895|6867|42737|5476|12158|2706|39095|5580|33307|4976|5788|1952|35582|5168|28198|4308|7384|1968|216784|11597|114041|6959|102743|7797|41723|4304|22273|2899|19450|2969|80653|6650|39916|3624|40737|4745|39645|4184|25432|3137|14213|2384|52791|5241|23942|3127|28849|3195|10665|2471|5281|1454|5384|1485|23703|4595|12335|2681|11368|2446|71176|8258|31863|4808|39313|5327|117446|7167|86285|5802|31161|3435|17400|3051|13510|2823|3890|1279|298352|14289|190802|10895|107550|7667|10489|2152|9168|1859|1321|621|100791|11648|63219|8905|37572|4928|67728|7915|50774|7295|16954|3579|30846|6414|18406|4338|12440|3827|112|155|78|102|34|57|5478|2058|4569|1646|909|1168|20566|3282|14488|2454|6078|1699
0300001US4|14178268|71158|12552103|65911|754347|15551|447023|11653|307324|12253|43516|5786|31169|4315|12347|2751|4987|2526|3082|1978|1905|1067|4930|1362|4137|1230|793|414|8925|1661|6612|1319|2313|932|32501|4057|29516|3998|2985|865|6168|1572|5357|1345|811|695|2937|1363|1986|823|951|978|24363|3366|15065|2860|9298|1919|5348|1544|4372|1425|976|630|26460|5035|15249|3697|11211|2330|8594|2260|5114|1488|3480|1466|97|98|97|98|0|210|6322|2567|4558|1901|1764|870|6707|2025|3970|1270|2737|1556|18109|3459|15799|3034|2310|1030|8426|1909|6066|1696|2360|868|7351|3499|4738|2399|2613|1470|9280|2716|7225|2028|2055|1080|21406|3625|13448|2753|7958|2329|16860|3633|12564|2753|4296|1445|20802|4043|16168|3387|4634|1699|9795|2825|7798|2588|1997|1208|5550|1435|5241|1374|309|338|65609|6055|38287|3960|27322|3844|7833|1480|5515|1117|2318|726|16513|3192|10397|2343|6116|1520|77264|6576|48161|5255|29103|3812|55907|5374|21061|2809|34846|4163|9114|2482|4551|1503|4563|1604|15777|2806|7276|1443|8501|1935|44021|6402|15690|3043|28331|5397|25969|3128|17167|2431|8802|1481|11973|2702|7409|1879|4564|1488|45962|6935|30005|5254|15957|3191|2244|778|1985|728|259|185|112498|10550|65529|7647|46969|5379|32568|5635|23109|4105|9459|2577|33377|6683|21478|4435|11899|3332|42|80|42|80|0|210|5884|1437|5415|1255|469|484|9829|2312|6946|1605|2883|1271
0300001US5|49308392|76853|38237943|91110|6951169|45941|4019051|44838|2932118|36780|263568|15015|200156|12068|63412|6244|484420|23509|300076|19359|184344|11870|69994|5822|53660|5121|16334|2644|206373|13926|137565|9748|68808|7294|139216|8450|122824|7579|16392|2595|31962|5596|28374|5315|3588|1073|46130|6766|36324|5541|9806|2565|145801|9889|92225|7415|53576|5903|40634|5076|28875|3642|11759|2295|41971|6620|28450|5295|13521|3066|44576|5071|31199|3850|13377|2899|5018|1345|3739|1076|1279|673|74611|8259|50496|6434|24115|3671|78460|8349|54916|6471|23544|3774|124663|9059|102982|7997|21681|3355|94081|10779|69197|8410|24884|4118|19755|3982|14057|2995|5698|2035|55695|6994|35896|4927|19799|3358|73575|8526|48850|5595|24725|4435|98157|12458|71499|8080|26658|6139|90967|9882|72749|8385|18218|4034|69237|9185|60134|8193|9103|2159|40235|5122|33487|4711|6748|1449|293984|10805|157769|7689|136215|7806|55912|6520|34087|4271|21825|4034|172098|10471|88700|6938|83398|6702|10112|2940|7304|2284|2808|955|225751|14953|100336|8601|125415|10610|18077|4166|9297|2303|8780|2632|41384|5007|20735|3257|20649|3328|69410|6518|41726|4954|27684|3560|183512|10328|136391|9648|47121|3969|30728|5207|19404|3918|11324|3194|209721|16408|146581|12547|63140|6700|35204|5282|29808|4541|5396|1697|133687|14958|85801|12616|47886|5974|158135|11373|132485|9184|25650|5129|49344|7977|36784|6023|12560|3441|116|130|116|130|0|210|5856|2235|4723|1980|1133|782|87150|9839|66704|8779|20446|4039
0300001US6|10992568|43309|10126324|41539|488140|14700|247920|10700|240220|11208|22335|4083|15571|2861|6764|2114|2435|1348|1547|781|888|792|4139|1229|3332|1087|807|606|7130|2424|5895|2035|1235|627|17387|2358|15338|2159|2049|764|3928|1975|3503|1787|425|341|2080|940|1928|928|152|175|8817|2958|5938|2046|2879|1352|2272|1216|1444|745|828|731|6836|2279|4408|1568|2428|1089|3501|2318|1914|1396|1587|1032|0|210|0|210|0|210|4385|1294|3321|1138|1064|443|7053|2024|5130|1728|1923|875|14564|3610|9890|2596|4674|2321|6045|2409|4782|1745|1263|893|1358|1055|1278|994|80|117|3950|1654|2866|1219|1084|717|11497|4278|5313|2049|6184|2929|15665|4783|11163|3622|4502|2071|8104|2821|6296|2892|1808|1173|2796|1349|2505|1280|291|224|5187|2303|4108|2217|1079|582|26709|3496|15012|2474|11697|2295|8633|1783|4992|1363|3641|1160|15978|3606|7381|2142|8597|2300|530|787|194|269|336|552|27595|4376|11510|2348|16085|3395|1875|1179|762|523|1113|903|9255|2512|4664|1540|4591|1478|15033|3094|5175|1991|9858|2282|14802|3640|10403|2475|4399|1580|6265|2227|3218|1102|3047|1868|42270|7921|26518|5290|15752|5214|563|446|549|445|14|32|9514|3765|6583|3210|2931|1479|9207|2934|7218|2382|1989|982|20162|7083|7917|2925|12245|5274|161|259|161|259|0|210|1608|869|1608|869|0|210|6480|2576|4143|1732|2337|1471
0300001US7|29673938|62224|20490971|79800|7296479|56935|4461762|55406|2834717|46463|110805|9631|92401|7330|18404|4016|13611|4134|9888|3428|3723|1441|15963|3949|11374|2659|4589|1854|35567|6631|26842|5306|8725|2220|56629|6105|47925|6110|8704|2614|8999|2290|8288|2165|711|597|6317|1572|5199|1438|1118|508|36000|6852|25879|5491|10121|2773|9969|2582|7823|2460|2146|961|10948|3888|7038|2493|3910|2077|11444|3246|8526|2637|2918|1459|1445|713|1146|660|299|281|45305|9778|29636|6256|15669|5170|36981|6446|27276|4950|9705|2459|84632|9927|67211|8530|17421|4023|77011|10809|59419|8456|17592|3587|16589|4885|10388|3153|6201|2712|29274|6302|19237|4500|10037|2945|58824|8404|41476|5978|17348|3996|29715|6534|22781|4716|6934|2789|59830|10348|46820|8278|13010|3813|43727|6905|37087|5970|6640|2000|55504|8248|39385|6122|16119|3792|187083|14647|100866|8375|86217|8424|23729|4611|13442|2917|10287|2721|60736|8171|29519|4323|31217|5591|7788|2973|3972|1862|3816|2069|249793|15965|112878|10711|136915|9674|12762|3535|4213|1536|8549|2583|26744|4190|11942|2680|14802|2800|31304|4938|13476|3005|17828|3180|81695|8856|58137|6546|23558|4297|30383|5079|19844|3564|10539|2516|125663|16449|85480|11986|40183|7045|8578|2689|7870|2514|708|692|38784|7149|23431|5134|15353|4062|84582|10952|73407|10738|11175|2948|39700|8225|30129|6836|9571|3452|2016|1776|1401|1466|615|972|6826|1302|5366|1096|1460|740|13233|2978|10901|2585|2332|876
0300001US8|19802025|41866|15464631|55699|3187557|38887|2107012|34292|1080545|22150|55178|6365|46199|5240|8979|2324|2677|1310|2077|962|600|487|16241|2649|13199|2269|3042|997|34676|4926|28052|4045|6624|1647|56967|5503|50827|5158|6140|1737|8526|1508|8001|1449|525|299|8395|2206|6748|1906|1647|802|42427|5147|29746|4285|12681|2567|12214|2662|8819|2316|3395|1189|19522|4504|13462|3657|6060|1676|16115|3387|11078|2368|5037|1794|8466|2844|6305|2392|2161|1000|18161|3755|11978|2780|6183|1658|10928|3294|8245|2624|2683|1198|25780|4702|21364|3951|4416|1647|5847|1961|4424|1682|1423|635|6534|2794|4525|1995|2009|1252|7441|2221|5389|1732|2052|923|21028|4623|11120|2280|9908|3043|31580|4376|23897|3418|7683|1685|14435|2944|12782|2856|1653|656|9773|2431|8129|2168|1644|788|6117|1572|5294|1487|823|488|113155|8433|56834|5696|56321|4702|25739|3772|16989|2926|8750|1923|39604|4643|20926|3542|18678|2431|3376|1544|1316|604|2060|1188|69219|6831|30429|4014|38790|4450|6327|1880|2327|997|4000|1430|21758|3284|10997|1869|10761|2061|13678|2801|6503|1547|7175|1978|129016|8437|88093|7084|40923|4172|38359|5389|27356|4020|11003|2353|57117|7740|38920|5650|18197|3805|8190|2179|6283|1760|1907|653|43161|6245|26489|4649|16672|3099|18047|4467|13980|3390|4067|2359|21332|4777|13882|3806|7450|2565|57306|6154|46462|5664|10844|2145|30739|4250|27088|3963|3651|896|14686|3494|11479|2895|3207|1673
0300001US9|46066966|51588|27995023|79207|10961310|54974|6694125|45573|4267185|39292|161118|9895|139460|8840|21658|2782|10779|3080|8595|2721|2184|1130|59027|5218|47563|4547|11464|2302|102315|8132|73025|5640|29290|4383|126038|8640|112312|7705|13726|2217|30422|4165|26277|3622|4145|1132|21649|3102|18372|3003|3277|969|264362|15712|158460|10262|105902|9010|30242|4090|22511|3209|7731|1947|27134|4199|20100|3397|7034|2055|88551|9979|53195|7445|35356|5256|210797|13004|123873|9550|86924|6571|236973|13499|142212|9672|94761|8690|59489|7021|42718|5350|16771|2916|243925|13434|207594|11105|36331|4405|63326|7475|49374|6042|13952|2458|165547|13060|92832|8332|72715|7263|39821|6227|28751|4436|11070|2832|71216|7948|54761|5605|16455|3505|111443|8892|79681|7287|31762|4714|89510|9899|75607|8321|13903|3001|79663|8194|70145|7467|9518|2171|43041|5045|37301|4455|5740|2095|1421813|28204|667477|16216|754336|19842|199204|8700|114588|6435|84616|6813|421327|15676|198230|10047|223097|9718|77240|8413|45305|6123|31935|4383|647276|22522|252449|11010|394827|15699|83226|9040|37420|5887|45806|5118|92618|7812|40968|4765|51650|5439|87240|9204|47796|5171|39444|5639|883558|23302|566124|17528|317434|12122|287659|14527|173571|10386|114088|8355|260213|19829|167828|14722|92385|8576|47227|6519|39622|5849|7605|1903|107731|9268|67828|6562|39903|4755|52586|7824|38809|5815|13777|2972|32014|5596|22071|4258|9943|3083|1503|778|1093|622|410|352|16040|2587|13276|2272|2764|996|55770|6466|32614|4340|23156|4741
0300043US1|2769217|28666|2620056|28890|39119|5064|28924|4302|10195|2821|33426|3326|28153|3106|5273|1023|1115|722|928|674|187|182|5816|1301|4705|1181|1111|472|12785|2819|7960|1686|4825|1880|6025|1484|5636|1462|389|236|1648|787|1571|773|77|123|3564|2109|3013|2073|551|279|3057|1069|2411|887|646|407|4141|1400|3361|1049|780|631|436|294|194|182|242|262|2593|1265|1834|794|759|806|353|384|353|384|0|210|528|354|473|301|55|89|2750|2093|2486|1764|264|354|1947|1235|1690|1263|257|266|651|677|445|412|206|331|45|76|0|210|45|76|207|250|166|218|41|69|615|351|494|337|121|79|4102|1462|3161|1176|941|521|408|412|329|389|79|133|853|697|751|676|102|169|348|493|348|493|0|210|7374|1672|4786|1253|2588|865|1302|643|1191|586|111|135|1062|534|927|521|135|111|101|171|0|210|101|171|1080|575|556|339|524|323|1123|797|787|550|336|374|880|551|352|294|528|409|627|494|318|295|309|272|2404|964|2073|869|331|247|830|595|665|563|165|162|1023|611|788|552|235|221|754|530|696|495|58|101|43|70|43|70|0|210|747|688|689|661|58|103|1192|782|1139|771|53|109|64|87|9|15|55|86|717|354|683|341|34|44|1306|683|1217|654|89|93
0300043US2|5245595|36281|4905914|36442|101092|7680|70043|5165|31049|4533|9919|1448|8354|1292|1565|576|2971|1490|2063|1236|908|580|12173|2619|8967|2113|3206|1080|6226|2384|4364|1774|1862|887|24358|3241|17428|2433|6930|1792|79378|8418|51723|5996|27655|4660|3077|1209|2414|978|663|431|11234|2810|8184|2364|3050|995|8419|1859|5982|1297|2437|863|2253|1135|1746|1044|507|448|6094|1750|3987|1191|2107|1032|719|523|680|504|39|68|623|476|524|410|99|168|1079|578|818|468|261|245|4490|1735|3165|1233|1325|897|4559|3053|2905|1831|1654|1386|1901|1154|1677|1066|224|224|1120|680|898|567|222|207|1649|859|1425|738|224|216|6357|1948|4917|1389|1440|838|3547|1445|2473|929|1074|676|655|425|655|425|0|210|3388|1801|3184|1733|204|189|13576|2503|7419|1536|6157|1582|2132|771|1668|746|464|275|2902|942|1613|680|1289|613|299|453|299|453|0|210|1952|789|1000|515|952|536|1363|1007|344|322|1019|766|771|610|571|466|200|220|2640|1339|1650|947|990|619|5202|1503|4071|1160|1131|536|654|612|375|315|279|350|3820|1719|2263|1115|1557|897|1195|798|1166|791|29|49|21|29|6|12|15|26|1358|909|1236|888|122|142|415|406|348|390|67|84|0|210|0|210|0|210|1176|753|788|647|388|496|2924|1175|2635|1099|289|261
0300043US3|9849795|72341|9383446|70080|143380|7710|98234|6636|45146|3614|10976|3109|9058|2596|1918|764|510|298|370|223|140|187|5886|1843|4969|1757|917|417|3762|1215|3049|851|713|532|81686|7727|59313|6046|22373|3350|114987|9386|78264|8180|36723|4393|1880|711|1613|716|267|153|6266|2015|3898|1261|2368|1281|5922|1439|4384|1179|1538|648|2781|1328|2136|1035|645|503|4537|1729|3918|1482|619|451|55|95|55|95|0|210|1026|1165|811|971|215|230|4150|2511|2578|1691|1572|989|3499|1317|3116|1182|383|359|2697|1619|2260|1588|437|390|1243|958|764|807|479|601|195|221|72|118|123|127|2100|1404|1718|1301|382|501|7912|2581|6121|2171|1791|1026|2234|1475|2100|1468|134|129|1544|1168|1120|755|424|535|769|456|760|459|9|17|8139|1955|3929|873|4210|1363|3773|1212|2098|726|1675|893|3581|1217|2460|1055|1121|426|4785|1400|3369|1133|1416|801|3688|1528|1668|911|2020|1136|871|826|416|349|455|509|2157|927|1368|682|789|440|3617|2322|1990|1457|1627|986|5558|1056|3884|900|1674|491|2037|1047|873|496|1164|942|9013|3508|7118|3214|1895|1124|650|374|625|369|25|29|562|366|406|274|156|256|1192|674|832|579|360|293|1893|1247|1681|1194|212|179|173|187|173|187|0|210|2241|522|1940|466|301|200|2422|692|1926|630|496|265
0300043US4|6175657|71604|5915521|69630|119032|6995|76290|5307|42742|3530|6479|1470|5392|1391|1087|545|480|404|123|136|357|342|423|185|376|177|47|45|1500|894|1209|730|291|220|29147|3487|22066|2370|7081|1861|21775|4379|18267|4312|3508|870|481|350|405|340|76|97|3563|1128|2501|901|1062|518|553|244|434|214|119|102|3027|1568|1782|935|1245|814|3165|1171|2342|978|823|616|0|210|0|210|0|210|782|948|716|933|66|89|159|277|79|140|80|144|2422|1140|2302|1057|120|213|304|289|196|242|108|170|127|118|127|118|0|210|241|356|52|89|189|272|1913|1074|898|527|1015|743|3988|1297|3558|1113|430|295|586|454|532|438|54|75|1939|1258|1734|1129|205|238|948|698|948|698|0|210|5127|1816|3135|1492|1992|937|1571|535|1102|454|469|252|2196|776|1220|498|976|511|4983|1970|2951|1429|2032|883|3835|1449|1478|519|2357|1173|1001|737|784|725|217|183|3011|953|1829|797|1182|592|2172|860|909|398|1263|663|5063|1062|3629|883|1434|584|2255|744|1403|595|852|428|3136|1654|2262|1126|874|621|234|168|167|144|67|114|3086|1807|1935|1450|1151|553|766|437|738|429|28|60|1945|936|1407|753|538|388|65|97|61|97|4|7|15172|3064|13246|2841|1926|852|1484|558|1008|441|476|221
0300043US5|13687174|76384|12662651|75011|692754|24434|421928|18320|270826|13844|22208|2568|18297|2017|3911|1123|12777|3226|10681|2870|2096|1013|8576|2130|7066|1736|1510|972|22149|6884|15580|5125|6569|2700|30008|3639|25380|3339|4628|1143|8731|2764|5022|1262|3709|2389|4033|1364|3751|1341|282|224|17032|4310|10935|2885|6097|2080|3581|1266|2732|1116|849|619|3516|2175|2888|2090|628|445|4869|2148|3226|1443|1643|1050|160|197|160|197|0|210|2375|896|1921|806|454|272|8239|2490|5884|2094|2355|1103|14060|3880|12464|3273|1596|951|8103|2938|6472|2427|1631|983|2687|1456|1976|1066|711|566|1585|1070|1108|665|477|588|5707|2177|4255|1683|1452|841|7191|2153|6572|2012|619|375|13074|3638|12090|3497|984|677|5296|2182|5014|2151|282|323|1935|1080|1680|1025|255|219|20296|3778|9913|2084|10383|2548|6164|1745|3850|1265|2314|1031|14095|2341|7322|1623|6773|1480|3988|2065|3007|1589|981|669|11202|2439|5623|1648|5579|1610|869|611|651|510|218|225|3071|882|1632|673|1439|556|2323|1078|1687|892|636|363|18523|3703|14648|3384|3875|1059|5682|2400|4080|1855|1602|750|17229|4149|13024|3505|4205|1591|1506|798|1445|801|61|75|2452|1670|1935|1143|517|610|6446|2347|5151|2032|1295|992|3105|1730|2952|1702|153|200|10|21|10|21|0|210|2188|716|1878|673|310|201|4728|1186|3915|1207|813|403
0300043US6|7361977|42468|7135379|43386|130885|7741|83054|5722|47831|4577|5956|1706|5655|1696|301|207|235|185|178|158|57|104|1314|631|1184|634|130|136|1947|1052|1431|945|516|561|16700|4064|10975|2267|5725|2653|12911|3632|6862|2179|6049|2469|275|161|262|161|13|22|2712|1144|2222|1006|490|413|961|1284|637|837|324|455|1834|1424|1413|1124|421|452|1477|876|1268|865|209|240|0|210|0|210|0|210|914|661|878|656|36|69|2328|1008|1475|706|853|466|1563|1168|1475|1133|88|108|316|305|237|221|79|110|491|467|412|394|79|103|9|18|9|18|0|210|1742|903|1393|827|349|205|1601|837|1191|615|410|424|1305|764|1065|660|240|289|691|694|558|594|133|229|333|360|333|360|0|210|3873|1222|1744|802|2129|764|2738|1378|1407|908|1331|779|5825|1897|2419|1049|3406|1306|70|140|0|210|70|140|2850|1408|1582|846|1268|760|0|210|0|210|0|210|1873|1068|1266|776|607|445|450|509|82|118|368|490|4399|1381|3437|1194|962|548|1759|1547|1595|1370|164|190|3923|2220|2984|1801|939|1019|526|397|510|397|16|26|86|134|86|134|0|210|807|434|707|434|100|124|1062|893|924|892|138|135|197|139|197|139|0|210|5911|1937|4891|1893|1020|684|1749|986|1197|759|552|359
0300043US7|8895466|61857|7513161|62089|1115018|37653|752390|30579|362628|17190|29899|4201|24971|3188|4928|1781|967|613|826|579|141|204|1868|950|1449|811|419|471|8827|3071|6351|2042|2476|1670|24903|4083|19514|3703|5389|1689|5567|2090|4055|1285|1512|1534|1291|1308|426|381|865|1215|3345|1569|1964|992|1381|1278|2475|1303|2015|1172|460|480|806|666|781|661|25|38|3614|1302|3375|1293|239|203|443|611|443|611|0|210|2430|1464|1654|1285|776|632|5206|2841|3105|1705|2101|1287|9259|2525|7348|2127|1911|953|8933|3522|6907|2674|2026|1203|508|509|370|420|138|163|5063|3394|3795|2536|1268|1044|6450|2948|5709|2768|741|509|2499|1648|2427|1646|72|88|12319|3766|9930|3154|2389|1133|3177|1556|2680|1435|497|415|7097|3523|3888|1872|3209|2193|19364|4612|12414|3780|6950|1959|4758|2140|2125|870|2633|1903|6552|2871|4112|1586|2440|1623|3928|1561|1962|752|1966|1262|20289|5762|9866|3084|10423|3693|2631|1793|1388|1124|1243|851|3635|1531|1311|694|2324|1266|5634|2947|2908|1852|2726|1504|9534|2532|6596|2020|2938|1250|4209|1622|2608|1045|1601|920|12343|5170|11469|4898|874|630|1270|1211|1270|1211|0|210|3475|2050|2783|1751|692|522|6494|3195|5518|2911|976|917|4986|4890|4875|4888|111|200|569|388|530|381|39|66|7981|1346|6143|1147|1838|658|2689|1717|2222|1628|467|419
0300043US8|4032273|42214|3466957|39195|339970|16830|237275|11988|102695|8947|6390|1567|5814|1511|576|290|1257|1129|1257|1129|0|210|2738|1039|2493|1027|245|215|5163|1902|4593|1835|570|476|13642|2388|11894|2226|1748|733|3618|1210|3146|1183|472|354|666|379|666|379|0|210|5039|2056|3370|1407|1669|982|2217|1017|1362|793|855|686|256|258|165|158|91|107|1855|1233|1395|977|460|453|120|172|96|164|24|52|545|494|412|440|133|154|1145|857|438|374|707|607|2381|1318|1755|1053|626|570|853|605|807|613|46|57|936|762|895|778|41|71|104|129|58|104|46|77|1452|992|1312|965|140|139|3122|1087|2747|1067|375|319|1040|779|1040|779|0|210|399|462|399|462|0|210|103|177|76|140|27|66|10175|2147|5680|1437|4495|1330|2804|1179|2206|1018|598|397|4178|1474|2447|1186|1731|744|0|210|0|210|0|210|4835|2177|2979|1728|1856|1813|201|181|140|122|61|101|2712|1381|1616|1046|1096|703|938|663|254|256|684|511|9149|2614|7580|2525|1569|656|4319|1754|3502|1605|817|465|851|496|718|491|133|87|305|230|305|230|0|210|2093|1886|1684|1842|409|420|348|331|348|331|0|210|355|368|64|88|291|361|92709|4748|62203|4042|30506|3022|31067|4013|28755|3822|2312|725|3266|1551|2578|1394|688|593
0300043US9|4349436|52767|3564163|46244|510673|24444|324124|16751|186549|12584|10923|2451|9807|2438|1116|482|281|241|123|96|158|185|4216|1722|3768|1646|448|320|8319|2389|5674|1865|2645|988|14867|2216|13399|2189|1468|599|2753|936|2384|923|369|254|1115|780|637|435|478|447|14724|3744|9967|2641|4757|1833|1657|751|1231|607|426|285|2384|1398|2056|1214|328|320|4289|1970|3022|1626|1267|701|2746|1426|2054|1270|692|545|5622|2694|3309|1331|2313|2076|1680|851|1339|692|341|493|8319|3697|7224|3526|1095|631|3260|2398|2650|1969|610|511|12516|4566|7181|3012|5335|2779|707|923|616|799|91|150|1620|950|1417|876|203|246|6546|2202|5608|2104|938|455|7576|2769|6946|2538|630|470|3203|1721|2810|1641|393|518|2196|1293|1727|1056|469|447|28794|4726|15640|2611|13154|2916|6427|1739|4134|1310|2293|754|11773|3060|6187|1926|5586|2080|3304|1353|2090|978|1214|697|12271|3899|7932|3185|4339|1376|2075|1150|864|682|1211|696|3972|1648|2183|1256|1789|733|907|516|497|360|410|346|28907|5393|19729|3860|9178|2671|15517|3635|12022|3026|3495|1192|5336|1994|3933|1470|1403|756|2978|2258|2794|2251|184|140|1318|894|1143|895|175|279|779|741|709|729|70|153|598|454|426|355|172|189|214|144|192|138|22|34|23156|2003|21778|2006|1378|402|4755|2045|3653|1671|1102|680
03000A0US1|13726739|3088|10903779|29592|1224249|16547|707116|13734|517133|13542|111821|7464|87069|6145|24752|3223|115403|10863|62836|7823|52567|6367|58085|5024|43280|4066|14805|2375|286808|15449|150207|9667|136601|10203|32711|3653|31197|3548|1514|585|8779|3511|7467|2615|1312|1070|33505|4573|25386|3672|8119|2180|53141|5197|33624|4110|19517|3039|51528|4386|31604|3041|19924|3121|11345|3188|7955|2275|3390|1396|18383|4344|12227|3176|6156|2129|6501|1884|5683|1668|818|425|10348|2554|7031|1652|3317|1368|24619|4286|16687|3406|7932|2014|45068|6611|36291|5269|8777|2583|16936|3989|12409|2916|4527|1584|7669|3501|5541|2819|2128|969|14981|4463|9743|3056|5238|2202|27194|4845|16924|3473|10270|2892|63564|8824|43347|6018|20217|3830|19799|3725|15000|2792|4799|1966|23902|4092|20679|3658|3223|1371|7593|1756|6571|1634|1022|627|193892|9107|100978|6163|92914|5851|13321|2656|9526|2146|3795|1081|26371|3768|15958|2525|10413|2079|1647|1696|976|978|671|755|62278|6174|23900|3622|38378|4346|27434|4815|13918|2930|13516|2887|13969|3052|7558|2115|6411|1596|17677|3916|9766|2078|7911|2602|22490|3569|17057|2978|5433|1502|5178|1762|3800|1355|1378|642|55771|7732|35563|5725|20208|3740|12117|3085|10523|2499|1594|985|16593|4039|9989|2837|6604|1982|34410|5008|26007|3886|8403|2237|19077|3984|15144|3370|3933|1419|102|115|47|78|55|86|3177|1279|2192|974|985|560|23524|4134|18713|3812|4811|1847
03000A0US2|39057694|3984|29259024|61435|4734228|40119|2665268|32698|2068960|31130|199889|10776|151062|10007|48827|6157|228355|17069|139083|11639|89272|8527|209488|9891|149847|8077|59641|4435|170688|10036|102846|6978|67842|7186|90152|5225|75455|4760|14697|2391|276798|16622|152350|11677|124448|11777|81724|7847|60286|6306|21438|3451|338203|14805|173887|10276|164316|8463|157447|10509|94915|7052|62532|6541|45382|5864|29810|4537|15572|2569|91018|8083|54140|4816|36878|5203|13478|3138|10433|2325|3045|1245|41211|7376|26061|4666|15150|4161|120968|10481|75621|7372|45347|4896|176792|11214|140078|9324|36714|4892|126705|10401|85240|7586|41465|4888|54623|7107|32075|4855|22548|3313|196884|12736|98437|7366|98447|8476|80016|8128|48862|6022|31154|4220|140317|11650|98811|9197|41506|4912|63360|7188|52662|6258|10698|2765|46923|5222|38857|4819|8066|1845|67962|7172|46685|5334|21277|3666|787401|18291|333589|11686|453812|15103|50605|4735|27792|3204|22813|3237|191372|9273|88989|5864|102383|6313|945|708|945|708|0|210|73369|6716|31927|3888|41442|4481|15102|3406|5614|1979|9488|2351|18095|3506|8662|2490|9433|1806|93754|11107|48214|6770|45540|5734|174498|10862|127147|8917|47351|4734|21977|3416|14174|2545|7803|1660|243584|17056|167289|13755|76295|8165|82080|9344|71769|9295|10311|2036|20268|4467|12892|3340|7376|2080|165379|12564|129578|11348|35801|4929|27801|5470|16684|4108|11117|2810|0|210|0|210|0|210|5362|1454|3889|1303|1473|732|74467|8986|48867|6307|25600|5043
03000A0US3|41722097|6879|36221182|44536|2668137|28743|1656640|24802|1011497|20662|107578|10224|77795|6057|29783|6272|15804|3633|9675|2831|6129|2149|53049|4788|39722|4118|13327|2042|34119|4562|26935|4097|7184|1556|137902|8568|112259|7229|25643|3360|90844|9359|65716|7417|25128|3774|42116|4539|33145|4181|8971|1900|82634|7015|50548|5410|32086|4050|208829|12323|125469|8770|83360|6089|64142|7278|40789|5330|23353|3794|82196|6267|49019|4217|33177|3412|6559|2475|4763|2205|1796|841|21839|3759|14548|2638|7291|2081|71569|7380|47822|5821|23747|3523|92724|6135|77416|5488|15308|2620|87603|8408|64809|6191|22794|3632|21749|4295|12542|3196|9207|2102|37989|5911|21208|3848|16781|3209|63647|7883|40938|5610|22709|3859|125974|9871|82310|7577|43664|4935|57015|6928|44723|5589|12292|2697|40613|5904|34401|5182|6212|2031|36260|5202|28867|4352|7393|1966|222838|12047|117303|7049|105535|8006|44914|4335|23877|2958|21037|3120|83258|6677|41715|3807|41543|4693|44063|4350|28571|3359|15492|2371|55924|5640|25329|3314|30595|3425|11529|2593|5690|1487|5839|1589|25530|4520|13474|2688|12056|2436|74462|9094|33706|5366|40756|5506|121252|7352|88904|5988|32348|3392|19016|3154|14073|2882|4943|1562|305558|14623|196978|11430|108580|7572|11023|2202|9677|1916|1346|626|101277|11676|63550|8904|37727|4941|68805|7952|51594|7363|17211|3624|32091|6582|19547|4550|12544|3801|129|161|95|109|34|57|6135|2075|5194|1627|941|1175|22220|3367|15890|2580|6330|1700
03000A0US4|17312880|7831|15592405|24689|780332|13776|468657|11227|311675|12005|48035|6068|34889|4631|13146|2800|5247|2558|3103|1983|2144|1120|4765|1300|4138|1216|627|372|9157|1744|6828|1432|2329|900|46595|5254|39980|4784|6615|1859|10458|2312|8689|1971|1769|817|3196|1408|2190|873|1006|981|27358|3505|17151|2959|10207|2043|5497|1496|4433|1393|1064|629|29020|4908|16670|3671|12350|2305|10507|2422|6574|1616|3933|1570|97|98|97|98|0|210|7065|2804|5242|2193|1823|873|6866|2104|4049|1323|2817|1561|20526|3753|18096|3362|2430|1039|8717|1942|6262|1740|2455|854|7397|3509|4784|2410|2613|1470|9418|2710|7245|2010|2173|1111|22789|3701|14068|2754|8721|2574|19563|3748|14993|2935|4570|1447|21309|4107|16669|3459|4640|1699|11526|2895|9324|2675|2202|1259|6065|1576|5756|1501|309|338|69857|6515|41117|4439|28740|3988|8322|1517|5913|1149|2409|702|18256|3190|11391|2380|6865|1565|80924|6675|50413|5419|30511|3814|58612|5404|22173|2736|36439|4331|9930|2776|5298|1843|4632|1618|17611|2913|8469|1650|9142|2016|44114|6553|15458|3072|28656|5461|28329|3296|18813|2549|9516|1671|11465|2796|7508|2034|3957|1418|48005|6807|31549|5227|16456|3188|2268|780|2009|730|259|185|114961|10833|67200|7918|47761|5365|32638|5724|23483|4154|9155|2583|34570|6671|22497|4461|12073|3326|107|126|103|126|4|7|8740|2456|7818|2399|922|661|10261|2448|7154|1703|3107|1279
03000A0US5|59986939|14588|48051303|70792|7526140|41334|4376489|43984|3149651|38832|281697|14858|214935|12078|66762|6269|494909|23566|309073|19013|185836|12042|77576|6051|60072|5426|17504|2678|226515|15723|151188|11070|75327|7901|162643|8527|142756|7657|19887|2522|39190|6336|32859|5526|6331|2199|50029|6909|39954|5826|10075|2585|160817|10113|101458|7569|59359|6215|43818|5026|31210|3733|12608|2307|45487|6753|31338|5611|14149|3084|49034|5097|34014|3887|15020|3084|5178|1331|3899|1087|1279|673|76479|8431|52001|6603|24478|3646|85685|8648|60059|6487|25626|3946|138161|9674|114960|8651|23201|3348|101768|10833|75309|8426|26459|4236|22442|4224|16033|3165|6409|2053|57066|7147|36790|5002|20276|3461|78936|8659|52759|5681|26177|4642|103999|12666|76979|8104|27020|6169|103264|9496|84062|8382|19202|3816|74509|9151|65136|8132|9373|2204|42170|5370|35167|5006|7003|1447|312372|10982|166683|8055|145689|7982|61873|6953|37857|4659|24016|4167|185436|10844|95561|7416|89875|6769|14100|3283|10311|2512|3789|1154|235563|14741|105422|8183|130141|10574|18911|4183|9930|2372|8981|2619|44043|5005|22080|3316|21963|3315|71374|6568|43097|5023|28277|3636|199538|10725|149593|10010|49945|4144|35996|5545|23363|4455|12633|3143|223009|17027|156220|12993|66789|7000|36456|5341|31126|4649|5330|1708|135841|15140|87438|12719|48403|6029|164066|11577|137121|9283|26945|5294|52092|8094|39388|6079|12704|3446|116|130|116|130|0|210|7701|2301|6388|2058|1313|780|89637|9437|68794|8480|20843|4036
03000A0US6|16022889|13123|14992221|26242|582113|13315|309424|10340|272689|11528|26522|4165|19937|3088|6585|2075|2598|1336|1653|762|945|800|5255|1205|4318|1166|937|630|8754|2605|7026|2156|1728|881|28709|4168|22710|2965|5999|2351|12079|3315|7815|2517|4264|2059|2317|945|2152|930|165|178|11052|3256|7781|2372|3271|1377|3194|1792|2081|1135|1113|865|8629|2484|5780|1783|2849|1121|4917|2413|3182|1635|1735|1025|0|210|0|210|0|210|5299|1377|4199|1290|1100|442|9021|2479|6404|1962|2617|979|16043|3832|11281|2852|4762|2321|6361|2411|5019|1751|1342|897|1847|1157|1688|1080|159|152|3959|1650|2875|1217|1084|717|13066|4294|6569|2107|6497|2969|17086|4881|12273|3668|4813|2159|9409|2778|7361|2869|2048|1209|3367|1488|2943|1383|424|307|5344|2394|4265|2308|1079|582|29911|3619|16586|2474|13325|2319|10415|2341|6060|1701|4355|1372|21003|3865|9621|2393|11382|2369|600|797|194|269|406|571|29786|4554|12724|2478|17062|3455|1875|1179|762|523|1113|903|10701|2619|5548|1631|5153|1505|15472|3116|5257|2033|10215|2302|17935|3759|12776|2601|5159|1705|7659|2391|4448|1652|3211|1849|45606|7930|28915|5492|16691|5105|1002|569|972|567|30|41|9565|3769|6634|3217|2931|1479|9937|2891|7919|2338|2018|985|21069|7060|8720|3005|12349|5273|358|290|358|290|0|210|2926|1327|2612|1217|314|329|7907|2750|5063|1915|2844|1503
03000A0US7|36053404|15752|25820126|64280|8122888|55963|5020619|57061|3102269|45653|133499|9693|110669|7623|22830|4129|14151|4196|10605|3545|3546|1390|17545|4008|12566|2708|4979|1896|43938|7510|32827|5774|11111|2851|72749|7016|61885|6925|10864|2620|12186|2665|10223|2432|1963|1486|7585|1995|5602|1483|1983|1355|39082|7137|27656|5774|11426|3063|12288|3087|9682|2926|2606|1095|11668|4031|7758|2647|3910|2077|14306|3556|11468|3038|2838|1445|1888|902|1589|868|299|281|47386|10105|31117|6586|16269|5185|42187|7208|30381|5458|11806|2689|93151|9727|73862|8457|19289|4091|85759|11621|66157|8964|19602|4030|17066|4865|10727|3126|6339|2748|34232|6843|22927|5075|11305|3060|64889|9030|46810|6674|18079|4022|31036|6401|24102|4731|6934|2789|71823|10451|56424|8434|15399|3975|46894|7056|39757|6141|7137|2057|62591|9004|43263|6349|19328|4385|204988|15300|112407|9400|92581|8652|28168|4986|15289|3001|12879|3399|66713|8781|33280|4851|33433|5751|10520|3260|5405|1950|5115|2400|267775|15779|121787|10983|145988|9274|14586|3982|5054|1915|9532|2693|29533|4737|13020|2918|16513|3076|35918|6181|16185|3638|19733|3783|90314|9019|64129|6808|26185|4408|31652|5074|21229|3635|10423|2448|137029|16283|96117|12291|40912|6956|9713|2897|9061|2791|652|691|41992|7482|26119|5160|15873|4100|90862|11261|78861|11001|12001|2974|44638|9663|34999|8337|9639|3439|2303|1830|1649|1498|654|1032|10055|1409|7553|1223|2502|918|15732|3340|12968|3042|2764|988
03000A0US8|22623081|9598|17857667|43162|3449314|34576|2291903|32513|1157411|20831|59049|6174|50142|5131|8907|2333|3566|1914|2966|1601|600|487|18441|2713|15187|2371|3254|996|39465|4730|32271|3975|7194|1700|66825|5464|59316|5097|7509|1886|10695|1828|10153|1785|542|297|9044|2190|7397|1905|1647|802|46072|5475|32393|4564|13679|2595|14321|3093|10129|2506|4192|1487|19778|4536|13627|3682|6151|1675|17597|3434|12231|2425|5366|1802|8586|2873|6401|2434|2185|1003|18706|3685|12390|2760|6316|1624|12073|3349|8683|2661|3390|1274|27956|4889|22914|4065|5042|1735|6700|2098|5231|1823|1469|648|7470|2744|5420|2018|2050|1255|7545|2228|5447|1731|2098|925|22480|4913|12432|2612|10048|3028|33999|4276|25994|3426|8005|1642|15414|3085|13761|2947|1653|656|10172|2447|8528|2151|1644|788|6144|1578|5294|1487|850|496|122619|8530|62342|5778|60277|4868|28297|4131|19078|3269|9219|1962|43400|4673|23057|3572|20343|2583|3376|1544|1316|604|2060|1188|73420|7059|32993|4357|40427|4538|6504|1893|2443|1006|4061|1434|23901|3633|12122|2180|11779|2222|14106|2878|6406|1558|7700|2030|136610|8757|94728|7775|41882|4075|41320|5542|29994|4314|11326|2334|57946|7801|39616|5707|18330|3814|8493|2204|6586|1790|1907|653|45232|6595|28173|5180|17059|3104|18395|4451|14328|3382|4067|2359|21495|4781|13946|3810|7549|2568|114620|6332|84543|6326|30077|3618|56593|4842|50972|4510|5621|1119|17675|3964|13841|3302|3834|1927
03000A0US9|49688416|7058|30943363|75176|11407879|57113|6976188|46362|4431691|40521|169776|9776|147579|8749|22197|2805|11035|3074|8693|2717|2342|1128|62960|5608|51175|4923|11785|2325|110431|8213|78604|6121|31827|4438|138394|8822|123260|7972|15134|2294|32767|4348|28269|3808|4498|1118|22676|3154|18921|3009|3755|1002|277098|15946|166929|10859|110169|8955|31870|4111|23713|3258|8157|1900|29014|4179|21811|3415|7203|2059|92505|9990|56106|7552|36399|5280|213535|13008|125919|9598|87616|6539|242475|13969|145414|9766|97061|8836|61169|7116|44057|5452|17112|2961|252146|13477|214720|11193|37426|4479|66486|7673|51957|6154|14529|2544|177849|14820|99799|9369|78050|8028|40528|6080|29367|4339|11161|2820|72587|8149|55929|5805|16658|3505|117016|9060|84460|7539|32556|4779|96939|9638|82406|8090|14533|3075|82856|8317|72945|7587|9911|2204|45237|5106|39028|4510|6209|2173|1449318|28273|682654|16235|766664|20061|204915|8896|118216|6660|86699|6596|432466|16373|204017|10695|228449|10202|80378|8588|47254|6297|33124|4385|658991|22680|260057|11537|398934|15656|85150|8903|38239|5798|46911|5019|95800|7784|42658|4874|53142|5460|88147|9198|48293|5204|39854|5599|905066|24187|581523|18859|323543|11800|302050|14613|184883|10216|117167|8326|265366|19319|171602|14390|93764|8442|50121|6772|42332|6104|7789|1920|109049|9258|68971|6507|40078|4769|53347|7828|39500|5847|13847|2974|32457|5622|22411|4312|10046|3074|1620|782|1188|631|432|352|15401|2754|13282|2521|2119|838|60183|6570|35925|4313|24258|4788
03000C0US1|12731276|2247|9967869|28879|1203573|16379|691809|13720|511764|13650|100332|7204|77525|5958|22807|3064|115324|10865|62757|7818|52567|6367|55297|4977|41196|3947|14101|2356|283635|15233|148758|9537|134877|10175|31248|3552|29767|3441|1481|584|8439|3611|7127|2709|1312|1070|32169|4557|24634|3630|7535|2100|52255|5109|33075|4061|19180|2996|50534|4432|30712|3067|19822|3116|11191|3207|7903|2273|3288|1407|17987|4343|11831|3172|6156|2129|6412|1867|5594|1648|818|425|10282|2559|6965|1653|3317|1368|23735|4218|15803|3368|7932|2014|44918|6625|36141|5276|8777|2583|16856|3989|12329|2915|4527|1584|7669|3501|5541|2819|2128|969|14894|4515|9656|3100|5238|2202|25840|4714|16750|3466|9090|2557|61938|8786|42138|5979|19800|3838|19799|3725|15000|2792|4799|1966|23016|4001|19895|3597|3121|1338|7470|1759|6448|1645|1022|627|191304|8998|99268|6092|92036|5753|12607|2586|8812|2021|3795|1081|25299|3753|15261|2506|10038|2089|1647|1696|976|978|671|755|61300|6129|23515|3595|37785|4241|27153|4772|13747|2876|13406|2894|13314|3043|7313|2124|6001|1552|17507|3920|9713|2074|7794|2603|21318|3498|16330|2913|4988|1465|5151|1775|3773|1370|1378|642|55531|7721|35395|5714|20136|3736|12117|3085|10523|2499|1594|985|16541|4039|9937|2835|6604|1982|34383|5011|25980|3889|8403|2237|18007|3980|14774|3368|3233|1361|102|115|47|78|55|86|2810|1228|2023|974|787|477|22503|3945|17783|3671|4720|1849
03000C0US2|37119096|3577|27421904|60738|4696959|39608|2643136|32130|2053823|31141|196315|10736|148143|9886|48172|6160|228059|17074|138947|11665|89112|8527|206795|9831|147677|8110|59118|4387|170203|9995|102471|6924|67732|7198|80370|5012|68606|4687|11764|2132|252916|16358|137559|11543|115357|11589|81264|7780|59848|6235|21416|3446|336227|14801|172614|10312|163613|8435|155545|10778|93589|7140|61956|6692|44302|5844|29070|4500|15232|2566|89388|7879|53443|4805|35945|5061|13416|3110|10371|2306|3045|1245|41065|7371|25915|4663|15150|4161|120608|10505|75395|7397|45213|4886|176509|11218|139935|9327|36574|4883|126087|10354|84789|7507|41298|4893|54448|7125|32063|4856|22385|3329|195790|12757|97821|7395|97969|8407|79017|8104|48074|6006|30943|4208|138820|11722|97597|9269|41223|4938|63293|7182|52629|6257|10664|2761|46923|5222|38857|4819|8066|1845|67681|7170|46547|5329|21134|3677|784324|18094|332009|11597|452315|15089|49894|4813|27215|3260|22679|3236|190757|9163|88453|5692|102304|6325|945|708|945|708|0|210|72614|6687|31267|3832|41347|4486|15102|3406|5614|1979|9488|2351|17599|3500|8260|2495|9339|1793|93425|11094|48094|6756|45331|5733|173132|10726|126023|8806|47109|4728|21845|3386|14083|2539|7762|1663|243007|17100|167099|13733|75908|8217|81830|9370|71533|9306|10297|2039|20096|4470|12865|3339|7231|2075|164891|12523|129146|11327|35745|4908|27735|5465|16618|4097|11117|2810|0|210|0|210|0|210|4205|1284|3072|1169|1133|572|73791|8918|48493|6280|25298|4996
03000C0US3|36519917|7059|31283354|41796|2538347|26246|1575796|23246|962551|19273|101015|10141|72824|6188|28191|6139|13993|3339|8999|2896|4994|2182|51290|4780|38308|4100|12982|2022|32279|4492|25605|3993|6674|1499|105086|7971|87309|6929|17777|3040|49117|5870|38897|5299|10220|2071|41624|4546|32757|4182|8867|1907|81397|6883|49556|5387|31841|4077|205732|12216|123268|8662|82464|6138|63178|7268|40023|5365|23155|3779|80932|6251|48137|4185|32795|3429|6559|2475|4763|2205|1796|841|21676|3790|14385|2657|7291|2081|71216|7334|47536|5796|23680|3516|91165|6001|76189|5369|14976|2615|87316|8392|64618|6166|22698|3645|21535|4305|12400|3197|9135|2110|37597|5882|20937|3844|16660|3210|62921|7879|40557|5628|22364|3842|123873|9869|81101|7559|42772|4925|56480|6834|44200|5473|12280|2697|39950|5988|33738|5241|6212|2031|35555|5242|28162|4392|7393|1966|218178|11952|114799|7071|103379|7810|41789|4138|22167|2822|19622|3040|81732|6689|40816|3810|40916|4637|41405|4145|26546|3119|14859|2412|54030|5441|24401|3278|29629|3296|11184|2571|5512|1480|5672|1581|23962|4423|12541|2615|11421|2378|73265|9025|32997|5349|40268|5482|117726|7179|86854|5915|30872|3414|18124|3007|13472|2697|4652|1547|298748|14516|192829|11280|105919|7512|10498|2208|9177|1919|1321|621|101018|11671|63291|8918|37727|4941|67861|7891|50949|7299|16912|3599|31386|6613|18874|4528|12512|3815|129|161|95|109|34|57|4838|2015|3925|1532|913|1173|20857|3281|14852|2497|6005|1674
03000C0US4|14335509|5599|12863002|22523|608679|11915|374241|10241|234438|10614|41838|5746|30385|4425|11453|2775|4096|2376|2894|1971|1202|696|3899|1070|3333|974|566|352|8754|1788|6444|1467|2310|900|37578|4763|32958|4445|4620|1455|7680|1989|6241|1641|1439|772|3086|1393|2080|854|1006|981|26020|3520|16365|2933|9655|1965|5254|1462|4207|1364|1047|626|28757|4940|16606|3685|12151|2336|9375|2336|5942|1624|3433|1474|97|98|97|98|0|210|6832|2804|5009|2195|1823|873|6755|2084|3938|1291|2817|1561|19390|3772|16960|3396|2430|1039|8216|1868|5868|1662|2348|826|7341|3506|4728|2403|2613|1470|9319|2712|7146|2014|2173|1111|22092|3683|13571|2754|8521|2549|18010|3535|13749|2666|4261|1428|21165|4073|16525|3420|4640|1699|11229|2822|9027|2615|2202|1259|5760|1511|5642|1489|118|135|66155|6322|38779|4390|27376|3870|7141|1512|5202|1209|1939|644|16162|3109|10163|2322|5999|1570|78348|6739|49420|5349|28928|3806|55881|5138|21366|2738|34515|4059|9301|2578|4681|1624|4620|1613|14126|2578|6925|1511|7201|1690|39176|6219|14354|3060|24822|5190|24262|3072|16016|2331|8246|1599|9415|2565|6161|1917|3254|1211|46311|6921|30857|5277|15454|3093|2268|780|2009|730|259|185|105430|10520|64543|7846|40887|4884|32473|5719|23422|4137|9051|2583|31740|6278|20591|4086|11149|3280|107|126|103|126|4|7|4261|1060|3787|950|474|476|8728|2211|6752|1669|1976|957
03000C0US5|56364180|12174|44703712|69783|7305079|39548|4244798|43741|3060281|37821|277197|14913|211620|11949|65577|6241|493143|23535|307607|18985|185536|11996|76424|6063|58920|5413|17504|2678|224812|15733|150082|11170|74730|7865|157955|8355|138884|7555|19071|2477|37686|6287|31867|5508|5819|2103|49500|6950|39463|5891|10037|2567|159213|10043|100415|7458|58798|6290|43018|5011|30793|3700|12225|2269|45261|6768|31188|5612|14073|3072|48538|5059|33669|3808|14869|3092|5151|1331|3872|1086|1279|673|76325|8469|51955|6615|24370|3659|84200|8638|59248|6368|24952|3969|136730|9650|113584|8651|23146|3349|101009|10943|74702|8526|26307|4219|22245|4209|15836|3137|6409|2053|56996|7150|36739|5017|20257|3457|77799|8568|52090|5598|25709|4663|102899|12576|76104|8100|26795|6119|102911|9512|83806|8407|19105|3775|74290|9131|64917|8107|9373|2204|42170|5370|35167|5006|7003|1447|309500|10813|166168|7996|143332|7892|60821|6891|36887|4608|23934|4165|182912|10624|94392|7383|88520|6649|11767|2933|8698|2337|3069|1009|231788|14407|104137|8160|127651|10106|18810|4172|9930|2372|8880|2600|42995|5047|21749|3292|21246|3387|68989|6777|41578|5176|27411|3615|196165|10696|146755|9968|49410|4173|35627|5526|23115|4436|12512|3133|220555|17029|154690|13042|65865|6901|36324|5367|30994|4668|5330|1708|135742|15140|87383|12718|48359|6026|162847|11538|136076|9204|26771|5275|50502|7899|37939|5971|12563|3424|116|130|116|130|0|210|5958|2249|4787|2009|1171|786|88499|9444|67904|8515|20595|3992
03000C0US6|12675189|10271|11775253|23977|496977|12022|262860|9846|234117|11150|22187|3899|16502|2933|5685|1869|2190|1284|1409|715|781|789|4483|1110|3636|977|847|628|8101|2627|6445|2171|1656|873|23018|3765|18969|2690|4049|2282|7863|2626|4888|1961|2975|1620|2117|933|2040|920|77|128|9287|3145|6737|2289|2550|1218|2638|1677|1654|1053|984|840|7469|2379|4693|1597|2776|1118|4534|2443|2995|1646|1539|1025|0|210|0|210|0|210|4825|1298|3761|1204|1064|443|7403|2437|5075|1925|2328|962|15143|3778|10561|2779|4582|2317|5888|2422|4625|1748|1263|893|1683|1126|1541|1049|142|153|3848|1629|2815|1212|1033|701|12773|4220|6380|2058|6393|2949|15722|4721|11147|3459|4575|2184|8589|2551|6541|2646|2048|1209|2916|1392|2658|1332|258|210|5326|2400|4265|2308|1061|588|27067|3334|15389|2332|11678|2182|9577|2270|5654|1653|3923|1313|19228|3623|8485|2080|10743|2323|530|787|194|269|336|552|27696|4354|11648|2379|16048|3363|1875|1179|762|523|1113|903|9558|2498|4926|1554|4632|1474|14938|2978|4869|1989|10069|2252|16417|3601|11561|2473|4856|1642|5850|2099|2978|1097|2872|1855|42121|7775|25639|4980|16482|5135|965|564|935|563|30|41|9514|3765|6583|3210|2931|1479|9733|2873|7715|2313|2018|985|20203|7040|7992|2891|12211|5285|358|290|358|290|0|210|2098|1143|2026|1115|72|119|7228|2748|4654|1915|2574|1480
03000C0US7|32755281|8880|23090631|63193|7614332|54829|4685679|56116|2928653|45235|122571|9891|101339|7962|21232|4097|13483|4119|10249|3486|3234|1385|16721|4020|11868|2671|4853|1891|40941|7019|31153|5580|9788|2392|66830|6770|56698|6570|10132|2583|11121|2564|9350|2420|1771|1425|7453|1979|5470|1457|1983|1355|38513|7204|27147|5891|11366|3056|11315|2965|8784|2773|2531|1102|11353|4002|7501|2626|3852|2072|13161|3401|10377|2826|2784|1435|1888|902|1589|868|299|281|47150|10126|30993|6607|16157|5193|41530|7204|29971|5454|11559|2674|92737|9734|73677|8446|19060|4098|85553|11610|65977|8953|19576|4028|16355|4854|10528|3165|5827|2651|31939|6785|21631|4828|10308|3129|63422|9089|45726|6599|17696|4045|29783|6455|23013|4735|6770|2807|71164|10515|56046|8487|15118|3950|46625|6976|39488|6057|7137|2057|62324|9022|42996|6338|19328|4385|200944|15182|110363|9470|90581|8478|26969|4928|14457|2907|12512|3408|65537|8681|32576|4815|32961|5679|10095|3270|5104|1976|4991|2393|264378|15566|120521|10834|143857|9209|14183|3968|4794|1889|9389|2692|28930|4667|12722|2870|16208|3034|35231|6268|15696|3702|19535|3767|87565|8921|62319|6708|25246|4367|29884|4988|19995|3637|9889|2353|134956|16222|94160|12189|40796|6955|9677|2900|9025|2794|652|691|41384|7548|25921|5166|15463|4116|90006|11241|78196|11038|11810|2944|43433|9628|33794|8314|9639|3439|1093|1042|478|409|615|972|6838|1438|5526|1018|1312|801|15283|3341|12678|3013|2605|951
03000C0US8|20066489|6917|15774137|41788|3106458|32522|2057873|30216|1048585|20378|53915|6045|45143|4961|8772|2329|3150|1782|2550|1453|600|487|16469|2533|13345|2194|3124|962|38059|4888|30957|4107|7102|1691|59244|5634|52168|5311|7076|1747|9742|1754|9200|1709|542|297|8532|2094|6885|1782|1647|802|43440|5269|30133|4365|13307|2546|13268|3007|9416|2462|3852|1333|19414|4545|13354|3698|6060|1641|16717|3354|11879|2367|4838|1776|8586|2873|6401|2434|2185|1003|18495|3664|12227|2726|6268|1638|12051|3346|8661|2658|3390|1274|27637|4872|22723|4046|4914|1732|6124|2065|4918|1767|1206|661|7470|2744|5420|2018|2050|1255|7451|2232|5353|1727|2098|925|20964|4850|11909|2604|9055|2923|32483|4328|24570|3480|7913|1622|15008|3037|13383|2910|1625|654|10077|2428|8433|2134|1644|788|6077|1571|5254|1488|823|488|118061|8691|59959|5854|58102|4986|26406|3988|17473|3109|8933|1910|42590|4597|22442|3529|20148|2600|3376|1544|1316|604|2060|1188|71825|6862|31977|4219|39848|4517|6479|1897|2418|1015|4061|1434|22499|3542|11147|2031|11352|2196|13699|2884|6391|1558|7308|2028|129837|8784|89607|7609|40230|4012|39703|5503|28420|4248|11283|2324|56984|7796|38921|5692|18063|3826|8403|2206|6523|1783|1880|651|44741|6559|28173|5180|16568|3028|18185|4437|14118|3379|4067|2359|21093|4756|13598|3776|7495|2564|65082|4970|45072|4716|20010|3407|27948|3606|25685|3485|2263|565|14610|3229|12230|3017|2380|931
03000C0US9|47688538|4700|29232315|72976|11221740|54700|6865662|46535|4356078|38751|166819|9665|145098|8540|21721|2810|10898|3103|8602|2721|2296|1140|61562|5485|50281|4957|11281|2230|107893|8003|77275|6070|30618|4179|131984|8625|117912|7940|14072|2060|32153|4326|27834|3766|4319|1090|22355|3135|18721|2981|3634|974|272419|15625|163143|10463|109276|8900|31400|4068|23411|3235|7989|1855|28916|4165|21713|3399|7203|2059|91804|9841|55518|7480|36286|5288|213150|12984|125821|9603|87329|6553|242047|13928|145142|9726|96905|8841|61169|7116|44057|5452|17112|2961|251047|13440|213765|11203|37282|4454|66089|7660|51647|6148|14442|2524|176753|14715|99051|9340|77702|7974|40289|6046|29252|4332|11037|2788|71632|8117|55412|5799|16220|3500|115565|8979|83222|7475|32343|4768|96939|9638|82406|8090|14533|3075|82710|8337|72799|7613|9911|2204|45145|5119|39028|4510|6117|2146|1442464|28297|678872|16312|763592|19763|199984|8756|114837|6420|85147|6614|431029|16257|203233|10674|227796|10065|78773|8552|46786|6251|31987|4395|654292|22633|258178|11631|396114|15487|85020|8913|38201|5813|46819|5012|94168|7799|41860|4810|52308|5542|87655|9187|48080|5205|39575|5632|891409|23794|573855|18490|317554|11895|271131|14322|164940|10058|106191|7602|265092|19282|171328|14362|93764|8442|49234|6782|41675|6169|7559|1779|108710|9194|68907|6504|39803|4671|53347|7828|39500|5847|13847|2974|32213|5561|22167|4269|10046|3074|1526|790|1094|639|432|352|13428|2553|11553|2277|1875|804|54270|6178|31876|3872|22394|4705
03000C1US1|2962855|5961|1972491|20904|537565|15605|293508|11820|244057|9798|35358|5188|24455|3887|10903|2268|44731|6680|22272|3994|22459|4525|11910|2091|8188|1562|3722|1444|56837|7044|28811|4424|28026|4400|8175|1648|7665|1632|510|359|1369|413|1199|407|170|169|5515|1777|4440|1646|1075|495|13781|2361|8749|2146|5032|1372|10211|2668|6104|1924|4107|1551|3652|2042|2249|1134|1403|1131|5552|3025|2905|1633|2647|1792|982|509|849|464|133|156|3414|1335|2421|903|993|708|5169|2602|3748|2176|1421|1039|14502|4270|11097|2935|3405|1739|4345|1615|3080|1287|1265|612|845|631|552|404|293|327|5915|3611|4256|2573|1659|1254|5398|2133|2593|1198|2805|1433|18646|4605|12720|3271|5926|1871|4562|1809|3865|1649|697|426|4127|1238|3684|1178|443|282|1889|1143|1667|1053|222|301|61445|5601|33024|3364|28421|3682|4062|1392|2749|979|1313|644|7287|1613|4827|1267|2460|970|61|109|61|109|0|210|22587|3447|8929|2082|13658|3053|4735|1991|2425|1334|2310|1071|6630|2652|4043|2005|2587|940|5757|2419|2569|925|3188|1879|6436|2386|4282|1556|2154|1210|1670|1220|1339|962|331|305|14555|4117|8825|2760|5730|2055|4639|1788|3880|1446|759|589|9347|3351|5483|2245|3864|1690|17398|3771|11966|2829|5432|1817|5653|1871|4411|1730|1242|663|47|78|47|78|0|210|789|578|606|415|183|249|12816|3469|10287|3262|2529|1600
03000C1US2|12881238|13368|7864227|39394|2549091|27386|1369176|19530|1179915|24512|111236|8220|80326|7127|30910|4903|121976|11918|74796|8009|47180|5930|72689|6180|47317|4669|25372|3142|59042|7468|29897|3512|29145|6252|23533|3074|21141|2960|2392|1067|99695|11417|51415|6545|48280|9122|36415|5119|26370|4181|10045|2066|227052|11702|100671|7995|126381|6959|60243|6571|34017|4847|26226|3888|17332|3577|11210|2769|6122|1675|33906|4989|16106|3233|17800|3614|3606|1776|2682|1120|924|872|19537|6119|10351|2742|9186|3933|10899|2629|5424|1610|5475|1628|53495|6761|39772|5618|13723|2921|55759|6997|34078|5040|21681|3704|20534|4397|8322|2107|12212|2669|152175|11103|68619|5949|83556|7834|29387|4968|15675|3132|13712|2926|77421|9080|51697|6998|25724|3876|5639|1958|5082|1787|557|424|7777|2152|6526|1981|1251|613|19958|3603|11432|2452|8526|2100|543514|15501|196603|9043|346911|12262|25429|3791|13731|2298|11698|2549|69748|5948|31644|3847|38104|3771|152|251|152|251|0|210|34482|4648|14199|2119|20283|3457|9811|2893|3869|1791|5942|1840|8923|2066|3283|1126|5640|1508|48813|5794|21893|3766|26920|3821|67605|6299|47384|4769|20221|3250|10337|2359|6491|1540|3846|1164|111723|10500|77862|8818|33861|4659|42307|7383|36702|7082|5605|1645|13369|3557|8486|2689|4883|1772|106640|10496|80934|9802|25706|4390|16274|4566|8376|3571|7898|2645|0|210|0|210|0|210|1612|889|1122|788|490|397|37875|7282|21561|4138|16314|4618
03000C1US3|12334914|22675|9972132|39292|1226765|25062|727337|21633|499428|15186|48814|6943|34224|3991|14590|4592|9917|3174|5176|2604|4741|2178|12501|1949|9336|1756|3165|919|10578|2438|8472|1930|2106|845|30175|3567|27232|3433|2943|782|7109|1721|5695|1412|1414|863|12616|2129|9609|1796|3007|1009|26455|4148|17343|3264|9112|2315|58279|6808|35838|4407|22441|3408|22992|4587|13547|2944|9445|2568|23247|4148|13501|2791|9746|2516|3335|2001|2774|1972|561|399|10123|2378|6061|1595|4062|1719|30814|6030|20338|4848|10476|2281|38698|4203|31197|3514|7501|2198|33181|4972|23117|3860|10064|2429|7261|2076|4078|1389|3183|1182|19627|3847|11267|2653|8360|2201|32073|5818|19784|3680|12289|3074|34801|4582|22605|3370|12196|2847|24786|4786|19072|3525|5714|2008|16025|3172|13287|3104|2738|1544|14889|4004|11243|3122|3646|1687|114033|8024|57235|4428|56798|6314|18305|2763|10792|1840|7513|1920|34745|4108|17730|2494|17015|2639|29136|3752|18739|2612|10397|2346|25460|3071|10167|1463|15293|2465|3869|1504|2141|951|1728|837|13847|3911|7148|2252|6699|2053|45904|6011|16739|3159|29165|4215|45065|4461|32708|3871|12357|2106|6452|1833|4752|1600|1700|720|128033|8098|78368|6015|49665|4852|5260|1600|4606|1314|654|488|63754|10422|40764|8389|22990|4417|41041|7107|30881|6555|10160|3015|20928|5180|10250|2882|10678|3637|112|155|78|102|34|57|2679|1755|1814|1204|865|1166|9098|2433|6319|1644|2779|1320
03000C1US4|5881661|11370|5065281|21722|364614|11223|218862|7806|145752|8570|22409|4140|14410|2485|7999|2592|2006|1101|1504|1079|502|310|2411|782|1989|685|422|302|4254|1392|2934|1055|1320|773|12604|2120|11350|2061|1254|577|1887|850|1647|716|240|287|937|602|761|492|176|182|9510|2207|6367|1917|3143|934|2551|915|2292|913|259|375|11401|3262|6489|2368|4912|1502|4389|1679|2599|1145|1790|1251|68|88|68|88|0|210|3864|1838|2910|1615|954|425|3621|1579|2419|908|1202|1108|9967|2362|8548|2039|1419|844|3198|1204|1720|789|1478|754|1784|1287|1241|891|543|602|6447|2256|5033|1667|1414|970|15846|3294|9826|2468|6020|1960|6855|1776|5417|1431|1438|694|10993|2691|8282|2215|2711|1284|5242|2152|4276|2062|966|758|3046|1184|2982|1163|64|112|35545|4637|20893|3227|14652|3025|4582|1297|3432|1065|1150|492|8019|1988|4994|1346|3025|1219|41175|5857|23261|3680|17914|3637|29950|3832|11010|2101|18940|2875|5017|1969|2917|1478|2100|1075|8098|2018|3634|1072|4464|1363|31765|6214|10203|2827|21562|5066|10618|2183|6869|1559|3749|1125|6002|1950|3617|1361|2385|1101|28496|5685|18812|4395|9684|2276|1442|657|1303|636|139|137|58354|7407|33503|5587|24851|3920|12865|3326|10413|2813|2452|1064|18351|4382|12008|3078|6343|1974|42|80|42|80|0|210|1579|645|1547|648|32|42|4576|1612|3203|1138|1373|813
03000C1US5|15954808|25521|12738101|44072|1949494|32897|1128832|25066|820662|19905|96489|8835|70881|6904|25608|4898|134580|12168|81972|9086|52608|6256|25773|3040|20400|2494|5373|1545|80511|8491|52314|6170|28197|5032|45394|4514|40031|4265|5363|1335|11559|2502|10169|2191|1390|746|17262|3374|12586|2686|4676|1782|48204|5608|32767|4568|15437|3034|10640|2059|7232|1397|3408|1200|18431|4285|11787|3450|6644|2154|15285|2552|11779|2348|3506|1179|1954|842|1680|769|274|274|22529|4930|15343|3248|7186|2423|20533|3834|15215|3014|5318|1639|35962|4942|29962|4563|6000|1628|17389|3510|12803|2562|4586|1890|6275|2751|4512|1888|1763|1040|15886|4608|11021|3317|4865|1996|24584|4177|18423|2803|6161|2268|32538|9470|23053|4792|9485|5873|24759|4473|19814|4144|4945|1628|26062|6107|23032|5788|3030|1267|12364|2908|10696|2749|1668|697|91624|7614|53664|4948|37960|4644|18462|2852|11677|2545|6785|1798|37062|3627|21993|2876|15069|2271|2304|1298|1818|1090|486|441|56292|6168|29328|3997|26964|4027|5053|2196|2574|1432|2479|1333|16146|3293|6781|1617|9365|2525|19067|3817|11941|2286|7126|2454|70899|5601|51417|4982|19482|2753|12276|3330|7027|2033|5249|2430|72987|8811|49672|6786|23315|3551|11363|2470|9677|2328|1686|762|33073|5223|20365|4077|12708|2477|35885|6424|28397|4674|7488|3975|16326|4292|12268|3580|4058|1423|88|120|88|120|0|210|2451|1322|2025|1149|426|452|20892|4407|15649|3242|5243|2328
03000C1US6|4967202|11638|4464758|16941|267415|10392|129702|7657|137713|8755|13009|3204|8741|2227|4268|1769|1975|1280|1251|706|724|773|2334|920|1618|661|716|616|5712|2395|4339|1979|1373|800|7343|1234|6273|1162|1070|523|1510|1149|1304|1081|206|251|1170|810|1170|810|0|210|5521|2610|4013|1858|1508|1002|1501|1042|802|553|699|706|4140|1707|2621|1230|1519|790|2087|1584|1018|834|1069|862|0|210|0|210|0|210|2667|1145|1873|939|794|377|4568|1822|3581|1694|987|656|6969|2557|4283|1623|2686|2021|3753|2062|2666|1286|1087|877|622|574|560|521|62|102|2546|1240|1923|973|623|542|10476|3838|4565|1655|5911|2875|8194|3379|5444|2565|2750|1602|3974|1645|2957|1375|1017|617|1724|1113|1621|1078|103|138|2059|989|1467|843|592|396|16505|2719|9189|1991|7316|1568|5525|1734|3292|1304|2233|1054|11556|2106|4190|1156|7366|1692|57|115|57|115|0|210|13578|3011|5704|1655|7874|2074|1397|1110|463|443|934|887|4875|1975|2359|1148|2516|1214|12348|2654|3285|1121|9063|2149|8578|2736|5972|1607|2606|1445|3209|1594|1580|774|1629|1440|26875|6143|15983|3834|10892|3588|612|509|598|508|14|32|8953|3730|6161|3173|2792|1485|6122|2414|5134|2063|988|576|16422|6743|5975|2663|10447|5176|0|210|0|210|0|210|399|310|399|310|0|210|4164|2132|2810|1556|1354|1113
03000C1US7|15399289|24139|10142306|57028|4248273|48339|2576254|36346|1672019|37262|56634|6957|46245|5410|10389|3040|6533|2356|5099|2084|1434|748|9908|3291|7394|2308|2514|1423|18134|3755|13348|3064|4786|1785|30578|3994|26292|3921|4286|1886|4222|1657|4189|1652|33|56|5345|1765|3808|1230|1537|1317|20192|4591|13380|3649|6812|2367|5969|1962|4962|1939|1007|693|4886|1791|3412|1377|1474|1023|6222|2312|5114|2087|1108|750|901|580|602|476|299|281|26495|6941|18246|5099|8249|2942|15028|3119|10738|2306|4290|1553|50702|6175|41180|5551|9522|2277|34904|6687|28606|6021|6298|1694|5972|1909|4328|1516|1644|854|20553|5298|13439|3709|7114|2794|36052|6729|25222|4871|10830|3441|14835|3467|11578|2661|3257|1951|36281|6225|26868|4600|9413|3588|24511|4604|20684|4154|3827|1499|23615|4200|17349|3583|6266|1918|107804|10157|57727|6010|50077|5931|13100|3291|7076|2023|6024|1831|31691|4674|17338|3006|14353|2794|3292|1767|1849|988|1443|1160|107942|10597|48180|5928|59762|6984|3674|1730|931|575|2743|1298|16863|3797|7543|2152|9320|2628|20970|4166|9519|2580|11451|2316|41255|5430|28306|4226|12949|2878|17624|3317|12099|2706|5525|1577|82181|15221|56331|11047|25850|6104|5962|1877|5322|1604|640|691|27922|6885|16541|4657|11381|3850|39060|6396|32780|6015|6280|1753|21841|6634|15299|5254|6542|2837|293|348|293|348|0|210|2162|847|1712|630|450|475|6602|1913|5326|1675|1276|639
03000C1US8|9712540|15739|7398597|35121|1702071|31569|1117621|25791|584450|16792|33720|5340|27239|4325|6481|2111|2692|1771|2092|1428|600|487|9743|1987|7866|1663|1877|705|18853|3755|15473|3051|3380|1330|29877|4321|27540|4051|2337|875|4651|1328|4394|1317|257|255|4547|1250|3669|1137|878|393|18852|2805|13165|2158|5687|1453|5272|1361|3498|1015|1774|831|8058|2446|5079|1848|2979|1190|10315|2370|7256|1856|3059|1335|4237|2031|3476|1862|761|597|10870|2332|6950|1629|3920|1292|8068|3074|6237|2576|1831|940|16158|3233|13683|2736|2475|1197|2074|957|1286|617|788|522|3044|1646|2469|1363|575|449|5379|1623|3813|1231|1566|804|13174|3755|7721|2062|5453|2184|15340|3684|11453|2743|3887|1390|8988|2388|7628|2219|1360|639|5977|1892|5433|1694|544|428|3191|957|2746|865|445|346|56457|5293|30726|3562|25731|3278|12312|2078|8677|1852|3635|1066|22110|3332|11204|2210|10906|1996|495|400|429|343|66|82|36997|5443|16193|3041|20804|3559|2533|1244|814|452|1719|955|9532|2061|4939|1413|4593|1406|9509|2353|4110|1192|5399|1800|63627|6838|43279|5714|20348|3132|14144|3222|8618|2223|5526|1682|38509|6816|24615|4495|13894|3650|4902|1698|3939|1363|963|497|32273|6040|20552|4876|11721|2604|12326|3952|9123|2678|3203|2233|13121|3924|7584|2710|5537|2495|24421|4059|18587|3707|5834|1705|8473|2458|7583|2334|890|396|7051|1807|5583|1513|1468|784
03000C1US9|21833365|18315|12774360|58555|5143355|44702|3095811|34191|2047544|27051|92682|7570|80794|6862|11888|2127|6661|2606|4915|2094|1746|1063|35998|3908|29546|3697|6452|1468|52191|6198|38440|4825|13751|2969|68477|6736|61127|6067|7350|1607|14392|3168|12173|2603|2219|890|11378|2247|9806|2198|1572|652|157310|10069|95470|7676|61840|5698|13658|2362|10892|2095|2766|937|15378|3286|11340|2772|4038|1574|36914|5914|21413|3825|15501|3710|183403|11464|103561|8058|79842|6378|141044|11586|80632|6738|60412|7387|34174|5568|25256|4453|8918|2189|143168|9776|122276|8015|20892|3597|32995|5900|26005|4965|6990|1791|84229|9918|48152|6577|36077|4877|25604|5241|18008|3778|7596|2532|42529|5894|32663|4023|9866|2917|50379|6617|36324|5020|14055|3351|55155|7158|45996|6492|9159|2021|46116|6511|41573|6064|4543|1583|26661|4472|22703|3828|3958|1995|741287|18620|364186|12648|377101|12585|112974|7737|60069|4767|52905|5777|248352|13138|117064|7839|131288|7820|51259|7613|29783|5490|21476|4083|362322|16790|144265|8809|218057|11841|51704|7358|24197|5224|27507|3784|53404|5648|21308|2756|32096|4405|47949|6961|27076|4170|20873|3854|451575|16516|285239|11868|166336|8802|126304|9623|76981|6675|49323|5082|122795|12433|81431|9764|41364|5177|37547|6355|31798|5742|5749|1439|57953|6889|35138|4792|22815|3809|24365|4525|17203|3204|7162|2072|16545|3752|12368|3261|4177|1429|1336|748|926|586|410|352|7573|2158|6047|1854|1526|804|29910|5117|15852|2569|14058|4220
03000C2US1|9768421|6266|7995378|28726|666008|15300|398301|12981|267707|10273|64974|5251|53070|5013|11904|1949|70593|8531|40485|6531|30108|4636|43387|4583|33008|3786|10379|1895|226798|14392|119947|8443|106851|9542|23073|3186|22102|3061|971|511|7070|3673|5928|2756|1142|1061|26654|4471|20194|3456|6460|2043|38474|4625|24326|3357|14148|2492|40323|4167|24608|2860|15715|2551|7539|2257|5654|1917|1885|762|12435|3260|8926|2664|3509|1449|5430|1875|4745|1669|685|399|6868|2182|4544|1424|2324|1185|18566|3832|12055|2919|6511|1739|30416|4679|25044|4006|5372|1985|12511|3624|9249|2739|3262|1361|6824|3591|4989|2934|1835|954|8979|2906|5400|1670|3579|1883|20442|4098|14157|3297|6285|1806|43292|7630|29418|5132|13874|3315|15237|3396|11135|2391|4102|1893|18889|3647|16211|3163|2678|1293|5581|1438|4781|1311|800|590|129859|7633|66244|4997|63615|5160|8545|2244|6063|1778|2482|932|18012|3020|10434|1950|7578|1746|1586|1696|915|977|671|755|38713|5264|14586|2845|24127|3417|22418|3930|11322|2470|11096|2503|6684|1773|3270|1069|3414|1287|11750|3082|7144|1964|4606|1699|14882|2982|12048|2694|2834|869|3481|1376|2434|1043|1047|578|40976|6319|26570|4723|14406|3164|7478|2151|6643|1911|835|580|7194|2408|4454|1702|2740|1185|16985|3419|14014|2730|2971|1367|12354|3327|10363|2698|1991|1196|55|86|0|210|55|86|2021|1107|1417|886|604|414|9687|2138|7496|2124|2191|961
03000C2US2|24237858|13615|19557677|42877|2147868|31767|1273960|25905|873908|20879|85079|7452|67817|6273|17262|3828|106083|9871|64151|7125|41932|5408|134106|7916|100360|6651|33746|3498|111161|8156|72574|6266|38587|3914|56837|4219|47465|3697|9372|1845|153221|11278|86144|8492|67077|6295|44849|5460|33478|4177|11371|2434|109175|8782|71943|7383|37232|4030|95302|8012|59572|5110|35730|4855|26970|4904|17860|3595|9110|2238|55482|5620|37337|4203|18145|3330|9810|2364|7689|1925|2121|826|21528|3908|15564|3576|5964|1384|109709|10429|69971|7210|39738|4931|123014|9689|100163|7955|22851|4186|70328|7752|50711|5900|19617|3205|33914|6352|23741|4517|10173|2552|43615|6497|29202|5001|14413|2520|49630|6294|32399|4833|17231|3137|61399|7186|45900|5483|15499|2979|57654|7002|47547|6137|10107|2711|39146|4895|32331|4595|6815|1640|47723|6061|35115|4838|12608|2588|240810|10397|135406|7452|105404|6464|24465|3510|13484|2615|10981|1999|121009|8084|56809|4452|64200|5691|793|659|793|659|0|210|38132|5895|17068|3242|21064|3718|5291|1864|1745|793|3546|1387|8676|2686|4977|2055|3699|1056|44612|8848|26201|5581|18411|3912|105527|8345|78639|6483|26888|3409|11508|2684|7592|2165|3916|1190|131284|12787|89237|9563|42047|6022|39523|6297|34831|6072|4692|1328|6727|2422|4379|1874|2348|1078|58251|6347|48212|5252|10039|2621|11461|2813|8242|2297|3219|1331|0|210|0|210|0|210|2593|973|1950|859|643|442|35916|4896|26932|4156|8984|2072
03000C2US3|24185003|24067|21311222|40539|1311582|25686|848459|18996|463123|16168|52201|6768|38600|4987|13601|3092|4076|1271|3823|1223|253|247|38789|4685|28972|3872|9817|1775|21701|3739|17133|3656|4568|1042|74911|7082|60077|5650|14834|3049|42008|5862|33202|5338|8806|1778|29008|4102|23148|3722|5860|1570|54942|5256|32213|3935|22729|3368|147453|10749|87430|7748|60023|5535|40186|5599|26476|4247|13710|2712|57685|5429|34636|3928|23049|2887|3224|1162|1989|752|1235|724|11553|2857|8324|2283|3229|1144|40402|4699|27198|3222|13204|2647|52467|5030|44992|4586|7475|1317|54135|6630|41501|5264|12634|2404|14274|3512|8322|2604|5952|1669|17970|4367|9670|2702|8300|2321|30848|5062|20773|3840|10075|2692|89072|8706|58496|6985|30576|4116|31694|5160|25128|4129|6566|1802|23925|4659|20451|3981|3474|1431|20666|3822|16919|3358|3747|980|104145|7507|57564|5053|46581|4673|23484|3613|11375|2138|12109|2551|46987|5847|23086|2906|23901|4090|12269|2374|7807|1811|4462|1281|28570|4830|14234|3081|14336|2492|7315|2036|3371|1083|3944|1308|10115|2008|5393|1367|4722|1252|27361|5698|16258|4143|11103|2613|72661|6559|54146|5248|18515|2663|11672|2632|8720|2367|2952|1249|170715|12529|114461|9736|56254|5679|5238|1490|4571|1392|667|408|37264|6284|22527|4210|14737|2870|26820|3952|20068|3440|6752|1548|10458|3929|8624|3371|1834|997|17|33|17|33|0|210|2159|992|2111|973|48|88|11759|2029|8533|1749|3226|1119
03000C2US4|8453848|12672|7797721|22116|244065|10067|155379|8571|88686|6422|19429|3692|15975|3453|3454|1235|2090|2146|1390|1682|700|624|1488|668|1344|631|144|152|4500|1415|3510|1182|990|475|24974|4316|21608|3961|3366|1269|5793|1741|4594|1448|1199|729|2149|1206|1319|604|830|964|16510|3049|9998|2178|6512|1663|2703|1041|1915|859|788|514|17356|3553|10117|2463|7239|1940|4986|1691|3343|1172|1643|931|29|48|29|48|0|210|2968|1830|2099|1183|869|767|3134|1736|1519|961|1615|1261|9423|2715|8412|2532|1011|587|5018|1748|4148|1599|870|465|5557|3139|3487|2132|2070|1327|2872|1320|2113|1257|759|544|6246|2181|3745|1388|2501|1400|11155|3208|8332|2374|2823|1357|10172|3106|8243|2747|1929|1169|5987|2276|4751|1988|1236|967|2714|1252|2660|1230|54|76|30610|4396|17886|3316|12724|2196|2559|934|1770|792|789|463|8143|2284|5169|1849|2974|926|37173|4611|26159|3533|11014|2058|25931|3885|10356|2288|15575|2815|4284|1668|1764|800|2520|1253|6028|1542|3291|1015|2737|961|7411|2130|4151|1362|3260|1454|13644|2119|9147|1644|4497|1111|3413|1505|2544|1358|869|395|17815|4255|12045|3070|5770|2179|826|444|706|366|120|114|47076|8052|31040|6242|16036|3049|19608|4902|13009|3241|6599|2557|13389|3969|8583|2675|4806|2474|65|97|61|97|4|7|2682|866|2240|709|442|460|4152|1473|3549|1308|603|386
03000C2US5|40409372|27591|31965611|61917|5355585|35221|3115966|38186|2239619|32034|180708|12391|140739|10355|39969|4139|358563|21240|225635|16346|132928|11469|50651|4896|38520|4230|12131|2337|144301|12721|97768|9552|46533|5713|112561|6809|98853|5911|13708|2142|26127|5593|21698|4778|4429|2025|32238|5983|26877|5209|5361|1672|111009|8056|67648|6100|43361|5153|32378|4695|23561|3600|8817|2089|26830|5787|19401|4638|7429|2346|33253|5043|21890|3564|11363|2787|3197|1083|2192|770|1005|591|53796|7222|36612|5813|17184|2837|63667|7782|44033|5711|19634|3794|100768|8346|83622|7378|17146|2976|83620|10746|61899|8682|21721|3779|15970|3231|11324|2361|4646|1870|41110|6088|25718|3999|15392|2922|53215|6594|33667|4521|19548|3958|70361|7613|53051|6103|17310|3158|78152|8839|63992|7269|14160|3658|48228|6093|41885|5163|6343|1946|29806|4951|24471|4483|5335|1305|217876|10681|112504|7272|105372|7633|42359|5924|25210|3502|17149|3523|145850|9808|72399|6213|73451|6344|9463|2582|6880|2057|2583|923|175496|12895|74809|7229|100687|8646|13757|3146|7356|1791|6401|1866|26849|3830|14968|2638|11881|2337|49922|5965|29637|4632|20285|3142|125266|9551|95338|8451|29928|3443|23351|4667|16088|4029|7263|2128|147568|15250|105018|11709|42550|5818|24961|4671|21317|4238|3644|1299|102669|13743|67018|11414|35651|5575|126962|10235|107679|8976|19283|3455|34176|6709|25671|5198|8505|3081|28|52|28|52|0|210|3507|1604|2762|1363|745|646|67607|8510|52255|8044|15352|3441
03000C2US6|7707987|14413|7310495|22934|229562|10266|133158|7219|96404|7356|9178|1952|7761|1623|1417|786|215|171|158|137|57|103|2149|886|2018|830|131|141|2389|911|2106|847|283|250|15675|3536|12696|2383|2979|2296|6353|2501|3584|1685|2769|1607|947|506|870|492|77|128|3766|1550|2724|1255|1042|615|1137|1314|852|887|285|451|3329|1507|2072|984|1257|731|2447|1821|1977|1343|470|587|0|210|0|210|0|210|2158|906|1888|889|270|225|2835|1384|1494|743|1341|742|8174|2857|6278|2293|1896|1018|2135|1227|1959|1182|176|180|1061|955|981|902|80|117|1302|1075|892|744|410|468|2297|1431|1815|1321|482|259|7528|3078|5703|2205|1825|1355|4615|1911|3584|2087|1031|1090|1192|807|1037|740|155|152|3267|2240|2798|2108|469|468|10562|2286|6200|1565|4362|1418|4052|1489|2362|1081|1690|871|7672|2503|4295|1602|3377|1433|473|779|137|243|336|552|14118|3051|5944|1678|8174|2732|478|374|299|250|179|194|4683|1934|2567|1003|2116|1214|2590|1944|1584|1750|1006|660|7839|2382|5589|1854|2250|956|2641|1404|1398|776|1243|1127|15246|4609|9656|3211|5590|3307|353|283|337|283|16|26|561|428|422|422|139|132|3611|1549|2581|1170|1030|776|3781|2490|2017|1407|1764|1281|358|290|358|290|0|210|1699|1069|1627|1044|72|119|3064|1451|1844|979|1220|776
03000C2US7|17355992|25343|12948325|50069|3366059|42329|2109425|42088|1256634|28259|65937|6703|55094|5860|10843|2549|6950|3098|5150|2543|1800|1175|6813|2317|4474|1536|2339|1338|22807|5429|17805|4018|5002|2079|36252|5261|30406|5010|5846|1643|6899|2079|5161|1604|1738|1423|2108|971|1662|812|446|339|18321|4598|13767|4252|4554|1899|5346|1905|3822|1613|1524|863|6467|3415|4089|2276|2378|1631|6939|2391|5263|1733|1676|1239|987|770|987|770|0|210|20655|7142|12747|4006|7908|4190|26502|6583|19233|4795|7269|2459|42035|8295|32497|7199|9538|3130|50649|8980|37371|6082|13278|3870|10383|4526|6200|2876|4183|2486|11386|3880|8192|2975|3194|1483|27370|6049|20504|4749|6866|2084|14948|4951|11435|3616|3513|1941|34883|7551|29178|6413|5705|2084|22114|4722|18804|4161|3310|1400|38709|7884|25647|5169|13062|3982|93140|10458|52636|6507|40504|6334|13869|4557|7381|2324|6488|3249|33846|7002|15238|3650|18608|4592|6803|3078|3255|1669|3548|2289|156436|12416|72341|8634|84095|7283|10509|3312|3863|1765|6646|2271|12067|2800|5179|1503|6888|2118|14261|3817|6177|2292|8084|2593|46310|6301|34013|5181|12297|2883|12260|3403|7896|2201|4364|1801|52775|7620|37829|6023|14946|4065|3715|2031|3703|2033|12|21|13462|4056|9380|2908|4082|1940|50946|9173|45416|9317|5530|2533|21592|7209|18495|6697|3097|2098|800|984|185|210|615|972|4676|1171|3814|926|862|621|8681|3215|7352|3051|1329|685
03000C2US8|10353949|17089|8375540|36264|1404387|26543|940252|22093|464135|15961|20195|2682|17904|2493|2291|810|458|358|458|358|0|210|6726|1624|5479|1353|1247|703|19206|3562|15484|3089|3722|1349|29367|3670|24628|3109|4739|1579|5091|1220|4806|1176|285|200|3985|1714|3216|1336|769|706|24588|4865|16968|3829|7620|2276|7996|2733|5918|2306|2078|936|11356|4048|8275|3197|3081|1398|6402|2069|4623|1450|1779|1117|4349|1836|2925|1413|1424|765|7625|2488|5277|1995|2348|1116|3983|1646|2424|1043|1559|967|11479|3377|9040|2715|2439|1240|4050|1704|3632|1556|418|393|4426|2248|2951|1493|1475|1153|2072|1277|1540|992|532|464|7790|2691|4188|1548|3602|1782|17143|2780|13117|2351|4026|1222|6020|2044|5755|2038|265|249|4100|1501|3000|1186|1100|715|2886|1125|2508|1049|378|362|61604|6737|29233|4549|32371|3979|14094|3163|8796|2314|5298|1504|20480|3943|11238|2921|9242|2215|2881|1459|887|517|1994|1173|34828|5036|15784|3123|19044|3378|3946|1449|1604|908|2342|1081|12967|2980|6208|1725|6759|1755|4190|1703|2281|988|1909|917|66210|6841|46328|5859|19882|2933|25559|4922|19802|3888|5757|1764|18475|3980|14306|3519|4169|1407|3501|1487|2584|1212|917|499|12468|4053|7621|2576|4847|1940|5859|2644|4995|2588|864|684|7972|3601|6014|3065|1958|1034|40661|3346|26485|2974|14176|2451|19475|3078|18102|3001|1373|434|7559|2684|6647|2662|912|451
03000C2US9|25855173|18863|16457955|66298|6078385|55555|3769851|43380|2308534|34045|74137|5773|64304|5011|9833|1920|4237|2241|3687|2207|550|369|25564|3730|20735|3153|4829|1547|55702|5698|38835|4862|16867|2408|63507|5916|56785|5758|6722|1328|17761|2611|15661|2331|2100|740|10977|2436|8915|2083|2062|927|115109|11816|67673|6834|47436|6860|17742|3436|12519|2737|5223|1538|13538|2768|10373|2293|3165|1229|54890|8281|34105|6571|20785|3871|29747|5251|22260|4639|7487|1518|101003|9842|64510|7173|36493|5263|26995|4460|18801|3402|8194|2178|107879|9061|91489|7994|16390|2539|33094|5204|25642|3823|7452|1995|92524|10248|50899|6501|41625|6015|14685|3319|11244|2392|3441|1431|29103|5175|22749|4523|6354|1599|65186|8183|46898|6876|18288|3211|41784|6233|36410|5249|5374|1935|36594|5046|31226|4570|5368|1539|18484|3711|16325|3300|2159|823|701177|22557|314686|11180|386491|16097|87010|6350|54768|4728|32242|3507|182677|11122|86169|7390|96508|6667|27514|4771|17003|3269|10511|2436|291970|14026|113913|7553|178057|9855|33316|4234|14004|2579|19312|2892|40764|5194|20552|3352|20212|3169|39706|5327|21004|3658|18702|3303|439834|18714|288616|13923|151218|8863|144827|11180|87959|7839|56868|6353|142297|14212|89897|10424|52400|6386|11687|2976|9877|2799|1810|906|50757|6579|33769|5056|16988|3256|28982|5863|22297|4549|6685|2198|15668|4297|9799|2837|5869|2674|190|229|168|228|22|34|5855|1715|5506|1627|349|262|24360|4249|16024|3063|8336|2328
03000E0US2|1938598|1321|1837120|6450|37269|2993|22132|2193|15137|2091|3574|799|2919|681|655|270|296|259|136|173|160|211|2693|783|2170|701|523|254|485|234|375|198|110|113|9782|2342|6849|1902|2933|969|23882|3566|14791|2798|9091|2024|460|306|438|304|22|28|1976|821|1273|522|703|540|1902|785|1326|488|576|422|1080|710|740|560|340|321|1630|914|697|312|933|727|62|98|62|98|0|210|146|155|146|155|0|210|360|383|226|224|134|203|283|284|143|137|140|171|618|554|451|417|167|169|175|180|12|24|163|180|1094|504|616|375|478|396|999|520|788|467|211|140|1497|806|1214|673|283|320|67|119|33|64|34|60|0|210|0|210|0|210|281|237|138|135|143|159|3077|927|1580|674|1497|535|711|387|577|344|134|128|615|560|536|555|79|84|0|210|0|210|0|210|755|493|660|466|95|80|0|210|0|210|0|210|496|531|402|400|94|161|329|258|120|125|209|209|1366|591|1124|548|242|216|132|110|91|97|41|56|577|479|190|134|387|445|250|269|236|268|14|24|172|164|27|42|145|161|488|363|432|349|56|80|66|90|66|90|0|210|0|210|0|210|0|210|1157|726|817|642|340|492|676|409|374|241|302|237
03000E0US3|5202180|5396|4937828|11804|129790|6624|80844|5326|48946|3985|6563|1415|4971|1157|1592|706|1811|1135|676|674|1135|710|1759|572|1414|507|345|276|1840|858|1330|739|510|439|32816|3930|24950|2925|7866|1929|41727|6102|26819|4578|14908|3091|492|232|388|201|104|111|1237|508|992|451|245|207|3097|1121|2201|705|896|584|964|731|766|544|198|260|1264|665|882|444|382|351|0|210|0|210|0|210|163|163|163|163|0|210|353|493|286|464|67|107|1559|739|1227|555|332|391|287|303|191|174|96|169|214|211|142|135|72|91|392|353|271|278|121|125|726|544|381|331|345|490|2101|917|1209|490|892|676|535|507|523|510|12|25|663|495|663|495|0|210|705|417|705|417|0|210|4660|1179|2504|899|2156|778|3125|1069|1710|754|1415|788|1526|490|899|431|627|368|2658|1195|2025|912|633|455|1894|683|928|394|966|436|345|344|178|207|167|203|1568|815|933|546|635|512|1197|611|709|386|488|356|3526|675|2050|514|1476|467|892|619|601|496|291|225|6810|2343|4149|1599|2661|1076|525|418|500|418|25|29|259|183|259|183|0|210|944|590|645|505|299|290|705|506|673|502|32|46|0|210|0|210|0|210|1297|851|1269|849|28|38|1363|498|1038|436|325|194
03000E0US4|2977371|5885|2729403|9380|171653|6917|94416|5310|77237|5420|6197|1501|4504|1168|1693|963|1151|862|209|285|942|856|866|533|805|523|61|94|403|317|384|318|19|33|9017|2138|7022|1357|1995|1243|2778|1196|2448|1094|330|217|110|120|110|120|0|210|1338|726|786|654|552|401|243|186|226|179|17|29|263|202|64|84|199|179|1132|751|632|363|500|597|0|210|0|210|0|210|233|235|233|235|0|210|111|173|111|173|0|210|1136|503|1136|503|0|210|501|554|394|460|107|177|56|85|56|85|0|210|99|140|99|140|0|210|697|546|497|487|200|297|1553|754|1244|735|309|291|144|200|144|200|0|210|297|376|297|376|0|210|305|339|114|99|191|302|3702|1118|2338|944|1364|512|1181|660|711|515|470|286|2094|864|1228|577|866|539|2576|1244|993|755|1583|724|2731|1028|807|428|1924|854|629|543|617|541|12|24|3485|1425|1544|775|1941|1003|4938|1735|1104|600|3834|1407|4067|1205|2797|929|1270|543|2050|1143|1347|870|703|629|1694|943|692|563|1002|726|0|210|0|210|0|210|9531|1990|2657|1132|6874|1616|165|197|61|111|104|158|2830|1136|1906|1042|924|345|0|210|0|210|0|210|4479|2199|4031|2143|448|432|1533|794|402|258|1131|814
03000E0US5|3622759|9640|3347591|12336|221061|8277|131691|6142|89370|5698|4500|1719|3315|1257|1185|824|1766|883|1466|790|300|254|1152|828|1152|828|0|210|1703|1033|1106|585|597|634|4688|1646|3872|1402|816|512|1504|735|992|544|512|443|529|485|491|482|38|65|1604|1071|1043|662|561|601|800|518|417|358|383|417|226|168|150|151|76|107|496|575|345|468|151|184|27|42|27|42|0|210|154|217|46|76|108|204|1485|1211|811|740|674|657|1431|721|1376|712|55|125|759|524|607|472|152|130|197|173|197|173|0|210|70|161|51|136|19|40|1137|977|669|503|468|507|1100|777|875|722|225|321|353|314|256|260|97|158|219|243|219|243|0|210|0|210|0|210|0|210|2872|1020|515|432|2357|932|1052|772|970|764|82|133|2524|1023|1169|681|1355|704|2333|1258|1613|883|720|444|3775|1653|1285|868|2490|1191|101|174|0|210|101|174|1048|396|331|254|717|364|2385|2064|1519|1266|866|875|3373|1154|2838|1095|535|370|369|258|248|214|121|130|2454|1200|1530|750|924|690|132|136|132|136|0|210|99|163|55|125|44|104|1219|836|1045|771|174|291|1590|1572|1449|1495|141|183|0|210|0|210|0|210|1743|670|1601|638|142|182|1138|592|890|500|248|234
03000E0US6|3347700|9785|3216968|12841|85136|4878|46564|4308|38572|3640|4335|1994|3435|1537|900|852|408|290|244|205|164|137|772|488|682|472|90|91|653|425|581|419|72|99|5691|1740|3741|1128|1950|1107|4216|2141|2927|1883|1289|1136|200|164|112|100|88|128|1765|1018|1044|583|721|736|556|567|427|376|129|207|1160|1009|1087|986|73|122|383|303|187|184|196|249|0|210|0|210|0|210|474|375|438|368|36|69|1618|965|1329|820|289|296|900|685|720|540|180|232|473|355|394|290|79|110|164|240|147|210|17|33|111|200|60|100|51|101|293|397|189|235|104|186|1364|890|1126|693|238|308|820|806|820|806|0|210|451|499|285|354|166|234|18|40|0|210|18|40|2844|1231|1197|711|1647|794|838|521|406|284|432|403|1775|1006|1136|898|639|386|70|140|0|210|70|140|2090|1238|1076|716|1014|664|0|210|0|210|0|210|1143|777|622|424|521|408|534|527|388|473|146|201|1518|627|1215|525|303|284|1809|1393|1470|1283|339|212|3485|2204|3276|2127|209|194|37|63|37|63|0|210|51|118|51|118|0|210|204|200|204|200|0|210|866|694|728|673|138|208|0|210|0|210|0|210|828|745|586|485|242|345|679|392|409|291|270|259
03000E0US9|1999878|4732|1711048|11621|186139|9930|110526|7248|75613|6287|2957|925|2481|907|476|253|137|141|91|90|46|90|1398|892|894|469|504|690|2538|1417|1329|778|1209|1087|6410|1666|5348|1333|1062|746|614|405|435|340|179|230|321|313|200|201|121|230|4679|2347|3786|2203|893|517|470|347|302|245|168|248|98|143|98|143|0|210|701|603|588|487|113|192|385|461|98|164|287|362|428|261|272|206|156|151|0|210|0|210|0|210|1099|826|955|674|144|180|397|356|310|261|87|136|1096|599|748|457|348|282|239|281|115|195|124|202|955|988|517|616|438|432|1451|659|1238|562|213|210|0|210|0|210|0|210|146|242|146|242|0|210|92|179|0|210|92|179|6854|1613|3782|1074|3072|1054|4931|1441|3379|1217|1552|585|1437|607|784|421|653|419|1605|1019|468|425|1137|803|4699|1788|1879|1110|2820|1172|130|152|38|70|92|97|1632|1083|798|668|834|592|492|455|213|282|279|294|13657|3080|7668|2460|5989|1466|30919|4847|19943|3706|10976|2472|274|238|274|238|0|210|887|666|657|438|230|373|339|400|64|89|275|388|0|210|0|210|0|210|244|310|244|310|0|210|94|87|94|87|0|210|1973|911|1729|874|244|252|5913|2377|4049|2043|1864|870
03000E2US3|3650142|22341|3482130|23735|66777|5182|43064|3790|23713|2859|3472|913|2734|831|738|362|241|233|155|189|86|146|1358|457|1013|379|345|276|1024|530|803|436|221|322|30058|3900|22594|2883|7464|1914|40930|6004|26048|4538|14882|3083|344|209|240|175|104|111|786|345|541|244|245|207|1815|634|1589|585|226|184|676|670|529|476|147|239|629|312|448|233|181|162|0|210|0|210|0|210|40|52|40|52|0|210|67|107|0|210|67|107|483|367|461|367|22|31|150|252|54|87|96|169|214|211|142|135|72|91|240|261|119|142|121|125|257|190|215|172|42|71|1253|728|816|403|437|418|126|148|114|155|12|25|309|406|309|406|0|210|418|365|418|365|0|210|2231|933|1556|828|675|463|1899|701|1331|630|568|400|1058|445|477|244|581|350|1567|786|1379|771|188|167|489|352|230|169|259|251|345|344|178|207|167|203|952|560|782|519|170|132|578|348|390|259|188|169|1939|502|1172|409|767|338|595|453|367|318|228|182|1671|1154|921|531|750|680|457|406|432|406|25|29|0|210|0|210|0|210|281|275|35|78|246|264|378|449|351|448|27|42|0|210|0|210|0|210|840|686|812|684|28|38|1065|402|888|378|177|161
03000G0US3|2840334|4721|2681531|8280|56258|3038|35653|2542|20605|2096|2935|695|2229|590|706|390|274|212|199|143|75|124|912|358|653|326|259|158|1430|836|1281|735|149|140|32145|4973|23257|4175|8888|1900|44379|4682|29363|4628|15016|2986|155|131|14|24|141|122|911|375|634|272|277|253|1998|606|1246|427|752|387|87|74|74|72|13|22|379|231|341|233|38|39|55|95|55|95|0|210|375|443|375|443|0|210|1046|767|950|682|96|172|471|381|452|377|19|30|71|91|18|41|53|83|148|139|0|210|148|139|0|210|0|210|0|210|151|144|151|144|0|210|1716|488|1331|391|385|277|114|142|114|142|0|210|26|46|26|46|0|210|91|91|91|91|0|210|2085|768|667|304|1418|662|582|431|494|399|88|114|976|491|661|414|315|209|367|225|230|167|137|144|555|333|281|189|274|197|7|12|7|12|0|210|330|272|229|243|101|84|331|280|147|114|184|248|1752|448|1265|353|487|306|421|185|310|145|111|101|1807|901|942|476|865|504|116|148|116|148|0|210|76|80|75|79|1|5|115|113|12|20|103|112|648|388|540|361|108|118|156|181|156|181|0|210|1584|491|1315|451|269|191|768|350|524|328|244|159
03000G0US4|3041045|6374|2875219|9406|93047|4365|54656|3434|38391|3373|1960|597|1672|521|288|217|220|184|102|109|118|99|588|547|375|412|213|209|1268|843|993|674|275|226|15053|1726|11602|1398|3451|869|17485|4107|14935|3979|2550|764|222|284|201|285|21|35|568|265|415|220|153|135|404|458|373|442|31|39|467|317|361|275|106|90|1252|446|882|359|370|311|0|210|0|210|0|210|39|57|32|44|7|18|0|210|0|210|0|210|5|10|5|10|0|210|13|26|0|210|13|26|81|91|81|91|0|210|103|115|32|46|71|89|530|342|278|198|252|175|1285|448|1129|404|156|185|79|123|31|50|48|74|208|186|208|186|0|210|433|388|433|388|0|210|879|397|305|206|574|347|1082|531|704|427|378|297|453|226|226|160|227|148|1323|501|699|370|624|551|1130|575|366|211|764|492|185|159|37|60|148|151|1177|504|636|389|541|324|2079|599|1141|545|938|553|2703|715|1983|619|720|301|2763|844|1304|532|1459|623|1093|736|718|476|375|289|210|173|143|151|67|114|623|365|264|183|359|284|696|383|364|266|332|283|752|526|388|249|364|358|0|210|0|210|0|210|12316|2036|10843|1970|1473|681|1052|356|800|297|252|176
03000H0US2|2661027|1827|2516333|6868|56775|3528|36498|2965|20277|2473|4434|867|3470|709|964|308|349|253|171|176|178|206|3791|963|2761|784|1030|460|1452|581|1087|475|365|228|13868|2459|9976|2106|3892|1145|31170|4556|20125|3901|11045|2289|877|406|811|399|66|54|3202|1108|1987|677|1215|671|2807|906|1828|551|979|530|1215|738|810|569|405|351|2220|1012|1175|537|1045|751|205|252|205|252|0|210|208|191|208|191|0|210|512|414|267|242|245|242|321|295|181|153|140|171|678|559|511|426|167|169|175|180|12|24|163|180|1094|504|616|375|478|396|1243|599|956|525|287|160|2404|958|1945|776|459|365|67|119|33|64|34|60|203|240|203|240|0|210|317|244|174|148|143|159|4166|1054|2299|754|1867|713|988|455|845|422|143|128|764|561|569|561|195|143|0|210|0|210|0|210|874|527|669|467|205|157|267|423|72|121|195|306|565|554|435|397|130|194|1187|785|647|402|540|517|1705|611|1305|560|400|230|148|114|107|102|41|56|1010|538|323|182|687|510|561|404|497|401|64|87|172|164|27|42|145|161|632|343|432|349|200|173|87|98|87|98|0|210|0|210|0|210|0|210|1195|723|855|639|340|492|786|435|484|292|302|237
03000H0US3|8042514|6363|7619359|14016|186048|6658|116497|5061|69551|4147|9498|1541|7200|1236|2298|832|2085|1148|875|688|1210|709|2671|636|2067|565|604|314|3270|1199|2611|1077|659|444|64961|6411|48207|5252|16754|2757|86106|7860|56182|6737|29924|4321|647|260|402|196|245|167|2148|614|1626|509|522|325|5095|1184|3447|787|1648|668|1051|725|840|536|211|261|1643|697|1223|496|420|359|55|95|55|95|0|210|538|488|538|488|0|210|1399|952|1236|876|163|210|2030|836|1679|672|351|391|358|313|209|179|149|182|362|248|142|135|220|167|392|353|271|278|121|125|877|540|532|347|345|490|3817|1056|2540|621|1277|753|649|506|637|511|12|25|689|489|689|489|0|210|796|445|796|445|0|210|6745|1347|3171|952|3574|985|3707|1164|2204|837|1503|802|2502|696|1560|653|942|407|3025|1216|2255|933|770|465|2449|734|1209|431|1240|468|352|345|185|208|167|203|1898|866|1162|616|736|517|1528|678|856|414|672|420|5278|830|3315|595|1963|555|1313|637|911|498|402|264|8617|2422|5091|1606|3526|1161|641|443|616|443|25|29|335|195|334|195|1|5|1059|598|657|506|402|298|1353|599|1213|612|140|125|156|181|156|181|0|210|2881|902|2584|891|297|196|2131|597|1562|513|569|262
03000H0US4|6018416|6152|5604622|11905|264700|8303|149072|6497|115628|6236|8157|1538|6176|1180|1981|985|1371|828|311|313|1060|831|1454|687|1180|604|274|228|1671|887|1377|733|294|231|24070|2675|18624|1804|5446|1550|20263|4322|17383|4209|2880|777|332|308|311|309|21|35|1906|784|1201|711|705|427|647|503|599|486|48|48|730|420|425|292|305|218|2384|915|1514|512|870|717|0|210|0|210|0|210|272|238|265|235|7|18|111|173|111|173|0|210|1141|504|1141|504|0|210|514|556|394|460|120|178|137|125|137|125|0|210|202|175|131|143|71|89|1227|691|775|534|452|359|2838|955|2373|904|465|355|223|229|175|204|48|74|505|412|505|412|0|210|738|461|547|370|191|302|4581|1180|2643|943|1938|634|2263|886|1415|700|848|417|2547|863|1454|574|1093|567|3899|1357|1692|853|2207|907|3861|1157|1173|451|2688|994|814|576|654|543|160|151|4662|1444|2180|757|2482|1095|7017|1856|2245|764|4772|1524|6770|1423|4780|1153|1990|622|4813|1504|2651|1038|2162|912|2787|1052|1410|796|1377|676|210|173|143|151|67|114|10154|2051|2921|1160|7233|1600|861|418|425|289|436|310|3582|1286|2294|1092|1288|498|0|210|0|210|0|210|16795|2986|14874|2792|1921|848|2585|904|1202|369|1383|818
03000H0US5|6631386|11120|6196882|15477|338844|9195|196181|6847|142663|7371|8579|2392|6833|1927|1746|907|4054|1265|3150|1000|904|481|2146|1178|1806|1031|340|287|3710|2525|3063|2084|647|646|11269|2085|9320|1764|1949|808|3007|1520|1529|678|1478|1362|663|515|612|513|51|70|3620|1301|2745|1001|875|648|1197|658|814|538|383|417|226|168|150|151|76|107|907|897|756|823|151|184|27|42|27|42|0|210|661|483|462|413|199|223|2499|1555|1552|1020|947|776|1993|817|1862|802|131|195|1175|665|967|577|208|174|197|173|197|173|0|210|284|345|265|337|19|40|1483|1072|1015|697|468|507|2449|942|1967|875|482|446|1130|606|1033|584|97|158|243|246|231|243|12|27|0|210|0|210|0|210|4780|1351|1514|676|3266|1089|1255|808|1050|778|205|203|3281|1098|1630|752|1651|734|2333|1258|1613|883|720|444|5165|1886|1822|948|3343|1435|136|174|18|31|118|172|1460|494|618|335|842|380|2744|2088|1835|1312|909|880|5870|1524|4284|1180|1586|757|783|570|369|239|414|490|6395|2803|4915|2539|1480|1032|386|246|259|191|127|154|397|399|353|382|44|104|1734|945|1560|895|174|291|1947|1597|1797|1516|150|185|10|21|10|21|0|210|2086|701|1814|669|272|209|3379|1609|2715|1483|664|584
03000H0US6|5679356|10399|5486450|14509|122048|6334|68114|5045|53934|4640|6104|2007|4724|1570|1380|912|480|297|316|214|164|137|970|555|880|540|90|91|976|525|881|515|95|110|11069|3112|7344|2053|3725|1636|8976|2778|5477|2200|3499|1642|238|176|150|119|88|128|2242|1056|1423|662|819|740|595|572|427|376|168|219|1201|1029|1128|1007|73|122|444|312|187|184|257|258|0|210|0|210|0|210|474|375|438|368|36|69|1978|978|1530|834|448|337|984|688|804|541|180|232|473|355|394|290|79|110|166|240|149|210|17|33|111|200|60|100|51|101|466|475|326|339|140|205|1544|935|1207|705|337|349|820|806|820|806|0|210|571|538|405|409|166|234|194|289|176|291|18|40|3515|1422|1367|739|2148|957|1794|743|745|394|1049|561|2575|1149|1315|914|1260|695|70|140|0|210|70|140|2749|1316|1444|793|1305|735|0|210|0|210|0|210|1570|874|1004|653|566|413|545|527|388|473|157|202|2784|897|2279|827|505|318|2174|1435|1835|1331|339|212|4072|2220|3863|2142|209|194|124|118|124|118|0|210|86|134|86|134|0|210|281|225|210|195|71|110|1021|743|849|720|172|220|0|210|0|210|0|210|5421|1846|4473|1791|948|676|1001|544|686|422|315|278
03000H0US7|5814123|8042|4913501|13163|797165|11198|528473|11789|268692|9594|18133|2410|16033|2315|2100|816|1095|570|465|265|630|523|1110|611|955|588|155|190|3453|2276|2040|1111|1413|1443|14702|2604|10741|2102|3961|1592|3445|1589|2993|1298|452|463|155|172|155|172|0|210|832|615|696|560|136|127|1129|820|1054|777|75|94|401|291|318|276|83|77|1897|1113|1524|1001|373|322|0|210|0|210|0|210|585|443|297|256|288|230|657|502|410|347|247|204|1154|570|882|500|272|230|391|379|349|344|42|47|742|776|230|334|512|688|2398|2175|1401|1549|997|868|1852|965|1459|882|393|331|2431|973|2195|957|236|177|985|925|704|674|281|347|279|367|279|367|0|210|277|291|277|291|0|210|5503|1327|2917|1129|2586|778|1518|693|1110|550|408|304|1751|736|1055|547|696|435|1621|682|830|387|791|395|5704|1260|2223|991|3481|982|1210|753|807|532|403|356|1449|788|531|353|918|591|1707|907|688|644|1019|483|3664|1071|2414|808|1250|610|4708|1615|2457|780|2251|1225|3050|1254|2789|1141|261|209|171|126|115|100|56|77|875|799|293|241|582|717|1070|483|729|470|341|297|1253|684|1210|684|43|84|1492|1493|1453|1485|39|66|7969|1229|5983|1135|1986|515|639|414|445|352|194|176
03000H0US8|3767809|7621|3157451|16224|421069|13357|286414|11458|134655|7936|7653|1733|6870|1615|783|462|784|830|784|830|0|210|2510|1265|2347|1234|163|239|1780|729|1688|690|92|138|11365|1984|10553|1922|812|384|2402|902|1947|845|455|353|529|593|529|593|0|210|4026|2033|2983|1393|1043|938|1163|698|765|516|398|405|364|403|273|342|91|154|1253|988|594|557|659|516|0|210|0|210|0|210|211|202|163|176|48|83|22|39|22|39|0|210|524|452|396|450|128|146|576|461|313|331|263|231|0|210|0|210|0|210|94|163|94|163|0|210|1516|1157|523|433|993|830|2219|861|2074|861|145|167|467|364|439|339|28|51|95|163|95|163|0|210|143|190|116|156|27|66|5269|1381|2555|857|2714|889|2137|966|1722|861|415|295|1192|679|931|565|261|238|0|210|0|210|0|210|2229|1086|1431|844|798|551|49|66|49|66|0|210|1971|1089|1466|965|505|317|917|547|366|344|551|379|8328|2301|6066|1903|2262|910|2975|1258|2438|1120|537|305|984|743|717|577|267|250|92|97|65|109|27|50|513|567|0|210|513|567|210|230|210|230|0|210|594|380|348|246|246|294|84933|3938|63593|3815|21340|1659|33858|3103|30158|3089|3700|996|3342|1748|1827|966|1515|1610
03000H0US9|2727864|2746|2326871|13098|250243|10650|152587|8490|97656|6922|5222|1395|4169|1285|1053|456|162|146|116|97|46|90|1681|945|1050|517|631|732|2741|1425|1424|794|1317|1093|8921|1987|7799|1719|1122|749|1022|476|827|442|195|235|409|335|288|233|121|230|6667|2405|5284|2269|1383|610|499|352|331|251|168|248|602|775|443|616|159|201|1036|650|699|497|337|289|393|462|106|166|287|362|548|278|379|216|169|151|0|210|0|210|0|210|1197|829|1053|679|144|180|497|405|377|288|120|169|1310|720|962|590|348|282|239|281|115|195|124|202|1204|1015|766|669|438|432|2424|881|2067|731|357|252|147|339|147|339|0|210|156|243|156|243|0|210|92|179|0|210|92|179|8143|1703|4245|1161|3898|1095|5647|1495|3885|1251|1762|589|2071|761|1184|516|887|503|1771|1058|609|472|1162|803|5255|1892|2203|1113|3052|1274|281|267|83|143|198|173|2422|1244|1291|784|1131|619|492|455|213|282|279|294|21056|3419|11998|2990|9058|2137|32045|5084|20653|3704|11392|2745|457|271|433|281|24|39|971|675|741|454|230|373|339|400|64|89|275|388|18|40|18|40|0|210|399|348|330|323|69|70|191|139|191|139|0|210|25768|2148|23501|2098|2267|707|6255|2405|4391|2085|1864|870
0400000US01|4749786|3556|4505835|9753|156656|7033|88019|5965|68637|5885|5673|1734|4972|1535|701|668|590|411|483|350|107|118|1465|818|1130|751|335|395|2081|1547|1185|930|896|787|7226|1537|6720|1510|506|336|709|425|616|410|93|114|721|394|633|357|88|128|2558|1149|1716|840|842|617|309|230|309|230|0|216|625|721|381|580|244|317|866|485|463|390|403|368|0|216|0|216|0|216|767|577|609|482|158|192|2708|2039|2227|1690|481|443|2405|1255|1500|883|905|733|1333|876|1072|644|261|360|278|330|261|310|17|33|1214|819|595|466|619|578|1514|788|747|457|767|586|1134|793|878|591|256|379|1584|920|1314|810|270|259|573|480|466|399|107|142|582|499|407|417|175|206|8444|1906|4660|1333|3784|1130|2152|1070|1363|916|789|479|11940|2735|4235|1165|7705|2173|57|115|57|115|0|216|9927|2029|4529|1215|5398|1708|352|390|238|274|114|160|1045|606|444|306|601|450|173|188|139|187|34|42|5037|2071|3792|1665|1245|793|609|415|579|412|30|42|4564|1918|4143|1862|421|288|329|323|313|322|16|26|542|622|138|224|404|584|1042|631|1005|602|37|61|2359|1484|1858|1327|501|473|169|128|169|128|0|216|569|396|569|396|0|216|1070|566|777|524|293|272
0400000US04|6874061|1323|5082748|22772|1367229|22162|928146|20438|439083|13157|16691|3393|14189|3248|2502|1019|801|589|671|471|130|149|6076|1579|5315|1530|761|484|5605|1526|4546|1328|1059|619|15790|2544|14047|2400|1743|746|3297|1159|3006|1172|291|223|2135|653|1891|634|244|213|7151|2426|5647|2150|1504|680|4917|1836|2743|1396|2174|1074|8692|2602|6682|2238|2010|745|5298|1461|4481|1448|817|484|816|510|665|417|151|152|5880|1624|3317|1045|2563|1058|7328|2431|5307|2110|2021|957|15273|3692|12868|3203|2405|1251|3322|1624|2641|1367|681|479|1811|1081|1724|1125|87|138|4061|1788|3179|1386|882|644|5173|2576|3060|1303|2113|1599|11798|3074|8028|2461|3770|1223|6591|1892|5549|1753|1042|536|4312|1647|3497|1428|815|522|2549|984|2192|915|357|328|33265|4753|16761|3130|16504|2842|6410|1526|4170|1247|2240|823|11161|2715|6053|1763|5108|1698|72|86|45|74|27|44|24742|4043|11256|2428|13486|2875|1281|617|324|246|957|483|5377|1851|2516|971|2861|1223|3588|1349|1707|769|1881|923|28639|3811|21870|3268|6769|1632|8603|2621|6425|2059|2178|1021|22774|4694|15185|3184|7589|2508|2325|776|1911|674|414|242|12260|3377|9236|2919|3024|1121|4259|1349|3728|1305|531|385|9792|3530|6526|2866|3266|1453|78448|4352|58247|4338|20201|1785|22569|2938|20712|2900|1857|749|3152|1028|2245|891|907|607
0400000US06|37027601|3728|20763638|65927|10434308|48550|6368577|42328|4065731|38889|126371|9344|112748|8445|13623|2179|7564|2256|5889|2002|1675|1039|51616|4806|43152|4520|8464|1442|93305|8784|64745|6486|28560|4393|93421|6483|83768|6043|9653|1722|25491|3252|22156|3030|3335|848|19857|3075|16997|2863|2860|970|178176|12049|107828|9073|70348|6739|24036|3510|17459|2895|6577|1705|20114|3184|15715|2836|4399|1403|48315|6954|31805|5854|16510|3543|211614|12951|124429|9540|87185|6573|221650|13046|132046|9364|89604|8223|56523|6873|40459|5177|16064|2946|208148|12566|177147|10383|31001|4120|56925|7045|44565|5647|12360|2376|156763|13408|88802|8985|67961|6964|34149|5721|23918|4264|10231|2687|57041|7111|43827|4831|13214|3551|83807|8211|59170|6344|24637|4547|75003|7438|64754|6283|10249|2390|62490|6991|54880|6490|7610|1831|33994|4109|29943|3905|4051|1524|1244445|26326|574697|14772|669748|19229|135992|8352|76093|5533|59899|5987|356901|14154|167421|9257|189480|8731|72574|7865|43328|6051|29246|3666|544046|18395|216441|10812|327605|12758|65467|7389|29634|5321|35833|4047|73112|6500|31496|3726|41616|4821|68452|7388|37307|4198|31145|4718|757488|22870|491672|17044|265816|11859|123183|10379|75713|6773|47470|5054|231612|18489|150182|13917|81430|7939|43496|6316|36273|5721|7223|1753|62045|7332|38782|4945|23263|3722|42352|6696|31368|4886|10984|2698|12499|3095|9267|2275|3232|1732|759|514|669|495|90|143|7224|1802|6831|1742|393|317|41635|5848|22710|3466|18925|4562
0400000US08|5504232|2141|4611983|20290|600565|15401|381740|11921|218825|10175|17409|3336|13998|2406|3411|1566|1272|1194|1079|1083|193|316|3428|1198|2861|1152|567|399|8843|2476|7623|2224|1220|829|21627|2836|19848|2692|1779|600|2047|698|1947|708|100|117|3238|1664|2475|1227|763|630|19897|4053|12429|3139|7468|2059|5618|1887|4133|1526|1485|819|2423|1058|1297|658|1126|832|4835|1692|3690|1475|1145|721|1203|923|611|541|592|504|3998|1095|2731|822|1267|504|2538|1886|1730|1183|808|836|5254|1720|4535|1523|719|449|1356|729|1012|672|344|235|1268|814|1182|824|86|98|1750|1037|1136|807|614|521|10375|3023|5280|1706|5095|1876|7919|1976|6291|1580|1628|847|4159|1586|3855|1542|304|265|3370|1418|2925|1257|445|449|2554|1112|2387|1090|167|157|25812|3533|13673|2331|12139|2369|4839|1650|3157|1272|1682|702|14453|2927|8275|2319|6178|1437|1857|844|857|433|1000|612|22448|4657|10172|2426|12276|2836|2174|1080|761|545|1413|916|3497|1066|1555|626|1942|752|6104|2203|2514|1142|3590|1576|7736|1857|5543|1705|2193|792|6413|1652|3295|1295|3118|1068|16855|4193|11734|3087|5121|2002|2332|1358|1950|1127|382|387|18823|4684|10595|3113|8228|2936|8879|3441|6252|2027|2627|2170|3449|1602|2289|1226|1160|713|785|562|327|270|458|496|2210|924|1880|845|330|325|6637|2769|4923|2201|1714|1493
0400000US09|3428020|1265|2645846|15194|422645|10620|242523|8984|180122|8742|18990|2922|14836|2211|4154|1340|17148|4196|8768|2744|8380|2658|22565|3010|16091|2448|6474|1416|38318|5059|22040|3132|16278|3226|8461|1653|8122|1640|339|222|2109|848|1896|785|213|259|7461|2386|5364|1774|2097|928|9932|2175|5746|1545|4186|1190|34320|4339|19766|2889|14554|2577|4710|1924|3521|1616|1189|735|7756|3164|4423|1662|3333|1883|768|502|768|502|0|217|2243|1171|1840|1069|403|369|6897|2208|4621|1662|2276|888|11275|2689|9275|2399|2000|918|4505|1733|3261|1467|1244|668|1367|863|888|584|479|456|6550|3607|3840|2455|2710|1417|4621|1676|3730|1342|891|608|18931|3342|12893|2831|6038|1417|3899|1748|3121|1441|778|609|8817|2658|7273|2224|1544|989|3008|1310|2345|965|663|598|34315|5366|17619|2783|16696|3481|2497|932|1775|814|722|388|6430|1982|3494|1324|2936|1115|77|144|77|144|0|217|7636|1983|2806|992|4830|1597|1898|1060|635|399|1263|841|5124|2121|2508|1203|2616|1279|5241|1690|3219|1140|2022|1014|11011|2638|7290|1836|3721|1432|1534|1147|973|841|561|402|9377|2750|5430|1817|3947|1543|2248|941|1939|832|309|286|1734|1010|858|677|876|675|11275|2804|8205|2224|3070|1418|3564|2157|2920|1685|644|765|0|217|0|217|0|217|1811|1294|1252|905|559|446|9106|3004|7922|2926|1184|646
0400000US10|950345|117|810522|8058|70724|3708|42202|3735|28522|3551|2471|1047|1441|588|1030|706|6395|3158|4167|2102|2228|1409|2275|934|1562|784|713|620|1039|937|460|541|579|729|2633|862|1962|765|671|445|2994|1958|1308|862|1686|1766|2288|1500|1880|1357|408|482|950|474|684|430|266|184|281|280|228|265|53|90|0|210|0|210|0|210|621|506|465|377|156|203|0|210|0|210|0|210|20|36|20|36|0|210|2083|1186|1208|739|875|675|3431|1637|2771|1310|660|609|1473|1405|1342|1402|131|181|0|210|0|210|0|210|1811|1238|1525|1077|286|283|276|352|276|352|0|210|645|512|590|476|55|93|1516|1032|902|668|614|972|2199|1562|1835|1178|364|448|1257|1119|1043|928|214|351|8759|2130|5109|1496|3650|1156|311|269|182|232|129|141|1815|948|553|428|1262|747|0|210|0|210|0|210|2605|1898|1185|1088|1420|936|0|210|0|210|0|210|386|284|279|222|107|103|862|739|440|437|422|444|3960|1399|3018|1232|942|492|0|210|0|210|0|210|6136|2949|3961|2212|2175|1138|88|102|88|102|0|210|256|424|120|200|136|225|4529|1854|3784|1562|745|683|1290|1234|1251|1237|39|63|0|210|0|210|0|210|38|72|0|210|38|72|1406|811|1052|679|354|347
0400000US12|20689174|3377|14490317|41795|4556093|28407|2640842|31771|1915251|31219|103125|8858|81739|7686|21386|2845|434681|22043|264493|17717|170188|12134|44465|5220|32987|4741|11478|2308|156347|13200|99938|8908|56409|6449|60481|5423|53038|4794|7443|1617|17926|4603|15812|4392|2114|901|17570|4237|13985|3755|3585|1453|77454|7264|45411|5310|32043|4556|24942|3988|17275|2861|7667|2122|24582|4623|17060|3898|7522|2232|19646|3586|13706|2608|5940|2024|1396|719|1134|632|262|351|10070|3712|6719|2454|3351|2009|24439|4911|17843|3766|6596|1779|26467|4436|21665|3773|4802|1591|16352|4352|13285|3637|3067|1375|1913|1079|1449|915|464|423|13386|4404|7031|2209|6355|2623|11160|3233|6937|2001|4223|2339|47933|10215|34620|5882|13313|5556|17660|4313|13653|3524|4007|1758|15316|3674|13085|3408|2231|1023|12356|2990|9925|2628|2431|1038|69713|7645|34424|4585|35289|5058|15252|3179|9944|2141|5308|1917|18899|3429|10969|2610|7930|1964|1144|916|859|839|285|323|74233|7575|32777|4287|41456|5128|4478|2105|2000|1237|2478|1357|17442|3597|7196|2151|10246|2472|18850|4248|12526|3370|6324|2026|73785|6832|55795|6088|17990|2809|9764|2930|6363|1968|3401|2009|71232|8595|50088|7074|21144|3675|22171|4331|18911|4035|3260|1072|3668|1506|1724|785|1944|1161|10129|3201|8368|2630|1761|950|6305|3809|5164|3228|1141|803|0|242|0|242|0|242|1309|494|1054|444|255|201|44723|6811|31861|5441|12862|3298
0400000US13|10173597|5877|8711102|29255|795646|14617|474665|14623|320981|10867|33248|5071|27086|4180|6162|1807|25032|7520|18974|6066|6058|2994|5118|1941|4414|1847|704|474|20794|4673|15062|3509|5732|1935|25881|3951|23747|3663|2134|724|5829|1793|5460|1652|369|282|4305|2194|2978|1566|1327|1044|13381|3210|10703|2811|2678|1167|2602|1130|1936|895|666|515|10077|4568|5446|3006|4631|2173|5498|2296|3611|1464|1887|1206|177|177|109|133|68|118|9470|2715|6331|1909|3139|1257|20865|4716|13861|3365|7004|2366|31531|4857|26726|4642|4805|1566|13835|3206|10975|2892|2860|1157|1298|909|1108|868|190|220|9801|3841|5745|2351|4056|1810|13327|3238|11117|2743|2210|1126|15128|4238|10845|3598|4283|1481|21060|4952|16505|4501|4555|1745|15968|5448|14445|5144|1523|849|9156|2844|7773|2528|1383|756|55024|7457|27498|3158|27526|5681|12851|2938|7718|2053|5133|2013|52742|6127|25221|3815|27521|4285|2913|972|2379|891|534|277|57795|9500|22432|5274|35363|6018|5092|2044|3213|1366|1879|923|6535|1816|3722|1411|2813|1012|11515|3593|5440|2032|6075|2245|20379|4401|15116|4043|5263|1797|5172|2135|3878|1887|1294|673|21795|7548|16917|6023|4878|2445|4149|1616|2904|1098|1245|905|35318|10642|22641|9643|12677|3923|37536|6861|34081|6440|3455|1718|10431|4606|7425|3712|3006|2120|28|52|28|52|0|247|1260|1211|1212|1210|48|59|12933|3856|11726|3676|1207|872
0400000US17|11967918|2466|9183731|28902|1621682|19196|982325|18153|639357|15410|38133|4750|30079|3921|8054|1993|5095|2053|3757|1368|1338|1657|21867|3186|15884|2616|5983|1462|10472|2218|8292|1919|2180|832|34935|4211|28847|3699|6088|1688|9738|2649|7779|2024|1959|1048|26263|3723|19863|3306|6400|1670|43461|5142|26231|4335|17230|2882|178740|11670|102807|7875|75933|6042|30521|4764|19696|3458|10825|2573|44003|5146|24939|3167|19064|3519|2299|943|1727|700|572|489|7847|2061|5598|1475|2249|1092|44872|5621|28050|4558|16822|2871|36726|4616|30168|4094|6558|1857|54791|6862|40673|5418|14118|2664|5240|1568|3517|1295|1723|730|5874|1943|4703|1773|1171|534|14355|3165|10817|2484|3538|1309|58310|7106|37256|4985|21054|3885|25234|4779|18598|3545|6636|1959|17839|3440|14286|2866|3553|1702|18374|3782|13258|2933|5116|1787|95385|8219|47308|4662|48077|5655|12214|2497|7865|1626|4349|1371|47263|5607|22484|3017|24779|3984|346|282|346|282|0|201|21270|3214|9182|1653|12088|2279|3109|1163|1243|594|1866|835|11581|3028|5035|1338|6546|2028|24792|4644|15029|3655|9763|2559|77396|6019|56841|4562|20555|2941|8986|2306|7291|2186|1695|750|59387|7865|40539|6239|18848|3165|4050|1335|3419|1095|631|486|18845|4182|11652|3310|7193|1703|29017|4924|22137|4120|6880|2161|8057|2759|4778|1631|3279|2117|109|157|75|103|34|57|1403|1291|1403|1291|0|201|4306|1135|3238|922|1068|605
0400000US18|6397955|2788|5800831|16796|308300|7901|198843|8119|109457|6369|19989|5593|13377|3593|6612|2740|7412|3336|3566|2508|3846|1621|3579|1601|3516|1625|63|103|5163|1907|4413|1855|750|512|37119|5422|28442|4617|8677|2002|31837|5500|23280|4879|8557|2130|2088|869|1749|843|339|259|5566|1891|4109|1362|1457|877|5234|2546|4220|2352|1014|711|5140|1718|3425|1235|1715|830|3512|1441|2716|1348|796|463|253|421|253|421|0|208|1229|621|922|510|307|243|4798|2343|3786|1873|1012|708|6232|2074|5276|1605|956|1008|8114|2686|6035|1918|2079|1118|5623|2508|2668|1594|2955|1452|1834|918|1550|846|284|197|2419|1185|1933|1092|486|341|2881|1221|2410|1053|471|389|2624|1217|2436|1183|188|199|3991|1730|3684|1605|307|339|2716|1690|2088|1376|628|424|22208|3743|12373|2279|9835|2313|5203|1834|2985|1415|2218|1005|5796|1672|3735|1413|2061|686|0|208|0|208|0|208|5621|1951|2519|1135|3102|1188|1049|896|633|496|416|492|2318|1123|1238|749|1080|627|27517|3983|9037|2013|18480|3087|9185|1694|7019|1579|2166|806|1796|583|1508|553|288|242|15862|4260|9038|2763|6824|2586|360|425|360|425|0|208|3193|1500|1505|667|1688|1091|11022|4966|9217|4865|1805|969|3251|1272|3147|1297|104|152|0|208|0|208|0|208|1206|1244|341|391|865|1166|3884|1392|3357|1388|527|425
0400000US19|3005822|2354|2746270|10725|128039|6106|80588|5336|47451|3637|7025|2089|4753|1884|2272|1133|601|571|405|450|196|324|746|560|592|430|154|219|1413|767|820|468|593|467|8100|2713|7031|2618|1069|515|9904|2670|8868|2649|1036|472|609|457|590|456|19|38|1827|1011|1382|903|445|327|669|459|601|457|68|124|9126|2838|4955|2117|4171|1327|1068|627|858|548|210|205|0|170|0|170|0|170|1312|1136|1224|1072|88|149|1377|1211|966|882|411|432|1389|711|1207|688|182|198|1021|925|1008|924|13|26|0|170|0|170|0|170|646|431|437|311|209|241|3927|1625|2084|1228|1843|1206|1992|938|1747|852|245|202|2001|1400|1545|1249|456|362|1899|1077|1504|887|395|498|1609|951|1459|946|150|289|8046|2585|5073|1877|2973|1375|988|480|789|469|199|143|3216|1518|1715|1029|1501|848|1654|1268|1164|928|490|484|5250|1573|1703|746|3547|1193|1372|777|1065|686|307|291|5247|1572|2312|947|2935|1060|10461|2887|3636|1242|6825|2462|2962|926|1796|651|1166|587|3572|1270|1029|336|2543|1128|12369|3870|7272|2743|5097|2115|169|166|102|137|67|114|3923|1818|2424|1346|1499|706|4408|2404|2377|1697|2031|1746|7663|3146|3668|1773|3995|2309|61|97|61|97|0|170|1204|590|967|421|237|305|687|374|445|281|242|237
0400000US20|2757015|2004|2435938|8177|217721|6850|126099|5229|91622|5247|3254|955|2350|711|904|571|1371|929|149|269|1222|930|731|490|731|490|0|187|2209|977|1306|626|903|617|8230|1949|7304|1660|926|538|2433|1158|1856|881|577|605|15|24|15|24|0|187|2554|777|1610|591|944|484|383|266|383|266|0|187|372|365|372|365|0|187|639|437|532|374|107|164|29|48|29|48|0|187|884|461|487|327|397|276|1090|531|964|488|126|168|1818|864|1550|790|268|232|1074|749|774|601|300|255|2832|2216|1921|1463|911|1039|2907|1850|2151|1268|756|736|2996|1190|1470|714|1526|979|1181|948|1147|911|34|61|4105|1602|3569|1487|536|332|466|350|416|330|50|82|1344|864|1303|846|41|80|12477|2997|6649|1915|5828|2190|1002|525|762|442|240|244|2855|1563|1740|1131|1115|886|2034|1690|1707|1501|327|320|11516|2420|4839|1510|6677|1603|1352|1040|797|779|555|363|2953|951|1400|597|1553|704|4231|1728|1943|856|2288|1095|3472|1042|2080|786|1392|623|1745|718|1203|652|542|262|4572|1592|3840|1469|732|498|496|447|496|447|0|187|4786|1858|2104|1218|2682|1023|559|415|452|315|107|162|5493|2299|4644|1994|849|755|0|187|0|187|0|187|580|401|550|395|30|47|316|180|246|169|70|92
0400000US21|4250116|2485|4001319|12165|114915|5493|62094|4878|52821|4774|9790|2358|6412|1546|3378|1601|1401|1209|744|649|657|736|984|499|870|480|114|130|1553|883|1299|773|254|227|10923|2677|7912|1807|3011|1428|9284|3092|5022|2001|4262|2035|171|157|94|94|77|128|3376|1902|2430|1181|946|878|1170|880|958|690|212|247|5813|2305|3784|1688|2029|979|2112|1661|1176|999|936|773|0|208|0|208|0|208|901|522|759|481|142|158|1676|977|595|470|1081|665|3437|1517|2537|1222|900|643|2378|1360|1986|1110|392|408|286|363|193|272|93|115|518|468|518|468|0|208|6213|2228|2796|1088|3417|1498|5231|3027|3560|2114|1671|1310|2636|1857|2251|1807|385|363|1264|866|1061|778|203|242|828|551|630|459|198|229|5986|1426|3605|1124|2381|970|3259|1026|1972|763|1287|633|2700|1063|1338|600|1362|719|0|208|0|208|0|208|4041|1992|1814|1047|2227|1300|596|755|142|166|454|657|1482|748|1132|683|350|203|9824|2014|3223|1161|6601|1367|4024|1255|2537|834|1487|704|4663|2395|2320|1506|2343|1707|8264|3373|5758|2507|2506|1330|389|399|389|399|0|208|2408|1489|1352|914|1056|797|1675|1020|1348|999|327|272|10158|5820|2439|1347|7719|4907|0|208|0|208|0|208|531|307|480|298|51|93|1937|1193|912|651|1025|766
0400000US22|4342089|3450|4022432|11926|156057|7039|83819|6441|72238|5790|60593|4290|53989|4342|6604|1340|4900|2224|2801|1400|2099|1087|2104|866|1602|699|502|385|3705|1915|2050|1623|1655|1061|3434|990|3071|951|363|236|411|448|378|445|33|56|997|600|919|585|78|90|1237|991|940|719|297|397|708|661|687|658|21|38|267|328|170|281|97|153|1220|582|844|431|376|363|256|256|92|115|164|195|2656|1773|1364|969|1292|1461|94|149|0|230|94|149|771|591|624|579|147|139|5347|2261|3763|1635|1584|761|629|557|350|392|279|339|3408|2433|2392|1843|1016|737|2389|1056|1381|731|1008|570|2471|1721|1937|1440|534|486|992|943|950|929|42|87|482|551|422|527|60|96|336|334|336|334|0|230|6711|1917|3880|1445|2831|994|777|471|563|433|214|206|3016|1605|1536|1042|1480|947|19|40|0|230|19|40|22008|3111|10915|2526|11093|2475|400|318|264|261|136|176|3357|1341|1677|772|1680|1041|1032|624|535|437|497|413|4469|1446|3246|1022|1223|642|1596|1058|1231|1000|365|350|14072|4430|9430|3066|4642|1982|1627|1246|1615|1247|12|21|753|474|540|354|213|212|2032|1216|1778|1093|254|254|1148|1474|947|1312|201|237|39|51|39|51|0|230|595|412|595|412|0|230|542|427|418|369|124|150
0400000US24|5814479|1725|4625697|20164|522688|8627|289947|10142|232741|9228|57606|6160|40314|4536|17292|3521|15660|3043|11871|2543|3789|1205|8298|1791|6745|1514|1553|896|14728|3468|9713|2410|5015|1879|16081|2180|14978|2030|1103|615|4139|1462|3474|1300|665|491|7903|2392|7366|2372|537|326|25833|4602|16984|3422|8849|2561|4098|1456|2847|922|1251|920|1872|853|1728|826|144|180|4963|1815|3911|1485|1052|650|1663|891|1314|775|349|326|14783|3216|9036|2077|5747|1858|11541|2994|8173|2152|3368|1434|23294|3735|18421|3166|4873|1438|26803|5847|18982|4470|7821|2376|7445|1970|5431|1360|2014|905|7715|2641|5708|2067|2007|790|14647|3784|9561|2362|5086|1859|9669|2524|7304|1963|2365|1234|11638|3034|9165|2550|2473|1192|11117|3121|8617|2211|2500|1349|6680|2063|5591|1898|1089|500|70837|5690|35352|3374|35485|4007|8550|2424|4756|1534|3794|1517|35322|3816|20069|2918|15253|2217|318|413|220|264|98|160|20736|3429|10237|1870|10499|2196|1461|664|819|399|642|362|4610|1600|1817|748|2793|1192|17978|3766|12074|2801|5904|1471|29196|3442|21105|2899|8091|1838|3837|1508|2485|1076|1352|753|20972|4790|14872|3833|6100|2455|5281|1668|4635|1350|646|560|37885|6154|25323|4317|12562|2819|69594|8379|57330|7318|12264|3892|15429|4515|12077|3940|3352|1519|0|216|0|216|0|216|1253|1082|1253|1082|0|216|14659|3508|12203|3286|2456|1056
0400000US25|6638548|1270|5008949|23723|624055|12208|354132|9589|269923|10394|42251|4053|32675|3475|9576|1956|84603|8659|45241|6218|39362|5273|27732|3564|20811|2774|6921|1982|215181|13459|107684|7970|107497|9545|17146|2988|16533|2966|613|383|4433|3081|3638|2175|795|962|22699|4258|17102|3377|5597|1879|37680|4382|24126|3763|13554|2120|12571|1910|8728|1598|3843|1261|4286|1699|3135|1274|1151|728|8669|2727|5906|2397|2763|1176|3962|1545|3238|1319|724|392|7247|2210|4740|1395|2507|1233|16029|3738|10787|3024|5242|1735|27646|4837|22697|3871|4949|2073|10836|3610|7926|2550|2910|1426|6201|3423|4653|2827|1548|891|7156|2302|4691|1415|2465|1534|16673|3452|10882|2472|5791|1845|36342|7072|24612|4679|11730|3057|13222|3127|9697|2228|3525|1822|11490|2113|9897|1945|1593|785|3180|1178|2946|1100|234|243|145482|7928|74625|5323|70857|5104|8557|2270|5889|1769|2668|978|17180|3096|10715|2090|6465|1788|1379|1668|708|930|671|755|49440|5619|18657|3357|30783|3723|18749|3719|9479|2418|9270|2302|4016|1259|2213|851|1803|794|9882|3048|5707|1826|4175|1734|7882|1736|6625|1553|1257|579|2453|1281|1809|909|644|495|40414|6335|26097|4579|14317|3199|9175|2876|7990|2318|1185|916|11666|3862|7090|2601|4576|1917|18970|3456|15230|2922|3740|1238|12060|2928|10430|2704|1630|757|0|218|0|218|0|218|772|490|544|326|228|375|10232|2495|8057|2375|2175|796
0400000US26|9504832|2060|8559904|19479|279931|9675|185742|8556|94189|5624|17894|2384|14298|1986|3596|1128|1114|540|827|402|287|351|13743|2073|10197|1818|3546|966|9138|1537|7174|1471|1964|736|30715|3687|26542|3304|4173|1424|13164|2392|10005|1830|3159|1029|4859|1098|4047|994|812|334|11068|2144|6520|1689|4548|1272|15173|2114|10686|1652|4487|1037|9825|2385|5059|1571|4766|1391|14685|2773|8668|2183|6017|1452|3013|1936|2332|1898|681|419|6336|2120|3988|1534|2348|1022|9376|3166|8008|2998|1368|597|21535|3751|18707|3449|2828|1036|13883|3111|10172|2489|3711|1150|6154|2085|3984|1407|2170|1018|25978|4450|12026|2678|13952|2812|8184|1985|7255|1868|929|572|41927|5684|26401|4312|15526|2927|13783|3491|11428|2962|2355|1035|7671|2150|6760|1959|911|448|8805|2062|7410|2103|1395|640|46569|4364|25415|2750|21154|3013|14723|2750|7608|1979|7115|2059|18916|2835|9730|1981|9186|1801|4152|1701|2738|1350|1414|609|14716|3349|6639|2063|8077|1886|2428|1104|774|450|1654|846|2852|964|1753|705|1099|542|6351|2765|2244|1280|4107|1966|14479|2167|11098|1848|3381|898|2723|989|1896|872|827|629|170887|9630|103986|7623|66901|5593|3396|1164|2999|1125|397|351|32619|5437|20610|4152|12009|2748|5724|1808|4335|1487|1389|816|9173|4163|5140|2770|4033|2046|0|181|0|181|0|181|1885|782|1800|786|85|107|5381|1777|3885|1238|1496|826
0400000US27|5376656|2456|4733194|16283|205084|7714|124275|6896|80809|5428|17960|4147|13224|3293|4736|1814|2376|2125|1759|1694|617|523|1247|563|1116|519|131|137|2944|1167|2587|1129|357|272|16241|2242|13541|2027|2700|778|3370|1012|2929|957|441|226|789|509|661|485|128|136|13747|2817|7729|1892|6018|1538|2774|1023|2112|908|662|540|3917|1757|2113|1087|1804|941|5168|1954|3522|1462|1646|967|20|39|20|39|0|157|2155|1347|1486|857|669|636|3053|1529|1330|793|1723|1381|7495|2144|6975|2031|520|407|2849|1313|1969|1132|880|575|1335|991|1104|881|231|332|3227|1466|2584|1327|643|525|6479|2409|5132|2202|1347|718|8585|2060|6419|1385|2166|1133|5244|2063|3414|1549|1830|1220|4995|2214|4650|2184|345|320|1687|956|1644|944|43|73|23461|3807|14133|2713|9328|1890|3379|932|2111|656|1268|600|3723|1157|1932|744|1791|635|75827|6257|46562|4801|29265|3805|22187|3923|8081|1967|14106|2878|5606|1953|2041|1005|3565|1426|5476|1475|2545|816|2931|1010|19224|5063|6118|1605|13106|4190|10748|2499|7426|1962|3322|1114|2088|921|1530|667|558|488|14981|4251|10292|2949|4689|1964|594|311|556|304|38|67|89687|9441|53517|7150|36170|5025|19195|5010|13652|3793|5543|1997|13027|3618|8999|2886|4028|1555|0|157|0|157|0|157|6243|2195|5672|2144|571|448|5275|1667|3706|1258|1569|760
0400000US29|5814241|2667|5467352|11394|144488|6916|93279|5267|51209|3718|14217|3114|11024|2485|3193|1101|777|905|645|892|132|151|1793|789|1557|738|236|224|2299|1145|1734|936|565|319|15244|3090|12062|2403|3182|1439|10861|3344|8596|3036|2265|862|914|552|686|371|228|284|5842|1798|3621|1314|2221|898|934|527|899|527|35|61|13769|3816|7660|2561|6109|1954|1497|673|702|351|795|656|0|198|0|198|0|198|1115|923|855|742|260|251|1076|547|629|362|447|425|6634|2176|6087|2060|547|401|3246|1268|2084|1058|1162|528|3094|2349|1623|1562|1471|942|1774|943|1582|900|192|242|2854|1318|2138|900|716|629|5235|2228|3864|1927|1371|661|7307|2315|6245|2035|1062|646|3349|1504|2280|1254|1069|942|1367|711|1292|675|75|111|20758|2715|12257|1959|8501|1664|2711|930|2043|798|668|413|6805|1637|4712|1314|2093|716|2066|636|1192|669|874|580|13537|3162|5604|1623|7933|2277|1542|966|1189|985|353|405|2573|951|1276|537|1297|662|3725|2386|3073|2362|652|466|8207|1658|6028|1342|2179|866|4888|1719|3420|1524|1468|685|10750|3132|6909|2291|3841|1435|1102|638|908|574|194|173|8877|3068|5371|2028|3506|1453|4352|1555|3877|1483|475|495|2787|1314|1730|817|1057|720|4|7|0|198|4|7|498|350|449|335|49|60|2021|924|1835|903|186|174
0400000US31|1839096|1388|1625412|7982|142725|5991|75802|4627|66923|4549|5668|1795|3585|1026|2083|1469|104|143|104|143|0|170|687|382|451|248|236|274|720|407|584|382|136|156|4816|1490|3919|1343|897|410|638|471|638|471|0|170|462|388|357|311|105|126|2461|1554|2069|1499|392|345|1120|800|801|628|319|399|624|642|325|267|299|411|1439|666|1051|512|388|356|48|78|48|78|0|170|1240|1272|890|1050|350|320|159|260|49|80|110|181|1523|829|843|459|680|645|90|140|90|140|0|170|181|256|181|256|0|170|380|386|144|170|236|284|4234|1806|1591|934|2643|1442|1937|872|1219|668|718|474|2085|825|1498|603|587|533|498|517|427|423|71|115|32|53|32|53|0|170|4075|1213|2170|809|1905|720|896|570|732|565|164|132|1049|568|555|324|494|445|469|543|469|543|0|170|5426|1735|1375|604|4051|1490|243|373|243|373|0|170|2035|1200|1162|719|873|596|6902|2228|1576|747|5326|1864|2314|1014|1553|729|761|499|598|345|414|280|184|164|5272|2083|3277|1225|1995|1113|112|141|85|100|27|45|3824|1114|1421|650|2403|798|2896|1634|2468|1419|428|460|1853|926|1032|521|821|748|0|170|0|170|0|170|553|276|451|198|102|200|1296|871|678|502|618|575
0400000US32|2966914|1507|2126750|17339|569094|11408|351174|10752|217920|8062|7205|1747|5670|1361|1535|1019|908|783|631|511|277|350|3715|1431|2358|958|1357|737|5104|1931|3976|1667|1128|659|6223|1658|5437|1574|786|394|1272|592|1272|592|0|221|1186|616|671|469|515|416|5317|1420|3629|1012|1688|862|964|484|695|408|269|269|4625|3107|3267|2357|1358|986|2905|1197|1787|801|1118|749|5257|2458|3987|2143|1270|764|5061|2036|3443|1403|1618|854|399|454|311|440|88|102|3762|1662|2571|1243|1191|871|695|512|506|413|189|237|1893|1386|1199|980|694|561|944|735|578|495|366|393|1332|1017|1081|923|251|267|5749|1904|4698|1713|1051|553|1543|991|1264|890|279|252|1238|739|1121|643|117|192|438|390|329|296|109|174|41227|5912|18189|3429|23038|3585|8057|1978|5171|1675|2886|1149|10419|2694|4009|1204|6410|1808|0|221|0|221|0|221|10018|2457|4753|1579|5265|1613|818|582|580|477|238|252|6010|1574|2836|859|3174|1238|1783|1070|1218|652|565|498|84705|5751|56584|5361|28121|3086|10053|2576|6697|1579|3356|1438|8157|2364|4873|1960|3284|1372|3187|1419|2141|1020|1046|559|10889|3721|6157|2255|4732|1926|1547|906|946|578|601|644|1667|1034|1507|991|160|174|671|443|653|442|18|36|1640|651|1343|528|297|270|2487|1091|2089|971|398|313
0400000US34|8750930|1289|5977499|28639|1409496|19577|780466|19449|629030|16136|32944|4366|27010|3601|5934|1753|62281|9877|37354|6718|24927|5195|53404|4962|40100|4291|13304|2225|101239|8335|58584|5198|42655|5407|16308|2597|14235|2363|2073|717|9164|2730|8541|2680|623|478|17418|3633|13100|2890|4318|1371|50139|5498|32414|4664|17725|2829|58994|5821|35227|3869|23767|3590|10416|3160|7079|2507|3337|1212|26699|4139|17281|2700|9418|2682|3521|1391|2913|1328|608|325|6564|2601|5558|2399|1006|666|81782|9049|51517|6324|30265|3806|91662|7493|78413|6604|13249|2558|41216|6538|29422|4557|11794|2807|17857|4545|11579|3162|6278|1910|25826|4163|17865|3477|7961|1770|21960|4153|18170|3676|3790|1405|23138|4310|17358|3639|5780|1665|38780|5447|33326|4851|5454|1667|24533|3729|20065|3413|4468|1583|17980|3647|13689|3097|4291|1965|131308|7759|72596|5936|58712|4485|10059|2251|4931|1377|5128|1647|78474|6198|38706|4089|39768|4153|36|66|36|66|0|222|18051|3425|6968|1846|11083|2636|1137|991|609|603|528|486|3012|1243|1371|682|1641|754|19636|3828|12159|2603|7477|1758|82274|7837|61340|6455|20934|3265|5163|1903|3058|1338|2105|899|82520|9154|57588|7951|24932|3740|24648|4933|21925|4542|2723|1135|1871|827|1109|553|762|552|42658|5263|37099|4900|5559|1560|7736|2601|5162|1903|2574|1152|0|222|0|222|0|222|1355|850|1204|837|151|180|20172|3956|15715|3500|4457|1483
0400000US36|18743215|2725|13122746|44614|2701698|25971|1534063|20830|1167635|24828|132797|9161|99317|8841|33480|5647|145726|13158|91424|8810|54302|6502|130613|7643|91582|6055|39031|3681|47177|5280|32396|4018|14781|2654|45683|4386|39360|4039|6323|1303|201040|15093|97301|9773|103739|11441|53566|6551|38589|5085|14977|3057|239746|12073|114589|8353|125157|7003|81894|8526|49033|6044|32861|4605|28480|4775|18711|3691|9769|2056|48308|5635|26984|3606|21324|4029|6753|2224|4919|1422|1834|1079|28848|6669|16276|3511|12572|4235|17653|3451|11715|2878|5938|1304|52579|5604|36358|4024|16221|3123|73511|9200|46919|6439|26592|4135|30341|5500|16072|3577|14269|2574|157645|10268|73125|5904|84520|7564|32325|5222|16692|3269|15633|3369|101459|10034|69432|7764|32027|4144|10035|2204|8075|1735|1960|1045|12349|2785|10335|2560|2014|917|27123|4246|19335|3244|7788|1661|574342|15920|223788|9746|350554|12784|34429|4386|19554|2810|14875|2791|88024|7142|38822|4513|49202|4265|152|251|152|251|0|217|22428|3846|10107|2006|12321|2499|4156|1633|1985|1122|2171|954|9367|1953|3515|1004|5852|1541|63328|7720|30039|4681|33289|4741|75290|6075|53475|4759|21815|2943|11164|2585|7495|1941|3669|1256|113798|10278|74967|7386|38831|5240|52733|9406|45840|9245|6893|1518|11134|3809|7987|2945|3147|1627|98216|9524|73916|8903|24300|3928|12314|4020|7723|3373|4591|1966|0|217|0|217|0|217|2485|921|1734|769|751|568|39760|6345|24926|3986|14834|3879
0400000US37|9968361|4795|8731872|19792|791540|14661|454852|14654|336688|12733|35604|5101|23991|3661|11613|3356|6511|2015|3867|1473|2644|1226|6344|1681|4902|1364|1442|862|12348|3953|9058|2901|3290|1690|22336|3946|18349|3618|3987|1229|2824|1275|2247|1133|577|493|7251|2136|4486|1594|2765|1247|15935|3477|10695|2761|5240|1549|4850|1434|3174|1104|1676|864|2462|970|1940|948|522|429|6301|1810|4236|1459|2065|826|196|203|133|175|63|106|6446|1973|4424|1230|2022|1049|13167|2733|8936|1952|4231|1363|19915|3909|16431|3575|3484|1655|7504|3031|5599|2431|1905|1130|4672|2351|3082|1593|1590|984|4249|2220|3430|1958|819|548|15458|3418|10914|2472|4544|1547|8454|2206|6876|1818|1578|687|20722|3870|18226|3724|2496|1010|13242|3768|12029|3615|1213|720|5192|2184|4165|2016|1027|591|38745|5339|22311|3791|16434|2527|7876|2037|4113|1293|3763|1430|15043|2965|7946|2041|7097|1711|8990|2990|6291|2218|2699|1068|22395|4421|10630|2748|11765|2805|2564|1278|1695|981|869|529|5461|1903|3601|1523|1860|858|8424|2364|3767|1080|4657|1999|15528|3071|11443|2568|4085|1199|8780|2727|4396|1537|4384|2039|28929|5833|18856|3715|10073|3352|2304|1377|2273|1373|31|52|9386|3004|5568|2086|3818|1762|13572|3510|11367|3138|2205|1264|8281|2865|5424|1999|2857|1427|33|70|33|70|0|224|2437|851|1944|684|493|424|4218|1372|3738|1306|480|323
0400000US39|11111082|2611|10264664|17024|258519|9229|165742|7634|92777|5642|27200|5058|16860|2609|10340|4162|2167|995|1549|650|618|678|10764|2078|8158|1803|2606|726|6829|2056|4705|1450|2124|984|37603|5560|28940|3920|8663|2680|69505|6458|47070|6111|22435|3530|6671|1491|5456|1339|1215|563|17228|3605|10156|2565|7072|1956|5716|1625|4271|1336|1445|894|12303|2731|7552|2034|4751|1585|17464|3509|10758|2331|6706|2150|980|822|506|380|474|563|5481|1894|3462|1283|2019|1462|11121|3278|6953|2227|4168|1398|19878|3647|16858|3382|3020|1203|8490|3128|6101|2412|2389|1218|2147|1218|1144|880|1003|653|3380|1774|2052|978|1328|1020|35174|6813|18680|4323|16494|3719|16228|3883|11371|3141|4857|1502|12237|3018|9312|2430|2925|1561|7080|2957|6104|2386|976|744|5012|1589|4839|1576|173|174|44480|5601|23230|3853|21250|3221|11422|2633|4638|1431|6784|1946|8874|2250|4707|1416|4167|1468|419|379|295|292|124|216|10866|2445|5087|1437|5779|1662|4195|1802|2393|1210|1802|832|5298|2452|3497|1836|1801|920|10278|3708|5586|2294|4692|2119|13726|3036|9360|2384|4366|1613|4712|1886|2908|1410|1804|1044|48969|7170|34582|5440|14387|2939|2338|1043|2127|1033|211|181|44383|9508|28572|7656|15811|3437|19994|3934|13622|3271|6372|2251|9924|3037|5384|1888|4540|2539|0|204|0|204|0|204|416|410|416|410|0|204|6947|1674|4634|1302|2313|1008
0400000US40|3745034|2549|3346236|10108|278217|7936|175649|6836|102568|5492|4879|1632|3475|1090|1404|962|173|230|20|40|153|227|1147|469|781|355|366|284|1307|711|1138|600|169|169|8050|1646|6612|1481|1438|570|1324|545|1290|543|34|47|175|190|175|190|0|172|3286|1123|2597|1023|689|363|1402|942|1304|922|98|102|659|556|576|546|83|77|1503|1013|1123|908|380|309|169|238|169|238|0|172|1568|703|1079|530|489|348|1126|485|769|397|357|214|2657|1381|2349|1341|308|338|2494|1297|2349|1278|145|124|565|522|459|419|106|135|971|942|431|423|540|648|2920|1090|2286|970|634|524|1524|938|1317|868|207|123|1482|955|1133|677|349|362|1290|887|930|663|360|410|2736|1307|1440|750|1296|953|10016|2323|5158|1540|4858|1280|1560|763|1288|741|272|198|3309|1085|2157|918|1152|595|5576|1570|2929|961|2647|947|12049|2207|5681|1479|6368|1300|330|297|252|264|78|142|1251|619|570|380|681|428|7679|1942|2787|1218|4892|1220|5645|1530|3775|1099|1870|790|3947|1437|2518|1095|1429|537|7285|1631|5808|1326|1477|540|415|375|415|375|0|172|559|511|394|362|165|218|1468|776|961|564|507|438|2582|1246|2235|1096|347|377|766|596|766|596|0|172|11259|1688|9376|1504|1883|712|1478|987|1192|920|286|250
0400000US41|4035825|1845|3423034|16591|351085|12971|223893|10762|127192|7345|10471|1805|8073|1758|2398|1054|783|702|398|527|385|411|5033|2313|3020|1436|2013|1523|3536|1367|3091|1308|445|330|14381|2774|12314|2487|2067|828|2288|716|1932|676|356|294|985|605|694|454|291|332|27417|5867|17691|3879|9726|3196|985|659|715|578|270|301|2388|1419|2225|1416|163|190|7494|2610|4671|1722|2823|1365|925|726|634|473|291|289|5397|2229|3970|2110|1427|644|801|710|801|710|0|214|6098|1928|5081|1714|1017|670|1002|725|721|583|281|242|1889|1254|1007|592|882|744|967|601|772|487|195|232|4557|1768|2911|1129|1646|1132|8562|2258|6378|1396|2184|1211|2834|1542|2610|1427|224|221|4431|2227|3904|2132|527|534|1728|1174|1433|1133|295|321|31888|4496|17619|2904|14269|2685|10897|1987|7675|1576|3222|1034|10586|2976|6101|2168|4485|1360|1231|948|950|835|281|310|30022|4236|13301|2960|16721|2804|2864|1318|1594|1012|1270|646|5689|2108|2904|1382|2785|1210|4284|1857|2555|1167|1729|1091|11281|2128|8532|1888|2749|805|10030|1953|6484|1290|3546|1218|9855|3517|7001|2478|2854|1333|873|494|621|408|252|220|5608|2593|2500|1312|3108|1843|2331|1103|1681|965|650|469|2808|1400|1814|1091|994|663|406|332|178|155|228|295|1661|558|1273|430|388|382|4440|2214|2523|1267|1917|1238
0400000US42|12285978|2801|10837992|25760|642540|12994|365105|11634|277435|11727|35008|4031|25286|3673|9722|1908|20401|4515|10340|2737|10061|2619|26569|3514|18756|2542|7813|1717|23239|5610|12578|2639|10661|4889|32247|3420|24987|3066|7260|1623|73882|8229|51842|6211|22040|3571|11157|2158|8970|1722|2187|907|49544|6123|27598|4262|21946|3620|17464|2872|11157|1736|6307|1761|6621|1534|4090|1040|2531|988|16601|2972|10353|1969|6248|1908|3347|1264|2744|1049|603|435|5861|2150|4289|1687|1572|732|21685|3893|12430|2723|9255|2698|32589|5505|25345|4632|7244|2352|12038|2877|8959|2404|3079|1195|6425|2949|4424|2316|2001|1052|13413|3588|7447|2328|5966|1842|25975|4694|14168|3300|11807|2471|16627|3189|12752|2694|3875|1274|14545|3417|11261|2611|3284|1845|10244|3021|8660|2644|1584|705|22895|4618|13697|3084|9198|2345|82840|7109|37924|4036|44916|5208|6394|1562|3575|944|2819|1255|25023|3892|11494|2138|13529|2707|757|657|757|657|0|189|33009|4551|14861|2492|18148|3126|10076|2729|3092|1292|6984|2135|5785|2477|3809|2205|1976|745|11648|5002|6543|3474|5105|2028|17273|3324|12513|2728|4760|1339|5666|1754|3637|1212|2029|923|47699|8500|34867|7185|12832|3249|5010|1186|4265|1144|745|496|7263|2413|3796|1504|3467|1487|24649|5401|18563|4673|6086|2426|7772|2689|3820|1570|3952|1820|0|189|0|189|0|189|1560|928|989|811|571|437|14645|4234|8336|2500|6309|2990
0400000US44|1042843|574|814393|9291|132551|4931|76429|4890|56122|4472|7244|1819|5376|1310|1868|977|11835|3445|7335|2885|4500|1620|5034|2777|3796|2108|1238|801|27058|3875|16710|3107|10348|2016|1206|661|836|465|370|300|457|379|387|370|70|103|479|339|441|330|38|66|2261|1632|1273|883|988|1025|1790|809|835|494|955|586|10|20|10|20|0|232|539|775|539|775|0|232|1250|820|1250|820|0|232|325|261|229|203|96|162|144|254|88|162|56|102|2201|1314|1836|1149|365|355|713|614|541|455|172|204|56|95|0|232|56|95|297|284|234|227|63|88|280|258|204|177|76|122|2752|1838|1626|1126|1126|795|1353|762|1077|685|276|332|830|767|830|767|0|232|286|285|161|250|125|141|6215|1472|3557|1055|2658|983|810|564|657|518|153|195|937|537|800|423|137|180|191|258|191|258|0|232|899|698|597|556|302|234|4630|1942|2667|1369|1963|963|3553|2446|2275|1804|1278|780|459|389|287|327|172|222|1674|1056|1433|998|241|315|349|232|310|221|39|64|1671|661|1257|579|414|359|265|266|265|266|0|232|644|620|464|539|180|231|2106|1221|577|555|1529|1004|334|416|70|128|264|393|0|232|0|232|0|232|34|62|34|62|0|232|2728|2037|1407|1190|1321|1531
0400000US45|4914912|3108|4543049|12196|232102|9500|135665|6776|96437|7293|10948|3349|7935|2788|3013|1554|2252|1514|1782|1087|470|501|1847|710|1402|568|445|393|6293|1907|5244|1588|1049|720|13101|2537|10860|2186|2241|1236|885|474|631|419|254|221|3001|1265|2301|1184|700|545|8749|2924|4180|1150|4569|2445|2349|1060|1743|876|606|393|1519|1971|1519|1971|0|226|4409|2111|2152|1126|2257|1652|218|218|132|158|86|146|2496|1565|2049|1204|447|383|4794|1933|3527|1659|1267|694|3597|1577|3120|1320|477|391|2195|1912|1804|1552|391|397|563|527|563|527|0|226|1187|868|621|578|566|434|3331|1578|1512|903|1819|1273|3020|1184|2494|1006|526|352|2132|1182|1847|1144|285|277|3413|1751|2862|1337|551|654|364|442|364|442|0|226|10218|2603|4783|1517|5435|1932|3511|1502|1950|967|1561|868|2259|972|1096|561|1163|610|735|652|562|600|173|265|8463|2203|4783|1546|3680|1197|190|199|57|108|133|141|1830|929|890|660|940|529|1450|886|1006|659|444|438|10250|1981|7176|1778|3074|1152|788|432|408|344|380|279|6280|2528|4769|2396|1511|911|834|497|773|475|61|75|1630|1417|1444|1367|186|305|1598|982|1331|940|267|324|2780|1971|2321|1886|459|520|65|102|65|102|0|226|369|282|369|282|0|226|3848|1878|3210|1732|638|450
0400000US47|6577960|3438|6083348|15970|285227|9706|147348|7325|137879|8366|10258|2570|8022|1945|2236|1099|580|469|399|424|181|189|2265|925|1848|737|417|475|4788|1614|4210|1529|578|316|12545|2978|8939|1808|3606|2112|6550|2545|4517|2042|2033|1173|1344|876|1344|876|0|224|4803|2165|3384|1764|1419|808|1486|1374|814|852|672|662|2232|1043|1656|705|576|495|1926|1694|1469|1195|457|583|0|224|0|224|0|224|3148|1045|2426|949|722|360|3629|1434|2728|1175|901|548|10091|3393|7153|2406|2938|2060|2435|2046|1834|1313|601|889|116|214|116|214|0|224|1674|1044|1260|765|414|420|5127|3296|2882|1694|2245|2416|10249|3598|7264|2849|2985|1694|5123|1951|3759|1994|1364|1162|1343|988|1292|957|51|86|4033|2173|3404|2189|629|466|12376|2443|7067|1738|5309|1555|4670|1803|2383|1167|2287|1115|5227|1593|2828|1180|2399|927|543|787|137|243|406|571|10027|3152|2889|1079|7138|2649|746|669|266|402|480|418|8108|2569|4136|1504|3972|1456|5028|2209|1684|1758|3344|1828|8056|2563|5866|1635|2190|1310|2456|991|1692|759|764|553|30602|7268|17210|4380|13392|5063|331|288|317|287|14|32|6560|3179|5089|2859|1471|1058|6332|2397|5056|2016|1276|792|7889|4072|3934|2363|3955|2191|189|263|189|263|0|224|987|700|915|664|72|119|3513|1872|2568|1493|945|743
0400000US48|27636314|5035|18003888|59918|7824091|54186|4864365|57897|2959726|45313|71795|8624|57076|6537|14719|3579|8786|3231|7351|3035|1435|812|14211|4138|10137|2794|4074|1862|38147|7169|29157|5546|8990|2721|66379|6700|54434|6741|11945|2814|11325|2580|9601|2257|1724|1593|6436|2008|4531|1477|1905|1356|33535|6588|23070|5330|10465|2903|9689|2758|7265|2539|2424|1108|10823|3887|7068|2505|3755|2042|11997|3203|9650|2736|2347|1315|1463|871|1328|850|135|180|43468|9805|28804|6434|14664|4785|40760|7153|29405|5416|11355|2646|88054|9725|69496|8579|18558|4071|77404|11331|59605|8702|17799|3972|15538|4897|9718|3181|5820|2694|28778|6200|19348|4535|9430|2970|58334|8694|42426|6358|15908|3987|26467|5906|20300|4251|6167|2717|67649|10153|52854|8249|14795|3910|44765|6910|38048|6015|6717|2027|58875|9071|40877|6281|17998|4407|184592|15148|101442|9415|83150|8285|25683|4808|13607|2742|12076|3364|59585|8847|29455|4678|30130|5679|3951|2874|1938|1640|2013|1982|232666|15952|105040|10209|127626|9919|14241|4085|4916|1940|9325|2767|20170|4052|8767|2306|11403|2826|27299|5771|12907|3498|14392|3405|78507|8575|56592|6515|21915|4224|20138|3995|13915|2977|6223|1885|114424|15920|79783|11614|34641|7026|7806|2568|7110|2430|696|691|40927|7320|25260|5096|15667|4053|85265|10451|74255|10184|11010|3014|40786|9145|31652|7984|9134|3340|1780|1761|1126|1415|654|1032|2719|892|1345|722|1374|619|13118|3166|10774|2841|2344|928
0400000US49|3103694|1199|2627427|12031|313381|9708|209083|8642|104298|6123|7790|1677|6796|1645|994|391|261|215|261|215|0|206|2552|1081|2527|1082|25|41|17291|3417|13796|2933|3495|1478|9324|2172|8150|1960|1174|707|2030|703|1941|665|89|120|1203|882|1133|879|70|122|7791|2593|5738|2014|2053|1192|1324|983|1294|977|30|52|2432|1090|1237|741|1195|840|937|553|884|550|53|89|1214|1147|1042|993|172|229|1891|1595|1529|1468|362|357|652|507|540|435|112|181|1666|1020|1475|934|191|196|997|716|742|498|255|376|2107|1999|1026|961|1081|1078|179|224|179|224|0|206|3300|1918|1846|1073|1454|1280|5552|1750|4212|1350|1340|769|1805|1284|1805|1284|0|206|1252|802|985|634|267|270|226|380|65|104|161|279|15873|3031|10071|2043|5802|1850|5497|1566|3578|1030|1919|1011|3576|1886|2598|1795|978|476|603|789|0|206|603|789|8435|2634|3766|1378|4669|1488|1930|1280|777|660|1153|813|4710|2046|2897|1362|1813|987|1585|1070|504|413|1081|931|7507|2260|4686|1056|2821|1952|15099|3273|12571|2977|2528|939|6472|2940|5119|2556|1353|779|195|165|195|165|0|206|1788|1544|1244|970|544|651|2706|2489|2653|2494|53|92|3710|2279|1999|1649|1711|1445|5713|924|3756|869|1957|621|1579|1366|1247|1148|332|283|2132|1221|1996|1189|136|153
0400000US51|8161282|4000|6812736|20908|606744|11339|357590|10684|249154|9569|35106|5060|29118|4693|5988|2177|6112|1935|5227|1712|885|633|7394|1847|5885|1501|1509|631|14107|2951|10904|2340|3203|1220|24552|3065|21233|2953|3319|866|4971|1783|3461|1222|1510|1290|5997|1651|5585|1483|412|348|17982|3338|12232|2219|5750|1675|4512|1364|3877|1190|635|395|4838|1752|3565|1434|1273|629|5932|1628|4269|1207|1663|906|1155|719|786|424|369|374|32137|5972|22564|4772|9573|2085|8933|2140|6637|1751|2296|859|26813|4069|23484|3595|3329|1014|32627|6059|22287|4105|10340|3084|6551|2441|4400|1548|2151|1549|18200|3834|12013|2964|6187|1663|20341|4219|12046|2204|8295|2785|18654|2943|13776|2157|4878|1403|29206|4968|24434|3938|4772|2253|12855|2901|11852|2868|1003|609|6610|1909|5751|1748|859|559|53826|5490|33102|3757|20724|3010|11282|2372|7784|1810|3498|1115|56949|7030|28293|3717|28656|4341|0|216|0|216|0|216|48998|5132|23060|2636|25938|3274|5161|1690|2164|807|2997|1483|7928|1605|4661|1269|3267|994|11550|2375|7656|1715|3894|1198|46517|4567|35507|4039|11010|1604|7078|2050|5812|1828|1266|726|65241|9103|45610|6678|19631|3677|1109|594|958|557|151|195|41181|6075|26981|4816|14200|2623|23703|5152|17825|4346|5878|1872|6688|2672|4892|1709|1796|1367|0|216|0|216|0|216|991|917|412|385|579|638|8015|2298|5551|1748|2464|1338
0400000US53|7306168|2370|5785531|22427|630325|12733|381735|11928|248590|9915|27556|4123|22433|3246|5123|1610|1373|1036|1126|924|247|269|5534|1918|4099|1606|1435|964|11309|2864|8563|2088|2746|1398|25546|3665|23363|3454|2183|763|4498|2283|3896|1703|602|648|1430|609|1057|576|373|384|68900|8649|39157|4906|29743|5651|6154|2301|5137|1828|1017|658|6360|2462|3934|1464|2426|1391|35596|6233|18885|3952|16711|3378|936|612|864|555|72|117|14854|3425|8918|2045|5936|2415|3804|1467|2756|1125|1048|732|37112|4709|31704|4354|5408|1383|8564|3357|6676|2500|1888|1040|19292|5362|10085|2744|9207|2954|5237|1738|4626|1653|611|297|11117|3183|9349|2685|1768|879|23949|4652|18578|3859|5371|1755|19249|5743|15189|4846|4060|1696|14114|3118|12821|2843|1293|1053|9323|2729|7460|2375|1863|1508|136332|7989|73291|5876|63041|4956|23019|3214|15002|2277|8017|1858|44823|5071|21806|2928|23017|3354|3821|1991|1718|1175|2103|1166|73633|7916|26586|3394|47047|5839|16511|3798|6771|2018|9740|2165|11520|2525|6489|1672|5031|1494|14770|4432|8102|2770|6668|2550|63364|6672|42299|4638|21065|3259|38580|4765|27531|4225|11049|2133|21955|6041|12959|3774|8996|3069|4711|2514|4397|2465|314|399|41357|5936|27689|4602|13668|2732|8414|3781|6236|3135|2178|1190|15589|3561|10167|2863|5422|2159|531|407|417|382|114|147|4067|1148|3846|1141|221|192|5508|1713|4171|1430|1337|707
0400000US55|5580644|2316|5093583|13627|255963|9685|159641|7426|96322|5579|7297|1533|5410|1206|1887|815|290|251|175|197|115|137|4008|1406|2620|921|1388|670|3947|2604|3632|2569|315|302|29675|3470|22745|2872|6930|1241|10979|1486|6945|1089|4034|968|2390|1154|2044|1082|346|310|6222|1495|4166|1152|2056|897|5964|1190|4731|1067|1233|488|6440|1849|5131|1661|1309|642|2911|939|2279|819|632|383|69|114|0|157|69|114|1321|714|953|548|368|277|2448|1038|1975|876|473|390|8824|2204|6859|1766|1965|931|2396|1273|1846|1028|550|392|2733|1755|1229|921|1504|1070|923|690|877|680|46|79|3666|1558|2404|891|1262|808|8344|2318|6203|1778|2141|853|3251|1570|3063|1515|188|153|4058|1679|3593|1448|465|491|1444|721|1363|694|81|135|16281|2957|9644|1912|6637|1761|1934|646|1275|461|659|386|3385|1006|1720|644|1665|721|39513|4096|25422|3077|14091|2300|4006|1398|2183|784|1823|858|755|423|654|415|101|154|3811|1296|2180|833|1631|708|5855|2321|1957|1287|3898|1495|8218|2055|5851|1668|2367|986|1220|765|780|446|440|356|12260|4251|9775|3436|2485|1313|995|631|888|619|107|140|2313|1610|1286|813|1027|984|3163|1314|2295|1141|868|532|2334|1550|1638|1114|696|601|176|196|176|196|0|157|2809|965|2549|937|260|191|2470|1438|1300|622|1170|959
0400001US01|2777011|22740|2604867|22394|103477|7231|54922|5776|48555|4614|4510|1757|3823|1515|687|666|590|411|483|350|107|118|1102|835|853|737|249|383|1483|1379|1001|894|482|542|5167|1351|4883|1315|284|238|661|419|568|402|93|114|602|383|527|358|75|125|1793|996|1042|697|751|595|221|190|221|190|0|216|611|721|367|580|244|317|653|407|250|292|403|368|0|216|0|216|0|216|723|578|565|483|158|192|1933|1450|1705|1439|228|249|2192|1241|1287|853|905|733|1333|876|1072|644|261|360|136|224|136|224|0|216|1205|819|586|463|619|578|1191|719|536|407|655|564|477|455|460|452|17|28|1527|924|1257|813|270|259|573|480|466|399|107|142|544|495|369|413|175|206|7395|1940|4434|1322|2961|1112|1647|881|1042|796|605|431|7707|2622|2919|1135|4788|2013|57|115|57|115|0|216|9020|2122|3861|1215|5159|1752|352|390|238|274|114|160|701|506|201|188|500|414|132|170|98|168|34|42|3711|1890|2757|1491|954|705|325|323|306|321|19|38|4064|1917|3643|1856|421|288|100|128|100|128|0|216|542|622|138|224|404|584|914|572|877|541|37|61|1776|1281|1309|1113|467|464|0|216|0|216|0|216|415|386|415|386|0|216|582|483|571|484|11|20
0400001US04|6054727|18673|4437198|27587|1281126|22198|869349|19990|411777|12340|15615|3340|13172|3187|2443|1015|574|610|444|465|130|149|5224|1515|4517|1439|707|473|4768|1441|3864|1245|904|605|13246|2275|11971|2231|1275|652|2598|794|2307|809|291|223|1917|655|1673|637|244|213|6562|2313|5215|2047|1347|624|4331|1714|2743|1396|1588|874|8692|2602|6682|2238|2010|745|5298|1461|4481|1448|817|484|816|510|665|417|151|152|5538|1555|3023|966|2515|1070|6716|2416|5142|2112|1574|854|14184|3612|11864|3134|2320|1243|2780|1553|2145|1305|635|461|1811|1081|1724|1125|87|138|4061|1788|3179|1386|882|644|4580|2520|2557|1189|2023|1616|11271|3019|7501|2399|3770|1223|6522|1910|5480|1767|1042|536|4037|1661|3222|1447|815|522|2549|984|2192|915|357|328|30942|4513|15683|3039|15259|2721|5856|1506|3855|1218|2001|800|10124|2466|5554|1649|4570|1581|72|86|45|74|27|44|22331|3892|10086|1929|12245|2597|1281|617|324|246|957|483|5020|1710|2500|964|2520|1056|3177|1219|1603|749|1574|829|26151|3786|19662|3143|6489|1567|7965|2632|5787|2025|2178|1021|22630|4675|15103|3170|7527|2500|2153|750|1739|641|414|242|11989|3355|9039|2869|2950|1096|4160|1366|3629|1326|531|385|9450|3527|6462|2862|2988|1398|27392|4135|23475|3855|3917|1029|9320|2556|8380|2437|940|478|2700|993|1838|774|862|603
0400001US06|34961690|38220|19240686|65106|10060162|48336|6132505|41992|3927657|37727|120237|9246|106999|8391|13238|2121|7528|2253|5877|2000|1651|1038|48228|4339|40179|4081|8049|1403|85944|8474|59917|5917|26027|4328|86479|6482|77494|6047|8985|1584|24225|3062|21002|2866|3223|851|19334|3027|16665|2837|2669|917|173060|11882|104297|8785|68763|6813|22894|3436|16743|2788|6151|1753|18509|2993|14200|2660|4309|1373|47700|6976|31362|5830|16338|3574|208980|12947|122487|9505|86493|6605|216874|12674|129441|9295|87433|8091|55037|6787|39314|5077|15723|2898|200890|12187|170943|9979|29947|4066|53961|6837|42107|5489|11854|2320|144784|11744|81865|7965|62919|6300|33732|5808|23501|4294|10231|2687|55790|6966|42701|4697|13089|3531|80041|7927|55810|5969|24231|4538|67911|7625|58214|6545|9697|2328|60663|6838|53109|6381|7554|1805|32239|4132|28502|3941|3737|1486|1221351|26360|561959|14492|659392|19144|133578|8313|74819|5464|58759|6059|349942|14370|164067|9116|185875|8797|69533|7690|41395|5877|28138|3646|533810|18053|209166|9915|324644|12885|64325|7442|29255|5329|35070|4123|71130|6488|30568|3734|40562|4671|67839|7444|36969|4174|30870|4783|736475|22550|477569|16521|258906|11793|118046|10223|72055|6645|45991|4992|227308|18895|147068|14175|80240|8053|40796|5981|33701|5376|7095|1733|61332|7422|38244|5033|23088|3739|41999|6650|31085|4846|10914|2691|12356|3106|9124|2270|3232|1732|736|513|646|493|90|143|5738|1668|5413|1611|325|296|39508|5758|21107|3226|18401|4631
0400001US08|4589035|18049|3788283|24660|540903|14733|341400|11379|199503|9975|16312|3413|13034|2427|3278|1564|563|587|370|340|193|316|2188|815|1779|727|409|353|6982|2080|6131|1665|851|773|16196|2561|15068|2527|1128|417|1283|498|1183|495|100|117|3238|1664|2475|1227|763|630|17898|3671|11118|2884|6780|2014|4511|1740|3239|1375|1272|737|2193|1039|1158|640|1035|830|4204|1506|3059|1239|1145|721|1203|923|611|541|592|504|3849|1128|2659|843|1190|502|2538|1886|1730|1183|808|836|4422|1512|4014|1412|408|314|1182|723|838|631|344|235|332|311|287|304|45|74|1692|1027|1078|796|614|521|9589|2770|4544|1405|5045|1876|7264|1942|5884|1536|1380|814|3932|1563|3628|1517|304|265|3370|1418|2925|1257|445|449|2527|1112|2387|1090|140|144|23105|3390|12128|2184|10977|2237|4549|1624|2952|1260|1597|660|12819|2778|7356|2262|5463|1334|1857|844|857|433|1000|612|20746|4529|8925|2378|11821|2753|2039|1064|687|536|1352|910|3331|1034|1423|603|1908|745|5910|2191|2514|1142|3396|1543|7111|1759|4951|1615|2160|771|5186|1312|2259|836|2927|1065|16302|4064|11181|2993|5121|2002|2296|1353|1914|1121|382|387|17001|4567|9108|2712|7893|2952|8630|3424|6003|1979|2627|2170|3449|1602|2289|1226|1160|713|265|212|146|145|119|148|1617|906|1386|861|231|218|6168|2784|4476|2189|1692|1491
0400001US09|3015992|12474|2265689|19025|409972|11026|233486|9140|176486|8993|16535|2956|12607|2162|3928|1348|16893|4184|8567|2717|8326|2657|20663|2875|14726|2346|5937|1349|35656|4562|20745|2936|14911|2837|7439|1571|7184|1569|255|198|1961|837|1748|771|213|259|7089|2384|5119|1781|1970|914|9033|2135|5156|1506|3877|1159|32519|4271|18438|2881|14081|2439|4662|1929|3473|1620|1189|735|6977|3034|4107|1640|2870|1732|722|496|722|496|0|217|2125|1163|1722|1063|403|369|6897|2208|4621|1662|2276|888|11193|2707|9193|2417|2000|918|4444|1728|3200|1462|1244|668|1367|863|888|584|479|456|6550|3607|3840|2455|2710|1417|4528|1678|3637|1338|891|608|18184|3382|12565|2841|5619|1438|3835|1756|3057|1454|778|609|8715|2610|7273|2224|1442|941|2704|1307|2041|949|663|598|31791|5153|15886|2520|15905|3437|2204|980|1558|854|646|367|6227|1964|3291|1311|2936|1115|77|144|77|144|0|217|7594|1980|2764|990|4830|1597|1673|1044|410|299|1263|841|5068|2115|2508|1203|2560|1273|5196|1700|3174|1145|2022|1014|10484|2660|6763|1764|3721|1432|1304|1116|783|815|521|390|9023|2710|5142|1772|3881|1533|1900|849|1649|760|251|264|1734|1010|858|677|876|675|11275|2804|8205|2224|3070|1418|3396|2109|2752|1637|644|765|0|217|0|217|0|217|1723|1282|1164|890|559|446|8971|3000|7792|2923|1179|645
0400001US12|18386719|39677|12515239|47661|4320953|32567|2491700|34706|1829253|29813|97879|8825|77766|7690|20113|2824|428677|21939|259614|17885|169063|11997|41798|5020|30644|4540|11154|2295|139901|11310|89352|7590|50549|5716|54207|5445|47460|4815|6747|1662|16786|4739|14683|4506|2103|906|16656|4150|13109|3609|3547|1452|70479|6864|41036|5207|29443|4226|24094|4006|16540|2844|7554|2115|23614|4565|16403|3890|7211|2124|18877|3402|13081|2470|5796|1991|1323|715|1061|616|262|351|9762|3658|6411|2372|3351|2009|22243|4554|16354|3581|5889|1669|23076|4478|18735|3869|4341|1445|14134|3552|11733|3248|2401|1011|1913|1079|1449|915|464|423|12724|4288|6744|2180|5980|2529|10133|3113|6054|1796|4079|2333|46084|10111|32827|5811|13257|5555|16424|4160|12904|3498|3520|1674|13789|3358|11707|3158|2082|994|11477|2929|9183|2543|2294|1026|64974|7046|32788|4376|32186|4598|13837|3049|8686|1951|5151|1893|17965|3409|10448|2613|7517|1891|1144|916|859|839|285|323|72155|7552|31646|4235|40509|5184|4238|2078|1760|1199|2478|1357|16861|3706|6877|2116|9984|2522|18382|4316|12111|3399|6271|2042|67564|7090|50504|6141|17060|2822|7783|2519|4874|1517|2909|1985|65118|7671|45682|6486|19436|3291|21724|4264|18464|3951|3260|1072|3333|1454|1389|682|1944|1161|9093|3050|7373|2402|1720|944|6169|3816|5028|3227|1141|803|0|242|0|242|0|242|1111|443|880|397|231|201|43026|6872|30464|5456|12562|3311
0400001US13|7611248|36953|6288822|37404|702115|14539|415820|14447|286295|10963|28710|4915|23075|4053|5635|1801|23513|7468|17586|5948|5927|3005|4202|1741|3641|1709|561|457|19082|4192|13407|2916|5675|1942|21025|3730|19420|3432|1605|693|5193|1797|4864|1661|329|274|4206|2165|2879|1531|1327|1044|12722|3158|10117|2755|2605|1167|2268|1123|1673|892|595|505|9548|4526|5193|2984|4355|2153|4077|1776|2874|1292|1203|718|177|177|109|133|68|118|9470|2715|6331|1909|3139|1257|18421|4446|11944|3286|6477|2170|30233|4806|25428|4559|4805|1566|12436|3024|10047|2744|2389|1100|1233|852|1070|837|163|206|9398|3776|5390|2278|4008|1803|13327|3238|11117|2743|2210|1126|13786|3978|9626|3360|4160|1475|19850|4905|15347|4429|4503|1718|14850|5208|13327|4885|1523|849|8723|2843|7340|2515|1383|756|52437|7314|25960|3202|26477|5516|12143|2909|7312|2021|4831|1999|49761|5775|24067|3579|25694|4282|2626|964|2141|877|485|283|54528|9560|21262|5349|33266|5989|4709|2004|2943|1322|1766|918|5479|1797|3333|1366|2146|960|11429|3559|5354|2001|6075|2245|17616|4352|13159|3964|4457|1800|4074|2097|2976|1791|1098|702|19649|7520|14804|5928|4845|2437|3960|1626|2715|1089|1245|905|35318|10642|22641|9643|12677|3923|36582|6889|33127|6467|3455|1718|9978|4601|7020|3661|2958|2117|28|52|28|52|0|247|1229|1208|1212|1210|17|31|12315|3833|11137|3672|1178|872
0400001US17|10590328|22953|7857542|36991|1596724|19395|964103|19036|632621|15207|37237|4806|29548|3951|7689|1980|4982|2042|3709|1372|1273|1652|21248|3178|15386|2607|5862|1472|10286|2193|8142|1900|2144|822|27991|3898|24276|3630|3715|1030|3689|1239|3129|979|560|527|25993|3710|19666|3286|6327|1665|42299|5011|25907|4338|16392|2837|177214|11652|101635|7826|75579|6051|30431|4772|19606|3464|10825|2573|43569|5179|24505|3222|19064|3519|2299|943|1727|700|572|489|7847|2061|5598|1475|2249|1092|44462|5575|27829|4549|16633|2869|36369|4581|29818|4045|6551|1859|53826|6703|39708|5231|14118|2664|5230|1569|3507|1296|1723|730|5874|1943|4703|1773|1171|534|14355|3165|10817|2484|3538|1309|56887|7075|36629|5000|20258|3651|24876|4756|18240|3521|6636|1959|17512|3417|14141|2861|3371|1682|18207|3779|13100|2926|5107|1788|95014|8239|47208|4687|47806|5630|11962|2482|7656|1610|4306|1365|47011|5553|22329|3006|24682|3974|260|249|260|249|0|201|20755|3121|9037|1653|11718|2259|3079|1161|1213|591|1866|835|11501|3021|5004|1336|6497|2024|24471|4645|14872|3652|9599|2555|76728|5976|56308|4521|20420|2941|8906|2290|7211|2171|1695|750|58374|7912|39889|6250|18485|3134|4046|1335|3415|1094|631|486|18824|4187|11631|3318|7193|1703|28934|4924|22121|4120|6813|2141|7881|2740|4602|1588|3279|2117|92|152|58|96|34|57|1304|1285|1304|1285|0|201|4237|1127|3195|911|1042|604
0400001US18|4633179|26803|4141403|31199|281643|8217|179853|7480|101790|6119|16579|5012|10574|2910|6005|2691|7305|3332|3459|2502|3846|1621|2194|1005|2131|1035|63|103|4785|1912|4119|1854|666|504|11619|2141|9844|1983|1775|855|2741|1662|2229|1599|512|340|1904|853|1598|816|306|252|4169|1512|3492|1272|677|460|4793|2536|4010|2367|783|653|4550|1614|3207|1250|1343|675|2106|909|1310|743|796|463|253|421|253|421|0|208|1139|592|832|478|307|243|4769|2357|3757|1888|1012|708|5747|1936|4853|1462|894|995|7562|2565|5730|1836|1832|1071|4796|2418|2309|1545|2487|1251|1783|925|1550|846|233|196|2262|1183|1776|1092|486|341|2043|914|1712|745|331|349|2507|1204|2342|1176|165|191|3781|1689|3474|1561|307|339|2652|1687|2024|1375|628|424|21163|3668|11740|2210|9423|2253|4240|1695|2279|1249|1961|998|4775|1411|2866|1113|1909|668|0|208|0|208|0|208|5267|1889|2464|1136|2803|1134|394|368|360|361|34|64|1861|955|948|604|913|592|25082|3492|7578|1575|17504|3004|7592|1599|5895|1492|1697|754|1385|479|1130|416|255|236|14078|3800|7392|2108|6686|2592|295|409|295|409|0|208|3157|1493|1469|663|1688|1091|10998|4962|9193|4864|1805|969|3200|1274|3103|1301|97|151|0|208|0|208|0|208|1206|1244|341|391|865|1166|3401|1356|2983|1306|418|404
0400001US19|1916592|19369|1704157|19740|108450|6272|67872|5258|40578|3751|6127|1985|3901|1779|2226|1133|405|450|405|450|0|170|701|562|562|433|139|216|1128|712|606|363|522|466|4445|2546|4041|2546|404|336|1151|609|1061|604|90|116|427|348|408|347|19|38|1470|946|1222|902|248|218|669|459|601|457|68|124|7003|2465|3872|1932|3131|1099|451|460|451|460|0|170|0|170|0|170|0|170|695|677|607|552|88|149|1218|1079|887|818|331|389|1201|613|1019|562|182|198|981|920|981|920|0|170|0|170|0|170|0|170|646|431|437|311|209|241|3927|1625|2084|1228|1843|1206|1006|773|874|742|132|162|2001|1400|1545|1249|456|362|1111|705|850|605|261|439|1444|945|1294|938|150|289|6775|2475|4340|1688|2435|1258|691|421|556|413|135|129|3158|1512|1677|1023|1481|845|1636|1269|1146|929|490|484|4907|1604|1503|743|3404|1212|1052|675|745|568|307|291|4096|1410|1491|655|2605|970|9843|2864|3341|1243|6502|2436|2481|907|1379|638|1102|592|3433|1283|935|322|2498|1139|10547|3441|6152|2572|4395|1950|80|131|80|131|0|170|3774|1794|2385|1341|1389|693|4273|2374|2270|1689|2003|1753|7604|3129|3633|1769|3971|2310|0|170|0|170|0|170|802|582|586|417|216|304|626|379|434|283|192|226
0400001US20|2031878|16056|1743165|17796|196916|7165|112568|5515|84348|5338|2947|913|2105|681|842|562|1320|933|125|268|1195|930|637|465|637|465|0|187|2122|987|1219|641|903|617|3807|1096|3725|1101|82|102|1296|920|740|530|556|605|0|187|0|187|0|187|2405|794|1461|601|944|484|338|260|338|260|0|187|372|365|372|365|0|187|629|437|532|374|97|163|29|48|29|48|0|187|869|460|472|325|397|276|1090|531|964|488|126|168|1532|786|1264|705|268|232|1074|749|774|601|300|255|2749|2217|1838|1463|911|1039|2858|1860|2151|1268|707|738|2590|1011|1470|714|1120|735|967|909|933|872|34|61|4026|1589|3538|1483|488|318|368|320|318|298|50|82|1344|864|1303|846|41|80|11220|2788|5918|1830|5302|2091|808|443|608|398|200|216|2551|1453|1633|1116|918|776|2034|1690|1707|1501|327|320|10722|2515|4563|1505|6159|1716|1198|1024|797|779|401|332|2897|949|1358|600|1539|705|3931|1649|1794|820|2137|1054|3125|1015|1813|755|1312|621|1679|706|1150|642|529|261|4526|1594|3794|1472|732|498|479|447|479|447|0|187|4786|1858|2104|1218|2682|1023|559|415|452|315|107|162|5260|2295|4411|1984|849|755|0|187|0|187|0|187|455|374|455|374|0|187|198|138|198|138|0|187
0400001US21|2519909|19936|2316794|22010|98110|5549|51165|4643|46945|4206|7645|2140|4303|1247|3342|1605|1203|1181|603|614|600|721|565|318|464|284|101|125|1117|784|942|680|175|181|4298|886|3764|822|534|359|767|551|647|460|120|202|133|146|56|70|77|128|2936|1869|2204|1187|732|828|1170|880|958|690|212|247|4029|1861|2421|1317|1608|871|1499|1576|772|845|727|773|0|208|0|208|0|208|852|534|710|487|142|158|1047|714|313|307|734|563|2616|1243|1716|759|900|643|2181|1334|1816|1086|365|406|53|65|22|32|31|54|518|468|518|468|0|208|5800|2213|2512|1082|3288|1493|4962|3030|3462|2119|1500|1306|2636|1857|2251|1807|385|363|756|640|686|610|70|84|808|552|610|459|198|229|5604|1393|3357|1111|2247|949|2561|831|1763|745|798|452|2408|1019|1121|555|1287|694|0|208|0|208|0|208|3965|1975|1738|1030|2227|1300|596|755|142|166|454|657|1079|663|852|615|227|200|9813|2012|3223|1161|6590|1366|3387|1186|2076|737|1311|656|3503|1990|1313|828|2190|1705|8139|3396|5633|2535|2506|1330|260|365|260|365|0|208|2373|1487|1317|913|1056|797|1559|1009|1278|990|281|255|10060|5820|2404|1348|7656|4908|0|208|0|208|0|208|293|235|293|235|0|208|1814|1202|870|652|944|767
0400001US22|3189131|23746|2920681|25350|135913|6250|70722|5887|65191|5021|40317|3603|36503|3476|3814|986|4407|2216|2449|1371|1958|1064|2062|869|1560|706|502|385|3021|1833|1764|1569|1257|873|2768|859|2405|788|363|236|305|402|272|400|33|56|997|600|919|585|78|90|1237|991|940|719|297|397|362|348|341|345|21|38|97|153|0|230|97|153|1220|582|844|431|376|363|256|256|92|115|164|195|2656|1773|1364|969|1292|1461|94|149|0|230|94|149|217|219|203|212|14|26|5196|2303|3612|1651|1584|761|629|557|350|392|279|339|1805|1245|1142|926|663|533|2079|1000|1196|654|883|566|2471|1721|1937|1440|534|486|992|943|950|929|42|87|482|551|422|527|60|96|171|268|171|268|0|230|5917|1636|3249|1127|2668|996|479|330|265|267|214|206|2799|1572|1350|1010|1449|942|0|230|0|230|0|230|21033|3207|10384|2538|10649|2525|400|318|264|261|136|176|2797|1149|1201|638|1596|1042|1032|624|535|437|497|413|4137|1421|2990|1026|1147|629|1399|1069|1039|1009|360|350|13535|4295|8980|2982|4555|1956|758|761|746|761|12|21|677|457|540|354|137|168|1963|1173|1778|1093|185|191|1148|1474|947|1312|201|237|0|230|0|230|0|230|202|236|202|236|0|230|420|341|296|266|124|150
0400001US24|5037582|17208|3908938|22799|497766|9381|274201|9790|223565|9283|56307|6143|39482|4492|16825|3466|15037|2928|11248|2353|3789|1205|7577|1755|6141|1476|1436|886|14433|3454|9446|2404|4987|1880|13905|2095|12812|1965|1093|615|2562|1095|2367|1072|195|217|7315|2414|6911|2389|404|295|24911|4620|16331|3474|8580|2533|3804|1410|2553|819|1251|920|1606|780|1462|749|144|180|4506|1701|3633|1444|873|590|1576|874|1227|758|349|326|14320|3132|8725|2019|5595|1857|10908|2997|7837|2177|3071|1411|20029|3266|15960|2739|4069|1282|25382|5715|17848|4355|7534|2338|6913|1871|5045|1346|1868|829|7522|2622|5539|2049|1983|787|13886|3856|8908|2380|4978|1886|8863|2368|6498|1778|2365|1234|10374|2569|7901|1969|2473|1192|10296|3110|7796|2141|2500|1349|6542|2053|5468|1877|1074|496|67813|5383|33612|3181|34201|3923|8231|2368|4480|1460|3751|1521|32160|3663|17671|2771|14489|2197|318|413|220|264|98|160|19958|3413|9806|1852|10152|2181|1440|667|819|399|621|364|4349|1529|1746|724|2603|1131|17272|3541|11586|2624|5686|1427|26680|3518|19582|2883|7098|1781|3417|1346|2151|935|1266|744|19923|4784|13851|3778|6072|2459|5281|1668|4635|1350|646|560|37348|6138|24935|4299|12413|2820|67092|8226|55503|7270|11589|3875|15289|4451|11937|3865|3352|1519|0|216|0|216|0|216|1202|1081|1202|1081|0|216|14531|3505|12129|3280|2402|1053
0400001US25|6099693|16542|4513382|24440|612065|12878|345718|9988|266347|10275|39469|4103|30350|3493|9119|1921|84196|8597|44967|6205|39229|5252|26352|3469|19727|2735|6625|1837|207555|13265|103057|7980|104498|9275|15859|3209|15337|3206|522|368|4195|3067|3400|2155|795|962|20569|3717|15105|2736|5464|1849|36531|4205|23167|3535|13364|2125|11773|1822|7982|1475|3791|1251|4175|1690|3072|1271|1103|722|8260|2700|5710|2386|2550|1103|3731|1481|3007|1245|724|392|7089|2201|4637|1390|2452|1230|14179|3244|9145|2547|5034|1723|26327|4624|21635|3627|4692|2052|10297|3594|7593|2553|2704|1397|6201|3423|4653|2827|1548|891|6949|2279|4525|1405|2424|1528|16453|3435|10662|2466|5791|1845|34668|6619|23295|4324|11373|2946|12917|3155|9471|2268|3446|1818|11301|2126|9708|1957|1593|785|3136|1178|2902|1100|234|243|143073|7996|72923|5317|70150|5182|8211|2261|5554|1768|2657|975|16914|3085|10487|2078|6427|1783|1278|1662|708|930|570|741|49115|5630|18503|3348|30612|3726|18128|3636|9129|2375|8999|2238|3805|1197|2055|796|1750|787|9860|3045|5685|1825|4175|1734|7212|1673|6148|1519|1064|523|2453|1281|1809|909|644|495|40278|6368|26058|4589|14220|3212|8962|2873|7777|2311|1185|916|11666|3862|7090|2601|4576|1917|18748|3462|15066|2934|3682|1231|11642|2908|10012|2686|1630|757|0|218|0|218|0|218|772|490|544|326|228|375|9947|2480|7813|2352|2134|793
0400001US26|7021075|24725|6172097|30764|240320|9819|159702|8241|80618|5474|15046|2441|11831|2027|3215|1112|924|526|712|394|212|358|11789|1996|8428|1731|3361|965|7613|1644|5790|1542|1823|735|17485|2531|15913|2489|1572|656|5158|1427|4292|1251|866|553|4516|1070|3822|966|694|319|10117|2046|5777|1623|4340|1266|13752|2035|9716|1659|4036|966|9509|2351|4743|1508|4766|1391|13893|2732|7986|2138|5907|1450|2958|1931|2277|1895|681|419|5634|1849|3407|1233|2227|1010|9336|3174|7968|3005|1368|597|20710|3625|17907|3360|2803|1032|13638|3104|10042|2478|3596|1137|5768|2025|3598|1281|2170|1018|25834|4442|11954|2666|13880|2821|7496|1818|6593|1721|903|570|38755|5308|23793|3704|14962|2979|12977|3052|10634|2421|2343|1035|7517|2118|6606|1931|911|448|8436|2039|7041|2080|1395|640|43552|4052|24009|2755|19543|2697|13630|2656|6961|1924|6669|2012|17382|2690|8695|1837|8687|1771|3542|1714|2338|1310|1204|591|13148|3030|5723|1803|7425|1800|2362|1096|708|430|1654|846|1939|779|1359|643|580|384|6258|2757|2224|1281|4034|1963|12950|2135|9964|1817|2986|905|2214|924|1757|862|457|306|168196|9611|102439|7520|65757|5659|3224|1170|2827|1131|397|351|32298|5459|20445|4164|11853|2738|5459|1799|4217|1485|1242|814|8223|4032|4247|2606|3976|2070|0|181|0|181|0|181|1381|804|1337|807|44|76|4039|1638|2738|1092|1301|809
0400001US27|3921887|25336|3343956|26446|177399|7542|106684|6319|70715|5369|15981|3940|11741|3067|4240|1824|2296|2104|1718|1684|578|512|1054|553|923|507|131|137|2616|1116|2271|1078|345|272|9342|1618|8604|1564|738|442|1642|647|1606|642|36|61|749|531|642|486|107|153|12403|2730|6707|1795|5696|1502|2461|1023|1872|902|589|528|3723|1759|2043|1079|1680|960|4050|1817|2429|1264|1621|958|20|39|20|39|0|157|2139|1347|1470|858|669|636|3053|1529|1330|793|1723|1381|6124|1934|5724|1854|400|350|2680|1194|1800|998|880|575|1335|991|1104|881|231|332|3227|1466|2584|1327|643|525|6440|2410|5126|2201|1314|718|7047|1993|5017|1242|2030|1141|5081|2039|3251|1520|1830|1220|4209|2160|3864|2099|345|320|1035|681|992|663|43|73|22337|3631|13464|2593|8873|1832|2990|881|1903|635|1087|571|3276|1126|1645|672|1631|632|72577|6375|44532|4864|28045|3797|21309|3949|7810|1996|13499|2857|5417|1946|1915|982|3502|1429|4490|1459|2191|807|2299|944|18454|5010|5736|1610|12718|4161|9114|2417|6287|1882|2827|1004|1650|862|1199|633|451|470|14112|4202|9569|2906|4543|1958|570|309|532|303|38|67|87679|9254|52314|7010|35365|5023|18664|5032|13121|3812|5543|1997|12527|3597|8631|2847|3896|1566|0|157|0|157|0|157|2014|910|1793|873|221|349|4645|1637|3300|1220|1345|769
0400001US29|4093810|18559|3800742|21590|122817|6808|77976|5307|44841|3442|11786|3044|9024|2360|2762|1104|777|905|645|892|132|151|1754|787|1518|736|236|224|1675|833|1313|681|362|253|7446|1896|6628|1787|818|520|1611|883|1482|827|129|208|766|515|538|316|228|284|5012|1584|3164|1256|1848|763|779|496|779|496|0|198|13490|3861|7427|2573|6063|1957|1141|463|621|314|520|433|0|198|0|198|0|198|981|878|787|719|194|233|1076|547|629|362|447|425|6593|2176|6046|2060|547|401|3151|1280|2084|1058|1067|546|3086|2345|1615|1559|1471|942|1774|943|1582|900|192|242|2699|1305|1983|877|716|629|4642|2035|3374|1717|1268|643|7107|2305|6051|2009|1056|646|3349|1504|2280|1254|1069|942|1358|705|1283|668|75|111|19958|2668|11537|1878|8421|1670|2435|943|1775|809|660|409|5790|1621|4136|1302|1654|679|369|398|307|386|62|102|13103|3183|5404|1618|7699|2288|1204|799|851|819|353|405|2187|907|1021|480|1166|642|3725|2386|3073|2362|652|466|7141|1491|5232|1190|1909|834|3913|1626|3046|1516|867|508|10481|3193|6640|2298|3841|1435|1003|599|809|531|194|173|7949|2936|4679|1840|3270|1458|4345|1553|3870|1482|475|495|2497|1272|1563|802|934|696|0|198|0|198|0|198|280|289|255|280|25|39|1818|927|1667|906|151|154
0400001US31|1322408|12335|1131892|14008|128037|6073|67579|4715|60458|4712|5290|1771|3217|995|2073|1469|104|143|104|143|0|170|652|381|431|251|221|271|701|409|570|384|131|155|3320|1322|2732|1232|588|355|393|423|393|423|0|170|398|371|348|311|50|85|2139|1538|1834|1492|305|326|1101|798|782|625|319|399|567|605|275|230|292|410|1091|633|711|468|380|355|48|78|48|78|0|170|1240|1272|890|1050|350|320|159|260|49|80|110|181|1131|755|451|297|680|645|90|140|90|140|0|170|181|256|181|256|0|170|188|227|92|149|96|167|3837|1847|1308|853|2529|1425|1675|837|997|637|678|474|1941|808|1354|575|587|533|231|262|231|262|0|170|32|53|32|53|0|170|3808|1190|1956|781|1852|722|597|540|510|535|87|92|768|484|416|258|352|400|469|543|469|543|0|170|4245|1166|1017|467|3228|975|243|373|243|373|0|170|1801|1171|980|662|821|590|6644|2170|1493|674|5151|1847|1911|898|1353|652|558|447|409|314|279|250|130|131|5216|2086|3221|1227|1995|1113|112|141|85|100|27|45|3824|1114|1421|650|2403|798|2807|1626|2379|1409|428|460|1759|928|946|523|813|746|0|170|0|170|0|170|90|89|90|89|0|170|1267|871|654|502|613|575
0400001US32|2772896|9830|1956883|18282|553918|11362|340044|10503|213874|7994|6964|1723|5429|1330|1535|1019|908|783|631|511|277|350|3715|1431|2358|958|1357|737|4684|1815|3556|1536|1128|659|5833|1643|5088|1552|745|395|1198|578|1198|578|0|221|1161|616|646|467|515|416|4588|1292|3284|1004|1304|608|832|438|563|345|269|269|4625|3107|3267|2357|1358|986|2856|1195|1738|800|1118|749|5233|2455|3987|2143|1246|756|5015|2032|3397|1395|1618|854|399|454|311|440|88|102|3762|1662|2571|1243|1191|871|695|512|506|413|189|237|1893|1386|1199|980|694|561|898|731|578|495|320|385|1259|1007|1008|911|251|267|5287|1797|4236|1612|1051|553|1543|991|1264|890|279|252|1238|739|1121|643|117|192|438|390|329|296|109|174|39630|5801|17273|3418|22357|3475|8033|1977|5147|1675|2886|1149|10232|2673|3913|1198|6319|1787|0|221|0|221|0|221|9979|2457|4714|1578|5265|1613|818|582|580|477|238|252|5850|1578|2772|846|3078|1238|1783|1070|1218|652|565|498|81317|5671|54023|5128|27294|3120|9955|2580|6623|1584|3332|1439|8111|2365|4873|1960|3238|1372|3187|1419|2141|1020|1046|559|10889|3721|6157|2255|4732|1926|1547|906|946|578|601|644|1667|1034|1507|991|160|174|466|364|448|364|18|36|1120|606|899|475|221|247|2487|1091|2089|971|398|313
0400001US34|8292946|14724|5572758|30496|1388339|19910|765068|18973|623271|16500|32119|4285|26202|3534|5917|1754|61312|9911|36650|6584|24662|5251|51006|4895|38163|4281|12843|2151|99852|8250|57766|5101|42086|5410|15495|2677|13525|2452|1970|697|8921|2666|8298|2613|623|478|16872|3549|12595|2825|4277|1365|48434|5493|31056|4515|17378|2833|57696|5840|34199|3925|23497|3550|10029|3122|6842|2482|3187|1195|25329|4087|16385|2687|8944|2657|3426|1364|2857|1316|569|314|6564|2601|5558|2399|1006|666|81376|9022|51217|6303|30159|3807|89931|7370|76924|6536|13007|2538|38144|6048|27633|4238|10511|2693|17147|4287|10906|2903|6241|1891|25725|4172|17764|3486|7961|1770|21278|4106|17634|3622|3644|1407|22057|4237|16547|3554|5510|1638|37235|5438|32196|4888|5039|1606|24350|3706|19882|3398|4468|1583|17137|3640|12848|3042|4289|1965|128130|7742|71489|5920|56641|4406|9905|2254|4907|1377|4998|1646|78022|6222|38521|4121|39501|4141|36|66|36|66|0|222|17621|3326|6926|1842|10695|2526|1137|991|609|603|528|486|2982|1243|1341|682|1641|754|18718|3705|11495|2519|7223|1714|80685|7965|60026|6502|20659|3287|5160|1904|3058|1338|2102|899|81136|9284|56805|8100|24331|3680|24234|4944|21511|4562|2723|1135|1871|827|1109|553|762|552|42525|5272|37027|4902|5498|1540|7699|2604|5162|1903|2537|1152|0|222|0|222|0|222|1349|851|1198|837|151|180|19204|3984|14761|3533|4443|1475
0400001US36|16500738|20062|11022093|47826|2651638|26157|1498276|20447|1153362|25061|126941|9093|94563|8826|32378|5616|144703|13099|90534|8735|54169|6497|124948|7872|87573|6153|37375|3565|44240|4746|29943|3726|14297|2528|35174|3556|31602|3565|3572|895|181711|14366|86723|9258|94988|11084|51904|6473|37350|5008|14554|3025|233745|11932|109937|8416|123808|6851|78175|8359|46378|5993|31797|4539|26668|4536|17256|3381|9412|2011|45229|5376|24841|3538|20388|3882|6129|2210|4295|1389|1834|1079|28406|6654|15933|3473|12473|4239|17120|3328|11229|2753|5891|1279|51566|5648|35511|4063|16055|3094|73355|9232|46897|6436|26458|4155|29791|5513|15663|3586|14128|2537|156865|10428|72488|6004|84377|7564|31817|5196|16245|3251|15572|3363|97368|9787|66274|7588|31094|4137|9415|2208|7669|1734|1746|1040|12038|2696|10024|2486|2014|917|26463|4122|18819|3124|7644|1645|567870|15544|219734|9599|348136|12847|33262|4327|18659|2728|14603|2769|86576|6902|38161|4381|48415|4199|152|251|152|251|0|217|21862|3809|9876|1997|11986|2458|3485|1435|1784|1099|1701|771|9133|1930|3387|980|5746|1528|61932|7617|29334|4633|32598|4657|73000|6013|51741|4715|21259|2973|10943|2602|7325|1946|3618|1261|112319|10095|74126|7208|38193|5245|52256|9373|45392|9212|6864|1518|11119|3805|7987|2945|3132|1627|97129|9452|72890|8793|24239|3907|12233|4015|7664|3364|4569|1967|0|217|0|217|0|217|1449|670|1086|545|363|330|38516|6370|23801|4037|14715|3868
0400001US37|6654084|35391|5680653|36015|588915|16353|338109|13559|250806|10780|32340|4916|21196|3477|11144|3328|6030|1956|3457|1422|2573|1223|3869|1167|3137|976|732|466|10712|3741|7909|2765|2803|1615|16277|3263|13715|3175|2562|837|1750|965|1624|943|126|155|6391|2145|3725|1561|2666|1238|12826|3387|8443|2776|4383|1425|3883|1265|2818|1042|1065|634|2272|963|1791|947|481|422|5858|1816|3887|1467|1971|854|196|203|133|175|63|106|5798|1980|3874|1216|1924|1067|11829|2678|7898|1923|3931|1330|17826|3572|14342|3237|3484|1655|7055|2965|5232|2345|1823|1129|3238|1978|1970|1287|1268|921|4164|2273|3345|2013|819|548|13211|3151|9161|2140|4050|1493|7380|2123|5972|1763|1408|674|18057|3581|15561|3419|2496|1010|12687|3707|11607|3584|1080|685|5089|2186|4165|2016|924|568|34556|5199|20094|3702|14462|2442|6052|1694|3293|1101|2759|1169|11617|2561|6634|1993|4983|1204|5483|2367|3716|1810|1767|818|20650|4335|9690|2762|10960|2713|2441|1241|1572|926|869|529|5087|1896|3245|1504|1842|858|7593|2380|3266|1015|4327|1995|13380|3079|9760|2508|3620|1170|7696|2601|3739|1426|3957|2023|25138|5469|16306|3360|8832|3193|1735|1326|1704|1323|31|52|9386|3004|5568|2086|3818|1762|12678|3268|10791|3040|1887|1148|7761|2820|4904|1917|2857|1427|33|70|33|70|0|224|824|602|518|351|306|408|3668|1280|3286|1214|382|286
0400001US39|8638099|26264|7921939|28681|238524|9648|151469|7621|87055|5728|24975|4941|14908|2420|10067|4148|2167|995|1549|650|618|678|9405|1891|7219|1649|2186|596|5828|1962|4120|1435|1708|904|17838|2789|14436|2237|3402|1224|6941|1780|5975|1635|966|496|5613|1416|4416|1239|1197|565|15870|3424|9208|2464|6662|1858|4916|1395|3471|1065|1445|894|11724|2731|7040|2024|4684|1590|16425|3387|10106|2280|6319|2126|980|822|506|380|474|563|5437|1895|3418|1283|2019|1462|8590|2283|5709|1656|2881|1040|18435|3508|15680|3245|2755|1160|7654|2947|5265|2211|2389|1218|2127|1219|1135|881|992|653|3380|1774|2052|978|1328|1020|34271|6549|18099|4113|16172|3682|15081|3894|10350|3112|4731|1531|11641|3023|8815|2405|2826|1561|6820|2911|5844|2346|976|744|4843|1581|4670|1568|173|174|42532|5724|22340|3924|20192|3228|10308|2546|4320|1380|5988|1861|8652|2266|4611|1427|4041|1456|190|219|170|216|20|36|9985|2218|4779|1390|5206|1393|4085|1810|2356|1211|1729|837|4761|2429|2966|1797|1795|923|9578|3408|5290|2187|4288|1963|12709|2991|8751|2372|3958|1593|3758|1705|2664|1350|1094|803|47315|6991|33076|5151|14239|2975|1982|908|1771|898|211|181|44212|9494|28401|7638|15811|3437|19994|3934|13622|3271|6372|2251|9471|3056|4999|1889|4472|2538|0|204|0|204|0|204|364|402|364|402|0|204|6779|1659|4544|1298|2235|989
0400001US40|2464161|14545|2136440|17164|233521|7967|145116|6405|88405|5438|3986|1463|2904|994|1082|811|173|230|20|40|153|227|1005|456|652|329|353|284|785|507|738|476|47|78|5050|1298|4056|1102|994|520|224|232|215|237|9|18|144|184|144|184|0|172|2974|1066|2425|994|549|338|1373|943|1288|924|85|100|258|256|200|251|58|68|1021|833|773|782|248|286|169|238|169|238|0|172|1358|625|985|510|373|305|663|457|398|304|265|191|2453|1361|2145|1323|308|338|1523|929|1378|902|145|124|440|486|359|395|81|127|971|942|431|423|540|648|2685|1077|2051|948|634|524|1313|942|1155|844|158|120|1070|670|951|581|119|133|1290|887|930|663|360|410|2598|1205|1302|701|1296|953|8202|2152|4192|1433|4010|1102|1110|667|877|660|233|192|2694|1031|1610|817|1084|585|3288|1184|1485|684|1803|804|11197|2164|5361|1450|5836|1258|239|260|161|222|78|142|830|481|479|363|351|241|6538|1849|2544|1223|3994|1044|5053|1486|3375|1070|1678|779|3371|1432|2197|1071|1174|518|6731|1546|5423|1249|1308|505|393|374|393|374|0|172|559|511|394|362|165|218|1227|684|781|520|446|411|2397|1228|2050|1082|347|377|460|455|460|455|0|172|4985|1114|4413|1022|572|450|1400|980|1124|914|276|245
0400001US41|3278105|16911|2726006|21065|311447|12584|197986|10730|113461|6846|8929|1624|6704|1584|2225|1026|743|700|358|526|385|411|4796|2294|2816|1421|1980|1519|3430|1343|2985|1283|445|330|11919|2486|10078|2175|1841|766|1565|504|1372|474|193|240|903|579|668|452|235|266|25450|5715|16511|3844|8939|3078|985|659|715|578|270|301|2219|1356|2056|1353|163|190|6900|2373|4157|1464|2743|1324|925|726|634|473|291|289|5368|2227|3941|2109|1427|644|640|641|640|641|0|214|5630|1745|4613|1514|1017|670|720|562|543|499|177|165|1787|1239|959|578|828|739|677|440|573|420|104|174|4199|1701|2631|1054|1568|1119|7920|2303|5906|1375|2014|1208|2357|1393|2211|1314|146|176|3093|1793|2903|1756|190|184|1287|1042|1147|1026|140|217|29959|4489|16696|2921|13263|2631|9817|1906|6736|1463|3081|1020|8644|2237|4701|1373|3943|1193|1191|942|950|835|241|300|29932|4234|13274|2959|16658|2803|2852|1312|1594|1012|1258|642|5588|2144|2875|1382|2713|1236|4284|1857|2555|1167|1729|1091|10549|2082|7998|1852|2551|799|9657|1948|6160|1297|3497|1209|9462|3464|6677|2432|2785|1321|595|399|399|343|196|197|5608|2593|2500|1312|3108|1843|1923|874|1273|662|650|469|2808|1400|1814|1091|994|663|312|315|84|106|228|295|884|473|612|315|272|350|4145|2215|2228|1243|1917|1238
0400001US42|9740844|27252|8437472|31125|612665|13649|346247|11774|266418|11762|31770|4020|22494|3677|9276|1874|19422|4466|9871|2746|9551|2556|22459|2971|15735|2248|6724|1410|21337|5773|11485|2681|9852|4917|19211|2810|16027|2583|3184|894|14076|2769|10940|2351|3136|1449|10288|2040|8300|1660|1988|874|46016|5996|25424|4187|20592|3554|14062|2925|8858|1794|5204|1802|6567|1541|4036|1044|2531|988|14956|2798|9405|1932|5551|1788|3347|1264|2744|1049|603|435|5680|2130|4108|1657|1572|732|21545|3912|12398|2734|9147|2684|30843|5526|24516|4617|6327|2186|10707|2749|7865|2239|2842|1195|5784|2799|3829|2163|1955|1040|13174|3591|7287|2327|5887|1846|25516|4730|13726|3298|11790|2476|15442|3166|11804|2672|3638|1280|13163|3290|10324|2502|2839|1801|10083|3012|8499|2630|1584|705|21010|4077|11870|2468|9140|2341|78914|7119|35666|4039|43248|5166|5583|1576|2826|876|2757|1269|24021|3823|10727|2090|13294|2714|458|546|458|546|0|189|32053|4571|14134|2425|17919|3155|9384|2529|2949|1254|6435|2031|5278|2476|3396|2193|1882|735|11322|5028|6262|3507|5060|2026|15950|3311|11490|2696|4460|1358|5236|1683|3432|1189|1804|869|46742|8515|34228|7178|12514|3231|4706|1148|3961|1031|745|496|7257|2413|3790|1504|3467|1487|24511|5436|18425|4688|6086|2426|7475|2707|3531|1522|3944|1822|0|189|0|189|0|189|1426|926|855|807|571|437|13933|4237|7780|2509|6153|2986
0400001US44|946618|6316|722184|11972|131701|4971|75844|4911|55857|4470|7182|1818|5314|1310|1868|977|11791|3447|7291|2879|4500|1620|4764|2770|3559|2101|1205|799|25946|3992|15727|3116|10219|1997|1206|661|836|465|370|300|457|379|387|370|70|103|345|262|345|262|0|232|2261|1632|1273|883|988|1025|1790|809|835|494|955|586|10|20|10|20|0|232|539|775|539|775|0|232|1250|820|1250|820|0|232|325|261|229|203|96|162|0|232|0|232|0|232|1655|943|1290|699|365|355|713|614|541|455|172|204|56|95|0|232|56|95|297|284|234|227|63|88|280|258|204|177|76|122|2752|1838|1626|1126|1126|795|1353|762|1077|685|276|332|830|767|830|767|0|232|286|285|161|250|125|141|5959|1521|3352|1056|2607|979|696|543|543|498|153|195|813|496|676|370|137|180|191|258|191|258|0|232|899|698|597|556|302|234|4630|1942|2667|1369|1963|963|3507|2443|2275|1804|1232|769|459|389|287|327|172|222|1674|1056|1433|998|241|315|349|232|310|221|39|64|1357|641|943|566|414|359|265|266|265|266|0|232|644|620|464|539|180|231|2106|1221|577|555|1529|1004|334|416|70|128|264|393|0|232|0|232|0|232|34|62|34|62|0|232|2728|2037|1407|1190|1321|1531
0400001US45|3229642|24091|2943670|25467|172387|9281|100985|6869|71402|6577|9116|3201|6274|2588|2842|1559|1816|1452|1346|991|470|501|1415|649|970|473|445|393|5421|1761|4438|1397|983|714|9702|1982|8259|1716|1443|1027|695|408|543|380|152|141|2579|1216|1891|1124|688|543|6471|2615|3331|1007|3140|2192|1847|1064|1241|826|606|393|221|237|221|237|0|226|2810|1758|1095|599|1715|1598|218|218|132|158|86|146|2332|1595|1885|1233|447|383|4406|1816|3438|1648|968|655|2216|858|2013|838|203|184|2041|1891|1650|1526|391|397|287|248|287|248|0|226|1157|864|621|578|536|429|3132|1526|1450|893|1682|1224|2361|993|1881|781|480|343|1508|1097|1254|1073|254|269|3199|1730|2648|1275|551|654|364|442|364|442|0|226|8538|2457|4206|1499|4332|1642|2760|1248|1612|813|1148|719|1674|764|794|459|880|493|541|507|368|426|173|265|7326|2042|4025|1447|3301|1102|134|171|57|108|77|99|1724|928|854|657|870|513|1366|873|922|639|444|438|9361|1990|6360|1675|3001|1147|559|374|179|241|380|279|5719|2504|4306|2361|1413|918|533|405|533|405|0|226|1386|1284|1200|1228|186|305|1598|982|1331|940|267|324|1538|1356|1184|1247|354|483|55|97|55|97|0|226|364|281|364|281|0|226|3095|1897|2584|1743|511|426
0400001US47|4325077|25319|3904069|26682|243031|9481|119934|7007|123097|8187|7953|2517|5852|1910|2101|1086|543|461|362|414|181|189|1967|889|1550|684|417|475|4048|1477|3470|1368|578|316|6265|1435|5392|1286|873|555|2272|1766|2146|1637|126|200|1258|867|1258|867|0|224|3794|2091|2514|1614|1280|860|613|525|265|223|348|484|2196|1047|1620|710|576|495|1349|1590|892|1038|457|583|0|224|0|224|0|224|2650|995|1928|842|722|360|3440|1414|2623|1165|817|541|9562|3351|6712|2368|2850|2059|2435|2046|1834|1313|601|889|0|224|0|224|0|224|1674|1044|1260|765|414|420|4258|3273|2121|1510|2137|2414|9667|3607|6682|2854|2985|1694|3875|1779|2751|1859|1124|1104|1343|988|1292|957|51|86|3758|2052|3129|2079|629|466|11277|2309|6542|1702|4735|1483|3624|1483|1585|840|2039|1059|4734|1543|2574|1147|2160|890|473|779|137|243|336|552|8574|2743|2275|894|6299|2443|746|669|266|402|480|418|7319|2447|3526|1398|3793|1452|4671|2192|1684|1758|2987|1778|6732|2508|4803|1537|1929|1302|2141|903|1377|645|764|553|28205|7280|15752|4275|12453|5120|163|194|149|192|14|32|6509|3173|5038|2852|1471|1058|6071|2398|4795|2012|1276|792|7889|4072|3934|2363|3955|2191|161|259|161|259|0|224|625|608|625|608|0|224|3143|1829|2250|1447|893|732
0400001US48|22412291|56239|13983033|73266|6814638|56558|4180885|55292|2633753|46072|63908|8560|50946|6329|12962|3519|8397|3184|6962|2989|1435|812|12700|4016|9006|2650|3694|1827|31534|6325|24113|5046|7421|2199|46490|5710|39284|5815|7206|2613|8035|2158|7513|2052|522|545|5176|1548|4136|1430|1040|508|30701|6402|21477|5108|9224|2614|8023|2334|5983|2197|2040|952|10593|3824|6838|2472|3755|2042|8889|2976|6649|2399|2240|1310|1020|656|885|623|135|180|41291|9542|27287|6131|14004|4758|36017|6407|26671|4940|9346|2421|80269|9677|63489|8475|16780|3991|69688|10373|53915|8078|15773|3533|15282|4861|9547|3169|5735|2648|25796|5721|17281|4261|8515|2724|52638|8017|37346|5670|15292|3946|25165|5898|19021|4219|6144|2717|56158|9948|43406|7979|12752|3800|41785|6771|35565|5861|6220|1980|52081|8239|37292|5996|14789|3782|168929|14568|91021|8505|77908|8216|21781|4423|12249|2690|9532|2705|54192|8300|26232|4331|27960|5547|3854|2858|1841|1632|2013|1982|214892|16122|96311|9902|118581|10165|11701|3550|3619|1518|8082|2601|18913|3757|8205|2218|10708|2677|22887|4532|10242|2812|12645|2835|70425|8646|50914|6373|19511|4162|17536|3755|12211|2893|5325|1752|103733|16112|69655|11453|34078|7056|7427|2457|6731|2310|696|691|37528|7011|22477|5086|15051|4026|79119|10139|68917|9956|10202|2963|36008|7631|26985|6437|9023|3347|1556|1704|941|1386|615|972|1466|808|612|488|854|597|11037|2889|9105|2490|1932|798
0400001US49|2709125|15182|2271711|17472|289117|11295|193474|9187|95643|6217|7184|1630|6278|1592|906|390|216|203|216|203|0|206|2459|1080|2434|1078|25|41|16087|3398|12638|2878|3449|1480|8816|2136|7650|1925|1166|707|1833|662|1761|626|72|115|1203|882|1133|879|70|122|7144|2558|5214|1975|1930|1177|1265|998|1265|998|0|206|2406|1084|1211|732|1195|840|912|552|859|547|53|89|1214|1147|1042|993|172|229|1891|1595|1529|1468|362|357|471|424|471|424|0|206|1595|1050|1404|966|191|196|960|712|705|492|255|376|2107|1999|1026|961|1081|1078|179|224|179|224|0|206|3300|1918|1846|1073|1454|1280|5472|1762|4132|1361|1340|769|1279|976|1279|976|0|206|1128|784|861|616|267|270|226|380|65|104|161|279|13316|2821|8374|1867|4942|1715|5197|1585|3278|1015|1919|1011|3500|1868|2522|1775|978|476|603|789|0|206|603|789|8302|2642|3698|1378|4604|1493|1864|1274|711|654|1153|813|4361|1822|2548|1096|1813|987|1450|1049|369|364|1081|931|6899|2209|4123|993|2776|1960|13803|3179|11653|2922|2150|890|6472|2940|5119|2556|1353|779|150|145|150|145|0|206|1788|1544|1244|970|544|651|2706|2489|2653|2494|53|92|3710|2279|1999|1649|1711|1445|1549|715|1228|640|321|302|1354|1364|1022|1149|332|283|1926|1201|1837|1177|89|104
0400001US51|6137201|18920|4907089|27297|544181|12046|318949|10556|225232|9163|30310|4944|24804|4573|5506|2192|4305|1705|3814|1469|491|487|6417|1694|5114|1379|1303|562|13201|2831|10069|2211|3132|1227|18705|2708|16216|2626|2489|798|3073|1147|2695|1069|378|371|5331|1538|4919|1367|412|348|15267|3019|10337|2026|4930|1565|4132|1301|3497|1128|635|395|4573|1706|3300|1386|1273|629|5752|1616|4089|1209|1663|906|1155|719|786|424|369|374|31345|5945|21976|4763|9369|2073|7700|1831|5629|1443|2071|855|24670|3666|21341|3205|3329|1014|31223|6104|21008|4085|10215|3065|6171|2469|4236|1565|1935|1539|18069|3815|11882|2954|6187|1663|18868|3950|11142|2077|7726|2609|17341|2912|12687|2203|4654|1348|23159|5073|18801|3530|4358|2458|11889|2900|10886|2838|1003|609|6228|1929|5369|1742|859|559|50715|5102|31528|3553|19187|2936|10534|2277|7202|1754|3332|1084|54482|7068|26886|3691|27596|4369|0|216|0|216|0|216|47095|5060|21994|2649|25101|3288|5115|1691|2146|799|2969|1488|7415|1520|4299|1195|3116|1005|11402|2366|7543|1711|3859|1185|43399|4461|32915|3860|10484|1637|6259|2008|5394|1834|865|542|62262|9346|43709|6787|18553|3714|1109|594|958|557|151|195|39845|5895|26013|4769|13832|2552|23036|5172|17324|4361|5712|1871|6288|2705|4492|1765|1796|1367|0|216|0|216|0|216|895|914|316|378|579|638|7196|2255|4800|1681|2396|1343
0400001US53|6133251|24626|4740193|34380|539942|13696|324973|11776|214969|10181|25639|4238|20890|3344|4749|1611|1212|1018|1099|918|113|197|4943|1869|3508|1572|1435|964|11134|2845|8388|2073|2746|1398|21774|3707|19906|3433|1868|759|3884|2334|3360|1697|524|702|1362|615|989|583|373|384|62495|8843|34924|4754|27571|5848|5785|2324|4768|1844|1017|658|5846|2419|3589|1409|2257|1389|32969|6057|16959|3643|16010|3389|824|585|752|524|72|117|14134|3479|8340|2117|5794|2424|3771|1459|2723|1119|1048|732|36574|4789|31207|4433|5367|1379|8564|3357|6676|2500|1888|1040|18857|5301|9889|2723|8968|2937|5237|1738|4626|1653|611|297|11106|3182|9338|2683|1768|879|22213|4627|17195|3843|5018|1727|19242|5742|15182|4844|4060|1696|14076|3112|12783|2846|1293|1053|9323|2729|7460|2375|1863|1508|133626|7962|71743|5953|61883|4900|21748|3214|14282|2248|7466|1870|42371|4607|20628|2899|21743|2889|3685|1999|1648|1178|2037|1172|72657|7786|26315|3356|46342|5749|15803|3825|6434|1964|9369|2231|10971|2543|6150|1696|4821|1481|14674|4422|8006|2760|6668|2550|60995|6472|40701|4503|20294|3196|37434|4807|26444|4249|10990|2127|21645|6056|12649|3758|8996|3069|4711|2514|4397|2465|314|399|40752|5908|27084|4590|13668|2732|8414|3781|6236|3135|2178|1190|15486|3573|10167|2863|5319|2167|434|396|342|369|92|146|2114|870|2021|870|93|151|4632|1609|3531|1354|1101|566
0400001US55|3829955|24493|3426286|25960|223804|9590|138932|7014|84872|5416|5700|1525|4105|1215|1595|793|190|165|75|90|115|137|3439|1376|2242|882|1197|685|3275|2492|2996|2464|279|301|13428|2050|11734|1877|1694|701|1707|747|1190|518|517|565|2365|1157|2044|1082|321|309|4824|1261|2900|879|1924|896|4230|1066|3499|980|731|401|5234|1533|4131|1397|1103|652|2045|831|1535|707|510|368|69|114|0|157|69|114|1131|640|857|524|274|227|1308|651|931|470|377|318|8435|2193|6494|1768|1941|933|2297|1258|1822|1025|475|369|2733|1755|1229|921|1504|1070|923|690|877|680|46|79|3314|1362|2086|802|1228|794|7012|2086|5036|1564|1976|842|2894|1491|2706|1431|188|153|3465|1495|3242|1399|223|222|1444|721|1363|694|81|135|14523|2771|8744|1818|5779|1699|1583|597|1057|433|526|363|2833|937|1415|576|1418|674|35653|4017|22664|2967|12989|2306|3636|1369|1939|759|1697|858|745|424|644|416|101|154|3641|1299|2058|830|1583|707|5787|2317|1899|1289|3888|1496|7467|2061|5367|1654|2100|982|1137|757|748|444|389|348|10389|3551|8006|2604|2383|1305|942|633|860|621|82|136|2300|1610|1273|814|1027|984|2343|1066|1621|877|722|484|2071|1502|1455|1095|616|577|20|35|20|35|0|157|1223|781|1223|781|0|157|2110|1513|1028|665|1082|954
0400043US06|2065911|38535|1522952|31761|374146|21387|236072|14574|138074|11229|6134|2199|5749|2187|385|297|36|48|12|22|24|43|3388|1643|2973|1566|415|289|7361|2345|4828|1841|2533|975|6942|1590|6274|1557|668|419|1266|719|1154|707|112|110|523|380|332|267|191|269|5116|1725|3531|1617|1585|800|1142|673|716|507|426|285|1605|1163|1515|1078|90|160|615|467|443|363|172|224|2634|1367|1942|1199|692|545|4776|2601|2605|1173|2171|2064|1486|853|1145|698|341|493|7258|3555|6204|3376|1054|621|2964|2384|2458|1971|506|484|11979|4562|6937|3013|5042|2756|417|566|417|566|0|218|1251|825|1126|792|125|206|3766|1826|3360|1780|406|281|7092|2816|6540|2596|552|452|1827|1304|1771|1291|56|66|1755|1204|1441|930|314|382|23094|4574|12738|2562|10356|2782|2414|982|1274|640|1140|595|6959|1952|3354|1160|3605|1533|3041|1380|1933|964|1108|725|10236|3800|7275|3236|2961|1216|1142|786|379|383|763|514|1982|959|928|784|1054|608|613|403|338|331|275|251|21013|4361|14103|3049|6910|2526|5137|2726|3658|2389|1479|876|4304|1774|3114|1278|1190|711|2700|2230|2572|2230|128|151|713|571|538|560|175|279|353|334|283|304|70|153|143|150|143|150|0|218|23|42|23|42|0|218|1486|501|1418|488|68|89|2127|1600|1603|1239|524|550
0400043US12|2302455|40244|1975078|35965|235140|16008|149142|11964|85998|8420|5246|2264|3973|1584|1273|835|6004|2187|4879|1803|1125|839|2667|1225|2343|988|324|443|16446|6586|10586|4700|5860|2655|6274|1665|5578|1639|696|537|1140|564|1129|566|11|23|914|730|876|732|38|65|6975|3532|4375|2313|2600|1535|848|511|735|514|113|136|968|738|657|578|311|284|769|859|625|716|144|173|73|126|73|126|0|242|308|520|308|520|0|242|2196|1745|1489|1312|707|703|3391|2062|2930|1565|461|688|2218|2312|1552|1534|666|884|0|242|0|242|0|242|662|902|287|394|375|579|1027|701|883|630|144|187|1849|1100|1793|1094|56|112|1236|953|749|660|487|479|1527|1235|1378|1256|149|255|879|744|742|661|137|166|4739|1957|1636|937|3103|1454|1415|807|1258|778|157|185|934|589|521|399|413|395|0|242|0|242|0|242|2078|1147|1131|863|947|541|240|333|240|333|0|242|581|409|319|282|262|303|468|611|415|585|53|98|6221|2553|5291|2429|930|473|1981|1722|1489|1324|492|419|6114|2862|4406|2282|1708|1114|447|648|447|648|0|242|335|408|335|408|0|242|1036|1100|995|1104|41|67|136|184|136|184|0|242|0|242|0|242|0|242|198|165|174|160|24|39|1697|822|1397|774|300|281
0400043US26|2483757|24733|2387807|26037|39611|3502|26040|2889|13571|1840|2848|724|2467|702|381|210|190|210|115|108|75|124|1954|1083|1769|1096|185|123|1525|702|1384|642|141|132|13230|2936|10629|2316|2601|1315|8006|2099|5713|1471|2293|937|343|217|225|167|118|128|951|495|743|423|208|175|1421|504|970|361|451|319|316|304|316|304|0|181|792|413|682|378|110|127|55|95|55|95|0|181|702|1100|581|930|121|173|40|51|40|51|0|181|825|637|800|631|25|35|245|202|130|121|115|111|386|627|386|627|0|181|144|204|72|118|72|95|688|711|662|707|26|35|3172|1834|2608|1751|564|392|806|1302|794|1304|12|25|154|254|154|254|0|181|369|325|369|325|0|181|3017|1598|1406|643|1611|1066|1093|604|647|475|446|373|1534|748|1035|581|499|281|610|568|400|488|210|212|1568|1067|916|767|652|451|66|109|66|109|0|181|913|535|394|238|519|390|93|110|20|40|73|104|1529|417|1134|405|395|171|509|573|139|97|370|559|2691|1549|1547|806|1144|1051|172|174|172|174|0|181|321|291|165|129|156|256|265|219|118|155|147|130|950|1084|893|1066|57|81|0|181|0|181|0|181|504|217|463|205|41|50|1342|480|1147|421|195|170
0400043US27|1454769|25534|1389238|24169|27685|3015|17591|2422|10094|1482|1979|978|1483|886|496|387|80|148|41|89|39|63|193|134|193|134|0|157|328|218|316|212|12|23|6899|1111|4937|906|1962|571|1728|768|1323|701|405|214|40|42|19|24|21|35|1344|703|1022|612|322|247|313|160|240|137|73|75|194|187|70|97|124|158|1118|795|1093|805|25|23|0|157|0|157|0|157|16|27|16|27|0|157|0|157|0|157|0|157|1371|952|1251|857|120|213|169|230|169|230|0|157|0|157|0|157|0|157|0|157|0|157|0|157|39|58|6|13|33|47|1538|536|1402|513|136|96|163|268|163|268|0|157|786|861|786|861|0|157|652|674|652|674|0|157|1124|766|669|602|455|342|389|284|208|130|181|205|447|283|287|229|160|150|3250|1927|2030|1338|1220|740|878|521|271|207|607|457|189|188|126|160|63|99|986|437|354|222|632|340|770|413|382|297|388|327|1634|736|1139|549|495|480|438|338|331|251|107|132|869|854|723|681|146|189|24|23|24|23|0|157|2008|1552|1203|1111|805|531|531|402|531|402|0|157|500|356|368|299|132|123|0|157|0|157|0|157|4229|2084|3879|2060|350|199|630|252|406|214|224|117
0400043US36|2242477|20067|2100653|21524|50060|4434|35787|3664|14273|2594|5856|1141|4754|980|1102|489|1023|1122|890|930|133|210|5665|1425|4009|1150|1656|680|2937|1780|2453|1451|484|384|10509|2218|7758|1785|2751|995|19329|4044|10578|2100|8751|3393|1662|730|1239|546|423|374|6001|2479|4652|2159|1349|669|3719|1549|2655|1055|1064|648|1812|1001|1455|1000|357|371|3079|1228|2143|890|936|707|624|496|624|496|0|217|442|429|343|351|99|168|533|377|486|373|47|79|1013|571|847|472|166|203|156|218|22|39|134|216|550|552|409|477|141|195|780|626|637|537|143|166|508|360|447|299|61|95|4091|1901|3158|1301|933|798|620|388|406|242|214|254|311|363|311|363|0|217|660|625|516|500|144|144|6472|1832|4054|1193|2418|1080|1167|610|895|545|272|272|1448|722|661|537|787|536|0|217|0|217|0|217|566|411|231|220|335|277|671|789|201|261|470|549|234|220|128|146|106|139|1396|819|705|399|691|552|2290|980|1734|686|556|440|221|227|170|220|51|58|1479|1139|841|804|638|467|477|328|448|311|29|49|15|26|0|217|15|26|1087|887|1026|874|61|74|81|79|59|65|22|43|0|217|0|217|0|217|1036|740|648|634|388|496|1244|912|1125|887|119|150
0400043US37|3314277|35304|3051219|36303|202625|10232|116743|7524|85882|8341|3264|922|2795|852|469|395|481|392|410|378|71|91|2475|1437|1765|1138|710|754|1636|1259|1149|1038|487|314|6059|1732|4634|1397|1425|764|1074|859|623|633|451|512|860|653|761|594|99|147|3109|1423|2252|1017|857|772|967|661|356|321|611|585|190|173|149|139|41|69|443|338|349|252|94|157|0|224|0|224|0|224|648|469|550|443|98|123|1338|772|1038|719|300|276|2089|1230|2089|1230|0|224|449|520|367|509|82|104|1434|1187|1112|871|322|375|85|160|85|160|0|224|2247|1455|1753|1154|494|515|1074|816|904|644|170|216|2665|2091|2665|2091|0|224|555|615|422|430|133|205|103|166|0|224|103|166|4189|1556|2217|1186|1972|876|1824|1017|820|535|1004|876|3426|1607|1312|679|2114|1091|3507|1959|2575|1473|932|655|1745|1017|940|706|805|481|123|220|123|220|0|224|374|250|356|248|18|21|831|590|501|476|330|236|2148|1071|1683|977|465|398|1084|745|657|501|427|340|3791|1906|2550|1405|1241|924|569|375|569|375|0|224|0|224|0|224|0|224|894|920|576|638|318|539|520|469|520|469|0|224|0|224|0|224|0|224|1613|710|1426|668|187|197|550|363|452|330|98|160
0400043US42|2545134|27126|2400520|25834|29875|4390|18858|2702|11017|2987|3238|931|2792|875|446|255|979|819|469|438|510|429|4110|1298|3021|929|1089|767|1902|1283|1093|817|809|673|13036|2627|8960|2072|4076|1368|59806|7723|40902|5818|18904|3284|869|824|670|682|199|203|3528|1443|2174|899|1354|695|3402|1031|2299|732|1103|515|54|46|54|46|0|189|1645|872|948|436|697|626|0|189|0|189|0|189|181|172|181|172|0|189|140|184|32|44|108|147|1746|1034|829|478|917|817|1331|916|1094|791|237|247|641|780|595|713|46|80|239|241|160|147|79|127|459|381|442|381|17|34|1185|651|948|558|237|181|1382|1088|937|747|445|389|161|173|161|173|0|189|1885|1418|1827|1401|58|136|3926|1206|2258|863|1668|682|811|552|749|523|62|83|1002|509|767|405|235|228|299|453|299|453|0|189|956|565|727|491|229|145|692|648|143|207|549|547|507|554|413|434|94|161|326|321|281|312|45|74|1323|689|1023|612|300|188|430|560|205|233|225|347|957|517|639|407|318|321|304|445|304|445|0|189|6|12|6|12|0|189|138|211|138|211|0|189|297|383|289|375|8|18|0|189|0|189|0|189|134|118|134|118|0|189|712|471|556|324|156|211
0400043US48|5224023|55620|4020855|50418|1009453|37579|683480|29758|325973|17851|7887|3709|6130|2257|1757|1725|389|444|389|444|0|249|1511|893|1131|766|380|462|6613|2794|5044|1910|1569|1400|19889|4043|15150|3610|4739|1712|3290|1825|2088|957|1202|1516|1260|1305|395|379|865|1215|2834|1468|1593|859|1241|1270|1666|1095|1282|977|384|473|230|370|230|370|0|249|3108|1278|3001|1280|107|161|443|611|443|611|0|249|2177|1440|1517|1269|660|613|4743|2841|2734|1698|2009|1278|7785|2337|6007|1899|1778|939|7716|3454|5690|2576|2026|1203|256|281|171|249|85|140|2982|2434|2067|1760|915|894|5696|2926|5080|2745|616|471|1302|628|1279|628|23|43|11491|3836|9448|3235|2043|1085|2980|1518|2483|1391|497|415|6794|3525|3585|1845|3209|2193|15663|4526|10421|3455|5242|1877|3902|2028|1358|678|2544|1918|5393|2654|3223|1329|2170|1559|97|164|97|164|0|249|17774|5557|8729|2925|9045|3603|2540|1807|1297|1131|1243|851|1257|716|562|416|695|467|4412|2912|2665|1844|1747|1362|8082|2417|5678|1946|2404|1091|2602|1466|1704|987|898|795|10691|5005|10128|4760|563|572|379|368|379|368|0|249|3399|2027|2783|1751|616|515|6146|3196|5338|2885|808|965|4778|4877|4667|4876|111|200|224|218|185|210|39|66|1253|711|733|495|520|407|2081|1663|1669|1574|412|414
0400043US51|2024081|19012|1905647|19335|62563|6380|38641|4200|23922|4223|4796|1304|4314|1296|482|296|1807|1126|1413|961|394|356|977|585|771|458|206|283|906|631|835|623|71|99|5847|1676|5017|1510|830|433|1898|1359|766|418|1132|1322|666|457|666|457|0|216|2715|1284|1895|909|820|553|380|325|380|325|0|216|265|308|265|308|0|216|180|207|180|207|0|216|0|216|0|216|0|216|792|551|588|467|204|181|1233|958|1008|787|225|282|2143|1853|2143|1853|0|216|1404|893|1279|812|125|132|380|481|164|193|216|320|131|241|131|241|0|216|1473|1049|904|729|569|534|1313|566|1089|474|224|223|6047|2779|5633|2664|414|473|966|680|966|680|0|216|382|555|382|555|0|216|3111|1977|1574|864|1537|1264|748|552|582|394|166|231|2467|938|1407|653|1060|502|0|216|0|216|0|216|1903|751|1066|608|837|496|46|65|18|31|28|37|513|333|362|291|151|129|148|115|113|94|35|66|3118|1121|2592|1056|526|353|819|650|418|442|401|486|2979|1811|1901|1156|1078|816|0|216|0|216|0|216|1336|1402|968|891|368|570|667|511|501|428|166|215|400|542|400|542|0|216|0|216|0|216|0|216|96|107|96|107|0|216|819|543|751|516|68|80
04000A0US01|4365690|5727|4134722|10387|146245|6818|81409|5774|64836|5607|5544|1750|4857|1552|687|666|590|411|483|350|107|118|1447|819|1112|752|335|395|2081|1547|1185|930|896|787|6911|1516|6405|1479|506|336|709|425|616|410|93|114|721|394|633|357|88|128|2275|1116|1486|829|789|598|309|230|309|230|0|216|625|721|381|580|244|317|866|485|463|390|403|368|0|216|0|216|0|216|767|577|609|482|158|192|2612|2044|2131|1692|481|443|2334|1254|1429|887|905|733|1333|876|1072|644|261|360|278|330|261|310|17|33|1214|819|595|466|619|578|1478|782|747|457|731|579|1134|793|878|591|256|379|1584|920|1314|810|270|259|573|480|466|399|107|142|406|385|231|256|175|206|8400|1905|4660|1333|3740|1130|2083|1067|1307|914|776|479|11293|2668|4166|1169|7127|2045|57|115|57|115|0|216|9927|2029|4529|1215|5398|1708|352|390|238|274|114|160|1045|606|444|306|601|450|173|188|139|187|34|42|4813|2049|3585|1654|1228|793|609|415|579|412|30|42|4335|1926|3914|1871|421|288|329|323|313|322|16|26|542|622|138|224|404|584|1042|631|1005|602|37|61|2204|1451|1737|1297|467|464|169|128|169|128|0|216|508|411|508|411|0|216|1051|566|758|526|293|272
04000A0US04|6787829|1190|5034301|22815|1360900|21957|923494|20299|437406|13082|16691|3393|14189|3248|2502|1019|574|610|444|465|130|149|6025|1580|5264|1532|761|484|5605|1526|4546|1328|1059|619|15749|2534|14006|2389|1743|746|3297|1159|3006|1172|291|223|2135|653|1891|634|244|213|7135|2422|5631|2147|1504|680|4917|1836|2743|1396|2174|1074|8692|2602|6682|2238|2010|745|5298|1461|4481|1448|817|484|816|510|665|417|151|152|5880|1624|3317|1045|2563|1058|7328|2431|5307|2110|2021|957|15068|3686|12663|3186|2405|1251|3322|1624|2641|1367|681|479|1811|1081|1724|1125|87|138|4061|1788|3179|1386|882|644|5173|2576|3060|1303|2113|1599|11798|3074|8028|2461|3770|1223|6591|1892|5549|1753|1042|536|4312|1647|3497|1428|815|522|2549|984|2192|915|357|328|33265|4753|16761|3130|16504|2842|6410|1526|4170|1247|2240|823|11161|2715|6053|1763|5108|1698|72|86|45|74|27|44|24742|4043|11256|2428|13486|2875|1281|617|324|246|957|483|5377|1851|2516|971|2861|1223|3588|1349|1707|769|1881|923|27889|3624|21399|3186|6490|1578|8603|2621|6425|2059|2178|1021|22774|4694|15185|3184|7589|2508|2325|776|1911|674|414|242|12260|3377|9236|2919|3024|1121|4259|1349|3728|1305|531|385|9610|3507|6526|2866|3084|1396|48837|4100|37433|3929|11404|1427|22196|2933|20339|2892|1857|749|3152|1028|2245|891|907|607
04000A0US06|36759286|3825|20538744|65990|10397782|48576|6344384|42605|4053398|38629|125691|9274|112417|8423|13274|2116|7564|2256|5889|2002|1675|1039|51371|4807|43034|4509|8337|1451|93124|8725|64672|6457|28452|4384|92056|6523|82418|6086|9638|1722|25478|3254|22143|3032|3335|848|19789|3041|16929|2823|2860|970|177921|12141|107634|9180|70287|6729|24036|3510|17459|2895|6577|1705|19809|2988|15500|2719|4309|1373|48267|6957|31757|5856|16510|3543|211606|12952|124421|9543|87185|6573|221558|13036|131954|9353|89604|8223|56523|6873|40459|5177|16064|2946|208117|12566|177116|10385|31001|4120|56878|7034|44518|5636|12360|2376|156549|13351|88588|8948|67961|6964|34149|5721|23918|4264|10231|2687|56852|7157|43638|4876|13214|3551|83563|8177|58982|6315|24581|4541|75003|7438|64754|6283|10249|2390|62480|6993|54870|6493|7610|1831|33994|4109|29943|3905|4051|1524|1243652|26374|574493|14757|669159|19257|135992|8352|76093|5533|59899|5987|356798|14169|167387|9257|189411|8741|72408|7873|43187|6041|29221|3677|543989|18409|216384|10810|327605|12758|65384|7399|29634|5321|35750|4053|73036|6502|31474|3722|41562|4820|68452|7388|37307|4198|31145|4718|756963|22888|491329|17095|265634|11824|123155|10370|75692|6768|47463|5051|231495|18517|150065|13936|81430|7939|43423|6311|36200|5716|7223|1753|62045|7332|38782|4945|23263|3722|42352|6696|31368|4886|10984|2698|12486|3100|9254|2279|3232|1732|736|513|646|493|90|143|6399|1706|6023|1640|376|316|41617|5843|22692|3466|18925|4562
04000A0US08|5215770|3651|4355831|20245|572087|15049|365062|11452|207025|10081|16916|3351|13609|2416|3307|1563|1272|1194|1079|1083|193|316|3212|1194|2645|1145|567|399|8843|2476|7623|2224|1220|829|20652|2777|18873|2646|1779|600|2034|696|1934|706|100|117|3238|1664|2475|1227|763|630|19897|4053|12429|3139|7468|2059|5598|1889|4113|1528|1485|819|2423|1058|1297|658|1126|832|4789|1685|3644|1468|1145|721|1203|923|611|541|592|504|3998|1095|2731|822|1267|504|2538|1886|1730|1183|808|836|5254|1720|4535|1523|719|449|1356|729|1012|672|344|235|1268|814|1182|824|86|98|1750|1037|1136|807|614|521|10375|3023|5280|1706|5095|1876|7825|1960|6197|1568|1628|847|4107|1578|3803|1534|304|265|3370|1418|2925|1257|445|449|2554|1112|2387|1090|167|157|25789|3531|13650|2328|12139|2369|4798|1652|3128|1271|1670|700|14390|2911|8223|2305|6167|1440|1857|844|857|433|1000|612|22170|4607|10092|2402|12078|2824|2174|1080|761|545|1413|916|3459|1060|1517|607|1942|752|5594|2193|2163|1118|3431|1576|7680|1866|5487|1713|2193|792|6158|1624|3108|1282|3050|1063|16855|4193|11734|3087|5121|2002|2330|1356|1948|1125|382|387|18801|4688|10595|3113|8206|2934|8879|3441|6252|2027|2627|2170|3449|1602|2289|1226|1160|713|384|289|327|270|57|93|2063|878|1832|845|231|218|6550|2761|4858|2201|1692|1491
04000A0US09|3428020|1265|2645846|15194|422645|10620|242523|8984|180122|8742|18990|2922|14836|2211|4154|1340|17148|4196|8768|2744|8380|2658|22565|3010|16091|2448|6474|1416|38318|5059|22040|3132|16278|3226|8461|1653|8122|1640|339|222|2109|848|1896|785|213|259|7461|2386|5364|1774|2097|928|9932|2175|5746|1545|4186|1190|34320|4339|19766|2889|14554|2577|4710|1924|3521|1616|1189|735|7756|3164|4423|1662|3333|1883|768|502|768|502|0|217|2243|1171|1840|1069|403|369|6897|2208|4621|1662|2276|888|11275|2689|9275|2399|2000|918|4505|1733|3261|1467|1244|668|1367|863|888|584|479|456|6550|3607|3840|2455|2710|1417|4621|1676|3730|1342|891|608|18931|3342|12893|2831|6038|1417|3899|1748|3121|1441|778|609|8817|2658|7273|2224|1544|989|3008|1310|2345|965|663|598|34315|5366|17619|2783|16696|3481|2497|932|1775|814|722|388|6430|1982|3494|1324|2936|1115|77|144|77|144|0|217|7636|1983|2806|992|4830|1597|1898|1060|635|399|1263|841|5124|2121|2508|1203|2616|1279|5241|1690|3219|1140|2022|1014|11011|2638|7290|1836|3721|1432|1534|1147|973|841|561|402|9377|2750|5430|1817|3947|1543|2248|941|1939|832|309|286|1734|1010|858|677|876|675|11275|2804|8205|2224|3070|1418|3564|2157|2920|1685|644|765|0|217|0|217|0|217|1811|1294|1252|905|559|446|9106|3004|7922|2926|1184|646
04000A0US10|950345|117|810522|8058|70724|3708|42202|3735|28522|3551|2471|1047|1441|588|1030|706|6395|3158|4167|2102|2228|1409|2275|934|1562|784|713|620|1039|937|460|541|579|729|2633|862|1962|765|671|445|2994|1958|1308|862|1686|1766|2288|1500|1880|1357|408|482|950|474|684|430|266|184|281|280|228|265|53|90|0|210|0|210|0|210|621|506|465|377|156|203|0|210|0|210|0|210|20|36|20|36|0|210|2083|1186|1208|739|875|675|3431|1637|2771|1310|660|609|1473|1405|1342|1402|131|181|0|210|0|210|0|210|1811|1238|1525|1077|286|283|276|352|276|352|0|210|645|512|590|476|55|93|1516|1032|902|668|614|972|2199|1562|1835|1178|364|448|1257|1119|1043|928|214|351|8759|2130|5109|1496|3650|1156|311|269|182|232|129|141|1815|948|553|428|1262|747|0|210|0|210|0|210|2605|1898|1185|1088|1420|936|0|210|0|210|0|210|386|284|279|222|107|103|862|739|440|437|422|444|3960|1399|3018|1232|942|492|0|210|0|210|0|210|6136|2949|3961|2212|2175|1138|88|102|88|102|0|210|256|424|120|200|136|225|4529|1854|3784|1562|745|683|1290|1234|1251|1237|39|63|0|210|0|210|0|210|38|72|0|210|38|72|1406|811|1052|679|354|347
04000A0US12|20386337|5302|14211460|42238|4539395|28419|2632227|31759|1907168|30930|101965|8840|80741|7637|21224|2859|433687|22032|263571|17733|170116|12133|44432|5228|32954|4748|11478|2308|156086|13166|99677|8901|56409|6449|59745|5445|52453|4802|7292|1615|17719|4626|15616|4405|2103|906|17570|4237|13985|3755|3585|1453|77020|7195|45080|5291|31940|4546|24764|4032|17097|2856|7667|2122|24582|4623|17060|3898|7522|2232|19646|3586|13706|2608|5940|2024|1396|719|1134|632|262|351|10070|3712|6719|2454|3351|2009|24399|4900|17803|3754|6596|1779|26415|4467|21613|3800|4802|1591|16239|4364|13172|3650|3067|1375|1913|1079|1449|915|464|423|13386|4404|7031|2209|6355|2623|11061|3197|6838|1964|4223|2339|47933|10215|34620|5882|13313|5556|17660|4313|13653|3524|4007|1758|15316|3674|13085|3408|2231|1023|12356|2990|9925|2628|2431|1038|69713|7645|34424|4585|35289|5058|15191|3144|9883|2116|5308|1917|18869|3428|10969|2610|7900|1966|1144|916|859|839|285|323|73912|7627|32710|4273|41202|5180|4478|2105|2000|1237|2478|1357|17319|3620|7073|2130|10246|2472|18850|4248|12526|3370|6324|2026|73564|6851|55724|6090|17840|2821|9764|2930|6363|1968|3401|2009|69863|8496|48719|6893|21144|3675|22072|4341|18862|4042|3210|1099|3668|1506|1724|785|1944|1161|10129|3201|8368|2630|1761|950|6260|3811|5119|3232|1141|803|0|242|0|242|0|242|1241|491|1010|444|231|201|44085|6759|31580|5431|12505|3203
04000A0US13|9430981|9410|8007861|30477|766520|14432|457347|14675|309173|10480|32086|5032|26006|4143|6080|1800|24978|7521|18974|6066|6004|2999|4629|1794|4068|1752|561|457|19311|4111|13579|2888|5732|1935|24416|3953|22520|3662|1896|737|5675|1810|5306|1668|369|282|4305|2194|2978|1566|1327|1044|13350|3214|10672|2814|2678|1167|2546|1135|1880|901|666|515|10077|4568|5446|3006|4631|2173|5486|2294|3599|1461|1887|1206|177|177|109|133|68|118|9470|2715|6331|1909|3139|1257|20746|4717|13832|3367|6914|2364|31430|4856|26625|4639|4805|1566|13835|3206|10975|2892|2860|1157|1298|909|1108|868|190|220|9587|3823|5531|2321|4056|1810|13327|3238|11117|2743|2210|1126|14702|4292|10608|3586|4094|1456|20806|4935|16251|4482|4555|1745|15968|5448|14445|5144|1523|849|9156|2844|7773|2528|1383|756|54765|7424|27470|3155|27295|5651|12801|2905|7718|2053|5083|1956|52638|6139|25145|3812|27493|4292|2913|972|2379|891|534|277|57025|9364|22207|5114|34818|5986|5092|2044|3213|1366|1879|923|6424|1844|3640|1431|2784|1016|11515|3593|5440|2032|6075|2245|19833|4303|14829|4026|5004|1661|5065|2125|3829|1884|1236|676|20135|7572|15257|5993|4878|2445|3994|1578|2826|1083|1168|894|35318|10642|22641|9643|12677|3923|37339|6842|33884|6414|3455|1718|10422|4610|7425|3712|2997|2127|28|52|28|52|0|247|1229|1208|1212|1210|17|31|12703|3830|11549|3662|1154|871
04000A0US17|11402948|4431|8645184|28804|1608004|19364|973788|18286|634216|15373|37619|4862|29787|3969|7832|2007|5047|2057|3709|1372|1338|1657|21578|3169|15667|2590|5911|1469|10407|2211|8269|1917|2138|816|30529|3994|25873|3628|4656|1157|5230|1723|3985|1105|1245|900|26263|3723|19863|3306|6400|1670|43344|5116|26187|4316|17157|2876|178604|11672|102735|7872|75869|6046|30510|4762|19685|3456|10825|2573|44003|5146|24939|3167|19064|3519|2299|943|1727|700|572|489|7847|2061|5598|1475|2249|1092|44749|5625|27927|4562|16822|2871|36699|4611|30148|4085|6551|1859|54791|6862|40673|5418|14118|2664|5240|1568|3517|1295|1723|730|5874|1943|4703|1773|1171|534|14355|3165|10817|2484|3538|1309|58058|7116|37020|4986|21038|3887|25234|4779|18598|3545|6636|1959|17839|3440|14286|2866|3553|1702|18374|3782|13258|2933|5116|1787|94984|8183|47289|4668|47695|5592|12092|2482|7743|1605|4349|1371|47102|5555|22372|2998|24730|3977|346|282|346|282|0|201|21251|3212|9163|1650|12088|2279|3102|1163|1236|594|1866|835|11563|3028|5035|1338|6528|2029|24557|4678|14952|3652|9605|2571|76924|5959|56521|4507|20403|2955|8962|2304|7291|2186|1671|742|58983|7876|40296|6235|18687|3178|4050|1335|3419|1095|631|486|18824|4187|11631|3318|7193|1703|29017|4924|22137|4120|6880|2161|7692|2737|4413|1587|3279|2117|109|157|75|103|34|57|1403|1291|1403|1291|0|201|4306|1135|3238|922|1068|605
04000A0US18|6016807|4231|5446988|16122|301400|7999|194288|8229|107112|6378|19871|5584|13266|3586|6605|2744|7341|3333|3495|2503|3846|1621|3480|1629|3417|1651|63|103|5049|1887|4299|1838|750|512|31209|4388|25069|3690|6140|1604|19910|4940|15106|4543|4804|1406|2055|873|1749|843|306|252|5524|1902|4067|1365|1457|877|5061|2510|4209|2354|852|638|5140|1718|3425|1235|1715|830|3512|1441|2716|1348|796|463|253|421|253|421|0|208|1139|592|832|478|307|243|4769|2357|3757|1888|1012|708|6232|2074|5276|1605|956|1008|8114|2686|6035|1918|2079|1118|5496|2496|2668|1594|2828|1437|1834|918|1550|846|284|197|2419|1185|1933|1092|486|341|2640|1204|2248|1044|392|382|2624|1217|2436|1183|188|199|3991|1730|3684|1605|307|339|2716|1690|2088|1376|628|424|22084|3721|12269|2268|9815|2307|5203|1834|2985|1415|2218|1005|5661|1662|3643|1408|2018|681|0|208|0|208|0|208|5611|1950|2509|1133|3102|1188|1049|896|633|496|416|492|2318|1123|1238|749|1080|627|27517|3983|9037|2013|18480|3087|9042|1689|6888|1589|2154|809|1575|580|1342|541|233|237|15166|4177|8735|2735|6431|2527|360|425|360|425|0|208|3193|1500|1505|667|1688|1091|11022|4966|9217|4865|1805|969|3244|1271|3147|1297|97|151|0|208|0|208|0|208|1206|1244|341|391|865|1166|3789|1384|3303|1384|486|418
04000A0US19|2291209|3092|2076307|9849|103086|5092|66324|4756|36762|3106|6725|2055|4518|1869|2207|1133|601|571|405|450|196|324|434|340|418|340|16|32|1400|768|807|469|593|467|5231|2546|4664|2539|567|373|1655|905|1453|892|202|176|427|348|408|347|19|38|1620|1000|1258|903|362|307|669|459|601|457|68|124|8920|2818|4827|2096|4093|1326|745|578|624|527|121|154|0|170|0|170|0|170|1312|1136|1224|1072|88|149|1377|1211|966|882|411|432|1384|711|1202|688|182|198|1008|924|1008|924|0|170|0|170|0|170|0|170|641|431|432|311|209|241|3611|1520|1891|1157|1720|1203|1678|936|1433|853|245|202|2001|1400|1545|1249|456|362|1813|1068|1418|879|395|498|1298|905|1148|894|150|289|7954|2583|5032|1861|2922|1373|767|445|644|442|123|125|3109|1497|1641|1015|1468|843|1654|1268|1164|928|490|484|4868|1588|1558|748|3310|1196|1372|777|1065|686|307|291|4843|1589|2041|905|2802|1038|9154|2796|2750|1092|6404|2450|2335|816|1345|602|990|557|2620|1266|743|324|1877|1106|11894|3880|6953|2755|4941|2112|80|131|80|131|0|170|3737|1795|2356|1342|1381|685|3998|2370|2270|1689|1728|1722|7627|3130|3632|1769|3995|2309|61|97|61|97|0|170|782|582|566|416|216|304|411|293|236|204|175|214
04000A0US20|2395681|2890|2097100|8345|200386|6810|115473|5031|84913|5380|3180|964|2282|716|898|572|1354|927|149|269|1205|928|555|412|555|412|0|187|2108|990|1219|641|889|617|5876|1551|5656|1524|220|246|1555|890|978|465|577|605|15|24|15|24|0|187|2533|783|1589|591|944|484|372|266|372|266|0|187|372|365|372|365|0|187|612|436|515|371|97|163|29|48|29|48|0|187|869|460|472|325|397|276|1090|531|964|488|126|168|1818|864|1550|790|268|232|1074|749|774|601|300|255|2787|2219|1876|1466|911|1039|2809|1857|2124|1269|685|736|2996|1190|1470|714|1526|979|986|911|952|874|34|61|4026|1589|3538|1483|488|318|449|350|399|331|50|82|1344|864|1303|846|41|80|12373|2994|6632|1914|5741|2175|816|446|661|408|155|196|2736|1528|1677|1117|1059|876|2034|1690|1707|1501|327|320|11516|2420|4839|1510|6677|1603|1210|1034|797|779|413|339|2945|951|1392|598|1553|704|4161|1724|1919|853|2242|1090|3308|1034|1972|776|1336|609|1679|706|1150|642|529|261|4572|1592|3840|1469|732|498|479|447|479|447|0|187|4786|1858|2104|1218|2682|1023|559|415|452|315|107|162|5478|2300|4629|1995|849|755|0|187|0|187|0|187|495|375|495|375|0|187|239|156|198|138|41|75
04000A0US21|3405001|8026|3174644|14148|106899|5228|58046|4801|48853|4311|9227|2294|5870|1457|3357|1602|1329|1193|672|619|657|736|975|499|861|481|114|130|1334|832|1080|717|254|227|6628|1431|5309|1140|1319|802|6457|2501|3250|1607|3207|1803|133|146|56|70|77|128|3256|1886|2337|1175|919|871|1170|880|958|690|212|247|5772|2293|3743|1677|2029|979|2051|1656|1176|999|875|766|0|208|0|208|0|208|901|522|759|481|142|158|1676|977|595|470|1081|665|3437|1517|2537|1222|900|643|2378|1360|1986|1110|392|408|286|363|193|272|93|115|518|468|518|468|0|208|6213|2228|2796|1088|3417|1498|5068|3038|3496|2119|1572|1313|2636|1857|2251|1807|385|363|1144|819|941|724|203|242|828|551|630|459|198|229|5615|1408|3473|1112|2142|946|2725|905|1802|758|923|533|2560|1033|1241|589|1319|697|0|208|0|208|0|208|4032|1992|1814|1047|2218|1299|596|755|142|166|454|657|1437|750|1132|683|305|190|9813|2012|3223|1161|6590|1366|3969|1252|2500|822|1469|704|4467|2397|2124|1487|2343|1707|8166|3362|5660|2494|2506|1330|361|401|361|401|0|208|2373|1487|1317|913|1056|797|1629|1018|1348|999|281|255|10158|5820|2439|1347|7719|4907|0|208|0|208|0|208|290|212|290|212|0|208|1850|1200|870|652|980|767
04000A0US22|4073950|3586|3768037|12070|150552|6953|81122|6413|69430|5633|54724|4117|48585|4077|6139|1331|4660|2222|2702|1413|1958|1064|2062|869|1560|706|502|385|3705|1915|2050|1623|1655|1061|3264|974|2901|930|363|236|361|439|328|436|33|56|997|600|919|585|78|90|1237|991|940|719|297|397|708|661|687|658|21|38|267|328|170|281|97|153|1220|582|844|431|376|363|256|256|92|115|164|195|2656|1773|1364|969|1292|1461|94|149|0|230|94|149|653|552|506|544|147|139|5347|2261|3763|1635|1584|761|629|557|350|392|279|339|3303|2435|2287|1846|1016|737|2389|1056|1381|731|1008|570|2174|1680|1640|1386|534|486|992|943|950|929|42|87|482|551|422|527|60|96|336|334|336|334|0|230|6699|1917|3880|1445|2819|996|690|447|476|420|214|206|2849|1568|1384|1005|1465|943|19|40|0|230|19|40|21944|3149|10909|2527|11035|2506|136|176|0|230|136|176|3342|1342|1677|772|1665|1042|1032|624|535|437|497|413|4469|1446|3246|1022|1223|642|1596|1058|1231|1000|365|350|13669|4301|9096|2987|4573|1957|1627|1246|1615|1247|12|21|677|457|540|354|137|168|1885|1172|1743|1094|142|173|1105|1430|947|1312|158|199|39|51|39|51|0|230|537|366|537|366|0|230|530|425|418|369|112|148
04000A0US24|5736685|1569|4551816|20178|519780|8518|288396|10157|231384|9204|57580|6157|40298|4535|17282|3523|15660|3043|11871|2543|3789|1205|8298|1791|6745|1514|1553|896|14728|3468|9713|2410|5015|1879|15984|2160|14881|2013|1103|615|4139|1462|3474|1300|665|491|7903|2392|7366|2372|537|326|25767|4599|16918|3411|8849|2561|4098|1456|2847|922|1251|920|1872|853|1728|826|144|180|4963|1815|3911|1485|1052|650|1663|891|1314|775|349|326|14783|3216|9036|2077|5747|1858|11181|3034|7976|2183|3205|1434|23294|3735|18421|3166|4873|1438|26803|5847|18982|4470|7821|2376|7445|1970|5431|1360|2014|905|7715|2641|5708|2067|2007|790|14647|3784|9561|2362|5086|1859|9618|2516|7253|1958|2365|1234|11638|3034|9165|2550|2473|1192|11117|3121|8617|2211|2500|1349|6680|2063|5591|1898|1089|500|70504|5708|35074|3358|35430|4027|8550|2424|4756|1534|3794|1517|35322|3816|20069|2918|15253|2217|318|413|220|264|98|160|20736|3429|10237|1870|10499|2196|1461|664|819|399|642|362|4610|1600|1817|748|2793|1192|17978|3766|12074|2801|5904|1471|29130|3420|21105|2899|8025|1821|3837|1508|2485|1076|1352|753|20972|4790|14872|3833|6100|2455|5281|1668|4635|1350|646|560|37885|6154|25323|4317|12562|2819|69594|8379|57330|7318|12264|3892|15429|4515|12077|3940|3352|1519|0|216|0|216|0|216|1253|1082|1253|1082|0|216|14653|3508|12203|3286|2450|1057
04000A0US25|6624336|2515|4996794|23629|623554|12236|353631|9597|269923|10394|42251|4053|32675|3475|9576|1956|84603|8659|45241|6218|39362|5273|27732|3564|20811|2774|6921|1982|215181|13459|107684|7970|107497|9545|16700|2923|16087|2901|613|383|4433|3081|3638|2175|795|962|22699|4258|17102|3377|5597|1879|37249|4318|23805|3712|13444|2104|12368|1942|8525|1624|3843|1261|4286|1699|3135|1274|1151|728|8669|2727|5906|2397|2763|1176|3962|1545|3238|1319|724|392|7247|2210|4740|1395|2507|1233|16029|3738|10787|3024|5242|1735|27586|4826|22637|3861|4949|2073|10836|3610|7926|2550|2910|1426|6201|3423|4653|2827|1548|891|7156|2302|4691|1415|2465|1534|16673|3452|10882|2472|5791|1845|36291|7077|24612|4679|11679|3068|13222|3127|9697|2228|3525|1822|11490|2113|9897|1945|1593|785|3180|1178|2946|1100|234|243|145482|7928|74625|5323|70857|5104|8521|2265|5853|1765|2668|978|17180|3096|10715|2090|6465|1788|1379|1668|708|930|671|755|49440|5619|18657|3357|30783|3723|18749|3719|9479|2418|9270|2302|4016|1259|2213|851|1803|794|9882|3048|5707|1826|4175|1734|7553|1704|6382|1494|1171|549|2453|1281|1809|909|644|495|40414|6335|26097|4579|14317|3199|9175|2876|7990|2318|1185|916|11666|3862|7090|2601|4576|1917|18970|3456|15230|2922|3740|1238|12060|2928|10430|2704|1630|757|0|218|0|218|0|218|772|490|544|326|228|375|10232|2495|8057|2375|2175|796
04000A0US26|8736346|1879|7826271|19228|261477|9293|174454|8194|87023|5339|17026|2352|13581|1960|3445|1131|959|534|747|400|212|358|13401|2079|9919|1815|3482|968|8348|1425|6464|1296|1884|767|26425|3536|22900|3073|3525|1395|10193|1948|8022|1612|2171|821|4790|1093|4033|995|757|334|10738|2123|6225|1637|4513|1273|14406|2062|10092|1655|4314|995|9799|2380|5033|1569|4766|1391|14475|2789|8472|2197|6003|1454|2958|1931|2277|1895|681|419|6051|2084|3703|1498|2348|1022|9336|3174|7968|3005|1368|597|21229|3666|18413|3372|2816|1031|13812|3127|10154|2489|3658|1147|6154|2085|3984|1407|2170|1018|25978|4450|12026|2678|13952|2812|8033|1975|7104|1856|929|572|41462|5688|26187|4311|15275|2939|13783|3491|11428|2962|2355|1035|7671|2150|6760|1959|911|448|8714|2054|7319|2089|1395|640|45923|4422|25091|2786|20832|3007|14352|2669|7318|1949|7034|2055|18471|2856|9365|1982|9106|1807|4053|1705|2709|1352|1344|603|14475|3342|6496|2062|7979|1885|2428|1104|774|450|1654|846|2811|962|1753|705|1058|533|6337|2765|2244|1280|4093|1967|13926|2157|10633|1823|3293|910|2692|984|1873|868|819|628|170362|9596|103697|7571|66665|5618|3290|1168|2893|1129|397|351|32618|5437|20610|4152|12008|2748|5621|1802|4335|1487|1286|817|9122|4159|5140|2770|3982|2044|0|181|0|181|0|181|1511|816|1511|816|0|181|4865|1720|3465|1125|1400|819
04000A0US27|4886842|2498|4269406|16246|189750|7528|115224|6799|74526|5366|17714|4143|13039|3291|4675|1816|2326|2118|1715|1686|611|523|1222|560|1091|516|131|137|2715|1152|2370|1122|345|272|13206|1910|11235|1792|1971|725|2820|933|2533|900|287|180|749|531|642|486|107|153|13461|2840|7513|1904|5948|1529|2620|1024|1978|906|642|535|3744|1758|1940|1058|1804|941|4845|1952|3307|1457|1538|961|20|39|20|39|0|157|2155|1347|1486|857|669|636|3053|1529|1330|793|1723|1381|7495|2144|6975|2031|520|407|2849|1313|1969|1132|880|575|1335|991|1104|881|231|332|3227|1466|2584|1327|643|525|6464|2410|5132|2202|1332|717|8269|2044|6118|1372|2151|1134|5244|2063|3414|1549|1830|1220|4995|2214|4650|2184|345|320|1687|956|1644|944|43|73|23204|3801|14068|2725|9136|1858|3275|922|2052|647|1223|604|3695|1161|1914|747|1781|635|75366|6266|46361|4803|29005|3787|21654|3939|7907|1983|13747|2865|5596|1954|2037|1005|3559|1426|4952|1473|2343|782|2609|1021|18894|5057|6022|1586|12872|4193|10177|2512|6992|1966|3185|1079|1602|848|1174|615|428|462|14911|4252|10222|2946|4689|1964|594|311|556|304|38|67|89635|9447|53470|7161|36165|5026|19066|5026|13523|3813|5543|1997|12973|3617|8945|2881|4028|1555|0|157|0|157|0|157|4933|2145|4479|2103|454|432|4944|1676|3466|1248|1478|772
04000A0US29|5040254|3889|4720530|11700|133092|6794|86049|5271|47043|3642|13225|3066|10172|2416|3053|1091|777|905|645|892|132|151|1750|776|1557|738|193|176|1673|830|1302|681|371|253|12812|3009|10176|2362|2636|1391|3926|1552|3223|1349|703|385|914|552|686|371|228|284|5833|1799|3612|1314|2221|898|716|330|681|325|35|61|13769|3816|7660|2561|6109|1954|1497|673|702|351|795|656|0|198|0|198|0|198|1091|921|838|739|253|252|1076|547|629|362|447|425|6634|2176|6087|2060|547|401|3246|1268|2084|1058|1162|528|3094|2349|1623|1562|1471|942|1774|943|1582|900|192|242|2854|1318|2138|900|716|629|5071|2209|3803|1923|1268|643|7307|2315|6245|2035|1062|646|3349|1504|2280|1254|1069|942|1367|711|1292|675|75|111|20697|2709|12208|1951|8489|1661|2214|815|1699|746|515|292|6722|1631|4712|1314|2010|732|1204|444|694|478|510|225|13425|3156|5574|1622|7851|2268|1509|952|1156|975|353|405|2483|948|1197|529|1286|660|3725|2386|3073|2362|652|466|8017|1633|5869|1321|2148|869|3845|1618|2995|1503|850|505|10302|2968|6614|2196|3688|1391|1003|599|809|531|194|173|8493|3095|5223|2039|3270|1458|4345|1553|3870|1482|475|495|2527|1273|1593|806|934|696|4|7|0|198|4|7|488|350|439|334|49|60|1874|937|1723|916|151|154
04000A0US31|1519104|2013|1325883|7902|126107|5831|67719|4409|58388|4475|5518|1786|3445|1002|2073|1469|104|143|104|143|0|170|672|379|451|248|221|271|701|409|570|384|131|155|3992|1382|3306|1275|686|367|191|171|191|171|0|170|462|388|357|311|105|126|2416|1557|2024|1501|392|345|1120|800|801|628|319|399|624|642|325|267|299|411|1171|637|791|470|380|355|48|78|48|78|0|170|1240|1272|890|1050|350|320|159|260|49|80|110|181|1523|829|843|459|680|645|90|140|90|140|0|170|181|256|181|256|0|170|380|386|144|170|236|284|4035|1791|1506|926|2529|1425|1827|830|1109|620|718|474|2085|825|1498|603|587|533|498|517|427|423|71|115|32|53|32|53|0|170|3770|1214|2037|822|1733|689|839|562|694|564|145|122|1000|565|545|321|455|441|469|543|469|543|0|170|5353|1690|1375|604|3978|1461|243|373|243|373|0|170|1965|1192|1144|717|821|590|6732|2194|1441|644|5291|1860|2015|938|1316|669|699|496|585|342|401|276|184|164|5232|2076|3277|1225|1955|1108|112|141|85|100|27|45|3824|1114|1421|650|2403|798|2807|1626|2379|1409|428|460|1767|930|946|523|821|748|0|170|0|170|0|170|98|86|98|86|0|170|1234|868|616|499|618|575
04000A0US32|2936531|2724|2099842|16922|566139|11199|348732|10437|217407|8042|7205|1747|5670|1361|1535|1019|908|783|631|511|277|350|3715|1431|2358|958|1357|737|5104|1931|3976|1667|1128|659|6146|1656|5360|1578|786|394|1272|592|1272|592|0|221|1169|616|654|467|515|416|5267|1425|3579|1017|1688|862|964|484|695|408|269|269|4625|3107|3267|2357|1358|986|2905|1197|1787|801|1118|749|5257|2458|3987|2143|1270|764|5061|2036|3443|1403|1618|854|399|454|311|440|88|102|3762|1662|2571|1243|1191|871|695|512|506|413|189|237|1893|1386|1199|980|694|561|944|735|578|495|366|393|1332|1017|1081|923|251|267|5749|1904|4698|1713|1051|553|1543|991|1264|890|279|252|1238|739|1121|643|117|192|438|390|329|296|109|174|41183|5910|18189|3429|22994|3589|8057|1978|5171|1675|2886|1149|10419|2694|4009|1204|6410|1808|0|221|0|221|0|221|10018|2457|4753|1579|5265|1613|818|582|580|477|238|252|6010|1574|2836|859|3174|1238|1783|1070|1218|652|565|498|84705|5751|56584|5361|28121|3086|10053|2576|6697|1579|3356|1438|8157|2364|4873|1960|3284|1372|3187|1419|2141|1020|1046|559|10889|3721|6157|2255|4732|1926|1547|906|946|578|601|644|1667|1034|1507|991|160|174|466|364|448|364|18|36|1513|631|1232|509|281|270|2487|1091|2089|971|398|313
04000A0US34|8750930|1289|5977499|28639|1409496|19577|780466|19449|629030|16136|32944|4366|27010|3601|5934|1753|62281|9877|37354|6718|24927|5195|53404|4962|40100|4291|13304|2225|101239|8335|58584|5198|42655|5407|16308|2597|14235|2363|2073|717|9164|2730|8541|2680|623|478|17418|3633|13100|2890|4318|1371|50139|5498|32414|4664|17725|2829|58994|5821|35227|3869|23767|3590|10416|3160|7079|2507|3337|1212|26699|4139|17281|2700|9418|2682|3521|1391|2913|1328|608|325|6564|2601|5558|2399|1006|666|81782|9049|51517|6324|30265|3806|91662|7493|78413|6604|13249|2558|41216|6538|29422|4557|11794|2807|17857|4545|11579|3162|6278|1910|25826|4163|17865|3477|7961|1770|21960|4153|18170|3676|3790|1405|23138|4310|17358|3639|5780|1665|38780|5447|33326|4851|5454|1667|24533|3729|20065|3413|4468|1583|17980|3647|13689|3097|4291|1965|131308|7759|72596|5936|58712|4485|10059|2251|4931|1377|5128|1647|78474|6198|38706|4089|39768|4153|36|66|36|66|0|222|18051|3425|6968|1846|11083|2636|1137|991|609|603|528|486|3012|1243|1371|682|1641|754|19636|3828|12159|2603|7477|1758|82274|7837|61340|6455|20934|3265|5163|1903|3058|1338|2105|899|82520|9154|57588|7951|24932|3740|24648|4933|21925|4542|2723|1135|1871|827|1109|553|762|552|42658|5263|37099|4900|5559|1560|7736|2601|5162|1903|2574|1152|0|222|0|222|0|222|1355|850|1204|837|151|180|20172|3956|15715|3500|4457|1483
04000A0US36|18369255|2593|12779659|44290|2686123|25639|1522626|20536|1163497|24928|132413|9169|99091|8817|33322|5666|145726|13158|91424|8810|54302|6502|129652|7719|91117|6090|38535|3613|46479|5216|31903|3978|14576|2632|43438|4412|37463|4004|5975|1315|197312|15016|94322|9612|102990|11430|53179|6562|38246|5108|14933|3061|238586|11956|113927|8348|124659|6895|81494|8523|48686|6097|32808|4583|28410|4765|18641|3683|9769|2056|47799|5690|26587|3631|21212|4037|6610|2225|4776|1420|1834|1079|28848|6669|16276|3511|12572|4235|17528|3445|11679|2885|5849|1269|52547|5607|36326|4028|16221|3123|73451|9215|46859|6458|26592|4135|30341|5500|16072|3577|14269|2574|157645|10268|73125|5904|84520|7564|32096|5191|16524|3251|15572|3363|100790|10024|68886|7796|31904|4126|10035|2204|8075|1735|1960|1045|12194|2738|10180|2512|2014|917|27087|4246|19299|3242|7788|1661|573652|15927|223370|9742|350282|12805|34178|4410|19303|2807|14875|2791|87908|7103|38822|4513|49086|4235|152|251|152|251|0|217|22318|3821|10107|2006|12211|2471|3889|1599|1913|1122|1976|906|9331|1972|3515|1004|5816|1550|62470|7652|29512|4649|32958|4689|75143|6079|53401|4765|21742|2948|11148|2582|7479|1942|3669|1256|113451|10298|74920|7387|38531|5229|52487|9390|45594|9223|6893|1518|11134|3809|7987|2945|3147|1627|98072|9529|73916|8903|24156|3921|12293|4017|7702|3372|4591|1966|0|217|0|217|0|217|2485|921|1734|769|751|568|39702|6329|24868|3977|14834|3879
04000A0US37|9432107|6736|8238760|19241|752986|14169|433468|14398|319518|11823|34788|5092|23329|3704|11459|3338|6373|2031|3813|1474|2560|1240|6228|1706|4833|1376|1395|900|12151|3961|8911|2900|3240|1696|21190|3921|17560|3636|3630|1105|2824|1275|2247|1133|577|493|7238|2132|4486|1594|2752|1247|15372|3416|10188|2736|5184|1536|4850|1434|3174|1104|1676|864|2462|970|1940|948|522|429|6301|1810|4236|1459|2065|826|196|203|133|175|63|106|6082|1968|4090|1206|1992|1056|13167|2733|8936|1952|4231|1363|19857|3914|16431|3575|3426|1637|7504|3031|5599|2431|1905|1130|4672|2351|3082|1593|1590|984|4249|2220|3430|1958|819|548|15458|3418|10914|2472|4544|1547|8368|2210|6790|1820|1578|687|20722|3870|18226|3724|2496|1010|13218|3767|12017|3615|1201|719|5192|2184|4165|2016|1027|591|38646|5327|22243|3783|16403|2525|7876|2037|4113|1293|3763|1430|14973|2974|7908|2045|7065|1719|8990|2990|6291|2218|2699|1068|22395|4421|10630|2748|11765|2805|2564|1278|1695|981|869|529|5461|1903|3601|1523|1860|858|8141|2397|3527|1049|4614|1996|15367|3090|11343|2568|4024|1219|8752|2726|4368|1532|4384|2039|28895|5834|18822|3717|10073|3352|2304|1377|2273|1373|31|52|9386|3004|5568|2086|3818|1762|13438|3520|11233|3131|2205|1264|8281|2865|5424|1999|2857|1427|33|70|33|70|0|224|2223|851|1775|652|448|435|4174|1371|3694|1305|480|323
04000A0US39|10693820|2572|9879653|17513|254860|9292|163753|7643|91107|5744|26522|5083|16329|2594|10193|4156|2167|995|1549|650|618|678|10735|2083|8148|1801|2587|726|6789|2058|4665|1450|2124|984|30356|4579|22625|2837|7731|2547|50298|6224|34950|4948|15348|3214|6628|1477|5456|1339|1172|567|17228|3605|10156|2565|7072|1956|5704|1623|4259|1335|1445|894|12303|2731|7552|2034|4751|1585|17464|3509|10758|2331|6706|2150|980|822|506|380|474|563|5481|1894|3462|1283|2019|1462|11121|3278|6953|2227|4168|1398|19740|3603|16720|3348|3020|1203|8490|3128|6101|2412|2389|1218|2126|1227|1144|880|982|653|3380|1774|2052|978|1328|1020|35174|6813|18680|4323|16494|3719|16212|3882|11355|3141|4857|1502|12200|2993|9275|2409|2925|1561|7080|2957|6104|2386|976|744|5012|1589|4839|1576|173|174|44311|5604|23061|3842|21250|3221|11390|2617|4606|1428|6784|1946|8819|2261|4707|1416|4112|1478|419|379|295|292|124|216|10766|2434|5064|1439|5702|1656|4195|1802|2393|1210|1802|832|5069|2430|3291|1810|1778|918|10247|3713|5557|2300|4690|2119|13554|3012|9310|2383|4244|1597|4687|1880|2883|1404|1804|1044|48900|7184|34582|5440|14318|2953|2338|1043|2127|1033|211|181|44383|9508|28572|7656|15811|3437|19994|3934|13622|3271|6372|2251|9699|3036|5209|1872|4490|2537|0|204|0|204|0|204|416|410|416|410|0|204|6930|1674|4634|1302|2296|1009
04000A0US40|3232155|4723|2866284|10910|255415|7669|160482|6700|94933|5152|4691|1589|3287|1073|1404|962|173|230|20|40|153|227|1134|469|781|355|353|284|1257|706|1088|597|169|169|7006|1647|5722|1481|1284|565|393|298|359|289|34|47|152|185|152|185|0|172|3110|1086|2497|1000|613|351|1402|942|1304|922|98|102|612|547|554|542|58|68|1201|956|1064|900|137|133|169|238|169|238|0|172|1568|703|1079|530|489|348|1126|485|769|397|357|214|2472|1391|2184|1347|288|340|2477|1299|2332|1282|145|124|565|522|459|419|106|135|971|942|431|423|540|648|2873|1077|2239|952|634|524|1346|941|1188|843|158|120|1482|955|1133|677|349|362|1290|887|930|663|360|410|2736|1307|1440|750|1296|953|9756|2322|5006|1538|4750|1286|1459|762|1187|742|272|198|3201|1097|2059|930|1142|595|4847|1558|2600|961|2247|930|11797|2179|5567|1464|6230|1282|330|297|252|264|78|142|1207|616|559|380|648|426|7634|1951|2742|1230|4892|1220|5508|1517|3651|1079|1857|792|3347|1389|2174|1056|1173|524|7204|1621|5727|1320|1477|540|404|375|404|375|0|172|559|511|394|362|165|218|1468|776|961|564|507|438|2582|1246|2235|1096|347|377|484|481|484|481|0|172|7047|1222|5740|1051|1307|704|1416|981|1153|913|263|250
04000A0US41|3935238|3684|3332513|16550|342813|12783|219303|10484|123510|7136|10342|1816|7990|1759|2352|1055|783|702|398|527|385|411|5033|2313|3020|1436|2013|1523|3526|1367|3081|1307|445|330|14211|2745|12144|2452|2067|828|2281|714|1925|675|356|294|985|605|694|454|291|332|27378|5875|17652|3881|9726|3196|985|659|715|578|270|301|2388|1419|2225|1416|163|190|7494|2610|4671|1722|2823|1365|925|726|634|473|291|289|5397|2229|3970|2110|1427|644|801|710|801|710|0|214|6098|1928|5081|1714|1017|670|1002|725|721|583|281|242|1889|1254|1007|592|882|744|967|601|772|487|195|232|4508|1770|2862|1132|1646|1132|8445|2300|6290|1416|2155|1231|2834|1542|2610|1427|224|221|4431|2227|3904|2132|527|534|1728|1174|1433|1133|295|321|31853|4488|17602|2902|14251|2682|10656|1979|7471|1560|3185|1036|10586|2976|6101|2168|4485|1360|1231|948|950|835|281|310|30015|4236|13294|2959|16721|2804|2851|1317|1594|1012|1257|645|5446|2094|2786|1377|2660|1203|4284|1857|2555|1167|1729|1091|11270|2130|8532|1888|2738|807|9895|1941|6349|1276|3546|1218|9855|3517|7001|2478|2854|1333|873|494|621|408|252|220|5608|2593|2500|1312|3108|1843|2331|1103|1681|965|650|469|2808|1400|1814|1091|994|663|353|323|125|126|228|295|1126|454|865|325|261|334|4440|2214|2523|1267|1917|1238
04000A0US42|11937509|2742|10501866|25560|638609|13006|362176|11665|276433|11720|34532|4020|24961|3702|9571|1901|20348|4499|10305|2729|10043|2612|26432|3502|18630|2536|7802|1717|22970|5646|12359|2629|10611|4889|30406|3314|23757|2965|6649|1474|70322|8101|49487|6060|20835|3536|11127|2161|8940|1724|2187|907|49478|6112|27546|4247|21932|3624|16959|2883|11002|1715|5957|1800|6556|1524|4090|1040|2466|996|16520|2958|10272|1953|6248|1908|3347|1264|2744|1049|603|435|5799|2136|4227|1669|1572|732|21658|3890|12425|2724|9233|2695|32583|5508|25339|4634|7244|2352|12038|2877|8959|2404|3079|1195|6425|2949|4424|2316|2001|1052|13413|3588|7447|2328|5966|1842|25960|4703|14168|3300|11792|2475|16389|3207|12567|2705|3822|1272|14545|3417|11261|2611|3284|1845|10196|3010|8612|2631|1584|705|22895|4618|13697|3084|9198|2345|82441|7090|37623|4010|44818|5211|6368|1559|3558|945|2810|1251|24990|3887|11461|2128|13529|2707|757|657|757|657|0|189|33000|4550|14852|2490|18148|3126|10076|2729|3092|1292|6984|2135|5752|2473|3776|2203|1976|745|11648|5002|6543|3474|5105|2028|17081|3339|12406|2751|4675|1350|5666|1754|3637|1212|2029|923|47613|8500|34781|7181|12832|3249|4945|1165|4250|1141|695|488|7263|2413|3796|1504|3467|1487|24649|5401|18563|4673|6086|2426|7772|2689|3820|1570|3952|1820|0|189|0|189|0|189|1522|926|951|806|571|437|14593|4227|8284|2486|6309|2990
04000A0US44|1042843|574|814393|9291|132551|4931|76429|4890|56122|4472|7244|1819|5376|1310|1868|977|11835|3445|7335|2885|4500|1620|5034|2777|3796|2108|1238|801|27058|3875|16710|3107|10348|2016|1206|661|836|465|370|300|457|379|387|370|70|103|479|339|441|330|38|66|2261|1632|1273|883|988|1025|1790|809|835|494|955|586|10|20|10|20|0|232|539|775|539|775|0|232|1250|820|1250|820|0|232|325|261|229|203|96|162|144|254|88|162|56|102|2201|1314|1836|1149|365|355|713|614|541|455|172|204|56|95|0|232|56|95|297|284|234|227|63|88|280|258|204|177|76|122|2752|1838|1626|1126|1126|795|1353|762|1077|685|276|332|830|767|830|767|0|232|286|285|161|250|125|141|6215|1472|3557|1055|2658|983|810|564|657|518|153|195|937|537|800|423|137|180|191|258|191|258|0|232|899|698|597|556|302|234|4630|1942|2667|1369|1963|963|3553|2446|2275|1804|1278|780|459|389|287|327|172|222|1674|1056|1433|998|241|315|349|232|310|221|39|64|1671|661|1257|579|414|359|265|266|265|266|0|232|644|620|464|539|180|231|2106|1221|577|555|1529|1004|334|416|70|128|264|393|0|232|0|232|0|232|34|62|34|62|0|232|2728|2037|1407|1190|1321|1531
04000A0US45|4648468|3509|4286995|12349|224995|9499|132883|6772|92112|7257|10590|3358|7577|2770|3013|1554|2252|1514|1782|1087|470|501|1735|704|1392|564|343|362|6293|1907|5244|1588|1049|720|12418|2534|10177|2142|2241|1236|863|469|609|413|254|221|3001|1265|2301|1184|700|545|8749|2924|4180|1150|4569|2445|2349|1060|1743|876|606|393|1519|1971|1519|1971|0|226|4409|2111|2152|1126|2257|1652|218|218|132|158|86|146|2496|1565|2049|1204|447|383|4465|1843|3198|1561|1267|694|3276|1533|2817|1266|459|391|2195|1912|1804|1552|391|397|563|527|563|527|0|226|1187|868|621|578|566|434|3331|1578|1512|903|1819|1273|3020|1184|2494|1006|526|352|2043|1177|1758|1141|285|277|3413|1751|2862|1337|551|654|364|442|364|442|0|226|10218|2603|4783|1517|5435|1932|3511|1502|1950|967|1561|868|2259|972|1096|561|1163|610|735|652|562|600|173|265|8356|2191|4730|1540|3626|1179|190|199|57|108|133|141|1830|929|890|660|940|529|1450|886|1006|659|444|438|10138|1975|7064|1751|3074|1152|788|432|408|344|380|279|6280|2528|4769|2396|1511|911|834|497|773|475|61|75|1630|1417|1444|1367|186|305|1598|982|1331|940|267|324|2691|1972|2232|1887|459|520|55|97|55|97|0|226|369|282|369|282|0|226|2797|1198|2159|928|638|450
04000A0US47|6005637|5631|5524684|16586|277354|9071|142541|7060|134813|8172|9586|2549|7643|1950|1943|1052|580|469|399|424|181|189|2265|925|1848|737|417|475|4711|1607|4133|1524|578|316|11870|2893|8347|1708|3523|2101|4671|2307|3793|1996|878|846|1344|876|1344|876|0|224|4803|2165|3384|1764|1419|808|1447|1373|814|852|633|660|2232|1043|1656|705|576|495|1926|1694|1469|1195|457|583|0|224|0|224|0|224|3148|1045|2426|949|722|360|3451|1414|2623|1165|828|542|10078|3395|7140|2410|2938|2060|2435|2046|1834|1313|601|889|114|214|114|214|0|224|1674|1044|1260|765|414|420|5127|3296|2882|1694|2245|2416|10249|3598|7264|2849|2985|1694|5123|1951|3759|1994|1364|1162|1343|988|1292|957|51|86|4033|2173|3404|2189|629|466|12120|2407|7029|1738|5091|1516|4534|1795|2364|1166|2170|1105|5214|1591|2815|1180|2399|927|543|787|137|243|406|571|9497|3085|2591|1056|6906|2620|746|669|266|402|480|418|7746|2488|3774|1449|3972|1456|5028|2209|1684|1758|3344|1828|7596|2526|5521|1571|2075|1298|2287|928|1523|695|764|553|30342|7187|16950|4299|13392|5063|272|256|258|254|14|32|6560|3179|5089|2859|1471|1058|6326|2397|5050|2016|1276|792|7889|4072|3934|2363|3955|2191|189|263|189|263|0|224|987|700|915|664|72|119|3513|1872|2568|1493|945|743
04000A0US48|26359359|11519|16985421|60242|7584726|54582|4700943|57083|2883783|45177|70828|8617|56146|6504|14682|3584|8776|3231|7341|3036|1435|812|13996|4102|9922|2757|4074|1862|37954|7159|29030|5532|8924|2719|59306|6381|50389|6436|8917|2575|10345|2552|8697|2293|1648|1587|6436|2008|4531|1477|1905|1356|33535|6588|23070|5330|10465|2903|9580|2769|7156|2544|2424|1108|10784|3887|7029|2517|3755|2042|11547|3210|9276|2742|2271|1309|1463|871|1328|850|135|180|43119|9884|28631|6456|14488|4829|40760|7153|29405|5416|11355|2646|87617|9746|69082|8590|18535|4072|77236|11316|59453|8686|17783|3973|15507|4908|9687|3182|5820|2694|28778|6200|19348|4535|9430|2970|57996|8788|42098|6432|15898|3987|25802|5919|19658|4257|6144|2717|67323|10188|52528|8256|14795|3910|44755|6914|38038|6018|6717|2027|58875|9071|40877|6281|17998|4407|183603|15168|100879|9359|82724|8344|25552|4818|13517|2744|12035|3363|59388|8831|29398|4680|29990|5682|3951|2874|1938|1640|2013|1982|230717|15957|104233|10227|126484|9797|13698|3991|4633|1896|9065|2713|19850|4018|8659|2310|11191|2817|26832|5728|12753|3466|14079|3409|77829|8600|56178|6541|21651|4228|19815|3980|13649|2974|6166|1869|114127|15858|79507|11549|34620|7025|7682|2566|7042|2419|640|691|40736|7321|25165|5087|15571|4065|85236|10457|74226|10190|11010|3014|40781|9146|31647|7985|9134|3340|1780|1761|1126|1415|654|1032|2256|858|1102|689|1154|593|13061|3147|10717|2818|2344|928
04000A0US49|2967729|1253|2506505|12199|305934|9824|204654|8665|101280|5846|7609|1703|6733|1660|876|343|261|215|261|215|0|206|2552|1081|2527|1082|25|41|17028|3398|13533|2891|3495|1478|9186|2175|8020|1966|1166|707|1995|689|1906|651|89|120|1203|882|1133|879|70|122|7003|2318|5442|1964|1561|884|1324|983|1294|977|30|52|2432|1090|1237|741|1195|840|937|553|884|550|53|89|1214|1147|1042|993|172|229|1891|1595|1529|1468|362|357|652|507|540|435|112|181|1666|1020|1475|934|191|196|997|716|742|498|255|376|2107|1999|1026|961|1081|1078|179|224|179|224|0|206|3300|1918|1846|1073|1454|1280|5403|1744|4063|1345|1340|769|1805|1284|1805|1284|0|206|1252|802|985|634|267|270|226|380|65|104|161|279|15663|3037|10030|2043|5633|1852|5350|1550|3523|1028|1827|995|3576|1886|2598|1795|978|476|603|789|0|206|603|789|8370|2624|3701|1366|4669|1488|1906|1279|753|657|1153|813|4710|2046|2897|1362|1813|987|1585|1070|504|413|1081|931|7361|2307|4566|1054|2795|1963|14271|3289|12121|3028|2150|890|6472|2940|5119|2556|1353|779|195|165|195|165|0|206|1788|1544|1244|970|544|651|2706|2489|2653|2494|53|92|3710|2279|1999|1649|1711|1445|1109|538|788|443|321|302|1561|1366|1234|1148|327|284|2132|1221|1996|1189|136|153
04000A0US51|7397604|7277|6083536|21062|585028|11342|345670|10657|239358|9314|34666|5036|28795|4701|5871|2166|5010|1820|4519|1699|491|487|7150|1821|5689|1478|1461|631|14041|2947|10838|2330|3203|1220|22467|3026|19413|2892|3054|837|3856|1334|3301|1199|555|372|5929|1661|5517|1493|412|348|17110|3273|11515|2178|5595|1648|4429|1350|3794|1175|635|395|4838|1752|3565|1434|1273|629|5932|1628|4269|1207|1663|906|1155|719|786|424|369|374|31994|5979|22482|4773|9512|2088|8767|2133|6491|1749|2276|851|26783|4060|23454|3588|3329|1014|32324|6189|22040|4184|10284|3109|6551|2441|4400|1548|2151|1549|18200|3834|12013|2964|6187|1663|20094|4184|11799|2141|8295|2785|18016|2913|13206|2125|4810|1400|28800|5011|24028|3982|4772|2253|12855|2901|11852|2868|1003|609|6610|1909|5751|1748|859|559|52680|5467|32492|3696|20188|3027|11241|2377|7784|1810|3457|1117|56396|7034|27946|3721|28450|4333|0|216|0|216|0|216|48806|5122|22868|2642|25938|3274|5126|1691|2146|799|2980|1489|7750|1588|4579|1264|3171|991|11474|2375|7580|1706|3894|1198|45258|4525|34763|3969|10495|1633|6828|1956|5797|1831|1031|549|64867|9186|45561|6665|19306|3735|1109|594|958|557|151|195|40987|6078|26787|4834|14200|2623|23519|5147|17641|4337|5878|1872|6688|2672|4892|1709|1796|1367|0|216|0|216|0|216|991|917|412|385|579|638|7743|2273|5279|1712|2464|1338
04000A0US53|7126407|3209|5626164|22716|615041|13016|371725|11746|243316|9977|27231|4142|22172|3261|5059|1611|1373|1036|1126|924|247|269|5496|1914|4061|1602|1435|964|11297|2862|8551|2086|2746|1398|25146|3663|23008|3451|2138|759|4182|2280|3580|1701|602|648|1410|608|1037|576|373|384|68365|8651|38838|4903|29527|5650|6125|2306|5108|1833|1017|658|6240|2415|3814|1405|2426|1391|35574|6233|18885|3952|16689|3378|936|612|864|555|72|117|14841|3427|8918|2045|5923|2416|3804|1467|2756|1125|1048|732|37112|4709|31704|4354|5408|1383|8564|3357|6676|2500|1888|1040|19292|5362|10085|2744|9207|2954|5237|1738|4626|1653|611|297|11106|3182|9338|2683|1768|879|23712|4629|18391|3840|5321|1754|19102|5745|15042|4843|4060|1696|14114|3118|12821|2843|1293|1053|9323|2729|7460|2375|1863|1508|136058|8027|73197|5877|62861|4970|22544|3177|14700|2255|7844|1841|44775|5090|21776|2941|22999|3357|3821|1991|1718|1175|2103|1166|73623|7918|26576|3396|47047|5839|16511|3798|6771|2018|9740|2165|11299|2536|6386|1689|4913|1483|14770|4432|8102|2770|6668|2550|63331|6668|42266|4634|21065|3259|38080|4764|27074|4203|11006|2132|21913|6039|12917|3770|8996|3069|4711|2514|4397|2465|314|399|41357|5936|27689|4602|13668|2732|8414|3781|6236|3135|2178|1190|15589|3561|10167|2863|5422|2159|531|407|417|382|114|147|3082|997|2949|1001|133|163|5211|1640|3874|1344|1337|707
04000A0US55|4872176|2321|4423086|12789|242396|9720|150357|7324|92039|5607|6540|1523|4832|1208|1708|805|290|251|175|197|115|137|3855|1407|2571|915|1284|684|3526|2502|3238|2473|288|301|19383|2508|15792|2151|3591|933|5213|1160|3653|906|1560|709|2380|1156|2044|1082|336|309|5800|1440|3913|1142|1887|858|5054|1134|4174|998|880|452|6390|1853|5094|1659|1296|648|2742|922|2134|794|608|384|69|114|0|157|69|114|1321|714|953|548|368|277|1594|778|1217|636|377|318|8824|2204|6859|1766|1965|931|2396|1273|1846|1028|550|392|2733|1755|1229|921|1504|1070|923|690|877|680|46|79|3666|1558|2404|891|1262|808|7602|2350|5500|1809|2102|853|3174|1565|2986|1510|188|153|4032|1685|3567|1453|465|491|1444|721|1363|694|81|135|15536|2898|9593|1909|5943|1709|1877|647|1225|457|652|385|3205|975|1628|632|1577|687|39245|4086|25221|3071|14024|2301|3821|1365|2097|770|1724|845|755|423|654|415|101|154|3769|1292|2157|831|1612|711|5804|2316|1916|1287|3888|1496|7806|1998|5552|1631|2254|979|1100|760|684|435|416|362|12147|4238|9668|3432|2479|1312|985|630|878|618|107|140|2259|1615|1232|816|1027|984|3151|1310|2283|1137|868|532|2334|1550|1638|1114|696|601|20|35|20|35|0|157|1599|805|1523|798|76|92|2330|1436|1250|620|1080|954
04000C0US01|3632693|5105|3440202|9072|114621|6023|64176|5500|50445|4627|4542|1697|3871|1483|671|666|276|253|276|253|0|216|1041|690|730|547|311|401|2054|1544|1185|930|869|781|5909|1394|5445|1347|464|309|595|405|502|388|93|114|601|368|601|368|0|216|2235|1117|1446|831|789|598|221|190|221|190|0|216|625|721|381|580|244|317|866|485|463|390|403|368|0|216|0|216|0|216|767|577|609|482|158|192|2612|2044|2131|1692|481|443|1977|1159|1215|799|762|728|1194|836|933|588|261|360|136|224|136|224|0|216|1205|819|586|463|619|578|1478|782|747|457|731|579|1134|793|878|591|256|379|1584|920|1314|810|270|259|520|464|446|394|74|128|406|385|231|256|175|206|8026|1859|4617|1320|3409|1062|2083|1067|1307|914|776|479|10635|2702|3761|1179|6874|2041|57|115|57|115|0|216|9537|2035|4405|1210|5132|1706|352|390|238|274|114|160|994|591|393|287|601|450|132|170|98|168|34|42|4528|2022|3306|1619|1222|793|475|386|475|386|0|216|3912|1823|3521|1778|391|282|329|323|313|322|16|26|542|622|138|224|404|584|960|628|923|598|37|61|2146|1445|1737|1297|409|448|169|128|169|128|0|216|191|178|191|178|0|216|824|536|758|526|66|84
04000C0US04|6554234|959|4880136|22782|1315047|21672|894507|20045|420540|13477|16576|3395|14074|3232|2502|1019|574|610|444|465|130|149|5506|1400|4745|1368|761|484|5545|1511|4486|1307|1059|619|15528|2526|13827|2375|1701|750|3242|1158|2951|1173|291|223|2099|649|1855|631|244|213|7023|2408|5519|2136|1504|680|4917|1836|2743|1396|2174|1074|8692|2602|6682|2238|2010|745|5221|1454|4404|1448|817|484|816|510|665|417|151|152|5832|1631|3317|1045|2515|1070|7306|2428|5285|2110|2021|957|15068|3686|12663|3186|2405|1251|3322|1624|2641|1367|681|479|1811|1081|1724|1125|87|138|4061|1788|3179|1386|882|644|5173|2576|3060|1303|2113|1599|11798|3074|8028|2461|3770|1223|6591|1892|5549|1753|1042|536|4312|1647|3497|1428|815|522|2549|984|2192|915|357|328|32901|4726|16572|3129|16329|2888|6410|1526|4170|1247|2240|823|10990|2620|5882|1685|5108|1698|72|86|45|74|27|44|24742|4043|11256|2428|13486|2875|1281|617|324|246|957|483|5377|1851|2516|971|2861|1223|3588|1349|1707|769|1881|923|27887|3625|21397|3187|6490|1578|8603|2621|6425|2059|2178|1021|22556|4701|14967|3189|7589|2508|2282|759|1868|654|414|242|12211|3395|9236|2919|2975|1118|4259|1349|3728|1305|531|385|9540|3518|6456|2871|3084|1396|30060|3545|23703|3377|6357|1193|9578|2233|8735|2189|843|416|3152|1028|2245|891|907|607
04000C0US06|36203410|3303|20060213|63855|10338984|46827|6309093|42337|4029891|37421|124656|9204|111519|8312|13137|2116|7564|2256|5889|2002|1675|1039|51041|4823|42738|4529|8303|1451|91024|8398|63781|6327|27243|4128|90588|6556|81033|6118|9555|1699|25333|3261|21998|3039|3335|848|19789|3041|16929|2823|2860|970|176959|12093|107070|9123|69889|6740|23833|3482|17397|2900|6436|1674|19809|2988|15500|2719|4309|1373|48082|6913|31572|5821|16510|3543|211221|12929|124323|9548|86898|6587|221371|13032|131835|9359|89536|8219|56523|6873|40459|5177|16064|2946|207660|12506|176762|10347|30898|4106|56653|7018|44380|5633|12273|2362|156281|13306|88320|8967|67961|6964|34149|5721|23918|4264|10231|2687|56039|7162|43155|4873|12884|3550|82784|8175|58293|6324|24491|4527|75003|7438|64754|6283|10249|2390|62480|6993|54870|6493|7610|1831|33994|4109|29943|3905|4051|1524|1242011|26347|573182|14701|668829|19201|135151|8302|75463|5477|59688|5973|356566|14150|167220|9271|189346|8720|70843|7828|42719|5991|28124|3697|542810|18348|215943|10772|326867|12760|65358|7404|29634|5321|35724|4060|72612|6505|31169|3702|41443|4827|68417|7393|37307|4198|31110|4722|755701|22776|490538|17074|265163|11792|122214|10319|75341|6745|46873|5049|231418|18505|149988|13925|81430|7939|43220|6350|35997|5750|7223|1753|61981|7318|38718|4933|23263|3722|42352|6696|31368|4886|10984|2698|12486|3100|9254|2279|3232|1732|736|513|646|493|90|143|5884|1645|5508|1588|376|316|41617|5843|22692|3466|18925|4562
04000C0US08|4818500|1523|4018254|19525|525139|14488|339021|10906|186118|9686|15920|3304|12687|2318|3233|1562|1272|1194|1079|1083|193|316|2579|920|2012|785|567|399|8583|2496|7363|2236|1220|829|18483|2746|16848|2635|1635|560|1712|637|1612|636|100|117|3238|1664|2475|1227|763|630|18960|3683|11745|2907|7215|1998|5110|1792|3838|1472|1272|737|2423|1058|1297|658|1126|832|4789|1685|3644|1468|1145|721|1203|923|611|541|592|504|3998|1095|2731|822|1267|504|2538|1886|1730|1183|808|836|5254|1720|4535|1523|719|449|964|677|883|665|81|93|1268|814|1182|824|86|98|1656|1004|1042|771|614|521|9448|2816|4958|1671|4490|1750|7570|1924|5942|1533|1628|847|4107|1578|3803|1534|304|265|3275|1421|2830|1260|445|449|2527|1112|2387|1090|140|144|24069|3311|12764|2249|11305|2251|4798|1652|3128|1271|1670|700|14337|2902|8170|2290|6167|1440|1857|844|857|433|1000|612|22009|4615|9931|2410|12078|2824|2174|1080|761|545|1413|916|3459|1060|1517|607|1942|752|5594|2193|2163|1118|3431|1576|7568|1850|5375|1704|2193|792|5903|1622|2853|1266|3050|1063|16713|4214|11718|3086|4995|2011|2330|1356|1948|1125|382|387|18359|4549|10595|3113|7764|2755|8699|3422|6072|1998|2627|2170|3432|1606|2272|1227|1160|713|260|209|203|188|57|93|1491|880|1260|846|231|218|5178|2280|4481|2195|697|463
04000C0US09|3250907|1098|2488850|15223|412359|10574|235992|9322|176367|8748|17821|2897|13905|2168|3916|1309|17148|4196|8768|2744|8380|2658|20593|2876|14787|2285|5806|1407|37365|5088|21414|3179|15951|3195|8292|1651|7953|1640|339|222|2054|841|1841|777|213|259|6795|2292|5091|1780|1704|789|9724|2175|5564|1550|4160|1194|34250|4329|19696|2885|14554|2577|4710|1924|3521|1616|1189|735|7709|3166|4376|1665|3333|1883|768|502|768|502|0|217|2243|1171|1840|1069|403|369|6589|2167|4313|1616|2276|888|11275|2689|9275|2399|2000|918|4505|1733|3261|1467|1244|668|1367|863|888|584|479|456|6550|3607|3840|2455|2710|1417|4528|1678|3637|1338|891|608|18408|3397|12609|2828|5799|1444|3899|1748|3121|1441|778|609|8508|2548|7066|2167|1442|941|3008|1310|2345|965|663|598|33411|5249|17376|2723|16035|3380|2143|793|1421|592|722|388|5955|1994|3233|1331|2722|1120|77|144|77|144|0|217|7526|1964|2764|990|4762|1586|1695|987|542|361|1153|812|4913|2055|2384|1188|2529|1228|5241|1690|3219|1140|2022|1014|10311|2605|6991|1851|3320|1337|1534|1147|973|841|561|402|9336|2760|5389|1825|3947|1543|2248|941|1939|832|309|286|1734|1010|858|677|876|675|11275|2804|8205|2224|3070|1418|3564|2157|2920|1685|644|765|0|217|0|217|0|217|1811|1294|1252|905|559|446|8815|2826|7679|2769|1136|642
04000C0US10|950345|117|810522|8058|70724|3708|42202|3735|28522|3551|2471|1047|1441|588|1030|706|6395|3158|4167|2102|2228|1409|2275|934|1562|784|713|620|1039|937|460|541|579|729|2633|862|1962|765|671|445|2994|1958|1308|862|1686|1766|2288|1500|1880|1357|408|482|950|474|684|430|266|184|281|280|228|265|53|90|0|210|0|210|0|210|621|506|465|377|156|203|0|210|0|210|0|210|20|36|20|36|0|210|2083|1186|1208|739|875|675|3431|1637|2771|1310|660|609|1473|1405|1342|1402|131|181|0|210|0|210|0|210|1811|1238|1525|1077|286|283|276|352|276|352|0|210|645|512|590|476|55|93|1516|1032|902|668|614|972|2199|1562|1835|1178|364|448|1257|1119|1043|928|214|351|8759|2130|5109|1496|3650|1156|311|269|182|232|129|141|1815|948|553|428|1262|747|0|210|0|210|0|210|2605|1898|1185|1088|1420|936|0|210|0|210|0|210|386|284|279|222|107|103|862|739|440|437|422|444|3960|1399|3018|1232|942|492|0|210|0|210|0|210|6136|2949|3961|2212|2175|1138|88|102|88|102|0|210|256|424|120|200|136|225|4529|1854|3784|1562|745|683|1290|1234|1251|1237|39|63|0|210|0|210|0|210|38|72|0|210|38|72|1406|811|1052|679|354|347
04000C0US12|20036533|3741|13931101|41717|4477607|27936|2595626|32187|1881981|30440|101463|8840|80304|7619|21159|2882|432567|22019|262658|17769|169909|12084|44293|5195|32815|4722|11478|2308|155634|13218|99340|8971|56294|6421|58904|5433|51627|4781|7277|1621|17298|4614|15195|4400|2103|906|17532|4234|13985|3755|3547|1452|76709|7219|44883|5325|31826|4567|24547|3944|17013|2824|7534|2072|24582|4623|17060|3898|7522|2232|19464|3563|13589|2576|5875|2033|1369|719|1107|631|262|351|10070|3712|6719|2454|3351|2009|24399|4900|17803|3754|6596|1779|25716|4458|20914|3790|4802|1591|16239|4364|13172|3650|3067|1375|1913|1079|1449|915|464|423|13355|4408|7000|2214|6355|2623|10908|3181|6721|1956|4187|2334|47710|10162|34603|5882|13107|5517|17563|4280|13653|3524|3910|1700|15316|3674|13085|3408|2231|1023|12356|2990|9925|2628|2431|1038|69441|7600|34424|4585|35017|5021|15191|3144|9883|2116|5308|1917|18841|3428|10941|2606|7900|1966|1144|916|859|839|285|323|73494|7639|32555|4307|40939|5176|4478|2105|2000|1237|2478|1357|17020|3627|6956|2110|10064|2475|18850|4248|12526|3370|6324|2026|72942|6702|55121|5986|17821|2820|9680|2925|6279|1954|3401|2009|69863|8496|48719|6893|21144|3675|22072|4341|18862|4042|3210|1099|3668|1506|1724|785|1944|1161|10129|3201|8368|2630|1761|950|6260|3811|5119|3232|1141|803|0|242|0|242|0|242|1218|484|987|439|231|201|43627|6775|31122|5450|12505|3203
04000C0US13|8454500|8212|7108022|28742|705671|13799|421237|14350|284434|10493|31361|4969|25417|4125|5944|1777|24603|7645|18599|6103|6004|2999|4514|1788|3953|1747|561|457|18587|3988|13237|2816|5350|1863|23019|3665|21524|3460|1495|656|5453|1778|5084|1632|369|282|4218|2178|2891|1543|1327|1044|13215|3197|10537|2798|2678|1167|2428|1124|1762|888|666|515|9901|4566|5346|2998|4555|2172|5400|2283|3599|1461|1801|1181|177|177|109|133|68|118|9470|2715|6331|1909|3139|1257|19535|4520|13214|3040|6321|2373|31120|4877|26370|4670|4750|1557|13499|3181|10707|2889|2792|1145|1204|895|1014|848|190|220|9548|3804|5511|2309|4037|1805|13293|3244|11083|2746|2210|1126|14702|4292|10608|3586|4094|1456|20713|4936|16158|4483|4555|1745|15936|5448|14413|5144|1523|849|9156|2844|7773|2528|1383|756|53821|7266|27290|3142|26531|5510|12719|2873|7718|2053|5001|1909|51098|6032|24362|3689|26736|4355|2913|972|2379|891|534|277|55978|9361|21760|5113|34218|5956|5092|2044|3213|1366|1879|923|5808|1837|3538|1419|2270|998|9324|3073|3978|1686|5346|2084|17994|4386|13264|4116|4730|1669|4901|2109|3665|1871|1236|676|19975|7575|15126|5985|4849|2444|3919|1601|2751|1090|1168|894|35219|10637|22586|9634|12633|3925|36843|6839|33388|6414|3455|1718|10344|4613|7395|3712|2949|2124|28|52|28|52|0|247|1222|1205|1205|1206|17|31|12557|3820|11449|3661|1108|868
04000C0US17|10629947|4143|7905895|28754|1587427|18817|959553|17619|627874|15242|36668|4793|29041|3868|7627|2030|4945|2040|3709|1372|1236|1649|21143|3103|15232|2514|5911|1469|10382|2213|8269|1917|2113|816|28094|4155|24031|3764|4063|1130|4078|1276|3384|996|694|560|26125|3728|19784|3301|6341|1676|43189|5116|26127|4311|17062|2879|176834|11684|101803|7846|75031|6115|30452|4761|19627|3456|10825|2573|43840|5140|24776|3119|19064|3519|2299|943|1727|700|572|489|7847|2061|5598|1475|2249|1092|44725|5625|27927|4562|16798|2870|36203|4522|29697|3986|6506|1849|54786|6860|40668|5417|14118|2664|5173|1569|3450|1295|1723|730|5874|1943|4703|1773|1171|534|14189|3161|10651|2459|3538|1309|57709|7129|36756|4998|20953|3881|24929|4700|18293|3441|6636|1959|17839|3440|14286|2866|3553|1702|18099|3789|12983|2928|5116|1787|94501|8157|47289|4668|47212|5595|11920|2462|7685|1608|4235|1350|47051|5560|22372|2998|24679|3981|260|249|260|249|0|201|20802|3171|9026|1608|11776|2245|2920|1132|1105|573|1815|827|11422|3036|5016|1334|6406|2031|24427|4685|14872|3652|9555|2569|75950|5930|55668|4459|20282|2948|8874|2274|7266|2179|1608|702|58318|7908|39889|6257|18429|3126|3810|1300|3179|1030|631|486|18824|4187|11631|3318|7193|1703|28713|4924|21833|4121|6880|2161|7666|2740|4387|1598|3279|2117|109|157|75|103|34|57|1403|1291|1403|1291|0|201|4233|1146|3191|930|1042|604
04000C0US18|5022389|4429|4520888|16279|263106|7606|171731|7833|91375|5740|18325|5541|11871|3610|6454|2684|5808|2988|2974|2628|2834|1573|3410|1635|3347|1658|63|103|4096|1825|3640|1798|456|362|17260|3655|14219|3153|3041|1178|13619|4246|10797|3975|2822|986|1991|859|1712|835|279|247|5400|1908|3943|1365|1457|877|4717|2442|3865|2308|852|638|5081|1699|3425|1235|1656|798|3512|1441|2716|1348|796|463|253|421|253|421|0|208|1096|592|789|476|307|243|4769|2357|3757|1888|1012|708|6232|2074|5276|1605|956|1008|8109|2685|6030|1917|2079|1118|5496|2496|2668|1594|2828|1437|1834|918|1550|846|284|197|2320|1184|1834|1093|486|341|2597|1204|2205|1044|392|382|2406|1186|2218|1155|188|199|3887|1685|3580|1557|307|339|2708|1690|2080|1376|628|424|21275|3697|11678|2248|9597|2284|4417|1864|2584|1360|1833|986|5527|1638|3518|1388|2009|684|0|208|0|208|0|208|5104|1908|2104|1033|3000|1197|1049|896|633|496|416|492|2318|1123|1238|749|1080|627|26763|3954|8549|2032|18214|3046|8725|1695|6753|1594|1972|797|1510|583|1277|539|233|237|14227|4027|8160|2628|6067|2470|295|409|295|409|0|208|3184|1499|1496|666|1688|1091|11022|4966|9217|4865|1805|969|3152|1286|3055|1313|97|151|0|208|0|208|0|208|1206|1244|341|391|865|1166|3695|1406|3277|1380|418|404
04000C0US19|1851214|1799|1672306|8576|78576|4078|50688|3827|27888|2462|6109|1964|4083|1795|2026|1103|601|571|405|450|196|324|277|258|277|258|0|170|1368|761|775|476|593|467|4655|2513|4157|2498|498|342|1200|756|1100|750|100|124|368|327|349|326|19|38|1527|974|1242|903|285|284|669|459|601|457|68|124|8920|2818|4827|2096|4093|1326|745|578|624|527|121|154|0|170|0|170|0|170|1238|1130|1150|1065|88|149|1377|1211|966|882|411|432|1384|711|1202|688|182|198|1008|924|1008|924|0|170|0|170|0|170|0|170|641|431|432|311|209|241|3490|1513|1770|1158|1720|1203|1601|932|1356|848|245|202|2001|1400|1545|1249|456|362|1813|1068|1418|879|395|498|1104|892|1104|892|0|170|7461|2501|4790|1808|2671|1332|736|444|630|443|106|121|2914|1438|1641|1015|1273|736|814|697|634|653|180|245|4547|1516|1528|742|3019|1093|1052|675|745|568|307|291|3926|1569|1846|883|2080|958|7592|2491|2372|1054|5220|2165|1464|606|863|494|601|497|1911|1013|605|304|1306|882|10997|3920|6807|2793|4190|1986|80|131|80|131|0|170|3350|1689|2060|1212|1290|674|3847|2357|2209|1683|1638|1715|6970|3130|3536|1764|3434|2309|61|97|61|97|0|170|278|321|62|74|216|304|236|204|236|204|0|170
04000C0US20|1922466|2292|1692774|7643|141010|6354|84388|4674|56622|5108|2805|943|1907|644|898|572|296|317|0|187|296|317|185|162|185|162|0|187|2108|990|1219|641|889|617|4703|1198|4483|1171|220|246|1086|850|553|387|533|605|15|24|15|24|0|187|2484|773|1589|591|895|483|262|230|262|230|0|187|372|365|372|365|0|187|612|436|515|371|97|163|29|48|29|48|0|187|817|452|420|315|397|276|1090|531|964|488|126|168|1818|864|1550|790|268|232|1074|749|774|601|300|255|2787|2219|1876|1466|911|1039|2809|1857|2124|1269|685|736|2996|1190|1470|714|1526|979|986|911|952|874|34|61|4026|1589|3538|1483|488|318|449|350|399|331|50|82|1242|827|1242|827|0|187|11990|3004|6416|1962|5574|2192|816|446|661|408|155|196|2736|1528|1677|1117|1059|876|2034|1690|1707|1501|327|320|10755|2436|4419|1481|6336|1646|994|966|593|712|401|332|2041|813|1215|578|826|447|4138|1727|1896|852|2242|1090|2978|1022|1824|776|1154|596|1384|634|855|556|529|261|4572|1592|3840|1469|732|498|479|447|479|447|0|187|2939|1429|2055|1219|884|438|545|414|452|315|93|160|4541|2073|3692|1741|849|755|0|187|0|187|0|187|495|375|495|375|0|187|194|138|194|138|0|187
04000C0US21|2539816|5333|2336458|12285|95513|4709|51754|4551|43759|3933|7174|2093|4506|1307|2668|1388|1272|1175|672|619|600|721|812|506|733|495|79|112|1223|872|969|749|254|227|5374|1361|4624|1135|750|508|4199|2025|1996|1130|2203|1461|133|146|56|70|77|128|2983|1888|2064|1178|919|871|809|680|726|586|83|138|4672|2120|2716|1401|1956|974|1812|1666|1133|997|679|765|0|208|0|208|0|208|613|395|471|340|142|158|1078|808|286|312|792|623|3402|1518|2502|1223|900|643|2223|1334|1858|1089|365|406|264|364|171|273|93|115|518|468|518|468|0|208|6168|2227|2751|1081|3417|1498|4307|2860|2973|1934|1334|1277|1860|1469|1475|1419|385|363|929|742|859|717|70|84|828|551|630|459|198|229|4996|1354|3173|1064|1823|895|2199|822|1459|691|740|471|2486|1036|1199|581|1287|694|0|208|0|208|0|208|3901|1987|1779|1044|2122|1305|596|755|142|166|454|657|1034|665|852|615|182|188|9507|1975|2917|1126|6590|1366|3708|1212|2296|793|1412|673|2857|1904|758|665|2099|1702|7836|3320|5355|2441|2481|1328|324|397|324|397|0|208|2373|1487|1317|913|1056|797|1629|1018|1348|999|281|255|9770|5815|2051|1298|7719|4907|0|208|0|208|0|208|215|175|215|175|0|208|1761|1181|781|628|980|767
04000C0US22|3668849|3319|3388114|12087|142369|6821|75653|6338|66716|5562|45523|3927|40209|3902|5314|1281|4218|2180|2419|1359|1799|1046|2044|871|1550|706|494|388|3353|1884|1698|1561|1655|1061|2358|784|2063|749|295|202|361|439|328|436|33|56|982|599|904|584|78|90|1237|991|940|719|297|397|330|344|330|344|0|230|267|328|170|281|97|153|1200|587|824|438|376|363|256|256|92|115|164|195|2629|1789|1364|969|1265|1482|94|149|0|230|94|149|520|547|506|544|14|26|5217|2241|3659|1622|1558|756|629|557|350|392|279|339|1718|1261|1064|930|654|535|2154|1029|1370|735|784|509|1948|1668|1502|1367|446|483|992|943|950|929|42|87|482|551|422|527|60|96|310|330|310|330|0|230|6400|1928|3626|1456|2774|993|489|367|275|325|214|206|2591|1546|1350|1010|1241|884|19|40|0|230|19|40|20772|3061|10613|2489|10159|2493|136|176|0|230|136|176|3145|1335|1549|764|1596|1042|1032|624|535|437|497|413|4380|1434|3171|1008|1209|642|1428|1039|1068|981|360|350|13468|4280|8895|2965|4573|1957|1627|1246|1615|1247|12|21|535|431|398|313|137|168|1826|1178|1684|1100|142|173|1105|1430|947|1312|158|199|0|230|0|230|0|230|284|254|284|254|0|230|307|291|195|196|112|148
04000C0US24|5668873|1494|4488169|20409|516493|8452|287070|9985|229423|9081|57569|6158|40291|4537|17278|3522|15660|3043|11871|2543|3789|1205|8298|1791|6745|1514|1553|896|14728|3468|9713|2410|5015|1879|15850|2133|14777|1999|1073|612|4139|1462|3474|1300|665|491|7878|2391|7341|2372|537|326|25698|4618|16849|3425|8849|2561|4098|1456|2847|922|1251|920|1872|853|1728|826|144|180|4963|1815|3911|1485|1052|650|1663|891|1314|775|349|326|14783|3216|9036|2077|5747|1858|11181|3034|7976|2183|3205|1434|23279|3739|18406|3170|4873|1438|26803|5847|18982|4470|7821|2376|7392|1964|5378|1356|2014|905|7715|2641|5708|2067|2007|790|14448|3764|9439|2338|5009|1872|9618|2516|7253|1958|2365|1234|11638|3034|9165|2550|2473|1192|11117|3121|8617|2211|2500|1349|6680|2063|5591|1898|1089|500|70263|5698|35074|3358|35189|4040|8550|2424|4756|1534|3794|1517|35322|3816|20069|2918|15253|2217|318|413|220|264|98|160|20726|3431|10237|1870|10489|2195|1461|664|819|399|642|362|4567|1593|1774|729|2793|1192|17978|3766|12074|2801|5904|1471|29105|3420|21080|2901|8025|1821|3837|1508|2485|1076|1352|753|20972|4790|14872|3833|6100|2455|5281|1668|4635|1350|646|560|37885|6154|25323|4317|12562|2819|69541|8362|57277|7295|12264|3892|15429|4515|12077|3940|3352|1519|0|216|0|216|0|216|1253|1082|1253|1082|0|216|14653|3508|12203|3286|2450|1057
04000C0US25|6604713|1178|4979810|23523|622563|12402|352654|9798|269909|10391|42158|4076|32582|3482|9576|1956|84603|8659|45241|6218|39362|5273|27732|3564|20811|2774|6921|1982|213780|13285|107617|7971|106163|9506|16635|2904|16022|2884|613|383|4433|3081|3638|2175|795|962|22699|4258|17102|3377|5597|1879|37249|4318|23805|3712|13444|2104|12368|1942|8525|1624|3843|1261|4286|1699|3135|1274|1151|728|8669|2727|5906|2397|2763|1176|3962|1545|3238|1319|724|392|7247|2210|4740|1395|2507|1233|16029|3738|10787|3024|5242|1735|27586|4826|22637|3861|4949|2073|10836|3610|7926|2550|2910|1426|6201|3423|4653|2827|1548|891|7156|2302|4691|1415|2465|1534|16673|3452|10882|2472|5791|1845|36291|7077|24612|4679|11679|3068|13222|3127|9697|2228|3525|1822|11490|2113|9897|1945|1593|785|3180|1178|2946|1100|234|243|145445|7935|74588|5329|70857|5104|8521|2265|5853|1765|2668|978|17180|3096|10715|2090|6465|1788|1379|1668|708|930|671|755|49440|5619|18657|3357|30783|3723|18749|3719|9479|2418|9270|2302|4016|1259|2213|851|1803|794|9882|3048|5707|1826|4175|1734|7553|1704|6382|1494|1171|549|2453|1281|1809|909|644|495|40414|6335|26097|4579|14317|3199|9175|2876|7990|2318|1185|916|11666|3862|7090|2601|4576|1917|18970|3456|15230|2922|3740|1238|12060|2928|10430|2704|1630|757|0|218|0|218|0|218|772|490|544|326|228|375|10180|2479|8005|2369|2175|796
04000C0US26|7779342|1632|6915411|19168|238879|8926|160469|7901|78410|5072|15484|2327|12515|1921|2969|1091|924|526|712|394|212|358|12934|2084|9566|1805|3368|967|8138|1418|6282|1294|1856|763|20069|2678|18099|2667|1970|698|6825|1555|5669|1369|1156|624|4699|1086|3942|985|757|334|10638|2126|6202|1635|4436|1279|14251|2087|9937|1674|4314|995|9784|2374|5018|1562|4766|1391|13999|2786|8213|2156|5786|1524|2958|1931|2277|1895|681|419|6037|2091|3689|1507|2348|1022|9336|3174|7968|3005|1368|597|20574|3618|17783|3314|2791|1028|13812|3127|10154|2489|3658|1147|6027|2087|3918|1406|2109|1018|25586|4423|11755|2676|13831|2811|7947|1973|7026|1856|921|570|40917|5700|25642|4329|15275|2939|13771|3494|11428|2962|2343|1035|7671|2150|6760|1959|911|448|8645|2053|7250|2086|1395|640|44986|4500|24290|2803|20696|2982|13459|2649|6778|1846|6681|2016|17966|2860|8972|1958|8994|1811|4053|1705|2709|1352|1344|603|13878|3311|6292|2061|7586|1853|2428|1104|774|450|1654|846|2350|932|1435|642|915|555|6258|2757|2224|1281|4034|1963|13024|2136|10089|1810|2935|887|2647|987|1828|872|819|628|167557|9664|102048|7611|65509|5575|3222|1167|2825|1126|397|351|32618|5437|20610|4152|12008|2748|5361|1782|4085|1428|1276|813|8994|4159|5012|2767|3982|2044|0|181|0|181|0|181|956|661|956|661|0|181|4269|1685|2957|1084|1312|814
04000C0US27|4184867|2157|3621605|15235|160577|7057|100091|6299|60486|4668|16040|3900|12065|3220|3975|1678|2233|2111|1655|1690|578|512|1012|519|881|470|131|137|2609|1135|2264|1104|345|272|10498|1737|8999|1581|1499|654|2537|888|2331|874|206|160|749|531|642|486|107|153|13273|2820|7387|1903|5886|1524|2594|1020|1969|907|625|532|3536|1771|1886|1052|1650|971|4752|1961|3214|1466|1538|961|20|39|20|39|0|157|2139|1347|1470|858|669|636|3053|1529|1330|793|1723|1381|7323|2152|6803|2044|520|407|2824|1308|1944|1129|880|575|1287|987|1056|876|231|332|3128|1457|2485|1314|643|525|6264|2452|5132|2202|1132|738|7601|2000|5540|1295|2061|1128|5244|2063|3414|1549|1830|1220|4964|2202|4619|2174|345|320|1687|956|1644|944|43|73|22547|3738|13567|2705|8980|1840|3057|889|1935|632|1122|588|3381|1167|1735|700|1646|649|73809|6178|45898|4778|27911|3732|20761|3809|7789|1981|12972|2740|5503|1940|1944|978|3559|1426|3950|1177|1598|634|2352|894|17190|4969|5577|1620|11613|4077|9694|2523|6645|1939|3049|1094|1359|767|940|514|419|462|14499|4271|10061|2978|4438|1907|594|311|556|304|38|67|83642|9235|51503|7030|32139|4726|19066|5026|13523|3813|5543|1997|12515|3673|8601|2905|3914|1579|0|157|0|157|0|157|1450|663|1444|658|6|11|4301|1488|3325|1227|976|502
04000C0US29|4386477|3215|4096399|10909|116492|6326|75301|5048|41191|3609|11237|2966|8837|2317|2400|986|777|905|645|892|132|151|1666|769|1473|732|193|176|1654|834|1302|681|352|251|10558|2530|9143|2166|1415|955|2702|1178|2102|993|600|365|863|537|635|353|228|284|5417|1804|3391|1313|2026|877|654|314|619|307|35|61|13769|3816|7660|2561|6109|1954|842|364|536|293|306|243|0|198|0|198|0|198|1091|921|838|739|253|252|1076|547|629|362|447|425|6469|2186|5922|2070|547|401|2992|1201|1937|1037|1055|491|3086|2345|1615|1559|1471|942|1774|943|1582|900|192|242|2764|1331|2048|916|716|629|5015|2211|3747|1926|1268|643|7307|2315|6245|2035|1062|646|3124|1451|2055|1210|1069|942|1358|705|1283|668|75|111|19448|2753|11459|1998|7989|1619|1569|766|1256|741|313|200|5608|1505|4042|1219|1566|699|1204|444|694|478|510|225|13184|3144|5379|1594|7805|2283|1509|952|1156|975|353|405|2191|933|951|473|1240|665|3725|2386|3073|2362|652|466|6970|1451|4914|1178|2056|834|3717|1625|2901|1499|816|501|10132|3007|6444|2216|3688|1391|1003|599|809|531|194|173|8367|3095|5097|2044|3270|1458|4345|1553|3870|1482|475|495|2243|1274|1421|837|822|653|4|7|0|198|4|7|354|220|305|202|49|60|1818|927|1667|906|151|154
04000C0US31|1211431|1632|1053712|7113|96655|4756|52626|3838|44029|3642|5018|1763|2970|949|2048|1467|104|143|104|143|0|170|627|352|451|248|176|258|550|406|419|379|131|155|3335|1333|2717|1218|618|360|114|152|114|152|0|170|462|388|357|311|105|126|2370|1554|2004|1501|366|343|1075|805|756|633|319|399|614|642|315|267|299|411|1058|613|678|453|380|355|48|78|48|78|0|170|1240|1272|890|1050|350|320|159|260|49|80|110|181|1421|808|741|434|680|645|90|140|90|140|0|170|181|256|181|256|0|170|380|386|144|170|236|284|4035|1791|1506|926|2529|1425|1535|818|1036|625|499|386|1941|808|1354|575|587|533|457|495|386|402|71|115|32|53|32|53|0|170|3383|1179|1865|798|1518|645|686|570|621|566|65|81|695|520|240|174|455|441|469|543|469|543|0|170|4920|1695|1375|604|3545|1438|243|373|243|373|0|170|1764|1143|1088|713|676|533|6370|2122|1299|607|5071|1828|1929|917|1230|654|699|496|585|342|401|276|184|164|5038|2109|3083|1253|1955|1108|112|141|85|100|27|45|2790|1019|1267|603|1523|665|2807|1626|2379|1409|428|460|1532|883|818|484|714|714|0|170|0|170|0|170|85|88|85|88|0|170|810|605|596|505|214|226
04000C0US32|2686586|1471|1878422|16444|543239|10961|332590|10087|210649|7717|6809|1707|5274|1295|1535|1019|908|783|631|511|277|350|3376|1340|2019|799|1357|737|5030|1927|3902|1658|1128|659|5654|1625|4868|1550|786|394|1230|586|1230|586|0|221|1161|616|646|467|515|416|5135|1440|3447|1021|1688|862|964|484|695|408|269|269|4405|3109|3047|2357|1358|986|2905|1197|1787|801|1118|749|5257|2458|3987|2143|1270|764|5061|2036|3443|1403|1618|854|399|454|311|440|88|102|3762|1662|2571|1243|1191|871|695|512|506|413|189|237|1893|1386|1199|980|694|561|944|735|578|495|366|393|1259|1007|1008|911|251|267|5519|1914|4468|1737|1051|553|1543|991|1264|890|279|252|1238|739|1121|643|117|192|438|390|329|296|109|174|40943|5909|17949|3398|22994|3589|7808|1915|5029|1665|2779|1109|10328|2677|4009|1204|6319|1787|0|221|0|221|0|221|9930|2456|4677|1591|5253|1611|818|582|580|477|238|252|5849|1582|2836|859|3013|1227|1783|1070|1218|652|565|498|83072|5839|55410|5375|27662|3079|9921|2597|6565|1598|3356|1438|8157|2364|4873|1960|3284|1372|3187|1419|2141|1020|1046|559|10889|3721|6157|2255|4732|1926|1547|906|946|578|601|644|1602|1042|1442|997|160|174|391|359|391|359|0|221|628|458|485|304|143|217|2487|1091|2089|971|398|313
04000C0US34|8750930|1289|5977499|28639|1409496|19577|780466|19449|629030|16136|32944|4366|27010|3601|5934|1753|62281|9877|37354|6718|24927|5195|53404|4962|40100|4291|13304|2225|101239|8335|58584|5198|42655|5407|16308|2597|14235|2363|2073|717|9164|2730|8541|2680|623|478|17418|3633|13100|2890|4318|1371|50139|5498|32414|4664|17725|2829|58994|5821|35227|3869|23767|3590|10416|3160|7079|2507|3337|1212|26699|4139|17281|2700|9418|2682|3521|1391|2913|1328|608|325|6564|2601|5558|2399|1006|666|81782|9049|51517|6324|30265|3806|91662|7493|78413|6604|13249|2558|41216|6538|29422|4557|11794|2807|17857|4545|11579|3162|6278|1910|25826|4163|17865|3477|7961|1770|21960|4153|18170|3676|3790|1405|23138|4310|17358|3639|5780|1665|38780|5447|33326|4851|5454|1667|24533|3729|20065|3413|4468|1583|17980|3647|13689|3097|4291|1965|131308|7759|72596|5936|58712|4485|10059|2251|4931|1377|5128|1647|78474|6198|38706|4089|39768|4153|36|66|36|66|0|222|18051|3425|6968|1846|11083|2636|1137|991|609|603|528|486|3012|1243|1371|682|1641|754|19636|3828|12159|2603|7477|1758|82274|7837|61340|6455|20934|3265|5163|1903|3058|1338|2105|899|82520|9154|57588|7951|24932|3740|24648|4933|21925|4542|2723|1135|1871|827|1109|553|762|552|42658|5263|37099|4900|5559|1560|7736|2601|5162|1903|2574|1152|0|222|0|222|0|222|1355|850|1204|837|151|180|20172|3956|15715|3500|4457|1483
04000C0US36|17446697|2379|11911137|44433|2663978|25678|1509480|20310|1154498|24865|129934|9125|97063|8733|32871|5654|145494|13149|91323|8828|54171|6491|128292|7688|90084|6127|38208|3612|46145|5171|31608|3939|14537|2630|38516|3954|34094|3765|4422|1054|189367|14865|89962|9497|99405|11260|53026|6529|38102|5075|14924|3061|237668|11894|113345|8330|124323|6871|80727|8459|48076|6039|32651|4581|27360|4651|17931|3577|9429|2024|46948|5531|26366|3624|20582|3903|6548|2194|4714|1404|1834|1079|28702|6657|16130|3499|12572|4235|17470|3444|11621|2886|5849|1269|52276|5574|36195|4024|16081|3088|73304|9249|46784|6476|26520|4150|30313|5502|16072|3577|14241|2577|156719|10235|72677|5895|84042|7486|31444|5163|16083|3240|15361|3366|99629|10040|67948|7792|31681|4163|9968|2197|8042|1728|1926|1044|12194|2738|10180|2512|2014|917|26887|4249|19184|3245|7703|1662|571194|15745|221899|9656|349295|12805|33970|4448|19185|2853|14785|2775|87332|6955|38302|4384|49030|4243|152|251|152|251|0|217|22021|3741|9810|1944|12211|2471|3889|1599|1913|1122|1976|906|9164|1972|3348|979|5816|1550|62278|7642|29392|4641|32886|4688|74169|5972|52652|4637|21517|2968|11123|2564|7479|1942|3644|1258|113035|10379|74821|7388|38214|5264|52401|9381|45522|9216|6879|1521|11134|3809|7987|2945|3147|1627|97904|9528|73804|8905|24100|3903|12267|4010|7676|3364|4591|1966|0|217|0|217|0|217|1494|660|1083|546|411|336|39124|6245|24514|3946|14610|3845
04000C0US37|8140263|4760|7041097|19155|679182|13460|388676|13720|290506|11571|32931|5088|21912|3580|11019|3317|6102|2016|3635|1482|2467|1224|6011|1691|4616|1360|1395|900|11646|3863|8506|2865|3140|1647|19490|3629|16230|3443|3260|1022|2518|1202|2145|1117|373|411|7157|2141|4405|1600|2752|1247|14472|3347|9735|2733|4737|1437|4424|1377|2998|1077|1426|788|2412|968|1890|941|522|429|6073|1801|4008|1442|2065|826|196|203|133|175|63|106|5928|1970|4044|1197|1884|1045|12893|2764|8743|1980|4150|1346|19559|3701|16133|3386|3426|1637|7152|3018|5291|2393|1861|1129|4672|2351|3082|1593|1590|984|4249|2220|3430|1958|819|548|14707|3293|10518|2418|4189|1487|7804|2125|6226|1718|1578|687|20618|3904|18122|3764|2496|1010|13031|3751|11830|3594|1201|719|5192|2184|4165|2016|1027|591|37657|5263|21993|3740|15664|2503|7683|2042|3920|1284|3763|1430|14328|2824|7641|1984|6687|1676|6657|2547|4678|1978|1979|897|20364|4147|10003|2654|10361|2603|2463|1262|1695|981|768|467|5392|1901|3532|1530|1860|858|7947|2374|3470|1039|4477|1981|14792|3147|10937|2570|3855|1218|8631|2698|4368|1532|4263|2020|27667|5824|18179|3745|9488|3291|2247|1377|2216|1373|31|52|9386|3004|5568|2086|3818|1762|13113|3483|10908|3087|2205|1264|7814|2698|5050|1884|2764|1377|33|70|33|70|0|224|578|551|272|274|306|408|3995|1367|3515|1297|480|323
04000C0US39|8941026|2174|8202808|16375|230912|8498|148343|6662|82569|5468|24820|5014|15133|2587|9687|4116|2120|1003|1523|657|597|678|10090|2025|7722|1750|2368|669|6256|1969|4286|1437|1970|910|23532|4346|17507|2798|6025|2406|20899|3737|16234|3181|4665|1603|6429|1525|5275|1380|1154|568|16640|3569|9641|2574|6999|1939|5443|1619|3998|1326|1445|894|11913|2742|7162|2037|4751|1585|17116|3515|10561|2330|6555|2189|980|822|506|380|474|563|5401|1912|3382|1281|2019|1462|11078|3287|6953|2227|4125|1395|19740|3603|16720|3348|3020|1203|8213|3080|5920|2388|2293|1204|2106|1228|1135|881|971|653|3380|1774|2052|978|1328|1020|34833|6764|18642|4325|16191|3714|15737|3882|11333|3141|4404|1469|12200|2993|9275|2409|2925|1561|6558|2998|5582|2421|976|744|4659|1560|4486|1544|173|174|42564|5626|22533|3836|20031|3259|10305|2535|4044|1316|6261|1889|8097|2287|4381|1412|3716|1442|419|379|295|292|124|216|10486|2458|4943|1443|5543|1691|4042|1813|2356|1211|1686|836|4674|2444|3143|1802|1531|820|10131|3679|5441|2271|4690|2119|12560|2926|8870|2362|3690|1547|4117|1792|2500|1311|1617|1031|47395|7135|33579|5409|13816|2939|2229|1005|2018|996|211|181|44160|9508|28349|7669|15811|3437|19795|3921|13566|3260|6229|2255|9509|3053|5040|1899|4469|2537|0|204|0|204|0|204|335|394|335|394|0|204|6345|1565|4192|1237|2153|963
04000C0US40|2526215|1932|2215301|8496|216642|6506|134761|5539|81881|4949|3874|1476|2862|1030|1012|799|20|40|20|40|0|172|951|426|706|348|245|215|1233|704|1064|594|169|169|5400|1463|4233|1279|1167|537|182|176|182|176|0|172|64|95|64|95|0|172|2677|1021|2124|935|553|349|1373|943|1288|924|85|100|384|478|384|478|0|172|1158|943|1021|887|137|133|169|238|169|238|0|172|1537|705|1079|530|458|350|710|479|536|417|174|178|2376|1381|2184|1347|192|296|2477|1299|2332|1282|145|124|440|486|359|395|81|127|575|544|431|423|144|171|1975|862|1341|688|634|524|1101|919|967|810|134|124|823|570|755|511|68|106|1079|808|719|570|360|410|2736|1307|1440|750|1296|953|8385|2129|4274|1434|4111|1113|1141|675|924|666|217|168|2778|1163|1680|929|1098|595|4700|1560|2501|968|2199|930|11295|2180|5345|1468|5950|1259|239|260|161|222|78|142|1127|605|536|381|591|424|7285|1837|2393|1111|4892|1220|4620|1316|3086|961|1534|733|2552|1256|1503|903|1049|515|5678|1595|4317|1262|1361|526|368|368|368|368|0|172|559|511|394|362|165|218|1468|776|961|564|507|438|2286|1126|1939|950|347|377|240|339|240|339|0|172|4860|1178|4113|920|747|633|1377|981|1124|914|253|245
04000C0US41|3374081|1493|2833420|16377|289073|12270|186595|9903|102478|6587|10070|1782|7866|1751|2204|1030|738|688|353|526|385|411|4456|2033|2913|1421|1543|1347|3485|1367|3040|1305|445|330|12529|2623|10589|2318|1940|802|2281|714|1925|675|356|294|702|498|532|414|170|168|27244|5859|17589|3862|9655|3189|958|654|715|578|243|289|2309|1371|2146|1368|163|190|7494|2610|4671|1722|2823|1365|925|726|634|473|291|289|5309|2222|3970|2110|1339|625|801|710|801|710|0|214|5981|1922|4964|1701|1017|670|830|688|549|543|281|242|1787|1239|959|578|828|739|967|601|772|487|195|232|4430|1761|2862|1132|1568|1119|8359|2297|6204|1412|2155|1231|2834|1542|2610|1427|224|221|4431|2227|3904|2132|527|534|1728|1174|1433|1133|295|321|31445|4423|17470|2898|13975|2632|10157|1969|7115|1542|3042|1029|10189|2934|5815|2153|4374|1323|1191|942|950|835|241|300|29901|4222|13294|2959|16607|2788|2839|1312|1594|1012|1245|640|5417|2096|2757|1377|2660|1203|4284|1857|2555|1167|1729|1091|10111|1990|7905|1821|2206|751|9080|1907|5711|1255|3369|1197|9855|3517|7001|2478|2854|1333|873|494|621|408|252|220|5333|2584|2500|1312|2833|1778|2331|1103|1681|965|650|469|2744|1398|1750|1086|994|663|312|315|84|106|228|295|681|438|480|286|201|321|4197|2203|2367|1260|1830|1215
04000C0US42|10921469|2483|9533268|25467|623485|13063|353190|11591|270295|11576|33437|3986|24070|3647|9367|1937|20284|4495|10270|2733|10014|2610|25099|3389|17493|2468|7606|1693|22819|5643|12279|2629|10540|4887|25546|3095|20277|2794|5269|1371|54385|7858|39056|5561|15329|3611|10820|2132|8646|1687|2174|908|48420|5940|26855|4163|21565|3573|15824|2843|10286|1730|5538|1777|6526|1527|4060|1045|2466|996|15741|2913|9796|1945|5945|1885|3347|1264|2744|1049|603|435|5799|2136|4227|1669|1572|732|21356|3884|12257|2737|9099|2670|32571|5503|25327|4631|7244|2352|11567|2820|8583|2341|2984|1198|6278|2934|4412|2313|1866|1029|13245|3602|7279|2345|5966|1842|25613|4758|13821|3308|11792|2475|16053|3260|12291|2760|3762|1280|14545|3417|11261|2611|3284|1845|10196|3010|8612|2631|1584|705|22814|4612|13674|3085|9140|2341|81822|7107|37514|4009|44308|5218|5865|1592|3099|900|2766|1270|24951|3886|11445|2133|13506|2704|757|657|757|657|0|189|32542|4591|14489|2504|18053|3134|10076|2729|3092|1292|6984|2135|5423|2486|3541|2201|1882|735|11511|5007|6543|3474|4968|2017|16689|3313|12031|2709|4658|1357|5559|1759|3546|1219|2013|923|47452|8493|34690|7182|12762|3241|4781|1158|4086|1112|695|488|7091|2427|3769|1501|3322|1501|24329|5379|18243|4688|6086|2426|7732|2686|3780|1558|3952|1820|0|189|0|189|0|189|1356|925|785|801|571|437|14495|4223|8264|2485|6231|2985
04000C0US44|1042843|574|814393|9291|132551|4931|76429|4890|56122|4472|7244|1819|5376|1310|1868|977|11835|3445|7335|2885|4500|1620|5034|2777|3796|2108|1238|801|27058|3875|16710|3107|10348|2016|1206|661|836|465|370|300|457|379|387|370|70|103|479|339|441|330|38|66|2261|1632|1273|883|988|1025|1790|809|835|494|955|586|10|20|10|20|0|232|539|775|539|775|0|232|1250|820|1250|820|0|232|325|261|229|203|96|162|144|254|88|162|56|102|2201|1314|1836|1149|365|355|713|614|541|455|172|204|56|95|0|232|56|95|297|284|234|227|63|88|280|258|204|177|76|122|2752|1838|1626|1126|1126|795|1353|762|1077|685|276|332|830|767|830|767|0|232|286|285|161|250|125|141|6215|1472|3557|1055|2658|983|810|564|657|518|153|195|937|537|800|423|137|180|191|258|191|258|0|232|899|698|597|556|302|234|4630|1942|2667|1369|1963|963|3553|2446|2275|1804|1278|780|459|389|287|327|172|222|1674|1056|1433|998|241|315|349|232|310|221|39|64|1671|661|1257|579|414|359|265|266|265|266|0|232|644|620|464|539|180|231|2106|1221|577|555|1529|1004|334|416|70|128|264|393|0|232|0|232|0|232|34|62|34|62|0|232|2728|2037|1407|1190|1321|1531
04000C0US45|4227913|3136|3885066|11954|211151|9214|124175|6598|86976|7012|9690|3191|7103|2702|2587|1473|2252|1514|1782|1087|470|501|1688|712|1345|575|343|362|6293|1907|5244|1588|1049|720|12043|2565|9802|2149|2241|1236|677|432|609|413|68|118|3001|1265|2301|1184|700|545|8747|2924|4178|1152|4569|2445|2310|1052|1704|868|606|393|1519|1971|1519|1971|0|226|4409|2111|2152|1126|2257|1652|218|218|132|158|86|146|2496|1565|2049|1204|447|383|4465|1843|3198|1561|1267|694|3167|1510|2708|1238|459|391|2164|1912|1773|1552|391|397|513|522|513|522|0|226|1187|868|621|578|566|434|3331|1578|1512|903|1819|1273|2800|1135|2274|973|526|352|2043|1177|1758|1141|285|277|3413|1751|2862|1337|551|654|364|442|364|442|0|226|10146|2632|4780|1517|5366|1966|3136|1384|1575|807|1561|868|2099|935|1005|519|1094|593|735|652|562|600|173|265|8274|2205|4730|1540|3544|1191|190|199|57|108|133|141|1830|929|890|660|940|529|1450|886|1006|659|444|438|9826|2004|6825|1755|3001|1147|788|432|408|344|380|279|5822|2500|4409|2353|1413|918|834|497|773|475|61|75|1630|1417|1444|1367|186|305|1424|952|1331|940|93|150|1646|1351|1187|1254|459|520|55|97|55|97|0|226|369|282|369|282|0|226|2652|1194|2114|926|538|455
04000C0US47|5149351|5019|4708440|16724|248927|8481|125729|6931|123198|8173|8736|2557|6889|1970|1847|1044|543|461|362|414|181|189|2172|909|1755|717|417|475|4466|1647|3933|1543|533|323|10340|3025|7605|1668|2735|2288|2867|1783|2274|1491|593|683|1264|857|1264|857|0|224|4026|2067|3184|1762|842|509|1340|1362|707|837|633|660|2172|1047|1596|707|576|495|1856|1695|1399|1197|457|583|0|224|0|224|0|224|3076|1040|2354|942|722|360|3144|1350|2316|1063|828|542|9570|3282|6669|2278|2901|2058|2435|2046|1834|1313|601|889|114|214|114|214|0|224|1674|1044|1260|765|414|420|5127|3296|2882|1694|2245|2416|9930|3575|6945|2806|2985|1694|5079|1953|3715|1994|1364|1162|1343|988|1292|957|51|86|4015|2179|3404|2189|611|473|11582|2415|6735|1739|4847|1509|4250|1747|2329|1155|1921|1067|4725|1490|2635|1144|2090|852|473|779|137|243|336|552|8304|2752|1981|876|6323|2477|746|669|266|402|480|418|7487|2492|3638|1433|3849|1472|5028|2209|1684|1758|3344|1828|7423|2560|5348|1621|2075|1298|2222|920|1523|695|699|542|28810|7232|15480|4091|13330|5063|272|256|258|254|14|32|6509|3173|5038|2852|1471|1058|6326|2397|5050|2016|1276|792|7889|4072|3934|2363|3955|2191|189|263|189|263|0|224|974|701|902|665|72|119|3486|1870|2551|1494|935|740
04000C0US48|24739139|7149|15828720|60193|7142202|53751|4407768|55651|2734434|44289|70272|8599|55647|6471|14625|3586|8703|3219|7268|3026|1435|812|13550|4065|9476|2697|4074|1862|35945|6728|28097|5407|7848|2312|56387|6364|48017|6362|8370|2568|9796|2502|8306|2309|1490|1538|6407|2015|4502|1483|1905|1356|33460|6616|22995|5361|10465|2903|9356|2739|6932|2501|2424|1108|10702|3887|6947|2506|3755|2042|10767|3089|8496|2567|2271|1309|1463|871|1328|850|135|180|42941|9904|28507|6478|14434|4833|40519|7119|29228|5386|11291|2643|87432|9731|68897|8577|18535|4072|77160|11307|59377|8671|17783|3973|15048|4829|9687|3182|5361|2579|28466|6180|19275|4529|9191|2954|57745|8790|42006|6409|15739|3997|25273|5941|19181|4278|6092|2722|67323|10188|52528|8256|14795|3910|44697|6900|37980|6006|6717|2027|58634|9074|40636|6264|17998|4407|182096|15209|100281|9428|81815|8292|24894|4834|13149|2711|11745|3379|58932|8840|29119|4691|29813|5681|3951|2874|1938|1640|2013|1982|229179|15869|103485|10156|125694|9785|13555|4009|4633|1896|8922|2710|19576|3991|8545|2295|11031|2777|26494|5757|12613|3468|13881|3392|76338|8595|55105|6495|21233|4229|19586|3984|13532|2978|6054|1879|113781|15849|79161|11527|34620|7025|7682|2566|7042|2419|640|691|40270|7396|25109|5093|15161|4086|84585|10447|73692|10214|10893|2997|40042|9080|30908|7928|9134|3340|853|982|238|217|615|972|1483|831|959|595|524|451|12874|3181|10679|2825|2195|904
04000C0US49|2784465|1184|2340362|11855|294939|9907|196892|8433|98047|5765|7162|1638|6342|1576|820|341|261|215|261|215|0|206|2552|1081|2527|1082|25|41|16574|3415|13079|2907|3495|1478|8560|1870|7394|1733|1166|707|1897|630|1808|588|89|120|1203|882|1133|879|70|122|6411|2247|4864|1896|1547|882|1247|998|1247|998|0|206|2432|1090|1237|741|1195|840|937|553|884|550|53|89|1214|1147|1042|993|172|229|1891|1595|1529|1468|362|357|652|507|540|435|112|181|1666|1020|1475|934|191|196|997|716|742|498|255|376|2107|1999|1026|961|1081|1078|179|224|179|224|0|206|3237|1961|1783|1082|1454|1280|5269|1718|4021|1343|1248|755|1763|1282|1763|1282|0|206|1252|802|985|634|267|270|226|380|65|104|161|279|15609|3036|10000|2038|5609|1852|5037|1554|3210|1006|1827|995|3576|1886|2598|1795|978|476|603|789|0|206|603|789|8370|2624|3701|1366|4669|1488|1906|1279|753|657|1153|813|4710|2046|2897|1362|1813|987|1585|1070|504|413|1081|931|5805|2151|3482|839|2323|1918|13481|3197|11351|2916|2130|887|6472|2940|5119|2556|1353|779|195|165|195|165|0|206|1788|1544|1244|970|544|651|2706|2489|2653|2494|53|92|3710|2279|1999|1649|1711|1445|704|446|456|328|248|285|1313|1372|1029|1151|284|284|1905|1185|1769|1153|136|153
04000C0US51|7157146|6967|5850754|20957|578913|11425|342513|10590|236400|9164|34425|5043|28668|4704|5757|2154|5010|1820|4519|1699|491|487|7150|1821|5689|1478|1461|631|14041|2947|10838|2330|3203|1220|22243|3007|19189|2871|3054|837|3729|1332|3174|1194|555|372|5889|1667|5477|1499|412|348|17110|3273|11515|2178|5595|1648|4429|1350|3794|1175|635|395|4838|1752|3565|1434|1273|629|5932|1628|4269|1207|1663|906|1155|719|786|424|369|374|31994|5979|22482|4773|9512|2088|8767|2133|6491|1749|2276|851|26783|4060|23454|3588|3329|1014|32284|6183|22040|4184|10244|3100|6551|2441|4400|1548|2151|1549|18200|3834|12013|2964|6187|1663|20094|4184|11799|2141|8295|2785|18016|2913|13206|2125|4810|1400|28741|5011|23969|3984|4772|2253|12855|2901|11852|2868|1003|609|6610|1909|5751|1748|859|559|52611|5463|32452|3698|20159|3018|11241|2377|7784|1810|3457|1117|56245|7034|27946|3721|28299|4312|0|216|0|216|0|216|48806|5122|22868|2642|25938|3274|5126|1691|2146|799|2980|1489|7729|1583|4579|1264|3150|983|11474|2375|7580|1706|3894|1198|45258|4525|34763|3969|10495|1633|6828|1956|5797|1831|1031|549|64278|9255|45165|6684|19113|3817|1109|594|958|557|151|195|40987|6078|26787|4834|14200|2623|23519|5147|17641|4337|5878|1872|6688|2672|4892|1709|1796|1367|0|216|0|216|0|216|991|917|412|385|579|638|7743|2273|5279|1712|2464|1338
04000C0US53|6551098|2509|5135794|22565|549715|12843|335512|11907|214203|8822|26423|4154|21523|3223|4900|1625|1300|1029|1099|918|201|260|5222|1917|3787|1589|1435|964|11132|2852|8386|2082|2746|1398|23622|3486|21876|3345|1746|694|3936|2338|3412|1702|524|702|1410|608|1037|576|373|384|65359|8368|36186|4512|29173|5621|5997|2307|4980|1831|1017|658|6221|2415|3795|1405|2426|1391|35315|6217|18739|3949|16576|3371|936|612|864|555|72|117|14770|3418|8847|2037|5923|2416|3804|1467|2756|1125|1048|732|36666|4760|31299|4395|5367|1379|8564|3357|6676|2500|1888|1040|18566|5361|9653|2753|8913|2936|5122|1730|4511|1638|611|297|11106|3182|9338|2683|1768|879|23174|4609|17951|3800|5223|1766|19102|5745|15042|4843|4060|1696|13968|3115|12675|2837|1293|1053|9231|2702|7460|2375|1771|1495|133972|8161|71984|5928|61988|5038|21811|3192|14291|2230|7520|1862|44329|5110|21445|2955|22884|3352|3821|1991|1718|1175|2103|1166|71865|7755|26037|3414|45828|5567|16495|3795|6771|2018|9724|2163|11167|2511|6386|1689|4781|1443|14511|4451|7952|2761|6559|2580|60412|6502|40966|4538|19446|3191|37240|4726|26700|4129|10540|2105|21836|6021|12840|3758|8996|3069|4207|2472|4123|2466|84|140|41357|5936|27689|4602|13668|2732|8414|3781|6236|3135|2178|1190|15409|3529|9987|2861|5422|2159|478|405|364|380|114|147|2810|988|2677|990|133|163|4509|1560|3652|1334|857|478
04000C0US55|4147213|2152|3738352|11530|218023|9142|135700|7065|82323|5135|5718|1533|4264|1208|1454|749|196|166|81|91|115|137|3713|1399|2441|903|1272|685|3407|2498|3128|2463|279|301|16131|2286|13453|1937|2678|921|3696|1083|2813|878|883|599|2380|1156|2044|1082|336|309|5530|1427|3643|1145|1887|858|4487|1080|3665|978|822|441|5948|1727|4791|1576|1157|658|2465|914|1871|780|594|383|69|114|0|157|69|114|1295|728|927|561|368|277|1308|651|931|470|377|318|8416|2206|6713|1760|1703|896|2396|1273|1846|1028|550|392|2733|1755|1229|921|1504|1070|923|690|877|680|46|79|3632|1548|2404|891|1228|794|6913|2216|5165|1747|1748|782|3174|1565|2986|1510|188|153|3995|1681|3530|1447|465|491|1444|721|1363|694|81|135|14852|2853|9009|1845|5843|1713|1688|615|1076|426|612|367|3091|968|1573|624|1518|673|36673|3912|23282|2821|13391|2360|3760|1353|2036|753|1724|845|745|424|644|416|101|154|3198|1095|1709|696|1489|654|5686|2301|1911|1287|3775|1474|7467|1945|5474|1635|1993|928|976|731|601|413|375|349|11251|4063|9153|3366|2098|1185|942|633|860|621|82|136|2232|1613|1205|814|1027|984|2970|1296|2248|1139|722|484|2065|1501|1380|1045|685|598|20|35|20|35|0|157|938|491|890|478|48|88|2315|1436|1235|620|1080|954
04000C1US04|3645702|7953|2588332|20994|836518|20013|555635|16208|280883|10570|11372|3025|9554|2909|1818|864|574|610|444|465|130|149|3518|1199|3242|1168|276|282|3681|1276|3240|1124|441|328|7584|1926|6670|1780|914|596|1942|1018|1715|1011|227|248|1328|567|1220|557|108|141|5285|2104|4197|1818|1088|596|1753|858|1121|583|632|615|5657|2116|4188|1741|1469|710|3884|1310|3296|1338|588|397|401|333|316|246|85|102|3545|1091|2029|757|1516|754|5536|2115|4519|2085|1017|427|9689|2655|8346|2356|1343|992|1015|603|646|422|369|282|735|515|648|505|87|138|3136|1194|2452|961|684|535|4050|2331|2584|1282|1466|1309|6148|2676|3943|1933|2205|1089|6282|1920|5311|1778|971|516|3671|1520|3286|1407|385|377|1984|820|1627|722|357|328|23045|4127|12633|2653|10412|2439|2836|884|2149|884|687|425|7811|2385|4229|1579|3582|1496|45|74|45|74|0|224|14614|3171|7111|1768|7503|1896|742|424|182|191|560|347|2675|1172|1145|647|1530|806|2511|981|1177|590|1334|785|16616|3398|13309|3055|3307|1021|3585|1501|2370|1091|1215|781|16595|4129|10474|2645|6121|2359|1443|492|1091|452|352|218|9301|3149|7118|2676|2183|992|2599|1057|2190|1037|409|368|6168|2684|3822|1871|2346|1467|12610|2918|10572|2712|2038|745|3253|1607|3116|1560|137|159|1633|836|995|596|638|571
04000C1US06|16795350|16415|8866629|52111|4747616|40984|2842958|32177|1904658|25546|71405|6987|63839|6348|7566|1609|4050|1753|2734|1223|1316|1008|28950|3694|24511|3503|4439|968|44571|6093|32104|4728|12467|2835|47657|5745|42758|5235|4899|1291|11136|2301|9545|2066|1591|579|9982|2175|8785|2048|1197|518|115142|8451|70447|6519|44695|5447|11236|2208|9144|1979|2092|819|10398|2368|8116|2170|2282|1017|20961|4354|14335|3433|6626|2284|182296|11396|102612|7982|79684|6399|130647|10500|75128|6602|55519|6545|31746|5327|23184|4248|8562|2146|118129|9042|100912|7406|17217|3197|28591|5365|22547|4603|6044|1672|73045|8883|42735|6100|30310|4204|23009|5272|15859|3890|7150|2454|34935|5226|27214|3477|7721|2738|37003|6384|26185|4502|10818|3449|43458|5561|36850|4886|6608|1725|36369|5310|32243|4866|4126|1581|21856|3840|19131|3539|2725|1448|616128|16521|300242|10705|315886|11573|80551|6977|41450|4045|39101|5127|210574|11975|98250|7260|112324|7148|46966|7268|28000|5274|18966|3671|290913|13812|117417|8137|173496|9213|42878|6714|20030|5072|22848|3381|41204|5065|15462|2160|25742|4136|37923|5469|21287|3318|16636|3212|385578|14943|246681|11241|138897|7968|62533|7536|39352|5314|23181|3700|108084|11506|71975|8946|36109|4746|32942|5834|27305|5261|5637|1414|32889|4951|20324|3564|12565|2642|18447|3648|13200|2655|5247|1624|7980|2549|6304|2162|1676|897|590|460|500|437|90|143|3508|1655|3339|1620|169|168|24845|4972|12378|2299|12467|4186
04000C1US08|2411814|4908|1936006|13487|312474|12124|196123|9433|116351|7963|10459|3128|7638|1960|2821|1482|1130|1177|937|1065|193|316|1439|748|1026|622|413|368|5093|2290|4084|1799|1009|838|10176|2134|9422|2078|754|460|673|463|673|463|0|211|1639|818|1202|692|437|332|7965|1918|4646|1429|3319|1129|2085|890|1298|708|787|494|959|641|367|282|592|627|2827|1271|1922|1003|905|699|719|823|494|523|225|361|2773|916|1998|710|775|390|1494|1688|893|909|601|800|2791|1155|2303|890|488|442|281|274|210|241|71|89|674|792|674|792|0|211|711|551|385|406|326|326|6049|2420|2998|1330|3051|1490|3582|1227|2895|1137|687|496|792|610|682|568|110|187|1599|847|1440|823|159|191|606|421|574|398|32|53|12947|2288|7200|1591|5747|1529|2471|1124|1631|939|840|406|8069|2014|3898|1350|4171|1248|450|393|384|334|66|82|12878|3614|4969|1864|7909|2468|676|644|197|185|479|535|1524|687|628|419|896|498|4463|1974|1602|968|2861|1424|4598|1529|2834|1166|1764|735|3297|1239|1021|569|2276|1118|13535|3804|8895|2619|4640|2015|860|595|860|595|0|211|17330|4485|10299|3107|7031|2632|7653|3328|5114|1849|2539|2168|2654|1350|1742|1055|912|640|95|116|95|116|0|211|1227|837|996|815|231|218|2091|1232|1634|1121|457|392
04000C1US09|886057|3292|551134|15852|221068|12241|115645|9127|105423|7932|5013|2038|3538|1313|1475|904|12698|3821|6428|2419|6270|2526|5270|1425|3757|1199|1513|743|14793|3306|8112|2265|6681|2018|2575|904|2472|908|103|129|383|271|308|241|75|126|1710|1084|1384|1026|326|231|2845|978|1669|714|1176|573|6798|2298|3789|1405|3009|1389|1098|631|652|383|446|446|3865|2827|1425|1284|2440|1829|294|289|294|289|0|217|398|366|319|299|79|134|2133|1543|1808|1317|325|286|2787|1691|2103|1199|684|594|653|460|431|408|222|246|522|586|229|332|293|327|3087|3429|1914|2317|1173|1222|871|816|625|583|246|287|5319|3184|3905|2513|1414|917|1268|1017|1183|965|85|141|1030|600|953|615|77|106|1252|911|1069|799|183|291|8970|2987|4469|1568|4501|2077|624|440|446|325|178|201|1397|912|840|712|557|468|0|217|0|217|0|217|1779|961|655|472|1124|676|975|874|155|205|820|745|2391|1443|1490|1032|901|580|1705|1116|752|464|953|823|3888|2122|2277|1258|1611|1147|792|1046|615|779|177|277|3083|1332|1460|757|1623|989|852|488|781|450|71|118|0|217|0|217|0|217|4745|2342|3391|1937|1354|908|320|371|236|289|84|138|0|217|0|217|0|217|397|488|214|277|183|249|5275|2668|4655|2560|620|475
04000C1US12|5863962|16704|4163825|30475|1185864|26858|679901|20728|505963|16392|33490|5222|26778|4434|6712|2010|117606|12352|71221|9178|46385|6119|14881|2536|10718|2137|4163|1442|57342|6952|34638|4767|22704|4486|19108|3006|16818|2902|2290|767|5492|1670|4431|1255|1061|741|5265|2253|3879|1626|1386|1161|23186|3944|14861|2878|8325|2532|5888|1552|3589|946|2299|1049|14361|3908|8855|3175|5506|2055|6473|1641|5046|1418|1427|779|505|389|505|389|0|242|6275|3351|3442|1858|2833|1930|4684|1506|3494|1117|1190|677|6095|2156|5700|2001|395|376|1750|822|1564|753|186|236|307|342|265|333|42|72|4092|2085|2546|1194|1546|1162|3469|2051|2139|1076|1330|1752|18828|8487|12207|3766|6621|5293|4185|1722|3120|1375|1065|1039|5281|2597|4516|2491|765|661|2893|1369|2462|1252|431|381|18911|3356|9753|1976|9158|2259|3871|1602|2712|1406|1159|569|6284|1545|4083|1278|2201|863|767|849|712|837|55|89|22802|3987|10610|2732|12192|2709|3039|1777|1164|1043|1875|1236|8322|2391|1993|720|6329|2152|4924|1779|3750|1400|1174|689|30671|4710|22935|4327|7736|1911|2525|929|2065|871|460|384|27856|5026|19089|3825|8767|2773|4559|1459|3777|1347|782|501|2067|913|1115|620|952|599|2023|1083|1862|1078|161|196|3331|3453|2666|2824|665|694|0|242|0|242|0|242|615|418|517|370|98|159|10250|3557|7196|2296|3054|2021
04000C1US13|1819822|6854|1587150|12160|124882|9470|81275|7706|43607|5514|5349|1962|4033|1465|1316|914|3416|1527|2392|1191|1024|739|468|353|327|266|141|210|4290|1584|3660|1453|630|566|5127|1338|4847|1301|280|252|1348|792|1348|792|0|247|1312|1018|1235|999|77|129|2890|1209|2469|1072|421|395|541|434|303|253|238|384|526|508|265|233|261|346|282|310|227|231|55|98|43|71|43|71|0|247|1375|636|1251|635|124|154|4658|2214|3699|1825|959|936|5445|1793|4471|1671|974|494|3464|1597|2788|1324|676|544|231|279|231|279|0|247|1019|774|622|451|397|613|2913|1390|2904|1391|9|18|2290|1748|2197|1740|93|132|4523|2093|3786|1906|737|609|6100|4426|5844|4330|256|306|2311|1536|2164|1459|147|260|11878|3047|7773|1807|4105|2444|3396|1303|2485|1224|911|722|5948|1513|3656|1036|2292|965|301|384|268|339|33|60|8165|3103|3456|1171|4709|2183|402|512|323|496|79|128|740|591|740|591|0|247|1667|1140|951|699|716|624|3348|1329|2659|1241|689|465|955|684|567|538|388|299|2703|1147|2456|1003|247|312|1556|895|1118|722|438|416|1006|929|801|875|205|275|2043|1290|1669|1022|374|568|1538|1209|1345|985|193|322|0|247|0|247|0|247|890|1024|873|1025|17|31|1333|974|1256|972|77|95
04000C1US17|3957064|13085|2729534|23732|737005|17877|423410|15814|313595|12761|20939|3946|15737|3112|5202|1726|3136|1775|2053|944|1083|1631|5462|1476|3927|1285|1535|577|5330|1793|4396|1459|934|596|9388|2167|8261|2027|1127|588|1883|839|1506|677|377|450|8272|1820|5995|1446|2277|868|15813|3285|9803|2572|6010|1993|51387|6622|30677|4127|20710|3375|15999|3831|9457|2600|6542|2127|15628|3423|8620|2448|7008|2201|1157|669|868|511|289|412|4394|1554|2849|1104|1545|1022|19653|4001|11842|3183|7811|1945|17169|3068|13855|2540|3314|1544|23467|4307|16227|3306|7240|2080|1638|852|1095|600|543|390|2428|909|1712|852|716|443|7533|1926|5298|1328|2235|1067|19253|4145|12586|3124|6667|2257|10939|3560|7070|2259|3869|1712|9003|2374|6802|2012|2201|1509|9175|3808|6678|3010|2497|1597|62156|6604|27926|2786|34230|5219|5978|1666|4563|1190|1415|725|18922|2953|9120|1813|9802|2027|85|138|85|138|0|201|12380|2600|5101|1274|7279|2032|639|591|78|130|561|556|7450|2676|3372|1182|4078|1741|11497|2934|6533|2006|4964|1930|31387|3960|22792|3260|8595|1670|3142|1194|2316|1096|826|453|18093|4173|11881|2880|6212|1985|2815|1232|2214|950|601|480|12610|3836|8163|2854|4447|1595|16078|4015|12286|3538|3792|1683|5687|2655|2742|1309|2945|2082|92|152|58|96|34|57|697|1060|697|1060|0|201|1771|803|1545|712|226|180
04000C1US18|2066809|12121|1793113|16897|149032|7462|94578|6839|54454|4736|6395|1963|4878|1468|1517|900|4802|2867|2068|2482|2734|1584|1554|1020|1554|1020|0|208|1494|992|1323|917|171|207|5976|1594|5395|1511|581|352|764|515|688|498|76|94|1003|587|788|539|215|235|2563|1055|2299|1003|264|224|961|502|728|432|233|297|1106|731|830|555|276|326|580|363|362|248|218|211|253|421|253|421|0|208|780|485|546|413|234|203|3076|2269|2521|1866|555|490|4858|1886|3970|1337|888|995|2666|1457|2002|1102|664|683|2585|1537|902|726|1683|1087|1285|768|1132|694|153|158|1490|870|1101|807|389|334|1423|839|1132|666|291|348|2094|1120|1959|1086|135|183|2450|1292|2273|1225|177|223|1073|572|809|466|264|234|13731|2851|8083|1915|5648|1565|1257|687|944|506|313|374|2784|1009|1349|590|1435|649|0|208|0|208|0|208|2809|1213|1001|531|1808|816|318|363|318|363|0|208|1289|782|637|505|652|489|21443|3482|5376|1394|16067|3005|3496|1197|2452|1005|1044|703|657|372|608|356|49|89|8713|2758|4033|1485|4680|2014|295|409|295|409|0|208|2942|1466|1292|615|1650|1098|9313|4962|7867|4902|1446|885|1883|927|1786|957|97|151|0|208|0|208|0|208|1206|1244|341|391|865|1166|1297|637|879|519|418|404
04000C1US20|1018173|4335|845767|8323|111940|5271|65188|3778|46752|4557|1573|677|1220|529|353|262|109|164|0|187|109|164|50|84|50|84|0|187|1049|724|543|400|506|528|1542|564|1460|567|82|102|481|490|310|286|171|276|0|187|0|187|0|187|1362|646|828|497|534|374|228|221|228|221|0|187|291|286|291|286|0|187|354|349|257|260|97|163|0|187|0|187|0|187|469|377|125|169|344|281|929|520|836|482|93|162|1573|832|1305|747|268|232|994|747|694|603|300|255|358|419|249|311|109|180|2095|1388|1410|838|685|736|2206|956|1086|601|1120|735|845|913|811|876|34|61|3303|1508|2815|1399|488|318|449|350|399|331|50|82|872|688|872|688|0|187|10021|2915|5072|1881|4949|2130|567|388|412|344|155|196|991|815|350|284|641|745|2034|1690|1707|1501|327|320|8295|2490|3129|1263|5166|1805|886|926|535|693|351|315|1039|660|664|504|375|295|3610|1627|1519|765|2091|1050|1993|981|1252|729|741|554|603|510|523|486|80|132|3625|1475|2893|1318|732|498|413|434|413|434|0|187|1228|903|970|768|258|258|226|279|226|279|0|187|3321|1874|2472|1510|849|755|0|187|0|187|0|187|288|270|288|270|0|187|194|138|194|138|0|187
04000C1US24|1077557|9985|871937|12824|72786|6900|43112|4654|29674|4510|14700|3937|10026|2692|4674|2354|4894|1658|2684|944|2210|1044|2834|1018|2623|962|211|254|3037|1313|2143|1012|894|876|3261|989|2961|859|300|444|855|630|776|612|79|130|1965|1081|1818|1050|147|213|6132|2136|4340|1598|1792|898|373|289|373|289|0|216|516|393|372|326|144|180|1597|947|1491|904|106|125|588|518|459|475|129|213|3514|1291|2521|1128|993|637|633|496|549|440|84|133|3464|1196|3247|1182|217|178|4474|2215|2832|1481|1642|1358|1342|1413|1033|1057|309|382|1448|793|1104|647|344|318|3669|1728|2885|1467|784|401|1618|863|1129|633|489|372|3071|1496|2081|1067|990|803|2727|1515|1416|929|1311|916|1620|939|1375|852|245|266|17278|2961|9010|1694|8268|1927|1798|865|1035|699|763|485|6780|1858|3465|1133|3315|1211|0|216|0|216|0|216|2616|1172|1692|737|924|557|27|58|27|58|0|216|1362|1293|306|351|1056|1040|2227|1200|1670|832|557|523|5591|1575|3870|1225|1721|1000|306|278|306|278|0|216|5215|2948|3325|2451|1890|884|1881|1204|1618|978|263|362|3729|2118|3224|1828|505|403|10544|4541|7443|2421|3101|3496|2510|1270|2267|1144|243|248|0|216|0|216|0|216|0|216|0|216|0|216|2638|1630|1987|1126|651|602
04000C1US25|1375885|4488|889364|13013|229513|10226|131779|8028|97734|6535|13979|3099|10127|2385|3852|1531|27187|5372|11882|2742|15305|3706|5537|1447|3589|974|1948|1084|33290|4983|15992|2792|17298|3455|4024|1180|3727|1163|297|259|548|320|514|299|34|62|3311|1168|2716|1029|595|371|9594|2009|6141|1834|3453|1059|2104|887|1203|646|901|575|705|572|433|357|272|440|1148|489|941|469|207|177|602|393|469|346|133|156|2796|1265|1882|831|914|683|2982|1645|1886|1259|1096|1001|7691|2543|6063|1842|1628|1200|2969|1489|2009|1053|960|625|323|199|323|199|0|218|2226|960|1740|814|486|364|2908|1734|1430|910|1478|1091|11251|2778|7628|1937|3623|1296|2072|1103|1824|1058|248|225|1997|727|1717|661|280|231|169|162|130|121|39|64|47007|4475|24768|2772|22239|3012|2806|1192|1812|797|994|595|5189|1303|3570|1004|1619|851|0|218|0|218|0|218|17872|2953|6901|1694|10971|2669|622|467|390|353|232|236|905|570|359|299|546|385|2357|1071|1533|797|824|497|1421|552|1061|439|360|327|693|359|539|331|154|153|9236|3597|6182|2486|3054|1570|3582|1643|2894|1291|688|576|6847|3071|3955|2078|2892|1646|9784|2244|7163|1734|2621|1095|3990|1600|3534|1571|456|339|0|218|0|218|0|218|344|291|344|291|0|218|4940|2065|4231|1979|709|389
04000C1US26|2268033|7171|1929118|14445|93939|7126|61989|5916|31950|3508|5421|1351|4325|1174|1096|618|484|468|272|302|212|358|2440|905|1516|685|924|537|1233|562|923|494|310|195|5423|1549|5175|1517|248|189|2376|1134|2063|917|313|437|645|275|586|254|59|71|2436|774|1223|492|1213|639|3306|1099|2240|876|1066|601|2495|1081|1139|753|1356|740|3735|1483|1925|908|1810|1008|1761|1846|1558|1848|203|245|2538|1077|1713|893|825|458|4024|2358|3503|2165|521|484|8053|2388|7165|2145|888|557|4936|2016|3593|1706|1343|727|1501|1022|1296|929|205|234|14294|3248|7030|1935|7264|2123|3554|1289|3227|1319|327|316|9419|2931|5583|1701|3836|1735|7043|2413|6089|2166|954|587|2993|1504|2899|1491|94|88|3842|1164|2957|1061|885|561|18998|2762|10229|2048|8769|1791|7135|1950|3276|1145|3859|1517|9336|2292|4825|1384|4511|1417|1701|1461|1157|1172|544|383|4947|1753|1497|735|3450|1268|168|185|52|89|116|129|528|488|404|426|124|146|4153|2308|1105|932|3048|1774|2630|951|2016|803|614|508|1111|792|858|707|253|244|79426|7321|47665|5545|31761|3830|901|562|848|546|53|87|9040|2926|5846|2396|3194|1363|3575|1412|2619|1079|956|804|4763|2725|1548|1089|3215|1957|0|181|0|181|0|181|509|543|509|543|0|181|2103|1348|1497|890|606|548
04000C1US27|1371312|4448|1117646|11090|64680|6064|42038|4650|22642|3641|7822|2415|5073|1438|2749|1456|569|375|308|256|261|282|673|413|564|351|109|132|967|524|667|420|300|280|4046|1161|3677|1081|369|409|504|342|504|342|0|157|206|256|99|121|107|153|3778|1056|1970|704|1808|672|882|486|670|389|212|370|2254|1446|1230|891|1024|728|1482|1098|1019|930|463|436|20|39|20|39|0|157|702|421|654|401|48|81|1173|1097|526|481|647|959|3993|1559|3855|1536|138|164|525|515|151|186|374|453|630|727|591|721|39|66|2141|1211|1925|1136|216|215|3296|1832|3047|1794|249|243|1968|703|1745|632|223|228|3060|1434|2150|1172|910|722|2820|2065|2571|2017|249|276|515|529|515|529|0|157|12450|2727|8088|1964|4362|1379|1774|697|1250|545|524|365|1571|709|955|453|616|401|37863|5547|20456|3217|17407|3593|7183|1805|2229|1015|4954|1402|1761|1111|633|642|1128|818|1309|636|480|323|829|517|14493|4875|3864|1481|10629|3987|3595|1870|2645|1443|950|597|949|727|570|477|379|452|6052|2697|4688|2205|1364|796|228|234|228|234|0|157|44401|6672|25341|5302|19060|3605|3750|2229|3125|1844|625|458|5394|2421|3533|1822|1861|1037|0|157|0|157|0|157|325|262|325|262|0|157|1862|900|1285|685|577|398
04000C1US29|1296109|4180|1184628|7172|50035|4630|30319|3175|19716|3039|4498|2173|3347|1542|1151|795|777|905|645|892|132|151|814|512|743|481|71|99|718|489|543|462|175|160|2254|1008|2042|1005|212|138|185|175|162|170|23|41|0|198|0|198|0|198|1139|765|904|708|235|310|247|167|247|167|0|198|1876|1477|881|954|995|623|237|223|183|166|54|91|0|198|0|198|0|198|473|494|327|300|146|218|444|273|423|259|21|39|1779|1054|1694|1020|85|132|1176|668|485|329|691|493|615|908|220|359|395|567|795|761|795|761|0|198|1934|1349|1396|912|538|602|1048|619|612|399|436|352|2057|1191|1680|966|377|322|0|198|0|198|0|198|1146|665|1082|629|64|112|5976|1572|3399|1029|2577|1139|1170|723|955|686|215|176|2173|947|1718|774|455|384|44|73|44|73|0|198|4785|1609|2524|991|2261|982|1247|860|894|875|353|405|1079|652|492|342|587|547|1866|2103|1709|2098|157|193|2408|737|1663|611|745|482|1968|1271|1478|1176|490|408|4964|1859|2835|1270|2129|1014|609|465|497|440|112|143|4764|2346|2723|1507|2041|1209|2169|960|1780|850|389|464|1199|1072|617|530|582|610|0|198|0|198|0|198|53|54|28|36|25|39|760|574|717|561|43|72
04000C1US32|1406872|10270|1017309|11709|274153|10981|170046|8429|104107|6603|3846|1360|2756|960|1090|970|861|792|584|526|277|350|2138|894|1117|510|1021|576|2385|1340|1942|1230|443|376|3802|1139|3364|1122|438|307|875|546|875|546|0|221|610|411|332|257|278|249|2067|857|1559|650|508|351|700|448|456|367|244|266|289|220|170|166|119|142|2270|1077|1565|797|705|534|3021|1837|2570|1782|451|400|3259|1519|2287|1058|972|629|311|440|311|440|0|221|1912|1236|1519|934|393|359|315|346|192|187|123|212|1409|1262|921|877|488|432|898|731|578|495|320|385|1127|994|938|902|189|246|2999|1182|2299|1030|700|430|1186|773|907|640|279|252|621|522|621|522|0|221|264|277|264|277|0|221|12945|3027|6510|1535|6435|1939|4207|1286|2613|1074|1594|835|3273|1014|1571|637|1702|588|0|221|0|221|0|221|1630|815|947|523|683|382|263|333|129|153|134|220|1926|720|1213|558|713|403|654|563|475|430|179|204|35273|4610|22888|3923|12385|2236|3665|1068|2575|866|1090|524|5135|2064|2766|1587|2369|1237|2360|1354|1787|976|573|487|3170|1812|1642|1244|1528|867|501|434|501|434|0|221|960|781|855|753|105|151|96|109|96|109|0|221|531|410|396|260|135|216|1656|823|1372|722|284|289
04000C1US34|983246|9824|547519|16685|266222|11271|132476|7712|133746|9168|7769|2355|6108|2140|1661|790|7009|3458|4560|2382|2449|1672|2813|1124|2211|918|602|551|28781|4533|11790|2241|16991|3305|1854|844|1438|637|416|452|1404|922|1404|922|0|222|697|478|399|318|298|325|3959|1647|2191|1011|1768|1167|2958|2433|1866|1782|1092|876|264|279|226|270|38|64|1720|1082|920|856|800|685|0|222|0|222|0|222|95|159|95|159|0|222|2389|1336|1242|694|1147|833|17238|4377|14887|3948|2351|1275|4460|2000|3156|1387|1304|1087|1445|1242|351|390|1094|1046|6069|2043|2944|1131|3125|1249|2641|1348|2107|1233|534|467|2209|1710|2153|1738|56|110|2522|1413|2248|1293|274|345|772|485|726|471|46|79|492|493|423|460|69|104|16765|3534|8946|1918|7819|2478|603|534|227|290|376|449|3987|1333|3114|1200|873|501|0|222|0|222|0|222|3106|1620|1278|890|1828|1095|542|830|343|563|199|282|392|438|94|144|298|327|839|666|218|240|621|545|11820|2449|9142|2340|2678|974|1041|559|731|469|310|319|11290|3620|8576|3341|2714|1091|4180|1921|3641|1663|539|556|460|409|237|284|223|289|12249|3048|10577|2840|1672|890|1155|925|457|489|698|780|0|222|0|222|0|222|119|154|25|50|94|146|1397|920|708|598|689|449
04000C1US36|9258276|4970|5283845|33079|1935090|19459|1058814|16860|876276|20574|90867|7634|66818|6907|24049|4499|102362|10205|63420|7000|38942|5108|64756|6195|42048|4673|22708|3196|18265|3079|12784|2337|5481|1680|17869|2953|16570|2935|1299|705|96818|11251|48600|6200|48218|9102|33847|4907|24671|4039|9176|2005|205462|11017|89977|7678|115485|6807|53807|5977|29874|4411|23933|3655|15242|3427|9617|2634|5625|1640|27348|4448|13214|2816|14134|3392|3366|1781|2442|1115|924|872|16700|6212|8285|2562|8415|4095|5815|1877|3027|1333|2788|1005|29689|4455|20203|3319|9486|2311|47544|6997|28061|5088|19483|3454|18271|3850|7584|1914|10687|2208|141449|10005|63400|5495|78049|7403|21585|4599|10526|2600|11059|2934|67539|8526|44011|6298|23528|3646|2676|1184|2393|1057|283|231|5931|1930|4755|1793|1176|610|7663|2021|5699|1770|1964|807|485484|13902|174845|8751|310639|11303|23343|3553|12764|2229|10579|2357|61543|6091|25948|3821|35595|3727|152|251|152|251|0|217|15622|2828|6640|1475|8982|1981|2832|1387|1629|1092|1203|606|6660|1700|2224|816|4436|1350|44725|5576|19986|3630|24739|3528|50485|5743|34673|4139|15812|2871|7415|2171|4802|1357|2613|1116|80019|8080|53530|6051|26489|4112|36506|7491|31689|7351|4817|1386|9457|3430|6406|2490|3051|1591|79884|8621|59187|8462|20697|3916|10200|3896|6106|3332|4094|1828|0|217|0|217|0|217|878|499|515|352|363|330|29265|5615|16756|3256|12509|3721
04000C1US37|3350821|7303|2762548|18417|327700|12498|177891|8725|149809|9107|22035|4131|13311|2899|8724|2920|3543|1632|1994|1305|1549|853|1988|876|1709|734|279|359|7760|3536|5331|2582|2429|1554|9313|2334|7579|2293|1734|779|1796|1062|1670|1042|126|155|4909|1776|2571|1302|2338|1140|8388|2799|5697|2489|2691|1165|2060|874|1395|611|665|550|1299|732|891|744|408|394|2963|1387|2108|1172|855|620|196|203|133|175|63|106|4807|1843|3069|1059|1738|1031|7811|2114|5488|1735|2323|958|13039|3407|9980|3003|3059|1616|4298|1986|2945|1383|1353|852|3417|2162|2308|1450|1109|872|3360|2444|2725|2204|635|476|10317|2667|7163|1928|3154|1362|2811|1086|2370|901|441|366|10857|3117|9178|3043|1679|821|10377|3587|9836|3467|541|452|4261|2110|3530|2008|731|510|24396|3975|14121|2785|10275|2031|4453|1487|2031|819|2422|1170|8770|2208|5379|1806|3391|887|976|872|578|546|398|437|12395|2977|7208|2459|5187|1268|785|599|529|514|256|235|2815|1305|1691|1054|1124|501|5354|2123|2259|898|3095|1800|7675|2189|5542|1736|2133|962|6054|2462|2679|1169|3375|2011|14474|3931|9658|2558|4816|1996|1403|1262|1372|1258|31|52|7787|2690|4534|1825|3253|1718|11691|3200|9804|2969|1887|1148|6567|2628|3902|1747|2665|1376|33|70|33|70|0|224|529|547|223|265|306|408|2811|1222|2612|1144|199|218
04000C1US39|2488881|6409|2193024|15635|109151|6552|64195|5221|44956|4028|13071|4409|7011|1766|6060|4013|1305|829|708|432|597|678|2316|998|1759|788|557|370|1933|1076|1295|672|638|538|4020|1363|3635|1280|385|262|1227|684|916|525|311|287|1929|937|1602|790|327|437|4092|1823|2820|1642|1272|690|820|609|679|584|141|153|1595|1029|652|379|943|898|2719|1082|2048|899|671|520|95|159|95|159|0|204|2059|1418|728|513|1331|1283|3741|2530|2241|1591|1500|1001|6193|2008|4211|1467|1982|1085|1401|884|791|540|610|407|889|853|479|558|410|413|1264|979|1037|823|227|236|17228|4943|8959|3152|8269|2651|3070|1130|2029|867|1041|464|3767|1958|3011|1577|756|657|733|673|649|585|84|140|394|265|394|265|0|204|13099|2954|7157|2073|5942|1602|3207|1212|1407|755|1800|837|2426|837|1916|758|510|302|0|204|0|204|0|204|2967|1342|1380|738|1587|797|2182|1434|1131|890|1051|741|2436|2092|1350|1486|1086|770|4369|2342|2040|1159|2329|1643|4521|1990|3301|1546|1220|1164|616|480|391|349|225|286|17077|4080|11223|2912|5854|1997|494|323|494|323|0|204|37351|9202|24502|7497|12849|3237|10863|3236|7074|2378|3789|1952|6733|3019|2997|1501|3736|2461|0|204|0|204|0|204|0|204|0|204|0|204|2504|977|1785|852|719|572
04000C1US40|1154856|3570|947318|8521|152534|6966|92039|5718|60495|4440|2251|819|1842|679|409|365|20|40|20|40|0|172|625|341|480|284|145|170|505|418|505|418|0|172|3338|1052|2902|1013|436|229|80|134|80|134|0|172|56|93|56|93|0|172|1944|928|1697|898|247|231|851|624|766|593|85|100|384|478|384|478|0|172|424|629|384|625|40|68|136|229|136|229|0|172|1173|604|745|445|428|342|295|324|157|187|138|168|2142|1322|1950|1285|192|296|403|315|363|301|40|68|440|486|359|395|81|127|575|544|431|423|144|171|1418|830|843|637|575|512|190|198|190|198|0|172|823|570|755|511|68|106|490|459|452|407|38|64|2488|1292|1355|742|1133|842|3734|1204|1653|609|2081|815|762|629|734|626|28|47|2218|954|1134|606|1084|585|2082|1274|1213|771|869|612|7598|2050|3648|1401|3950|1152|239|260|161|222|78|142|668|514|363|335|305|374|3673|1400|1324|760|2349|893|2260|868|1496|617|764|501|2166|1215|1259|893|907|494|2771|1157|2033|905|738|379|368|368|368|368|0|172|444|465|279|305|165|218|697|446|468|324|229|292|1247|828|900|575|347|377|240|339|240|339|0|172|1484|724|1175|533|309|436|1302|985|1106|923|196|221
04000C1US41|1594157|6097|1316720|14911|139082|10113|90682|7771|48400|5699|5857|1569|4469|1382|1388|936|595|649|313|521|282|366|2597|1557|1877|1349|720|736|2164|1062|2002|1059|162|158|7088|1612|5994|1491|1094|584|1086|450|893|380|193|240|620|502|506|412|114|136|15239|4526|9783|3180|5456|2496|659|563|585|552|74|122|1727|1151|1564|1144|163|190|3329|1692|1772|997|1557|927|568|507|410|347|158|191|2683|1062|1710|777|973|571|479|588|479|588|0|214|3977|1579|3074|1331|903|652|401|470|296|443|105|124|1515|1211|778|569|737|726|272|236|168|161|104|174|2080|1229|1033|647|1047|961|3237|1217|2569|1044|668|503|1107|975|961|864|146|176|1284|1062|1094|1012|190|184|1162|1049|1007|1017|155|238|16396|3262|8988|1907|7408|1952|4614|1377|3205|974|1409|717|4378|1788|3109|1274|1269|827|532|632|459|531|73|120|21836|3945|10017|2744|11819|2566|1885|1076|1293|951|592|427|3467|2073|1737|1258|1730|1178|2212|1176|1284|676|928|698|5140|1521|4214|1433|926|544|5388|1517|3658|1085|1730|821|3904|2199|2731|1502|1173|876|346|305|234|274|112|136|3091|2331|1240|971|1851|1651|1541|854|1114|663|427|427|1624|877|925|692|699|551|312|315|84|106|228|295|496|376|308|199|188|320|1467|1090|698|492|769|712
04000C1US42|2639716|9024|2032863|18820|347779|13015|177886|9070|169893|10757|12600|2627|7400|2133|5200|1614|12605|3981|6816|2540|5789|2109|5120|1244|3058|859|2062|677|11996|5081|5323|1886|6673|4800|3810|1086|3133|1032|677|370|1473|609|1411|593|62|106|1871|778|1300|601|571|392|17631|3956|8503|2688|9128|2207|3478|1187|2277|700|1201|855|1826|1089|1367|827|459|462|4838|1885|1972|1024|2866|1173|240|197|240|197|0|189|2742|1688|1971|1273|771|590|2695|1447|1155|722|1540|946|6568|1981|4682|1698|1886|1268|3755|1531|2861|1176|894|693|818|691|387|359|431|403|4657|1827|2275|1024|2382|1103|5161|1631|3042|1060|2119|934|7673|2624|5533|2235|2140|1065|441|307|441|307|0|189|1074|678|1045|671|29|50|11803|2861|5310|1602|6493|1962|41265|4732|12812|1946|28453|4237|1483|770|740|499|743|670|4218|1163|2582|870|1636|707|0|189|0|189|0|189|15754|3497|6281|1609|9473|2431|6437|2230|1897|1050|4540|1725|1871|1281|965|886|906|586|3249|1418|1689|925|1560|1092|5300|1602|3569|1230|1731|709|1881|879|958|581|923|575|20414|5234|15756|4818|4658|1643|1621|661|1372|559|249|305|3452|1608|1843|1193|1609|1005|14507|4795|11170|4322|3337|1733|4919|2153|1813|969|3106|1753|0|189|0|189|0|189|615|783|582|779|33|56|7213|3517|4097|2065|3116|2653
04000C1US47|2236252|4737|1971161|11793|154383|7481|69889|5445|84494|6434|5135|1880|3883|1507|1252|878|543|461|362|414|181|189|1382|792|1017|571|365|472|3174|1549|2641|1458|533|323|2779|912|2458|836|321|356|913|1026|913|1026|0|224|925|783|925|783|0|224|2443|1825|1973|1523|470|385|453|497|105|130|348|484|846|545|612|420|234|277|327|276|227|220|100|168|0|224|0|224|0|224|1705|891|1108|705|597|325|1969|1233|1544|1001|425|488|3237|1922|1831|882|1406|1808|1558|1863|957|1011|601|889|0|224|0|224|0|224|1093|789|938|697|155|189|4068|3082|1931|1245|2137|2414|5213|2435|3001|1723|2212|1545|1637|1034|1160|763|477|441|892|888|892|888|0|224|1234|741|862|662|372|288|7149|2098|3847|1361|3302|1148|2992|1512|1715|1092|1277|905|2933|1146|1561|756|1372|692|0|224|0|224|0|224|4594|1705|1452|807|3142|1377|746|669|266|402|480|418|3517|1883|1388|980|2129|1175|3512|1930|525|538|2987|1778|5405|2327|3732|1327|1673|1251|1360|702|1029|609|331|301|17124|5334|8678|2913|8446|3362|122|180|108|178|14|32|6284|3126|4813|2804|1471|1058|4149|2052|3334|1682|815|554|6397|3546|3145|2145|3252|1941|0|224|0|224|0|224|79|101|79|101|0|224|2819|1816|2078|1444|741|709
04000C1US48|12142171|20679|7318944|51094|3968554|46077|2414198|35801|1554356|34955|41393|6245|32249|4592|9144|2970|4643|2047|3732|1871|911|650|7889|3256|5836|2288|2053|1369|16067|3568|12254|2995|3813|1602|25443|3596|21841|3583|3602|1845|3847|1605|3847|1605|0|249|4543|1858|3084|1317|1459|1320|16613|4123|10396|3148|6217|2247|4848|1826|3926|1792|922|686|4502|1670|3028|1194|1474|1023|5383|2206|4315|1943|1068|751|569|449|434|409|135|180|23948|6772|16440|4872|7508|2949|14523|3090|10465|2305|4058|1543|46052|5828|37041|5326|9011|2174|30898|6381|25443|5811|5455|1656|4875|1748|3605|1411|1270|781|17289|4878|11155|3482|6134|2611|31527|6397|22400|4686|9127|3272|11980|2852|9045|2018|2935|1888|33302|5713|24212|4165|9090|3569|23473|4530|19744|4081|3729|1509|20318|3864|15219|3371|5099|1733|97564|9820|52652|5860|44912|5699|11738|3086|6264|1807|5474|1827|26643|4299|15002|2703|11641|2559|720|950|146|231|574|915|88975|9997|38223|5420|50752|6593|3182|1758|770|550|2412|1324|10295|2856|4540|1719|5755|1947|16323|3879|7769|2415|8554|2143|35096|5192|24254|3959|10842|2861|8530|2133|6268|1871|2262|889|69377|14626|47212|10484|22165|6027|5161|1803|4521|1526|640|691|27149|6788|16070|4637|11079|3810|34480|5087|28839|4634|5641|1756|20214|6469|14082|5169|6132|2756|53|65|53|65|0|249|406|339|265|249|141|179|4842|1795|3762|1543|1080|641
04000C1US51|2056061|5707|1760544|10901|136962|6291|85066|4646|51896|5288|11984|2645|8909|1621|3075|2260|1633|939|1377|800|256|422|2968|975|2506|911|462|313|4587|2132|3282|1343|1305|1120|5455|1369|4890|1245|565|400|978|500|854|521|124|209|1879|1103|1661|877|218|297|4946|1667|3114|1071|1832|909|881|516|808|509|73|121|1496|833|1212|724|284|246|2098|1048|1169|704|929|829|172|212|172|212|0|216|4044|1406|3025|1131|1019|514|1992|883|1429|672|563|439|4542|1491|3905|1291|637|386|2663|1440|1934|1042|729|611|799|872|496|471|303|483|4592|2259|3021|1549|1571|1234|2884|1003|2208|877|676|401|5362|1680|3820|1291|1542|997|1701|1186|1481|1162|220|217|920|531|805|478|115|201|724|560|610|509|114|165|10292|1859|7156|1456|3136|968|2619|1164|1926|886|693|529|6036|1468|3383|1073|2653|866|0|216|0|216|0|216|6445|1488|4184|996|2261|844|800|524|531|357|269|370|2435|1043|1757|830|678|383|4312|1667|2876|1097|1436|816|19411|2477|14002|2116|5409|1140|1525|975|1348|913|177|165|15335|4292|9899|2859|5436|2202|984|573|875|536|109|184|11635|2894|6722|2127|4913|1517|4549|1844|3056|1432|1493|1131|1555|975|1364|925|191|279|0|216|0|216|0|216|5|10|0|216|5|10|1317|684|812|488|505|552
04000C1US53|2765936|6820|2098565|19965|233837|11016|145439|8061|88398|7382|12977|2903|10649|2424|2328|943|720|690|607|539|113|197|4156|1914|2863|1599|1293|968|4734|2219|3660|1408|1074|996|11384|2758|10358|2554|1026|598|2170|2182|1735|1502|435|697|776|559|515|432|261|361|25995|4382|14442|2864|11553|2878|1285|574|945|506|340|302|2844|1731|1556|926|1288|1121|12389|3453|5071|1734|7318|2532|539|492|539|492|0|213|7520|2881|3707|1253|3813|2273|1949|976|1593|851|356|316|20577|3426|17805|3480|2772|938|3975|2738|3134|2048|841|777|9550|4187|4520|2014|5030|2453|2323|921|1981|885|342|216|5508|1891|4410|1461|1098|714|9488|3061|7246|2370|2242|1185|10590|4361|8185|3916|2405|1182|7365|2491|7138|2425|227|382|3451|1773|2373|1158|1078|1398|82059|6307|43442|4293|38617|4162|10964|2306|6679|1456|4285|1571|19520|2828|10465|1937|9055|1717|1152|930|156|239|996|811|43146|6506|14841|2920|28305|4893|6917|2447|2874|1255|4043|1491|5096|1441|2991|970|2105|785|7405|3197|4273|2115|3132|1563|28945|4625|18921|2776|10024|2517|17382|3650|12395|3110|4987|1658|9540|3353|5669|2248|3871|1753|3493|2486|3493|2486|0|213|21934|4778|13574|3640|8360|2025|4262|2353|2774|1545|1488|1141|6325|2121|4790|1802|1535|1004|434|396|342|369|92|146|740|361|651|335|89|151|1955|975|1560|778|395|371
04000C1US55|1554127|5521|1327343|9687|137638|6972|83165|5735|54473|4298|2988|1121|2273|895|715|515|190|165|75|90|115|137|729|405|580|369|149|190|588|383|535|394|53|86|5368|1186|4766|1166|602|358|859|747|522|507|337|536|767|611|638|556|129|165|1551|691|1198|619|353|310|1805|800|1514|740|291|240|1797|1106|1469|973|328|323|585|376|546|370|39|63|69|114|0|157|69|114|352|297|225|253|127|155|320|202|231|175|89|135|2425|946|1996|813|429|358|711|754|504|529|207|255|648|614|306|374|342|362|356|434|356|434|0|157|2268|1218|1199|663|1069|773|1636|1157|1275|876|361|431|943|657|943|657|0|157|846|543|664|388|182|206|405|389|405|389|0|157|6049|1747|3840|1358|2209|884|728|341|602|314|126|129|1277|551|520|322|757|491|27350|3730|17497|2526|9853|2321|2357|1264|1188|665|1169|822|562|396|562|396|0|157|2144|856|1385|613|759|501|4442|2056|1685|1314|2757|1082|3031|1122|2147|864|884|630|926|729|579|413|347|347|4724|2653|3566|1765|1158|1002|755|624|755|624|0|157|1811|1565|961|762|850|968|1212|732|1035|689|177|235|1862|1517|1177|1050|685|598|20|35|20|35|0|157|267|265|267|265|0|157|1423|1534|613|605|810|982
04000C2US04|2908532|7833|2291804|18377|478529|16713|338872|13186|139657|9683|5204|1638|4520|1476|684|490|0|224|0|224|0|224|1988|763|1503|683|485|387|1864|890|1246|674|618|535|7944|1829|7157|1703|787|487|1300|642|1236|615|64|109|771|421|635|354|136|157|1738|920|1322|860|416|320|3164|1640|1622|1359|1542|818|3035|1463|2494|1356|541|279|1337|727|1108|633|229|295|415|398|349|348|66|112|2287|1130|1288|643|999|812|1770|1312|766|624|1004|878|5379|2732|4317|2220|1062|779|2307|1445|1995|1272|312|369|1076|984|1076|984|0|224|925|1020|727|799|198|241|1123|888|476|438|647|659|5650|1669|4085|1499|1565|743|309|286|238|247|71|129|641|598|211|212|430|473|565|495|565|495|0|224|9856|2206|3939|1442|5917|1570|3574|1280|2021|924|1553|712|3179|895|1653|652|1526|647|27|44|0|224|27|44|10128|3424|4145|1866|5983|2544|539|413|142|140|397|320|2702|1236|1371|748|1331|729|1077|940|530|532|547|462|11271|2643|8088|2104|3183|1307|5018|2239|4055|1784|963|656|5961|2348|4493|2105|1468|714|839|526|777|500|62|98|2910|1592|2118|1198|792|616|1660|806|1538|762|122|142|3372|2735|2634|2212|738|665|17450|2395|13131|2107|4319|872|6325|1707|5619|1641|706|377|1519|722|1250|685|269|251
04000C2US06|19408060|16799|11193584|62683|5591368|52479|3466135|41064|2125233|33073|53251|5154|47680|4910|5571|1386|3514|1802|3155|1776|359|260|22091|3268|18227|3012|3864|1012|46453|5418|31677|4461|14776|2402|42931|4697|38275|4546|4656|1016|14197|2374|12453|2182|1744|672|9807|2298|8144|2031|1663|866|61817|7529|36623|4965|25194|4193|12597|2849|8253|2114|4344|1533|9411|2076|7384|1907|2027|962|27121|5520|17237|4586|9884|2731|28925|5102|21711|4533|7214|1491|90724|8955|56707|6503|34017|5096|24777|4291|17275|3318|7502|2025|89531|8115|75850|7222|13681|2261|28062|5069|21833|3811|6229|1826|83236|9625|45585|6241|37651|5794|11140|2802|8059|1879|3081|1388|21104|4196|15941|3375|5163|1626|45781|6827|32108|5566|13673|3031|31545|5268|27904|4451|3641|1605|26111|3892|22627|3609|3484|1094|12138|2633|10812|2341|1326|602|625883|19966|272940|10101|352943|14425|54600|5447|34013|4211|20587|2767|145992|8592|68970|5626|77022|5468|23877|4181|14719|2930|9158|2199|251897|12172|98526|6687|153371|9176|22480|3719|9604|2207|12876|2455|31408|4788|15707|2955|15701|2833|30494|4660|16020|2849|14474|3040|370123|16650|243857|11863|126266|8347|59681|6229|35989|4538|23692|3438|123334|13820|78013|10135|45321|5954|10278|2897|8692|2716|1586|873|29092|5423|18394|4029|10698|2472|23905|5217|18168|3838|5737|2184|4506|1512|2950|896|1556|1306|146|224|146|224|0|218|2376|1258|2169|1206|207|222|16772|3636|10314|2552|6458|2044
04000C2US08|2406686|4623|2082248|17666|212665|12228|142898|9363|69767|6436|5461|1479|5049|1404|412|416|142|193|142|193|0|211|1140|507|986|464|154|157|3490|1908|3279|1855|211|262|8307|1422|7426|1391|881|435|1039|455|939|450|100|117|1599|1485|1273|1046|326|530|10995|3536|7099|2741|3896|1762|3025|1547|2540|1329|485|476|1464|971|930|557|534|566|1962|1059|1722|977|240|204|484|409|117|141|367|350|1225|685|733|501|492|318|1044|807|837|731|207|279|2463|1174|2232|1132|231|202|683|623|673|625|10|17|594|456|508|424|86|98|945|823|657|629|288|410|3399|1472|1960|1024|1439|848|3988|1520|3047|1129|941|664|3315|1541|3121|1505|194|209|1676|1122|1390|932|286|412|1921|940|1813|923|108|133|11122|2486|5564|1547|5558|1595|2327|1282|1497|849|830|584|6268|1889|4272|1665|1996|803|1407|752|473|324|934|602|9131|2500|4962|1662|4169|1307|1498|894|564|523|934|724|1935|781|889|464|1046|539|1131|889|561|485|570|563|2970|1385|2541|1327|429|300|2606|1381|1832|1133|774|439|3178|1995|2823|1751|355|398|1470|1259|1088|1000|382|387|1029|806|296|342|733|549|1046|697|958|620|88|149|778|773|530|704|248|326|165|152|108|121|57|93|264|230|264|230|0|211|3087|1968|2847|1917|240|232
04000C2US09|2364850|3477|1937716|14006|191291|9315|120347|7598|70944|5685|12808|2020|10367|1707|2441|925|4450|1698|2340|1213|2110|929|15323|2517|11030|2006|4293|1327|22572|4292|13302|2864|9270|2421|5717|1434|5481|1395|236|181|1671|833|1533|758|138|223|5085|1994|3707|1448|1378|736|6879|1942|3895|1338|2984|1017|27452|4057|15907|2753|11545|2304|3612|1766|2869|1561|743|521|3844|1372|2951|981|893|822|474|410|474|410|0|217|1845|1061|1521|993|324|315|4456|1671|2505|1019|1951|874|8488|2313|7172|2147|1316|757|3852|1717|2830|1452|1022|622|845|624|659|474|186|303|3463|1547|1926|870|1537|859|3657|1397|3012|1163|645|519|13089|2884|8704|1904|4385|1564|2631|1466|1938|1123|693|592|7478|2459|6113|2021|1365|904|1756|962|1276|615|480|501|24441|4352|12907|2522|11534|2470|1519|712|975|524|544|332|4558|1594|2393|1034|2165|1018|77|144|77|144|0|217|5747|1686|2109|832|3638|1425|720|591|387|314|333|384|2522|1294|894|531|1628|986|3536|1379|2467|1040|1069|679|6423|1997|4714|1680|1709|658|742|483|358|324|384|297|6253|2338|3929|1649|2324|1111|1396|743|1158|656|238|257|1734|1010|858|677|876|675|6530|2121|4814|1670|1716|1102|3244|2089|2684|1625|560|755|0|217|0|217|0|217|1414|1201|1038|859|376|375|3540|1308|3024|1225|516|492
04000C2US12|14172571|16726|9767276|35493|3291743|30665|1915725|28599|1376018|28083|67973|7869|53526|6917|14447|2407|314961|20141|191437|15054|123524|11405|29412|4152|22097|3655|7315|1949|98292|10442|64702|8114|33590|4463|39796|4176|34809|3577|4987|1435|11806|4482|10764|4363|1042|534|12267|3178|10106|3100|2161|804|53523|6043|30022|4659|23501|3572|18659|3680|13424|2781|5235|1777|10221|2914|8205|2562|2016|984|12991|3175|8543|2197|4448|1804|864|575|602|455|262|351|3795|1660|3277|1546|518|417|19715|4934|14309|3750|5406|1806|19621|4399|15214|3670|4407|1600|14489|4407|11608|3639|2881|1388|1606|1018|1184|835|422|417|9263|3982|4454|1909|4809|2351|7439|2345|4582|1627|2857|1398|28882|5528|22396|4498|6486|1736|13378|4133|10533|3307|2845|1492|10035|2839|8569|2594|1466|669|9463|2669|7463|2337|2000|885|50530|6998|24671|4354|25859|4445|11320|2745|7171|1625|4149|1828|12557|2936|6858|2197|5699|1750|377|431|147|243|230|309|50692|7493|21945|3896|28747|4887|1439|929|836|590|603|479|8698|2505|4963|1890|3735|1088|13926|3687|8776|2964|5150|1753|42271|4761|32186|4128|10085|1915|7155|2716|4214|1796|2941|1894|42007|6974|29630|5266|12377|2618|17513|4171|15085|3870|2428|988|1601|1102|609|455|992|932|8106|2991|6506|2432|1600|907|2929|1483|2453|1347|476|460|0|242|0|242|0|242|603|369|470|339|133|134|33377|5496|23926|4901|9451|2832
04000C2US13|6634678|10550|5520872|29551|580789|15916|339962|13997|240827|10195|26012|4397|21384|3771|4628|1484|21187|7394|16207|5877|4980|2952|4046|1801|3626|1760|420|409|14297|3811|9577|2609|4720|1803|17892|3624|16677|3445|1215|590|4105|1469|3736|1307|369|282|2906|1980|1656|1222|1250|1038|10325|2774|8068|2438|2257|1075|1887|1126|1459|873|428|387|9375|4563|5081|3018|4294|2148|5118|2226|3372|1384|1746|1177|134|163|66|113|68|118|8095|2630|5080|1785|3015|1251|14877|4143|9515|2610|5362|2143|25675|4457|21899|4274|3776|1451|10035|3116|7919|2799|2116|1032|973|799|783|751|190|220|8529|3695|4889|2167|3640|1776|10380|2866|8179|2449|2201|1127|12412|3721|8411|3005|4001|1456|16190|4362|12372|3931|3818|1625|9836|3129|8569|2776|1267|769|6845|2205|5609|1946|1236|659|41943|6937|19517|3095|22426|5053|9323|2543|5233|1633|4090|1679|45150|5801|20706|3488|24444|4178|2612|964|2111|863|501|270|47813|8835|18304|5021|29509|5449|4690|2030|2890|1302|1800|914|5068|1693|2798|1255|2270|998|7657|3006|3027|1591|4630|2060|14646|4123|10605|3813|4041|1527|3946|2047|3098|1824|848|620|17272|7432|12670|5897|4602|2411|2363|1261|1633|837|730|733|34213|10532|21785|9519|12428|3909|34800|6718|31719|6354|3081|1615|8806|4452|6050|3563|2756|2135|28|52|28|52|0|247|332|546|332|546|0|247|11224|3781|10193|3614|1031|859
04000C2US17|6672883|13855|5176361|26714|850422|20131|536143|15007|314279|13667|15729|2859|13304|2617|2425|892|1809|954|1656|930|153|173|15681|2954|11305|2207|4376|1437|5052|1375|3873|1315|1179|520|18706|3416|15770|3126|2936|927|2195|937|1878|806|317|285|17853|3596|13789|3286|4064|1418|27376|3859|16324|3365|11052|2132|125447|10097|71126|7011|54321|5507|14453|3144|10170|2480|4283|1646|28212|3984|16156|2372|12056|2655|1142|551|859|439|283|265|3453|1279|2749|1148|704|453|25072|4371|16085|2984|8987|2220|19034|3198|15842|2819|3192|959|31319|5293|24441|4385|6878|1929|3535|1352|2355|1124|1180|712|3446|1535|2991|1357|455|296|6656|2274|5353|1831|1303|718|38456|5906|24170|4486|14286|3046|13990|3177|11223|2602|2767|981|8836|2505|7484|2285|1352|904|8924|2156|6305|1729|2619|864|32345|4676|19363|3414|12982|2302|5942|1878|3122|1025|2820|1292|28129|4660|13252|2311|14877|3360|175|203|175|203|0|201|8422|2385|3925|1413|4497|1383|2281|996|1027|558|1254|602|3972|1189|1644|661|2328|910|12930|3821|8339|3133|4591|1674|44563|5302|32876|4234|11687|2234|5732|2109|4950|2019|782|540|40225|7000|28008|5572|12217|2455|995|472|965|467|30|64|6214|1939|3468|1386|2746|1217|12635|3204|9547|2567|3088|1178|1979|953|1645|908|334|328|17|33|17|33|0|201|706|710|706|710|0|201|2462|845|1646|626|816|582
04000C2US18|2955580|12862|2727775|17017|114074|7921|77153|5995|36921|4856|11930|4944|6993|3287|4937|2404|1006|637|906|600|100|175|1856|1153|1793|1146|63|103|2602|1625|2317|1581|285|321|11284|3498|8824|2976|2460|1180|12855|4254|10109|3975|2746|1008|988|685|924|687|64|79|2837|1537|1644|866|1193|833|3756|2363|3137|2254|619|574|3975|1495|2595|1150|1380|723|2932|1377|2354|1326|578|437|0|208|0|208|0|208|316|366|243|282|73|128|1693|1077|1236|766|457|533|1374|901|1306|893|68|97|5443|2303|4028|1667|1415|841|2911|2108|1766|1503|1145|915|549|418|418|367|131|134|830|771|733|760|97|145|1174|816|1073|776|101|158|312|304|259|284|53|72|1437|1056|1307|960|130|253|1635|1530|1271|1223|364|352|7544|2810|3595|1465|3949|1627|3160|1601|1640|1100|1520|962|2743|1250|2169|1149|574|340|0|208|0|208|0|208|2295|1379|1103|907|1192|777|731|823|315|349|416|492|1029|730|601|513|428|325|5320|2341|3173|1669|2147|988|5229|1335|4301|1210|928|468|853|467|669|434|184|204|5514|2714|4127|2166|1387|1285|0|208|0|208|0|208|242|241|204|231|38|67|1709|1075|1350|905|359|375|1269|1011|1269|1011|0|208|0|208|0|208|0|208|0|208|0|208|0|208|2398|1233|2398|1233|0|208
04000C2US24|4591316|10236|3616232|21275|443707|10209|243958|10379|199749|8107|42869|4818|30265|3586|12604|2320|10766|2660|9187|2437|1579|798|5464|1420|4122|1101|1342|850|11691|3266|7570|2314|4121|1690|12589|1947|11816|1833|773|418|3284|1233|2698|1084|586|461|5913|1856|5523|1830|390|258|19566|4126|12509|3002|7057|2356|3725|1431|2474|869|1251|920|1356|752|1356|752|0|216|3366|1619|2420|1242|946|635|1075|710|855|595|220|240|11269|2658|6515|1567|4754|1735|10548|2977|7427|2139|3121|1421|19815|3401|15159|2785|4656|1438|22329|5475|16150|4336|6179|1833|6050|1580|4345|1078|1705|826|6267|2433|4604|1880|1663|707|10779|3156|6554|1902|4225|1746|8000|2444|6124|1812|1876|1289|8567|3031|7084|2552|1483|993|8390|2570|7201|1935|1189|971|5060|1827|4216|1716|844|472|52985|5176|26064|2987|26921|3608|6752|2318|3721|1384|3031|1479|28542|3576|16604|2659|11938|2095|318|413|220|264|98|160|18110|3448|8545|1880|9565|2192|1434|664|792|399|642|362|3205|1050|1468|631|1737|709|15751|3510|10404|2626|5347|1362|23514|2859|17210|2489|6304|1450|3531|1481|2179|1022|1352|753|15757|3804|11547|2873|4210|2299|3400|1167|3017|1021|383|335|34156|6007|22099|4220|12057|2756|58997|7769|49834|7247|9163|2043|12919|4091|9810|3613|3109|1504|0|216|0|216|0|216|1253|1082|1253|1082|0|216|12015|3320|10216|3283|1799|798
04000C2US25|5228828|4584|4090446|23163|393050|12109|220875|9068|172175|9299|28179|2827|22455|2622|5724|1252|57416|7544|33359|5643|24057|4102|22195|2957|17222|2495|4973|1490|180490|12866|91625|7589|88865|8891|12611|2607|12295|2580|316|268|3885|3071|3124|2161|761|962|19388|4147|14386|3265|5002|1843|27655|3998|17664|3048|9991|2025|10264|1835|7322|1480|2942|1133|3581|1547|2702|1261|879|522|7521|2689|4965|2299|2556|1177|3360|1478|2769|1264|591|364|4451|1868|2858|1239|1593|1042|13047|3578|8901|2863|4146|1392|19895|4066|16574|3350|3321|1595|7867|3209|5917|2301|1950|1240|5878|3452|4330|2851|1548|891|4930|2142|2951|1133|1979|1524|13765|3213|9452|2434|4313|1521|25040|6010|16984|4128|8056|2571|11150|2851|7873|1916|3277|1789|9493|1993|8180|1854|1313|740|3011|1188|2816|1098|195|269|98438|6901|49820|4556|48618|4438|5715|1873|4041|1554|1674|757|11991|2615|7145|1757|4846|1421|1379|1668|708|930|671|755|31568|5106|11756|2737|19812|3239|18127|3605|9089|2307|9038|2306|3111|1165|1854|832|1257|677|7525|2776|4174|1632|3351|1643|6132|1568|5321|1437|811|447|1760|1246|1270|859|490|475|31178|5238|19915|3658|11263|2860|5593|1982|5096|1784|497|470|4819|2318|3135|1557|1684|1103|9186|2715|8067|2388|1119|656|8070|2377|6896|2138|1174|716|0|218|0|218|0|218|428|400|200|155|228|375|5240|1556|3774|1417|1466|710
04000C2US26|5511309|7217|4986293|16433|144940|8292|98480|6623|46460|4582|10063|2026|8190|1600|1873|880|440|273|440|273|0|181|10494|2089|8050|1772|2444|893|6905|1351|5359|1217|1546|730|14646|2255|12924|2170|1722|687|4449|1183|3606|1039|843|463|4054|1017|3356|899|698|334|8202|1901|4979|1493|3223|1114|10945|2014|7697|1657|3248|884|7289|2151|3879|1335|3410|1263|10264|2574|6288|1831|3976|1369|1197|590|719|444|478|332|3499|1753|1976|1180|1523|874|5312|1973|4465|1904|847|354|12521|3153|10618|2956|1903|833|8876|2157|6561|1749|2315|847|4526|1816|2622|1059|1904|969|11292|3216|4725|1940|6567|2014|4393|1669|3799|1543|594|438|31498|5460|20059|3931|11439|2668|6728|2474|5339|1926|1389|888|4678|1469|3861|1309|817|442|4803|1980|4293|1944|510|307|25988|3443|14061|2127|11927|2359|6324|2113|3502|1596|2822|1286|8630|2153|4147|1409|4483|1391|2352|1051|1552|791|800|502|8931|2530|4795|1847|4136|1129|2260|1102|722|436|1538|849|1822|807|1031|512|791|529|2105|1489|1119|840|986|823|10394|1959|8073|1666|2321|714|1536|708|970|567|566|582|88131|7831|54383|5462|33748|4312|2321|1057|1977|998|344|341|23578|4809|14764|3479|8814|2222|1786|1108|1466|990|320|263|4231|3333|3464|2635|767|799|0|181|0|181|0|181|447|385|447|385|0|181|2166|840|1460|462|706|602
04000C2US27|2813555|4077|2503959|13776|95897|7270|58053|5499|37844|4267|8218|2759|6992|2578|1226|889|1664|2091|1347|1674|317|462|339|295|317|292|22|35|1642|962|1597|954|45|73|6452|1393|5322|1194|1130|516|2033|836|1827|816|206|160|543|473|543|473|0|157|9495|2620|5417|1706|4078|1437|1712|837|1299|755|413|355|1282|880|656|455|626|638|3270|1446|2195|1089|1075|758|0|157|0|157|0|157|1437|1227|816|695|621|628|1880|1384|804|633|1076|1171|3330|1309|2948|1171|382|381|2299|1234|1793|1103|506|364|657|647|465|476|192|328|987|629|560|578|427|415|2968|1576|2085|1217|883|688|5633|1918|3795|1172|1838|1121|2184|1394|1264|1000|920|970|2144|1321|2048|1279|96|169|1172|790|1129|777|43|73|10097|2334|5479|1761|4618|1272|1283|663|685|410|598|474|1810|769|780|437|1030|476|35946|4636|25442|3541|10504|2071|13578|3222|5560|1573|8018|2296|3742|1667|1311|724|2431|1261|2641|1156|1118|591|1523|776|2697|949|1713|662|984|523|6099|1501|4000|1116|2099|810|410|279|370|261|40|51|8447|3238|5373|2204|3074|1681|366|237|328|227|38|67|39241|7115|26162|5459|13079|2911|15316|4376|10398|3194|4918|1935|7121|2646|5068|2168|2053|1147|0|157|0|157|0|157|1125|591|1119|587|6|11|2439|1105|2040|961|399|309
04000C2US29|3090368|5086|2911771|9655|66457|5653|44982|4256|21475|2883|6739|1972|5490|1689|1249|645|0|198|0|198|0|198|852|559|730|522|122|149|936|667|759|502|177|182|8304|2322|7101|1941|1203|941|2517|1150|1940|983|577|365|863|537|635|353|228|284|4278|1553|2487|1087|1791|806|407|269|372|261|35|61|11893|3316|6779|2185|5114|1831|605|357|353|289|252|217|0|198|0|198|0|198|618|632|511|589|107|118|632|465|206|229|426|422|4690|1866|4228|1738|462|381|1816|1093|1452|970|364|301|2471|2181|1395|1525|1076|773|979|630|787|541|192|242|830|596|652|553|178|185|3967|2147|3135|1880|832|590|5250|1925|4565|1778|685|538|3124|1451|2055|1210|1069|942|212|226|201|221|11|19|13472|2162|8060|1755|5412|1283|399|258|301|222|98|104|3435|1141|2324|961|1111|549|1160|470|650|504|510|225|8399|2808|2855|1353|5544|2085|262|373|262|373|0|198|1112|774|459|398|653|454|1859|1236|1364|1152|495|434|4562|1221|3251|969|1311|595|1749|1155|1423|1048|326|305|5168|1988|3609|1500|1559|948|394|380|312|300|82|95|3603|1806|2374|1300|1229|822|2176|1257|2090|1252|86|143|1044|695|804|632|240|251|4|7|0|198|4|7|301|203|277|198|24|45|1058|763|950|751|108|136
04000C2US32|1279714|10261|861113|15651|269086|11608|162544|8145|106542|7166|2963|904|2518|835|445|296|47|79|47|79|0|221|1238|1034|902|643|336|457|2645|1340|1960|989|685|558|1852|927|1504|865|348|261|355|314|355|314|0|221|551|545|314|391|237|388|3068|1103|1888|712|1180|806|264|346|239|342|25|41|4116|3086|2877|2333|1239|978|635|587|222|163|413|523|2236|1176|1417|864|819|621|1802|1371|1156|929|646|583|88|102|0|221|88|102|1850|1084|1052|747|798|807|380|392|314|377|66|111|484|563|278|442|206|353|46|77|0|221|46|77|132|156|70|116|62|103|2520|1394|2169|1330|351|333|357|559|357|559|0|221|617|601|500|469|117|192|174|282|65|113|109|174|27998|5441|11439|3215|16559|3197|3601|1430|2416|1309|1185|666|7055|2593|2438|1047|4617|1818|0|221|0|221|0|221|8300|2347|3730|1503|4570|1606|555|509|451|485|104|124|3923|1417|1623|804|2300|1113|1129|921|743|499|386|459|47799|5118|32522|4206|15277|2520|6256|2301|3990|1410|2266|1358|3022|1289|2107|1123|915|627|827|530|354|341|473|350|7719|3541|4515|2179|3204|1727|1046|792|445|434|601|644|642|605|587|557|55|93|295|338|295|338|0|221|97|108|89|113|8|14|831|681|717|662|114|134
04000C2US34|7767684|9993|5429980|23957|1143274|19014|647990|19033|495284|13575|25175|3468|20902|2783|4273|1485|55272|9367|32794|6283|22478|4901|50591|5178|37889|4403|12702|2259|72458|6970|46794|4784|25664|4047|14454|2431|12797|2256|1657|568|7760|2648|7137|2600|623|478|16721|3634|12701|2906|4020|1342|46180|5156|30223|4409|15957|2658|56036|5418|33361|3631|22675|3458|10152|3091|6853|2440|3299|1214|24979|4047|16361|2600|8618|2684|3521|1391|2913|1328|608|325|6469|2595|5463|2392|1006|666|79393|8891|50275|6173|29118|3848|74424|6555|63526|5827|10898|2221|36756|6457|26266|4444|10490|2743|16412|4699|11228|3146|5184|1868|19757|4052|14921|3387|4836|1429|19319|3820|16063|3393|3256|1305|20929|3922|15205|3145|5724|1664|36258|5305|31078|4707|5180|1600|23761|3603|19339|3305|4422|1592|17488|3627|13266|3068|4222|1961|114543|8057|63650|5838|50893|4464|9456|2198|4704|1441|4752|1546|74487|6091|35592|3969|38895|4080|36|66|36|66|0|222|14945|3150|5690|1580|9255|2397|595|538|266|230|329|396|2620|1160|1277|665|1343|681|18797|3739|11941|2585|6856|1662|70454|7206|52198|5712|18256|3094|4122|1902|2327|1351|1795|857|71230|7999|49012|6703|22218|3520|20468|4252|18284|3966|2184|1004|1411|730|872|492|539|479|30409|4340|26522|4062|3887|1320|6581|2122|4705|1787|1876|887|0|222|0|222|0|222|1236|840|1179|836|57|102|18775|3887|15007|3461|3768|1454
04000C2US36|8188421|5339|6627292|24275|728888|15536|450666|11103|278222|13836|39067|5169|30245|4487|8822|2975|43132|6486|27903|4921|15229|3243|63536|4474|48036|3901|15500|2086|27880|4654|18824|3619|9056|2130|20647|2825|17524|2461|3123|832|92549|8587|41362|5812|51187|5727|19179|3498|13431|2345|5748|1940|32206|5121|23368|4247|8838|1734|26920|5396|18202|4003|8718|2288|12118|3479|8314|2445|3804|1671|19600|3854|13152|3000|6448|2045|3182|1229|2272|803|910|618|12002|2709|7845|2466|4157|1193|11655|2915|8594|2303|3061|1037|22587|4083|15992|2501|6595|2620|25760|4932|18723|4027|7037|1628|12042|3399|8488|2628|3554|1270|15270|3311|9277|2128|5993|1736|9859|2736|5557|1855|4302|1694|32090|5771|23937|4309|8153|2249|7292|2142|5649|1489|1643|1064|6263|2068|5425|1956|838|714|19224|3932|13485|2822|5739|1536|85710|6808|47054|3727|38656|4558|10627|2326|6421|1787|4206|1216|25789|3986|12354|2529|13435|2098|0|217|0|217|0|217|6399|2232|3170|1339|3229|1267|1057|834|284|270|773|609|2504|868|1124|460|1380|594|17553|4207|9406|2439|8147|2682|23684|3130|17979|2581|5705|1214|3708|1491|2677|1393|1031|516|33016|7403|21291|4751|11725|3464|15895|4530|13833|4357|2062|765|1677|1451|1581|1441|96|101|18020|3611|14617|2859|3403|1666|2067|1051|1570|797|497|562|0|217|0|217|0|217|616|343|568|337|48|61|9859|2453|7758|2139|2101|1109
04000C2US37|4789442|8333|4278549|17185|351482|12786|210785|11209|140697|8827|10896|2623|8601|2190|2295|1036|2559|1413|1641|816|918|835|4023|1565|2907|1281|1116|852|3886|1672|3175|1362|711|517|10177|2422|8651|2255|1526|666|722|515|475|350|247|384|2248|1150|1834|982|414|356|6084|1659|4038|1282|2046|868|2364|1285|1603|937|761|624|1113|649|999|615|114|147|3110|1258|1900|911|1210|680|0|224|0|224|0|224|1121|762|975|623|146|173|5082|2059|3255|1267|1827|1103|6520|1936|6153|1819|367|345|2854|2115|2346|1912|508|650|1255|1080|774|677|481|559|889|751|705|651|184|266|4390|1642|3355|1463|1035|578|4993|1872|3856|1498|1137|606|9761|2736|8944|2601|817|507|2654|1435|1994|1185|660|549|931|755|635|539|296|274|13261|3092|7872|2274|5389|1475|3230|1351|1889|905|1341|899|5558|1684|2262|817|3296|1304|5681|2317|4100|1896|1581|751|7969|2613|2795|999|5174|1991|1678|1047|1166|810|512|400|2577|1193|1841|851|736|696|2593|1409|1211|642|1382|940|7117|2179|5395|1798|1722|797|2577|1254|1689|973|888|577|13193|4275|8521|2878|4672|2663|844|570|844|570|0|224|1599|1177|1034|950|565|450|1422|1003|1104|735|318|539|1247|966|1148|876|99|169|0|224|0|224|0|224|49|76|49|76|0|224|1184|493|903|433|281|250
04000C2US39|6452145|6904|6009784|16913|121761|8712|84148|6339|37613|4704|11749|2653|8122|1981|3627|1289|815|597|815|597|0|204|7774|1781|5963|1584|1811|602|4323|1636|2991|1249|1332|720|19512|3928|13872|2238|5640|2377|19672|3802|15318|3210|4354|1607|4500|1308|3673|1160|827|426|12548|3097|6821|1904|5727|1830|4623|1461|3319|1171|1304|875|10318|2673|6510|2118|3808|1390|14397|3458|8513|2342|5884|2102|885|808|411|349|474|563|3342|1420|2654|1191|688|700|7337|2202|4712|1563|2625|1037|13547|3315|12509|3261|1038|540|6812|2778|5129|2233|1683|1066|1217|760|656|535|561|482|2116|1619|1015|765|1101|995|17605|3986|9683|2364|7922|2610|12667|3693|9304|3051|3363|1353|8433|2331|6264|1784|2169|1428|5825|2952|4933|2383|892|734|4265|1548|4092|1532|173|174|29465|4301|15376|2814|14089|2909|7098|2150|2637|925|4461|1758|5671|2200|2465|1151|3206|1364|419|379|295|292|124|216|7519|2280|3563|1299|3956|1505|1860|997|1225|799|635|350|2238|1290|1793|1050|445|348|5762|2564|3401|1854|2361|1141|8039|2190|5569|1918|2470|1048|3501|1711|2109|1265|1392|945|30318|5532|22356|4611|7962|2068|1735|967|1524|956|211|181|6809|2552|3847|1794|2962|1320|8932|2522|6492|2142|2440|1126|2776|1274|2043|1135|733|554|0|204|0|204|0|204|335|394|335|394|0|204|3841|1107|2407|781|1434|829
04000C2US41|1779924|6004|1516700|13328|149991|10422|95913|7516|54078|5848|4213|1429|3397|1150|816|497|143|190|40|70|103|175|1859|1260|1036|488|823|1129|1321|850|1038|753|283|294|5441|1475|4595|1320|846|645|1195|673|1032|636|163|166|82|116|26|46|56|104|12005|4131|7806|2619|4199|2052|299|341|130|172|169|265|582|710|582|710|0|214|4165|1956|2899|1458|1266|901|357|442|224|259|133|217|2626|2067|2260|2032|366|269|322|360|322|360|0|214|2004|1127|1890|1086|114|146|429|521|253|315|176|213|272|449|181|306|91|146|695|563|604|468|91|150|2350|1163|1829|924|521|448|5122|2085|3635|1360|1487|1158|1727|1138|1649|1081|78|131|3147|1931|2810|1843|337|511|566|578|426|533|140|217|15049|2982|8482|2180|6567|1721|5543|1432|3910|1211|1633|679|5811|2090|2706|1594|3105|1042|659|688|491|637|168|276|8065|2318|3277|1031|4788|1802|954|712|301|297|653|476|1950|817|1020|519|930|584|2072|1573|1271|983|801|910|4971|1443|3691|1291|1280|589|3692|1743|2053|1005|1639|954|5951|2935|4270|2173|1681|1051|527|386|387|304|140|173|2242|1116|1260|870|982|686|790|787|567|719|223|228|1120|1119|825|874|295|338|0|214|0|214|0|214|185|166|172|168|13|25|2730|1875|1669|1184|1061|931
04000C2US42|8281753|9196|7500405|22635|275706|11954|175304|9468|100402|6886|20837|3181|16670|2952|4167|1280|7679|2340|3454|1211|4225|1612|19979|3209|14435|2384|5544|1495|10823|2576|6956|1789|3867|1259|21736|2957|17144|2617|4592|1305|52912|7755|37645|5478|15267|3618|8949|2075|7346|1614|1603|829|30789|4425|18352|3449|12437|2291|12346|2503|8009|1532|4337|1507|4700|1312|2693|768|2007|941|10903|2171|7824|1639|3079|1286|3107|1234|2504|1014|603|435|3057|1325|2256|1061|801|464|18661|3708|11102|2603|7559|2631|26003|4793|20645|4124|5358|1748|7812|2698|5722|2083|2090|1122|5460|2761|4025|2265|1435|856|8588|2855|5004|1973|3584|1297|20452|4605|10779|3014|9673|2508|8380|2069|6758|1673|1622|739|14104|3516|10820|2703|3284|1845|9122|2915|7567|2525|1555|695|11011|3137|8364|2467|2647|1332|40557|5299|24702|3521|15855|2840|4382|1387|2359|852|2023|1028|20733|3694|8863|1977|11870|2682|757|657|757|657|0|189|16788|3312|8208|1873|8580|2045|3639|1570|1195|702|2444|1192|3552|2116|2576|1906|976|551|8262|4995|4854|3534|3408|1772|11389|2657|8462|2176|2927|1128|3678|1563|2588|1174|1090|661|27038|5997|18934|4675|8104|2357|3160|1085|2714|1019|446|354|3639|1731|1926|972|1713|1122|9822|2546|7073|1887|2749|1591|2813|1690|1967|1246|846|667|0|189|0|189|0|189|741|508|203|191|538|433|7282|2037|4167|1306|3115|1371
04000C2US45|3415027|7326|3137600|12421|173911|8847|103060|6077|70851|6525|7738|3014|5490|2610|2248|1427|1439|1314|1116|885|323|465|1189|590|963|481|226|328|4841|1770|3927|1453|914|682|10721|2474|8674|2097|2047|1215|343|288|275|257|68|118|2178|1228|1634|1100|544|599|8178|2944|3802|1136|4376|2443|1914|949|1441|806|473|360|1407|1968|1407|1968|0|226|3902|2000|1779|1019|2123|1621|141|173|55|91|86|146|1546|1215|1288|944|258|304|4172|1860|3012|1571|1160|711|3086|1516|2627|1247|459|391|2112|1912|1721|1553|391|397|334|472|334|472|0|226|740|717|546|555|194|218|2724|1576|1113|952|1611|1241|2598|1145|2111|973|487|361|1700|1145|1669|1134|31|58|3179|1729|2670|1324|509|649|364|442|364|442|0|226|7080|2390|3298|1426|3782|1688|2393|1152|1005|586|1388|845|1339|680|661|412|678|442|475|478|302|392|173|265|5309|1885|2936|1260|2373|1093|190|199|57|108|133|141|1627|915|797|643|830|510|1290|845|900|639|390|425|7390|1836|5642|1654|1748|976|788|432|408|344|380|279|2654|1402|1990|1118|664|558|643|462|582|434|61|75|1492|1376|1306|1328|186|305|535|615|442|592|93|150|1490|1330|1069|1231|421|513|0|226|0|226|0|226|39|60|39|60|0|226|2236|1135|1698|845|538|455
04000C2US48|12596968|21372|8509776|46424|3173648|40228|1993570|40988|1180078|28646|28879|5561|23398|4595|5481|1988|4060|2187|3536|2170|524|449|5661|2293|3640|1532|2021|1274|19878|5211|15843|3914|4035|1963|30944|5055|26176|4962|4768|1537|5949|2059|4459|1514|1490|1538|1864|944|1418|767|446|339|16847|4371|12599|4059|4248|1804|4508|1842|3006|1463|1502|861|6200|3364|3919|2257|2281|1604|5384|2151|4181|1513|1203|1176|894|766|894|766|0|249|18993|6796|12067|3951|6926|3640|25996|6594|18763|4778|7233|2458|41380|8409|31856|7328|9524|3130|46262|8788|33934|5934|12328|3731|10173|4505|6082|2866|4091|2478|11177|3856|8120|2958|3057|1488|26218|6080|19606|4767|6612|2081|13293|4732|10136|3442|3157|1924|34021|7587|28316|6386|5705|2084|21224|4557|18236|4038|2988|1349|38316|8000|25417|5188|12899|4098|84532|10478|47629|6608|36903|6283|13156|4566|6885|2286|6271|3261|32289|6961|14117|3501|18172|4571|3231|2814|1792|1588|1439|1822|140204|12545|65262|8379|74942|7454|10373|3330|3863|1765|6510|2275|9281|2693|4005|1279|5276|2042|10171|3468|4844|2168|5327|2325|41242|6031|30851|5009|10391|2848|11056|3378|7264|2193|3792|1775|44404|8049|31949|6193|12455|4202|2521|1770|2521|1770|0|249|13121|4076|9039|2963|4082|1940|50105|9070|44853|9229|5252|2518|19828|7029|16826|6554|3002|2079|800|984|185|210|615|972|1077|740|694|530|383|394|8032|3147|6917|3017|1115|629
04000C2US49|2140889|3271|1821558|12508|211314|10359|140291|8343|71023|5712|4907|1348|4276|1320|631|300|134|157|134|157|0|206|1305|671|1305|671|0|206|10262|2750|8081|2246|2181|1275|5873|1576|4762|1403|1111|693|1716|606|1627|563|89|120|760|665|690|660|70|122|5543|2134|4158|1755|1385|847|916|920|916|920|0|206|1631|902|1182|738|449|438|798|542|745|538|53|89|1214|1147|1042|993|172|229|1740|1507|1529|1468|211|250|506|465|394|387|112|181|1451|977|1333|896|118|154|580|391|550|365|30|51|2107|1999|1026|961|1081|1078|74|127|74|127|0|206|2875|1953|1421|1044|1454|1280|4290|1708|3217|1327|1073|751|1763|1282|1763|1282|0|206|1166|803|899|635|267|270|226|380|65|104|161|279|11813|2843|7761|1991|4052|1631|3389|1309|1933|676|1456|916|2640|1781|1974|1699|666|411|603|789|0|206|603|789|6210|2150|2479|1059|3731|1305|1354|1085|447|572|907|723|3802|1681|2130|959|1672|950|575|434|169|215|406|361|2860|1019|2357|770|503|484|10211|3029|8917|2761|1294|791|5825|2874|4527|2516|1298|744|147|141|147|141|0|206|810|610|692|532|118|146|2107|2532|2054|2539|53|92|2005|1813|1152|1436|853|712|383|320|324|306|59|91|418|331|323|266|95|155|1028|829|981|822|47|81
04000C2US51|5101085|9164|4090210|18101|441951|11806|257447|10530|184504|8150|22441|4285|19759|4058|2682|1131|3377|1506|3142|1441|235|303|4182|1525|3183|1146|999|590|9454|2145|7556|1977|1898|655|16788|2715|14299|2579|2489|827|2751|1129|2320|991|431|308|4010|1168|3816|1150|194|165|12164|2569|8401|1928|3763|1215|3548|1132|2986|970|562|354|3342|1638|2353|1292|989|591|3834|1273|3100|1044|734|440|983|698|614|391|369|374|27950|5824|19457|4644|8493|2136|6775|2022|5062|1627|1713|718|22241|3835|19549|3472|2692|937|29621|5886|20106|3865|9515|3044|5752|2176|3904|1447|1848|1437|13608|3295|8992|2364|4616|1491|17210|4086|9591|2062|7619|2750|12654|2743|9386|2000|3268|1235|27040|4763|22488|3703|4552|2261|11935|2890|11047|2876|888|568|5886|1800|5141|1653|745|537|42319|5268|25296|3628|17023|2753|8622|2262|5858|1669|2764|1029|50209|6816|24563|3681|25646|4064|0|216|0|216|0|216|42361|5087|18684|2671|23677|3274|4326|1679|1615|742|2711|1442|5294|1349|2822|1025|2472|903|7162|1501|4704|1252|2458|829|25847|3907|20761|3369|5086|1197|5303|1950|4449|1799|854|519|48943|8797|35266|6710|13677|3196|125|155|83|139|42|69|29352|5286|20065|4064|9287|2297|18970|4596|14585|3878|4385|1495|5133|2296|3528|1304|1605|1343|0|216|0|216|0|216|986|917|412|385|574|638|6426|2205|4467|1664|1959|1213
04000C2US53|3785162|7355|3037229|18969|315878|11906|190073|9765|125805|7517|13446|3010|10874|2132|2572|1345|580|750|492|742|88|156|1066|486|924|421|142|169|6398|2341|4726|1947|1672|969|12238|2520|11518|2408|720|400|1766|772|1677|741|89|104|634|437|522|419|112|135|39364|7156|21744|3735|17620|4696|4712|2251|4035|1800|677|605|3377|1636|2239|1191|1138|787|22926|5529|13668|3744|9258|2662|397|503|325|397|72|117|7250|2044|5140|1716|2110|758|1855|1087|1163|673|692|680|16089|3417|13494|2966|2595|1014|4589|2175|3542|1595|1047|731|9016|3349|5133|1852|3883|1769|2799|1411|2530|1323|269|242|5598|2190|4928|2042|670|468|13686|3883|10705|3343|2981|1229|8512|3222|6857|2758|1655|928|6603|2157|5537|1810|1066|970|5780|2398|5087|2087|693|566|51913|5563|28542|3752|23371|3464|10847|2287|7612|1810|3235|946|24809|4287|10980|2569|13829|2822|2669|1712|1562|1096|1107|882|28719|4489|11196|2058|17523|3239|9578|3102|3897|1534|5681|1936|6071|1907|3395|1198|2676|1193|7106|2954|3679|1926|3427|1818|31467|5376|22045|4030|9422|2206|19858|4217|14305|3314|5553|1579|12296|4586|7171|2747|5125|2458|714|450|630|426|84|140|19423|4626|14115|3625|5308|2033|4152|2541|3462|2505|690|551|9084|3320|5197|2382|3887|2133|44|47|22|30|22|34|2070|902|2026|905|44|69|2554|1258|2092|1124|462|302
04000C2US55|2593086|5263|2411009|9356|80385|7063|52535|5027|27850|3646|2730|990|1991|713|739|554|6|11|6|11|0|157|2984|1354|1861|860|1123|652|2819|2461|2593|2427|226|285|10763|1867|8687|1589|2076|831|2837|851|2291|795|546|309|1613|1014|1406|944|207|261|3979|1283|2445|993|1534|815|2682|1094|2151|938|531|370|4151|1399|3322|1272|829|585|1880|892|1325|742|555|377|0|157|0|157|0|157|943|678|702|512|241|232|988|637|700|458|288|284|5991|2009|4717|1613|1274|791|1685|1044|1342|900|343|302|2085|1600|923|803|1162|1000|567|568|521|548|46|79|1364|768|1205|694|159|152|5277|1674|3890|1371|1387|638|2231|1382|2043|1321|188|153|3149|1491|2866|1351|283|431|1039|711|958|684|81|135|8803|2338|5169|1754|3634|1418|960|487|474|273|486|335|1814|885|1053|541|761|502|9323|1944|5785|1411|3538|1225|1403|905|848|539|555|463|183|219|82|142|101|154|1054|676|324|267|730|497|1244|1034|226|244|1018|893|4436|1638|3327|1368|1109|749|50|76|22|38|28|49|6527|3135|5587|2923|940|615|187|155|105|129|82|136|421|422|244|282|177|181|1758|978|1213|787|545|426|203|282|203|282|0|157|0|157|0|157|0|157|671|395|623|378|48|88|892|432|622|358|270|176
04000H0US36|1296518|1426|1211609|5257|37720|2754|24583|2491|13137|2162|2863|687|2254|555|609|256|232|245|101|160|131|205|2321|787|1498|526|823|455|1032|498|788|385|244|192|7167|2138|5266|1723|1901|819|11673|3367|7339|2676|4334|1754|540|310|487|293|53|56|2078|892|1244|535|834|561|1167|493|957|449|210|178|1120|721|780|570|340|321|1360|769|618|434|742|602|205|252|205|252|0|217|146|155|146|155|0|217|183|193|94|135|89|123|303|294|163|150|140|171|207|198|135|160|72|104|28|47|0|217|28|47|926|455|448|300|478|396|881|478|609|368|272|154|1830|896|1484|705|346|344|67|119|33|64|34|60|155|242|155|242|0|217|236|229|151|140|85|102|3148|964|1889|696|1259|637|459|306|369|290|90|98|692|557|520|557|172|133|0|217|0|217|0|217|407|448|297|414|110|128|267|423|72|121|195|306|203|215|167|192|36|87|1050|766|647|402|403|484|1121|522|823|467|298|225|41|52|16|28|25|45|763|567|146|144|617|551|332|303|318|303|14|24|0|217|0|217|0|217|312|221|112|143|200|173|47|60|47|60|0|217|0|217|0|217|0|217|991|739|651|635|340|492|636|422|412|270|224|214
0500000US04013|4238229|-555555555|3127350|22085|846456|19178|566665|16209|279791|11014|11372|2805|9590|2688|1782|855|574|610|444|465|130|149|3851|1158|3144|1109|707|473|3798|1339|2965|1120|833|553|8616|1799|7573|1751|1043|481|1687|652|1501|648|186|182|1628|578|1451|542|177|181|5436|2192|4623|1962|813|546|3847|1606|2501|1408|1346|636|7866|2444|6115|2142|1751|709|3996|1249|3462|1326|534|391|690|534|539|435|151|152|4614|1508|2393|897|2221|1082|6419|2462|4453|2138|1966|948|12469|3185|10414|2774|2055|1169|2415|1409|1845|1186|570|444|1447|1026|1447|1026|0|224|3138|1263|2462|1038|676|550|5094|2590|3012|1298|2082|1616|10847|3082|7388|2420|3459|1258|6520|1894|5549|1753|971|516|3752|1561|2994|1377|758|479|2549|984|2192|915|357|328|25850|4135|13325|2725|12525|2529|3859|1144|2494|888|1365|752|8468|2219|4612|1520|3856|1402|72|86|45|74|27|44|21234|3926|9311|2276|11923|2808|1094|648|254|210|840|519|3368|1337|1610|808|1758|858|2859|1242|1308|692|1551|854|20237|3292|15918|3007|4319|1233|6589|2514|5115|1964|1474|854|19814|4411|12998|3147|6816|2450|1394|553|1169|511|225|226|10106|3045|7365|2442|2741|1119|3280|1267|2749|1207|531|385|8853|3659|6128|2922|2725|1407|9957|2743|7799|2415|2158|1007|2698|1249|2577|1196|121|154|2066|809|1515|717|551|479
0500000US06001|1560540|98|827945|12149|243873|6772|153804|6064|90069|5222|7595|1882|7127|1781|468|284|255|331|255|331|0|218|2945|1165|2578|1121|367|265|6209|1748|4944|1511|1265|770|3839|1023|3516|995|323|266|2666|1252|1798|1003|868|492|1188|610|1063|603|125|123|6893|1964|5491|1663|1402|836|1753|1267|772|476|981|1122|1479|1053|858|612|621|699|1011|668|1011|668|0|218|750|952|750|952|0|218|14613|4269|9220|2611|5393|2644|9955|3204|8013|2630|1942|957|44105|6260|38229|5531|5876|1631|6864|2091|5333|1697|1531|939|14312|3883|9570|2693|4742|1669|3859|1265|2660|879|1199|818|7328|2142|6692|2046|636|355|2330|882|1545|628|785|461|19658|3416|17351|3145|2307|782|12594|2615|10698|2213|1896|912|6075|1571|5351|1491|724|430|149833|9346|68547|5629|81286|5964|6366|2108|3491|1222|2875|1678|15342|2950|7956|1688|7386|1675|650|429|345|297|305|313|28152|4225|14082|2476|14070|2690|2950|1183|1694|960|1256|591|5247|1998|1579|1065|3668|1450|9354|3119|5513|2048|3841|1512|47918|5390|32427|4639|15491|2480|5640|1951|3131|1026|2509|1344|16005|5181|11898|4580|4107|1575|1452|863|1280|809|172|231|9225|3152|5723|2476|3502|1302|5275|2137|3721|1795|1554|787|911|760|795|736|116|194|22|36|22|36|0|218|462|481|425|453|37|60|5642|3153|1225|661|4417|3052
0500000US06013|1099955|290|696765|11320|204803|8161|120404|6879|84399|6551|4837|1823|4607|1805|230|200|817|1286|817|1286|0|218|1670|893|1480|755|190|306|4307|1918|2798|1194|1509|1099|2862|982|2559|957|303|260|777|536|611|481|166|168|45|75|45|75|0|218|7726|2700|5942|2310|1784|742|737|704|655|671|82|138|165|221|165|221|0|218|2278|1161|1691|1103|587|410|1165|739|1020|637|145|169|11912|3318|6865|1999|5047|2001|1685|848|1461|790|224|176|9630|3486|8468|3004|1162|784|4190|2664|3221|2164|969|921|6096|2284|4237|1701|1859|904|2958|2354|1719|1093|1239|1422|3166|1420|1876|938|1290|826|4980|2592|4139|2595|841|645|5055|2255|4414|2164|641|386|2735|1495|2691|1458|44|73|1163|761|1163|761|0|218|38269|4848|18605|3209|19664|3250|2670|930|1843|808|827|350|5545|1589|3283|1217|2262|846|0|218|0|218|0|218|10847|2564|3940|1199|6907|1974|921|522|798|450|123|206|2917|1007|1113|579|1804|945|4357|1820|2229|932|2128|1152|33239|4312|22276|3262|10963|2167|6052|1939|4538|1643|1514|917|5274|2194|3601|1486|1673|1297|2088|1288|1979|1264|109|184|1856|1060|1282|924|574|476|2811|1485|2116|1170|695|641|61|103|61|103|0|218|43|72|43|72|0|218|45|76|45|76|0|218|436|311|304|234|132|206
0500000US06037|9309771|-555555555|4163545|29764|3546775|21334|2099845|20620|1446930|20062|35579|4982|31459|4666|4120|1377|2464|1143|1982|986|482|587|13902|2577|11198|2418|2704|783|17467|3072|11832|2134|5635|1869|17991|2660|16069|2476|1922|801|5439|1456|4872|1405|567|359|4969|1502|3938|1300|1031|679|56443|7577|32338|5552|24105|4430|4999|1632|4091|1541|908|479|5916|1644|4141|1284|1775|970|5898|1918|4967|1801|931|547|189633|12321|107625|8333|82008|6547|76069|6987|43865|4958|32204|4189|7574|2038|4723|1341|2851|1280|23222|3830|19018|3261|4204|1445|10159|2487|7676|1882|2483|1001|8047|2733|4204|1342|3843|2060|10693|3056|5678|1521|5015|2020|11450|2690|7790|1743|3660|1606|13944|2364|11778|2209|2166|991|5358|1827|4309|1529|1049|838|5013|1815|4655|1690|358|308|4436|1745|3870|1726|566|434|364321|12814|147967|6735|216354|9296|50382|5746|25269|3348|25113|3970|158248|8462|68576|4785|89672|6038|633|405|324|243|309|258|71261|6051|25474|3465|45787|4631|22346|4354|9175|2404|13171|2996|17509|2947|7664|1650|9845|1916|15937|2805|7396|1535|8541|2104|223622|11308|149634|9036|73988|6173|29759|4164|18136|2893|11623|2315|49817|7227|32142|5190|17675|3920|20840|4321|16322|3818|4518|1489|9995|2251|6230|1830|3765|1185|10488|2756|7876|2243|2612|1216|3609|1645|2939|1485|670|654|375|412|375|412|0|218|1198|715|997|656|201|211|12446|2386|9079|1904|3367|1402
0500000US06059|2995053|464|1622013|19280|735651|13527|469083|12341|266568|10948|9926|2233|9080|2166|846|437|410|564|383|563|27|47|4913|1413|4180|1368|733|363|5638|1759|3978|1235|1660|1024|7775|1637|6705|1455|1070|608|3117|1179|2912|1189|205|264|1581|1090|1463|1063|118|189|10726|3358|6567|2432|4159|1625|2843|1304|2316|1057|527|351|742|536|563|409|179|288|3971|2013|2680|1492|1291|756|2178|1125|1484|963|694|463|32087|5111|21916|4131|10171|2177|8968|3325|6197|2430|2771|1369|12605|3193|11159|2954|1446|679|8782|4369|7201|3907|1581|857|3837|2176|2381|1262|1456|1050|1447|827|1175|843|272|277|3967|1875|3559|1861|408|327|11799|2673|8088|1917|3711|1473|5079|2395|4481|1999|598|475|2933|1781|2797|1776|136|183|1912|1009|1865|1016|47|77|96610|7685|49214|5274|47396|5178|14419|2601|8337|1745|6082|1768|75904|8365|34719|4871|41185|4795|1096|959|738|876|358|356|185368|11159|70821|6320|114547|7324|5214|1902|2675|1163|2539|1019|7033|2591|2803|1029|4230|2176|4046|1818|2418|1164|1628|965|46988|5827|34282|4425|12706|2876|10234|2791|6657|1961|3577|1378|31976|5208|21955|4213|10021|2553|3402|1675|2734|1507|668|549|2365|1425|1614|1239|751|539|1148|628|990|525|158|230|2184|1427|1262|799|922|1215|0|218|0|218|0|218|312|271|312|271|0|218|1854|1168|1416|1070|438|475
0500000US06065|2312837|331|1338347|17380|808946|14208|531302|14383|277644|9900|4992|1962|4123|1931|869|368|1472|1313|1086|940|386|493|1840|1234|1630|1216|210|196|1363|688|1007|544|356|262|4175|1389|3765|1304|410|257|598|404|446|303|152|184|1029|717|811|638|218|207|3055|2072|2558|2144|497|363|1334|611|984|539|350|298|1488|939|1375|890|113|162|876|612|675|579|201|191|1055|908|796|651|259|302|5170|2303|3058|1676|2112|1344|2417|1286|1713|993|704|448|3164|1524|2497|1324|667|443|2409|1313|1672|924|737|467|4637|2474|2588|1539|2049|1143|1206|826|809|461|397|415|1363|843|1172|726|191|193|3468|1594|2431|1349|1037|757|663|516|663|516|0|218|561|470|349|340|212|323|701|666|628|575|73|126|24118|3697|10166|2044|13952|2612|3378|1045|2271|861|1107|543|9184|2111|4310|1263|4874|1216|873|925|454|522|419|459|11953|2403|5796|1284|6157|1700|2829|1623|1083|731|1746|1129|3144|1317|1780|800|1364|703|1909|1213|896|803|1013|933|31931|3658|20134|2797|11797|1910|6361|3024|3888|1924|2473|1467|13894|4206|8457|2797|5437|1826|432|331|331|300|101|129|919|693|710|520|209|263|3492|1685|2655|1082|837|844|397|354|308|316|89|105|0|218|0|218|0|218|212|306|212|306|0|218|1482|992|1208|913|274|292
0500000US06067|1493148|-555555555|1013202|15678|184152|10413|123709|8329|60443|5125|2334|1024|2123|993|211|213|188|269|164|266|24|43|872|409|735|378|137|135|3338|1492|2753|1278|585|433|4675|1886|4342|1818|333|225|730|495|471|433|259|223|893|598|893|598|0|218|25813|4435|12663|2615|13150|3030|1836|1213|1255|1055|581|432|1527|989|1171|806|356|353|17786|5599|9327|4039|8459|3087|2774|1765|1560|1206|1214|652|17701|4219|7517|2108|10184|2691|2106|1753|1411|1269|695|548|18071|3317|13469|2624|4602|1436|4832|2356|3414|1817|1418|898|17962|4641|9047|2704|8915|2533|761|480|622|405|139|135|3645|2155|1496|861|2149|1776|10590|3121|5044|1729|5546|2047|2840|1100|2384|1013|456|260|1773|934|1470|924|303|414|1000|808|867|787|133|136|33852|4616|12974|2329|20878|3392|3586|1049|2622|989|964|436|4472|1405|1841|572|2631|1178|18484|4203|9685|2228|8799|2831|26875|4267|9864|2358|17011|3323|1598|881|862|463|736|473|4072|1564|1986|1186|2086|962|5376|1871|3231|1225|2145|1099|30163|4626|18698|2892|11465|3032|7401|2383|3114|1013|4287|2056|8598|3017|4842|2319|3756|1604|358|352|286|291|72|117|2326|1722|978|692|1348|1107|2863|1859|2324|1728|539|653|703|573|418|410|285|337|19|30|19|30|0|218|267|291|267|291|0|218|734|405|550|370|184|173
0500000US06071|2051038|473|1154897|16010|730329|15949|493585|13249|236744|9070|3036|1289|2453|1079|583|421|316|399|231|376|85|144|986|725|692|569|294|418|2314|1104|1748|1011|566|312|3627|1634|3256|1577|371|314|987|676|880|614|107|132|566|730|566|730|0|218|603|631|286|284|317|386|743|837|403|406|340|470|287|485|287|485|0|218|803|964|623|927|180|294|1414|945|1267|934|147|180|1555|1079|1022|720|533|472|2617|1261|1767|1014|850|776|1535|1010|1301|838|234|335|3156|1426|2564|1277|592|394|1560|1206|891|658|669|630|903|674|755|547|148|196|339|258|339|258|0|218|3268|1745|2833|1696|435|286|1228|1165|1228|1165|0|218|605|485|605|485|0|218|165|215|165|215|0|218|43164|5175|17440|2393|25724|3837|3379|2366|2348|1800|1031|685|10721|2511|5227|1504|5494|1632|116|191|53|88|63|104|10612|2379|4487|1627|6125|1598|2384|1317|1147|829|1237|886|3099|1382|1940|1070|1159|734|904|558|283|234|621|515|25455|3742|17860|2972|7595|1675|10712|3708|6554|2740|4158|1783|14149|4375|9071|2644|5078|2210|426|411|426|411|0|218|1441|1390|756|674|685|832|5638|2773|3995|1885|1643|1152|164|164|140|157|24|41|90|143|0|218|90|143|141|169|133|170|8|13|604|458|374|336|230|332
0500000US06073|3098785|628|1972390|23100|730892|16751|474588|13894|256304|10828|12185|2478|10967|2304|1218|561|948|744|504|453|444|604|3687|1269|3109|1179|578|318|7370|1933|5853|1526|1517|844|10993|3989|10087|3577|906|583|1501|686|1428|685|73|108|1805|727|1510|646|295|235|11037|2464|6820|2039|4217|1282|2384|1094|1534|756|850|519|1821|1242|1564|1158|257|315|3579|2041|2917|1887|662|525|1876|1186|1302|810|574|471|17776|4434|10421|2960|7355|3052|4405|1640|3329|1162|1076|894|9899|3095|7250|2331|2649|1501|2525|1333|2366|1291|159|272|915|717|641|468|274|373|1912|964|1420|762|492|450|1623|899|1426|852|197|197|8624|3350|6725|2553|1899|911|5935|2025|5524|1821|411|416|3588|1688|3266|1574|322|270|1060|685|975|605|85|141|45215|5991|21513|2961|23702|4237|13592|2928|8016|1959|5576|1834|16163|3724|8693|2285|7470|2398|1020|747|989|731|31|53|38500|5835|15080|2977|23420|3858|3244|1262|1711|807|1533|720|8643|2568|3524|1242|5119|1893|4045|1936|2499|1310|1546|1033|82467|7478|52650|5795|29817|4057|7646|1899|4945|1723|2701|761|32314|6717|17563|4721|14751|3295|3021|1903|2675|1876|346|255|15987|4435|10270|3127|5717|2071|2632|1356|1822|1198|810|440|750|565|467|412|283|391|102|210|102|210|0|218|351|366|351|366|0|218|2363|1374|1465|803|898|939
0500000US06075|780369|347|436676|9084|85615|4330|52231|4597|33384|3964|9080|2246|8572|2174|508|459|155|239|72|108|83|136|3001|1062|2602|933|399|404|3211|1438|2672|1264|539|407|3050|1226|2958|1214|92|129|826|527|735|513|91|150|1527|1033|1430|1050|97|162|11205|2749|5767|1881|5438|1829|855|701|827|707|28|47|265|439|265|439|0|218|791|501|471|329|320|408|1200|1220|1023|1192|177|215|1632|697|1172|590|460|296|1721|1423|1147|820|574|780|7193|2348|6844|2287|349|426|526|508|526|508|0|218|2669|1956|2051|1274|618|917|3081|2987|2999|2972|82|132|1629|884|1318|678|311|426|1620|1029|1572|1024|48|77|576|633|495|622|81|132|1330|831|1330|831|0|218|716|582|552|489|164|279|139978|7251|57137|5642|82841|5824|6133|1726|3940|1242|2193|867|8852|2486|5139|1569|3713|1404|49|81|49|81|0|218|10031|2743|3418|1411|6613|2263|526|391|97|160|429|371|2734|1432|908|563|1826|1240|3293|1329|1751|879|1542|1038|19125|3123|11394|2405|7731|1632|1815|868|1171|675|644|479|3340|2123|2506|2106|834|507|698|454|648|437|50|82|2747|1801|2038|1673|709|623|372|425|176|201|196|247|0|218|0|218|0|218|0|218|0|218|0|218|0|218|0|218|0|218|526|418|343|312|183|239
0500000US06081|699990|349|397346|9318|109981|6062|67463|4596|42518|4191|3363|1171|3119|1081|244|250|0|218|0|218|0|218|2315|1271|2109|1258|206|166|3150|1380|1451|707|1699|1051|3887|1199|3426|1138|461|242|712|495|712|495|0|218|1533|721|1396|691|137|182|6669|2039|4151|1211|2518|1161|956|639|586|439|370|373|1215|950|1152|911|63|101|1618|1692|1266|1230|352|489|902|756|793|736|109|153|3249|1064|2262|741|987|529|1158|581|841|425|317|293|6147|1681|5497|1591|650|387|1647|1576|1407|1270|240|400|383|408|231|283|152|158|841|425|683|395|158|225|1178|628|954|534|224|295|2458|1196|1565|858|893|935|601|412|502|381|99|114|2713|1056|2228|907|485|414|1017|693|947|643|70|85|68883|6094|38244|3886|30639|3629|5463|1305|3020|978|2443|795|4163|1420|2576|1012|1587|718|52|86|52|86|0|218|2180|865|1306|649|874|496|0|218|0|218|0|218|2246|1543|1459|964|787|682|4439|1781|1854|1023|2585|1249|39905|4655|24422|2871|15483|3455|8321|1677|5680|1325|2641|917|6974|2560|3732|1273|3242|2006|1024|563|970|544|54|90|0|218|0|218|0|218|0|218|0|218|0|218|271|321|246|322|25|45|0|218|0|218|0|218|0|218|0|218|0|218|1030|574|675|472|355|401
0500000US06085|1784563|572|819800|14566|309098|8398|193933|7264|115165|7527|7397|2357|6779|2204|618|496|13|24|13|24|0|218|3843|1897|3119|1791|724|466|9570|2520|6206|1564|3364|1389|5849|1384|5496|1328|353|224|1082|502|1007|498|75|100|1762|1150|1655|1141|107|103|15125|2548|10450|1965|4675|1193|1408|596|967|458|441|326|2971|1142|2521|1047|450|302|3445|1772|2709|1614|736|576|701|473|664|474|37|45|18223|4189|10853|2522|7370|2751|8553|2523|6055|1906|2498|1174|47985|5262|43095|4947|4890|1471|4390|1773|3600|1327|790|615|13634|3510|7722|2166|5912|2141|4748|1761|4039|1609|709|408|15188|2917|13292|2519|1896|877|4057|1669|3486|1556|571|411|20948|3900|17759|3596|3189|1350|21799|3823|18720|3220|3079|1305|11682|2762|10793|2653|889|471|174899|8999|97665|6388|77234|5306|16310|2775|8602|1865|7708|2036|28925|4711|15777|3373|13148|2096|770|665|661|580|109|127|116474|9312|45918|5353|70556|6012|4040|1619|1554|745|2486|1174|2733|1261|918|550|1815|914|6622|2568|4453|1718|2169|1228|46824|4874|28701|3263|18123|3044|9065|2703|6295|2222|2770|1144|8433|2739|5875|1858|2558|1340|4798|1862|4521|1727|277|268|6355|2152|3770|1626|2585|1101|882|583|428|397|454|407|1479|1120|1150|880|329|509|0|218|0|218|0|218|802|651|723|587|79|129|1881|966|1244|792|637|563
0500000US06111|795536|106|488179|9069|237548|7225|140851|5912|96697|5616|4301|1602|3527|1459|774|688|72|105|17|31|55|98|2266|1231|1840|1089|426|325|1328|995|1179|967|149|152|2627|1126|2029|1046|598|407|393|368|393|368|0|218|508|454|479|436|29|50|1705|1089|737|622|968|742|663|590|663|590|0|218|215|359|215|359|0|218|528|458|492|429|36|60|489|365|489|365|0|218|3818|1775|2602|1384|1216|857|666|539|518|448|148|155|3195|1274|2573|1155|622|395|950|823|916|808|34|58|463|437|227|188|236|309|246|233|246|233|0|218|1008|622|776|555|232|244|2090|1337|1124|600|966|1093|704|453|658|429|46|77|1111|633|1053|623|58|71|789|638|691|531|98|162|7356|2537|3763|1428|3593|1764|1658|710|911|456|747|411|2719|1333|962|584|1757|915|343|510|200|276|143|238|2994|1598|1783|912|1211|754|461|380|219|261|242|393|300|280|144|185|156|205|586|584|508|473|78|127|12662|2548|7444|1486|5218|2001|1249|702|783|479|466|327|2626|2016|1817|1423|809|676|682|521|620|501|62|103|0|218|0|218|0|218|1205|992|1041|891|164|183|110|180|110|180|0|218|0|218|0|218|0|218|793|1246|793|1246|0|218|3930|1911|1133|738|2797|1535
0500000US09001|909305|266|638722|9485|144748|5910|74367|5553|70381|5578|3373|1185|3206|1093|167|228|12731|3933|6781|2655|5950|2421|6520|1668|4953|1398|1567|723|19041|3910|10405|2384|8636|2271|3027|1007|2903|986|124|143|1287|652|1074|574|213|259|3347|1885|2496|1453|851|578|4318|1677|2710|1212|1608|697|6843|2338|4076|1411|2767|1402|1324|1076|1242|1040|82|134|5838|3168|2775|1533|3063|1980|493|468|493|468|0|217|238|291|159|177|79|134|1905|1527|1529|1279|376|294|4951|1760|4025|1399|926|622|691|627|584|617|107|160|595|587|483|431|112|198|3019|3409|1888|2303|1131|1216|1364|939|1033|698|331|301|5659|1765|3938|1213|1721|792|1638|1120|1403|984|235|237|1352|803|1102|676|250|415|1180|904|921|729|259|326|11285|2884|6603|1739|4682|1779|1023|617|722|444|301|227|1665|1018|992|738|673|578|0|217|0|217|0|217|1714|915|573|419|1141|757|377|536|89|143|288|397|1438|1203|1128|977|310|310|1012|667|773|464|239|351|3751|1860|2356|987|1395|1114|732|1023|555|754|177|277|3607|1502|1862|844|1745|1053|611|575|563|523|48|80|294|458|27|44|267|455|4327|2004|3677|1981|650|596|248|303|248|303|0|217|0|217|0|217|0|217|159|257|159|257|0|217|2858|1388|2192|1299|666|480
0500000US09003|849909|290|634433|7145|117060|4185|72527|3776|44533|3911|6596|1959|4392|1342|2204|1024|453|326|296|259|157|196|3748|1124|2411|932|1337|620|6117|1759|3995|1529|2122|855|1627|715|1581|709|46|77|356|403|356|403|0|217|1580|1069|1217|778|363|410|1912|760|1016|564|896|446|19872|3659|10942|2393|8930|2087|2485|1485|1526|1181|959|704|948|654|788|580|160|205|53|87|53|87|0|217|581|571|533|547|48|88|3331|1535|2065|963|1266|740|3060|1396|2681|1264|379|484|2076|1079|1551|963|525|276|505|405|324|319|181|264|1928|796|1283|626|645|437|2422|1242|2055|1050|367|436|2213|1075|1842|774|371|497|1421|1095|878|745|543|560|6244|2320|5241|1940|1003|798|1494|927|1090|604|404|490|6758|2172|3477|1099|3281|1553|435|344|344|312|91|112|2123|1165|1477|993|646|456|77|144|77|144|0|217|3840|1639|1492|772|2348|1302|191|234|191|234|0|217|1196|717|431|300|765|539|1139|1039|727|753|412|538|843|525|639|456|204|189|391|325|121|207|270|261|1926|1100|1063|668|863|697|338|305|206|205|132|223|1060|786|577|567|483|444|3635|1784|2609|1352|1026|744|372|411|372|411|0|217|0|217|0|217|0|217|1268|1204|728|809|540|450|1802|1017|1760|1013|42|71
0500000US09009|820682|141|626066|8219|111309|4883|65886|5045|45423|4399|4850|1485|3664|1067|1186|742|2519|1080|1226|720|1293|815|7954|2192|5645|1672|2309|998|8526|2506|4697|1468|3829|1831|2000|895|1966|891|34|57|268|211|268|211|0|217|1235|719|944|662|291|251|2587|1100|1286|649|1301|796|4294|1580|2710|1302|1584|811|639|402|558|380|81|84|850|529|740|510|110|187|154|178|154|178|0|217|622|410|346|336|276|291|803|597|577|552|226|192|1913|800|1367|659|546|436|1231|891|855|687|376|441|267|433|81|134|186|303|1502|1212|610|528|892|712|414|304|268|228|146|242|7457|2299|4288|1483|3169|1407|477|530|477|530|0|217|697|575|697|575|0|217|0|217|0|217|0|217|9900|2450|4307|1311|5593|1542|613|390|355|259|258|261|1348|629|386|286|962|575|0|217|0|217|0|217|1775|945|577|453|1198|698|388|547|135|195|253|358|1321|1025|479|421|842|802|1878|880|1206|632|672|456|2200|1190|1977|1138|223|189|202|316|128|204|74|115|3064|1816|2056|1307|1008|775|1148|700|1077|643|71|118|380|462|254|425|126|213|2379|1327|1517|1022|862|768|2722|2008|2078|1516|644|765|0|217|0|217|0|217|244|226|225|225|19|33|2486|1931|2362|1921|124|202
0500000US12011|1825455|157|1043888|15940|500409|10087|305445|11006|194964|9318|21056|3872|15459|3189|5597|1683|108889|11532|62636|8466|46253|7105|5246|1650|3956|1410|1290|611|33969|6255|19080|3351|14889|4097|3944|1368|3638|1262|306|287|1671|1055|1418|911|253|377|2061|1055|1482|1101|579|553|15561|3533|7785|2040|7776|2803|2970|1602|2038|1205|932|574|755|742|617|709|138|170|3295|1370|2862|1369|433|324|239|313|174|296|65|108|887|602|748|516|139|172|2032|1142|1679|945|353|381|5243|1971|4869|1826|374|332|2228|1326|2112|1285|116|154|0|242|0|242|0|242|2253|1573|992|580|1261|1134|329|375|329|375|0|242|6019|2364|4374|1927|1645|1004|2181|1344|2077|1330|104|123|915|713|744|601|171|202|1509|1099|956|906|553|624|10992|3655|4867|2300|6125|2151|1680|1327|1388|1259|292|220|1920|840|1336|619|584|464|0|242|0|242|0|242|5824|2197|1586|1076|4238|1914|404|561|296|386|108|181|1281|678|702|542|579|347|1573|1151|1108|800|465|440|7622|2163|5849|2104|1773|981|921|545|687|482|234|311|6264|2165|4277|1487|1987|1133|5932|2172|4370|1833|1562|812|45|75|45|75|0|242|1510|866|1313|824|197|233|400|465|333|390|67|112|0|242|0|242|0|242|430|285|377|275|53|69|11108|3858|9333|3507|1775|1260
0500000US12057|1393154|302|964737|11510|324662|8605|189759|9527|134903|7016|6290|2344|5359|2175|931|609|5993|2267|4164|1781|1829|1003|2146|956|1511|779|635|483|8024|2305|6217|1854|1807|856|3353|1329|2985|1011|368|553|1026|670|915|580|111|137|625|389|458|293|167|192|4025|1682|2018|894|2007|1123|321|311|321|311|0|242|790|544|563|383|227|240|1456|829|1091|664|365|335|70|114|70|114|0|242|2507|2641|1578|1526|929|1439|1925|969|1364|754|561|359|3257|1325|2323|898|934|633|1955|1102|1827|1051|128|172|526|665|484|661|42|72|771|555|719|552|52|66|3245|2075|1596|993|1649|1778|2458|1096|1787|823|671|539|5118|2203|3540|1466|1578|1259|2607|1350|2102|1207|505|382|2491|1414|1880|1081|611|423|6152|2023|3571|1402|2581|992|1378|621|905|642|473|315|2329|863|1442|584|887|474|0|242|0|242|0|242|8113|2100|3922|1798|4191|1198|94|124|33|55|61|107|1152|601|618|472|534|413|2818|1911|1925|1172|893|847|4989|1509|3729|1354|1260|721|37|61|37|61|0|242|8009|3238|6117|2529|1892|990|797|811|642|575|155|261|1283|1077|397|378|886|924|1780|1699|1198|1155|582|630|627|768|344|427|283|343|0|242|0|242|0|242|155|208|155|208|0|242|3063|1543|1782|1095|1281|884
0500000US12086|2517017|220|636673|17470|1657215|10245|873794|17123|783421|14680|18775|4135|16058|3682|2717|1098|106527|12279|69776|10165|36751|5847|8774|2362|6643|2368|2131|866|17353|3204|13016|2406|4337|1357|3952|1355|3640|1359|312|247|1049|777|807|536|242|282|1917|1181|1917|1181|0|242|13081|3459|7606|2464|5475|1859|993|715|869|682|124|153|389|290|374|286|15|25|2142|1342|1335|1074|807|737|171|141|171|141|0|242|1198|680|970|581|228|198|736|543|736|543|0|242|2664|1546|1722|1222|942|879|2033|1152|1133|864|900|547|277|296|277|296|0|242|46|90|46|90|0|242|607|456|540|442|67|83|2832|1344|2510|1212|322|385|736|549|689|510|47|81|1060|897|872|687|188|255|40|80|40|80|0|242|9047|2058|3768|1158|5279|1453|816|607|557|497|259|281|520|330|437|294|83|147|0|242|0|242|0|242|1621|1042|457|376|1164|766|0|242|0|242|0|242|548|360|502|324|46|85|2052|1101|1518|909|534|637|5095|1864|3786|1669|1309|696|342|262|303|240|39|63|6376|3006|4702|2227|1674|915|4963|2496|4375|2434|588|391|40|87|40|87|0|242|771|632|715|562|56|97|421|472|406|470|15|32|0|242|0|242|0|242|50|85|50|85|0|242|3115|1464|2215|980|900|1135
0500000US12099|1424141|259|941286|15101|282157|7718|149958|7572|132199|7747|10502|2278|7052|1776|3450|1366|83009|10552|46348|7327|36661|6603|4349|1141|2851|1009|1498|763|19343|5439|13199|4202|6144|1808|5628|1692|4799|1581|829|329|2184|728|2063|698|121|145|1782|867|1643|831|139|162|6374|1829|4023|1504|2351|1013|2943|1171|1986|890|957|674|3234|2023|2158|1381|1076|894|1340|633|873|472|467|416|343|365|343|365|0|242|999|600|350|306|649|476|1690|861|1091|633|599|523|1355|1236|1355|1236|0|242|1600|1258|1432|1145|168|281|85|135|85|135|0|242|4006|2164|1808|964|2198|1549|1200|899|602|562|598|690|4178|1773|3900|1727|278|220|959|824|749|677|210|250|1307|1029|1221|961|86|138|1378|1011|964|742|414|440|6838|1997|2869|1288|3969|1554|1079|468|794|439|285|237|542|420|342|269|200|184|0|242|0|242|0|242|4924|2043|1733|1111|3191|1530|127|159|76|127|51|90|899|668|268|400|631|470|2231|1312|1371|972|860|580|2220|921|1464|700|756|681|903|719|599|641|304|322|6680|2942|5035|2682|1645|831|5808|2136|5299|2120|509|361|420|466|163|274|257|389|1698|1235|1278|1063|420|395|332|429|83|139|249|409|0|242|0|242|0|242|0|242|0|242|0|242|6209|3048|3289|1800|2920|2122
0500000US12103|918484|184|775021|7588|65082|4468|41017|3986|24065|3175|6365|1720|4943|1423|1422|795|3980|2219|3223|2084|757|744|2780|1206|1973|936|807|579|4178|2101|2496|1528|1682|1027|3020|739|2538|654|482|373|760|528|760|528|0|242|3341|1844|2015|1057|1326|1164|4127|1318|1956|953|2171|940|5504|1783|3898|1451|1606|852|5035|1865|3188|1446|1847|877|3199|1800|1691|804|1508|1546|0|242|0|242|0|242|0|242|0|242|0|242|243|293|181|273|62|102|478|305|478|305|0|242|479|478|479|478|0|242|0|242|0|242|0|242|64|103|64|103|0|242|422|327|364|310|58|95|4946|1661|3925|1409|1021|604|906|741|735|649|171|226|398|510|294|343|104|176|263|422|99|167|164|259|3045|1247|1278|599|1767|829|669|731|452|426|217|335|1253|945|521|493|732|579|847|866|802|842|45|78|7686|1947|2917|1060|4769|1463|991|1010|135|131|856|983|3752|1688|1376|698|2376|1453|391|409|228|253|163|191|3387|1440|2440|1200|947|491|466|339|393|355|73|121|3009|2166|2574|1998|435|392|1118|921|963|805|155|170|0|242|0|242|0|242|226|273|226|273|0|242|0|242|0|242|0|242|0|242|0|242|0|242|32|53|32|53|0|242|1021|580|666|378|355|310
0500000US13135|905628|175|570270|13488|173054|5216|92198|7547|80856|7037|4251|2215|3761|1795|490|688|6504|4747|3625|2267|2879|2766|540|481|259|314|281|331|476|507|208|230|268|449|1951|1251|1699|1203|252|315|581|645|480|525|101|161|271|326|271|326|0|247|1520|848|1337|846|183|246|278|374|170|208|108|180|7184|4414|4122|2956|3062|1893|2229|1832|1065|900|1164|1085|0|247|0|247|0|247|1480|1060|714|559|766|637|3457|1909|2008|1286|1449|1055|4669|1926|3272|1678|1397|727|3520|1560|2679|1346|841|555|94|159|0|247|94|159|6447|3326|3638|1831|2809|1679|2347|1444|1545|1213|802|628|5419|2964|3403|2392|2016|987|83|141|83|141|0|247|207|353|0|247|207|353|1573|1029|969|637|604|561|15881|4505|5108|1723|10773|3895|1782|1404|746|659|1036|1194|27833|4579|12050|2478|15783|3747|701|698|701|698|0|247|22477|5846|10335|4617|12142|2915|312|400|162|212|150|245|1383|910|833|618|550|436|1813|1266|789|585|1024|781|3260|2579|3026|2695|234|334|701|675|562|630|139|201|9090|5934|6745|4822|2345|2009|850|1102|415|480|435|704|7737|4012|6151|3397|1586|911|10112|3540|9605|3347|507|546|2727|2679|2523|2672|204|252|0|247|0|247|0|247|0|247|0|247|0|247|564|555|564|555|0|247
0500000US17031|4882331|56|3180589|19318|1007735|13105|590873|15229|416862|12918|18333|3616|15374|3084|2959|1055|3827|1892|2638|1135|1189|1645|12432|2019|8923|1737|3509|1007|6229|1861|5246|1561|983|595|13171|2457|11071|2294|2100|670|2575|1115|2068|885|507|497|19278|3540|14467|3121|4811|1477|25836|4266|14380|3230|11456|2605|126108|9622|69108|6581|57000|4830|22277|4023|13401|2924|8876|2239|28243|4669|14349|2993|13894|3064|1281|679|798|407|483|466|4193|1496|2547|988|1646|1012|27488|4811|15675|3588|11813|2603|18727|3130|15547|2645|3180|1119|31359|5718|21896|4124|9463|2469|2327|1190|1635|831|692|490|2737|1204|1923|946|814|515|7685|2574|5385|2019|2300|1088|34057|6113|23149|4805|10908|2609|6581|2662|4760|1856|1821|1073|6388|2814|5266|2173|1122|1241|9718|3470|5987|2556|3731|1675|58067|5867|26738|3389|31329|4521|7097|1982|4422|1315|2675|961|33168|4637|15191|2609|17977|3027|85|138|85|138|0|201|12791|2740|5346|1233|7445|2023|1328|809|211|206|1117|740|5517|1499|2296|921|3221|971|13864|3869|9642|3092|4222|1602|42000|4485|30014|3493|11986|2346|4761|1824|3777|1693|984|503|40983|6292|26959|4628|14024|2861|3046|1184|2598|1004|448|362|15041|3770|9389|2939|5652|1584|18014|3939|13402|3323|4612|1862|3669|1625|2165|958|1504|1534|0|201|0|201|0|201|697|1060|697|1060|0|201|3029|1078|2537|924|492|517
0500000US17043|873368|59|624817|10561|91161|4930|59762|4331|31399|3369|3060|1652|2961|1653|99|114|119|180|111|172|8|18|4003|1194|2925|969|1078|525|921|550|701|498|220|180|2136|774|2053|775|83|98|124|155|124|155|0|201|2213|766|1734|657|479|296|2732|1215|971|514|1761|899|23643|4934|14404|3779|9239|2373|4433|1575|3187|1344|1246|725|7787|1942|5308|1480|2479|1096|174|227|174|227|0|201|1587|957|1308|834|279|348|9369|2022|6587|1674|2782|770|6073|1699|4872|1461|1201|598|13611|2975|11058|2892|2553|987|1734|1230|1136|1083|598|568|1454|1105|1231|1015|223|195|2524|1107|2105|1042|419|346|11008|2799|6230|1913|4778|1674|5093|1903|3546|1257|1547|1062|5208|1835|4290|1557|918|892|2419|813|2069|697|350|257|11808|2391|6881|1730|4927|1259|1406|777|900|466|506|410|3354|1124|1964|886|1390|528|0|201|0|201|0|201|3313|1622|1636|1001|1677|878|427|426|191|198|236|263|661|442|568|374|93|113|4192|2080|1603|1042|2589|1345|9313|2083|7376|1811|1937|794|1753|1042|1554|1018|199|263|6352|2932|5227|2638|1125|637|132|187|132|187|0|201|1080|593|730|440|350|338|1426|957|956|694|470|398|391|455|108|125|283|435|0|201|0|201|0|201|108|169|108|169|0|201|249|212|116|139|133|160
0500000US17097|673134|-555555555|477844|7429|117971|5307|72790|5002|45181|3976|2732|1375|2519|1183|213|292|761|827|736|825|25|61|1287|501|1210|485|77|93|1321|724|707|556|614|478|3086|1449|2746|1302|340|309|350|363|297|352|53|89|833|656|785|649|48|67|8575|2381|6072|2086|2503|918|6201|1862|4132|1615|2069|811|301|289|301|289|0|201|2613|1353|1390|806|1223|770|382|309|382|309|0|201|913|592|640|502|273|274|1650|761|1264|692|386|279|3601|1308|2963|1133|638|528|3222|1823|2745|1538|477|360|263|260|224|234|39|62|536|399|536|399|0|201|1166|666|942|542|224|210|1893|952|1369|753|524|390|4019|1780|3550|1563|469|443|3681|1359|2591|806|1090|893|2022|1008|1240|753|782|507|6806|1513|4971|1254|1835|631|769|457|565|312|204|329|4993|2021|1815|894|3178|1481|58|94|58|94|0|201|922|579|809|551|113|136|690|655|340|399|350|307|360|291|191|180|169|193|1119|1210|1069|1202|50|63|5845|1448|3831|1098|2014|679|400|401|370|394|30|50|1790|1438|1395|1082|395|405|258|215|258|215|0|201|345|349|197|182|148|176|896|650|595|430|301|330|7|14|7|14|0|201|0|201|0|201|0|201|495|698|495|698|0|201|158|159|79|96|79|129
0500000US24005|800647|187|676337|6480|35929|3140|21412|2848|14517|2792|3244|1359|2445|1183|799|606|936|968|936|968|0|216|1729|928|913|524|816|775|1741|1671|1516|1508|225|380|1998|771|1904|759|94|156|148|165|148|165|0|216|1087|678|1047|650|40|67|7290|2778|2951|1834|4339|1995|609|413|525|381|84|128|372|516|372|516|0|216|548|754|270|431|278|340|0|216|0|216|0|216|1091|1057|545|562|546|882|1425|975|1034|654|391|521|3684|1567|2883|1288|801|594|4759|2634|3885|2570|874|504|2414|1285|1559|813|855|576|1101|907|698|665|403|342|4309|2098|2122|951|2187|1311|1863|1466|1416|1008|447|669|162|169|162|169|0|216|806|651|806|651|0|216|304|273|93|160|211|207|5605|2024|2349|874|3256|1548|791|584|403|369|388|333|1953|982|948|701|1005|560|0|216|0|216|0|216|2989|1434|1242|681|1747|981|247|245|141|174|106|178|837|709|521|467|316|414|7404|2824|4615|2014|2789|1191|3455|1156|2519|961|936|628|358|490|272|354|86|142|1688|942|1442|788|246|241|1637|972|1355|853|282|289|2894|1502|2385|1241|509|412|13387|3935|11116|3262|2271|1214|2508|1466|1836|1261|672|516|0|216|0|216|0|216|315|373|315|373|0|216|693|522|611|500|82|141
0500000US24027|316295|4|225962|5453|18698|2298|11333|2052|7365|1765|2986|1788|2074|1365|912|801|656|770|476|525|180|277|540|380|540|380|0|216|1186|1039|443|345|743|898|615|484|615|484|0|216|0|216|0|216|0|216|222|211|174|196|48|80|212|137|81|132|131|106|270|288|270|288|0|216|70|80|70|80|0|216|1011|899|927|874|84|138|44|73|44|73|0|216|557|418|142|150|415|400|2402|1308|1626|895|776|610|5127|1780|4648|1698|479|351|4675|2691|3626|2235|1049|695|1002|775|886|642|116|188|1105|652|996|582|109|128|965|693|848|678|117|191|816|792|816|792|0|216|4211|1762|3550|1668|661|669|1972|1069|1705|964|267|245|1548|1190|1412|1154|136|196|7434|1911|4834|1350|2600|940|1052|841|610|556|442|418|12012|2664|6456|2197|5556|1304|0|216|0|216|0|216|1942|991|1164|686|778|457|0|216|0|216|0|216|421|650|0|216|421|650|1042|769|721|650|321|233|1949|991|1555|898|394|353|150|248|150|248|0|216|2469|1609|1553|1150|916|773|38|67|38|67|0|216|2483|1835|2238|1679|245|240|5166|2401|4932|2468|234|295|528|474|440|385|88|151|0|216|0|216|0|216|747|1000|747|1000|0|216|2010|1599|1573|1169|437|561
0500000US24031|993830|143|559964|9491|174769|4884|105296|4566|69473|5895|26556|4340|18848|3625|7708|1785|3516|1308|2869|1203|647|450|2318|948|1913|861|405|289|7593|2413|4831|1755|2762|1302|4249|1238|4088|1220|161|149|1327|771|1175|730|152|177|2483|1080|2346|1041|137|166|13198|3262|9804|2475|3394|1400|1525|842|929|459|596|635|478|333|436|302|42|71|1559|989|1318|801|241|306|1111|722|849|657|262|271|10127|2420|6690|1721|3437|1310|3270|1182|2648|999|622|398|6633|1649|4896|1259|1737|911|8624|3572|5401|2128|3223|1697|1980|929|1539|792|441|381|3309|1598|2671|1294|638|434|4645|2319|3180|1460|1465|1060|2697|1308|1672|740|1025|1002|3919|1718|3080|1441|839|542|5684|2644|4037|1799|1647|1218|2565|1016|2354|940|211|252|40665|4063|20521|2776|20144|3044|4401|1813|2364|988|2037|1369|10372|2244|5696|1294|4676|1361|243|395|145|236|98|160|8790|2204|4633|1460|4157|1341|745|529|401|277|344|296|2197|1297|902|483|1295|896|4648|1821|2928|1159|1720|940|9109|2043|6501|1729|2608|1051|2115|1318|1448|893|667|605|5648|2041|4333|1833|1315|757|3127|1371|2865|1168|262|357|24520|4773|16377|3487|8143|1977|13021|3392|10482|2852|2539|1070|4687|3062|4037|2972|650|543|0|216|0|216|0|216|0|216|0|216|0|216|5443|2663|4750|2555|693|559
0500000US24033|895864|150|643358|7952|160669|3197|68863|4322|91806|4479|10717|2496|7307|1800|3410|1357|4824|1840|4012|1624|812|675|670|597|469|345|201|345|991|532|526|404|465|350|1227|592|1142|575|85|141|77|91|36|60|41|69|217|221|164|203|53|86|796|541|732|475|64|105|62|101|62|101|0|216|88|145|88|145|0|216|103|150|45|72|58|80|0|216|0|216|0|216|1581|990|471|329|1110|804|1298|1039|625|533|673|705|1496|1113|1188|995|308|321|1595|1402|1251|1016|344|439|248|397|107|168|141|231|715|488|544|382|171|166|701|464|433|320|268|280|1639|976|1218|743|421|404|343|294|304|266|39|64|535|599|483|575|52|87|940|712|533|485|407|386|5184|1489|2551|881|2633|1116|717|819|506|528|211|331|2597|1191|1682|885|915|497|75|118|75|118|0|216|3598|1677|1593|878|2005|951|235|265|178|200|57|99|285|244|78|113|207|209|1397|1105|1254|1081|143|150|5309|1497|4065|1327|1244|622|343|246|135|108|208|208|4894|2718|2648|1639|2246|2207|131|157|131|157|0|216|6545|2109|3222|1332|3323|1475|21210|4624|17667|4027|3543|1651|4738|2239|3770|2057|968|799|0|216|0|216|0|216|161|206|161|206|0|216|3555|1522|3006|1406|549|386
0500000US25017|1533602|103|1111013|12510|93902|4173|60632|3807|33270|3973|14431|2892|10821|2361|3610|1471|17317|4175|11340|3210|5977|1785|11728|2477|9090|2107|2638|1019|57836|8246|26185|3873|31651|6354|5432|1377|5385|1367|47|83|950|529|914|532|36|59|6012|2254|4605|1698|1407|992|13572|2466|8990|2174|4582|1127|1678|698|1416|628|262|263|1207|805|719|474|488|419|3576|1725|2238|1359|1338|980|3333|1447|2660|1239|673|389|3953|1540|2415|1020|1538|811|7043|2376|4781|2124|2262|1122|13750|3431|11538|2868|2212|1333|4865|2320|3281|1389|1584|1135|1715|1077|750|459|965|730|3751|1223|3018|1086|733|464|9238|2811|6161|1812|3077|1559|6943|1793|5473|1508|1470|697|6300|2258|4186|1488|2114|1495|6361|1658|5812|1596|549|380|2399|1119|2165|1036|234|243|58059|5001|34166|3254|23893|3443|2828|1122|1872|822|956|623|7972|2096|5043|1545|2929|1149|0|218|0|218|0|218|11952|2992|4922|1360|7030|2355|11218|3161|5274|1804|5944|2101|820|457|336|217|484|392|3955|2056|2397|1373|1558|1157|1034|581|998|572|36|62|1242|969|814|696|428|342|9700|3390|5341|1836|4359|2241|3668|1704|3050|1450|618|567|4793|2354|2581|1391|2212|1512|2459|879|2115|785|344|323|4934|1883|4448|1767|486|356|0|218|0|218|0|218|40|67|40|67|0|218|623|521|505|422|118|141
0500000US25021|687168|168|528557|6796|23348|2863|16221|2732|7127|2440|3822|1217|3212|1141|610|377|11643|2899|6837|2171|4806|1632|3515|1386|3168|1298|347|269|11148|3498|6160|2482|4988|2136|3495|1820|3453|1816|42|63|376|391|336|331|40|68|2753|1167|1627|868|1126|758|5263|1627|2804|1152|2459|857|1448|810|497|475|951|694|569|528|569|528|0|218|1035|751|825|677|210|206|65|106|65|106|0|218|322|297|322|297|0|218|1423|1068|1216|932|207|199|4237|1717|3719|1438|518|449|1359|1023|877|598|482|564|0|218|0|218|0|218|106|180|106|180|0|218|597|575|511|516|86|104|5513|3150|3566|2238|1947|1189|2584|1314|1739|992|845|708|756|536|631|459|125|154|329|388|329|388|0|218|37898|4308|16613|2688|21285|3303|1757|1306|1272|1000|485|463|2068|1007|1418|851|650|483|0|218|0|218|0|218|12682|3493|4678|1594|8004|2511|355|470|0|218|355|470|678|544|330|291|348|462|542|446|443|404|99|122|2022|985|1803|889|219|193|707|651|491|367|216|346|6411|2590|4715|2168|1696|1111|3134|1824|2637|1511|497|470|1323|1042|879|885|444|614|1752|1003|1681|967|71|119|512|515|512|515|0|218|0|218|0|218|0|218|228|375|0|218|228|375|836|565|666|479|170|227
0500000US25025|733579|5|440984|8843|146601|4533|71615|4787|74986|4763|7766|2375|5231|1764|2535|1277|24205|4723|9397|2210|14808|3477|2409|895|1847|821|562|302|15435|3595|6641|2103|8794|2422|1311|551|1153|508|158|198|221|206|187|177|34|62|1851|829|1459|665|392|321|3131|998|1541|780|1590|627|816|514|551|347|265|300|1343|989|1167|876|176|211|584|365|398|254|186|257|61|83|52|77|9|18|1008|585|914|558|94|117|1086|567|748|439|338|358|3356|1167|2224|826|1132|741|2077|2228|1800|1898|277|347|2399|3073|2114|2669|285|411|413|397|331|328|82|137|1343|1307|839|849|504|498|6062|2287|4494|1760|1568|964|747|606|706|605|41|68|848|481|745|402|103|174|18|30|18|30|0|218|27895|3430|11045|1633|16850|2821|1596|890|819|470|777|518|2662|892|1589|561|1073|779|0|218|0|218|0|218|10115|2442|3440|1176|6675|1854|407|340|195|250|212|218|388|302|149|207|239|211|1860|1036|1143|744|717|554|1399|539|1039|423|360|327|238|241|238|241|0|218|8601|2966|6186|2368|2415|924|1156|534|1086|503|70|113|4871|2532|3088|1704|1783|1109|2684|1452|1714|985|970|662|1164|757|802|531|362|458|0|218|0|218|0|218|267|261|267|261|0|218|2201|1184|1928|1080|273|231
0500000US25027|818206|58|643758|8497|77293|4169|47743|3534|29550|3690|4632|1220|3945|1125|687|419|3164|1685|2129|1447|1035|868|1958|845|1412|670|546|351|16643|3917|8986|2379|7657|2244|2515|1555|2345|1548|170|160|2513|3000|1899|2070|614|947|1845|984|1754|942|91|108|1864|783|1276|729|588|318|3309|1440|2357|1167|952|623|311|445|39|63|272|440|75|91|25|40|50|81|246|288|204|237|42|68|407|389|210|211|197|191|2313|2050|1605|1654|708|550|3483|1372|2628|1175|855|759|1403|943|1171|797|232|295|1012|1072|918|970|94|160|509|430|332|311|177|260|2113|1250|1475|967|638|803|6607|2428|4002|1541|2605|1163|2635|1336|2262|1189|373|361|1715|886|1665|890|50|82|334|357|334|357|0|218|7039|1965|4260|1412|2779|1102|290|263|210|180|80|136|1121|613|681|497|440|345|1278|1662|708|930|570|741|6625|2351|2806|1130|3819|2038|189|218|136|187|53|92|822|654|343|303|479|392|576|801|280|395|296|407|647|592|439|455|208|205|156|183|156|183|0|218|5666|2952|3279|2098|2387|1380|118|149|118|149|0|218|80|133|0|218|80|133|7367|2139|5738|1714|1629|829|1991|964|1842|916|149|194|0|218|0|218|0|218|77|124|77|124|0|218|1507|978|1008|748|499|458
0500000US26099|830334|-555555555|705107|8153|12727|2277|7924|1519|4803|1371|1847|792|1244|696|603|560|0|181|0|181|0|181|4376|1459|3339|1269|1037|598|726|497|545|333|181|214|2337|884|2197|888|140|146|139|178|41|68|98|165|1165|475|926|429|239|173|166|170|0|181|166|170|4943|1331|3082|1051|1861|774|3431|1708|1960|1188|1471|830|3996|1471|2228|1081|1768|787|343|341|100|162|243|234|68|117|68|117|0|181|881|726|594|507|287|303|1712|826|1364|762|348|346|1336|948|1094|824|242|243|637|521|379|403|258|308|10625|2565|5275|1944|5350|1539|264|377|147|235|117|150|14528|3429|7604|1988|6924|2278|100|165|100|165|0|181|0|181|0|181|0|181|1070|714|637|506|433|332|3316|1655|1920|1112|1396|781|68|113|0|181|68|113|1516|946|504|456|1012|797|2507|1434|1700|1183|807|484|2001|1136|1006|766|995|524|505|753|0|181|505|753|169|174|58|106|111|135|81|134|40|66|41|69|3076|1101|2157|892|919|566|232|291|205|289|27|48|23745|4664|12182|2937|11563|2632|31|61|31|61|0|181|19874|4667|11069|3430|8805|2433|385|381|385|381|0|181|0|181|0|181|0|181|0|181|0|181|0|181|181|269|181|269|0|181|123|158|86|147|37|62
0500000US26125|1204503|4|1019844|7562|30288|3488|21671|2797|8617|1736|3198|1115|2240|837|958|685|264|248|264|248|0|181|2567|968|1996|875|571|322|2782|1033|2039|984|743|577|5392|1517|4863|1440|529|384|1541|831|1139|632|402|457|2066|773|1681|655|385|267|5115|1504|2493|930|2622|1028|2942|1001|2342|945|600|353|1087|689|644|496|443|390|4793|1514|2493|929|2300|894|2304|1875|1942|1867|362|299|1167|640|996|587|171|210|3806|2172|3499|2062|307|307|9759|2548|8629|2375|1130|568|5319|2215|4078|1851|1241|685|705|446|624|376|81|135|2439|1280|1727|887|712|592|3471|1218|2891|1146|580|372|9901|3096|6443|2248|3458|1493|8569|2326|7454|2040|1115|640|2901|1573|2458|1494|443|382|4485|1536|3743|1500|742|514|16121|2729|8048|1695|8073|1874|6292|1764|2260|1053|4032|1466|7192|2108|3165|1204|4027|1199|810|676|597|551|213|243|2056|1395|1121|1093|935|672|188|313|188|313|0|181|535|385|408|303|127|128|45|75|45|75|0|181|3208|1043|2849|1025|359|293|782|704|734|669|48|82|18591|3268|13226|2743|5365|1374|1741|893|1628|881|113|109|7628|2291|6318|1913|1310|688|1304|1075|710|688|594|719|412|490|204|245|208|271|0|181|0|181|0|181|92|145|92|145|0|181|801|856|543|473|258|422
0500000US26163|1662259|4|1397925|9603|68591|4878|43984|4181|24607|2812|3413|1336|2795|1009|618|492|272|302|272|302|0|181|3021|829|1944|680|1077|468|867|571|531|339|336|366|2438|957|2233|972|205|181|262|270|262|270|0|181|727|313|628|288|99|148|566|430|188|184|378|338|2540|838|1501|557|1039|481|2000|1143|687|506|1313|771|4073|2155|2651|1703|1422|638|155|189|79|138|76|127|1336|957|621|462|715|652|4262|1914|3488|1813|774|360|3442|1331|2584|991|858|665|3667|1400|2560|1038|1107|567|3345|1746|1850|1007|1495|925|9993|2370|2998|822|6995|1916|1400|888|1400|888|0|181|9981|2925|6691|2014|3290|1392|964|595|829|530|135|144|2497|1210|2375|1180|122|109|2163|1279|2058|1276|105|128|6656|1493|3846|1044|2810|887|3235|1643|2773|1520|462|386|1062|525|465|333|597|370|70|94|0|181|70|94|2649|1276|1545|842|1104|677|406|483|132|144|274|352|33|58|33|58|0|181|1622|1335|820|765|802|723|2703|1083|1955|874|748|445|173|168|44|73|129|151|109704|7831|65473|5535|44231|4794|578|495|347|337|231|329|394|274|212|187|182|186|1480|828|1066|633|414|339|134|116|96|96|38|64|0|181|0|181|0|181|134|136|134|136|0|181|1326|791|814|489|512|581
0500000US27053|1192289|433|989215|9968|61229|3972|38882|3545|22347|3253|7332|2336|5022|1610|2310|1319|246|192|103|168|143|208|297|267|275|264|22|35|1318|707|1050|631|268|261|2843|859|2735|843|108|106|685|503|685|503|0|157|193|210|143|141|50|85|5404|1751|2742|1129|2662|1097|654|399|654|399|0|157|932|765|668|536|264|295|848|539|590|371|258|249|0|157|0|157|0|157|428|333|428|333|0|157|1106|1095|459|470|647|959|3934|1821|3667|1756|267|264|156|208|39|68|117|198|353|464|353|464|0|157|1165|694|949|547|216|215|3680|2120|3527|2075|153|184|2931|1054|2036|694|895|807|3111|1553|1865|1125|1246|1087|2995|2036|2995|2036|0|157|1151|846|1151|846|0|157|9985|2541|6488|1931|3497|1242|1640|632|1201|515|439|319|1086|443|696|379|390|281|13770|3089|9400|2158|4370|1818|7103|2273|2868|1288|4235|1611|1230|893|632|612|598|573|1882|948|677|486|1205|674|2263|1558|1040|570|1223|1148|2342|1560|1436|1059|906|732|825|661|491|435|334|443|5309|2658|4125|1993|1184|1048|449|275|449|275|0|157|31414|6266|19083|4885|12331|2591|13220|4729|8715|3528|4505|1800|5426|2640|3512|2001|1914|1169|0|157|0|157|0|157|601|558|601|558|0|157|1538|881|953|634|585|418
0500000US29189|940355|171|853628|6326|19001|2680|12341|2412|6660|1580|3635|1682|3169|1397|466|451|0|198|0|198|0|198|643|521|566|489|77|129|782|629|631|464|151|176|2114|754|1849|716|265|209|583|568|583|568|0|198|601|501|373|274|228|284|2300|1102|1507|898|793|534|84|124|84|124|0|198|10550|3177|6051|2175|4499|1652|532|353|318|285|214|208|0|198|0|198|0|198|186|240|138|227|48|79|343|344|87|143|256|316|4281|1798|3859|1670|422|378|1588|1057|1319|939|269|271|2140|2151|1211|1510|929|736|786|595|667|525|119|196|507|516|407|473|100|130|2538|1638|1988|1508|550|437|3148|1487|2751|1401|397|416|2321|1271|1730|1169|591|764|145|186|134|181|11|19|9995|1960|5781|1595|4214|1251|198|189|159|178|39|64|1407|920|733|592|674|460|0|198|0|198|0|198|5340|2496|1402|1067|3938|1815|262|373|262|373|0|198|714|729|291|319|423|456|1519|1179|1065|1089|454|421|1550|640|1274|577|276|170|306|238|172|203|134|129|2863|1727|2018|1313|845|587|394|380|312|300|82|95|1264|995|997|898|267|330|1053|808|967|805|86|143|374|313|159|155|215|249|0|198|0|198|0|198|98|126|98|126|0|198|582|538|549|537|33|40
0500000US32003|2159933|-555555555|1450189|15195|478944|10474|289889|9676|189055|7692|4547|1244|3362|899|1185|918|800|688|523|420|277|350|3291|1336|1934|793|1357|737|4775|1914|3771|1631|1004|626|4497|1340|3711|1269|786|394|926|564|926|564|0|221|961|626|573|447|388|435|4340|1347|2660|869|1680|862|803|521|534|448|269|269|4223|3113|2948|2354|1275|977|2765|1188|1647|791|1118|749|4450|1774|3180|1462|1270|764|4412|1936|2988|1300|1424|816|399|454|311|440|88|102|3131|1487|2352|1175|779|689|351|376|285|360|66|111|1577|1356|1032|946|545|553|36|60|36|60|0|221|846|634|595|458|251|267|4401|1744|3508|1470|893|567|897|721|658|623|239|247|986|682|869|575|117|192|220|270|220|270|0|221|37356|5457|15599|3119|21757|3439|6691|1822|4400|1515|2291|998|9253|2536|3508|1165|5745|1709|0|221|0|221|0|221|9215|2424|4139|1512|5076|1631|818|582|580|477|238|252|5387|1590|2577|850|2810|1216|1783|1070|1218|652|565|498|73079|5538|50237|4973|22842|2754|8480|2517|5355|1489|3125|1425|7868|2321|4873|1960|2995|1307|2438|815|1644|701|794|383|9879|3655|5703|2268|4176|1774|1060|809|459|433|601|644|1011|759|956|721|55|93|384|359|384|359|0|221|332|236|332|236|0|221|2132|1092|1778|953|354|306
0500000US34003|906043|3|537427|11321|143607|6481|91164|6158|52443|4801|1114|577|986|548|128|122|1638|1783|840|947|798|888|9943|2566|6712|1737|3231|1447|5311|1743|3425|1165|1886|843|1786|703|1526|590|260|272|229|243|229|243|0|222|3093|1522|2774|1475|319|243|13988|3160|8990|2461|4998|1323|12811|2783|5919|1525|6892|1818|3241|1685|2292|1509|949|604|4782|1430|3210|1347|1572|1280|1150|589|860|463|290|249|2025|2029|1771|2008|254|305|4660|1635|3306|1247|1354|709|7784|2632|6976|2441|808|603|5644|2604|4315|2036|1329|1195|2113|1232|1519|867|594|471|1473|1105|985|794|488|557|2109|1206|1847|991|262|318|5369|1863|3311|1211|2058|1089|1558|1188|1005|756|553|546|2434|1957|2100|1860|334|348|4194|1611|2684|1138|1510|833|16124|3575|8629|2555|7495|2100|4141|1503|1539|766|2602|1175|50926|5271|24685|3524|26241|3357|0|222|0|222|0|222|724|685|185|190|539|657|0|222|0|222|0|222|501|427|148|148|353|364|5493|2542|3636|1694|1857|1068|16683|3147|10642|2256|6041|1904|668|759|608|752|60|102|14101|3794|9817|2776|4284|2007|8341|3095|7403|2975|938|667|147|265|147|265|0|222|2986|1800|2502|1714|484|434|1078|863|575|572|503|607|0|222|0|222|0|222|57|102|0|222|57|102|4590|2585|3617|2174|973|837
0500000US34013|801242|201|506263|11426|150540|5009|80742|4655|69798|5622|9388|2516|6669|2025|2719|1304|21433|5961|11731|3633|9702|3563|6555|2143|4854|1839|1701|833|30994|4624|13697|2926|17297|3155|1504|1193|959|1107|545|429|720|722|720|722|0|222|947|670|596|411|351|371|1677|757|851|514|826|535|2589|1389|1419|787|1170|818|244|237|220|228|24|39|1078|770|883|668|195|327|568|703|514|694|54|89|651|472|560|453|91|150|2220|1223|1987|1170|233|234|5081|2175|4083|1849|998|916|1151|1361|495|483|656|966|0|222|0|222|0|222|1417|972|890|668|527|605|1203|1048|1051|1028|152|184|1256|636|699|469|557|396|1489|994|1013|1150|476|661|539|569|187|250|352|504|1741|1651|423|391|1318|1573|8014|1867|3909|1118|4105|1237|615|416|397|219|218|281|2849|1533|1936|1066|913|602|0|222|0|222|0|222|628|590|429|550|199|208|0|222|0|222|0|222|674|764|312|383|362|423|1358|1121|1083|981|275|302|6830|1910|5906|1815|924|579|947|807|469|516|478|461|4333|2226|3506|1899|827|1073|1556|1111|1219|901|337|334|613|464|437|376|176|279|17119|3678|14725|3261|2394|1123|2066|1396|1368|913|698|780|0|222|0|222|0|222|0|222|0|222|0|222|2392|1465|2082|1296|310|388
0500000US34017|656958|160|288646|9051|223367|7123|126162|7085|97205|6069|4328|1745|3818|1621|510|402|1810|1207|997|791|813|993|2633|888|2339|837|294|231|12858|3688|7889|2295|4969|1753|1467|773|1264|678|203|223|1119|902|905|627|214|358|683|479|640|466|43|69|3829|1502|3153|1257|676|474|2924|1294|1686|893|1238|708|1035|980|929|956|106|126|1289|706|810|557|479|409|242|265|242|265|0|222|139|171|139|171|0|222|6974|3644|3689|1868|3285|1985|18561|4216|16693|3892|1868|869|3142|1315|2632|1277|510|407|1090|861|649|508|441|642|1931|964|1072|693|859|509|2572|1303|1997|1173|575|490|2431|1761|2062|1691|369|371|3993|1819|3632|1722|361|374|2094|1324|1736|1044|358|400|590|505|521|475|69|104|19004|3154|12205|2372|6799|1870|1522|1174|623|576|899|725|4796|1743|3219|1349|1577|927|0|222|0|222|0|222|2191|1459|1146|879|1045|921|0|222|0|222|0|222|432|443|94|144|338|333|929|638|539|424|390|426|15290|2373|11424|2389|3866|1127|824|470|452|336|372|333|17627|4233|12241|3658|5386|1701|1737|1108|1644|1052|93|161|485|437|101|126|384|419|1448|920|1397|909|51|82|523|504|420|465|103|178|0|222|0|222|0|222|94|146|0|222|94|146|309|239|143|137|166|230
0500000US34023|814443|152|430480|8821|149261|4297|81148|4914|68113|4955|2012|935|1670|878|342|321|3856|3218|2917|2535|939|878|4200|1758|2541|1287|1659|839|7755|2340|5732|1961|2023|1046|964|490|919|484|45|74|318|224|230|178|88|140|2205|1306|1830|1197|375|264|4190|1141|2527|892|1663|743|8503|2471|4963|1723|3540|1400|254|304|254|304|0|222|5021|2779|2690|1695|2331|1455|86|143|86|143|0|222|245|313|199|245|46|74|30799|4855|19912|3611|10887|1977|24952|3912|20243|3292|4709|1599|11129|3273|8476|2528|2653|1141|8791|3171|4610|1826|4181|1624|3935|1337|3270|1161|665|345|10182|2676|8707|2512|1475|812|1376|992|981|826|395|297|18099|3407|15392|3176|2707|1063|10454|2326|8115|2053|2339|1216|3657|1632|3465|1606|192|180|27847|3791|13784|2781|14063|2054|285|269|154|182|131|133|4107|1216|1242|553|2865|1074|0|222|0|222|0|222|2967|1417|1255|700|1712|918|0|222|0|222|0|222|380|432|248|318|132|221|1351|929|851|627|500|395|12149|3163|10213|2931|1936|761|955|647|666|474|289|221|11220|3575|7802|2728|3418|1211|861|415|697|410|164|260|94|124|94|124|0|222|6637|2668|5729|2411|908|613|649|631|514|539|135|228|0|222|0|222|0|222|84|140|84|140|0|222|2133|1120|1031|568|1102|910
0500000US34027|486176|80|363547|5640|52113|3243|32140|3160|19973|3251|1078|791|1005|782|73|116|495|523|362|347|133|222|4146|1215|3563|1145|583|380|4159|1694|3402|1298|757|601|1115|550|1055|546|60|103|198|207|198|207|0|222|2011|1131|1591|1039|420|368|1908|960|1310|735|598|456|1780|692|1218|515|562|356|923|715|469|491|454|381|2262|1769|1427|1047|835|805|87|141|87|141|0|222|500|533|471|507|29|49|5998|1779|3956|1304|2042|822|6479|2267|5766|2034|713|500|1551|1111|1301|938|250|254|494|467|494|467|0|222|509|560|509|560|0|222|944|657|889|631|55|92|1126|743|987|646|139|230|2573|1365|2245|1233|328|337|1638|1234|1424|1135|214|321|2887|1835|2425|1620|462|657|11859|2400|6461|1664|5398|1671|196|230|0|222|196|230|2185|1006|907|537|1278|680|0|222|0|222|0|222|697|623|160|221|537|590|0|222|0|222|0|222|350|357|294|301|56|94|572|470|317|278|255|283|2503|1096|1835|903|668|636|129|224|0|222|129|224|1650|1003|1017|788|633|436|669|513|669|513|0|222|116|203|116|203|0|222|3053|1903|2969|1889|84|156|80|135|80|135|0|222|0|222|0|222|0|222|122|206|122|206|0|222|1474|744|1090|626|384|327
0500000US34039|537275|7|288327|8656|154185|3895|69184|4261|85001|4705|3718|1410|3053|1222|665|357|18462|5371|10466|3397|7996|2889|2244|1069|1448|785|796|633|20623|4322|13429|3256|7194|1928|861|406|861|406|0|222|377|300|242|206|135|163|2979|2712|1765|2037|1214|903|1349|821|938|719|411|341|7037|2106|4654|1766|2383|926|597|564|459|388|138|229|1760|803|1286|771|474|411|210|364|210|364|0|222|412|450|313|339|99|126|3446|1760|2354|1138|1092|823|1966|937|1823|880|143|179|1508|986|978|655|530|405|43|73|43|73|0|222|992|873|608|608|384|378|752|716|413|371|339|369|1484|1211|1113|1110|371|426|110|131|81|101|29|49|329|418|329|418|0|222|459|423|459|423|0|222|6089|1444|4383|1154|1706|718|112|191|112|191|0|222|771|434|426|225|345|290|0|222|0|222|0|222|981|1021|730|783|251|279|0|222|0|222|0|222|0|222|0|222|0|222|46|79|0|222|46|79|5037|1790|3396|1318|1641|837|266|330|56|97|210|314|3418|1443|2109|1088|1309|520|604|591|596|587|8|16|0|222|0|222|0|222|2885|1243|2448|1260|437|514|1626|1105|1044|782|582|382|0|222|0|222|0|222|0|222|0|222|0|222|1210|756|827|510|383|424
0500000US36005|1329788|283|572263|17112|610309|12598|348535|11922|261774|12109|17079|4901|7682|2978|9397|3228|5783|2980|4627|2232|1156|1038|5369|1792|2784|1145|2585|1175|883|587|624|496|259|290|250|195|250|195|0|217|735|908|597|882|138|189|625|435|450|374|175|227|2554|1034|1369|842|1185|615|678|449|341|266|337|330|1281|1366|772|893|509|522|1375|1054|574|565|801|640|0|217|0|217|0|217|0|217|0|217|0|217|33|57|33|57|0|217|751|491|532|466|219|184|2376|1590|698|484|1678|1222|247|295|247|295|0|217|21393|3491|10936|2309|10457|2208|156|240|63|100|93|142|10394|3407|6457|2350|3937|1526|72|123|34|58|38|66|602|621|430|592|172|159|0|217|0|217|0|217|6437|1826|1880|951|4557|1224|319|302|250|279|69|113|1510|825|281|265|1229|703|152|251|152|251|0|217|2995|1351|1041|622|1954|862|1431|799|579|402|852|519|75|119|0|217|75|119|799|1000|572|947|227|262|3436|1246|1981|774|1455|839|672|763|462|481|210|342|6626|2315|4140|1615|2486|1007|887|612|857|603|30|51|3009|1771|2253|1399|756|603|44187|7162|32484|6253|11703|3662|466|406|199|223|267|307|0|217|0|217|0|217|0|217|0|217|0|217|1579|597|1137|572|442|298
0500000US36047|2463541|654|1410472|19301|338325|8638|177821|8397|160504|7206|20098|3296|15097|2788|5001|1572|62293|8556|37856|5497|24437|4243|18286|3303|12189|2690|6097|1468|4053|1779|2181|1158|1872|1183|3698|1263|3526|1172|172|226|88003|11193|40757|5543|47246|9133|4809|1767|3546|1451|1263|591|141441|9338|52462|5577|88979|6306|15108|3205|6993|2213|8115|1745|1864|992|1354|794|510|444|13638|3549|4577|1556|9061|2942|172|173|123|149|49|83|6358|2244|2582|1072|3776|1528|317|285|204|219|113|186|2699|1142|2220|1078|479|385|17205|3599|8421|2280|8784|2239|1168|804|546|414|622|474|18736|4276|7811|2058|10925|2942|1440|845|1048|594|392|504|13070|3402|6966|2113|6104|1842|480|399|480|399|0|217|364|477|364|477|0|217|1262|794|897|603|365|467|163553|6237|53676|3881|109877|5536|5442|1612|3621|1342|1821|824|5561|1287|3300|909|2261|803|0|217|0|217|0|217|2992|1178|1446|542|1546|927|427|499|153|184|274|324|458|304|172|142|286|269|11797|3213|4658|1685|7139|2017|7757|2266|5003|1433|2754|1409|352|269|267|236|85|103|25257|4769|15568|3141|9689|2342|19995|5384|16817|5166|3178|1193|1154|987|1092|986|62|102|17681|4824|13305|4411|4376|1836|2690|2951|2283|2844|407|499|0|217|0|217|0|217|0|217|0|217|0|217|13066|3563|6606|1638|6460|2966
0500000US36055|715736|60|624401|6189|39786|3382|26015|2935|13771|2901|4040|1970|2915|1665|1125|880|1291|1069|679|504|612|652|3739|981|2522|872|1217|430|1998|1806|1455|1376|543|518|1746|776|1440|744|306|195|737|443|687|429|50|107|620|450|290|278|330|275|1572|753|522|436|1050|655|1111|701|913|597|198|192|1709|1312|894|1000|815|856|4770|2271|3107|1793|1663|1033|275|455|154|254|121|202|223|263|223|263|0|217|174|199|174|199|0|217|1075|604|1020|588|55|94|389|463|216|295|173|242|192|263|192|263|0|217|1460|749|920|491|540|417|1957|1029|732|645|1225|917|1312|896|990|692|322|337|190|299|190|299|0|217|94|114|94|114|0|217|847|733|681|595|166|213|5351|1391|3774|1238|1577|611|195|260|195|260|0|217|1498|762|546|371|952|640|0|217|0|217|0|217|1311|737|649|401|662|424|0|217|0|217|0|217|551|416|309|274|242|264|2794|1654|1011|773|1783|1146|1176|729|646|496|530|447|66|112|66|112|0|217|3356|1638|1660|928|1696|1357|441|597|441|597|0|217|1827|1622|1220|1207|607|502|129|139|129|139|0|217|1106|940|735|662|371|598|0|217|0|217|0|217|31|53|31|53|0|217|196|144|70|96|126|148
0500000US36059|1317430|301|936763|11874|163550|6814|94554|5480|68996|6200|4894|1983|3890|1712|1004|610|16195|3990|10892|3184|5303|1567|18712|2628|14450|2289|4262|1054|6290|2271|4907|2188|1383|588|2479|818|2274|815|205|162|2771|2544|2004|1633|767|1062|7967|2152|5792|1692|2175|757|6907|2609|5923|2258|984|536|2450|1042|1577|806|873|507|2111|1501|1837|1489|274|197|1883|1021|1366|795|517|427|1208|765|799|361|409|514|8073|2491|5568|2414|2505|960|4892|2059|3083|1330|1809|913|8699|3433|5658|1862|3041|2477|10684|3162|7794|2451|2890|1043|8662|3059|6217|2470|2445|1039|4851|1866|2449|998|2402|1157|1099|798|659|474|440|512|3773|1918|2619|1269|1154|888|963|656|686|484|277|435|1576|1028|1151|816|425|629|8988|2325|5991|1751|2997|1031|35843|4257|18101|2507|17742|2468|1364|882|706|551|658|424|13142|3223|6267|2022|6875|1644|0|217|0|217|0|217|328|325|170|235|158|156|0|217|0|217|0|217|431|327|228|213|203|196|3667|2212|1746|979|1921|1399|7240|1795|5644|1506|1596|748|395|256|131|125|264|231|3152|1951|1761|1062|1391|1058|8006|3677|7166|3567|840|552|0|217|0|217|0|217|4053|2049|3665|1877|388|302|97|158|97|158|0|217|0|217|0|217|0|217|0|217|0|217|0|217|3272|1549|2833|1416|439|316
0500000US36061|1506558|297|940334|15054|312364|8475|179582|7393|132782|7878|30194|5270|26507|4778|3687|1430|3656|3074|3327|3048|329|336|7731|3032|5771|1993|1960|2183|6104|1722|5287|1529|817|493|7005|1898|6829|1873|176|289|1743|850|1660|830|83|139|4943|2781|4401|2749|542|372|14604|3788|10886|2825|3718|1545|6232|2843|4149|2149|2083|1172|1955|1017|1462|890|493|678|3085|1669|2223|1474|862|745|1906|1677|1419|1019|487|813|5220|5113|2588|1661|2632|3698|558|422|413|319|145|253|8954|2906|7512|2647|1442|830|4719|1799|3940|1523|779|833|357|425|153|190|204|256|3616|2137|2274|1353|1342|1012|463|413|463|413|0|217|8465|3043|7450|2687|1015|713|437|544|437|544|0|217|467|304|458|304|9|19|1048|633|806|522|242|220|74385|6459|36447|4619|37938|4513|9865|2214|4943|1408|4922|1531|8611|2515|5607|2040|3004|1296|0|217|0|217|0|217|1723|943|1373|830|350|405|0|217|0|217|0|217|892|829|177|213|715|835|1972|1301|1170|649|802|779|4432|1769|3886|1738|546|383|1708|1101|976|652|732|648|9443|2673|7271|2306|2172|1279|8009|3207|7048|3050|961|654|1334|793|889|584|445|364|3802|2827|3001|2458|801|695|1633|1143|1177|959|456|647|0|217|0|217|0|217|363|330|0|217|363|330|2226|1264|1817|928|409|660
0500000US36081|2199677|169|1000116|15985|516251|10427|258652|9569|257599|9212|12384|2879|8745|1929|3639|1546|24928|3935|13849|2712|11079|2616|21273|3535|12503|2724|8770|1748|5915|1535|3626|1086|2289|880|4166|1281|3657|1203|509|366|1512|731|1293|661|219|177|19749|3209|14048|2677|5701|1459|28013|5140|15072|4520|12941|2534|22342|4050|11574|2870|10768|2732|6708|2116|3945|1633|2763|1113|5838|1717|3449|1211|2389|991|936|502|637|398|299|288|2761|1338|1425|821|1336|805|4437|1753|2094|1170|2343|972|13176|2639|7279|1770|5897|1602|15769|3939|10248|3045|5521|1514|16139|3733|6554|1809|9585|2153|84349|8184|36082|4401|48267|6004|14060|3642|6431|2145|7629|2327|20619|4596|13848|3530|6771|1847|1339|892|1181|815|158|154|2052|1241|1493|994|559|478|2103|1088|1373|884|730|490|205371|9859|68020|5090|137351|7807|6973|2173|3364|1048|3609|1511|41420|5224|14884|2805|26536|3331|0|217|0|217|0|217|2634|1247|1174|636|1460|822|49|81|49|81|0|217|4134|1443|1486|747|2648|1096|15228|3583|7206|2274|8022|2452|30427|4618|20856|3394|9571|2415|4229|1750|2669|1218|1560|795|16269|4105|9482|2715|6787|2220|5833|2474|5276|2449|557|472|292|251|63|106|229|230|8927|2939|6323|2571|2604|1463|1194|1061|856|843|338|325|0|217|0|217|0|217|280|281|280|281|0|217|9482|3661|5483|2580|3999|1551
0500000US36103|1447318|201|1113334|13958|207731|8524|118903|6065|88828|8121|8222|2957|6219|2127|2003|1106|13804|4065|9037|3290|4767|1934|9912|1813|7471|1489|2441|860|3939|1764|2541|1411|1398|685|2973|859|2375|772|598|377|661|425|482|395|179|162|5514|1779|4222|1456|1292|642|6320|1808|4340|1330|1980|984|9536|3469|5956|2223|3580|1719|945|612|869|592|76|125|2815|1872|1278|911|1537|1353|860|756|618|524|242|247|1114|673|853|591|261|226|2326|1146|2025|1050|301|174|3054|1094|2120|833|934|660|6149|1909|4205|1534|1944|737|564|555|373|380|191|216|4109|2030|2626|1301|1483|855|2717|2113|1945|1655|772|812|3935|1727|2950|1250|985|614|1758|1824|1120|1017|638|910|1203|712|1203|712|0|217|2398|1119|1562|662|836|602|10299|1934|6174|1182|4125|1198|602|457|344|378|258|273|2490|1145|1611|802|879|578|0|217|0|217|0|217|252|242|59|98|193|198|43|76|43|76|0|217|104|109|95|107|9|17|5605|2238|3687|1641|1918|1176|4111|1196|2988|1063|1123|533|425|385|141|243|284|285|3649|1928|2976|1637|673|412|899|665|710|536|189|200|0|217|0|217|0|217|1168|1221|509|581|659|711|84|102|35|58|49|84|0|217|0|217|0|217|104|176|104|176|0|217|1590|1076|1210|886|380|527
0500000US36119|945681|239|629287|11003|184717|6634|112309|6740|72408|6818|9834|3073|6360|2050|3474|2743|3739|2158|1995|1141|1744|1402|13173|2619|9456|2015|3717|1096|10890|2644|6152|1352|4738|1765|2774|838|2616|809|158|158|2291|1446|1268|1162|1023|727|1776|1031|1295|735|481|444|2822|1001|2224|781|598|556|4828|3003|3699|2513|1129|698|2458|1888|1379|1147|1079|945|2250|1073|2130|1032|120|123|666|614|557|593|109|113|1044|784|782|610|262|282|1092|987|843|905|249|293|3123|1030|2516|855|607|494|1739|1237|1571|1243|168|215|411|343|322|284|89|106|1040|684|874|536|166|264|2236|1636|1656|1236|580|571|12426|3562|9878|3004|2548|1231|234|212|202|181|32|55|1331|980|1237|953|94|156|3588|1426|2517|1098|1071|590|9006|2198|6054|1470|2952|1383|5887|1572|3336|1225|2551|884|3323|1290|1561|788|1762|763|0|217|0|217|0|217|362|292|117|115|245|257|0|217|0|217|0|217|534|470|267|240|267|256|1195|802|523|385|672|702|4989|1716|3721|1277|1268|665|1672|1195|1468|1174|204|232|5675|3068|3750|2277|1925|1441|2372|1309|1962|1153|410|442|1211|1438|1209|1438|2|7|6674|2954|5215|2062|1459|1491|733|700|524|488|209|277|0|217|0|217|0|217|0|217|0|217|0|217|2279|1033|1429|690|850|714
0500000US37119|1051755|171|831187|8191|124119|4400|57942|4844|66177|5094|8760|2779|5199|1988|3561|1691|2579|1794|1253|1197|1326|931|284|274|284|274|0|224|3491|1734|2093|986|1398|1246|3257|1042|2644|941|613|480|657|573|575|557|82|139|3416|1604|1735|1151|1681|1063|3182|1277|1733|869|1449|718|644|486|644|486|0|224|967|838|748|744|219|362|710|550|332|318|378|309|63|106|0|224|63|106|779|429|565|287|214|289|3800|1823|1919|961|1881|1114|5316|2124|4007|1743|1309|1232|299|257|216|205|83|102|407|344|270|212|137|202|1295|907|1130|826|165|163|3002|1666|1492|748|1510|1095|1263|775|913|635|350|331|5519|2249|4372|2053|1147|739|3075|1858|3075|1858|0|224|544|500|468|405|76|128|8881|4086|4803|2615|4078|1730|1138|674|558|357|580|484|2417|1354|1151|950|1266|627|400|508|171|288|229|264|7180|2423|2662|1325|4518|1667|637|563|418|484|219|225|1190|781|584|429|606|427|3459|1964|1379|713|2080|1563|1976|974|1325|688|651|387|1167|1372|162|195|1005|1352|3644|1836|1589|848|2055|1675|803|1192|803|1192|0|224|4546|2523|2320|1437|2226|1666|3341|1684|2627|1263|714|762|1472|955|681|674|791|722|0|224|0|224|0|224|190|320|97|163|93|159|699|683|626|670|73|121
0500000US37183|1084606|297|886193|8471|87837|5253|51315|4342|36522|4030|5713|2107|3168|1125|2545|1721|913|728|913|728|0|224|472|334|472|334|0|224|2389|1303|1730|997|659|580|2113|1146|1886|1121|227|243|651|562|651|562|0|224|849|863|562|757|287|304|4906|2339|4194|2263|712|538|1134|691|892|645|242|271|155|182|155|182|0|224|1674|999|1006|641|668|700|62|107|62|107|0|224|2569|1423|1899|1045|670|536|5312|1764|4177|1547|1135|549|8756|2675|7155|2295|1601|1032|2402|1838|2208|1763|194|304|2443|1902|1539|1235|904|868|2460|2068|1840|1803|620|508|5826|2057|4713|1759|1113|610|1004|607|947|565|57|98|8763|3133|7708|3026|1055|653|4383|2051|3573|1866|810|597|3485|2002|2781|1862|704|515|10317|2604|6121|1817|4196|1377|555|469|217|275|338|340|2870|1139|1766|832|1104|805|0|224|0|224|0|224|4549|1657|2436|1034|2113|897|0|224|0|224|0|224|575|388|370|301|205|252|585|450|462|338|123|154|2230|961|1524|761|706|482|1072|1061|260|225|812|977|9972|4054|6012|2108|3960|2446|0|224|0|224|0|224|1183|1119|635|684|548|645|4504|2403|4183|2371|321|531|2618|1606|2040|1314|578|517|0|224|0|224|0|224|126|207|126|207|0|224|986|745|888|732|98|160
0500000US39035|1181365|93|1044352|7370|49499|4317|31002|3530|18497|2655|3526|1350|2048|892|1478|973|93|109|93|109|0|204|2948|986|2002|887|946|483|1056|764|807|567|249|267|3380|1182|2440|879|940|629|1098|818|993|804|105|127|1476|761|1055|602|421|350|4640|1587|2120|782|2520|1004|2082|799|1541|691|541|460|2734|1237|1437|662|1297|1008|7768|2091|4412|1593|3356|1381|262|253|231|248|31|53|1232|1335|416|483|816|1204|1395|869|1205|853|190|198|2110|1025|2066|1009|44|82|870|634|408|396|462|392|214|364|42|75|172|291|1274|1537|732|812|542|761|2221|1478|1101|815|1120|873|7293|2541|4565|1525|2728|1268|2482|1331|1857|967|625|758|1939|1209|1703|1034|236|275|836|876|782|873|54|90|10469|2553|4503|1478|5966|1907|521|346|360|239|161|185|192|183|118|145|74|98|59|98|59|98|0|204|1177|595|526|268|651|461|669|714|592|703|77|94|374|440|329|430|45|81|848|660|477|482|371|318|2701|885|1388|631|1313|625|422|458|301|440|121|150|13022|3236|8762|2484|4260|1409|345|287|180|226|165|166|314|423|268|349|46|78|1293|725|975|614|318|214|521|405|238|228|283|325|0|204|0|204|0|204|0|204|0|204|0|204|1658|680|1166|616|492|382
0500000US39049|1233843|-555555555|1035174|9787|54297|4012|31629|3460|22668|2811|5996|1975|3247|1036|2749|1685|860|541|704|493|156|156|977|678|810|615|167|167|995|807|699|537|296|431|2389|892|2253|884|136|135|85|99|63|92|22|36|637|390|544|353|93|167|2626|1076|1644|774|982|572|727|642|660|632|67|111|254|304|154|186|100|164|2118|1093|1252|681|866|634|0|204|0|204|0|204|1025|733|680|584|345|320|4102|2612|2117|1601|1985|1080|5260|2031|3735|1847|1525|965|1891|1206|1244|844|647|439|248|417|248|417|0|204|1046|910|819|747|227|236|11840|3940|6535|2530|5305|2135|1425|825|956|592|469|339|3079|1986|2173|1403|906|1048|1302|1801|907|1205|395|610|516|380|516|380|0|204|10061|2793|4836|1672|5225|1847|2860|1478|944|793|1916|948|1640|747|1059|502|581|485|0|204|0|204|0|204|1529|1125|972|732|557|574|1201|1192|449|481|752|755|2360|2050|1443|1451|917|699|1587|1190|999|749|588|587|2540|1941|1768|1402|772|1110|715|752|120|138|595|739|12863|3384|8787|2622|4076|1477|926|808|926|808|0|204|38839|9021|25201|7430|13638|3351|11265|3201|7422|2471|3843|1925|5472|3042|2217|1304|3255|2498|0|204|0|204|0|204|0|204|0|204|0|204|1116|602|687|407|429|516
0500000US41051|765492|278|619376|8151|56795|5018|39035|3856|17760|2553|3068|1090|2624|1034|444|309|150|272|0|214|150|272|446|400|258|251|188|310|1695|1010|1574|1001|121|140|3431|1093|3087|1071|344|379|354|243|354|243|0|214|478|442|364|336|114|136|10260|4146|5759|2400|4501|2718|420|375|264|264|156|264|1307|1152|1144|1136|163|190|3199|1825|1274|925|1925|1172|123|204|78|130|45|74|723|391|484|303|239|207|0|214|0|214|0|214|782|661|676|537|106|179|237|246|187|236|50|85|195|233|162|210|33|54|0|214|0|214|0|214|843|873|248|232|595|848|2471|982|1717|727|754|531|325|435|325|435|0|214|159|159|112|137|47|77|571|902|571|902|0|214|9107|2548|4795|1431|4312|1524|2323|840|1750|624|573|388|1456|670|1223|570|233|267|816|721|575|571|241|300|17542|3755|7552|2540|9990|2376|1393|1017|1087|964|306|253|3466|2104|1509|1239|1957|1239|2844|1657|1389|1022|1455|1044|2506|1084|2135|1008|371|261|3367|1052|2170|752|1197|735|3906|2389|2639|1864|1267|876|205|252|133|221|72|120|5005|2546|2238|1258|2767|1775|1197|757|736|519|461|438|701|533|500|457|201|204|274|305|46|79|228|295|396|381|208|185|188|320|1580|1235|952|854|628|543
0500000US41067|568559|321|428861|7015|65891|4938|43190|4838|22701|3826|2252|1104|1630|745|622|536|235|282|0|214|235|282|399|406|319|325|80|134|767|568|539|484|228|260|1769|859|1417|721|352|300|212|183|212|183|0|214|142|237|142|237|0|214|3568|1568|2363|1369|1205|604|395|496|321|484|74|122|379|616|379|616|0|214|857|651|585|371|272|366|351|507|218|309|133|217|3447|2175|2783|2118|664|455|161|264|161|264|0|214|4325|1714|3528|1547|797|636|429|521|253|315|176|213|128|214|128|214|0|214|967|601|772|487|195|232|1935|1161|1541|924|394|401|1992|935|1637|927|355|313|2443|1444|2219|1321|224|221|4174|2219|3694|2129|480|527|877|701|722|662|155|238|9450|2453|6642|2011|2808|1063|3295|1238|1692|766|1603|805|5332|2191|2224|1582|3108|1132|375|603|375|603|0|214|7575|2083|3382|1210|4193|1524|1206|699|297|260|909|544|846|597|527|419|319|352|1158|883|935|626|223|322|3519|1310|2609|1160|910|601|1332|869|820|426|512|503|3661|1471|2764|1122|897|643|303|315|247|255|56|94|125|154|59|99|66|113|1050|845|882|805|168|211|1414|1145|1192|962|222|326|0|214|0|214|0|214|0|214|0|214|0|214|962|985|389|360|573|698
0500000US42003|1175002|141|1084544|6860|18243|2130|12571|1899|5672|1341|3485|1182|2279|736|1206|758|945|778|945|778|0|189|3561|914|2487|715|1074|535|2976|1265|1626|838|1350|842|2310|595|1939|560|371|216|621|408|593|404|28|47|733|414|623|387|110|109|4358|1878|3132|1449|1226|706|877|504|864|504|13|23|634|321|367|256|267|216|1656|676|1217|563|439|267|133|214|133|214|0|189|1126|658|670|466|456|303|1080|739|830|674|250|231|3050|1283|2711|1263|339|277|1312|1037|1239|1021|73|89|463|407|295|267|168|199|840|702|489|431|351|352|8141|2646|3942|1616|4199|1731|1604|805|1526|771|78|92|1620|997|1289|792|331|295|2730|1247|2056|988|674|429|877|887|877|887|0|189|9458|1998|5316|1331|4142|1207|1085|790|321|280|764|791|1516|610|1132|495|384|328|0|189|0|189|0|189|1530|783|1257|642|273|304|240|275|0|189|240|275|62|77|34|59|28|50|4026|4471|2603|3341|1423|1261|1597|1055|769|381|828|785|317|304|317|304|0|189|3940|1765|2341|984|1599|1230|567|264|407|230|160|182|162|200|162|200|0|189|1043|685|957|635|86|102|799|596|346|379|453|451|0|189|0|189|0|189|38|53|38|53|0|189|703|594|703|594|0|189
0500000US42017|616053|4|535393|5838|22439|2220|14865|1922|7574|1580|1288|935|1179|968|109|132|620|894|377|586|243|328|2281|989|1773|798|508|403|1982|1275|1163|723|819|687|1633|684|1229|639|404|272|827|428|602|352|225|194|1525|811|1345|809|180|138|11872|2887|5835|1786|6037|1872|3316|1419|1905|768|1411|889|867|875|260|243|607|642|2144|1105|1301|738|843|605|218|255|218|255|0|189|310|355|235|284|75|136|6717|2239|3680|1814|3037|1436|3387|1119|2636|938|751|582|392|478|324|386|68|113|1193|1620|1193|1620|0|189|669|616|592|549|77|127|233|240|233|240|0|189|959|706|531|410|428|354|238|318|238|318|0|189|1439|1141|1174|909|265|303|1714|1056|883|638|831|604|2115|834|1465|666|650|402|55|63|37|59|18|32|1246|767|758|529|488|341|0|189|0|189|0|189|1288|1073|425|470|863|724|723|877|0|189|723|877|89|108|54|92|35|60|605|575|377|404|228|247|1006|587|656|421|350|315|126|193|126|193|0|189|2080|1243|1372|1099|708|587|264|244|264|244|0|189|75|122|75|122|0|189|844|771|809|762|35|57|489|607|353|565|136|228|0|189|0|189|0|189|258|324|103|167|155|206|1134|1032|428|337|706|824
0500000US42045|541524|4|465460|5818|16836|2628|11648|1766|5188|1764|4084|1908|2640|1675|1444|830|3028|1469|920|574|2108|1282|1578|700|1018|482|560|380|489|372|428|297|61|115|1173|927|969|910|204|193|650|310|650|310|0|189|2567|1140|1693|794|874|616|1803|1244|839|671|964|715|640|579|396|430|244|221|583|586|555|574|28|47|454|419|413|388|41|68|974|927|593|685|381|354|534|576|458|553|76|128|1730|1313|628|418|1102|1253|1820|1058|1136|760|684|739|782|733|509|551|273|327|2276|1886|1252|1114|1024|810|2316|1029|1032|674|1284|619|217|317|131|178|86|145|1275|910|889|590|386|453|238|254|238|254|0|189|546|755|360|492|186|282|2044|1207|1446|1014|598|675|7562|2122|5386|1814|2176|824|651|470|439|394|212|203|2106|877|497|404|1609|798|62|104|62|104|0|189|2269|1194|1102|834|1167|616|1653|961|880|636|773|584|588|693|256|296|332|402|1207|1308|281|325|926|999|1574|1341|1453|1316|121|148|569|728|366|570|203|236|2725|1916|1502|904|1223|1378|45|72|45|72|0|189|446|500|446|500|0|189|4678|1744|2204|849|2474|1565|0|189|0|189|0|189|0|189|0|189|0|189|208|247|0|189|208|247|1084|858|227|192|857|805
0500000US42091|815470|112|704678|5573|27498|2694|17449|2265|10049|1947|3571|1192|3143|1092|428|297|796|596|335|316|461|397|3535|1026|2357|803|1178|581|1489|751|1008|587|481|399|2390|1172|2135|1171|255|244|464|337|328|305|136|147|1013|612|1013|612|0|189|3272|1216|2201|927|1071|588|738|492|482|285|256|267|184|188|184|188|0|189|2877|998|2367|1026|510|323|687|508|599|437|88|150|721|677|550|625|171|221|4129|1685|2737|1143|1392|869|5778|2839|5207|2488|571|548|285|276|199|187|86|106|287|402|247|399|40|68|2844|1569|1294|675|1550|1030|1154|935|815|675|339|387|737|431|590|391|147|171|3775|1802|3534|1720|241|211|1926|1248|1725|1152|201|238|3562|1848|2486|1232|1076|806|9441|2003|5671|1238|3770|1183|408|298|130|127|278|253|10264|3134|3595|1125|6669|2524|0|189|0|189|0|189|4493|1677|2362|1169|2131|845|0|189|0|189|0|189|472|524|332|481|140|216|256|228|207|217|49|82|1598|764|1322|711|276|200|370|417|153|204|217|359|4955|3179|4186|2765|769|603|1508|724|1405|680|103|172|726|558|567|417|159|202|978|727|978|727|0|189|230|215|105|128|125|173|0|189|0|189|0|189|0|189|0|189|0|189|1381|1065|596|692|785|746
0500000US42101|1480165|204|1126420|13781|159664|9228|83114|7040|76550|7880|8951|2376|4773|1722|4178|1546|10086|3777|5382|2343|4704|2028|3306|1019|2050|711|1256|517|10026|4967|4243|1785|5783|4734|1972|1060|1675|1046|297|223|570|387|570|387|0|189|1098|530|967|493|131|157|14074|3182|6251|1931|7823|2096|1996|1030|1211|570|785|791|351|343|287|286|64|106|4038|1916|1678|1000|2360|1204|240|197|240|197|0|189|1747|1516|1317|1150|430|453|1646|1178|692|534|954|790|3047|1405|2007|1082|1040|992|3113|1529|2246|1171|867|681|228|279|134|229|94|159|3542|1546|1511|800|2031|1064|533|458|533|458|0|189|6359|2573|4523|2194|1836|973|245|232|245|232|0|189|898|643|869|637|29|50|11055|2893|4696|1514|6359|2025|33539|4787|9012|1585|24527|4241|1131|733|652|492|479|607|2761|867|1643|672|1118|637|0|189|0|189|0|189|12893|3333|4562|1422|8331|2367|6323|2245|1897|1050|4426|1754|1789|1280|925|882|864|580|2205|1269|841|589|1364|1073|3005|1342|1852|972|1153|630|1191|766|472|475|719|556|17111|5250|13267|4866|3844|1547|1149|675|981|582|168|273|1334|1186|694|1048|640|583|13531|4693|10339|4209|3192|1758|884|662|419|339|465|524|0|189|0|189|0|189|459|712|459|712|0|189|5655|3169|2539|1451|3116|2653
0500000US48029|1896500|252|1179300|18454|639576|16375|463799|14255|175777|8855|2829|1230|1924|876|905|603|50|104|50|104|0|249|622|437|574|433|48|78|2389|1976|1628|1669|761|1098|5681|2546|3734|1289|1947|1765|471|756|471|756|0|249|108|174|70|116|38|62|2147|1330|1731|1280|416|354|1045|810|198|201|847|785|0|249|0|249|0|249|288|297|243|286|45|71|87|146|87|146|0|249|2125|1114|1682|1051|443|369|1997|1215|975|658|1022|716|3662|1495|2749|1281|913|535|3501|2297|2358|1534|1143|886|253|310|253|310|0|249|783|713|783|713|0|249|528|525|251|352|277|365|1692|1010|1328|846|364|346|3865|1774|2920|1290|945|777|1557|822|1373|769|184|180|943|664|510|387|433|353|5502|2247|2838|1674|2664|1003|1907|1124|1000|597|907|837|3038|1588|1252|866|1786|1083|0|249|0|249|0|249|4073|1323|1696|817|2377|1034|221|246|0|249|221|246|2096|1675|514|446|1582|1622|2726|2406|989|1260|1737|1404|6373|1617|4833|1374|1540|626|1239|574|769|581|470|380|7021|2875|4182|2179|2839|1920|50|86|50|86|0|249|3104|2067|1042|1364|2062|1562|1711|1260|1087|918|624|923|559|636|213|251|346|575|0|249|0|249|0|249|63|102|63|102|0|249|1318|1326|987|1084|331|322
0500000US48085|1045279|61|734800|9807|112575|5719|76755|6979|35820|5644|3681|1429|3681|1429|0|249|195|284|0|249|195|284|868|1045|285|358|583|712|6560|3254|5605|2791|955|678|1328|816|1081|718|247|258|720|522|702|522|18|31|50|85|0|249|50|85|3179|1334|1617|844|1562|968|431|316|431|316|0|249|246|355|246|355|0|249|1037|716|726|583|311|516|532|511|532|511|0|249|7321|2643|4623|1863|2698|1209|6748|3770|4886|2449|1862|1541|15945|4250|11734|2666|4211|2968|9923|2687|7484|2227|2439|1180|1859|1776|1105|1099|754|879|5243|2487|4338|2096|905|546|5624|1996|4953|1937|671|441|3496|2067|2963|1734|533|556|18990|4238|15750|3985|3240|1689|13490|3712|10062|3016|3428|1617|7581|2560|6569|2340|1012|960|26324|4099|14360|2485|11964|2418|2423|1069|1321|709|1102|594|8489|4269|4373|2509|4116|2146|610|916|36|61|574|915|8290|2580|4508|1794|3782|1477|3230|2282|963|784|2267|1972|476|652|267|384|209|275|2001|1923|1088|1044|913|911|4049|1688|2964|1418|1085|768|1811|1362|1324|942|487|539|9196|3681|7950|3307|1246|838|1409|1051|1035|807|374|536|3222|1986|1870|1267|1352|930|5470|2962|4321|2349|1149|968|3434|1925|1949|873|1485|1772|101|151|101|151|0|249|519|520|314|399|205|239|1803|1202|1405|1050|398|444
0500000US48113|2407624|6|1377152|16496|815655|13139|438355|13575|377300|13698|11697|3349|9639|2845|2058|991|671|661|472|594|199|272|1276|866|1256|874|20|33|2300|1078|1900|752|400|440|2253|962|1985|995|268|277|387|375|387|375|0|249|980|926|802|903|178|235|2855|1337|1796|891|1059|728|634|412|324|207|310|273|3296|2033|1878|1110|1418|1393|705|488|312|220|393|439|38|63|38|63|0|249|2948|1387|2266|1052|682|649|2867|1181|2435|975|432|400|12512|2486|10425|2030|2087|1047|5208|1973|4377|1638|831|530|1328|1031|1054|775|274|387|5879|2968|4372|2591|1507|850|10156|3446|6804|2653|3352|1163|2387|960|1737|773|650|467|10580|2722|8381|2243|2199|1229|7664|2481|6770|2174|894|655|7994|2844|5673|2153|2321|1205|14687|3889|8615|2770|6072|1918|1335|574|1087|527|248|207|6117|1860|3595|1367|2522|995|1348|2147|251|381|1097|1777|27776|5125|10418|2623|17358|3380|1294|981|541|447|753|633|2280|925|1313|744|967|453|2105|1186|1375|784|730|594|9023|2825|6143|2177|2880|1592|586|340|519|315|67|81|11158|3813|6130|2164|5028|3188|861|574|861|574|0|249|16016|4379|9633|3338|6383|2047|12847|3462|10674|3103|2173|1051|9699|4948|8530|4404|1169|1191|0|249|0|249|0|249|128|210|92|149|36|62|942|823|746|770|196|271
0500000US48121|888091|100|683246|9276|111606|6733|72161|5748|39445|5977|2460|1259|2197|1108|263|249|0|249|0|249|0|249|842|840|91|150|751|826|2348|1151|2159|1095|189|206|931|728|931|728|0|249|1000|840|799|791|201|309|93|107|93|107|0|249|1544|1412|744|764|800|1173|449|331|357|303|92|153|1064|820|718|521|346|484|0|249|0|249|0|249|0|249|0|249|0|249|1789|1286|1311|905|478|444|2498|1496|2108|1348|390|263|4794|2573|4239|2378|555|538|2712|1483|2540|1448|172|172|2709|2872|2126|2112|583|856|952|628|817|593|135|191|2291|944|2011|900|280|263|792|430|761|425|31|53|5813|2945|4305|2409|1508|1032|3251|1420|3112|1402|139|178|8023|2781|4459|1441|3564|1901|8990|2894|5887|2044|3103|1186|3894|3477|2165|1724|1729|1953|9264|3554|3621|1302|5643|3208|0|249|0|249|0|249|4797|1546|2501|935|2296|1033|773|882|276|346|497|547|779|673|461|498|318|327|3340|2050|805|558|2535|1912|3047|1547|1649|815|1398|990|548|425|400|360|148|154|2906|1382|1896|829|1010|964|163|271|163|271|0|249|1103|1202|1103|1202|0|249|5284|3289|5003|3230|281|387|1764|1295|1764|1295|0|249|0|249|0|249|0|249|0|249|0|249|0|249|232|298|232|298|0|249
0500000US48201|4401546|254|2443074|29402|1563070|23134|848691|23497|714379|19523|20974|5500|16709|4319|4265|2242|2088|1500|1849|1425|239|301|3980|2823|2754|1878|1226|1046|7462|2417|5402|1635|2060|1153|11436|3865|10084|3818|1352|1283|2123|1581|2123|1581|0|249|1934|948|1842|943|92|108|8130|3067|6394|2669|1736|855|2335|1579|2027|1615|308|264|3532|3010|2537|2195|995|867|1780|1188|1743|1186|37|60|92|108|62|96|30|50|13503|6592|8835|4203|4668|3204|7080|2191|4913|1644|2167|1332|14895|3689|11212|3502|3683|1504|13488|3354|9949|2710|3539|1616|4120|2097|2583|1500|1537|1325|6058|3442|2984|1697|3074|1952|6399|2969|4709|2315|1690|1105|6645|3353|5523|2462|1122|1048|8736|3326|5520|2092|3216|2520|5239|2349|4716|2036|523|535|5698|2877|4672|2511|1026|819|43317|5409|24145|4002|19172|3154|2949|1217|1197|552|1752|1074|7816|2365|3763|1170|4053|1648|0|249|0|249|0|249|87234|8889|35002|5522|52232|5885|4351|2022|1387|1070|2964|1398|4539|1615|1719|988|2820|1054|3717|1839|2115|1181|1602|1007|19136|5133|14951|4079|4185|2253|4958|2268|2747|1218|2211|1516|27721|7082|21922|6295|5799|1888|1104|624|1039|634|65|105|3035|1568|1432|967|1603|1255|19973|5447|17142|4808|2831|2269|5556|3709|5377|3674|179|246|31|52|31|52|0|249|59|87|59|87|0|249|2179|1783|1974|1684|205|258
0500000US48439|1990010|439|1407521|16998|417793|11868|248344|9174|169449|8720|10628|3710|6031|1915|4597|2438|511|554|326|328|185|248|1009|663|869|631|140|230|1962|921|1749|748|213|271|3882|1740|3338|1609|544|401|59|72|59|72|0|249|1282|1364|381|355|901|1284|596|371|322|244|274|222|458|400|458|400|0|249|929|836|768|690|161|264|343|385|49|82|294|353|0|249|0|249|0|249|4565|3855|2399|2563|2166|2260|1904|1165|1562|1047|342|364|5313|2248|4578|1949|735|554|6726|4124|5827|3934|899|662|1782|2048|608|560|1174|1588|1803|1130|1097|787|706|559|12071|4601|7302|2174|4769|2968|1831|1380|1468|1109|363|471|1041|1011|964|1005|77|125|497|501|403|394|94|156|4257|2495|2689|1290|1568|1484|9190|2678|4412|1487|4778|1764|1032|927|744|870|288|342|5309|2664|2769|1315|2540|1517|0|249|0|249|0|249|28827|5261|13156|3248|15671|3752|368|412|46|75|322|378|4961|2315|2403|1473|2558|1209|1230|763|709|508|521|407|5178|2102|3476|1563|1702|1479|1540|878|1415|872|125|123|17521|5163|11173|3795|6348|2130|1630|1676|1474|1595|156|257|4223|3456|3353|2687|870|857|11294|3475|9196|2802|2098|1276|8700|3478|4427|1999|4273|2352|0|249|0|249|0|249|0|249|0|249|0|249|244|254|106|175|138|180
0500000US48453|1232021|149|870480|19931|251531|16402|162389|14597|89142|10773|3605|1350|2591|825|1014|983|1865|1608|1579|1502|286|478|1234|906|946|785|288|416|2585|1291|2350|1111|235|390|3876|1342|3053|1181|823|649|1269|905|1269|905|0|249|429|316|334|279|95|113|2565|1550|1336|618|1229|1257|882|515|838|499|44|73|722|674|332|350|390|577|1029|950|702|598|327|434|20|36|20|36|0|249|1933|1332|1665|1357|268|313|2170|1194|1881|1098|289|328|8724|3281|7193|2574|1531|1113|2451|1143|1870|954|581|462|92|150|92|150|0|249|1947|1094|1699|925|248|327|5970|2192|5326|2127|644|601|2120|1744|1045|574|1075|1630|2622|1338|2595|1341|27|43|4187|1796|3822|1684|365|435|1990|1016|1990|1016|0|249|12665|2787|8640|2174|4025|1351|820|371|567|372|253|235|4289|1353|3076|1049|1213|858|146|231|146|231|0|249|10130|2745|4882|1390|5248|1867|896|1491|572|958|324|543|589|478|339|330|250|212|1655|1136|1067|974|588|509|3236|1455|2434|1344|802|697|460|444|237|251|223|363|13192|9299|8516|5844|4676|3719|867|661|867|661|0|249|4103|2513|2882|2267|1221|1487|1545|1021|1410|962|135|229|156|284|156|284|0|249|0|249|0|249|0|249|51|87|51|87|0|249|923|822|766|678|157|260
0500000US49035|1108733|339|875098|9569|143582|6623|91182|5476|52400|4176|2498|927|2037|905|461|267|89|140|89|140|0|206|1530|789|1530|789|0|206|5853|2014|3921|1437|1932|1196|3471|1133|2800|896|671|587|800|443|711|374|89|120|702|605|702|605|0|206|4979|2149|3636|1724|1343|853|1023|983|1023|983|0|206|2432|1090|1237|741|1195|840|825|548|772|543|53|89|986|1085|814|921|172|229|1891|1595|1529|1468|362|357|471|424|471|424|0|206|1212|959|1094|876|118|154|735|511|705|492|30|51|682|741|390|449|292|332|179|224|179|224|0|206|2219|1463|1435|1048|784|719|3677|1638|2651|1254|1026|699|1237|970|1237|970|0|206|1042|769|775|596|267|270|0|206|0|206|0|206|8934|2480|5088|1412|3846|1666|1593|835|1020|485|573|479|2342|1725|1578|1637|764|423|603|789|0|206|603|789|7239|2465|3040|1299|4199|1388|1186|1067|439|598|747|679|2506|1429|1665|957|841|672|1011|637|436|386|575|398|1756|754|1279|563|477|470|8830|2813|7180|2476|1650|847|5989|2890|4691|2519|1298|744|102|118|102|118|0|206|1389|1473|911|883|478|646|2241|2437|2188|2444|53|92|3568|2291|1857|1594|1711|1445|327|324|327|324|0|206|1199|1364|969|1148|230|264|705|797|705|797|0|206
0500000US51059|1072240|118|664549|10126|138834|5984|83082|5377|55752|5429|7217|1876|6790|1806|427|315|847|690|673|497|174|287|972|563|783|400|189|228|4392|1674|3894|1513|498|364|3682|1032|3408|960|274|235|926|593|846|486|80|131|2076|818|1882|787|194|165|5181|1514|3908|1247|1273|597|1784|886|1433|709|351|342|1035|567|898|572|137|170|698|362|698|362|0|216|856|653|539|367|317|357|16089|4603|11314|3830|4775|1334|2281|1011|1697|785|584|405|12312|3171|10399|2854|1913|747|11171|3986|7825|2723|3346|1676|1094|611|927|558|167|161|8001|2883|4902|2035|3099|1425|8368|2403|4951|1322|3417|1431|5130|1750|4240|1447|890|760|6267|1983|5367|1847|900|508|5668|2177|5224|2108|444|392|2817|1195|2135|931|682|526|25645|3968|16295|2746|9350|2033|4320|1789|3154|1355|1166|631|32116|4991|14539|2528|17577|3304|0|216|0|216|0|216|24354|4146|10374|2031|13980|2629|580|683|72|84|508|674|2549|968|1314|600|1235|607|4245|1402|2915|1070|1330|691|12703|3178|9897|2770|2806|876|2586|1569|2160|1439|426|364|22722|5179|16371|3778|6351|2433|83|139|83|139|0|216|18142|3908|12356|3096|5786|1989|4697|2573|3788|2292|909|621|3407|2178|2079|1170|1328|1307|0|216|0|216|0|216|77|104|60|101|17|32|1767|1065|1444|987|323|252
0500000US51107|400458|89|273661|6767|40424|3311|23619|2820|16805|3070|2740|1151|2472|1026|268|278|164|222|164|222|0|216|151|191|45|73|106|176|430|473|430|473|0|216|3947|2005|3463|1926|484|466|169|219|169|219|0|216|345|210|345|210|0|216|1767|1287|867|807|900|652|82|128|82|128|0|216|157|161|78|97|79|132|632|565|632|565|0|216|0|216|0|216|0|216|4789|2784|2960|1609|1829|1406|1668|965|1336|810|332|371|6601|2263|5972|2131|629|417|7065|2380|4823|1736|2242|1507|1183|998|819|820|364|391|1427|733|925|439|502|407|2565|1320|1881|1039|684|629|796|603|593|507|203|194|16164|4504|13126|3408|3038|2155|2271|1377|2159|1316|112|185|1036|810|1036|810|0|216|5357|1957|3087|1189|2270|1128|528|395|401|322|127|165|3473|1802|1934|1246|1539|942|0|216|0|216|0|216|5880|1821|2027|951|3853|1510|225|310|214|310|11|19|1468|675|899|611|569|500|944|570|580|435|364|296|2094|904|1889|844|205|286|259|201|110|106|149|178|6659|3198|4839|2203|1820|1182|0|216|0|216|0|216|2627|1582|1641|983|986|907|51|86|51|86|0|216|0|216|0|216|0|216|0|216|0|216|0|216|0|216|0|216|0|216|659|619|446|536|213|280
0500000US53033|2132854|-555555555|1495030|16241|134859|6902|81651|5209|53208|5129|16578|3762|13475|2907|3103|1486|183|213|183|213|0|213|3463|1710|2471|1545|992|805|7201|2722|4841|1569|2360|1431|7783|1663|6866|1558|917|498|2724|2252|2289|1593|435|697|883|506|622|460|261|361|29332|5786|16983|3187|12349|4282|3437|1721|2949|1325|488|501|2983|1548|2009|1159|974|755|11508|2756|5373|1510|6135|2202|824|585|752|524|72|117|10296|2893|6344|1966|3952|2029|2507|1031|2060|885|447|348|29580|4532|25498|4277|4082|1175|4483|1689|3787|1362|696|445|10612|4071|4885|1949|5727|2461|3746|1551|3432|1496|314|236|8014|2496|6616|2008|1398|762|12320|2910|9565|2391|2755|1231|13604|4794|10885|4226|2719|1375|10628|2719|10262|2643|366|418|7044|2024|5790|1863|1254|1410|107399|6954|58938|4857|48461|4543|11410|2339|6752|1631|4658|1556|19913|3494|10759|2131|9154|2043|1517|1376|578|726|939|832|41812|5752|16594|2974|25218|3882|6926|2194|2836|1110|4090|1467|4291|1311|2559|917|1732|753|8598|3456|4598|2158|4000|2169|28533|4930|19742|3324|8791|2465|14560|2983|10225|2643|4335|1561|7963|2945|5165|2047|2798|1409|3544|2444|3544|2444|0|213|31829|5714|20685|4425|11144|2430|3817|2186|2675|1533|1142|999|8700|3075|5550|2474|3150|1921|62|103|62|103|0|213|374|270|374|270|0|213|1984|1080|1426|781|558|415
0500000US53061|783610|405|610464|8846|52700|4359|31109|3203|21591|2870|2283|929|1776|731|507|398|0|213|0|213|0|213|224|275|224|275|0|213|1307|902|1154|869|153|249|1779|812|1717|807|62|104|222|218|222|218|0|213|72|120|0|213|72|120|8054|3045|4548|2036|3506|1460|1758|1411|1454|1157|304|379|439|743|269|456|170|288|5074|1917|2719|1347|2355|885|0|213|0|213|0|213|2383|1662|1354|1057|1029|675|563|706|81|133|482|633|4198|1704|3404|1343|794|661|3342|2750|2221|1878|1121|958|3015|1864|1781|1254|1234|763|1010|778|814|677|196|220|1020|600|952|569|68|111|2899|1190|2112|838|787|525|4318|2044|3356|1687|962|635|3173|1608|2246|1071|927|958|2064|1688|1547|1304|517|534|11979|2960|5563|1920|6416|1932|2655|1119|1627|773|1028|577|7128|1814|2625|878|4503|1407|1411|1246|658|671|753|793|12111|3078|4881|1470|7230|2383|3067|1507|1130|734|1937|1023|3022|1556|1256|889|1766|994|1850|1472|926|950|924|1097|7324|1950|5198|1472|2126|867|2596|1109|1863|921|733|498|5158|3247|2438|1883|2720|1882|217|228|133|177|84|140|6716|2695|4957|2282|1759|1005|3413|2552|2824|2474|589|465|2244|1058|1535|788|709|548|22|45|0|213|22|45|40|51|40|51|0|213|296|274|107|127|189|240
0500000US55079|867325|210|714518|6087|98603|5178|61405|4233|37198|3204|2358|925|1794|810|564|363|156|153|41|67|115|137|1011|851|594|625|417|313|576|457|436|399|140|173|3237|906|3034|864|203|170|318|234|282|211|36|58|275|200|194|156|81|92|1350|600|671|439|679|388|2290|897|1814|731|476|335|2669|970|2016|878|653|487|545|433|506|428|39|63|69|114|0|157|69|114|261|204|85|103|176|177|378|253|289|212|89|135|791|495|477|355|314|320|864|712|725|572|139|228|2040|1537|797|767|1243|1001|364|525|364|525|0|157|965|780|593|534|372|352|2142|1123|1206|735|936|547|976|1127|976|1127|0|157|409|410|389|411|20|36|737|617|737|617|0|157|3919|1658|2904|1353|1015|701|456|288|413|267|43|75|685|478|294|238|391|411|7092|2199|4901|1681|2191|852|861|566|511|380|350|387|0|157|0|157|0|157|1157|729|394|360|763|516|3789|1702|1299|978|2490|1057|2100|1116|1184|746|916|748|685|677|372|363|313|336|4324|1968|3367|1707|957|618|615|571|615|571|0|157|1585|1447|913|777|672|780|1034|686|857|642|177|235|743|1103|535|762|208|346|0|157|0|157|0|157|0|157|0|157|0|157|378|222|218|157|160|159
0600000US1703114000|2547131|6423|1665485|18986|590390|16512|329410|14028|260980|12077|12713|3304|10330|2833|2383|1061|1360|838|1286|840|74|82|3776|1300|2711|1062|1065|539|4443|1667|3661|1386|782|552|6553|1843|5566|1655|987|577|1570|812|1193|645|377|450|6164|1768|4224|1321|1940|840|10477|2496|5872|2021|4605|1733|40551|5905|23422|3626|17129|3165|10349|2514|5871|1975|4478|1596|10515|3000|5625|2195|4890|1962|546|478|292|238|254|408|3040|1401|1775|883|1265|1005|5349|2179|4010|1910|1339|807|7239|1707|6280|1459|959|594|13448|3611|8229|2674|5219|1973|1070|839|708|543|362|426|933|454|588|310|345|353|3810|1638|2217|1024|1593|876|10137|2641|6707|2041|3430|1449|1756|1117|1384|948|372|360|2426|1628|1536|1082|890|1218|3880|2955|1921|2113|1959|1459|42090|5356|17850|2368|24240|4369|2198|1236|1435|817|763|598|9566|2489|4640|1602|4926|1419|85|138|85|138|0|201|9198|2250|4015|1147|5183|1664|639|591|78|130|561|556|2846|1033|1445|770|1401|557|5638|1878|3258|1182|2380|1313|18191|3181|12614|2594|5577|1351|1750|823|1128|644|622|405|12878|3488|8634|2482|4244|1587|1558|765|1558|765|0|201|7838|2387|5153|1895|2685|994|10662|3017|7201|2307|3461|1654|2446|1690|1327|652|1119|1500|0|201|0|201|0|201|666|1056|666|1056|0|201|902|567|889|565|13|25
0600000US2502507000|623210|3473|395417|8709|104423|6131|55829|4945|48594|4627|7166|2326|5137|1758|2029|1155|22217|4736|8429|2191|13788|3476|1914|818|1437|760|477|283|11396|3255|5855|2117|5541|1867|1177|493|1019|445|158|198|221|206|187|177|34|62|1574|766|1182|584|392|321|2629|808|1390|746|1239|525|747|510|482|343|265|300|433|357|433|357|0|218|441|266|398|254|43|73|61|83|52|77|9|18|1008|585|914|558|94|117|998|547|660|415|338|358|3182|1135|2224|826|958|692|366|329|323|319|43|73|93|135|93|135|0|218|413|397|331|328|82|137|1225|1291|721|823|504|498|4097|1582|3011|1121|1086|716|745|606|704|604|41|68|848|481|745|402|103|174|18|30|18|30|0|218|26544|3365|10515|1587|16029|2770|1449|853|819|470|630|456|2618|892|1545|553|1073|779|0|218|0|218|0|218|9791|2341|3254|1112|6537|1824|208|267|137|240|71|122|361|300|122|201|239|211|1535|1006|1080|728|455|472|1399|539|1039|423|360|327|238|241|238|241|0|218|5557|2638|4347|2178|1210|619|1156|534|1086|503|70|113|3504|2116|2214|1514|1290|851|2684|1452|1714|985|970|662|889|611|802|531|87|152|0|218|0|218|0|218|267|261|267|261|0|218|2201|1184|1928|1080|273|231
0600000US3600508510|1329788|283|572263|17112|610309|12598|348535|11922|261774|12109|17079|4901|7682|2978|9397|3228|5783|2980|4627|2232|1156|1038|5369|1792|2784|1145|2585|1175|883|587|624|496|259|290|250|195|250|195|0|217|735|908|597|882|138|189|625|435|450|374|175|227|2554|1034|1369|842|1185|615|678|449|341|266|337|330|1281|1366|772|893|509|522|1375|1054|574|565|801|640|0|217|0|217|0|217|0|217|0|217|0|217|33|57|33|57|0|217|751|491|532|466|219|184|2376|1590|698|484|1678|1222|247|295|247|295|0|217|21393|3491|10936|2309|10457|2208|156|240|63|100|93|142|10394|3407|6457|2350|3937|1526|72|123|34|58|38|66|602|621|430|592|172|159|0|217|0|217|0|217|6437|1826|1880|951|4557|1224|319|302|250|279|69|113|1510|825|281|265|1229|703|152|251|152|251|0|217|2995|1351|1041|622|1954|862|1431|799|579|402|852|519|75|119|0|217|75|119|799|1000|572|947|227|262|3436|1246|1981|774|1455|839|672|763|462|481|210|342|6626|2315|4140|1615|2486|1007|887|612|857|603|30|51|3009|1771|2253|1399|756|603|44187|7162|32484|6253|11703|3662|466|406|199|223|267|307|0|217|0|217|0|217|0|217|0|217|0|217|1579|597|1137|572|442|298
0600000US3604710022|2463541|654|1410472|19301|338325|8638|177821|8397|160504|7206|20098|3296|15097|2788|5001|1572|62293|8556|37856|5497|24437|4243|18286|3303|12189|2690|6097|1468|4053|1779|2181|1158|1872|1183|3698|1263|3526|1172|172|226|88003|11193|40757|5543|47246|9133|4809|1767|3546|1451|1263|591|141441|9338|52462|5577|88979|6306|15108|3205|6993|2213|8115|1745|1864|992|1354|794|510|444|13638|3549|4577|1556|9061|2942|172|173|123|149|49|83|6358|2244|2582|1072|3776|1528|317|285|204|219|113|186|2699|1142|2220|1078|479|385|17205|3599|8421|2280|8784|2239|1168|804|546|414|622|474|18736|4276|7811|2058|10925|2942|1440|845|1048|594|392|504|13070|3402|6966|2113|6104|1842|480|399|480|399|0|217|364|477|364|477|0|217|1262|794|897|603|365|467|163553|6237|53676|3881|109877|5536|5442|1612|3621|1342|1821|824|5561|1287|3300|909|2261|803|0|217|0|217|0|217|2992|1178|1446|542|1546|927|427|499|153|184|274|324|458|304|172|142|286|269|11797|3213|4658|1685|7139|2017|7757|2266|5003|1433|2754|1409|352|269|267|236|85|103|25257|4769|15568|3141|9689|2342|19995|5384|16817|5166|3178|1193|1154|987|1092|986|62|102|17681|4824|13305|4411|4376|1836|2690|2951|2283|2844|407|499|0|217|0|217|0|217|0|217|0|217|0|217|13066|3563|6606|1638|6460|2966
0600000US3605934000|747508|2347|528321|11768|122713|6959|68995|4937|53718|5724|3047|1576|2307|1285|740|563|14228|3931|9830|3061|4398|1616|7271|1717|5196|1372|2075|731|3099|2213|2897|2142|202|201|1056|522|851|465|205|162|1258|1143|1110|1059|148|166|4261|1536|3005|1172|1256|611|3867|1773|3161|1475|706|482|1027|681|781|575|246|267|247|282|121|139|126|143|306|278|306|278|0|217|739|723|393|279|346|500|713|332|550|287|163|160|2598|1443|1673|979|925|674|1851|1033|1386|846|465|393|6591|2583|4529|1798|2062|975|3174|2113|2111|1620|1063|817|1483|915|695|509|788|657|555|667|159|189|396|506|507|539|507|539|0|217|277|435|0|217|277|435|377|625|0|217|377|625|4487|1691|2618|983|1869|855|9449|2494|3594|1263|5855|1863|191|223|97|121|94|115|3153|2041|1427|1376|1726|840|0|217|0|217|0|217|168|285|133|226|35|60|0|217|0|217|0|217|92|150|92|150|0|217|1515|1257|701|462|814|924|4778|1441|3445|1111|1333|723|205|219|6|13|199|218|2057|1851|971|885|1086|1048|5648|3270|5192|3275|456|374|0|217|0|217|0|217|3149|1734|2973|1670|176|160|0|217|0|217|0|217|0|217|0|217|0|217|0|217|0|217|0|217|3050|1556|2659|1430|391|302
0600000US3606144919|1506558|297|940334|15054|312364|8475|179582|7393|132782|7878|30194|5270|26507|4778|3687|1430|3656|3074|3327|3048|329|336|7731|3032|5771|1993|1960|2183|6104|1722|5287|1529|817|493|7005|1898|6829|1873|176|289|1743|850|1660|830|83|139|4943|2781|4401|2749|542|372|14604|3788|10886|2825|3718|1545|6232|2843|4149|2149|2083|1172|1955|1017|1462|890|493|678|3085|1669|2223|1474|862|745|1906|1677|1419|1019|487|813|5220|5113|2588|1661|2632|3698|558|422|413|319|145|253|8954|2906|7512|2647|1442|830|4719|1799|3940|1523|779|833|357|425|153|190|204|256|3616|2137|2274|1353|1342|1012|463|413|463|413|0|217|8465|3043|7450|2687|1015|713|437|544|437|544|0|217|467|304|458|304|9|19|1048|633|806|522|242|220|74385|6459|36447|4619|37938|4513|9865|2214|4943|1408|4922|1531|8611|2515|5607|2040|3004|1296|0|217|0|217|0|217|1723|943|1373|830|350|405|0|217|0|217|0|217|892|829|177|213|715|835|1972|1301|1170|649|802|779|4432|1769|3886|1738|546|383|1708|1101|976|652|732|648|9443|2673|7271|2306|2172|1279|8009|3207|7048|3050|961|654|1334|793|889|584|445|364|3802|2827|3001|2458|801|695|1633|1143|1177|959|456|647|0|217|0|217|0|217|363|330|0|217|363|330|2226|1264|1817|928|409|660
0600000US3608160323|2199677|169|1000116|15985|516251|10427|258652|9569|257599|9212|12384|2879|8745|1929|3639|1546|24928|3935|13849|2712|11079|2616|21273|3535|12503|2724|8770|1748|5915|1535|3626|1086|2289|880|4166|1281|3657|1203|509|366|1512|731|1293|661|219|177|19749|3209|14048|2677|5701|1459|28013|5140|15072|4520|12941|2534|22342|4050|11574|2870|10768|2732|6708|2116|3945|1633|2763|1113|5838|1717|3449|1211|2389|991|936|502|637|398|299|288|2761|1338|1425|821|1336|805|4437|1753|2094|1170|2343|972|13176|2639|7279|1770|5897|1602|15769|3939|10248|3045|5521|1514|16139|3733|6554|1809|9585|2153|84349|8184|36082|4401|48267|6004|14060|3642|6431|2145|7629|2327|20619|4596|13848|3530|6771|1847|1339|892|1181|815|158|154|2052|1241|1493|994|559|478|2103|1088|1373|884|730|490|205371|9859|68020|5090|137351|7807|6973|2173|3364|1048|3609|1511|41420|5224|14884|2805|26536|3331|0|217|0|217|0|217|2634|1247|1174|636|1460|822|49|81|49|81|0|217|4134|1443|1486|747|2648|1096|15228|3583|7206|2274|8022|2452|30427|4618|20856|3394|9571|2415|4229|1750|2669|1218|1560|795|16269|4105|9482|2715|6787|2220|5833|2474|5276|2449|557|472|292|251|63|106|229|230|8927|2939|6323|2571|2604|1463|1194|1061|856|843|338|325|0|217|0|217|0|217|280|281|280|281|0|217|9482|3661|5483|2580|3999|1551
0600000US3904918000|823384|3063|667594|11405|40606|4418|22538|2967|18068|2929|4772|1929|2394|879|2378|1691|572|427|416|363|156|156|734|600|699|597|35|57|785|741|489|437|296|431|1471|736|1335|720|136|135|69|85|47|76|22|36|315|267|315|267|0|204|1847|883|1177|600|670|491|320|494|320|494|0|204|157|259|57|95|100|164|1405|799|1020|615|385|381|0|204|0|204|0|204|672|599|327|380|345|320|3163|2448|1692|1520|1471|998|3946|1554|2421|1228|1525|965|1073|730|585|395|488|367|248|417|248|417|0|204|1046|910|819|747|227|236|9405|3830|5388|2440|4017|2010|1287|808|818|565|469|339|2426|1760|2055|1384|371|538|0|204|0|204|0|204|115|192|115|192|0|204|5661|1971|2840|1155|2821|1262|1702|1049|532|579|1170|719|1188|637|947|532|241|241|0|204|0|204|0|204|1401|1090|844|673|557|574|1152|1186|400|468|752|755|1975|2049|1105|1455|870|695|1194|1103|846|733|348|501|2164|1731|1392|1290|772|1110|279|293|120|138|159|258|10279|3179|7047|2388|3232|1444|299|250|299|250|0|204|35855|9055|23912|7470|11943|3244|9703|3121|6349|2324|3354|1877|5472|3042|2217|1304|3255|2498|0|204|0|204|0|204|0|204|0|204|0|204|1032|606|603|407|429|516
0600000US4210160000|1480165|204|1126420|13781|159664|9228|83114|7040|76550|7880|8951|2376|4773|1722|4178|1546|10086|3777|5382|2343|4704|2028|3306|1019|2050|711|1256|517|10026|4967|4243|1785|5783|4734|1972|1060|1675|1046|297|223|570|387|570|387|0|189|1098|530|967|493|131|157|14074|3182|6251|1931|7823|2096|1996|1030|1211|570|785|791|351|343|287|286|64|106|4038|1916|1678|1000|2360|1204|240|197|240|197|0|189|1747|1516|1317|1150|430|453|1646|1178|692|534|954|790|3047|1405|2007|1082|1040|992|3113|1529|2246|1171|867|681|228|279|134|229|94|159|3542|1546|1511|800|2031|1064|533|458|533|458|0|189|6359|2573|4523|2194|1836|973|245|232|245|232|0|189|898|643|869|637|29|50|11055|2893|4696|1514|6359|2025|33539|4787|9012|1585|24527|4241|1131|733|652|492|479|607|2761|867|1643|672|1118|637|0|189|0|189|0|189|12893|3333|4562|1422|8331|2367|6323|2245|1897|1050|4426|1754|1789|1280|925|882|864|580|2205|1269|841|589|1364|1073|3005|1342|1852|972|1153|630|1191|766|472|475|719|556|17111|5250|13267|4866|3844|1547|1149|675|981|582|168|273|1334|1186|694|1048|640|583|13531|4693|10339|4209|3192|1758|884|662|419|339|465|524|0|189|0|189|0|189|459|712|459|712|0|189|5655|3169|2539|1451|3116|2653
1600000US0455000|1524765|5146|965936|17950|456937|16698|288484|11831|168453|9446|4944|2179|4535|2175|409|314|574|610|444|465|130|149|1884|1034|1608|973|276|282|891|469|727|410|164|161|1801|788|1541|759|260|225|483|445|361|388|122|213|935|474|888|489|47|78|1770|1113|1580|1048|190|190|618|446|454|348|164|175|4143|1868|2974|1517|1169|669|1450|715|1072|711|378|299|0|224|0|224|0|224|1797|819|1042|494|755|570|1508|1114|1508|1114|0|224|4481|1942|3752|1533|729|876|93|113|22|36|71|91|327|225|327|225|0|224|1603|947|1130|654|473|513|2716|2200|1534|1072|1182|1300|3821|2145|2310|1579|1511|922|2625|1282|2089|1075|536|461|2110|1082|1757|936|353|373|655|422|655|422|0|224|7138|2229|3360|1085|3778|1744|1146|672|877|721|269|313|2904|1277|1623|711|1281|1038|45|74|45|74|0|224|5891|2044|3011|1222|2880|1078|589|400|112|154|477|322|934|820|530|451|404|425|1495|928|512|556|983|716|8756|2724|6925|2478|1831|804|1074|744|918|703|156|149|8537|3265|4873|1880|3664|2195|674|434|674|434|0|224|6911|2789|4815|2242|2096|990|1845|963|1436|909|409|368|4643|2502|3113|1765|1530|1341|5767|2492|4656|2257|1111|679|1571|988|1571|988|0|224|743|562|383|336|360|457
1600000US0644000|3650704|6383|1577123|20033|1462335|22482|789869|17062|672466|14764|19800|3679|17554|3347|2246|1012|1579|928|1141|712|438|585|7595|1844|6639|1803|956|474|5248|1429|3988|1142|1260|793|9960|1956|8952|1819|1008|540|2536|1086|2347|1013|189|222|1752|958|1514|879|238|382|39649|5677|24072|4670|15577|3541|2050|770|1815|757|235|177|4115|1433|2943|1110|1172|901|2868|1174|2324|1068|544|405|88217|8985|48481|5378|39736|5062|47561|5981|25962|3816|21599|3772|2681|1580|1302|696|1379|1133|9284|2558|7724|2289|1560|759|4199|1190|3277|968|922|632|4115|1435|2493|1076|1622|722|6520|2313|3265|1051|3255|1704|4283|1405|2897|975|1386|679|7472|2039|6271|1929|1201|725|2648|1177|2504|1144|144|180|1036|566|898|511|138|191|1369|692|1075|529|294|280|56257|4949|30027|3290|26230|3395|17908|3304|9242|1991|8666|2100|82778|6420|34020|3751|48758|4089|147|198|37|63|110|187|16699|3210|6400|1428|10299|2571|2133|906|1112|630|1021|508|7255|1762|2665|863|4590|1251|6003|2045|2848|900|3155|1522|84882|6285|56974|4975|27908|2910|8624|2472|5758|1942|2866|940|14724|3442|9101|2684|5623|1692|17796|3967|14048|3575|3748|1254|4414|1264|2863|994|1551|625|4587|1717|3343|1280|1244|983|1892|1336|1485|1183|407|610|268|306|268|306|0|218|511|371|421|329|90|108|7831|2175|5450|1676|2381|1252
1600000US0664000|497556|2756|323569|8776|77821|7682|51533|5296|26288|3431|816|648|723|618|93|157|0|218|0|218|0|218|141|133|98|117|43|62|1884|1331|1620|1067|264|346|1455|822|1370|806|85|115|330|350|246|318|84|140|307|320|307|320|0|218|3136|1237|1824|1001|1312|785|30|50|30|50|0|218|0|218|0|218|0|218|2563|2624|1114|1559|1449|1303|28|47|28|47|0|218|2234|1236|910|584|1324|975|658|497|336|292|322|299|10169|3017|7412|2379|2757|1114|3134|2115|2203|1627|931|842|4831|1977|2548|1169|2283|1217|187|227|144|165|43|70|2315|1974|671|594|1644|1723|1420|977|911|651|509|456|147|242|147|242|0|218|0|218|0|218|0|218|279|475|279|475|0|218|16416|2973|5929|1595|10487|2165|1524|676|1019|564|505|374|1510|584|589|288|921|505|11551|3861|5383|1925|6168|2602|7060|2241|2405|1115|4655|1649|615|555|231|197|384|368|2269|1412|1081|1063|1188|714|1386|845|769|532|617|424|8747|1664|6534|1380|2213|787|4279|2265|1507|794|2772|1938|3176|2198|1982|1966|1194|1047|283|329|211|265|72|117|222|226|0|218|222|226|263|265|189|226|74|88|411|466|203|339|208|316|19|30|19|30|0|218|241|285|241|285|0|218|130|140|66|114|64|81
1600000US0666000|1310120|4816|824160|13817|265342|10909|170913|7791|94429|6418|6251|1755|5699|1672|552|318|948|744|504|453|444|604|1762|980|1676|967|86|147|5423|1804|4142|1345|1281|819|6864|3837|6379|3433|485|497|511|367|484|365|27|46|1092|606|883|519|209|226|7403|1979|4468|1675|2935|1016|1203|667|811|540|392|349|1266|1201|1047|1115|219|303|785|667|516|525|269|438|631|601|412|319|219|363|10274|3472|6146|2098|4128|2487|2702|1134|2082|786|620|801|7312|2454|4987|1465|2325|1434|2085|1296|1926|1255|159|272|463|586|219|240|244|369|1723|925|1231|708|492|450|1245|715|1074|669|171|178|2332|1386|1828|1027|504|456|4564|1856|4201|1614|363|412|2408|1365|2086|1227|322|270|1003|678|918|598|85|141|32461|4772|16075|2379|16386|3524|7394|2336|4119|1484|3275|1347|10733|2925|5834|1953|4899|1882|475|442|444|407|31|53|27093|4788|11144|2511|15949|3166|2076|1088|1152|688|924|561|6617|2125|2777|1000|3840|1674|2961|1560|1492|907|1469|1026|39925|5353|24765|3868|15160|2949|2733|1193|1360|775|1373|609|6563|2424|3580|1549|2983|1395|2811|1884|2519|1868|292|234|6471|2612|3529|1512|2942|1631|514|502|320|441|194|245|516|463|290|274|226|371|4|8|4|8|0|218|67|139|67|139|0|218|954|599|792|570|162|195
1600000US0667000|780369|347|436676|9084|85615|4330|52231|4597|33384|3964|9080|2246|8572|2174|508|459|155|239|72|108|83|136|3001|1062|2602|933|399|404|3211|1438|2672|1264|539|407|3050|1226|2958|1214|92|129|826|527|735|513|91|150|1527|1033|1430|1050|97|162|11205|2749|5767|1881|5438|1829|855|701|827|707|28|47|265|439|265|439|0|218|791|501|471|329|320|408|1200|1220|1023|1192|177|215|1632|697|1172|590|460|296|1721|1423|1147|820|574|780|7193|2348|6844|2287|349|426|526|508|526|508|0|218|2669|1956|2051|1274|618|917|3081|2987|2999|2972|82|132|1629|884|1318|678|311|426|1620|1029|1572|1024|48|77|576|633|495|622|81|132|1330|831|1330|831|0|218|716|582|552|489|164|279|139978|7251|57137|5642|82841|5824|6133|1726|3940|1242|2193|867|8852|2486|5139|1569|3713|1404|49|81|49|81|0|218|10031|2743|3418|1411|6613|2263|526|391|97|160|429|371|2734|1432|908|563|1826|1240|3293|1329|1751|879|1542|1038|19125|3123|11394|2405|7731|1632|1815|868|1171|675|644|479|3340|2123|2506|2106|834|507|698|454|648|437|50|82|2747|1801|2038|1673|709|623|372|425|176|201|196|247|0|218|0|218|0|218|0|218|0|218|0|218|0|218|0|218|0|218|526|418|343|312|183|239
1600000US0668000|932764|3080|390431|10608|205564|8728|126264|7214|79300|6622|2176|805|1665|606|511|474|0|218|0|218|0|218|1096|587|841|492|255|285|5460|2088|3598|1337|1862|1095|1571|609|1388|569|183|149|221|222|181|187|40|67|205|170|126|143|79|92|6972|1780|5073|1234|1899|937|800|420|431|285|369|305|674|449|431|331|243|228|1370|837|948|616|422|524|149|145|125|126|24|39|8807|2602|5244|1634|3563|1452|3313|1347|2821|1181|492|362|21157|3448|18582|3178|2575|1138|1916|1418|1505|1008|411|495|6635|2264|3560|1247|3075|1593|1814|883|1626|805|188|187|4626|1598|4203|1356|423|511|2802|1472|2347|1357|455|371|8137|2611|7169|2531|968|485|8073|2692|6567|1848|1506|1196|5641|2053|5468|2039|173|170|74179|5675|37181|3664|36998|3571|6210|1868|2771|1037|3439|1511|12571|3413|6343|2206|6228|1608|158|155|109|132|49|82|95156|8021|36253|4434|58903|5172|3185|1581|1051|624|2134|1196|1125|632|224|216|901|587|2065|1282|861|591|1204|880|28554|4365|17581|2928|10973|2490|6292|2300|4548|2010|1744|749|4459|1992|3369|1491|1090|778|714|724|687|724|27|54|5826|2117|3437|1602|2389|1076|456|354|89|144|367|371|468|582|468|582|0|218|0|218|0|218|0|218|172|204|172|204|0|218|1564|987|988|830|576|557
1600000US1714000|2547131|6423|1665485|18986|590390|16512|329410|14028|260980|12077|12713|3304|10330|2833|2383|1061|1360|838|1286|840|74|82|3776|1300|2711|1062|1065|539|4443|1667|3661|1386|782|552|6553|1843|5566|1655|987|577|1570|812|1193|645|377|450|6164|1768|4224|1321|1940|840|10477|2496|5872|2021|4605|1733|40551|5905|23422|3626|17129|3165|10349|2514|5871|1975|4478|1596|10515|3000|5625|2195|4890|1962|546|478|292|238|254|408|3040|1401|1775|883|1265|1005|5349|2179|4010|1910|1339|807|7239|1707|6280|1459|959|594|13448|3611|8229|2674|5219|1973|1070|839|708|543|362|426|933|454|588|310|345|353|3810|1638|2217|1024|1593|876|10137|2641|6707|2041|3430|1449|1756|1117|1384|948|372|360|2426|1628|1536|1082|890|1218|3880|2955|1921|2113|1959|1459|42090|5356|17850|2368|24240|4369|2198|1236|1435|817|763|598|9566|2489|4640|1602|4926|1419|85|138|85|138|0|201|9198|2250|4015|1147|5183|1664|639|591|78|130|561|556|2846|1033|1445|770|1401|557|5638|1878|3258|1182|2380|1313|18191|3181|12614|2594|5577|1351|1750|823|1128|644|622|405|12878|3488|8634|2482|4244|1587|1558|765|1558|765|0|201|7838|2387|5153|1895|2685|994|10662|3017|7201|2307|3461|1654|2446|1690|1327|652|1119|1500|0|201|0|201|0|201|666|1056|666|1056|0|201|902|567|889|565|13|25
1600000US2507000|623210|3473|395417|8709|104423|6131|55829|4945|48594|4627|7166|2326|5137|1758|2029|1155|22217|4736|8429|2191|13788|3476|1914|818|1437|760|477|283|11396|3255|5855|2117|5541|1867|1177|493|1019|445|158|198|221|206|187|177|34|62|1574|766|1182|584|392|321|2629|808|1390|746|1239|525|747|510|482|343|265|300|433|357|433|357|0|218|441|266|398|254|43|73|61|83|52|77|9|18|1008|585|914|558|94|117|998|547|660|415|338|358|3182|1135|2224|826|958|692|366|329|323|319|43|73|93|135|93|135|0|218|413|397|331|328|82|137|1225|1291|721|823|504|498|4097|1582|3011|1121|1086|716|745|606|704|604|41|68|848|481|745|402|103|174|18|30|18|30|0|218|26544|3365|10515|1587|16029|2770|1449|853|819|470|630|456|2618|892|1545|553|1073|779|0|218|0|218|0|218|9791|2341|3254|1112|6537|1824|208|267|137|240|71|122|361|300|122|201|239|211|1535|1006|1080|728|455|472|1399|539|1039|423|360|327|238|241|238|241|0|218|5557|2638|4347|2178|1210|619|1156|534|1086|503|70|113|3504|2116|2214|1514|1290|851|2684|1452|1714|985|970|662|889|611|802|531|87|152|0|218|0|218|0|218|267|261|267|261|0|218|2201|1184|1928|1080|273|231
1600000US3651000|7966163|857|4225620|34351|1825475|18158|996735|16507|828740|19234|82501|7465|60582|6478|21919|4331|97504|10531|60503|7214|37001|5048|59469|6176|38523|4605|20946|3148|17195|2918|11958|2258|5237|1606|15601|2788|14575|2769|1026|609|95415|11273|47729|6130|47686|9125|32267|5036|23639|4173|8628|1984|202287|10862|88324|7612|113963|6736|49797|6050|26999|4443|22798|3571|11882|3082|7607|2343|4275|1422|25515|4370|11537|2670|13978|3369|3200|1784|2319|1112|881|872|14517|5777|6773|2117|7744|4066|5638|1886|2974|1324|2664|1012|26059|4173|17894|3337|8165|1939|46004|6961|27246|5061|18758|3395|18187|3850|7500|1916|10687|2208|128694|9814|57598|5195|71096|7267|19031|4386|9229|2478|9802|2782|65831|8623|42652|6344|23179|3674|2328|1070|2132|985|196|166|4272|1682|3269|1504|1003|572|6399|1834|4779|1638|1620|749|475002|13881|167895|8545|307107|11415|22896|3570|12475|2227|10421|2378|59478|5966|24658|3651|34820|3677|152|251|152|251|0|217|10562|2493|5093|1380|5469|1627|1907|861|781|399|1126|583|5631|1743|1907|803|3724|1329|32887|5059|15922|3516|16965|3194|47623|5308|32933|3977|14690|2690|7032|2206|4445|1419|2587|1111|70356|8008|47237|5853|23119|4022|36137|7484|31320|7345|4817|1386|6181|2273|4689|1909|1492|764|76455|8666|56851|8633|19604|3855|6111|3392|4643|3111|1468|961|0|217|0|217|0|217|643|428|280|281|363|330|26422|5453|15112|3059|11310|3665
1600000US3712000|826000|2402|642908|7836|103800|5841|46152|4447|57648|5164|8309|2791|4748|1984|3561|1691|1936|1560|974|1151|962|715|284|274|284|274|0|224|2833|1666|1722|953|1111|1205|2896|996|2435|916|461|413|657|573|575|557|82|139|3218|1589|1537|1119|1681|1063|2053|1189|1214|849|839|605|357|326|357|326|0|224|548|668|329|555|219|362|426|296|194|226|232|192|63|106|0|224|63|106|758|428|544|284|214|289|2363|1152|1222|694|1141|728|4446|2109|3137|1695|1309|1232|201|194|163|186|38|64|282|404|145|211|137|202|1295|907|1130|826|165|163|2805|1650|1385|730|1420|1082|892|714|591|575|301|323|4589|2184|3442|2010|1147|739|3075|1858|3075|1858|0|224|544|500|468|405|76|128|6375|2696|3354|1675|3021|1349|1059|664|479|335|580|484|1952|1293|1138|951|814|457|400|508|171|288|229|264|5088|1839|2239|1192|2849|939|637|563|418|484|219|225|1163|784|557|432|606|427|2570|1735|1094|650|1476|1431|1514|927|998|662|516|348|1013|1352|87|146|926|1343|2667|1402|1395|814|1272|1175|803|1192|803|1192|0|224|4203|2481|2077|1401|2126|1650|2943|1615|2229|1162|714|762|1316|919|525|627|791|722|0|224|0|224|0|224|190|320|97|163|93|159|569|664|569|664|0|224
1600000US3918000|848222|4709|687781|11016|41242|4467|23174|3024|18068|2929|4772|1929|2394|879|2378|1691|572|427|416|363|156|156|734|600|699|597|35|57|785|741|489|437|296|431|1471|736|1335|720|136|135|69|85|47|76|22|36|315|267|315|267|0|204|1847|883|1177|600|670|491|320|494|320|494|0|204|157|259|57|95|100|164|1405|799|1020|615|385|381|95|159|95|159|0|204|672|599|327|380|345|320|3163|2448|1692|1520|1471|998|4285|1766|2513|1273|1772|1077|1073|730|585|395|488|367|248|417|248|417|0|204|1046|910|819|747|227|236|10838|4071|5542|2522|5296|2167|1589|940|1120|734|469|339|2665|1799|2055|1384|610|680|300|503|216|370|84|140|115|192|115|192|0|204|6632|2451|3676|1635|2956|1236|1702|1049|532|579|1170|719|1188|637|947|532|241|241|0|204|0|204|0|204|1488|1095|931|689|557|574|1152|1186|400|468|752|755|1975|2049|1105|1455|870|695|1194|1103|846|733|348|501|2164|1731|1392|1290|772|1110|279|293|120|138|159|258|10279|3179|7047|2388|3232|1444|299|250|299|250|0|204|35855|9055|23912|7470|11943|3244|9703|3121|6349|2324|3354|1877|5721|3059|2466|1354|3255|2498|0|204|0|204|0|204|0|204|0|204|0|204|1032|606|603|407|429|516
1600000US4159000|614988|2824|502480|8608|40038|5392|28086|3801|11952|2441|2991|1092|2583|1031|408|298|150|272|0|214|150|272|446|400|258|251|188|310|1434|946|1313|936|121|140|3108|1012|2764|986|344|379|354|243|354|243|0|214|478|442|364|336|114|136|7662|3704|4213|2179|3449|2309|264|264|264|264|0|214|1104|1085|941|1068|163|190|2400|1602|1111|922|1289|854|123|204|78|130|45|74|690|394|468|302|222|212|0|214|0|214|0|214|782|661|676|537|106|179|237|246|187|236|50|85|195|233|162|210|33|54|0|214|0|214|0|214|696|851|101|122|595|848|1806|825|1290|635|516|436|325|435|325|435|0|214|159|159|112|137|47|77|571|902|571|902|0|214|7852|2280|4274|1371|3578|1218|2160|800|1598|583|562|388|1447|671|1214|570|233|267|532|632|459|531|73|120|17285|3745|7474|2639|9811|2349|1206|971|1000|950|206|200|3186|2063|1456|1235|1730|1178|1591|1081|663|526|928|698|1599|880|1373|838|226|208|1609|1015|1413|897|196|239|1887|1740|1429|1280|458|506|205|252|133|221|72|120|3025|2329|1240|971|1785|1648|1093|718|687|501|406|422|701|533|500|457|201|204|274|305|46|79|228|295|353|356|165|146|188|320|490|342|375|301|115|105
1600000US4260000|1480165|204|1126420|13781|159664|9228|83114|7040|76550|7880|8951|2376|4773|1722|4178|1546|10086|3777|5382|2343|4704|2028|3306|1019|2050|711|1256|517|10026|4967|4243|1785|5783|4734|1972|1060|1675|1046|297|223|570|387|570|387|0|189|1098|530|967|493|131|157|14074|3182|6251|1931|7823|2096|1996|1030|1211|570|785|791|351|343|287|286|64|106|4038|1916|1678|1000|2360|1204|240|197|240|197|0|189|1747|1516|1317|1150|430|453|1646|1178|692|534|954|790|3047|1405|2007|1082|1040|992|3113|1529|2246|1171|867|681|228|279|134|229|94|159|3542|1546|1511|800|2031|1064|533|458|533|458|0|189|6359|2573|4523|2194|1836|973|245|232|245|232|0|189|898|643|869|637|29|50|11055|2893|4696|1514|6359|2025|33539|4787|9012|1585|24527|4241|1131|733|652|492|479|607|2761|867|1643|672|1118|637|0|189|0|189|0|189|12893|3333|4562|1422|8331|2367|6323|2245|1897|1050|4426|1754|1789|1280|925|882|864|580|2205|1269|841|589|1364|1073|3005|1342|1852|972|1153|630|1191|766|472|475|719|556|17111|5250|13267|4866|3844|1547|1149|675|981|582|168|273|1334|1186|694|1048|640|583|13531|4693|10339|4209|3192|1758|884|662|419|339|465|524|0|189|0|189|0|189|459|712|459|712|0|189|5655|3169|2539|1451|3116|2653
1600000US4805000|912697|4742|651602|16237|168824|14711|106563|12397|62261|10430|3543|1409|2910|1083|633|812|1865|1608|1579|1502|286|478|596|528|548|520|48|79|2408|1154|1777|915|631|666|3478|1345|2784|1203|694|602|435|373|435|373|0|249|371|300|334|279|37|63|2211|1577|994|626|1217|1287|666|448|622|429|44|73|866|626|476|423|390|577|685|871|436|483|249|416|0|249|0|249|0|249|1742|1338|1509|1341|233|275|1222|965|1171|958|51|77|6568|2208|5502|1802|1066|932|1911|901|1734|876|177|309|92|150|92|150|0|249|1396|884|1042|769|354|446|4799|2452|4460|2433|339|311|2047|1744|1012|574|1035|1628|2686|1070|2340|947|346|414|3630|1929|2841|1541|789|683|2400|1131|2190|994|210|334|12084|2616|7703|1974|4381|1370|1380|653|1127|634|253|235|4361|1472|3171|1213|1190|822|146|231|146|231|0|249|7043|2340|3168|1145|3875|1639|0|249|0|249|0|249|211|268|99|174|112|177|1655|1136|1067|974|588|509|2423|1295|1698|1188|725|680|326|373|224|236|102|164|10773|9284|6606|5768|4167|3710|1349|1197|1349|1197|0|249|3397|2361|2701|2216|696|1226|704|695|569|526|135|229|156|284|156|284|0|249|0|249|0|249|0|249|51|87|51|87|0|249|595|614|595|614|0|249
1600000US4819000|1201598|4805|721625|14483|408664|12955|214352|9725|194312|10834|6050|2651|4942|2248|1108|747|234|291|35|60|199|272|869|700|796|705|73|91|1335|893|1028|531|307|428|1144|549|952|517|192|230|454|486|454|486|0|249|220|244|42|71|178|235|1475|813|880|576|595|458|173|170|118|117|55|89|670|567|670|567|0|249|557|487|225|246|332|423|0|249|0|249|0|249|2940|1368|1998|816|942|757|272|286|272|286|0|249|1468|678|1373|664|95|122|1060|801|1060|801|0|249|282|271|237|239|45|78|916|637|711|560|205|198|1209|1055|665|782|544|547|1294|785|1017|631|277|318|1680|1326|1487|1271|193|250|1950|1719|1727|1563|223|365|185|236|185|236|0|249|6679|2398|4651|2331|2028|970|659|466|483|426|176|164|3766|1463|2903|1267|863|473|574|915|0|249|574|915|4232|2003|1435|661|2797|1738|1140|1003|315|333|825|755|913|606|480|398|433|343|1755|1170|992|696|763|809|3508|2285|2430|1787|1078|1258|306|303|306|303|0|249|2436|1561|1563|1130|873|662|1264|837|1024|625|240|392|8093|3106|3848|2055|4245|1823|5789|1814|3954|1296|1835|1079|3568|3074|2544|2065|1024|1178|0|249|0|249|0|249|0|249|0|249|0|249|190|212|190|212|0|249
1600000US4835000|2138776|9464|1149875|20512|795368|20999|389954|12499|405414|16178|9768|3285|7604|2797|2164|1315|556|614|473|491|83|136|2797|2689|1773|1700|1024|1034|3074|1795|2180|1096|894|901|4283|2322|3906|2275|377|405|1358|1408|1358|1408|0|249|1424|780|1375|768|49|82|3984|1891|2671|1458|1313|735|1475|1457|1386|1522|89|148|1004|747|609|522|395|352|812|677|812|677|0|249|92|108|62|96|30|50|7822|3235|5256|2147|2566|2230|4357|1805|3081|1373|1276|1221|10936|3458|7962|3370|2974|1239|6230|2680|5677|2576|553|463|1223|759|828|613|395|481|4496|3139|2252|1585|2244|1759|3186|1827|2589|1681|597|547|2292|1120|2008|1007|284|267|4676|2972|1935|1272|2741|2503|2851|1595|2544|1396|307|367|2162|1179|1780|1045|382|498|27838|4542|15740|3141|12098|2612|2204|1199|763|453|1441|1018|3760|1244|1656|706|2104|981|0|249|0|249|0|249|29060|4706|10894|2684|18166|3446|819|896|106|177|713|755|1832|891|828|751|1004|518|2122|1213|1267|935|855|600|6433|2271|4577|1781|1856|953|2070|1001|1578|868|492|422|17961|5610|13447|4963|4514|1623|974|579|909|592|65|105|2267|1342|1152|757|1115|1007|10819|3158|9719|2921|1100|763|3373|3380|3233|3356|140|240|31|52|31|52|0|249|59|87|59|87|0|249|1053|721|848|729|205|258
1600000US5363000|700685|3159|537570|9797|29634|5091|22466|3790|7168|2775|5281|1818|4548|1632|733|496|63|125|63|125|0|213|2509|1551|2052|1521|457|464|2381|1966|1732|1207|649|902|3545|1137|2923|1036|622|454|346|236|346|236|0|213|339|383|78|129|261|361|5157|1801|3836|1651|1321|808|826|473|780|454|46|77|578|732|578|732|0|213|780|577|467|396|313|419|470|480|470|480|0|213|2039|924|1516|737|523|388|505|673|505|673|0|213|9909|2326|8826|2267|1083|773|821|582|821|582|0|213|453|476|311|448|142|164|1347|831|1295|828|52|88|886|585|886|585|0|213|3479|1641|3348|1621|131|163|3631|3373|3287|3335|344|555|1297|937|1297|937|0|213|423|329|423|329|0|213|32924|4015|18466|2945|14458|2627|4090|1303|2557|943|1533|737|4829|1397|2814|910|2015|915|300|456|156|239|144|218|12839|3476|4754|1449|8085|2633|1049|792|219|260|830|675|817|490|358|296|459|386|1358|925|881|673|477|440|7685|3025|4914|1884|2771|1695|3224|1737|2240|1012|984|1077|2308|1256|1783|1080|525|626|473|360|473|360|0|213|11884|3447|6404|2594|5480|1685|950|823|585|498|365|621|985|758|836|683|149|342|62|103|62|103|0|213|52|111|52|111|0|213|587|432|383|322|204|237
310M600US10580|855835|1495|775267|6370|22109|2760|15412|2381|6697|1777|3388|1190|2975|1139|413|310|1205|759|950|642|255|350|3443|1271|2657|959|786|604|1048|834|757|580|291|483|1784|685|1632|717|152|184|1721|1307|471|382|1250|1168|325|267|281|259|44|71|3783|1753|2830|1396|953|518|2015|1063|786|512|1229|911|754|584|682|578|72|118|737|681|518|583|219|328|0|217|0|217|0|217|491|522|255|402|236|239|217|310|217|310|0|217|2656|1436|1210|706|1446|1264|2171|1359|1829|1214|342|277|0|217|0|217|0|217|1345|727|858|574|487|364|994|789|777|684|217|272|2841|1714|1937|1136|904|925|2914|1106|2521|1063|393|319|1730|1201|1495|1074|235|260|517|450|270|294|247|222|5251|1190|3484|882|1767|668|390|307|261|254|129|141|1547|740|798|447|749|524|0|217|0|217|0|217|2279|1013|606|406|1673|781|77|126|0|217|77|126|303|305|142|193|161|205|2521|1503|1278|821|1243|942|3206|1379|2547|1244|659|443|502|512|502|512|0|217|2517|1287|1381|929|1136|647|267|246|267|246|0|217|94|161|94|161|0|217|1801|1009|1201|785|600|557|108|115|86|109|22|43|0|217|0|217|0|217|0|217|0|217|0|217|1517|854|654|451|863|583
310M600US10900|820322|740|662468|7761|106499|5170|52175|4552|54324|4791|1327|637|1096|595|231|257|1216|827|847|583|369|296|2519|1167|1407|747|1112|734|1578|935|621|430|957|630|1431|618|1231|592|200|175|1378|762|1361|761|17|30|1044|716|563|466|481|428|1942|1235|1665|1128|277|227|4615|1913|3216|1577|1399|708|934|679|617|490|317|311|1147|592|820|519|327|242|95|159|56|92|39|68|526|571|400|412|126|176|1857|1524|1011|955|846|1005|3462|1831|2773|1493|689|602|1572|1093|864|704|708|900|246|404|194|317|52|90|228|381|228|381|0|210|1921|1322|1546|1129|375|374|817|507|622|402|195|182|937|961|465|391|472|616|0|210|0|210|0|210|1207|953|1062|1002|145|226|3021|1128|1550|677|1471|730|53|93|24|44|29|50|1230|893|864|748|366|402|0|210|0|210|0|210|993|771|603|528|390|383|0|210|0|210|0|210|288|277|151|204|137|194|957|674|607|444|350|277|1867|1001|1620|950|247|264|246|394|246|394|0|210|5465|1941|2997|1289|2468|1200|8|15|8|15|0|210|308|308|308|308|0|210|1140|768|1099|731|41|69|1838|1139|1173|753|665|839|0|210|0|210|0|210|0|210|0|210|0|210|1942|907|1366|900|576|387
310M600US12060|5789722|4055|4715344|26202|518111|11699|303037|12850|215074|9370|26662|4765|21720|4140|4942|1504|22125|7675|16869|6169|5256|2964|3950|1712|3413|1673|537|452|17288|3939|12174|2764|5114|1890|14186|2520|13229|2412|957|497|4152|1699|3823|1558|329|274|3730|2136|2403|1480|1327|1044|11974|3052|9553|2721|2421|1129|1341|677|1072|547|269|313|9194|4520|5154|3016|4040|1971|4803|2199|3183|1363|1620|1148|109|133|109|133|0|247|9138|2705|6057|1918|3081|1251|14317|3970|9357|2902|4960|1933|27860|4381|23589|4131|4271|1481|11231|2945|9163|2747|2068|1028|938|816|783|751|155|180|9069|3655|5084|2164|3985|1786|12860|3225|10659|2726|2201|1127|12760|4170|8979|3425|3781|1432|19700|4694|15145|4235|4555|1745|11921|3457|10398|3091|1523|849|7989|2762|6727|2474|1262|736|49122|7112|24248|3052|24874|5421|9786|2596|5036|1600|4750|1843|45257|5532|21868|3434|23389|4180|2749|950|2248|881|501|270|46158|8709|18022|5141|28136|5392|5002|2034|3202|1362|1800|914|5129|1744|3268|1342|1861|843|7781|2980|3077|1601|4704|2037|12543|3780|9644|3456|2899|1482|3617|1994|2722|1735|895|635|18054|7326|13338|5801|4716|2419|3210|1452|2244|973|966|829|34577|10620|22018|9612|12559|3918|34536|6949|31272|6494|3264|1734|9599|4568|6650|3660|2949|2124|0|247|0|247|0|247|704|818|704|818|0|247|11146|3464|10534|3330|612|664
310M600US12420|2218030|2591|1589147|23994|444872|20065|295034|18533|149838|13376|7381|2050|5964|1626|1417|1059|2065|1632|1779|1538|286|478|1367|890|1079|760|288|416|4911|1707|3771|1332|1140|833|7873|1888|7001|1843|872|654|1402|899|1269|905|133|231|531|327|436|294|95|113|4877|2405|2479|1128|2398|1866|1848|1100|1550|1012|298|322|866|626|476|423|390|577|1322|980|900|624|422|458|376|602|376|602|0|249|2650|1371|1882|1384|768|667|3647|1814|2556|1405|1091|850|12137|3774|9744|2837|2393|1413|5704|2241|4624|1803|1080|763|935|985|592|608|343|403|2736|1275|1986|982|750|603|8574|2765|7010|2469|1564|1048|3037|1907|1962|956|1075|1630|11235|2843|9204|2337|2031|1140|7849|2795|6640|2430|1209|815|5222|1937|3978|1490|1244|896|18996|3191|12609|2504|6387|1665|1679|716|1426|710|253|235|9461|2575|4934|1516|4527|2037|146|231|146|231|0|249|14848|4150|8000|3186|6848|2337|1032|1517|666|976|366|552|1523|1618|351|331|1172|1530|2416|1369|1532|1076|884|692|4933|1740|3780|1468|1153|800|1624|837|932|532|692|613|16554|9598|11411|6062|5143|3796|1691|1278|1691|1278|0|249|5361|2694|3933|2438|1428|1532|3532|1532|3063|1393|469|497|532|518|532|518|0|249|0|249|0|249|0|249|51|87|51|87|0|249|1087|850|930|706|157|260
310M600US12580|2676609|480|2288084|13291|134137|6357|83265|6931|50872|4826|15792|3529|11248|2554|4544|2357|3517|1628|3337|1514|180|277|4597|1286|3715|1059|882|778|4732|2270|2999|1570|1733|1261|7353|1535|6526|1433|827|589|1332|802|1257|793|75|133|4615|1682|4380|1683|235|232|9789|2959|4542|2028|5247|2035|2140|1212|1485|826|655|597|1175|797|1175|797|0|216|2769|1475|2155|1192|614|482|273|283|273|283|0|216|2587|1221|1472|798|1115|976|6014|2208|4398|1662|1616|942|12037|2861|9913|2424|2124|957|12488|3985|10193|3567|2295|774|3833|1310|2639|869|1194|602|3492|1464|2423|1102|1069|551|7506|2522|4707|1576|2799|1364|4342|1884|3477|1441|865|746|5614|2073|4572|1823|1042|777|4534|1700|3806|1446|728|581|2880|1490|2424|1440|456|266|19916|3344|10342|1785|9574|2554|2955|1216|1631|810|1324|672|18742|2911|9927|2482|8815|1642|0|216|0|216|0|216|7125|2047|3318|1028|3807|1315|247|245|141|174|106|178|1746|994|710|518|1036|832|10163|3135|6537|2287|3626|1260|11215|1870|8185|1678|3030|1050|1302|763|862|521|440|452|8482|3262|6373|2704|2109|1087|1912|1016|1583|877|329|331|6346|2294|5435|2013|911|473|31635|6687|25688|5208|5947|3714|4541|1865|3505|1552|1036|698|0|216|0|216|0|216|1062|1061|1062|1061|0|216|3588|1702|2909|1311|679|614
310M600US14460|4653978|737|3469039|17175|424708|8799|237092|7762|187616|9333|33673|4241|25752|3677|7921|1836|73625|7835|37851|5517|35774|4777|22462|3183|17415|2601|5047|1567|121188|11357|59045|6300|62143|8080|13966|2579|13560|2574|406|266|1830|752|1720|715|110|108|18898|3903|13809|3046|5089|1817|27148|3689|17692|3544|9456|1438|5276|1406|3565|1025|1711|836|3542|1411|2743|1167|799|506|6359|2027|4125|1635|2234|1116|3698|1533|3016|1311|682|386|6456|2104|4146|1262|2310|1214|11981|3003|7923|2344|4058|1644|22832|4200|18441|3385|4391|1742|9288|3415|6497|2415|2791|1363|4159|3243|2864|2697|1295|823|6369|2271|4127|1327|2242|1546|12032|2886|8236|2022|3796|1531|29523|6176|20528|4150|8995|2646|10222|2735|7145|1879|3077|1670|8544|1845|7693|1721|851|458|3308|1334|3074|1272|234|243|133601|7231|68019|4868|65582|5094|7582|2242|5110|1713|2472|981|15127|2859|9175|1900|5952|1820|101|171|0|210|101|171|39077|5542|15351|3017|23726|3581|15609|3401|7683|2107|7926|2267|2881|991|1684|760|1197|630|7171|2433|4652|1737|2519|1172|5355|1437|4500|1234|855|465|2422|1298|1688|911|734|520|31024|5500|20274|4259|10750|2694|9163|2884|7878|2323|1285|930|11051|3777|6612|2526|4439|1900|9220|2287|7690|2030|1530|664|9093|2420|7612|2193|1481|719|0|210|0|210|0|210|557|460|329|269|228|375|4818|1601|4160|1437|658|410
310M600US14860|909305|266|638722|9485|144748|5910|74367|5553|70381|5578|3373|1185|3206|1093|167|228|12731|3933|6781|2655|5950|2421|6520|1668|4953|1398|1567|723|19041|3910|10405|2384|8636|2271|3027|1007|2903|986|124|143|1287|652|1074|574|213|259|3347|1885|2496|1453|851|578|4318|1677|2710|1212|1608|697|6843|2338|4076|1411|2767|1402|1324|1076|1242|1040|82|134|5838|3168|2775|1533|3063|1980|493|468|493|468|0|217|238|291|159|177|79|134|1905|1527|1529|1279|376|294|4951|1760|4025|1399|926|622|691|627|584|617|107|160|595|587|483|431|112|198|3019|3409|1888|2303|1131|1216|1364|939|1033|698|331|301|5659|1765|3938|1213|1721|792|1638|1120|1403|984|235|237|1352|803|1102|676|250|415|1180|904|921|729|259|326|11285|2884|6603|1739|4682|1779|1023|617|722|444|301|227|1665|1018|992|738|673|578|0|217|0|217|0|217|1714|915|573|419|1141|757|377|536|89|143|288|397|1438|1203|1128|977|310|310|1012|667|773|464|239|351|3751|1860|2356|987|1395|1114|732|1023|555|754|177|277|3607|1502|1862|844|1745|1053|611|575|563|523|48|80|294|458|27|44|267|455|4327|2004|3677|1981|650|596|248|303|248|303|0|217|0|217|0|217|0|217|159|257|159|257|0|217|2858|1388|2192|1299|666|480
310M600US15380|1101906|1010|995713|6929|31876|3674|21423|2899|10453|2277|2151|1307|1607|945|544|440|1022|1414|1022|1414|0|217|3885|1142|2353|862|1532|760|646|420|538|383|108|173|1859|789|1636|697|223|272|561|558|495|548|66|112|98|116|98|116|0|217|1972|1087|1201|819|771|444|3104|999|2522|790|582|480|517|329|397|310|120|148|2465|1212|1745|1036|720|568|0|217|0|217|0|217|1556|1081|803|579|753|619|119|206|0|217|119|206|2251|905|1691|657|560|412|2123|1374|1235|878|888|659|334|388|222|235|112|174|12059|2546|4917|1436|7142|1744|1238|1039|296|358|942|828|1230|668|925|492|305|335|497|427|417|345|80|108|441|390|268|226|173|203|0|217|0|217|0|217|4749|1497|2585|870|2164|924|409|324|302|265|107|134|1276|733|721|456|555|433|0|217|0|217|0|217|1975|1398|1047|1014|928|579|0|217|0|217|0|217|246|229|111|112|135|155|5262|2395|1815|1121|3447|1529|1044|996|673|626|371|399|250|252|103|143|147|209|13404|4568|8713|3054|4691|1991|129|151|129|151|0|217|1210|1389|362|576|848|1122|1019|683|786|552|233|227|1929|2075|626|953|1303|1423|0|217|0|217|0|217|294|228|246|214|48|61|993|689|755|452|238|315
310M600US16740|2544347|2265|2169310|11649|229176|7669|120514|7044|108662|6576|11137|2946|6761|2043|4376|1765|3076|1830|1591|1250|1485|949|1026|596|838|543|188|168|5032|2029|3078|1198|1954|1424|5439|1597|4507|1494|932|540|904|681|575|557|329|407|3872|1656|2011|1175|1861|1079|5419|1633|3435|1272|1984|805|1768|1011|1114|658|654|616|1202|890|942|791|260|370|1907|989|1276|767|631|367|63|106|0|210|63|106|1338|872|673|312|665|778|4779|1999|2629|1113|2150|1185|8323|2533|6821|2227|1502|1242|1104|1049|520|488|584|630|640|506|503|430|137|202|1681|1029|1482|969|199|169|4988|2095|3041|1362|1947|1160|2727|1413|2377|1295|350|331|10215|2816|8774|2693|1441|808|5752|2629|5715|2635|37|65|786|614|710|525|76|128|11571|4290|6159|2757|5412|1900|2240|858|1077|513|1163|564|3481|1570|1714|1038|1767|767|2180|1635|1342|1141|838|624|10601|3104|4070|1616|6531|2040|637|563|418|484|219|225|2561|1283|1834|1051|727|476|4087|2015|1766|835|2321|1580|3914|1565|3011|1321|903|476|1497|1448|492|486|1005|1352|6548|2847|3719|1788|2829|1828|997|1222|966|1218|31|52|5327|2639|2685|1501|2642|1681|3934|1764|3034|1292|900|811|1472|955|681|674|791|722|0|210|0|210|0|210|190|320|97|163|93|159|1446|870|1373|860|73|121
310M600US16980|8981716|2056|6346870|28326|1561151|18028|942786|18339|618365|15103|27843|4182|23795|3633|4048|1149|5046|2090|3814|1467|1232|1649|22698|3343|16343|2713|6355|1530|9363|2111|7410|1818|1953|742|24365|3649|20733|3326|3632|1079|3611|1185|2970|929|641|529|26191|3838|19851|3446|6340|1682|42461|5026|25664|4262|16797|2932|177258|11346|102519|7761|74739|6078|32211|4680|20619|3403|11592|2643|45910|5334|26081|3289|19829|3507|1954|797|1471|557|483|466|6740|1949|4542|1334|2198|1083|42152|5431|25384|4150|16768|3058|33245|4480|27162|3895|6083|1766|52518|6819|38968|5339|13550|2683|5663|1761|3971|1470|1692|737|5557|1908|4520|1722|1037|516|12901|3165|9457|2454|3444|1289|57539|6910|37163|4959|20376|3730|21340|4609|16222|3478|5118|1829|16258|3521|13087|2822|3171|1752|16281|3647|11254|2779|5027|1786|83715|7210|41747|4238|41968|4908|10558|2579|6542|1646|4016|1367|44452|5429|20701|3013|23751|3786|1532|1119|1439|1125|93|111|18492|3309|8295|1616|10197|2313|2799|1115|984|540|1815|827|9597|2667|4222|1220|5375|1761|20952|4432|13426|3415|7526|2217|72571|5921|53142|4491|19429|2920|8517|2241|7051|2168|1466|661|56020|7419|38453|5829|17567|3107|3810|1300|3179|1030|631|486|17927|3964|11433|3197|6494|1535|23092|4077|16692|3267|6400|2061|4679|1742|2890|1072|1789|1586|0|210|0|210|0|210|1371|1297|1323|1288|48|88|4506|1245|3630|1104|876|589
310M600US17140|2128137|4347|1990652|9973|43587|4205|25190|2808|18397|3199|8214|3902|4466|1583|3748|3355|63|107|63|107|0|210|1543|924|1501|921|42|68|1888|1188|1334|933|554|521|5213|1850|4191|1704|1022|462|1482|772|1245|685|237|266|319|220|134|130|185|183|4767|2428|3569|2069|1198|917|378|337|142|170|236|282|847|688|559|527|288|320|1782|913|1564|917|218|177|479|719|180|231|299|505|491|402|464|385|27|47|1410|822|1028|630|382|403|5070|1594|4403|1419|667|471|4283|2444|3151|1956|1132|956|379|418|379|418|0|210|653|688|190|243|463|661|6772|3398|3565|1805|3207|2011|2457|2373|1607|1250|850|1203|2537|1030|2315|1015|222|263|880|675|732|536|148|227|1815|910|1758|865|57|99|8469|1972|5759|1659|2710|938|2833|1061|1160|545|1673|856|2154|1369|1291|964|863|676|145|202|125|199|20|36|2170|1012|726|430|1444|779|751|557|325|345|426|308|212|240|16|22|196|238|2091|1835|759|806|1332|1615|3543|1474|2569|1399|974|721|2678|1614|1568|1095|1110|1057|4332|1928|2970|1455|1362|693|341|297|295|276|46|77|3888|2202|2083|1482|1805|1133|3294|1327|2178|936|1116|648|950|624|723|513|227|304|0|210|0|210|0|210|174|147|174|147|0|210|2151|1299|901|671|1250|908
310M600US17460|1964936|1075|1768909|9584|73043|5634|47586|4351|25457|3319|4300|1425|2612|990|1688|999|93|109|93|109|0|204|4612|1169|3215|1040|1397|610|1172|793|888|601|284|273|6492|1655|4689|1230|1803|918|8163|2252|5941|1802|2222|1104|1739|784|1318|660|421|350|6207|2148|2733|925|3474|1542|2589|879|2048|776|541|460|8406|2368|5660|1904|2746|1246|9264|2385|5469|1751|3795|1457|262|253|231|248|31|53|1232|1335|416|483|816|1204|1668|912|1388|863|280|246|2570|1145|2409|1076|161|215|1176|765|714|561|462|392|875|839|273|373|602|548|1274|1537|732|812|542|761|2754|1571|1634|966|1120|873|9637|2854|6361|2014|3276|1307|3274|1477|2283|1116|991|930|1939|1209|1703|1034|236|275|916|879|862|876|54|90|12044|2713|4911|1517|7133|1992|726|377|522|271|204|199|1087|670|515|440|572|431|170|216|170|216|0|204|1576|820|526|268|1050|698|669|714|592|703|77|94|611|504|566|495|45|81|912|661|477|482|435|322|3432|1061|1910|816|1522|683|835|502|337|448|498|466|14655|3352|10128|2611|4527|1438|458|333|293|282|165|166|314|423|268|349|46|78|2097|1123|1635|1011|462|318|531|405|238|228|293|325|0|204|0|204|0|204|0|204|0|204|0|204|2253|801|1380|637|873|558
310M600US18140|2016712|1438|1771645|9635|63492|4351|38354|3486|25138|3038|6887|2202|3897|1236|2990|1757|860|541|704|493|156|156|1556|834|1305|776|251|193|1569|1175|919|631|650|682|4765|1343|4019|1234|746|459|1553|1374|1101|781|452|645|1051|507|958|486|93|167|2751|1099|1769|800|982|572|1236|889|1169|880|67|111|584|484|154|186|430|416|3311|1561|1542|667|1769|1320|95|159|95|159|0|204|1465|913|1008|685|457|364|5755|2811|3013|1775|2742|1181|8902|2864|6719|2531|2183|1109|2362|1401|1585|985|777|501|248|417|248|417|0|204|1416|904|1130|742|286|248|16976|4397|8719|2937|8257|2358|1727|951|1258|750|469|339|4057|2068|2912|1504|1145|1123|3031|2617|2439|2063|592|667|1122|634|1122|634|0|204|14458|3760|7892|2653|6566|1833|3994|1762|1421|890|2573|1161|2189|921|1157|542|1032|636|0|204|0|204|0|204|3778|1690|1934|965|1844|1151|1201|1192|449|481|752|755|2392|2047|1475|1447|917|699|2712|1671|2043|1446|669|589|2563|1942|1791|1405|772|1110|901|819|295|293|606|739|13734|3485|9658|2703|4076|1477|1104|825|1104|825|0|204|39131|9022|25401|7445|13730|3338|12849|3395|8259|2526|4590|2202|6106|3102|2851|1517|3255|2498|0|204|0|204|0|204|0|204|0|204|0|204|1184|607|755|420|429|516
310M600US19100|7265866|1175|4980576|27012|1591946|20829|918627|19572|673319|18967|29207|5497|22178|3782|7029|2736|2320|1355|1741|1194|579|462|4192|1801|2698|1211|1494|1119|13849|3656|12092|3128|1757|864|9102|2379|8043|2230|1059|589|3001|1459|2782|1447|219|295|2405|1658|1276|982|1129|1309|8909|2429|4989|1503|3920|1730|2273|740|1570|637|703|509|5723|2480|3610|1506|2113|1551|3282|1561|1643|764|1639|1150|570|514|570|514|0|249|17094|5525|11024|3801|6070|2816|15296|4295|11639|2929|3657|1694|39869|6027|32026|4498|7843|3217|25117|5178|20477|4517|4640|1623|7678|3934|4893|2459|2785|2132|13897|3990|10644|3489|3253|1032|30502|6150|21219|4035|9283|3305|8506|2731|6929|2240|1577|873|36424|5777|29400|4943|7024|2277|25222|4603|20667|3903|4555|1713|28017|5243|19552|3546|8465|2893|60129|6724|33857|4271|26272|3728|8889|3842|5522|2111|3367|2115|29654|6882|14529|3709|15125|4461|2153|2288|393|396|1760|1948|70751|9202|31136|5529|39615|5823|6324|2895|2225|1105|4099|2287|8518|2691|4466|1709|4052|1419|8676|2698|3977|1396|4699|1927|22906|3758|15448|2715|7458|2282|4595|1632|3768|1309|827|565|41317|7418|27685|5136|13632|4111|4152|2036|3622|1856|530|594|25901|6218|16879|4592|9022|2373|37312|6500|31611|5982|5701|1524|25063|6437|17694|5237|7369|3229|101|151|101|151|0|249|647|568|406|432|241|247|3801|1686|3069|1539|732|503
310M600US19740|2811333|864|2257292|14707|354991|10164|219404|8643|135587|8158|11215|2973|8534|1835|2681|1481|773|1033|773|1033|0|211|1306|560|1126|538|180|182|4917|2182|3989|1626|928|804|8822|1705|8248|1720|574|324|764|360|664|349|100|117|2219|989|1782|920|437|332|16070|3378|9351|2552|6719|1968|4402|1721|3324|1413|1078|716|2016|1023|1233|655|783|609|2618|1173|1932|948|686|479|1203|923|611|541|592|504|2715|1033|1599|752|1116|479|1403|899|1094|777|309|311|3191|1231|2954|1213|237|184|618|629|570|617|48|69|772|691|686|702|86|98|940|691|353|267|587|525|7858|2582|3927|1440|3931|1711|4430|1466|3177|1037|1253|757|3943|1566|3749|1537|194|209|2752|1220|2307|1048|445|449|2268|1047|2160|1031|108|133|16312|2450|9344|1811|6968|1760|2078|817|1298|609|780|447|9353|2220|5783|1875|3570|940|1420|740|568|299|852|598|17634|3893|7557|2074|10077|2467|1132|791|197|185|935|699|1975|785|1040|535|935|503|4534|2034|1556|938|2978|1485|3534|1418|2865|1249|669|452|4436|1215|1837|738|2599|1025|14912|4026|10592|2856|4320|1971|1319|744|1052|572|267|345|17296|4465|9859|3125|7437|2635|8151|3384|5524|1940|2627|2170|2260|1185|1397|914|863|637|107|128|107|128|0|211|1322|855|1248|844|74|113|4060|2192|3537|2124|523|414
310M600US19820|4119137|476|3531146|14303|117538|6260|77175|4777|40363|3805|9139|2050|6893|1567|2246|1057|536|387|536|387|0|181|10289|1982|7604|1719|2685|854|4885|1175|3571|1036|1314|707|11108|2155|10043|2196|1065|422|1942|926|1442|707|500|486|4046|1014|3323|886|723|337|6062|1583|2896|940|3166|1114|10646|1776|7146|1369|3500|922|6702|2093|3475|1418|3227|1173|13233|2757|7592|2138|5641|1523|2802|1926|2121|1888|681|419|2602|1224|1716|798|886|702|8949|3152|7581|2986|1368|597|15029|2718|12693|2419|2336|955|10517|2912|7887|2317|2630|944|4687|1849|2853|1098|1834|965|23057|3946|10000|2330|13057|2646|5135|1601|4438|1510|697|445|35855|5106|22183|3829|13672|2946|9633|2337|8383|2043|1250|657|5398|1783|4833|1711|565|396|7870|2016|6508|2045|1362|637|26562|4060|14042|2411|12520|2380|9888|2318|5293|1791|4595|1520|9866|2278|4211|1274|5655|1498|3499|1605|2352|1298|1147|565|6844|2231|3782|1600|3062|1061|1099|951|320|341|779|843|737|425|499|309|238|181|1748|1381|905|788|843|745|9417|1767|7298|1515|2119|849|1187|774|983|729|204|182|152547|9359|91126|7161|61421|5476|2384|1030|2040|955|344|341|27896|5078|17599|3841|10297|2511|3169|1363|2161|992|1008|817|546|476|300|245|246|279|0|181|0|181|0|181|458|373|458|373|0|181|2484|1325|1550|834|934|737
310M600US25540|1153489|1044|900859|8941|129368|4774|80508|4238|48860|4119|7718|2060|5237|1439|2481|1004|499|334|342|268|157|196|5100|1292|3487|1073|1613|650|6868|1749|4394|1478|2474|951|2454|936|2358|907|96|111|401|410|401|410|0|217|2075|1170|1575|870|500|460|2384|850|1367|653|1017|475|22555|3754|12420|2454|10135|2185|2592|1498|1633|1192|959|704|1021|673|861|597|160|205|66|92|66|92|0|217|1192|1048|1144|1021|48|88|3705|1582|2113|977|1592|818|3958|1633|3487|1474|471|523|2583|1191|1822|990|761|451|505|405|324|319|181|264|2029|805|1342|620|687|448|2604|1276|2190|1077|414|443|4874|3242|3965|2518|909|858|1784|1299|1241|996|543|560|6459|2394|5267|1938|1192|887|1828|1006|1424|699|404|490|9781|2235|5608|1368|4173|1568|507|361|344|312|163|161|2809|1351|1798|1038|1011|651|77|144|77|144|0|217|4034|1615|1614|807|2420|1274|819|651|278|270|541|634|1463|773|530|331|933|605|2010|1289|1240|861|770|669|2393|773|1541|738|852|375|453|339|183|232|270|261|2375|1224|1273|724|1102|759|445|384|255|241|190|246|1060|786|577|567|483|444|4569|1910|3011|1321|1558|990|594|469|594|469|0|217|0|217|0|217|0|217|1268|1204|728|809|540|450|3351|1551|3010|1572|341|419
310M600US26420|6726830|2648|4067008|35060|2001197|25976|1130721|26071|870476|23450|23787|5816|19522|4601|4265|2242|2132|1504|1893|1428|239|301|5989|3191|3973|2052|2016|1425|11128|3909|8314|2769|2814|1427|16542|4877|14646|4822|1896|1265|4156|2008|3042|1566|1114|1511|2654|1149|2138|1018|516|363|15400|4854|12350|4463|3050|1163|2892|1760|2558|1764|334|266|3532|3010|2537|2195|995|867|4573|2133|4450|2147|123|126|325|408|295|401|30|50|18690|7270|12423|4707|6267|3461|16655|4782|12259|3778|4396|1768|28136|6504|21575|5928|6561|2021|36489|8460|26452|6380|10037|3190|5144|2254|3219|1557|1925|1367|8951|3936|4899|2322|4052|2051|13868|4463|11188|4059|2680|1310|10454|3952|8269|2862|2185|1398|14523|6058|10077|4414|4446|2819|9178|3687|8489|3468|689|572|22819|6314|15720|4888|7099|2702|85149|11734|44732|7036|40417|6727|6322|2744|1509|666|4813|2656|10990|3288|5234|1489|5756|2217|1555|1858|1302|1532|253|412|121930|10231|54524|6994|67406|6750|5381|2121|1570|1140|3811|1444|5082|1617|1838|988|3244|1095|8154|2912|4165|1970|3989|1816|28506|5999|20963|4539|7543|2967|9813|3242|6115|2325|3698|1697|41088|8055|29335|7028|11753|3381|1521|752|1456|760|65|105|4362|2010|2168|1311|2194|1513|37354|8566|34067|8789|3287|2314|9473|5719|9112|5695|361|312|31|52|31|52|0|249|59|87|59|87|0|249|3838|2442|3500|2314|338|338
310M600US26900|1998153|2539|1776250|12641|106213|5090|63673|5586|42540|4090|15512|5441|9647|3502|5865|2681|4824|2858|1990|2471|2834|1573|846|753|846|753|0|208|2347|1689|2113|1648|234|299|4794|1538|4147|1402|647|710|1423|1064|1302|1056|121|151|349|345|228|292|121|191|2429|1277|1968|992|461|420|269|320|92|151|177|287|348|351|348|351|0|208|577|388|359|316|218|211|253|421|253|421|0|208|76|122|0|208|76|122|3334|2172|2806|1837|528|446|2949|1774|2079|1181|870|996|6688|2457|4920|1731|1768|1073|4197|2351|1672|1326|2525|1401|710|678|643|640|67|110|332|409|332|409|0|208|888|733|599|434|289|367|1089|890|1061|887|28|55|1903|1346|1657|1186|246|332|1639|1529|1275|1223|364|352|7563|2400|4564|1321|2999|1451|2077|1368|1020|856|1057|891|1554|995|1241|883|313|290|0|208|0|208|0|208|2038|1016|856|586|1182|753|151|210|151|210|0|208|587|496|420|436|167|233|15559|3220|4729|1811|10830|2486|2955|1142|2351|1019|604|519|314|266|163|161|151|194|8378|3212|4598|2189|3780|1964|295|409|295|409|0|208|2561|1433|1089|582|1472|1059|9414|4904|7941|4816|1473|912|1821|1152|1821|1152|0|208|0|208|0|208|0|208|780|1163|0|208|780|1163|1867|1182|1672|1151|195|304
310M600US27260|1543903|1632|1339722|11866|102520|6317|61379|4617|41141|5550|2439|1287|2066|1216|373|329|4519|1785|2609|1345|1910|873|933|470|812|454|121|140|3745|1908|1774|1148|1971|1300|2879|1369|2879|1369|0|242|1071|744|1037|737|34|72|2033|2191|1810|2181|223|236|3807|1825|2428|1381|1379|772|1191|1037|833|933|358|411|7468|3094|4667|2702|2801|1712|1179|755|1012|640|167|230|0|242|0|242|0|242|684|778|447|573|237|280|3426|1734|2088|1190|1338|751|3047|1887|2241|1342|806|785|1629|2271|963|1450|666|884|315|516|221|361|94|166|1042|1337|423|490|619|878|362|336|305|272|57|97|10116|8441|4721|3297|5395|5310|2138|1265|1343|848|795|1005|3926|2825|3777|2790|149|255|798|1002|798|1002|0|242|3657|1197|2789|962|868|560|928|516|797|470|131|175|785|734|502|648|283|307|112|181|57|94|55|89|5123|2631|1598|966|3525|2142|1992|1466|1043|1033|949|758|854|736|128|151|726|693|892|741|523|634|369|302|12379|3158|9504|2585|2875|1105|2292|1721|1682|1313|610|434|6964|2668|4006|1881|2958|1900|719|734|719|734|0|242|815|677|615|458|200|299|799|736|725|729|74|125|2325|3353|1848|2770|477|604|0|242|0|242|0|242|0|242|0|242|0|242|2278|1632|1426|920|852|1278
310M600US28140|2066025|1922|1854334|7583|123301|5389|74913|4439|48388|4312|5072|1333|3608|1009|1464|850|297|313|28|46|269|308|767|494|696|482|71|99|1530|689|1022|566|508|328|3690|1076|3401|1078|289|269|1690|971|1349|744|341|516|21|34|21|34|0|210|2536|876|1572|673|964|530|245|191|245|191|0|210|1770|1442|1335|965|435|519|263|232|263|232|0|210|29|48|29|48|0|210|1083|665|770|591|313|235|1024|538|800|455|224|273|1768|849|1513|794|255|214|1853|957|1047|629|806|500|3402|2416|2096|1512|1306|1199|2264|1227|1963|1158|301|219|1872|914|1042|560|830|739|678|405|527|331|151|180|4221|1725|3727|1627|494|319|528|371|478|352|50|82|1183|823|1183|823|0|210|8112|2063|5344|1526|2768|980|965|516|685|410|280|243|1693|570|1376|561|317|201|2140|1664|1751|1506|389|336|4838|1333|2275|982|2563|1006|481|513|128|184|353|405|1419|690|1127|567|292|224|4957|2645|2925|2267|2032|1055|3617|1076|2626|790|991|559|1972|978|1713|953|259|219|5209|2014|3439|1397|1770|1025|837|589|797|585|40|70|6952|2803|3614|1713|3338|1557|2095|1180|1662|1078|433|446|4317|1882|3824|1659|493|600|4|7|0|210|4|7|269|274|244|271|25|39|727|646|684|633|43|72
310M600US29820|2159933|-555555555|1450189|15195|478944|10474|289889|9676|189055|7692|4547|1244|3362|899|1185|918|800|688|523|420|277|350|3291|1336|1934|793|1357|737|4775|1914|3771|1631|1004|626|4497|1340|3711|1269|786|394|926|564|926|564|0|221|961|626|573|447|388|435|4340|1347|2660|869|1680|862|803|521|534|448|269|269|4223|3113|2948|2354|1275|977|2765|1188|1647|791|1118|749|4450|1774|3180|1462|1270|764|4412|1936|2988|1300|1424|816|399|454|311|440|88|102|3131|1487|2352|1175|779|689|351|376|285|360|66|111|1577|1356|1032|946|545|553|36|60|36|60|0|221|846|634|595|458|251|267|4401|1744|3508|1470|893|567|897|721|658|623|239|247|986|682|869|575|117|192|220|270|220|270|0|221|37356|5457|15599|3119|21757|3439|6691|1822|4400|1515|2291|998|9253|2536|3508|1165|5745|1709|0|221|0|221|0|221|9215|2424|4139|1512|5076|1631|818|582|580|477|238|252|5387|1590|2577|850|2810|1216|1783|1070|1218|652|565|498|73079|5538|50237|4973|22842|2754|8480|2517|5355|1489|3125|1425|7868|2321|4873|1960|2995|1307|2438|815|1644|701|794|383|9879|3655|5703|2268|4176|1774|1060|809|459|433|601|644|1011|759|956|721|55|93|384|359|384|359|0|221|332|236|332|236|0|221|2132|1092|1778|953|354|306
310M600US31080|12304824|464|5785558|37050|4282426|24915|2568928|22838|1713498|22678|45505|5478|40539|5083|4966|1519|2874|1378|2365|1241|509|588|18815|2784|15378|2619|3437|871|23105|3763|15810|2525|7295|2276|25766|3005|22774|2818|2992|1007|8556|1771|7784|1721|772|386|6550|1814|5401|1635|1149|715|67169|8344|38905|6172|28264|4555|7842|2132|6407|1893|1435|610|6658|1679|4704|1272|1954|1026|9869|2692|7647|2245|2222|826|191811|12528|109109|8476|82702|6599|108156|8120|65781|6490|42375|4295|16542|3910|10920|2666|5622|1822|35827|5201|30177|4528|5650|1618|18941|4965|14877|4190|4064|1338|11884|3808|6585|2050|5299|2383|12140|3260|6853|1722|5287|2108|15417|3451|11349|2667|4068|1692|25743|3548|19866|2870|5877|1736|10437|2905|8790|2498|1647|940|7946|2667|7452|2541|494|367|6348|2065|5735|2000|613|440|460931|15049|197181|8726|263750|10493|64801|6806|33606|3788|31195|4717|234152|12244|103295|7264|130857|8024|1729|1034|1062|908|667|434|256629|13649|96295|7429|160334|9192|27560|4797|11850|2716|15710|3267|24542|3375|10467|1854|14075|2660|19983|3391|9814|1945|10169|2341|270610|13299|183916|10682|86694|6685|39993|5149|24793|3862|15200|2384|81793|9324|54097|6982|27696|4763|24242|4571|19056|3976|5186|1559|12360|2428|7844|2096|4516|1216|11636|2762|8866|2225|2770|1245|5793|2326|4201|1712|1592|1375|375|412|375|412|0|218|1510|790|1309|736|201|211|14300|2759|10495|2180|3805|1506
310M600US33100|5766613|358|2621847|25869|2439781|15589|1329197|23568|1110584|20252|50333|6357|38569|5294|11764|2078|298425|19138|178760|15329|119665|10138|18369|3097|13450|2894|4919|1398|70665|9178|45295|6043|25370|4589|13524|2712|12077|2574|1447|498|4904|1448|4288|1324|616|405|5760|1930|5042|1918|718|575|35016|4982|19414|3467|15602|3325|6906|2035|4893|1625|2013|897|4378|2386|3149|1794|1229|910|6777|2003|5070|1542|1707|906|753|567|688|558|65|108|3084|1144|2068|850|1016|590|4458|1423|3506|1208|952|663|9262|2905|7946|2541|1316|960|5861|2171|4677|1958|1184|647|362|346|362|346|0|242|6305|2668|2846|1092|3459|1915|2136|1053|1471|875|665|700|13029|3280|10784|2895|2245|1125|3876|1716|3515|1645|361|274|3282|1587|2837|1340|445|381|2927|1450|1960|1135|967|790|26877|5138|11504|2999|15373|3409|3575|1513|2739|1439|836|407|2982|1124|2115|797|867|568|0|242|0|242|0|242|12369|3221|3776|1570|8593|2783|531|570|372|392|159|203|2728|1026|1472|763|1256|601|5856|2137|3997|1603|1859|1028|14937|3236|11099|3014|3838|1413|2166|894|1589|826|577|469|19320|4665|14014|3711|5306|1602|16703|4101|14044|3886|2659|1011|505|477|248|297|257|389|3979|1589|3306|1429|673|461|1153|781|822|612|331|422|0|242|0|242|0|242|480|286|427|284|53|69|20432|4938|14837|4088|5595|2640
310M600US33340|1473826|910|1279393|6399|113482|5758|71512|4688|41970|3448|2756|1007|2192|886|564|363|156|153|41|67|115|137|1623|949|1070|713|553|365|849|658|709|588|140|173|6318|1274|5686|1164|632|324|519|307|483|290|36|58|1407|945|1176|868|231|266|3060|1010|1541|591|1519|810|3183|1091|2636|956|547|358|3757|1325|2932|1214|825|571|1141|709|887|626|254|272|69|114|0|157|69|114|753|587|493|437|260|225|1135|667|811|480|324|311|3651|1140|3207|982|444|360|1733|1053|1468|923|265|268|2371|1613|990|806|1381|1041|567|568|521|548|46|79|1294|817|863|587|431|358|2478|1201|1542|837|936|547|1944|1290|1904|1277|40|68|2097|721|2041|713|56|73|1124|696|1043|665|81|135|6139|1918|4004|1543|2135|895|733|422|518|293|215|277|1368|687|773|435|595|455|8555|2173|5963|1696|2592|848|1369|654|730|416|639|427|0|157|0|157|0|157|1426|809|536|387|890|566|3963|1672|1359|975|2604|1027|2959|1137|1971|777|988|756|707|678|394|364|313|336|5020|2144|3885|1809|1135|670|615|571|615|571|0|157|1585|1447|913|777|672|780|1034|686|857|642|177|235|743|1103|535|762|208|346|0|157|0|157|0|157|55|88|55|88|0|157|695|400|436|289|259|200
310M600US33460|3470851|1514|2966850|13911|145647|6544|89054|5674|56593|4584|13481|3668|10477|3112|3004|1458|1712|2074|1252|1654|460|499|521|335|499|332|22|35|2219|1044|1951|994|268|261|8518|1936|7748|1782|770|508|1989|890|1953|885|36|61|598|485|548|461|50|85|12682|2862|7048|1934|5634|1544|2157|857|1532|686|625|532|2003|1223|1232|843|771|689|3709|1546|2334|901|1375|954|20|39|20|39|0|210|2034|1312|1413|823|621|628|3053|1529|1330|793|1723|1381|6875|2207|6435|2122|440|373|2399|1250|1893|1120|506|364|725|656|494|482|231|332|2584|1186|1941|1018|643|525|5591|2448|4719|2197|872|682|6210|1675|4718|1228|1492|867|5034|2029|3204|1513|1830|1220|4791|2205|4619|2174|172|188|1646|946|1603|934|43|73|19579|3701|11502|2670|8077|1820|2867|865|1836|660|1031|554|2328|820|1173|534|1155|478|72136|6030|44731|4545|27405|3744|19023|3781|7220|1907|11803|2732|4879|1840|1754|960|3125|1342|3516|1100|1474|605|2042|799|16651|4881|5172|1559|11479|4074|8535|2301|5893|1784|2642|1046|1233|776|824|523|409|461|12168|3659|8195|2499|3973|1790|541|303|541|303|0|210|70498|8461|43369|6554|27129|4381|18604|4993|13061|3773|5543|1997|10519|3370|7082|2688|3437|1556|0|210|0|210|0|210|1083|606|1083|606|0|210|3643|1367|2755|1130|888|497
310M600US34980|1894390|2968|1677378|11254|120035|5954|58057|4714|61978|5256|4362|1927|3551|1535|811|729|543|461|362|414|181|189|1363|899|998|670|365|472|3258|1607|2803|1506|455|338|2671|1040|2205|893|466|412|1553|1248|1171|1073|382|638|513|514|513|514|0|224|773|614|550|574|223|226|423|499|142|173|281|472|1088|764|699|510|389|379|240|235|140|165|100|168|0|224|0|224|0|224|1957|1045|1698|922|259|238|1181|997|696|531|485|503|2720|1358|2208|1117|512|531|1376|1861|775|992|601|889|0|224|0|224|0|224|734|658|636|605|98|165|3662|3044|1584|1158|2078|2416|6807|3245|4267|2522|2540|1631|2300|1210|1564|874|736|537|1000|882|1000|882|0|224|663|543|368|474|295|258|5132|1802|2869|1204|2263|1284|2732|1559|1595|1122|1137|872|2054|972|999|648|1055|636|473|779|137|243|336|552|4258|2073|1096|571|3162|1854|77|128|0|224|77|128|4538|1814|2069|1031|2469|1204|3337|1880|281|408|3056|1778|3199|1796|2423|1136|776|1036|932|821|698|735|234|379|17120|5856|6751|2461|10369|4704|97|154|83|150|14|32|5631|3185|4612|2828|1019|913|2954|1593|2434|1455|520|555|4621|3124|2412|2029|2209|1623|161|259|161|259|0|224|97|168|97|168|0|224|377|382|253|344|124|160
310M600US35300|820682|141|626066|8219|111309|4883|65886|5045|45423|4399|4850|1485|3664|1067|1186|742|2519|1080|1226|720|1293|815|7954|2192|5645|1672|2309|998|8526|2506|4697|1468|3829|1831|2000|895|1966|891|34|57|268|211|268|211|0|217|1235|719|944|662|291|251|2587|1100|1286|649|1301|796|4294|1580|2710|1302|1584|811|639|402|558|380|81|84|850|529|740|510|110|187|154|178|154|178|0|217|622|410|346|336|276|291|803|597|577|552|226|192|1913|800|1367|659|546|436|1231|891|855|687|376|441|267|433|81|134|186|303|1502|1212|610|528|892|712|414|304|268|228|146|242|7457|2299|4288|1483|3169|1407|477|530|477|530|0|217|697|575|697|575|0|217|0|217|0|217|0|217|9900|2450|4307|1311|5593|1542|613|390|355|259|258|261|1348|629|386|286|962|575|0|217|0|217|0|217|1775|945|577|453|1198|698|388|547|135|195|253|358|1321|1025|479|421|842|802|1878|880|1206|632|672|456|2200|1190|1977|1138|223|189|202|316|128|204|74|115|3064|1816|2056|1307|1008|775|1148|700|1077|643|71|118|380|462|254|425|126|213|2379|1327|1517|1022|862|768|2722|2008|2078|1516|644|765|0|217|0|217|0|217|244|226|225|225|19|33|2486|1931|2362|1921|124|202
310M600US35620|18635853|1015|11349418|53583|3618486|31651|2011826|27475|1606660|27714|136718|8628|102965|7921|33753|5430|193094|16267|117837|10999|75257|8204|149373|9524|106178|7916|43195|3895|135883|8177|82774|6377|53109|4984|38332|3803|34566|3650|3766|1033|155208|13690|81811|8949|73397|10328|63744|7357|46727|5812|17017|3190|261915|13140|129638|9567|132277|7292|121208|9747|70175|6683|51033|5728|25840|4549|17444|3673|8396|1775|57080|6743|32114|3928|24966|4456|8569|2588|6410|1798|2159|1145|30866|6850|18889|3963|11977|4326|87212|9097|56326|6365|30886|3812|121737|9293|97803|7924|23934|3626|98146|9392|64854|6821|33292|4417|43029|6287|24172|4143|18857|3037|156749|10845|76750|5933|79999|7423|45460|6847|30001|4629|15459|3558|110404|11369|75500|8615|34904|4802|39452|5458|33135|4700|6317|1899|31134|4309|25215|3980|5919|1747|40164|5425|28936|4300|11228|2472|647461|16634|263320|10585|384141|13679|39145|4385|21069|2796|18076|2927|149602|8112|68662|5070|80940|5084|152|251|152|251|0|210|22101|3678|10339|2051|11762|2568|2483|1059|824|413|1659|817|9308|2336|3719|1121|5589|1646|57774|7552|31360|4642|26414|4291|136307|9892|98616|8419|37691|4267|14201|2838|9006|2034|5195|1419|158479|13668|109512|11143|48967|5845|74366|8957|64979|8946|9387|1925|8922|2848|6868|2542|2054|848|128299|11105|100912|10946|27387|4256|14426|3968|10163|3362|4263|1486|0|210|0|210|0|210|2016|932|1502|870|514|408|51590|7626|34576|5597|17014|4055
310M600US36740|2547543|1230|1676450|19151|645654|13086|403024|15077|242630|13033|11439|3564|9165|3250|2274|1118|43288|7662|25452|5049|17836|4060|1446|685|1058|514|388|408|38394|7655|22424|5152|15970|4005|6007|1798|5262|1621|745|578|3796|4269|3605|4199|191|240|449|322|280|216|169|238|6295|2750|4386|2049|1909|1016|1634|1240|1435|1187|199|231|2818|1994|2381|1785|437|434|1275|925|1063|785|212|272|197|336|0|242|197|336|1256|1041|1067|995|189|236|9228|3774|7355|3011|1873|1128|4207|2160|3483|2039|724|590|4790|2593|3907|2399|883|704|188|180|188|180|0|242|1939|1098|868|530|1071|757|1657|899|1370|770|287|353|4409|2352|3274|1633|1135|1001|1923|1475|1619|1233|304|448|633|621|298|323|335|308|2209|1087|2093|1072|116|153|9542|2241|5099|1341|4443|1517|1467|820|1080|699|387|416|2487|1441|820|635|1667|1083|0|242|0|242|0|242|22151|5903|10183|3143|11968|3662|475|455|159|218|316|386|1401|1078|387|330|1014|906|2247|1464|1636|1385|611|531|10024|2894|7958|2595|2066|1077|2260|1879|593|392|1667|1787|15162|4038|9428|3134|5734|1624|1028|689|949|647|79|132|615|596|184|321|431|506|1451|1160|1354|1202|97|173|1466|1068|1466|1068|0|242|0|242|0|242|0|242|194|239|96|180|98|159|3992|1594|2807|1429|1185|599
310M600US37100|795536|106|488179|9069|237548|7225|140851|5912|96697|5616|4301|1602|3527|1459|774|688|72|105|17|31|55|98|2266|1231|1840|1089|426|325|1328|995|1179|967|149|152|2627|1126|2029|1046|598|407|393|368|393|368|0|218|508|454|479|436|29|50|1705|1089|737|622|968|742|663|590|663|590|0|218|215|359|215|359|0|218|528|458|492|429|36|60|489|365|489|365|0|218|3818|1775|2602|1384|1216|857|666|539|518|448|148|155|3195|1274|2573|1155|622|395|950|823|916|808|34|58|463|437|227|188|236|309|246|233|246|233|0|218|1008|622|776|555|232|244|2090|1337|1124|600|966|1093|704|453|658|429|46|77|1111|633|1053|623|58|71|789|638|691|531|98|162|7356|2537|3763|1428|3593|1764|1658|710|911|456|747|411|2719|1333|962|584|1757|915|343|510|200|276|143|238|2994|1598|1783|912|1211|754|461|380|219|261|242|393|300|280|144|185|156|205|586|584|508|473|78|127|12662|2548|7444|1486|5218|2001|1249|702|783|479|466|327|2626|2016|1817|1423|809|676|682|521|620|501|62|103|0|218|0|218|0|218|1205|992|1041|891|164|183|110|180|110|180|0|218|0|218|0|218|0|218|793|1246|793|1246|0|218|3930|1911|1133|738|2797|1535
310M600US37980|5887205|903|4909426|21155|394691|12583|227802|11007|166889|10938|22971|3757|15748|3208|7223|1829|18844|4502|10459|3025|8385|2492|17246|2652|12587|2063|4659|1193|19415|5820|9366|2295|10049|5120|10671|2288|8813|2296|1858|595|11293|3346|7908|2204|3385|1830|10553|2476|8532|2178|2021|881|40352|5874|20262|3535|20090|3657|9478|2152|5692|1233|3786|1436|3210|1209|2182|906|1028|567|10617|2748|6707|1798|3910|1546|3440|1449|2920|1268|520|407|3729|1809|2826|1424|903|602|20847|3632|11631|2670|9216|2565|27100|5334|21788|4452|5312|1840|10793|3208|7542|2272|3251|1357|5902|2606|4092|2051|1810|928|15715|3751|9057|2522|6658|1720|4792|1678|4036|1462|756|501|11263|2863|8146|2325|3117|1214|12745|2989|10120|2255|2625|1930|9320|3096|8164|2776|1156|589|21523|4117|12243|2612|9280|2534|73353|6985|33121|3870|40232|4913|4489|1428|2368|832|2121|1164|22259|3682|8698|1858|13561|2587|98|121|98|121|0|210|28906|4479|12234|2644|16672|2807|9868|2797|3386|1460|6482|2042|3516|1489|1830|1003|1686|724|9568|2583|4690|1658|4878|1536|18349|3388|13681|2930|4668|1196|3013|1315|1671|854|1342|815|38319|8090|27006|6736|11313|2876|3236|962|2863|866|373|399|3073|1496|1936|1193|1137|709|26354|5670|19966|5029|6388|2465|4019|2046|2624|1538|1395|1063|0|210|0|210|0|210|925|820|562|732|363|311|11924|3581|6262|1993|5662|2934
310M600US38060|4663403|379|3474188|22199|912688|19479|612252|17049|300436|11615|11648|2789|9806|2666|1842|864|574|610|444|465|130|149|3915|1167|3208|1125|707|473|3953|1345|3029|1112|924|574|9768|1902|8646|1888|1122|520|2092|769|1864|770|228|198|1672|580|1495|544|177|181|5733|2206|4689|1967|1044|612|3979|1625|2536|1402|1443|688|7866|2444|6115|2142|1751|709|4225|1265|3691|1339|534|391|690|534|539|435|151|152|4614|1508|2393|897|2221|1082|6419|2462|4453|2138|1966|948|12469|3185|10414|2774|2055|1169|2708|1405|2138|1189|570|444|1482|1030|1482|1030|0|224|3138|1263|2462|1038|676|550|5094|2590|3012|1298|2082|1616|10958|3090|7499|2426|3459|1258|6520|1894|5549|1753|971|516|3752|1561|2994|1377|758|479|2549|984|2192|915|357|328|26420|4192|13626|2723|12794|2591|4643|1285|3187|1091|1456|752|8882|2296|4833|1539|4049|1508|72|86|45|74|27|44|21481|3950|9418|2300|12063|2802|1094|648|254|210|840|519|3915|1570|1726|820|2189|1105|3078|1279|1308|692|1770|911|22258|3444|17050|3030|5208|1475|7656|2534|6082|2008|1574|863|19865|4394|13049|3128|6816|2450|1618|582|1331|526|287|233|10150|3063|7365|2442|2785|1140|3508|1289|2977|1233|531|385|9131|3605|6310|2866|2821|1428|11196|2954|8946|2651|2250|1027|3498|1325|3377|1273|121|154|2244|859|1515|717|729|576
310M600US38300|2239956|654|2119258|7570|29392|2748|20864|2485|8528|1487|5795|1426|4503|1157|1292|764|979|780|979|780|0|189|6360|1784|5027|1564|1333|608|3048|1278|1698|861|1350|842|4538|1186|3368|830|1170|836|1392|652|1364|650|28|47|1501|613|1349|591|152|131|5129|1925|3694|1506|1435|738|1347|633|1262|607|85|124|760|330|493|279|267|216|2420|834|1770|651|650|383|133|214|133|214|0|189|1126|658|670|466|456|303|1680|849|1148|711|532|363|3283|1308|2894|1278|389|288|1878|1158|1590|1057|288|261|463|407|295|267|168|199|840|702|489|431|351|352|8233|2601|4034|1574|4199|1731|2142|924|1992|857|150|152|1758|1022|1355|800|403|319|2936|1258|2196|989|740|440|1297|991|1225|953|72|115|11277|2118|6204|1373|5073|1276|1832|963|993|593|839|794|2125|680|1401|551|724|368|0|189|0|189|0|189|1699|801|1285|640|414|373|522|489|143|207|379|342|62|77|34|59|28|50|4132|4480|2709|3352|1423|1261|1852|1072|947|423|905|785|548|393|548|393|0|189|4073|1799|2369|983|1704|1271|819|470|659|455|160|182|162|200|162|200|0|189|1485|918|1352|850|133|151|799|596|346|379|453|451|0|189|0|189|0|189|38|53|38|53|0|189|843|607|782|586|61|76
310M600US38900|2382946|1750|1952252|14271|183116|9327|122062|7450|61054|6383|8164|1661|6825|1478|1339|663|1000|793|615|780|385|411|1729|744|1309|633|420|396|3542|1890|3097|1870|445|330|9115|2228|7849|2020|1266|618|978|413|978|413|0|210|860|586|706|506|154|150|28063|5877|15256|3273|12807|4095|863|634|620|555|243|289|2907|1676|2068|1421|839|758|13443|4955|7787|3160|5656|2418|694|541|516|383|178|229|5705|2519|3901|2148|1804|1057|560|554|560|554|0|210|6859|1970|5575|1689|1284|699|666|563|440|389|226|224|3356|2237|2180|1371|1176|927|1039|613|844|501|195|232|3252|1439|2263|1018|989|923|10654|3541|7993|3099|2661|1309|3429|1694|3095|1592|334|290|4594|2226|4067|2131|527|534|1728|1174|1433|1133|295|321|27831|3731|16036|2666|11795|2139|9339|1822|6323|1421|3016|966|9297|2441|4703|1783|4594|1251|1792|1113|1330|1000|462|408|29985|4297|12828|2970|17157|2735|3180|1364|1666|1101|1514|684|5309|2154|2747|1422|2562|1228|5509|2348|3054|1432|2455|1236|7887|1834|6186|1626|1701|711|5990|1644|3735|1104|2255|941|11269|4061|8208|2850|3061|1543|592|429|380|337|212|210|6641|2632|3457|1400|3184|1766|2286|1085|1657|956|629|465|2204|1325|1734|1085|470|425|344|337|46|79|298|328|601|444|413|286|188|320|4322|2032|3121|1447|1201|903
310M600US39300|1593473|618|1243554|11533|166749|6421|94531|6098|72218|4553|8746|2010|6622|1436|2124|1041|19315|4355|12440|3523|6875|2130|5732|2856|4453|2195|1279|813|87870|7012|50487|4537|37383|4575|1630|711|1260|552|370|300|457|379|387|370|70|103|1677|992|1404|999|273|289|2631|1626|1558|921|1073|1034|2445|992|1422|702|1023|601|10|20|10|20|0|210|648|796|539|775|109|180|1250|820|1250|820|0|210|325|261|229|203|96|162|1790|1418|1055|872|735|616|3489|1555|3124|1429|365|355|1061|683|889|553|172|204|321|311|265|304|56|95|400|304|291|220|109|121|623|506|419|299|204|253|2833|1839|1707|1135|1126|795|1577|853|1228|741|349|350|1364|964|1258|904|106|135|286|285|161|250|125|141|7142|1613|4132|1145|3010|1084|1020|620|820|568|200|207|1197|609|886|444|311|292|191|258|191|258|0|210|2662|1299|788|557|1874|1044|5608|2089|2958|1402|2650|1181|3621|2450|2343|1809|1278|780|1248|962|607|503|641|791|2635|1387|2346|1377|289|334|349|232|310|221|39|64|3481|1262|2658|1008|823|587|265|266|265|266|0|210|644|620|464|539|180|231|2365|1306|836|625|1529|1004|691|601|427|426|264|393|0|210|0|210|0|210|119|115|119|115|0|210|3452|2175|1501|1195|1951|1665
310M600US39580|1365724|745|1131003|8715|120274|5866|71533|5011|48741|5205|5931|2158|3335|1182|2596|1718|1134|816|1134|816|0|224|1202|893|677|408|525|775|2776|1452|2117|1173|659|580|2248|1183|2021|1144|227|243|651|562|651|562|0|224|1018|908|731|801|287|304|5083|2381|4371|2305|712|538|1213|714|971|669|242|271|155|182|155|182|0|224|1674|999|1006|641|668|700|62|107|62|107|0|224|2569|1423|1899|1045|670|536|5312|1764|4177|1547|1135|549|8756|2675|7155|2295|1601|1032|2430|1837|2208|1763|222|304|2561|1901|1657|1239|904|868|2460|2068|1840|1803|620|508|5826|2057|4713|1759|1113|610|1215|682|1098|612|117|123|8763|3133|7708|3026|1055|653|4383|2051|3573|1866|810|597|3485|2002|2781|1862|704|515|10461|2603|6218|1805|4243|1392|593|468|255|278|338|340|3317|1276|2072|990|1245|820|0|224|0|224|0|224|4650|1669|2529|1048|2121|896|0|224|0|224|0|224|575|388|370|301|205|252|585|450|462|338|123|154|2303|974|1597|769|706|482|1091|1062|279|231|812|977|9972|4054|6012|2108|3960|2446|258|350|258|350|0|224|1183|1119|635|684|548|645|4822|2513|4183|2371|639|780|2618|1606|2040|1314|578|517|0|224|0|224|0|224|126|207|126|207|0|224|986|745|888|732|98|160
310M600US40060|1243473|6519|1107024|9188|67726|4186|39632|4401|28094|2857|4785|2908|4322|2881|463|302|851|599|851|599|0|216|896|506|625|444|271|251|1641|815|846|557|795|482|2395|847|1679|711|716|426|120|113|120|113|0|216|221|215|221|215|0|216|1735|849|796|504|939|608|552|499|391|363|161|188|1281|1229|795|815|486|455|437|375|262|252|175|234|127|210|75|122|52|89|1250|1188|1210|1180|40|76|1119|813|710|509|409|395|1305|676|1036|541|269|327|2861|1768|2341|1473|520|484|379|397|319|332|60|105|1048|933|725|731|323|368|2656|2054|1136|670|1520|1661|760|450|569|334|191|239|4027|2220|3413|1984|614|574|3401|2108|3069|2054|332|384|586|468|523|440|63|112|6332|2598|3543|1715|2789|1203|675|754|461|677|214|310|5327|2480|3356|1515|1971|1280|0|216|0|216|0|216|4331|1755|2990|1224|1341|713|1054|638|552|396|502|381|795|752|442|501|353|328|953|700|388|309|565|504|2045|1024|1747|976|298|266|462|449|410|436|52|91|7493|2556|5123|2019|2370|1038|327|317|285|313|42|69|1756|1790|1027|1101|729|773|954|633|773|529|181|218|475|596|297|328|178|293|0|216|0|216|0|216|395|492|78|100|317|481|916|660|219|228|697|646
310M600US40140|4363875|574|2493244|23617|1539275|20815|1024887|20102|514388|12229|8028|2332|6576|2208|1452|544|1788|1372|1317|1027|471|508|2826|1505|2322|1358|504|465|3677|1295|2755|1174|922|372|7802|2100|7021|2000|781|397|1585|773|1326|688|259|226|1595|1006|1377|949|218|207|3658|2165|2844|2144|814|496|2077|810|1387|506|690|537|1775|1053|1662|1010|113|162|1679|1148|1298|1100|381|343|2469|1304|2063|1127|406|352|6725|2523|4080|1858|2645|1435|5034|1757|3480|1419|1554|895|4699|1813|3798|1540|901|543|5565|1940|4236|1558|1329|665|6197|2783|3479|1694|2718|1325|2109|1163|1564|771|545|495|1702|859|1511|746|191|193|6736|2347|5264|2206|1472|786|1891|1219|1891|1219|0|218|1166|714|954|630|212|323|866|683|793|594|73|126|67282|6220|27606|3332|39676|4211|6757|2631|4619|2059|2138|871|19905|3590|9537|2066|10368|2194|989|940|507|528|482|466|22565|3158|10283|2053|12282|2269|5213|2223|2230|1098|2983|1560|6243|2032|3720|1425|2523|1036|2813|1327|1179|837|1634|1064|57386|5745|37994|4384|19392|2596|17073|5177|10442|3487|6631|2581|28043|6319|17528|3839|10515|3114|858|498|757|514|101|129|2360|1532|1466|842|894|865|9130|3174|6650|2046|2480|1469|561|386|448|349|113|114|90|143|0|218|90|143|353|334|345|334|8|13|2086|1116|1582|983|504|456
310M600US40380|1029527|968|914589|7018|48411|3954|32135|3485|16276|3054|4611|1965|3470|1670|1141|879|1345|1073|733|508|612|652|4525|1008|3164|888|1361|450|2136|1817|1536|1381|600|526|3516|1433|2839|1305|677|413|6793|1860|4910|1532|1883|631|672|456|342|288|330|275|2091|937|1041|620|1050|655|1137|718|939|608|198|192|1709|1312|894|1000|815|856|5004|2272|3341|1798|1663|1033|275|455|154|254|121|202|223|263|223|263|0|217|174|199|174|199|0|217|1310|653|1045|577|265|249|389|463|216|295|173|242|192|263|192|263|0|217|1460|749|920|491|540|417|1957|1029|732|645|1225|917|1667|923|1209|694|458|421|190|299|190|299|0|217|94|114|94|114|0|217|847|733|681|595|166|213|6957|1515|4468|1265|2489|770|422|375|300|316|122|208|1647|759|546|371|1101|673|0|217|0|217|0|217|1352|736|649|401|703|428|573|746|201|261|372|498|551|416|309|274|242|264|3143|1665|1330|813|1813|1143|1418|893|761|553|657|548|91|118|66|112|25|38|4200|1867|2075|1023|2125|1494|457|597|457|597|0|217|1863|1630|1256|1216|607|502|129|139|129|139|0|217|1122|941|751|664|371|598|0|217|0|217|0|217|31|53|31|53|0|217|254|178|128|140|126|148
310M600US40900|2274970|883|1631314|17396|266343|10858|177239|8755|89104|6795|4338|1480|3784|1351|554|492|366|374|342|357|24|43|1413|545|1162|494|251|190|4823|1683|4124|1483|699|464|7210|1961|6510|1874|700|450|1601|733|1253|637|348|270|1030|612|997|611|33|55|33467|5128|17131|3196|16336|3593|2046|1244|1323|1061|723|500|2070|1097|1641|972|429|372|20292|5266|10045|4098|10247|3440|3210|1777|1633|1222|1577|723|22715|4828|11183|2881|11532|2683|3534|2163|2659|1750|875|611|20705|3435|15745|2713|4960|1455|6355|2632|4658|1986|1697|1016|23168|5252|12998|3222|10170|2696|847|495|708|422|139|135|5155|2330|2348|1077|2807|1818|12983|3455|6761|2085|6222|2164|3853|1330|3397|1250|456|260|3424|2062|3121|2067|303|414|1394|860|1182|807|212|183|44935|5502|20588|3166|24347|3846|4978|1068|3382|1026|1596|654|10303|3991|4912|2285|5391|2122|18829|4276|10030|2339|8799|2831|29335|4440|11365|2504|17970|3364|2527|1199|949|458|1578|896|4682|1686|2434|1265|2248|990|6582|2052|4148|1354|2434|1134|39123|5438|25415|4097|13708|3268|9142|2558|4111|1163|5031|2171|11845|3277|7120|2532|4725|1798|1246|925|746|525|500|506|2593|1714|1101|688|1492|1104|3071|1879|2532|1777|539|653|703|573|418|410|285|337|24|32|24|32|0|218|267|291|267|291|0|218|1129|590|741|442|388|276
310M600US41180|2648266|2232|2487835|8565|48863|4310|32943|3622|15920|2586|7481|2455|5783|1952|1698|761|136|158|86|142|50|79|1047|590|925|567|122|149|1113|699|839|515|274|248|7097|1976|6551|1944|546|441|1199|709|978|619|221|263|929|569|701|382|228|284|3915|1546|2219|1101|1696|795|628|456|556|445|72|88|12428|3345|6754|2221|5674|1860|986|529|734|487|252|217|89|155|0|210|89|155|644|597|398|389|246|250|764|446|508|322|256|316|5308|2009|4780|1868|528|416|2441|1263|1785|1096|656|426|2616|2206|1465|1532|1151|795|786|595|667|525|119|196|1934|1176|1265|697|669|628|3303|1745|2339|1537|964|564|5858|1998|5150|1826|708|538|3241|1473|2081|1229|1160|954|337|270|326|266|11|19|14682|2532|8862|1906|5820|1434|850|470|501|366|349|251|2800|1200|1817|891|983|514|0|210|0|210|0|210|7913|2625|2489|1146|5424|1914|262|373|262|373|0|210|1416|818|512|392|904|508|1911|1249|1416|1137|495|434|4401|1350|3406|1068|995|631|441|309|172|203|269|242|5269|2149|3280|1724|1989|730|645|463|491|380|154|155|2535|1430|2018|1176|517|453|2505|960|2370|971|135|163|896|824|681|775|215|249|0|210|0|210|0|210|106|127|106|127|0|210|656|509|623|507|33|40
310M600US41620|1179956|354|937173|9627|149737|6994|96106|5901|53631|4089|2842|1073|2310|982|532|305|89|140|89|140|0|206|1530|789|1530|789|0|206|6475|2123|4543|1571|1932|1196|3889|1137|3009|851|880|673|800|443|711|374|89|120|702|605|702|605|0|206|5016|2151|3636|1724|1380|865|1023|983|1023|983|0|206|2432|1090|1237|741|1195|840|825|548|772|543|53|89|986|1085|814|921|172|229|1891|1595|1529|1468|362|357|471|424|471|424|0|206|1305|991|1187|912|118|154|735|511|705|492|30|51|682|741|390|449|292|332|179|224|179|224|0|206|2219|1463|1435|1048|784|719|3819|1664|2651|1254|1168|765|1237|970|1237|970|0|206|1042|769|775|596|267|270|0|206|0|206|0|206|9154|2498|5308|1441|3846|1666|1697|863|1124|528|573|479|2342|1725|1578|1637|764|423|603|789|0|206|603|789|7239|2465|3040|1299|4199|1388|1186|1067|439|598|747|679|2506|1429|1665|957|841|672|1011|637|436|386|575|398|1923|705|1446|602|477|470|9676|3053|8026|2731|1650|847|5989|2890|4691|2519|1298|744|102|118|102|118|0|206|1389|1473|911|883|478|646|2241|2437|2188|2444|53|92|3568|2291|1857|1594|1711|1445|327|324|327|324|0|206|1199|1364|969|1148|230|264|705|797|705|797|0|206
310M600US41700|2439761|1156|1604893|20658|745297|18830|537929|15760|207368|11049|3409|1318|2420|983|989|614|50|104|50|104|0|249|707|516|659|511|48|78|3196|2119|2435|1930|761|1098|8740|2975|6362|1941|2378|1839|524|761|524|761|0|249|108|174|70|116|38|62|2219|1336|1782|1289|437|357|1342|843|433|296|909|788|0|249|0|249|0|249|509|402|464|396|45|71|87|146|87|146|0|249|2125|1114|1682|1051|443|369|2044|1219|975|658|1069|724|3662|1495|2749|1281|913|535|4175|2319|3032|1588|1143|886|253|310|253|310|0|249|783|713|783|713|0|249|528|525|251|352|277|365|1692|1010|1328|846|364|346|3865|1774|2920|1290|945|777|1861|938|1677|897|184|180|943|664|510|387|433|353|6298|2368|3068|1698|3230|1182|1987|1132|1080|618|907|837|3817|1644|1760|992|2057|1151|0|249|0|249|0|249|5076|1739|1756|826|3320|1670|221|246|0|249|221|246|2316|1708|606|478|1710|1641|2935|2492|1198|1362|1737|1404|7874|1820|6022|1588|1852|688|1363|574|817|577|546|397|7307|2914|4468|2215|2839|1920|50|86|50|86|0|249|3621|2203|1559|1536|2062|1562|1711|1260|1087|918|624|923|559|636|213|251|346|575|0|249|0|249|0|249|296|346|63|102|233|328|1318|1326|987|1084|331|322
310M600US41740|3098785|628|1972390|23100|730892|16751|474588|13894|256304|10828|12185|2478|10967|2304|1218|561|948|744|504|453|444|604|3687|1269|3109|1179|578|318|7370|1933|5853|1526|1517|844|10993|3989|10087|3577|906|583|1501|686|1428|685|73|108|1805|727|1510|646|295|235|11037|2464|6820|2039|4217|1282|2384|1094|1534|756|850|519|1821|1242|1564|1158|257|315|3579|2041|2917|1887|662|525|1876|1186|1302|810|574|471|17776|4434|10421|2960|7355|3052|4405|1640|3329|1162|1076|894|9899|3095|7250|2331|2649|1501|2525|1333|2366|1291|159|272|915|717|641|468|274|373|1912|964|1420|762|492|450|1623|899|1426|852|197|197|8624|3350|6725|2553|1899|911|5935|2025|5524|1821|411|416|3588|1688|3266|1574|322|270|1060|685|975|605|85|141|45215|5991|21513|2961|23702|4237|13592|2928|8016|1959|5576|1834|16163|3724|8693|2285|7470|2398|1020|747|989|731|31|53|38500|5835|15080|2977|23420|3858|3244|1262|1711|807|1533|720|8643|2568|3524|1242|5119|1893|4045|1936|2499|1310|1546|1033|82467|7478|52650|5795|29817|4057|7646|1899|4945|1723|2701|761|32314|6717|17563|4721|14751|3295|3021|1903|2675|1876|346|255|15987|4435|10270|3127|5717|2071|2632|1356|1822|1198|810|440|750|565|467|412|283|391|102|210|102|210|0|218|351|366|351|366|0|218|2363|1374|1465|803|898|939
310M600US41860|4389807|793|2548705|19123|675967|13955|409811|11371|266156|12034|28029|4228|26438|4044|1591|579|1227|1359|1144|1341|83|136|10533|2217|9298|2057|1235|626|19920|3622|14076|2586|5844|1875|15032|2313|13853|2230|1179|436|5854|1652|4665|1521|1189|547|4298|1377|3939|1381|359|255|34266|5053|22375|4195|11891|2540|4327|1686|2866|1223|1461|1142|3196|1534|2440|1225|756|718|5949|2259|4690|1853|1259|763|4066|1693|3635|1647|431|319|32775|5787|19999|3552|12776|3491|15336|3984|11684|3082|3652|1477|68263|7716|59917|6756|8346|1904|13296|3608|10556|2918|2740|1373|23798|4450|16288|3153|7510|1916|10739|3960|8061|3405|2678|1600|13517|2464|10975|2047|2542|1046|13218|3583|10505|3398|2713|1248|25890|4115|22762|3930|3128|869|19480|3170|16947|2842|2533|1028|9035|1802|8077|1709|958|507|399024|13479|183325|9448|215699|9758|21111|2956|12730|1947|8381|2029|34506|3971|19449|2482|15057|2395|751|440|446|316|305|313|52903|5778|23339|3196|29564|4091|4397|1349|2589|1104|1808|742|13391|3495|5111|1740|8280|2473|21852|4255|11552|2649|10300|2517|142285|8643|92110|7739|50175|4366|22266|3351|14958|2305|7308|1776|32381|6342|22247|5276|10134|2831|5548|1822|4984|1725|564|451|13828|3747|9043|3044|4785|1759|8866|2865|6421|2331|2445|1055|1243|911|1102|898|141|178|65|82|65|82|0|218|507|481|470|453|37|60|8167|3344|2827|934|5340|3182
310M600US41940|1847071|695|856177|14339|332973|8421|207939|7451|125034|7928|7437|2351|6819|2198|618|496|13|24|13|24|0|218|3895|1894|3165|1788|730|466|9752|2483|6327|1546|3425|1374|5849|1384|5496|1328|353|224|1093|500|1018|497|75|100|1762|1150|1655|1141|107|103|15125|2548|10450|1965|4675|1193|1444|601|967|458|477|332|2971|1142|2521|1047|450|302|3445|1772|2709|1614|736|576|701|473|664|474|37|45|18223|4189|10853|2522|7370|2751|8553|2523|6055|1906|2498|1174|48363|5389|43473|5088|4890|1471|4390|1773|3600|1327|790|615|13666|3514|7722|2166|5944|2143|4748|1761|4039|1609|709|408|15188|2917|13292|2519|1896|877|4057|1669|3486|1556|571|411|20948|3900|17759|3596|3189|1350|21799|3823|18720|3220|3079|1305|11682|2762|10793|2653|889|471|174941|8990|97707|6391|77234|5306|16328|2773|8612|1866|7716|2035|29039|4731|15831|3378|13208|2107|770|665|661|580|109|127|116474|9312|45918|5353|70556|6012|4040|1619|1554|745|2486|1174|2733|1261|918|550|1815|914|6622|2568|4453|1718|2169|1228|47955|5023|29454|3400|18501|3088|9210|2689|6405|2214|2805|1146|8508|2751|5915|1864|2593|1345|4798|1862|4521|1727|277|268|6355|2152|3770|1626|2585|1101|882|583|428|397|454|407|1479|1120|1150|880|329|509|0|218|0|218|0|218|802|651|723|587|79|129|1881|966|1244|792|637|563
310M600US42660|3785748|404|2842150|18499|241997|9535|149002|7412|92995|6731|20684|3821|16724|2885|3960|1562|271|262|183|213|88|156|4089|1829|3033|1617|1056|813|9063|2900|6415|1796|2648|1385|12471|2315|11269|2175|1202|532|3258|2293|2771|1639|487|699|976|503|643|447|333|379|43612|7248|24768|3933|18844|5010|5420|2286|4403|1794|1017|658|3464|1695|2320|1218|1144|814|22766|4122|11317|2616|11449|2631|824|585|752|524|72|117|13010|3456|7975|2132|5035|2312|3411|1381|2363|980|1048|732|34896|4786|29871|4455|5025|1324|7971|3320|6083|2444|1888|1040|13974|4470|6939|2229|7035|2565|4756|1758|4246|1654|510|286|9373|2627|7779|2110|1594|826|16096|3224|12266|2581|3830|1314|18262|5731|14312|4806|3950|1686|13801|3138|12508|2830|1293|1053|9108|2707|7337|2384|1771|1495|122288|8012|66039|5652|56249|4900|16396|2722|10102|1806|6294|1754|38294|4664|18213|2825|20081|3166|2960|1963|1268|1035|1692|1196|60728|7142|22810|3334|37918|5117|14403|3776|5853|1973|8550|2159|8789|2311|4755|1522|4034|1360|11117|3731|5888|2358|5229|2357|46918|6217|31740|4108|15178|3124|26473|4023|18693|3552|7780|1849|14782|4743|8552|2932|6230|2485|3802|2490|3718|2484|84|140|38806|5750|25793|4560|13013|2595|7545|3784|5630|3148|1915|1140|13717|3317|8826|2642|4891|2127|84|113|62|103|22|45|479|292|479|292|0|213|2464|1149|1717|818|747|480
310M600US45300|3059444|523|2361724|15191|474668|10188|286880|10567|187788|8489|14866|2873|11790|2596|3076|1037|11584|3812|8913|3358|2671|1238|5858|1768|4202|1393|1656|745|14340|3264|10087|2551|4253|1273|8436|1682|7078|1344|1358|738|1881|841|1770|792|111|137|6252|2242|4276|1620|1976|1218|10941|2347|5688|1448|5253|1556|6372|1821|4323|1508|2049|916|6404|2072|4143|1540|2261|975|5205|2319|3135|1327|2070|1626|149|177|149|177|0|242|2507|2641|1578|1526|929|1439|4025|1838|2409|1192|1616|969|4899|1450|3504|1107|1395|721|2598|1248|2406|1185|192|204|599|677|557|672|42|72|1052|635|950|649|102|111|4555|2280|2139|1041|2416|1907|9341|2447|7103|1914|2238|1097|7481|2940|5467|2185|2014|1313|3487|1420|2822|1261|665|441|2996|1474|2189|1106|807|501|12308|3252|5911|1906|6397|1909|2727|1072|2037|959|690|447|4242|1445|2194|830|2048|829|847|866|802|842|45|78|17192|3117|7419|2217|9773|2080|1085|1016|168|145|917|985|5210|1878|2062|892|3148|1522|4923|2894|3521|2052|1402|1018|11893|2735|8851|2265|3042|1106|579|365|475|377|104|134|15907|4274|12035|3414|3872|1459|1915|1378|1605|1108|310|317|1283|1077|397|378|886|924|2049|1711|1467|1173|582|630|627|768|344|427|283|343|0|242|0|242|0|242|187|197|187|197|0|242|4250|1638|2556|1233|1694|900
310M600US47260|1700196|5403|1546073|8309|70455|4747|49189|4086|21266|3359|6974|1484|5415|1222|1559|708|1727|994|1471|1065|256|422|1788|723|1368|668|420|359|1833|1158|1345|938|488|426|4842|1343|4509|1309|333|279|1132|687|1008|703|124|209|841|529|801|523|40|66|2917|1172|2084|930|833|529|525|374|525|374|0|210|208|188|208|188|0|210|873|690|346|285|527|674|0|210|0|210|0|210|711|647|307|319|404|353|1587|821|1195|691|392|371|1232|651|1072|586|160|195|1699|1232|884|597|815|694|164|245|164|245|0|210|1339|1446|736|594|603|944|971|528|827|510|144|180|2024|1247|1159|730|865|778|755|493|535|418|220|217|444|313|444|313|0|210|507|498|393|431|114|165|3524|1396|1891|843|1633|782|2024|796|997|507|1027|548|5586|2121|3048|1341|2538|1087|0|210|0|210|0|210|2745|1271|1111|652|1634|838|661|514|392|335|269|370|681|434|571|369|110|143|2390|1222|1392|796|998|679|18760|2189|13073|1858|5687|1188|2518|1009|2392|1004|126|108|4179|2359|3242|1986|937|626|410|415|410|415|0|210|744|619|647|590|97|158|2514|1269|1684|966|830|876|777|754|777|754|0|210|0|210|0|210|0|210|444|651|274|363|170|301|618|620|618|620|0|210
310M600US47900|5978581|2394|4214051|21977|801905|11447|447414|10584|354491|11378|66323|5910|49774|4819|16549|3261|11123|2276|9242|2081|1881|857|8111|1654|6890|1391|1221|654|19198|3477|14921|2767|4277|1422|20291|3161|18821|3003|1470|711|4275|1616|3639|1365|636|463|8892|2045|7976|1836|916|519|27644|4356|20518|3315|7126|1949|5124|1316|4054|1025|1070|695|2302|898|1949|835|353|262|7773|1917|6491|1587|1282|665|2304|952|1725|761|579|445|42091|6054|28345|4999|13746|2272|10317|2129|7615|1704|2702|1013|33746|4469|28473|3900|5273|1452|40214|7388|27156|4879|13058|3512|7788|2221|5373|1583|2415|1394|20383|3834|14184|2929|6199|1656|22360|4723|14181|2842|8179|2401|19937|3090|14763|2371|5174|1561|28835|5392|23466|4278|5369|2376|15654|3341|13211|2773|2443|1260|9121|2239|7806|1986|1315|660|92158|6179|52714|4567|39444|3664|14433|3203|9244|2161|5189|1802|61637|6316|31410|3716|30227|3828|318|413|220|264|98|160|52827|5619|24398|3063|28429|3610|3271|1382|1772|812|1499|864|8815|1921|4309|1099|4506|1312|14865|2925|10176|2305|4689|1307|39775|4225|30662|3520|9113|1800|6756|2775|4174|1871|2582|1465|62552|8655|44141|6561|18411|4038|4560|1612|4071|1473|489|372|75106|8641|47843|6719|27263|3672|59160|7574|47912|6411|11248|2485|15006|4644|11639|3961|3367|1723|0|210|0|210|0|210|350|267|333|270|17|32|17230|3953|13395|3370|3835|1681
310M600US49340|929506|240|742077|8610|87256|4541|53754|3838|33502|3773|5463|1228|4710|1139|753|430|3294|1690|2129|1447|1165|904|2070|851|1524|682|546|351|17615|3726|9731|2326|7884|2185|2665|1581|2495|1574|170|160|2573|3044|1959|2112|614|947|1845|984|1754|942|91|108|2000|809|1412|755|588|318|3354|1439|2402|1164|952|623|311|445|39|63|272|440|75|91|25|40|50|81|246|288|204|237|42|68|407|389|210|211|197|191|2313|2050|1605|1654|708|550|3483|1372|2628|1175|855|759|1403|943|1171|797|232|295|1012|1072|918|970|94|160|509|430|332|311|177|260|2259|1260|1621|982|638|803|6607|2428|4002|1541|2605|1163|2635|1336|2262|1189|373|361|1715|886|1665|890|50|82|334|357|334|357|0|210|7248|1991|4469|1437|2779|1102|290|263|210|180|80|136|1159|616|719|502|440|345|1278|1662|708|930|570|741|6625|2351|2806|1130|3819|2038|189|218|136|187|53|92|822|654|343|303|479|392|576|801|280|395|296|407|765|618|557|495|208|205|222|210|182|187|40|70|5666|2952|3279|2098|2387|1380|118|149|118|149|0|210|80|133|0|210|80|133|7367|2139|5738|1714|1629|829|1991|964|1842|916|149|194|0|210|0|210|0|210|77|124|77|124|0|210|1512|978|1008|748|504|458
312M600US124204805000|912697|4742|651602|16237|168824|14711|106563|12397|62261|10430|3543|1409|2910|1083|633|812|1865|1608|1579|1502|286|478|596|528|548|520|48|79|2408|1154|1777|915|631|666|3478|1345|2784|1203|694|602|435|373|435|373|0|249|371|300|334|279|37|63|2211|1577|994|626|1217|1287|666|448|622|429|44|73|866|626|476|423|390|577|685|871|436|483|249|416|0|249|0|249|0|249|1742|1338|1509|1341|233|275|1222|965|1171|958|51|77|6568|2208|5502|1802|1066|932|1911|901|1734|876|177|309|92|150|92|150|0|249|1396|884|1042|769|354|446|4799|2452|4460|2433|339|311|2047|1744|1012|574|1035|1628|2686|1070|2340|947|346|414|3630|1929|2841|1541|789|683|2400|1131|2190|994|210|334|12084|2616|7703|1974|4381|1370|1380|653|1127|634|253|235|4361|1472|3171|1213|1190|822|146|231|146|231|0|249|7043|2340|3168|1145|3875|1639|0|249|0|249|0|249|211|268|99|174|112|177|1655|1136|1067|974|588|509|2423|1295|1698|1188|725|680|326|373|224|236|102|164|10773|9284|6606|5768|4167|3710|1349|1197|1349|1197|0|249|3397|2361|2701|2216|696|1226|704|695|569|526|135|229|156|284|156|284|0|249|0|249|0|249|0|249|51|87|51|87|0|249|595|614|595|614|0|249
312M600US144602507000|623210|3473|395417|8709|104423|6131|55829|4945|48594|4627|7166|2326|5137|1758|2029|1155|22217|4736|8429|2191|13788|3476|1914|818|1437|760|477|283|11396|3255|5855|2117|5541|1867|1177|493|1019|445|158|198|221|206|187|177|34|62|1574|766|1182|584|392|321|2629|808|1390|746|1239|525|747|510|482|343|265|300|433|357|433|357|0|218|441|266|398|254|43|73|61|83|52|77|9|18|1008|585|914|558|94|117|998|547|660|415|338|358|3182|1135|2224|826|958|692|366|329|323|319|43|73|93|135|93|135|0|218|413|397|331|328|82|137|1225|1291|721|823|504|498|4097|1582|3011|1121|1086|716|745|606|704|604|41|68|848|481|745|402|103|174|18|30|18|30|0|218|26544|3365|10515|1587|16029|2770|1449|853|819|470|630|456|2618|892|1545|553|1073|779|0|218|0|218|0|218|9791|2341|3254|1112|6537|1824|208|267|137|240|71|122|361|300|122|201|239|211|1535|1006|1080|728|455|472|1399|539|1039|423|360|327|238|241|238|241|0|218|5557|2638|4347|2178|1210|619|1156|534|1086|503|70|113|3504|2116|2214|1514|1290|851|2684|1452|1714|985|970|662|889|611|802|531|87|152|0|218|0|218|0|218|267|261|267|261|0|218|2201|1184|1928|1080|273|231
312M600US167403712000|826000|2402|642908|7836|103800|5841|46152|4447|57648|5164|8309|2791|4748|1984|3561|1691|1936|1560|974|1151|962|715|284|274|284|274|0|224|2833|1666|1722|953|1111|1205|2896|996|2435|916|461|413|657|573|575|557|82|139|3218|1589|1537|1119|1681|1063|2053|1189|1214|849|839|605|357|326|357|326|0|224|548|668|329|555|219|362|426|296|194|226|232|192|63|106|0|224|63|106|758|428|544|284|214|289|2363|1152|1222|694|1141|728|4446|2109|3137|1695|1309|1232|201|194|163|186|38|64|282|404|145|211|137|202|1295|907|1130|826|165|163|2805|1650|1385|730|1420|1082|892|714|591|575|301|323|4589|2184|3442|2010|1147|739|3075|1858|3075|1858|0|224|544|500|468|405|76|128|6375|2696|3354|1675|3021|1349|1059|664|479|335|580|484|1952|1293|1138|951|814|457|400|508|171|288|229|264|5088|1839|2239|1192|2849|939|637|563|418|484|219|225|1163|784|557|432|606|427|2570|1735|1094|650|1476|1431|1514|927|998|662|516|348|1013|1352|87|146|926|1343|2667|1402|1395|814|1272|1175|803|1192|803|1192|0|224|4203|2481|2077|1401|2126|1650|2943|1615|2229|1162|714|762|1316|919|525|627|791|722|0|224|0|224|0|224|190|320|97|163|93|159|569|664|569|664|0|224
312M600US169801714000|2547131|6423|1665485|18986|590390|16512|329410|14028|260980|12077|12713|3304|10330|2833|2383|1061|1360|838|1286|840|74|82|3776|1300|2711|1062|1065|539|4443|1667|3661|1386|782|552|6553|1843|5566|1655|987|577|1570|812|1193|645|377|450|6164|1768|4224|1321|1940|840|10477|2496|5872|2021|4605|1733|40551|5905|23422|3626|17129|3165|10349|2514|5871|1975|4478|1596|10515|3000|5625|2195|4890|1962|546|478|292|238|254|408|3040|1401|1775|883|1265|1005|5349|2179|4010|1910|1339|807|7239|1707|6280|1459|959|594|13448|3611|8229|2674|5219|1973|1070|839|708|543|362|426|933|454|588|310|345|353|3810|1638|2217|1024|1593|876|10137|2641|6707|2041|3430|1449|1756|1117|1384|948|372|360|2426|1628|1536|1082|890|1218|3880|2955|1921|2113|1959|1459|42090|5356|17850|2368|24240|4369|2198|1236|1435|817|763|598|9566|2489|4640|1602|4926|1419|85|138|85|138|0|201|9198|2250|4015|1147|5183|1664|639|591|78|130|561|556|2846|1033|1445|770|1401|557|5638|1878|3258|1182|2380|1313|18191|3181|12614|2594|5577|1351|1750|823|1128|644|622|405|12878|3488|8634|2482|4244|1587|1558|765|1558|765|0|201|7838|2387|5153|1895|2685|994|10662|3017|7201|2307|3461|1654|2446|1690|1327|652|1119|1500|0|201|0|201|0|201|666|1056|666|1056|0|201|902|567|889|565|13|25
312M600US181403918000|848222|4709|687781|11016|41242|4467|23174|3024|18068|2929|4772|1929|2394|879|2378|1691|572|427|416|363|156|156|734|600|699|597|35|57|785|741|489|437|296|431|1471|736|1335|720|136|135|69|85|47|76|22|36|315|267|315|267|0|204|1847|883|1177|600|670|491|320|494|320|494|0|204|157|259|57|95|100|164|1405|799|1020|615|385|381|95|159|95|159|0|204|672|599|327|380|345|320|3163|2448|1692|1520|1471|998|4285|1766|2513|1273|1772|1077|1073|730|585|395|488|367|248|417|248|417|0|204|1046|910|819|747|227|236|10838|4071|5542|2522|5296|2167|1589|940|1120|734|469|339|2665|1799|2055|1384|610|680|300|503|216|370|84|140|115|192|115|192|0|204|6632|2451|3676|1635|2956|1236|1702|1049|532|579|1170|719|1188|637|947|532|241|241|0|204|0|204|0|204|1488|1095|931|689|557|574|1152|1186|400|468|752|755|1975|2049|1105|1455|870|695|1194|1103|846|733|348|501|2164|1731|1392|1290|772|1110|279|293|120|138|159|258|10279|3179|7047|2388|3232|1444|299|250|299|250|0|204|35855|9055|23912|7470|11943|3244|9703|3121|6349|2324|3354|1877|5721|3059|2466|1354|3255|2498|0|204|0|204|0|204|0|204|0|204|0|204|1032|606|603|407|429|516
312M600US191004819000|1201598|4805|721625|14483|408664|12955|214352|9725|194312|10834|6050|2651|4942|2248|1108|747|234|291|35|60|199|272|869|700|796|705|73|91|1335|893|1028|531|307|428|1144|549|952|517|192|230|454|486|454|486|0|249|220|244|42|71|178|235|1475|813|880|576|595|458|173|170|118|117|55|89|670|567|670|567|0|249|557|487|225|246|332|423|0|249|0|249|0|249|2940|1368|1998|816|942|757|272|286|272|286|0|249|1468|678|1373|664|95|122|1060|801|1060|801|0|249|282|271|237|239|45|78|916|637|711|560|205|198|1209|1055|665|782|544|547|1294|785|1017|631|277|318|1680|1326|1487|1271|193|250|1950|1719|1727|1563|223|365|185|236|185|236|0|249|6679|2398|4651|2331|2028|970|659|466|483|426|176|164|3766|1463|2903|1267|863|473|574|915|0|249|574|915|4232|2003|1435|661|2797|1738|1140|1003|315|333|825|755|913|606|480|398|433|343|1755|1170|992|696|763|809|3508|2285|2430|1787|1078|1258|306|303|306|303|0|249|2436|1561|1563|1130|873|662|1264|837|1024|625|240|392|8093|3106|3848|2055|4245|1823|5789|1814|3954|1296|1835|1079|3568|3074|2544|2065|1024|1178|0|249|0|249|0|249|0|249|0|249|0|249|190|212|190|212|0|249
312M600US264204835000|2138776|9464|1149875|20512|795368|20999|389954|12499|405414|16178|9768|3285|7604|2797|2164|1315|556|614|473|491|83|136|2797|2689|1773|1700|1024|1034|3074|1795|2180|1096|894|901|4283|2322|3906|2275|377|405|1358|1408|1358|1408|0|249|1424|780|1375|768|49|82|3984|1891|2671|1458|1313|735|1475|1457|1386|1522|89|148|1004|747|609|522|395|352|812|677|812|677|0|249|92|108|62|96|30|50|7822|3235|5256|2147|2566|2230|4357|1805|3081|1373|1276|1221|10936|3458|7962|3370|2974|1239|6230|2680|5677|2576|553|463|1223|759|828|613|395|481|4496|3139|2252|1585|2244|1759|3186|1827|2589|1681|597|547|2292|1120|2008|1007|284|267|4676|2972|1935|1272|2741|2503|2851|1595|2544|1396|307|367|2162|1179|1780|1045|382|498|27838|4542|15740|3141|12098|2612|2204|1199|763|453|1441|1018|3760|1244|1656|706|2104|981|0|249|0|249|0|249|29060|4706|10894|2684|18166|3446|819|896|106|177|713|755|1832|891|828|751|1004|518|2122|1213|1267|935|855|600|6433|2271|4577|1781|1856|953|2070|1001|1578|868|492|422|17961|5610|13447|4963|4514|1623|974|579|909|592|65|105|2267|1342|1152|757|1115|1007|10819|3158|9719|2921|1100|763|3373|3380|3233|3356|140|240|31|52|31|52|0|249|59|87|59|87|0|249|1053|721|848|729|205|258
312M600US310800644000|3650704|6383|1577123|20033|1462335|22482|789869|17062|672466|14764|19800|3679|17554|3347|2246|1012|1579|928|1141|712|438|585|7595|1844|6639|1803|956|474|5248|1429|3988|1142|1260|793|9960|1956|8952|1819|1008|540|2536|1086|2347|1013|189|222|1752|958|1514|879|238|382|39649|5677|24072|4670|15577|3541|2050|770|1815|757|235|177|4115|1433|2943|1110|1172|901|2868|1174|2324|1068|544|405|88217|8985|48481|5378|39736|5062|47561|5981|25962|3816|21599|3772|2681|1580|1302|696|1379|1133|9284|2558|7724|2289|1560|759|4199|1190|3277|968|922|632|4115|1435|2493|1076|1622|722|6520|2313|3265|1051|3255|1704|4283|1405|2897|975|1386|679|7472|2039|6271|1929|1201|725|2648|1177|2504|1144|144|180|1036|566|898|511|138|191|1369|692|1075|529|294|280|56257|4949|30027|3290|26230|3395|17908|3304|9242|1991|8666|2100|82778|6420|34020|3751|48758|4089|147|198|37|63|110|187|16699|3210|6400|1428|10299|2571|2133|906|1112|630|1021|508|7255|1762|2665|863|4590|1251|6003|2045|2848|900|3155|1522|84882|6285|56974|4975|27908|2910|8624|2472|5758|1942|2866|940|14724|3442|9101|2684|5623|1692|17796|3967|14048|3575|3748|1254|4414|1264|2863|994|1551|625|4587|1717|3343|1280|1244|983|1892|1336|1485|1183|407|610|268|306|268|306|0|218|511|371|421|329|90|108|7831|2175|5450|1676|2381|1252
312M600US356203651000|7966163|857|4225620|34351|1825475|18158|996735|16507|828740|19234|82501|7465|60582|6478|21919|4331|97504|10531|60503|7214|37001|5048|59469|6176|38523|4605|20946|3148|17195|2918|11958|2258|5237|1606|15601|2788|14575|2769|1026|609|95415|11273|47729|6130|47686|9125|32267|5036|23639|4173|8628|1984|202287|10862|88324|7612|113963|6736|49797|6050|26999|4443|22798|3571|11882|3082|7607|2343|4275|1422|25515|4370|11537|2670|13978|3369|3200|1784|2319|1112|881|872|14517|5777|6773|2117|7744|4066|5638|1886|2974|1324|2664|1012|26059|4173|17894|3337|8165|1939|46004|6961|27246|5061|18758|3395|18187|3850|7500|1916|10687|2208|128694|9814|57598|5195|71096|7267|19031|4386|9229|2478|9802|2782|65831|8623|42652|6344|23179|3674|2328|1070|2132|985|196|166|4272|1682|3269|1504|1003|572|6399|1834|4779|1638|1620|749|475002|13881|167895|8545|307107|11415|22896|3570|12475|2227|10421|2378|59478|5966|24658|3651|34820|3677|152|251|152|251|0|217|10562|2493|5093|1380|5469|1627|1907|861|781|399|1126|583|5631|1743|1907|803|3724|1329|32887|5059|15922|3516|16965|3194|47623|5308|32933|3977|14690|2690|7032|2206|4445|1419|2587|1111|70356|8008|47237|5853|23119|4022|36137|7484|31320|7345|4817|1386|6181|2273|4689|1909|1492|764|76455|8666|56851|8633|19604|3855|6111|3392|4643|3111|1468|961|0|217|0|217|0|217|643|428|280|281|363|330|26422|5453|15112|3059|11310|3665
312M600US379804260000|1480165|204|1126420|13781|159664|9228|83114|7040|76550|7880|8951|2376|4773|1722|4178|1546|10086|3777|5382|2343|4704|2028|3306|1019|2050|711|1256|517|10026|4967|4243|1785|5783|4734|1972|1060|1675|1046|297|223|570|387|570|387|0|189|1098|530|967|493|131|157|14074|3182|6251|1931|7823|2096|1996|1030|1211|570|785|791|351|343|287|286|64|106|4038|1916|1678|1000|2360|1204|240|197|240|197|0|189|1747|1516|1317|1150|430|453|1646|1178|692|534|954|790|3047|1405|2007|1082|1040|992|3113|1529|2246|1171|867|681|228|279|134|229|94|159|3542|1546|1511|800|2031|1064|533|458|533|458|0|189|6359|2573|4523|2194|1836|973|245|232|245|232|0|189|898|643|869|637|29|50|11055|2893|4696|1514|6359|2025|33539|4787|9012|1585|24527|4241|1131|733|652|492|479|607|2761|867|1643|672|1118|637|0|189|0|189|0|189|12893|3333|4562|1422|8331|2367|6323|2245|1897|1050|4426|1754|1789|1280|925|882|864|580|2205|1269|841|589|1364|1073|3005|1342|1852|972|1153|630|1191|766|472|475|719|556|17111|5250|13267|4866|3844|1547|1149|675|981|582|168|273|1334|1186|694|1048|640|583|13531|4693|10339|4209|3192|1758|884|662|419|339|465|524|0|189|0|189|0|189|459|712|459|712|0|189|5655|3169|2539|1451|3116|2653
312M600US380600455000|1524765|5146|965936|17950|456937|16698|288484|11831|168453|9446|4944|2179|4535|2175|409|314|574|610|444|465|130|149|1884|1034|1608|973|276|282|891|469|727|410|164|161|1801|788|1541|759|260|225|483|445|361|388|122|213|935|474|888|489|47|78|1770|1113|1580|1048|190|190|618|446|454|348|164|175|4143|1868|2974|1517|1169|669|1450|715|1072|711|378|299|0|224|0|224|0|224|1797|819|1042|494|755|570|1508|1114|1508|1114|0|224|4481|1942|3752|1533|729|876|93|113|22|36|71|91|327|225|327|225|0|224|1603|947|1130|654|473|513|2716|2200|1534|1072|1182|1300|3821|2145|2310|1579|1511|922|2625|1282|2089|1075|536|461|2110|1082|1757|936|353|373|655|422|655|422|0|224|7138|2229|3360|1085|3778|1744|1146|672|877|721|269|313|2904|1277|1623|711|1281|1038|45|74|45|74|0|224|5891|2044|3011|1222|2880|1078|589|400|112|154|477|322|934|820|530|451|404|425|1495|928|512|556|983|716|8756|2724|6925|2478|1831|804|1074|744|918|703|156|149|8537|3265|4873|1880|3664|2195|674|434|674|434|0|224|6911|2789|4815|2242|2096|990|1845|963|1436|909|409|368|4643|2502|3113|1765|1530|1341|5767|2492|4656|2257|1111|679|1571|988|1571|988|0|224|743|562|383|336|360|457
312M600US389004159000|614988|2824|502480|8608|40038|5392|28086|3801|11952|2441|2991|1092|2583|1031|408|298|150|272|0|214|150|272|446|400|258|251|188|310|1434|946|1313|936|121|140|3108|1012|2764|986|344|379|354|243|354|243|0|214|478|442|364|336|114|136|7662|3704|4213|2179|3449|2309|264|264|264|264|0|214|1104|1085|941|1068|163|190|2400|1602|1111|922|1289|854|123|204|78|130|45|74|690|394|468|302|222|212|0|214|0|214|0|214|782|661|676|537|106|179|237|246|187|236|50|85|195|233|162|210|33|54|0|214|0|214|0|214|696|851|101|122|595|848|1806|825|1290|635|516|436|325|435|325|435|0|214|159|159|112|137|47|77|571|902|571|902|0|214|7852|2280|4274|1371|3578|1218|2160|800|1598|583|562|388|1447|671|1214|570|233|267|532|632|459|531|73|120|17285|3745|7474|2639|9811|2349|1206|971|1000|950|206|200|3186|2063|1456|1235|1730|1178|1591|1081|663|526|928|698|1599|880|1373|838|226|208|1609|1015|1413|897|196|239|1887|1740|1429|1280|458|506|205|252|133|221|72|120|3025|2329|1240|971|1785|1648|1093|718|687|501|406|422|701|533|500|457|201|204|274|305|46|79|228|295|353|356|165|146|188|320|490|342|375|301|115|105
312M600US409000664000|497556|2756|323569|8776|77821|7682|51533|5296|26288|3431|816|648|723|618|93|157|0|218|0|218|0|218|141|133|98|117|43|62|1884|1331|1620|1067|264|346|1455|822|1370|806|85|115|330|350|246|318|84|140|307|320|307|320|0|218|3136|1237|1824|1001|1312|785|30|50|30|50|0|218|0|218|0|218|0|218|2563|2624|1114|1559|1449|1303|28|47|28|47|0|218|2234|1236|910|584|1324|975|658|497|336|292|322|299|10169|3017|7412|2379|2757|1114|3134|2115|2203|1627|931|842|4831|1977|2548|1169|2283|1217|187|227|144|165|43|70|2315|1974|671|594|1644|1723|1420|977|911|651|509|456|147|242|147|242|0|218|0|218|0|218|0|218|279|475|279|475|0|218|16416|2973|5929|1595|10487|2165|1524|676|1019|564|505|374|1510|584|589|288|921|505|11551|3861|5383|1925|6168|2602|7060|2241|2405|1115|4655|1649|615|555|231|197|384|368|2269|1412|1081|1063|1188|714|1386|845|769|532|617|424|8747|1664|6534|1380|2213|787|4279|2265|1507|794|2772|1938|3176|2198|1982|1966|1194|1047|283|329|211|265|72|117|222|226|0|218|222|226|263|265|189|226|74|88|411|466|203|339|208|316|19|30|19|30|0|218|241|285|241|285|0|218|130|140|66|114|64|81
312M600US417400666000|1310120|4816|824160|13817|265342|10909|170913|7791|94429|6418|6251|1755|5699|1672|552|318|948|744|504|453|444|604|1762|980|1676|967|86|147|5423|1804|4142|1345|1281|819|6864|3837|6379|3433|485|497|511|367|484|365|27|46|1092|606|883|519|209|226|7403|1979|4468|1675|2935|1016|1203|667|811|540|392|349|1266|1201|1047|1115|219|303|785|667|516|525|269|438|631|601|412|319|219|363|10274|3472|6146|2098|4128|2487|2702|1134|2082|786|620|801|7312|2454|4987|1465|2325|1434|2085|1296|1926|1255|159|272|463|586|219|240|244|369|1723|925|1231|708|492|450|1245|715|1074|669|171|178|2332|1386|1828|1027|504|456|4564|1856|4201|1614|363|412|2408|1365|2086|1227|322|270|1003|678|918|598|85|141|32461|4772|16075|2379|16386|3524|7394|2336|4119|1484|3275|1347|10733|2925|5834|1953|4899|1882|475|442|444|407|31|53|27093|4788|11144|2511|15949|3166|2076|1088|1152|688|924|561|6617|2125|2777|1000|3840|1674|2961|1560|1492|907|1469|1026|39925|5353|24765|3868|15160|2949|2733|1193|1360|775|1373|609|6563|2424|3580|1549|2983|1395|2811|1884|2519|1868|292|234|6471|2612|3529|1512|2942|1631|514|502|320|441|194|245|516|463|290|274|226|371|4|8|4|8|0|218|67|139|67|139|0|218|954|599|792|570|162|195
312M600US418600667000|780369|347|436676|9084|85615|4330|52231|4597|33384|3964|9080|2246|8572|2174|508|459|155|239|72|108|83|136|3001|1062|2602|933|399|404|3211|1438|2672|1264|539|407|3050|1226|2958|1214|92|129|826|527|735|513|91|150|1527|1033|1430|1050|97|162|11205|2749|5767|1881|5438|1829|855|701|827|707|28|47|265|439|265|439|0|218|791|501|471|329|320|408|1200|1220|1023|1192|177|215|1632|697|1172|590|460|296|1721|1423|1147|820|574|780|7193|2348|6844|2287|349|426|526|508|526|508|0|218|2669|1956|2051|1274|618|917|3081|2987|2999|2972|82|132|1629|884|1318|678|311|426|1620|1029|1572|1024|48|77|576|633|495|622|81|132|1330|831|1330|831|0|218|716|582|552|489|164|279|139978|7251|57137|5642|82841|5824|6133|1726|3940|1242|2193|867|8852|2486|5139|1569|3713|1404|49|81|49|81|0|218|10031|2743|3418|1411|6613|2263|526|391|97|160|429|371|2734|1432|908|563|1826|1240|3293|1329|1751|879|1542|1038|19125|3123|11394|2405|7731|1632|1815|868|1171|675|644|479|3340|2123|2506|2106|834|507|698|454|648|437|50|82|2747|1801|2038|1673|709|623|372|425|176|201|196|247|0|218|0|218|0|218|0|218|0|218|0|218|0|218|0|218|0|218|526|418|343|312|183|239
312M600US419400668000|932764|3080|390431|10608|205564|8728|126264|7214|79300|6622|2176|805|1665|606|511|474|0|218|0|218|0|218|1096|587|841|492|255|285|5460|2088|3598|1337|1862|1095|1571|609|1388|569|183|149|221|222|181|187|40|67|205|170|126|143|79|92|6972|1780|5073|1234|1899|937|800|420|431|285|369|305|674|449|431|331|243|228|1370|837|948|616|422|524|149|145|125|126|24|39|8807|2602|5244|1634|3563|1452|3313|1347|2821|1181|492|362|21157|3448|18582|3178|2575|1138|1916|1418|1505|1008|411|495|6635|2264|3560|1247|3075|1593|1814|883|1626|805|188|187|4626|1598|4203|1356|423|511|2802|1472|2347|1357|455|371|8137|2611|7169|2531|968|485|8073|2692|6567|1848|1506|1196|5641|2053|5468|2039|173|170|74179|5675|37181|3664|36998|3571|6210|1868|2771|1037|3439|1511|12571|3413|6343|2206|6228|1608|158|155|109|132|49|82|95156|8021|36253|4434|58903|5172|3185|1581|1051|624|2134|1196|1125|632|224|216|901|587|2065|1282|861|591|1204|880|28554|4365|17581|2928|10973|2490|6292|2300|4548|2010|1744|749|4459|1992|3369|1491|1090|778|714|724|687|724|27|54|5826|2117|3437|1602|2389|1076|456|354|89|144|367|371|468|582|468|582|0|218|0|218|0|218|0|218|172|204|172|204|0|218|1564|987|988|830|576|557
312M600US426605363000|700685|3159|537570|9797|29634|5091|22466|3790|7168|2775|5281|1818|4548|1632|733|496|63|125|63|125|0|213|2509|1551|2052|1521|457|464|2381|1966|1732|1207|649|902|3545|1137|2923|1036|622|454|346|236|346|236|0|213|339|383|78|129|261|361|5157|1801|3836|1651|1321|808|826|473|780|454|46|77|578|732|578|732|0|213|780|577|467|396|313|419|470|480|470|480|0|213|2039|924|1516|737|523|388|505|673|505|673|0|213|9909|2326|8826|2267|1083|773|821|582|821|582|0|213|453|476|311|448|142|164|1347|831|1295|828|52|88|886|585|886|585|0|213|3479|1641|3348|1621|131|163|3631|3373|3287|3335|344|555|1297|937|1297|937|0|213|423|329|423|329|0|213|32924|4015|18466|2945|14458|2627|4090|1303|2557|943|1533|737|4829|1397|2814|910|2015|915|300|456|156|239|144|218|12839|3476|4754|1449|8085|2633|1049|792|219|260|830|675|817|490|358|296|459|386|1358|925|881|673|477|440|7685|3025|4914|1884|2771|1695|3224|1737|2240|1012|984|1077|2308|1256|1783|1080|525|626|473|360|473|360|0|213|11884|3447|6404|2594|5480|1685|950|823|585|498|365|621|985|758|836|683|149|342|62|103|62|103|0|213|52|111|52|111|0|213|587|432|383|322|204|237
314M600US1446014454|1926932|192|1404912|12699|183202|5923|97721|6029|85481|5307|12524|2746|9074|2093|3450|1456|51523|6191|22787|3632|28736|4640|6692|1748|5468|1548|1224|563|50809|7192|26511|4610|24298|4126|5714|1973|5514|1967|200|208|717|486|643|427|74|90|5757|1595|3771|1113|1986|1121|9074|2095|4894|1629|4180|1042|3017|1136|1719|780|1298|764|1912|1048|1736|977|176|211|1710|824|1314|722|396|339|126|136|117|132|9|18|1436|640|1273|597|163|162|3287|1445|2369|1113|918|656|7647|2040|5997|1702|1650|823|3704|2524|2816|2000|888|729|2399|3073|2114|2669|285|411|992|799|437|373|555|708|2363|1576|1718|1149|645|521|14295|4747|9840|3194|4455|2017|3331|1445|2445|1159|886|709|1759|823|1531|735|228|233|376|395|376|395|0|218|66876|5293|28431|3184|38445|4123|3438|1629|2128|1141|1310|696|4784|1224|3061|936|1723|894|101|171|0|218|101|171|25003|4117|9374|2177|15629|2769|1434|947|680|652|754|586|1327|751|640|425|687|565|2605|1207|1789|932|816|581|3440|1190|2861|1032|579|379|1004|686|788|438|216|346|15653|4150|11327|3435|4326|1425|4422|2079|3855|1730|567|483|6258|2811|4031|1953|2227|1274|5544|2208|4503|1864|1041|637|1676|943|1314|792|362|458|0|218|0|218|0|218|517|459|289|266|228|375|3572|1338|3129|1240|443|326
314M600US1446015764|2297354|123|1659329|14828|233704|6033|132520|6517|101184|7044|18621|3070|14388|2546|4233|1481|21826|4534|14788|3613|7038|1829|15303|2740|11480|2292|3823|1358|69281|8852|31693|4235|37588|6748|5879|1366|5832|1356|47|83|1034|594|998|597|36|59|12559|3648|9456|2927|3103|1332|17974|3248|12798|3162|5176|1212|2072|761|1730|696|342|292|1630|1052|1007|699|623|462|4642|1806|2804|1404|1838|1033|3572|1489|2899|1272|673|389|5020|1982|2873|1107|2147|1214|7994|2617|5212|2186|2782|1379|14805|3469|12444|2866|2361|1359|5367|2403|3577|1443|1790|1168|1715|1077|750|459|965|730|5377|2016|3690|1203|1687|1343|9470|2804|6393|1822|3077|1559|13902|3409|9679|2283|4223|1705|6623|2293|4509|1548|2114|1495|6785|1727|6162|1641|623|405|2399|1119|2165|1036|234|243|64873|5271|38184|3602|26689|3488|3987|1466|2825|1241|1162|702|9664|2515|5881|1699|3783|1412|0|218|0|218|0|218|14006|3482|5909|1765|8097|2448|14112|3492|6940|2060|7172|2279|1528|735|1044|594|484|392|4223|2075|2665|1405|1558|1157|1714|711|1438|674|276|254|1293|1008|865|734|428|342|14134|3666|7900|2216|6234|2294|4546|1863|3928|1628|618|567|4793|2354|2581|1391|2212|1512|3408|1056|2919|965|489|374|7079|2248|5960|2044|1119|613|0|218|0|218|0|218|40|67|40|67|0|218|1071|662|856|561|215|222
314M600US1698016984|6760309|508|4619859|25426|1218682|15329|728096|16240|490586|13108|23743|3856|20112|3370|3631|1095|3956|1891|2749|1110|1207|1647|17943|2632|12900|2376|5043|1121|7418|1964|6215|1652|1203|619|17629|2670|15010|2459|2619|743|2843|1167|2336|951|507|497|23645|3622|17740|3171|5905|1644|30863|4961|17303|3827|13560|2821|159640|11336|89616|7516|70024|5862|27754|4481|17467|3332|10287|2422|39441|4737|21942|2973|17499|3375|1572|728|1089|482|483|466|5827|1803|3902|1209|1925|1104|39814|5156|23802|3964|16012|2935|28401|3838|22987|3273|5414|1679|47977|6528|35317|5188|12660|2665|4275|1522|2958|1305|1317|650|4845|1829|3808|1651|1037|516|10643|2733|7924|2215|2719|1108|49279|6585|32056|4825|17223|3219|15736|3991|11402|2779|4334|1707|11596|3293|9556|2651|2040|1540|13306|3665|9061|2670|4245|1721|73587|7137|35225|4209|38362|4930|9168|2365|5843|1578|3325|1105|38384|4881|18182|2770|20202|3230|85|138|85|138|0|201|16900|3326|7140|1520|9760|2323|2039|971|607|381|1432|799|6832|1559|3258|960|3574|996|19155|4255|11830|3168|7325|2215|59513|5560|43173|4221|16340|2740|7380|2167|5944|2068|1436|663|50059|6946|34291|5503|15768|2945|3552|1314|2921|1037|631|486|16819|3918|10817|3133|6002|1558|21340|4098|15453|3267|5887|2041|4417|1733|2630|1066|1787|1586|0|201|0|201|0|201|809|1076|809|1076|0|201|3583|1092|2869|927|714|567
314M600US1698029404|833022|109|616922|7675|130723|5274|80052|5547|50671|4114|2732|1375|2519|1183|213|292|761|827|736|825|25|61|2704|1049|1998|656|706|561|1423|752|809|576|614|478|3421|1449|3060|1310|361|314|461|389|408|379|53|89|1068|753|1020|746|48|67|8915|2454|6412|2160|2503|918|6377|1888|4209|1616|2168|875|734|550|734|550|0|210|2826|1355|1411|792|1415|783|382|309|382|309|0|210|913|592|640|502|273|274|1650|761|1264|692|386|279|3701|1325|3063|1149|638|528|3222|1823|2745|1538|477|360|263|260|224|234|39|62|536|399|536|399|0|210|1166|666|942|542|224|210|2857|1351|2080|1147|777|502|4272|1807|3759|1572|513|454|3809|1366|2678|809|1131|896|2064|1024|1282|758|782|507|6874|1506|5013|1243|1861|631|893|516|565|312|328|374|5048|2023|1815|894|3233|1480|1330|1103|1237|1110|93|111|972|607|809|551|163|188|690|655|340|399|350|307|360|291|191|180|169|193|1119|1210|1069|1202|50|63|6338|1506|4122|1142|2216|713|400|401|370|394|30|50|2233|1466|1611|1100|622|492|258|215|258|215|0|210|447|392|299|252|148|176|1277|708|804|514|473|410|7|14|7|14|0|210|0|210|0|210|0|210|562|721|514|702|48|88|312|247|233|217|79|129
314M600US1910019124|4884827|848|3235603|21938|1126057|16497|642505|16122|483552|17491|18579|4204|16147|3629|2432|1025|1747|1258|1353|1151|394|394|2986|1594|1632|915|1354|1098|11802|3730|10258|3233|1544|824|4868|1297|4353|1299|515|429|2862|1448|2643|1436|219|295|1123|934|895|907|228|253|8245|2405|4667|1543|3578|1646|1803|598|1112|458|691|509|4794|2256|2842|1256|1952|1534|1977|885|1273|676|704|673|570|514|570|514|0|249|12529|3556|8625|2608|3904|1427|13103|4197|9940|2955|3163|1633|34348|5711|27240|4191|7108|3160|18391|3653|14650|2941|3741|1430|5896|3439|4285|2431|1611|1273|12094|3852|9547|3420|2547|875|18071|4003|13768|3307|4303|1251|6675|2329|5461|1927|1214|768|35383|5885|28436|5125|6947|2287|24725|4485|20264|3800|4461|1693|23760|4447|16863|3249|6897|2386|50597|5856|29266|4011|21331|3071|7694|3676|4615|1884|3079|2062|24277|6503|11692|3491|12585|4224|2153|2288|393|396|1760|1948|41279|6457|17596|3724|23683|3958|5748|2791|1971|1013|3777|2230|3557|1292|2063|972|1494|641|7446|2749|3268|1434|4178|1904|17338|3585|11895|2606|5443|2001|3045|1406|2343|990|702|561|23618|5619|16334|3958|7284|3417|2522|1203|2148|991|374|536|21678|5141|13526|3679|8152|2243|25276|5435|21673|4929|3603|1559|16303|5912|13207|5098|3096|2183|101|151|101|151|0|249|647|568|406|432|241|247|3557|1650|2963|1512|594|517
314M600US1910023104|2381039|704|1744973|17211|465889|12413|276122|9249|189767|9546|10628|3710|6031|1915|4597|2438|573|571|388|354|185|248|1206|679|1066|649|140|230|2047|943|1834|773|213|271|4234|1804|3690|1670|544|401|139|147|139|147|0|249|1282|1364|381|355|901|1284|664|404|322|244|342|264|470|402|458|400|12|20|929|836|768|690|161|264|1305|1372|370|512|935|890|0|249|0|249|0|249|4565|3855|2399|2563|2166|2260|2193|1297|1699|1062|494|492|5521|2272|4786|1963|735|554|6726|4124|5827|3934|899|662|1782|2048|608|560|1174|1588|1803|1130|1097|787|706|559|12431|4606|7451|2170|4980|2975|1831|1380|1468|1109|363|471|1041|1011|964|1005|77|125|497|501|403|394|94|156|4257|2495|2689|1290|1568|1484|9532|2682|4591|1549|4941|1740|1195|956|907|887|288|342|5377|2671|2837|1319|2540|1517|0|249|0|249|0|249|29472|5265|13540|3249|15932|3762|576|491|254|251|322|378|4961|2315|2403|1473|2558|1209|1230|763|709|508|521|407|5568|2160|3553|1597|2015|1493|1550|882|1425|875|125|123|17699|5113|11351|3790|6348|2130|1630|1676|1474|1595|156|257|4223|3456|3353|2687|870|857|12036|3602|9938|2970|2098|1276|8760|3477|4487|2004|4273|2352|0|249|0|249|0|249|0|249|0|249|0|249|244|254|106|175|138|180
314M600US1982019804|1662259|4|1397925|9603|68591|4878|43984|4181|24607|2812|3413|1336|2795|1009|618|492|272|302|272|302|0|181|3021|829|1944|680|1077|468|867|571|531|339|336|366|2438|957|2233|972|205|181|262|270|262|270|0|181|727|313|628|288|99|148|566|430|188|184|378|338|2540|838|1501|557|1039|481|2000|1143|687|506|1313|771|4073|2155|2651|1703|1422|638|155|189|79|138|76|127|1336|957|621|462|715|652|4262|1914|3488|1813|774|360|3442|1331|2584|991|858|665|3667|1400|2560|1038|1107|567|3345|1746|1850|1007|1495|925|9993|2370|2998|822|6995|1916|1400|888|1400|888|0|181|9981|2925|6691|2014|3290|1392|964|595|829|530|135|144|2497|1210|2375|1180|122|109|2163|1279|2058|1276|105|128|6656|1493|3846|1044|2810|887|3235|1643|2773|1520|462|386|1062|525|465|333|597|370|70|94|0|181|70|94|2649|1276|1545|842|1104|677|406|483|132|144|274|352|33|58|33|58|0|181|1622|1335|820|765|802|723|2703|1083|1955|874|748|445|173|168|44|73|129|151|109704|7831|65473|5535|44231|4794|578|495|347|337|231|329|394|274|212|187|182|186|1480|828|1066|633|414|339|134|116|96|96|38|64|0|181|0|181|0|181|134|136|134|136|0|181|1326|791|814|489|512|581
314M600US1982047664|2456878|476|2133221|11309|48947|4310|33191|3271|15756|2713|5726|1379|4098|1076|1628|869|264|248|264|248|0|181|7268|1840|5660|1564|1608|708|4018|1076|3040|999|978|597|8670|1665|7810|1663|860|408|1680|864|1180|633|500|486|3319|952|2695|802|624|323|5496|1532|2708|957|2788|1042|8106|1654|5645|1354|2461|815|4702|1849|2788|1347|1914|874|9160|2038|4941|1439|4219|1411|2647|1915|2042|1879|605|398|1266|676|1095|627|171|210|4687|2343|4093|2153|594|449|11587|2471|10109|2287|1478|621|6850|2414|5327|2010|1523|730|1342|710|1003|551|339|340|13064|2939|7002|2052|6062|1730|3735|1261|3038|1131|697|445|25874|4780|15492|3321|10382|2680|8669|2312|7554|2028|1115|640|2901|1573|2458|1494|443|382|5707|1640|4450|1596|1257|624|19906|3546|10196|2176|9710|2131|6653|1782|2520|1085|4133|1475|8804|2223|3746|1233|5058|1439|3429|1601|2352|1298|1077|557|4195|1851|2237|1387|1958|838|693|814|188|313|505|753|704|436|466|323|238|181|126|156|85|102|41|69|6714|1371|5343|1339|1371|649|1014|759|939|726|75|95|42843|5477|25653|3836|17190|2950|1806|900|1693|888|113|109|27502|5061|17387|3844|10115|2534|1689|1175|1095|792|594|719|412|490|204|245|208|271|0|181|0|181|0|181|324|315|324|315|0|181|1158|891|736|507|422|448
314M600US3108011244|2995053|464|1622013|19280|735651|13527|469083|12341|266568|10948|9926|2233|9080|2166|846|437|410|564|383|563|27|47|4913|1413|4180|1368|733|363|5638|1759|3978|1235|1660|1024|7775|1637|6705|1455|1070|608|3117|1179|2912|1189|205|264|1581|1090|1463|1063|118|189|10726|3358|6567|2432|4159|1625|2843|1304|2316|1057|527|351|742|536|563|409|179|288|3971|2013|2680|1492|1291|756|2178|1125|1484|963|694|463|32087|5111|21916|4131|10171|2177|8968|3325|6197|2430|2771|1369|12605|3193|11159|2954|1446|679|8782|4369|7201|3907|1581|857|3837|2176|2381|1262|1456|1050|1447|827|1175|843|272|277|3967|1875|3559|1861|408|327|11799|2673|8088|1917|3711|1473|5079|2395|4481|1999|598|475|2933|1781|2797|1776|136|183|1912|1009|1865|1016|47|77|96610|7685|49214|5274|47396|5178|14419|2601|8337|1745|6082|1768|75904|8365|34719|4871|41185|4795|1096|959|738|876|358|356|185368|11159|70821|6320|114547|7324|5214|1902|2675|1163|2539|1019|7033|2591|2803|1029|4230|2176|4046|1818|2418|1164|1628|965|46988|5827|34282|4425|12706|2876|10234|2791|6657|1961|3577|1378|31976|5208|21955|4213|10021|2553|3402|1675|2734|1507|668|549|2365|1425|1614|1239|751|539|1148|628|990|525|158|230|2184|1427|1262|799|922|1215|0|218|0|218|0|218|312|271|312|271|0|218|1854|1168|1416|1070|438|475
314M600US3108031084|9309771|-555555555|4163545|29764|3546775|21334|2099845|20620|1446930|20062|35579|4982|31459|4666|4120|1377|2464|1143|1982|986|482|587|13902|2577|11198|2418|2704|783|17467|3072|11832|2134|5635|1869|17991|2660|16069|2476|1922|801|5439|1456|4872|1405|567|359|4969|1502|3938|1300|1031|679|56443|7577|32338|5552|24105|4430|4999|1632|4091|1541|908|479|5916|1644|4141|1284|1775|970|5898|1918|4967|1801|931|547|189633|12321|107625|8333|82008|6547|76069|6987|43865|4958|32204|4189|7574|2038|4723|1341|2851|1280|23222|3830|19018|3261|4204|1445|10159|2487|7676|1882|2483|1001|8047|2733|4204|1342|3843|2060|10693|3056|5678|1521|5015|2020|11450|2690|7790|1743|3660|1606|13944|2364|11778|2209|2166|991|5358|1827|4309|1529|1049|838|5013|1815|4655|1690|358|308|4436|1745|3870|1726|566|434|364321|12814|147967|6735|216354|9296|50382|5746|25269|3348|25113|3970|158248|8462|68576|4785|89672|6038|633|405|324|243|309|258|71261|6051|25474|3465|45787|4631|22346|4354|9175|2404|13171|2996|17509|2947|7664|1650|9845|1916|15937|2805|7396|1535|8541|2104|223622|11308|149634|9036|73988|6173|29759|4164|18136|2893|11623|2315|49817|7227|32142|5190|17675|3920|20840|4321|16322|3818|4518|1489|9995|2251|6230|1830|3765|1185|10488|2756|7876|2243|2612|1216|3609|1645|2939|1485|670|654|375|412|375|412|0|218|1198|715|997|656|201|211|12446|2386|9079|1904|3367|1402
314M600US3310022744|1825455|157|1043888|15940|500409|10087|305445|11006|194964|9318|21056|3872|15459|3189|5597|1683|108889|11532|62636|8466|46253|7105|5246|1650|3956|1410|1290|611|33969|6255|19080|3351|14889|4097|3944|1368|3638|1262|306|287|1671|1055|1418|911|253|377|2061|1055|1482|1101|579|553|15561|3533|7785|2040|7776|2803|2970|1602|2038|1205|932|574|755|742|617|709|138|170|3295|1370|2862|1369|433|324|239|313|174|296|65|108|887|602|748|516|139|172|2032|1142|1679|945|353|381|5243|1971|4869|1826|374|332|2228|1326|2112|1285|116|154|0|242|0|242|0|242|2253|1573|992|580|1261|1134|329|375|329|375|0|242|6019|2364|4374|1927|1645|1004|2181|1344|2077|1330|104|123|915|713|744|601|171|202|1509|1099|956|906|553|624|10992|3655|4867|2300|6125|2151|1680|1327|1388|1259|292|220|1920|840|1336|619|584|464|0|242|0|242|0|242|5824|2197|1586|1076|4238|1914|404|561|296|386|108|181|1281|678|702|542|579|347|1573|1151|1108|800|465|440|7622|2163|5849|2104|1773|981|921|545|687|482|234|311|6264|2165|4277|1487|1987|1133|5932|2172|4370|1833|1562|812|45|75|45|75|0|242|1510|866|1313|824|197|233|400|465|333|390|67|112|0|242|0|242|0|242|430|285|377|275|53|69|11108|3858|9333|3507|1775|1260
314M600US3310033124|2517017|220|636673|17470|1657215|10245|873794|17123|783421|14680|18775|4135|16058|3682|2717|1098|106527|12279|69776|10165|36751|5847|8774|2362|6643|2368|2131|866|17353|3204|13016|2406|4337|1357|3952|1355|3640|1359|312|247|1049|777|807|536|242|282|1917|1181|1917|1181|0|242|13081|3459|7606|2464|5475|1859|993|715|869|682|124|153|389|290|374|286|15|25|2142|1342|1335|1074|807|737|171|141|171|141|0|242|1198|680|970|581|228|198|736|543|736|543|0|242|2664|1546|1722|1222|942|879|2033|1152|1133|864|900|547|277|296|277|296|0|242|46|90|46|90|0|242|607|456|540|442|67|83|2832|1344|2510|1212|322|385|736|549|689|510|47|81|1060|897|872|687|188|255|40|80|40|80|0|242|9047|2058|3768|1158|5279|1453|816|607|557|497|259|281|520|330|437|294|83|147|0|242|0|242|0|242|1621|1042|457|376|1164|766|0|242|0|242|0|242|548|360|502|324|46|85|2052|1101|1518|909|534|637|5095|1864|3786|1669|1309|696|342|262|303|240|39|63|6376|3006|4702|2227|1674|915|4963|2496|4375|2434|588|391|40|87|40|87|0|242|771|632|715|562|56|97|421|472|406|470|15|32|0|242|0|242|0|242|50|85|50|85|0|242|3115|1464|2215|980|900|1135
314M600US3310048424|1424141|259|941286|15101|282157|7718|149958|7572|132199|7747|10502|2278|7052|1776|3450|1366|83009|10552|46348|7327|36661|6603|4349|1141|2851|1009|1498|763|19343|5439|13199|4202|6144|1808|5628|1692|4799|1581|829|329|2184|728|2063|698|121|145|1782|867|1643|831|139|162|6374|1829|4023|1504|2351|1013|2943|1171|1986|890|957|674|3234|2023|2158|1381|1076|894|1340|633|873|472|467|416|343|365|343|365|0|242|999|600|350|306|649|476|1690|861|1091|633|599|523|1355|1236|1355|1236|0|242|1600|1258|1432|1145|168|281|85|135|85|135|0|242|4006|2164|1808|964|2198|1549|1200|899|602|562|598|690|4178|1773|3900|1727|278|220|959|824|749|677|210|250|1307|1029|1221|961|86|138|1378|1011|964|742|414|440|6838|1997|2869|1288|3969|1554|1079|468|794|439|285|237|542|420|342|269|200|184|0|242|0|242|0|242|4924|2043|1733|1111|3191|1530|127|159|76|127|51|90|899|668|268|400|631|470|2231|1312|1371|972|860|580|2220|921|1464|700|756|681|903|719|599|641|304|322|6680|2942|5035|2682|1645|831|5808|2136|5299|2120|509|361|420|466|163|274|257|389|1698|1235|1278|1063|420|395|332|429|83|139|249|409|0|242|0|242|0|242|0|242|0|242|0|242|6209|3048|3289|1800|2920|2122
314M600US3562035004|2764748|384|2050097|16909|371281|11481|213457|8066|157824|10642|13116|3510|10109|2675|3007|1296|29999|5431|19929|4274|10070|2492|28624|3413|21921|2912|6703|1434|10229|2911|7448|2659|2781|907|5452|1197|4649|1123|803|379|3432|2597|2486|1698|946|1074|13481|2517|10014|2000|3467|858|13227|3382|10263|2788|2964|1111|11986|3781|7533|2482|4453|1843|3056|1708|2706|1673|350|253|4698|2174|2644|1221|2054|1390|2068|1103|1417|666|651|576|9187|2544|6421|2378|2766|1023|7218|2381|5108|1701|2110|927|11753|3526|7778|1924|3975|2561|16833|3759|11999|2938|4834|1359|9226|3057|6590|2441|2636|1069|8960|2703|5075|1511|3885|1504|3816|2320|2604|1733|1212|957|7708|2257|5569|1568|2139|991|2721|1959|1806|1145|915|1023|2779|1242|2354|1140|425|629|11386|2512|7553|1838|3833|1185|46142|4981|24275|3021|21867|2785|1966|1001|1050|679|916|510|15632|3279|7878|2137|7754|1675|0|217|0|217|0|217|580|401|229|253|351|247|43|76|43|76|0|217|535|340|323|239|212|196|9272|3338|5433|1928|3839|2031|11351|2125|8632|1761|2719|932|820|521|272|264|548|376|6801|2578|4737|1900|2064|1018|8905|3915|7876|3738|1029|582|0|217|0|217|0|217|5221|2368|4174|1974|1047|761|181|186|132|171|49|84|0|217|0|217|0|217|104|176|104|176|0|217|4862|1958|4043|1795|819|606
314M600US3562035084|2146187|604|1438482|16835|378002|8023|196450|7442|181552|7849|14740|3175|11283|2504|3457|1425|41333|8022|22892|4853|18441|4845|14034|2683|10861|2402|3173|866|57081|6309|31488|4482|25593|3953|5516|1599|4774|1515|742|465|1502|865|1367|815|135|163|6241|2712|4256|2001|1985|1027|5699|1538|3534|1190|2165|883|13859|3005|8921|2261|4938|1479|1865|907|1179|651|686|463|5667|2087|4110|1445|1557|1045|865|790|811|782|54|89|1563|826|1344|740|219|200|12483|3201|8889|2459|3594|1186|14708|3663|12820|3110|1888|1129|4291|1950|2855|1220|1436|1030|691|540|691|540|0|210|3065|1354|2154|1059|911|610|3071|1469|2453|1266|618|451|4468|1628|3297|1454|1171|577|4172|1709|3339|1629|833|768|2524|1365|1958|1203|566|590|5525|2649|3745|1856|1780|1685|26985|3467|15281|2546|11704|2135|969|491|509|282|460|374|5847|1787|3311|1176|2536|918|0|210|0|210|0|210|2441|1325|1319|957|1122|740|410|503|0|210|410|503|1184|949|636|559|548|473|3286|1757|2456|1432|830|562|15934|2743|12309|2151|3625|1410|1342|912|525|533|817|614|9899|2778|7130|2386|2769|1217|3038|1491|2693|1332|345|335|804|560|628|489|176|279|23057|3980|20142|3724|2915|1248|3772|1743|2492|1192|1280|856|0|210|0|210|0|210|214|257|214|257|0|210|5558|1861|4389|1584|1169|656
314M600US3562035154|2360044|490|1681995|13820|263540|9085|147804|7695|115736|7231|5454|1604|4999|1490|455|351|10431|4223|7556|3494|2875|1360|13331|2685|9368|2204|3963|1069|18658|3816|11949|2494|6709|2576|3651|869|3350|864|301|232|4867|2436|4593|2492|274|266|4062|1532|3324|1334|738|447|15258|3110|10055|2810|5203|1366|16991|3694|10510|2776|6481|1825|1434|828|888|528|546|496|9387|2991|5580|1775|3807|1599|378|297|204|197|174|219|2012|1040|1659|840|353|420|43786|5765|28477|4419|15309|2449|36804|4599|30359|3948|6445|1998|18691|4311|13694|3085|4997|1743|10535|3746|6354|2509|4181|1624|6128|2291|5332|2157|796|383|11554|2701|10005|2569|1549|789|4659|1937|3606|1520|1053|674|23525|3772|20427|3550|3098|1087|15106|2603|11967|2545|3139|1374|5602|1846|4884|1744|718|447|48805|5378|26549|4101|22256|2806|698|505|567|454|131|133|7395|1967|2881|995|4514|1346|0|222|0|222|0|222|4967|1837|2060|793|2907|1277|0|222|0|222|0|222|410|436|263|321|147|223|2346|1167|1365|744|981|547|20359|3793|16010|3368|4349|1267|1124|688|705|475|419|284|19596|4280|14303|3707|5293|1452|10081|3142|8967|2964|1114|724|94|124|94|124|0|222|9277|3165|8119|2956|1158|621|1278|893|1019|852|259|318|0|222|0|222|0|222|904|776|904|776|0|222|4871|1669|3535|1312|1336|961
314M600US3562035614|11364874|934|6178844|43322|2605663|24441|1454115|21669|1151548|22937|103408|8620|76574|7766|26834|5438|111331|11467|67460|7745|43871|5685|93384|8035|64028|6491|29356|3408|49915|6120|31889|4340|18026|2992|23713|3103|21793|3130|1920|771|145407|13116|73365|8647|72042|9955|39960|5774|29133|4762|10827|2721|227731|11703|105786|8036|121945|7095|78372|8407|43211|5564|35161|4748|19485|4261|12671|3357|6814|1782|37328|4933|19780|2949|17548|3669|5258|2049|3978|1365|1280|972|18104|6035|9465|2895|8639|4088|23725|5037|13852|3439|9873|2438|58472|6691|46846|5932|11626|2320|58331|7244|36306|5207|22025|3772|22577|4156|10537|2214|12040|2431|138596|10419|64189|5285|74407|7471|27019|5485|14939|3367|12080|3022|93569|9931|63028|7529|30541|4348|9034|2481|7563|2138|1471|701|10725|2918|8936|2641|1789|789|17651|2963|12754|2306|4897|1254|525529|15286|197215|9434|328314|12093|35512|4212|18943|2641|16569|2848|120728|7041|54592|4565|66136|4763|152|251|152|251|0|210|14113|2791|6731|1565|7382|2073|2030|894|781|399|1249|616|7179|1982|2497|925|4682|1448|42870|5795|22106|4130|20764|3358|88663|7786|61665|6045|26998|3686|10915|2676|7504|2066|3411|1162|122183|12218|83342|9798|38841|5309|52342|7772|45443|7761|6899|1631|8024|2749|6146|2476|1878|833|90744|9735|68477|9306|22267|3824|9195|3181|6520|2852|2675|1254|0|210|0|210|0|210|794|493|280|281|514|408|36299|6370|22609|4386|13690|3692
314M600US3798015804|1223228|106|1038964|8162|94376|6067|53482|4612|40894|4271|2833|1002|2224|873|609|492|2830|1585|2387|1451|443|421|4229|1057|3668|875|561|333|4114|2252|1769|1033|2345|1675|1229|562|1000|475|229|219|836|488|836|488|0|222|1630|725|1202|569|428|480|4842|2205|2340|1299|2502|1502|2030|954|1333|647|697|490|1153|806|824|585|329|370|336|307|336|307|0|222|612|605|561|593|51|86|0|222|0|222|0|222|4692|1731|2713|1153|1979|844|4887|1855|3910|1631|977|650|5620|2660|3794|1616|1826|1241|1884|996|1232|674|652|397|2651|1497|1602|1037|1049|721|1331|860|1068|729|263|219|1088|704|898|581|190|180|1585|848|1512|831|73|120|642|603|571|589|71|119|872|552|729|484|143|165|6450|1741|3359|1047|3091|1057|1462|915|661|527|801|775|3123|1060|1307|632|1816|725|36|66|36|66|0|222|4989|1663|1593|735|3396|1402|1101|983|609|603|492|478|374|347|129|197|245|278|3096|1380|1540|769|1556|772|7382|2196|5886|1825|1496|656|474|367|271|248|203|264|4642|2178|2357|1280|2285|1291|236|219|134|137|102|168|236|293|34|59|202|277|2931|1474|2526|1210|405|372|82|119|82|119|0|222|0|222|0|222|0|222|0|222|0|222|0|222|1348|985|1348|985|0|222
314M600US3798033874|1941715|154|1683445|10015|71750|4334|45587|4022|26163|3412|5608|1569|5002|1493|606|310|1416|1112|712|677|704|540|6469|1611|4590|1264|1879|804|3859|1499|2532|942|1327|788|4976|1457|4187|1422|789|367|8357|3105|5233|1926|3124|1820|3023|916|2843|917|180|138|18967|3831|10333|2647|8634|2007|4653|1383|2646|805|2007|908|1123|899|516|324|607|642|5356|1474|4003|1196|1353|710|1614|803|1526|757|88|150|1294|837|982|727|312|280|11537|2659|6948|2200|4589|1692|13420|4109|11652|3724|1768|937|863|607|709|499|154|150|1514|1668|1474|1667|40|68|5395|2477|3387|1683|2008|1103|2435|1219|2028|993|407|402|2180|943|1530|687|650|411|9161|2755|7223|2102|1938|1707|5273|2464|4767|2275|506|392|6295|2347|4329|1649|1966|1024|17473|3230|10546|1914|6927|1982|1013|530|411|306|602|417|12683|3402|4733|1390|7950|2568|0|189|0|189|0|189|7004|2327|3951|1507|3053|1125|791|885|0|189|791|885|703|558|458|509|245|249|908|630|631|489|277|263|3533|1268|2748|1103|785|450|779|512|562|359|217|359|8256|3972|6533|3369|1723|918|1772|753|1669|711|103|172|801|571|642|433|159|202|2319|1260|2284|1253|35|57|719|739|458|678|261|286|0|189|0|189|0|189|258|324|103|167|155|206|2720|1510|1229|804|1491|1121
314M600US3798037964|2021689|204|1591880|14527|176500|9271|94762|7276|81738|8222|13035|3110|7413|2504|5622|1701|13114|3869|6302|2302|6812|2379|4884|1139|3068|821|1816|599|10515|5024|4671|1884|5844|4744|3145|1405|2644|1386|501|309|1220|527|1220|527|0|189|3665|1148|2660|805|1005|650|15877|3227|7090|1938|8787|2181|2636|1189|1607|725|1029|825|934|587|842|544|92|116|4492|1969|2091|1091|2401|1209|1214|956|833|718|381|354|2281|1575|1775|1233|506|476|3376|1695|1320|647|2056|1451|4867|1927|3143|1335|1724|1333|3895|1603|2755|1263|1140|757|2504|1926|1386|1142|1118|840|5858|1777|2543|1011|3315|1195|750|560|664|495|86|145|7634|2791|5412|2289|2222|1111|483|351|483|351|0|189|1444|1068|1229|855|215|285|13099|3283|6142|1827|6957|2175|41101|5439|14398|2407|26703|4339|1782|831|1091|605|691|630|4867|1044|2140|740|2727|916|62|104|62|104|0|189|15162|3478|5664|1624|9498|2433|7976|2397|2777|1222|5199|1770|2377|1387|1181|942|1196|595|3412|1844|1122|697|2290|1459|4579|1838|3305|1608|1274|651|1760|1083|838|756|922|613|19836|5829|14769|4969|5067|2351|1194|669|1026|574|168|273|1780|1319|1140|1110|640|583|18209|5052|12543|4289|5666|2432|884|662|419|339|465|524|0|189|0|189|0|189|667|760|459|712|208|247|6739|3147|2766|1445|3973|2716
314M600US4186036084|2660495|312|1524710|14800|448676|10737|274208|8942|174468|8651|12432|2748|11734|2627|698|341|1072|1331|1072|1331|0|218|4615|1383|4058|1288|557|401|10516|2499|7742|1873|2774|1307|6701|1488|6075|1479|626|314|3443|1401|2409|1173|1034|529|1233|612|1108|604|125|123|14619|3243|11433|2831|3186|1157|2490|1482|1427|835|1063|1130|1644|1068|1023|646|621|699|3289|1367|2702|1287|587|410|1915|1028|1770|957|145|169|26525|5662|16085|3432|10440|3534|11640|3360|9474|2778|2166|978|53735|6959|46697|6060|7038|1852|11054|3337|8554|2743|2500|1302|20408|4436|13807|3113|6601|1893|6817|2555|4379|1357|2438|1597|10494|2367|8568|2095|1926|917|7310|2772|5684|2668|1626|866|24713|4030|21765|3824|2948|854|15329|2989|13389|2677|1940|923|7238|1656|6514|1591|724|430|188102|10723|87152|6381|100950|7064|9036|2112|5334|1463|3702|1685|20887|3329|11239|2049|9648|1940|650|429|345|297|305|313|38999|5342|18022|2891|20977|3677|3871|1301|2492|1069|1379|624|8164|2349|2692|1254|5472|1811|13711|3778|7742|2366|5969|1899|81157|7457|54703|6363|26454|3354|11692|2728|7669|1984|4023|1519|21279|5353|15499|4697|5780|1668|3540|1608|3259|1565|281|293|11081|3289|7005|2611|4076|1477|8086|2657|5837|2191|2249|997|972|768|856|744|116|194|65|82|65|82|0|218|507|481|470|453|37|60|6078|3192|1529|656|4549|3050
314M600US4186041884|1480359|551|834022|12750|195596|7971|119694|6508|75902|5837|12443|2511|11691|2384|752|451|155|239|72|108|83|136|5316|1692|4711|1574|605|435|6361|1956|4123|1406|2238|1124|6937|1611|6384|1562|553|274|1538|705|1447|674|91|150|3060|1307|2826|1307|234|240|17874|3452|9918|2136|7956|2307|1811|882|1413|787|398|376|1480|1132|1417|1080|63|101|2409|1758|1737|1269|672|644|2102|1433|1816|1414|286|268|4881|1244|3434|935|1447|588|2879|1553|1988|916|891|845|13340|2935|12341|2767|999|575|2173|1723|1933|1407|240|400|3052|2027|2282|1354|770|929|3922|2997|3682|3006|240|261|2807|1088|2272|848|535|506|4078|1473|3137|1241|941|938|1177|755|997|721|180|178|4043|1403|3558|1271|485|414|1733|879|1499|789|234|292|208861|9732|95381|7294|113480|7209|11596|2241|6960|1619|4636|1178|13015|2812|7715|1859|5300|1555|101|114|101|114|0|218|12211|3014|4724|1588|7487|2363|526|391|97|160|429|371|4980|2153|2367|1097|2613|1471|7732|2397|3605|1402|4127|1741|59030|5420|35816|3907|23214|3842|10136|1960|6851|1450|3285|1067|10314|3316|6238|2497|4076|2079|1722|721|1618|688|104|122|2747|1801|2038|1673|709|623|372|425|176|201|196|247|271|321|246|322|25|45|0|218|0|218|0|218|0|218|0|218|0|218|1556|765|1018|600|538|505
314M600US4266042644|2916464|403|2105494|16972|187559|7319|112760|6073|74799|5795|18861|3731|15251|2798|3610|1541|183|213|183|213|0|213|3687|1763|2695|1600|992|805|8508|2881|5995|1752|2513|1386|9562|1900|8583|1779|979|504|2946|2270|2511|1616|435|697|955|515|622|460|333|379|37386|6293|21531|3559|15855|4566|5195|2276|4403|1794|792|627|3422|1695|2278|1217|1144|814|16582|3162|8092|2041|8490|2140|824|585|752|524|72|117|12679|3440|7698|2114|4981|2308|3070|1252|2141|909|929|703|33778|4778|28902|4433|4876|1303|7825|3318|6008|2447|1817|1027|13627|4554|6666|2322|6961|2573|4756|1758|4246|1654|510|286|9034|2555|7568|2082|1466|769|15219|3224|11677|2587|3542|1312|17922|5660|14241|4808|3681|1576|13801|3138|12508|2830|1293|1053|9108|2707|7337|2384|1771|1495|119378|7997|64501|5577|54877|4972|14065|2574|8379|1700|5686|1698|27041|4235|13384|2474|13657|2561|2928|1963|1236|1034|1692|1196|53923|6567|21475|3141|32448|4616|9993|2989|3966|1416|6027|1924|7313|2041|3815|1302|3498|1233|10448|3784|5524|2386|4924|2370|35857|5311|24940|3637|10917|2680|17156|3286|12088|2991|5068|1624|13121|4427|7603|2785|5518|2328|3761|2492|3677|2487|84|140|38545|5746|25642|4556|12903|2594|7230|3761|5499|3136|1731|1097|10944|3393|7085|2689|3859|2085|84|113|62|103|22|45|414|266|414|266|0|213|2280|1112|1533|777|747|480
314M600US4790023224|1257466|143|788042|9536|192585|5100|115726|4681|76859|6234|27645|4516|19271|3652|8374|1966|3516|1308|2869|1203|647|450|2734|1052|2329|979|405|289|7785|2398|5023|1744|2762|1302|4851|1295|4690|1279|161|149|1448|815|1296|776|152|177|2863|1282|2726|1250|137|166|14063|3221|10597|2463|3466|1391|1601|840|1005|453|596|635|507|337|465|306|42|71|1996|1151|1711|993|285|311|1111|722|849|657|262|271|10127|2420|6690|1721|3437|1310|3730|1231|2814|960|916|609|7048|1641|5271|1259|1777|913|10035|3783|6392|2284|3643|1745|2143|955|1702|826|441|381|3379|1597|2741|1294|638|434|5521|2685|3862|1724|1659|1126|3366|1298|2341|977|1025|1002|5636|2068|4244|1593|1392|951|6048|2660|4328|1820|1720|1228|2610|1028|2384|943|226|264|42594|4306|21811|2987|20783|3050|4401|1813|2364|988|2037|1369|12050|2455|6686|1483|5364|1412|243|395|145|236|98|160|9148|2265|4922|1521|4226|1350|766|529|401|277|365|296|2415|1344|930|487|1485|953|5057|1886|3255|1241|1802|933|9560|2049|6745|1757|2815|1080|2115|1318|1448|893|667|605|6079|2025|4642|1853|1437|751|3238|1372|2921|1166|317|365|24829|4772|16535|3480|8294|1983|14142|3427|11603|2899|2539|1070|4922|3062|4204|2981|718|537|0|216|0|216|0|216|30|47|30|47|0|216|5487|2669|4794|2562|693|559
314M600US4790047894|4721115|2398|3426009|20580|609320|9316|331688|9852|277632|9516|38678|4443|30503|3775|8175|2455|7607|2006|6373|1766|1234|759|5377|1203|4561|1009|816|556|11413|2425|9898|2128|1515|671|15440|2959|14131|2785|1309|694|2827|1156|2343|930|484|410|6029|1642|5250|1437|779|490|13581|3028|9921|2222|3660|1308|3523|1225|3049|1093|474|373|1795|844|1484|815|311|252|5777|1609|4780|1328|997|582|1193|718|876|465|317|357|31964|6031|21655|4668|10309|2187|6587|1946|4801|1470|1786|915|26698|3942|23202|3518|3496|1141|30179|5936|20764|3945|9415|3034|5645|2179|3671|1401|1974|1447|17004|3651|11443|2796|5561|1619|16839|4004|10319|2328|6520|2193|16571|2874|12422|2176|4149|1235|23199|4919|19222|3945|3977|2185|9606|2252|8883|2182|723|491|6511|1919|5422|1660|1089|632|49564|4941|30903|3572|18661|2749|10032|2300|6880|1754|3152|985|49587|6124|24724|3524|24863|3785|75|118|75|118|0|210|43679|5008|19476|2577|24203|3267|2505|1159|1371|695|1134|762|6400|1360|3379|970|3021|986|9808|2288|6921|1870|2887|896|30215|3961|23917|3396|6298|1333|4641|2264|2726|1497|1915|1333|56473|8367|39499|6174|16974|3942|1322|891|1150|888|172|202|50277|5915|31308|4841|18969|2904|45018|6723|36309|5656|8709|2332|10084|3266|7435|2459|2649|1554|0|210|0|210|0|210|320|265|303|268|17|32|11743|2902|8601|2285|3142|1540
330M600US104|1134145|1725|1036351|6972|30410|3214|19841|2495|10569|2442|3991|1272|3509|1219|482|304|1220|758|965|642|255|350|4040|1334|2916|969|1124|696|1141|860|811|590|330|490|3742|1364|3206|1271|536|496|3242|1860|1855|1382|1387|1185|325|267|281|259|44|71|4205|1817|3158|1458|1047|569|2355|1100|1028|584|1327|916|923|710|682|578|241|414|1112|844|568|592|544|568|0|217|0|217|0|217|514|520|278|404|236|239|217|310|217|310|0|217|2684|1432|1238|707|1446|1264|2210|1365|1845|1215|365|297|0|217|0|217|0|217|2186|858|1221|649|965|582|1211|856|913|715|298|297|3105|1745|2185|1189|920|925|2914|1106|2521|1063|393|319|1730|1201|1495|1074|235|260|517|450|270|294|247|222|5686|1243|3748|912|1938|672|404|308|275|256|129|141|1571|743|798|447|773|530|0|217|0|217|0|217|2410|1065|606|406|1804|833|77|126|0|217|77|126|303|305|142|193|161|205|2577|1505|1334|825|1243|942|3794|1443|3059|1301|735|456|527|516|502|512|25|45|2517|1287|1381|929|1136|647|319|259|319|259|0|217|94|161|94|161|0|217|1801|1009|1201|785|600|557|108|115|86|109|22|43|0|217|0|217|0|217|17|27|17|27|0|217|1595|848|732|457|863|583
330M600US122|6597540|4971|5401561|26071|613776|11448|360803|13424|252973|9986|28432|4973|22679|4195|5753|1767|23140|7677|17273|6127|5867|3021|4160|1751|3623|1697|537|452|18082|4100|12839|2904|5243|1891|15024|2537|14067|2425|957|497|4390|1705|4061|1568|329|274|3927|2145|2600|1498|1327|1044|12765|3167|10167|2758|2598|1163|1879|776|1301|574|578|491|9241|4524|5201|3020|4040|1971|4889|2208|3183|1363|1706|1171|177|177|109|133|68|118|9324|2724|6185|1911|3139|1257|15266|3903|10102|2838|5164|1969|28256|4433|23985|4191|4271|1481|11473|2946|9374|2738|2099|1027|1032|832|877|774|155|180|9415|3740|5395|2258|4020|1793|12976|3224|10766|2731|2210|1126|13216|4229|9260|3484|3956|1454|19916|4728|15361|4267|4555|1745|12226|3466|10703|3098|1523|849|7989|2762|6727|2474|1262|736|51610|7181|25710|3039|25900|5465|11820|2898|6908|1974|4912|1902|47456|5691|22551|3483|24905|4204|2913|972|2379|891|534|277|48644|8776|18788|5229|29856|5423|5002|2034|3202|1362|1800|914|5904|1746|3449|1354|2455|870|9087|3061|3966|1683|5121|2045|14710|4140|11686|3901|3024|1478|3781|2010|2886|1748|895|635|18571|7395|13755|5847|4816|2436|3446|1490|2389|990|1057|854|34621|10617|22018|9612|12603|3915|35017|7026|31706|6585|3311|1704|9985|4611|7036|3697|2949|2124|0|210|0|210|0|210|1205|1206|1205|1206|0|210|11236|3463|10534|3330|702|672
330M600US148|8015034|1447|6204704|25908|704407|11342|401987|9177|302420|10189|56990|5567|43632|4433|13358|2424|97816|9630|53561|7161|44255|5691|31736|4522|24097|3660|7639|2080|240132|14745|124422|8409|115710|9996|20164|2980|19218|2918|946|445|5002|3144|4137|2239|865|963|24517|4076|18704|3343|5813|1925|33972|4422|22413|3782|11559|2292|12238|2404|8420|1959|3818|1282|5165|2292|3409|1431|1756|1145|7403|2063|5010|1757|2393|1098|5550|1864|4732|1629|818|425|7289|2164|4686|1276|2603|1255|17122|3850|11557|3022|5565|1848|30789|5200|24979|4294|5810|2103|12225|3611|8942|2586|3283|1410|5492|3391|4047|2835|1445|835|7827|2383|5299|1637|2528|1531|18235|3625|11123|2272|7112|2463|41436|7543|27726|4905|13710|3355|15401|3169|11459|2231|3942|1859|13232|2606|12225|2517|1007|457|4391|1543|4032|1476|359|283|151075|7701|78608|5107|72467|5403|9251|2444|6458|1879|2793|1043|17734|2839|11004|1900|6730|1811|1570|1685|899|964|671|755|50935|5928|20091|3521|30844|3894|22311|3720|11099|2377|11212|2409|7853|2535|4580|1963|3273|1064|9438|2892|5790|1827|3648|1517|9714|2296|8299|2060|1415|626|3384|1390|2571|1045|813|510|42113|6564|27610|4889|14503|3186|9742|2977|8457|2435|1285|930|11818|3825|7119|2586|4699|1887|19364|3542|14675|2796|4689|1459|13115|2771|10521|2531|2594|916|0|210|0|210|0|210|806|496|578|335|228|375|11576|3095|8367|2280|3209|1714
330M600US160|1174483|1021|1064643|6771|32490|3676|21918|2916|10572|2259|2329|1310|1785|947|544|440|1022|1414|1022|1414|0|217|3885|1142|2353|862|1532|760|697|415|589|377|108|173|2521|1055|1880|729|641|555|1562|1142|1094|839|468|456|98|116|98|116|0|217|2062|1095|1291|840|771|444|3275|1038|2693|835|582|480|517|329|397|310|120|148|2465|1212|1745|1036|720|568|62|98|62|98|0|217|1556|1081|803|579|753|619|119|206|0|217|119|206|2277|912|1691|657|586|415|2123|1374|1235|878|888|659|334|388|222|235|112|174|12059|2546|4917|1436|7142|1744|1262|1037|320|360|942|828|1230|668|925|492|305|335|497|427|417|345|80|108|441|390|268|226|173|203|29|57|29|57|0|217|4905|1494|2727|888|2178|928|475|328|302|265|173|158|1276|733|721|456|555|433|0|217|0|217|0|217|1975|1398|1047|1014|928|579|0|217|0|217|0|217|246|229|111|112|135|155|5262|2395|1815|1121|3447|1529|1044|996|673|626|371|399|250|252|103|143|147|209|13457|4563|8766|3051|4691|1991|143|152|129|151|14|24|1210|1389|362|576|848|1122|1019|683|786|552|233|227|1929|2075|626|953|1303|1423|0|217|0|217|0|217|458|269|410|260|48|61|1279|800|901|491|378|382
330M600US172|2699368|2262|2314720|11685|235117|7511|125528|7163|109589|6530|11706|3082|7173|2202|4533|1783|3076|1830|1591|1250|1485|949|1026|596|838|543|188|168|5316|2133|3262|1253|2054|1466|5784|1627|4781|1521|1003|545|904|681|575|557|329|407|3872|1656|2011|1175|1861|1079|6024|1799|3659|1304|2365|915|2018|1091|1114|658|904|721|1202|890|942|791|260|370|1907|989|1276|767|631|367|63|106|0|210|63|106|1338|872|673|312|665|778|4899|2030|2668|1124|2231|1199|8323|2533|6821|2227|1502|1242|1412|1120|828|604|584|630|640|506|503|430|137|202|1681|1029|1482|969|199|169|4988|2095|3041|1362|1947|1160|2727|1413|2377|1295|350|331|10215|2816|8774|2693|1441|808|5752|2629|5715|2635|37|65|786|614|710|525|76|128|11571|4290|6159|2757|5412|1900|2240|858|1077|513|1163|564|3481|1570|1714|1038|1767|767|3283|1724|2146|1224|1137|652|10601|3104|4070|1616|6531|2040|637|563|418|484|219|225|2561|1283|1834|1051|727|476|4087|2015|1766|835|2321|1580|3914|1565|3011|1321|903|476|1497|1448|492|486|1005|1352|6634|2834|3805|1775|2829|1828|997|1222|966|1218|31|52|5327|2639|2685|1501|2642|1681|3934|1764|3034|1292|900|811|1472|955|681|674|791|722|0|210|0|210|0|210|190|320|97|163|93|159|1446|870|1373|860|73|121
330M600US176|9327993|2276|6671351|28154|1577167|18425|954277|18516|622890|15343|28152|4161|24104|3605|4048|1149|5329|2084|3995|1416|1334|1657|22909|3346|16554|2728|6355|1530|9384|2109|7410|1818|1974|744|25319|3568|21578|3234|3741|1093|4324|1613|3305|1041|1019|838|26268|3827|19869|3449|6399|1675|42520|5019|25723|4253|16797|2932|177445|11377|102706|7794|74739|6078|32220|4678|20628|3401|11592|2643|45910|5334|26081|3289|19829|3507|1954|797|1471|557|483|466|6740|1949|4542|1334|2198|1083|42176|5431|25384|4150|16792|3058|33245|4480|27162|3895|6083|1766|52518|6819|38968|5339|13550|2683|5663|1761|3971|1470|1692|737|5557|1908|4520|1722|1037|516|12901|3165|9457|2454|3444|1289|57841|6910|37412|4959|20429|3737|21412|4619|16271|3485|5141|1832|16258|3521|13087|2822|3171|1752|16391|3657|11364|2788|5027|1786|83821|7200|41747|4238|42074|4895|10710|2502|6694|1572|4016|1367|44545|5430|20768|3014|23777|3787|1532|1119|1439|1125|93|111|18748|3324|8343|1627|10405|2335|2799|1115|984|540|1815|827|9616|2673|4241|1224|5375|1761|20956|4432|13430|3416|7526|2217|73686|5922|54134|4503|19552|2903|8517|2241|7051|2168|1466|661|56199|7407|38511|5822|17688|3118|4050|1335|3419|1095|631|486|17927|3964|11433|3197|6494|1535|23349|4035|16949|3267|6400|2061|4681|1741|2892|1071|1789|1586|0|210|0|210|0|210|1371|1297|1323|1288|48|88|4532|1240|3630|1104|902|589
330M600US178|2183462|5192|2045481|10247|43739|4166|25342|2805|18397|3199|8214|3902|4466|1583|3748|3355|63|107|63|107|0|210|1543|924|1501|921|42|68|1999|1223|1445|976|554|521|5297|1853|4275|1707|1022|462|1482|772|1245|685|237|266|319|220|134|130|185|183|4767|2428|3569|2069|1198|917|378|337|142|170|236|282|847|688|559|527|288|320|1782|913|1564|917|218|177|479|719|180|231|299|505|491|402|464|385|27|47|1410|822|1028|630|382|403|5070|1594|4403|1419|667|471|4283|2444|3151|1956|1132|956|379|418|379|418|0|210|653|688|190|243|463|661|6772|3398|3565|1805|3207|2011|2457|2373|1607|1250|850|1203|2537|1030|2315|1015|222|263|880|675|732|536|148|227|1815|910|1758|865|57|99|8469|1972|5759|1659|2710|938|2833|1061|1160|545|1673|856|2154|1369|1291|964|863|676|145|202|125|199|20|36|2199|1025|743|441|1456|782|751|557|325|345|426|308|212|240|16|22|196|238|2091|1835|759|806|1332|1615|3610|1481|2636|1407|974|721|2678|1614|1568|1095|1110|1057|4332|1928|2970|1455|1362|693|341|297|295|276|46|77|3888|2202|2083|1482|1805|1133|3347|1338|2178|936|1169|654|950|624|723|513|227|304|0|210|0|210|0|210|174|147|174|147|0|210|2151|1299|901|671|1250|908
330M600US184|3423323|1421|3135473|12039|94275|6437|62275|4584|32000|3871|5897|1831|4002|1388|1895|1066|311|252|311|252|0|204|5538|1290|3685|1076|1853|700|2008|912|1351|589|657|492|11328|2324|8436|1657|2892|1232|28895|5131|19810|4204|9085|2562|3010|1065|2444|986|566|354|7483|2287|3570|1085|3913|1614|3067|992|2487|923|580|467|10787|2663|6737|2031|4050|1508|11408|2824|7087|2131|4321|1461|406|341|231|248|175|244|1969|1500|738|632|1231|1359|2051|1034|1771|982|280|246|4286|1776|4125|1764|161|215|1377|795|915|600|462|392|1046|885|273|373|773|602|1362|1545|732|812|630|777|9893|3785|5385|2599|4508|1630|11616|3508|7852|2806|3764|1426|3949|1649|2910|1322|1039|926|2509|1322|2273|1122|236|275|1681|1019|1627|1017|54|90|15581|3317|6689|1620|8892|2504|2118|939|1290|574|828|716|1928|883|896|520|1032|635|170|216|170|216|0|204|3479|1717|1460|939|2019|1002|1479|946|1329|939|150|163|1117|605|933|564|184|218|2746|1275|1408|775|1338|656|4665|1392|2867|1089|1798|740|1334|719|797|673|537|471|18959|3633|13197|2883|5762|1775|519|341|354|294|165|166|593|493|547|425|46|78|3049|1462|2430|1317|619|352|589|404|294|223|295|325|0|204|0|204|0|204|264|380|264|380|0|204|3108|976|1957|755|1151|667
330M600US198|2398207|1597|2144008|9533|66320|4370|39897|3696|26423|3127|7237|2189|4082|1245|3155|1754|860|541|704|493|156|156|1622|838|1371|781|251|193|1569|1175|919|631|650|682|6028|1532|5120|1424|908|492|4879|2228|3988|1725|891|802|1115|521|1022|500|93|167|2809|1109|1827|808|982|572|1339|895|1272|887|67|111|584|484|154|186|430|416|3311|1561|1542|667|1769|1320|95|159|95|159|0|204|1465|913|1008|685|457|364|5798|2805|3013|1775|2785|1186|8902|2864|6719|2531|2183|1109|2362|1401|1585|985|777|501|248|417|248|417|0|204|1416|904|1130|742|286|248|16992|4397|8735|2932|8257|2358|1727|951|1258|750|469|339|4057|2068|2912|1504|1145|1123|3031|2617|2439|2063|592|667|1122|634|1122|634|0|204|14846|3710|7969|2650|6877|1846|4056|1776|1483|906|2573|1161|2233|923|1201|550|1032|636|0|204|0|204|0|204|3786|1691|1934|965|1852|1151|1201|1192|449|481|752|755|2540|2043|1623|1453|917|699|2712|1671|2043|1446|669|589|2664|1937|1804|1407|860|1107|918|815|295|293|623|736|13867|3478|9667|2698|4200|1474|1104|825|1104|825|0|204|39131|9022|25401|7445|13730|3338|12849|3395|8259|2526|4590|2202|6220|3088|2965|1491|3255|2498|0|204|0|204|0|204|0|204|0|204|0|204|1184|607|755|420|429|516
330M600US206|7732918|1725|5388251|27104|1644135|20751|949835|19731|694300|19368|29354|5511|22319|3799|7035|2736|2320|1355|1741|1194|579|462|4555|1871|2953|1242|1602|1135|15408|4602|12718|3376|2690|1773|9784|2388|8448|2244|1336|684|3001|1459|2782|1447|219|295|2405|1658|1276|982|1129|1309|8984|2425|5064|1493|3920|1730|2419|816|1716|716|703|509|5723|2480|3610|1506|2113|1551|3640|1705|2001|894|1639|1150|570|514|570|514|0|210|17272|5508|11148|3781|6124|2815|15296|4295|11639|2929|3657|1694|39869|6027|32026|4498|7843|3217|25117|5178|20477|4517|4640|1623|7678|3934|4893|2459|2785|2132|13968|4002|10685|3487|3283|1046|30502|6150|21219|4035|9283|3305|9078|2720|7501|2255|1577|873|36424|5777|29400|4943|7024|2277|25222|4603|20667|3903|4555|1713|28017|5243|19552|3546|8465|2893|60223|6723|33876|4270|26347|3723|9128|3827|5756|2101|3372|2115|29654|6882|14529|3709|15125|4461|2153|2288|393|396|1760|1948|71965|9291|31540|5561|40425|5962|6324|2895|2225|1105|4099|2287|8668|2748|4536|1773|4132|1407|8762|2710|3977|1396|4785|1952|23074|3747|15602|2710|7472|2283|4875|1635|3948|1298|927|573|41866|7540|28234|5335|13632|4111|4152|2036|3622|1856|530|594|25901|6218|16879|4592|9022|2373|37312|6500|31611|5982|5701|1524|25063|6437|17694|5237|7369|3229|101|151|101|151|0|210|904|605|575|461|329|302|3801|1686|3069|1539|732|503
330M600US216|3444911|1068|2780449|16268|435770|12095|273914|9783|161856|8249|13684|3277|10896|2246|2788|1480|801|1038|801|1038|0|211|1989|763|1716|729|273|197|6567|2242|5573|1721|994|811|11804|2240|10998|2212|806|338|1203|507|1103|503|100|117|3044|1646|2281|1205|763|630|17043|3529|10129|2773|6914|1937|4531|1721|3371|1411|1160|718|2370|1042|1244|654|1126|832|2943|1225|2167|990|776|488|1203|923|611|541|592|504|3165|1058|2049|803|1116|479|1403|899|1094|777|309|311|3617|1271|3356|1246|261|191|699|636|618|621|81|93|1095|766|1009|775|86|98|1150|768|563|442|587|525|8698|2667|4243|1458|4455|1747|5583|1581|4055|1168|1528|830|3943|1566|3749|1537|194|209|3275|1421|2830|1260|445|449|2268|1047|2160|1031|108|133|21269|3002|11555|2088|9714|2066|2545|825|1657|666|888|437|10359|2354|6031|1887|4328|1085|1793|820|793|411|1000|612|19671|4184|8818|2249|10853|2576|2174|1080|761|545|1413|916|2509|943|1077|532|1432|668|5561|2200|2130|1129|3431|1576|3776|1434|3043|1265|733|457|4491|1234|1892|762|2599|1025|15469|4096|11103|2905|4366|1978|2152|1352|1770|1111|382|387|18288|4537|10524|3092|7764|2755|8318|3393|5691|1945|2627|2170|2299|1188|1436|921|863|637|164|157|164|157|0|211|1479|878|1248|844|231|218|4297|2205|3648|2131|649|452
330M600US220|5094110|690|4430390|14667|137464|7006|90383|5210|47081|4191|11394|2284|8954|1805|2440|1083|536|387|536|387|0|181|10800|1949|7841|1693|2959|866|6311|1352|4889|1219|1422|729|13822|2216|12452|2237|1370|498|2825|1063|2254|859|571|499|4354|1074|3631|951|723|337|9218|2080|5022|1499|4196|1284|11918|1896|8169|1471|3749|960|6815|2091|3588|1436|3227|1173|13311|2762|7670|2145|5641|1523|2891|1935|2210|1896|681|419|4192|1793|2737|1293|1455|790|9234|3170|7866|3005|1368|597|16353|2751|13959|2478|2394|944|11995|3060|8938|2388|3057|1032|4687|1849|2853|1098|1834|965|23861|4012|10668|2412|13193|2652|5886|1664|5189|1566|697|445|38316|5455|23692|4040|14624|3014|10089|2372|8839|2083|1250|657|6052|1821|5487|1744|565|396|8341|2030|6946|2069|1395|640|37117|3773|20427|2445|16690|2450|11774|2435|6097|1786|5677|1730|13359|2457|6402|1509|6957|1526|3544|1601|2397|1292|1147|565|8106|2458|4126|1640|3980|1316|1099|951|320|341|779|843|1132|580|799|500|333|202|2345|1359|1155|830|1190|768|10966|1960|8569|1728|2397|859|1748|876|1396|798|352|266|161013|9697|96623|7217|64390|5623|2946|1117|2549|1058|397|351|29982|5227|19131|4079|10851|2566|3501|1442|2383|1054|1118|846|791|582|545|391|246|279|0|181|0|181|0|181|486|375|486|375|0|181|3146|1449|2053|897|1093|774
330M600US268|1610787|2337|1408234|8792|135602|5986|79458|5670|56144|4591|7340|3140|4795|2164|2545|1492|429|355|144|207|285|285|1376|872|968|637|408|397|3081|2964|2315|2280|766|750|4453|2203|3795|2106|658|407|476|617|476|617|0|224|383|282|224|198|159|196|1843|1120|982|742|861|814|711|694|489|516|222|228|411|336|257|235|154|187|386|374|287|327|99|172|0|224|0|224|0|224|782|552|560|409|222|223|1164|898|1035|802|129|222|1164|909|841|585|323|417|2343|1752|1361|1110|982|818|687|869|358|521|329|368|99|132|99|132|0|224|2568|1680|1550|968|1018|859|1419|934|920|623|499|389|874|725|874|725|0|224|2856|1731|2502|1484|354|389|817|655|570|582|247|242|4780|1317|2387|882|2393|954|1391|869|739|408|652|730|1883|816|805|543|1078|574|434|552|349|426|85|133|2972|1604|1797|1329|1175|653|895|577|568|440|327|263|677|400|385|368|292|200|1122|746|467|363|655|576|5205|2172|4145|1813|1060|795|3679|2001|1719|1111|1960|1051|4340|1907|3924|1789|416|328|484|523|484|523|0|224|656|600|202|228|454|528|2132|1223|1847|1131|285|327|432|410|347|372|85|150|0|224|0|224|0|224|0|224|0|224|0|224|207|249|126|207|81|138
330M600US278|1409620|1068|1125743|9792|146339|5442|89728|4500|56611|4801|8767|2064|6270|1466|2497|1006|1768|923|761|528|1007|526|6007|1335|4077|1152|1930|730|8826|2242|5567|1835|3259|955|3115|1031|2934|991|181|156|439|425|439|425|0|217|2213|1194|1651|887|562|470|2683|870|1432|654|1251|537|23068|3733|12865|2430|10203|2181|2747|1508|1721|1198|1026|720|1021|673|861|597|160|205|121|140|121|140|0|217|1383|1027|1335|1007|48|88|3881|1621|2207|993|1674|830|4411|1663|3883|1517|528|537|2583|1191|1822|990|761|451|505|405|324|319|181|264|2029|805|1342|620|687|448|2604|1276|2190|1077|414|443|5292|3299|4383|2591|909|858|1784|1299|1241|996|543|560|6459|2394|5267|1938|1192|887|1828|1006|1424|699|404|490|12017|2528|6257|1464|5760|1935|507|361|344|312|163|161|2904|1373|1817|1037|1087|675|77|144|77|144|0|217|4037|1615|1614|807|2423|1274|930|671|318|278|612|641|2154|1058|777|480|1377|732|2351|1380|1240|861|1111|847|4242|1453|2540|1171|1702|651|534|367|264|264|270|261|2665|1255|1471|742|1194|772|489|394|299|254|190|246|1060|786|577|567|483|444|4569|1910|3011|1321|1558|990|594|469|594|469|0|217|0|217|0|217|0|217|1408|1216|868|826|540|450|3466|1571|3125|1593|341|419
330M600US288|6910593|2786|4213953|35132|2034135|26551|1153379|26690|880756|23681|24093|5828|19828|4634|4265|2242|2132|1504|1893|1428|239|301|5989|3191|3973|2052|2016|1425|11128|3909|8314|2769|2814|1427|16978|4912|15082|4861|1896|1265|4601|2227|3329|1679|1272|1554|2654|1149|2138|1018|516|363|15400|4854|12350|4463|3050|1163|3107|1795|2773|1799|334|266|3532|3010|2537|2195|995|867|5271|2287|5148|2299|123|126|325|408|295|401|30|50|18690|7270|12423|4707|6267|3461|16816|4782|12393|3780|4423|1769|28266|6499|21705|5929|6561|2021|36489|8460|26452|6380|10037|3190|5603|2375|3219|1557|2384|1547|8951|3936|4899|2322|4052|2051|13868|4463|11188|4059|2680|1310|10454|3952|8269|2862|2185|1398|14523|6058|10077|4414|4446|2819|9178|3687|8489|3468|689|572|22819|6314|15720|4888|7099|2702|85149|11734|44732|7036|40417|6727|6322|2744|1509|666|4813|2656|11043|3284|5287|1484|5756|2217|1555|1858|1302|1532|253|412|122246|10317|54790|7028|67456|6772|5381|2121|1570|1140|3811|1444|5082|1617|1838|988|3244|1095|8154|2912|4165|1970|3989|1816|28896|5998|21120|4566|7776|2956|9813|3242|6115|2325|3698|1697|41088|8055|29335|7028|11753|3381|1521|752|1456|760|65|105|4362|2010|2168|1311|2194|1513|37413|8568|34126|8791|3287|2314|9685|5713|9324|5692|361|312|31|52|31|52|0|249|59|87|59|87|0|249|3838|2442|3500|2314|338|338
330M600US294|2356434|2977|2115098|13037|116619|5347|69918|5999|46701|4466|15713|5449|9848|3517|5865|2681|4824|2858|1990|2471|2834|1573|1300|887|1300|887|0|208|2612|1716|2378|1681|234|299|5397|1618|4740|1489|657|704|2035|1121|1914|1118|121|151|601|517|480|481|121|191|2532|1270|2061|989|471|422|269|320|92|151|177|287|399|369|348|351|51|107|577|388|359|316|218|211|253|421|253|421|0|208|119|141|43|73|76|122|3500|2183|2915|1841|585|456|3840|1843|2970|1286|870|996|6855|2445|5061|1709|1794|1076|4537|2335|2012|1393|2525|1401|903|727|836|694|67|110|1188|843|976|793|212|245|1022|769|733|493|289|367|1591|995|1563|992|28|55|2058|1342|1751|1175|307|339|2130|1670|1562|1354|568|409|8327|2471|5009|1363|3318|1503|2335|1396|1052|856|1283|921|1715|1071|1339|927|376|309|0|208|0|208|0|208|2204|1063|939|593|1265|778|151|210|151|210|0|208|669|523|482|445|187|249|15642|3224|4729|1811|10913|2503|2994|1153|2390|1029|604|519|469|323|285|224|184|204|8703|3232|4850|2238|3853|1958|360|425|360|425|0|208|2659|1440|1187|604|1472|1059|9414|4904|7941|4816|1473|912|1821|1152|1821|1152|0|208|0|208|0|208|0|208|1132|1236|267|380|865|1166|1867|1182|1672|1151|195|304
330M600US300|1666232|2058|1452727|11937|109855|6560|66042|5372|43813|5663|2439|1287|2066|1216|373|329|4524|1787|2614|1348|1910|873|933|470|812|454|121|140|3909|1908|1823|1150|2086|1321|2897|1371|2897|1371|0|210|1130|751|1096|744|34|72|2033|2191|1810|2181|223|236|3807|1825|2428|1381|1379|772|1191|1037|833|933|358|411|7468|3094|4667|2702|2801|1712|1179|755|1012|640|167|230|0|210|0|210|0|210|684|778|447|573|237|280|3426|1734|2088|1190|1338|751|3047|1887|2241|1342|806|785|1629|2271|963|1450|666|884|315|516|221|361|94|166|1042|1337|423|490|619|878|362|336|305|272|57|97|10116|8441|4721|3297|5395|5310|2235|1271|1343|848|892|1015|3926|2825|3777|2790|149|255|798|1002|798|1002|0|210|3657|1197|2789|962|868|560|928|516|797|470|131|175|785|734|502|648|283|307|112|181|57|94|55|89|5631|2697|1823|989|3808|2170|1992|1466|1043|1033|949|758|1103|789|195|177|908|738|1067|799|698|703|369|302|12985|3108|9975|2570|3010|1112|2292|1721|1682|1313|610|434|7072|2723|4085|1934|2987|1902|719|734|719|734|0|210|815|677|615|458|200|299|799|736|725|729|74|125|2325|3353|1848|2770|477|604|0|210|0|210|0|210|0|210|0|210|0|210|2278|1632|1426|920|852|1278
330M600US312|2382453|2646|2152429|8236|131449|5730|79799|4389|51650|4563|5838|1496|4201|1103|1637|873|828|875|559|818|269|308|767|494|696|482|71|99|1781|816|1103|588|678|431|3894|1100|3605|1098|289|269|1690|971|1349|744|341|516|21|34|21|34|0|210|2720|866|1756|670|964|530|334|239|334|239|0|210|1770|1442|1335|965|435|519|471|321|471|321|0|210|29|48|29|48|0|210|1083|665|770|591|313|235|1335|613|1018|526|317|311|1773|851|1518|796|255|214|1853|957|1047|629|806|500|3402|2416|2096|1512|1306|1199|2890|1398|2589|1337|301|219|2164|1012|1334|707|830|739|721|425|570|348|151|180|4221|1725|3727|1627|494|319|528|371|478|352|50|82|1345|828|1281|814|64|112|10749|2432|6580|1797|4169|1672|1250|582|939|501|311|247|2454|1056|1470|586|984|820|2140|1664|1751|1506|389|336|4845|1334|2275|982|2570|1006|539|520|186|216|353|405|1593|726|1127|567|466|333|5353|2680|3166|2290|2187|1086|4244|1137|3070|828|1174|584|2368|1082|1955|1039|413|334|5666|2023|3896|1437|1770|1025|837|589|797|585|40|70|7321|2785|3752|1708|3569|1549|2184|1201|1751|1100|433|446|4417|1895|3861|1661|556|625|4|7|0|210|4|7|426|350|401|347|25|39|727|646|684|633|43|72
330M600US332|2210917|747|1497304|15379|481674|10468|291319|9603|190355|7693|4547|1244|3362|899|1185|918|800|688|523|420|277|350|3630|1430|2273|957|1357|737|4775|1914|3771|1631|1004|626|4497|1340|3711|1269|786|394|926|564|926|564|0|221|961|626|573|447|388|435|4472|1329|2792|860|1680|862|803|521|534|448|269|269|4223|3113|2948|2354|1275|977|2765|1188|1647|791|1118|749|4450|1774|3180|1462|1270|764|4412|1936|2988|1300|1424|816|399|454|311|440|88|102|3131|1487|2352|1175|779|689|351|376|285|360|66|111|1577|1356|1032|946|545|553|36|60|36|60|0|221|846|634|595|458|251|267|4511|1764|3618|1476|893|567|897|721|658|623|239|247|986|682|869|575|117|192|220|270|220|270|0|221|37356|5457|15599|3119|21757|3439|6740|1822|4449|1518|2291|998|9344|2536|3508|1165|5836|1712|0|221|0|221|0|221|9215|2424|4139|1512|5076|1631|818|582|580|477|238|252|5452|1587|2577|850|2875|1220|1783|1070|1218|652|565|498|73420|5501|50578|4922|22842|2754|8480|2517|5355|1489|3125|1425|7868|2321|4873|1960|2995|1307|2438|815|1644|701|794|383|9879|3655|5703|2268|4176|1774|1060|809|459|433|601|644|1011|759|956|721|55|93|384|359|384|359|0|221|344|236|344|236|0|221|2132|1092|1778|953|354|306
330M600US348|17464235|781|8766981|40717|6059249|28380|3734666|28996|2324583|25738|57834|6058|50642|5756|7192|1726|4734|1848|3699|1535|1035|781|23907|3186|19540|2930|4367|1049|28110|3968|19744|2859|8366|2329|36195|3594|31824|3382|4371|1169|10534|1891|9503|1828|1031|443|8653|1902|7257|1801|1396|735|72532|8394|42486|6357|30046|4443|10582|2408|8457|2095|2125|847|8648|2047|6581|1679|2067|1037|12076|3035|9437|2594|2639|869|194769|12512|111661|8646|83108|6566|118699|8771|72463|6965|46236|4638|22242|4271|14918|3078|7324|2140|43721|5727|36548|5013|7173|1792|25456|5304|20029|4486|5427|1520|18544|4680|10291|2538|8253|2817|14495|3388|8663|1728|5832|2181|18127|3501|13636|2737|4491|1678|34569|3791|26254|3299|8315|2160|13032|3087|11339|2641|1693|948|10223|2901|9459|2753|764|485|8003|2256|7219|2133|784|482|535569|17186|228550|10015|307019|11422|73216|6943|39136|4264|34080|4785|256776|12590|113794|7451|142982|8362|3061|1212|1769|880|1292|703|282188|13692|108361|7792|173827|8858|33234|5077|14299|3007|18935|3402|31085|4255|14331|2396|16754|3041|23382|3557|11501|2159|11881|2566|340658|14558|229354|11980|111304|7312|58315|7599|36018|5132|22297|3488|112462|13444|73442|9491|39020|6146|25782|4424|20433|3869|5349|1588|14720|2946|9310|2314|5410|1453|21971|4610|16557|3099|5414|2206|6464|2444|4759|1769|1705|1388|465|436|375|412|90|143|2656|1321|2447|1285|209|211|20316|3036|13210|2382|7106|2060
330M600US350|1425564|3666|1307002|10107|58706|3164|29498|3418|29208|2999|5057|1595|2449|786|2608|1438|1326|1217|783|682|543|709|570|489|504|473|66|109|785|756|785|756|0|210|3752|1042|3433|1010|319|242|516|484|455|410|61|99|0|210|0|210|0|210|2443|1810|1733|1113|710|827|296|331|296|331|0|210|2498|1412|1536|1092|962|623|147|104|136|103|11|18|0|210|0|210|0|210|693|509|591|455|102|142|717|671|139|231|578|549|2645|1268|1971|1158|674|511|1309|1214|1062|889|247|383|264|364|171|273|93|115|265|400|265|400|0|210|3171|1529|1506|754|1665|1127|2186|1827|1944|1647|242|327|1092|1029|977|1043|115|113|1412|963|1342|950|70|84|200|175|160|156|40|70|2162|1070|1361|782|801|551|481|355|317|187|164|207|1331|778|614|451|717|514|0|210|0|210|0|210|2831|1782|1573|1133|1258|982|689|820|273|341|416|492|487|543|457|539|30|56|2196|1603|810|839|1386|910|2459|1142|1566|700|893|619|462|394|183|315|279|189|4610|2812|2627|1824|1983|1288|223|361|223|361|0|210|2354|1483|1298|909|1056|797|696|624|544|618|152|186|6980|5500|1345|1129|5635|4581|0|210|0|210|0|210|112|142|112|142|0|210|439|388|259|230|180|302
330M600US370|6483999|1353|3202583|28321|2536714|16428|1391582|24162|1145132|20182|52882|6525|40456|5505|12426|2149|315164|19550|188520|15471|126644|10754|20699|3336|14778|2985|5921|1607|73989|9064|47607|6010|26382|4601|14674|2781|13139|2603|1535|527|5541|1630|4689|1402|852|584|6071|1988|5315|1988|756|576|36059|5055|20180|3530|15879|3376|7757|2278|5469|1797|2288|975|4659|2394|3360|1795|1299|915|6987|1977|5215|1556|1772|873|780|567|715|559|65|108|3084|1144|2068|850|1016|590|4687|1426|3735|1240|952|663|9322|2903|8006|2539|1316|960|5932|2176|4748|1960|1184|647|362|346|362|346|0|242|6305|2668|2846|1092|3459|1915|2172|1062|1471|875|701|707|14639|3453|12137|2967|2502|1287|3876|1716|3515|1645|361|274|3282|1587|2837|1340|445|381|3257|1500|2290|1213|967|790|27798|5325|11944|3184|15854|3440|4208|1626|3317|1536|891|421|3061|1131|2143|800|918|577|0|242|0|242|0|242|13744|3170|4904|1869|8840|2716|531|570|372|392|159|203|3275|1147|1827|862|1448|645|6089|2099|4167|1580|1922|1024|16973|3460|12541|3087|4432|1506|2329|932|1752|861|577|469|20524|4861|14929|3868|5595|1617|16731|4099|14072|3884|2659|1011|568|492|248|297|320|401|3979|1589|3306|1429|673|461|1203|786|872|620|331|422|0|242|0|242|0|242|519|292|466|290|53|69|20990|4960|15395|4118|5595|2640
330M600US376|1928335|1022|1694321|8012|143886|6748|89219|5431|54667|3955|3340|1101|2641|946|699|378|250|244|135|190|115|137|1735|958|1182|724|553|365|1039|742|760|597|279|301|7485|1434|6751|1355|734|332|643|313|607|296|36|58|1467|949|1221|872|246|267|3293|1062|1774|644|1519|810|3553|1146|2918|986|635|383|4506|1601|3488|1406|1018|623|1226|728|972|644|254|272|69|114|0|157|69|114|753|587|493|437|260|225|1241|657|864|468|377|318|3716|1149|3207|982|509|380|1733|1053|1468|923|265|268|2371|1613|990|806|1381|1041|567|568|521|548|46|79|1328|818|863|587|465|364|3400|1398|2110|986|1290|677|1944|1290|1904|1277|40|68|2097|721|2041|713|56|73|1124|696|1043|665|81|135|6325|1940|4190|1563|2135|895|808|433|553|299|255|287|1656|678|937|456|719|452|8555|2173|5963|1696|2592|848|1495|658|856|429|639|427|59|88|59|88|0|157|1715|949|825|545|890|566|4076|1694|1359|975|2717|1057|4290|1644|2987|1342|1303|775|749|682|436|373|313|336|6398|2588|4882|2105|1516|882|697|584|615|571|82|136|1585|1447|913|777|672|780|1069|704|892|648|177|235|881|1174|673|860|208|346|0|157|0|157|0|157|119|118|98|120|21|36|771|420|503|304|268|201
330M600US378|3838463|1672|3299594|14663|159904|7335|96321|6013|63583|5051|14413|3825|11114|3228|3299|1490|1712|2074|1252|1654|460|499|528|336|506|333|22|35|2325|1066|2057|1018|268|261|9878|1990|8992|1858|886|512|2069|892|2026|886|43|62|598|485|548|461|50|85|12776|2875|7128|1938|5648|1545|2603|1019|1978|906|625|532|2677|1698|1600|1099|1077|821|3794|1541|2419|900|1375|954|20|39|20|39|0|210|2034|1312|1413|823|621|628|3053|1529|1330|793|1723|1381|6875|2207|6435|2122|440|373|2722|1278|1893|1120|829|559|773|658|542|488|231|332|2599|1187|1956|1019|643|525|5591|2448|4719|2197|872|682|6433|1688|4922|1248|1511|864|5034|2029|3204|1513|1830|1220|4814|2213|4642|2181|172|188|1646|946|1603|934|43|73|20048|3775|11971|2726|8077|1820|2867|865|1836|660|1031|554|2669|834|1333|618|1336|468|73758|6212|46092|4765|27666|3747|19421|3775|7286|1904|12135|2728|4879|1840|1754|960|3125|1342|3561|1113|1474|605|2087|808|16651|4881|5172|1559|11479|4074|8952|2458|6189|1912|2763|1078|1255|777|837|526|418|462|12368|3632|8395|2470|3973|1790|541|303|541|303|0|210|81678|9112|49288|6846|32390|4768|18652|4991|13109|3769|5543|1997|11811|3600|8112|2851|3699|1570|0|210|0|210|0|210|1199|630|1142|617|57|64|3688|1367|2800|1132|888|497
330M600US400|2018124|3022|1791103|11547|126839|6246|62565|5155|64274|5354|4489|1908|3678|1507|811|729|543|461|362|414|181|189|1363|899|998|670|365|472|3258|1607|2803|1506|455|338|3570|1476|2448|938|1122|1004|1838|1352|1171|1073|667|815|513|514|513|514|0|224|773|614|550|574|223|226|423|499|142|173|281|472|1088|764|699|510|389|379|307|259|207|198|100|168|0|224|0|224|0|224|1957|1045|1698|922|259|238|1181|997|696|531|485|503|2720|1358|2208|1117|512|531|1376|1861|775|992|601|889|0|224|0|224|0|224|734|658|636|605|98|165|3662|3044|1584|1158|2078|2416|6807|3245|4267|2522|2540|1631|2300|1210|1564|874|736|537|1000|882|1000|882|0|224|663|543|368|474|295|258|5132|1802|2869|1204|2263|1284|2732|1559|1595|1122|1137|872|2054|972|999|648|1055|636|473|779|137|243|336|552|4975|2374|1460|814|3515|1974|77|128|0|224|77|128|4538|1814|2069|1031|2469|1204|3337|1880|281|408|3056|1778|3342|1748|2566|1062|776|1036|932|821|698|735|234|379|18087|5740|7718|2743|10369|4704|97|154|83|150|14|32|5631|3185|4612|2828|1019|913|2954|1593|2434|1455|520|555|4621|3124|2412|2029|2209|1623|161|259|161|259|0|224|97|168|97|168|0|224|377|382|253|344|124|160
330M600US408|21906440|2144|13837506|58522|4039994|35363|2254380|31149|1785614|29409|152317|9735|116221|8972|36096|5571|211342|15811|127898|11019|83444|8428|173025|9657|123544|8280|49481|3834|168162|9213|101510|6859|66652|5558|48106|4231|43538|4061|4568|1126|185548|14331|90276|9015|95272|11268|71540|7558|52418|5776|19122|3361|272989|13479|136644|9910|136345|7308|139543|10618|81640|7064|57903|6086|28343|4772|19702|3902|8641|1780|66345|8366|36817|4444|29528|5385|9466|2472|7235|1696|2231|1157|31941|7016|19555|4057|12386|4355|93652|9445|61122|6537|32530|3896|136950|9796|109748|8326|27202|3781|102854|9386|68360|6806|34494|4502|45475|6352|25836|4208|19639|3107|162760|11730|80278|6491|82482|7755|48080|7163|32042|4919|16038|3597|127390|11774|87107|9025|40283|5029|45325|5947|38393|5113|6932|2038|35225|4466|28954|4079|6271|1891|43334|5499|31745|4421|11589|2516|683187|17666|280804|10896|402383|14159|42436|4361|23556|2991|18880|2842|158397|8527|73428|5248|84969|5305|152|251|152|251|0|210|26772|4015|11640|2075|15132|2879|3451|1188|1141|458|2310|897|12524|2853|5612|1604|6912|1779|63344|7577|34731|4598|28613|4495|146742|10024|106257|8522|40485|4173|15397|2884|9798|2066|5599|1439|171997|14367|118863|11717|53134|5950|77276|9070|67657|9034|9619|1978|9701|3034|7254|2588|2447|1019|138929|11636|109575|10895|29354|4460|17644|4750|12737|3838|4907|1686|0|210|0|210|0|210|2519|991|1986|932|533|409|58760|8036|40474|5915|18286|4053
330M600US422|4072016|1717|2896568|19205|886988|13974|562810|17177|324178|15097|14734|3621|12064|3290|2670|1175|57654|9337|33602|6080|24052|5345|3549|1115|2695|838|854|610|42617|8041|25575|5590|17042|4003|10180|2338|8806|2123|1374|712|4561|4319|4218|4242|343|310|1502|683|1061|583|441|419|10513|3383|6998|2830|3515|1283|2186|1270|1987|1217|199|231|2905|1998|2381|1785|524|460|1844|1094|1632|975|212|272|243|344|46|77|197|336|1998|1403|1428|1087|570|554|9924|3837|7876|3059|2048|1148|4685|2187|3874|2088|811|605|5045|2571|4162|2388|883|704|188|180|188|180|0|242|2365|1166|1154|572|1211|812|1984|940|1658|811|326|360|5087|2402|3952|1721|1135|1001|2008|1469|1704|1224|304|448|633|621|298|323|335|308|3005|1215|2889|1201|116|153|12308|2516|6692|1646|5616|1614|2007|948|1315|727|692|564|3165|1562|1444|912|1721|1084|185|297|0|242|185|297|25975|5668|12385|3176|13590|3541|711|598|291|311|420|415|3355|2171|1438|1411|1917|1092|3448|1622|1924|1437|1524|1187|14781|3105|11873|2899|2908|1222|2552|1891|768|412|1784|1799|17149|4060|10629|3191|6520|1720|1447|761|1206|688|241|214|910|703|372|402|538|522|2152|1381|1720|1204|432|498|1612|1088|1612|1088|0|242|0|242|0|242|0|242|241|253|143|191|98|159|7052|2108|4723|1641|2329|1319
330M600US428|6964319|1384|5777049|22166|538584|14156|309974|12546|228610|12166|24757|3918|16959|3380|7798|1847|24976|5640|13694|3581|11282|2935|20696|2935|15239|2242|5457|1336|19614|5773|9543|2309|10071|5123|13617|2416|11212|2438|2405|691|16028|3881|10552|2469|5476|2549|11516|2610|9268|2247|2248|928|44314|6356|22718|4117|21596|3900|10371|2174|6274|1230|4097|1474|3210|1209|2182|906|1028|567|12759|3195|8560|2177|4199|1614|3619|1459|3099|1282|520|407|4156|1865|3178|1485|978|618|24335|3816|13212|2834|11123|2735|28013|5452|22542|4548|5471|1847|13753|3429|9895|2525|3858|1443|7189|2894|4985|2236|2204|1040|20062|4500|11344|2963|8718|1972|5250|1772|4494|1568|756|501|12304|2906|9045|2375|3259|1225|13279|3058|10604|2284|2675|1963|9741|3052|8462|2721|1279|654|21721|4090|12441|2611|9280|2534|78855|6961|35761|3706|43094|5015|4885|1525|2424|851|2461|1242|24078|3883|9439|1909|14639|2768|98|121|98|121|0|210|32522|4561|13169|2745|19353|2889|9904|2803|3386|1460|6518|2043|3710|1537|1958|1040|1752|737|10091|2616|4996|1667|5095|1545|20443|3387|15670|2953|4773|1212|3112|1289|1770|848|1342|815|40709|8375|28944|6959|11765|2929|3357|986|2984|877|373|399|3426|1648|1936|1193|1490|1016|28303|5787|21655|5053|6648|2495|4310|2067|2915|1585|1395|1063|0|210|0|210|0|210|1049|828|648|744|401|312|14554|4123|8751|2574|5803|2957
330M600US429|4714208|892|3519097|22355|915125|19532|614376|17108|300749|11628|11648|2789|9806|2666|1842|864|574|610|444|465|130|149|3915|1167|3208|1125|707|473|3953|1345|3029|1112|924|574|9861|1893|8697|1874|1164|530|2092|769|1864|770|228|198|1708|583|1531|546|177|181|5807|2218|4763|1974|1044|612|3979|1625|2536|1402|1443|688|7866|2444|6115|2142|1751|709|4225|1265|3691|1339|534|391|690|534|539|435|151|152|4614|1508|2393|897|2221|1082|6419|2462|4453|2138|1966|948|12469|3185|10414|2774|2055|1169|2708|1405|2138|1189|570|444|1482|1030|1482|1030|0|224|3138|1263|2462|1038|676|550|5094|2590|3012|1298|2082|1616|10958|3090|7499|2426|3459|1258|6520|1894|5549|1753|971|516|3752|1561|2994|1377|758|479|2549|984|2192|915|357|328|26420|4192|13626|2723|12794|2591|4643|1285|3187|1091|1456|752|9053|2358|5004|1608|4049|1508|72|86|45|74|27|44|21481|3950|9418|2300|12063|2802|1094|648|254|210|840|519|3915|1570|1726|820|2189|1105|3078|1279|1308|692|1770|911|22258|3444|17050|3030|5208|1475|7656|2534|6082|2008|1574|863|19865|4394|13049|3128|6816|2450|1661|603|1374|548|287|233|10150|3063|7365|2442|2785|1140|3508|1289|2977|1233|531|385|9131|3605|6310|2866|2821|1428|11223|2954|8973|2654|2250|1027|6513|1710|6163|1687|350|442|2244|859|1515|717|729|576
330M600US430|2508734|2859|2378627|7808|31855|2920|22730|2659|9125|1587|6017|1454|4692|1184|1325|766|994|782|994|782|0|210|7229|1910|5808|1647|1421|655|3048|1278|1698|861|1350|842|6036|1810|4599|1555|1437|871|3478|868|2225|771|1253|549|1600|639|1435|622|165|133|5148|1927|3694|1506|1454|739|1580|635|1414|590|166|163|809|352|507|281|302|222|2606|857|1956|691|650|383|133|214|133|214|0|210|1156|657|700|468|456|303|1902|868|1236|708|666|399|3338|1310|2949|1280|389|288|2278|1256|1895|1136|383|266|463|407|295|267|168|199|840|702|489|431|351|352|8382|2568|4183|1589|4199|1731|2158|924|2008|858|150|152|1758|1022|1355|800|403|319|2936|1258|2196|989|740|440|1297|991|1225|953|72|115|11457|2093|6283|1373|5174|1279|2038|1012|1155|649|883|796|2125|680|1401|551|724|368|0|210|0|210|0|210|1839|769|1326|625|513|359|522|489|143|207|379|342|62|77|34|59|28|50|4148|4480|2709|3352|1439|1261|1913|1071|1008|425|905|785|548|393|548|393|0|210|4213|1792|2425|980|1788|1268|819|470|659|455|160|182|162|200|162|200|0|210|1485|918|1352|850|133|151|839|611|386|401|453|451|0|210|0|210|0|210|53|59|53|59|0|210|843|607|782|586|61|76
330M600US440|3113845|2134|2560957|16647|271988|11565|172802|9222|99186|6786|9437|1806|7976|1664|1461|651|1040|803|655|789|385|411|3972|2029|2310|1458|1662|1340|3823|1840|3378|1820|445|330|10272|2280|8803|2054|1469|636|1573|535|1284|457|289|269|886|588|732|508|154|150|36330|7014|21491|4317|14839|4243|863|634|620|555|243|289|3095|1696|2256|1446|839|758|14189|4975|8272|3204|5917|2423|694|541|516|383|178|229|5938|2539|4134|2181|1804|1057|1039|829|1039|829|0|210|7102|2026|5818|1735|1284|699|666|563|440|389|226|224|4246|2487|2513|1400|1733|1197|1039|613|844|501|195|232|3572|1453|2456|1014|1116|942|11033|3536|8372|3106|2661|1309|3495|1715|3161|1612|334|290|4594|2226|4067|2131|527|534|1728|1174|1433|1133|295|321|32906|4173|17874|2903|15032|2483|10206|1851|7098|1515|3108|965|10216|2571|5530|1902|4686|1247|1792|1113|1330|1000|462|408|31340|4397|13612|3006|17728|2873|3627|1413|1957|1109|1670|724|5728|2139|3026|1427|2702|1206|5574|2348|3119|1433|2455|1236|9706|2032|7448|1810|2258|798|9696|1999|5773|1224|3923|1270|11471|4091|8208|2850|3263|1527|781|479|569|396|212|210|6641|2632|3457|1400|3184|1766|2331|1103|1681|965|650|469|2360|1320|1750|1086|610|473|382|345|84|106|298|328|679|451|478|300|201|321|4838|2234|3178|1460|1660|1214
330M600US450|2026135|1775|1689205|9707|182917|7016|104670|6206|78247|6185|8062|2435|5412|1494|2650|1721|1682|1096|1592|1064|90|147|2465|1260|1940|1012|525|775|3200|1523|2541|1245|659|580|3499|1355|2946|1241|553|386|757|583|757|583|0|224|1217|969|930|845|287|304|5874|2443|4866|2314|1008|634|1301|720|1059|679|242|271|522|466|522|466|0|224|1724|1002|1056|652|668|700|133|175|133|175|0|224|3508|1614|2633|1166|875|606|5852|1829|4618|1595|1234|571|10071|2802|8470|2462|1601|1032|2960|1877|2738|1817|222|304|3122|2048|2105|1370|1017|894|2561|2060|1941|1806|620|508|6931|2143|5818|1911|1113|610|1813|702|1696|643|117|123|9714|2992|8659|2881|1055|653|4797|2077|3987|1895|810|597|3522|1997|2818|1860|704|515|18143|3076|11241|2244|6902|1709|1919|1131|1154|801|765|607|4900|1841|2935|1089|1965|1136|0|224|0|224|0|224|6239|2399|4010|2003|2229|917|883|886|661|717|222|303|683|391|478|302|205|252|1628|984|631|385|997|894|3828|1291|2973|1079|855|500|1544|1162|563|439|981|1004|12313|4535|7517|2498|4796|2557|585|393|585|393|0|224|3204|1774|2482|1384|722|710|6490|2581|5647|2489|843|802|4757|2148|3038|1501|1719|1205|0|224|0|224|0|224|339|435|126|207|213|373|1271|791|1107|772|164|199
330M600US464|1116742|990|997589|7139|49956|4020|33171|3583|16785|3050|4699|1966|3514|1669|1185|878|1389|1085|733|508|656|668|4671|1022|3211|888|1460|463|2136|1817|1536|1381|600|526|3752|1433|2924|1299|828|450|8307|2229|5588|1629|2719|974|685|459|355|291|330|275|2091|937|1041|620|1050|655|1151|717|953|607|198|192|1908|1340|1093|1034|815|856|5078|2265|3341|1798|1737|1038|275|455|154|254|121|202|223|263|223|263|0|217|174|199|174|199|0|217|1328|654|1054|578|274|250|389|463|216|295|173|242|192|263|192|263|0|217|1460|749|920|491|540|417|1957|1029|732|645|1225|917|1667|923|1209|694|458|421|190|299|190|299|0|217|94|114|94|114|0|217|847|733|681|595|166|213|6984|1514|4473|1266|2511|765|526|411|404|362|122|208|1647|759|546|371|1101|673|0|217|0|217|0|217|1352|736|649|401|703|428|573|746|201|261|372|498|551|416|309|274|242|264|3188|1669|1375|810|1813|1143|1418|893|761|553|657|548|91|118|66|112|25|38|4200|1867|2075|1023|2125|1494|477|598|477|598|0|217|1863|1630|1256|1216|607|502|165|164|129|139|36|67|1122|941|751|664|371|598|0|217|0|217|0|217|48|61|31|53|17|30|329|181|203|146|126|148
330M600US472|2544961|1141|1837622|18117|304184|11474|200022|9236|104162|7449|4823|1563|4269|1455|554|492|366|374|342|357|24|43|1766|608|1408|546|358|261|5365|1740|4622|1581|743|465|7688|1994|6882|1908|806|475|1619|731|1271|639|348|270|1030|612|997|611|33|55|35323|5576|18469|3462|16854|3697|2046|1244|1323|1061|723|500|2109|1095|1641|972|468|375|20292|5266|10045|4098|10247|3440|3210|1777|1633|1222|1577|723|23385|4944|11841|3103|11544|2684|3614|2170|2739|1757|875|611|21283|3530|16153|2803|5130|1462|6355|2632|4658|1986|1697|1016|32971|5616|16458|3400|16513|3100|847|495|708|422|139|135|5523|2397|2517|1089|3006|1872|13617|3572|7315|2195|6302|2181|3853|1330|3397|1250|456|260|3424|2062|3121|2067|303|414|1394|860|1182|807|212|183|45741|5441|21076|3232|24665|3806|5351|1086|3513|1028|1838|640|10530|3950|4962|2240|5568|2129|22367|4838|12693|2863|9674|2964|29964|4499|11614|2524|18350|3393|2762|1227|949|458|1813|946|5313|1884|2843|1349|2470|1077|6913|2127|4317|1429|2596|1116|40360|5807|26155|4223|14205|3397|9900|2626|4739|1227|5161|2188|12337|3320|7120|2532|5217|1835|1246|925|746|525|500|506|2593|1714|1101|688|1492|1104|3139|1866|2600|1767|539|653|703|573|418|410|285|337|24|32|24|32|0|218|880|804|880|804|0|218|1129|590|741|442|388|276
330M600US476|2747432|2292|2585785|8547|49603|4294|33330|3650|16273|2604|7658|2460|5960|1960|1698|761|136|158|86|142|50|79|1061|590|939|567|122|149|1113|699|839|515|274|248|7097|1976|6551|1944|546|441|1214|709|993|619|221|263|929|569|701|382|228|284|3937|1541|2219|1101|1718|787|671|455|599|445|72|88|12428|3345|6754|2221|5674|1860|986|529|734|487|252|217|89|155|0|210|89|155|644|597|398|389|246|250|764|446|508|322|256|316|5308|2009|4780|1868|528|416|2441|1263|1785|1096|656|426|2616|2206|1465|1532|1151|795|786|595|667|525|119|196|1934|1176|1265|697|669|628|3303|1745|2339|1537|964|564|5858|1998|5150|1826|708|538|3241|1473|2081|1229|1160|954|337|270|326|266|11|19|14682|2532|8862|1906|5820|1434|850|470|501|366|349|251|2846|1183|1817|891|1029|518|0|210|0|210|0|210|7913|2625|2489|1146|5424|1914|262|373|262|373|0|210|1434|815|530|388|904|508|1911|1249|1416|1137|495|434|4401|1350|3406|1068|995|631|441|309|172|203|269|242|5354|2145|3365|1727|1989|730|645|463|491|380|154|155|2535|1430|2018|1176|517|453|2505|960|2370|971|135|163|896|824|681|775|215|249|0|210|0|210|0|210|106|127|106|127|0|210|712|522|679|520|33|40
330M600US482|2550553|1067|2133917|12369|273446|9314|181933|7485|91513|5763|6775|1567|5987|1512|788|336|216|203|216|203|0|206|2442|1082|2417|1080|25|41|15678|3210|12283|2708|3395|1469|7201|1787|6035|1641|1166|707|1995|689|1906|651|89|120|1203|882|1133|879|70|122|6809|2286|5262|1949|1547|882|1278|983|1248|977|30|52|2432|1090|1237|741|1195|840|875|551|822|548|53|89|1214|1147|1042|993|172|229|1891|1595|1529|1468|362|357|652|507|540|435|112|181|1414|975|1296|894|118|154|772|517|742|498|30|51|2107|1999|1026|961|1081|1078|179|224|179|224|0|206|3237|1961|1783|1082|1454|1280|4895|1720|3595|1298|1300|782|1763|1282|1763|1282|0|206|1252|802|985|634|267|270|226|380|65|104|161|279|14957|3011|9660|2017|5297|1807|4635|1488|3014|957|1621|914|3500|1868|2522|1775|978|476|603|789|0|206|603|789|8006|2555|3457|1319|4549|1470|1461|1093|518|586|943|725|4245|1805|2642|1113|1603|927|1079|661|504|413|575|398|5873|1453|4519|1051|1354|791|13778|3237|11861|3011|1917|778|6450|2940|5097|2555|1353|779|195|165|195|165|0|206|1692|1551|1148|978|544|651|2706|2489|2653|2494|53|92|3710|2279|1999|1649|1711|1445|538|348|456|328|82|102|1296|1365|969|1148|327|284|1960|1214|1871|1189|89|104
330M600US484|2457421|1233|1616781|20509|751069|18566|540936|15605|210133|11008|3409|1318|2420|983|989|614|50|104|50|104|0|249|707|516|659|511|48|78|3196|2119|2435|1930|761|1098|8740|2975|6362|1941|2378|1839|524|761|524|761|0|249|108|174|70|116|38|62|2219|1336|1782|1289|437|357|1342|843|433|296|909|788|0|249|0|249|0|249|509|402|464|396|45|71|87|146|87|146|0|249|2125|1114|1682|1051|443|369|2044|1219|975|658|1069|724|3662|1495|2749|1281|913|535|4175|2319|3032|1588|1143|886|253|310|253|310|0|249|783|713|783|713|0|249|528|525|251|352|277|365|1692|1010|1328|846|364|346|3865|1774|2920|1290|945|777|1861|938|1677|897|184|180|943|664|510|387|433|353|6298|2368|3068|1698|3230|1182|1987|1132|1080|618|907|837|3817|1644|1760|992|2057|1151|0|249|0|249|0|249|5076|1739|1756|826|3320|1670|221|246|0|249|221|246|2316|1708|606|478|1710|1641|2935|2492|1198|1362|1737|1404|7874|1820|6022|1588|1852|688|1363|574|817|577|546|397|7307|2914|4468|2215|2839|1920|50|86|50|86|0|249|3621|2203|1559|1536|2062|1562|1711|1260|1087|918|624|923|559|636|213|251|346|575|0|249|0|249|0|249|296|346|63|102|233|328|1318|1326|987|1084|331|322
330M600US488|9031433|1394|5146475|32924|1769249|25597|1067168|20116|702081|17762|43842|5432|40185|4979|3657|1140|1418|1365|1308|1345|110|145|17947|3107|15407|2890|2540|852|44357|5679|30058|4199|14299|2720|28842|3311|26557|3147|2285|781|8747|1831|7293|1720|1454|561|6883|1861|6187|1808|696|346|54214|5812|36359|4622|17855|2881|7841|2062|5103|1484|2738|1339|6837|1960|5378|1734|1459|822|10085|2663|7904|2304|2181|979|5101|1768|4538|1715|563|360|57197|6294|34474|4056|22723|4295|24828|4793|18615|3591|6213|1869|126758|9828|111222|9060|15536|2480|21011|4573|16314|3593|4697|1682|72514|9364|41015|6142|31499|4914|16291|4468|12687|3919|3604|1670|30133|4216|25294|3563|4839|1421|22336|4899|16051|3729|6285|2873|51142|6107|43673|5346|7469|2143|43991|4954|38027|4214|5964|1693|21828|3150|19758|2957|2070|781|596836|18215|291022|11655|305814|12205|40364|4056|23104|2864|17260|2760|66761|6242|36439|4238|30322|3098|15563|3515|9233|2283|6330|1656|180967|11947|74951|6679|106016|7894|21491|5213|11105|4059|10386|2332|19813|3947|7676|1961|12137|2822|30826|5249|16820|3244|14006|3027|253770|11287|159466|9021|94304|6576|41281|4776|26801|3304|14480|2518|54868|7609|37522|5835|17346|3876|12506|3325|11478|3217|1028|552|28131|4697|17702|3706|10429|2079|12160|3808|8043|2678|4117|1685|3626|1691|2699|1370|927|720|81|89|81|89|0|218|1489|846|1373|783|116|143|11033|3798|4394|1236|6639|3529
330M600US500|4677290|1259|3626023|20041|298673|10368|187295|8253|111378|7178|22075|3973|17844|3035|4231|1605|758|687|511|500|247|269|4406|1785|3350|1596|1056|813|9234|2894|6527|1790|2707|1391|18070|3050|16459|2865|1611|666|3904|2263|3302|1676|602|648|976|503|643|447|333|379|46135|7413|26370|4094|19765|5044|5611|2282|4594|1795|1017|658|3584|1726|2440|1237|1144|814|23225|4229|11726|2698|11499|2633|824|585|752|524|72|117|13363|3444|8328|2106|5035|2312|3411|1381|2363|980|1048|732|35408|4715|30342|4387|5066|1327|8123|3312|6235|2437|1888|1040|14842|4502|7399|2257|7443|2617|4816|1762|4306|1656|510|286|9396|2627|7802|2111|1594|826|16717|3357|12843|2696|3874|1327|18356|5719|14406|4798|3950|1686|13801|3138|12508|2830|1293|1053|9193|2703|7422|2376|1771|1495|124825|7947|67578|5669|57247|4959|19819|3120|12605|2164|7214|1794|41642|4824|20001|2987|21641|3223|2960|1963|1268|1035|1692|1196|67351|7606|24752|3367|42599|5620|15339|3728|6294|2022|9045|2084|10001|2428|5444|1585|4557|1426|11572|3784|6343|2422|5229|2357|56087|6298|37405|4257|18682|3290|31659|4502|22662|3920|8997|1991|15981|5039|9370|3175|6611|2567|4054|2468|3970|2462|84|140|38806|5750|25793|4560|13013|2595|7564|3786|5649|3150|1915|1140|14000|3326|9006|2628|4994|2119|412|372|390|371|22|45|859|339|770|325|89|151|3435|1248|2421|965|1014|550
330M600US538|1072331|1271|954456|4552|81292|3015|51195|3008|30097|2491|1991|790|1694|716|297|258|153|227|0|172|153|227|370|271|344|252|26|43|488|371|398|298|90|106|1657|828|1427|714|230|202|48|80|48|80|0|172|56|93|56|93|0|172|1179|611|820|487|359|300|370|312|285|256|85|100|11|20|11|20|0|172|311|305|174|207|137|133|33|54|33|54|0|172|478|359|432|346|46|76|597|441|332|280|265|191|387|369|195|218|192|296|412|268|318|242|94|92|0|172|0|172|0|172|380|377|236|226|144|171|765|519|501|399|264|267|320|246|320|246|0|172|676|559|557|440|119|133|279|250|279|250|0|172|0|172|0|172|0|172|2664|1130|1389|680|1275|584|368|410|305|402|63|74|302|257|140|146|162|219|3319|1021|1685|605|1634|773|3006|973|1251|574|1755|621|0|172|0|172|0|172|406|310|191|159|215|193|5692|1525|1465|736|4227|1166|1866|836|1484|635|382|360|597|264|328|165|269|129|3377|1206|2680|1007|697|348|0|172|0|172|0|172|37|62|0|172|37|62|567|391|340|221|227|291|322|309|322|309|0|172|240|339|240|339|0|172|2511|746|1952|491|559|496|348|367|95|150|253|245
330M600US545|1787972|6289|1628186|9205|75105|4760|52298|4345|22807|3483|7116|1525|5506|1239|1610|711|1727|994|1471|1065|256|422|1788|723|1368|668|420|359|1833|1158|1345|938|488|426|5034|1360|4701|1332|333|279|1132|687|1008|703|124|209|841|529|801|523|40|66|2917|1172|2084|930|833|529|525|374|525|374|0|210|208|188|208|188|0|210|873|690|346|285|527|674|0|210|0|210|0|210|711|647|307|319|404|353|1587|821|1195|691|392|371|1232|651|1072|586|160|195|1699|1232|884|597|815|694|164|245|164|245|0|210|1339|1446|736|594|603|944|971|528|827|510|144|180|2130|1223|1265|684|865|778|755|493|535|418|220|217|511|310|511|310|0|210|507|498|393|431|114|165|3692|1374|1891|843|1801|779|2082|795|1055|522|1027|548|5662|2128|3048|1341|2614|1096|0|210|0|210|0|210|2745|1271|1111|652|1634|838|661|514|392|335|269|370|681|434|571|369|110|143|2390|1222|1392|796|998|679|18760|2189|13073|1858|5687|1188|2578|1018|2392|1004|186|154|4179|2359|3242|1986|937|626|410|415|410|415|0|210|744|619|647|590|97|158|2658|1298|1828|1015|830|876|777|754|777|754|0|210|0|210|0|210|0|210|444|651|274|363|170|301|618|620|618|620|0|210
330M600US548|9365215|3070|7156681|25806|969861|12526|551473|13376|418388|13014|83278|6601|61985|5202|21293|4017|14769|2784|12708|2556|2061|875|13045|2076|10942|1737|2103|1036|24677|4253|18542|3231|6135|1849|29925|3368|27379|3189|2546|847|8283|2579|6475|2044|1808|1004|13874|3043|12550|2910|1324|582|38417|5285|25889|4077|12528|2813|7264|1795|5539|1261|1725|1000|3477|1237|3124|1164|353|262|10542|2432|8646|1906|1896|868|2577|981|1998|796|579|445|44959|6405|30098|5137|14861|2537|16583|3318|12089|2478|4494|1539|46712|5720|39142|5024|7570|1760|52804|8546|37451|6321|15353|3546|12033|2688|8424|1874|3609|1617|23875|4067|16607|3137|7268|1730|30358|4985|19237|3009|11121|2627|24600|3773|18561|2923|6039|1621|34449|5993|28038|4942|6411|2508|20188|3728|17017|3026|3171|1365|12158|2503|10387|2359|1771|661|114774|7137|63787|4870|50987|4637|17962|3398|11157|2329|6805|1878|81536|6669|42010|4239|39526|4287|318|413|220|264|98|160|60559|6234|28168|3311|32391|3874|3644|1418|1913|835|1731|905|10595|1968|5053|1229|5542|1391|25168|4166|16853|3283|8315|1580|52984|5250|40144|4354|12840|2173|8551|2819|5337|1965|3214|1473|71560|9390|50821|7119|20739|4244|6472|1854|5654|1614|818|563|81452|9003|53278|6917|28174|3722|91313|9039|74073|7677|17240|4038|19797|4828|15394|4116|4403|1893|0|210|0|210|0|210|1412|1097|1395|1098|17|32|21729|4452|16937|3764|4792|1940
335M600US715|7769125|8915|5976949|26796|693891|11434|394978|9082|298913|10284|55701|5689|42380|4485|13321|2435|97540|9667|53285|7180|44255|5691|31243|4499|23641|3617|7602|2084|239924|14741|124337|8392|115587|10012|19228|3060|18488|3035|740|407|4952|3110|4087|2207|865|963|24308|4092|18541|3348|5767|1914|33667|4401|22179|3772|11488|2263|12189|2412|8371|1960|3818|1282|5165|2292|3409|1431|1756|1145|7403|2063|5010|1757|2393|1098|5550|1864|4732|1629|818|425|7289|2164|4686|1276|2603|1255|16928|3882|11449|3051|5479|1834|30789|5200|24979|4294|5810|2103|12225|3611|8942|2586|3283|1410|5447|3395|4047|2835|1400|847|7827|2383|5299|1637|2528|1531|17890|3577|10852|2250|7038|2441|40730|7412|27020|4787|13710|3355|15401|3169|11459|2231|3942|1859|13232|2606|12225|2517|1007|457|4391|1543|4032|1476|359|283|150034|7683|78382|5122|71652|5370|9251|2444|6458|1879|2793|1043|17176|2836|10892|1892|6284|1746|1570|1685|899|964|671|755|50840|5926|20033|3524|30807|3892|22371|3716|11099|2377|11272|2410|7741|2536|4531|1961|3210|1056|9330|2887|5682|1826|3648|1517|9539|2252|8124|2004|1415|626|3201|1360|2478|1033|723|487|42113|6564|27610|4889|14503|3186|9742|2977|8457|2435|1285|930|11818|3825|7119|2586|4699|1887|19096|3540|14407|2826|4689|1459|13062|2759|10521|2531|2541|932|0|210|0|210|0|210|806|496|578|335|228|375|11576|3095|8367|2280|3209|1714
335M600US720|1839390|5007|1363707|14061|260976|8434|143797|7446|117179|7071|8518|2002|7165|1621|1353|780|15296|4000|8053|2710|7243|2518|15499|2671|11400|2160|4099|1216|28774|4672|15703|2571|13071|3082|5317|1350|5159|1338|158|153|1600|695|1387|613|213|259|4814|2019|3512|1596|1302|656|7015|2076|4106|1439|2909|1040|11137|2958|6786|1858|4351|1763|1963|1163|1800|1116|163|160|6688|3190|3515|1577|3173|1921|647|483|647|483|0|217|860|540|505|386|355|348|2708|1596|2106|1338|602|355|6864|1895|5392|1623|1472|697|1922|1077|1439|898|483|466|862|745|564|458|298|368|4521|3652|2498|2370|2023|1441|1778|961|1301|724|477|386|13336|2777|8366|1836|4970|1573|2115|1182|1880|1060|235|237|2256|966|2006|882|250|415|1180|904|921|729|259|326|22302|4220|11268|2184|11034|2732|1636|724|1077|508|559|348|3334|1280|1603|859|1731|804|0|217|0|217|0|217|3557|1217|1150|612|2407|1002|765|712|224|225|541|497|2912|1613|1731|1058|1181|873|2890|1093|1979|840|911|512|5980|2170|4362|1411|1618|1116|934|1069|683|783|251|295|6671|2350|3918|1561|2753|1316|1759|845|1640|777|119|146|674|653|281|428|393|500|6819|2371|5307|2186|1512|946|2970|2063|2326|1582|644|765|0|217|0|217|0|217|403|335|384|334|19|33|5431|2475|4593|2383|838|478
335M600US790|1871560|6611|1469549|14852|225807|7574|137953|5938|87854|6252|11484|2053|7902|1571|3582|1108|839|472|620|416|219|213|7508|1471|5136|1136|2372|746|12006|2861|6846|1764|5160|1880|3964|1211|3868|1195|96|111|412|415|412|415|0|210|2815|1403|2099|1000|716|639|8959|2558|4863|1578|4096|1675|25850|3814|14532|2584|11318|2212|3025|1630|1986|1332|1039|722|2809|1939|2492|1906|317|252|84|96|84|96|0|210|1576|980|1528|951|48|88|4613|1778|2930|1162|1683|841|4232|1667|3722|1514|510|520|2597|1194|1836|993|761|451|1315|752|930|518|385|387|2204|885|1517|715|687|448|4565|1708|3215|1261|1350|939|5900|3300|4730|2579|1170|904|2193|1383|1571|1089|622|574|7156|2613|5378|1940|1778|1221|1899|1016|1495|692|404|490|13909|2601|7536|1510|6373|1731|956|695|776|671|180|165|3872|1398|2322|1024|1550|727|77|144|77|144|0|210|5912|1852|1839|898|4073|1474|2521|1380|1550|958|971|785|1775|814|648|349|1127|647|3581|1769|1807|937|1774|1205|3806|1145|2521|1066|1285|613|453|339|183|232|270|261|5264|1785|3201|1213|2063|933|488|392|298|252|190|246|1595|893|1055|751|540|434|5926|2272|4087|1680|1839|1121|1551|1110|1551|1110|0|210|0|210|0|210|0|210|1356|1216|816|825|540|450|5157|2071|4524|1971|633|510
350M600US71650|4776488|10988|3544002|22188|435430|9243|243882|7949|191548|9064|33981|4303|25896|3638|8085|1901|76577|8129|40294|5965|36283|4831|23045|3046|17896|2538|5149|1564|136466|12813|66606|6894|69860|8465|14772|3014|14525|3022|247|224|1945|778|1835|742|110|108|18742|3936|13509|3064|5233|1812|28507|3831|18810|3586|9697|1459|5481|1435|3702|1041|1779|848|3581|1413|2782|1169|799|506|6677|2032|4334|1669|2343|1111|3888|1576|3112|1326|776|419|6685|2132|4320|1288|2365|1217|13006|3198|8691|2518|4315|1671|24026|4390|19436|3500|4590|1783|9288|3415|6497|2415|2791|1363|5329|3394|3985|2834|1344|848|7040|2382|4798|1580|2242|1546|12754|2945|8599|2025|4155|1635|29163|6124|20296|4135|8867|2615|10737|2872|7594|1994|3143|1727|9471|1999|8583|1880|888|449|3771|1510|3537|1454|234|243|136694|7674|70212|5253|66482|5192|7635|2209|5163|1717|2472|981|14795|2855|9039|1862|5756|1769|101|171|0|210|101|171|40189|5554|15804|2999|24385|3674|16048|3437|7798|2123|8250|2293|2870|926|1686|699|1184|629|7712|2551|4950|1771|2762|1235|6560|1789|5563|1537|997|523|2630|1344|1986|999|644|495|33236|5579|22322|4400|10914|2660|9218|2893|7933|2334|1285|930|11051|3777|6612|2526|4439|1900|9047|2339|7516|2063|1531|663|8836|2364|7355|2147|1481|719|0|210|0|210|0|210|557|460|329|269|228|375|4945|1596|4287|1425|658|410
350M600US71950|879076|7281|634537|11121|132997|8332|70371|5931|62626|6184|3391|1225|3035|1110|356|300|12422|3912|6568|2631|5854|2414|6833|1648|4974|1314|1859|866|10621|2896|5817|1633|4804|1632|2791|1017|2667|1002|124|143|1266|681|1053|570|213|259|3537|1892|2483|1452|1054|616|4441|1689|2801|1243|1640|708|8276|2605|4624|1503|3652|1602|1112|1017|1112|1017|0|217|3453|1646|1645|867|1808|1267|493|468|493|468|0|217|238|291|159|177|79|134|967|540|758|475|209|168|4548|1697|3589|1309|959|667|691|627|584|617|107|160|595|587|483|431|112|198|2651|3374|1888|2303|763|1085|1364|939|1033|698|331|301|5742|1744|4113|1229|1629|795|1434|1075|1318|1005|116|154|1532|773|1282|664|250|415|547|596|547|596|0|217|10053|2144|6414|1432|3639|1191|739|546|514|395|225|194|1906|1105|1118|795|788|592|0|217|0|217|0|217|1412|770|627|464|785|566|366|541|115|191|251|356|1736|1239|1242|985|494|412|822|626|583|401|239|351|4431|1993|3130|1186|1301|1081|732|1023|555|754|177|277|2287|1321|856|571|1431|990|611|575|563|523|48|80|294|458|27|44|267|455|3958|2134|3306|2072|652|596|248|303|248|303|0|217|0|217|0|217|0|217|159|257|159|257|0|217|2843|1236|2053|1222|790|473
350M600US73450|1056633|7326|815624|12190|123986|4824|77393|4320|46593|4148|7409|1982|4969|1365|2440|998|453|326|296|259|157|196|4950|1277|3366|1050|1584|672|6104|1751|3909|1456|2195|870|2049|953|1953|923|96|111|356|403|356|403|0|217|1694|1047|1279|736|415|427|2311|859|1294|635|1017|475|21585|3606|11971|2352|9614|2178|2592|1498|1633|1192|959|704|983|657|823|589|160|205|66|92|66|92|0|217|1192|1048|1144|1021|48|88|3266|1420|1879|880|1387|777|3958|1633|3487|1474|471|523|2499|1198|1764|996|735|450|505|405|324|319|181|264|1947|792|1260|601|687|448|2130|1035|1826|898|304|407|4822|3254|3913|2528|909|858|1233|1000|1092|956|141|242|6459|2394|5267|1938|1192|887|1828|1006|1424|699|404|490|9312|2259|5250|1231|4062|1612|507|361|344|312|163|161|2756|1352|1669|1008|1087|675|0|217|0|217|0|217|3908|1625|1577|810|2331|1277|819|651|278|270|541|634|1147|682|494|327|653|451|2010|1289|1240|861|770|669|2455|781|1623|762|832|374|453|339|183|232|270|261|2187|1150|1085|608|1102|759|445|384|255|241|190|246|1003|778|520|557|483|444|4456|1913|2898|1328|1558|990|594|469|594|469|0|217|0|217|0|217|0|217|1268|1204|728|809|540|450|3312|1549|2971|1571|341|419
350M600US75700|572962|6329|450428|9685|70130|6226|40746|4271|29384|4040|3341|1113|2529|787|812|667|2228|1005|1184|713|1044|729|5291|2098|3432|1526|1859|916|2603|1008|1523|838|1080|932|1755|877|1721|874|34|57|168|164|168|164|0|217|1109|697|936|665|173|214|1905|819|1022|559|883|491|1450|596|904|407|546|369|511|358|488|363|23|51|489|340|489|340|0|217|154|178|154|178|0|217|356|310|235|279|121|148|803|597|577|552|226|192|1554|735|1219|656|335|273|657|648|549|597|108|179|267|433|81|134|186|303|1199|1086|521|499|678|610|414|304|268|228|146|242|1713|960|1003|688|710|528|83|102|83|102|0|217|214|268|214|268|0|217|0|217|0|217|0|217|8307|2227|3624|1246|4683|1437|581|383|323|249|258|261|1052|594|306|270|746|522|0|217|0|217|0|217|1061|678|322|353|739|495|65|83|20|33|45|56|992|954|363|382|629|730|1364|830|851|522|513|451|1089|751|991|712|98|115|202|316|128|204|74|115|1892|1257|960|592|932|758|1023|689|952|629|71|118|380|462|254|425|126|213|2107|1265|1450|979|657|698|1600|2294|1058|1554|542|747|0|217|0|217|0|217|244|226|225|225|19|33|2181|1905|2181|1905|0|217
350M600US77200|1292488|6039|1009680|12180|146762|5783|82460|5608|64302|4957|7880|1912|5919|1401|1961|999|14919|4060|9050|3164|5869|1990|5092|2792|3781|2083|1311|830|55484|5494|32376|3789|23108|3532|1231|628|908|467|323|285|457|379|387|370|70|103|965|661|794|618|171|232|2573|1620|1500|905|1073|1034|2155|935|1200|657|955|586|10|20|10|20|0|210|539|775|539|775|0|210|1250|820|1250|820|0|210|325|261|229|203|96|162|751|985|401|507|350|497|2817|1495|2452|1358|365|355|793|629|621|479|172|204|56|95|0|210|56|95|297|284|234|227|63|88|530|478|326|250|204|253|2930|1810|1626|1126|1304|792|1577|853|1228|741|349|350|1414|940|1345|899|69|119|286|285|161|250|125|141|5745|1499|3586|1080|2159|925|810|564|657|518|153|195|985|548|848|433|137|180|191|258|191|258|0|210|2029|1149|706|564|1323|913|5456|2078|2958|1402|2498|1154|3553|2446|2275|1804|1278|780|1087|938|446|453|641|791|1827|1131|1586|1080|241|315|349|232|310|221|39|64|3407|1243|2441|949|966|603|265|266|265|266|0|210|644|620|464|539|180|231|2271|1298|742|610|1529|1004|334|416|70|128|264|393|0|210|0|210|0|210|34|62|34|62|0|210|2728|2037|1407|1190|1321|1531
352M600US716502507000|623210|3473|395417|8709|104423|6131|55829|4945|48594|4627|7166|2326|5137|1758|2029|1155|22217|4736|8429|2191|13788|3476|1914|818|1437|760|477|283|11396|3255|5855|2117|5541|1867|1177|493|1019|445|158|198|221|206|187|177|34|62|1574|766|1182|584|392|321|2629|808|1390|746|1239|525|747|510|482|343|265|300|433|357|433|357|0|218|441|266|398|254|43|73|61|83|52|77|9|18|1008|585|914|558|94|117|998|547|660|415|338|358|3182|1135|2224|826|958|692|366|329|323|319|43|73|93|135|93|135|0|218|413|397|331|328|82|137|1225|1291|721|823|504|498|4097|1582|3011|1121|1086|716|745|606|704|604|41|68|848|481|745|402|103|174|18|30|18|30|0|218|26544|3365|10515|1587|16029|2770|1449|853|819|470|630|456|2618|892|1545|553|1073|779|0|218|0|218|0|218|9791|2341|3254|1112|6537|1824|208|267|137|240|71|122|361|300|122|201|239|211|1535|1006|1080|728|455|472|1399|539|1039|423|360|327|238|241|238|241|0|218|5557|2638|4347|2178|1210|619|1156|534|1086|503|70|113|3504|2116|2214|1514|1290|851|2684|1452|1714|985|970|662|889|611|802|531|87|152|0|218|0|218|0|218|267|261|267|261|0|218|2201|1184|1928|1080|273|231
355M600US7165071634|2661410|11045|1900756|16616|228653|7104|128278|6323|100375|6046|21735|3721|16824|3215|4911|1541|52141|6945|27452|4987|24689|3834|16427|2719|12828|2318|3599|1160|60556|8185|28655|4712|31901|5752|9920|2492|9673|2491|247|224|1465|625|1355|582|110|108|10796|2891|7541|2091|3255|1450|18072|2761|10788|2166|7284|1404|3591|1136|2133|682|1458|818|3346|1389|2688|1158|658|475|4396|1582|3099|1309|1297|919|3026|1440|2344|1216|682|386|4606|1540|3354|1086|1252|756|6575|2167|4228|1655|2347|1442|17655|3243|14993|2912|2662|1080|6418|3140|4463|2211|1955|1259|4114|3248|2864|2697|1250|835|3186|1052|2456|869|730|466|9776|2742|6258|1845|3518|1525|20081|4841|15118|3585|4963|1752|7322|2261|5515|1756|1807|1074|6074|1384|5587|1340|487|273|1948|882|1714|779|234|243|121957|6975|61471|4449|60486|5024|5703|1957|3475|1356|2228|907|12820|2760|7912|1798|4908|1683|0|218|0|218|0|218|30236|5021|11808|2508|18428|3419|1355|776|504|394|851|680|1725|707|778|428|947|557|6314|2344|4074|1680|2240|1123|4637|1454|3943|1229|694|421|2080|1248|1543|879|537|474|21494|4647|14994|3847|6500|1861|7222|2708|6037|2023|1185|916|10987|3769|6548|2505|4439|1900|5742|1976|4575|1591|1167|673|2455|1011|1819|942|636|508|0|218|0|218|0|218|517|459|289|266|228|375|3531|1336|3016|1188|515|363
400C100US01495|665014|9234|523130|11534|99014|5731|47920|4340|51094|4816|1176|606|897|566|279|275|782|899|603|645|179|289|1420|712|802|466|618|368|1212|687|583|330|629|492|1316|595|1154|572|162|175|1150|787|1150|787|0|210|717|627|448|453|269|267|1035|857|833|832|202|186|2399|1379|1691|1211|708|627|323|378|251|360|72|119|827|485|596|447|231|207|0|210|0|210|0|210|457|569|331|406|126|176|1857|1524|1011|955|846|1005|3462|1831|2773|1493|689|602|1716|1141|1008|781|708|900|246|404|194|317|52|90|228|381|228|381|0|210|1921|1322|1546|1129|375|374|891|513|720|424|171|142|937|961|465|391|472|616|0|210|0|210|0|210|1207|953|1062|1002|145|226|2512|1061|1233|661|1279|678|0|210|0|210|0|210|1315|915|882|753|433|411|0|210|0|210|0|210|993|771|603|528|390|383|0|210|0|210|0|210|288|277|151|204|137|194|898|679|548|443|350|277|1254|821|1050|794|204|256|246|394|246|394|0|210|5461|1941|2993|1289|2468|1200|0|210|0|210|0|210|308|308|308|308|0|210|1140|768|1099|731|41|69|1717|1135|953|715|764|878|0|210|0|210|0|210|0|210|0|210|0|210|1459|810|1054|783|405|413
400C100US03817|4921712|24009|3904486|30491|480396|12169|277880|12672|202516|9559|24752|4562|20229|4009|4523|1498|21378|7580|16122|6049|5256|2964|3745|1690|3208|1655|537|452|17101|3950|12019|2763|5082|1896|12452|2519|11606|2380|846|473|4067|1689|3738|1546|329|274|3730|2136|2403|1480|1327|1044|11901|3050|9553|2721|2348|1128|1164|653|895|510|269|313|8888|4478|5048|3004|3840|1948|3471|1595|2449|1150|1022|631|109|133|109|133|0|247|9138|2705|6057|1918|3081|1251|13437|3835|8753|2792|4684|1882|26929|4318|22658|4046|4271|1481|11086|2918|9018|2719|2068|1028|873|759|745|716|128|170|8919|3629|4963|2135|3956|1784|12255|3150|10358|2705|1897|1070|12061|3892|8228|3170|3833|1448|18490|4654|13987|4169|4503|1718|11921|3457|10398|3091|1523|849|7816|2747|6554|2450|1262|736|48802|7167|23954|3087|24848|5423|9390|2707|4863|1679|4527|1887|44466|5455|21572|3366|22894|4180|1416|890|1249|824|167|214|45068|8657|17962|5137|27106|5319|4619|1986|2932|1317|1687|901|4794|1688|2958|1279|1836|843|7781|2980|3077|1601|4704|2037|11589|3719|8978|3416|2611|1468|3323|2021|2502|1738|821|652|17673|7299|12957|5761|4716|2419|3210|1452|2244|973|966|829|34577|10620|22018|9612|12559|3918|33634|6968|30370|6506|3264|1734|9353|4560|6404|3626|2949|2124|0|247|0|247|0|247|704|818|704|818|0|247|10748|3490|10136|3356|612|664
400C100US04384|1563845|20496|1132482|22381|285664|17266|183846|14321|101818|10984|5308|1750|4119|1232|1189|1060|1686|1526|1400|1457|286|478|994|792|946|785|48|79|3719|1601|2843|1292|876|797|5280|1657|4586|1564|694|602|1069|852|1069|852|0|249|429|316|334|279|95|113|3057|1785|1790|835|1267|1289|1241|712|943|577|298|322|866|626|476|423|390|577|1029|950|702|598|327|434|20|36|20|36|0|249|2293|1445|1861|1383|432|370|2520|1273|1876|1161|644|496|11157|3714|9034|2794|2123|1400|5704|2241|4624|1803|1080|763|935|985|592|608|343|403|1933|1129|1331|859|602|562|6793|2471|5290|2125|1503|1037|2696|1862|1621|868|1075|1630|7720|2880|6207|2318|1513|1160|6124|2451|5245|2109|879|702|4779|1839|3535|1390|1244|896|16470|3209|10679|2420|5791|1641|1679|716|1426|710|253|235|8044|2503|4144|1378|3900|2007|146|231|146|231|0|249|11184|2774|4998|1370|6186|2017|136|251|94|174|42|81|348|348|180|222|168|196|1684|1034|800|591|884|692|3382|1303|2498|1131|884|708|1174|698|621|434|553|543|14562|9799|9831|6259|4731|3804|1432|1130|1432|1130|0|249|4840|2563|3412|2318|1428|1532|2318|1300|1849|1052|469|497|274|314|274|314|0|249|0|249|0|249|0|249|51|87|51|87|0|249|623|617|623|617|0|249
400C100US04843|2164610|9544|1810158|14347|121641|5942|74630|5592|47011|4766|15408|3485|10549|2614|4859|2422|4019|1792|3839|1686|180|277|3618|1318|2853|1031|765|771|4896|2444|3033|1635|1863|1348|5495|1372|4733|1225|762|580|819|646|744|635|75|133|3971|1654|3683|1638|288|249|9143|2899|4101|2007|5042|1994|1126|559|930|498|196|233|874|672|874|672|0|216|2482|1455|1995|1182|487|457|44|73|44|73|0|216|2587|1221|1472|798|1115|976|4789|1947|3319|1317|1470|886|11479|2836|9235|2372|2244|1000|11317|3913|9249|3510|2068|734|3393|1282|2365|872|1028|558|3197|1459|2254|1060|943|557|7335|2491|4536|1528|2799|1364|3201|1631|2430|1161|771|734|5277|1814|4235|1538|1042|777|3597|1499|2989|1205|608|549|2942|1490|2486|1442|456|266|17702|3030|9375|1683|8327|2275|2389|1068|1108|606|1281|658|16724|2808|8719|2344|8005|1384|0|216|0|216|0|216|6125|1907|2816|1022|3309|1200|247|245|141|174|106|178|1598|974|619|488|979|827|9538|2988|6063|2179|3475|1248|9826|1837|7519|1676|2307|929|483|327|483|327|0|216|8284|3143|6247|2644|2037|1024|1951|1041|1622|901|329|331|6346|2294|5435|2013|911|473|31250|6091|25041|4580|6209|3743|3921|1826|3161|1572|760|555|0|216|0|216|0|216|1172|1080|1172|1080|0|216|4246|2002|3634|1691|612|610
400C100US09271|4265019|13524|3084204|21672|421448|9137|233923|7687|187525|9126|30861|4045|23267|3456|7594|1828|75898|8105|39663|5967|36235|4818|21774|2964|16960|2527|4814|1456|131698|12613|63521|6705|68177|8491|11785|2805|11538|2811|247|224|1708|751|1598|712|110|108|17206|3552|12015|2622|5191|1805|26821|3711|17439|3486|9382|1420|5358|1438|3661|1040|1697|839|3470|1403|2719|1165|751|498|6461|2017|4118|1635|2343|1111|3485|1466|2803|1235|682|386|6456|2104|4146|1262|2310|1214|11929|2967|7844|2374|4085|1596|21774|4046|17640|3197|4134|1714|8870|3373|6285|2401|2585|1334|5329|3394|3985|2834|1344|848|6284|2245|4083|1316|2201|1540|11700|2843|7978|1991|3722|1528|27922|6038|19422|4055|8500|2560|10057|2844|7136|2071|2921|1660|8273|1810|7422|1682|851|458|2731|1169|2497|1091|234|243|131785|7381|66485|5011|65300|5065|7498|2179|5026|1690|2472|981|14667|2851|8938|1865|5729|1764|0|210|0|210|0|210|39704|5636|15361|3031|24343|3692|15805|3411|7606|2096|8199|2293|2796|941|1625|725|1171|630|7086|2423|4661|1742|2425|1160|5720|1466|4865|1276|855|465|2297|1281|1653|911|644|495|31517|5434|20877|4178|10640|2677|8755|2860|7570|2294|1185|916|10987|3769|6548|2505|4439|1900|8866|2342|7394|2067|1472|658|8787|2352|7306|2140|1481|719|0|210|0|210|0|210|557|460|329|269|228|375|4690|1617|4032|1453|658|410
400C100US10162|899379|9151|640434|12829|143830|8868|73912|6231|69918|7081|3452|1166|3007|1022|445|325|12399|3926|6547|2628|5852|2422|7267|1718|5470|1413|1797|822|12134|3256|6327|1758|5807|1971|2341|913|2286|910|55|93|1267|679|1054|567|213|259|3691|1905|2574|1449|1117|637|4593|1685|2751|1229|1842|684|8406|2700|4646|1560|3760|1615|1064|1012|1064|1012|0|210|3500|1649|1692|871|1808|1267|447|462|447|462|0|210|432|407|353|339|79|134|967|540|758|475|209|168|4766|1703|3807|1312|959|667|1283|1113|1176|1099|107|160|698|573|586|414|112|198|2651|3374|1888|2303|763|1085|1556|1021|1116|723|440|372|5755|1796|4159|1279|1596|798|1434|1075|1318|1005|116|154|1532|773|1282|664|250|415|698|640|547|596|151|268|10012|2083|6569|1419|3443|1152|760|559|535|405|225|194|1972|1115|1184|808|788|592|0|210|0|210|0|210|1412|770|627|464|785|566|366|541|115|191|251|356|1736|1239|1242|985|494|412|784|625|545|403|239|351|4431|1993|3130|1186|1301|1081|685|1024|508|751|177|277|2287|1321|856|571|1431|990|469|531|421|473|48|80|294|458|27|44|267|455|4155|2092|3503|2066|652|596|248|303|248|303|0|210|0|210|0|210|0|210|159|257|159|257|0|210|3012|1211|2053|1222|959|464
400C100US15670|1431096|13483|1158688|15676|154003|5701|75919|5820|78084|5479|9428|2791|5538|1986|3890|1727|2667|1801|1306|1205|1361|933|481|343|363|318|118|124|4617|1966|2801|1197|1816|1408|4368|1328|3472|1194|896|536|657|573|575|557|82|139|3796|1656|1935|1177|1861|1079|4284|1471|2535|1076|1749|763|1245|852|947|596|298|368|1130|883|911|791|219|362|1555|934|1076|750|479|331|63|106|0|210|63|106|866|451|652|310|214|289|3979|1835|1998|930|1981|1144|6502|2537|5000|2150|1502|1242|299|257|216|205|83|102|407|344|270|212|137|202|1596|986|1397|924|199|169|4367|2012|2557|1214|1810|1144|2007|1164|1657|1023|350|331|8782|2700|7559|2601|1223|740|5585|2641|5548|2649|37|65|695|536|619|452|76|128|10152|4206|5612|2783|4540|1733|1422|676|745|421|677|440|2988|1509|1519|1034|1469|691|466|475|237|259|229|264|8569|2776|2923|1400|5646|1933|637|563|418|484|219|225|1688|948|961|556|727|476|3798|2020|1605|820|2193|1577|2077|1043|1478|779|599|385|1088|1356|162|195|926|1343|4022|1938|1785|906|2237|1710|803|1192|803|1192|0|210|5327|2639|2685|1501|2642|1681|3204|1632|2490|1199|714|762|1472|955|681|674|791|722|0|210|0|210|0|210|190|320|97|163|93|159|1126|781|1053|771|73|121
400C100US16264|8156632|11493|5642012|29518|1482562|17786|893232|18748|589330|14270|27051|4259|23092|3689|3959|1133|4424|1950|3192|1204|1232|1649|20149|3007|14512|2433|5637|1443|8722|2094|7029|1788|1693|720|21815|3534|18353|3151|3462|1066|3174|1241|2533|991|641|529|25723|3798|19496|3427|6227|1674|41262|4945|25174|4283|16088|2884|171786|11078|98462|7408|73324|5991|31081|4664|19669|3399|11412|2602|43428|5124|24408|3189|19020|3422|1837|789|1354|547|483|466|6385|1926|4305|1320|2080|1080|41794|5342|25359|4142|16435|3002|32653|4395|26601|3786|6052|1773|49112|6632|35955|5109|13157|2677|5303|1646|3611|1332|1692|737|5557|1908|4520|1722|1037|516|12706|3145|9357|2442|3349|1283|54952|6811|35499|4830|19453|3485|20703|4565|15629|3423|5074|1833|15220|3441|12363|2811|2857|1697|15733|3629|10808|2755|4925|1798|82311|7133|40762|4210|41549|4876|10002|2460|6110|1521|3892|1339|43750|5318|20448|3002|23302|3661|202|233|202|233|0|210|17642|3188|7906|1578|9736|2259|2139|980|644|386|1495|808|9309|2663|4222|1220|5087|1770|20854|4424|13384|3410|7470|2213|68244|5802|49995|4467|18249|2804|8363|2235|6897|2163|1466|661|54892|7367|37789|5764|17103|3053|3806|1300|3175|1030|631|486|17825|3945|11331|3175|6494|1535|22005|4084|16064|3300|5941|2008|4488|1744|2699|1033|1789|1586|0|210|0|210|0|210|1304|1285|1304|1285|0|210|4352|1224|3476|1088|876|589
400C100US16885|1619074|9880|1498264|12976|36982|4512|22128|2979|14854|2849|7643|3875|3895|1499|3748|3355|63|107|63|107|0|210|1324|901|1282|898|42|68|550|455|389|313|161|208|3780|1311|3064|1177|716|419|789|509|745|503|44|70|282|215|97|117|185|183|4150|2235|3315|2041|835|685|378|337|142|170|236|282|616|494|396|371|220|303|1782|913|1564|917|218|177|479|719|180|231|299|505|446|400|419|383|27|47|1202|735|934|607|268|347|4484|1554|3911|1388|573|456|4283|2444|3151|1956|1132|956|349|418|349|418|0|210|602|687|190|243|412|656|6283|3297|3076|1641|3207|2011|2281|2353|1508|1236|773|1196|2424|1005|2255|1006|169|245|880|675|732|536|148|227|1723|888|1666|842|57|99|7507|1986|4981|1676|2526|921|2421|1011|910|437|1511|830|2125|1375|1291|964|834|683|20|36|0|210|20|36|1874|893|650|390|1224|679|751|557|325|345|426|308|202|239|6|12|196|238|2091|1835|759|806|1332|1615|3289|1405|2373|1343|916|700|2086|1413|1065|893|1021|1042|4023|1906|2852|1436|1171|717|341|297|295|276|46|77|3888|2202|2083|1482|1805|1133|3294|1327|2178|936|1116|648|798|593|571|477|227|304|0|210|0|210|0|210|174|147|174|147|0|210|2151|1299|901|671|1250|908
400C100US17668|1677010|8162|1502604|11565|59615|5086|38184|3711|21431|3028|4211|1466|2647|1040|1564|994|93|109|93|109|0|204|3538|991|2430|879|1108|507|1131|729|882|545|249|267|4669|1388|3554|1016|1115|698|1338|795|1233|779|105|127|1713|691|1248|599|465|334|6051|2160|2456|872|3595|1580|2375|859|1795|762|580|467|8189|2382|5656|1906|2533|1168|8276|2204|4849|1660|3427|1388|262|253|231|248|31|53|1232|1335|416|483|816|1204|1704|957|1514|936|190|198|3051|1125|2890|1117|161|215|978|713|516|482|462|392|224|365|42|75|182|292|1362|1545|732|812|630|777|2858|1581|1738|988|1120|873|9417|2825|6141|1980|3276|1307|3602|1562|2611|1217|991|930|2122|1206|1886|1026|236|275|1368|952|1314|950|54|90|13194|2854|5730|1541|7464|2112|521|346|360|239|161|185|779|563|286|250|493|418|170|216|170|216|0|204|2514|1659|1141|864|1373|956|1008|824|931|817|77|94|706|578|661|569|45|81|912|661|477|482|435|322|4033|1268|2599|1065|1434|679|514|481|337|448|177|179|15143|3423|10295|2623|4848|1563|345|287|180|226|165|166|314|423|268|349|46|78|1853|1066|1485|993|368|244|560|409|267|231|293|325|0|204|0|204|0|204|227|376|227|376|0|204|2234|791|1361|638|873|558
400C100US19234|1452311|10578|1227050|14633|58068|4418|34566|3396|23502|2939|6284|2055|3348|1056|2936|1725|860|541|704|493|156|156|1448|826|1234|768|214|185|1569|1175|919|631|650|682|2885|1002|2623|964|262|252|85|99|63|92|22|36|778|417|685|385|93|167|2703|1080|1721|782|982|572|893|690|826|679|67|111|584|484|154|186|430|416|3226|1558|1457|659|1769|1320|95|159|95|159|0|204|1421|911|964|682|457|364|3448|1879|1860|1162|1588|852|7961|2728|6043|2464|1918|1057|2362|1401|1585|985|777|501|248|417|248|417|0|204|1302|950|1016|773|286|248|16654|4407|8719|2937|7935|2318|1727|951|1258|750|469|339|3643|2036|2498|1432|1145|1123|2546|2542|1954|1975|592|667|953|571|953|571|0|204|13211|3739|7237|2622|5974|1835|3106|1581|1000|803|2106|987|2092|896|1129|541|963|616|0|204|0|204|0|204|2798|1519|1690|944|1108|821|1201|1192|449|481|752|755|2114|2045|1197|1446|917|699|2600|1687|2012|1450|588|587|2540|1941|1768|1402|772|1110|279|293|120|138|159|258|13553|3465|9477|2680|4076|1477|1031|816|1031|816|0|204|38863|9026|25225|7437|13638|3351|12849|3395|8259|2526|4590|2202|6106|3102|2851|1517|3255|2498|0|204|0|204|0|204|0|204|0|204|0|204|1175|607|746|420|429|516
400C100US19504|639256|7354|428094|10660|59252|5711|39879|4741|19373|2892|4197|1682|3967|1649|230|200|0|218|0|218|0|218|1619|864|1619|864|0|218|1756|833|1316|580|440|421|2726|1037|2444|1003|282|255|514|395|312|328|202|189|167|218|167|218|0|218|8133|2267|6123|2049|2010|940|280|310|198|198|82|138|295|433|295|433|0|218|2321|1192|1773|1124|548|404|794|589|649|450|145|169|9332|2688|5593|1728|3739|1470|3903|2072|3679|2047|224|176|14271|3881|12211|3313|2060|1351|3239|2180|2641|1687|598|587|2201|1280|1908|1163|293|253|3429|2398|2116|1182|1313|1428|2752|1238|2531|1167|221|236|3491|2105|2519|2002|972|823|8303|2665|7155|2571|1148|513|5289|2085|4882|2049|407|315|2801|1003|2504|935|297|309|34622|5313|19683|3390|14939|2883|2306|1310|1230|757|1076|1051|8551|2209|5174|1507|3377|1064|0|218|0|218|0|218|2506|1153|1211|585|1295|921|93|113|93|113|0|218|1041|519|587|382|454|385|1935|1345|923|713|1012|850|9200|2333|7359|1980|1841|935|2262|1504|1687|1166|575|517|3391|1425|2898|1356|493|340|1780|1312|1671|1286|109|184|878|649|583|534|295|317|1268|1070|667|542|601|640|61|103|61|103|0|218|0|218|0|218|0|218|91|77|91|77|0|218|112|149|112|149|0|218
400C100US22042|5519781|20196|3592653|29274|1359047|22956|767408|17996|591639|18064|26048|5415|19288|3604|6760|2746|1798|1228|1414|1110|384|364|2889|1592|2285|1245|604|711|10530|3261|8773|2641|1757|864|7373|2246|6314|2082|1059|589|1734|1180|1545|1160|189|308|1548|1035|1220|982|328|300|6111|1909|3291|1230|2820|1236|1781|675|1379|623|402|259|4286|2255|2583|1317|1703|1444|3172|1565|1533|753|1639|1150|570|514|570|514|0|249|14627|5105|9637|3590|4990|2662|13591|4248|10331|2880|3260|1691|28638|5168|23058|3903|5580|3061|20059|5244|16749|4809|3310|1214|6467|3945|3767|2269|2700|2075|11195|3445|8361|3060|2834|985|25196|5845|17133|3667|8063|3290|7713|2697|6136|2187|1577|873|25553|4736|20106|3841|5447|2131|19107|4197|15835|3636|3272|1437|19837|4586|14473|3242|5364|2279|49926|6348|27509|3930|22417|3687|6171|3514|4043|1898|2128|1844|21810|5199|10323|2528|11487|3912|2153|2288|393|396|1760|1948|64999|9074|28106|5078|36893|5899|5029|2615|1408|821|3621|2182|8068|2652|4166|1666|3902|1423|6018|2346|3441|1329|2577|1333|18484|3042|12913|2425|5571|1896|3992|1443|3434|1281|558|359|38447|7137|25045|4860|13402|4084|3589|1974|3059|1778|530|594|23473|5762|15103|4366|8370|2281|31226|5906|26050|5430|5176|1517|21460|5820|14091|4403|7369|3229|0|249|0|249|0|249|228|269|92|149|136|178|3185|1490|2650|1367|535|410
400C100US23527|2545255|10607|2015358|16034|343875|10003|211030|8618|132845|7948|10937|3018|8256|1859|2681|1481|96|156|96|156|0|211|1141|518|1015|500|126|151|4404|1805|3619|1278|785|767|7742|1609|7168|1636|574|324|764|360|664|349|100|117|2219|989|1782|920|437|332|15442|3336|9020|2544|6422|1950|3825|1669|2747|1316|1078|716|1797|996|1105|636|692|604|2618|1173|1932|948|686|479|1203|923|611|541|592|504|2293|968|1316|697|977|465|1403|899|1094|777|309|311|2893|1204|2656|1197|237|184|444|569|396|557|48|69|178|159|133|145|45|74|882|681|295|248|587|525|7122|2309|3191|1061|3931|1711|3849|1426|2744|1010|1105|740|3304|1512|3110|1477|194|209|2405|1182|1960|988|445|449|2268|1047|2160|1031|108|133|14981|2381|8337|1712|6644|1732|2001|826|1221|612|780|447|8964|2257|5541|1903|3423|935|1420|740|568|299|852|598|17273|3871|7315|2046|9958|2457|1132|791|197|185|935|699|1864|756|963|510|901|491|4340|2000|1556|938|2784|1434|3312|1363|2643|1178|669|452|4109|1172|1575|656|2534|1026|14769|3976|10449|2842|4320|1971|1285|741|1018|567|267|345|15496|4300|8372|2693|7124|2652|8151|3384|5524|1940|2627|2170|2260|1185|1397|914|863|637|107|128|107|128|0|211|1303|854|1229|843|74|113|4026|2191|3503|2123|523|414
400C100US23824|3555986|8286|2991201|16463|111136|6369|72892|4846|38244|3601|8446|1983|6267|1507|2179|1051|536|387|536|387|0|181|9031|1865|6346|1615|2685|854|4007|1174|2788|1022|1219|710|9364|2141|8642|2120|722|356|1838|916|1338|701|500|486|3895|1003|3235|875|660|323|5480|1483|2415|859|3065|1112|10043|1750|6589|1395|3454|922|6483|2083|3256|1382|3227|1173|12687|2686|7197|2093|5490|1437|2802|1926|2121|1888|681|419|2571|1195|1685|758|886|702|8949|3152|7581|2986|1368|597|14754|2680|12418|2371|2336|955|10267|2915|7677|2321|2590|937|4687|1849|2853|1098|1834|965|23057|3946|10000|2330|13057|2646|4870|1567|4173|1474|697|445|33429|4907|19953|3303|13476|2975|9476|2299|8226|2011|1250|657|5244|1741|4679|1671|565|396|7461|2000|6181|2041|1280|624|25007|3943|13286|2375|11721|2300|9595|2320|5033|1792|4562|1514|9681|2250|4134|1255|5547|1490|3093|1618|2003|1252|1090|561|6424|2137|3390|1493|3034|1060|1099|951|320|341|779|843|689|417|499|309|190|162|1748|1381|905|788|843|745|8718|1715|6768|1485|1950|820|1187|774|983|729|204|182|150503|9298|90243|7167|60260|5383|2350|1025|2006|951|344|341|27849|5076|17552|3840|10297|2511|3085|1357|2077|985|1008|817|546|476|300|245|246|279|0|181|0|181|0|181|400|366|400|366|0|181|2298|1312|1443|830|855|728
400C100US37243|883304|7898|654075|12154|119690|4980|74457|4385|45233|4090|6798|1877|4523|1273|2275|982|453|326|296|259|157|196|4329|1152|3014|1000|1315|573|5989|1746|3867|1458|2122|855|1626|775|1580|770|46|77|356|403|356|403|0|217|1522|1015|1159|720|363|410|1666|751|911|551|755|426|19986|3573|10889|2322|9097|2108|2592|1498|1633|1192|959|704|829|600|669|527|160|205|66|92|66|92|0|217|1132|1046|1084|1019|48|88|3205|1413|1879|880|1326|794|3798|1594|3419|1464|379|484|2371|1169|1703|986|668|432|358|343|177|206|181|264|1836|804|1193|609|643|451|2130|1035|1826|898|304|407|4731|3254|3913|2528|818|846|1169|995|1028|953|141|242|6459|2394|5267|1938|1192|887|1524|970|1120|622|404|490|8629|2240|4840|1234|3789|1588|420|331|257|275|163|161|2661|1326|1650|1005|1011|651|0|217|0|217|0|217|3908|1625|1577|810|2331|1277|594|637|53|88|541|634|1147|682|494|327|653|451|2003|1288|1233|861|770|669|2039|655|1207|582|832|374|453|339|183|232|270|261|2187|1150|1085|608|1102|759|338|305|206|205|132|223|1003|778|520|557|483|444|4330|1884|2772|1292|1558|990|426|357|426|357|0|217|0|217|0|217|0|217|1268|1204|728|809|540|450|3208|1567|2867|1587|341|419
400C100US40429|5345516|27190|3053030|37647|1716481|26297|945479|24612|771002|21282|19935|4904|16704|4230|3231|1647|2088|1500|1849|1425|239|301|4550|2891|3324|1964|1226|1046|9192|3711|6939|2656|2253|1356|13014|4042|11662|3995|1352|1283|2216|1590|2216|1590|0|249|2134|1099|1929|1000|205|220|12214|4012|9252|3451|2962|1158|2787|1755|2479|1760|308|264|3532|3010|2537|2195|995|867|1658|983|1621|983|37|60|325|408|295|401|30|50|17528|6774|11261|4160|6267|3461|14255|3786|10818|3230|3437|1489|25203|6431|19394|5849|5809|1969|34410|8127|24749|6179|9661|3144|5144|2254|3219|1557|1925|1367|7651|3756|4351|2231|3300|1994|9824|3516|7644|3084|2180|1180|8877|3821|7409|2851|1468|1154|12456|5953|8190|4248|4266|2845|9134|3698|8445|3482|689|572|17497|4353|11934|3427|5563|2459|77752|11657|40047|6739|37705|6464|4296|1917|1294|572|3002|1858|8291|2430|3755|1184|4536|1669|1555|1858|1302|1532|253|412|110449|10556|47925|7024|62524|6804|5210|2112|1491|1126|3719|1445|4498|1608|1648|984|2850|1057|6405|2343|3308|1651|3097|1553|26127|5902|19037|4355|7090|2982|7914|3095|4687|2124|3227|1529|37557|7827|25960|6670|11597|3321|1316|716|1251|726|65|105|4362|2010|2168|1311|2194|1513|35307|8320|32020|8504|3287|2314|6364|3864|6114|3825|250|278|31|52|31|52|0|249|59|87|59|87|0|249|2888|2117|2550|1969|338|338
400C100US41212|1564873|10792|1366452|14889|94374|5103|56395|5014|37979|3810|12946|4858|7429|2754|5517|2675|4824|2858|1990|2471|2834|1573|846|753|846|753|0|208|2347|1689|2113|1648|234|299|3947|1475|3314|1338|633|711|403|384|282|362|121|151|349|345|228|292|121|191|2382|1259|1921|981|461|420|269|320|92|151|177|287|348|351|348|351|0|208|355|321|137|156|218|211|253|421|253|421|0|208|76|122|0|208|76|122|3334|2172|2806|1837|528|446|2821|1750|1951|1156|870|996|6688|2457|4920|1731|1768|1073|3856|2248|1672|1326|2184|1220|710|678|643|640|67|110|332|409|332|409|0|208|709|605|513|358|196|329|1089|890|1061|887|28|55|1693|1300|1447|1133|246|332|1639|1529|1275|1223|364|352|7204|2394|4414|1333|2790|1422|2077|1368|1020|856|1057|891|987|660|674|489|313|290|0|208|0|208|0|208|1413|1016|658|635|755|691|151|210|151|210|0|208|525|471|420|436|105|190|13656|2609|3666|1278|9990|2379|2345|1054|1922|921|423|484|196|263|45|80|151|194|7025|2618|3245|1405|3780|1964|295|409|295|409|0|208|2561|1433|1089|582|1472|1059|9414|4904|7941|4816|1473|912|1821|1152|1821|1152|0|208|0|208|0|208|0|208|780|1163|0|208|780|1163|1381|1110|1186|1044|195|304
400C100US43912|1541964|8301|1348464|10092|114872|5444|68500|4531|46372|4208|3949|1142|2790|828|1159|696|297|313|28|46|269|308|633|461|562|447|71|99|1215|570|812|477|403|298|1894|687|1751|656|143|141|1398|863|1057|612|341|516|21|34|21|34|0|210|2524|874|1560|672|964|530|187|159|187|159|0|210|1727|1446|1292|967|435|519|263|232|263|232|0|210|29|48|29|48|0|210|1076|665|770|591|306|235|854|479|800|455|54|66|1604|792|1349|727|255|214|1853|957|1047|629|806|500|3364|2413|2058|1509|1306|1199|2264|1227|1963|1158|301|219|1311|717|887|556|424|441|539|334|388|268|151|180|4206|1722|3718|1624|488|318|447|344|397|324|50|82|1183|823|1183|823|0|210|7362|1893|4779|1384|2583|937|918|517|638|413|280|243|1220|459|1010|429|210|168|2078|1694|1751|1506|327|320|4032|1222|2086|953|1946|779|481|513|128|184|353|405|1412|690|1120|566|292|224|4729|2618|2697|2230|2032|1055|3339|1034|2348|744|991|559|1182|544|985|486|197|194|4933|2062|3163|1445|1770|1025|837|589|797|585|40|70|6952|2803|3614|1713|3338|1557|1326|817|893|662|433|446|4155|1887|3662|1655|493|600|0|210|0|210|0|210|107|88|82|79|25|39|727|646|684|633|43|72
400C100US47995|2060223|7739|1365795|14676|470854|10663|284205|9598|186649|7669|4281|1251|3142|917|1139|914|800|688|523|420|277|350|3291|1336|1934|793|1357|737|4447|1810|3443|1517|1004|626|4068|1154|3402|1086|666|385|852|548|852|548|0|221|961|626|573|447|388|435|3880|1206|2584|868|1296|608|671|477|402|389|269|269|4223|3113|2948|2354|1275|977|2765|1188|1647|791|1118|749|4384|1772|3138|1466|1246|756|4366|1932|2942|1291|1424|816|399|454|311|440|88|102|3131|1487|2352|1175|779|689|351|376|285|360|66|111|1577|1356|1032|946|545|553|36|60|36|60|0|221|846|634|595|458|251|267|4157|1693|3264|1410|893|567|897|721|658|623|239|247|986|682|869|575|117|192|220|270|220|270|0|221|35850|5312|14778|3085|21072|3329|6631|1821|4340|1515|2291|998|9089|2543|3344|1176|5745|1709|0|221|0|221|0|221|9215|2424|4139|1512|5076|1631|818|582|580|477|238|252|5323|1585|2513|834|2810|1216|1783|1070|1218|652|565|498|69978|5492|48025|4789|21953|2813|8456|2518|5355|1489|3101|1426|7822|2322|4873|1960|2949|1307|2438|815|1644|701|794|383|9879|3655|5703|2268|4176|1774|1060|809|459|433|601|644|1011|759|956|721|55|93|168|163|168|163|0|221|332|236|332|236|0|221|2132|1092|1778|953|354|306
400C100US51445|11609012|15929|5250553|35625|4184987|24648|2495155|23415|1689832|21237|43292|5440|38242|5031|5050|1474|3105|1397|2596|1283|509|588|16681|2705|13193|2442|3488|998|21902|3816|14547|2412|7355|2333|24455|3213|22034|3215|2421|828|7017|1605|6245|1546|772|386|6831|1925|5726|1796|1105|712|63382|7845|36443|5812|26939|4452|6696|2083|5416|1805|1280|595|6311|1707|4357|1293|1954|1026|6819|1709|5192|1458|1627|649|188304|12461|107157|8471|81147|6471|91087|7809|53796|6139|37291|4071|17964|3854|11862|2769|6102|1948|32058|4811|27002|4123|5056|1531|16726|4450|13440|3975|3286|1114|11234|3373|5967|1623|5267|2340|12731|3178|7296|1653|5435|2095|13240|2916|9662|2044|3578|1546|20577|3482|15752|2782|4825|1619|8967|2486|7652|2194|1315|868|7442|2578|6975|2447|467|361|4565|1728|4135|1679|430|371|473626|16054|200034|9058|273592|10781|60781|6804|31090|3707|29691|4677|228964|12431|100074|7091|128890|8226|1391|970|1028|908|363|298|256596|13756|95616|7588|160980|9159|27689|4805|11820|2720|15869|3162|23526|3633|9974|1859|13552|2754|20038|3430|9652|1917|10386|2400|262337|13070|177709|10615|84628|6448|39475|5421|24164|4026|15311|2511|79414|10363|51966|7307|27448|5219|22810|4388|18120|3951|4690|1343|11858|2444|7588|2101|4270|1197|13851|3919|10413|2897|3438|1654|5174|2180|3740|1585|1434|1362|375|412|375|412|0|218|1435|787|1234|733|201|211|12746|2360|8754|1746|3992|1550
400C100US56602|5681685|8608|2572702|25509|2413787|16631|1313120|24403|1100667|19681|50240|6367|38476|5304|11764|2078|294901|19126|176771|15506|118130|9944|18231|3079|13312|2890|4919|1398|69790|8973|44420|5737|25370|4589|13090|2684|11677|2544|1413|495|4885|1463|4269|1338|616|405|5409|1788|4691|1716|718|575|34971|4974|19369|3469|15602|3325|6906|2035|4893|1625|2013|897|4107|2371|2907|1786|1200|905|6777|2003|5070|1542|1707|906|753|567|688|558|65|108|3084|1144|2068|850|1016|590|4458|1423|3506|1208|952|663|9056|2901|7740|2535|1316|960|5861|2171|4677|1958|1184|647|362|346|362|346|0|242|5914|2644|2592|1047|3322|1914|2136|1053|1471|875|665|700|12713|3335|10468|2958|2245|1125|3876|1716|3515|1645|361|274|3282|1587|2837|1340|445|381|2597|1411|1630|1037|967|790|26133|5072|11361|3004|14772|3333|3575|1513|2739|1439|836|407|2982|1124|2115|797|867|568|0|242|0|242|0|242|12290|3243|3744|1561|8546|2807|531|570|372|392|159|203|2728|1026|1472|763|1256|601|5856|2137|3997|1603|1859|1028|14937|3236|11099|3014|3838|1413|2166|894|1589|826|577|469|17784|4241|12639|3129|5145|1627|16305|4061|13646|3830|2659|1011|505|477|248|297|257|389|3979|1589|3306|1429|673|461|1153|781|822|612|331|422|0|242|0|242|0|242|480|286|427|284|53|69|20393|4942|14798|4092|5595|2640
400C100US57466|1288446|6300|1102292|8563|108933|5296|68359|4372|40574|3338|2756|1007|2192|886|564|363|156|153|41|67|115|137|1574|950|1021|712|553|365|576|457|436|399|140|173|5304|1126|4781|1048|523|306|395|265|359|244|36|58|1407|945|1176|868|231|266|2995|993|1541|591|1454|806|2985|1083|2438|948|547|358|3548|1294|2723|1181|825|571|1069|687|815|601|254|272|69|114|0|157|69|114|753|587|493|437|260|225|1135|667|811|480|324|311|3408|1115|2964|965|444|360|1634|1035|1444|920|190|235|2371|1613|990|806|1381|1041|567|568|521|548|46|79|1294|817|863|587|431|358|2448|1200|1512|836|936|547|1944|1290|1904|1277|40|68|2035|705|1979|696|56|73|1124|696|1043|665|81|135|5990|1929|3960|1549|2030|886|669|428|491|300|178|268|1129|617|569|360|560|453|8063|2180|5622|1700|2441|861|1309|663|670|426|639|427|0|157|0|157|0|157|1514|834|624|426|890|566|3956|1672|1352|977|2604|1027|2677|1166|1715|816|962|752|707|678|394|364|313|336|4964|2133|3829|1797|1135|670|615|571|615|571|0|157|1585|1447|913|777|672|780|1034|686|857|642|177|235|743|1103|535|762|208|346|0|157|0|157|0|157|55|88|55|88|0|157|664|399|396|287|268|201
400C100US57628|2719881|10279|2254184|16628|133310|6401|80731|5557|52579|4356|12161|3461|9461|2905|2700|1406|1712|2074|1252|1654|460|499|521|335|499|332|22|35|1998|955|1730|904|268|261|5936|1382|5398|1334|538|319|1191|587|1155|579|36|61|598|485|548|461|50|85|11312|2690|5931|1797|5381|1480|2076|858|1487|682|589|528|1630|1050|859|591|771|689|3077|1593|1762|939|1315|955|20|39|20|39|0|210|1865|1304|1244|807|621|628|3053|1529|1330|793|1723|1381|5609|1984|5289|1927|320|310|2255|1135|1749|990|506|364|725|656|494|482|231|332|2382|1114|1844|995|538|490|5591|2448|4719|2197|872|682|5039|1435|3798|1049|1241|824|4762|1990|3041|1486|1721|1217|4036|2128|3864|2099|172|188|1035|681|992|663|43|73|17589|3365|10083|2412|7506|1794|2779|858|1804|664|975|538|2057|758|986|457|1071|474|67938|6168|41831|4590|26107|3716|18210|3835|6939|1891|11271|2815|4879|1840|1754|960|3125|1342|3241|1062|1420|601|1821|726|16622|4881|5160|1557|11462|4073|7050|2091|5198|1684|1852|856|1172|769|763|514|409|461|11469|3594|7692|2457|3777|1804|532|303|532|303|0|210|67954|8348|41329|6387|26625|4363|18261|4998|12718|3769|5543|1997|10265|3329|6916|2647|3349|1555|0|210|0|210|0|210|711|574|711|574|0|210|3074|1321|2211|1038|863|494
400C100US57709|571134|6465|419738|10892|69668|7665|50649|5936|19019|2958|2560|952|2373|873|187|199|0|218|0|218|0|218|1377|690|1251|656|126|208|882|446|719|383|163|141|1682|773|1209|621|473|464|1192|667|1192|667|0|218|155|146|155|146|0|218|1934|1226|1509|1046|425|364|927|688|772|583|155|186|324|421|324|421|0|218|1954|1419|1413|1113|541|419|311|510|79|130|232|381|14147|3512|10119|2815|4028|1478|224|272|224|272|0|218|1910|964|1738|898|172|194|1797|1211|1315|828|482|472|211|212|211|212|0|218|0|218|0|218|0|218|1201|1309|1201|1309|0|218|4591|1770|3652|1339|939|695|1868|1767|1580|1435|288|374|77|126|77|126|0|218|938|819|891|811|47|77|12120|2396|5803|1264|6317|1873|3179|1268|2121|1008|1058|745|5231|1356|2512|831|2719|927|203|341|34|58|169|283|3901|1414|1821|732|2080|1156|456|525|244|403|212|345|1403|800|716|458|687|590|114|143|114|143|0|218|7208|2083|4911|1422|2297|1038|1252|629|753|494|499|389|4404|1707|3556|1631|848|460|302|280|257|273|45|73|95|159|0|218|95|159|93|159|93|159|0|218|394|510|389|510|5|10|0|218|0|218|0|218|24|41|24|41|0|218|1087|1020|1044|1026|43|71
400C100US61273|1048151|10719|883281|14301|85586|4950|36640|4128|48946|4319|3750|1922|2939|1500|811|729|362|414|362|414|0|224|890|668|610|479|280|446|2706|1471|2251|1342|455|338|1527|684|1394|661|133|179|379|409|379|409|0|224|513|514|513|514|0|224|730|637|507|599|223|226|142|173|142|173|0|224|1088|764|699|510|389|379|240|235|140|165|100|168|0|224|0|224|0|224|1410|966|1151|800|259|238|596|579|434|382|162|252|2305|1256|1793|1012|512|531|1376|1861|775|992|601|889|0|224|0|224|0|224|390|354|292|252|98|165|3105|3028|1027|900|2078|2416|6759|3248|4219|2520|2540|1631|1253|899|757|566|496|436|1000|882|1000|882|0|224|558|464|263|393|295|258|4240|1644|2275|998|1965|1247|591|389|379|298|212|207|1830|968|956|646|874|584|473|779|137|243|336|552|3882|2005|888|535|2994|1813|77|128|0|224|77|128|3051|1783|1394|784|1657|1257|3265|1878|281|408|2984|1777|2843|1766|2111|1085|732|1037|737|764|503|666|234|379|13975|5592|5098|2149|8877|4643|14|32|0|224|14|32|5631|3185|4612|2828|1019|913|2798|1591|2278|1452|520|555|4621|3124|2412|2029|2209|1623|0|224|0|224|0|224|0|224|0|224|0|224|177|182|53|88|124|160
400C100US62407|538722|6464|418075|9111|69909|6218|40620|4255|29289|4059|3142|1111|2330|780|812|667|2228|1005|1184|713|1044|729|4852|1934|3351|1474|1501|743|2525|1017|1445|851|1080|932|1687|873|1687|873|0|217|168|164|168|164|0|217|1139|700|966|667|173|214|1703|753|1022|559|681|359|1450|596|904|407|546|369|511|358|488|363|23|51|489|340|489|340|0|217|154|178|154|178|0|217|356|310|235|279|121|148|803|597|577|552|226|192|1554|735|1219|656|335|273|657|648|549|597|108|179|267|433|81|134|186|303|1199|1086|521|499|678|610|414|304|268|228|146|242|1661|957|951|686|710|528|83|102|83|102|0|217|214|268|214|268|0|217|0|217|0|217|0|217|7748|2120|3220|1029|4528|1457|581|383|323|249|258|261|1052|594|306|270|746|522|0|217|0|217|0|217|1061|678|322|353|739|495|65|83|20|33|45|56|992|954|363|382|629|730|1364|830|851|522|513|451|1089|751|991|712|98|115|202|316|128|204|74|115|1892|1257|960|592|932|758|924|677|853|617|71|118|380|462|254|425|126|213|2107|1265|1450|979|657|698|1600|2294|1058|1554|542|747|0|217|0|217|0|217|244|226|225|225|19|33|2181|1905|2181|1905|0|217
400C100US63217|18077201|15701|10880027|53632|3574322|31260|1985670|27299|1588652|27374|135498|8544|101881|7807|33617|5424|192204|16320|117198|10957|75006|8223|146045|9408|102808|7741|43237|3815|133195|8073|81605|6277|51590|5108|36452|3643|32874|3480|3578|1022|154781|13706|81435|8971|73346|10287|61505|7305|44901|5721|16604|3244|259069|13123|127084|9550|131985|7318|118135|9645|67969|6507|50166|5730|25688|4531|17197|3644|8491|1781|56178|6664|31445|3875|24733|4432|8282|2548|6123|1734|2159|1145|30642|6884|18665|3981|11977|4326|86391|9019|55686|6284|30705|3820|118718|9277|95024|7913|23694|3602|94587|9189|62497|6760|32090|4483|42028|6237|23319|4076|18709|3000|156545|10870|76546|5920|79999|7423|44524|6825|29360|4636|15164|3534|107671|11337|73664|8505|34007|4843|37395|5334|31571|4554|5824|1849|30754|4264|24835|3935|5919|1747|39626|5394|28551|4289|11075|2438|645099|16829|262427|10589|382672|13879|38501|4318|20661|2710|17840|2916|150145|8063|69291|5132|80854|5087|152|251|152|251|0|210|21771|3635|10142|2038|11629|2547|2073|904|824|413|1249|616|9148|2304|3689|1108|5459|1621|56604|7298|30444|4539|26160|4173|134098|9839|96730|8372|37368|4249|14138|2846|8970|2037|5168|1424|157491|13835|108911|11309|48580|5804|74141|8978|64754|8953|9387|1925|8887|2880|6833|2583|2054|848|128327|11118|100996|10962|27331|4261|14426|3968|10163|3362|4263|1486|0|210|0|210|0|210|2016|932|1502|870|514|408|49922|7642|33185|5573|16737|4020
400C100US65863|1671014|20738|1138345|25766|375699|15109|231816|14907|143883|11662|8339|3345|6899|3118|1440|929|35323|6935|19927|4205|15396|3822|1273|640|983|499|290|340|22089|5218|13983|3613|8106|2671|3635|1242|2986|1069|649|551|3554|4207|3454|4197|100|185|399|312|230|202|169|238|3985|1522|2995|1146|990|630|641|452|442|309|199|231|2250|2110|1813|1918|437|434|674|553|541|499|133|230|0|242|0|242|0|242|948|874|759|818|189|236|7189|3523|5567|2720|1622|1103|2307|1168|1854|1069|453|435|2381|1158|1722|885|659|504|108|132|108|132|0|242|828|722|499|455|329|348|1241|761|1048|653|193|316|3605|2405|2762|1684|843|1040|1141|1053|1141|1053|0|242|633|621|298|323|335|308|995|761|879|732|116|153|7435|2054|4562|1283|2873|1193|1117|699|730|571|387|416|1974|1201|820|635|1154|747|0|242|0|242|0|242|19678|5936|9080|3055|10598|3694|361|393|45|75|316|386|1245|1045|231|228|1014|906|1724|1473|1545|1380|179|163|5249|1959|3772|1506|1477|842|941|723|400|330|541|489|7625|2533|4727|1727|2898|1258|650|472|571|418|79|132|157|257|0|242|157|257|898|855|801|832|97|173|865|631|865|631|0|242|0|242|0|242|0|242|194|239|96|180|98|159|3319|1570|2599|1428|720|489
400C100US69076|5359208|13591|4425975|23902|377573|13210|215662|10809|161911|11026|20976|3557|14374|3019|6602|1790|18799|4506|10414|3029|8385|2492|15532|2418|11307|1886|4225|1098|19142|5812|9120|2283|10022|5117|10129|2240|8277|2218|1852|628|6722|2033|5278|1664|1444|979|9434|2466|7476|2140|1958|884|39185|5844|19797|3474|19388|3649|9025|2161|5296|1211|3729|1433|3210|1209|2182|906|1028|567|10255|2660|6345|1714|3910|1546|3440|1449|2920|1268|520|407|3525|1775|2707|1410|818|566|20083|3670|11051|2638|9032|2581|26382|5362|21106|4465|5276|1851|10521|3140|7328|2211|3193|1339|5555|2570|3832|2030|1723|911|15715|3751|9057|2522|6658|1720|4730|1674|3974|1456|756|501|10966|2863|8059|2329|2907|1216|11913|3034|9396|2270|2517|1907|9025|3102|7869|2776|1156|589|20593|4068|11313|2551|9280|2534|71259|6959|31957|3841|39302|4848|4363|1415|2368|832|1995|1153|21688|3736|8438|1891|13250|2604|98|121|98|121|0|210|28322|4344|11817|2511|16505|2793|9868|2797|3386|1460|6482|2042|3397|1464|1711|989|1686|724|9521|2582|4643|1656|4878|1536|16737|3321|12412|2847|4325|1127|3013|1315|1671|854|1342|815|35521|7353|24997|6231|10524|2791|3236|962|2863|866|373|399|3073|1496|1936|1193|1137|709|25412|5610|19119|4939|6293|2463|2883|1756|1685|1045|1198|1038|0|210|0|210|0|210|925|820|562|732|363|311|11487|3587|5938|1965|5549|2952
400C100US69184|3889057|13075|2863392|22859|781914|19047|516777|14664|265137|11174|10322|2667|8772|2623|1550|775|574|610|444|465|130|149|3345|1078|2638|999|707|473|3332|1250|2654|1046|678|520|7733|1626|6783|1658|950|443|1837|739|1651|741|186|182|1381|542|1273|531|108|141|5404|2216|4517|1990|887|556|2779|1013|1696|712|1083|543|7827|2418|6076|2119|1751|709|3931|1283|3553|1325|378|299|690|534|539|435|151|152|4562|1517|2393|897|2169|1098|5829|2405|4310|2124|1519|835|11380|3069|9410|2671|1970|1161|2073|1329|1580|1115|493|431|1292|1009|1292|1009|0|224|3138|1263|2462|1038|676|550|4247|2305|2414|1131|1833|1474|10204|3021|6745|2325|3459|1258|6451|1912|5480|1767|971|516|3284|1561|2719|1401|565|460|2549|984|2192|915|357|328|24246|4080|12625|2698|11621|2405|3658|1040|2527|892|1131|625|7220|2137|3797|1461|3423|1332|72|86|45|74|27|44|17293|3608|7276|1700|10017|2517|1025|624|216|199|809|509|3339|1325|1669|790|1670|835|2559|1122|1204|668|1355|776|19395|3431|14450|2880|4945|1456|6643|2535|5169|1980|1474|854|19771|4407|12955|3144|6816|2450|1157|502|932|455|225|226|9793|3063|7106|2430|2687|1112|2819|1129|2344|1098|475|377|8156|3250|5431|2484|2725|1407|9039|2731|7055|2465|1984|947|1957|1092|1836|1028|121|154|1445|734|894|513|551|479
400C100US69697|1667031|11838|1561238|12363|23790|2591|16603|2268|7187|1325|4766|1324|3560|992|1206|758|945|778|945|778|0|189|5020|1601|3850|1406|1170|558|2514|1110|1253|656|1261|834|3039|769|2570|719|469|248|803|469|775|466|28|47|1459|607|1349|591|110|109|4913|1890|3589|1506|1324|721|1129|573|1044|551|85|124|735|327|468|276|267|216|2171|796|1565|622|606|390|133|214|133|214|0|189|1126|658|670|466|456|303|1680|849|1148|711|532|363|3050|1283|2711|1263|339|277|1878|1158|1590|1057|288|261|463|407|295|267|168|199|840|702|489|431|351|352|8231|2601|4034|1574|4197|1731|2042|913|1892|847|150|152|1620|997|1289|792|331|295|2936|1258|2196|989|740|440|838|628|766|567|72|115|10276|2095|5758|1362|4518|1233|1458|851|619|394|839|794|1973|695|1386|552|587|361|0|189|0|189|0|189|1671|803|1257|642|414|373|240|275|0|189|240|275|62|77|34|59|28|50|4132|4480|2709|3352|1423|1261|1610|1060|765|385|845|786|468|342|468|342|0|189|3968|1764|2369|983|1599|1230|567|264|407|230|160|182|162|200|162|200|0|189|1485|918|1352|850|133|151|799|596|346|379|453|451|0|189|0|189|0|189|38|53|38|53|0|189|763|599|743|595|20|36
400C100US71317|1978565|8995|1591460|15056|158887|8753|105154|6872|53733|5828|7764|1606|6425|1428|1339|663|1000|793|615|780|385|411|1179|635|759|462|420|396|3517|1890|3072|1870|445|330|7159|1782|6378|1674|781|522|888|382|888|382|0|210|860|586|706|506|154|150|25902|5950|13844|3153|12058|4117|850|633|620|555|230|287|2614|1624|1919|1395|695|744|12644|4861|7157|3026|5487|2417|582|575|404|381|178|229|5666|2521|3901|2148|1765|1055|399|472|399|472|0|210|6369|1877|5085|1585|1284|699|384|331|262|262|122|138|3356|2237|2180|1371|1176|927|749|458|645|439|104|174|2983|1406|1994|940|989|923|10214|3513|7783|3091|2431|1230|2952|1568|2696|1500|256|254|3256|1801|3066|1763|190|184|1287|1042|1147|1026|140|217|26260|3727|15319|2703|10941|2109|8011|1791|5294|1307|2717|951|7334|1692|3056|850|4278|1161|1440|987|978|835|462|408|29276|4304|12757|2982|16519|2590|3180|1364|1666|1101|1514|684|4949|2090|2450|1334|2499|1225|5497|2347|3042|1431|2455|1236|7481|1804|5888|1636|1593|683|5860|1644|3657|1104|2203|943|10609|3976|7617|2761|2992|1534|454|361|298|307|156|186|6594|2630|3410|1401|3184|1766|1839|851|1210|645|629|465|2204|1325|1734|1085|470|425|344|337|46|79|298|328|562|437|374|275|188|320|3750|1998|2549|1427|1201|903
400C100US72505|1184919|10093|907370|14971|145148|5876|82383|5733|62765|4902|7707|1898|5746|1394|1961|999|14875|4065|9006|3162|5869|1990|4781|2771|3544|2072|1237|811|53706|5503|31094|3794|22612|3523|1255|642|932|487|323|285|457|379|387|370|70|103|782|601|782|601|0|210|2573|1620|1500|905|1073|1034|2155|935|1200|657|955|586|10|20|10|20|0|210|539|775|539|775|0|210|1250|820|1250|820|0|210|325|261|229|203|96|162|607|953|313|482|294|486|2271|1144|1906|959|365|355|793|629|621|479|172|204|56|95|0|210|56|95|297|284|234|227|63|88|623|506|419|299|204|253|2930|1810|1626|1126|1304|792|1577|853|1228|741|349|350|1513|984|1407|926|106|135|286|285|161|250|125|141|5489|1540|3381|1081|2108|915|696|543|543|498|153|195|861|508|724|382|137|180|191|258|191|258|0|210|2029|1149|706|564|1323|913|5456|2078|2958|1402|2498|1154|3507|2443|2275|1804|1232|769|1087|938|446|453|641|791|1827|1131|1586|1080|241|315|349|232|310|221|39|64|3265|1197|2299|886|966|603|265|266|265|266|0|210|644|620|464|539|180|231|2271|1298|742|610|1529|1004|334|416|70|128|264|393|0|210|0|210|0|210|34|62|34|62|0|210|2728|2037|1407|1190|1321|1531
400C100US73261|1013344|11262|825541|14802|82827|6357|50596|4977|32231|4037|5837|2122|3292|1150|2545|1721|1010|864|920|823|90|147|472|334|472|334|0|224|1900|1013|1358|779|542|545|2113|1146|1886|1121|227|243|651|562|651|562|0|224|849|863|562|757|287|304|4777|2309|4065|2234|712|538|1168|717|971|669|197|269|155|182|155|182|0|224|1674|999|1006|641|668|700|62|107|62|107|0|224|2487|1457|1817|1080|670|536|4939|1782|3962|1523|977|508|8341|2703|6740|2307|1601|1032|2402|1838|2208|1763|194|304|2443|1902|1539|1235|904|868|2460|2068|1840|1803|620|508|5574|2004|4461|1692|1113|610|1004|607|947|565|57|98|7046|2673|5991|2509|1055|653|4383|2051|3573|1866|810|597|3485|2002|2781|1862|704|515|9233|2415|5169|1511|4064|1324|555|469|217|275|338|340|2433|1110|1740|972|693|498|0|224|0|224|0|224|4065|1641|2280|1050|1785|863|0|224|0|224|0|224|575|388|370|301|205|252|585|450|462|338|123|154|2189|953|1597|769|592|431|1072|1061|260|225|812|977|9972|4054|6012|2108|3960|2446|0|224|0|224|0|224|1183|1119|635|684|548|645|4504|2403|4183|2371|321|531|2364|1599|1786|1307|578|517|0|224|0|224|0|224|126|207|126|207|0|224|888|732|888|732|0|224
400C100US74746|987265|9507|861756|11455|62149|4630|35940|4535|26209|2994|4308|2852|3845|2825|463|302|793|593|793|593|0|216|657|422|386|339|271|251|1605|815|810|551|795|482|1854|640|1275|460|579|387|79|130|79|130|0|216|86|144|86|144|0|216|1616|820|677|466|939|608|482|496|321|356|161|188|1281|1229|795|815|486|455|437|375|262|252|175|234|127|210|75|122|52|89|1250|1188|1210|1180|40|76|767|630|563|460|204|259|1305|676|1036|541|269|327|2861|1768|2341|1473|520|484|379|397|319|332|60|105|1048|933|725|731|323|368|2656|2054|1136|670|1520|1661|587|420|396|279|191|239|3834|2212|3298|1976|536|562|3350|2107|3018|2054|332|384|538|461|475|432|63|112|6182|2586|3457|1706|2725|1203|586|743|416|672|170|296|5125|2490|3192|1515|1933|1272|0|216|0|216|0|216|3972|1736|2687|1196|1285|711|1054|638|552|396|502|381|795|752|442|501|353|328|918|693|388|309|530|497|1638|766|1340|694|298|266|143|149|91|117|52|91|6845|2498|4698|2002|2147|1003|327|317|285|313|42|69|1639|1775|910|1084|729|773|670|507|607|458|63|111|428|589|250|316|178|293|0|216|0|216|0|216|317|481|0|216|317|481|821|640|124|146|697|646
400C100US75340|1949860|15195|964802|18650|847494|18380|581284|15395|266210|10603|2128|778|1726|719|402|303|1412|1293|941|914|471|508|452|337|353|303|99|164|845|538|629|514|216|170|3232|1189|2931|1133|301|295|567|438|462|402|105|118|109|182|89|149|20|33|1156|804|777|498|379|396|1158|727|753|399|405|466|91|149|0|218|91|149|666|563|350|461|316|330|1090|975|922|752|168|261|3053|2026|1278|1187|1775|1292|1681|977|1186|704|495|433|2943|1428|2306|1128|637|480|3707|1741|2747|1350|960|608|2512|1432|1134|626|1378|948|779|472|583|367|196|229|917|813|790|700|127|167|3565|1657|2266|1401|1299|781|852|586|852|586|0|218|610|510|398|393|212|323|658|562|585|471|73|126|21851|3694|9587|2033|12264|2783|2608|1826|2005|1514|603|426|8168|2298|4316|1581|3852|1161|969|925|507|528|462|451|11358|2265|5267|1461|6091|1580|1832|1126|823|632|1009|802|1369|866|841|527|528|439|816|484|288|349|528|326|22787|3264|14267|2193|8520|1940|9821|3977|5391|2349|4430|2198|14138|3971|8962|2793|5176|1830|0|218|0|218|0|218|1220|1286|578|586|642|796|5171|1970|3758|1307|1413|1074|515|374|448|349|67|83|90|143|0|218|90|143|224|306|224|306|0|218|444|353|444|353|0|218
400C100US77068|1808162|11150|1275152|18554|195964|10312|131924|8627|64040|5515|3025|1137|2762|1113|263|226|342|357|342|357|0|218|1326|539|1075|484|251|190|3207|1348|2711|1085|496|421|5767|1885|5100|1803|667|445|1453|724|1105|627|348|270|946|602|913|600|33|55|32543|5058|16459|3188|16084|3568|1868|1202|1233|1048|635|475|1751|1028|1328|878|423|372|20050|5292|9934|4097|10116|3474|2929|1817|1633|1222|1296|692|21653|4746|10569|2857|11084|2673|3497|2163|2622|1750|875|611|19938|3605|15034|2873|4904|1473|5511|2459|4093|1944|1418|898|19795|4922|10439|2902|9356|2653|761|480|622|405|139|135|4169|2203|1908|974|2261|1760|12430|3430|6290|2042|6140|2165|2881|1192|2425|1104|456|260|2826|1866|2523|1859|303|414|1142|818|1055|788|87|108|36624|4720|14449|2474|22175|3450|4247|1045|2868|935|1379|635|9215|3957|4072|2251|5143|2109|17854|4279|9214|2290|8640|2841|27654|4398|10438|2341|17216|3317|1746|914|783|446|963|543|4497|1671|2307|1251|2190|984|5736|2041|3457|1287|2279|1143|33420|4686|22328|3751|11092|2371|8004|2556|3507|1183|4497|2084|10448|3131|6024|2398|4424|1799|929|911|485|478|444|500|2403|1712|1006|680|1397|1103|2836|1837|2297|1726|539|653|703|573|418|410|285|337|19|30|19|30|0|218|241|285|241|285|0|218|660|390|550|370|110|132
400C100US77770|2018209|9490|1874265|12235|40785|3901|27003|3177|13782|2598|6316|2356|5080|1853|1236|712|136|158|86|142|50|79|1008|587|886|565|122|149|1047|680|799|504|248|242|4925|1689|4391|1592|534|442|900|624|900|624|0|210|694|526|466|314|228|284|3870|1541|2219|1101|1651|787|363|228|326|220|37|63|12092|3399|6464|2240|5628|1863|570|354|318|285|252|217|89|155|0|210|89|155|541|535|347|353|194|233|764|446|508|322|256|316|5267|2012|4739|1870|528|416|2346|1251|1785|1096|561|397|2616|2206|1465|1532|1151|795|786|595|667|525|119|196|1934|1176|1265|697|669|628|3261|1739|2339|1537|922|550|5491|1961|4783|1769|708|538|3241|1473|2081|1229|1160|954|293|252|282|248|11|19|14153|2480|8395|1852|5758|1429|850|470|501|366|349|251|2420|1096|1504|784|916|509|0|210|0|210|0|210|7522|2644|2357|1148|5165|1928|262|373|262|373|0|210|1297|801|489|386|808|491|1850|1206|1355|1111|495|434|3699|1239|2912|1020|787|532|441|309|172|203|269|242|5075|2184|3086|1752|1989|730|645|463|491|380|154|155|2535|1430|2018|1176|517|453|2274|855|2139|871|135|163|866|824|651|775|215|249|0|210|0|210|0|210|98|126|98|126|0|210|622|513|589|510|33|40
400C100US78499|1076807|5043|846223|9817|142012|6639|90464|5414|51548|4238|2402|916|1941|895|461|267|89|140|89|140|0|206|1530|789|1530|789|0|206|5870|1996|3938|1411|1932|1196|3368|1101|2697|857|671|587|739|428|667|366|72|115|702|605|702|605|0|206|4979|2149|3636|1724|1343|853|1023|983|1023|983|0|206|2406|1084|1211|732|1195|840|825|548|772|543|53|89|986|1085|814|921|172|229|1891|1595|1529|1468|362|357|471|424|471|424|0|206|1202|957|1084|874|118|154|735|511|705|492|30|51|682|741|390|449|292|332|179|224|179|224|0|206|2219|1463|1435|1048|784|719|3677|1638|2651|1254|1026|699|1237|970|1237|970|0|206|1042|769|775|596|267|270|0|206|0|206|0|206|8213|2384|4380|1297|3833|1665|1593|835|1020|485|573|479|2342|1725|1578|1637|764|423|603|789|0|206|603|789|7174|2472|3040|1299|4134|1392|1186|1067|439|598|747|679|2412|1423|1571|945|841|672|876|610|301|338|575|398|1681|705|1204|548|477|470|8718|2768|7068|2440|1650|847|5989|2890|4691|2519|1298|744|102|118|102|118|0|206|1389|1473|911|883|478|646|2241|2437|2188|2444|53|92|3568|2291|1857|1594|1711|1445|327|324|327|324|0|206|1199|1364|969|1148|230|264|705|797|705|797|0|206
400C100US78580|1869868|17432|1191098|22659|607880|18251|436520|13898|171360|10734|2404|1026|1698|792|706|525|50|104|50|104|0|249|550|421|502|417|48|78|2550|1881|1789|1668|761|1098|5766|2419|3767|1392|1999|1769|471|756|471|756|0|249|108|174|70|116|38|62|2147|1330|1731|1280|416|354|733|619|170|177|563|604|0|249|0|249|0|249|215|227|170|216|45|71|0|249|0|249|0|249|2125|1114|1682|1051|443|369|1934|1212|912|653|1022|716|2906|1457|2231|1223|675|513|2912|1476|2267|1148|645|547|253|310|253|310|0|249|733|710|733|710|0|249|528|525|251|352|277|365|1508|961|1144|793|364|346|2943|1388|2307|1038|636|601|1408|792|1290|755|118|139|943|664|510|387|433|353|4367|1580|1880|869|2487|1007|1907|1124|1000|597|907|837|3135|1562|1137|839|1998|1153|0|249|0|249|0|249|4730|1719|1612|793|3118|1660|221|246|0|249|221|246|2316|1708|606|478|1710|1641|1465|1111|254|207|1211|1084|6506|1646|4784|1378|1722|689|899|459|429|330|470|380|6512|2807|3673|2101|2839|1920|50|86|50|86|0|249|3104|2067|1042|1364|2062|1562|661|537|617|523|44|77|449|599|103|174|346|575|0|249|0|249|0|249|63|102|63|102|0|249|1318|1326|987|1084|331|322
400C100US78661|2944595|14901|1854601|21621|704394|16738|456691|14158|247703|10286|11249|2305|10031|2119|1218|561|948|744|504|453|444|604|3661|1267|3109|1179|552|314|7317|1929|5853|1526|1464|840|10597|3990|9691|3578|906|583|1403|682|1330|673|73|108|1708|714|1442|638|266|231|10713|2374|6496|1935|4217|1282|2384|1094|1534|756|850|519|1821|1242|1564|1158|257|315|3468|2043|2806|1890|662|525|1876|1186|1302|810|574|471|17620|4416|10421|2960|7199|3033|4333|1663|3257|1180|1076|894|9699|3112|7250|2331|2449|1465|2386|1386|2227|1348|159|272|871|713|619|466|252|371|1912|964|1420|762|492|450|1623|899|1426|852|197|197|8598|3344|6725|2553|1873|903|5716|2009|5305|1801|411|416|3082|1528|2760|1409|322|270|1060|685|975|605|85|141|43551|6026|20337|2959|23214|4198|13306|2867|7730|1934|5576|1834|15582|3685|8693|2285|6889|2294|1020|747|989|731|31|53|37773|5764|14561|2902|23212|3842|3167|1250|1711|807|1456|698|8613|2566|3524|1242|5089|1890|4045|1936|2499|1310|1546|1033|80434|7231|51050|5637|29384|4045|7375|1944|4737|1768|2638|771|31657|6778|17309|4705|14348|3311|3021|1903|2675|1876|346|255|15917|4484|10200|3178|5717|2071|2632|1356|1822|1198|810|440|750|565|467|412|283|391|102|210|102|210|0|218|257|349|257|349|0|218|2353|1374|1455|803|898|939
400C100US78904|3271484|7973|1818598|18489|513639|13407|309404|10873|204235|10004|23139|3521|21883|3372|1256|492|410|435|327|364|83|136|8402|2028|7357|1875|1045|549|16071|3320|11002|2317|5069|1768|11519|2053|10622|1983|897|368|4832|1523|3895|1339|937|505|3929|1441|3570|1445|359|255|24186|4173|14449|2898|9737|2474|3944|1625|2565|1165|1379|1134|2152|1220|1396|813|756|718|3220|1856|2509|1392|711|645|2901|1685|2615|1676|286|268|17966|3504|12260|2542|5706|1872|9930|3122|6900|2142|3030|1378|49919|6300|44148|5728|5771|1308|9013|2626|6927|1948|2086|1233|20109|4281|13212|2888|6897|1885|6667|3306|5503|3204|1164|831|9525|2018|7506|1652|2019|855|7903|2318|6285|2177|1618|946|12983|3086|11360|2899|1623|640|13651|2466|11564|1995|2087|1014|5472|1409|4811|1351|661|405|354077|11718|159491|8739|194586|8716|18378|2872|11228|1762|7150|1842|25187|3625|14046|2264|11141|2088|681|422|376|290|305|313|44480|5208|19424|2864|25056|3762|4053|1329|2245|1055|1808|742|11228|3092|4266|1580|6962|2160|19299|4008|10368|2502|8931|2433|117267|7552|74830|6836|42437|3841|16820|2297|11452|1668|5368|1364|28095|6101|18782|5152|9313|2776|3048|851|2593|781|455|387|12673|3705|8321|3034|4352|1626|6492|2381|4718|1991|1774|839|1182|906|1041|892|141|178|65|82|65|82|0|218|416|505|379|479|37|60|7963|3343|2658|997|5305|3182
400C100US79039|1661007|3816|745204|14364|274799|8487|171790|7506|103009|7236|7212|2350|6594|2194|618|496|13|24|13|24|0|218|3760|1898|3036|1790|724|466|9358|2533|6056|1573|3302|1383|5781|1359|5428|1312|353|224|1016|513|941|509|75|100|1762|1150|1655|1141|107|103|14927|2524|10252|1949|4675|1193|1408|596|967|458|441|326|2971|1142|2521|1047|450|302|3445|1772|2709|1614|736|576|701|473|664|474|37|45|17611|4084|10241|2394|7370|2751|8470|2527|5972|1927|2498|1174|46771|5059|42218|4805|4553|1443|4390|1773|3600|1327|790|615|12519|3242|7044|2062|5475|1980|4748|1761|4039|1609|709|408|15188|2917|13292|2519|1896|877|3954|1659|3383|1547|571|411|20841|3892|17652|3583|3189|1350|21754|3824|18675|3222|3079|1305|11525|2769|10673|2660|852|469|172502|8788|96541|6253|75961|5223|15729|2703|8108|1796|7621|2015|28003|4609|15412|3389|12591|1982|424|352|375|344|49|82|113621|9226|44153|5238|69468|6018|3797|1591|1311|667|2486|1174|2733|1261|918|550|1815|914|6589|2582|4420|1731|2169|1228|45644|4978|27736|3291|17908|3028|8156|2495|5931|2196|2225|797|7647|2626|5314|1777|2333|1316|4635|1865|4358|1725|277|268|6355|2152|3770|1626|2585|1101|882|583|428|397|454|407|1479|1120|1150|880|329|509|0|218|0|218|0|218|802|651|723|587|79|129|1881|966|1244|792|637|563
400C100US80389|3363551|14747|2467816|24776|222269|10642|137052|7337|85217|6987|18678|3828|14756|2792|3922|1560|183|213|183|213|0|213|3939|1805|2883|1592|1056|813|9063|2900|6415|1796|2648|1385|10618|2088|9524|1960|1094|515|3258|2293|2771|1639|487|699|928|511|595|456|333|379|39531|6833|22059|3658|17472|4851|5208|2263|4191|1771|1017|658|3422|1695|2278|1217|1144|814|21101|4198|10600|2497|10501|2757|824|585|752|524|72|117|12338|3343|7680|2108|4658|2233|3411|1381|2363|980|1048|732|34465|4807|29440|4488|5025|1324|7971|3320|6083|2444|1888|1040|12836|4218|6066|2015|6770|2506|4581|1772|4171|1662|410|276|9373|2627|7779|2110|1594|826|15262|3219|11622|2565|3640|1317|18118|5738|14168|4804|3950|1686|13763|3132|12470|2833|1293|1053|9108|2707|7337|2384|1771|1495|119875|7707|64986|5597|54889|4782|16104|2694|9876|1763|6228|1743|36526|4368|17409|2861|19117|2710|896|858|188|245|708|732|59465|6973|22121|3258|37344|5025|14165|3705|5696|1912|8469|2151|8436|2276|4703|1510|3733|1347|10489|3675|5352|2243|5137|2377|43594|5915|29319|3837|14275|3086|25923|4028|18554|3546|7369|1791|14782|4743|8552|2932|6230|2485|3802|2490|3718|2484|84|140|38191|5927|25311|4684|12880|2618|6870|3746|5016|3125|1854|1131|13493|3352|8602|2668|4891|2127|84|113|62|103|22|45|466|294|466|294|0|213|2326|1144|1633|825|693|473
400C100US86599|2620679|13663|1989094|17508|425402|10995|254484|10642|170918|8440|13990|2826|11140|2593|2850|1020|11378|3803|8792|3342|2586|1229|5291|1691|3635|1318|1656|745|12718|3018|8667|2315|4051|1241|7148|1410|5917|1105|1231|706|1788|832|1677|782|111|137|6174|2240|4198|1611|1976|1218|9762|2207|4855|1351|4907|1507|6191|1828|4269|1510|1922|900|6308|2079|4047|1538|2261|975|5038|2310|3033|1328|2005|1618|149|177|149|177|0|242|2507|2641|1578|1526|929|1439|3238|1738|2088|1091|1150|812|4216|1416|2821|1010|1395|721|2345|1175|2153|1107|192|204|599|677|557|672|42|72|885|564|783|581|102|111|3932|2189|2012|1029|1920|1828|9074|2384|6836|1835|2238|1097|6690|2786|4937|2091|1753|1260|3449|1428|2784|1265|665|441|2685|1481|1947|1102|738|491|10410|2991|5072|1677|5338|1789|2198|1008|1508|847|690|447|4119|1458|2071|839|2048|829|847|866|802|842|45|78|16862|3109|7328|2203|9534|2076|1085|1016|168|145|917|985|4997|1867|2046|891|2951|1520|4561|2867|3159|1986|1402|1018|9946|2626|7211|2169|2735|1043|579|365|475|377|104|134|15205|4240|11333|3382|3872|1459|1915|1378|1605|1108|310|317|1283|1077|397|378|886|924|2049|1711|1467|1173|582|630|627|768|344|427|283|343|0|242|0|242|0|242|97|120|97|120|0|242|3848|1450|2212|1038|1636|900
400C100US90892|1403617|7528|1265128|9158|63741|4227|44177|3780|19564|3282|6084|1439|4638|1180|1446|712|1221|802|965|680|256|422|1395|646|1181|646|214|209|1521|1118|1110|900|411|420|3938|1190|3642|1168|296|272|1090|666|966|682|124|209|632|445|592|438|40|66|2485|1070|1732|845|753|520|479|368|479|368|0|216|208|188|208|188|0|216|735|649|275|260|460|666|0|216|0|216|0|216|560|602|243|298|317|328|1334|650|942|499|392|371|1075|633|915|571|160|195|1618|1221|803|577|815|694|0|216|0|216|0|216|1264|1439|661|579|603|944|593|398|449|356|144|180|1945|1240|1159|730|786|764|755|493|535|418|220|217|207|256|207|256|0|216|507|498|393|431|114|165|3302|1409|1759|851|1543|801|1077|678|657|416|420|395|4976|2023|2737|1282|2239|1018|0|216|0|216|0|216|2666|1269|1111|652|1555|832|661|514|392|335|269|370|649|428|571|369|78|131|2266|1254|1305|796|961|697|18269|2219|12615|1842|5654|1194|2448|1003|2357|998|91|83|4018|2344|3137|1982|881|618|365|408|365|408|0|216|485|442|388|405|97|158|2514|1269|1684|966|830|876|777|754|777|754|0|216|0|216|0|216|0|216|426|649|256|362|170|301|203|255|203|255|0|216
400C100US92242|4739231|13855|3144379|24609|718410|11007|394878|10491|323532|10698|59365|5718|45521|4729|13844|2986|9549|2039|7727|1770|1822|844|6922|1549|5766|1248|1156|654|17641|3378|13522|2640|4119|1396|16571|3225|15448|3086|1123|629|3283|1226|2918|1109|365|350|7713|1848|6901|1646|812|505|25528|4434|18911|3401|6617|1907|4838|1320|3818|1026|1020|689|2195|888|1842|824|353|262|6359|1751|5516|1523|843|540|2217|954|1638|757|579|445|40476|5881|27144|4927|13332|2231|9078|2028|6864|1584|2214|948|29484|4104|25097|3704|4387|1233|35611|6925|23995|4513|11616|3352|6371|2240|4532|1540|1839|1453|20184|3843|14114|2923|6070|1635|19874|4335|12316|2573|7558|2286|18023|2843|13186|2161|4837|1469|21616|5063|17136|3533|4480|2437|14197|3432|11827|2854|2370|1251|8420|2229|7120|1964|1300|656|86876|5517|49680|4083|37196|3513|13658|3141|8769|2132|4889|1812|56558|6340|28321|3716|28237|3903|318|413|220|264|98|160|49655|5519|22456|3013|27199|3601|3026|1384|1673|821|1353|860|8125|1838|3929|1038|4196|1299|13764|2959|9648|2300|4116|1271|35079|4346|27224|3548|7855|1610|6288|2697|3976|1849|2312|1379|58306|8868|40679|6605|17627|4050|4429|1595|3940|1458|489|372|73060|8379|46465|6549|26595|3621|52481|7544|42266|6402|10215|2468|14496|4525|11197|3852|3299|1704|0|210|0|210|0|210|189|159|172|164|17|32|14619|3706|11279|3105|3340|1580
5001600US0406|748308|16975|603696|17033|84450|10713|56385|6934|28065|5635|3784|1332|3160|1224|624|426|290|481|219|363|71|119|1624|883|1548|854|76|126|629|404|547|377|82|136|2028|939|1774|867|254|300|359|304|359|304|0|224|556|480|556|480|0|224|1927|1237|1564|1126|363|450|701|413|411|252|290|282|2962|1636|2201|1270|761|535|1095|875|1095|875|0|224|51|83|51|83|0|224|1410|894|855|649|555|479|1555|1392|1555|1392|0|224|3483|1730|2899|1310|584|851|110|175|110|175|0|224|1080|994|1080|994|0|224|973|711|719|558|254|244|2189|2100|1406|1051|783|1150|2460|1553|1709|1379|751|543|2314|1145|1779|898|535|455|955|562|775|472|180|277|774|626|774|626|0|224|4875|2137|3354|1581|1521|1099|842|724|793|685|49|82|1349|898|807|638|542|496|0|224|0|224|0|224|2527|1208|1251|664|1276|675|134|223|0|224|134|223|809|554|382|311|427|574|508|439|243|292|265|240|3948|1953|3414|1886|534|424|433|350|433|350|0|224|5491|3065|2970|1786|2521|1899|456|363|338|331|118|145|2213|1749|1798|1603|415|429|0|224|0|224|0|224|518|430|390|371|128|211|1557|1369|1279|1347|278|425|580|315|580|315|0|224|613|483|526|464|87|143
5001600US0409|740601|15442|563783|13592|123858|11302|82565|7750|41293|5646|2866|1752|2740|1745|126|149|0|224|0|224|0|224|513|345|313|231|200|258|806|565|806|565|0|224|1854|782|1570|774|284|200|563|435|441|410|122|213|283|224|222|191|61|119|564|353|564|353|0|224|336|307|336|307|0|224|228|300|228|300|0|224|1483|757|1390|753|93|150|186|331|144|256|42|75|1202|790|735|462|467|647|1461|1071|1082|978|379|315|2774|1348|2277|1030|497|482|131|157|84|138|47|80|128|165|128|165|0|224|1061|734|979|717|82|138|1246|861|594|543|652|669|422|374|292|252|130|169|1444|932|1338|866|106|124|930|911|740|869|190|319|1114|699|793|529|321|321|7535|2312|4053|1448|3482|1326|535|384|535|384|0|224|2253|1406|1426|1166|827|661|45|74|45|74|0|224|3475|1419|1152|653|2323|1101|121|151|0|224|121|151|270|354|119|147|151|250|277|241|208|201|69|117|3472|1384|2761|1187|711|533|2175|1280|1433|890|742|578|4743|1996|3308|1414|1435|840|469|262|362|192|107|174|1166|1171|751|683|415|546|534|474|481|493|53|87|1411|754|858|614|553|521|2086|1015|1583|891|503|436|573|518|452|402|121|154|225|247|125|154|100|121
5001600US0603|715609|6722|481564|9347|150459|7802|94842|6655|55617|4555|2094|1049|1748|960|346|444|24|43|0|218|24|43|368|268|209|199|159|203|969|590|742|520|227|233|1067|409|914|378|153|155|155|158|155|158|0|218|118|144|118|144|0|218|5329|2640|3311|1618|2018|1506|334|239|286|234|48|84|39|71|0|218|39|71|1517|1170|921|992|596|518|833|730|307|441|526|426|1780|1141|1302|1037|478|333|117|149|117|149|0|218|3342|2172|2373|1816|969|877|1038|867|759|558|279|442|14005|3400|6280|2118|7725|1797|176|202|176|202|0|218|793|728|372|446|421|522|1131|772|916|653|215|203|441|484|397|461|44|72|1167|1241|1167|1241|0|218|252|230|127|180|125|130|8975|2342|5432|1672|3543|1515|1380|598|875|534|505|293|1903|838|1144|660|759|396|4368|1604|3164|1383|1204|757|1525|718|615|357|910|608|1218|828|153|156|1065|768|845|724|430|408|415|387|1132|602|777|484|355|286|17634|3542|11394|2384|6240|1766|2808|1259|2061|1089|747|458|2475|1488|1551|1013|924|796|261|225|261|225|0|218|175|186|126|170|49|65|386|414|327|332|59|107|206|345|0|218|206|345|0|218|0|218|0|218|639|756|639|756|0|218|567|455|289|244|278|266
5001600US0605|677665|8046|466977|9845|136415|7404|76046|5109|60369|5167|3531|1057|2551|808|980|744|54|87|27|44|27|44|733|459|618|413|115|115|1088|708|600|388|488|420|2776|1090|2385|950|391|452|485|313|395|266|90|94|104|121|104|121|0|218|478|242|341|191|137|149|89|153|0|218|89|153|102|168|0|218|102|168|147|88|147|88|0|218|428|417|260|243|168|192|1495|961|834|657|661|478|247|279|247|279|0|218|1595|932|1029|785|566|513|296|279|101|124|195|212|2457|1442|1547|778|910|741|132|185|110|149|22|37|953|698|483|404|470|447|1076|668|990|671|86|107|0|218|0|218|0|218|356|592|162|271|194|327|36|58|36|58|0|218|6603|1672|3137|1092|3466|1081|748|439|466|287|282|228|1626|772|457|284|1169|588|215|352|157|255|58|98|4866|1746|1803|906|3063|1347|1091|753|376|268|715|607|1071|868|72|89|999|863|604|479|506|348|98|157|31249|4354|19646|3135|11603|2187|3744|1372|2338|1067|1406|662|1290|1025|604|463|686|599|224|194|37|62|187|182|641|703|641|703|0|218|843|567|376|342|467|414|542|789|343|530|199|275|0|218|0|218|0|218|24|56|24|56|0|218|234|209|201|195|33|76
5001600US0606|736353|9941|467056|12399|121684|8794|79213|6252|42471|4677|1401|806|1256|779|145|177|0|218|0|218|0|218|401|242|300|232|101|116|2127|1355|1755|1071|372|390|2349|1222|2225|1208|124|132|462|384|294|327|168|171|386|339|386|339|0|218|13062|2697|7258|1819|5804|1930|30|50|30|50|0|218|445|531|387|482|58|99|11218|4332|5178|3465|6040|2782|427|657|263|386|164|273|5665|1934|1705|686|3960|1631|1420|1157|1098|1082|322|299|10779|3100|7894|2417|2885|1149|3298|2142|2307|1644|991|849|7729|2572|3877|1539|3852|1479|221|236|144|165|77|92|2315|1974|671|594|1644|1723|5214|2209|2237|1084|2977|1664|147|242|147|242|0|218|205|221|205|221|0|218|279|475|279|475|0|218|19513|3161|7590|1761|11923|2261|2338|930|1766|859|572|386|1748|611|784|345|964|510|14366|4118|6545|2022|7821|2800|8853|2330|3209|1177|5644|1779|638|557|254|201|384|368|2896|1492|1412|1173|1484|780|2713|1324|1817|1053|896|503|12475|2262|8431|1729|4044|1195|4673|2281|1765|840|2908|1946|4827|2470|2403|2014|2424|1390|358|352|286|291|72|117|1364|1605|351|551|1013|1072|423|321|349|288|74|88|411|466|203|339|208|316|19|30|19|30|0|218|241|285|241|285|0|218|177|162|113|139|64|81
5001600US0607|742904|10448|533815|10906|57839|6873|40840|5500|16999|3179|1027|513|909|491|118|139|164|266|164|266|0|218|527|328|433|305|94|119|723|559|601|540|122|145|2294|1101|2167|1047|127|126|268|254|177|211|91|150|527|497|527|497|0|218|13133|3530|6258|1978|6875|2151|1806|1227|1225|1070|581|432|1082|855|784|664|298|343|6954|2580|3500|1839|3454|1433|1839|1893|1034|1311|805|654|12196|3769|5921|2044|6275|2160|1372|1681|999|1223|373|467|7663|2209|5818|1611|1845|1001|1534|888|1107|745|427|295|10751|3593|5708|2290|5043|1799|540|409|478|374|62|102|1330|867|825|628|505|474|6094|2350|2980|1357|3114|1348|2693|1050|2237|978|456|260|1568|830|1265|818|303|414|630|655|588|639|42|70|15692|3331|6160|1625|9532|2567|1255|540|796|419|459|281|2772|1289|1105|518|1667|1030|3953|1844|3003|1462|950|539|18354|3722|6971|1795|11383|2867|881|669|529|399|352|298|1103|706|559|335|544|484|2583|1371|1372|800|1211|916|17518|4427|10044|2464|7474|2877|2588|1152|1209|576|1379|779|3574|1624|2334|1078|1240|822|0|218|0|218|0|218|962|652|627|402|335|343|2525|1796|2060|1707|465|647|292|325|215|235|77|112|0|218|0|218|0|218|0|218|0|218|0|218|483|355|437|348|46|83
5001600US0611|730205|9907|455529|12463|155645|9468|86965|6564|68680|6328|4499|1789|4269|1769|230|200|0|218|0|218|0|218|1516|869|1326|726|190|306|3024|1764|1772|944|1252|1047|2505|911|2259|887|246|247|460|374|417|366|43|71|45|75|45|75|0|218|6674|2560|4890|2140|1784|742|737|704|655|671|82|138|165|221|165|221|0|218|1849|1193|1262|1085|587|410|712|564|646|481|66|108|6524|2376|4327|1900|2197|1051|1126|709|970|665|156|155|5050|2165|4618|2040|432|354|1836|1450|1335|1100|501|738|3803|2085|2634|1555|1169|772|1964|2228|909|856|1055|1398|1376|1003|497|521|879|738|3109|1951|2609|2006|500|406|827|563|756|504|71|119|335|331|335|331|0|218|154|251|154|251|0|218|23404|4070|11169|2197|12235|2994|1889|702|1257|606|632|305|2556|830|1414|755|1142|582|0|218|0|218|0|218|7567|2176|2947|1164|4620|1476|759|481|636|402|123|206|1756|710|798|405|958|602|3796|1763|1866|912|1930|1112|17552|2989|12256|2183|5296|1663|2108|1177|1545|1000|563|596|3969|1819|2737|1304|1232|1176|1871|1254|1762|1226|109|184|1856|1060|1282|924|574|476|1118|1151|659|566|459|683|61|103|61|103|0|218|43|72|43|72|0|218|0|218|0|218|0|218|436|311|304|234|132|206
5001600US0612|688372|7786|392141|9876|73387|5284|45323|4757|28064|3817|8946|2240|8438|2168|508|459|0|218|0|218|0|218|2847|1098|2448|974|399|404|2679|1434|2189|1242|490|393|2974|1204|2882|1192|92|129|826|527|735|513|91|150|1527|1033|1430|1050|97|162|10097|2698|5113|1884|4984|1803|855|701|827|707|28|47|265|439|265|439|0|218|733|474|471|329|262|400|1107|1213|930|1186|177|215|1483|637|1023|535|460|296|1721|1423|1147|820|574|780|6949|2293|6600|2229|349|426|526|508|526|508|0|218|2612|1953|2051|1274|561|913|3081|2987|2999|2972|82|132|1547|926|1236|731|311|426|1529|1023|1529|1023|0|218|576|633|495|622|81|132|1330|831|1330|831|0|218|716|582|552|489|164|279|118817|7673|49271|5616|69546|5752|5985|1763|3792|1267|2193|867|7864|2022|4478|1236|3386|1328|49|81|49|81|0|218|8604|2645|3044|1254|5560|2195|247|393|0|218|247|393|1870|976|739|533|1131|831|2904|1218|1362|716|1542|1038|13039|2975|7572|2024|5467|1612|1247|721|758|508|489|379|2970|2145|2378|2106|592|454|698|454|648|437|50|82|2726|1804|2017|1676|709|623|372|425|176|201|196|247|0|218|0|218|0|218|0|218|0|218|0|218|0|218|0|218|0|218|526|418|343|312|183|239
5001600US0613|724958|4911|442640|10532|115158|8004|76766|6273|38392|4477|5412|1468|5070|1417|342|204|193|318|193|318|0|218|1271|680|1144|637|127|161|3610|1378|2833|1156|777|624|2124|834|1837|778|287|258|2070|1194|1525|970|545|449|417|250|292|194|125|123|2845|974|2556|911|289|354|1711|1267|730|473|981|1122|730|759|430|375|300|447|325|410|325|410|0|218|113|158|113|158|0|218|4314|1504|3478|1343|836|460|493|362|493|362|0|218|3169|1282|2700|1198|469|377|1180|892|503|344|677|789|1631|880|962|487|669|503|555|390|485|390|70|83|1236|994|970|928|266|325|1223|639|922|575|301|208|1748|1465|1614|1395|134|164|548|532|548|532|0|218|359|288|305|239|54|94|62182|6768|25954|3462|36228|4710|2900|1053|1982|846|918|549|3910|1337|2230|708|1680|914|282|289|116|141|166|255|12616|3468|5803|2036|6813|2283|1807|1036|1200|933|607|432|2373|918|810|549|1563|804|5388|2390|3307|1563|2081|1157|11166|2623|7264|1991|3902|1403|1063|530|708|462|355|251|11146|4123|7941|3432|3205|1299|600|437|473|380|127|217|6448|2286|3502|1385|2946|1254|2882|1755|2039|1448|843|582|682|852|566|829|116|194|22|36|22|36|0|218|0|218|0|218|0|218|4416|3010|497|321|3919|2992
5001600US0614|684625|9988|370085|11014|104198|6884|63955|5296|40243|4371|2264|839|2145|823|119|191|155|239|72|108|83|136|2086|1227|1914|1218|172|158|3265|1421|1828|745|1437|979|2822|992|2725|993|97|117|624|468|624|468|0|218|1339|683|1202|650|137|182|6871|2075|4007|1181|2864|1217|693|542|323|319|370|373|1008|861|1008|861|0|218|1491|1677|1081|1208|410|499|903|752|886|751|17|29|2791|1063|1831|708|960|534|1158|581|841|425|317|293|5555|1725|4951|1639|604|379|1549|1570|1309|1260|240|400|440|388|231|283|209|170|631|352|473|318|158|225|1215|635|991|543|224|295|1713|927|772|501|941|938|457|387|407|373|50|84|2382|977|1897|810|485|414|1017|693|947|643|70|85|84500|7301|42243|4149|42257|4875|4951|1203|2542|783|2409|797|4507|1627|2965|1258|1542|657|52|86|52|86|0|218|3532|1370|1643|763|1889|962|279|343|97|160|182|208|2891|1864|1409|948|1482|1164|4721|1863|2176|1105|2545|1248|45068|4723|27739|3206|17329|3651|8469|1894|5847|1441|2622|935|7252|2553|3768|1271|3484|2006|476|323|476|323|0|218|21|36|21|36|0|218|0|218|0|218|0|218|271|321|246|322|25|45|0|218|0|218|0|218|0|218|0|218|0|218|923|540|568|428|355|401
5001600US0615|741009|7252|368535|11951|114166|6792|66889|5230|47277|4389|1197|630|1071|580|126|157|62|105|62|105|0|218|1294|914|1171|895|123|179|2231|834|1960|751|271|242|1586|682|1550|679|36|60|556|306|151|148|405|245|771|571|771|571|0|218|4002|1544|3158|1371|844|736|42|69|42|69|0|218|749|717|428|493|321|521|838|602|838|602|0|218|685|941|685|941|0|218|9517|3619|5292|1991|4225|2328|7740|3079|6283|2480|1457|859|26129|4544|22674|3819|3455|1402|5742|2737|4864|2215|878|638|8572|2725|5947|1855|2625|1117|3443|1293|2379|997|1064|759|5726|1989|5135|1797|591|440|1162|729|418|257|744|645|16038|3308|14022|3081|2016|752|8263|2435|7083|2192|1180|751|4174|1316|3633|1237|541|387|64804|7306|31184|4351|33620|4085|3183|1620|1302|712|1881|1592|11346|2237|5990|1469|5356|1157|209|214|70|117|139|179|11814|2503|5988|1695|5826|1571|1003|617|494|309|509|399|2795|1878|754|948|2041|1247|3407|1822|1688|997|1719|977|32514|4868|22319|4100|10195|1921|5477|2441|3057|1437|2420|1427|3605|1755|2848|1483|757|519|977|840|977|840|0|218|2305|1987|1920|1940|385|308|2455|1425|1713|1204|742|517|229|376|229|376|0|218|0|218|0|218|0|218|507|481|470|453|37|60|1159|1058|661|576|498|575
5001600US0617|726450|9925|272495|11473|70413|7153|46827|5452|23586|3045|3561|1752|3209|1629|352|486|13|24|13|24|0|218|2117|1663|1709|1598|408|328|4388|1814|2560|1178|1828|918|2388|762|2346|764|42|67|729|503|690|495|39|76|575|653|575|653|0|218|5233|1475|3383|1066|1850|814|288|272|216|190|72|102|639|568|613|565|26|55|1329|1331|1246|1317|83|101|13|24|0|218|13|24|8523|3101|3982|1446|4541|2491|8199|2333|5978|1753|2221|902|45460|5778|40402|5591|5058|1526|4410|1248|3751|1067|659|455|10784|3014|6680|2086|4104|1569|3674|1531|2937|1409|737|402|11723|2888|10451|2553|1272|659|913|490|874|462|39|63|20151|3201|17297|2811|2854|1245|18258|2780|16144|2584|2114|857|9393|2328|8525|2147|868|498|115589|8931|62246|5621|53343|5413|7481|1835|4617|1390|2864|993|12066|2283|5777|1666|6289|1545|474|384|425|376|49|82|36561|4706|15528|2729|21033|3064|823|586|173|202|650|489|1482|1089|517|478|965|678|4941|2351|3248|1719|1693|1070|26255|4227|16777|3233|9478|1870|4172|2112|3281|2008|891|416|4714|3044|3318|2475|1396|1312|3137|1600|2842|1433|295|271|910|677|647|455|263|255|578|560|436|438|142|189|817|876|488|543|329|509|0|218|0|218|0|218|714|633|635|568|79|129|67|109|67|109|0|218
5001600US0618|683602|12428|418641|11256|74730|9121|45238|5207|29492|5417|5698|1805|5419|1743|279|205|0|218|0|218|0|218|1576|737|1364|697|212|187|2127|1023|1398|692|729|565|4110|1271|3476|1216|634|305|552|297|552|297|0|218|1413|967|1297|949|116|114|9496|2095|6600|1803|2896|874|1195|587|944|517|251|240|2278|1005|1992|906|286|218|1734|1051|1199|821|535|550|682|495|590|471|92|150|7190|2026|4998|1655|2192|828|1441|1006|781|544|660|865|12515|2901|11174|2631|1341|697|1592|1366|1269|973|323|429|3523|1696|1934|1023|1589|1366|1457|734|1339|669|118|140|3159|1085|2832|1049|327|333|2421|1153|1905|996|516|483|3312|1562|2510|1508|802|556|6854|2620|5302|1755|1552|1125|2479|1221|2413|1213|66|86|63737|5861|39057|4358|24680|3446|8154|2165|4110|1316|4044|1675|16696|4433|10176|3159|6520|1600|0|218|0|218|0|218|5169|1605|2841|1670|2328|956|262|436|87|145|175|291|927|647|505|375|422|511|2105|1602|1624|1183|481|454|7574|2867|4430|1366|3144|1996|1415|770|1037|622|378|398|2071|699|1715|605|356|292|1664|877|1610|849|54|90|1767|1337|1065|1248|702|537|0|218|0|218|0|218|594|651|594|651|0|218|0|218|0|218|0|218|0|218|0|218|0|218|1292|857|1098|808|194|168
5001600US0619|684510|12457|298536|11798|190397|10812|120024|8004|70373|6711|557|296|445|257|112|134|0|218|0|218|0|218|913|519|658|401|255|285|3861|1834|2491|1081|1370|1036|1305|505|1222|492|83|95|83|138|43|72|40|67|160|156|123|143|37|62|2114|836|1733|678|381|300|188|180|70|115|118|137|317|316|116|130|201|218|580|416|462|330|118|133|98|114|74|90|24|39|6032|2471|3994|1608|2038|1222|1194|565|1024|453|170|199|9468|2311|8372|1971|1096|598|547|530|384|328|163|274|3966|1689|2206|978|1760|907|550|346|469|307|81|137|1841|1301|1544|998|297|485|1886|1321|1768|1318|118|135|3128|1819|2904|1779|224|191|3201|1263|3028|1199|173|221|2361|1325|2277|1337|84|100|30793|3485|15884|2393|14909|2441|1867|673|957|456|910|520|3449|1234|1474|775|1975|815|109|132|109|132|0|218|78264|8216|29825|4009|48439|5507|3095|1512|1294|707|1801|1087|802|449|224|216|578|369|591|452|317|274|274|355|18915|3114|11538|1976|7377|2148|3647|1210|2343|819|1304|628|3554|1922|2544|1412|1010|761|637|673|610|672|27|54|4150|1636|2359|1055|1791|913|456|354|89|144|367|371|68|107|68|107|0|218|0|218|0|218|0|218|88|146|88|146|0|218|742|595|253|205|489|544
5001600US0625|694621|12232|431640|12750|198752|11503|129257|7062|69495|6994|1832|1158|1641|1124|191|188|0|218|0|218|0|218|1364|771|1135|705|229|198|1656|976|1443|832|213|217|675|414|515|386|160|152|491|461|491|461|0|218|182|217|109|134|73|89|1630|950|866|684|764|673|148|245|148|245|0|218|238|361|238|361|0|218|1207|1162|1081|1127|126|119|5058|1623|3168|1062|1890|950|1726|1098|1068|663|658|518|126|148|32|52|94|121|4262|1805|3580|1511|682|508|1152|826|908|741|244|257|805|737|544|629|261|316|148|244|148|244|0|218|1452|943|867|583|585|644|1403|1236|669|426|734|1040|253|245|207|210|46|77|889|710|889|710|0|218|1027|890|891|805|136|223|4991|1582|2946|1231|2045|745|784|426|510|331|274|194|4872|1505|2491|951|2381|1034|33|54|33|54|0|218|2593|1424|1055|546|1538|1226|521|439|203|177|318|407|789|790|506|539|283|294|388|397|324|313|64|106|12355|2868|10153|2540|2202|825|1230|762|989|610|241|214|5505|2589|3469|1750|2036|1062|122|146|77|128|45|74|482|383|288|229|194|191|649|571|508|498|141|166|94|110|94|110|0|218|0|218|0|218|0|218|0|218|0|218|0|218|1097|836|994|821|103|166
5001600US0626|676200|3532|401455|8337|217157|6969|126979|5326|90178|5501|3365|1309|2591|1018|774|688|72|105|17|31|55|98|1980|1159|1634|1011|346|333|970|865|821|831|149|152|2011|927|1556|893|455|344|393|368|393|368|0|218|360|409|360|409|0|218|1298|974|642|596|656|504|663|590|663|590|0|218|0|218|0|218|0|218|279|373|279|373|0|218|489|365|489|365|0|218|3685|1826|2600|1442|1085|837|601|525|518|448|83|101|1427|741|1065|614|362|338|810|787|810|787|0|218|180|217|120|134|60|99|246|233|246|233|0|218|871|587|683|535|188|234|1366|800|1041|567|325|344|617|416|617|416|0|218|744|517|686|507|58|71|597|597|499|479|98|162|6711|2387|3291|1191|3420|1745|1571|710|824|452|747|411|2578|1262|855|510|1723|903|310|507|167|271|143|238|1941|1441|1134|841|807|637|377|347|135|215|242|393|300|280|144|185|156|205|441|545|363|425|78|127|11242|2608|6412|1409|4830|2034|1249|702|783|479|466|327|1434|1150|1042|733|392|480|605|505|543|485|62|103|0|218|0|218|0|218|1205|992|1041|891|164|183|110|180|110|180|0|218|0|218|0|218|0|218|793|1246|793|1246|0|218|3697|1891|1003|715|2694|1524
5001600US0627|654106|8437|306560|10335|124674|8037|87082|5836|37592|4260|2964|1233|2056|877|908|760|0|218|0|218|0|218|1082|567|802|455|280|238|237|268|140|134|97|159|801|421|702|378|99|125|838|597|716|563|122|117|907|744|907|744|0|218|574|490|428|389|146|199|194|222|64|85|130|154|355|528|355|528|0|218|55|70|55|70|0|218|7925|2717|6357|2483|1568|662|1856|991|1518|897|338|328|272|320|272|320|0|218|1417|833|1107|615|310|414|741|718|696|686|45|78|68|80|68|80|0|218|43|69|43|69|0|218|418|355|418|355|0|218|756|548|756|548|0|218|75|124|75|124|0|218|1069|973|1069|973|0|218|928|1189|928|1189|0|218|142688|9079|49878|5034|92810|6489|5819|2606|3198|1168|2621|1634|6792|2067|3623|1183|3169|1427|72|118|72|118|0|218|18233|3524|5796|1841|12437|2554|584|414|122|94|462|370|1735|838|689|479|1046|513|3534|1431|1422|612|2112|973|9488|2147|6540|1581|2948|1199|5336|2894|2551|2017|2785|1391|3524|1883|2276|1231|1248|888|117|271|117|271|0|218|400|311|195|162|205|170|130|136|111|132|19|37|634|639|634|639|0|218|0|218|0|218|0|218|43|72|43|72|0|218|168|176|96|127|72|122
5001600US0628|665817|14962|325307|13306|120450|9212|70328|6681|50122|5074|4963|1473|4587|1426|376|282|0|218|0|218|0|218|2419|1045|1667|882|752|480|2409|1262|1556|872|853|846|2200|733|1863|689|337|293|243|243|243|243|0|218|618|350|559|346|59|74|13317|2909|5206|1387|8111|2412|247|194|169|146|78|131|881|675|704|624|177|180|1114|646|802|521|312|301|105130|9423|55270|6730|49860|5113|10514|3403|5278|2284|5236|1751|587|738|0|218|587|738|955|578|744|492|211|243|493|397|493|397|0|218|273|354|203|335|70|115|1966|1259|937|664|1029|917|1226|1107|473|361|753|1081|2593|1172|1902|1101|691|587|667|749|238|274|429|701|291|314|247|253|44|72|354|404|354|404|0|218|8098|1572|4843|1044|3255|1089|4091|1358|2538|1045|1553|694|19464|3498|9531|2093|9933|2107|0|218|0|218|0|218|2174|1125|1058|686|1116|660|161|263|76|125|85|138|1766|876|579|305|1187|730|1298|894|579|471|719|718|20527|3908|12905|2565|7622|2110|716|459|346|314|370|300|5644|2384|3598|1562|2046|1105|939|563|559|357|380|362|332|342|165|204|167|271|107|125|107|125|0|218|0|218|0|218|0|218|0|218|0|218|0|218|0|218|0|218|0|218|1283|785|1189|765|94|156
5001600US0630|725278|20495|403093|14625|145561|11615|90224|7778|55337|5819|4265|1670|3681|1519|584|513|73|123|73|123|0|218|1630|1074|1377|1035|253|199|609|492|475|447|134|162|3632|1438|3068|1269|564|434|233|166|208|157|25|53|971|853|971|853|0|218|17448|4660|12237|3904|5211|1876|318|208|205|155|113|96|865|739|665|675|200|238|704|576|557|400|147|242|26399|4436|16343|3360|10056|2361|24807|4102|14007|2636|10800|2284|325|283|239|240|86|101|4468|1938|3971|1924|497|390|1971|1179|1342|732|629|552|1973|794|934|522|1039|470|1580|1179|1217|1019|363|597|2485|1062|1799|804|686|443|2407|1056|1954|933|453|465|2008|1159|1909|1138|99|164|526|342|414|283|112|185|464|397|464|397|0|218|9255|2792|5786|1956|3469|1452|2517|876|1317|658|1200|531|9957|2351|5158|1499|4799|1259|0|218|0|218|0|218|6936|1778|1662|655|5274|1567|594|530|436|473|158|267|1694|1155|648|599|1046|834|1645|1198|940|634|705|638|21189|3915|15466|3088|5723|1890|3743|2004|2312|1580|1431|652|5262|2263|3753|1809|1509|1022|9975|2874|7049|2329|2926|1086|787|492|671|503|116|112|682|453|506|429|176|183|1349|1166|942|990|407|610|0|218|0|218|0|218|0|218|0|218|0|218|878|485|680|421|198|201
5001600US0633|659776|13308|471091|12125|55915|6342|42914|5414|13001|2550|7247|2276|6622|2278|625|412|0|218|0|218|0|218|1835|648|1502|648|333|266|3365|1287|2482|1051|883|788|3120|1111|2962|1092|158|155|825|645|825|645|0|218|801|527|667|415|134|225|7494|2783|4327|2145|3167|1489|1981|1318|1746|1296|235|248|1181|739|794|582|387|421|1131|575|1043|552|88|146|1980|1007|1639|761|341|461|17291|3602|11516|2705|5775|1631|1126|834|1126|834|0|218|2931|1366|2120|872|811|1030|887|612|848|601|39|63|516|445|383|336|133|172|223|265|223|265|0|218|622|457|597|447|25|41|2256|749|2112|743|144|135|1038|764|906|762|132|155|670|660|644|655|26|43|301|320|192|260|109|180|20753|3555|14631|2947|6122|1690|8397|2424|3993|1645|4404|1572|17854|3803|10109|2474|7745|2221|0|218|0|218|0|218|2500|1124|1104|576|1396|908|250|350|111|133|139|230|1384|923|653|559|731|747|1743|1100|808|562|935|791|5090|1668|3972|1391|1118|631|1350|573|994|527|356|250|7250|3028|6409|3004|841|574|4600|2380|3800|1955|800|832|537|641|537|641|0|218|326|351|326|351|0|218|423|293|423|293|0|218|124|245|124|245|0|218|143|208|143|208|0|218|1225|560|997|464|228|193
5001600US0637|660795|19591|336296|11865|239720|14829|130410|11581|109310|7605|5214|2233|4494|1972|720|556|940|802|585|563|355|569|1176|648|1098|608|78|131|1072|657|876|556|196|166|2041|756|1901|732|140|133|1556|926|1392|859|164|216|246|212|246|212|0|218|2556|1136|2090|1046|466|327|581|405|424|343|157|261|1174|939|543|340|631|842|133|159|133|159|0|218|737|586|493|469|244|360|11662|3615|5762|1635|5900|2596|1237|1330|710|576|527|837|2080|1073|1852|1015|228|335|366|279|313|263|53|87|262|252|216|201|46|77|81|107|81|107|0|218|591|606|483|580|108|173|1194|684|1086|649|108|180|332|275|287|243|45|74|111|132|111|132|0|218|145|171|145|171|0|218|10343|2079|6741|1374|3602|1249|5038|2347|3424|2106|1614|744|10937|2423|5340|1589|5597|1372|110|187|0|218|110|187|1933|776|1373|563|560|527|120|141|120|141|0|218|737|507|571|483|166|165|1802|1053|1117|707|685|767|5936|2232|3842|1339|2094|1148|962|546|706|498|256|254|2276|1235|1779|903|497|480|1966|817|1708|746|258|365|2580|1078|1687|789|893|592|1338|668|985|651|353|331|0|218|0|218|0|218|132|183|132|183|0|218|123|200|123|200|0|218|2959|1437|2433|1319|526|496
5001600US0638|655843|12865|283796|10582|283149|11934|192508|9224|90641|5786|1073|901|977|890|96|156|0|218|0|218|0|218|1048|785|811|700|237|199|2874|1333|1910|1024|964|576|1126|894|932|839|194|188|216|198|68|61|148|194|326|317|326|317|0|218|482|356|270|268|212|161|109|138|109|138|0|218|187|191|187|191|0|218|0|218|0|218|0|218|3889|1667|2795|1449|1094|625|382|306|253|222|129|156|2689|1138|1595|793|1094|630|2725|952|2410|835|315|288|891|663|664|453|227|265|1005|727|371|275|634|543|665|738|267|303|398|502|879|661|657|542|222|279|670|611|670|611|0|218|807|572|712|538|95|112|760|753|760|753|0|218|520|500|409|384|111|183|14486|2918|5326|1059|9160|2330|1698|714|1039|635|659|310|13849|2702|5552|1244|8297|1888|0|218|0|218|0|218|4116|1321|1305|530|2811|946|2801|1658|1156|798|1645|1027|1795|912|685|371|1110|726|385|444|222|257|163|191|19529|3270|14177|2772|5352|1479|2764|1544|1364|794|1400|853|1494|1023|820|583|674|569|0|218|0|218|0|218|1434|1181|830|647|604|601|909|912|757|699|152|244|98|132|98|132|0|218|0|218|0|218|0|218|86|142|0|218|86|142|131|218|131|218|0|218
5001600US0639|695768|9383|351366|10932|144592|11285|98180|8283|46412|5143|1592|851|1456|763|136|223|27|47|0|218|27|47|545|454|545|454|0|218|379|292|352|286|27|58|743|483|658|439|85|106|205|179|205|179|0|218|427|296|427|296|0|218|614|479|513|386|101|166|0|218|0|218|0|218|460|510|460|510|0|218|0|218|0|218|0|218|802|763|717|730|85|102|1568|833|701|419|867|615|4395|2190|2228|955|2167|1393|2467|905|2063|810|404|291|1680|2198|1279|1758|401|460|1523|1088|936|756|587|581|936|758|772|732|164|123|1113|677|754|423|359|367|1491|910|1067|845|424|323|1204|1154|1204|1154|0|218|483|329|374|272|109|178|44|73|44|73|0|218|84753|6307|35038|3857|49715|4451|3270|1198|2033|960|1237|483|42303|5866|18285|3417|24018|3468|0|218|0|218|0|218|8383|1965|4284|1215|4099|1243|939|751|184|205|755|622|1419|1030|694|570|725|514|634|350|242|195|392|231|22325|4215|17374|3952|4951|1549|3711|1879|2002|1164|1709|866|5310|3257|3417|2171|1893|1485|46|54|46|54|0|218|1118|1181|1118|1181|0|218|2338|2487|1467|1605|871|933|179|219|136|209|43|71|0|218|0|218|0|218|50|82|25|42|25|40|334|460|63|125|271|441
5001600US0645|757452|8828|465373|11198|88786|9975|65450|9213|23336|3589|2308|890|2074|819|234|212|335|554|335|554|0|218|1364|824|1320|833|44|73|2256|1208|1413|793|843|788|2582|1097|2043|943|539|511|699|535|699|535|0|218|231|226|113|129|118|189|6071|2255|3287|1421|2784|1402|941|641|753|537|188|185|261|319|82|135|179|288|1228|948|580|542|648|556|793|836|766|844|27|45|17401|3521|11601|2820|5800|1572|3084|1932|2559|1811|525|322|7799|2588|7226|2506|573|428|3400|1489|2595|1152|805|558|1720|1295|1252|823|468|512|523|416|523|416|0|218|1391|849|1231|828|160|169|3407|1560|2909|1284|498|509|3360|2324|2860|1948|500|429|2206|1579|2179|1574|27|45|908|653|908|653|0|218|55640|6186|28285|3929|27355|4391|6887|2037|3976|1220|2911|1224|20386|4212|10451|2561|9935|2742|43|70|43|70|0|218|17099|4783|10636|4408|6463|1912|650|554|650|554|0|218|1766|976|1007|693|759|532|1893|1449|978|772|915|860|15791|4158|11001|2828|4790|2140|3766|1594|2740|1408|1026|666|9853|3196|7898|2952|1955|801|3031|1623|2499|1481|532|532|458|441|158|171|300|388|246|241|246|241|0|218|419|570|419|570|0|218|0|218|0|218|0|218|163|216|163|216|0|218|934|960|891|967|43|71
5001600US0648|679734|8097|439335|10912|94899|8122|65256|6489|29643|3863|4046|1242|3704|1176|342|222|48|96|48|96|0|218|1667|735|1161|682|506|360|2410|1246|1680|954|730|702|3012|1006|2807|959|205|197|831|602|831|602|0|218|334|356|334|356|0|218|3373|1907|2426|1682|947|691|1350|1149|1085|849|265|334|119|147|119|147|0|218|1883|1083|1429|897|454|361|1121|638|454|282|667|461|9997|3081|7607|2447|2390|1226|265|294|265|294|0|218|1079|787|964|747|115|196|1154|923|895|727|259|275|60|99|60|99|0|218|0|218|0|218|0|218|1529|1528|1529|1528|0|218|3424|1383|2573|1030|851|629|349|471|278|359|71|117|214|261|214|261|0|218|270|249|223|217|47|77|12807|3039|6797|1919|6010|1946|3710|1733|2359|1241|1351|785|5282|1928|2061|931|3221|1265|836|942|565|867|271|328|64419|7114|23328|3402|41091|5140|1385|1656|739|1045|646|641|1786|965|487|316|1299|845|1280|825|808|646|472|395|4552|1291|3364|1114|1188|534|1670|954|1308|941|362|292|8400|2801|5172|1995|3228|1493|263|252|127|121|136|168|0|218|0|218|0|218|125|208|125|208|0|218|239|289|149|180|90|146|0|218|0|218|0|218|0|218|0|218|0|218|211|195|134|151|77|124
5001600US0652|734257|14054|520669|14225|66916|7913|48372|6365|18544|3224|2964|1027|2602|958|362|248|0|218|0|218|0|218|1493|957|1493|957|0|218|3838|1549|2565|1040|1273|796|6090|3815|5611|3403|479|497|607|389|580|386|27|46|980|557|771|463|209|226|6579|2063|4381|1689|2198|978|1031|642|639|505|392|349|1266|1201|1047|1115|219|303|319|445|50|80|269|438|591|591|372|300|219|363|9848|3630|5598|2067|4250|2713|2714|1144|2046|785|668|804|7004|2450|4725|1435|2279|1432|1999|1292|1840|1250|159|272|292|313|262|300|30|51|1793|967|1301|766|492|450|1124|693|1028|659|96|96|1373|744|1087|652|286|269|4698|1843|4287|1604|411|416|2320|1358|2050|1226|270|245|743|582|658|488|85|141|27969|4307|14070|2079|13899|3378|5716|2180|3187|1348|2529|1268|9303|2935|4866|1889|4437|1939|130|168|130|168|0|218|11302|2709|4655|1283|6647|2001|673|560|443|327|230|281|2120|1233|965|580|1155|995|1098|787|683|448|415|523|18897|4282|12785|3020|6112|2023|1018|564|683|463|335|323|4177|1967|2445|1267|1732|1185|2430|1857|2270|1849|160|186|852|523|774|492|78|93|0|218|0|218|0|218|467|412|467|412|0|218|102|210|102|210|0|218|67|139|67|139|0|218|685|519|613|509|72|119
5001600US0806|785867|8587|593977|9883|101805|6893|59033|4829|42772|4393|4169|2478|2778|1406|1391|1213|96|156|96|156|0|211|337|242|287|228|50|82|2275|1679|1632|1137|643|715|2946|858|2732|850|214|266|197|152|197|152|0|211|744|665|744|665|0|211|6853|2650|3777|2009|3076|1455|1597|1052|1134|933|463|404|471|494|296|310|175|207|513|373|272|233|241|235|526|512|288|383|238|285|850|685|571|549|279|270|1062|806|922|720|140|185|1655|1151|1575|1115|80|133|113|152|65|86|48|69|100|135|100|135|0|211|166|191|74|95|92|127|2503|1232|1037|509|1466|1006|1548|893|1151|707|397|427|1861|1199|1750|1176|111|185|1545|892|1154|670|391|437|1440|967|1429|966|11|20|7245|1837|3513|1119|3732|1403|148|118|40|67|108|108|6460|1962|4008|1721|2452|769|476|406|123|140|353|355|6247|2680|2576|1295|3671|1631|704|523|131|163|573|463|614|503|531|430|83|142|3005|1745|1008|793|1997|1350|2569|1330|2160|1172|409|385|1825|997|601|474|1224|732|8384|3143|5497|2263|2887|1754|361|484|167|178|194|322|10778|3903|4963|2236|5815|2560|3482|2223|1710|951|1772|1874|1458|984|1191|887|267|416|56|91|56|91|0|211|427|483|353|470|74|113|2279|1992|2067|1969|212|256
5001600US0901|681834|6939|512409|8591|92480|5531|57903|4098|34577|3682|6037|1868|3971|1249|2066|1056|417|315|296|259|121|180|3474|1120|2111|807|1363|613|5583|1672|3461|1407|2122|855|1434|640|1434|640|0|217|127|154|127|154|0|217|1213|828|883|585|330|442|1743|757|918|559|825|430|10804|2858|5927|1904|4877|1588|2296|1481|1386|1175|910|701|549|497|497|490|52|87|53|87|53|87|0|217|316|401|316|401|0|217|2886|1449|1852|965|1034|675|2075|1143|1696|931|379|484|1408|873|1025|784|383|265|472|401|291|312|181|264|1612|697|967|488|645|437|1371|857|1114|722|257|400|4224|3179|3511|2475|713|812|1357|1085|814|734|543|560|4647|1834|3836|1407|811|756|1028|855|694|493|334|477|4366|1364|2557|926|1809|772|482|616|482|616|0|217|1073|853|453|466|620|574|77|144|77|144|0|217|3372|1604|1407|756|1965|1304|394|424|284|286|110|190|777|556|314|256|463|380|740|824|328|340|412|538|622|457|387|344|235|216|391|325|121|207|270|261|1413|904|940|647|473|368|338|305|206|205|132|223|703|593|220|260|483|444|3685|1777|2659|1345|1026|744|298|379|298|379|0|217|0|217|0|217|0|217|1268|1204|728|809|540|450|1820|1109|1516|989|304|416
5001600US0903|677973|8077|525230|9622|81672|7075|49141|5505|32531|3946|4448|1669|3136|1159|1312|762|2551|1021|1304|698|1247|738|6421|1946|4387|1378|2034|994|6839|1861|3888|1194|2951|1375|1345|730|1311|727|34|57|194|173|194|173|0|217|1370|763|1139|760|231|208|2178|994|995|528|1183|780|4022|1725|2487|1290|1535|818|511|358|488|363|23|51|599|344|489|340|110|187|167|180|167|180|0|217|311|302|235|279|76|129|898|619|601|549|297|226|1427|753|1259|676|168|176|771|703|663|659|108|179|0|217|0|217|0|217|1565|1199|631|533|934|700|461|318|268|228|193|255|6185|2244|3710|1427|2475|1362|477|530|477|530|0|217|551|528|551|528|0|217|334|389|334|389|0|217|7737|1815|3355|1027|4382|1267|540|380|282|242|258|261|1348|629|386|286|962|575|0|217|0|217|0|217|1149|693|526|444|623|417|929|859|135|195|794|740|815|566|454|386|361|361|2172|950|1500|734|672|456|1800|1076|1466|997|334|223|264|336|190|230|74|115|1683|1273|899|597|784|767|878|659|807|595|71|118|380|462|254|425|126|213|2420|1389|1582|1060|838|767|1794|2320|1150|1574|644|765|0|217|0|217|0|217|145|155|126|153|19|33|3392|2336|3355|2333|37|67
5001600US0904|704887|5841|491057|9398|114006|7207|58984|5665|55022|5660|3054|1194|2887|1103|167|228|11920|3838|6269|2574|5651|2413|5680|1549|4061|1238|1619|809|9593|2705|5084|1440|4509|1620|2623|965|2499|944|124|143|1121|658|908|553|213|259|3177|1891|2432|1454|745|566|4140|1665|2649|1207|1491|687|6433|2309|3666|1375|2767|1402|1112|1017|1112|1017|0|217|3343|1699|1645|867|1698|1334|493|468|493|468|0|217|238|291|159|177|79|134|848|490|710|462|138|112|4337|1684|3589|1309|748|587|691|627|584|617|107|160|595|587|483|431|112|198|2651|3374|1888|2303|763|1085|1364|939|1033|698|331|301|4867|1635|3401|1124|1466|774|1040|967|924|888|116|154|1352|803|1102|676|250|415|547|596|547|596|0|217|8964|2125|5720|1464|3244|1164|739|546|514|395|225|194|1665|1018|992|738|673|578|0|217|0|217|0|217|1274|746|489|407|785|566|43|72|0|217|43|72|1436|1204|1126|978|310|310|774|616|535|384|239|351|3607|1825|2356|987|1251|1086|732|1023|555|754|177|277|2287|1321|856|571|1431|990|611|575|563|523|48|80|294|458|27|44|267|455|3358|2167|2910|2112|448|521|156|262|156|262|0|217|0|217|0|217|0|217|159|257|159|257|0|217|2506|1311|1840|1228|666|480
5001600US0905|687437|10218|517208|12104|94698|8507|53047|6899|41651|5070|2407|688|2107|639|300|214|861|689|480|551|381|368|5077|1427|4166|1275|911|488|12541|3198|7209|2040|5332|1991|907|456|861|451|46|77|450|436|450|436|0|217|1217|903|625|481|592|482|958|568|505|462|453|398|10477|2111|5903|1581|4574|1284|636|549|447|386|189|184|3154|2642|1681|1320|1473|1422|0|217|0|217|0|217|636|451|388|318|248|290|1763|1476|1364|1184|399|369|2569|1303|2013|1218|556|528|1158|949|774|650|384|446|300|436|114|146|186|303|640|527|272|365|368|567|670|477|670|477|0|217|2983|1106|1690|698|1293|651|662|666|543|517|119|190|1906|1549|1612|1496|294|340|1099|817|770|672|329|348|7793|3354|3011|1332|4782|2506|664|469|497|363|167|172|1935|1061|1413|934|522|318|0|217|0|217|0|217|1656|987|291|245|1365|868|334|532|89|143|245|392|1089|1070|331|326|758|814|589|749|589|749|0|217|1275|752|730|492|545|580|0|217|0|217|0|217|3287|1561|2359|1293|928|698|180|228|180|228|0|217|300|502|300|502|0|217|1040|768|702|567|338|400|1094|1401|1094|1401|0|217|0|217|0|217|0|217|99|159|99|159|0|217|1125|671|953|637|172|211
5001600US1000|950345|117|810522|8058|70724|3708|42202|3735|28522|3551|2471|1047|1441|588|1030|706|6395|3158|4167|2102|2228|1409|2275|934|1562|784|713|620|1039|937|460|541|579|729|2633|862|1962|765|671|445|2994|1958|1308|862|1686|1766|2288|1500|1880|1357|408|482|950|474|684|430|266|184|281|280|228|265|53|90|0|210|0|210|0|210|621|506|465|377|156|203|0|210|0|210|0|210|20|36|20|36|0|210|2083|1186|1208|739|875|675|3431|1637|2771|1310|660|609|1473|1405|1342|1402|131|181|0|210|0|210|0|210|1811|1238|1525|1077|286|283|276|352|276|352|0|210|645|512|590|476|55|93|1516|1032|902|668|614|972|2199|1562|1835|1178|364|448|1257|1119|1043|928|214|351|8759|2130|5109|1496|3650|1156|311|269|182|232|129|141|1815|948|553|428|1262|747|0|210|0|210|0|210|2605|1898|1185|1088|1420|936|0|210|0|210|0|210|386|284|279|222|107|103|862|739|440|437|422|444|3960|1399|3018|1232|942|492|0|210|0|210|0|210|6136|2949|3961|2212|2175|1138|88|102|88|102|0|210|256|424|120|200|136|225|4529|1854|3784|1562|745|683|1290|1234|1251|1237|39|63|0|210|0|210|0|210|38|72|0|210|38|72|1406|811|1052|679|354|347
5001600US1214|765777|13666|510075|13326|191949|10301|101174|7727|90775|7329|3316|1335|2541|1102|775|590|3952|1748|3119|1510|833|620|1518|818|1141|668|377|319|4470|1760|3343|1391|1127|688|1787|903|1419|643|368|553|444|501|370|388|74|121|546|369|379|264|167|192|2895|1368|1568|770|1327|842|109|133|109|133|0|242|658|488|431|331|227|240|901|794|803|673|98|160|70|114|70|114|0|242|2461|2639|1532|1522|929|1439|774|594|684|518|90|148|1811|1113|1452|862|359|365|621|562|585|550|36|60|526|665|484|661|42|72|693|547|674|541|19|32|2398|1935|946|781|1452|1766|1798|911|1468|791|330|337|1955|1162|1762|944|193|312|2416|1364|1911|1219|505|382|725|541|562|413|163|196|5063|1922|2754|1263|2309|979|903|550|555|546|348|307|1031|513|486|279|545|362|0|242|0|242|0|242|6112|1917|3175|1709|2937|1061|94|124|33|55|61|107|517|375|356|310|161|222|1645|1522|1246|1062|399|490|1918|896|1557|940|361|360|37|61|37|61|0|242|4653|2690|3932|2220|721|567|578|764|423|509|155|261|989|945|201|194|788|907|1595|1701|1013|1149|582|630|430|699|242|392|188|309|0|242|0|242|0|242|65|110|65|110|0|242|1279|859|757|546|522|560
5001600US1221|756825|11614|459340|12939|168990|8508|88818|6579|80172|6045|6242|2093|3467|1310|2775|1327|63284|9729|34044|6713|29240|5983|2484|920|1526|828|958|685|15899|4991|10163|3730|5736|1762|2940|964|2498|887|442|220|1033|562|912|533|121|145|732|557|650|507|82|141|2385|1234|1294|727|1091|797|1744|790|1135|522|609|513|1312|785|687|420|625|685|529|420|282|204|247|366|166|285|166|285|0|242|150|179|69|112|81|137|1419|827|820|567|599|523|1270|1239|1270|1239|0|242|509|644|341|396|168|281|0|242|0|242|0|242|1648|1409|963|873|685|828|304|484|147|231|157|256|1652|1337|1465|1304|187|184|577|767|367|598|210|250|700|728|614|672|86|138|752|761|487|485|265|348|3993|1851|1912|1177|2081|1369|630|305|345|236|285|237|102|126|56|91|46|80|0|242|0|242|0|242|1214|718|568|343|646|614|76|127|76|127|0|242|500|509|268|400|232|200|1567|1108|880|765|687|514|1657|812|1050|652|607|613|275|219|204|171|71|120|3845|2137|2929|1704|916|627|1473|697|1343|648|130|151|0|242|0|242|0|242|1468|1337|1192|1092|276|448|332|429|83|139|249|409|0|242|0|242|0|242|0|242|0|242|0|242|3632|2062|2006|1488|1626|1483
5001600US1223|721025|9135|358811|10724|255591|11501|157573|10786|98018|7264|10914|2770|8330|2488|2584|1014|17707|5528|14867|5056|2840|1205|2489|1077|1915|937|574|400|9229|2089|6295|1434|2934|1322|1541|852|1406|809|135|133|697|600|469|359|228|373|1158|815|911|945|247|403|15370|3489|7772|2321|7598|1977|1726|956|1341|834|385|303|195|196|128|159|67|111|2300|1172|1972|1104|328|296|0|242|0|242|0|242|83|138|83|138|0|242|540|490|508|460|32|53|3056|1604|2682|1389|374|332|1068|1025|1068|1025|0|242|0|242|0|242|0|242|1051|1245|453|409|598|919|329|375|329|375|0|242|3574|1834|2783|1834|791|563|1934|1332|1934|1332|0|242|642|617|471|485|171|202|940|790|429|512|511|625|5807|3421|2746|2075|3061|1643|292|220|0|242|292|220|1443|776|1038|604|405|360|0|242|0|242|0|242|1050|862|453|434|597|668|53|89|53|89|0|242|676|513|296|426|380|269|848|843|504|464|344|494|3459|1415|2445|1275|1014|707|416|344|182|252|234|311|2907|1545|2117|1261|790|600|7017|2918|5478|2674|1539|824|45|75|45|75|0|242|662|690|662|690|0|242|184|305|184|305|0|242|0|242|0|242|0|242|248|257|195|250|53|69|4973|2518|4238|2258|735|742
5001600US1306|713779|10479|534838|12347|64355|6672|34581|4562|29774|4302|5240|2191|3909|1716|1331|914|1588|1527|1498|1502|90|156|1508|1493|1508|1493|0|247|7140|2269|5928|1967|1212|915|1796|955|1712|883|84|141|504|492|504|492|0|247|1806|1764|1323|1242|483|654|5934|2312|4830|2096|1104|833|148|177|148|177|0|247|301|232|155|142|146|173|1211|764|900|606|311|277|66|113|66|113|0|247|3338|1596|1836|827|1502|1025|3291|1913|2146|1031|1145|1053|10637|2714|8791|2359|1846|1125|1835|1192|1530|1086|305|316|67|113|67|113|0|247|1155|981|631|586|524|487|3356|1703|3088|1500|268|320|1485|1158|780|720|705|910|9250|3868|7044|3466|2206|1078|5918|2799|5336|2575|582|557|3114|1843|2848|1752|266|319|15093|3484|9333|1777|5760|2433|3051|1400|1083|645|1968|1087|6526|2162|3494|1229|3032|1314|171|284|171|284|0|247|2258|1417|566|334|1692|1293|150|252|150|252|0|247|360|339|307|278|53|112|1330|1140|529|533|801|988|1209|667|968|562|241|312|1559|1478|1101|1151|458|501|3434|2274|2298|1501|1136|1035|1612|1012|1265|866|347|387|3033|1668|1864|1263|1169|943|778|862|451|461|327|563|1396|1359|1135|1138|261|345|0|247|0|247|0|247|704|818|704|818|0|247|1234|909|1190|909|44|76
5001600US1307|807914|15350|508238|17189|137904|9765|74329|8453|63575|6303|4460|2233|3970|1801|490|688|1643|1065|860|621|783|652|436|453|250|314|186|313|1247|824|774|586|473|555|3143|1605|2711|1455|432|409|648|659|547|542|101|161|99|171|99|171|0|247|1875|1036|1366|914|509|416|278|374|170|208|108|180|5119|3903|2512|2179|2607|1924|1006|816|674|610|332|324|0|247|0|247|0|247|3164|1799|1848|1205|1316|744|3827|1837|2695|1425|1132|874|7781|2003|6578|1782|1203|771|5290|2168|4215|2009|1075|604|806|754|678|710|128|170|5749|3292|3291|1824|2458|1646|3114|1559|2669|1372|445|630|4806|2442|3102|2143|1704|745|6846|2089|5561|1848|1285|848|3349|1346|3047|1224|302|264|3505|1764|2927|1553|578|473|15945|4164|6055|1836|9890|3123|2082|1366|1046|629|1036|1194|28888|4813|13070|2665|15818|3826|701|698|701|698|0|247|18780|5747|9482|4529|9298|2597|135|193|135|193|0|247|1684|1118|1231|943|453|412|2344|1413|735|558|1609|1146|1808|1000|1479|840|329|375|521|662|382|614|139|201|7552|5722|5371|4572|2181|1981|154|194|112|135|42|69|1798|1003|1132|631|666|576|9732|3638|9225|3430|507|546|1018|1299|893|1288|125|220|0|247|0|247|0|247|0|247|0|247|0|247|439|415|334|390|105|164
5001600US1705|705626|15042|473917|13399|102573|8785|64485|6278|38088|5263|3860|1688|3237|1298|623|504|425|510|414|510|11|24|3155|1107|2375|938|780|334|2033|934|1672|746|361|302|2421|921|2127|865|294|278|623|439|623|439|0|201|5330|1730|3884|1248|1446|726|3209|1395|1376|633|1833|966|31628|5098|16252|3253|15376|2728|7009|2204|4112|1523|2897|1455|7232|2384|3191|1177|4041|1884|0|201|0|201|0|201|610|445|468|396|142|165|2492|1163|1539|735|953|692|1581|685|1456|663|125|115|6835|3341|5078|2766|1757|1172|74|117|74|117|0|201|508|539|460|530|48|102|188|180|188|180|0|201|5287|1925|3919|1592|1368|846|445|407|379|360|66|111|186|247|186|247|0|201|2650|2619|1942|2116|708|606|5962|1868|4193|1261|1769|887|712|453|572|425|140|173|2759|997|1182|474|1577|784|85|138|85|138|0|201|3412|1165|1824|789|1588|692|578|585|78|130|500|550|1226|729|377|344|849|566|2013|1080|1540|867|473|401|12889|2953|8717|2143|4172|1348|787|535|503|378|284|298|6189|2644|4618|2027|1571|987|0|201|0|201|0|201|2577|1623|1856|1429|721|635|1065|1219|809|1189|256|284|292|193|268|191|24|45|0|201|0|201|0|201|666|1056|666|1056|0|201|143|137|143|137|0|201
5001600US1706|713465|10961|561708|11430|54731|7241|37850|6170|16881|3295|1790|1121|1790|1121|0|201|119|180|111|172|8|18|1801|779|1448|743|353|218|579|405|488|360|91|108|2685|1378|2562|1369|123|135|296|416|296|416|0|201|1401|807|1166|710|235|287|2830|1583|1840|1077|990|681|14402|3817|10363|3481|4039|1270|1584|755|860|474|724|610|5324|2083|2718|1242|2606|1216|37|63|37|63|0|201|594|538|496|479|98|163|3088|1281|2107|1025|981|448|2688|1142|2193|1031|495|342|5539|2089|4720|1894|819|527|974|838|509|402|465|462|801|906|695|861|106|123|1098|744|1049|721|49|84|7058|2674|4297|1727|2761|1431|4418|1675|3377|1201|1041|690|1986|1078|1866|1042|120|199|1363|1099|1316|1087|47|74|10240|3401|5988|2477|4252|1333|1440|959|427|296|1013|854|5186|1976|2164|996|3022|1558|0|201|0|201|0|201|1417|903|866|668|551|413|481|466|303|282|178|243|2380|2315|1077|842|1303|1531|2798|1539|1271|972|1527|821|5360|1692|4050|1379|1310|780|632|625|632|625|0|201|3143|1822|2557|1679|586|548|132|187|132|187|0|201|903|715|464|382|439|414|272|430|132|213|140|219|59|84|59|84|0|201|0|201|0|201|0|201|0|201|0|201|0|201|128|122|82|98|46|74
5001600US1708|658645|11209|353949|11590|163086|11982|99942|8092|63144|6620|1177|842|1136|838|41|69|0|201|0|201|0|201|3283|1221|2512|985|771|461|489|331|346|243|143|180|2250|1048|2101|1041|149|159|80|97|80|97|0|201|1489|742|990|557|499|320|4125|1480|2188|1039|1937|909|28525|5088|15895|3122|12630|3217|3043|1541|2059|1026|984|874|8488|2223|4343|1446|4145|1402|334|376|233|265|101|156|136|158|66|104|70|116|14348|4055|7710|2325|6638|2624|5030|1961|3983|1523|1047|782|11265|2924|9139|2640|2126|852|1232|924|651|711|581|575|616|745|451|562|165|193|1999|1242|1468|933|531|546|5488|1802|3446|1285|2042|814|1568|1155|1008|695|560|652|3433|1889|3258|1878|175|157|2336|1218|1640|825|696|593|3501|1274|2014|1051|1487|667|3804|1448|2472|937|1332|705|6750|2418|2843|1317|3907|1670|0|201|0|201|0|201|1982|1347|748|791|1234|687|297|408|64|108|233|304|1632|952|481|465|1151|599|5273|2143|3800|1822|1473|1114|9084|2414|6948|2049|2136|1055|645|471|566|458|79|102|3397|2185|2808|1961|589|405|135|223|135|223|0|201|2028|1076|886|432|1142|898|1347|1045|1135|845|212|288|225|290|64|97|161|274|0|201|0|201|0|201|139|179|139|179|0|201|637|557|284|247|353|492
5001600US1709|697164|14300|461819|11681|63858|8288|40287|5681|23571|4254|5114|1291|4276|1116|838|556|2458|1871|1347|796|1111|1641|1937|812|1356|721|581|319|901|565|834|565|67|110|2857|1209|2231|839|626|518|1290|823|932|598|358|430|6555|2719|5375|2595|1180|658|10186|2937|6205|2356|3981|1283|21302|4814|12737|2998|8565|2269|8576|2642|5299|2063|3277|1217|6238|1641|4317|1555|1921|899|792|545|410|286|382|439|1720|1047|580|380|1140|865|4891|2046|2317|1096|2574|1191|3927|1422|3121|1208|806|570|11488|3145|7727|2314|3761|1517|1181|853|871|592|310|313|743|530|448|367|295|313|3301|1667|1747|1016|1554|890|12008|3512|7940|2976|4068|1492|1285|902|904|708|381|352|1503|1566|739|954|764|1215|1356|789|1229|784|127|153|7736|2093|4270|1634|3466|1258|1514|1118|1127|885|387|335|7022|1828|2702|942|4320|1334|0|201|0|201|0|201|5362|1816|1649|755|3713|1477|117|146|69|115|48|82|1663|928|858|551|805|598|2540|1567|1178|623|1362|1249|10182|2218|7253|1833|2929|946|1882|1152|1484|1049|398|306|4708|2040|2266|1052|2442|1297|1774|839|1356|618|418|357|9269|2822|5757|2147|3512|1297|2940|1393|1971|1044|969|576|1823|1677|617|490|1206|1513|0|201|0|201|0|201|0|201|0|201|0|201|1346|836|1299|777|47|81
5001600US1710|678264|7576|428591|10524|129891|7425|77403|5697|52488|5381|2383|1347|2166|1155|217|292|761|827|736|825|25|61|1232|543|983|462|249|210|1353|753|780|576|573|474|2973|1408|2502|1301|471|336|382|381|329|369|53|89|2803|1165|2157|1009|646|418|10030|2568|6371|2062|3659|1303|13095|3267|7814|2631|5281|1560|1385|954|1217|913|168|178|3779|1568|1131|682|2648|1305|382|309|382|309|0|201|878|562|605|473|273|274|6201|2241|4143|1743|2058|993|5470|2097|4471|1854|999|608|5461|3063|4086|2033|1375|1177|182|224|182|224|0|201|671|456|671|456|0|201|2285|1401|1921|1311|364|314|2425|1051|1479|832|946|531|4521|1967|3925|1691|596|502|3289|1336|2302|783|987|874|3686|1658|2154|1138|1532|806|8144|1763|5596|1419|2548|768|666|438|462|279|204|329|12988|3372|5629|1699|7359|2305|58|94|58|94|0|201|1073|638|893|574|180|178|857|711|340|399|517|411|510|381|223|234|287|250|3126|2427|2568|2088|558|526|8354|2378|5676|1716|2678|875|400|401|370|394|30|50|4470|2081|3555|1708|915|625|361|254|331|245|30|64|912|760|722|689|190|189|1497|839|1135|649|362|333|11|24|11|24|0|201|0|201|0|201|0|201|454|697|454|697|0|201|274|227|116|140|158|180
5001600US1711|675900|9784|455398|13528|144470|7854|89652|6555|54818|4788|3180|1835|2748|1694|432|323|10|22|0|201|10|22|766|380|450|300|316|179|261|225|182|180|79|92|896|483|639|406|257|223|80|133|80|133|0|201|485|457|438|389|47|77|3196|2087|2434|1989|762|566|4175|1758|2687|1250|1488|702|1309|993|1109|795|200|334|3625|1755|2880|1434|745|598|0|201|0|201|0|201|788|688|748|672|40|65|3049|1218|1961|884|1088|649|5490|1847|4185|1497|1305|1012|3655|1459|2702|1326|953|574|668|828|628|823|40|67|1329|908|1145|828|184|186|1842|1363|1256|904|586|593|6790|2929|2921|1444|3869|1991|3391|1704|2162|927|1229|1079|4110|1733|3255|1417|855|884|1101|629|984|555|117|145|7031|1779|3618|1101|3413|1133|63|82|63|82|0|201|1266|697|666|520|600|374|117|183|117|183|0|201|448|414|83|128|365|354|70|89|37|64|33|64|412|400|183|208|229|259|1118|907|466|569|652|597|6466|2520|4775|1852|1691|933|1871|1349|1618|1171|253|371|2599|2180|1849|2044|750|522|370|380|187|198|183|316|833|1089|739|1078|94|158|2345|1522|1428|975|917|762|432|478|147|236|285|435|0|201|0|201|0|201|0|201|0|201|0|201|395|364|136|178|259|237
5001600US2003|744461|1997|629019|5500|67558|4108|40810|3085|26748|3379|1817|730|1342|573|475|315|187|280|0|187|187|280|108|129|108|129|0|187|848|517|620|449|228|231|1894|721|1701|681|193|243|764|694|423|341|341|516|0|187|0|187|0|187|2059|836|1205|635|854|507|80|97|80|97|0|187|372|365|372|365|0|187|174|209|174|209|0|187|29|48|29|48|0|187|693|420|387|292|306|235|689|422|656|411|33|54|1167|727|997|706|170|164|1022|744|774|601|248|248|2787|2219|1876|1466|911|1039|1958|1250|1730|1130|228|236|1717|895|887|556|830|739|131|151|131|151|0|187|3776|1592|3288|1493|488|318|449|350|399|331|50|82|1183|823|1183|823|0|187|5257|1759|3281|1255|1976|804|372|310|261|242|111|190|396|299|232|187|164|148|2034|1690|1707|1501|327|320|1752|821|891|696|861|442|0|187|0|187|0|187|1080|631|788|484|292|224|3341|1601|1364|701|1977|1050|1292|637|887|388|405|415|369|353|256|315|113|143|1902|1007|1606|902|296|331|479|447|479|447|0|187|2144|1145|1328|948|816|427|319|383|226|275|93|160|3048|1663|2921|1626|127|186|0|187|0|187|0|187|54|64|54|64|0|187|141|172|141|172|0|187
5001600US2403|703663|18731|566651|16551|50483|7551|29843|5623|20640|3534|9539|2467|6990|1920|2549|1433|2271|1441|2105|1385|166|198|665|433|612|424|53|89|2771|1736|1426|791|1345|1196|1894|781|1618|653|276|440|160|239|160|239|0|216|1799|1093|1553|1096|246|237|3742|1337|1354|688|2388|1121|555|373|555|373|0|216|179|248|179|248|0|216|968|798|843|639|125|211|44|73|44|73|0|216|583|399|381|319|202|238|841|759|693|646|148|166|2991|1172|2304|987|687|559|2537|1414|2052|1007|485|565|932|670|639|490|293|294|1570|1118|1320|901|250|309|3300|2027|1730|980|1570|1332|1063|598|880|501|183|202|413|322|413|322|0|216|1583|1147|1242|865|341|475|959|831|743|730|216|238|6990|2254|3817|1137|3173|1503|1052|820|520|461|532|476|5884|1588|3750|1218|2134|763|0|216|0|216|0|216|3103|1385|1490|731|1613|936|0|216|0|216|0|216|284|357|35|59|249|330|1574|871|1073|629|501|391|4858|1545|3596|1376|1262|654|621|590|621|590|0|216|4203|1608|2716|1101|1487|923|1515|954|1186|811|329|331|3545|1357|2889|1084|656|438|6437|2209|5016|1836|1421|801|3001|1479|2393|1356|608|545|0|216|0|216|0|216|0|216|0|216|0|216|2103|1251|2103|1251|0|216
5001600US2405|759710|12301|633505|12472|63292|7400|34450|5024|28842|4131|7328|2247|4988|1748|2340|1058|1978|1253|1783|1212|195|205|473|299|408|303|65|108|658|510|556|474|102|175|1790|864|1790|864|0|216|895|806|622|570|273|300|268|234|268|234|0|216|1020|575|910|494|110|128|78|97|78|97|0|216|474|450|474|450|0|216|185|208|45|72|140|165|0|216|0|216|0|216|1080|867|300|220|780|760|1298|1039|625|533|673|705|1821|1286|1272|893|549|493|1975|1315|1627|920|348|553|558|404|372|259|186|234|492|403|242|205|250|265|1128|911|615|615|513|425|891|752|710|632|181|312|250|250|250|250|0|216|643|636|591|613|52|87|780|599|450|416|330|379|3975|1488|2004|881|1971|880|962|916|529|498|433|429|2201|944|1508|839|693|425|75|118|75|118|0|216|2862|1517|1411|789|1451|850|357|350|186|191|171|171|313|291|119|148|194|203|1351|1162|1311|1153|40|68|4704|1601|3158|1163|1546|1036|292|200|68|89|224|188|3465|2305|2746|1816|719|625|0|216|0|216|0|216|972|832|416|340|556|594|10536|3348|8631|2796|1905|1457|2574|1927|2526|1916|48|79|0|216|0|216|0|216|51|84|51|84|0|216|2160|998|1662|1010|498|404
5001600US2406|745378|12178|530761|11479|86035|8788|49502|5706|36533|5381|11419|2771|7793|2163|3626|1201|1010|493|910|449|100|122|1290|761|1110|737|180|173|2546|1290|1563|792|983|895|2746|1199|2641|1183|105|126|634|391|561|342|73|119|1376|903|1294|889|82|131|6176|2303|4318|1682|1858|1075|277|274|227|234|50|82|102|165|0|216|102|165|940|945|717|737|223|294|232|382|232|382|0|216|4434|1558|2890|918|1544|977|2482|1091|1967|913|515|402|4485|1376|3452|1143|1033|660|7471|3713|4674|2136|2797|1793|1562|691|1273|612|289|296|1159|612|1117|600|42|69|4086|2568|2902|1617|1184|1057|1677|1071|1174|781|503|795|4316|1876|3246|1477|1070|862|4260|2431|2833|1513|1427|1209|1818|984|1687|932|131|217|25222|3869|13219|2618|12003|2137|971|766|490|382|481|547|5001|1557|2805|926|2196|959|243|395|145|236|98|160|2525|969|1338|677|1187|531|106|127|42|70|64|80|982|1236|208|336|774|918|1395|722|880|511|515|338|5719|1716|4599|1598|1120|693|653|640|297|348|356|375|2802|1212|2175|1019|627|419|775|688|775|688|0|216|4826|2488|2622|1484|2204|1258|6903|1841|5662|1736|1241|767|1432|927|1234|803|198|202|0|216|0|216|0|216|0|216|0|216|0|216|2529|1769|1988|1706|541|490
5001600US2407|684645|14555|569300|13916|29937|5276|19225|3879|10712|2919|5482|2520|3185|1468|2297|2133|1008|840|828|614|180|277|1496|651|1286|642|210|173|1601|1429|1369|1330|232|370|1639|625|1615|627|24|41|0|216|0|216|0|216|547|398|547|398|0|216|1897|1398|693|517|1204|1375|129|171|129|171|0|216|463|539|463|539|0|216|1265|1159|1075|994|190|311|0|216|0|216|0|216|939|600|657|626|282|342|2274|1146|1582|759|692|576|5042|1475|4268|1261|774|485|5899|2732|5091|2584|808|425|669|653|553|497|116|188|1577|836|1048|659|529|375|824|620|605|485|219|261|1304|1390|857|876|447|669|3865|1746|3175|1634|690|672|1628|1037|1578|1008|50|82|978|486|658|428|320|188|8741|2119|4820|1366|3921|1322|893|591|511|496|382|311|9787|2670|4939|2211|4848|1277|0|216|0|216|0|216|1174|822|569|461|605|619|114|166|114|166|0|216|925|733|460|435|465|652|7628|2944|5077|2164|2551|1178|1208|624|697|404|511|419|224|261|224|261|0|216|1117|837|773|725|344|357|38|67|38|67|0|216|2386|1678|2033|1512|353|300|8273|4370|5425|2494|2848|3468|179|237|179|237|0|216|0|216|0|216|0|216|747|1000|747|1000|0|216|1448|1472|1050|967|398|557
5001600US2408|754210|13074|516586|12287|101894|7499|62658|5661|39236|4566|13456|3055|9630|2592|3826|1383|1638|672|1257|661|381|377|1592|752|1367|682|225|204|4869|2009|3075|1543|1794|990|3117|1013|3061|1010|56|78|1145|717|1066|703|79|130|1518|623|1432|612|86|143|8015|2820|6381|2265|1634|856|1299|826|753|410|546|630|507|337|465|306|42|71|1153|685|1091|676|62|102|963|631|701|551|262|271|5871|1661|3978|1394|1893|827|1104|783|767|443|337|451|2335|990|1929|829|406|438|2796|1055|1830|692|966|618|238|225|238|225|0|216|1816|1254|1254|900|562|425|1435|874|960|667|475|438|2286|1291|1670|852|616|630|1320|760|998|633|322|343|1456|1066|1137|983|319|275|763|530|748|524|15|28|18540|2926|8195|1661|10345|2364|3470|1602|1914|899|1556|1259|6350|1825|3532|1079|2818|1127|0|216|0|216|0|216|5392|1906|3135|1310|2257|1025|660|514|359|268|301|286|1318|605|687|362|631|320|2766|1594|1640|924|1126|854|3489|1199|2003|753|1486|713|1291|1016|906|619|385|481|3258|1739|2290|1555|968|594|2482|1100|2165|847|317|365|17189|3971|11625|3026|5564|1588|4912|2268|3995|1881|917|669|1630|2311|1630|2311|0|216|0|216|0|216|0|216|30|47|30|47|0|216|2261|1796|1954|1741|307|276
5001600US2502|742937|8692|592939|11899|63405|5464|40644|4019|22761|3709|3953|1196|3440|1098|513|344|3203|1722|2191|1442|1012|883|1703|779|1328|695|375|302|10554|3113|6110|1813|4444|1842|2207|1512|2081|1507|126|146|2337|2989|1723|2056|614|947|1485|966|1394|923|91|108|1881|831|1289|705|592|369|3868|1623|2462|1212|1406|758|272|440|0|218|272|440|94|77|44|75|50|81|264|289|222|239|42|68|545|527|403|449|142|168|559|514|285|324|274|234|3274|1347|2419|1134|855|759|1417|939|1185|793|232|295|872|637|668|408|204|272|555|427|378|303|177|260|1983|1241|1340|950|643|803|6382|2499|3710|1591|2672|1181|2449|1207|1997|1027|452|396|1782|900|1732|903|50|82|372|368|372|368|0|218|7621|1893|3994|1189|3627|1236|211|206|103|88|108|133|1420|692|1054|580|366|252|1278|1662|708|930|570|741|6606|2375|2667|1027|3939|2111|222|232|109|181|113|130|475|373|210|198|265|237|479|787|234|388|245|400|563|399|503|386|60|76|156|183|156|183|0|218|5137|2989|3314|2138|1823|1364|161|167|161|167|0|218|85|133|0|218|85|133|7210|1996|5729|1673|1481|791|1616|1018|1467|943|149|194|0|218|0|218|0|218|77|124|77|124|0|218|1265|958|839|703|426|451
5001600US2503|746699|10854|523323|16111|122723|7880|69303|5529|53420|5564|4874|1190|3831|1019|1043|414|4706|1818|3042|1280|1664|780|1368|791|1296|789|72|85|20987|5444|10203|2825|10784|3926|1356|698|1312|694|44|70|430|437|430|437|0|218|2000|1115|1690|966|310|268|4427|1716|3108|1253|1319|764|397|312|336|300|61|79|111|134|63|75|48|78|973|840|536|712|437|445|114|138|114|138|0|218|779|712|561|533|218|226|2939|1256|1826|939|1113|699|3134|1158|2751|1005|383|350|523|563|480|505|43|71|203|353|0|218|203|353|1174|830|947|712|227|262|1247|807|908|645|339|429|1414|629|1016|529|398|349|1785|919|1688|870|97|111|2394|1007|2263|994|131|160|588|530|588|530|0|218|9134|1814|5617|1623|3517|851|385|314|347|295|38|63|2210|1182|1057|690|1153|617|0|218|0|218|0|218|6519|3038|2272|1326|4247|2033|11044|3271|5328|1811|5716|2103|540|584|309|320|231|297|208|256|74|123|134|220|770|555|440|368|330|295|703|922|429|640|274|311|5478|2632|2379|1359|3099|1757|0|218|0|218|0|218|74|128|74|128|0|218|1221|777|1003|687|218|221|3845|1774|3501|1679|344|351|0|218|0|218|0|218|0|218|0|218|0|218|599|392|439|384|160|161
5001600US2504|730119|8422|593060|10499|25942|4163|16836|3224|9106|2762|2897|1223|2368|1018|529|367|5170|1908|3613|1573|1557|1054|3787|1346|3248|1283|539|349|31692|4985|18541|3317|13151|2883|2917|1345|2917|1345|0|218|244|204|244|204|0|218|1878|959|1381|824|497|412|6585|1650|3706|1343|2879|898|940|558|830|521|110|135|302|271|302|271|0|218|330|318|138|223|192|229|246|266|246|266|0|218|1043|982|514|430|529|621|2919|1696|2043|1211|876|621|5432|2039|4829|1857|603|479|187|183|187|183|0|218|265|304|265|304|0|218|360|332|360|332|0|218|672|566|544|441|128|216|3159|2310|2420|1630|739|830|1282|783|1059|762|223|245|1214|785|900|619|314|242|260|328|221|308|39|64|16314|2673|9791|1827|6523|1655|1858|1410|1353|1013|505|522|2881|1073|1761|873|1120|657|0|218|0|218|0|218|1898|998|808|399|1090|886|1027|682|291|309|736|538|258|191|213|167|45|75|1153|871|621|417|532|744|790|686|790|686|0|218|230|210|174|191|56|91|4176|1411|3087|1048|1089|641|4558|2433|3443|1803|1115|911|842|914|469|744|373|602|611|528|611|528|0|218|455|509|455|509|0|218|0|218|0|218|0|218|0|218|0|218|0|218|285|274|156|163|129|220
5001600US2505|741570|8484|504400|10538|62128|5731|36181|3951|25947|4151|8196|2228|5243|1829|2953|1335|10919|4163|7043|2886|3876|1723|7410|1986|5476|1684|1934|846|25347|4707|10679|2079|14668|3971|2641|950|2594|935|47|83|510|341|474|348|36|59|4034|1788|3136|1353|898|810|6854|2245|4337|1673|2517|1060|883|466|763|418|120|207|1603|1231|1241|928|362|479|2276|1348|1422|1054|854|858|2803|1406|2172|1188|631|382|2135|938|1374|738|761|471|1000|532|906|520|94|127|5647|2201|4519|1735|1128|1098|5700|3247|4035|2353|1665|1178|3870|3303|3217|2851|653|544|1574|783|1404|709|170|227|5676|2269|4020|1592|1656|1166|5751|1835|4320|1603|1431|830|3067|1582|2370|1362|697|727|2799|1078|2464|951|335|348|1187|837|1149|819|38|62|37224|4701|20036|2745|17188|3267|1444|729|996|549|448|375|3487|1583|2312|1092|1175|766|0|218|0|218|0|218|4198|1818|2231|1077|1967|1137|545|559|62|103|483|513|496|350|234|168|262|292|3450|1908|2144|1341|1306|1011|485|370|449|352|36|62|189|190|128|146|61|120|5904|2065|3579|1391|2325|1269|1856|962|1856|962|0|218|1947|1501|1158|828|789|746|769|498|643|469|126|223|802|534|255|220|547|486|0|218|0|218|0|218|40|67|40|67|0|218|324|393|252|283|72|118
5001600US2506|736199|5133|594045|10254|56834|4952|28359|3444|28475|4199|4651|1569|4093|1340|558|443|3769|1743|3027|1532|742|482|4471|1264|3161|889|1310|804|13252|3147|6711|1681|6541|2067|824|488|824|488|0|218|164|191|164|191|0|218|6641|2773|4816|2251|1825|1043|4198|1970|3513|1954|685|437|587|344|411|279|176|189|423|567|288|477|135|172|1284|816|645|485|639|522|395|386|395|386|0|218|990|1152|308|307|682|882|2108|1620|1357|1433|751|726|2503|1271|1972|1112|531|528|593|693|387|397|206|331|159|259|159|259|0|218|1867|1477|805|463|1062|1239|484|446|484|446|0|218|7003|3150|4338|1976|2665|1624|1580|1275|384|390|1196|1143|858|744|784|678|74|133|485|588|328|388|157|260|7819|2203|4243|1487|3576|1456|1267|999|1061|946|206|344|2217|1239|1029|627|1188|854|0|218|0|218|0|218|1026|681|819|621|207|197|2523|1209|1459|959|1064|742|778|594|654|552|124|203|376|438|314|408|62|101|504|402|386|388|118|138|51|94|51|94|0|218|4597|1965|2703|1250|1894|987|971|839|971|839|0|218|0|218|0|218|0|218|949|730|804|688|145|192|2505|1435|2004|1127|501|475|0|218|0|218|0|218|0|218|0|218|0|218|448|382|351|349|97|165
5001600US2507|744706|8640|431320|12267|139775|6621|70037|4844|69738|5580|8798|2474|6741|1957|2057|1128|32343|5598|14304|2966|18039|4059|3352|1146|2505|987|847|539|24930|5486|11554|3590|13376|3496|1438|518|1393|507|45|75|177|176|143|140|34|62|1566|724|1289|576|277|288|2257|678|1272|705|985|470|787|416|552|326|235|290|697|596|443|363|254|303|663|374|569|330|94|111|123|149|81|95|42|70|1067|679|998|673|69|101|2552|1570|1448|1144|1104|1004|4474|1496|3490|1139|984|799|453|397|300|253|153|193|761|779|273|253|488|542|1043|585|733|414|310|293|3436|1533|1850|849|1586|848|4384|1666|3154|1202|1230|735|1000|647|955|637|45|72|1127|501|1127|501|0|218|80|105|80|105|0|218|30774|3756|14823|2173|15951|2548|1998|1050|1031|660|967|594|3689|1267|2489|866|1200|844|0|218|0|218|0|218|14619|3967|5294|1673|9325|2833|455|382|334|342|121|147|487|511|0|218|487|511|1605|929|781|592|824|497|1712|819|1424|715|288|301|473|310|436|304|37|49|6436|2835|4778|2315|1658|772|1120|505|1050|479|70|113|7744|3112|4499|2124|3245|1647|2158|1257|1538|907|620|525|644|449|642|449|2|4|0|218|0|218|0|218|267|261|267|261|0|218|1922|1156|1740|1050|182|166
5001600US2508|750548|9445|578482|10623|29667|3902|20740|3314|8927|1934|2974|1068|2121|830|853|596|20474|4241|9152|2665|11322|2973|2157|864|1770|795|387|236|27560|5091|13278|2843|14282|3124|2467|1804|2312|1798|155|198|402|405|362|350|40|68|2895|1298|1590|731|1305|994|3184|1239|1982|1052|1202|563|1585|850|620|418|965|666|445|488|445|488|0|218|935|734|808|673|127|154|17|37|8|19|9|18|531|348|494|329|37|61|1652|1188|1211|903|441|553|2033|962|1651|841|382|326|1695|1127|1084|680|611|617|71|128|71|128|0|218|0|218|0|218|0|218|445|455|359|400|86|104|6401|3271|4214|2103|2187|1497|1872|1012|1057|649|815|699|686|574|583|501|103|174|175|250|175|250|0|218|32383|4298|13687|2624|18696|3011|703|460|395|320|308|349|590|438|405|329|185|281|0|218|0|218|0|218|11270|2990|3458|1328|7812|2364|791|781|485|629|306|461|532|384|379|333|153|194|776|591|740|557|36|59|1843|915|1552|814|291|221|651|634|435|343|216|346|5597|2259|4177|1862|1420|1037|331|301|331|301|0|218|380|429|348|429|32|57|3509|1704|3088|1525|421|433|734|696|647|632|87|152|0|218|0|218|0|218|250|379|22|45|228|375|1403|805|1271|784|132|160
5001600US2608|705522|5340|637330|7311|16543|2604|11977|2134|4566|1332|2330|1000|2200|980|130|142|212|358|0|181|212|358|1610|775|1299|738|311|196|2214|964|1499|680|715|573|2716|939|2566|895|150|164|549|444|549|444|0|181|819|484|631|334|188|199|781|497|737|475|44|72|954|574|908|570|46|77|8|13|8|13|0|181|1449|692|1106|552|343|242|21|35|21|35|0|181|1450|944|1052|874|398|329|193|242|193|242|0|181|1940|1095|1644|1000|296|306|2265|1207|1603|995|662|539|913|859|913|859|0|181|610|574|462|395|148|238|2080|1019|2080|1019|0|181|3861|1710|2821|1365|1040|575|3177|2311|2524|1898|653|774|1039|789|831|610|208|241|1531|1220|1333|1177|198|185|5799|1595|2283|765|3516|1356|866|632|590|523|276|266|2649|1323|1605|996|1044|578|755|686|584|561|171|214|1587|988|703|477|884|709|0|181|0|181|0|181|91|164|0|181|91|164|444|407|159|203|285|341|936|588|713|530|223|206|231|268|193|260|38|67|3619|1647|2255|824|1364|1098|34|55|34|55|0|181|1168|1446|856|993|312|467|54|92|54|92|0|181|93|119|0|181|93|119|0|181|0|181|0|181|67|81|67|81|0|181|534|294|407|256|127|130
5001600US2609|676568|7006|573005|8885|10537|2135|7422|1630|3115|1363|2590|1023|1538|738|1052|771|38|64|38|64|0|181|1787|760|1127|553|660|448|223|236|74|91|149|206|1589|737|1526|732|63|65|270|259|83|98|187|207|922|422|664|332|258|218|832|544|577|483|255|222|3628|1099|2135|819|1493|630|1263|818|754|657|509|436|2689|974|1282|622|1407|525|891|547|570|421|321|259|216|233|158|162|58|92|583|641|422|413|161|268|1768|959|1569|840|199|268|1544|974|1196|822|348|298|354|359|249|262|105|175|8862|2370|4105|1397|4757|1709|587|482|319|304|268|280|11008|3454|5364|1912|5644|2076|339|299|339|299|0|181|0|181|0|181|0|181|876|616|549|473|327|274|5083|2266|2726|1468|2357|1230|292|260|48|80|244|245|1417|871|663|525|754|636|1979|1364|1461|1192|518|326|2283|1478|1610|1269|673|465|693|814|188|313|505|753|134|182|44|75|90|114|0|181|0|181|0|181|3730|1196|2957|1106|773|515|232|291|205|289|27|48|18056|4010|9632|2211|8424|2449|212|163|212|163|0|181|15461|4009|8527|3031|6934|2115|284|340|284|340|0|181|0|181|0|181|0|181|0|181|0|181|0|181|181|269|181|269|0|181|130|163|130|163|0|181
5001600US2611|718975|7058|589338|10191|16363|2585|12192|2175|4171|1084|950|565|841|553|109|118|123|200|123|200|0|181|1864|894|1168|638|696|571|1468|850|1149|766|319|371|2860|1372|2327|1270|533|433|107|126|107|126|0|181|1116|606|1073|590|43|71|2441|931|881|491|1560|812|1795|710|1603|673|192|202|696|529|330|281|366|355|2617|998|1432|653|1185|603|508|326|256|309|252|260|856|500|743|435|113|182|5481|2773|4869|2691|612|397|7577|2493|6147|2162|1430|836|4620|1834|3253|1510|1367|601|3043|1681|1820|982|1223|883|1292|876|971|676|321|436|3131|1394|2702|1328|429|334|7624|2446|4979|1654|2645|1026|7182|2163|5949|1807|1233|664|4347|1744|3897|1663|450|372|4935|1647|4301|1672|634|506|12789|2505|7311|1476|5478|1568|7093|2098|3429|1586|3664|1450|5115|1787|2254|1069|2861|1123|326|473|179|299|147|189|1136|784|606|373|530|512|0|181|0|181|0|181|266|275|221|236|45|78|378|578|378|578|0|181|1479|687|1108|557|371|330|496|440|371|353|125|156|13788|3149|10861|2467|2927|1019|386|413|386|413|0|181|2579|1485|2077|1193|502|410|369|436|369|436|0|181|72|126|72|126|0|181|0|181|0|181|0|181|156|184|156|184|0|181|213|277|213|277|0|181
5001600US2612|701564|7292|567565|9638|28526|3847|19997|2938|8529|1872|1418|700|1197|572|221|201|0|181|0|181|0|181|1530|622|1035|501|495|337|911|639|805|593|106|117|1207|660|1154|652|53|88|339|305|268|228|71|117|404|273|315|188|89|146|2636|1347|1787|1173|849|520|931|424|769|362|162|168|558|510|342|307|216|255|1010|788|907|774|103|169|89|143|89|143|0|181|1579|1261|1113|1034|466|334|717|462|628|439|89|110|1379|645|1337|620|42|70|2066|983|1333|630|733|453|181|237|30|50|151|215|804|456|668|411|136|168|859|830|859|830|0|181|4890|1941|3385|1385|1505|949|505|333|505|333|0|181|869|482|869|482|0|181|566|304|566|304|0|181|10403|1694|6467|1311|3936|908|2246|1001|1164|556|1082|909|2900|1162|1887|764|1013|556|45|76|45|76|0|181|1630|984|836|694|794|543|406|483|132|144|274|352|105|133|33|58|72|120|597|572|250|243|347|518|2057|977|1692|859|365|289|456|403|308|271|148|193|55782|5138|33063|4050|22719|2825|533|494|533|494|0|181|1373|958|1058|953|315|271|686|630|438|363|248|288|245|333|245|333|0|181|0|181|0|181|0|181|49|64|49|64|0|181|512|293|427|249|85|102
5001600US2614|629677|9859|544714|10338|19041|3258|12589|2506|6452|1632|1545|651|959|482|586|475|103|170|103|170|0|181|474|385|426|370|48|104|117|193|117|193|0|181|1103|462|1103|462|0|181|907|742|594|527|313|437|336|267|311|256|25|42|1848|845|752|512|1096|634|887|407|243|153|644|354|1905|1140|731|612|1174|721|1963|1033|647|451|1316|774|1295|1812|1295|1812|0|181|123|142|123|142|0|181|1399|1029|1264|935|135|123|2850|1588|2526|1516|324|272|1326|721|1052|601|274|311|346|404|265|326|81|135|10281|2452|3165|961|7116|1911|645|510|645|510|0|181|3334|1452|2026|1084|1308|1112|1146|683|1129|683|17|28|160|194|160|194|0|181|223|201|190|181|33|70|2122|947|1022|500|1100|786|759|509|409|372|350|243|611|464|235|267|376|385|168|276|50|84|118|193|803|710|208|291|595|546|0|181|0|181|0|181|198|262|143|176|55|90|172|291|32|56|140|236|741|456|741|456|0|181|407|636|407|636|0|181|16089|3161|8374|2266|7715|2230|1574|875|1230|782|344|341|4771|1724|3980|1446|791|552|1644|999|977|712|667|738|454|459|208|209|246|279|0|181|0|181|0|181|0|181|0|181|0|181|1093|1020|466|455|627|708
5001600US2902|722624|12039|656335|12153|10860|2875|7164|1854|3696|1489|1019|448|657|323|362|279|0|198|0|198|0|198|614|510|492|472|122|149|698|618|547|450|151|176|2180|771|1915|731|265|209|236|297|236|297|0|198|620|512|392|290|228|284|2034|892|1041|569|993|558|84|124|84|124|0|198|9820|2921|5215|1696|4605|1772|570|354|318|285|252|217|0|198|0|198|0|198|138|227|138|227|0|198|198|235|119|189|79|135|3667|1484|3205|1390|462|381|1603|1009|1452|970|151|172|2136|2145|1325|1523|811|715|696|579|577|504|119|196|561|477|461|429|100|130|2435|1579|1885|1446|550|437|3718|1592|3508|1527|210|275|1728|927|1183|736|545|532|175|216|175|216|0|198|7152|1581|4080|1203|3072|956|199|193|199|193|0|198|1017|833|570|532|447|386|0|198|0|198|0|198|2992|1483|681|340|2311|1355|262|373|262|373|0|198|832|762|369|339|463|467|1540|1241|1109|1093|431|418|1401|670|863|498|538|324|187|188|95|153|92|107|2862|1743|1973|1312|889|602|394|380|312|300|82|95|459|579|292|491|167|282|486|418|486|418|0|198|201|246|67|97|134|227|0|198|0|198|0|198|53|87|53|87|0|198|462|502|429|500|33|40
5001600US3203|830007|16666|621022|15477|83393|8182|62447|6371|20946|3262|2043|842|1658|679|385|430|47|79|47|79|0|221|2106|1287|1473|717|633|633|2119|1255|1906|1232|213|261|2980|1093|2479|999|501|353|657|539|657|539|0|221|279|393|42|69|237|388|2364|974|1480|626|884|768|320|333|320|333|0|221|3697|3052|2541|2284|1156|970|933|774|572|557|361|473|3023|1409|2448|1361|575|449|2295|1173|1395|672|900|613|262|429|262|429|0|221|1744|1212|1424|969|320|329|210|343|210|343|0|221|890|1178|450|739|440|524|36|60|36|60|0|221|139|168|139|168|0|221|2718|1508|2408|1338|310|312|556|651|489|601|67|110|786|673|669|564|117|192|148|243|148|243|0|221|23769|4797|10048|2419|13721|3071|3660|1379|2360|1083|1300|820|5878|2350|2627|1111|3251|1532|0|221|0|221|0|221|5978|2165|2894|1366|3084|1446|503|519|304|412|199|244|2631|1061|1335|609|1296|769|1039|935|675|560|364|449|36604|4712|27855|4333|8749|1717|3723|1679|2657|1198|1066|636|3035|1520|2447|1403|588|427|1121|707|926|647|195|318|5394|3135|3496|2069|1898|1378|493|611|52|87|441|591|774|681|719|638|55|93|21|33|21|33|0|221|146|146|146|146|0|221|471|334|232|241|239|228
5001600US3401|706732|6812|582177|7148|72940|4910|39424|3461|33516|3980|1377|696|1059|538|318|356|1777|1308|1576|1221|201|298|2436|886|2176|773|260|216|605|522|346|362|259|242|783|486|575|388|208|218|607|467|607|467|0|222|562|429|483|407|79|131|3407|2008|1801|1211|1606|1292|1206|714|812|467|394|428|674|590|589|534|85|143|111|135|111|135|0|222|390|541|339|527|51|86|0|222|0|222|0|222|1631|1013|966|627|665|489|2311|1405|1581|1124|730|604|5083|2731|3257|1652|1826|1241|518|372|402|354|116|117|1541|1045|1204|865|337|273|1100|810|837|675|263|219|1001|699|840|578|161|170|717|429|644|408|73|120|453|507|382|491|71|119|325|406|325|406|0|222|3904|1285|1848|739|2056|770|1399|912|624|523|775|776|1941|925|786|482|1155|673|0|222|0|222|0|222|3806|1393|1343|599|2463|1257|1101|983|609|603|492|478|229|271|10|19|219|268|1254|817|758|578|496|336|5048|1781|3925|1490|1123|583|109|137|59|112|50|75|2628|1756|1317|1132|1311|1079|27|48|27|48|0|222|236|293|34|59|202|277|884|580|735|467|149|199|0|222|0|222|0|222|0|222|0|222|0|222|0|222|0|222|0|222|434|521|434|521|0|222
5001600US3404|748878|8646|625797|10250|51410|6568|28894|3705|22516|4401|2075|1012|1962|1003|113|148|2646|1538|1176|850|1470|996|4282|1161|3146|937|1136|585|2263|755|1375|610|888|368|1508|628|1288|605|220|217|4208|2549|4208|2549|0|222|1150|731|989|693|161|248|5108|1883|3695|1811|1413|675|4148|2289|2484|1501|1664|1141|540|579|196|258|344|427|2079|1014|1487|868|592|457|48|81|0|222|48|81|56|99|56|99|0|222|2395|1157|1631|834|764|575|4649|1986|3895|1945|754|425|3530|2970|1835|1524|1695|1498|470|557|439|513|31|52|0|222|0|222|0|222|291|343|217|266|74|122|1779|1238|1325|850|454|534|1229|786|1229|786|0|222|382|437|268|293|114|193|157|189|157|189|0|222|5826|1856|2951|1114|2875|1031|61|107|61|107|0|222|1696|1264|888|730|808|619|0|222|0|222|0|222|623|408|379|313|244|184|0|222|0|222|0|222|30|52|15|27|15|26|1034|856|514|391|520|543|4548|1349|3124|988|1424|684|126|166|0|222|126|166|2586|1077|1490|806|1096|779|7886|3106|7280|2965|606|566|0|222|0|222|0|222|1522|1301|1491|1292|31|52|0|222|0|222|0|222|0|222|0|222|0|222|0|222|0|222|0|222|740|612|611|571|129|205
5001600US3405|721537|10372|524144|11865|76687|7006|52626|5282|24061|3540|920|509|811|489|109|130|1845|1807|1033|994|812|887|5321|1558|3958|1253|1363|770|3474|1439|2290|851|1184|761|1713|835|1460|755|253|218|287|252|287|252|0|222|3254|1579|2820|1504|434|397|7279|1999|4819|1479|2460|1007|4012|1582|2880|1208|1132|618|1581|1155|1096|957|485|486|2342|1281|1344|720|998|1154|431|391|369|379|62|103|1547|1993|1547|1993|0|222|2779|1348|1936|1033|843|466|6506|2457|6082|2376|424|399|2670|1966|1751|1325|919|1150|1625|1091|1201|747|424|422|1151|1045|663|693|488|557|1503|1091|1241|840|262|318|2700|1054|1878|778|822|531|1003|791|686|572|317|377|872|816|670|616|202|210|3432|1411|2190|1074|1242|698|8015|2600|4203|1643|3812|1674|1401|737|605|393|796|534|18859|3602|9958|2352|8901|1907|0|222|0|222|0|222|260|254|152|185|108|164|0|222|0|222|0|222|297|314|46|76|251|300|1784|1271|787|521|997|832|14022|2711|8866|1982|5156|1673|608|752|608|752|0|222|7139|3052|5244|2407|1895|1404|4733|2364|4081|2277|652|518|222|293|222|293|0|222|1912|1683|1698|1630|214|225|489|548|489|548|0|222|0|222|0|222|0|222|0|222|0|222|0|222|2718|1723|2278|1629|440|373
5001600US3406|719792|8401|414064|10818|128898|6888|68542|5679|60356|4989|2133|1166|2033|1168|100|165|4833|3329|3310|2562|1523|1038|3914|1820|3180|1572|734|505|9707|3151|5499|1756|4208|2606|768|484|768|484|0|222|274|214|186|165|88|140|1465|822|1054|614|411|286|4091|1564|2968|1385|1123|597|7271|2551|4673|1821|2598|1271|188|301|188|301|0|222|2135|1006|1155|544|980|703|182|228|56|93|126|206|627|692|330|323|297|413|25530|4422|16684|3393|8846|1781|15425|3101|12361|2626|3064|1387|7372|2120|5305|1538|2067|923|9005|3439|4914|2171|4091|1594|3798|1810|3225|1667|573|315|7394|2283|6515|2173|879|619|1773|1236|1563|1141|210|232|9783|2350|8443|2104|1340|702|6352|1845|4469|1481|1883|1229|2581|1505|2277|1455|304|298|18648|3515|9335|2125|9313|2216|105|139|74|127|31|53|3497|1107|1108|471|2389|910|0|222|0|222|0|222|2209|1169|980|600|1229|763|0|222|0|222|0|222|181|304|49|83|132|221|1269|863|853|632|416|324|10036|3136|8411|2858|1625|741|802|625|598|468|204|199|4995|2136|3629|1559|1366|769|888|515|659|406|229|285|94|124|94|124|0|222|4781|2430|4138|2163|643|547|338|369|203|204|135|228|0|222|0|222|0|222|0|222|0|222|0|222|2386|1449|1604|1195|782|803
5001600US3407|725542|11238|533626|10325|72653|6970|44183|5125|28470|4251|3698|1381|3577|1363|121|148|3234|2216|1933|1449|1301|933|3928|1396|2862|1014|1066|658|10156|2884|8068|2436|2088|879|1888|733|1670|689|218|256|384|302|334|264|50|84|3108|2708|2044|2047|1064|851|4495|1521|2960|1314|1535|757|7577|2441|5119|1859|2458|1044|686|573|548|400|138|229|2041|868|1568|720|473|334|95|159|56|92|39|68|1377|1008|1251|925|126|176|6644|1763|4207|1416|2437|1323|9387|2419|8620|2271|767|562|2823|1544|2205|1176|618|536|1314|939|1314|939|0|222|1783|1278|1564|1235|219|196|1412|1019|1340|992|72|129|1769|1031|1389|917|380|319|4670|1775|4323|1695|347|344|3287|1262|2650|1097|637|491|1706|1001|1704|1001|2|4|20561|3248|13245|2375|7316|1815|351|258|305|252|46|77|2508|1143|1335|694|1173|701|0|222|0|222|0|222|1031|1029|402|324|629|809|0|222|0|222|0|222|0|222|0|222|0|222|300|394|108|157|192|249|5310|1489|3107|1017|2203|1081|278|333|56|97|222|316|4951|2463|4100|2341|851|571|1068|795|886|716|182|293|0|222|0|222|0|222|2453|1189|2081|1093|372|511|576|731|305|484|271|274|0|222|0|222|0|222|912|794|912|794|0|222|1502|819|1284|712|218|257
5001600US3408|747982|12521|267629|11567|337081|11091|168288|9135|168793|7802|5036|1844|4560|1751|476|293|3661|1940|2474|1485|1187|790|4158|1539|2977|1258|1181|555|38355|5148|16952|2590|21403|3712|1685|836|1482|755|203|223|995|877|781|590|214|358|286|243|286|243|0|222|3601|1516|2755|1193|846|573|1959|985|1325|837|634|460|1681|1381|1577|1356|104|125|758|445|398|259|360|374|242|265|242|265|0|222|471|463|408|376|63|108|4643|2127|2905|1202|1738|1200|14151|3570|12629|3416|1522|807|1714|1160|1475|1018|239|301|463|452|412|380|51|89|1851|970|1008|685|843|484|1765|1189|1293|1045|472|397|3332|1960|2747|1977|585|401|2147|1409|1941|1280|206|333|1666|1261|1359|975|307|388|404|456|404|456|0|222|15535|3249|10158|2346|5377|1835|1522|1174|623|576|899|725|4183|1627|2916|1277|1267|780|0|222|0|222|0|222|978|712|823|701|155|178|0|222|0|222|0|222|432|443|94|144|338|333|1091|705|701|518|390|426|6900|1638|5822|1560|1078|604|390|340|281|302|109|148|10861|2691|6805|2020|4056|1586|1669|1102|1576|1045|93|161|0|222|0|222|0|222|2306|1305|2249|1295|57|84|956|1009|709|768|247|306|0|222|0|222|0|222|94|146|0|222|94|146|1331|994|826|647|505|465
5001600US3409|733957|11184|320755|12990|246681|9889|135561|7810|111120|7173|1232|608|1111|596|121|118|580|498|574|499|6|13|7381|2020|5112|1396|2269|1115|6228|1812|3632|1265|2596|915|1300|540|1187|498|113|192|0|222|0|222|0|222|707|543|519|411|188|192|7965|2220|5308|1880|2657|877|15456|3154|6866|1804|8590|2113|1642|914|847|611|795|491|4671|1687|3028|1372|1643|787|719|435|491|304|228|228|478|418|224|269|254|305|8860|3952|4525|1962|4335|2129|3023|1555|2639|1346|384|437|3191|1897|2781|1687|410|360|709|664|539|533|170|222|5780|1993|3982|1648|1798|881|1277|959|856|651|421|665|4943|1948|2937|1392|2006|1062|1362|1274|1039|1098|323|418|1776|1787|1593|1764|183|238|917|894|649|528|268|430|10763|3001|5872|2382|4891|1413|2793|1269|958|624|1835|1036|33694|4448|15042|2695|18652|3204|0|222|0|222|0|222|623|667|88|103|535|657|0|222|0|222|0|222|309|333|102|128|207|256|5625|2555|4006|1896|1619|902|5861|1962|4073|1453|1788|1046|60|102|0|222|60|102|16245|4965|10317|3618|5928|2236|4303|2188|3970|2054|333|381|337|406|0|222|337|406|1468|975|1139|740|329|459|943|798|404|390|539|610|0|222|0|222|0|222|57|102|0|222|57|102|3243|2011|2501|1545|742|794
5001600US3410|752589|12227|480404|13584|122945|9369|68029|6798|54916|5856|9634|2505|6368|1964|3266|1383|31968|7928|17854|4805|14114|4273|3312|1644|2766|1552|546|494|16249|4636|10793|3159|5456|1914|469|413|58|97|411|400|933|768|848|745|85|135|614|533|380|402|234|313|818|549|543|410|275|320|5595|1991|3331|1452|2264|1011|0|222|0|222|0|222|1580|914|1186|826|394|378|210|364|210|364|0|222|171|202|44|73|127|160|2588|1071|1722|813|866|497|5734|2674|4659|2253|1075|930|2793|1631|1565|917|1228|1078|449|643|59|96|390|633|1411|828|572|406|839|599|1022|789|633|603|389|393|790|520|354|377|436|448|1356|998|1288|973|68|110|606|556|254|229|352|504|127|192|58|88|69|104|3644|1270|1996|855|1648|856|191|188|137|146|54|115|1979|1188|1431|1034|548|348|0|222|0|222|0|222|2413|1702|1145|1051|1268|968|0|222|0|222|0|222|570|733|208|343|362|423|732|915|673|899|59|97|13531|2909|10329|2683|3202|984|804|537|367|292|437|406|12766|4449|9915|4223|2851|1121|1076|998|955|836|121|188|761|493|538|386|223|289|18264|3641|15838|3290|2426|1146|2284|1459|1557|987|727|796|0|222|0|222|0|222|0|222|0|222|0|222|1796|1187|1647|1153|149|187
5001600US3411|721287|11373|547872|12312|60418|5947|41975|4308|18443|3203|1916|932|1388|678|528|647|2440|2013|1243|802|1197|1394|7767|2526|6545|2317|1222|564|4872|1650|4276|1519|596|390|1988|1155|1794|1131|194|187|380|281|380|281|0|222|2911|1260|2035|1036|876|571|2875|1163|1748|810|1127|588|4218|1220|2819|920|1399|533|1971|1206|1102|814|869|562|3238|1882|2170|1144|1068|847|655|714|601|705|54|89|1060|697|1031|675|29|49|6643|1940|4809|1629|1834|736|9275|2621|8061|2312|1214|625|2042|1290|1227|933|815|758|321|371|321|371|0|222|1032|734|1032|734|0|222|1422|823|1353|809|69|95|2494|1325|2209|1271|285|309|3352|1503|2409|1415|943|780|1785|1198|1571|1134|214|321|4316|2424|2536|1569|1780|1685|16866|3242|8595|2024|8271|2132|984|746|528|546|456|406|2580|1140|1098|628|1482|640|0|222|0|222|0|222|778|638|241|267|537|590|0|222|0|222|0|222|484|399|428|352|56|94|2399|1468|1699|1118|700|485|5874|1664|4388|1325|1486|883|1238|1063|671|730|567|485|6905|2498|5630|2348|1275|572|1143|712|919|625|224|272|116|203|116|203|0|222|1983|1701|1778|1729|205|206|436|500|80|135|356|475|0|222|0|222|0|222|122|206|122|206|0|222|2116|1678|1651|1337|465|424
5001600US3412|742714|6408|463141|11795|122534|8753|62709|5837|59825|5985|2223|903|1758|804|465|337|4500|3242|2871|2119|1629|2124|3507|1332|1636|710|1871|942|3696|1722|2451|1396|1245|781|2385|1414|2340|1408|45|74|313|304|313|304|0|222|1624|1226|1283|1113|341|408|3993|1336|2393|994|1600|849|5254|1854|3337|1382|1917|758|755|543|556|410|199|236|4527|2704|2211|1657|2316|1479|86|143|86|143|0|222|445|489|335|380|110|129|13469|3127|9029|2246|4440|1342|18142|3518|15208|3164|2934|1163|7559|2776|6189|2224|1370|771|1072|713|856|530|216|243|2022|1108|1930|1114|92|121|4235|1652|3346|1498|889|605|1652|934|1323|847|329|243|12151|3033|10364|2763|1787|956|7086|2014|6581|1959|505|366|3270|1149|2787|1031|483|331|19590|3358|10522|2368|9068|1900|726|592|571|524|155|145|4126|1451|2445|963|1681|987|0|222|0|222|0|222|1581|1056|510|437|1071|861|0|222|0|222|0|222|335|359|300|333|35|58|2111|1395|1184|919|927|668|6343|2274|5310|1998|1033|518|226|204|107|105|119|117|9230|2959|6635|2439|2595|932|868|671|784|661|84|138|105|150|105|150|0|222|4216|1782|3692|1572|524|451|1341|1090|1042|921|299|407|0|222|0|222|0|222|84|140|84|140|0|222|2191|1081|1305|655|886|625
5001600US3603|707787|11814|504131|11591|44158|5519|29093|4111|15065|2903|3023|1195|2597|1128|426|384|1792|1363|1561|1248|231|207|11920|2306|8856|2063|3064|954|965|669|783|532|182|274|2213|774|1962|751|251|294|1618|1908|929|960|689|1007|7133|2033|5462|1630|1671|753|3440|1589|3013|1423|427|281|1085|609|698|539|387|344|883|731|706|656|177|173|1620|930|983|683|637|446|866|689|678|488|188|234|8211|2495|5722|2334|2489|1040|4408|1959|2679|1353|1729|967|8267|3249|5221|1583|3046|2484|6333|2716|5077|2245|1256|648|9326|3720|5378|2261|3948|1871|5457|2083|3696|1361|1761|930|665|490|621|482|44|75|3634|1898|2346|1247|1288|910|798|530|754|506|44|72|1958|1243|1751|1125|207|277|4767|1914|3540|1621|1227|671|40059|5886|19590|3196|20469|3412|1001|840|574|540|427|358|13995|3171|6053|1739|7942|1919|0|217|0|217|0|217|192|185|105|127|87|126|0|217|0|217|0|217|823|645|277|322|546|486|4332|2708|2066|1352|2266|1758|3327|1604|2892|1404|435|367|190|178|81|140|109|114|781|814|529|658|252|236|2585|1477|2201|1212|384|422|63|106|63|106|0|217|928|1148|512|564|416|617|0|217|0|217|0|217|0|217|0|217|0|217|45|79|45|79|0|217|795|677|610|496|185|209
5001600US3604|703439|11974|499886|10353|114813|7349|62407|5205|52406|6157|2287|1009|1683|737|604|483|8785|2796|6055|2432|2730|1035|9450|2183|6897|1640|2553|880|5304|2292|3993|2188|1311|605|794|421|589|355|205|162|743|858|595|741|148|166|4008|1481|2759|1123|1249|642|4710|2168|4024|1861|686|480|1447|815|1071|720|376|392|1244|1361|1118|1343|126|143|239|254|239|254|0|217|739|723|393|279|346|500|498|331|407|307|91|109|2688|1499|1771|999|917|689|1985|1035|1574|871|411|371|3747|2103|2560|1449|1187|758|2811|1913|2226|1667|585|449|1044|710|538|423|506|465|460|653|159|189|301|485|520|507|520|507|0|217|0|217|0|217|0|217|146|190|146|190|0|217|4784|1322|3094|916|1690|646|9463|2265|4040|1331|5423|1509|377|320|97|121|280|277|3933|2247|1796|1412|2137|1113|0|217|0|217|0|217|85|98|37|64|48|77|0|217|0|217|0|217|312|304|179|208|133|162|614|438|429|413|185|192|5106|1493|3942|1208|1164|664|72|81|50|73|22|36|1169|856|597|494|572|527|5689|3284|5324|3300|365|346|0|217|0|217|0|217|2540|1633|2458|1586|82|137|97|158|97|158|0|217|0|217|0|217|0|217|0|217|0|217|0|217|850|532|696|456|154|206
5001600US3605|771969|20975|494219|14054|131566|12382|69299|7327|62267|7761|6499|2519|4173|1887|2326|1213|27895|4985|15379|3272|12516|3043|2099|811|1538|719|561|313|1274|697|679|514|595|392|663|374|577|364|86|149|1064|905|958|890|106|106|642|529|406|439|236|159|3778|1326|878|603|2900|1219|2008|1502|910|1056|1098|1105|79|129|79|129|0|217|122|124|59|70|63|102|63|101|63|101|0|217|136|137|136|137|0|217|1233|1013|511|513|722|542|2757|1206|1540|757|1217|669|6973|2678|4572|1747|2401|1142|10055|2751|3765|1207|6290|1773|35726|6456|11946|2547|23780|5062|496|422|303|283|193|190|1559|1163|1392|1070|167|175|624|694|347|565|277|435|397|354|330|292|67|113|1633|1079|817|599|816|547|6867|2655|2863|1995|4004|1260|757|561|559|489|198|257|744|391|288|224|456|348|0|217|0|217|0|217|419|586|146|241|273|351|0|217|0|217|0|217|429|505|319|385|110|186|1426|1303|630|487|796|926|6003|1989|3692|1130|2311|1165|379|322|146|150|233|235|3501|2153|1006|898|2495|1574|2205|2150|1953|2113|252|359|64|105|0|217|64|105|7165|2522|5338|2355|1827|1029|676|947|596|817|80|133|0|217|0|217|0|217|0|217|0|217|0|217|7774|3107|5462|2324|2312|1101
5001600US3606|688866|19101|248457|11961|110426|11117|59213|6650|51213|6625|2885|1239|1921|847|964|608|489|352|258|263|231|216|7523|1926|3699|1130|3824|1388|1416|909|620|577|796|564|1427|626|1218|536|209|205|492|385|450|380|42|64|6055|1773|4178|1468|1877|727|21658|4870|12832|4447|8826|1967|13634|3325|6386|1988|7248|2088|3507|1742|1720|1275|1787|1018|2320|1304|1189|783|1131|739|514|305|324|194|190|218|2161|1202|944|725|1217|796|942|630|377|273|565|420|6651|2098|3827|1575|2824|1105|4229|1464|2578|1163|1651|699|1603|1225|901|738|702|520|20357|4193|9762|2603|10595|2809|4784|1906|2359|1086|2425|1387|10440|3122|6016|2077|4424|1657|420|441|299|305|121|144|678|710|521|624|157|225|279|429|279|429|0|217|146866|8168|46008|3889|100858|7004|3512|1649|1579|777|1933|1204|27507|4084|9147|2195|18360|2726|0|217|0|217|0|217|1022|704|460|422|562|437|0|217|0|217|0|217|2173|1071|814|447|1359|882|5084|2353|1773|964|3311|1817|13662|2635|10247|2265|3415|1252|2654|1660|1547|1070|1107|766|6072|3075|4324|2255|1748|1338|3151|1811|2846|1827|305|298|157|198|0|217|157|198|1354|1104|1149|989|205|341|462|449|204|198|258|294|0|217|0|217|0|217|137|189|137|189|0|217|1706|951|733|612|973|645
5001600US3608|730428|19817|490143|18748|90662|9190|51496|6329|39166|5402|4415|1483|2914|954|1501|944|19856|4392|11867|2870|7989|2256|5348|1856|3625|1575|1723|852|544|573|419|529|125|144|631|441|631|441|0|217|4049|2773|2345|1804|1704|1575|342|246|290|225|52|92|50720|5211|18196|2368|32524|4196|571|581|539|575|32|53|90|106|90|106|0|217|2189|1272|428|296|1761|1216|125|148|76|121|49|83|322|236|221|215|101|100|98|161|98|161|0|217|635|398|635|398|0|217|3099|1787|2236|1592|863|492|654|835|372|506|282|356|8459|2839|4099|1575|4360|1702|345|258|297|246|48|79|2091|1838|1803|1768|288|293|227|278|227|278|0|217|33|54|33|54|0|217|282|469|193|322|89|149|14260|2531|6265|1782|7995|1664|1914|951|1540|871|374|398|866|441|507|279|359|254|0|217|0|217|0|217|493|384|313|251|180|202|199|329|90|149|109|180|313|259|101|115|212|229|1855|1067|967|820|888|671|1893|919|1516|823|377|275|0|217|0|217|0|217|1982|1390|1666|1309|316|371|2099|1468|1958|1465|141|118|553|913|553|913|0|217|12554|4554|9434|4176|3120|1588|2157|2821|2157|2821|0|217|0|217|0|217|0|217|0|217|0|217|0|217|3360|1290|2335|972|1025|600
5001600US3609|730614|20175|492519|16008|58625|6774|38546|4939|20079|3287|7444|2015|5065|1377|2379|1144|40230|7113|24740|4605|15490|3630|2712|1394|2100|1362|612|391|688|546|470|426|218|301|2297|1089|2166|1004|131|214|5705|1991|5133|1819|572|697|263|381|263|381|0|217|40709|6317|16515|4148|24194|3402|2163|2200|1527|1906|636|391|356|393|356|393|0|217|2975|1361|1748|1047|1227|674|0|217|0|217|0|217|2983|1565|898|622|2085|1169|106|152|106|152|0|217|1190|942|865|880|325|336|5035|2192|2877|1376|2158|1169|293|469|147|232|146|239|3940|1778|1723|959|2217|1223|536|570|536|570|0|217|2163|1068|1327|666|836|610|194|250|194|250|0|217|41|64|41|64|0|217|557|500|281|241|276|441|23943|3969|9283|2055|14660|2468|1735|1008|988|772|747|547|1460|690|937|431|523|344|0|217|0|217|0|217|502|371|348|326|154|190|0|217|0|217|0|217|0|217|0|217|0|217|3585|1566|1332|730|2253|1182|2227|1021|1569|716|658|551|67|114|67|114|0|217|3279|2027|2143|1296|1136|853|10149|3548|8805|3347|1344|651|403|441|403|441|0|217|4139|1756|3326|1558|813|593|502|696|126|209|376|494|0|217|0|217|0|217|0|217|0|217|0|217|4899|2099|2692|1172|2207|1707
5001600US3610|707676|22646|386989|15408|80533|10185|45336|7045|35197|5901|11350|3186|10283|3238|1067|608|491|500|395|415|96|162|6289|2086|4352|1675|1937|899|2850|1598|1790|1141|1060|1080|2900|1337|2724|1286|176|289|51138|8685|19660|3846|31478|7269|3155|2367|2852|2340|303|266|20656|4584|9211|2973|11445|2512|5512|2585|3095|1913|2417|1091|564|412|485|357|79|103|4789|1890|2086|847|2703|1356|216|292|216|292|0|217|1968|1251|874|523|1094|890|184|224|184|224|0|217|2077|1482|1862|1395|215|311|6831|2602|3357|1476|3474|1887|452|605|177|299|275|335|7524|3099|2828|1524|4696|2265|226|281|89|121|137|226|6966|2480|4088|1301|2878|1523|0|217|0|217|0|217|151|236|151|236|0|217|156|156|54|70|102|139|69282|6944|28479|4052|40803|4569|3676|1214|1662|882|2014|867|3966|2184|2983|1935|983|662|0|217|0|217|0|217|1544|889|701|412|843|598|228|370|63|104|165|266|787|810|142|182|645|819|3504|2068|1664|1169|1840|1049|755|499|669|556|86|145|640|589|445|433|195|246|7463|3273|4411|1968|3052|1872|8922|3941|7382|3690|1540|1055|371|451|113|187|258|302|606|552|556|524|50|84|175|185|144|178|31|51|0|217|0|217|0|217|0|217|0|217|0|217|1790|934|845|479|945|713
5001600US3611|707608|11423|400593|11233|76095|7252|48259|5818|27836|4403|4230|1907|3887|1938|343|337|844|711|844|711|0|217|12964|2612|9134|1953|3830|1249|345|279|308|299|37|61|482|361|313|265|169|211|3469|3082|3469|3082|0|217|4928|2037|3213|1389|1715|1085|46805|5801|19206|3230|27599|4019|8247|3112|5133|2389|3114|1251|669|576|435|395|234|244|5541|2276|1348|672|4193|2188|233|328|187|252|46|80|1112|935|679|584|433|467|406|449|230|396|176|218|933|625|759|546|174|184|10345|3645|5953|2629|4392|1673|324|337|48|80|276|328|1350|832|925|561|425|440|2912|1958|1224|872|1688|1340|16615|4899|8971|3341|7644|2216|0|217|0|217|0|217|787|613|524|461|263|295|2325|1380|2042|1416|283|349|61194|5499|20213|2956|40981|3906|338|404|297|401|41|68|3455|1509|1012|564|2443|1286|0|217|0|217|0|217|445|342|240|248|205|189|0|217|0|217|0|217|113|137|113|137|0|217|5779|2580|2931|1968|2848|1359|2566|764|2006|693|560|351|139|156|106|125|33|54|24270|5720|17526|4962|6744|1742|2363|1290|1730|1154|633|433|429|558|429|558|0|217|2251|1222|1738|963|513|648|128|217|128|217|0|217|0|217|0|217|0|217|0|217|0|217|0|217|1584|1081|899|615|685|623
5001600US3612|680023|18632|468733|16053|66302|8631|45776|6023|20526|4027|14337|3691|12999|3377|1338|1134|672|615|530|477|142|198|7376|3162|5307|2022|2069|2175|4258|1332|3435|1063|823|472|3207|1473|3207|1473|0|217|991|607|908|579|83|139|5619|1910|4199|1757|1420|662|6595|2123|4987|1636|1608|1153|8095|2358|3940|1503|4155|1537|2428|1065|1573|804|855|712|2963|1618|2117|1436|846|746|1690|1629|1203|953|487|813|5332|5100|2700|1661|2632|3698|374|387|229|297|145|253|5660|2388|4841|2143|819|725|3442|2198|2732|1746|710|818|111|129|51|88|60|97|4185|2009|2527|1540|1658|865|1682|1866|1291|1259|391|635|7309|2944|6546|2748|763|535|801|682|801|682|0|217|235|178|226|177|9|19|598|423|598|423|0|217|25029|3908|16241|3251|8788|2246|7343|2201|3559|1373|3784|1573|7177|1962|4014|1182|3163|1355|0|217|0|217|0|217|1309|880|799|491|510|593|49|81|49|81|0|217|322|325|35|57|287|320|2365|1464|1365|768|1000|864|2974|1322|2538|1290|436|330|352|258|242|220|110|138|3968|1799|3052|1508|916|684|3617|2700|3617|2700|0|217|133|147|133|147|0|217|254|234|254|234|0|217|868|931|868|931|0|217|0|217|0|217|0|217|461|370|98|174|363|330|807|547|807|547|0|217
5001600US3613|704700|18785|296727|13888|331890|14912|175982|11144|155908|10119|10056|3047|7717|2384|2339|1134|3661|3107|3196|3073|465|422|1111|849|1074|831|37|61|1470|775|1353|774|117|178|1844|999|1844|999|0|217|165|165|165|165|0|217|182|227|57|87|125|212|3899|1626|2528|1103|1371|839|1732|1000|921|711|811|675|344|390|344|390|0|217|770|892|458|523|312|402|0|217|0|217|0|217|0|217|0|217|0|217|0|217|0|217|0|217|1564|1080|1111|792|453|485|2346|1344|1221|773|1125|887|246|406|102|169|144|240|6685|2616|3937|1852|2748|1133|156|240|63|100|93|142|2797|1717|1610|900|1187|1023|0|217|0|217|0|217|81|114|81|114|0|217|378|432|238|293|140|167|9987|3256|5679|2296|4308|1491|811|513|354|347|457|372|1488|863|327|271|1161|816|152|251|152|251|0|217|818|559|275|288|543|430|469|598|178|289|291|340|0|217|0|217|0|217|590|432|318|279|272|356|2564|1173|1977|1021|587|491|1063|853|474|460|589|558|6139|2294|4305|1912|1834|1228|1405|731|1071|593|334|326|1309|744|810|623|499|425|8014|3395|6922|3050|1092|753|631|674|246|252|385|631|0|217|0|217|0|217|0|217|0|217|0|217|1156|1127|747|706|409|660
5001600US3614|651854|19985|226963|11407|273004|16700|136560|9313|136444|10526|2649|1025|1465|743|1184|705|1746|1019|1357|950|389|345|6346|1710|2761|959|3585|1305|2039|746|1461|637|578|385|431|321|304|232|127|217|476|455|269|326|207|229|7456|2334|5707|2149|1749|770|2736|1524|1368|947|1368|996|2994|1690|2385|1607|609|524|1663|696|1039|550|624|415|2036|1000|1246|697|790|499|313|379|204|324|109|184|69|115|0|217|69|115|903|1047|712|984|191|315|3003|1004|1324|640|1679|840|3212|1810|1496|956|1716|1130|721|558|488|371|233|265|25548|5038|12319|2825|13229|2846|5944|2862|2383|1388|3561|1940|10707|3317|7223|2743|3484|1351|0|217|0|217|0|217|324|339|43|72|281|316|331|384|195|306|136|237|29717|4176|9360|2162|20357|3071|1013|579|739|499|274|229|6274|2300|2691|1232|3583|1423|0|217|0|217|0|217|2186|1443|769|607|1417|905|588|619|280|337|308|338|518|377|86|138|432|352|6892|2393|3491|1778|3401|1236|9124|2272|5367|1458|3757|1510|1061|698|818|605|243|227|7780|2571|4436|1646|3344|1193|0|217|0|217|0|217|132|153|42|70|90|133|2871|1534|1942|1169|929|940|56|119|56|119|0|217|0|217|0|217|0|217|0|217|0|217|0|217|2028|1124|1133|645|895|670
5001600US3616|713239|12749|450259|13613|162789|13884|106763|10127|56026|6600|9321|3157|6010|2171|3311|2481|2914|1739|2308|1615|606|527|7149|2361|4988|1837|2161|916|6522|1832|3910|1141|2612|1142|1437|652|1437|652|0|217|1157|1191|1078|1194|79|106|1270|870|873|504|397|422|3315|1024|2032|637|1283|704|3279|2851|2567|2317|712|627|897|751|452|437|445|454|1931|998|1580|888|351|413|82|135|82|135|0|217|514|577|376|393|138|235|252|306|111|109|141|229|1831|686|1535|628|296|335|1112|870|893|877|219|240|308|293|219|221|89|106|1281|863|714|532|567|474|1372|1514|1138|1178|234|350|7926|3013|6746|2711|1180|790|129|141|91|91|38|66|658|671|564|651|94|156|2266|1328|1693|1051|573|442|5006|1448|3494|1196|1512|622|2943|991|1930|899|1013|513|1906|1007|879|562|1027|563|0|217|0|217|0|217|771|690|344|353|427|430|374|351|121|202|253|251|495|483|228|252|267|256|1138|1066|795|976|343|477|3492|1430|2688|1165|804|515|2091|1343|1677|1193|414|425|5311|3007|3336|2115|1975|1450|1976|1282|1628|1112|348|422|341|320|341|320|0|217|15749|4458|12922|3574|2827|1728|259|318|96|134|163|279|0|217|0|217|0|217|0|217|0|217|0|217|1416|762|868|584|548|472
5001600US3617|711069|5773|447352|10169|121387|7640|70400|5743|50987|5954|6580|2668|5531|2533|1049|698|8782|3108|4135|1629|4647|2116|7545|1415|5678|1111|1867|682|5604|2241|3057|1399|2547|1198|1953|862|1702|810|251|187|46450|5226|22691|4322|23759|3170|1894|1462|641|567|1253|1497|2986|1592|1573|1099|1413|697|3812|1747|2481|1379|1331|872|1789|1730|1023|1046|766|833|951|736|728|627|223|189|297|248|188|191|109|113|715|566|212|253|503|477|2306|1507|1889|1479|417|341|2567|1108|2256|1026|311|362|2045|1354|1350|1029|695|611|879|797|650|555|229|279|186|164|186|164|0|217|1406|916|620|502|786|650|7786|3033|5329|1935|2457|1461|542|535|398|384|144|163|1443|1098|1443|1098|0|217|4106|1410|2981|1036|1125|662|7547|1806|4033|1053|3514|1487|2987|1164|1639|803|1348|716|2072|1035|786|590|1286|782|0|217|0|217|0|217|236|206|117|115|119|151|123|184|0|217|123|184|120|119|120|119|0|217|641|688|312|309|329|526|3448|1178|2748|999|700|353|426|349|359|349|67|109|1350|1215|1133|989|217|305|3803|1737|3209|1663|594|381|1022|1418|1020|1418|2|7|3366|1653|2850|1405|516|543|759|715|550|505|209|277|0|217|0|217|0|217|0|217|0|217|0|217|1806|906|1210|597|596|593
5001600US3618|706861|5858|544946|8962|81993|5087|53396|4123|28597|3453|3381|1484|2977|1464|404|213|1561|1254|1177|1016|384|316|6408|1711|5827|1561|581|352|1671|1033|1498|1015|173|151|2134|1059|1618|867|516|361|28967|3179|7001|2057|21966|3416|2183|1059|1881|934|302|340|3583|2155|2742|2068|841|486|1783|961|1275|652|508|475|254|309|254|309|0|217|1545|927|1235|811|310|275|359|510|287|486|72|124|194|321|194|321|0|217|960|760|788|601|172|283|1158|696|698|496|460|322|817|675|622|584|195|237|585|640|258|279|327|373|789|738|337|426|452|643|118|118|118|118|0|217|3398|1914|2593|1352|805|804|509|474|398|388|111|144|195|323|195|323|0|217|1028|944|997|945|31|56|4493|1469|1276|505|3217|1438|968|525|674|431|294|297|1878|994|974|522|904|606|0|217|0|217|0|217|413|491|227|255|186|297|0|217|0|217|0|217|110|138|61|105|49|91|618|469|396|378|222|259|1787|984|939|529|848|599|149|160|109|169|40|69|2672|1848|1858|1377|814|550|386|491|294|466|92|152|0|217|0|217|0|217|1440|1091|1321|1004|119|199|154|244|154|244|0|217|0|217|0|217|0|217|100|169|100|169|0|217|1174|920|1126|917|48|43
5001600US3620|705912|5792|628217|8830|22007|2872|14817|2414|7190|2075|3005|1120|2674|1084|331|287|1200|758|945|641|255|350|3340|1250|2627|958|713|578|960|832|669|571|291|483|1734|857|1386|706|348|463|1455|1243|361|330|1094|1146|218|195|174|185|44|71|3551|1762|2672|1391|879|562|1759|1015|725|493|1034|869|754|584|682|578|72|118|997|831|503|582|494|568|0|217|0|217|0|217|491|522|255|402|236|239|217|310|217|310|0|217|2684|1432|1238|707|1446|1264|2210|1365|1845|1215|365|297|0|217|0|217|0|217|1345|727|858|574|487|364|994|789|777|684|217|272|2618|1781|1714|1228|904|925|2806|1111|2413|1064|393|319|1730|1201|1495|1074|235|260|517|450|270|294|247|222|4911|1158|3186|853|1725|665|184|194|55|93|129|141|1388|709|717|435|671|516|0|217|0|217|0|217|2279|1013|606|406|1673|781|77|126|0|217|77|126|303|305|142|193|161|205|2348|1443|1278|821|1070|856|3085|1355|2426|1217|659|443|502|512|502|512|0|217|2253|1211|1275|913|978|591|267|246|267|246|0|217|94|161|94|161|0|217|1801|1009|1201|785|600|557|108|115|86|109|22|43|0|217|0|217|0|217|0|217|0|217|0|217|1503|854|640|450|863|583
5001600US3625|690030|3288|598826|6946|39786|3382|26015|2935|13771|2901|4040|1970|2915|1665|1125|880|1291|1069|679|504|612|652|3739|981|2522|872|1217|430|1998|1806|1455|1376|543|518|1746|776|1440|744|306|195|737|443|687|429|50|107|620|450|290|278|330|275|1572|753|522|436|1050|655|1111|701|913|597|198|192|1709|1312|894|1000|815|856|4729|2272|3066|1794|1663|1033|275|455|154|254|121|202|223|263|223|263|0|217|174|199|174|199|0|217|1075|604|1020|588|55|94|389|463|216|295|173|242|192|263|192|263|0|217|1460|749|920|491|540|417|1957|1029|732|645|1225|917|1312|896|990|692|322|337|190|299|190|299|0|217|94|114|94|114|0|217|847|733|681|595|166|213|5351|1391|3774|1238|1577|611|195|260|195|260|0|217|1498|762|546|371|952|640|0|217|0|217|0|217|1311|737|649|401|662|424|0|217|0|217|0|217|489|386|247|269|242|264|2794|1654|1011|773|1783|1146|1148|724|646|496|502|443|66|112|66|112|0|217|3356|1638|1660|928|1696|1357|441|597|441|597|0|217|1827|1622|1220|1207|607|502|129|139|129|139|0|217|1106|940|735|662|371|598|0|217|0|217|0|217|31|53|31|53|0|217|196|144|70|96|126|148
5001600US3704|838613|11822|664123|13274|73042|7190|42229|4964|30813|4264|5745|2249|3240|1196|2505|1720|798|799|798|799|0|224|1016|925|1016|925|0|224|1481|853|1243|758|238|204|1583|662|1030|562|553|386|568|565|568|565|0|224|139|183|0|224|139|183|4429|2290|3756|2199|673|552|1025|624|828|567|197|269|298|376|298|376|0|224|1245|742|859|599|386|532|133|175|133|175|0|224|2623|1428|1820|962|803|599|4779|1770|3735|1490|1044|536|7161|2335|5560|1939|1601|1032|1378|1155|1184|942|194|304|2354|1892|1609|1241|745|763|2460|2068|1840|1803|620|508|5921|2053|4808|1786|1113|610|787|480|730|427|57|98|6972|2576|6042|2443|930|573|4201|1997|3441|1817|760|594|2763|1967|2252|1879|511|461|12812|2375|7856|1766|4956|1387|1211|945|543|611|668|588|2669|1059|1756|848|913|636|0|224|0|224|0|224|3389|1571|2052|1052|1337|743|409|558|187|260|222|303|295|288|203|241|92|157|1229|920|444|315|785|859|1473|846|1091|709|382|380|967|1064|155|194|812|977|8252|3379|5536|2205|2716|1448|53|85|53|85|0|224|805|931|257|304|548|645|4503|2403|4182|2371|321|531|2508|1606|2029|1375|479|496|0|224|0|224|0|224|126|207|126|207|0|224|888|732|888|732|0|224
5001600US3712|849874|8885|660586|10953|113959|5385|51839|4844|62120|5107|7449|2629|4149|1872|3300|1672|2579|1794|1253|1197|1326|931|170|199|170|199|0|224|2557|1619|1599|849|958|1161|2009|887|1809|844|200|257|415|411|333|387|82|139|2307|1283|759|497|1548|1054|2591|1267|1472|855|1119|690|276|397|276|397|0|224|768|765|549|668|219|362|232|192|0|224|232|192|63|106|0|224|63|106|327|214|327|214|0|224|3713|1741|1832|896|1881|1114|2542|1313|1640|862|902|1177|201|194|163|186|38|64|125|210|125|210|0|224|1000|781|835|682|165|163|2626|1636|1206|691|1420|1082|850|621|500|412|350|331|3770|1768|2795|1479|975|763|2478|1602|2478|1602|0|224|400|445|324|334|76|128|6254|4121|3173|2583|3081|1722|835|550|484|337|351|405|1524|1207|932|924|592|380|400|508|171|288|229|264|5393|2036|2286|1205|3107|1064|588|562|369|476|219|225|1190|781|584|429|606|427|3273|1952|1243|705|2030|1559|1901|968|1250|678|651|387|1080|1356|75|124|1005|1352|3486|1816|1519|838|1967|1671|730|1185|730|1185|0|224|3666|2128|2320|1437|1346|886|3243|1676|2529|1251|714|762|1472|955|681|674|791|722|0|224|0|224|0|224|190|320|97|163|93|159|656|689|583|676|73|121
5001600US4101|819673|4001|655469|8756|79677|5198|52748|5216|26929|4160|2749|1066|2127|778|622|536|235|282|0|214|235|282|760|582|680|498|80|134|1356|813|1054|792|302|282|2913|1081|2561|932|352|300|212|183|212|183|0|214|308|352|231|275|77|120|4520|1777|3249|1591|1271|629|488|514|401|501|87|125|455|630|455|630|0|214|1288|791|886|472|402|419|474|546|296|335|178|229|3486|2174|2783|2118|703|458|161|264|161|264|0|214|4635|1764|3838|1599|797|636|429|521|253|315|176|213|128|214|128|214|0|214|967|601|772|487|195|232|2078|1204|1684|982|394|401|2105|953|1750|963|355|313|2688|1504|2464|1387|224|221|4174|2219|3694|2129|480|527|1448|1157|1293|1128|155|238|10635|2586|7646|2125|2989|1097|4479|1365|2661|1074|1818|824|5816|2271|2708|1662|3108|1132|375|603|375|603|0|214|8485|2318|3488|1230|4997|1708|1206|699|297|260|909|544|1023|679|704|522|319|352|1170|882|947|625|223|322|3624|1298|2714|1137|910|601|1372|865|820|426|552|499|4142|1582|3158|1215|984|654|303|315|247|255|56|94|172|149|106|98|66|113|1163|887|995|851|168|211|1414|1145|1192|962|222|326|0|214|0|214|0|214|39|76|39|76|0|214|1052|1013|479|383|573|698
5001600US4103|802346|7275|652262|10648|61967|5588|42434|4245|19533|2740|2709|991|2265|933|444|309|150|272|0|214|150|272|422|398|234|247|188|310|1106|749|1059|744|47|79|3646|1162|2955|1045|691|474|444|288|444|288|0|214|312|280|275|259|37|61|9666|4096|5231|2333|4435|2711|340|352|184|227|156|264|1231|1127|1068|1111|163|190|3848|2216|1872|1361|1976|1200|0|214|0|214|0|214|723|391|484|303|239|207|0|214|0|214|0|214|494|578|388|435|106|179|237|246|187|236|50|85|195|233|162|210|33|54|0|214|0|214|0|214|780|861|185|150|595|848|2631|998|1820|732|811|540|80|135|80|135|0|214|159|159|112|137|47|77|140|217|0|214|140|217|8940|2537|4189|1316|4751|1509|2297|829|1669|672|628|320|1639|750|1162|589|477|371|816|721|575|571|241|300|18331|3814|7895|2540|10436|2386|1393|1017|1087|964|306|253|3605|2139|1504|1257|2101|1262|2895|1665|1389|1022|1506|1051|2558|1098|2187|1022|371|261|3367|1052|2170|752|1197|735|3592|2439|2412|1912|1180|861|289|291|133|221|156|186|4918|2536|2238|1258|2680|1760|1123|737|662|491|461|438|701|533|500|457|201|204|274|305|46|79|228|295|396|381|208|185|188|320|1670|1250|1042|872|628|543
5001600US4201|696196|4639|598216|7199|25347|3078|15949|1947|9398|2585|1443|944|1268|974|175|182|712|921|377|586|335|374|2387|989|1841|817|546|398|2043|1278|1163|723|880|691|1734|710|1255|640|479|298|827|428|602|352|225|194|1565|813|1385|810|180|138|12010|2923|5973|1824|6037|1872|3316|1419|1905|768|1411|889|891|876|284|246|607|642|2273|1111|1430|753|843|605|519|422|431|333|88|150|434|408|235|284|199|242|8729|2476|4667|1882|4062|1666|4460|1851|3709|1716|751|582|392|478|324|386|68|113|1193|1620|1193|1620|0|189|2580|1511|1161|710|1419|984|488|463|488|463|0|189|1107|746|679|475|428|354|340|360|295|334|45|77|1575|1170|1310|945|265|303|3678|2002|2214|1296|1464|878|2801|1076|1885|811|916|499|55|63|37|59|18|32|4607|1966|1972|800|2635|1462|0|189|0|189|0|189|1981|1281|829|630|1152|810|723|877|0|189|723|877|294|265|119|143|175|226|654|584|377|404|277|263|1006|587|656|421|350|315|126|193|126|193|0|189|2119|1246|1372|1099|747|591|350|279|350|279|0|189|277|296|174|168|103|174|844|771|809|762|35|57|540|616|353|565|187|250|0|189|0|189|0|189|258|324|103|167|155|206|1302|1050|596|387|706|824
5001600US4202|686866|17920|438070|17193|124797|9664|62160|6998|62637|7487|2021|1144|1234|785|787|660|8346|3602|4719|2306|3627|1854|1243|664|740|404|503|364|8012|4758|2443|1260|5569|4711|999|956|839|924|160|202|331|304|331|304|0|189|387|263|329|254|58|101|10702|2781|3800|1459|6902|2023|1120|745|741|547|379|401|167|227|103|127|64|106|3124|1757|927|765|2197|1192|0|189|0|189|0|189|1397|1480|1044|1113|353|429|1302|1106|445|460|857|774|1466|864|876|768|590|723|1907|1331|1159|944|748|666|134|229|134|229|0|189|1698|1286|622|548|1076|923|177|290|177|290|0|189|5513|2462|3747|2060|1766|970|115|200|115|200|0|189|29|49|29|49|0|189|10665|2841|4359|1448|6306|2022|21188|4620|3352|1135|17836|4368|876|741|486|511|390|599|923|660|420|441|503|498|0|189|0|189|0|189|7607|3205|2795|1455|4812|2121|3834|2033|1558|981|2276|1434|559|467|179|227|380|424|1656|1201|363|437|1293|1074|1584|901|1030|689|554|446|265|432|251|429|14|29|14303|5283|11604|5044|2699|1200|511|489|343|350|168|273|0|189|0|189|0|189|5540|3490|5348|3461|192|193|251|335|181|235|70|118|0|189|0|189|0|189|0|189|0|189|0|189|4047|2989|1446|1277|2601|2558
5001600US4203|691031|17490|604743|16682|30240|5084|18405|3152|11835|3148|5272|1953|2674|1270|2598|1335|1740|1526|663|741|1077|882|1336|604|901|490|435|305|2014|1359|1800|1275|214|292|973|559|836|531|137|134|194|236|194|236|0|189|645|395|572|354|73|123|3286|2019|2365|1225|921|1113|876|685|470|246|406|647|184|257|184|257|0|189|914|673|751|644|163|219|240|197|240|197|0|189|350|265|273|235|77|128|158|190|158|190|0|189|1581|1083|1131|640|450|686|1133|777|1014|693|119|165|94|159|0|189|94|159|1844|1294|889|740|955|809|356|364|356|364|0|189|846|518|776|509|70|122|130|113|130|113|0|189|869|639|840|633|29|50|390|394|337|381|53|90|9835|2051|5116|1256|4719|1299|255|260|166|160|89|143|1625|570|1223|471|402|224|0|189|0|189|0|189|3240|1206|1253|488|1987|984|871|612|239|244|632|481|765|1008|486|770|279|273|549|469|478|399|71|109|1258|1021|659|685|599|441|699|571|221|221|478|443|2332|1527|1265|851|1067|1018|638|387|638|387|0|189|76|104|50|65|26|45|5780|2720|4344|2390|1436|721|633|562|238|243|395|508|0|189|0|189|0|189|459|712|459|712|0|189|1608|958|1093|689|515|595
5001600US4204|718309|5890|630156|6552|23744|2582|15605|2205|8139|1716|2595|1048|2381|976|214|204|704|598|335|316|369|396|3018|928|2081|773|937|460|1125|611|705|456|420|384|2243|1177|2063|1164|180|204|531|368|395|338|136|147|958|622|958|622|0|189|3140|1273|2069|968|1071|588|430|305|322|224|108|108|160|185|160|185|0|189|2704|957|2194|1000|510|323|386|384|386|384|0|189|597|647|550|625|47|78|2117|1059|1750|970|367|267|4705|2234|4134|1895|571|548|285|276|199|187|86|106|287|402|247|399|40|68|825|788|617|507|208|338|899|815|560|501|339|387|579|346|432|295|147|171|3673|1806|3477|1723|196|193|1790|1234|1589|1137|201|238|1533|852|1090|598|443|427|7991|1970|4905|1195|3086|1102|330|273|89|108|241|248|6112|2153|2064|884|4048|1902|0|189|0|189|0|189|3427|1544|1842|1066|1585|795|0|189|0|189|0|189|267|466|267|466|0|189|207|217|207|217|0|189|1547|784|1271|731|276|200|370|417|153|204|217|359|4916|3182|4186|2765|730|602|1322|717|1219|671|103|172|311|432|255|341|56|98|966|727|966|727|0|189|110|148|36|61|74|133|0|189|0|189|0|189|0|189|0|189|0|189|1249|1042|464|645|785|746
5001600US4205|676695|9102|575593|10195|22547|3846|15137|2384|7410|2389|6563|2379|4178|1917|2385|1079|3028|1469|920|574|2108|1282|2716|850|1635|594|1081|508|792|554|731|509|61|115|1219|935|1015|918|204|193|695|314|695|314|0|189|2648|1160|1774|813|874|616|2114|1326|1150|739|964|715|948|707|556|467|392|335|583|586|555|574|28|47|498|425|457|394|41|68|974|927|593|685|381|354|534|576|458|553|76|128|1916|1346|717|440|1199|1263|1820|1058|1136|760|684|739|855|734|582|557|273|327|2276|1886|1252|1114|1024|810|2424|1034|1140|687|1284|619|217|317|131|178|86|145|1285|914|899|593|386|453|238|254|238|254|0|189|546|755|360|492|186|282|2109|1232|1511|1039|598|675|11186|2477|6494|1849|4692|1420|729|489|480|400|249|213|3252|1631|814|565|2438|1285|62|104|62|104|0|189|4688|1522|1732|946|2956|972|3271|1402|980|676|2291|1056|1053|1015|516|498|537|531|1207|1308|281|325|926|999|1788|1352|1667|1325|121|148|796|836|366|570|430|464|3201|1993|1900|1082|1301|1386|145|177|145|177|0|189|1917|1331|1303|1126|614|581|6901|2489|2863|1013|4038|2200|69|118|69|118|0|189|0|189|0|189|0|189|208|247|0|189|208|247|1084|858|227|192|857|805
5001600US4803|911374|9095|624803|11939|100959|7199|68445|7092|32514|5504|3681|1429|3681|1429|0|249|195|284|0|249|195|284|868|1045|285|358|583|712|6145|3203|5190|2733|955|678|1251|801|1004|701|247|258|720|522|702|522|18|31|50|85|0|249|50|85|3179|1334|1617|844|1562|968|431|316|431|316|0|249|246|355|246|355|0|249|602|551|602|551|0|249|532|511|532|511|0|249|7074|2605|4376|1791|2698|1209|6748|3770|4886|2449|1862|1541|14380|4011|10803|2555|3577|2897|9503|2644|7064|2135|2439|1180|1859|1776|1105|1099|754|879|5243|2487|4338|2096|905|546|5624|1996|4953|1937|671|441|3496|2067|2963|1734|533|556|18051|4042|14811|3773|3240|1689|12783|3545|9540|2906|3243|1590|7581|2560|6569|2340|1012|960|26252|4088|14318|2490|11934|2406|2423|1069|1321|709|1102|594|8489|4269|4373|2509|4116|2146|610|916|36|61|574|915|8122|2587|4508|1794|3614|1456|2994|2249|727|671|2267|1972|476|652|267|384|209|275|2001|1923|1088|1044|913|911|3533|1345|2448|1063|1085|768|1509|1123|1229|892|280|300|5167|2746|4644|2561|523|316|1409|1051|1035|807|374|536|3222|1986|1870|1267|1352|930|4479|2809|3556|2277|923|920|2261|981|1949|873|312|476|101|151|101|151|0|249|519|520|314|399|205|239|1803|1202|1405|1050|398|444
5001600US4824|760541|11325|471571|14065|154764|11226|92106|7421|62658|7695|7172|2425|4869|1849|2303|1170|0|249|0|249|0|249|424|316|424|316|0|249|1707|1072|1315|747|392|444|1140|660|820|615|320|386|112|188|112|188|0|249|772|936|772|936|0|249|532|383|483|398|49|84|367|320|245|192|122|204|926|894|862|850|64|107|340|436|87|144|253|412|38|63|38|63|0|249|1669|1115|1504|1018|165|209|3727|1670|3112|1445|615|461|12984|2903|11159|2574|1825|963|7340|2632|6062|2299|1278|750|346|318|301|289|45|78|4429|2768|3325|2425|1104|798|11251|3223|7489|2316|3762|1417|804|510|525|396|279|323|12813|3320|10029|2549|2784|1416|7139|2514|6474|2372|665|518|6160|2146|4927|1794|1233|778|10481|3070|6496|1956|3985|1808|463|273|339|225|124|148|7317|2083|4079|1359|3238|1061|0|249|0|249|0|249|8333|2813|4829|2303|3504|1140|520|604|129|165|391|470|2437|1412|1377|732|1060|863|861|828|268|264|593|719|1926|1102|1340|853|586|642|1405|849|1315|842|90|117|6714|2794|4646|2005|2068|1071|172|285|172|285|0|249|4230|4027|3143|2982|1087|1132|4670|3281|3565|3075|1105|1115|1816|1628|1656|1638|160|224|0|249|0|249|0|249|0|249|0|249|0|249|669|768|511|729|158|262
5001600US4826|917043|13840|734707|17676|100309|9439|65763|7039|34546|6167|1865|831|1707|778|158|182|0|249|0|249|0|249|1099|872|348|270|751|826|2467|1182|2337|1153|130|174|1292|829|1180|818|112|134|888|740|687|686|201|309|56|87|56|87|0|249|1687|1465|797|783|890|1191|353|280|261|247|92|153|1064|820|718|521|346|484|0|249|0|249|0|249|0|249|0|249|0|249|1208|1039|844|720|364|365|2725|1563|2176|1373|549|370|4473|2474|3918|2281|555|538|1386|955|1317|937|69|116|3061|2922|2262|2117|799|928|952|628|817|593|135|191|2023|1026|1661|882|362|296|700|391|669|385|31|53|4236|2280|3313|2123|923|760|2892|1346|2755|1294|137|172|6895|2711|3846|1383|3049|1826|7437|2705|4667|1825|2770|1184|4005|3488|2276|1740|1729|1953|6610|3456|2090|1008|4520|3237|0|249|0|249|0|249|3714|1571|2065|827|1649|972|503|773|193|322|310|458|631|473|266|299|365|333|3012|1939|892|613|2120|1821|2536|1460|1582|852|954|808|447|391|359|353|88|113|3384|1690|2391|1225|993|1013|1094|1495|1094|1495|0|249|1155|1205|1103|1202|52|88|3726|1546|3281|1312|445|469|2219|1380|1853|1303|366|488|0|249|0|249|0|249|0|249|0|249|0|249|232|298|232|298|0|249
5001600US5101|791750|11312|678274|9504|63671|6889|33988|4499|29683|4905|2934|1610|1869|855|1065|1078|156|182|156|182|0|216|696|384|653|377|43|76|813|538|726|512|87|74|2203|734|1701|669|502|331|186|200|186|200|0|216|531|361|531|361|0|216|1119|633|675|482|444|422|498|433|498|433|0|216|0|216|0|216|0|216|835|711|609|621|226|232|0|216|0|216|0|216|2244|1114|1244|921|1000|561|136|156|136|156|0|216|254|230|254|230|0|216|3260|1549|2035|932|1225|1054|1523|1448|520|580|1003|1340|1423|917|777|523|646|521|831|743|621|545|210|342|2723|1783|1981|1138|742|701|205|244|205|244|0|216|364|357|364|357|0|216|853|1000|853|1000|0|216|1486|815|1083|579|403|312|596|438|184|187|412|347|2563|1259|1408|915|1155|503|0|216|0|216|0|216|2925|1236|1915|946|1010|613|1077|821|546|488|531|389|372|369|194|262|178|158|597|510|403|363|194|178|1977|767|1255|637|722|441|237|317|68|109|169|221|7228|4508|5326|3518|1902|1139|0|216|0|216|0|216|1855|1049|1196|757|659|567|3340|1753|2475|1432|865|679|327|362|327|362|0|216|0|216|0|216|0|216|68|97|68|97|0|216|1370|1148|882|690|488|719
5001600US5108|738850|12131|480946|11926|114152|7835|63702|5946|50450|5800|7337|2597|5489|1465|1848|2140|790|713|616|499|174|287|1224|548|1012|455|212|311|2262|889|1812|763|450|369|2680|922|2541|871|139|173|373|277|373|277|0|216|1816|1085|1591|856|225|300|3310|1250|2720|1063|590|470|1134|677|904|564|230|284|871|706|689|694|182|206|1376|854|982|732|394|426|521|583|239|251|282|351|6522|2070|4369|1494|2153|911|315|338|157|220|158|242|3597|1397|3486|1353|111|135|2767|2029|1634|869|1133|1264|350|355|350|355|0|216|4509|1984|2692|1397|1817|1096|3125|1556|1655|825|1470|1041|4057|1416|2920|1121|1137|707|840|746|759|639|81|135|1321|860|1206|842|115|201|1003|567|895|477|108|149|9516|2089|6538|1651|2978|1168|3146|1811|2281|1411|865|644|5997|1859|3157|1189|2840|1046|0|216|0|216|0|216|13149|3212|5255|1370|7894|2254|591|695|110|137|481|672|1917|768|889|457|1028|567|2287|1080|1842|859|445|334|8393|2484|6849|2139|1544|692|344|263|258|223|86|146|15930|4272|11338|3588|4592|1653|334|284|225|218|109|184|20736|4241|13060|3128|7676|1894|5879|2755|4162|2367|1717|989|2346|2064|1272|1063|1074|1214|0|216|0|216|0|216|77|104|60|101|17|32|1010|869|814|847|196|200
5001600US5110|841802|11907|595230|11998|93025|6595|52308|4711|40717|4835|3028|1195|2760|1074|268|278|790|697|790|697|0|216|525|459|419|416|106|176|2004|979|1739|956|265|232|4877|2000|4300|1903|577|488|476|310|476|310|0|216|1366|1016|1366|1016|0|216|3329|1594|2096|1147|1233|776|122|143|122|143|0|216|214|177|135|121|79|132|788|590|788|590|0|216|0|216|0|216|0|216|10932|4069|7640|3098|3292|1605|3328|1406|2726|1210|602|489|11850|3070|10449|2802|1401|699|11251|3506|8058|2541|3193|1749|2526|1631|1937|1349|589|457|2029|825|1330|546|699|433|5309|1884|3393|1269|1916|940|2369|1167|1764|857|605|502|17525|4659|14399|3625|3126|2168|4548|1820|4333|1770|215|257|1894|969|1588|852|306|258|13839|3451|8973|2199|4866|1700|1517|761|1346|706|171|181|12545|3979|5738|2130|6807|2415|0|216|0|216|0|216|8789|1983|3653|1192|5136|1562|409|382|272|326|137|198|2089|826|1265|716|824|550|1586|689|1041|573|545|369|4954|1093|4148|1141|806|518|614|359|465|324|149|178|9016|3481|6867|2619|2149|1188|0|216|0|216|0|216|4318|2073|3021|1489|1297|956|883|639|835|627|48|79|471|416|372|374|99|163|0|216|0|216|0|216|0|216|0|216|0|216|1437|1015|874|712|563|538
5001600US5111|751881|16272|457882|11807|113096|8909|69392|6019|43704|5134|5795|1834|5524|1750|271|249|559|452|498|434|61|103|738|525|549|344|189|228|3009|1463|2791|1339|218|226|3062|794|2887|768|175|172|668|596|423|406|245|304|774|443|627|370|147|150|2566|1071|1638|842|928|521|1294|797|1100|675|194|229|536|399|492|390|44|73|947|758|723|531|224|272|381|300|346|281|35|60|8649|2813|6203|2248|2446|937|1454|752|925|517|529|400|6757|2056|5489|1879|1268|630|8666|3635|5981|2522|2685|1364|610|445|511|418|99|117|7465|2645|5366|2065|2099|1113|6105|2238|3589|1241|2516|1410|4465|1821|3491|1433|974|571|4345|1739|3614|1567|731|478|2608|1228|2267|1050|341|351|1173|797|905|698|268|378|14840|3350|8387|2364|6453|1853|2445|1080|1600|738|845|527|23064|3869|10629|1882|12435|2654|0|216|0|216|0|216|13674|3300|6551|1573|7123|2103|227|254|166|233|61|72|1385|631|696|384|689|472|3193|1372|2079|1015|1114|667|7402|2479|6038|2304|1364|624|2276|1538|1824|1421|452|364|16744|4730|11023|2791|5721|2499|83|139|83|139|0|216|10155|3336|7055|2690|3100|1476|9049|3156|6883|2559|2166|1181|1590|1107|1145|750|445|572|0|216|0|216|0|216|0|216|0|216|0|216|2150|1318|1708|965|442|702
5001600US5301|753976|12590|584816|11977|42507|5097|25750|3356|16757|3056|3285|1531|2783|1220|502|485|13|26|13|26|0|213|11|20|11|20|0|213|3159|1866|1933|996|1226|1075|2120|827|2001|835|119|123|1997|2204|1562|1532|435|697|83|121|11|18|72|120|9760|2635|7021|1938|2739|1142|2122|1504|1818|1276|304|379|959|726|682|632|277|368|3125|1612|2464|1307|661|452|285|470|213|353|72|117|3111|1424|1995|1084|1116|557|653|617|499|495|154|251|8493|2009|6886|1697|1607|844|3158|2107|2186|1430|972|798|1831|1088|853|521|978|667|1389|1010|1216|977|173|195|3248|1847|3014|1786|234|241|4558|1662|3377|1252|1181|645|9429|3197|7164|2471|2265|1153|6910|2323|6350|2166|560|496|4671|2410|3318|1680|1353|1457|23170|4232|14447|3047|8723|1956|3506|1389|2192|993|1314|660|3488|1429|1326|673|2162|972|922|1089|245|323|677|784|2648|1195|1070|628|1578|863|1712|1056|950|667|762|586|1192|786|525|455|667|525|1470|895|1023|651|447|475|4430|1310|3926|1246|504|271|1837|966|1303|729|534|411|1940|1200|1301|931|639|780|1827|2326|1827|2326|0|213|791|667|705|633|86|142|407|689|346|586|61|109|1571|1755|1318|1653|253|310|13|28|13|28|0|213|613|398|569|396|44|69|746|639|675|603|71|116
5001600US5302|726705|9409|581590|12101|53233|5802|32242|3973|20991|3453|2423|957|1841|749|582|404|0|213|0|213|0|213|465|374|465|374|0|213|952|830|952|830|0|213|2343|810|2097|787|246|256|74|82|74|82|0|213|214|247|214|247|0|213|6712|2914|3599|1935|3113|1371|567|442|567|442|0|213|439|743|269|456|170|288|4137|1794|2072|1175|2065|886|0|213|0|213|0|213|2121|1648|1213|1047|908|657|328|552|0|213|328|552|995|692|878|628|117|139|1667|2392|1183|1693|484|706|3053|2176|1941|1431|1112|892|328|405|232|377|96|158|560|410|560|410|0|213|1458|821|1024|523|434|374|1327|1371|798|840|529|553|1129|933|697|663|432|674|482|469|198|255|284|339|7754|2106|3235|1055|4519|1648|2103|941|1339|784|764|403|5022|1315|1642|656|3380|1132|489|615|413|585|76|130|12687|3266|5150|1469|7537|2535|2249|1229|786|581|1463|914|2797|1478|1449|880|1348|907|1748|1470|1024|960|724|1082|6468|1406|3750|1062|2718|895|1973|903|1382|728|591|440|4767|3141|2668|1918|2099|1682|297|266|213|224|84|140|6423|2685|4750|2294|1673|985|3162|2414|2680|2388|482|418|1848|1058|1470|804|378|486|22|45|0|213|22|45|100|101|100|101|0|213|199|241|10|17|189|240
5001600US5307|764610|9270|598374|11064|37945|5603|26508|4018|11437|3126|4919|1686|4354|1528|565|444|63|125|63|125|0|213|2266|1529|1809|1496|457|464|2503|1968|1698|1185|805|924|4026|1192|3332|1086|694|474|522|287|522|287|0|213|407|399|146|169|261|361|7158|2332|4776|1920|2382|1056|838|483|792|464|46|77|171|195|171|195|0|213|823|602|392|384|431|460|470|480|470|480|0|213|2446|986|1852|777|594|408|587|688|587|688|0|213|8935|2261|7901|2133|1034|719|1003|692|926|625|77|129|1309|903|739|583|570|459|1347|831|1295|828|52|88|1193|628|1050|628|143|239|4642|1608|4199|1522|443|392|3581|3381|3237|3335|344|555|1357|968|1357|968|0|213|493|369|493|369|0|213|28623|4281|16347|3005|12276|2780|3678|1181|2278|851|1400|731|5398|1384|3045|947|2353|889|0|213|0|213|0|213|9866|2418|4302|1272|5564|1618|1373|818|515|353|858|664|804|496|387|393|417|382|1211|686|633|512|578|425|7009|2079|5046|1598|1963|881|3365|1953|2419|1346|946|1067|2751|1076|2104|832|647|356|376|326|376|326|0|213|9622|3817|6236|3151|3386|1438|672|576|626|532|46|81|2031|1410|1641|1392|390|385|62|103|62|103|0|213|52|111|52|111|0|213|339|296|339|296|0|213
5001600US5308|739102|12841|582804|11847|54752|6350|32770|4373|21982|3852|3156|1517|2914|1495|242|204|88|156|0|213|88|156|788|734|400|364|388|639|1365|769|1030|637|335|309|2133|870|2031|863|102|128|476|355|424|288|52|85|422|420|422|420|0|213|9058|3439|5214|2220|3844|1803|807|707|721|685|86|101|437|657|437|657|0|213|8073|2874|2888|1187|5185|2444|0|213|0|213|0|213|2264|1941|1139|1202|1125|1528|567|659|436|478|131|215|5368|2064|4911|1934|457|405|1150|687|1150|687|0|213|5034|2853|2059|1125|2975|1944|808|803|808|803|0|213|2433|1273|1807|922|626|520|1720|1174|1434|1003|286|366|2430|1862|1980|1688|450|397|1768|1259|1694|1230|74|123|2155|1240|2021|1189|134|156|12535|2854|7447|1828|5088|1787|1538|857|1296|775|242|213|6283|2703|3504|1538|2779|1581|653|1065|422|688|231|377|4898|1998|2357|1096|2541|1345|996|643|545|499|451|378|1749|1027|1246|810|503|365|2524|2090|1312|1319|1212|1156|6458|1938|4794|1534|1664|650|2780|1735|2153|1442|627|492|2343|2074|1631|1485|712|672|0|213|0|213|0|213|2700|2037|2295|1645|405|420|1964|1901|1534|1452|430|517|969|995|190|262|779|950|0|213|0|213|0|213|131|138|131|138|0|213|525|614|433|470|92|154
5001600US5309|716750|9226|436463|13317|66253|7472|38260|4999|27993|4411|6677|2678|4607|1780|2070|1344|107|173|107|173|0|213|511|428|364|329|147|172|1039|670|806|581|233|269|1287|678|1224|659|63|103|151|158|151|158|0|213|43|69|43|69|0|213|8117|3907|2886|1023|5231|3797|1645|1589|1239|1138|406|508|1775|1291|1078|871|697|654|2995|1298|1676|902|1319|709|69|112|69|112|0|213|2793|1459|1542|751|1251|1183|938|613|622|506|316|276|10382|3087|8564|2945|1818|874|898|789|614|510|284|298|4413|2830|2172|1471|2241|1505|884|477|695|417|189|183|2717|1478|2254|1204|463|435|3672|1491|2453|1219|1219|891|1201|691|1108|664|93|164|2637|1174|2410|1028|227|382|1307|936|1307|936|0|213|51000|4929|25015|2856|25985|3495|4707|1810|2196|834|2511|1334|8730|1792|5009|1330|3721|995|864|855|156|239|708|732|26469|4733|9415|2230|17054|3559|3980|1811|1238|724|2742|1253|1830|850|978|479|852|559|4070|2304|1904|1522|2166|1442|16600|3281|10193|2286|6407|2113|9496|2407|6758|2319|2738|1011|2294|1468|873|937|1421|1108|1341|818|1341|818|0|213|19355|4650|12002|3338|7353|1901|1276|1071|564|492|712|858|4781|2426|2722|1306|2059|1797|0|213|0|213|0|213|159|189|159|189|0|213|824|702|429|378|395|371
9600000US0611820|505332|12521|164694|8434|134662|10495|81503|7523|53159|6121|558|413|397|350|161|190|0|218|0|218|0|218|520|463|365|382|155|258|2610|1754|1714|1038|896|970|607|395|565|386|42|67|88|147|88|147|0|218|3|6|3|6|0|218|979|690|716|486|263|268|119|136|51|84|68|108|96|159|49|81|47|78|482|381|364|286|118|133|98|114|74|90|24|39|1700|896|1248|750|452|361|1313|637|1049|520|264|227|10595|2142|9293|1798|1302|718|593|535|430|337|163|274|3950|1782|2143|991|1807|934|833|613|777|559|56|92|2284|1331|1987|1033|297|485|413|237|367|226|46|76|3774|1675|3482|1633|292|208|3152|1239|2840|1132|312|318|2850|1425|2723|1427|127|152|41197|3964|18189|2685|23008|2393|1319|446|632|306|687|434|2023|846|604|402|1419|754|158|155|109|132|49|82|86110|8046|32377|3970|53733|5552|3148|1566|1051|624|2097|1175|621|377|224|216|397|293|1010|659|398|397|612|526|22776|3598|13137|2378|9639|2249|4711|2177|3425|1902|1286|622|2874|1776|2391|1426|483|457|0|218|0|218|0|218|1881|1211|1041|547|840|834|144|178|89|144|55|95|68|107|68|107|0|218|0|218|0|218|0|218|172|204|172|204|0|218|147|147|108|132|39|64
9700000US0622710|4347383|15635|1802460|21677|1874291|22754|1008391|18141|865900|16142|20540|3755|18255|3421|2285|1013|1816|993|1378|796|438|585|8242|2012|7159|1915|1083|513|6681|2059|4602|1164|2079|1376|10163|2008|9155|1874|1008|540|2673|1124|2416|1043|257|249|1768|944|1530|864|238|382|42896|6508|24570|4827|18326|4019|2274|801|1907|753|367|279|4553|1475|3237|1157|1316|914|3209|1229|2456|1096|753|494|88632|9028|48594|5382|40038|5107|48975|5732|26779|3718|22196|3703|2865|1593|1486|728|1379|1133|9422|2597|7862|2331|1560|759|4387|1209|3465|990|922|632|4169|1436|2521|1076|1648|722|6520|2313|3265|1051|3255|1704|4665|1365|3279|952|1386|679|7642|2048|6441|1951|1201|725|2648|1177|2504|1144|144|180|1036|566|898|511|138|191|1503|761|1209|588|294|280|59182|5037|31053|3359|28129|3371|21881|3432|10932|2155|10949|2142|88096|6230|36011|3801|52085|4002|147|198|37|63|110|187|19398|3591|7458|1737|11940|2795|2962|1013|1517|730|1445|530|7854|1877|3016|987|4838|1340|6169|2035|3014|936|3155|1522|105899|8008|68094|5574|37805|4131|12308|3227|8016|2328|4292|1500|19567|4640|12958|3778|6609|2124|17987|3942|14118|3582|3869|1264|4924|1422|3373|1160|1551|625|5670|1963|4282|1583|1388|988|1926|1337|1519|1184|407|610|268|306|268|306|0|218|546|380|456|339|90|108|8569|2177|5853|1637|2716|1340
9700000US0634320|1009941|14343|653286|13860|194691|10701|125408|7663|69283|5613|5448|1589|5058|1524|390|246|948|744|504|453|444|604|880|465|794|444|86|147|5068|1749|3903|1282|1165|834|3889|1499|3766|1462|123|157|325|252|325|252|0|218|700|462|491|337|209|226|5494|1675|3077|1426|2417|890|764|534|689|516|75|126|1204|1195|985|1110|219|303|785|667|516|525|269|438|309|264|309|264|0|218|4197|1789|3080|1597|1117|599|1087|551|1087|551|0|218|3764|1309|3247|1068|517|461|1549|1179|1390|1130|159|272|77|127|77|127|0|218|1213|756|908|586|305|310|850|484|679|409|171|178|1888|1295|1468|944|420|426|3174|1749|2811|1479|363|412|1934|1229|1612|1078|322|270|548|404|548|404|0|218|20508|4283|10728|2250|9780|3148|5623|2140|3321|1468|2302|983|6568|2291|3890|1703|2678|1424|475|442|444|407|31|53|23809|4471|9926|2535|13883|2789|2076|1088|1152|688|924|561|6040|2004|2407|870|3633|1646|2650|1529|1296|896|1354|1011|30567|4771|18486|3174|12081|2696|2467|1158|1275|771|1192|593|4832|1874|2338|1116|2494|1292|2225|1839|2093|1833|132|116|6471|2612|3529|1512|2942|1631|260|270|66|110|194|245|516|463|290|274|226|371|4|8|4|8|0|218|67|139|67|139|0|218|711|533|621|510|90|153
9700000US0634410|780369|347|436676|9084|85615|4330|52231|4597|33384|3964|9080|2246|8572|2174|508|459|155|239|72|108|83|136|3001|1062|2602|933|399|404|3211|1438|2672|1264|539|407|3050|1226|2958|1214|92|129|826|527|735|513|91|150|1527|1033|1430|1050|97|162|11205|2749|5767|1881|5438|1829|855|701|827|707|28|47|265|439|265|439|0|218|791|501|471|329|320|408|1200|1220|1023|1192|177|215|1632|697|1172|590|460|296|1721|1423|1147|820|574|780|7193|2348|6844|2287|349|426|526|508|526|508|0|218|2669|1956|2051|1274|618|917|3081|2987|2999|2972|82|132|1629|884|1318|678|311|426|1620|1029|1572|1024|48|77|576|633|495|622|81|132|1330|831|1330|831|0|218|716|582|552|489|164|279|139978|7251|57137|5642|82841|5824|6133|1726|3940|1242|2193|867|8852|2486|5139|1569|3713|1404|49|81|49|81|0|218|10031|2743|3418|1411|6613|2263|526|391|97|160|429|371|2734|1432|908|563|1826|1240|3293|1329|1751|879|1542|1038|19125|3123|11394|2405|7731|1632|1815|868|1171|675|644|479|3340|2123|2506|2106|834|507|698|454|648|437|50|82|2747|1801|2038|1673|709|623|372|425|176|201|196|247|0|218|0|218|0|218|0|218|0|218|0|218|0|218|0|218|0|218|526|418|343|312|183|239
9700000US1200180|1825455|157|1043888|15940|500409|10087|305445|11006|194964|9318|21056|3872|15459|3189|5597|1683|108889|11532|62636|8466|46253|7105|5246|1650|3956|1410|1290|611|33969|6255|19080|3351|14889|4097|3944|1368|3638|1262|306|287|1671|1055|1418|911|253|377|2061|1055|1482|1101|579|553|15561|3533|7785|2040|7776|2803|2970|1602|2038|1205|932|574|755|742|617|709|138|170|3295|1370|2862|1369|433|324|239|313|174|296|65|108|887|602|748|516|139|172|2032|1142|1679|945|353|381|5243|1971|4869|1826|374|332|2228|1326|2112|1285|116|154|0|242|0|242|0|242|2253|1573|992|580|1261|1134|329|375|329|375|0|242|6019|2364|4374|1927|1645|1004|2181|1344|2077|1330|104|123|915|713|744|601|171|202|1509|1099|956|906|553|624|10992|3655|4867|2300|6125|2151|1680|1327|1388|1259|292|220|1920|840|1336|619|584|464|0|242|0|242|0|242|5824|2197|1586|1076|4238|1914|404|561|296|386|108|181|1281|678|702|542|579|347|1573|1151|1108|800|465|440|7622|2163|5849|2104|1773|981|921|545|687|482|234|311|6264|2165|4277|1487|1987|1133|5932|2172|4370|1833|1562|812|45|75|45|75|0|242|1510|866|1313|824|197|233|400|465|333|390|67|112|0|242|0|242|0|242|430|285|377|275|53|69|11108|3858|9333|3507|1775|1260
9700000US1200390|2517017|220|636673|17470|1657215|10245|873794|17123|783421|14680|18775|4135|16058|3682|2717|1098|106527|12279|69776|10165|36751|5847|8774|2362|6643|2368|2131|866|17353|3204|13016|2406|4337|1357|3952|1355|3640|1359|312|247|1049|777|807|536|242|282|1917|1181|1917|1181|0|242|13081|3459|7606|2464|5475|1859|993|715|869|682|124|153|389|290|374|286|15|25|2142|1342|1335|1074|807|737|171|141|171|141|0|242|1198|680|970|581|228|198|736|543|736|543|0|242|2664|1546|1722|1222|942|879|2033|1152|1133|864|900|547|277|296|277|296|0|242|46|90|46|90|0|242|607|456|540|442|67|83|2832|1344|2510|1212|322|385|736|549|689|510|47|81|1060|897|872|687|188|255|40|80|40|80|0|242|9047|2058|3768|1158|5279|1453|816|607|557|497|259|281|520|330|437|294|83|147|0|242|0|242|0|242|1621|1042|457|376|1164|766|0|242|0|242|0|242|548|360|502|324|46|85|2052|1101|1518|909|534|637|5095|1864|3786|1669|1309|696|342|262|303|240|39|63|6376|3006|4702|2227|1674|915|4963|2496|4375|2434|588|391|40|87|40|87|0|242|771|632|715|562|56|97|421|472|406|470|15|32|0|242|0|242|0|242|50|85|50|85|0|242|3115|1464|2215|980|900|1135
9700000US1200870|1393154|302|964737|11510|324662|8605|189759|9527|134903|7016|6290|2344|5359|2175|931|609|5993|2267|4164|1781|1829|1003|2146|956|1511|779|635|483|8024|2305|6217|1854|1807|856|3353|1329|2985|1011|368|553|1026|670|915|580|111|137|625|389|458|293|167|192|4025|1682|2018|894|2007|1123|321|311|321|311|0|242|790|544|563|383|227|240|1456|829|1091|664|365|335|70|114|70|114|0|242|2507|2641|1578|1526|929|1439|1925|969|1364|754|561|359|3257|1325|2323|898|934|633|1955|1102|1827|1051|128|172|526|665|484|661|42|72|771|555|719|552|52|66|3245|2075|1596|993|1649|1778|2458|1096|1787|823|671|539|5118|2203|3540|1466|1578|1259|2607|1350|2102|1207|505|382|2491|1414|1880|1081|611|423|6152|2023|3571|1402|2581|992|1378|621|905|642|473|315|2329|863|1442|584|887|474|0|242|0|242|0|242|8113|2100|3922|1798|4191|1198|94|124|33|55|61|107|1152|601|618|472|534|413|2818|1911|1925|1172|893|847|4989|1509|3729|1354|1260|721|37|61|37|61|0|242|8009|3238|6117|2529|1892|990|797|811|642|575|155|261|1283|1077|397|378|886|924|1780|1699|1198|1155|582|630|627|768|344|427|283|343|0|242|0|242|0|242|155|208|155|208|0|242|3063|1543|1782|1095|1281|884
9700000US1201500|1424141|259|941286|15101|282157|7718|149958|7572|132199|7747|10502|2278|7052|1776|3450|1366|83009|10552|46348|7327|36661|6603|4349|1141|2851|1009|1498|763|19343|5439|13199|4202|6144|1808|5628|1692|4799|1581|829|329|2184|728|2063|698|121|145|1782|867|1643|831|139|162|6374|1829|4023|1504|2351|1013|2943|1171|1986|890|957|674|3234|2023|2158|1381|1076|894|1340|633|873|472|467|416|343|365|343|365|0|242|999|600|350|306|649|476|1690|861|1091|633|599|523|1355|1236|1355|1236|0|242|1600|1258|1432|1145|168|281|85|135|85|135|0|242|4006|2164|1808|964|2198|1549|1200|899|602|562|598|690|4178|1773|3900|1727|278|220|959|824|749|677|210|250|1307|1029|1221|961|86|138|1378|1011|964|742|414|440|6838|1997|2869|1288|3969|1554|1079|468|794|439|285|237|542|420|342|269|200|184|0|242|0|242|0|242|4924|2043|1733|1111|3191|1530|127|159|76|127|51|90|899|668|268|400|631|470|2231|1312|1371|972|860|580|2220|921|1464|700|756|681|903|719|599|641|304|322|6680|2942|5035|2682|1645|831|5808|2136|5299|2120|509|361|420|466|163|274|257|389|1698|1235|1278|1063|420|395|332|429|83|139|249|409|0|242|0|242|0|242|0|242|0|242|0|242|6209|3048|3289|1800|2920|2122
9700000US1201560|918484|184|775021|7588|65082|4468|41017|3986|24065|3175|6365|1720|4943|1423|1422|795|3980|2219|3223|2084|757|744|2780|1206|1973|936|807|579|4178|2101|2496|1528|1682|1027|3020|739|2538|654|482|373|760|528|760|528|0|242|3341|1844|2015|1057|1326|1164|4127|1318|1956|953|2171|940|5504|1783|3898|1451|1606|852|5035|1865|3188|1446|1847|877|3199|1800|1691|804|1508|1546|0|242|0|242|0|242|0|242|0|242|0|242|243|293|181|273|62|102|478|305|478|305|0|242|479|478|479|478|0|242|0|242|0|242|0|242|64|103|64|103|0|242|422|327|364|310|58|95|4946|1661|3925|1409|1021|604|906|741|735|649|171|226|398|510|294|343|104|176|263|422|99|167|164|259|3045|1247|1278|599|1767|829|669|731|452|426|217|335|1253|945|521|493|732|579|847|866|802|842|45|78|7686|1947|2917|1060|4769|1463|991|1010|135|131|856|983|3752|1688|1376|698|2376|1453|391|409|228|253|163|191|3387|1440|2440|1200|947|491|466|339|393|355|73|121|3009|2166|2574|1998|435|392|1118|921|963|805|155|170|0|242|0|242|0|242|226|273|226|273|0|242|0|242|0|242|0|242|0|242|0|242|0|242|32|53|32|53|0|242|1021|580|666|378|355|310
9700000US1302550|889813|6332|561855|14780|167971|6650|89801|7609|78170|7303|4251|2215|3761|1795|490|688|6248|4741|3625|2267|2623|2740|540|481|259|314|281|331|208|230|208|230|0|247|1433|874|1181|802|252|315|581|645|480|525|101|161|271|326|271|326|0|247|1520|848|1337|846|183|246|278|374|170|208|108|180|7184|4414|4122|2956|3062|1893|2229|1832|1065|900|1164|1085|0|247|0|247|0|247|1480|1060|714|559|766|637|3457|1909|2008|1286|1449|1055|4534|1918|3272|1678|1262|704|3520|1560|2679|1346|841|555|94|159|0|247|94|159|6447|3326|3638|1831|2809|1679|2347|1444|1545|1213|802|628|5109|2833|3197|2306|1912|962|83|141|83|141|0|247|207|353|0|247|207|353|1573|1029|969|637|604|561|15881|4505|5108|1723|10773|3895|1782|1404|746|659|1036|1194|27186|4542|11791|2405|15395|3745|701|698|701|698|0|247|22477|5846|10335|4617|12142|2915|312|400|162|212|150|245|1383|910|833|618|550|436|1813|1266|789|585|1024|781|3260|2579|3026|2695|234|334|701|675|562|630|139|201|9090|5934|6745|4822|2345|2009|850|1102|415|480|435|704|7737|4012|6151|3397|1586|911|9929|3540|9422|3347|507|546|2727|2679|2523|2672|204|252|0|247|0|247|0|247|0|247|0|247|0|247|564|555|564|555|0|247
9700000US1709930|2547131|6423|1665485|18986|590390|16512|329410|14028|260980|12077|12713|3304|10330|2833|2383|1061|1360|838|1286|840|74|82|3776|1300|2711|1062|1065|539|4443|1667|3661|1386|782|552|6553|1843|5566|1655|987|577|1570|812|1193|645|377|450|6164|1768|4224|1321|1940|840|10477|2496|5872|2021|4605|1733|40551|5905|23422|3626|17129|3165|10349|2514|5871|1975|4478|1596|10515|3000|5625|2195|4890|1962|546|478|292|238|254|408|3040|1401|1775|883|1265|1005|5349|2179|4010|1910|1339|807|7239|1707|6280|1459|959|594|13448|3611|8229|2674|5219|1973|1070|839|708|543|362|426|933|454|588|310|345|353|3810|1638|2217|1024|1593|876|10137|2641|6707|2041|3430|1449|1756|1117|1384|948|372|360|2426|1628|1536|1082|890|1218|3880|2955|1921|2113|1959|1459|42090|5356|17850|2368|24240|4369|2198|1236|1435|817|763|598|9566|2489|4640|1602|4926|1419|85|138|85|138|0|201|9198|2250|4015|1147|5183|1664|639|591|78|130|561|556|2846|1033|1445|770|1401|557|5638|1878|3258|1182|2380|1313|18191|3181|12614|2594|5577|1351|1750|823|1128|644|622|405|12878|3488|8634|2482|4244|1587|1558|765|1558|765|0|201|7838|2387|5153|1895|2685|994|10662|3017|7201|2307|3461|1654|2446|1690|1327|652|1119|1500|0|201|0|201|0|201|666|1056|666|1056|0|201|902|567|889|565|13|25
9700000US2400120|800647|187|676337|6480|35929|3140|21412|2848|14517|2792|3244|1359|2445|1183|799|606|936|968|936|968|0|216|1729|928|913|524|816|775|1741|1671|1516|1508|225|380|1998|771|1904|759|94|156|148|165|148|165|0|216|1087|678|1047|650|40|67|7290|2778|2951|1834|4339|1995|609|413|525|381|84|128|372|516|372|516|0|216|548|754|270|431|278|340|0|216|0|216|0|216|1091|1057|545|562|546|882|1425|975|1034|654|391|521|3684|1567|2883|1288|801|594|4759|2634|3885|2570|874|504|2414|1285|1559|813|855|576|1101|907|698|665|403|342|4309|2098|2122|951|2187|1311|1863|1466|1416|1008|447|669|162|169|162|169|0|216|806|651|806|651|0|216|304|273|93|160|211|207|5605|2024|2349|874|3256|1548|791|584|403|369|388|333|1953|982|948|701|1005|560|0|216|0|216|0|216|2989|1434|1242|681|1747|981|247|245|141|174|106|178|837|709|521|467|316|414|7404|2824|4615|2014|2789|1191|3455|1156|2519|961|936|628|358|490|272|354|86|142|1688|942|1442|788|246|241|1637|972|1355|853|282|289|2894|1502|2385|1241|509|412|13387|3935|11116|3262|2271|1214|2508|1466|1836|1261|672|516|0|216|0|216|0|216|315|373|315|373|0|216|693|522|611|500|82|141
9700000US2400420|316295|4|225962|5453|18698|2298|11333|2052|7365|1765|2986|1788|2074|1365|912|801|656|770|476|525|180|277|540|380|540|380|0|216|1186|1039|443|345|743|898|615|484|615|484|0|216|0|216|0|216|0|216|222|211|174|196|48|80|212|137|81|132|131|106|270|288|270|288|0|216|70|80|70|80|0|216|1011|899|927|874|84|138|44|73|44|73|0|216|557|418|142|150|415|400|2402|1308|1626|895|776|610|5127|1780|4648|1698|479|351|4675|2691|3626|2235|1049|695|1002|775|886|642|116|188|1105|652|996|582|109|128|965|693|848|678|117|191|816|792|816|792|0|216|4211|1762|3550|1668|661|669|1972|1069|1705|964|267|245|1548|1190|1412|1154|136|196|7434|1911|4834|1350|2600|940|1052|841|610|556|442|418|12012|2664|6456|2197|5556|1304|0|216|0|216|0|216|1942|991|1164|686|778|457|0|216|0|216|0|216|421|650|0|216|421|650|1042|769|721|650|321|233|1949|991|1555|898|394|353|150|248|150|248|0|216|2469|1609|1553|1150|916|773|38|67|38|67|0|216|2483|1835|2238|1679|245|240|5166|2401|4932|2468|234|295|528|474|440|385|88|151|0|216|0|216|0|216|747|1000|747|1000|0|216|2010|1599|1573|1169|437|561
9700000US2400480|993830|143|559964|9491|174769|4884|105296|4566|69473|5895|26556|4340|18848|3625|7708|1785|3516|1308|2869|1203|647|450|2318|948|1913|861|405|289|7593|2413|4831|1755|2762|1302|4249|1238|4088|1220|161|149|1327|771|1175|730|152|177|2483|1080|2346|1041|137|166|13198|3262|9804|2475|3394|1400|1525|842|929|459|596|635|478|333|436|302|42|71|1559|989|1318|801|241|306|1111|722|849|657|262|271|10127|2420|6690|1721|3437|1310|3270|1182|2648|999|622|398|6633|1649|4896|1259|1737|911|8624|3572|5401|2128|3223|1697|1980|929|1539|792|441|381|3309|1598|2671|1294|638|434|4645|2319|3180|1460|1465|1060|2697|1308|1672|740|1025|1002|3919|1718|3080|1441|839|542|5684|2644|4037|1799|1647|1218|2565|1016|2354|940|211|252|40665|4063|20521|2776|20144|3044|4401|1813|2364|988|2037|1369|10372|2244|5696|1294|4676|1361|243|395|145|236|98|160|8790|2204|4633|1460|4157|1341|745|529|401|277|344|296|2197|1297|902|483|1295|896|4648|1821|2928|1159|1720|940|9109|2043|6501|1729|2608|1051|2115|1318|1448|893|667|605|5648|2041|4333|1833|1315|757|3127|1371|2865|1168|262|357|24520|4773|16377|3487|8143|1977|13021|3392|10482|2852|2539|1070|4687|3062|4037|2972|650|543|0|216|0|216|0|216|0|216|0|216|0|216|5443|2663|4750|2555|693|559
9700000US2400510|895864|150|643358|7952|160669|3197|68863|4322|91806|4479|10717|2496|7307|1800|3410|1357|4824|1840|4012|1624|812|675|670|597|469|345|201|345|991|532|526|404|465|350|1227|592|1142|575|85|141|77|91|36|60|41|69|217|221|164|203|53|86|796|541|732|475|64|105|62|101|62|101|0|216|88|145|88|145|0|216|103|150|45|72|58|80|0|216|0|216|0|216|1581|990|471|329|1110|804|1298|1039|625|533|673|705|1496|1113|1188|995|308|321|1595|1402|1251|1016|344|439|248|397|107|168|141|231|715|488|544|382|171|166|701|464|433|320|268|280|1639|976|1218|743|421|404|343|294|304|266|39|64|535|599|483|575|52|87|940|712|533|485|407|386|5184|1489|2551|881|2633|1116|717|819|506|528|211|331|2597|1191|1682|885|915|497|75|118|75|118|0|216|3598|1677|1593|878|2005|951|235|265|178|200|57|99|285|244|78|113|207|209|1397|1105|1254|1081|143|150|5309|1497|4065|1327|1244|622|343|246|135|108|208|208|4894|2718|2648|1639|2246|2207|131|157|131|157|0|216|6545|2109|3222|1332|3323|1475|21210|4624|17667|4027|3543|1651|4738|2239|3770|2057|968|799|0|216|0|216|0|216|161|206|161|206|0|216|3555|1522|3006|1406|549|386
9700000US2502790|623210|3473|395417|8709|104423|6131|55829|4945|48594|4627|7166|2326|5137|1758|2029|1155|22217|4736|8429|2191|13788|3476|1914|818|1437|760|477|283|11396|3255|5855|2117|5541|1867|1177|493|1019|445|158|198|221|206|187|177|34|62|1574|766|1182|584|392|321|2629|808|1390|746|1239|525|747|510|482|343|265|300|433|357|433|357|0|218|441|266|398|254|43|73|61|83|52|77|9|18|1008|585|914|558|94|117|998|547|660|415|338|358|3182|1135|2224|826|958|692|366|329|323|319|43|73|93|135|93|135|0|218|413|397|331|328|82|137|1225|1291|721|823|504|498|4097|1582|3011|1121|1086|716|745|606|704|604|41|68|848|481|745|402|103|174|18|30|18|30|0|218|26544|3365|10515|1587|16029|2770|1449|853|819|470|630|456|2618|892|1545|553|1073|779|0|218|0|218|0|218|9791|2341|3254|1112|6537|1824|208|267|137|240|71|122|361|300|122|201|239|211|1535|1006|1080|728|455|472|1399|539|1039|423|360|327|238|241|238|241|0|218|5557|2638|4347|2178|1210|619|1156|534|1086|503|70|113|3504|2116|2214|1514|1290|851|2684|1452|1714|985|970|662|889|611|802|531|87|152|0|218|0|218|0|218|267|261|267|261|0|218|2201|1184|1928|1080|273|231
9700000US3200060|2159933|-555555555|1450189|15195|478944|10474|289889|9676|189055|7692|4547|1244|3362|899|1185|918|800|688|523|420|277|350|3291|1336|1934|793|1357|737|4775|1914|3771|1631|1004|626|4497|1340|3711|1269|786|394|926|564|926|564|0|221|961|626|573|447|388|435|4340|1347|2660|869|1680|862|803|521|534|448|269|269|4223|3113|2948|2354|1275|977|2765|1188|1647|791|1118|749|4450|1774|3180|1462|1270|764|4412|1936|2988|1300|1424|816|399|454|311|440|88|102|3131|1487|2352|1175|779|689|351|376|285|360|66|111|1577|1356|1032|946|545|553|36|60|36|60|0|221|846|634|595|458|251|267|4401|1744|3508|1470|893|567|897|721|658|623|239|247|986|682|869|575|117|192|220|270|220|270|0|221|37356|5457|15599|3119|21757|3439|6691|1822|4400|1515|2291|998|9253|2536|3508|1165|5745|1709|0|221|0|221|0|221|9215|2424|4139|1512|5076|1631|818|582|580|477|238|252|5387|1590|2577|850|2810|1216|1783|1070|1218|652|565|498|73079|5538|50237|4973|22842|2754|8480|2517|5355|1489|3125|1425|7868|2321|4873|1960|2995|1307|2438|815|1644|701|794|383|9879|3655|5703|2268|4176|1774|1060|809|459|433|601|644|1011|759|956|721|55|93|384|359|384|359|0|221|332|236|332|236|0|221|2132|1092|1778|953|354|306
9700000US3620580|7966163|857|4225620|34351|1825475|18158|996735|16507|828740|19234|82501|7465|60582|6478|21919|4331|97504|10531|60503|7214|37001|5048|59469|6176|38523|4605|20946|3148|17195|2918|11958|2258|5237|1606|15601|2788|14575|2769|1026|609|95415|11273|47729|6130|47686|9125|32267|5036|23639|4173|8628|1984|202287|10862|88324|7612|113963|6736|49797|6050|26999|4443|22798|3571|11882|3082|7607|2343|4275|1422|25515|4370|11537|2670|13978|3369|3200|1784|2319|1112|881|872|14517|5777|6773|2117|7744|4066|5638|1886|2974|1324|2664|1012|26059|4173|17894|3337|8165|1939|46004|6961|27246|5061|18758|3395|18187|3850|7500|1916|10687|2208|128694|9814|57598|5195|71096|7267|19031|4386|9229|2478|9802|2782|65831|8623|42652|6344|23179|3674|2328|1070|2132|985|196|166|4272|1682|3269|1504|1003|572|6399|1834|4779|1638|1620|749|475002|13881|167895|8545|307107|11415|22896|3570|12475|2227|10421|2378|59478|5966|24658|3651|34820|3677|152|251|152|251|0|217|10562|2493|5093|1380|5469|1627|1907|861|781|399|1126|583|5631|1743|1907|803|3724|1329|32887|5059|15922|3516|16965|3194|47623|5308|32933|3977|14690|2690|7032|2206|4445|1419|2587|1111|70356|8008|47237|5853|23119|4022|36137|7484|31320|7345|4817|1386|6181|2273|4689|1909|1492|764|76455|8666|56851|8633|19604|3855|6111|3392|4643|3111|1468|961|0|217|0|217|0|217|643|428|280|281|363|330|26422|5453|15112|3059|11310|3665
9700000US3702970|1051755|171|831187|8191|124119|4400|57942|4844|66177|5094|8760|2779|5199|1988|3561|1691|2579|1794|1253|1197|1326|931|284|274|284|274|0|224|3491|1734|2093|986|1398|1246|3257|1042|2644|941|613|480|657|573|575|557|82|139|3416|1604|1735|1151|1681|1063|3182|1277|1733|869|1449|718|644|486|644|486|0|224|967|838|748|744|219|362|710|550|332|318|378|309|63|106|0|224|63|106|779|429|565|287|214|289|3800|1823|1919|961|1881|1114|5316|2124|4007|1743|1309|1232|299|257|216|205|83|102|407|344|270|212|137|202|1295|907|1130|826|165|163|3002|1666|1492|748|1510|1095|1263|775|913|635|350|331|5519|2249|4372|2053|1147|739|3075|1858|3075|1858|0|224|544|500|468|405|76|128|8881|4086|4803|2615|4078|1730|1138|674|558|357|580|484|2417|1354|1151|950|1266|627|400|508|171|288|229|264|7180|2423|2662|1325|4518|1667|637|563|418|484|219|225|1190|781|584|429|606|427|3459|1964|1379|713|2080|1563|1976|974|1325|688|651|387|1167|1372|162|195|1005|1352|3644|1836|1589|848|2055|1675|803|1192|803|1192|0|224|4546|2523|2320|1437|2226|1666|3341|1684|2627|1263|714|762|1472|955|681|674|791|722|0|224|0|224|0|224|190|320|97|163|93|159|699|683|626|670|73|121
9700000US3704720|1084606|297|886193|8471|87837|5253|51315|4342|36522|4030|5713|2107|3168|1125|2545|1721|913|728|913|728|0|224|472|334|472|334|0|224|2389|1303|1730|997|659|580|2113|1146|1886|1121|227|243|651|562|651|562|0|224|849|863|562|757|287|304|4906|2339|4194|2263|712|538|1134|691|892|645|242|271|155|182|155|182|0|224|1674|999|1006|641|668|700|62|107|62|107|0|224|2569|1423|1899|1045|670|536|5312|1764|4177|1547|1135|549|8756|2675|7155|2295|1601|1032|2402|1838|2208|1763|194|304|2443|1902|1539|1235|904|868|2460|2068|1840|1803|620|508|5826|2057|4713|1759|1113|610|1004|607|947|565|57|98|8763|3133|7708|3026|1055|653|4383|2051|3573|1866|810|597|3485|2002|2781|1862|704|515|10317|2604|6121|1817|4196|1377|555|469|217|275|338|340|2870|1139|1766|832|1104|805|0|224|0|224|0|224|4549|1657|2436|1034|2113|897|0|224|0|224|0|224|575|388|370|301|205|252|585|450|462|338|123|154|2230|961|1524|761|706|482|1072|1061|260|225|812|977|9972|4054|6012|2108|3960|2446|0|224|0|224|0|224|1183|1119|635|684|548|645|4504|2403|4183|2371|321|531|2618|1606|2040|1314|578|517|0|224|0|224|0|224|126|207|126|207|0|224|986|745|888|732|98|160
9700000US4218990|1480165|204|1126420|13781|159664|9228|83114|7040|76550|7880|8951|2376|4773|1722|4178|1546|10086|3777|5382|2343|4704|2028|3306|1019|2050|711|1256|517|10026|4967|4243|1785|5783|4734|1972|1060|1675|1046|297|223|570|387|570|387|0|189|1098|530|967|493|131|157|14074|3182|6251|1931|7823|2096|1996|1030|1211|570|785|791|351|343|287|286|64|106|4038|1916|1678|1000|2360|1204|240|197|240|197|0|189|1747|1516|1317|1150|430|453|1646|1178|692|534|954|790|3047|1405|2007|1082|1040|992|3113|1529|2246|1171|867|681|228|279|134|229|94|159|3542|1546|1511|800|2031|1064|533|458|533|458|0|189|6359|2573|4523|2194|1836|973|245|232|245|232|0|189|898|643|869|637|29|50|11055|2893|4696|1514|6359|2025|33539|4787|9012|1585|24527|4241|1131|733|652|492|479|607|2761|867|1643|672|1118|637|0|189|0|189|0|189|12893|3333|4562|1422|8331|2367|6323|2245|1897|1050|4426|1754|1789|1280|925|882|864|580|2205|1269|841|589|1364|1073|3005|1342|1852|972|1153|630|1191|766|472|475|719|556|17111|5250|13267|4866|3844|1547|1149|675|981|582|168|273|1334|1186|694|1048|640|583|13531|4693|10339|4209|3192|1758|884|662|419|339|465|524|0|189|0|189|0|189|459|712|459|712|0|189|5655|3169|2539|1451|3116|2653
9700000US4823640|1375600|28782|751433|21868|504397|19243|236142|12085|268255|12708|7119|2633|5492|2273|1627|1010|556|614|473|491|83|136|3033|2840|2077|1780|956|1106|2829|1687|2000|1037|829|894|2433|1152|2132|937|301|390|369|312|369|312|0|249|592|418|543|398|49|82|3508|1822|2353|1351|1155|741|1579|1473|1415|1524|164|194|825|689|546|513|279|294|771|668|771|668|0|249|30|50|0|249|30|50|6092|2859|3811|1617|2281|2222|2525|1261|2416|1224|109|137|7115|2189|4553|1861|2562|1226|4285|1882|3934|1843|351|379|1223|759|828|613|395|481|2777|2885|1535|1524|1242|1454|1771|1129|1396|986|375|361|2000|1072|1716|960|284|267|4412|2869|1671|1158|2741|2503|2387|1276|2240|1208|147|255|1456|952|1164|821|292|475|20537|3921|13891|3015|6646|2005|1748|1128|641|445|1107|959|2004|888|1347|686|657|525|0|249|0|249|0|249|10911|2746|6114|2216|4797|1427|0|249|0|249|0|249|990|748|420|524|570|517|1265|814|584|363|681|524|3652|1839|2569|1192|1083|866|977|552|841|516|136|219|9380|2775|7069|2455|2311|1194|741|526|741|526|0|249|2472|1481|869|631|1603|1255|4497|1540|4120|1513|377|341|631|558|631|558|0|249|0|249|0|249|0|249|10|17|10|17|0|249|268|445|268|445|0|249
9700000US5101260|1072240|118|664549|10126|138834|5984|83082|5377|55752|5429|7217|1876|6790|1806|427|315|847|690|673|497|174|287|972|563|783|400|189|228|4392|1674|3894|1513|498|364|3682|1032|3408|960|274|235|926|593|846|486|80|131|2076|818|1882|787|194|165|5181|1514|3908|1247|1273|597|1784|886|1433|709|351|342|1035|567|898|572|137|170|698|362|698|362|0|216|856|653|539|367|317|357|16089|4603|11314|3830|4775|1334|2281|1011|1697|785|584|405|12312|3171|10399|2854|1913|747|11171|3986|7825|2723|3346|1676|1094|611|927|558|167|161|8001|2883|4902|2035|3099|1425|8368|2403|4951|1322|3417|1431|5130|1750|4240|1447|890|760|6267|1983|5367|1847|900|508|5668|2177|5224|2108|444|392|2817|1195|2135|931|682|526|25645|3968|16295|2746|9350|2033|4320|1789|3154|1355|1166|631|32116|4991|14539|2528|17577|3304|0|216|0|216|0|216|24354|4146|10374|2031|13980|2629|580|683|72|84|508|674|2549|968|1314|600|1235|607|4245|1402|2915|1070|1330|691|12703|3178|9897|2770|2806|876|2586|1569|2160|1439|426|364|22722|5179|16371|3778|6351|2433|83|139|83|139|0|216|18142|3908|12356|3096|5786|1989|4697|2573|3788|2292|909|621|3407|2178|2079|1170|1328|1307|0|216|0|216|0|216|77|104|60|101|17|32|1767|1065|1444|987|323|252
9700000US5102250|400458|89|273661|6767|40424|3311|23619|2820|16805|3070|2740|1151|2472|1026|268|278|164|222|164|222|0|216|151|191|45|73|106|176|430|473|430|473|0|216|3947|2005|3463|1926|484|466|169|219|169|219|0|216|345|210|345|210|0|216|1767|1287|867|807|900|652|82|128|82|128|0|216|157|161|78|97|79|132|632|565|632|565|0|216|0|216|0|216|0|216|4789|2784|2960|1609|1829|1406|1668|965|1336|810|332|371|6601|2263|5972|2131|629|417|7065|2380|4823|1736|2242|1507|1183|998|819|820|364|391|1427|733|925|439|502|407|2565|1320|1881|1039|684|629|796|603|593|507|203|194|16164|4504|13126|3408|3038|2155|2271|1377|2159|1316|112|185|1036|810|1036|810|0|216|5357|1957|3087|1189|2270|1128|528|395|401|322|127|165|3473|1802|1934|1246|1539|942|0|216|0|216|0|216|5880|1821|2027|951|3853|1510|225|310|214|310|11|19|1468|675|899|611|569|500|944|570|580|435|364|296|2094|904|1889|844|205|286|259|201|110|106|149|178|6659|3198|4839|2203|1820|1182|0|216|0|216|0|216|2627|1582|1641|983|986|907|51|86|51|86|0|216|0|216|0|216|0|216|0|216|0|216|0|216|0|216|0|216|0|216|659|619|446|536|213|280
9700000US5307710|701800|3461|537669|9801|30389|5193|22696|3804|7693|2845|5305|1818|4572|1632|733|496|63|125|63|125|0|213|2509|1551|2052|1521|457|464|2381|1966|1732|1207|649|902|3545|1137|2923|1036|622|454|346|236|346|236|0|213|339|383|78|129|261|361|5157|1801|3836|1651|1321|808|826|473|780|454|46|77|578|732|578|732|0|213|780|577|467|396|313|419|470|480|470|480|0|213|2039|924|1516|737|523|388|505|673|505|673|0|213|9909|2326|8826|2267|1083|773|821|582|821|582|0|213|453|476|311|448|142|164|1347|831|1295|828|52|88|886|585|886|585|0|213|3479|1641|3348|1621|131|163|3631|3373|3287|3335|344|555|1297|937|1297|937|0|213|423|329|423|329|0|213|32924|4015|18466|2945|14458|2627|4090|1303|2557|943|1533|737|4829|1397|2814|910|2015|915|300|456|156|239|144|218|13076|3618|4792|1462|8284|2755|1049|792|219|260|830|675|817|490|358|296|459|386|1358|925|881|673|477|440|7685|3025|4914|1884|2771|1695|3224|1737|2240|1012|984|1077|2308|1256|1783|1080|525|626|473|360|473|360|0|213|11884|3447|6404|2594|5480|1685|950|823|585|498|365|621|985|758|836|683|149|342|62|103|62|103|0|213|52|111|52|111|0|213|587|432|383|322|204|237
