GEO_ID|B16001_E001|B16001_M001|B16001_E002|B16001_M002|B16001_E003|B16001_M003|B16001_E004|B16001_M004|B16001_E005|B16001_M005|B16001_E006|B16001_M006|B16001_E007|B16001_M007|B16001_E008|B16001_M008|B16001_E009|B16001_M009|B16001_E010|B16001_M010|B16001_E011|B16001_M011|B16001_E012|B16001_M012|B16001_E013|B16001_M013|B16001_E014|B16001_M014|B16001_E015|B16001_M015|B16001_E016|B16001_M016|B16001_E017|B16001_M017|B16001_E018|B16001_M018|B16001_E019|B16001_M019|B16001_E020|B16001_M020|B16001_E021|B16001_M021|B16001_E022|B16001_M022|B16001_E023|B16001_M023|B16001_E024|B16001_M024|B16001_E025|B16001_M025|B16001_E026|B16001_M026|B16001_E027|B16001_M027|B16001_E028|B16001_M028|B16001_E029|B16001_M029|B16001_E030|B16001_M030|B16001_E031|B16001_M031|B16001_E032|B16001_M032|B16001_E033|B16001_M033|B16001_E034|B16001_M034|B16001_E035|B16001_M035|B16001_E036|B16001_M036|B16001_E037|B16001_M037|B16001_E038|B16001_M038|B16001_E039|B16001_M039|B16001_E040|B16001_M040|B16001_E041|B16001_M041|B16001_E042|B16001_M042|B16001_E043|B16001_M043|B16001_E044|B16001_M044|B16001_E045|B16001_M045|B16001_E046|B16001_M046|B16001_E047|B16001_M047|B16001_E048|B16001_M048|B16001_E049|B16001_M049|B16001_E050|B16001_M050|B16001_E051|B16001_M051|B16001_E052|B16001_M052|B16001_E053|B16001_M053|B16001_E054|B16001_M054|B16001_E055|B16001_M055|B16001_E056|B16001_M056|B16001_E057|B16001_M057|B16001_E058|B16001_M058|B16001_E059|B16001_M059|B16001_E060|B16001_M060|B16001_E061|B16001_M061|B16001_E062|B16001_M062|B16001_E063|B16001_M063|B16001_E064|B16001_M064|B16001_E065|B16001_M065|B16001_E066|B16001_M066|B16001_E067|B16001_M067|B16001_E068|B16001_M068|B16001_E069|B16001_M069|B16001_E070|B16001_M070|B16001_E071|B16001_M071|B16001_E072|B16001_M072|B16001_E073|B16001_M073|B16001_E074|B16001_M074|B16001_E075|B16001_M075|B16001_E076|B16001_M076|B16001_E077|B16001_M077|B16001_E078|B16001_M078|B16001_E079|B16001_M079|B16001_E080|B16001_M080|B16001_E081|B16001_M081|B16001_E082|B16001_M082|B16001_E083|B16001_M083|B16001_E084|B16001_M084|B16001_E085|B16001_M085|B16001_E086|B16001_M086|B16001_E087|B16001_M087|B16001_E088|B16001_M088|B16001_E089|B16001_M089|B16001_E090|B16001_M090|B16001_E091|B16001_M091|B16001_E092|B16001_M092|B16001_E093|B16001_M093|B16001_E094|B16001_M094|B16001_E095|B16001_M095|B16001_E096|B16001_M096|B16001_E097|B16001_M097|B16001_E098|B16001_M098|B16001_E099|B16001_M099|B16001_E100|B16001_M100|B16001_E101|B16001_M101|B16001_E102|B16001_M102|B16001_E103|B16001_M103|B16001_E104|B16001_M104|B16001_E105|B16001_M105|B16001_E106|B16001_M106|B16001_E107|B16001_M107|B16001_E108|B16001_M108|B16001_E109|B16001_M109|B16001_E110|B16001_M110|B16001_E111|B16001_M111|B16001_E112|B16001_M112|B16001_E113|B16001_M113|B16001_E114|B16001_M114|B16001_E115|B16001_M115|B16001_E116|B16001_M116|B16001_E117|B16001_M117|B16001_E118|B16001_M118|B16001_E119|B16001_M119|B16001_E120|B16001_M120|B16001_E121|B16001_M121|B16001_E122|B16001_M122|B16001_E123|B16001_M123|B16001_E124|B16001_M124|B16001_E125|B16001_M125|B16001_E126|B16001_M126|B16001_E127|B16001_M127|B16001_E128|B16001_M128
0100000US|321745943|18702|247695110|225544|44867699|143192|26435478|117269|18432221|123301|1276702|33027|997472|27890|279230|14483|1041231|42340|586261|29278|454970|21691|507347|17038|398703|14911|108644|6345|1099503|30024|705493|22439|394010|18067|874078|21260|746428|19038|127650|8723|650320|23800|425211|19429|225109|14177|258908|12912|199854|11613|59054|5031|1021165|27056|591787|18402|429378|18594|508512|20329|322757|14911|185755|10255|256915|14944|177804|12022|79111|7153|532662|21204|300077|14846|232585|13318|267904|15946|158274|11521|109630|9515|570013|22039|356447|15254|213566|13014|491551|19742|343056|13989|148495|9384|1059933|28114|885303|24960|174630|10720|561196|23846|413018|18336|148178|11028|382413|19444|231966|12742|150447|10398|494034|18617|284491|13030|209543|12038|508113|22459|343244|15258|164869|12562|675587|22354|457874|17635|217713|10726|605544|23105|501345|19603|104199|8891|359838|15876|310178|12988|49660|5417|325060|17923|255960|14767|69100|6456|3734956|51891|1839955|34676|1895001|26853|471742|17720|292644|13233|179098|9532|1150701|31218|584712|21404|565989|18638|230698|11409|139414|8001|91284|7333|1599409|35915|681199|16979|918210|26456|190601|11984|88001|7459|102600|7578|301051|14030|147035|8197|154016|9672|535684|23160|286508|13972|249176|16047|1921526|36451|1336802|29329|584724|17379|502152|19583|328913|13972|173239|10776|1484439|47591|971146|33246|513293|25498|243747|14248|210823|12701|32924|4687|638785|29633|399799|23247|238986|13423|773238|32335|624013|26771|149225|12152|404069|21946|265181|16928|138888|12655|136580|4909|98453|4467|38127|2405|163247|8728|140744|8041|22503|3108|371980|20127|268262|16489|103718|8981
0100091US|2524078|7785|2286857|10065|164213|5993|103059|4564|61154|3264|2969|750|2485|670|484|236|114|163|19|31|95|160|417|203|376|198|41|53|1404|781|972|510|432|375|5395|1125|4875|1091|520|241|651|400|479|323|172|170|269|310|172|273|97|118|2668|1047|1765|790|903|484|462|297|311|224|151|207|192|185|192|185|0|168|1426|1050|847|636|579|467|0|168|0|168|0|168|644|457|470|369|174|172|369|374|145|241|224|275|946|630|791|609|155|141|1640|885|1037|536|603|508|308|257|146|138|162|145|290|325|144|235|146|135|1824|1476|474|415|1350|1413|1048|434|845|354|203|144|273|274|218|256|55|58|35|71|0|168|35|71|590|426|384|287|206|198|3662|901|1607|515|2055|674|1069|352|731|321|338|186|1390|544|774|366|616|325|7797|1709|4546|1191|3251|1313|5571|1605|2375|1155|3196|1152|208|258|107|119|101|149|1284|562|710|402|574|285|3796|1499|1222|664|2574|996|3301|820|2251|660|1050|398|4492|1585|3250|1186|1242|614|2258|1004|1434|631|824|538|871|988|871|988|0|168|217|168|217|168|0|168|1031|479|1031|479|0|168|869|588|869|588|0|168|401|340|366|338|35|57|9714|1416|8940|1367|774|304|1143|557|1014|511|129|148
01000A0US|304696803|30783|231909226|215655|44065719|139293|25947200|115335|18118519|118946|1239360|32904|966494|27660|272866|14402|1033032|42092|582846|29035|450186|21759|501513|16905|393330|14862|108183|6312|1093661|30118|701382|22556|392279|17974|795271|21081|687303|18681|107968|8077|565694|22556|366518|18670|199176|13664|257117|13026|198387|11684|58730|4999|1009753|26912|584344|18372|425409|18544|502204|20187|318699|14777|183505|10175|255431|14848|176847|11916|78584|7139|527968|21235|297003|14822|230965|13392|267495|15974|157865|11586|109630|9515|567100|21905|354381|15385|212719|12906|489283|19885|341785|13961|147498|9480|1057224|27905|882932|24776|174292|10732|559106|23980|411436|18372|147670|11077|380471|19519|230459|12692|150012|10408|492324|18689|283144|13035|209180|12051|504975|22500|341489|15409|163486|12488|665779|22255|450683|17505|215096|10687|604269|23082|500241|19601|104028|8873|359206|15947|309682|13048|49524|5452|324505|17998|255405|14861|69100|6456|3725125|51826|1834953|34604|1890172|26854|467475|17456|289400|13059|178075|9462|1145815|30899|582028|21233|563787|18634|227649|11262|137476|7922|90173|7345|1590626|35491|677478|16938|913148|26231|189014|11891|87131|7333|101883|7575|298176|14092|145548|8224|152628|9688|530574|23099|283512|13922|247062|16092|1899488|35874|1321188|28894|578300|17261|492620|19256|322507|13557|170113|10710|1478513|47537|966454|33301|512059|25426|241505|14369|209022|12918|32483|4595|637982|29649|399109|23242|238873|13429|769777|32291|620774|26732|149003|12150|399937|22203|262044|17006|137893|12682|101965|4746|70493|4426|31472|2406|110085|8291|94214|7357|15871|2790|362791|19766|262039|16226|100752|8800
01000C0US|277883139|25892|207770606|200334|42176260|127047|24768391|110091|17407869|113333|1178049|33180|914872|27563|263177|14536|1018283|42300|575208|29204|443075|21888|487481|16388|381139|14503|106342|6126|1077962|29799|690068|22249|387894|18009|710156|19260|620389|17448|89767|6789|468987|19614|296249|15170|172738|13382|250470|12695|192551|11444|57919|5000|991709|26646|570541|18215|421168|18473|489939|20609|309496|14965|180443|10272|248958|14295|171755|11456|77203|7090|509733|21316|283423|14240|226310|13302|265636|15839|156272|11395|109364|9570|562655|22136|351113|15440|211542|13026|481445|19974|336010|14105|145435|9518|1041890|28054|872231|25003|169659|10665|553749|23446|407031|17822|146718|11064|376849|19400|227660|12507|149189|10463|487096|18887|280182|12989|206914|12207|496173|22030|334327|15010|161846|12412|651776|22156|439182|17316|212594|10841|598811|22757|495652|19178|103159|8903|356892|16117|307863|13275|49029|5421|322073|17975|253786|14874|68287|6411|3685242|51341|1814075|34598|1871167|26474|447725|17049|277058|12649|170667|9201|1130337|31153|572890|21193|557447|18673|220417|11293|132601|8018|87816|7261|1569085|35413|668790|17205|900295|25929|187316|11790|86186|7253|101130|7518|285722|13759|139839|8127|145883|9304|515431|22391|275440|13349|239991|15786|1849687|35205|1288621|28193|561066|17104|453758|18683|294848|13635|158910|10162|1464282|47635|956487|33249|507795|25302|236708|14200|206109|13032|30599|4362|630705|29341|395800|23129|234905|13388|760323|32232|613675|26789|146648|12045|391295|21780|255459|16698|135836|12585|61005|4580|42889|4108|18116|2003|75463|6957|63658|6113|11805|2518|345000|19337|249444|15691|95556|8756
01000C1US|106603858|49939|74119604|136273|19542368|98700|11252450|81734|8289918|74646|570540|25350|437835|20035|132705|11046|400915|27903|217525|16739|183390|15697|187739|10315|149315|8999|38424|4025|379658|16946|237738|10885|141920|12631|271632|9827|243279|9526|28353|3103|227997|16334|134460|12802|93537|9994|99573|7456|75340|5907|24233|3487|498916|21060|262637|12656|236279|14123|164017|11564|104100|9253|59917|5682|100933|8316|68481|6665|32452|4250|193104|12989|101070|8318|92034|8733|206592|13675|113453|10449|93139|8757|287225|16436|174461|11478|112764|9536|153958|11060|114859|8652|39099|5096|472604|19876|398027|19012|74577|7056|210152|15595|147505|11924|62647|7138|167164|13709|95943|7875|71221|8559|293133|16038|156837|9965|136296|10217|219931|13959|147546|9384|72385|8127|283098|15344|183603|10699|99495|8139|234699|13266|193687|11608|41012|5426|149131|10293|127530|8681|21601|3155|119078|10784|93463|8340|25615|4478|2045616|35732|977923|25515|1067693|19001|245142|12362|150684|9119|94458|6789|513731|18668|264490|14558|249241|12224|110861|10271|62007|6902|48854|6152|714226|23983|299509|12680|414717|15924|82953|8219|39881|5600|43072|4691|135105|9503|67004|5779|68101|6248|270566|16069|135427|10347|135139|10626|846335|21877|581458|17508|264877|11351|200827|11067|127350|8518|73477|6502|640384|26766|400595|18465|239789|15988|135361|11568|115093|9945|20268|4090|349215|24293|209455|17341|139760|12005|341982|21960|268616|18364|73366|8360|211760|17684|129165|12989|82595|11109|22543|3762|17224|3510|5319|1417|25816|4023|19548|2963|6268|2111|157674|12180|106941|9969|50733|6277
01000C2US|171279281|60200|133651002|142801|22633892|111636|13515941|93241|9117951|79065|607509|19645|477037|17114|130472|9974|617368|32898|357683|23936|259685|15884|299742|12431|231824|11055|67918|5281|698304|24544|452330|19606|245974|12353|438524|16016|377110|14370|61414|5867|240990|12528|161789|9262|79201|8850|150897|10066|117211|8885|33686|3666|492793|20842|307904|14479|184889|11731|325922|16444|205396|11716|120526|7958|148025|11250|103274|9063|44751|4555|316629|17446|182353|11824|134276|10249|59044|7568|42819|5732|16225|3297|275430|15537|176652|10900|98778|8371|327487|16506|221151|11873|106336|7841|569286|21771|474204|19651|95082|7901|343597|18498|259526|13829|84071|8067|209685|16938|131717|11429|77968|8113|193963|12011|123345|8894|70618|6657|276242|16742|186781|12411|89461|8333|368678|17545|255579|13835|113099|7820|364112|18538|301965|15427|62147|6603|207761|13569|180333|11075|27428|4534|202995|15329|160323|12378|42672|5628|1639626|31779|836152|22880|803474|16022|202583|9994|126374|7571|76209|5774|616606|20967|308400|14374|308206|13085|109556|8310|70594|7296|38962|3904|854859|26867|369281|12934|485578|19074|104363|8847|46305|4931|58058|5917|150617|9974|72835|6301|77782|6829|244865|14851|140013|9452|104852|9700|1003352|29800|707163|23265|296189|13851|252931|14389|167498|11186|85433|7064|823898|38041|555892|26250|268006|18524|101347|8363|91016|8265|10331|1919|281490|19698|186345|15813|95145|6660|418341|24336|345059|21042|73282|7819|179535|16710|126294|12672|53241|7925|38462|3078|25665|2803|12797|1642|49647|5402|44110|5272|5537|1402|187326|13695|142503|10360|44823|5760
01000E0US|26813664|16986|24138620|33792|1889459|26220|1178809|23364|710650|18751|61311|5511|51622|4971|9689|1689|14749|4135|7638|2397|7111|2456|14032|2275|12191|1902|1841|893|15699|2880|11314|2119|4385|1293|85115|6905|66914|5627|18201|3120|96707|9601|70269|9298|26438|3537|6647|1572|5836|1459|811|412|18044|2858|13803|2362|4241|1075|12265|2263|9203|2108|3062|944|6473|2522|5092|1994|1381|795|18235|3966|13580|3298|4655|1492|1859|1323|1593|1064|266|492|4445|1423|3268|1307|1177|570|7838|1514|5775|1237|2063|701|15334|3758|10701|2593|4633|1753|5357|2190|4405|1850|952|610|3622|1751|2799|1580|823|420|5228|1634|2962|996|2266|963|8802|2118|7162|1873|1640|748|14003|2390|11501|2044|2502|1131|5458|1394|4589|1297|869|386|2314|980|1819|823|495|323|2432|1195|1619|862|813|638|39883|4388|20878|2670|19005|3119|19750|3133|12342|2148|7408|1837|15478|2678|9138|2097|6340|1421|7232|1867|4875|1394|2357|946|21541|3588|8688|2064|12853|2238|1698|859|945|541|753|461|12454|2471|5709|1274|6745|1869|15143|3054|8072|2054|7071|1799|49801|4512|32567|3418|17234|2372|38862|4636|27659|3694|11203|2442|14231|2090|9967|1776|4264|972|4797|1810|2913|994|1884|1524|7277|1876|3309|1053|3968|1363|9454|2896|7099|2529|2355|1010|8642|2064|6585|1819|2057|719|40960|2515|27604|2448|13356|1602|34622|3113|30556|2850|4066|1014|17791|3322|12595|2758|5196|1903
01000E1US|8790905|97614|7647985|81666|869403|26499|536602|19868|332801|14463|24000|3238|20198|3011|3802|1102|4847|2029|1676|855|3171|1490|4609|1463|4147|1357|462|342|5709|2085|4255|1620|1454|688|15071|1976|13523|1897|1548|543|6961|3147|5899|2977|1062|656|2238|975|2116|949|122|154|6108|1587|4403|1281|1705|694|2174|763|1834|700|340|281|2130|1616|1374|979|756|708|6504|2178|5162|2096|1342|621|107|128|107|128|0|213|2568|1035|1784|910|784|468|4754|1418|3504|1092|1250|595|7998|2436|5941|1885|2057|1145|2899|1457|2414|1315|485|389|2396|1491|1964|1384|432|291|3782|1484|1714|763|2068|959|5366|1240|4302|1178|1064|531|5728|1461|4404|1188|1324|846|3945|1337|3482|1230|463|292|1276|681|992|526|284|279|1556|886|830|469|726|622|17138|2925|8320|1503|8818|2256|10107|2780|5018|1751|5089|1563|6107|1707|3820|1189|2287|981|3788|1475|2186|812|1602|920|12011|2479|4068|1233|7943|1808|919|746|539|463|380|366|7230|2184|2542|998|4688|1724|8698|2057|4130|1197|4568|1595|23910|2762|16083|2169|7827|1647|16238|3302|12062|2597|4176|1342|5895|1565|3916|1110|1979|794|1065|688|912|627|153|184|5990|1811|2465|1016|3525|1275|7162|2785|5146|2365|2016|1004|5852|1656|4188|1480|1664|688|5120|1337|3882|1186|1238|591|5515|1879|5392|1861|123|146|8046|2905|4770|1892|3276|1786
01000E2US|18022759|95147|16490635|95119|1020056|23506|642207|19822|377849|14583|37311|4466|31424|3943|5887|1254|9902|3272|5962|2235|3940|1947|9423|1853|8044|1472|1379|822|9990|1823|7059|1359|2931|1017|70044|6935|53391|5455|16653|3074|89746|8961|64370|8480|25376|3535|4409|1235|3720|1051|689|415|11936|2301|9400|2015|2536|766|10091|2255|7369|2101|2722|905|4343|2176|3718|1922|625|391|11731|3496|8418|2744|3313|1418|1752|1295|1486|1026|266|492|1877|900|1484|939|393|328|3084|1227|2271|916|813|506|7336|2720|4760|1700|2576|1312|2458|1122|1991|904|467|380|1226|765|835|633|391|287|1446|730|1248|687|198|157|3436|1503|2860|1386|576|495|8275|1679|7097|1525|1178|500|1513|701|1107|646|406|300|1038|667|827|591|211|168|876|669|789|593|87|111|22745|3085|12558|2254|10187|1991|9643|1945|7324|1635|2319|900|9371|1852|5318|1545|4053|1131|3444|1343|2689|1169|755|372|9530|2707|4620|1703|4910|1522|779|425|406|270|373|275|5224|1017|3167|820|2057|599|6445|2662|3942|1734|2503|1212|25891|3627|16484|2804|9407|1674|22624|4275|15597|2781|7027|2471|8336|1780|6051|1534|2285|614|3732|1680|2001|861|1731|1473|1287|670|844|458|443|395|2292|1058|1953|1059|339|313|2790|1071|2397|856|393|312|35840|2179|23722|2022|12118|1485|29107|2621|25164|2304|3943|986|9745|2692|7825|2478|1920|641
01000G0US|17049140|25136|15785884|31001|801980|13886|488278|11828|313702|10058|37342|3010|30978|2656|6364|1119|8199|2731|3415|1384|4784|1959|5834|1151|5373|1108|461|238|5842|1434|4111|1120|1731|855|78807|5977|59125|5462|19682|4254|84626|7287|58693|6089|25933|3569|1791|805|1467|510|324|405|11412|2258|7443|1626|3969|1279|6308|1509|4058|1286|2250|791|1484|608|957|458|527|303|4694|1189|3074|764|1620|646|409|432|409|432|0|213|2913|1333|2066|1039|847|635|2268|1591|1271|959|997|955|2709|1196|2371|1168|338|193|2090|785|1582|513|508|424|1942|973|1507|850|435|447|1710|852|1347|755|363|247|3138|1118|1755|738|1383|618|9808|1904|7191|1474|2617|1114|1275|785|1104|636|171|275|632|416|496|298|136|204|555|537|555|537|0|213|9831|1546|5002|1002|4829|889|4267|1130|3244|863|1023|493|4886|1054|2684|736|2202|774|3049|879|1938|661|1111|396|8783|1989|3721|1008|5062|1507|1587|745|870|640|717|392|2875|719|1487|496|1388|407|5110|1847|2996|1346|2114|886|22038|2643|15614|2028|6424|1393|9532|1536|6406|1301|3126|771|5926|1310|4692|1129|1234|489|2242|822|1801|708|441|368|803|321|690|284|113|109|3461|1608|3239|1559|222|233|4132|2028|3137|1950|995|382|34615|1881|27960|2058|6655|873|53162|4121|46530|4154|6632|1149|9189|2589|6223|1672|2966|1294
01000H0US|43862804|21646|39924504|46000|2691439|31292|1667087|26157|1024352|22822|98653|6433|82600|5699|16053|2121|22948|5166|11053|2810|11895|3200|19866|2497|17564|2109|2302|955|21541|2975|15425|2220|6116|1595|163922|8646|126039|7464|37883|4996|181333|12580|128962|11341|52371|4867|8438|1603|7303|1476|1135|519|29456|3541|21246|2661|8210|1832|18573|2634|13261|2423|5312|1301|7957|2541|6049|2025|1908|826|22929|4050|16654|3406|6275|1625|2268|1401|2002|1165|266|492|7358|1995|5334|1737|2024|800|10106|2355|7046|1692|3060|1241|18043|4193|13072|3088|4971|1774|7447|2318|5987|1914|1460|744|5564|1879|4306|1677|1258|578|6938|1959|4309|1326|2629|1009|11940|2383|8917|1938|3023|936|23811|3187|18692|2503|5119|1631|6733|1654|5693|1500|1040|477|2946|1003|2315|848|631|355|2987|1315|2174|1000|813|638|49714|4845|25880|2952|23834|3370|24017|3405|15586|2457|8431|1863|20364|3082|11822|2293|8542|1684|10281|2088|6813|1542|3468|1044|30324|4135|12409|2146|17915|2765|3285|1084|1815|841|1470|594|15329|2618|7196|1428|8133|1941|20253|3348|11068|2218|9185|1920|71839|5264|48181|3993|23658|2743|48394|4821|34065|3913|14329|2512|20157|2581|14659|2186|5498|1102|7039|2057|4714|1196|2325|1596|8080|1920|3999|1126|4081|1368|12915|3260|10338|2855|2577|984|12774|3112|9722|2946|3052|811|75575|2945|55564|3017|20011|1736|87784|5026|77086|4835|10698|1508|26980|4712|18818|3479|8162|2369
010C201US|255488534|273327|187417829|201187|40984744|156045|23962875|117699|17021869|121267|1138550|32735|881846|27278|256704|14665|1007120|39867|563513|27974|443607|20914|463048|16323|363027|14492|100021|6025|1026909|28156|650790|20690|376119|17695|616556|15794|544712|13939|71844|6234|380225|17963|238644|15101|141581|12119|243736|12931|187228|11463|56508|5068|951481|26808|543035|17669|408446|18821|470241|19987|295675|14944|174566|9732|243956|14039|167893|11171|76063|6973|485243|20197|267421|13807|217822|12719|261925|15677|153653|11372|108272|9372|554112|21715|345054|15404|209058|12657|467366|19807|326399|14167|140967|9214|1017605|27650|850003|24948|167602|10378|538552|23484|395948|18371|142604|10533|359458|19942|217634|12577|141824|10843|482319|18748|275215|13090|207104|12077|484250|22060|327135|14937|157115|12323|623935|22801|418926|18138|205009|10893|571938|22190|473233|18955|98705|8706|347124|16180|298671|13203|48453|5493|312599|17498|247840|14584|64759|6051|3627015|49653|1776526|34262|1850489|26053|444662|16975|273834|12701|170828|9301|1102392|29716|558187|20826|544205|18072|208458|11485|125636|8026|82822|7435|1544060|36982|652632|18490|891428|26289|180715|12068|83276|7401|97439|7656|278438|13183|134045|7672|144393|9362|508399|22287|270831|13914|237568|15580|1818933|35381|1261474|27928|557459|17296|454577|18986|295186|13018|159391|10778|1437423|47703|935351|33765|502072|24700|230975|13570|201005|12292|29970|4435|628672|29676|392088|23267|236584|13267|747345|32105|602497|26419|144848|12073|383346|22431|248497|17255|134849|12476|43723|4784|32205|4036|11518|2019|61285|6935|51696|6122|9589|2196|337295|18858|242066|15823|95229|8284
010C243US|66257409|279160|60277281|265426|3882955|62793|2472603|40780|1410352|36647|138152|6939|115626|6021|22526|3318|34111|7466|22748|5383|11363|2850|44299|3911|35676|3187|8623|1734|72594|10012|54703|8545|17891|3383|257522|13938|201716|11984|55806|6516|270095|14353|186567|12760|83528|6657|15172|2375|12626|2176|2546|771|69684|6697|48752|4493|20932|3324|38271|3972|27082|2890|11189|2005|12959|3291|9911|2761|3048|933|47419|5702|32656|4601|14763|2764|5979|2529|4621|1924|1358|1152|15901|2945|11393|2296|4508|1362|24185|4117|16657|2919|7528|2008|42328|6342|35300|5266|7028|1968|22644|5895|17070|4568|5574|2120|22955|4869|14332|3348|8623|2416|11715|2951|9276|2400|2439|1202|23863|4258|16109|3053|7754|2155|51652|6408|38948|4878|12704|2956|33606|5773|28112|4417|5494|2638|12714|3466|11507|3252|1207|684|12461|3156|8120|2389|4341|1940|107941|8788|63429|6006|44512|5155|27080|3457|18810|2646|8270|1598|48309|5347|26525|3211|21784|3751|22240|3797|13778|2789|8462|1647|55349|8300|28567|4792|26782|4665|9886|2572|4725|1420|5161|1866|22613|3295|12990|2301|9623|1981|27285|5059|15677|2964|11608|2977|102593|8190|75328|6563|27265|3591|47575|5355|33727|4408|13848|2659|47016|6903|35795|5639|11221|2446|12772|2889|9818|2441|2954|1633|10113|2849|7711|2286|2402|1141|25893|5776|21516|4710|4377|1855|20723|4427|16684|3310|4039|2523|92857|3605|66248|3269|26609|2115|101962|5335|89048|5536|12914|1928|34685|5132|26196|3931|8489|2427
0200000US1|54882248|5006|41149767|73056|6509190|42864|3548327|41306|2960863|39797|340909|17218|261716|13859|79193|7932|367509|24270|209192|17260|158317|11076|240695|10891|180921|9475|59774|4841|505561|23606|283415|15422|222146|13226|149430|7867|129636|6867|19794|2466|342796|17280|187227|13357|155569|11705|125605|9226|92309|7165|33296|4412|365008|15330|186134|9539|178874|11329|199108|13175|118949|9926|80159|7350|59902|6094|41801|4848|18101|2692|130077|10306|74177|7700|55900|5671|22914|4641|15909|3403|7005|2111|63043|8231|38417|5557|24626|4771|140360|11093|90847|7941|49513|5072|250101|11079|206598|10242|43503|4783|155441|12968|105493|8979|49948|6115|71050|7171|40835|4580|30215|4087|255931|13911|130753|8899|125178|9264|124324|10602|77529|7877|46795|6043|194886|12686|124942|9753|69944|6346|102702|9856|86971|8761|15731|3146|69537|6854|60683|5844|8854|2117|83486|7433|60633|5268|22853|3785|1086975|27801|475727|17025|611248|18097|68018|6754|40685|5222|27333|3579|221957|12319|110396|8366|111561|7454|3902|2638|2582|1523|1320|1218|141595|11100|58605|5370|82990|7634|39641|4918|18644|3021|20997|3908|36543|4056|15319|2292|21224|3318|130071|10301|72980|7269|57091|6960|211232|13773|152551|10052|58681|6005|39803|5883|25789|4062|14014|3073|333937|22712|206035|13941|127902|12969|104155|10920|87852|9676|16303|3255|52627|7106|31786|4860|20841|4384|219414|17551|167208|13953|52206|6927|65873|7617|44916|5903|20957|4046|488|412|210|167|278|386|6638|2039|5617|2071|1021|582|100047|11167|74526|9364|25521|3877
0200000US2|65820360|7899|57366353|70160|4065076|33898|2409625|27571|1655451|28555|164499|10366|114822|8160|49677|6079|45295|7260|18054|4164|27241|4943|65508|5711|51378|4904|14130|1942|55216|5824|42750|4394|12466|2919|244752|13109|192859|10453|51893|6204|174369|14242|122582|11878|51787|6319|46833|6131|37422|5538|9411|1686|118293|7938|71750|6069|46543|4552|196117|13227|120198|9372|75919|6580|90032|9224|58116|6811|31916|4410|139330|11483|73802|7951|65528|7707|5878|1871|4225|1398|1653|892|43520|6878|28157|5327|15363|3019|94615|8028|62266|6167|32349|4909|145474|10340|120612|9342|24862|4244|96336|12085|73050|9752|23286|4282|40558|5840|26534|4431|14024|2932|67099|8119|38626|5276|28473|5163|93829|9685|60715|6061|33114|5911|154112|12678|102343|9238|51769|6149|102256|11762|82903|9627|19353|4040|56381|6520|47499|5449|8882|2349|44729|5195|34681|4057|10048|2213|320815|16674|172165|10007|148650|11356|60987|7097|36045|4900|24942|3979|117566|8840|67450|5857|50116|5566|118639|7351|73556|5764|45083|4322|125743|9657|55939|5356|69804|6392|17927|3029|7674|1635|10253|2268|51737|4774|27623|3090|24114|3203|133947|11354|61494|6878|72453|8073|176564|9234|128279|7501|48285|5524|44454|5560|30195|4524|14259|3732|396620|19695|251490|16811|145130|10608|18846|4164|16799|3914|2047|816|220327|17042|135877|13837|84450|7287|138345|13677|106536|10896|31809|5352|94663|12125|59290|9191|35373|6608|915|384|857|359|58|78|25685|3677|23326|3625|2359|560|40120|5394|27567|3789|12553|2754
0200000US3|125242827|16122|98301709|119474|18691643|80434|10868120|72459|7823523|71012|529456|20210|416156|16684|113300|8817|614057|31715|348581|22392|265476|18045|114196|6819|91830|5764|22366|2917|370191|19004|252070|14929|118121|9875|279128|12173|243648|11351|35480|4408|81801|7798|68446|6616|13355|2814|57029|6087|45233|5073|11796|2723|223403|14437|147450|9602|75953|7765|66040|5956|47908|5182|18132|2905|58614|6783|42904|5648|15710|3039|113631|10489|73756|7173|39875|5783|10391|2690|8722|2348|1669|834|146455|10368|93965|7296|52490|6109|181304|12699|132088|9239|49216|5443|325470|19358|277454|17073|48016|5078|226243|17870|173319|13851|52924|7581|49807|8432|37518|6752|12289|2808|116785|10356|76875|7040|39910|5993|176441|13478|125415|10403|51026|6658|170565|12955|116009|9243|54556|7734|267161|16712|221576|14092|45585|6073|134477|11113|114577|9845|19900|3762|126172|10684|102742|9377|23430|3728|631645|21956|347922|13679|283723|15390|99819|8735|65599|6892|34220|4044|312222|15855|162071|10244|150151|10153|27505|3718|17605|3126|9900|2861|592177|23716|257373|12968|334804|16229|43156|6722|20199|4161|22957|3797|91215|8898|42956|4832|48259|5881|157040|13392|86266|7893|70774|8246|385508|18026|280245|15087|105263|7352|92532|8149|62694|6307|29838|4032|437277|26164|305767|19173|131510|13960|60906|7427|53754|6876|7152|2010|213517|18755|136916|13039|76601|10212|326542|19226|277584|16479|48958|6409|160298|15884|104001|11366|56297|9698|1868|702|1464|600|404|285|30984|4214|26530|3545|4454|1887|146447|12602|110938|10742|35509|5320
0200000US4|75800508|6053|50877281|93600|15601790|76268|9609406|66085|5992384|56742|241838|12478|204778|10728|37060|4846|14370|3840|10434|3368|3936|1651|86948|6317|74574|5595|12374|2051|168535|10307|127258|7888|41277|5427|200768|10171|180285|9431|20483|2721|51354|4622|46956|4238|4398|1238|29441|3885|24890|3506|4551|1347|314461|19980|186453|13595|128008|11285|47247|5122|35702|4059|11545|2074|48367|5516|34983|4739|13384|2647|149624|13886|78342|8342|71282|9014|228721|14619|129418|10539|99303|8892|316995|16293|195908|11271|121087|9312|75272|7318|57855|6186|17417|2807|338888|15080|280639|12758|58249|5919|83176|10620|61156|8382|22020|3850|220998|15422|127079|9890|93919|9177|54219|6469|38237|4944|15982|3138|113519|10569|79585|7193|33934|5448|156024|10066|114580|8869|41444|4546|133425|10576|109895|8706|23530|4281|99443|9951|87419|9117|12024|2475|70673|7403|57904|6145|12769|2993|1695521|36829|844141|23279|851380|22528|242918|11353|150315|8218|92603|6214|498956|17687|244795|11951|254161|11505|80652|7900|45671|5441|34981|4625|739894|25432|309282|14682|430612|16000|89877|8846|41484|5138|48393|5505|121556|10794|61137|6674|60419|6118|114626|11996|65768|6539|48858|7519|1148222|28152|775727|21539|372495|13154|325363|15384|210235|10550|115128|9346|316605|21166|207854|16144|108751|9409|59840|6512|52418|6024|7422|2049|152314|13834|95220|9484|57094|6805|88937|9429|72685|8329|16252|3650|83235|8295|56974|6328|26261|4449|133309|4779|95922|4334|37387|2379|99940|5509|85271|5114|14669|2206|85366|6892|55231|5544|30135|4729
02000A0US1|53551946|5140|39890630|73121|6490608|42751|3535363|41274|2955245|39925|326490|17261|249842|13794|76648|7960|367469|24264|209158|17253|158311|11075|239640|10873|180112|9466|59528|4803|504928|23633|282918|15474|222010|13217|143969|7628|125226|6733|18743|2371|331043|17475|179071|13290|151972|11819|125468|9221|92189|7168|33279|4412|362451|15301|184135|9456|178316|11405|197747|13168|118286|9919|79461|7315|59727|6104|41726|4863|18001|2670|129269|10349|73381|7747|55888|5674|22727|4597|15722|3366|7005|2111|62917|8228|38291|5547|24626|4771|140360|11093|90847|7941|49513|5072|249848|11092|206363|10236|43485|4784|155217|12984|105269|8979|49948|6115|70898|7131|40683|4533|30215|4087|255717|13913|130539|8876|125178|9264|124211|10615|77429|7898|46782|6040|193462|12632|124095|9718|69367|6272|102655|9845|86924|8749|15731|3146|69429|6871|60575|5863|8854|2117|83422|7425|60569|5268|22853|3785|1084135|27748|474414|16998|609721|18079|67489|6761|40163|5237|27326|3580|221227|12244|109894|8287|111333|7450|3902|2638|2582|1523|1320|1218|141542|11117|58552|5389|82990|7634|39526|4926|18644|3021|20882|3917|36362|4085|15214|2320|21148|3322|129649|10265|72687|7269|56962|6937|209500|13712|151296|10034|58204|5981|39541|5899|25624|4092|13917|3067|333187|22788|205312|14033|127875|12964|103930|10903|87718|9666|16212|3245|52616|7106|31775|4860|20841|4384|219323|17543|167117|13942|52206|6927|65652|7648|44914|5903|20738|4064|380|392|102|103|278|386|4610|1917|3822|1899|788|520|99073|11145|73775|9375|25298|3837
02000A0US2|60032558|10151|51908333|68188|3904640|32663|2320862|27015|1583778|27086|158735|10558|110885|8279|47850|5997|44443|7329|17873|4136|26570|4998|64160|5619|50084|4837|14076|1930|53734|5732|41452|4296|12282|2917|201743|12109|160587|9333|41156|6277|113020|12142|80368|9604|32652|5467|45970|6313|36806|5602|9164|1695|115164|7804|70191|5968|44973|4519|193702|13332|118892|9461|74810|6575|89554|9195|57804|6778|31750|4396|137700|11383|72835|7892|64865|7642|5805|1855|4152|1367|1653|892|43020|6870|27847|5344|15173|2965|94415|8029|62166|6173|32249|4904|144909|10338|120286|9350|24623|4233|95907|12083|72659|9768|23248|4267|39758|5860|25795|4432|13963|2924|66741|8202|38346|5317|28395|5188|92786|9746|60011|6066|32775|5936|151068|12471|99839|9070|51229|6117|101699|11738|82402|9625|19297|4035|56291|6525|47469|5444|8822|2366|44238|5186|34190|4080|10048|2213|318439|16485|171068|9966|147371|11300|59979|7020|35298|4838|24681|3992|116239|8679|66663|5795|49576|5447|117005|7321|72474|5733|44531|4364|123537|9537|55077|5335|68460|6342|17713|3040|7508|1603|10205|2282|51253|4800|27278|3091|23975|3215|131987|11288|60508|6788|71479|8056|170753|8955|123972|7469|46781|5406|40432|5393|27739|4242|12693|3734|395239|19621|250420|16758|144819|10567|17897|4042|16108|3854|1789|765|220083|17022|135651|13825|84432|7286|137689|13629|105880|10849|31809|5352|93664|12151|58659|9148|35005|6600|796|337|738|313|58|78|15698|2970|14032|2880|1666|518|36620|5067|25866|3671|10754|2639
02000A0US3|117171921|25710|90853116|114556|18198529|78981|10567311|72228|7631218|69015|515486|19541|403702|16124|111784|8809|606750|31582|345381|22359|261369|17996|111915|6881|89664|5825|22251|2912|367843|18961|250633|14832|117210|9903|255987|11013|227757|10693|28230|2971|72317|7456|61610|6282|10707|2778|56579|6068|44817|5053|11762|2720|221312|14568|145786|9668|75526|7771|64965|5843|47092|5124|17873|2909|58065|6827|42481|5660|15584|3061|112449|10597|72880|7265|39569|5788|10242|2659|8573|2322|1669|834|144530|10288|92613|7190|51917|6148|179820|12804|131501|9310|48319|5469|323776|19234|275794|16989|47982|5079|224932|17920|172352|13908|52580|7557|49132|8336|36902|6644|12230|2807|116056|10341|76383|7055|39673|5987|174706|13416|124711|10405|49995|6633|167978|12779|114228|9133|53750|7760|266579|16685|221109|14094|45470|6032|134043|11135|114219|9869|19824|3770|126172|10684|102742|9377|23430|3728|628136|22124|346115|13699|282021|15436|97765|8627|64007|6827|33758|3990|309797|15729|160856|10243|148941|10065|26756|3657|17269|3117|9487|2855|586905|23315|255470|12850|331435|15895|42245|6689|19495|4084|22750|3787|89475|8787|42161|4783|47314|5832|155477|13424|85341|7896|70136|8264|378113|17737|274890|14916|103223|7258|89675|7940|60840|6088|28835|3978|434165|26109|303463|19067|130702|13921|60043|7501|52983|6937|7060|1997|213007|18800|136498|13068|76509|10231|324260|19215|275488|16475|48772|6422|157623|16028|101713|11486|55910|9699|1597|671|1228|565|369|274|21474|3609|18076|2749|3398|1780|142129|12381|107564|10633|34565|5259
02000A0US4|73940378|9775|49257147|93352|15471942|76814|9523664|65744|5948278|56569|238649|12455|202065|10644|36584|4830|14370|3840|10434|3368|3936|1651|85798|6147|73470|5476|12328|2041|167156|10283|126379|7832|40777|5389|193572|9974|173733|9151|19839|2758|49314|4587|45469|4283|3845|1136|29100|3921|24575|3536|4525|1342|310826|19928|184232|13584|126594|11317|45790|4877|34429|3885|11361|2024|48085|5543|34836|4766|13249|2643|148550|13915|77907|8385|70643|9012|228721|14619|129418|10539|99303|8892|316633|16279|195630|11267|121003|9317|74688|7216|57271|6050|17417|2807|338691|15054|280489|12741|58202|5912|83050|10628|61156|8382|21894|3857|220683|15455|127079|9890|93604|9164|53810|6411|37876|4892|15934|3155|113272|10627|79338|7240|33934|5448|153271|9757|112521|8645|40750|4516|133336|10565|109806|8691|23530|4281|99443|9951|87419|9117|12024|2475|70673|7403|57904|6145|12769|2993|1694415|36812|843356|23260|851059|22523|242242|11290|149932|8185|92310|6170|498552|17693|244615|11940|253937|11524|79986|7943|45151|5464|34835|4633|738642|25469|308379|14622|430263|16019|89530|8855|41484|5138|48046|5507|121086|10814|60895|6663|60191|6145|113461|11902|64976|6394|48485|7493|1141122|27838|771030|21348|370092|13038|322972|15434|208304|10582|114668|9377|315922|21190|207259|16160|108663|9407|59635|6443|52213|5987|7422|2049|152276|13822|95185|9470|57091|6806|88505|9391|72289|8277|16216|3643|82998|8287|56758|6309|26240|4448|99192|4710|68425|4372|30767|2379|68303|5175|58284|4877|10019|2028|84969|6934|54834|5536|30135|4729
02000C0US1|50146202|4596|36720458|72502|6394878|42689|3475409|40975|2919469|39497|311681|16982|237969|13330|73712|7958|365185|24292|207216|17268|157969|11094|235294|10890|176410|9355|58884|4759|500538|23682|280055|15486|220483|13250|130238|7073|115318|6370|14920|2134|293996|17069|155643|13215|138353|11576|124341|9236|91423|7166|32918|4433|359215|15174|181640|9412|177575|11327|192853|13566|114987|10104|77866|7280|57668|5861|40010|4698|17658|2591|126661|10310|71674|7689|54987|5590|22143|4568|15138|3342|7005|2111|62145|8269|37787|5569|24358|4758|139416|11118|90223|7976|49193|5045|247369|11209|204651|10282|42718|4908|154640|13056|104999|8969|49641|6152|70601|7183|40439|4526|30162|4108|254431|13957|129853|8817|124578|9315|123238|10474|76799|7850|46439|6004|190477|12670|122190|9760|68287|6325|101124|9852|85584|8782|15540|3231|69120|6848|60350|5847|8770|2107|83023|7428|60416|5262|22607|3789|1073238|27594|468835|16938|604403|17959|66675|6836|39512|5302|27163|3595|219288|12279|108911|8314|110377|7396|3860|2639|2549|1527|1311|1218|140073|11208|58001|5413|82072|7667|39467|4925|18644|3021|20823|3924|34465|4056|13893|2246|20572|3291|126727|10139|70610|7011|56117|6986|206009|13687|149647|10002|56362|5996|38116|5889|24234|4045|13882|3073|329006|23030|202502|14140|126504|12988|101882|10904|86212|9652|15670|3223|52342|7117|31537|4836|20805|4387|218161|17526|166046|13969|52115|6926|65245|7648|44572|5904|20673|4060|380|392|102|103|278|386|4279|1903|3592|1893|687|500|96256|11124|71517|9322|24739|3854
02000C0US2|51877072|9441|44320954|61093|3560805|29566|2131408|28251|1429397|26169|149182|10620|103276|8266|45906|5986|42406|7386|17322|4170|25084|4950|61417|5527|47546|4758|13871|1945|51882|5707|40035|4270|11847|2906|160188|10189|130450|8283|29738|5464|63788|7461|42039|5089|21749|4602|43780|6162|34697|5474|9083|1701|110342|7824|66630|5946|43712|4534|190125|13256|116310|9253|73815|6564|88833|9116|57392|6697|31441|4377|127727|11325|65184|7361|62543|7641|5805|1855|4152|1367|1653|892|41821|6898|27201|5359|14620|2967|92989|8034|60889|6124|32100|4893|141465|10406|116950|9401|24515|4240|94429|12008|71198|9694|23231|4266|38840|5796|25165|4379|13675|2944|65964|8182|37985|5291|27979|5216|90044|9723|57675|6022|32369|5926|147578|12283|96620|8984|50958|6116|99709|11561|80807|9514|18902|3991|55412|6386|46735|5368|8677|2302|43818|5172|33861|4064|9957|2203|309957|16601|166457|10053|143500|11439|55331|6627|32395|4458|22936|3985|112328|8538|63823|5637|48505|5414|112786|7446|70108|5776|42678|4311|119144|9527|53870|5222|65274|6367|17547|3035|7396|1572|10151|2277|46796|4899|24754|3048|22042|3274|125614|10942|57203|6558|68411|7933|160095|9032|116610|7556|43485|5292|35364|5086|24378|4088|10986|3554|391965|19746|247756|16863|144209|10513|17540|3930|15814|3785|1726|747|214054|16763|133027|13749|81027|7048|135661|13518|104713|10824|30948|5232|89422|11947|55426|9010|33996|6477|729|334|671|308|58|78|10611|2677|9388|2622|1223|434|32825|4802|24456|3666|8369|2140
02000C0US3|106417115|21251|81195630|109686|17306460|73980|9996181|67924|7310279|66208|490868|19527|382903|15698|107965|9013|596482|31420|340396|22303|256086|17991|108839|6753|87123|5804|21716|2819|363919|19062|247874|14876|116045|9990|237494|10926|211130|10486|26364|2881|64919|6213|55931|5537|8988|2338|54485|5876|43092|4922|11393|2712|215852|14716|141526|9855|74326|7714|63232|5712|45535|5013|17697|2902|54707|6738|39808|5709|14899|3015|109876|10567|70764|7301|39112|5749|9694|2576|8025|2240|1669|834|143748|10339|92062|7148|51686|6192|174625|12847|127825|9428|46800|5419|316924|18479|271315|16433|45609|4876|221903|17660|169817|13644|52086|7595|47270|8233|35295|6547|11975|2805|113454|10195|74862|7011|38592|5887|170740|12967|121534|10095|49206|6517|164012|12635|110979|9066|53033|7751|265020|16428|219808|13869|45212|6004|133581|11192|113884|9939|19697|3726|124883|10552|101929|9295|22954|3693|615799|21699|340883|13441|274916|14930|92094|8558|60198|6557|31896|4050|304248|15792|157906|10215|146342|9992|25256|3586|15915|3003|9341|2841|575358|22774|250419|12796|324939|15545|41304|6752|19101|4116|22203|3805|85348|8278|41009|4790|44339|5299|150498|13385|83176|7739|67322|8251|365880|17044|265453|14444|100427|7195|85585|7636|57449|5793|28136|3886|428551|25937|299896|18803|128655|13984|58038|7433|52257|6961|5781|1560|212343|18749|136294|13062|76049|10243|318277|19068|270873|16379|47404|6350|154854|15991|99899|11514|54955|9606|1387|645|1050|555|337|270|16572|3243|13569|2330|3003|1753|137106|12058|103949|10432|33157|5170
02000C0US4|69442750|8372|45533564|88414|14914117|72357|9165393|63619|5748724|54875|226318|12227|190724|10284|35594|4834|14210|3810|10274|3343|3936|1651|81931|5873|70060|5290|11871|1999|161623|10352|122104|7783|39519|5385|182236|9921|163491|9238|18745|2646|46284|4535|42636|4232|3648|1155|27864|3773|23339|3394|4525|1342|306300|19684|180745|13283|125555|11268|43729|4741|32664|3875|11065|1980|47750|5511|34545|4761|13205|2653|145469|13887|75801|8272|69668|9034|227994|14666|128957|10518|99037|8973|314941|16208|194063|11198|120878|9304|74415|7206|57073|6026|17342|2819|336132|15163|279315|12788|56817|6013|82777|10575|61017|8374|21760|3782|220138|15420|126761|9844|93377|9171|53247|6407|37482|4859|15765|3179|112151|10541|78319|7188|33832|5464|149709|9555|109393|8478|40316|4507|132958|10576|109453|8715|23505|4279|98779|9907|86894|9114|11885|2465|70349|7347|57580|6102|12769|2993|1686248|36882|837900|23363|848348|22545|233625|10988|144953|8197|88672|5822|494473|17724|242250|11982|252223|11453|78515|7838|44029|5452|34486|4572|734510|25517|306500|14633|428010|16008|88998|8774|41045|5087|47953|5478|119113|10762|60183|6597|58930|6086|112592|11943|64451|6346|48141|7502|1117703|27750|756911|21220|360792|12967|294693|15085|188787|10873|105906|8718|314760|21243|206333|16151|108427|9427|59248|6503|51826|6035|7422|2049|151966|13873|94942|9500|57024|6793|88224|9375|72043|8252|16181|3645|81774|8166|55562|6147|26212|4453|58509|4532|41066|4121|17443|1884|44001|4556|37109|4405|6892|1647|78813|6989|49522|5409|29291|4723
02000C1US1|16125471|14138|9743797|56038|3141917|34364|1655222|28738|1486695|29952|156129|13748|115703|10593|40426|6255|183150|18875|104750|12675|78400|9213|79650|7432|58009|6440|21641|3165|141024|13929|71872|8508|69152|9121|40394|4390|37676|4348|2718|777|171655|14576|83844|11347|87811|9637|49660|6318|33786|4308|15874|3347|222054|12261|92931|6519|129123|9932|69519|8667|38807|6054|30712|4929|22551|3713|15089|2944|7462|1686|53190|6910|26508|4946|26682|4522|7414|2776|5043|2309|2371|1333|25530|5468|13228|3445|12302|3375|23842|4783|16454|3314|7388|2255|73696|7526|62223|7098|11473|2644|53337|7471|29835|4471|23502|4490|25620|5686|13434|3234|12186|3054|183813|13271|85996|7242|97817|9521|37001|4471|18884|2304|18117|3849|88755|8919|53460|6827|35295|4713|14048|3361|12386|3232|1662|552|13856|2676|12135|2250|1721|732|21436|4807|13737|3294|7699|2794|676066|20355|252064|11638|424002|13325|30789|4375|17251|3159|13538|2436|82270|7769|44091|5350|38179|4673|2195|1779|1490|1072|705|750|64247|7691|23882|3466|40365|5687|10684|3700|5000|2047|5684|2625|12979|3255|5005|1540|7974|2364|62275|8173|30559|5132|31716|5685|80946|8609|58411|6568|22535|3589|15510|3099|8875|1796|6635|2083|142228|15114|80427|8884|61801|9275|57140|8961|46070|7513|11070|3073|39309|6269|22748|4238|16561|3971|124830|12763|91839|10095|32991|5073|33223|5900|20252|4275|12971|3864|278|386|0|213|278|386|701|378|415|308|286|247|46763|7654|34173|6554|12590|2479
02000C1US2|18680725|25014|15087065|46362|1827856|31269|1031613|23167|796243|20937|75497|7597|50305|5641|25192|4457|28018|5946|9808|3217|18210|4388|20501|3863|16460|3512|4041|1281|25969|4294|19077|2951|6892|2495|44707|4009|38624|3674|6083|1544|9255|3149|6857|1775|2398|2256|13899|2599|11527|2506|2372|765|36449|4706|22815|3347|13634|2668|50785|6509|31642|5066|19143|3201|25004|4495|15123|2737|9881|2609|36149|6613|19469|3669|16680|4231|1990|1371|1433|988|557|574|22237|5356|12788|3743|9449|2710|30411|5685|21648|4033|8763|2619|63064|8169|51090|6694|11974|3189|39045|8216|27161|6070|11884|3357|14511|4273|10105|3314|4406|1579|37349|6572|19719|3704|17630|4415|44288|6581|28830|4233|15458|3926|44943|6105|27558|4144|17385|3661|42888|6941|33005|5323|9883|2871|25325|4025|21674|3576|3651|1114|19058|4026|14128|2985|4930|1815|175863|12919|88633|7230|87230|9594|28949|5029|17424|3423|11525|2915|42315|4730|27040|3917|15275|2864|58290|6611|32866|4801|25424|3886|56317|5874|24568|3803|31749|4261|7934|2280|3613|1179|4321|1570|21869|3387|10477|1888|11392|2489|84541|10207|35968|5633|48573|6986|63133|6112|46109|4876|17024|3200|17370|4436|11265|2657|6105|3484|173322|12406|106069|10447|67253|6566|10573|3404|9247|3324|1326|716|129727|13244|83129|10857|46598|5634|68405|10078|53404|8720|15001|3452|56378|10215|32597|7439|23781|6037|422|251|422|251|0|213|5125|1634|4479|1535|646|337|13929|3408|10039|2493|3890|1456
02000C1US3|38596681|34273|28253013|81275|7375586|62461|4195814|48008|3179772|47396|207360|14199|159627|10471|47733|6748|180682|19345|96805|10792|83877|12098|42465|5266|35207|4299|7258|1853|130784|10625|83374|7896|47410|6968|91435|6328|80401|6233|11034|2292|21907|3375|20347|3304|1560|646|19470|3188|16682|2883|2788|928|67678|6431|46402|4796|21276|3662|21344|3531|16907|3100|4437|1586|25350|4946|18396|4020|6954|2210|35787|5319|23213|3951|12574|2728|4796|2030|3763|1550|1033|720|54767|6330|35005|4371|19762|4111|54225|6441|40606|4843|13619|3279|123903|10914|108237|10415|15666|2884|73925|11216|58521|9145|15404|3955|13262|2988|9775|2245|3487|1388|36741|5552|27658|4128|9083|2634|76499|8707|55466|6687|21033|4482|73353|9467|45849|5245|27504|6959|96857|9060|78230|7793|18627|3928|44717|7023|37370|5997|7347|2340|37199|5294|30101|4394|7098|2032|262392|12855|145234|8051|117158|8641|46093|6778|29784|5447|16309|3171|96359|6720|51850|4328|44509|4681|4009|1451|2495|925|1514|961|193015|12849|82018|7416|110997|8327|13211|4119|7364|3220|5847|1584|36819|5284|19514|3559|17305|2801|70599|8900|37057|5508|33542|5410|147592|11461|106658|8476|40934|5596|35176|5635|22469|3480|12707|3252|174459|14459|116241|9935|58218|9218|24916|5776|22715|5223|2201|1288|88336|14404|48325|7605|40011|8899|106561|10455|90399|9866|16162|3745|76438|11809|45203|7634|31235|8730|423|278|378|265|45|74|4762|2474|3195|1005|1567|1656|52416|6813|38060|5648|14356|3650
02000C1US4|33200981|25657|21035729|70595|7197009|60816|4369801|48954|2827208|36014|131554|9910|112200|8699|19354|3329|9065|3587|6162|3005|2903|1601|45123|4410|39639|4080|5484|1148|81881|6531|63415|5423|18466|3244|95096|7302|86578|6918|8518|1593|25180|3572|23412|3285|1768|920|16544|3026|13345|2541|3199|1280|172735|13285|100489|9844|72246|7949|22369|3278|16744|2746|5625|1392|28028|4482|19873|3866|8155|1908|67978|8978|31880|4116|36098|6806|192392|13325|103214|10042|89178|8458|184691|13143|113440|9047|71251|7466|45480|5950|36151|5060|9329|2273|211941|12471|176477|11252|35464|4744|43845|6548|31988|5186|11857|2831|113771|12834|62629|7783|51142|7830|35230|4332|23464|3048|11766|2373|62143|7105|44366|5297|17777|3469|76047|7332|56736|6290|19311|3399|80906|7724|70066|7089|10840|2288|65233|7669|56351|6892|8882|2220|41385|5612|35497|4976|5888|1596|931295|26126|491992|17800|439303|15259|139311|8997|86225|6223|53086|4764|292787|15410|141509|10775|151278|9275|46367|6440|25156|3930|21211|4092|400647|17961|169041|10208|231606|11045|51124|6647|23904|4468|27220|3746|63438|6894|32008|4551|31430|4316|53151|7656|31843|4658|21308|4287|554664|17069|370280|13110|184384|9572|132771|10513|84741|7519|48030|5634|150375|13714|97858|10116|52517|7056|42732|5281|37061|4772|5671|2074|91843|12429|55253|8123|36590|6137|42186|6200|32974|5650|9212|3009|45721|7020|31113|5165|14608|3485|21420|3766|16424|3514|4996|1325|15228|2587|11459|2237|3769|1264|44566|5560|24669|3661|19897|4207
02000C2US1|34020731|14966|26976661|57239|3252961|36588|1820187|30128|1432774|27571|155552|9734|122266|8082|33286|4782|182035|15092|102466|10597|79569|8128|155644|8251|118401|7265|37243|3905|359514|17912|208183|12155|151331|10549|89844|6393|77642|5837|12202|2013|122341|9233|71799|6179|50542|6452|74681|6841|57637|5554|17044|2888|137161|9823|88709|6947|48452|5626|123334|10355|76180|8176|47154|5170|35117|5051|24921|3808|10196|2295|73471|8748|45166|6282|28305|4170|14729|3474|10095|2460|4634|1635|36615|5286|24559|3727|12056|2762|115574|9758|73769|7148|41805|4660|173673|10126|142428|8658|31245|4462|101303|9908|75164|7624|26139|3827|44981|6765|27005|4113|17976|4005|70618|7851|43857|5931|26761|3754|86237|9343|57915|6986|28322|4417|101722|10041|68730|7467|32992|4519|87076|9538|73198|8431|13878|3135|55264|6275|48215|5387|7049|1866|61587|6440|46679|4640|14908|2910|397172|17418|216771|11320|180401|10777|35886|4504|22261|3898|13625|2288|137018|9581|64820|6084|72198|6341|1665|1101|1059|675|606|573|75826|8603|34119|4101|41707|5688|28783|3924|13644|2633|15139|2773|21486|3082|8888|1654|12598|2674|64452|6931|40051|4938|24401|4026|125063|9482|91236|6866|33827|4372|22606|4879|15359|3460|7247|2228|186778|14970|122075|9945|64703|7292|44742|6163|40142|5742|4600|1085|13033|3278|8789|2386|4244|1621|93331|11563|74207|9916|19124|4046|32022|5355|24320|4397|7702|2279|102|103|102|103|0|213|3578|1857|3177|1873|401|421|49493|6251|37344|5017|12149|2519
02000C2US2|33196347|24090|29233889|53947|1732949|31558|1099795|24546|633154|20565|73685|7011|52971|5422|20714|4204|14388|5110|7514|3073|6874|2826|40916|4090|31086|3359|9830|1745|25913|3521|20958|3221|4955|1260|115481|10000|91826|7790|23655|5208|54533|6751|35182|4700|19351|3983|29881|5732|23170|5012|6711|1493|73893|6836|43815|5443|30078|3820|139340|11077|84668|7475|54672|5481|63829|7874|42269|6101|21560|3230|91578|10310|45715|6469|45863|7401|3815|1584|2719|1206|1096|778|19584|3933|14413|2996|5171|1746|62578|6999|39241|5091|23337|4138|78401|7307|65860|6441|12541|2986|55384|7120|44037|6201|11347|2224|24329|4230|15060|2897|9269|2622|28615|4764|18266|3514|10349|3189|45756|7384|28845|4690|16911|4422|102635|10322|69062|7729|33573|4901|56821|8135|47802|7295|9019|2384|30087|5576|25061|4899|5026|1893|24760|4331|19733|3516|5027|1469|134094|9173|77824|6409|56270|5417|26382|4185|14971|2915|11411|2601|70013|7601|36783|4491|33230|4458|54496|5662|37242|4929|17254|2448|62827|7763|29302|4221|33525|4888|9613|2105|3783|1034|5830|1841|24927|3797|14277|2667|10650|2425|41073|5676|21235|3999|19838|3523|96962|7103|70501|5813|26461|4200|17994|3813|13113|3279|4881|1216|218643|16638|141687|12621|76956|8146|6967|1883|6567|1759|400|302|84327|10365|49898|7590|34429|4681|67256|9331|51309|6870|15947|3725|33044|5127|22829|4273|10215|2251|307|235|249|221|58|78|5486|2173|4909|2146|577|318|18896|3621|14417|2738|4479|1600
02000C2US3|67820434|40886|52942617|83962|9930874|71368|5800367|57630|4130507|49100|283508|15167|223276|12853|60232|6165|415800|26827|243591|20320|172209|13624|66374|5590|51916|4756|14458|2260|233135|16340|164500|12780|68635|7865|146059|8077|130729|7746|15330|2005|43012|5581|35584|4958|7428|2230|35015|4728|26410|3793|8605|2440|148174|13063|95124|8593|53050|6675|41888|5116|28628|3994|13260|2349|29357|3944|21412|3008|7945|2207|74089|8891|47551|6036|26538|4851|4898|1623|4262|1588|636|398|88981|8771|57057|6214|31924|4906|120400|10617|87219|7884|33181|4440|193021|15906|163078|14042|29943|3926|147978|14352|111296|11142|36682|6099|34008|7818|25520|6287|8488|2528|76713|8782|47204|5951|29509|5281|94241|10744|66068|7979|28173|4916|90659|9449|65130|7451|25529|4606|168163|13607|141578|11417|26585|4571|88864|9739|76514|8413|12350|3180|87684|9764|71828|8744|15856|2728|353407|16732|195649|11280|157758|10309|46001|5324|30414|4310|15587|2685|207889|14107|106056|9282|101833|7950|21247|3634|13420|2993|7827|2657|382343|19396|168401|10397|213942|12799|28093|5148|11737|2612|16356|3492|48529|5383|21495|2886|27034|3850|79899|9847|46119|5921|33780|5955|218288|13246|158795|11214|59493|5327|50409|6639|34980|5231|15429|2938|254092|21380|183655|16013|70437|9776|33122|4903|29542|4529|3580|1402|124007|12111|87969|10304|36038|4485|211716|16732|180474|13805|31242|5341|78416|13364|54696|9857|23720|6246|964|661|672|545|292|279|11810|2463|10374|2166|1436|624|84690|10301|65889|8555|18801|4003
02000C2US4|36241769|27664|24497835|66410|7717108|60979|4795592|47757|2921516|43805|94764|6857|78524|6131|16240|2941|5145|1710|4112|1589|1033|653|36808|4282|30421|3634|6387|1620|79742|8167|58689|6684|21053|3742|87140|6343|76913|5617|10227|2153|21104|3026|19224|2860|1880|733|11320|2007|9994|1901|1326|528|133565|13059|80256|7899|53309|7543|21360|3153|15920|2375|5440|1425|19722|4175|14672|3458|5050|1714|77491|10476|43921|7037|33570|5339|35602|6490|25743|5010|9859|2672|130250|10628|80623|7535|49627|5952|28935|4537|20922|3870|8013|1870|124191|10450|102838|9059|21353|3463|38932|7080|29029|5607|9903|2524|106367|10904|64132|7422|42235|5225|18017|4117|14018|3452|3999|1592|50008|7266|33953|5545|16055|3599|73662|7528|52657|6188|21005|3118|52052|7219|39387|5101|12665|3231|33546|5738|30543|5602|3003|837|28964|5770|22083|4129|6881|2942|754953|21267|345908|15094|409045|13391|94314|6230|58728|4595|35586|3580|201686|10442|100741|8186|100945|6463|32148|5028|18873|3982|13275|2362|333863|16991|137459|8431|196404|11991|37874|6681|17141|3340|20733|4159|55675|6695|28175|4312|27500|3874|59441|8099|32608|4811|26833|5263|563039|25099|386631|18473|176408|10990|161922|11580|104046|8973|57876|6272|164385|13952|108475|10678|55910|6687|16516|3723|14765|3670|1751|725|60123|7505|39689|5871|20434|3392|46038|7730|39069|6998|6969|2089|36053|6153|24449|4220|11604|3599|37089|3050|24642|2735|12447|1596|28773|3955|25650|4094|3123|1092|34247|5106|24853|4057|9394|2307
02000E0US1|3405744|1950|3170172|9190|95730|5525|59954|4617|35776|3442|14809|2915|11873|2670|2936|973|2284|1339|1942|1274|342|225|4346|1307|3702|1167|644|441|4390|1429|2863|1036|1527|747|13731|2223|9908|1754|3823|938|37047|4171|23428|3540|13619|2197|1127|523|766|427|361|293|3236|1076|2495|895|741|380|4894|1706|3299|1536|1595|706|2059|1669|1716|1390|343|320|2608|1375|1707|861|901|789|584|555|584|555|0|213|772|479|504|337|268|323|944|499|624|380|320|268|2479|1075|1712|804|767|626|577|349|270|188|307|290|297|405|244|399|53|89|1286|677|686|358|600|408|973|608|630|363|343|395|2985|1119|1905|681|1080|766|1531|447|1340|397|191|237|309|267|225|199|84|106|399|329|153|154|246|241|10897|2241|5579|1462|5318|1471|814|374|651|323|163|114|1939|750|983|515|956|498|42|55|33|53|9|17|1469|694|551|297|918|513|59|100|0|213|59|100|1897|702|1321|573|576|410|2922|2417|2077|1632|845|828|3491|1077|1649|691|1842|795|1425|775|1390|773|35|44|4181|1523|2810|1091|1371|738|2048|1183|1506|810|542|639|274|203|238|197|36|62|1162|647|1071|631|91|104|407|231|342|217|65|76|0|213|0|213|0|213|331|234|230|175|101|121|2817|1046|2258|879|559|396
02000E0US2|8155486|8000|7587379|18410|343835|9217|189454|7181|154381|7163|9553|1668|7609|1413|1944|806|2037|1144|551|305|1486|929|2743|860|2538|843|205|129|1852|690|1417|574|435|324|41555|5195|30137|3570|11418|2916|49232|8549|38329|8021|10903|2776|2190|980|2109|953|81|137|4822|1286|3561|1038|1261|575|3577|1335|2582|1210|995|488|721|339|412|290|309|201|9973|3306|7651|2940|2322|973|0|213|0|213|0|213|1199|605|646|460|553|411|1426|641|1277|623|149|105|3444|1246|3336|1241|108|143|1478|822|1461|814|17|46|918|555|630|408|288|203|777|523|361|313|416|398|2742|800|2336|837|406|249|3490|838|3219|779|271|203|1990|954|1595|951|395|281|879|546|734|459|145|162|420|293|329|256|91|150|8482|1714|4611|1102|3871|1262|4648|1505|2903|1179|1745|792|3911|1452|2840|1392|1071|453|4219|1202|2366|675|1853|836|4393|1252|1207|661|3186|924|166|184|112|179|54|61|4457|1629|2524|992|1933|1021|6373|1667|3305|1177|3068|1209|10658|1725|7362|1403|3296|1082|5068|1498|3361|1254|1707|897|3274|1388|2664|1097|610|414|357|261|294|234|63|118|6029|1802|2624|1001|3405|1341|2028|760|1167|541|861|522|4242|1317|3233|1279|1009|471|67|68|67|68|0|213|5087|1206|4644|1161|443|233|3795|1740|1410|696|2385|1559
02000E0US3|10754806|14966|9657486|20628|892069|17732|571130|17078|320939|11544|24618|3604|20799|3304|3819|1141|10268|3509|4985|1786|5283|2305|3076|801|2541|724|535|300|3924|1064|2759|738|1165|594|18493|3319|16627|3435|1866|661|7398|2819|5679|2073|1719|1243|2094|992|1725|810|369|316|5460|1768|4260|1492|1200|670|1733|630|1557|584|176|203|3358|1858|2673|1417|685|704|2573|1054|2116|937|457|349|548|759|548|759|0|213|782|557|551|344|231|313|5195|1373|3676|1069|1519|665|6852|2958|4479|1959|2373|1325|3029|1860|2535|1589|494|461|1862|1467|1607|1391|255|268|2602|1263|1521|827|1081|753|3966|1676|3177|1513|789|577|3966|1378|3249|1196|717|538|1559|856|1301|713|258|235|462|486|335|445|127|185|1289|905|813|603|476|548|12337|2731|5232|1549|7105|1900|5671|1979|3809|1405|1862|984|5549|1438|2950|1028|2599|970|1500|854|1354|863|146|140|11547|2845|5051|1719|6496|1705|941|761|394|402|547|413|4127|1607|1152|445|2975|1427|4979|1972|2165|1288|2814|1282|12233|1820|9437|1731|2796|867|4090|1609|3391|1484|699|441|5614|1415|3567|1188|2047|681|2005|1367|726|376|1279|1367|664|439|204|144|460|388|5983|2807|4615|2523|1368|819|2769|1177|1814|823|955|558|210|157|178|141|32|42|4902|1675|4507|1617|395|302|5023|1588|3615|1194|1408|790
02000E0US4|4497628|7713|3723583|16567|557825|14290|358271|13804|199554|10503|12331|2741|11341|2479|990|529|160|217|160|217|0|213|3867|1339|3410|1221|457|485|5533|2192|4275|1733|1258|712|11336|1813|10242|1633|1094|551|3030|1088|2833|1060|197|192|1236|609|1236|609|0|213|4526|1254|3487|1098|1039|529|2061|930|1765|868|296|346|335|218|291|216|44|65|3081|1353|2106|958|975|736|727|913|461|454|266|492|1692|1075|1567|1081|125|96|273|334|198|246|75|110|2559|1514|1174|731|1385|927|273|233|139|145|134|201|545|372|318|253|227|274|563|517|394|382|169|182|1121|660|1019|621|102|121|3562|1198|3128|1136|434|323|378|460|353|442|25|56|664|567|525|462|139|182|324|319|324|319|0|213|8167|1562|5456|1240|2711|840|8617|1980|4979|1400|3638|1267|4079|1395|2365|879|1714|840|1471|1060|1122|877|349|327|4132|1193|1879|748|2253|843|532|367|439|333|93|108|1973|891|712|442|1261|618|869|716|525|620|344|305|23419|3065|14119|2267|9300|1895|28279|3770|19517|2758|8762|2369|1162|437|926|383|236|233|387|400|387|400|0|213|310|301|243|275|67|124|281|281|246|245|35|57|1224|685|1196|682|28|62|40683|2500|27359|2420|13324|1602|24302|2375|21175|2128|3127|897|6156|2470|5312|2147|844|629
02000E1US2|3073605|53103|2773545|45460|206260|10947|106964|6846|99296|6665|4897|1468|3907|1257|990|659|1581|1029|426|268|1155|857|1104|633|1061|628|43|71|939|538|620|426|319|280|5783|1233|5028|1097|755|342|4832|2924|4450|2854|382|308|1374|858|1293|824|81|137|2367|886|1841|728|526|373|570|403|500|383|70|117|220|157|102|135|118|164|4007|1776|2953|1713|1054|548|0|213|0|213|0|213|982|503|429|326|553|411|938|485|841|488|97|47|3077|1192|3034|1183|43|89|625|514|625|514|0|213|412|396|313|291|99|108|647|519|268|301|379|399|2533|750|2158|794|375|242|1292|467|1214|461|78|111|1798|973|1595|951|203|176|680|462|601|392|79|123|298|291|215|247|83|150|5300|1419|2888|938|2412|1072|2211|951|800|476|1411|736|1824|892|1288|785|536|388|3216|1266|1780|667|1436|842|4224|1249|1167|660|3057|912|6|12|0|213|6|12|3541|1638|1773|954|1768|988|5492|1557|2678|1089|2814|1138|5931|1215|4489|978|1442|716|3660|1242|2176|930|1484|895|1316|681|1255|666|61|89|213|208|150|171|63|118|5420|1737|2147|978|3273|1257|1962|759|1109|531|853|521|3878|1295|2921|1246|957|477|54|69|54|69|0|213|1713|919|1697|915|16|22|2883|1703|732|616|2151|1543
02000E1US3|3456433|37828|2955077|36233|412937|17735|270942|14649|141995|8925|8786|2206|7331|2087|1455|749|2810|1640|946|735|1864|1220|987|482|822|454|165|198|1306|835|766|509|540|461|4941|1096|4407|1045|534|353|532|509|217|219|315|467|86|119|86|119|0|213|1717|840|1262|755|455|316|519|293|399|214|120|199|1567|1567|973|918|594|680|1596|861|1381|785|215|257|0|213|0|213|0|213|686|534|455|313|231|313|3466|1252|2388|911|1078|575|2873|1715|1749|1308|1124|820|2006|1305|1659|1179|347|359|1539|1369|1363|1311|176|233|2001|1071|990|561|1011|735|2036|890|1441|807|595|494|1980|1011|1681|916|299|277|1169|823|934|680|235|233|112|183|0|213|112|183|606|601|209|196|397|533|6701|1867|2063|785|4638|1534|2746|1725|1706|1126|1040|803|1725|744|977|503|748|539|321|329|321|329|0|213|5469|1880|1827|894|3642|1333|650|680|276|356|374|365|2417|1367|277|231|2140|1335|2083|1216|857|690|1226|937|6847|1367|5265|1260|1582|643|3365|1621|2853|1491|512|366|2158|914|1087|660|1071|507|271|218|181|159|90|144|303|207|118|63|185|198|4501|2694|3404|2380|1097|803|1419|760|740|491|679|478|121|120|89|100|32|42|2182|1611|2082|1605|100|144|1819|1135|1276|874|543|570
02000E2US1|2755869|15777|2570890|16657|69133|4665|44228|4083|24905|2481|9652|1685|7552|1364|2100|786|1828|1248|1638|1227|190|168|3619|1299|2975|1142|644|441|3860|1420|2475|988|1385|753|12767|2124|9072|1623|3695|928|36464|4188|23073|3558|13391|2217|875|434|555|314|320|285|2583|916|1867|721|716|382|4334|1678|2889|1486|1445|697|1997|1666|1654|1388|343|320|2452|1359|1551|842|901|789|535|549|535|549|0|213|625|445|357|292|268|323|867|460|547|342|320|268|1792|986|1178|679|614|591|407|259|238|178|169|227|244|399|244|399|0|213|355|277|355|277|0|213|789|592|446|345|343|395|2027|757|1700|658|327|229|662|402|471|316|191|237|309|267|225|199|84|106|71|108|71|108|0|213|8449|2030|4190|1252|4259|1427|781|370|618|318|163|114|1621|704|948|513|673|432|42|55|33|53|9|17|883|492|278|169|605|417|59|100|0|213|59|100|1392|659|1017|603|375|318|2173|2246|1602|1462|571|810|2917|1047|1395|664|1522|776|783|501|748|494|35|44|2470|917|1830|849|640|346|1682|1046|1140|686|542|639|84|100|48|83|36|62|707|584|647|572|60|82|407|231|342|217|65|76|0|213|0|213|0|213|331|234|230|175|101|121|1951|796|1412|537|539|396
02000E2US2|5081881|54450|4813834|53644|137575|8422|82490|5508|55085|5291|4656|959|3702|764|954|409|456|413|125|118|331|307|1639|535|1477|514|162|118|913|413|797|383|116|108|35772|5051|25109|3391|10663|2917|44400|7670|33879|7108|10521|2710|816|508|816|508|0|213|2455|963|1720|872|735|376|3007|1345|2082|1239|925|483|501|287|310|247|191|132|5966|2867|4698|2454|1268|835|0|213|0|213|0|213|217|318|217|318|0|213|488|374|436|348|52|94|367|309|302|288|65|113|853|562|836|558|17|46|506|376|317|259|189|179|130|112|93|112|37|6|209|229|178|224|31|47|2198|685|2005|628|193|177|192|241|0|213|192|241|199|214|133|160|66|104|122|89|114|89|8|2|3182|1113|1723|793|1459|624|2437|1167|2103|1110|334|298|2087|1206|1552|1186|535|242|1003|518|586|335|417|284|169|159|40|63|129|156|160|184|112|179|48|62|916|462|751|426|165|158|881|543|627|395|254|269|4727|1408|2873|1137|1854|774|1408|769|1185|740|223|174|1958|1214|1409|899|549|402|144|157|144|157|0|213|609|395|477|369|132|168|66|83|58|81|8|19|364|264|312|230|52|61|13|24|13|24|0|213|3374|801|2947|825|427|231|912|329|678|261|234|175
02000E2US3|7298373|36313|6702409|38960|479132|15720|300188|13159|178944|9552|15832|2747|13468|2426|2364|831|7458|2772|4039|1569|3419|1931|2089|712|1719|597|370|345|2618|754|1993|567|625|445|13552|3332|12220|3358|1332|527|6866|2692|5462|2075|1404|1134|2008|976|1639|793|369|316|3743|1526|2998|1243|745|565|1214|588|1158|574|56|59|1791|1359|1700|1340|91|138|977|654|735|557|242|248|548|759|548|759|0|213|96|108|96|108|0|213|1729|1185|1288|881|441|447|3979|2262|2730|1417|1249|1035|1023|883|876|702|147|198|323|525|244|424|79|119|601|613|531|602|70|91|1930|1307|1736|1257|194|308|1986|779|1568|605|418|436|390|365|367|354|23|46|350|449|335|445|15|21|683|628|604|549|79|111|5636|1789|3169|1354|2467|957|2925|1208|2103|955|822|567|3824|1262|1973|920|1851|851|1179|682|1033|658|146|140|6078|2397|3224|1615|2854|1227|291|294|118|139|173|191|1710|753|875|424|835|426|2896|1733|1308|1074|1588|1045|5386|1276|4172|1127|1214|600|725|396|538|312|187|211|3456|1208|2480|1059|976|398|1734|1352|545|360|1189|1367|361|375|86|131|275|317|1482|909|1211|912|271|295|1350|936|1074|694|276|299|89|106|89|106|0|213|2720|858|2425|805|295|267|3204|1380|2339|1116|865|563
02000E2US4|2886636|27664|2403502|25672|334216|13085|215301|11683|118915|7992|7171|1975|6702|1854|469|335|160|217|160|217|0|213|2076|833|1873|773|203|287|2599|1044|1794|831|805|488|7953|1539|6990|1309|963|502|2016|924|1956|920|60|74|710|455|710|455|0|213|3155|1106|2815|1039|340|280|1536|829|1240|785|296|346|54|21|54|21|0|213|2336|1307|1434|878|902|706|669|909|403|446|266|492|939|852|814|833|125|96|0|213|0|213|0|213|1198|804|550|400|648|492|175|198|41|61|134|201|153|232|30|57|123|252|360|381|269|312|91|128|508|461|500|460|8|18|2064|955|1824|934|240|201|269|425|269|425|0|213|180|283|134|214|46|78|0|213|0|213|0|213|5478|1353|3476|1118|2002|736|3500|1143|2500|965|1000|569|1839|879|845|516|994|542|1220|1060|1037|895|183|232|2400|978|1078|523|1322|712|269|235|176|177|93|108|1206|593|524|356|682|418|495|624|405|584|90|126|12861|2697|8044|2071|4817|1340|19708|4100|13126|2570|6582|2405|452|279|332|260|120|102|172|177|172|177|0|213|233|274|233|274|0|213|37|72|37|72|0|213|669|336|669|336|0|213|35738|2170|23620|2006|12118|1485|22682|2274|19562|1979|3120|899|3678|2042|3396|2010|282|263
02000G0US2|5787802|8781|5458020|13760|160436|5982|88763|4643|71673|5020|5764|1106|3937|923|1827|693|852|625|181|164|671|593|1348|407|1294|401|54|55|1482|547|1298|479|184|146|43009|4874|32272|4058|10737|2395|61349|6801|42214|5712|19135|2902|863|700|616|353|247|397|3129|1068|1559|689|1570|715|2415|708|1306|466|1109|530|478|322|312|251|166|128|1630|713|967|418|663|406|73|154|73|154|0|213|500|467|310|327|190|206|200|182|100|120|100|126|565|294|326|179|239|170|429|234|391|227|38|62|800|451|739|442|61|63|358|386|280|351|78|118|1043|513|704|281|339|276|3044|1016|2504|879|540|297|557|462|501|450|56|103|90|119|30|49|60|126|491|533|491|533|0|213|2376|758|1097|393|1279|574|1008|384|747|317|261|202|1327|733|787|583|540|463|1634|630|1082|526|552|248|2206|1178|862|441|1344|830|214|189|166|165|48|83|484|281|345|257|139|90|1960|775|986|662|974|357|5811|1163|4307|899|1504|629|4022|881|2456|709|1566|514|1381|531|1070|485|311|162|949|679|691|465|258|255|244|158|226|157|18|6|656|343|656|343|0|213|999|477|631|399|368|251|119|113|119|113|0|213|9987|2302|9294|2286|693|267|3500|1393|1701|582|1799|967
02000G0US3|8070906|20999|7448593|23954|493114|10984|300809|9012|192305|9521|13970|2178|12454|2017|1516|622|7307|2666|3200|1395|4107|1857|2281|696|2166|672|115|144|2348|923|1437|658|911|626|23141|3705|15891|3453|7250|2779|9484|2521|6836|2038|2648|1031|450|298|416|291|34|59|2091|920|1664|774|427|333|1075|485|816|478|259|237|549|439|423|315|126|226|1182|574|876|404|306|283|149|234|149|234|0|213|1925|1278|1352|982|573|594|1484|1314|587|555|897|948|1694|1188|1660|1184|34|81|1311|700|967|426|344|388|675|727|616|706|59|123|729|515|492|405|237|170|1735|911|704|550|1031|539|2587|885|1781|702|806|585|582|564|467|398|115|239|434|336|358|264|76|140|0|213|0|213|0|213|3509|1027|1807|694|1702|508|2054|909|1592|673|462|355|2425|765|1215|437|1210|626|749|407|336|228|413|256|5272|1454|1903|710|3369|1230|911|655|704|599|207|191|1740|553|795|394|945|352|1563|1141|925|716|638|609|7395|1976|5355|1460|2040|988|2857|1193|1854|1014|1003|524|3112|866|2304|741|808|428|863|564|771|612|92|153|510|328|418|291|92|109|2282|1468|2096|1408|186|219|2675|1889|2288|1821|387|256|271|201|236|195|35|57|9510|1793|8454|1870|1056|578|4318|2198|3374|1642|944|707
02000G0US4|1860130|9066|1620134|11239|129848|6614|85742|5623|44106|4516|3189|1197|2713|1199|476|217|0|213|0|213|0|213|1150|905|1104|862|46|60|1379|704|879|480|500|507|7196|1971|6552|1843|644|361|2040|844|1487|625|553|574|341|216|315|212|26|42|3635|1386|2221|979|1414|940|1457|1085|1273|1048|184|181|282|211|147|174|135|73|1074|698|435|375|639|451|0|213|0|213|0|213|362|277|278|211|84|118|584|726|584|726|0|213|197|164|150|154|47|26|126|222|0|213|126|222|315|423|0|213|315|423|409|480|361|446|48|91|247|412|247|412|0|213|2753|949|2059|819|694|422|89|113|89|113|0|213|0|213|0|213|0|213|0|213|0|213|0|213|1106|452|785|402|321|218|676|270|383|197|293|171|404|289|180|172|224|223|666|438|520|377|146|117|1252|651|903|608|349|250|347|281|0|213|347|281|470|294|242|182|228|174|1165|1018|792|856|373|423|7100|1600|4697|1157|2403|848|2391|857|1931|723|460|260|683|361|595|310|88|143|205|224|205|224|0|213|38|34|35|33|3|8|432|631|396|631|36|52|237|237|216|233|21|52|34117|1894|27497|2076|6620|863|31637|2708|26987|2663|4650|788|397|236|397|236|0|213
02000H0US1|4736046|2136|4429309|10632|114312|6277|72918|5333|41394|3632|29228|3316|23747|2865|5481|1147|2324|1342|1976|1277|348|224|5401|1333|4511|1193|890|468|5023|1470|3360|1040|1663|773|19192|2737|14318|2141|4874|1079|48800|4790|31584|3986|17216|2321|1264|556|886|465|378|293|5793|1336|4494|1105|1299|462|6255|1856|3962|1614|2293|897|2234|1682|1791|1396|443|357|3416|1535|2503|1048|913|788|771|650|771|650|0|213|898|498|630|360|268|323|944|499|624|380|320|268|2732|1132|1947|900|785|631|801|416|494|300|307|290|449|446|396|439|53|89|1500|741|900|494|600|408|1086|596|730|386|356|395|4409|1505|2752|859|1657|1204|1578|450|1387|406|191|237|417|293|333|233|84|106|463|337|217|172|246|241|13737|2423|6892|1582|6845|1621|1343|504|1173|467|170|114|2669|840|1485|622|1184|545|42|55|33|53|9|17|1522|675|604|286|918|513|174|169|0|213|174|169|2078|692|1426|562|652|413|3344|2444|2370|1655|974|854|5223|1255|2904|824|2319|888|1687|797|1555|781|132|73|4931|1637|3533|1220|1398|742|2273|1238|1640|811|633|707|285|207|249|202|36|62|1253|649|1162|638|91|104|628|350|344|217|284|234|108|126|108|126|0|213|2359|797|2025|764|334|271|3791|1192|3009|958|782|498
02000H0US2|13943288|10081|13045399|22902|504271|11830|278217|9082|226054|9107|15317|2056|11546|1773|3771|1034|2889|1239|732|352|2157|1025|4091|935|3832|929|259|144|3334|852|2715|732|619|361|84564|7500|62409|5461|22155|3920|110581|11161|80543|10279|30038|3680|3053|1177|2725|985|328|430|7951|1795|5120|1273|2831|987|5992|1275|3888|1181|2104|716|1199|462|724|362|475|241|11603|3327|8618|2970|2985|1051|73|154|73|154|0|213|1699|751|956|561|743|429|1626|651|1377|630|249|166|4009|1235|3662|1230|347|219|1907|846|1852|829|55|83|1718|692|1369|586|349|218|1135|669|641|487|494|455|3785|920|3040|861|745|366|6534|1311|5723|1163|811|317|2547|1012|2096|999|451|282|969|554|764|460|205|206|911|605|820|585|91|150|10858|1900|5708|1150|5150|1371|5656|1587|3650|1245|2006|824|5238|1750|3627|1571|1611|666|5853|1319|3448|887|2405|856|6599|1629|2069|777|4530|1202|380|268|278|261|102|94|4941|1623|2869|1022|2072|1006|8333|1764|4291|1276|4042|1265|16469|2298|11669|1839|4800|1344|9090|1763|5817|1508|3273|1008|4655|1485|3734|1204|921|447|1306|776|985|553|321|279|6273|1851|2850|1022|3423|1343|2684|763|1823|607|861|522|5241|1462|3864|1406|1377|519|186|140|186|140|0|213|15074|2657|13938|2625|1136|340|7295|2245|3111|974|4184|1759
02000H0US3|18825712|19492|17106079|30368|1385183|22798|871939|20241|513244|15217|38588|4290|33253|3856|5335|1274|17575|4485|8185|2201|9390|3061|5357|910|4707|890|650|340|6272|1323|4196|982|2076|866|41634|4944|32518|4786|9116|2844|16882|3747|12515|2946|4367|1541|2544|1068|2141|891|403|325|7551|1794|5924|1515|1627|726|2808|875|2373|834|435|296|3907|1837|3096|1413|811|721|3755|1176|2992|1021|763|464|697|794|697|794|0|213|2707|1535|1903|1114|804|703|6679|1858|4263|1222|2416|1178|8546|3323|6139|2390|2407|1332|4340|1980|3502|1654|838|604|2537|1522|2223|1449|314|289|3331|1464|2013|962|1318|801|5701|1883|3881|1552|1820|745|6553|1614|5030|1395|1523|839|2141|1095|1768|870|373|349|896|580|693|527|203|218|1289|905|813|603|476|548|15846|2845|7039|1662|8807|1963|7725|2271|5401|1667|2324|1037|7974|1732|4165|1068|3809|1231|2249|917|1690|885|559|282|16819|3183|6954|1839|9865|2149|1852|997|1098|714|754|483|5867|1710|1947|614|3920|1515|6542|2224|3090|1497|3452|1333|19628|2563|14792|2177|4836|1316|6947|2133|5245|1891|1702|724|8726|1653|5871|1466|2855|782|2868|1444|1497|689|1371|1378|1174|572|622|329|552|397|8265|3187|6711|2836|1554|814|5444|2308|4102|2047|1342|643|481|275|414|257|67|76|14412|2690|12961|2663|1451|648|9341|2793|6989|2050|2352|1135
02000H0US4|6357758|9217|5343717|20024|687673|14528|444013|14759|243660|11320|15520|3285|14054|3010|1466|518|160|217|160|217|0|213|5017|1768|4514|1640|503|495|6912|2276|5154|1795|1758|847|18532|2676|16794|2398|1738|629|5070|1438|4320|1282|750|620|1577|626|1551|626|26|42|8161|1683|5708|1304|2453|1101|3518|1458|3038|1407|480|381|617|290|438|264|179|100|4155|1525|2541|1028|1614|871|727|913|461|454|266|492|2054|1122|1845|1110|209|150|857|840|782|800|75|110|2756|1491|1324|713|1432|926|399|336|139|145|260|305|860|578|318|253|542|534|972|647|755|544|217|201|1368|736|1266|703|102|121|6315|1556|5187|1416|1128|551|467|491|442|474|25|56|664|567|525|462|139|182|324|319|324|319|0|213|9273|1722|6241|1361|3032|872|9293|1970|5362|1394|3931|1272|4483|1441|2545|902|1938|847|2137|1223|1642|1032|495|351|5384|1389|2782|906|2602|870|879|445|439|333|440|310|2443|918|954|494|1489|610|2034|1250|1317|1096|717|502|30519|3596|18816|2705|11703|2009|30670|3708|21448|2833|9222|2336|1845|570|1521|484|324|285|592|452|592|452|0|213|348|303|278|276|70|125|713|689|642|672|71|79|1461|754|1412|747|49|81|74800|2959|54856|3046|19944|1735|55939|3635|48162|3428|7777|1172|6553|2442|5709|2121|844|629
020C201US1|45988718|53200|32879307|82188|6291444|45311|3402298|41663|2889146|39813|299755|16977|226421|13262|73334|8140|363355|24176|205550|17088|157805|11145|223450|10531|167266|9087|56184|4689|481480|23240|266547|15027|214933|12898|108888|6132|98628|5865|10260|1833|255915|15410|130828|12025|125087|10950|120503|9337|87994|7249|32509|4436|350274|15064|175870|9339|174404|11472|181652|13218|106669|10126|74983|7038|56087|5813|38935|4715|17152|2491|120292|9832|66584|7358|53708|5600|22153|4578|15175|3338|6978|2117|61266|8005|37012|5299|24254|4730|136618|11318|87948|8092|48670|5084|239828|11634|197917|10599|41911|4900|150529|12716|101426|8821|49103|6032|68043|7328|38585|4709|29458|4025|252334|13979|127941|8906|124393|9297|119117|10349|74380|7960|44737|5711|182319|12793|116188|9881|66131|6157|100388|9855|84734|8777|15654|3155|68188|6883|59424|5859|8764|2093|81787|7578|59500|5282|22287|3836|1059770|26115|458465|15796|601305|17741|64476|6628|38121|5167|26355|3494|215239|12325|106955|8283|108284|7610|3830|2639|2519|1527|1311|1218|135914|10892|56057|5287|79857|7565|38583|4914|17725|2870|20858|3893|34242|3888|14124|2247|20118|3219|125638|9845|70008|6804|55630|7071|202142|13272|146122|9789|56020|5812|37689|5886|23906|3985|13783|3081|325713|22632|199149|13783|126564|12921|101080|10812|85697|9537|15383|3264|52369|7115|31564|4829|20805|4387|216205|17587|164661|13989|51544|6960|63076|7280|42766|5548|20310|4069|392|408|114|120|278|386|3610|1808|3119|1846|491|318|93778|11127|69667|9407|24111|3787
020C201US2|48571515|134303|40959546|113883|3697557|35025|2177882|27233|1519675|28267|149163|10319|102591|8021|46572|5881|43850|7282|17459|4171|26391|4976|59067|5466|45872|4846|13195|1859|50429|5639|38994|4194|11435|2880|124526|6377|105546|5809|18980|2532|28344|5852|21103|3919|7241|3443|43686|6121|34901|5439|8785|1721|107082|7461|64099|5676|42983|4437|187898|13099|114985|9371|72913|6325|87258|9112|56248|6634|31010|4429|127643|11139|65410|7570|62233|7631|4939|1623|3602|1240|1337|712|42004|6819|26966|5314|15038|2974|90980|7920|60104|6167|30876|4806|141623|10383|117311|9258|24312|4255|94412|12112|71462|9797|22950|4195|37910|5898|25140|4436|12770|2785|66528|8219|38185|5341|28343|5191|91135|9733|58836|6071|32299|5902|142795|12652|93082|9114|49713|6131|98808|11626|79794|9460|19014|4000|54834|6611|46012|5451|8822|2366|44202|5217|34233|4099|9969|2213|308274|16471|165557|10124|142717|11123|56444|6747|32334|4494|24110|4028|110971|8648|62969|5521|48002|5596|109107|7731|68048|6018|41059|4382|119117|9459|52809|5217|66308|6468|16371|2520|7298|1561|9073|1714|48176|4693|25651|3134|22525|3099|129822|11420|59526|6892|70296|8021|162546|9017|118119|7440|44427|5309|38167|5265|25657|4253|12510|3743|390292|19467|246084|16511|144208|10559|17313|4000|15604|3797|1709|756|216898|16769|133488|13576|83410|7216|134246|13647|103383|10890|30863|5329|91532|12278|56812|9180|34720|6642|759|333|714|309|45|75|11036|2704|10017|2657|1019|414|34225|5237|23289|3871|10936|2578
020C201US3|94169442|117353|70119767|118103|16487411|85084|9478292|71850|7009119|67091|469997|18603|366795|15694|103202|8558|586114|29344|330614|21255|255500|17131|101659|6719|81431|5595|20228|2858|339294|18542|227838|13541|111456|10456|211946|10131|186553|9510|25393|3764|52515|5417|46619|4822|5896|1896|52998|5935|42131|4919|10867|2677|197698|14031|129381|9360|68317|7335|57309|5572|41405|4747|15904|2857|54512|6460|39594|5322|14918|2978|98444|9554|62905|6493|35539|5142|10049|2667|8393|2306|1656|832|139757|10190|89736|7267|50021|5987|166299|12609|121989|9036|44310|5393|304327|18353|259683|16246|44644|4984|213669|17205|164771|13832|48898|6888|45809|7983|34506|6306|11303|2724|111347|10610|72744|7177|38603|6172|165577|13078|118174|9951|47403|6441|153689|12294|103435|8614|50254|7856|245618|15202|203877|13043|41741|5495|128679|10891|109663|9647|19016|3863|119510|10389|97399|8979|22111|3677|594917|21211|325484|13415|269433|15088|89660|8328|58463|6621|31197|3886|289091|14864|149269|9623|139822|9649|19769|3770|12295|2973|7474|2695|560404|23470|242011|13169|318393|15735|39307|6522|18674|4136|20633|3574|80615|8237|37252|4521|43363|5611|145821|13102|80520|7957|65301|7785|346778|17726|251076|14413|95702|7108|79538|8193|53921|5984|25617|4141|413438|26229|288733|19480|124705|13362|55557|7282|49860|6741|5697|1568|210170|19031|134456|13093|75714|10355|312173|18540|265328|16012|46845|6134|149474|16441|95863|11631|53611|9461|1577|685|1173|578|404|285|15540|3601|12810|2622|2730|1710|131619|11868|100397|10193|31222|4902
020C201US4|66758859|67664|43459209|104560|14508332|76211|8904403|63711|5603929|56946|219635|11980|186039|10703|33596|4482|13801|3759|9890|3300|3911|1647|78872|5775|68458|5398|10414|1820|155706|9401|117411|7403|38295|5106|171196|9148|153985|8270|17211|2612|43451|4280|40094|3974|3357|1129|26549|3805|22202|3403|4347|1343|296427|19793|173685|13292|122742|11274|43382|5000|32616|4107|10766|1912|46099|5610|33116|4841|12983|2654|138864|13407|72522|7967|66342|8802|224784|14479|126483|10398|98301|8882|311085|16240|191340|11207|119745|9333|73469|7021|56358|5959|17111|2723|331827|15090|275092|12912|56735|5861|79942|10799|58289|8371|21653|3802|207696|15489|119403|9427|88293|9475|52110|6418|36345|4721|15765|3169|108421|10312|75745|7062|32676|5224|145132|9780|106221|8891|38911|4374|127124|10325|104828|8628|22296|4077|95423|9836|83572|8964|11851|2456|67100|7107|56708|5896|10392|2579|1664054|35785|827020|22991|837034|21839|234082|11053|144916|8175|89166|6006|487091|16889|238994|11951|248097|10977|75752|7801|42774|5214|32978|4710|728625|25559|301755|14674|426870|15970|86454|8770|39579|5144|46875|5423|115405|10392|57018|6438|58387|5969|107118|11721|60777|6300|46341|7561|1107467|28187|746157|21590|361310|13086|299183|14884|191702|10374|107481|8929|307980|20520|201385|15701|106595|9392|57025|6370|49844|5860|7181|2028|149235|13977|92580|9738|56655|6793|84721|9324|69125|8240|15596|3530|79264|8225|53056|6304|26208|4453|40995|4673|30204|4030|10791|1905|31099|3959|25750|3457|5349|1375|77673|6852|48713|5322|28960|4788
020C243US1|8893530|53908|8270460|49848|217746|12454|146029|8706|71717|6654|41154|3727|35295|3243|5859|1151|4154|1822|3642|1747|512|340|17245|2350|13655|2265|3590|1024|24081|4800|16868|3563|7213|2361|40542|4260|31008|3633|9534|1690|86881|7366|56399|5920|30482|3858|5102|1445|4315|1325|787|370|14734|2570|10264|1998|4470|1113|17456|3006|12280|2539|5176|1458|3815|2152|2866|1722|949|579|9785|3135|7593|2521|2192|742|761|601|734|599|27|48|1777|1109|1405|848|372|344|3742|1514|2899|1411|843|545|10273|3017|8681|2821|1592|821|4912|2127|4067|1793|845|656|3007|1483|2250|1232|757|590|3597|1620|2812|1381|785|578|5207|1557|3149|1169|2058|1017|12567|4260|8754|3027|3813|1836|2314|1118|2237|1084|77|130|1349|888|1259|873|90|103|1699|802|1133|520|566|402|27205|4928|17262|3980|9943|2040|3542|1020|2564|802|978|528|6718|1927|3441|1064|3277|1298|72|55|63|54|9|17|5681|1951|2548|998|3133|1180|1058|662|919|632|139|172|2301|799|1195|459|1106|566|4433|2533|2972|1629|1461|1133|9090|2251|6429|1807|2661|967|2114|820|1883|783|231|256|8224|2159|6886|1911|1338|521|3075|1065|2155|697|920|750|258|198|222|192|36|62|3209|1678|2547|1370|662|514|2797|1146|2150|999|647|438|96|154|96|154|0|213|3028|853|2498|872|530|492|6269|1607|4859|1228|1410|640
020C243US2|17248845|136738|16406807|135702|367519|14182|231743|9082|135776|8774|15336|1860|12231|1569|3105|1034|1445|865|595|416|850|581|6441|1299|5506|1157|935|500|4787|1249|3756|960|1031|443|120226|11795|87313|8953|32913|5537|146025|11691|101479|10232|44546|4848|3147|1119|2521|856|626|437|11211|2203|7651|1680|3560|1032|8219|1443|5213|1153|3006|890|2774|759|1868|683|906|404|11687|3513|8392|2961|3295|1110|939|826|623|668|316|485|1516|634|1191|509|325|282|3635|1651|2162|1020|1473|757|3851|1416|3301|1381|550|346|1924|743|1588|685|336|271|2648|1373|1394|716|1254|1017|571|433|441|402|130|124|2694|1076|1879|787|815|602|11317|2428|9261|2048|2056|795|3448|1597|3109|1466|339|254|1547|1251|1487|1237|60|126|527|259|448|259|79|4|12541|2552|6608|1746|5933|1319|4543|1216|3711|1194|832|407|6595|1849|4481|1511|2114|749|9532|2358|5508|1733|4024|1118|6626|2188|3130|1178|3496|1381|1556|1346|376|303|1180|1354|3561|1238|1972|711|1589|971|4125|1476|1968|737|2157|1230|14018|2298|10160|1689|3858|930|6287|1337|4538|1114|1749|542|6328|2050|5406|1959|922|331|1533|717|1195|505|338|280|3429|1590|2389|1313|1040|800|4099|2535|3153|1717|946|895|3131|1290|2478|1180|653|310|156|120|143|118|13|32|14649|2567|13309|2554|1340|388|5895|1601|4278|1193|1617|805
020C243US3|31073385|121306|28181942|113883|2204232|40778|1389828|29406|814404|26315|59459|4586|49361|4070|10098|2382|27943|7477|17967|5341|9976|2858|12537|2065|10399|1848|2138|717|30897|8142|24232|6850|6665|2579|67182|5633|57095|5550|10087|1889|29286|5006|21827|3988|7459|2136|4031|1530|3102|1270|929|607|25705|4102|18069|2952|7636|2024|8731|2564|6503|1967|2228|822|4102|1403|3310|1328|792|488|15187|3637|10851|2308|4336|2046|342|248|329|247|13|23|6698|2218|4229|1570|2469|1128|15005|3539|10099|2363|4906|1786|21143|5045|17771|4163|3372|1435|12574|4019|8548|2622|4026|1933|3998|1644|3012|1389|986|484|5438|2170|4131|1512|1307|1189|10864|2880|7241|2160|3623|1409|16876|3800|12574|2996|4302|1842|21543|5851|17699|4328|3844|2653|5798|2093|4914|1807|884|603|6662|2131|5343|1900|1319|666|36728|4519|22438|3940|14290|2759|10159|1916|7136|1442|3023|1065|23131|3412|12802|2301|10329|2274|7736|2546|5310|1890|2426|1042|31773|5815|15362|3405|16411|3385|3849|1269|1525|574|2324|1089|10600|2164|5704|1423|4896|1341|11219|3013|5746|1800|5473|2266|38730|4516|29169|3990|9561|2144|12994|3109|8773|2432|4221|1476|23839|4879|17034|3892|6805|2053|5349|1996|3894|1591|1455|1384|3347|1668|2460|1180|887|751|14369|4071|12256|3716|2113|1080|10824|3951|8138|2700|2686|2412|291|198|291|198|0|213|15444|2185|13720|2208|1724|630|14828|3723|10541|2558|4287|2112
020C243US4|9041649|67118|7418072|58976|1093458|33367|705003|23434|388455|16834|22203|3634|18739|3210|3464|1659|569|383|544|357|25|47|8076|2025|6116|1560|1960|939|12829|2921|9847|2306|2982|1034|29572|4419|26300|4014|3272|973|7903|1971|6862|1824|1041|769|2892|976|2688|932|204|202|18034|3280|12768|2298|5266|1716|3865|1212|3086|1121|779|502|2268|925|1867|852|401|261|10760|2816|5820|1855|4940|1674|3937|2268|2935|1581|1002|1063|5910|1782|4568|1591|1342|625|1803|1276|1497|1022|306|379|7061|2166|5547|1769|1514|861|3234|2618|2867|2590|367|331|13302|4429|7676|3047|5626|2040|2109|1217|1892|1118|217|182|5098|2485|3840|2092|1258|939|10892|2402|8359|1827|2533|1138|6301|1985|5067|1587|1234|664|4020|2388|3847|2382|173|287|3573|2247|1196|1139|2377|1894|31467|5981|17121|3306|14346|3507|8836|2098|5399|1484|3437|1098|11865|2518|5801|1441|6064|1872|4900|2440|2897|1728|2003|970|11269|3457|7527|2729|3742|1150|3423|1655|1905|1050|1518|806|6151|2265|4119|1785|2032|767|7508|3028|4991|2120|2517|1251|40755|5028|29570|3952|11185|2166|26180|4054|18533|3152|7647|2396|8625|3043|6469|2457|2156|1043|2815|1432|2574|1392|241|238|3079|1969|2640|1765|439|376|4216|1878|3560|1663|656|519|3971|1417|3918|1418|53|81|92314|3590|65718|3235|26596|2117|68841|4361|59521|4233|9320|1613|7693|2604|6518|2480|1175|661
0300000US1|14660729|3594|11595907|32185|1335387|18197|754301|16063|581086|18092|130566|8146|107551|7057|23015|2866|117349|11290|67489|8221|49860|6453|49378|4817|37662|4568|11716|2147|334246|18811|177728|12906|156518|10096|34408|3798|30797|3438|3611|1282|8306|1873|7628|1820|678|353|27903|4566|20341|3304|7562|2167|58421|4531|39155|3919|19266|2728|40303|5211|26880|4303|13423|2396|13804|3549|9074|2600|4730|1727|20019|3901|13011|2636|7008|2101|6721|1964|4915|1563|1806|966|16233|3328|11839|2454|4394|1415|22699|4221|16415|3387|6284|1606|56075|5796|48209|5506|7866|2798|16219|4083|11508|3005|4711|1634|5606|2062|3952|1551|1654|928|20299|4304|13237|2999|7062|2375|29303|4772|18495|3146|10808|2535|56525|6593|34970|4599|21555|3634|21102|4733|18530|4143|2572|2064|22181|4017|19145|3413|3036|1090|10695|2762|9284|2462|1411|673|205522|11404|111798|7718|93724|8191|13957|3115|9634|2352|4323|1355|30336|3408|18686|2633|11650|1933|3267|2561|2020|1402|1247|1214|56481|6726|24547|3296|31934|4860|24979|3423|12441|2389|12538|2254|20776|3594|8191|1948|12585|2725|18940|3620|12794|2741|6146|2166|27256|4435|19674|3342|7582|2104|11283|3386|8312|2687|2971|1364|74999|8762|46785|5626|28214|5051|15722|3551|14573|3479|1149|560|15550|4066|8753|2286|6797|2466|35672|4888|25885|3811|9787|2678|29942|4506|21182|3874|8760|2148|108|126|108|126|0|213|2945|1644|2364|1623|581|506|23339|4481|20785|4324|2554|916
0300000US2|40221519|3693|29553860|62868|5173803|36789|2794026|38060|2379777|33492|210343|14998|154165|11142|56178|7922|250160|21720|141703|14783|108457|10369|191317|9984|143259|8914|48058|4292|171315|12690|105687|8800|65628|7175|115022|7146|98839|6381|16183|2314|334490|17484|179599|13521|154891|11779|97702|8343|71968|6486|25734|3516|306587|14426|146979|8856|159608|11316|158805|12304|92069|8791|66736|7159|46098|5638|32727|4440|13371|2276|110058|9573|61166|7269|48892|5267|16193|4116|10994|2992|5199|1902|46810|6993|26578|4989|20232|4206|117661|9815|74432|6711|43229|4798|194026|9709|158389|8552|35637|3661|139222|12580|93985|8861|45237|5812|65444|7366|36883|4447|28561|4241|235632|13388|117516|8342|118116|9317|95021|9542|59034|7022|35987|5460|138361|12455|89972|9701|48389|5131|81600|8198|68441|7669|13159|2293|47356|5714|41538|5043|5818|1660|72791|6499|51349|4721|21442|3596|881453|23040|363929|14496|517524|15513|54061|6184|31051|4739|23010|3269|191621|12416|91710|8102|99911|7853|635|523|562|505|73|88|85114|8907|34058|4172|51056|6640|14662|3716|6203|1789|8459|2950|15767|2818|7128|1610|8639|2122|111131|9851|60186|6995|50945|6882|183976|12657|132877|8880|51099|5847|28520|5101|17477|3041|11043|2947|258938|20571|159250|12621|99688|11822|88433|10335|73279|8968|15154|3142|37077|6413|23033|4596|14044|3579|183742|16876|141323|13685|42419|6340|35931|6216|23734|4305|12197|3624|380|392|102|103|278|386|3693|1191|3253|1110|440|297|76708|9748|53741|7947|22967|3692
0300000US3|45080346|6092|38806823|52080|3035126|24201|1818579|23870|1216547|22916|106946|9060|75505|7434|31441|5151|38181|6372|15766|3829|22415|4555|56869|5497|43775|4497|13094|1997|39378|5050|29844|3749|9534|2612|174206|12088|138435|9454|35771|5759|144128|13062|99841|10859|44287|5935|43356|6218|34589|5604|8767|1611|86151|7321|52234|5200|33917|4365|191074|13220|116477|9463|74597|6511|57482|6642|37952|5189|19530|3039|115880|10828|58920|7262|56960|7251|5386|1886|3904|1407|1482|859|32206|5853|21532|4608|10674|2410|84747|7463|56093|6064|28654|4328|116359|9897|95069|8595|21290|4037|83392|11307|62840|9084|20552|4061|36744|5681|24167|4120|12577|2870|55453|7855|30800|4794|24653|5199|73175|9279|46523|5685|26652|5810|127754|11645|87218|8872|40536|5029|75872|10083|61485|8050|14387|3719|45080|6097|38291|5194|6789|2024|36680|5130|28243|3964|8437|1843|249902|14036|132753|8386|117149|10462|46819|6790|26218|4664|20601|3749|93733|8147|52510|5565|41223|4825|41167|4220|25396|2775|15771|2544|66950|7499|28144|3978|38806|5059|8641|2524|3604|1215|5037|1862|28830|4222|15342|2603|13488|2689|82728|9693|40336|6600|42392|5844|136578|7997|101343|6780|35235|4072|24945|4621|16607|3439|8338|3381|345271|17167|213615|14172|131656|10553|12730|2742|11167|2499|1563|713|87203|11476|56337|8536|30866|4713|100860|11421|79208|9844|21652|3902|48876|8417|31706|5684|17170|5170|601|317|556|289|45|75|7696|2284|7180|2280|516|303|28368|3980|18683|2644|9685|2322
0300000US4|20740014|5400|18559530|41405|1029950|20985|591046|15543|438904|15372|57553|6173|39317|4455|18236|3993|7114|2339|2288|1050|4826|1924|8639|2132|7603|2100|1036|543|15838|3091|12906|2557|2932|1115|70546|5857|54424|4242|16122|2664|30241|6059|22741|5004|7500|2074|3477|1424|2833|1081|644|622|32142|4020|19516|3037|12626|2547|5043|1111|3721|944|1322|535|32550|5983|20164|3823|12386|3085|23450|4387|14882|2965|8568|2504|492|433|321|327|171|281|11314|2717|6625|1840|4689|1642|9868|2775|6173|1855|3695|1564|29115|4895|25543|4731|3572|1167|12944|2926|10210|2229|2734|1123|3814|1508|2367|1006|1447|971|11646|3095|7826|2154|3820|1544|20654|3192|14192|2504|6462|1706|26358|4839|15125|2450|11233|3433|26384|4995|21418|4434|4966|1463|11301|2892|9208|2248|2093|1096|8049|2087|6438|1541|1611|1259|70913|6558|39412|4358|31501|4084|14168|2688|9827|2060|4341|1352|23833|3520|14940|2493|8893|1775|77472|6363|48160|5453|29312|3338|58793|6118|27795|4063|30998|3719|9286|2195|4070|1261|5216|1390|22907|3738|12281|2072|10626|2512|51219|7533|21158|3607|30061|5634|39986|4359|26936|2921|13050|3197|19509|3033|13588|2814|5921|1620|51349|8351|37875|7057|13474|2779|6116|3342|5632|3295|484|365|133124|12673|79540|10011|53584|6287|37485|6509|27328|5048|10157|2988|45787|8157|27584|6341|18203|4380|314|225|301|222|13|32|17989|2859|16146|2748|1843|491|11752|2537|8884|2107|2868|1241
0300000US5|66015914|10276|52061274|82042|8850668|47410|4954380|42693|3896288|47165|333927|16662|258466|14338|75461|6910|590404|29823|332256|21632|258148|17607|92293|6784|74165|5585|18128|2726|296933|18291|196711|14386|100222|8980|162891|9328|145029|8840|17862|2445|40696|4576|35342|4165|5354|1357|48798|5510|38395|4677|10403|2582|173301|14425|112622|9230|60679|7461|50883|5369|35410|4518|15473|2680|37079|4779|26807|4197|10272|2148|85441|9056|54818|5823|30623|4978|6621|2292|5268|1809|1353|789|92120|8016|57648|5546|34472|4864|115078|11057|83246|8083|31832|4479|171486|13195|143917|11644|27569|3560|105708|10101|80764|7712|24944|4686|29197|6114|22449|4833|6748|1954|76630|8930|51762|6191|24868|4927|82848|9678|58948|7515|23900|4160|112273|10166|78823|7835|33450|5385|125490|11829|104256|10472|21234|3801|72951|6945|62849|6606|10102|2458|52547|6702|44975|6140|7572|2110|366219|16509|202807|11455|163412|10561|53677|4817|35679|3801|17998|2663|201744|11358|105348|7087|96396|7444|16318|3091|10889|2690|5429|2368|254375|14440|108702|8308|145673|10665|25550|5438|13296|4002|12254|2420|49208|5768|23639|3363|25569|3952|93897|11096|56297|6666|37600|6673|232593|12963|168002|10442|64591|5912|43650|6023|28612|4461|15038|3045|242696|19186|173015|12714|69681|9962|43279|5847|38965|5547|4314|1273|159562|14929|103903|11445|55659|7325|183301|12370|155127|11045|28174|4323|70141|9807|47051|7556|23090|6111|292|174|195|135|97|111|8336|2296|7665|2251|671|326|103539|10693|81378|8968|22161|4141
0300000US6|18795686|7650|17392936|30175|832521|16778|452527|16225|379994|14951|35180|5336|27538|4635|7642|1787|7548|4098|4215|2077|3333|2554|6062|1697|5003|1468|1059|588|12389|2869|9846|2403|2543|970|38702|4957|34369|4983|4333|1177|21612|4785|15795|4064|5817|1920|2602|1046|2321|958|281|291|9275|2375|7307|2113|1968|775|3764|1089|3280|972|484|313|10539|4139|7292|3183|3247|1847|10613|3072|5689|1754|4924|2199|659|588|575|572|84|142|5990|1688|3967|1289|2023|903|16195|3440|11142|2241|5053|1713|15431|3566|12981|3028|2450|1261|8258|2698|5784|1830|2474|1217|3899|2375|2443|1538|1456|1359|7737|2433|3937|1567|3800|1801|17898|4072|11153|2960|6745|2197|13418|4217|7578|1783|5840|3311|9361|2697|7444|2422|1917|912|4594|1728|3888|1523|706|509|2247|1017|1885|927|362|286|37194|5075|19370|3067|17824|3423|15058|2722|8221|1916|6837|1803|27783|2952|12296|2128|15487|2249|133|199|0|213|133|199|31106|4335|12707|2434|18399|3049|4182|1589|1642|836|2540|1025|8744|2337|3817|1493|4927|1689|14573|4559|6645|2087|7928|2964|27985|4488|20302|3749|7683|1849|7947|2822|5631|2558|2316|1059|53493|8639|27538|4048|25955|6962|5171|2910|3936|2490|1235|1367|9207|4086|4286|1677|4921|2921|13930|3469|9910|2934|4020|1732|28751|8157|16340|5035|12411|5984|0|213|0|213|0|213|5173|1372|4166|1363|1007|581|15826|4269|9601|2683|6225|2585
0300000US7|40431227|8441|28847499|65270|9008454|56787|5461213|52175|3547241|46369|160349|11614|130152|9281|30197|5371|16105|5457|12110|4399|3995|2399|15841|2378|12662|2094|3179|1299|60869|7433|45513|6052|15356|3420|77535|6242|64250|5358|13285|3560|19493|4330|17309|3945|2184|1434|5629|1551|4517|1441|1112|596|40827|5329|27521|4013|13306|3001|11393|2193|9218|1909|2175|826|10996|2671|8805|2207|2191|1083|17577|3842|13249|2985|4328|1521|3111|1337|2879|1351|232|271|48345|6353|32350|4451|15995|3450|50031|7058|37700|5463|12331|3134|138553|12304|120556|12034|17997|3241|112277|12459|86771|9961|25506|4767|16711|4514|12626|3587|4085|1519|32418|5167|21176|3549|11242|2826|75695|8529|55314|6548|20381|4285|44874|7503|29608|4855|15266|4604|132310|12169|109876|9842|22434|5138|56932|8061|47840|7038|9092|2678|71378|8668|55882|7095|15496|2912|228232|13966|125745|8172|102487|8819|31084|6212|21699|5528|9385|1990|82695|8617|44427|6063|38268|5021|11054|1876|6716|1530|4338|1327|306696|15778|135964|9415|170732|11333|13424|3474|5261|1429|8163|2636|33263|4508|15500|2460|17763|3299|48570|7583|23324|4047|25246|5396|124930|10380|91941|9142|32989|4150|40935|4796|28451|3759|12484|2419|141088|15054|105214|13128|35874|5765|12456|3641|10853|3249|1603|958|44748|9613|28727|5116|16021|6498|129311|13549|112547|12501|16764|3223|61406|10811|40610|8130|20796|5410|1576|749|1269|630|307|290|17475|2842|14699|1892|2776|1683|27082|5640|19959|4092|7123|2578
0300000US8|24772254|5255|19535234|50609|3735395|45461|2397813|35133|1337582|30706|64570|6454|52695|5802|11875|2889|3880|1942|2374|1061|1506|1172|24871|3688|21202|3037|3669|1165|55436|7155|43054|5776|12382|3166|72796|6108|64794|5624|8002|1517|17154|3294|15262|3139|1892|977|8183|2259|7202|2135|981|595|41961|5515|27305|4193|14656|3263|15900|3099|11584|2174|4316|1591|14051|2509|9078|1893|4973|1468|23185|4386|16275|3503|6910|1875|4463|1691|3344|1519|1119|573|26088|5575|15164|3189|10924|3497|8745|2572|6191|1967|2554|1499|32569|5545|28600|5168|3969|1334|7925|2859|5431|1899|2494|1159|10808|3041|7965|2406|2843|1231|7236|1674|4961|1279|2275|817|23811|5499|15416|3766|8395|2862|32511|5727|25222|4625|7289|2117|26649|5152|21018|4022|5631|2333|12675|3200|11179|3080|1496|785|12360|4412|9671|3161|2689|2053|136773|9640|72998|5758|63775|6916|31503|4829|21004|3545|10499|2432|58463|6596|35160|4912|23303|3976|5733|2489|4081|2047|1652|851|71974|8729|35537|4976|36437|5197|7563|2215|3192|1146|4371|1644|23095|3998|12110|2657|10985|2093|23190|5732|12871|2971|10319|3355|166824|11227|119913|9649|46911|5360|47198|6603|33350|4900|13848|3495|52668|7824|34447|4376|18221|4887|11329|2591|10632|2530|697|540|41438|7013|23532|4289|17906|4028|23492|4743|18206|4290|5286|1570|42254|7088|25758|4912|16496|4140|131324|4719|94669|4411|36655|2322|60103|4594|52448|4164|7655|1673|18874|3253|14017|2728|4857|1958
0300000US9|51028254|4690|31342047|76614|11866395|56891|7211593|51707|4654802|46525|177268|10305|152083|8828|25185|3826|10490|3251|8060|3095|2430|1209|62077|5265|53372|4880|8705|1686|113099|8531|84204|6398|28895|4393|127972|7874|115491|7311|12481|2200|34200|3577|31694|3417|2506|899|21258|3127|17688|2737|3570|1248|272500|18763|159148|11943|113352|10694|31347|3795|24118|3060|7229|1625|34316|5493|25905|4688|8411|2181|126439|13300|62067|7717|64372|9012|224258|14384|126074|10570|98184|8854|290907|16494|180744|10973|110163|9262|66527|7170|51664|5980|14863|2618|306319|14706|252039|11997|54280|5774|75251|9605|55725|7848|19526|3440|210190|15307|119114|9480|91076|9244|46983|6093|33276|4632|13707|3097|89708|8234|64169|6083|25539|4449|123513|9962|89358|8173|34155|4325|106776|8973|88877|7673|17899|3415|86768|9346|76240|8538|10528|2371|58313|6096|48233|5396|10080|2282|1558748|34374|771143|22317|787605|20658|211415|10699|129311|8047|82104|5534|440493|15666|209635|10450|230858|10225|74919|8005|41590|5669|33329|4590|667920|23815|273745|13281|394175|15593|82314|8992|38292|5084|44022|5463|98461|9180|49027|5859|49434|5260|91436|9583|52897|5720|38539|6155|981398|26281|655814|19562|325584|12164|278165|13635|176885|9584|101280|8369|263937|20441|173407|15472|90530|8974|48511|6125|41786|5491|6725|2113|110876|11448|71688|8909|39188|5186|65445|8377|54479|7268|10966|3130|40981|5473|31216|4376|9765|2371|1985|857|1253|740|732|518|39837|2967|32823|2683|7014|1229|66492|6718|41214|4790|25278|4536
03000A0US1|14040393|3536|11007625|31887|1328276|18178|748566|16288|579710|18061|117373|7979|96733|6964|20640|2720|117341|11291|67481|8222|49860|6453|49075|4815|37504|4592|11571|2108|334016|18844|177520|12942|156496|10106|32750|3690|29295|3351|3455|1275|7239|1837|6708|1793|531|324|27903|4566|20341|3304|7562|2167|57410|4490|38397|3802|19013|2751|39993|5157|26830|4298|13163|2345|13658|3531|9028|2616|4630|1684|19760|3885|12764|2580|6996|2105|6721|1964|4915|1563|1806|966|16166|3328|11772|2454|4394|1415|22699|4221|16415|3387|6284|1606|55980|5780|48114|5489|7866|2798|16092|4073|11381|2996|4711|1634|5454|2038|3800|1527|1654|928|20085|4252|13023|2989|7062|2375|29290|4774|18495|3146|10795|2537|55626|6626|34626|4605|21000|3624|21102|4733|18530|4143|2572|2064|22158|4014|19122|3409|3036|1090|10695|2762|9284|2462|1411|673|204321|11386|111059|7685|93262|8165|13517|3084|9194|2323|4323|1355|29930|3427|18350|2613|11580|1928|3267|2561|2020|1402|1247|1214|56481|6726|24547|3296|31934|4860|24864|3423|12441|2389|12423|2252|20681|3597|8170|1956|12511|2730|18911|3623|12765|2742|6146|2166|26552|4413|19153|3338|7399|2107|11105|3379|8159|2698|2946|1363|74650|8885|46436|5762|28214|5051|15653|3558|14504|3487|1149|560|15539|4067|8742|2286|6797|2466|35672|4888|25885|3811|9787|2678|29721|4531|21180|3875|8541|2152|0|213|0|213|0|213|2144|1624|1576|1602|568|504|22898|4487|20374|4337|2524|911
03000A0US2|39511553|3711|28883005|63322|5162332|36797|2786797|37933|2375535|33640|209117|14958|153109|11123|56008|7919|250128|21716|141677|14776|108451|10368|190565|9986|142608|8896|47957|4311|170912|12668|105398|8793|65514|7122|111219|6898|95931|6234|15288|2241|323804|17692|172363|13510|151441|11890|97565|8329|71848|6478|25717|3516|305041|14373|145738|8683|159303|11373|157754|12327|91456|8778|66298|7141|46069|5646|32698|4450|13371|2276|109509|9614|60617|7314|48892|5267|16006|4069|10807|2945|5199|1902|46751|6982|26519|4971|20232|4206|117661|9815|74432|6711|43229|4798|193868|9730|158249|8555|35619|3663|139125|12578|93888|8853|45237|5812|65444|7366|36883|4447|28561|4241|235632|13388|117516|8342|118116|9317|94921|9561|58934|7048|35987|5460|137836|12445|89469|9677|48367|5130|81553|8189|68394|7658|13159|2293|47271|5723|41453|5054|5818|1660|72727|6484|51285|4713|21442|3596|879814|23040|363355|14505|516459|15464|53972|6180|30969|4732|23003|3272|191297|12374|91544|8076|99753|7826|635|523|562|505|73|88|85061|8914|34005|4175|51056|6640|14662|3716|6203|1789|8459|2950|15681|2833|7044|1621|8637|2121|110738|9800|59922|7010|50816|6859|182948|12640|132143|8895|50805|5833|28436|5098|17465|3040|10971|2944|258537|20567|158876|12622|99661|11813|88277|10321|73214|8967|15063|3133|37077|6413|23033|4596|14044|3579|183651|16872|141232|13678|42419|6340|35931|6216|23734|4305|12197|3624|380|392|102|103|278|386|2466|881|2246|804|220|193|76175|9727|53401|7957|22774|3659
03000A0US3|42314331|7257|36196191|51889|2977455|23492|1786508|23507|1190947|22516|103856|9134|73776|7428|30080|5118|37848|6390|15700|3830|22148|4516|55992|5454|42929|4472|13063|1994|38825|5009|29398|3693|9427|2614|148775|10885|120124|8227|28651|5731|98084|11765|69174|9568|28910|5215|42545|6381|34025|5657|8520|1619|84603|7274|51483|5169|33120|4371|189072|13318|115530|9537|73542|6511|57288|6641|37830|5187|19458|3036|115364|10763|58536|7222|56828|7232|5313|1868|3831|1373|1482|859|31941|5866|21333|4637|10608|2405|84547|7462|55993|6071|28554|4324|116073|9869|94953|8591|21120|4017|83295|11309|62752|9089|20543|4058|36433|5705|23910|4169|12523|2859|55433|7859|30793|4797|24640|5204|72760|9309|46229|5686|26531|5831|126493|11637|86229|8868|40264|5031|75588|10046|61201|8018|14387|3719|44990|6096|38261|5185|6729|2040|36537|5151|28100|3985|8437|1843|249030|14006|132343|8380|116687|10449|46275|6746|25761|4622|20514|3750|92980|8083|51936|5505|41044|4818|40277|4186|24675|2797|15602|2574|66387|7506|27947|3987|38440|5055|8641|2524|3604|1215|5037|1862|28720|4218|15291|2593|13429|2690|82131|9688|40122|6584|42009|5836|134422|8084|99650|6887|34772|4119|24174|4663|16209|3410|7965|3378|344316|17072|212875|14119|131441|10514|12363|2709|10927|2493|1436|695|87149|11473|56296|8533|30853|4713|100738|11419|79086|9839|21652|3902|48702|8404|31660|5685|17042|5132|555|306|510|279|45|75|6131|2235|5718|2238|413|292|26039|3894|17605|2601|8434|2320
03000A0US4|17718227|8685|15712142|39070|927185|19492|534354|14984|392831|14155|54879|6243|37109|4446|17770|3955|6595|2338|2173|1053|4422|1922|8168|2096|7155|2071|1013|542|14909|3028|12054|2521|2855|1099|52968|5610|40463|4176|12505|2738|14936|3064|11194|2387|3742|1702|3425|1431|2781|1084|644|622|30561|3919|18708|3030|11853|2484|4630|1089|3362|918|1268|533|32266|5973|19974|3807|12292|3078|22336|4354|14299|2940|8037|2461|492|433|321|327|171|281|11079|2661|6514|1815|4565|1607|9868|2775|6173|1855|3695|1564|28836|4889|25333|4735|3503|1164|12612|2906|9907|2223|2705|1115|3325|1380|1885|838|1440|975|11308|3112|7553|2136|3755|1558|20026|3067|13782|2452|6244|1666|24575|4803|13610|2231|10965|3442|26111|5022|21201|4477|4910|1455|11301|2892|9208|2248|2093|1096|7701|2006|6090|1457|1611|1259|69409|6384|38725|4344|30684|3886|13704|2674|9537|2060|4167|1310|23259|3491|14727|2519|8532|1655|76728|6364|47799|5406|28929|3387|57150|5930|27130|4021|30020|3610|9072|2173|3904|1240|5168|1378|22533|3736|11987|2083|10546|2520|49856|7472|20386|3536|29470|5643|36331|4099|24322|2939|12009|3055|16258|2878|11530|2652|4728|1641|50923|8420|37545|7113|13378|2798|5534|3252|5181|3232|353|293|132934|12656|79355|9995|53579|6287|36951|6520|26794|5033|10157|2988|44962|8222|26999|6330|17963|4401|241|197|228|193|13|32|9567|1926|8314|1784|1253|438|10581|2465|8261|2131|2320|1135
03000A0US5|62770065|15996|49012971|81611|8698845|46967|4874781|42544|3824064|46762|330236|16257|255247|13972|74989|6866|584428|29490|330171|21510|254257|17515|91251|6822|73225|5615|18026|2725|295764|18322|195803|14374|99961|9026|157521|9121|140810|8796|16711|2235|38277|4535|33234|4137|5043|1302|48577|5529|38174|4695|10403|2582|172023|14533|111533|9267|60490|7466|50412|5338|35064|4501|15348|2703|36634|4738|26488|4178|10146|2121|85187|9082|54672|5843|30515|4991|6472|2261|5119|1775|1353|789|91926|8008|57573|5545|34353|4871|114308|10961|83049|8073|31259|4423|171059|13189|143490|11625|27569|3560|105507|10124|80563|7713|24944|4686|29161|6114|22413|4834|6748|1954|76490|8936|51622|6199|24868|4927|82503|9583|58839|7498|23664|4097|111346|10119|78049|7785|33297|5390|125319|11811|104085|10452|21234|3801|72622|6930|62596|6593|10026|2481|52547|6702|44975|6140|7572|2110|364710|16501|201805|11463|162905|10533|52878|4756|34989|3710|17889|2639|200767|11354|104808|7121|95959|7409|16097|3081|10719|2685|5378|2364|251638|14379|107941|8251|143697|10450|25092|5412|12929|3948|12163|2443|48490|5787|23169|3360|25321|3968|93800|11097|56297|6666|37503|6679|229859|12871|165703|10432|64156|5861|42641|6086|28082|4477|14559|3039|241276|19183|171802|12650|69474|9980|43069|5837|38847|5556|4222|1260|159162|14948|103595|11466|55567|7320|181589|12357|153528|10999|28061|4346|68469|10045|45379|7535|23090|6111|292|174|195|135|97|111|7011|2267|6340|2223|671|326|101839|10688|80164|9006|21675|4095
03000A0US6|16596243|11045|15258998|29938|796265|16196|431479|15738|364786|14964|33773|5297|26202|4585|7571|1783|7234|4099|3965|2079|3269|2556|5305|1519|4246|1307|1059|588|11958|2918|9458|2419|2500|973|34481|4733|30888|4716|3593|1086|15547|4329|11974|3563|3573|1774|2492|1018|2211|927|281|291|8929|2358|7009|2088|1920|773|3649|1085|3241|982|408|288|10539|4139|7292|3183|3247|1847|10230|3059|5463|1763|4767|2181|659|588|575|572|84|142|5632|1677|3652|1269|1980|903|15568|3402|10839|2218|4729|1692|15431|3566|12981|3028|2450|1261|8007|2721|5533|1854|2474|1217|3899|2375|2443|1538|1456|1359|7434|2357|3694|1491|3740|1798|17630|4049|11153|2960|6477|2146|13092|4204|7391|1800|5701|3295|9063|2669|7261|2417|1802|863|4489|1729|3783|1520|706|509|2247|1017|1885|927|362|286|36822|5031|19183|3014|17639|3428|14415|2617|7655|1830|6760|1795|27315|2794|12214|2128|15101|2100|133|199|0|213|133|199|29546|4406|12097|2470|17449|3040|4027|1574|1603|834|2424|1012|8510|2307|3817|1493|4693|1642|13501|4710|6058|2097|7443|3007|26795|4411|19589|3739|7206|1741|7351|2680|5127|2404|2224|1043|52842|8650|27002|4091|25840|6934|4814|2886|3579|2470|1235|1367|9097|4084|4176|1672|4921|2921|13521|3451|9543|2929|3978|1730|28733|8151|16322|5034|12411|5984|0|213|0|213|0|213|891|331|604|240|287|222|15379|4276|9154|2665|6225|2585
03000A0US7|37805613|12962|26581147|63106|8703419|57351|5261051|52133|3442368|46088|151477|11559|122253|9157|29224|5370|15088|5388|11245|4292|3843|2401|15359|2361|12193|2085|3166|1293|60121|7432|45372|6044|14749|3341|63985|5553|56059|4802|7926|2147|18493|4089|16402|3711|2091|1406|5510|1560|4432|1448|1078|597|40360|5238|27244|3984|13116|2956|10904|2146|8787|1897|2117|824|10892|2683|8701|2217|2191|1083|17032|3874|12745|2986|4287|1534|3111|1337|2879|1351|232|271|46972|6193|31388|4356|15584|3378|49944|7052|37613|5450|12331|3134|137286|12277|119323|12058|17963|3235|111418|12496|86256|10001|25162|4756|16072|4510|12046|3564|4026|1514|32132|5119|21067|3529|11065|2812|74573|8523|54719|6548|19854|4311|43540|7364|28788|4768|14752|4548|132197|12195|109763|9864|22434|5138|56932|8061|47840|7038|9092|2678|71378|8668|55882|7095|15496|2912|226604|14018|125127|8173|101477|8837|30472|6189|21363|5527|9109|1942|81715|8648|43834|6042|37881|5067|10526|1844|6550|1527|3976|1326|305721|15646|135432|9331|170289|11308|13126|3466|4963|1368|8163|2636|32475|4516|15175|2466|17300|3304|48176|7576|22986|4011|25190|5399|121459|9914|89598|8914|31861|3951|39683|4706|27631|3710|12052|2365|140047|15020|104659|13065|35388|5744|12160|3625|10557|3234|1603|958|44748|9613|28727|5116|16021|6498|129150|13509|112417|12469|16733|3228|60421|10785|40012|8120|20409|5396|1305|710|1033|588|272|279|13572|2763|11132|1687|2440|1674|24911|5145|18246|3735|6665|2527
03000A0US8|23549489|9018|18451995|48962|3661614|45879|2348125|34904|1313489|30670|63404|6360|51968|5761|11436|2838|3880|1942|2374|1061|1506|1172|23860|3676|20237|3090|3623|1151|54613|7070|42406|5737|12207|3105|67636|5487|59991|5017|7645|1495|15434|3299|14095|3157|1339|839|8034|2267|7073|2146|961|593|40719|5318|26926|4130|13793|3203|15662|3089|11346|2170|4316|1591|13949|2526|8999|1912|4950|1466|23055|4361|16145|3485|6910|1875|4463|1691|3344|1519|1119|573|26043|5566|15119|3180|10924|3497|8161|2586|5607|1862|2554|1499|32470|5557|28548|5169|3922|1341|7799|2851|5431|1899|2368|1142|10505|3079|7965|2406|2540|1173|6958|1604|4683|1195|2275|817|23811|5499|15416|3766|8395|2862|31100|5553|24032|4451|7068|2069|26649|5152|21018|4022|5631|2333|12675|3200|11179|3080|1496|785|12360|4412|9671|3161|2689|2053|136393|9623|72668|5762|63725|6922|31159|4815|20806|3522|10353|2418|58334|6583|35090|4904|23244|3985|5631|2487|3979|2051|1652|851|71527|8807|35173|5006|36354|5208|7365|2208|3192|1146|4173|1629|22933|4024|12043|2674|10890|2110|22147|5633|12197|2798|9950|3325|164608|11339|118216|9730|46392|5360|46461|6634|32679|4931|13782|3506|52309|7874|34088|4440|18221|4887|11329|2591|10632|2530|697|540|41438|7013|23532|4289|17906|4028|23467|4741|18206|4290|5261|1571|42189|7087|25693|4910|16496|4140|97232|4696|67186|4476|30046|2296|49544|4271|42770|3856|6774|1635|18574|3229|13717|2668|4857|1958
03000A0US9|50390889|6175|30805152|76625|11810328|57167|7175539|51553|4634789|46039|175245|10232|150097|8680|25148|3830|10490|3251|8060|3095|2430|1209|61938|5253|53233|4862|8705|1686|112543|8553|83973|6433|28570|4369|125936|7881|113742|7291|12194|2213|33880|3638|31374|3480|2506|899|21066|3158|17502|2765|3564|1246|270107|18762|157306|11928|112801|10708|30128|3659|23083|2932|7045|1593|34136|5496|25837|4695|8299|2176|125495|13343|61762|7787|63733|9003|224258|14384|126074|10570|98184|8854|290590|16479|180511|10965|110079|9271|66527|7170|51664|5980|14863|2618|306221|14693|251941|11984|54280|5774|75251|9605|55725|7848|19526|3440|210178|15307|119114|9480|91064|9245|46852|6129|33193|4644|13659|3113|89461|8283|63922|6121|25539|4449|122171|9909|88489|8111|33682|4368|106687|8961|88788|7658|17899|3415|86768|9346|76240|8538|10528|2371|58313|6096|48233|5396|10080|2282|1558022|34382|770688|22306|787334|20657|211083|10675|129126|8028|81957|5534|440218|15670|209525|10425|230693|10249|74355|8011|41172|5662|33183|4601|667115|23850|273206|13273|393909|15594|82165|8988|38292|5084|43873|5460|98153|9193|48852|5848|49301|5276|91314|9613|52779|5716|38535|6155|976514|26059|652814|19450|323700|12151|276511|13714|175625|9664|100886|8392|263613|20440|173171|15476|90442|8967|48306|6035|41581|5437|6725|2113|110838|11436|71653|8896|39185|5186|65038|8368|54083|7235|10955|3126|40809|5474|31065|4365|9744|2373|1960|856|1239|742|721|518|18759|2665|15514|2568|3245|1039|66395|6730|41117|4796|25278|4536
03000C0US1|12911467|3144|9941954|31282|1307826|17481|736306|15827|571520|17792|106774|7269|88335|6450|18439|2666|116346|11345|66521|8293|49825|6454|46751|4791|35263|4497|11488|2099|331899|18704|176060|12878|155839|10089|29742|3579|26673|3170|3069|1269|6324|1880|5812|1827|512|323|27397|4558|19875|3302|7522|2167|56474|4513|37508|3872|18966|2762|38402|5057|25623|4249|12779|2291|13083|3609|8501|2657|4582|1654|18662|3530|12214|2463|6448|1887|6672|1960|4866|1555|1806|966|16014|3285|11657|2419|4357|1419|22179|4174|16032|3355|6147|1575|55220|5723|47579|5425|7641|2792|15917|4108|11344|3007|4573|1626|5157|1972|3556|1459|1601|922|20028|4240|12966|2976|7062|2375|28594|4720|18066|3139|10528|2482|54044|6710|33708|4560|20336|3695|20953|4689|18381|4090|2572|2064|22064|4006|19028|3404|3036|1090|10567|2762|9284|2462|1283|657|199742|11442|108829|7576|90913|8270|13128|3047|8929|2301|4199|1357|29086|3420|17986|2601|11100|1944|3267|2561|2020|1402|1247|1214|55674|6763|24119|3309|31555|4847|24805|3406|12441|2389|12364|2237|19676|3565|7440|1930|12236|2728|18105|3614|12141|2739|5964|2145|26000|4319|18881|3297|7119|2074|9928|3340|6982|2581|2946|1363|73936|8909|45909|5783|28027|5047|14981|3536|13869|3447|1112|556|15265|4084|8504|2279|6761|2470|35209|4818|25436|3732|9773|2673|29539|4514|20998|3860|8541|2152|0|213|0|213|0|213|2081|1615|1558|1599|523|499|22002|4458|19510|4312|2492|906
03000C0US2|37234735|3489|26778504|62099|5087052|36640|2739103|37913|2347949|33373|204907|15013|149634|11214|55273|7930|248839|21796|140695|14879|108144|10349|188543|9957|141147|8837|47396|4253|168639|12723|103995|8802|64644|7105|100496|6392|88645|5901|11851|1980|287672|17180|149831|13289|137841|11638|96944|8347|71548|6492|25396|3528|302741|14184|144132|8607|158609|11293|154451|12653|89364|8999|65087|7117|44585|5365|31509|4256|13076|2212|107999|9650|59460|7287|48539|5282|15471|4024|10272|2894|5199|1902|46131|7066|26130|4987|20001|4214|117237|9816|74191|6719|43046|4794|192149|9821|157072|8675|35077|3760|138723|12619|93655|8844|45068|5824|65444|7366|36883|4447|28561|4241|234403|13406|116887|8274|117516|9363|94644|9554|58733|7028|35911|5473|136433|12369|88482|9579|47951|5111|80171|8219|67203|7726|12968|2321|47056|5718|41322|5053|5734|1661|72456|6486|51132|4709|21324|3601|873496|22981|360006|14467|513490|15362|53547|6226|30583|4742|22964|3284|190202|12409|90925|8104|99277|7827|593|518|529|506|64|86|84399|8935|33882|4207|50517|6626|14662|3716|6203|1789|8459|2950|14789|2725|6453|1478|8336|2116|108622|9771|58469|6847|50153|6915|180009|12633|130766|8950|49243|5785|28188|5108|17252|3043|10936|2945|255070|20793|156593|12718|98477|11853|86901|10374|72343|9000|14558|3113|37077|6413|23033|4596|14044|3579|182952|16846|140610|13690|42342|6334|35706|6198|23574|4286|12132|3619|380|392|102|103|278|386|2198|849|2034|775|164|168|74254|9679|52007|7854|22247|3664
03000C0US3|37099711|7179|31275286|47244|2825482|23683|1696309|24226|1129173|22050|98598|9114|69510|7362|29088|5081|36348|6421|15386|3838|20962|4516|53698|5342|40713|4401|12985|1996|37586|4950|28278|3644|9308|2592|117107|8622|97222|7126|19885|4898|52656|7010|34102|4809|18554|4284|41258|6263|32738|5540|8520|1619|82827|7322|50330|5146|32497|4394|185766|13194|113045|9348|72721|6469|56872|6622|37530|5152|19342|3015|111538|10613|55206|6774|56332|7204|5313|1868|3831|1373|1482|859|30959|5884|20904|4665|10055|2377|83441|7395|55036|5958|28405|4316|114228|9884|93182|8647|21046|4015|81950|11289|61424|9058|20526|4057|35515|5639|23280|4115|12235|2876|54656|7854|30432|4780|24224|5235|72153|9309|45661|5691|26492|5840|124404|11618|84366|8860|40038|5047|75196|9998|61010|8016|14186|3668|44344|5955|37694|5124|6650|1970|36305|5152|27959|3987|8346|1832|245125|14075|129930|8355|115195|10477|43122|6444|23812|4350|19310|3697|90068|7958|49786|5306|40282|4822|37416|4038|22689|2638|14727|2574|65265|7481|27618|3974|37647|5056|8481|2525|3492|1191|4989|1865|27297|4230|14583|2543|12714|2751|81205|9573|39255|6429|41950|5829|128735|8165|96232|6900|32503|4012|22262|4551|14608|3312|7654|3381|342312|17208|211402|14202|130910|10464|12014|2650|10641|2442|1373|673|86649|11504|55919|8540|30730|4720|99529|11355|78236|9738|21293|3836|47693|8519|30703|5655|16990|5148|555|306|510|279|45|75|4533|2072|4293|2069|240|229|23964|3656|17033|2629|6931|2000
03000C0US4|14777361|6778|13045668|36843|735323|17504|435099|14073|300224|12598|50584|6423|33766|4532|16818|3959|6058|2359|1936|1076|4122|1920|7719|2105|6833|2085|886|525|14296|3028|11757|2538|2539|1062|43081|5122|33228|3676|9853|2551|11132|2809|7937|2035|3195|1694|2522|1046|1959|745|563|605|27515|3772|16300|2885|11215|2425|4359|1006|3265|906|1094|496|31961|5946|19862|3813|12099|3051|16189|3747|9978|2536|6211|2208|492|433|321|327|171|281|10862|2625|6297|1758|4565|1607|9548|2816|5853|1845|3695|1564|27237|4620|23768|4459|3469|1153|12479|2895|9774|2216|2705|1115|3325|1380|1885|838|1440|975|11308|3112|7553|2136|3755|1558|17891|3008|12014|2292|5877|1640|23174|4763|12254|2178|10920|3451|24513|4688|19797|4157|4716|1449|11068|2890|9041|2237|2027|1089|7513|2010|5902|1471|1611|1259|64832|6017|36527|4162|28305|3669|12209|2535|8583|1909|3626|1242|22260|3409|14037|2505|8223|1587|75370|6366|47419|5379|27951|3282|53879|5982|26252|3930|27627|3629|9066|2175|3904|1240|5162|1380|19499|3384|10171|2019|9328|2274|44409|7372|17948|3441|26461|5561|31360|4160|20378|3020|10982|2962|13102|2769|9770|2687|3332|1356|49653|8418|36354|7125|13299|2800|5526|3252|5173|3232|353|293|127405|12242|77108|9921|50297|5996|36132|6409|26477|5086|9655|2877|41729|8035|24723|6276|17006|4303|174|186|161|183|13|32|6078|1637|5095|1476|983|417|8861|2387|7423|2089|1438|859
03000C0US5|58583927|14533|45233555|79153|8387951|46443|4681020|41605|3706931|45315|321199|16125|247249|13616|73950|6885|576097|29529|326297|21656|249800|17499|88994|6762|71329|5608|17665|2653|293514|18446|194383|14431|99131|9138|151675|9190|135798|8842|15877|2175|35861|4073|31350|3755|4511|1237|47744|5390|37439|4577|10305|2588|168583|14569|108672|9319|59911|7462|49764|5238|34592|4412|15172|2699|33574|4622|24059|4208|9515|1988|83353|9094|53126|5914|30227|4946|5924|2151|4571|1645|1353|789|91599|8023|57246|5539|34353|4871|111864|10912|81405|8069|30459|4366|166014|12755|140254|11317|25760|3347|104068|10031|79531|7626|24537|4727|27765|6001|21090|4680|6675|1966|75382|8886|50833|6125|24549|4961|80838|9254|57174|7127|23664|4097|109407|10019|76589|7774|32818|5348|124898|11656|103799|10366|21099|3749|72272|7008|62261|6646|10011|2486|51950|6751|44655|6156|7295|2079|360620|16747|199384|11513|161236|10533|51283|4810|34066|3630|17217|2631|197187|11391|103035|7102|94152|7347|15200|3020|9822|2598|5378|2364|246255|14317|105134|8259|141121|10498|24861|5418|12797|3950|12064|2448|45857|5453|22640|3346|23217|3587|91034|11109|54880|6629|36154|6501|223562|12613|160810|10267|62752|5848|40754|5951|26605|4342|14149|3066|238855|19183|170256|12597|68599|10025|42582|5852|38450|5579|4132|1248|159088|14947|103521|11465|55567|7320|179494|12358|152044|11040|27450|4245|67291|10147|44434|7539|22857|6131|292|174|195|135|97|111|5284|1770|4613|1700|671|326|100583|10609|79179|8904|21404|4070
03000C0US6|13249742|8715|12079425|28981|678931|15360|364614|14736|314317|14006|28816|5104|22437|4529|6379|1619|6644|4012|3561|2029|3083|2515|4746|1465|3837|1242|909|565|11021|2785|8710|2336|2311|935|26628|3892|23647|3743|2981|1083|12146|3500|9760|3018|2386|1228|1313|638|1303|637|10|17|8519|2379|6772|2107|1747|773|2851|985|2443|881|408|288|10295|4123|7048|3163|3247|1847|10060|3087|5293|1800|4767|2181|659|588|575|572|84|142|5484|1671|3526|1236|1958|903|13091|3217|9081|2013|4010|1701|15128|3578|12765|3055|2363|1247|7604|2653|5176|1797|2428|1211|3576|2277|2199|1413|1377|1348|6305|2413|3327|1444|2978|1785|16238|3806|10455|2937|5783|1936|12070|4159|6380|1736|5690|3296|8714|2694|6935|2417|1779|863|4489|1729|3783|1520|706|509|2147|1015|1785|925|362|286|32942|4837|18128|2939|14814|3248|10957|2205|5332|1483|5625|1772|25917|2734|11466|2032|14451|2010|133|199|0|213|133|199|27819|4386|11559|2442|16260|3018|3485|1479|1408|763|2077|978|8292|2300|3747|1473|4545|1626|13164|4688|5877|2110|7287|2984|24519|4243|18154|3598|6365|1734|6663|2656|4490|2393|2173|1028|51476|8704|26284|4124|25192|6965|3518|2465|3472|2461|46|72|9040|4076|4176|1672|4864|2908|13219|3448|9414|2955|3805|1720|28492|8147|16108|5038|12384|5986|0|213|0|213|0|213|570|288|283|159|287|222|12636|4333|7548|2815|5088|2531
03000C0US7|34583446|9638|23882650|58721|8239578|52795|4950547|48730|3289031|44677|140853|11653|113217|9226|27636|5398|13741|5444|10538|4401|3203|2276|15099|2332|11957|2065|3142|1297|59384|7390|44781|6055|14603|3325|59191|5466|51685|4731|7506|2096|16912|4047|14821|3663|2091|1406|5428|1569|4350|1469|1078|597|38750|5025|26082|3891|12668|2783|10617|2150|8500|1903|2117|824|10838|2683|8701|2217|2137|1091|16463|3833|12345|2970|4118|1524|3111|1337|2879|1351|232|271|46665|6185|31290|4358|15375|3361|49670|7024|37339|5415|12331|3134|135782|12308|118296|12095|17486|3250|110231|12457|85110|9981|25121|4752|15929|4515|12006|3566|3923|1508|31767|5108|20702|3488|11065|2812|73664|8431|53905|6469|19759|4307|42535|7288|28010|4695|14525|4493|131408|12069|109074|9710|22334|5139|56820|8024|47840|7038|8980|2640|70786|8551|55489|7019|15297|2894|222237|13814|123371|8195|98866|8534|29854|6099|20800|5415|9054|1942|81144|8556|43405|5969|37739|5053|9923|1834|6093|1517|3830|1319|301284|15476|133726|9317|167558|11258|12958|3459|4896|1371|8062|2629|31199|4415|14622|2455|16577|3257|46300|7587|22419|3988|23881|5426|117799|10010|86489|9007|31310|3886|38168|4621|26354|3596|11814|2344|138220|15050|103356|13066|34864|5744|11938|3607|10335|3222|1603|958|44215|9622|28597|5115|15618|6516|125564|13337|109415|12213|16149|3267|59071|10784|39357|8134|19714|5318|1095|675|855|568|240|274|10718|2592|8673|1534|2045|1640|23887|5041|17222|3567|6665|2527
03000C0US8|21103779|6935|16480854|46244|3299220|42464|2105981|31996|1193239|28950|57907|6241|47192|5540|10715|2935|3740|1915|2234|1045|1506|1172|21551|3506|18209|2992|3342|1081|52102|6937|40221|5625|11881|3087|62624|5544|55331|5090|7293|1434|14215|3289|12876|3135|1339|839|7675|2201|6714|2079|961|593|39164|5113|25968|4055|13196|3070|15081|3061|10867|2175|4214|1581|13809|2530|8903|1890|4906|1477|21338|4388|14825|3553|6513|1866|4463|1691|3344|1519|1119|573|25438|5445|14538|2970|10900|3505|8074|2566|5527|1848|2547|1496|31900|5500|28308|5180|3592|1206|7750|2835|5382|1886|2368|1142|10113|3051|7677|2375|2436|1170|6395|1493|4289|1096|2106|805|23141|5561|14848|3813|8293|2889|28904|5389|21974|4301|6930|2072|26540|5142|20934|4013|5606|2330|12501|3183|11098|3076|1403|762|12218|4343|9529|3063|2689|2053|132386|9378|69625|5592|62761|6908|28575|4603|18735|3265|9840|2306|56282|6549|33631|4885|22651|3993|5588|2486|3936|2047|1652|851|69684|8679|34453|4940|35231|5174|7365|2208|3192|1146|4173|1629|22354|4019|12015|2674|10339|2109|21411|5588|11792|2764|9619|3285|157129|11061|113261|9521|43868|5240|44622|6513|31390|4905|13232|3472|51934|7883|33949|4441|17985|4883|11114|2695|10417|2632|697|540|41355|7034|23449|4294|17906|4028|23289|4741|18063|4288|5226|1574|41463|7065|24995|4820|16468|4138|57039|4467|40003|4089|17036|1804|27849|3595|23946|3492|3903|1272|17623|3284|12823|2722|4800|1967
03000C0US9|48338971|4051|29052710|74119|11614897|55866|7059412|51273|4555485|45276|168411|10139|143532|8523|24879|3800|10470|3250|8040|3093|2430|1209|60380|5264|51851|4871|8529|1639|109521|8666|81883|6421|27638|4449|119612|7719|108160|7232|11452|2111|32069|3565|29760|3362|2309|878|20189|3076|16625|2684|3564|1246|267136|18577|154777|11691|112359|10740|28648|3767|21797|3039|6851|1566|33941|5472|25642|4683|8299|2176|124131|13458|60976|7817|63155|9049|223531|14430|125613|10546|97918|8936|289503|16436|179525|10916|109978|9263|66341|7178|51546|5975|14795|2633|304232|14671|251007|11982|53225|5829|75027|9550|55635|7838|19392|3355|210025|15307|119084|9488|90941|9266|46852|6129|33193|4644|13659|3113|89010|8264|63471|6130|25539|4449|120805|9855|87419|8035|33386|4341|106418|8997|88519|7702|17899|3415|86278|9394|75796|8581|10482|2371|58131|6100|48051|5401|10080|2282|1553862|34380|768275|22381|785587|20663|205050|10534|126218|8221|78832|5236|438191|15510|208619|10398|229572|10180|72927|7943|40093|5652|32834|4540|664826|23959|272047|13257|392779|15638|81633|8914|37853|5044|43780|5436|96759|9141|48168|5783|48591|5247|91181|9641|52659|5724|38522|6156|960574|25878|643650|19294|316924|12148|250071|13364|157397|9798|92674|7743|262826|20419|172384|15450|90442|8967|48134|6053|41409|5440|6725|2113|110611|11439|71493|8883|39118|5177|64935|8335|53980|7202|10955|3126|40311|5422|30567|4314|9744|2373|1470|814|1063|756|407|365|16152|2491|13163|2384|2989|979|61190|6592|36699|4438|24491|4521
03000C1US1|3187134|7897|2123378|21460|548239|18746|297550|13211|250689|13157|31434|5381|25652|4495|5782|1663|49414|8971|28808|6948|20606|4264|12110|2545|8854|1893|3256|1441|78715|10062|38294|5990|40421|6748|9072|1597|8069|1665|1003|733|1549|714|1498|714|51|97|6180|1776|4557|1272|1623|789|19557|3374|12835|2938|6722|1595|6475|2179|4188|1342|2287|1261|3694|1632|2183|995|1511|775|5231|1642|3251|1207|1980|931|2096|1059|1663|976|433|385|5294|1751|3261|1163|2033|1044|3715|1806|2993|1526|722|527|15346|2884|13300|2668|2046|1013|4325|1589|2740|990|1585|944|700|526|692|526|8|3|7315|2552|4034|1512|3281|1860|8018|2899|5044|1743|2974|1588|19032|3934|11504|3061|7528|2242|6127|1924|5869|1864|258|220|6090|1968|5226|1606|864|560|1888|1045|1760|1014|128|164|67779|5669|37279|3476|30500|4175|3848|1382|2752|1066|1096|710|10534|2214|7585|1845|2949|1089|2195|1779|1490|1072|705|750|23782|5012|8847|2286|14935|3517|2322|1422|1398|1198|924|652|5734|2137|2540|1113|3194|1361|5909|1931|4483|1486|1426|831|10757|2921|8016|2417|2741|1254|2561|1014|2185|851|376|372|18254|4546|10413|2192|7841|3049|7450|2803|7002|2751|448|434|11840|3708|6050|1876|5790|2370|17263|3763|12192|2916|5071|1984|12734|3240|8472|2554|4262|1628|0|213|0|213|0|213|321|318|182|183|139|256|8857|3026|8176|2997|681|417
03000C1US2|12938337|13654|7620419|51301|2593678|28840|1357672|27183|1236006|27600|124695|11912|90051|9305|34644|5997|133736|16325|75942|10711|57794|8478|67540|6962|49155|6446|18385|2855|62309|8213|33578|5579|28731|5067|31322|4054|29607|4034|1715|570|170106|14551|82346|11382|87760|9671|43480|6051|29229|4271|14251|3171|202497|11935|80096|6034|122401|9786|63044|8488|34619|5856|28425|5048|18857|3323|12906|2669|5951|1500|47959|6618|23257|4763|24702|4485|5318|2437|3380|2068|1938|1185|20236|4896|9967|3128|10269|3205|20127|4608|13461|3107|6666|2216|58350|6738|48923|6339|9427|2262|49012|7185|27095|4313|21917|4351|24920|5645|12742|3215|12178|3054|176498|12828|81962|7024|94536|9608|28983|4478|13840|2256|15143|3635|69723|8786|41956|6651|27767|4194|7921|2436|6517|2204|1404|551|7766|1847|6909|1699|857|452|19548|4642|11977|3209|7571|2758|608287|20114|214785|11449|393502|13398|26941|4238|14499|3028|12442|2359|71736|7729|36506|5184|35230|4825|0|213|0|213|0|213|40465|6031|15035|2665|25430|4780|8362|3522|3602|1676|4760|2513|7245|2237|2465|925|4780|1830|56366|7728|26076|4989|30290|5687|70189|7687|50395|5600|19794|3537|12949|2923|6690|1579|6259|2067|123974|14851|70014|8755|53960|9017|49690|8525|39068|7000|10622|3041|27469|5784|16698|4134|10771|3290|107567|12428|79647|10107|27920|4655|20489|5137|11780|3251|8709|3634|278|386|0|213|278|386|380|387|233|253|147|166|37906|6863|25997|5746|11909|2462
03000C1US3|12605101|21286|9967919|36888|1397359|27204|783457|21371|613902|18658|46417|6161|30539|4692|15878|3688|24827|5754|8543|3189|16284|4233|16039|3528|12493|3197|3546|1262|17068|3774|11521|2301|5547|2400|28721|3412|25772|3136|2949|850|6904|3089|4700|1684|2204|2263|12655|2499|10407|2397|2248|751|26517|4229|17581|3011|8936|2328|48460|6434|30066|5002|18394|3166|17845|3510|11293|2296|6552|1910|28897|5857|14555|3067|14342|3967|1787|1445|1230|1025|557|574|15109|4605|8790|3327|6319|2258|27125|5261|19649|3839|7476|2295|49662|7285|39644|5857|10018|3052|32374|7376|21828|5378|10546|3228|13069|4151|9105|3128|3964|1522|31034|6497|15762|3457|15272|4478|33073|6468|21569|4049|11504|3744|31559|4725|21218|3345|10341|2507|28725|5576|21645|3993|7080|2634|20390|4184|17542|3748|2848|1057|14821|3540|11139|2754|3682|1353|143258|11629|68282|6349|74976|9071|21022|4978|11669|3268|9353|2849|30690|3965|19184|3144|11506|2491|23687|3980|13465|2741|10222|2382|26918|4320|11372|2468|15546|3159|2566|1555|1312|891|1254|748|11754|2743|5574|1619|6180|1979|54730|8557|24166|5028|30564|5263|49374|5729|36965|4650|12409|2368|10067|3785|5701|1630|4366|3368|143900|10197|83710|7864|60190|6528|6313|1654|5271|1496|1042|647|45034|7703|29865|5885|15169|3232|53905|8712|42876|7781|11029|2911|31617|7798|19415|5032|12202|5016|366|249|366|249|0|213|1893|1051|1769|1032|124|206|9651|2551|6243|1804|3408|1410
03000C1US4|6075624|10381|5119146|27901|430497|13865|248156|10606|182341|9716|29080|5278|19766|3758|9314|2692|3191|1554|1265|668|1926|1322|4462|1631|3967|1613|495|445|8901|2466|7556|2077|1345|846|15986|2249|12852|1964|3134|1291|2351|802|2157|786|194|170|1244|743|1120|669|124|151|9932|2321|5234|1354|4698|1514|2325|800|1576|716|749|460|7159|2256|3830|1365|3329|1529|7252|2292|4914|1544|2338|1091|203|267|203|267|0|213|7128|2223|3998|1377|3130|1406|3286|1633|1999|1124|1287|1141|13402|2869|11446|2646|1956|917|6671|2274|5333|1904|1338|638|1442|904|1000|807|442|413|6315|1945|3957|1325|2358|1220|11215|2742|7261|1989|3954|1542|13384|3922|6340|1889|7044|2801|14163|3336|11360|2889|2803|1244|4935|1579|4132|1362|803|426|4237|1890|2989|982|1248|1239|32605|4079|20351|2987|12254|2412|7927|1964|5755|1684|2172|819|11625|2592|7856|1885|3769|1229|34603|5035|19401|3707|15202|2983|29399|4055|13196|2745|16203|2605|5368|1920|2301|922|3067|1399|10115|2356|4903|1348|5212|1688|29811|6319|11802|2908|18009|4655|13759|2913|9144|2110|4615|1759|7303|2281|5564|2210|1739|1012|29422|6509|22359|5725|7063|2078|4260|3086|3976|3065|284|263|84693|10593|53264|8771|31429|4652|14500|3808|10528|3179|3972|1559|24761|6936|13182|5169|11579|3892|56|54|56|54|0|213|3232|1310|2710|1155|522|320|4278|1815|3796|1682|482|462
03000C1US5|17156409|24544|13344242|54688|2270440|34499|1249768|28804|1020672|23100|118413|9439|91214|7565|27199|3979|168184|18566|89635|10449|78549|11772|30098|4356|24952|3632|5146|1544|98216|9320|60454|6690|37762|6013|50601|4724|44269|4503|6332|1627|11520|2050|10558|2073|962|547|15641|2953|13540|2595|2101|790|45716|5694|30755|4168|14961|3148|16153|3154|12602|2695|3551|1448|13587|3332|9993|2927|3594|1302|24395|4360|15323|3140|9072|2313|3098|1879|2149|1335|949|693|25191|3860|15145|2624|10046|3001|29734|5092|22688|4211|7046|2117|50003|6965|44813|6471|5190|1555|24606|5435|18706|3980|5900|2682|4458|1461|3588|1244|870|603|16420|3526|13490|3031|2930|1282|22520|4609|16965|3808|5555|2178|40352|6750|27149|3872|13203|4483|42405|6549|33875|5589|8530|2614|18545|4223|16049|3796|2496|1262|14104|3177|11630|2635|2474|1529|129758|9859|72998|6085|56760|6122|21241|3224|14255|2827|6986|1630|43322|4949|24364|3291|18958|2775|1614|1106|825|536|789|864|61151|7186|24180|3468|36971|5368|8501|3621|5324|3047|3177|1090|16724|3549|8834|2398|7890|2019|37140|6699|21194|3736|15946|4482|88921|9179|62490|7102|26431|4141|14488|3623|8691|2122|5797|2255|75878|9607|52808|6375|23070|4878|13766|3290|12537|3056|1229|816|51018|9685|28350|5950|22668|5334|40696|6409|34412|6030|6284|1840|21752|5272|14099|4146|7653|3334|181|133|136|107|45|74|748|439|586|435|162|161|30868|5344|24942|4418|5926|2218
03000C1US6|5111120|10919|4461011|24619|374905|15123|181024|12354|193881|11784|16775|3360|12566|2922|4209|1462|6067|3912|3037|1972|3030|2504|2544|1147|1938|920|606|483|3016|1290|2016|908|1000|687|13401|3344|11860|3155|1541|754|2884|1412|2817|1398|67|123|715|440|715|440|0|213|3647|1435|3187|1321|460|401|993|501|805|460|188|171|6355|2884|4125|1799|2230|1582|3911|1553|2568|1083|1343|940|269|344|185|311|84|142|3348|1343|2043|878|1305|842|3530|1583|2517|1089|1013|721|8567|3124|7300|2752|1267|875|4026|2077|2714|1428|1312|909|971|831|703|607|268|302|4255|1758|2476|1107|1779|1375|13147|3463|7841|2450|5306|1941|8379|3472|4092|1197|4287|2982|2996|1293|2288|1181|708|598|1382|686|1282|622|100|159|929|688|615|535|314|289|14258|3217|8864|2102|5394|1641|6774|2011|2463|924|4311|1649|15939|2838|7103|1824|8836|1855|115|197|0|213|115|197|13790|3265|5222|1636|8568|2152|1638|1151|679|603|959|716|5274|1834|2463|1282|2811|1195|10141|4274|4391|1924|5750|2697|10774|2568|7754|2150|3020|972|1911|949|1276|707|635|640|30628|7314|13737|2683|16891|5766|3242|2494|3242|2494|0|213|6902|4179|2498|1636|4404|2914|9041|2896|6301|2337|2740|1569|23782|8034|12630|4647|11152|6186|0|213|0|213|0|213|254|194|139|98|115|141|8634|4063|4733|2669|3901|2462
03000C1US7|16329152|23061|10447760|55328|4730241|52133|2765022|37937|1965219|36383|72172|8854|55847|6695|16325|4775|6431|3350|4133|1676|2298|2101|9823|2098|8317|1909|1506|829|29552|5558|20904|4090|8648|2868|27433|3303|24272|3062|3161|1365|7503|2192|6972|2101|531|351|3114|1008|2427|979|687|432|18315|3286|12460|2472|5855|1671|4198|1410|3500|1314|698|473|5408|1617|4278|1298|1130|684|7481|2509|5322|1886|2159|1059|1429|796|1429|796|0|213|26228|4288|17817|2996|8411|2539|20961|4530|15401|3113|5560|2366|65333|7429|56124|7077|9209|2274|45293|8089|37101|6763|8192|2344|7833|2693|5484|1897|2349|1201|16066|3314|11692|2621|4374|1416|40832|6519|30660|4916|10172|3248|24622|5743|14608|3056|10014|4172|51456|6984|42067|6375|9389|2752|24790|5345|20039|4451|4751|2119|22166|4016|17856|3282|4310|1368|118376|9743|63372|6284|55004|5874|18078|4989|13066|4474|5012|1544|37098|4469|20383|2739|16715|3394|2280|981|1670|830|610|337|118074|9164|52616|5892|65458|5859|3072|1418|1361|627|1711|982|14821|2947|8217|1980|6604|1772|23318|4853|11472|3160|11846|3104|47897|5402|36414|4823|11483|2391|18777|3425|12502|2516|6275|1881|67953|8066|49696|7343|18257|4218|7908|3427|6936|2891|972|1014|30416|8838|17477|4090|12939|6390|56824|8546|49686|7790|7138|2868|30904|7300|18474|5104|12430|4801|242|253|242|253|0|213|3760|2412|2470|958|1290|1594|12914|3779|8385|2542|4529|2258
03000C1US8|10662585|18507|8080134|39364|1865718|33173|1187131|24244|678587|22104|35203|5995|28099|5138|7104|2597|2904|1858|1480|965|1424|1164|11072|1985|9028|1694|2044|725|26058|3480|20372|3184|5686|1704|31323|3804|28390|3560|2933|790|8710|2461|7898|2402|812|693|5729|2027|5214|1925|515|496|20760|3804|14430|3251|6330|2064|8478|1901|6157|1389|2321|1211|8181|1799|4610|1371|3571|1195|8428|2479|5654|1833|2774|1232|2614|1124|2036|988|578|323|17437|4484|9519|2472|7918|2959|4721|1976|2857|1325|1864|1378|18024|4294|15925|3916|2099|948|2797|1450|1900|955|897|596|6034|2035|4505|1612|1529|843|5208|1449|3340|960|1868|818|10932|3294|6744|2012|4188|2024|14030|3404|10717|2876|3313|1564|17452|3828|14538|3436|2914|1376|7768|1984|6841|1965|927|607|9101|3435|7687|2808|1414|970|68937|7525|38493|4755|30444|4866|14196|3096|8807|1831|5389|1789|37197|6252|21268|5035|15929|3488|2225|1863|2090|1853|135|120|39931|7243|20822|3984|19109|4207|3964|1586|1450|708|2514|1476|11040|3173|7050|2382|3990|1224|12094|4471|6927|2258|5167|2496|78431|7088|54903|5673|23528|3768|21240|4565|15864|3623|5376|2105|32340|6373|21659|3716|10681|3920|7186|1862|6752|1827|434|434|25789|6405|12768|3639|13021|3469|14304|3959|11073|3407|3231|1238|26654|6210|16202|4257|10452|3306|20596|3811|15644|3539|4952|1317|6541|1625|4825|1355|1716|864|11104|2633|8056|2146|3048|1699
03000C1US9|22538396|19021|12955595|59185|5331291|46789|3182670|41866|2148621|28600|96351|8246|84101|7586|12250|2166|6161|2960|4682|2789|1479|1056|34051|4004|30611|3816|3440|989|55823|5838|43043|4839|12780|2730|63773|5835|58188|5446|5585|1402|16470|2506|15514|2326|956|578|10815|2290|8131|1753|2684|1214|151975|12861|86059|8520|65916|7902|13891|2926|10587|2287|3304|1166|19847|4356|15263|3660|4584|1599|59550|8192|26226|3597|33324|6549|189778|13300|101178|10108|88600|8432|167254|13591|103921|9291|63333|7286|40759|5820|33294|5014|7465|1901|193917|11778|160552|10437|33365|4614|41048|5990|30088|4882|10960|2651|107737|12842|58124|7774|49613|7814|30022|4106|20124|2794|9898|2369|51211|5965|37622|4779|13589|2735|62017|7526|46019|5859|15998|3055|63454|6405|55528|6176|7926|1952|57465|7100|49510|6295|7955|2141|32284|4438|27810|4023|4474|1215|862358|24706|453499|16796|408859|14303|125115|8716|77418|6178|47697|4437|255590|13448|120241|8928|135349|8445|44142|6551|23066|4080|21076|4063|360716|16509|148219|9047|212497|10798|47160|6706|22454|4443|24706|3604|52398|6054|24958|3570|27440|4198|41057|6422|24916|4326|16141|3425|476233|18100|315377|13858|160856|9246|111531|8971|68877|6442|42654|4803|118035|12629|76199|9278|41836|6701|35546|5277|30309|4504|5237|2149|66054|10118|42485|7242|23569|4707|27882|4803|21901|4247|5981|2611|19067|3108|14911|2891|4156|1090|824|749|780|744|44|66|8687|1794|6634|1705|2053|862|33462|5271|16613|2815|16849|4244
03000C2US1|9724333|7691|7818576|30800|759587|19252|438756|14732|320831|14162|75340|5587|62683|4840|12657|2293|66932|8589|37713|5434|29219|5073|34641|4284|26409|3974|8232|1622|253184|15497|137766|10518|115418|9356|20670|3330|18604|2873|2066|1018|4775|1660|4314|1609|461|310|21217|4370|15318|3217|5899|2170|36917|4617|24673|3683|12244|2485|31927|4354|21435|3797|10492|2027|9389|3051|6318|2345|3071|1469|13431|3113|8963|2343|4468|1434|4576|1526|3203|1111|1373|913|10720|2667|8396|2071|2324|1032|18464|4080|13039|3332|5425|1439|39874|4828|34279|4395|5595|2630|11592|3621|8604|2780|2988|1283|4457|1769|2864|1324|1593|922|12713|3465|8932|2460|3781|1649|20576|3637|13022|2648|7554|1946|35012|6291|22204|4298|12808|3164|14826|4130|12512|3431|2314|2065|15974|3449|13802|2954|2172|932|8679|2447|7524|2084|1155|645|131963|10133|71550|6738|60413|6738|9280|2612|6177|2005|3103|1118|18552|2845|10401|1833|8151|1874|1072|986|530|461|542|564|31892|5154|15272|2670|16620|3483|22483|3531|11043|2330|11440|2264|13942|3010|4900|1400|9042|2628|12196|3467|7658|2540|4538|2086|15243|2737|10865|2143|4378|1396|7367|3043|4797|2366|2570|1272|55682|8038|35496|5531|20186|4014|7531|2172|6867|2066|664|387|3425|1539|2454|1122|971|671|17946|3684|13244|3054|4702|1733|16805|3840|12526|3409|4279|1442|0|213|0|213|0|213|1760|1558|1376|1578|384|418|13145|3117|11334|3004|1811|775
03000C2US2|24296398|14090|19158085|46864|2493374|27495|1381431|27058|1111943|21593|80212|7859|59583|5964|20629|4163|115103|12084|64753|8777|50350|6492|121003|7367|91992|6288|29011|3547|106330|8114|70417|5933|35913|4309|69174|5581|59038|5311|10136|1975|117566|9271|67485|6162|50081|6458|53464|6038|42319|4848|11145|2059|100244|8238|64036|6109|36208|4956|91407|9449|54745|6979|36662|4785|25728|4595|18603|3648|7125|1670|60040|8095|36203|5983|23837|3702|10153|2987|6892|2018|3261|1483|25895|4284|16163|3141|9732|2423|97110|8449|60730|5935|36380|4415|133799|8543|108149|7120|25650|3380|89711|9353|66560|7356|23151|3403|40524|6554|24141|3701|16383|4051|57905|7547|34925|5512|22980|3810|65661|8499|44893|6265|20768|3987|66710|8891|46526|6540|20184|3724|72250|7892|60686|7384|11564|2264|39290|5477|34413|4714|4877|1617|52908|6040|39155|4318|13753|2771|265209|11894|145221|8442|119988|7054|26606|3595|16084|3253|10522|1948|118466|9565|54419|5996|64047|6278|593|518|529|506|64|86|43934|6413|18847|3236|25087|4170|6300|1830|2601|1065|3699|1458|7544|1903|3988|1214|3556|1150|52256|6510|32393|4817|19863|3434|109820|8841|80371|6460|29449|3961|15239|4295|10562|2686|4677|2089|131096|12007|86579|7999|44517|5928|37211|5807|33275|5451|3936|1026|9608|2902|6335|2142|3273|1460|75385|10859|60963|9328|14422|3820|15217|3669|11794|2855|3423|1703|102|103|102|103|0|213|1818|742|1801|738|17|22|36348|5360|26010|4160|10338|2324
03000C2US3|24494610|21295|21307367|45427|1428123|28355|912852|23277|515271|16945|52181|6057|38971|4778|13210|3380|11521|4558|6843|2882|4678|2276|37659|4020|28220|3161|9439|1795|20518|3013|16757|2828|3761|989|88386|8659|71450|6970|16936|4797|45752|6116|29402|4404|16350|3492|28603|5745|22331|5040|6272|1407|56310|6312|32749|4646|23561|3576|137306|11068|82979|7532|54327|5412|39027|6057|26237|4956|12790|2403|82641|10192|40651|6080|41990|7307|3526|1558|2601|1189|925|735|15850|3694|12114|2811|3736|1595|56316|5956|35387|4679|20929|3764|64566|7541|53538|6340|11028|2789|49576|6939|39596|6043|9980|2076|22446|4242|14175|2804|8271|2680|23622|4526|14670|3227|8952|3093|39080|7232|24092|4604|14988|4368|92845|10137|63148|7766|29697|4548|46471|7671|39365|6886|7106|2219|23954|4862|20152|4409|3802|1539|21484|4129|16820|3237|4664|1438|101867|7805|61648|5643|40219|4509|22100|3979|12143|2947|9957|2363|59378|7159|30602|4548|28776|3990|13729|2530|9224|1906|4505|1230|38347|6822|16246|3179|22101|4517|5915|1799|2180|916|3735|1580|15543|3216|9009|2234|6534|2000|26475|4784|15089|3849|11386|2277|79361|6468|59267|5542|20094|3108|12195|3437|8907|2897|3288|910|198412|15006|127692|11499|70720|7920|5701|1803|5370|1670|331|273|41615|7600|26054|5543|15561|3110|45624|7983|35360|6295|10264|2457|16076|3695|11288|3116|4788|1748|189|151|144|132|45|75|2640|1969|2524|1965|116|92|14313|3104|10790|2228|3523|1408
03000C2US4|8701737|11814|7926522|26331|304826|16483|186943|11516|117883|9768|21504|3152|14000|2465|7504|2456|2867|1968|671|953|2196|1559|3257|1293|2866|1309|391|250|5395|1671|4201|1482|1194|686|27095|4043|20376|2728|6719|1906|8781|2600|5780|1771|3001|1680|1278|792|839|401|439|578|17583|2782|11066|2410|6517|1713|2034|615|1689|613|345|208|24802|5234|16032|3593|8770|2337|8937|2850|5064|1717|3873|2102|289|340|118|195|171|281|3734|1583|2299|1161|1435|736|6262|2385|3854|1532|2408|1069|13835|3347|12322|3261|1513|668|5808|1824|4441|1337|1367|840|1883|1198|885|521|998|827|4993|2180|3596|1584|1397|914|6676|1570|4753|1330|1923|625|9790|2640|5914|1539|3876|1832|10350|2990|8437|2641|1913|836|6133|2364|4909|1815|1224|982|3276|1395|2913|1300|363|335|32227|4332|16176|2764|16051|2766|4282|1515|2828|990|1454|910|10635|2194|6181|1560|4454|1161|40767|4962|28018|4428|12749|2049|24480|4581|13056|2814|11424|2620|3698|1292|1603|728|2095|894|9384|2695|5268|1852|4116|1429|14598|4032|6146|1913|8452|3110|17601|3185|11234|2300|6367|2239|5799|1522|4206|1383|1593|826|20231|5363|13995|4006|6236|1997|1266|768|1197|767|69|110|42712|7064|23844|4644|18868|3942|21632|4483|15949|3535|5683|2423|16968|3718|11541|2895|5427|1742|118|175|105|171|13|32|2846|868|2385|819|461|309|4583|1737|3627|1391|956|734
03000C2US5|41427518|28893|31889313|68838|6117511|46678|3431252|40146|2686259|38387|202786|12992|156035|11343|46751|5430|407913|26543|236662|20486|171251|13478|58896|5459|46377|4784|12519|1914|195298|15050|133929|11932|61369|7195|101074|7203|91529|6939|9545|1582|24341|3979|20792|3575|3549|1052|32103|4562|23899|3676|8204|2359|122867|12386|77917|7812|44950|6461|33611|4804|21990|3720|11621|2249|19987|3144|14066|2415|5921|1733|58958|7692|37803|5238|21155|3866|2826|1088|2422|1005|404|366|66408|7192|42101|4934|24307|4053|82130|8861|58717|6647|23413|3718|116011|10451|95441|9225|20570|3063|79462|8787|60825|7280|18637|3561|23307|5809|17502|4500|5805|1854|58962|7931|37343|5328|21619|4687|58318|7810|40209|5914|18109|3516|69055|7721|49440|6299|19615|3516|82493|9488|69924|7989|12569|2832|53727|6305|46212|5738|7515|2251|37846|6064|33025|5517|4821|1421|230862|12721|126386|8754|104476|7902|30042|3665|19811|2777|10231|2152|153865|10561|78671|6605|75194|6815|13586|3111|8997|2646|4589|2196|185104|13259|80954|8160|104150|8538|16360|3530|7473|2382|8887|2191|29133|4129|13806|2304|15327|2683|53894|7426|33686|4879|20208|4076|134641|8874|98320|7319|36321|4191|26266|4838|17914|3783|8352|2065|162977|16330|117448|11337|45529|8587|28816|4723|25913|4437|2903|1204|108070|11253|75171|9492|32899|4365|138798|11322|117632|9692|21166|4005|45539|9048|30335|6140|15204|5170|111|110|59|77|52|78|4536|1707|4027|1635|509|302|69715|9107|54237|7618|15478|3660
03000C2US6|8138622|12987|7618414|25603|304026|13408|183590|10508|120436|8256|12041|4186|9871|3695|2170|928|577|451|524|445|53|88|2202|937|1899|862|303|277|8005|2453|6694|2177|1311|658|13227|1879|11787|1803|1440|692|9262|3124|6943|2654|2319|1237|598|502|588|502|10|17|4872|1682|3585|1424|1287|622|1858|724|1638|640|220|240|3940|2523|2923|2129|1017|932|6149|2549|2725|1490|3424|1940|390|528|390|528|0|213|2136|1006|1483|768|653|448|9561|2954|6564|1932|2997|1532|6561|2205|5465|1833|1096|794|3578|1531|2462|1094|1116|811|2605|2215|1496|1406|1109|1296|2050|1504|851|655|1199|1127|3091|1802|2614|1699|477|374|3691|1522|2288|982|1403|1112|5718|2462|4647|2246|1071|642|3107|1584|2501|1370|606|491|1218|762|1170|762|48|76|18684|3296|9264|2113|9420|2509|4183|1322|2869|1227|1314|759|9978|2330|4363|1344|5615|1473|18|29|0|213|18|29|14029|3140|6337|1975|7692|2185|1847|1047|729|596|1118|684|3018|1529|1284|768|1734|1231|3023|1755|1486|804|1537|1117|13745|3187|10400|2845|3345|1222|4752|2676|3214|2323|1538|871|20848|5340|12547|3113|8301|3940|276|199|230|184|46|72|2138|1279|1678|1020|460|367|4178|1969|3113|1686|1065|854|4710|2164|3478|1760|1232|847|0|213|0|213|0|213|316|219|144|118|172|180|4002|2151|2815|1568|1187|815
03000C2US7|18254294|27428|13434890|51020|3509337|48741|2185525|37381|1323812|29556|68681|8131|57370|6459|11311|2929|7310|3956|6405|3843|905|746|5276|1707|3640|1042|1636|1112|29832|5007|23877|4706|5955|2058|31758|4642|27413|4046|4345|1461|9409|2975|7849|2635|1560|1343|2314|1078|1923|1008|391|322|20435|4103|13622|2926|6813|2223|6419|1678|5000|1377|1419|690|5430|2167|4423|1796|1007|823|8982|2645|7023|2115|1959|1063|1682|1136|1450|1102|232|271|20437|4179|13473|3127|6964|2274|28709|4893|21938|4136|6771|1726|70449|11166|62172|10561|8277|2413|64938|9408|48009|7076|16929|4335|8096|3537|6522|2996|1574|927|15701|3949|9010|2262|6691|2548|32832|5983|23245|4173|9587|2825|17913|4628|13402|3579|4511|2325|79952|9413|67007|7848|12945|3824|32030|6991|27801|6366|4229|1656|48620|7879|37633|6546|10987|2332|103861|9208|59999|6207|43862|5142|11776|2760|7734|2225|4042|1332|44046|7505|23022|5198|21024|3695|7643|1788|4423|1370|3220|1309|183210|14105|81110|7495|102100|10006|9886|2995|3535|1225|6351|2293|16378|3337|6405|1661|9973|2733|22982|6276|10947|3251|12035|4351|69902|7874|50075|6798|19827|3130|19391|3724|13852|3029|5539|1697|70267|12289|53660|10432|16607|3459|4030|1845|3399|1574|631|666|13799|3785|11120|3144|2679|1351|68740|10114|59729|8884|9011|2712|28167|9025|20883|6902|7284|3616|853|661|613|544|240|274|6958|1692|6203|1420|755|537|10973|3921|8837|3052|2136|1498
03000C2US8|10441194|20491|8400720|36248|1433502|32535|918850|25525|514652|18974|22704|3063|19093|3239|3611|1280|836|458|754|439|82|97|10479|2729|9181|2342|1298|809|26044|6074|19849|4889|6195|2526|31301|3736|26941|3389|4360|1148|5505|2079|4978|1981|527|459|1946|819|1500|707|446|352|18404|3769|11538|2545|6866|2317|6603|2054|4710|1487|1893|908|5628|1644|4293|1306|1335|696|12910|3562|9171|2888|3739|1578|1849|1375|1308|1179|541|477|8001|2855|5019|1832|2982|1640|3353|1796|2670|1382|683|597|13876|3693|12383|3571|1493|703|4953|2541|3482|1743|1471|961|4079|2245|3172|1733|907|719|1187|916|949|670|238|317|12209|4329|8104|3071|4105|2103|14874|3788|11257|2855|3617|1299|9088|3186|6396|1868|2692|1908|4733|2552|4257|2462|476|432|3117|2855|1842|1525|1275|1821|63449|6507|31132|3868|32317|5272|14379|3617|9928|2691|4451|1488|19085|3908|12363|2955|6722|1821|3363|1576|1846|915|1517|844|29753|5026|13631|2544|16122|3374|3401|1692|1742|953|1659|917|11314|2484|4965|1390|6349|1744|9317|3479|4865|1746|4452|2175|78698|8838|58358|7740|20340|3470|23382|5175|15526|3750|7856|3002|19594|4224|12290|2702|7304|2344|3928|1840|3665|1775|263|319|15566|3533|10681|2734|4885|1811|8985|3279|6990|3001|1995|974|14809|4546|8793|2894|6016|2812|36443|2974|24359|2710|12084|1515|21308|3327|19121|3367|2187|866|6519|2015|4767|1617|1752|1079
03000C2US9|25800575|19627|16097115|60975|6283606|52958|3876742|37087|2406864|39222|72060|6039|59431|5027|12629|2589|4309|1618|3358|1510|951|644|26329|3475|21240|3072|5089|1346|53698|6167|38840|4763|14858|3088|55839|4939|49972|4389|5867|1761|15599|2209|14246|2175|1353|585|9374|2047|8494|1975|880|414|115161|11908|68718|6770|46443|7070|14757|2227|11210|1875|3547|1162|14094|3878|10379|3403|3715|1457|64581|10402|34750|6860|29831|5363|33753|6053|24435|4610|9318|2563|122249|10125|75604|7276|46645|5937|25582|4198|18252|3532|7330|1854|110315|9920|90455|8303|19860|3282|33979|6197|25547|5114|8432|2225|102288|10778|60960|7279|41328|5272|16830|3928|13069|3361|3761|1526|37799|5906|25849|4633|11950|3054|58788|6706|41400|5486|17388|2969|42964|6003|32991|4500|9973|2387|28813|4942|26286|4868|2527|724|25847|4908|20241|3907|5606|2227|691504|20674|314776|14772|376728|13116|79935|5636|48800|4216|31135|3453|182601|9135|88378|7266|94223|5939|28785|4899|17027|3997|11758|2228|304110|16700|123828|7752|180282|11821|34473|6599|15399|3309|19074|4073|44361|5988|23210|3902|21151|3383|50124|6808|27743|4424|22381|4574|484341|22771|328273|17499|156068|9487|138540|9919|88520|8269|50020|5137|144791|13027|96185|10374|48606|6052|12588|2935|11100|2941|1488|615|44557|6600|29008|5263|15549|2937|37053|7082|32079|6302|4974|1861|21244|4478|15656|3436|5588|2110|646|432|283|230|363|372|7465|1755|6529|1714|936|553|27728|4515|20086|3498|7642|2061
03000E0US2|2276818|1572|2104501|7195|75280|4144|47694|3653|27586|2595|4210|908|3475|822|735|372|1289|855|982|749|307|225|2022|839|1461|572|561|432|2273|1167|1403|779|870|528|10723|1910|7286|1471|3437|925|36132|4156|22532|3539|13600|2198|621|383|300|230|321|309|2300|928|1606|725|694|377|3303|1493|2092|1405|1211|608|1484|1587|1189|1308|295|306|1510|870|1157|739|353|346|535|549|535|549|0|213|620|461|389|317|231|327|424|316|241|202|183|201|1719|924|1177|666|542|579|402|258|233|177|169|227|0|213|0|213|0|213|1229|665|629|342|600|408|277|291|201|255|76|118|1403|836|987|559|416|563|1382|437|1191|387|191|237|215|206|131|115|84|106|271|282|153|154|118|151|6318|1360|3349|907|2969|904|425|238|386|226|39|43|1095|476|619|322|476|306|42|55|33|53|9|17|662|446|123|149|539|382|0|213|0|213|0|213|892|560|591|495|301|313|2116|2240|1453|1447|663|821|2939|911|1377|614|1562|677|248|224|213|216|35|44|3467|1477|2283|1035|1184|711|1376|972|871|483|505|639|0|213|0|213|0|213|699|587|622|572|77|92|225|191|160|149|65|76|0|213|0|213|0|213|268|189|212|172|56|94|1921|930|1394|783|527|391
03000E0US3|5214620|4710|4920905|14054|151973|6072|90199|4609|61774|4760|5258|1089|4266|1016|992|363|1500|1030|314|218|1186|866|2294|847|2216|840|78|76|1239|540|1120|504|119|142|31668|5083|22902|3547|8766|2741|45428|8700|35072|8180|10356|2726|1287|657|1287|657|0|213|1776|580|1153|437|623|399|3306|1337|2485|1253|821|422|416|300|300|246|116|159|3826|2182|3330|2162|496|310|0|213|0|213|0|213|982|503|429|326|553|411|1106|555|957|540|149|105|1845|663|1771|671|74|108|1345|828|1328|822|17|46|918|555|630|408|288|203|777|523|361|313|416|398|607|430|568|418|39|51|2089|728|1863|649|226|190|392|264|191|264|201|239|646|460|567|389|79|123|232|189|141|126|91|150|3905|1003|2413|815|1492|523|3153|1150|1949|959|1204|628|2912|1357|2150|1307|762|380|2861|878|1986|657|875|322|1122|636|329|239|793|480|160|184|112|179|48|62|1423|712|708|410|715|525|926|608|867|590|59|102|5687|1434|3418|1071|2269|932|1912|808|1601|748|311|235|2004|1214|1473|907|531|395|349|261|286|233|63|118|500|357|377|332|123|118|1209|660|850|469|359|425|1009|617|957|607|52|61|0|213|0|213|0|213|1598|486|1425|481|173|193|2075|1365|572|244|1503|1350
03000E0US4|2940866|5771|2666474|11252|191862|7182|99255|5262|92607|6119|4295|1249|3343|991|952|683|537|412|237|206|300|283|449|168|322|121|127|114|613|376|297|268|316|267|9887|1803|7235|1366|2652|1072|3804|1549|3257|1364|547|377|903|720|822|679|81|137|3046|1088|2408|929|638|369|271|269|97|109|174|234|305|194|112|136|193|132|6147|2392|4321|1896|1826|938|0|213|0|213|0|213|217|318|217|318|0|213|320|290|320|290|0|213|1599|1080|1565|1075|34|87|133|143|133|143|0|213|0|213|0|213|0|213|0|213|0|213|0|213|2135|666|1768|716|367|242|1401|526|1356|514|45|87|1598|933|1404|911|194|176|233|268|167|233|66|104|188|235|188|235|0|213|4577|1432|2198|867|2379|1091|1495|773|954|531|541|432|999|595|690|511|309|285|1358|929|380|347|978|793|3271|1155|878|599|2393|892|6|12|0|213|6|12|3034|1345|1816|879|1218|828|5447|1415|2438|906|3009|1193|4971|1199|3944|1086|1027|455|3156|1223|1760|950|1396|895|1270|670|1191|635|79|103|8|13|8|13|0|213|5529|1674|2247|808|3282|1322|819|492|317|264|502|421|3233|1146|2276|1100|957|477|67|68|67|68|0|213|3489|1142|3219|1139|270|130|1720|1037|838|641|882|775
03000E0US5|4186138|9203|3779416|16342|310894|10421|193761|10988|117133|8397|9037|2318|7998|2203|1039|624|8331|3496|3874|1753|4457|2261|2257|765|1896|650|361|345|2250|928|1420|573|830|562|5846|1107|5012|1109|834|408|2416|1297|1884|1028|532|586|833|564|735|487|98|125|3440|1539|2861|1296|579|503|648|392|472|321|176|203|3060|1826|2429|1411|631|684|1834|938|1546|907|288|269|548|759|548|759|0|213|327|314|327|314|0|213|2444|1258|1644|934|800|552|5045|3038|3236|2022|1809|1304|1439|1506|1032|1149|407|458|1396|1341|1323|1307|73|169|1108|937|789|688|319|479|1665|1279|1665|1279|0|213|1939|840|1460|744|479|459|421|638|286|422|135|220|350|449|335|445|15|21|597|644|320|389|277|506|4090|1626|2421|1154|1669|880|1595|912|923|755|672|496|3580|1145|1773|872|1807|759|897|658|897|658|0|213|5383|2158|2807|1484|2576|1136|231|252|132|174|99|134|2633|1399|529|325|2104|1347|2766|1518|1417|1207|1349|891|6297|1572|4893|1434|1404|696|1887|1000|1477|904|410|378|2421|1090|1546|916|875|389|487|338|397|313|90|144|74|131|74|131|0|213|2095|1139|1484|950|611|603|1178|918|945|669|233|297|0|213|0|213|0|213|1727|1587|1727|1587|0|213|1256|821|985|608|271|324
03000E0US6|3346501|8960|3179573|11541|117334|6565|66865|5626|50469|4952|4957|1428|3765|1289|1192|605|590|512|404|382|186|314|559|300|409|242|150|187|937|624|748|504|189|221|7853|2844|7241|2826|612|384|3401|2102|2214|1480|1187|1099|1179|815|908|670|271|292|410|310|237|186|173|227|798|498|798|498|0|213|244|224|244|224|0|213|170|154|170|154|0|213|0|213|0|213|0|213|148|238|126|238|22|3|2477|1237|1758|943|719|468|303|255|216|166|87|114|403|456|357|410|46|64|323|525|244|424|79|119|1129|680|367|372|762|543|1392|823|698|586|694|564|1022|692|1011|693|11|2|349|251|326|255|23|46|0|213|0|213|0|213|100|157|100|157|0|213|3880|1427|1055|582|2825|1149|3458|1832|2323|1196|1135|835|1398|635|748|454|650|459|0|213|0|213|0|213|1727|922|538|383|1189|711|542|639|195|317|347|358|218|260|70|125|148|212|337|264|181|235|156|123|2276|798|1435|700|841|334|688|649|637|637|51|80|1366|467|718|274|648|340|1296|1383|107|137|1189|1367|57|99|0|213|57|99|302|192|129|111|173|145|241|201|214|191|27|53|0|213|0|213|0|213|321|190|321|190|0|213|2743|1397|1606|1043|1137|742
03000E0US7|3222167|8749|2698497|13619|463841|11568|310504|10429|153337|8375|10624|1799|9036|1609|1588|792|1347|908|707|477|640|669|260|217|236|212|24|51|737|379|591|315|146|122|4794|1168|4374|1169|420|251|1581|1015|1581|1015|0|213|82|91|82|91|0|213|1610|954|1162|733|448|434|287|174|287|174|0|213|54|97|0|213|54|97|569|333|400|299|169|206|0|213|0|213|0|213|307|474|98|165|209|312|274|279|274|279|0|213|1504|789|1027|584|477|322|1187|1078|1146|1074|41|60|143|202|40|57|103|145|365|334|365|334|0|213|909|555|814|534|95|124|1005|481|778|401|227|246|789|574|689|563|100|58|112|183|0|213|112|183|592|508|393|365|199|182|4367|1574|1756|834|2611|1141|618|297|563|296|55|2|571|316|429|294|142|143|603|291|457|291|146|140|4437|1690|1706|816|2731|1174|168|248|67|99|101|149|1276|696|553|326|723|434|1876|1265|567|370|1309|1062|3660|940|3109|910|551|364|1515|1022|1277|946|238|161|1827|858|1303|721|524|421|222|191|222|191|0|213|533|371|130|63|403|367|3586|2625|3002|2350|584|521|1350|777|655|473|695|483|210|157|178|141|32|42|2854|856|2459|720|395|302|1024|747|1024|747|0|213
03000E0US8|2445710|7089|1971141|12352|362394|10117|242144|10105|120250|8563|5497|1700|4776|1473|721|448|140|217|140|217|0|213|2309|1044|2028|974|281|309|2511|1005|2185|867|326|334|5012|1128|4660|1098|352|239|1219|812|1219|812|0|213|359|261|359|261|0|213|1555|711|958|567|597|408|581|369|479|348|102|132|140|113|96|96|44|65|1717|1040|1320|794|397|373|0|213|0|213|0|213|605|784|581|784|24|47|87|172|80|170|7|14|570|574|240|259|330|384|49|72|49|72|0|213|392|287|288|247|104|107|563|517|394|382|169|182|670|510|568|474|102|121|2196|928|2058|903|138|130|109|180|84|128|25|56|174|305|81|143|93|165|142|273|142|273|0|213|4007|1265|3043|1091|964|567|2584|1098|2071|990|513|429|2052|1074|1459|708|593|593|43|68|43|68|0|213|1843|828|720|441|1123|528|0|213|0|213|0|213|579|374|28|50|551|370|736|681|405|584|331|305|7479|1739|4955|1406|2524|1111|1839|866|1289|703|550|453|375|260|139|92|236|233|215|348|215|348|0|213|83|125|83|125|0|213|178|213|143|163|35|57|726|598|698|594|28|62|40193|2503|27183|2426|13010|1547|21695|2186|18824|1902|2871|863|951|531|894|532|57|55
03000E0US9|2051918|3824|1752442|11909|195431|8274|116127|7410|79304|5649|6834|1958|6565|1902|269|230|20|27|20|27|0|213|1558|861|1382|832|176|286|3022|1838|2090|1350|932|654|6324|1391|5582|1188|742|492|1811|809|1614|766|197|192|877|520|877|520|0|213|2971|1019|2529|945|442|304|1480|803|1286|778|194|317|195|223|195|223|0|213|1364|826|786|487|578|623|727|913|461|454|266|492|1087|668|986|686|101|80|186|287|118|183|68|109|1989|1399|934|706|1055|844|224|230|90|125|134|201|153|232|30|57|123|252|0|213|0|213|0|213|451|394|451|394|0|213|1366|638|1070|543|296|287|269|425|269|425|0|213|490|489|444|445|46|78|182|166|182|166|0|213|4160|1083|2413|726|1747|630|6033|1889|2908|1219|3125|1209|2027|861|906|574|1121|508|1428|1051|1079|868|349|327|2289|982|1159|606|1130|730|532|367|439|333|93|108|1394|784|684|450|710|463|133|212|120|212|13|5|15940|2742|9164|2019|6776|1510|26440|3618|18228|2615|8212|2278|787|377|787|377|0|213|172|177|172|177|0|213|227|263|160|232|67|124|103|185|103|185|0|213|498|331|498|331|0|213|490|381|176|184|314|353|2607|984|2351|913|256|288|5205|2389|4418|2076|787|612
03000E1US3|1602079|27663|1498084|25481|65521|6309|35452|4160|30069|3637|2295|840|1941|829|354|246|1231|976|254|204|977|827|1054|628|1054|628|0|213|693|467|620|426|73|123|2782|823|2297|692|485|303|3738|2763|3619|2763|119|144|602|483|602|483|0|213|709|400|504|259|205|264|507|392|437|374|70|117|103|166|0|213|103|166|876|511|555|441|321|257|0|213|0|213|0|213|982|503|429|326|553|411|618|363|521|366|97|47|1500|610|1491|609|9|17|492|519|492|519|0|213|412|396|313|291|99|108|647|519|268|301|379|399|398|359|390|348|8|20|656|398|613|385|43|71|200|265|191|264|9|17|571|432|492|359|79|123|121|173|38|82|83|150|1706|643|1236|494|470|359|1257|666|387|345|870|548|1109|727|768|616|341|306|2303|868|1649|651|654|318|1062|650|297|241|765|480|0|213|0|213|0|213|983|654|408|374|575|480|560|528|560|528|0|213|2571|1027|1720|666|851|626|1416|740|1216|722|200|209|308|281|257|265|51|89|213|208|150|171|63|118|353|325|303|321|50|39|1152|656|801|455|351|423|689|529|689|529|0|213|0|213|0|213|0|213|47|44|47|44|0|213|1558|1349|170|83|1388|1343
03000E1US4|1471526|31799|1275461|27564|140739|7770|71512|5479|69227|5597|2602|1140|1966|887|636|567|350|275|172|175|178|195|50|71|7|2|43|71|246|254|0|213|246|254|3001|940|2731|898|270|187|1094|834|831|585|263|306|772|688|691|642|81|137|1658|822|1337|702|321|241|63|98|63|98|0|213|117|138|102|135|15|23|3131|1652|2398|1611|733|500|0|213|0|213|0|213|0|213|0|213|0|213|320|290|320|290|0|213|1577|1079|1543|1074|34|87|133|143|133|143|0|213|0|213|0|213|0|213|0|213|0|213|0|213|2135|666|1768|716|367|242|636|262|601|262|35|86|1598|933|1404|911|194|176|109|178|109|178|0|213|177|234|177|234|0|213|3594|1262|1652|804|1942|1016|954|677|413|363|541|432|715|539|520|479|195|252|913|852|131|244|782|772|3162|1155|870|597|2292|884|6|12|0|213|6|12|2558|1408|1365|856|1193|832|4932|1367|2118|852|2814|1138|3360|953|2769|942|591|263|2244|992|960|547|1284|896|1008|595|998|595|10|3|0|213|0|213|0|213|5067|1598|1844|748|3223|1260|810|494|308|265|502|421|3189|1155|2232|1107|957|477|54|69|54|69|0|213|1666|917|1650|913|16|22|1325|1007|562|609|763|760
03000E2US2|1878015|11720|1733871|13031|58334|3927|36149|3489|22185|2257|3184|803|2640|702|544|316|833|687|678|648|155|168|1938|817|1377|541|561|432|2172|1185|1347|769|825|544|10016|1795|6662|1314|3354|923|35573|4183|22201|3558|13372|2219|580|384|300|230|280|302|1885|827|1216|631|669|374|3021|1511|1960|1399|1061|603|1484|1587|1189|1308|295|306|1354|855|1001|720|353|346|535|549|535|549|0|213|522|439|291|286|231|327|424|316|241|202|183|201|1472|897|930|593|542|579|402|258|233|177|169|227|0|213|0|213|0|213|298|260|298|260|0|213|277|291|201|255|76|118|953|546|893|540|60|96|513|383|322|296|191|237|215|206|131|115|84|106|71|108|71|108|0|213|4859|1237|2734|857|2125|805|392|227|353|215|39|43|931|429|619|322|312|225|42|55|33|53|9|17|569|433|123|149|446|364|0|213|0|213|0|213|892|560|591|495|301|313|2024|2237|1453|1447|571|810|2467|905|1185|613|1282|648|248|224|213|216|35|44|2140|867|1520|808|620|345|1173|859|668|380|505|639|0|213|0|213|0|213|556|573|510|566|46|69|225|191|160|149|65|76|0|213|0|213|0|213|268|189|212|172|56|94|1302|703|795|443|507|390
03000E2US3|3612541|28376|3422821|30339|86452|5999|54747|4116|31705|3853|2963|687|2325|567|638|246|269|256|60|58|209|203|1240|520|1162|511|78|76|546|293|500|277|46|76|28886|4911|20605|3384|8281|2740|41690|7816|31453|7214|10237|2719|685|483|685|483|0|213|1067|428|649|362|418|290|2799|1307|2048|1238|751|414|313|248|300|246|13|22|2950|2155|2775|2143|175|170|0|213|0|213|0|213|0|213|0|213|0|213|488|374|436|348|52|94|345|307|280|286|65|113|853|562|836|558|17|46|506|376|317|259|189|179|130|112|93|112|37|6|209|229|178|224|31|47|1433|596|1250|516|183|176|192|241|0|213|192|241|75|128|75|128|0|213|111|88|103|88|8|2|2199|893|1177|610|1022|517|1896|955|1562|900|334|298|1803|1208|1382|1180|421|225|558|368|337|292|221|166|60|71|32|61|28|37|160|184|112|179|48|62|440|288|300|186|140|158|366|281|307|248|59|102|3116|1038|1698|845|1418|719|496|295|385|245|111|117|1696|1165|1216|868|480|382|136|155|136|155|0|213|147|137|74|79|73|111|57|81|49|79|8|19|320|259|268|225|52|61|0|213|0|213|0|213|1551|482|1378|478|173|193|517|249|402|230|115|105
03000E2US5|3146093|19045|2872885|20105|211297|10713|131295|9455|80002|7509|6659|1843|6043|1646|616|529|6252|2832|3226|1639|3026|1890|1603|633|1242|522|361|345|1674|706|1192|489|482|441|4784|1169|4146|1094|638|355|1986|1020|1769|1021|217|305|764|552|666|474|98|125|2867|1441|2445|1231|422|452|399|291|343|280|56|59|1653|1342|1616|1335|37|70|731|543|536|477|195|232|548|759|548|759|0|213|96|108|96|108|0|213|493|371|293|279|200|248|3247|2443|2098|1547|1149|1034|766|856|619|665|147|198|0|213|0|213|0|213|544|613|501|601|43|73|1388|1200|1388|1200|0|213|885|574|473|296|412|436|0|213|0|213|0|213|350|449|335|445|15|21|320|389|320|389|0|213|3179|1450|2033|1144|1146|702|1372|852|896|744|476|417|3060|1116|1521|856|1539|753|897|658|897|658|0|213|3550|1884|2031|1370|1519|958|107|153|35|92|72|121|869|479|439|325|430|251|1463|1111|925|992|538|423|3502|1162|2687|1015|815|513|359|318|230|206|129|197|1419|935|1046|786|373|280|342|309|342|309|0|213|74|131|74|131|0|213|1329|888|1100|901|229|301|1017|902|786|651|231|297|0|213|0|213|0|213|694|538|694|538|0|213|669|403|573|387|96|164
03000G0US3|2766015|4877|2610632|8253|57671|3765|32071|2490|25600|2986|3090|809|1729|489|1361|636|333|495|66|67|267|488|877|367|846|372|31|39|553|397|446|340|107|113|25431|3400|18311|2922|7120|2214|46044|4466|30667|3752|15377|2464|811|705|564|355|247|397|1548|588|751|406|797|432|2002|665|947|350|1055|522|194|199|122|144|72|85|516|342|384|280|132|108|73|154|73|154|0|213|265|378|199|274|66|110|200|182|100|120|100|126|286|140|116|80|170|123|97|80|88|76|9|19|311|197|257|183|54|60|20|29|7|12|13|26|415|237|294|157|121|147|1261|403|989|379|272|112|284|334|284|334|0|213|90|119|30|49|60|126|143|159|143|159|0|213|872|320|410|211|462|222|544|240|457|230|87|60|753|606|574|570|179|248|890|492|721|490|169|123|563|289|197|178|366|225|0|213|0|213|0|213|110|99|51|65|59|57|597|345|214|248|383|199|2156|695|1693|586|463|243|771|429|398|321|373|279|955|417|740|390|215|135|367|325|240|234|127|126|54|65|41|64|13|4|122|100|122|100|0|213|174|165|46|56|128|161|46|64|46|64|0|213|1565|490|1462|472|103|83|2329|1280|1078|565|1251|818
03000G0US4|3021787|7297|2847388|10692|102765|5052|56692|3944|46073|4035|2674|814|2208|763|466|250|519|474|115|148|404|386|471|254|448|242|23|40|929|439|852|390|77|133|17578|3545|13961|2963|3617|920|15305|4911|11547|4091|3758|1245|52|59|52|59|0|213|1581|862|808|562|773|536|413|300|359|292|54|54|284|284|190|220|94|108|1114|661|583|330|531|407|0|213|0|213|0|213|235|209|111|163|124|159|0|213|0|213|0|213|279|253|210|161|69|112|332|219|303|213|29|60|489|434|482|435|7|13|338|381|273|351|65|109|628|485|410|258|218|239|1783|896|1515|780|268|249|273|215|217|191|56|103|0|213|0|213|0|213|348|499|348|499|0|213|1504|680|687|313|817|556|464|258|290|184|174|187|574|423|213|143|361|404|744|349|361|220|383|215|1643|1140|665|435|978|780|214|189|166|165|48|83|374|260|294|246|80|63|1363|740|772|620|591|359|3655|950|2614|747|1041|546|3251|858|2058|668|1193|506|426|288|330|239|96|88|582|572|451|398|131|217|190|131|185|131|5|3|534|328|534|328|0|213|825|474|585|396|240|231|73|91|73|91|0|213|8422|2188|7832|2178|590|243|1171|486|623|219|548|448
03000G0US5|3245849|11715|3048303|14117|151823|6498|79599|5591|72224|5514|3691|1360|3219|1211|472|352|5976|2510|2085|1062|3891|1868|1042|446|940|395|102|142|1169|741|908|591|261|344|5370|1573|4219|1410|1151|678|2419|970|2108|907|311|275|221|202|221|202|0|213|1278|698|1089|668|189|220|471|291|346|259|125|176|445|434|319|300|126|226|254|194|146|119|108|134|149|234|149|234|0|213|194|242|75|102|119|178|770|935|197|194|573|832|427|511|427|511|0|213|201|190|201|190|0|213|36|4|36|4|0|213|140|188|140|188|0|213|345|317|109|125|236|278|927|593|774|501|153|202|171|208|171|208|0|213|329|304|253|225|76|140|0|213|0|213|0|213|1509|669|1002|483|507|304|799|437|690|443|109|101|977|563|540|336|437|351|221|285|170|206|51|98|2737|1119|761|477|1976|1029|458|423|367|387|91|155|718|425|470|337|248|217|97|142|0|213|97|142|2734|1077|2299|1031|435|362|1009|596|530|368|479|420|1420|663|1213|571|207|216|210|293|118|252|92|153|400|281|308|242|92|109|1712|1496|1599|1442|113|182|1672|1690|1672|1690|0|213|0|213|0|213|0|213|1325|511|1325|511|0|213|1700|746|1214|492|486|447
03000G0US7|2625614|11885|2266352|13964|305035|9005|200162|6498|104873|6865|8872|1522|7899|1431|973|466|1017|862|865|846|152|91|482|260|469|259|13|16|748|493|141|136|607|514|13550|2830|8191|2299|5359|2649|1000|719|907|715|93|101|119|126|85|109|34|59|467|360|277|245|190|204|489|345|431|358|58|95|104|122|104|122|0|213|545|309|504|287|41|56|0|213|0|213|0|213|1373|1160|962|929|411|556|87|160|87|160|0|213|1267|1048|1233|1042|34|81|859|688|515|372|344|388|639|727|580|706|59|123|286|284|109|203|177|140|1122|835|595|554|527|389|1334|628|820|447|514|513|113|200|113|200|0|213|0|213|0|213|0|213|0|213|0|213|0|213|1628|676|618|450|1010|382|612|521|336|273|276|298|980|465|593|352|387|276|528|324|166|123|362|245|975|465|532|285|443|310|298|435|298|435|0|213|788|250|325|219|463|161|394|320|338|295|56|73|3471|1617|2343|975|1128|914|1252|585|820|506|432|282|1041|443|555|341|486|322|296|282|296|282|0|213|0|213|0|213|0|213|161|186|130|176|31|55|985|624|598|432|387|256|271|201|236|195|35|57|3903|943|3567|942|336|129|2171|2084|1713|1548|458|568
03000H0US1|1749262|1448|1653953|6658|27561|3812|17995|2998|9566|2162|23792|2995|19216|2579|4576|1060|1003|965|968|966|35|7|2627|986|2399|964|228|164|2347|883|1668|813|679|425|4666|971|4124|934|542|332|1982|737|1816|729|166|130|506|360|466|348|40|68|1947|788|1647|702|300|250|1901|725|1257|550|644|398|721|524|573|468|148|178|1357|1046|797|463|560|717|49|84|49|84|0|213|219|170|182|177|37|63|520|374|383|318|137|165|855|623|630|469|225|220|302|265|164|169|138|163|449|446|396|439|53|89|271|348|271|348|0|213|709|518|429|255|280|371|2481|1194|1262|504|1219|1036|149|158|149|158|0|213|117|161|117|161|0|213|128|205|0|213|128|205|5780|1791|2969|1212|2811|1214|829|450|705|416|124|112|1250|637|700|449|550|385|0|213|0|213|0|213|807|508|428|283|379|330|174|169|0|213|174|169|1100|589|751|456|349|284|835|506|653|416|182|196|1256|476|793|375|463|372|1355|806|1330|785|25|49|1063|706|876|681|187|256|741|697|704|684|37|65|285|207|249|202|36|62|463|339|449|339|14|40|403|314|184|180|219|221|108|126|108|126|0|213|864|313|806|298|58|88|1337|516|1275|502|62|68
03000H0US2|2986784|1666|2775356|7829|86751|4528|54923|3884|31828|2716|5436|1064|4531|968|905|381|1321|861|1008|756|313|224|2774|906|2112|649|662|445|2676|1177|1692|775|984|556|14526|2341|10194|1798|4332|1042|46818|4730|29768|3954|17050|2319|758|404|420|264|338|308|3846|1162|2847|1004|999|381|4354|1684|2705|1478|1649|846|1513|1590|1218|1311|295|306|2059|983|1706|856|353|346|722|642|722|642|0|213|679|471|448|327|231|327|424|316|241|202|183|201|1877|945|1317|731|560|582|499|273|330|204|169|227|0|213|0|213|0|213|1229|665|629|342|600|408|377|348|301|314|76|118|1928|978|1490|713|438|565|1429|441|1238|398|191|237|300|227|216|152|84|106|335|292|217|172|118|151|7957|1473|3923|987|4034|1013|514|270|468|253|46|45|1419|539|785|360|634|359|42|55|33|53|9|17|715|444|176|149|539|382|0|213|0|213|0|213|978|564|675|497|303|312|2509|2265|1717|1463|792|848|3967|1091|2111|750|1856|731|332|224|225|217|107|51|3868|1508|2657|1066|1211|716|1532|1034|936|484|596|708|0|213|0|213|0|213|790|586|713|575|77|92|225|191|160|149|65|76|0|213|0|213|0|213|1495|717|1219|690|276|253|2454|1035|1734|806|720|487
03000H0US3|7980635|6051|7531537|15974|209644|7692|122270|5415|87374|5760|8348|1294|5995|1081|2353|754|1833|1073|380|230|1453|935|3171|877|3062|870|109|93|1792|671|1566|597|226|185|57099|6275|41213|4703|15886|3647|91472|10161|65739|9411|25733|3324|2098|970|1851|740|247|397|3324|835|1904|613|1420|615|5308|1247|3432|1157|1876|684|610|378|422|272|188|187|4342|2208|3714|2180|628|334|73|154|73|154|0|213|1247|639|628|433|619|428|1306|580|1057|554|249|166|2131|647|1887|657|244|156|1442|827|1416|822|26|54|1229|580|887|440|342|213|797|526|368|313|429|403|1022|494|862|444|160|157|3350|900|2852|806|498|224|676|453|475|427|201|239|736|467|597|391|139|175|375|225|284|199|91|150|4777|1086|2823|859|1954|574|3697|1190|2406|987|1291|629|3665|1569|2724|1516|941|456|3751|1033|2707|865|1044|313|1685|685|526|308|1159|516|160|184|112|179|48|62|1533|722|759|421|774|522|1523|699|1081|657|442|220|7843|1577|5111|1240|2732|937|2683|820|1999|805|684|289|2959|1316|2213|1016|746|430|716|427|526|346|190|171|554|366|418|341|136|118|1331|675|972|495|359|425|1183|635|1003|610|180|163|46|64|46|64|0|213|3163|736|2887|708|276|212|4404|1732|1650|641|2754|1466
03000H0US4|5962653|6939|5513862|15581|294627|8509|155947|6605|138680|6898|6969|1671|5551|1389|1418|748|1056|645|352|248|704|489|920|302|770|263|150|124|1542|595|1149|495|393|311|27465|3936|21196|3010|6269|1464|19109|5177|14804|4378|4305|1280|955|719|874|678|81|137|4627|1400|3216|1018|1411|677|684|390|456|309|228|223|589|333|302|249|287|172|7261|2333|4904|1860|2357|1012|0|213|0|213|0|213|452|388|328|360|124|159|320|290|320|290|0|213|1878|1122|1775|1098|103|140|465|263|436|257|29|60|489|434|482|435|7|13|338|381|273|351|65|109|2763|815|2178|757|585|331|3184|1033|2871|940|313|214|1871|951|1621|921|250|194|233|268|167|233|66|104|536|546|536|546|0|213|6081|1569|2885|937|3196|1173|1959|813|1244|565|715|490|1573|721|903|522|670|496|2102|947|741|394|1361|814|4914|1526|1543|733|3371|1128|220|189|166|165|54|84|3408|1348|2110|909|1298|820|6810|1590|3210|1116|3600|1242|8626|1647|6558|1342|2068|804|6407|1496|3818|1192|2589|976|1696|720|1521|678|175|131|590|573|459|398|131|217|5719|1702|2432|825|3287|1323|1353|539|851|353|502|421|4058|1299|2861|1227|1197|523|140|117|140|117|0|213|11911|2525|11051|2502|860|256|2891|1162|1461|644|1430|867
03000H0US5|7431987|11621|6827719|20351|462717|13640|273360|12607|189357|10756|12728|2889|11217|2693|1511|739|14307|4395|5959|1935|8348|3045|3299|905|2836|781|463|379|3419|1140|2328|813|1091|676|11216|2032|9231|1869|1985|793|4835|1636|3992|1324|843|664|1054|621|956|548|98|125|4718|1634|3950|1393|768|559|1119|540|818|473|301|260|3505|1839|2748|1431|757|703|2088|908|1692|897|396|296|697|794|697|794|0|213|521|393|402|332|119|178|3214|1558|1841|969|1373|1003|5472|3103|3663|2105|1809|1304|1640|1506|1233|1151|407|458|1432|1340|1359|1306|73|169|1248|990|929|740|319|479|2010|1262|1774|1279|236|278|2866|1008|2234|885|632|503|592|671|457|470|135|220|679|541|588|504|91|141|597|644|320|389|277|506|5599|1800|3423|1238|2176|1016|2394|1046|1613|920|781|510|4557|1333|2313|862|2244|913|1118|735|1067|706|51|98|8120|2333|3568|1535|4552|1537|689|449|499|377|190|212|3351|1444|999|447|2352|1368|2863|1519|1417|1207|1446|906|9031|1776|7192|1669|1839|787|2896|1217|2007|1040|889|551|3841|1303|2759|1147|1082|434|697|432|515|382|182|220|474|313|382|279|92|109|3807|2099|3083|1808|724|622|2850|1980|2617|1854|233|297|0|213|0|213|0|213|3052|1648|3052|1648|0|213|2956|1232|2199|837|757|606
03000H0US6|5545944|9593|5313511|13360|153590|7404|87913|6200|65677|5223|6364|1510|5101|1377|1263|604|904|565|654|452|250|326|1316|694|1166|655|150|187|1368|700|1136|582|232|231|12074|3314|10722|3273|1352|565|9466|2906|6035|2212|3431|1452|1289|834|1018|693|271|292|756|469|535|349|221|241|913|521|837|486|76|124|244|224|244|224|0|213|553|453|396|305|157|227|0|213|0|213|0|213|506|468|441|467|65|2|3104|1498|2061|1047|1043|649|303|255|216|166|87|114|654|484|608|441|46|64|323|525|244|424|79|119|1432|774|610|494|822|551|1660|883|698|586|962|643|1348|765|1198|728|150|208|647|514|509|352|138|244|105|161|105|161|0|213|100|157|100|157|0|213|4252|1486|1242|611|3010|1193|4101|1890|2889|1256|1212|849|1866|815|830|463|1036|667|0|213|0|213|0|213|3287|1271|1148|631|2139|904|697|663|234|318|463|386|452|342|70|125|382|309|1409|1114|768|717|641|591|3466|1065|2148|902|1318|493|1284|856|1141|835|143|141|2017|613|1254|422|763|370|1653|1460|464|467|1189|1367|167|170|110|147|57|99|711|272|496|217|215|173|259|205|232|195|27|53|0|213|0|213|0|213|4603|1323|3883|1335|720|549|3190|1458|2053|1102|1137|742
03000H0US7|5847781|10009|4964849|17657|768876|13393|510666|12221|258210|10412|19496|2385|16935|2095|2561|868|2364|1277|1572|965|792|660|742|317|705|315|37|54|1485|593|732|356|753|519|18344|3104|12565|2543|5779|2677|2581|1220|2488|1212|93|101|201|157|167|145|34|59|2077|1032|1439|757|638|509|776|371|718|384|58|95|158|160|104|122|54|97|1114|490|904|409|210|230|0|213|0|213|0|213|1680|1346|1060|988|620|641|361|326|361|326|0|213|2771|1227|2260|1104|511|338|2046|1241|1661|1143|385|398|782|761|620|709|162|186|651|437|474|409|177|140|2031|1021|1409|753|622|415|2339|759|1598|574|741|559|902|631|802|621|100|58|112|183|0|213|112|183|592|508|393|365|199|182|5995|1659|2374|937|3621|1215|1230|616|899|420|331|298|1551|539|1022|425|529|308|1131|410|623|315|508|270|5412|1737|2238|871|3174|1203|466|491|365|441|101|149|2064|734|878|406|1186|430|2270|1262|905|486|1365|1042|7131|1791|5452|1280|1679|1013|2767|1296|2097|1127|670|363|2868|960|1858|791|1010|505|518|346|518|346|0|213|533|371|130|63|403|367|3747|2669|3132|2402|615|514|2335|1029|1253|613|1082|577|481|275|414|257|67|76|6757|1163|6026|1032|731|331|3195|2292|2737|1794|458|568
03000H0US8|3668475|7793|3054380|15918|436175|11281|291832|10722|144343|9230|6663|1677|5503|1487|1160|458|140|217|140|217|0|213|3320|1394|2993|1291|327|327|3334|1130|2833|964|501|381|10172|2032|9463|1900|709|320|2939|1192|2386|1036|553|574|508|303|488|301|20|38|2797|1163|1337|723|1460|900|819|425|717|405|102|132|242|176|175|155|67|76|1847|1064|1450|821|397|373|0|213|0|213|0|213|650|777|626|778|24|47|671|752|664|752|7|14|669|546|292|260|377|376|175|253|49|72|126|222|695|502|288|247|407|436|841|616|672|528|169|182|670|510|568|474|102|121|3607|1284|3248|1205|359|356|109|180|84|128|25|56|174|305|81|143|93|165|142|273|142|273|0|213|4387|1321|3373|1141|1014|572|2928|1124|2269|1016|659|447|2181|1067|1529|703|652|597|145|225|145|225|0|213|2290|908|1084|545|1206|540|198|218|0|213|198|218|741|413|95|109|646|397|1779|1207|1079|1054|700|501|9695|1967|6652|1665|3043|1117|2576|935|1960|757|616|473|734|381|498|289|236|233|215|348|215|348|0|213|83|125|83|125|0|213|203|222|143|163|60|78|791|599|763|595|28|62|74285|3002|54666|3055|19619|1708|32254|3246|28502|2984|3752|941|1251|552|1194|553|57|55
03000H0US9|2689283|3619|2289337|11725|251498|8013|152181|7775|99317|6659|8857|2442|8551|2382|306|237|20|27|20|27|0|213|1697|881|1521|853|176|286|3578|1889|2321|1377|1257|776|8360|1635|7331|1393|1029|546|2131|858|1934|813|197|192|1069|546|1063|544|6|16|5364|1261|4371|1191|993|572|2699|1354|2321|1342|378|352|375|255|263|250|112|62|2308|1164|1091|652|1217|782|727|913|461|454|266|492|1404|730|1219|724|185|144|186|287|118|183|68|109|2087|1390|1032|697|1055|844|224|230|90|125|134|201|165|235|30|57|135|254|131|238|83|152|48|91|698|559|698|559|0|213|2708|833|1939|688|769|435|358|457|358|457|0|213|490|489|444|445|46|78|182|166|182|166|0|213|4886|1155|2868|783|2018|675|6365|1885|3093|1215|3272|1209|2302|915|1016|588|1286|519|1992|1170|1497|978|495|351|3094|1018|1698|677|1396|742|681|415|439|333|242|272|1702|801|859|467|843|459|255|287|238|285|17|8|20824|3063|12164|2238|8660|1596|28094|3586|19488|2668|8606|2263|1111|453|1023|410|88|143|377|282|377|282|0|213|265|266|195|234|70|125|510|648|499|648|11|18|670|407|649|405|21|52|515|386|190|186|325|354|23685|1642|19660|1538|4025|684|5302|2393|4515|2080|787|612
030C201US1|11673411|32616|8788902|39314|1283892|17950|716436|15363|567456|18644|99542|7240|81297|6252|18245|2608|116505|11341|66686|8277|49819|6451|44158|4767|32978|4458|11180|2079|318302|18342|166510|12427|151792|9800|25582|2934|23372|2872|2210|954|5986|1775|5517|1736|469|317|26653|4403|19209|3196|7444|2125|54141|4541|36106|3822|18035|2747|34418|4694|21933|3723|12485|2252|12927|3646|8337|2634|4590|1717|18213|3730|11394|2416|6819|2096|6588|1977|4782|1563|1806|966|15649|3408|11292|2466|4357|1419|21145|4163|15293|3380|5852|1542|52497|5741|44928|5480|7569|2821|15510|3990|10828|2901|4682|1626|5157|1972|3556|1459|1601|922|18766|4104|11898|2838|6868|2378|28119|4641|17737|2956|10382|2574|50463|6278|31387|4367|19076|3445|20946|4759|18374|4173|2572|2064|21740|3941|18704|3327|3036|1090|10446|2766|9163|2463|1283|657|192905|9872|103644|6369|89261|7616|12754|3050|8588|2308|4166|1347|27671|3421|17418|2628|10253|1863|3237|2560|1990|1401|1247|1214|53674|6649|23289|3162|30385|4909|24602|3316|12123|2290|12479|2240|19680|3551|7479|1927|12201|2686|17968|3532|12036|2700|5932|2143|25333|4139|18151|3090|7182|2066|10350|3264|7404|2550|2946|1363|72297|8920|44428|5860|27869|5022|15187|3517|14075|3443|1112|556|15324|4073|8563|2273|6761|2470|34716|4811|25006|3758|9710|2676|28099|4329|19747|3729|8352|2128|46|95|46|95|0|213|1757|1561|1481|1583|276|310|21564|4416|19268|4270|2296|897
030C201US2|34315307|41147|24090405|73635|5007552|38783|2685862|38573|2321690|32621|200213|14963|145124|11142|55089|7922|246850|21619|138864|14577|107986|10407|179292|9555|134288|8598|45004|4082|163178|12659|100037|8799|63141|6947|83306|5482|75256|5263|8050|1761|249929|15393|125311|11959|124618|11001|93850|8368|68785|6506|25065|3546|296133|14255|139764|8687|156369|11426|147234|12475|84736|9161|62498|6876|43160|5199|30598|4125|12562|2120|102079|9285|55190|7112|46889|5176|15565|4025|10393|2888|5172|1901|45617|6705|25720|4706|19897|4175|115473|9864|72655|6723|42818|4839|187331|9635|152989|8369|34342|3781|135019|12482|90598|8816|44421|5767|62886|7428|35029|4540|27857|4147|233568|13408|116043|8356|117525|9337|90998|9342|56643|7089|34355|5223|131856|12140|84801|9312|47055|5155|79442|8217|66360|7713|13082|2302|46448|5692|40720|4992|5728|1646|71341|6595|50337|4705|21004|3636|866865|23054|354821|14437|512044|15594|51722|6027|29533|4619|22189|3194|187568|12341|89537|7972|98031|7913|593|518|529|506|64|86|82240|8923|32768|4203|49472|6639|13981|3840|5602|1803|8379|2936|14562|2771|6645|1620|7917|2072|107670|9727|57972|6809|49698|7043|176809|12280|127971|8833|48838|5639|27339|5085|16502|3018|10837|2943|253416|20469|154721|12552|98695|11725|85893|10272|71622|8892|14271|3149|37045|6420|23001|4601|14044|3579|181489|17003|139655|13713|41834|6431|34977|6084|23019|4192|11958|3638|346|394|68|75|278|386|1853|751|1638|680|215|192|72214|9755|50399|7978|21815|3619
030C201US3|34369160|75309|28633130|74473|2831983|25725|1683394|23917|1148589|23414|97428|8953|67700|7192|29728|5111|37277|6444|15229|3820|22048|4596|51632|5247|39332|4428|12300|1895|36183|4900|27409|3579|8774|2557|87478|4616|75757|4394|11721|1784|22026|5416|16356|3789|5670|3244|40379|6106|32238|5428|8141|1636|81403|7238|49215|5070|32188|4349|183554|13099|111762|9478|71792|6264|55545|6589|36569|5021|18976|3099|108579|10734|53118|6850|55461|7156|4447|1630|3281|1240|1166|664|30928|5809|20455|4596|10473|2404|81665|7451|54360|6095|27305|4243|113771|9813|92745|8406|21026|4042|81778|11347|61443|9116|20335|4013|34651|5662|23259|4176|11392|2693|55253|7874|30650|4821|24603|5204|71562|9193|45637|5649|25925|5773|120307|11703|81140|8874|39167|5074|73879|10019|59669|7980|14210|3707|43758|6143|37029|5150|6729|2040|36254|5150|27896|3989|8358|1843|242021|14060|128427|8575|113594|10386|43461|6583|23501|4381|19960|3774|89551|7842|49278|5172|40273|4772|36970|4266|22985|2828|13985|2526|62825|7711|26329|3940|36496|5231|7545|1862|3556|1206|3989|1116|26571|4070|14338|2651|12233|2503|81431|9778|39345|6599|42086|5852|129045|8050|95615|6778|33430|4130|22844|4514|14809|3462|8035|3377|339883|17009|208951|13962|130932|10468|11856|2673|10431|2444|1425|695|84952|11201|54459|8251|30493|4707|97421|11398|76715|9831|20706|3862|47929|8477|30926|5686|17003|5207|555|306|510|279|45|75|4465|2071|4323|2059|142|208|24985|3902|16111|2693|8874|2260
030C201US4|14202355|71280|12326416|66693|865574|20818|494488|14845|371086|14326|51735|5946|34891|4317|16844|3733|6573|2349|2230|1068|4343|1915|7435|2094|6540|2076|895|527|14246|2988|11585|2512|2661|1088|37048|4201|29789|3535|7259|1777|6318|2072|4747|1351|1571|1206|3307|1430|2663|1081|644|622|25679|3663|14884|2843|10795|2310|4344|993|3223|878|1121|486|31713|5899|19679|3801|12034|3014|19064|4177|12292|2962|6772|2364|492|433|321|327|171|281|11076|2677|6511|1846|4565|1607|9315|2767|5744|1854|3571|1559|27852|4776|24566|4649|3286|1132|12634|2898|10019|2229|2615|1110|3259|1475|1881|912|1378|979|11275|3119|7535|2136|3740|1566|19573|3218|13199|2464|6374|1712|22488|4691|11942|2129|10546|3396|24929|4692|20125|4124|4804|1423|11076|2889|8983|2245|2093|1096|7948|2068|6337|1515|1611|1259|66253|6321|37130|4227|29123|3811|12983|2580|8833|1990|4150|1312|21420|3437|13691|2431|7729|1738|72137|6572|45063|5519|27074|3335|56292|5849|26480|4051|29812|3526|8826|2118|3742|1185|5084|1343|21605|3783|11313|2071|10292|2528|48391|7297|20181|3604|28210|5426|33501|4144|22504|2798|10997|3041|15323|2845|10848|2627|4475|1604|50409|8310|37133|7028|13276|2796|5457|3251|5173|3232|284|263|131946|12650|79029|10057|52917|6246|36825|6506|26668|5049|10157|2988|43603|8356|25886|6408|17717|4373|204|191|204|191|0|213|6571|1861|5694|1734|877|402|9240|2560|7178|2213|2062|1125
030C201US5|51790663|75257|39016865|99200|8026844|54504|4456363|44104|3570481|47271|308726|16454|237709|14017|71017|6660|564801|27381|316160|20433|248641|16727|82637|6664|66263|5341|16374|2672|273340|18414|178570|13815|94770|9660|134796|8381|120178|8061|14618|2174|32487|4300|28746|3871|3741|1273|46284|5439|36505|4548|9779|2561|153318|13759|99016|8906|54302|7038|45752|5110|31689|4204|14063|2682|34409|4338|24753|3754|9656|2009|75537|8501|47830|5471|27707|4643|6371|2270|5031|1778|1340|789|88466|7801|55565|5349|32901|4807|107229|10790|78437|7949|28792|4251|159895|12632|135065|11171|24830|3620|102812|10151|78543|7688|24269|4718|26605|5682|20509|4355|6096|1945|74037|9074|49212|6331|24825|4930|77599|9337|54981|7015|22618|4204|103110|9571|72187|7368|30923|5349|116005|10776|95537|9603|20468|3584|69083|6709|59560|6441|9523|2517|48679|6525|41665|5926|7014|2065|345526|15942|190616|11295|154910|10323|49081|4777|31966|3533|17115|2629|185962|10547|96342|6467|89620|7035|11727|3517|7469|2694|4258|2314|242301|14713|101964|8269|140337|10867|23492|5313|12336|3939|11156|2323|44451|5643|21141|3178|23310|3943|89213|11209|53438|6653|35775|6642|213031|12822|151906|10062|61125|5811|37909|5696|24744|3979|13165|2964|228499|19019|162851|12768|65648|9540|41027|5380|36844|5106|4183|1257|158068|15092|103021|11550|55047|7351|176604|12356|149036|11161|27568|4243|64805|10184|42385|7501|22420|6095|260|169|163|128|97|111|5706|2134|5168|2098|538|296|97314|10480|76933|8871|20381|4057
030C201US6|11066873|40291|9955680|45484|645187|17000|341629|15806|303558|13115|28789|5100|21963|4436|6826|1717|6901|4072|3706|2053|3195|2556|4273|1421|3532|1241|741|507|10174|2870|7794|2312|2380|975|24075|3821|21753|3662|2322|917|6065|2347|5652|2131|413|409|1273|652|1263|651|10|17|7594|2212|5998|1907|1596|755|2199|800|1982|741|217|205|10061|4145|6827|3187|3234|1847|8701|2737|4153|1311|4548|2164|659|588|575|572|84|142|5506|1657|3583|1236|1923|916|12423|3149|8543|2067|3880|1614|14744|3484|12578|2992|2166|1183|7637|2713|5347|1877|2290|1198|3576|2277|2199|1413|1377|1348|7363|2361|3702|1494|3661|1787|16734|3841|10694|2926|6040|2013|11662|4085|6315|1665|5347|3267|8899|2668|7120|2402|1779|863|3900|1614|3383|1442|517|466|2000|974|1686|877|314|289|32673|4517|16859|2582|15814|3329|12068|2482|6298|1766|5770|1783|25174|2839|10991|2078|14183|2123|115|197|0|213|115|197|24434|4015|10047|2192|14387|2849|3268|1397|1356|809|1912|851|8021|2284|3427|1453|4594|1619|12283|4480|5430|1988|6853|2872|22629|4057|16494|3417|6135|1545|5860|2273|4050|2052|1810|870|49966|8606|25219|4012|24747|6911|3615|2484|3615|2484|0|213|8886|4068|4022|1652|4864|2908|12828|3188|9014|2672|3814|1728|28364|8119|15995|5002|12369|5986|0|213|0|213|0|213|509|292|300|178|209|205|10105|3029|6044|2014|4061|2015
030C201US7|31311906|70365|21147222|82736|7815380|57686|4680300|51330|3135080|44580|132482|10905|107123|8754|25359|5040|14412|5522|10748|4404|3664|2371|14749|2403|11636|2120|3113|1300|55780|6766|41474|5357|14306|3248|53075|5449|44622|4512|8453|3036|13963|3455|12221|3073|1742|1405|5441|1567|4363|1466|1078|597|36786|4836|24367|3854|12419|2648|9358|2044|7734|1828|1624|739|10042|2671|8014|2194|2028|1059|14206|3508|10922|2797|3284|1266|3019|1331|2787|1346|232|271|45785|6335|30588|4513|15197|3352|46647|6774|35009|5212|11638|3072|129688|12140|112040|12054|17648|3189|103220|12077|80881|9862|22339|4377|15628|4498|11798|3590|3830|1465|29947|5389|19830|3593|10117|2947|71244|8497|52499|6550|18745|4158|38917|7057|24933|4249|13984|4686|120714|10527|101220|9151|19494|4115|55696|8080|46720|7064|8976|2680|68831|8515|54048|6975|14783|2893|216718|13885|118009|8392|98709|8447|28511|6018|20199|5428|8312|1834|77955|8455|41936|5948|36019|4965|7927|1779|4826|1381|3101|1333|293669|15854|130000|9478|163669|11348|12547|3438|4982|1435|7565|2574|28143|4269|12684|2266|15459|3220|44325|7096|21652|4127|22673|4671|111118|10162|82676|8876|28442|3984|35769|4790|25127|3695|10642|2429|134973|14965|100663|13185|34310|5654|10915|3763|9401|3308|1514|940|43216|9626|27413|5062|15803|6528|122741|13043|107278|12056|15463|3237|56305|10464|37483|7783|18822|5059|1317|719|1010|595|307|290|9325|2867|7342|1644|1983|1653|24200|5534|17420|3948|6780|2563
030C201US8|20554731|44612|15986757|58515|3304970|44302|2107464|33562|1197506|28640|58022|6300|46926|5656|11096|2810|3389|1887|1908|1019|1481|1168|20971|3337|18077|2887|2894|1042|52378|7055|40345|5654|12033|3079|55912|5028|49715|4549|6197|1327|13598|3010|12621|2891|977|717|7822|2229|6861|2092|961|593|37863|5058|24728|3937|13135|3095|14557|2986|10343|2116|4214|1581|12905|2402|8053|1804|4852|1432|19636|4032|13756|3173|5880|1828|3945|1617|2954|1429|991|531|25065|5469|14409|3117|10656|3493|8574|2540|6020|1933|2554|1499|31734|5540|27831|5142|3903|1345|7759|2847|5391|1894|2368|1142|10738|3066|7895|2423|2843|1231|6840|1625|4612|1225|2228|806|21118|5203|13805|3645|7313|2690|28174|5148|21587|4141|6587|1998|24823|4876|19609|3866|5214|2180|10982|2622|9486|2457|1496|785|12264|4417|9575|3167|2689|2053|128429|8889|67788|5354|60641|6758|28078|4571|18749|3221|9329|2334|55997|6608|33720|4846|22277|3994|5447|2505|3853|2050|1594|871|69974|8594|33914|4835|36060|5134|5943|1771|2383|888|3560|1496|21193|3940|10879|2479|10314|2081|20054|5294|10748|2618|9306|3241|158911|11303|114075|9428|44836|5326|43628|6492|30926|4892|12702|3500|51481|7808|33260|4385|18221|4887|10188|2453|9580|2343|608|517|40883|7070|23119|4300|17764|4050|21002|4272|16263|3840|4739|1522|41527|7057|25059|4867|16468|4138|39328|4785|29156|4166|10172|1873|13877|2730|11565|2326|2312|979|17995|3160|13229|2626|4766|1976
030C201US9|46204128|51394|27472452|78958|11203362|57465|6796939|51778|4406423|45207|161613|9897|139113|8756|22500|3337|10412|3242|7982|3087|2430|1209|57901|5139|50381|4841|7520|1478|103328|7440|77066|5889|26262|4035|115284|7246|104270|6670|11014|2067|29853|3410|27473|3272|2380|893|18727|3146|15341|2736|3386|1250|258564|18843|148957|11815|109607|10771|28825|3956|22273|3210|6552|1497|33194|5450|25063|4639|8131|2175|119228|12766|58766|7347|60462|8702|220839|14233|123529|10364|97310|8834|286020|16286|176931|10805|109089|9258|64895|6831|50338|5756|14557|2532|300093|14617|247261|11951|52832|5719|72183|9728|52898|7814|19285|3367|196958|15460|111508|9127|85450|9494|45270|6033|31733|4414|13537|3126|87303|8254|61940|6045|25363|4415|116958|9633|84634|8033|32324|4160|102301|9066|85219|7804|17082|3420|84441|9164|74086|8339|10355|2350|54836|5876|47133|5282|7703|1659|1535625|33983|759232|22377|776393|20169|206004|10452|126167|7910|79837|5427|431094|14946|205274|10271|225820|9801|70305|7895|38921|5427|31384|4659|658651|23917|267841|13316|390810|15524|80511|8976|37196|5081|43315|5448|94212|8657|46139|5561|48073|5098|87064|9303|50029|5513|37035|6167|948556|25921|632082|19320|316474|12077|255555|13467|160776|9495|94779|8025|256499|19982|168125|15254|88374|8882|46837|5972|40264|5358|6573|2094|108352|11462|69461|8976|38891|5163|63719|8296|52862|7122|10857|3118|37737|5230|27997|4196|9740|2373|1667|823|1048|730|619|428|17222|2623|14185|2495|3037|986|59678|6410|35484|4317|24194|4556
030C243US1|2987318|33248|2807005|29057|51495|6632|37865|5083|13630|2983|31024|3237|26254|2713|4770|1095|844|614|803|581|41|74|5220|1494|4684|1463|536|393|15944|4431|11218|3264|4726|2066|8826|2135|7425|1764|1401|894|2320|813|2111|787|209|146|1250|864|1132|751|118|151|4280|1240|3049|973|1231|474|5885|1593|4947|1563|938|453|877|876|737|714|140|187|1806|650|1617|646|189|184|133|165|133|165|0|213|584|561|547|550|37|63|1554|711|1122|616|432|398|3578|1577|3281|1580|297|272|709|666|680|663|29|55|449|446|396|439|53|89|1533|1147|1339|1123|194|248|1184|739|758|578|426|388|6062|3198|3583|1834|2479|1633|156|192|156|192|0|213|441|557|441|557|0|213|249|291|121|204|128|205|12617|3992|8154|3338|4463|1648|1203|582|1046|530|157|149|2665|1350|1268|632|1397|1018|30|5|30|5|0|213|2807|1489|1258|728|1549|921|377|324|318|309|59|100|1096|577|712|432|384|270|972|829|758|610|214|280|1923|848|1523|777|400|274|933|676|908|665|25|49|2702|1350|2357|1232|345|240|535|362|498|336|37|65|226|186|190|178|36|62|956|922|879|845|77|106|1843|854|1435|732|408|286|62|135|62|135|0|213|1188|514|883|334|305|412|1775|520|1517|504|258|199
030C243US2|5906212|41084|5463455|40041|166251|11832|108164|7765|58087|6463|10130|1852|9041|1754|1089|431|3310|1602|2839|1540|471|330|12025|2019|8971|1669|3054|945|8137|2102|5650|1330|2487|1108|31716|3657|23583|3128|8133|1466|84561|7418|54288|5950|30273|3871|3852|1093|3183|1021|669|354|10454|2167|7215|1701|3239|968|11571|2665|7333|1969|4238|1447|2938|1907|2129|1520|809|534|7979|3125|5976|2472|2003|749|628|581|601|579|27|48|1193|947|858|645|335|340|2188|1290|1777|1248|411|384|6695|2681|5400|2510|1295|716|4203|1985|3387|1606|816|662|2558|1398|1854|1146|704|582|2064|1093|1473|749|591|519|4023|1375|2391|1036|1632|963|6505|2441|5171|2246|1334|681|2158|1109|2081|1072|77|130|908|611|818|590|90|103|1450|764|1012|484|438|360|14588|2622|9108|1864|5480|1321|2339|890|1518|655|821|517|4053|1167|2173|797|1880|713|42|55|33|53|9|17|2874|1180|1290|659|1584|669|681|548|601|529|80|138|1205|635|483|270|722|491|3461|2421|2214|1516|1247|1106|7167|1931|4906|1518|2261|902|1181|561|975|501|206|247|5522|1522|4529|1314|993|479|2540|998|1657|570|883|758|32|66|32|66|0|213|2253|1311|1668|981|585|502|954|734|715|652|239|325|34|74|34|74|0|213|1840|835|1615|816|225|236|4494|1536|3342|1157|1152|584
030C243US3|10711186|76234|10173693|78393|203143|10158|135185|6977|67958|5730|9518|1234|7805|1114|1713|494|904|643|537|399|367|320|5237|1244|4443|1100|794|482|3195|1098|2435|830|760|417|86728|11024|62678|8266|24050|5165|122102|10768|83485|9556|38617|4498|2977|1116|2351|869|626|437|4748|1236|3019|862|1729|723|7520|1317|4715|1001|2805|889|1937|722|1383|628|554|375|7301|2826|5802|2544|1499|778|939|826|623|668|316|485|1278|591|1077|506|201|219|3082|1516|1733|918|1349|726|2588|1133|2324|1114|264|228|1614|717|1397|691|217|232|2093|1232|908|521|1185|974|200|190|150|192|50|27|1613|909|886|497|727|586|7447|2062|6078|1769|1369|658|1993|1201|1816|1128|177|161|1322|1239|1262|1224|60|126|426|221|347|221|79|4|7881|1814|4326|1375|3555|1012|3358|1115|2717|1097|641|357|4182|1525|3232|1405|950|446|4197|1541|2411|1056|1786|823|4125|1722|1815|997|2310|1045|1096|1346|48|58|1048|1347|2259|1128|1004|537|1255|942|1297|718|991|587|306|277|7533|1605|5728|1340|1805|526|2101|800|1798|727|303|205|5388|2005|4664|1937|724|342|874|403|736|328|138|127|2251|1476|1878|1231|373|295|3439|2503|2493|1669|946|895|947|561|780|517|167|139|46|64|46|64|0|213|3231|804|2857|752|374|233|3383|1301|2572|1097|811|563
030C243US4|6537659|72178|6233114|69408|164376|8224|96558|5126|67818|5890|5818|1406|4426|1043|1392|865|541|490|58|99|483|428|1204|321|1063|312|141|114|1592|634|1321|532|271|200|33498|4631|24635|3255|8863|2068|23923|5678|17994|4719|5929|1761|170|135|170|135|0|213|6463|1851|4632|1402|1831|752|699|352|498|286|201|169|837|408|485|298|352|270|4386|1579|2590|1047|1796|792|0|213|0|213|0|213|238|202|114|93|124|159|553|627|429|453|124|207|1263|835|977|748|286|283|310|256|191|196|119|117|555|551|486|468|69|121|371|387|291|356|80|115|1081|598|993|585|88|111|3870|1051|3183|936|687|361|1455|1132|1293|1053|162|194|225|244|225|244|0|213|101|144|101|144|0|213|4660|1477|2282|816|2378|993|1185|484|994|468|191|191|2413|950|1249|543|1164|579|5335|1644|3097|1299|2238|812|2501|1220|1315|567|1186|839|460|323|328|298|132|145|1302|542|968|463|334|234|2828|1273|977|425|1851|1226|6485|1349|4432|1012|2053|748|4186|999|2740|813|1446|487|940|423|742|363|198|168|659|589|459|398|200|248|1178|869|511|357|667|801|660|442|660|442|0|213|2184|1110|1698|1014|486|270|110|102|97|98|13|32|11418|2460|10452|2428|966|280|2512|800|1706|494|806|536
030C243US5|14225251|76102|13044409|68127|823824|26664|498017|21187|325807|15925|25201|2828|20757|2638|4444|1533|25603|7414|16096|5247|9507|2889|9656|1933|7902|1662|1754|673|23593|8026|18141|6557|5452|2425|28095|3539|24851|3252|3244|938|8209|1508|6596|1350|1613|732|2514|1204|1890|952|624|518|19983|4064|13606|2753|6377|2020|5131|2257|3721|1743|1410|693|2670|1307|2054|1208|616|503|9904|2989|6988|1925|2916|1817|250|190|237|188|13|23|3654|1346|2083|862|1571|829|7849|2592|4809|1588|3040|1431|11591|3856|8852|2859|2739|1336|2896|1407|2221|1075|675|484|2592|1442|1940|1162|652|464|2593|1329|2550|1336|43|73|5249|2268|3967|1825|1282|995|9163|2290|6636|1549|2527|1348|9485|3209|8719|2863|766|847|3868|1769|3289|1523|579|545|3868|1764|3310|1616|558|475|20693|3839|12191|2462|8502|2745|4596|1324|3713|1250|883|454|15782|2902|9006|2086|6776|1951|4591|2364|3420|1778|1171|909|12074|3153|6738|1882|5336|1895|2058|941|960|570|1098|732|4757|1378|2498|985|2259|854|4684|1397|2859|1109|1825|920|19562|3150|16096|3024|3466|968|5741|2257|3868|1873|1873|1034|14197|3860|10164|3318|4033|1469|2252|1135|2121|1100|131|177|1494|1212|882|589|612|681|6697|2228|6091|2132|606|496|5336|2625|4666|2427|670|506|32|52|32|52|0|213|2630|828|2497|782|133|144|6225|1688|4445|1306|1780|784
030C243US6|7728813|39701|7437256|39998|187334|11370|110898|7651|76436|7881|6391|1589|5575|1524|816|423|647|327|509|305|138|157|1789|751|1471|698|318|292|2215|1222|2052|1187|163|154|14627|3342|12616|3267|2011|751|15547|4307|10143|3493|5404|1897|1329|858|1058|722|271|292|1681|906|1309|869|372|263|1565|756|1298|702|267|235|478|398|465|390|13|22|1912|1269|1536|1210|376|348|0|213|0|213|0|213|484|330|384|314|100|92|3772|2158|2599|1441|1173|842|687|434|403|256|284|306|621|391|437|267|184|299|323|525|244|424|79|119|374|417|235|319|139|150|1164|825|459|444|705|531|1756|619|1263|443|493|400|462|461|324|264|138|244|694|679|505|503|189|215|247|273|199|268|48|76|4521|1730|2511|1077|2010|927|2990|1344|1923|788|1067|830|2609|945|1305|589|1304|743|18|29|0|213|18|29|6672|2540|2660|1313|4012|1608|914|673|286|272|628|482|723|431|390|342|333|260|2290|1575|1215|862|1075|939|5356|1461|3808|1162|1548|776|2087|1319|1581|1153|506|542|3527|1480|2319|991|1208|790|1556|1434|321|393|1235|1367|321|369|264|354|57|99|1102|888|896|794|206|264|387|277|345|269|42|57|0|213|0|213|0|213|4664|1383|3866|1387|798|554|5721|3128|3557|2163|2164|1655
030C243US7|9119321|71869|7700277|65794|1193074|31157|780913|22532|412161|16843|27867|2855|23029|2177|4838|1810|1693|1026|1362|877|331|324|1092|449|1026|454|66|59|5089|2816|4039|2617|1050|681|24460|3363|19628|3025|4832|1595|5530|1963|5088|1776|442|346|188|154|154|141|34|59|4041|1495|3154|1066|887|697|2035|905|1484|820|551|374|954|769|791|660|163|199|3371|1458|2327|769|1044|937|92|152|92|152|0|213|2560|1589|1762|1244|798|653|3384|1558|2691|1225|693|739|8865|2826|8516|2689|349|395|9057|3906|5890|2548|3167|1875|1083|847|828|754|255|314|2471|1700|1346|836|1125|1164|4451|1744|2815|1200|1636|988|5957|2595|4675|2288|1282|1068|11596|5341|8656|3843|2940|2470|1236|902|1120|808|116|144|2547|1238|1834|937|713|448|11514|3042|7736|2679|3778|1109|2573|972|1500|694|1073|625|4740|1277|2491|857|2249|812|3127|1180|1890|849|1237|493|13027|2917|5964|1797|7063|1883|877|502|279|225|598|408|5120|1759|2816|1158|2304|946|4245|1956|1672|1150|2573|1834|13812|3203|9265|2315|4547|1675|5166|1435|3324|1052|1842|836|6115|2068|4551|1622|1564|938|1541|1084|1452|1073|89|158|1532|922|1314|880|218|297|6570|2984|5269|2625|1301|861|5101|3100|3127|1635|1974|2352|259|192|259|192|0|213|8150|1369|7357|1333|793|283|2882|1095|2539|1019|343|378
030C243US8|4217523|45333|3548477|40706|430425|20829|290349|15712|140076|10001|6548|1575|5769|1496|779|442|491|357|466|329|25|47|3900|1309|3125|1004|775|685|3058|997|2709|942|349|250|16884|3156|15079|2839|1805|712|3556|1401|2641|1103|915|776|361|332|341|333|20|38|4098|1429|2577|1058|1521|961|1343|725|1241|714|102|132|1146|703|1025|668|121|160|3549|1756|2519|1364|1030|707|518|522|390|464|128|233|1023|844|755|624|268|292|171|168|171|168|0|213|835|599|769|596|66|43|166|247|40|62|126|222|70|123|70|123|0|213|396|405|349|396|47|68|2693|1552|1611|943|1082|923|4337|1560|3635|1414|702|537|1826|983|1409|755|417|485|1693|1890|1693|1890|0|213|96|160|96|160|0|213|8344|3461|5210|1855|3134|1978|3425|1755|2255|1291|1170|705|2466|1226|1440|718|1026|666|286|292|228|242|58|95|2000|991|1623|858|377|253|1620|1364|809|779|811|690|1902|1015|1231|923|671|350|3136|1857|2123|1304|1013|796|7913|1906|5838|1587|2075|800|3570|1258|2424|874|1146|637|1187|848|1187|848|0|213|1141|1139|1052|1130|89|141|555|476|413|422|142|214|2490|1667|1943|1461|547|461|727|654|699|652|28|62|91996|3575|65513|3228|26483|2076|46226|4151|40883|3924|5343|1315|879|437|788|428|91|104
030C243US9|4824126|50914|3869595|43886|663033|26302|414654|17697|248379|14455|15655|3162|12970|2661|2685|1586|78|103|78|103|0|213|4176|1414|2991|1048|1185|760|9771|2751|7138|2119|2633|1002|12688|2548|11221|2345|1467|698|4347|1456|4221|1442|126|117|2531|891|2347|834|184|195|13936|2825|10191|2120|3745|1361|2522|962|1845|932|677|472|1122|730|842|619|280|215|7211|2253|3301|1390|3910|1529|3419|2209|2545|1542|874|1036|4887|1544|3813|1429|1074|580|1632|1256|1326|998|306|379|6226|2093|4778|1688|1448|859|3068|2633|2827|2593|241|241|13232|4429|7606|3048|5626|2040|1713|1127|1543|1040|170|169|2405|1817|2229|1769|176|237|6555|2090|4724|1432|1831|957|4475|1785|3658|1511|817|483|2327|1544|2154|1531|173|287|3477|2235|1100|1128|2377|1894|23123|4954|11911|2746|11212|2919|5411|1336|3144|945|2267|841|9399|2487|4361|1370|5038|1849|4614|2425|2669|1705|1945|969|9269|3323|5904|2640|3365|1097|1803|758|1096|578|707|375|4249|1993|2888|1441|1361|721|4372|2481|2868|1733|1504|960|32842|4651|23732|3768|9110|1907|22610|3802|16109|2833|6501|2391|7438|2919|5282|2281|2156|1043|1674|949|1522|870|152|272|2524|1904|2227|1711|297|309|1726|1255|1617|1258|109|139|3244|1303|3219|1309|25|52|318|294|205|203|113|213|22615|1690|18638|1554|3977|700|6814|2617|5730|2481|1084|662
0400000US01|4871941|3966|4558803|12287|195336|9187|115059|7565|80277|6846|6949|2048|5290|1614|1659|1095|1135|591|815|437|320|356|1210|485|1027|437|183|230|4750|2024|3339|1501|1411|793|8983|1765|7649|1579|1334|674|1357|840|1357|840|0|213|667|622|538|501|129|200|2416|1078|1807|916|609|423|557|536|470|507|87|149|71|94|71|94|0|213|1309|688|834|511|475|407|93|167|93|167|0|213|1035|625|603|469|432|381|3310|1634|2126|1110|1184|677|2947|1356|2572|1226|375|289|1889|1104|1156|644|733|748|399|449|384|446|15|28|2377|1182|1471|881|906|526|583|435|447|338|136|173|1378|632|1068|569|310|312|2827|1728|2458|1703|369|324|427|406|427|406|0|213|355|336|284|318|71|111|10910|2461|5015|1545|5895|1786|2555|1398|1444|783|1111|887|13809|2667|4745|1573|9064|2238|18|29|0|213|18|29|5908|1939|1992|948|3916|1298|804|697|156|209|648|550|1157|751|426|408|731|535|2064|1351|1197|909|867|703|6100|1937|4415|1700|1685|749|3272|2306|2371|1953|901|706|6153|1857|4605|1440|1548|762|64|101|64|101|0|213|377|485|347|478|30|52|4795|1948|4096|1688|699|771|4814|2169|4444|2069|370|307|0|213|0|213|0|213|213|147|173|134|40|54|7765|3827|3618|2317|4147|2366
0400000US04|7188421|1266|5328677|28187|1373997|24042|905491|19739|468506|16767|18513|3930|16022|3748|2491|997|1317|1024|659|502|658|735|6185|1502|4820|1192|1365|773|8121|2047|5795|1620|2326|1236|16609|2896|14276|2638|2333|681|5146|1950|4505|1821|641|680|2470|1062|2321|1054|149|150|7272|1891|5017|1593|2255|902|6587|2039|4708|1581|1879|840|4958|1617|2919|1038|2039|1095|4169|1797|3140|1408|1029|762|646|487|339|290|307|387|10873|3790|5453|1612|5420|2663|3682|1525|2634|1238|1048|884|13831|4063|11646|3683|2185|1034|2340|1066|1702|909|638|411|5410|2562|4490|2039|920|807|3009|1205|1722|846|1287|590|3574|1556|2465|1054|1109|959|13274|3887|9858|3095|3416|1468|13142|3625|10754|3229|2388|1422|8139|2697|7530|2524|609|421|7454|3342|5338|2459|2116|1998|39757|4750|21578|3324|18179|3071|8302|2364|4998|1656|3304|1497|16580|3704|9762|2697|6818|2330|1424|1767|1424|1767|0|237|27664|5491|13420|3444|14244|3203|2543|1020|1403|777|1140|674|3733|1999|2722|1497|1011|649|6395|2565|4192|1604|2203|1147|34613|6176|24962|5319|9651|2414|9713|2994|7868|2379|1845|1324|27658|6209|18213|3797|9445|3236|3269|1544|2949|1422|320|404|12307|3737|6623|1858|5684|2629|8396|3149|6209|2796|2187|1089|18955|5398|12723|3696|6232|2866|70691|3741|55512|3496|15179|1478|18820|2491|16575|2240|2245|826|8206|2158|5900|1622|2306|1594
0400000US06|37348109|3122|20412952|69289|10754818|52646|6520752|46078|4234066|46374|131065|8025|114110|7404|16955|2564|8899|3186|7211|3094|1688|1115|53246|5003|45142|4659|8104|1581|90179|6695|68114|5434|22065|3588|84819|6058|76556|5777|8263|1597|23516|3027|21739|2914|1777|774|16678|2992|13619|2546|3059|1227|188555|13084|106241|8112|82314|8976|24033|3405|18333|2784|5700|1478|23633|4531|17835|3917|5798|1655|69231|10358|37210|6459|32021|6397|222071|14390|124701|10521|97370|8919|263138|15360|166228|10916|96910|7975|56203|6967|42518|5732|13685|2589|253073|13828|205185|11572|47888|5435|63560|8535|46180|7135|17380|3064|186435|14720|105887|8967|80548|8738|34232|4460|23879|3106|10353|2551|71650|7963|50826|5913|20824|4313|83842|7877|60695|6289|23147|3553|77429|7110|65677|6463|11752|2493|67236|8083|58504|7080|8732|2200|45529|4760|37221|4379|8308|1990|1334399|31335|648890|20353|685509|18872|132602|8951|80672|6854|51930|4941|350520|14531|167669|9689|182851|9056|66170|7637|36424|5227|29746|4342|559609|22108|226348|12622|333261|14365|63945|7441|28781|4108|35164|4865|71808|7272|35707|4678|36101|4317|72213|8427|41318|5096|30895|5523|820806|24624|554146|18301|266660|11310|113411|8374|76764|6760|36647|4345|223882|17505|144014|12738|79868|8786|43046|5420|37316|4973|5730|1804|67710|8647|44602|6857|23108|4175|48768|7276|42184|6519|6584|2013|19954|4276|16166|3510|3788|1605|1190|787|919|747|271|264|7036|1980|6310|1863|726|477|45018|6035|23268|3170|21750|4716
0400000US08|5651030|2732|4709106|21172|635821|17783|407820|16268|228001|12327|19969|3950|15039|2951|4930|2355|613|413|613|413|0|224|6787|2109|5920|1692|867|655|11594|2155|9299|1858|2295|943|23021|3221|21087|2900|1934|891|5319|2020|4906|1985|413|506|788|463|745|457|43|69|18696|3790|12140|2810|6556|1914|4084|1094|3185|965|899|478|2143|950|1281|677|862|678|6103|2004|4027|1251|2076|1137|535|521|535|521|0|224|7069|2655|3937|1754|3132|1645|2239|1402|1163|648|1076|1137|9673|2478|8342|2152|1331|694|1075|1013|725|716|350|384|1767|991|725|476|1042|709|1258|563|1018|474|240|290|12001|3802|8300|2844|3701|1607|7364|2665|5902|2210|1462|825|6197|2899|4743|1756|1454|1565|2211|1077|1765|905|446|615|1346|768|1263|739|83|106|26417|4195|15984|2464|10433|2720|7405|2305|4764|1554|2641|1122|15965|3155|9575|2498|6390|2053|2655|1358|1534|832|1121|689|15961|3601|8467|2284|7494|2079|1739|1400|900|790|839|645|6452|1939|3126|1186|3326|1056|5880|1897|3345|1122|2535|1154|10728|2378|8111|1640|2617|1162|6910|2758|4108|1512|2802|1854|10733|2654|7287|1973|3446|1535|4468|1997|4257|1990|211|246|17530|5721|8512|3369|9018|2926|8738|3169|6473|2699|2265|1274|7912|3120|4530|1977|3382|2156|1270|718|979|701|291|404|680|372|543|334|137|154|2808|1114|2284|1081|524|333
0400000US09|3495173|1906|2666052|18677|453397|11016|260877|8829|192520|9291|26255|4869|22242|4225|4013|1321|25199|5879|15677|4180|9522|2730|18944|3602|13683|3127|5261|1452|43213|6997|25413|4734|17800|3771|8206|1918|6817|1562|1389|1019|1621|862|1439|776|182|178|6022|2413|4461|1674|1561|1040|11581|2545|8493|2091|3088|1138|24257|3812|15353|3290|8904|2017|5857|2620|3613|1882|2244|1346|9306|3031|6295|2127|3011|1279|468|457|87|102|381|477|3615|1409|2629|936|986|576|10105|2425|6411|1855|3694|1201|14251|3425|10430|2648|3821|2517|7475|2378|4785|1510|2690|1202|2022|1328|903|654|1119|800|5126|2103|3140|1339|1986|1441|3803|1452|3339|1392|464|412|14128|3299|9197|2406|4931|1576|4379|2087|4180|2081|199|193|8742|2545|7302|2053|1440|827|3589|1949|2844|1566|745|496|33605|4454|17679|3130|15926|3167|2871|1409|2203|1240|668|377|5741|1666|3816|1259|1925|756|207|330|207|330|0|225|7708|2111|4161|1381|3547|1221|1445|1159|630|581|815|800|5559|1930|2232|922|3327|1434|3024|1375|2486|1055|538|458|10384|2649|8242|2337|2142|769|1029|582|858|517|171|222|19641|6210|9911|3788|9730|3037|3612|1557|3436|1498|176|205|1026|963|680|638|346|368|8773|2608|7035|2240|1738|831|1746|1324|1315|928|431|486|0|225|0|225|0|225|1302|1579|1055|1541|247|400|9887|3085|9238|3058|649|368
0400000US10|997129|209|835099|8889|80141|5135|48631|4013|31510|3608|5946|2534|5231|2383|715|764|7138|2793|3386|1735|3752|2047|2079|892|1527|741|552|395|1036|550|989|553|47|80|2198|866|1860|781|338|297|1487|1198|1244|1172|243|269|1774|884|1378|620|396|499|2143|1212|1696|870|447|464|1036|723|694|521|342|317|842|765|662|612|180|322|704|488|641|474|63|108|484|763|484|763|0|208|783|531|442|464|341|266|2672|1654|1240|830|1432|1396|1511|796|1247|685|264|211|4518|1907|3528|1566|990|526|1443|938|821|505|622|497|1042|1004|392|358|650|687|1195|780|1126|749|69|120|1436|884|822|564|614|689|2309|1044|1994|952|315|296|919|874|903|874|16|39|733|700|668|693|65|108|10011|2522|4648|1690|5363|1809|162|139|90|109|72|98|2769|1192|1336|661|1433|848|0|208|0|208|0|208|2978|1983|1865|1376|1113|728|408|473|0|208|408|473|223|238|110|122|113|143|938|858|660|810|278|244|3554|1107|2979|1059|575|345|175|203|46|61|129|197|3134|2046|2097|1297|1037|842|506|476|506|476|0|208|538|786|358|501|180|297|7734|2621|6550|2359|1184|800|1939|1686|1939|1686|0|208|0|208|0|208|0|208|137|144|137|144|0|208|1255|760|926|613|329|324
0400000US11|662752|79|521800|8710|61754|4580|37228|3992|24526|4130|11931|2616|9860|2366|2071|1166|1260|1049|523|636|737|917|1831|980|1770|973|61|102|1431|875|1330|856|101|172|3303|1266|2950|1196|353|416|532|414|532|414|0|247|1115|894|1041|894|74|15|2673|1057|2042|818|631|618|445|345|361|244|84|137|711|693|711|693|0|247|1036|620|815|507|221|214|106|135|29|46|77|127|2051|926|1859|883|192|188|878|776|878|776|0|247|1772|845|1368|600|404|443|403|478|325|358|78|134|318|312|171|215|147|235|273|234|273|234|0|247|972|807|972|807|0|247|1732|1105|1175|845|557|595|0|247|0|247|0|247|891|767|722|750|169|146|196|247|196|247|0|247|7561|1543|5543|1335|2018|860|1334|555|902|482|432|328|2003|730|1496|651|507|284|53|81|53|81|0|247|2868|2099|388|302|2480|2131|0|247|0|247|0|247|609|562|292|265|317|338|1832|1241|1746|1232|86|102|1567|769|1060|618|507|598|638|388|638|388|0|247|2612|919|2293|835|319|331|1327|620|1252|628|75|80|14706|6013|8716|3854|5990|2738|4037|2150|2838|1371|1199|1128|1584|858|1403|845|181|224|31|50|31|50|0|247|0|247|0|247|0|247|576|369|427|248|149|275
0400000US12|22225589|4333|15115259|53107|5191207|29913|2859103|35794|2332104|32831|123268|9879|94407|7915|28861|5075|512329|28589|284890|19884|227439|17451|48746|5670|39092|5158|9654|1689|210218|17428|134764|12681|75454|8876|62457|6087|54868|5504|7589|1938|16351|2946|14047|2632|2304|972|23766|4185|18418|3614|5348|1517|81639|10070|52216|7171|29423|4609|30575|4535|19779|3430|10796|2417|15421|2722|11014|2151|4407|1353|41478|6554|24464|4041|17014|3856|1770|966|1564|854|206|272|9815|2921|6432|2184|3383|1500|24099|5474|16920|4168|7179|2095|31630|5667|24862|4788|6768|2079|18892|4130|15487|3516|3405|1435|3564|1726|2773|1204|791|840|17728|4569|12118|3741|5610|2094|11040|3377|8498|2512|2542|1583|44427|6852|29323|4312|15104|4391|23771|4718|20055|4048|3716|1386|15378|3608|12154|3008|3224|1377|16170|3798|12069|3207|4101|1772|87239|8679|44704|5180|42535|5625|11545|2378|7939|2058|3606|1217|19571|3191|10872|2489|8699|1882|1454|1284|1008|854|446|674|73835|8428|31662|4125|42173|6156|8891|3691|4863|2697|4028|1599|16990|3610|8483|2231|8507|2620|26272|6221|14927|3751|11345|3445|81435|6623|57454|4888|23981|4018|11722|4083|8031|2798|3691|1550|94090|13917|64485|9173|29605|8198|23562|3680|20464|3544|3098|1076|6910|2781|4613|2044|2297|1277|13191|4891|9353|3267|3838|2246|10644|4382|6394|2954|4250|3061|101|112|49|80|52|78|1681|849|1662|849|19|21|45458|7223|33521|5493|11937|2879
0400000US13|10568335|5147|8847493|25744|972043|15435|567214|13408|404829|13923|45563|6558|36156|5761|9407|2603|26911|5420|17868|4152|9043|2749|5019|1403|4379|1376|640|370|25562|4383|18668|3435|6894|2324|20287|3452|18313|3282|1974|797|6628|1828|6157|1764|471|343|3214|1335|2689|1235|525|324|13581|2709|8698|2119|4883|1423|4102|1736|3362|1605|740|412|6775|1929|5083|1527|1692|864|8882|2323|6774|1922|2108|788|211|272|211|272|0|232|16181|3645|10484|2670|5697|1959|34673|5872|24492|4531|10181|2578|41443|5779|34428|4869|7015|2088|14703|3495|11624|2883|3079|1426|3613|1898|2955|1662|658|482|12058|2935|8367|2392|3691|1218|15193|3805|10029|2355|5164|2367|11973|2679|9618|2348|2355|1131|25784|4295|21740|3678|4044|1774|16351|4145|14752|4039|1599|1200|10835|3197|9983|3100|852|521|64396|6195|35309|4640|29087|3924|10590|2378|7239|2218|3351|1222|60398|7426|29173|4305|31225|4690|1998|975|1368|814|630|433|56785|6656|21639|3789|35146|4967|6380|2346|3488|1651|2892|1168|6734|2063|3858|1394|2876|1068|15553|4732|10267|3386|5286|1764|19752|2871|14619|2310|5133|1458|6615|2505|4621|2164|1994|1006|18447|5397|14873|4744|3574|1263|7895|3081|7349|2825|546|583|30266|7395|21268|6143|8998|2746|35557|5405|32359|5077|3198|1254|21857|6059|11836|4001|10021|4309|24|40|24|40|0|232|903|540|693|418|210|231|15107|3767|12935|3184|2172|1226
0400000US16|1891024|1544|1675654|8469|156657|6173|102135|5844|54522|4682|4697|1247|4156|1212|541|466|107|148|107|148|0|198|1490|834|1463|832|27|46|2502|987|2118|934|384|291|3191|889|2728|836|463|373|511|412|459|356|52|85|350|301|330|300|20|38|2606|965|1890|933|716|456|193|212|158|169|35|60|1844|1055|1319|805|525|337|4571|2491|3106|2012|1465|1017|61|112|0|198|61|112|471|434|367|349|104|115|0|198|0|198|0|198|1031|628|947|577|84|133|748|1081|554|830|194|260|0|198|0|198|0|198|203|332|125|216|78|133|2792|2061|1402|727|1390|1640|1486|700|1076|539|410|317|1276|965|1233|942|43|76|37|64|37|64|0|198|27|48|27|48|0|198|4794|1414|3162|979|1632|847|1442|707|1115|592|327|240|2985|1385|1325|715|1660|903|0|198|0|198|0|198|1822|864|472|394|1350|758|0|198|0|198|0|198|735|548|375|343|360|319|1694|1491|1013|837|681|693|3459|1342|2416|1093|1043|550|1643|862|893|499|750|591|1086|796|716|587|370|366|0|198|0|198|0|198|290|271|196|224|94|153|330|302|161|138|169|251|5010|1552|2126|962|2884|1072|319|211|291|205|28|49|1331|568|1218|545|113|107|1579|834|622|357|957|739
0400000US17|12055041|3018|9101368|32193|1702816|19112|1023565|18340|679251|19341|32123|4809|22246|4052|9877|2671|4152|1739|2885|1472|1267|747|26447|3940|20137|3376|6310|1656|10926|2609|8689|1964|2237|1434|31013|3503|27615|3234|3398|975|6674|1530|4739|1206|1935|943|23328|4523|18529|3984|4799|1331|48066|5883|29164|4257|18902|3410|157649|12830|91821|8717|65828|6188|28051|4771|17911|3634|10140|2199|65867|8230|29523|4596|36344|5654|2146|1598|1263|1050|883|749|10394|3367|6883|2620|3511|1838|50397|6958|31231|5236|19166|4099|52252|7476|43189|6530|9063|2273|57097|9059|42070|6951|15027|3522|8942|2798|5983|1871|2959|1172|9858|3525|5665|1921|4193|2274|14829|3984|12319|3376|2510|1232|53627|8372|36137|6396|17490|3329|26141|4473|22309|4428|3832|1205|15843|4105|12903|3163|2940|1621|18392|3724|13427|2795|4965|1397|117166|10554|58357|5595|58809|8426|13194|3349|8385|2690|4809|1284|46881|6129|24793|3786|22088|3483|181|185|181|185|0|208|24412|4827|10103|2377|14309|3187|1794|930|1009|622|785|577|11243|2800|5555|1894|5688|1828|25907|4803|13398|3521|12509|2678|84264|8049|63292|6351|20972|3365|10542|4337|6024|2194|4518|3500|78419|10584|55695|8192|22724|4938|5531|2038|4950|1863|581|387|23110|5233|14523|3749|8587|2329|34854|7135|26703|5565|8151|2512|8829|2588|6318|2188|2511|1383|228|198|183|183|45|75|623|661|623|661|0|208|9465|2672|6175|1863|3290|1443
0400000US18|6520741|3698|5788880|20685|381198|10087|219386|9565|161812|8349|10588|2604|6914|1629|3674|1542|16124|5089|5120|2354|11004|4019|2090|808|1576|646|514|361|2741|1114|2291|966|450|333|40333|7413|32276|6720|8057|2459|37403|5910|25657|4209|11746|3506|4425|1276|3574|1079|851|533|3495|1047|2470|930|1025|492|6380|2968|4305|1909|2075|1430|5270|1377|3863|1046|1407|722|5048|2386|4332|2320|716|553|467|505|306|314|161|226|4952|2825|4142|2411|810|728|5950|1881|3948|1384|2002|919|12943|2688|9857|2163|3086|1578|4142|1532|2963|1269|1179|734|12173|3947|7564|3030|4609|1911|1825|1067|1581|1014|244|225|3529|1407|2655|1105|874|607|7755|2728|4029|1168|3726|2330|7561|2652|6436|2251|1125|811|4749|1835|3824|1623|925|770|2110|980|1890|937|220|223|25119|4357|11404|1957|13715|3265|7448|2995|4031|1397|3417|2316|9203|1865|4745|1571|4458|1313|117|159|0|211|117|159|6847|2025|2619|1263|4228|1421|289|296|289|296|0|211|2565|1328|1332|701|1233|1000|23308|4315|10750|2529|12558|2855|10949|2230|7845|1789|3104|1266|6091|1918|4094|1606|1997|685|13224|3564|8822|2527|4402|1795|1505|767|1505|767|0|211|4182|2393|2200|1351|1982|1484|24763|7153|18508|5885|6255|2770|7994|3800|3443|1620|4551|3479|200|179|200|179|0|211|288|402|288|402|0|211|4518|1805|2176|993|2342|1518
0400000US19|3055412|2988|2760189|12482|148032|6427|83024|5278|65008|4202|9408|2381|4087|1240|5321|2057|1732|1065|312|273|1420|964|1535|920|1469|925|66|81|2915|2000|2179|1307|736|777|9738|2383|8131|2063|1607|630|7934|2562|5631|2003|2303|991|1013|719|932|679|81|137|1305|557|762|465|543|415|416|294|290|237|126|138|8417|2922|4518|2146|3899|1744|2900|2020|1240|974|1660|1225|0|174|0|174|0|174|1879|1381|1111|1059|768|682|32|59|0|174|32|59|3697|1409|2487|1101|1210|685|1991|879|1481|704|510|474|747|657|425|388|322|555|639|549|565|491|74|91|3973|2094|2226|1275|1747|967|2620|1794|1210|725|1410|1508|1281|1015|644|594|637|786|2785|1683|1974|1106|811|873|1117|813|1117|813|0|174|9225|2271|6071|1873|3154|1094|1395|570|1100|487|295|277|3040|1354|1164|610|1876|1023|971|711|167|211|804|691|7555|2149|4076|1569|3479|1268|410|393|281|356|129|131|6501|1793|3460|1085|3041|1233|10769|3208|4129|1504|6640|2203|4583|1570|3766|1492|817|490|5155|1985|3111|1673|2044|1205|8089|2587|5366|2143|2723|1524|820|573|502|368|318|303|3559|2068|2119|1521|1440|836|3176|1853|2829|1693|347|275|12116|3643|6406|2532|5710|2183|0|174|0|174|0|174|765|463|663|453|102|111|988|593|793|533|195|208
0400000US20|2799588|1775|2446202|9978|235017|9573|133154|8689|101863|6209|5363|1431|3917|1080|1446|814|84|114|84|114|0|189|877|669|693|575|184|233|1215|659|1132|653|83|113|10547|2034|8396|1662|2151|964|1696|728|1539|726|157|144|621|545|621|545|0|189|2860|1327|1526|773|1334|1015|467|342|226|234|241|230|684|574|273|187|411|531|1352|643|1159|599|193|154|0|189|0|189|0|189|1296|908|711|530|585|421|1448|1044|544|420|904|960|4516|1752|4176|1753|340|301|2066|1082|1367|777|699|467|633|638|399|410|234|310|765|593|520|463|245|257|2377|1241|1986|1150|391|301|1138|851|1103|849|35|57|5824|2021|4995|1806|829|622|1196|933|868|742|328|318|2802|1452|1884|854|918|1119|8471|2133|4228|1282|4243|1429|3005|1264|2178|1019|827|543|4543|1844|2852|1339|1691|866|2563|1456|1111|666|1452|964|10345|1849|4623|1371|5722|1381|2323|1522|532|479|1791|1272|3771|1503|1817|895|1954|858|4631|1960|2351|929|2280|1351|6512|1919|4549|1274|1963|1153|2433|1059|1740|929|693|630|6346|2969|4573|2302|1773|986|220|232|220|232|0|189|4610|2001|3571|1715|1039|675|1714|1152|1421|1020|293|301|4505|2032|2317|1268|2188|1712|29|46|29|46|0|189|608|235|422|177|186|158|1913|1039|1106|693|807|740
0400000US21|4326847|3142|4001083|12606|162194|6387|84180|5960|78014|6347|9007|2318|6516|1982|2491|1026|2529|2369|478|379|2051|2212|655|552|559|534|96|151|2709|1482|2141|1170|568|565|14487|3520|12715|3330|1772|750|13076|3237|8905|2803|4171|1549|347|329|337|327|10|17|2877|1800|2585|1690|292|258|423|395|423|395|0|208|5547|2566|3857|2158|1690|1115|4921|2292|1710|821|3211|1969|0|208|0|208|0|208|1874|842|1305|629|569|454|5171|2617|3169|1649|2002|1226|3261|1699|1629|808|1632|1151|2341|1110|1834|877|507|508|634|1195|0|208|634|1195|1585|1251|640|634|945|1176|7819|2253|3805|1417|4014|1683|4442|3168|1379|769|3063|2948|1827|1186|1381|950|446|487|1470|888|1158|669|312|275|528|480|528|480|0|208|5796|2124|3614|1419|2182|1082|6749|2063|2489|1003|4260|1584|2276|1107|1272|776|1004|542|0|208|0|208|0|208|5788|2415|2284|1071|3504|1628|2313|1295|962|767|1351|748|825|552|204|164|621|539|8598|4227|3716|1799|4882|2677|6401|1672|4499|1480|1902|749|1348|606|767|414|581|386|13941|3788|7943|2105|5998|2382|496|468|450|442|46|72|3768|2917|1916|1330|1852|1782|3748|1557|2892|1389|856|696|11104|5478|3727|1850|7377|4905|0|208|0|208|0|208|388|257|179|142|209|205|2501|1714|1562|1405|939|1064
0400000US22|4326242|3655|3938912|12637|222669|8151|108939|6903|113730|7100|57844|3951|48842|3358|9002|1826|6344|3749|6185|3753|159|89|2005|885|1646|682|359|464|3502|1365|1815|971|1687|822|3430|1027|2885|976|545|357|1078|678|1015|667|63|112|618|569|456|406|162|190|1611|821|1176|754|435|364|523|497|467|479|56|96|545|412|351|259|194|223|1599|1297|1097|786|502|700|24|46|24|46|0|224|1138|751|605|431|533|401|1596|1096|1596|1096|0|224|3973|2100|3270|1695|703|589|1914|1312|1360|910|554|538|1675|1645|614|698|1061|1040|787|514|735|506|52|70|1472|624|1007|528|465|444|1030|642|925|561|105|132|1323|965|1173|905|150|207|94|157|94|157|0|224|574|444|574|444|0|224|10250|2897|4960|1797|5290|2043|2558|1227|1651|919|907|674|1431|769|889|626|542|361|0|224|0|224|0|224|27072|3863|13035|2711|14037|2585|675|570|214|270|461|359|1865|751|990|512|875|489|2254|1989|1642|1612|612|463|5831|1859|3723|1223|2108|906|520|449|485|433|35|47|8118|2747|6175|2208|1943|1120|1069|794|889|727|180|299|374|203|374|203|0|224|1774|1122|1474|1120|300|244|2329|1425|2112|1376|217|134|219|217|219|217|0|224|807|465|807|465|0|224|2816|1739|2020|1400|796|810
0400000US24|5912247|2514|4624493|26586|597081|13591|317783|13292|279298|14065|59893|8106|44516|6604|15377|3144|16844|4691|12166|3945|4678|1779|7754|1987|6036|1689|1718|802|16069|3936|10022|2541|6047|2293|15592|3484|13900|3102|1692|860|4503|1437|3765|1281|738|498|6089|1764|4988|1600|1101|503|19214|4390|12137|3048|7077|2103|3795|1210|2718|1015|1077|599|2049|1391|1044|663|1005|944|8531|2743|6148|2059|2383|1296|2174|1690|1646|1162|528|589|16666|4074|10665|3215|6001|2031|10369|3709|8292|3329|2077|948|22610|3688|18613|3433|3997|1345|19812|5088|12274|2751|7538|3064|5965|2333|4700|2020|1265|673|16169|4775|10877|3300|5292|2190|12872|3203|9623|2537|3249|1559|12707|3728|8257|2526|4450|2005|11834|4745|10532|4150|1302|889|9049|2456|7887|2310|1162|596|3946|1507|3258|1203|688|487|74664|7547|39071|4449|35593|5192|7103|1667|4102|1155|3001|1079|35309|4895|19433|3205|15876|2921|194|313|194|313|0|228|20780|3991|10582|2422|10198|2586|1802|864|772|538|1030|570|3879|1099|2424|808|1455|529|12096|3710|7463|2527|4633|1605|44915|6885|31227|5666|13688|3173|8585|2359|5168|1778|3417|1258|19491|4360|13673|3606|5818|2023|6160|1789|5830|1795|330|270|44299|6897|31339|5848|12960|2553|75279|9886|63495|8676|11784|3125|13650|4695|10620|3651|3030|1639|0|228|0|228|0|228|733|640|614|561|119|194|17228|4523|12110|3383|5118|2541
0400000US25|6789175|1671|5034353|24289|670417|12912|376628|11632|293789|13508|48964|5351|39787|4318|9177|1952|86961|8419|48462|6753|38499|5734|20843|2638|16171|2309|4672|1237|247638|15679|125497|11212|122141|8744|15136|2453|14139|2501|997|748|3536|1578|3206|1529|330|268|18150|3576|12612|2700|5538|1919|40143|4368|26234|3845|13909|2213|12863|2890|9324|2466|3539|1247|4589|1689|3070|1282|1519|770|8605|2151|4900|1431|3705|1487|5269|1644|3844|1283|1425|853|10213|2573|8110|2125|2103|888|10512|2953|8051|2426|2461|1082|38508|5270|34774|5064|3734|1165|8452|2986|6507|2376|1945|1004|2736|1308|2254|1203|482|413|13748|3512|8945|2545|4803|1935|20291|3657|13427|2524|6864|1769|35372|6416|21347|4248|14025|3319|13840|3612|11467|2907|2373|2067|10060|2347|9040|2105|1020|576|5580|1688|5042|1596|538|417|153698|8814|82926|5857|70772|6699|7839|2057|4700|1265|3139|1226|20600|3210|12265|2311|8335|1933|1144|991|602|475|542|564|44075|6503|19032|3293|25043|4614|19223|3252|9372|2018|9851|2128|8884|2295|3168|1200|5716|1796|12527|3500|7968|2631|4559|2119|8744|2003|5961|1356|2783|1206|5879|2833|4359|2270|1520|1184|45079|5819|30890|4658|14189|2982|11282|3144|10346|3084|936|515|9899|2933|6249|2124|3650|1380|21061|3804|15604|3175|5457|1349|21989|3911|16910|3376|5079|1663|0|228|0|228|0|228|526|400|264|254|262|308|9947|2765|8436|2626|1511|760
0400000US26|9615571|2207|8552433|19450|327243|10373|202273|9099|124970|7047|20236|3480|16404|3133|3832|1167|3449|2008|1656|1051|1793|1474|12683|2152|9047|1811|3636|930|11495|2631|8836|2310|2659|908|30719|4262|24310|3676|6409|1561|15115|3085|10634|2361|4481|1322|7297|2093|5818|1907|1479|575|9593|2021|6152|1507|3441|1109|15295|3342|11005|2745|4290|1459|9726|2911|6718|2118|3008|1259|16843|4959|11673|3481|5170|2265|1653|1040|1399|868|254|310|6262|1910|3213|1000|3049|1540|10585|3184|7242|2103|3343|1523|21528|3872|16368|3055|5160|2178|12742|3956|10352|3419|2390|1203|8391|2626|5818|2286|2573|1213|35410|5943|17039|3641|18371|4459|10436|2650|8745|2161|1691|865|41758|5845|29082|4774|12676|2332|20591|4852|16393|3821|4198|2171|11462|2880|9959|2753|1503|778|11681|3308|9542|2727|2139|1034|46123|5320|27546|3866|18577|2687|10969|2407|6165|1465|4804|1809|20358|3624|11557|2751|8801|1952|3948|1445|1565|752|2383|969|19051|4020|8767|2137|10284|2672|2673|1535|737|528|1936|1434|6201|2020|3509|1491|2692|1127|8075|2602|4147|1677|3928|1638|18329|3265|13465|2659|4864|1474|3579|1586|2764|1386|815|657|190833|11892|107904|8591|82929|7555|2398|945|2029|887|369|308|27612|5642|17688|4325|9924|2198|9929|2690|8202|2282|1727|818|12546|4357|7376|3121|5170|1933|17|29|17|29|0|187|1924|759|1867|761|57|59|6380|1891|4208|1365|2172|939
0400000US27|5474556|2556|4755417|18265|246301|9175|144726|7182|101575|6888|16349|3056|12201|2733|4148|1341|1429|1119|213|201|1216|1073|3029|1289|2569|1236|460|390|5307|1647|4173|1355|1134|568|14357|2172|10470|1569|3887|1319|3400|973|2502|742|898|395|452|310|452|310|0|157|15466|3448|9037|2308|6429|2170|2213|713|1750|589|463|388|3503|1642|2479|1070|1024|779|7180|2209|4011|1372|3169|1583|281|322|281|322|0|157|3011|1266|2033|907|978|509|3012|1402|2298|1060|714|506|9078|2476|8275|2496|803|443|2394|1034|2187|983|207|162|692|665|356|341|336|389|4204|1493|3408|1306|796|434|5859|1602|4764|1285|1095|844|8346|1544|5769|1277|2577|871|6800|3294|5943|3021|857|687|3442|1264|2822|1115|620|477|2653|1097|2152|907|501|513|23835|2921|12660|1930|11175|2137|5334|2002|3593|1577|1741|970|6091|1562|3602|1140|2489|840|73033|6147|46196|5333|26837|2975|18961|3495|9725|2373|9236|1959|6132|1895|2987|1187|3145|1075|7675|2181|4694|1543|2981|1169|20456|5008|8591|2651|11865|3515|9566|2168|5636|1490|3930|1620|3756|1193|2555|1056|1201|490|14994|4087|10995|3218|3999|1400|3615|2890|3518|2880|97|164|110296|10642|65925|8708|44371|5509|21081|4493|14325|3590|6756|2422|15361|3083|10608|2450|4753|1461|178|198|165|193|13|32|6510|1463|5921|1460|589|225|3507|1361|2531|1001|976|665
0400000US29|5902461|3017|5467365|18835|179788|8992|116307|7399|63481|4679|14108|2676|10364|1790|3744|1559|2250|1332|761|592|1489|1291|2898|1187|2641|1135|257|257|4851|1871|3903|1580|948|569|20289|3675|14538|2523|5751|1959|14529|4584|10763|3500|3766|1772|1134|847|571|436|563|605|10628|2328|6756|1912|3872|1038|1131|538|880|507|251|175|15676|4287|9827|3131|5849|1579|7305|2642|4816|1706|2489|1597|211|291|40|70|171|281|2782|1347|1737|987|1045|813|4267|1990|2620|1238|1647|991|8436|3085|7487|3051|949|550|5043|1856|3944|1481|1099|644|1206|782|684|511|522|463|4094|1914|2626|1279|1468|936|3331|1231|2212|1067|1119|468|6895|2152|4021|1463|2874|1336|7818|2251|5572|1730|2246|975|2772|1228|2488|1131|284|232|1274|683|1082|651|192|228|22595|3804|12323|2145|10272|2599|2963|1220|1695|935|1268|696|8380|1515|6090|1225|2290|850|695|585|510|431|185|199|13613|3201|6546|1905|7067|1851|421|317|270|278|151|179|2292|1303|1100|823|1192|854|5958|2373|3219|1383|2739|1410|11280|2038|7688|1647|3592|1168|5683|1718|4352|1553|1331|665|10950|3403|8109|2665|2841|1362|802|662|733|644|69|110|8409|3405|5603|2730|2806|1189|6573|2508|5042|2017|1531|1128|9120|6195|5214|5059|3906|2589|19|34|19|34|0|198|580|415|562|418|18|55|2047|1134|1812|1097|235|151
0400000US31|1883944|1684|1620419|10602|174874|6653|89005|5215|85869|6117|8116|3215|5174|2204|2942|1460|1022|1245|707|962|315|310|229|190|160|148|69|117|600|331|569|305|31|58|6219|2064|5486|1654|733|691|1458|916|1278|935|180|269|216|207|216|207|0|175|1096|557|816|418|280|231|607|442|443|358|164|203|1655|1443|1655|1443|0|175|2539|1217|1694|912|845|610|0|175|0|175|0|175|1642|1155|977|600|665|774|876|750|478|485|398|455|2046|907|2018|899|28|46|769|743|550|609|219|252|536|710|503|704|33|57|1119|1103|0|175|1119|1103|4306|1581|2586|1125|1720|745|5452|3195|1526|1098|3926|2464|2223|1008|1940|1006|283|320|950|716|900|696|50|85|187|174|187|174|0|175|2773|955|1829|765|944|483|1061|615|951|609|110|135|1336|798|857|514|479|350|210|246|176|215|34|57|6412|1790|1887|758|4525|1486|0|175|0|175|0|175|1868|978|938|676|930|587|7318|2681|1838|911|5480|2196|3343|1143|2349|1020|994|571|2021|928|1369|754|652|452|7752|4120|5826|3572|1926|1358|237|358|237|358|0|175|1957|1235|272|320|1685|1057|2346|1124|1535|962|811|595|3741|2160|2408|1493|1333|1382|0|175|0|175|0|175|1269|518|1184|497|85|118|1144|919|523|622|621|610
0400000US32|3097730|1245|2138490|20086|645998|17418|384033|13068|261965|12465|6434|1527|5197|1387|1237|827|189|257|189|257|0|236|4501|1676|3506|1513|995|610|14025|5594|10387|4567|3638|2181|7865|1940|7205|1828|660|362|1385|621|1385|621|0|236|2831|1769|2678|1752|153|243|5283|1967|3429|1366|1854|1229|3605|1565|2221|1098|1384|1125|1861|1018|1288|810|573|430|4494|1827|3079|1382|1415|852|2476|1456|1822|1313|654|446|4809|1908|3637|1762|1172|564|760|979|410|491|350|503|5427|2342|5077|2295|350|416|1100|984|733|549|367|484|2458|1656|1953|1462|505|367|1387|946|1024|673|363|514|2310|2444|1573|1743|737|736|3696|1464|2338|937|1358|829|2940|1972|1989|1235|951|1077|366|295|266|261|100|125|1487|1474|1252|1360|235|299|41612|5945|17244|2701|24368|5158|5377|1656|3633|1289|1744|713|13922|4077|8695|2807|5227|1852|1057|912|609|484|448|510|12542|4144|5781|2188|6761|2631|1430|1195|197|197|1233|1163|7535|2542|3448|1516|4087|1481|3013|1572|1519|945|1494|1369|99823|8041|71833|7172|27990|3896|15030|3371|10791|2904|4239|1436|3877|1446|3152|1304|725|542|3057|1390|3032|1376|25|47|10469|3020|7643|2644|2826|1196|2958|1689|2771|1661|187|194|5304|2531|4071|2044|1233|829|276|252|276|252|0|236|1069|480|700|350|369|272|3202|1292|2770|1145|432|349
0400000US33|1347322|1299|1238183|7644|36316|4051|24187|3001|12129|2604|15474|2700|12015|2281|3459|1142|797|650|634|553|163|267|1941|1151|1598|1060|343|324|4931|1667|2943|954|1988|938|4063|1249|3304|1102|759|434|475|330|475|330|0|200|3034|1801|2638|1441|396|504|2631|1245|1618|791|1013|573|731|459|384|270|347|300|1082|734|824|593|258|246|976|690|818|668|158|170|98|117|98|117|0|200|667|594|211|223|456|547|1594|1441|1465|1380|129|201|1380|867|1069|762|311|263|0|200|0|200|0|200|219|279|166|266|53|89|770|870|497|493|273|492|1206|876|607|388|599|559|2106|872|1520|721|586|512|1874|1077|1874|1077|0|200|1883|1293|1418|916|465|430|1160|906|1032|878|128|205|6484|3708|4561|3228|1923|893|782|448|677|384|105|143|1090|891|656|572|434|383|0|200|0|200|0|200|1875|1873|313|315|1562|1691|1021|813|661|456|360|576|1525|775|793|471|732|520|1026|662|869|584|157|194|1446|1036|958|700|488|444|3067|1319|1815|867|1252|880|1528|761|1269|620|259|321|49|69|12|19|37|65|489|692|336|496|153|225|1428|1105|1375|1039|53|97|992|1010|241|265|751|906|108|126|108|126|0|200|40|77|40|77|0|200|781|442|688|412|93|155
0400000US34|8975100|2111|5892624|32912|1606399|20495|837473|21342|768926|17871|44821|6500|33121|5401|11700|3405|60303|9997|34436|7513|25867|5765|50266|4833|38092|4331|12174|2015|100104|9555|55946|5820|44158|5680|20377|3172|18013|2897|2364|943|14490|5737|12258|5340|2232|1565|23187|4780|18728|3968|4459|1489|49142|5236|30737|4086|18405|2987|62734|7944|34761|5006|27973|4314|10105|3060|7147|2494|2958|1002|26738|4544|16618|3104|10120|2330|5975|2876|3848|1765|2127|1440|6724|1779|3879|1125|2845|1176|79351|7841|48694|5218|30657|4143|106941|8734|90327|7686|16614|3153|42025|6264|31109|4914|10916|2548|21474|4747|12869|2803|8605|3062|30305|5513|18610|3897|11695|2518|29175|4704|25541|4491|3634|1359|29676|5887|20549|3963|9127|2767|47269|6621|39791|6123|7478|1766|24606|4006|22218|3860|2388|806|19518|3387|15005|2678|4513|1547|138338|9758|81188|6541|57150|6114|13915|3122|9207|2946|4708|1466|78252|7078|36714|4865|41538|4356|0|226|0|226|0|226|19310|4304|7471|1829|11839|3167|1448|1171|653|596|795|968|2551|1020|1530|676|1021|654|32262|5440|21048|4062|11214|2316|81052|8014|57393|6067|23659|3629|9436|3871|6741|2390|2695|1677|83692|9369|55469|7414|28223|4611|19519|4153|17901|4011|1618|678|5654|2591|3935|2190|1719|862|56130|8535|46294|7994|9836|2331|5014|1753|4698|1653|316|349|0|226|0|226|0|226|938|569|938|569|0|226|23260|4929|16930|3934|6330|1734
0400000US35|2026900|2815|1391376|15058|503100|15775|341761|12612|161339|8854|5123|2091|4156|1837|967|851|17|15|0|216|17|15|1249|645|1124|573|125|156|1135|562|957|466|178|235|5377|1139|4832|1007|545|363|672|523|628|517|44|75|235|210|134|149|101|176|318|331|318|331|0|216|474|327|446|327|28|50|513|453|368|384|145|153|371|229|245|194|126|166|0|216|0|216|0|216|899|652|680|640|219|181|731|745|731|745|0|216|688|478|669|474|19|34|89|164|89|164|0|216|194|294|194|294|0|216|818|722|623|552|195|270|424|398|375|347|49|86|1175|1341|1175|1341|0|216|651|498|463|381|188|175|730|553|594|503|136|180|1416|1289|1161|1075|255|285|3746|1162|2425|859|1321|593|2075|1198|1468|761|607|577|2374|1124|1383|801|991|661|43|68|43|68|0|216|4162|1709|2422|1168|1740|913|292|360|0|216|292|360|927|623|656|436|271|265|570|594|460|581|110|128|6896|1890|4125|1510|2771|1250|879|497|778|453|101|187|3363|2480|1417|979|1946|2511|182|182|182|182|0|216|0|216|0|216|0|216|1303|836|1266|828|37|80|991|912|794|608|197|333|53227|3372|33515|2883|19712|1941|27555|3261|23765|3109|3790|1204|540|398|317|261|223|239
0400000US36|18828181|2438|12869930|47847|2826836|23352|1525806|25342|1301030|24574|134665|10777|101089|8646|33576|5591|160537|15359|91639|10073|68898|9075|112899|8509|83607|7427|29292|3733|48595|5891|35425|4493|13170|2736|51003|4899|46206|4687|4797|1078|244264|14678|116492|10470|127772|11081|62366|7786|43933|5824|18433|3275|209622|11557|92316|6999|117306|8247|74746|8465|43701|6587|31045|4432|27044|4147|18595|3351|8449|1950|61305|8248|31861|6500|29444|4472|6015|1622|4100|1364|1915|939|29645|5482|16522|4285|13123|3398|17542|4188|12249|2740|5293|1820|58486|6740|46002|5356|12484|2555|78008|9433|47342|6603|30666|4721|36560|6498|19822|3927|16738|3474|192476|12259|91927|7359|100549|8975|33610|5665|15608|3364|18002|4234|90318|9707|57604|7450|32714|4377|11196|2628|9305|2264|1891|742|11157|3013|8707|2040|2450|1365|35062|5593|23452|3538|11610|2932|646302|19007|237675|11078|408627|13712|34102|4688|17824|3004|16278|2744|88591|8549|43130|5424|45461|5347|206|337|206|337|0|220|22119|3158|10694|1909|11425|1981|4427|1738|2373|1182|2054|991|7458|1767|3334|992|4124|1132|67001|8164|33374|5591|33627|5389|81934|7923|60417|5518|21517|3978|13175|2488|7781|1516|5394|1840|126988|14713|73519|8803|53469|8825|60968|8432|48012|7015|12956|3082|24171|5200|15199|3637|8972|3026|102694|12133|74373|9445|28321|4942|20557|5362|12197|3751|8360|3407|380|392|102|103|278|386|2583|963|2148|893|435|297|40638|4524|27077|3441|13561|2708
0400000US37|10441127|4976|8942689|24410|956464|16879|555297|16676|401167|15525|32728|6216|22837|4178|9891|3094|12628|4556|5379|2073|7249|3046|9770|1975|7976|1989|1794|680|14870|2884|10843|2425|4027|1322|22456|2669|20363|2453|2093|741|3298|1211|3181|1204|117|148|5151|1856|4145|1528|1006|536|19799|3680|13318|2646|6481|2490|4859|1525|3971|1241|888|564|4666|2272|3665|1721|1001|737|6149|1935|4251|1504|1898|895|645|510|545|478|100|164|5845|2150|3220|1313|2625|1395|18763|3892|14809|3073|3954|1470|30429|5653|26930|4965|3499|1213|9118|2935|6352|2068|2766|1712|1972|947|1498|763|474|390|5249|1953|4763|1743|486|386|14808|4012|10683|3019|4125|1857|12068|3533|8747|2350|3321|1964|35257|6282|26898|5451|8359|2583|14652|4670|13668|4515|984|573|11358|3997|10632|3876|726|413|45075|5819|26465|3941|18610|3366|9255|2322|6635|1947|2620|1252|16322|3601|9302|2387|7020|1824|10756|2559|6972|2332|3784|2063|28697|5011|11628|2814|17069|3077|3808|2246|2650|1920|1158|653|7259|2332|2378|1015|4881|1827|13263|3176|7396|2290|5867|2186|19204|3740|14562|3527|4642|1258|8354|3243|4636|1714|3718|2167|29266|5363|20156|3988|9110|2539|1314|879|1231|870|83|135|15286|5688|7804|3433|7482|3576|15351|4207|13486|4137|1865|1039|9956|3086|5869|2512|4087|2210|0|226|0|226|0|226|3292|1610|3111|1585|181|161|8978|2914|8092|2833|886|687
0400000US39|11231062|3343|10251620|22047|327084|10771|194480|8816|132604|9001|34927|5214|22651|3479|12276|3687|14045|4002|5802|2502|8243|2512|11446|2199|9199|1840|2247|818|11846|3171|8562|2275|3284|1520|45938|7099|34007|4150|11931|5108|71791|9018|49891|8534|21900|4210|6343|1958|4742|1717|1601|676|17572|2726|9888|1853|7684|1559|6127|1421|5315|1389|812|441|9532|2723|6442|2340|3090|942|22879|5843|9910|2923|12969|4128|1025|695|841|660|184|221|8888|2675|6160|2021|2728|1045|15066|3904|11850|3447|3216|1398|21589|4326|18415|3631|3174|1644|5845|2132|4564|1742|1281|740|5527|2030|3734|1367|1793|1067|6262|2368|4628|1917|1634|892|38051|7027|18600|3626|19451|5061|14927|3176|11341|2444|3586|1400|18784|4818|13752|3583|5032|2425|7567|2777|6751|2613|816|584|2948|1526|2189|1065|759|689|43517|5220|24904|3581|18613|2909|12175|3133|6112|1955|6063|1998|12618|2121|7734|1766|4884|1451|144|207|144|207|0|211|13054|3319|4586|1452|8468|2502|3507|1673|1322|894|2185|999|4448|1501|2235|1021|2213|995|14791|4816|7846|2994|6945|3367|13834|2638|9985|2260|3849|1020|2404|788|1637|716|767|327|51748|7216|33289|6130|18459|3357|2386|949|2025|835|361|370|28384|6061|19446|5056|8938|2528|27146|6132|22354|5514|4792|1599|15672|4759|11434|3253|4238|3048|73|85|73|85|0|211|550|475|514|469|36|61|6982|2272|5275|1715|1707|877
0400000US40|3854148|1840|3392640|12058|322009|9530|191063|8738|130946|7287|6067|1490|4786|1276|1281|601|114|163|19|31|95|160|1019|423|879|415|140|161|2717|1302|2155|1123|562|422|9045|2419|8400|2392|645|302|1220|601|1048|572|172|170|533|419|391|391|142|139|3649|1302|2621|1076|1028|484|714|342|419|260|295|265|495|323|403|288|92|118|2688|1638|1498|880|1190|991|0|168|0|168|0|168|3376|1801|2855|1591|521|341|437|391|213|265|224|275|2763|1217|2336|1171|427|287|2165|1187|1562|941|603|508|615|422|453|374|162|145|972|656|430|320|542|522|4053|1768|2349|1048|1704|1425|1798|605|1517|500|281|192|2066|1753|1730|1711|336|274|368|321|221|259|147|202|1139|539|809|424|330|258|9934|1989|5490|1362|4444|1152|1830|591|1292|478|538|270|3357|1164|2090|846|1267|617|8409|1762|5027|1237|3382|1323|19085|3256|7118|1663|11967|2783|403|391|107|119|296|329|2645|936|1416|685|1229|637|4868|1837|1771|823|3097|1146|5969|1326|3716|882|2253|737|8136|1734|5720|1283|2416|826|4038|1143|2817|781|1221|643|922|992|922|992|0|168|575|329|487|305|88|124|5186|2226|4988|2247|198|264|869|588|869|588|0|168|528|396|366|338|162|213|11821|1492|10813|1402|1008|385|2911|1506|2714|1414|197|194
0400000US41|4075180|2283|3447847|16102|373828|11107|224412|9973|149416|8417|11769|2557|10501|2429|1268|553|154|194|0|220|154|194|1316|698|1215|717|101|132|3731|1188|3016|1091|715|484|13249|1982|12104|1875|1145|581|3566|1371|3404|1362|162|175|833|443|639|373|194|225|20354|5468|12653|4579|7701|2133|1372|713|1171|609|201|234|1636|1267|1518|1247|118|138|11155|3515|5055|1941|6100|2504|206|305|150|215|56|93|4152|1413|2217|826|1935|1027|3634|1782|3194|1598|440|557|6950|2008|5917|1803|1033|634|1831|1359|1320|1093|511|421|1555|1407|1555|1407|0|220|5702|2830|4268|2664|1434|932|5033|2289|2992|1148|2041|1874|12071|4016|7712|2850|4359|1971|4441|2182|2525|1129|1916|1581|1195|674|1104|641|91|153|1484|814|1390|804|94|151|27252|3932|14156|2883|13096|2434|12254|2595|8283|1756|3971|1562|12972|2777|6767|2042|6205|1524|4850|2186|2573|1287|2277|1317|23069|4185|11194|2410|11875|2766|1916|1200|1257|934|659|500|6509|2728|2984|1194|3525|2272|5048|2150|2846|1178|2202|1209|11524|2652|8706|2288|2818|975|6886|1971|4276|1289|2610|1085|9777|3574|6811|3141|2966|1238|1397|732|1290|732|107|126|3206|2268|2449|1819|757|554|1717|875|1508|785|209|306|2775|1310|2067|1083|708|618|146|196|68|114|78|164|1715|721|1443|576|272|342|3103|1253|2334|953|769|671
0400000US42|12418238|2532|10791306|26053|740568|15426|430747|12876|309821|13160|30857|5612|19955|3087|10902|3400|29320|7169|15628|4183|13692|4563|28152|3514|21560|3008|6592|1578|22616|4734|14316|3204|8300|3019|43642|4539|34620|4009|9022|1810|75736|7854|50849|6164|24887|3889|12149|2405|9307|2122|2842|997|47823|7493|23926|4185|23897|5559|21325|4937|13607|3307|7718|3027|8949|2479|6985|2216|1964|763|22015|5414|12687|3736|9328|2371|4203|2027|3046|1728|1157|775|10441|2916|6177|1821|4264|1635|20768|3843|13489|2946|7279|1817|28599|4211|22060|3476|6539|2010|19189|4110|15534|3799|3655|1363|7410|2625|4192|1628|3218|1342|12851|3152|6979|2229|5872|1852|32236|6307|17885|3865|14351|3240|18367|4453|11819|3195|6548|2161|23135|4662|19345|4131|3790|1404|11593|2772|10613|2628|980|617|18211|3754|12892|3028|5319|2376|96813|7526|45066|4128|51747|5451|6044|1445|4020|1024|2024|763|24778|3706|11866|2680|12912|2222|429|387|356|362|73|88|43685|6602|15893|3050|27792|5087|8787|2717|3177|1220|5610|2340|5758|2253|2264|1319|3494|1703|11868|3326|5764|1967|6104|2353|20990|3729|15067|2861|5923|1644|5909|2072|2955|1196|2954|1550|48258|9656|30262|5939|17996|4832|7946|2522|7366|2410|580|324|7252|2979|3899|2059|3353|2096|24918|4938|20656|4237|4262|2229|10360|2315|6839|1815|3521|1313|0|192|0|192|0|192|172|107|167|107|5|9|12810|5057|9734|4406|3076|1114
0400000US44|1060883|1156|810661|11610|150135|6567|74786|6002|75349|5369|6850|1774|6326|1689|524|312|4151|2792|2475|1732|1676|1200|4777|1190|3648|1123|1129|555|33142|6542|20466|4745|12676|3373|1088|729|996|658|92|156|330|335|330|335|0|244|376|295|376|295|0|244|1794|1361|1154|884|640|986|900|600|639|490|261|224|49|64|33|64|16|5|158|164|98|163|60|14|886|700|886|700|0|244|1051|741|644|509|407|395|43|75|43|75|0|244|1177|788|1177|788|0|244|89|100|89|100|0|244|0|244|0|244|0|244|263|417|263|417|0|244|1136|979|556|461|580|803|1494|1254|1113|1202|381|420|630|425|630|425|0|244|1232|861|1121|825|111|189|52|67|52|67|0|244|5885|1414|3163|1041|2722|923|1591|1046|1328|905|263|222|1652|951|1049|518|603|691|1916|1759|1211|1039|705|750|858|664|60|80|798|658|2414|1088|1544|1040|870|499|3857|1900|1582|949|2275|1268|1021|865|606|619|415|440|3825|1659|2293|1038|1532|1122|161|181|160|181|1|2|6092|3590|2921|1607|3171|2668|159|244|159|244|0|244|1690|1943|69|76|1621|1945|3925|2041|1400|739|2525|1934|1424|1247|327|383|1097|1081|0|244|0|244|0|244|113|180|113|180|0|244|1836|1257|1644|1237|192|225
0400000US45|5185497|3286|4717440|18379|282355|11559|154744|10088|127611|11011|17262|3580|15731|3287|1531|714|1304|965|797|534|507|668|4761|1975|3643|1644|1118|993|11020|3398|7726|2570|3294|1704|13619|2750|12090|2575|1529|662|1897|979|1550|947|347|338|4289|2498|2693|1338|1596|1664|14302|3639|9085|2616|5217|2151|1922|838|1653|773|269|295|1647|1773|1647|1773|0|229|6898|2530|3365|1207|3533|2015|265|399|109|144|156|255|1764|1096|1065|681|699|690|10827|3057|7100|2009|3727|1624|4339|1849|4080|1751|259|235|1677|1297|1451|1124|226|282|0|229|0|229|0|229|0|229|0|229|0|229|2936|1637|2366|1344|570|590|5450|2630|3809|2040|1641|929|2464|1098|2036|987|428|370|3214|1431|1905|1026|1309|1100|2094|1505|1693|1429|401|570|13581|3748|6545|1867|7036|2520|3830|1637|2463|1110|1367|851|3912|1580|2968|1452|944|654|1813|962|1244|868|569|463|8633|2781|3827|1565|4806|1728|767|509|459|353|308|280|2413|1114|903|576|1510|781|2515|1488|1274|804|1241|857|10852|2290|7334|2081|3518|1379|1660|841|1514|792|146|155|8086|2973|4965|2077|3121|1854|965|845|965|845|0|229|1112|1215|571|582|541|726|4958|2037|4142|1789|816|747|2226|1663|2226|1663|0|229|0|229|0|229|0|229|1041|1079|1041|1079|0|229|3387|1712|2691|1647|696|582
0400000US47|6817545|3709|6180860|20563|394033|12378|204252|12497|189781|10641|16016|4704|13277|4040|2739|1120|3773|2757|2811|1966|962|906|3706|1486|3057|1244|649|451|4504|1740|3940|1585|564|400|13235|2893|12197|2911|1038|475|6565|2830|5196|2515|1369|1115|1247|752|1247|752|0|230|3410|1039|2560|869|850|550|2127|888|1730|801|397|280|4808|2685|3251|1738|1557|1470|4111|1971|2873|1563|1238|859|566|561|482|545|84|142|2928|1092|1906|831|1022|698|6627|1904|4941|1516|1686|714|8608|2887|8254|2837|354|322|3587|1902|2399|1338|1188|789|2257|2079|1529|1443|728|669|1684|1028|1339|864|345|346|8477|3154|6076|2648|2401|1150|6675|1929|4935|1558|1740|746|4374|1757|3295|1578|1079|624|1682|906|1439|688|243|362|1113|691|822|563|291|269|15846|3170|9375|2009|6471|2125|4113|1317|2901|1198|1212|758|10738|2388|5770|1686|4968|1440|115|197|0|230|115|197|12316|2753|4589|1568|7727|1959|1065|737|524|420|541|443|5953|2140|2716|1320|3237|1441|3759|2032|1665|831|2094|1547|12055|2995|9228|2546|2827|1004|2240|1182|1494|1003|746|654|30232|7816|12472|2725|17760|6800|4501|2898|3312|2494|1189|1367|5005|2627|2023|1021|2982|1973|4914|2153|2652|1576|2262|1448|12576|5432|7939|3980|4637|3455|0|230|0|230|0|230|190|164|112|125|78|111|4954|2314|4066|1891|888|748
0400000US48|29339082|6232|18861687|60433|8272577|53026|5060102|51992|3212475|45135|91046|10116|71621|8046|19425|5078|9363|4059|5787|2348|3576|2370|12564|2231|9905|1911|2659|1247|52049|7337|39779|5790|12270|3258|60132|5605|48572|4530|11560|3435|15624|4059|13767|3613|1857|1416|4421|1350|3613|1265|808|539|34725|4980|23399|3901|11326|2790|10023|2102|8199|1742|1824|809|9827|2671|7922|2203|1905|1043|12666|2988|10030|2368|2636|996|3087|1338|2855|1352|232|271|43597|6010|28685|4211|14912|3365|47496|6803|35431|5277|12065|3173|130641|12352|113981|12079|16660|3319|108191|12107|83842|9696|24349|4657|13982|4202|11120|3507|2862|1183|30622|4865|19974|3426|10648|2718|69233|8346|51104|6565|18129|3804|40795|7302|26414|4698|14381|4566|126090|12056|104142|9750|21948|5175|53733|7773|45032|6847|8701|2605|68892|8492|53909|6920|14983|2930|204912|12871|112817|7719|92095|8236|25829|5727|18340|5179|7489|1768|76938|8413|41040|5859|35898|4867|1457|688|842|431|615|492|254659|15399|112898|8822|141761|11084|12223|3429|4886|1424|7337|2554|22821|4029|10097|2004|12724|3016|38081|6813|19400|4072|18681|4477|106830|9753|81101|8891|25729|3390|27456|4369|20347|3661|7109|1905|126371|14482|95486|12816|30885|5076|10291|3555|8868|3087|1423|912|43584|9625|27651|5151|15933|6490|121632|13271|105451|12188|16181|3212|56870|10519|36519|7809|20351|5325|701|524|556|454|145|189|4572|2492|2804|1076|1768|1647|20792|5058|14662|3476|6130|2409
0400000US49|3274597|2064|2733212|14296|379382|11456|229231|9168|150151|9316|8095|1784|6681|1621|1414|699|1637|1494|806|673|831|960|3449|1369|3170|1283|279|244|16248|3152|12911|2946|3337|1129|7773|1999|6687|1806|1086|631|1040|457|993|447|47|77|1169|666|654|373|515|517|6016|1916|3282|1032|2734|1607|593|349|502|346|91|162|2732|1026|1903|756|829|563|3224|2034|2425|1878|799|640|713|653|616|652|97|160|1931|1285|1054|672|877|780|1144|1147|1071|1057|73|116|1919|1319|1919|1319|0|210|2414|1870|1536|1192|878|759|595|683|544|619|51|94|511|426|399|377|112|212|2236|2010|1039|968|1197|1147|3625|1409|3065|1270|560|454|2443|1164|1836|970|607|588|1192|881|987|792|205|208|630|651|630|651|0|210|18514|3234|11088|2422|7426|1861|6047|1852|4490|1424|1557|694|5685|2052|3607|1712|2078|983|554|457|471|413|83|143|8940|2547|4685|1687|4255|1531|1528|831|661|430|867|679|3713|1326|1783|764|1930|820|5258|3799|2145|1623|3113|2296|8347|1924|6272|1394|2075|1181|12036|2753|8170|1868|3866|1565|5919|2490|3630|1583|2289|1322|141|250|0|210|141|250|818|857|558|540|260|347|1642|1362|1236|1289|406|373|3862|2133|1391|925|2471|1675|5083|1134|3671|1021|1412|419|483|336|435|324|48|59|2104|977|1886|940|218|191
0400000US51|8339681|4203|6820948|23431|685429|12613|399591|11473|285838|12848|35575|4578|28131|4158|7444|1683|11000|3046|6643|2205|4357|1531|10812|2326|8460|1750|2352|1108|16262|2668|11998|2049|4264|1817|20781|2936|18979|2836|1802|621|4975|1592|4355|1400|620|492|3337|806|2980|762|357|281|19428|3679|13005|2683|6423|2029|3669|1408|2430|1021|1239|666|4833|1708|2846|848|1987|1272|11235|3268|7943|2620|3292|1607|946|567|660|448|286|324|38423|5101|22940|3310|15483|3394|12710|3063|9428|2268|3282|1274|37683|6133|32350|5471|5333|1653|36409|5599|29547|4990|6862|1683|12298|4819|9507|3680|2791|1474|23561|5093|14422|3078|9139|2906|22980|4888|14799|3573|8181|2400|22022|4083|16614|3406|5408|1498|24071|4346|21001|3940|3070|1135|11942|2790|10410|2513|1532|705|7173|2080|6434|1894|739|490|62325|5686|39981|4387|22344|3062|9455|1703|6120|1264|3335|1012|60889|7028|30308|4000|30581|4146|50|88|50|88|0|217|59063|7182|26729|4272|32334|4089|3494|1601|1064|723|2430|1178|10331|2787|4597|1340|5734|1896|21062|3913|12456|2131|8606|2507|49316|4940|36958|3840|12358|2612|5076|1386|3617|1081|1459|625|65738|9202|49170|6977|16568|3357|1550|669|1368|676|182|260|46191|7405|29018|5346|17173|3529|26988|4261|22735|3764|4253|1291|8125|2587|6604|2230|1521|934|136|124|91|93|45|74|520|511|378|393|142|161|10870|4028|10106|3962|764|446
0400000US53|7539665|2446|5858792|26925|685031|15763|427692|14692|257339|12321|28243|4691|22286|3312|5957|2141|731|536|269|246|462|445|6348|2469|6024|2422|324|238|17008|4769|11341|3392|5667|2325|24213|3198|21339|2995|2874|1104|6132|1855|5570|1739|562|459|3441|844|3124|855|317|298|58539|8270|36804|5535|21735|3846|5025|1911|3945|1786|1080|580|8456|2836|6073|2293|2383|1096|42628|7239|18029|3912|24599|5055|1923|863|1165|701|758|413|22972|6216|11731|2921|11241|4432|6504|2141|5834|1921|670|466|45281|5314|40365|4929|4916|1442|9651|3736|8016|3055|1635|1065|22200|4460|11672|2764|10528|2732|6291|2205|4654|1750|1637|1216|12342|2821|9931|2455|2411|997|24318|5069|18241|3947|6077|1758|24747|5669|20516|4791|4231|1824|18337|4627|16632|4520|1705|724|11170|3239|9492|2620|1678|1017|160131|9934|92536|6738|67595|5802|27637|3854|19802|2966|7835|1786|58590|6674|28873|4356|29717|4187|1550|747|1233|622|317|289|73907|7771|31750|4018|42157|5290|16110|3837|8015|2706|8095|2124|16087|3804|8317|2420|7770|1923|12595|3165|7559|2130|5036|1863|69772|6976|47891|5346|21881|3727|35256|5697|24111|4387|11145|2644|28051|6744|20852|5645|7199|2216|3916|2189|3028|1515|888|1008|39957|7041|24637|5706|15320|2861|14949|4434|10787|3389|4162|2348|16843|3433|11618|2888|5225|1514|462|385|90|138|372|361|4225|1319|3338|1101|887|571|9304|3217|7287|2439|2017|1096
0400000US55|5657931|1863|5112522|14542|296785|8850|178875|7687|117910|7771|9072|1745|7290|1492|1782|846|411|347|303|289|108|143|4203|1373|3816|1246|387|378|2370|1230|1466|663|904|835|26203|2730|20227|2101|5976|1479|13145|1928|8920|1566|4225|906|1963|977|1926|975|37|44|7425|1894|4560|1440|2865|1030|5623|1248|4031|1114|1592|599|4903|2075|3018|1194|1885|1274|5243|1746|3482|1388|1761|1186|95|151|95|151|0|161|1710|1643|1134|913|576|763|2749|1401|1822|1019|927|639|8047|2457|7240|2324|807|471|3566|1764|2891|1450|675|460|1711|1162|1068|812|643|556|2098|1287|1887|1126|211|322|6330|2483|4204|1623|2126|1498|9687|2605|6629|1700|3058|1286|2795|1599|2595|1572|200|262|5459|2053|4854|1946|605|478|1549|839|1195|714|354|281|17977|2639|10542|2238|7435|1775|3033|1449|1525|648|1508|1243|4673|1545|3681|1242|992|664|36777|3952|23506|2839|13271|2278|3586|1286|2069|910|1517|756|378|290|247|185|131|132|4373|1741|2711|1279|1662|884|10647|3591|4195|1796|6452|2623|9202|1739|6756|1475|2446|1107|2329|1020|2088|942|241|226|11047|3496|7905|2821|3142|1269|910|642|658|520|252|217|3915|2076|2480|1516|1435|862|4168|1607|3441|1347|727|545|3835|1493|3135|1227|700|673|83|148|83|148|0|161|4311|1994|3888|1972|423|289|1023|468|849|433|174|146
04000A0US01|4485314|4708|4179579|12532|191562|9138|112205|7466|79357|6834|6782|2062|5123|1606|1659|1095|1113|593|793|435|320|356|1171|471|988|421|183|230|4687|2027|3276|1503|1411|793|8801|1756|7519|1578|1282|662|1302|833|1302|833|0|213|667|622|538|501|129|200|2416|1078|1807|916|609|423|557|536|470|507|87|149|71|94|71|94|0|213|1309|688|834|511|475|407|93|167|93|167|0|213|1035|625|603|469|432|381|2832|1320|1852|949|980|560|2947|1356|2572|1226|375|289|1889|1104|1156|644|733|748|399|449|384|446|15|28|2112|1065|1266|802|846|503|583|435|447|338|136|173|1141|599|970|549|171|230|2597|1679|2343|1702|254|201|427|406|427|406|0|213|355|336|284|318|71|111|10852|2463|5015|1545|5837|1787|2510|1393|1399|777|1111|887|13592|2507|4728|1566|8864|2113|18|29|0|213|18|29|5616|1821|1885|919|3731|1220|804|697|156|209|648|550|1157|751|426|408|731|535|1458|1048|691|579|767|690|5879|1948|4283|1712|1596|745|3272|2306|2371|1953|901|706|6009|1835|4481|1418|1528|761|64|101|64|101|0|213|377|485|347|478|30|52|4626|1938|3927|1676|699|771|4796|2168|4426|2068|370|307|0|213|0|213|0|213|173|134|173|134|0|213|7684|3821|3537|2317|4147|2366
04000A0US04|7101145|1190|5274748|28115|1367149|24020|901191|19563|465958|16842|18427|3924|15936|3741|2491|997|1317|1024|659|502|658|735|6185|1502|4820|1192|1365|773|8105|2044|5779|1617|2326|1236|16485|2895|14152|2635|2333|681|5146|1950|4505|1821|641|680|2470|1062|2321|1054|149|150|7272|1891|5017|1593|2255|902|6587|2039|4708|1581|1879|840|4958|1617|2919|1038|2039|1095|4169|1797|3140|1408|1029|762|646|487|339|290|307|387|10873|3790|5453|1612|5420|2663|3682|1525|2634|1238|1048|884|13790|4063|11646|3683|2144|1033|2340|1066|1702|909|638|411|5410|2562|4490|2039|920|807|3009|1205|1722|846|1287|590|3574|1556|2465|1054|1109|959|13098|3944|9858|3095|3240|1472|13142|3625|10754|3229|2388|1422|8139|2697|7530|2524|609|421|7454|3342|5338|2459|2116|1998|39757|4750|21578|3324|18179|3071|8302|2364|4998|1656|3304|1497|16559|3704|9762|2697|6797|2333|1424|1767|1424|1767|0|237|27580|5501|13419|3444|14161|3214|2543|1020|1403|777|1140|674|3720|1999|2722|1497|998|649|6395|2565|4192|1604|2203|1147|34203|6256|24880|5336|9323|2443|9713|2994|7868|2379|1845|1324|27605|6209|18160|3801|9445|3236|3269|1544|2949|1422|320|404|12307|3737|6623|1858|5684|2629|8396|3149|6209|2796|2187|1089|18955|5398|12723|3696|6232|2866|45703|3668|35572|3532|10131|1427|18333|2459|16088|2217|2245|826|8206|2158|5900|1622|2306|1594
04000A0US06|37102705|3227|20213287|68751|10717150|52956|6495410|46063|4221740|46201|129537|8069|112582|7332|16955|2564|8899|3186|7211|3094|1688|1115|53178|4994|45074|4642|8104|1581|90059|6675|68042|5433|22017|3568|83710|6013|75602|5737|8108|1587|23486|3038|21709|2924|1777|774|16667|2991|13608|2545|3059|1227|188174|13102|105982|8121|82192|8979|22869|3187|17353|2581|5516|1442|23565|4538|17767|3922|5798|1655|68865|10337|37033|6445|31832|6390|222071|14390|124701|10521|97370|8919|262980|15349|166154|10914|96826|7971|56203|6967|42518|5732|13685|2589|253000|13817|205112|11560|47888|5435|63560|8535|46180|7135|17380|3064|186423|14721|105887|8967|80536|8739|34101|4484|23796|3101|10305|2571|71403|7991|50579|5925|20824|4313|83842|7877|60695|6289|23147|3553|77429|7110|65677|6463|11752|2493|67236|8083|58504|7080|8732|2200|45529|4760|37221|4379|8308|1990|1334152|31332|648853|20342|685299|18862|132602|8951|80672|6854|51930|4941|350453|14505|167602|9653|182851|9056|65704|7657|36104|5219|29600|4355|559289|22093|226206|12622|333083|14357|63926|7441|28781|4108|35145|4865|71683|7253|35632|4669|36051|4311|72213|8427|41318|5096|30895|5523|820382|24567|553771|18252|266611|11305|113218|8377|76648|6761|36570|4341|223847|17502|143979|12735|79868|8786|43046|5420|37316|4973|5730|1804|67691|8645|44583|6855|23108|4175|48372|7223|41788|6469|6584|2013|19954|4276|16166|3510|3788|1605|1190|787|919|747|271|264|6742|1953|6016|1835|726|477|45018|6035|23268|3170|21750|4716
04000A0US08|5381433|4107|4465627|22170|614433|18065|393659|16417|220774|12312|19883|3925|14999|2945|4884|2338|613|413|613|413|0|224|6201|2070|5369|1644|832|655|11347|2143|9052|1813|2295|943|22820|3205|20966|2898|1854|877|5221|2019|4808|1985|413|506|788|463|745|457|43|69|18293|3708|12053|2808|6240|1843|3871|1086|2972|960|899|478|2143|950|1281|677|862|678|6103|2004|4027|1251|2076|1137|535|521|535|521|0|224|7069|2655|3937|1754|3132|1645|2239|1402|1163|648|1076|1137|9615|2464|8290|2132|1325|698|949|986|725|716|224|310|1767|991|725|476|1042|709|1258|563|1018|474|240|290|12001|3802|8300|2844|3701|1607|6970|2629|5508|2168|1462|825|6197|2899|4743|1756|1454|1565|2211|1077|1765|905|446|615|1346|768|1263|739|83|106|26417|4195|15984|2464|10433|2720|7369|2303|4728|1551|2641|1122|15892|3147|9526|2487|6366|2056|2655|1358|1534|832|1121|689|15904|3618|8410|2293|7494|2079|1648|1390|900|790|748|628|6383|1922|3125|1186|3258|1051|5511|1806|3345|1122|2166|1038|10294|2292|7677|1595|2617|1162|6910|2758|4108|1512|2802|1854|10706|2654|7260|1974|3446|1535|4468|1997|4257|1990|211|246|17530|5721|8512|3369|9018|2926|8713|3169|6473|2699|2240|1275|7876|3123|4494|1972|3382|2156|379|328|328|311|51|88|574|309|474|292|100|164|2704|1117|2180|1083|524|333
04000A0US09|3495173|1906|2666052|18677|453397|11016|260877|8829|192520|9291|26255|4869|22242|4225|4013|1321|25199|5879|15677|4180|9522|2730|18944|3602|13683|3127|5261|1452|43213|6997|25413|4734|17800|3771|8206|1918|6817|1562|1389|1019|1621|862|1439|776|182|178|6022|2413|4461|1674|1561|1040|11581|2545|8493|2091|3088|1138|24257|3812|15353|3290|8904|2017|5857|2620|3613|1882|2244|1346|9306|3031|6295|2127|3011|1279|468|457|87|102|381|477|3615|1409|2629|936|986|576|10105|2425|6411|1855|3694|1201|14251|3425|10430|2648|3821|2517|7475|2378|4785|1510|2690|1202|2022|1328|903|654|1119|800|5126|2103|3140|1339|1986|1441|3803|1452|3339|1392|464|412|14128|3299|9197|2406|4931|1576|4379|2087|4180|2081|199|193|8742|2545|7302|2053|1440|827|3589|1949|2844|1566|745|496|33605|4454|17679|3130|15926|3167|2871|1409|2203|1240|668|377|5741|1666|3816|1259|1925|756|207|330|207|330|0|225|7708|2111|4161|1381|3547|1221|1445|1159|630|581|815|800|5559|1930|2232|922|3327|1434|3024|1375|2486|1055|538|458|10384|2649|8242|2337|2142|769|1029|582|858|517|171|222|19641|6210|9911|3788|9730|3037|3612|1557|3436|1498|176|205|1026|963|680|638|346|368|8773|2608|7035|2240|1738|831|1746|1324|1315|928|431|486|0|225|0|225|0|225|1302|1579|1055|1541|247|400|9887|3085|9238|3058|649|368
04000A0US10|997129|209|835099|8889|80141|5135|48631|4013|31510|3608|5946|2534|5231|2383|715|764|7138|2793|3386|1735|3752|2047|2079|892|1527|741|552|395|1036|550|989|553|47|80|2198|866|1860|781|338|297|1487|1198|1244|1172|243|269|1774|884|1378|620|396|499|2143|1212|1696|870|447|464|1036|723|694|521|342|317|842|765|662|612|180|322|704|488|641|474|63|108|484|763|484|763|0|208|783|531|442|464|341|266|2672|1654|1240|830|1432|1396|1511|796|1247|685|264|211|4518|1907|3528|1566|990|526|1443|938|821|505|622|497|1042|1004|392|358|650|687|1195|780|1126|749|69|120|1436|884|822|564|614|689|2309|1044|1994|952|315|296|919|874|903|874|16|39|733|700|668|693|65|108|10011|2522|4648|1690|5363|1809|162|139|90|109|72|98|2769|1192|1336|661|1433|848|0|208|0|208|0|208|2978|1983|1865|1376|1113|728|408|473|0|208|408|473|223|238|110|122|113|143|938|858|660|810|278|244|3554|1107|2979|1059|575|345|175|203|46|61|129|197|3134|2046|2097|1297|1037|842|506|476|506|476|0|208|538|786|358|501|180|297|7734|2621|6550|2359|1184|800|1939|1686|1939|1686|0|208|0|208|0|208|0|208|137|144|137|144|0|208|1255|760|926|613|329|324
04000A0US11|662752|79|521800|8710|61754|4580|37228|3992|24526|4130|11931|2616|9860|2366|2071|1166|1260|1049|523|636|737|917|1831|980|1770|973|61|102|1431|875|1330|856|101|172|3303|1266|2950|1196|353|416|532|414|532|414|0|247|1115|894|1041|894|74|15|2673|1057|2042|818|631|618|445|345|361|244|84|137|711|693|711|693|0|247|1036|620|815|507|221|214|106|135|29|46|77|127|2051|926|1859|883|192|188|878|776|878|776|0|247|1772|845|1368|600|404|443|403|478|325|358|78|134|318|312|171|215|147|235|273|234|273|234|0|247|972|807|972|807|0|247|1732|1105|1175|845|557|595|0|247|0|247|0|247|891|767|722|750|169|146|196|247|196|247|0|247|7561|1543|5543|1335|2018|860|1334|555|902|482|432|328|2003|730|1496|651|507|284|53|81|53|81|0|247|2868|2099|388|302|2480|2131|0|247|0|247|0|247|609|562|292|265|317|338|1832|1241|1746|1232|86|102|1567|769|1060|618|507|598|638|388|638|388|0|247|2612|919|2293|835|319|331|1327|620|1252|628|75|80|14706|6013|8716|3854|5990|2738|4037|2150|2838|1371|1199|1128|1584|858|1403|845|181|224|31|50|31|50|0|247|0|247|0|247|0|247|576|369|427|248|149|275
04000A0US12|21924940|4710|14839939|52820|5173505|30454|2849677|35853|2323828|33071|122462|9837|93641|7788|28821|5078|509503|28460|283588|19824|225915|17374|48724|5670|39092|5158|9632|1689|209923|17408|134469|12688|75454|8876|61794|6008|54534|5473|7260|1788|16211|2977|13907|2648|2304|972|23766|4185|18418|3614|5348|1517|81330|10110|51907|7194|29423|4609|30528|4528|19732|3423|10796|2417|15385|2728|10978|2153|4407|1353|41385|6573|24439|4044|16946|3866|1770|966|1564|854|206|272|9815|2921|6432|2184|3383|1500|24099|5474|16920|4168|7179|2095|31630|5667|24862|4788|6768|2079|18892|4130|15487|3516|3405|1435|3564|1726|2773|1204|791|840|17728|4569|12118|3741|5610|2094|11040|3377|8498|2512|2542|1583|44139|6828|29035|4334|15104|4391|23771|4718|20055|4048|3716|1386|15378|3608|12154|3008|3224|1377|16170|3798|12069|3207|4101|1772|87203|8691|44668|5185|42535|5625|11374|2340|7768|2014|3606|1217|19571|3191|10872|2489|8699|1882|1454|1284|1008|854|446|674|73710|8430|31537|4128|42173|6156|8687|3659|4659|2666|4028|1599|16990|3610|8483|2231|8507|2620|26272|6221|14927|3751|11345|3445|80893|6623|57000|4854|23893|4015|11538|4050|7933|2813|3605|1508|94009|13945|64414|9185|29595|8200|23470|3670|20464|3544|3006|1065|6910|2781|4613|2044|2297|1277|13191|4891|9353|3267|3838|2246|10518|4389|6268|2960|4250|3061|101|112|49|80|52|78|1681|849|1662|849|19|21|44917|7239|32980|5509|11937|2879
04000A0US13|9863264|8605|8187433|25793|935268|15541|546586|13377|388682|13343|45210|6533|35837|5751|9373|2605|26564|5408|17819|4145|8745|2721|4817|1399|4177|1373|640|370|25311|4420|18612|3427|6699|2413|19818|3411|17965|3253|1853|755|6211|1750|5828|1702|383|298|3139|1300|2614|1201|525|324|13072|2672|8293|2081|4779|1394|4102|1736|3362|1605|740|412|6585|1860|5019|1506|1566|826|8842|2326|6774|1922|2068|790|211|272|211|272|0|232|16166|3637|10484|2670|5682|1955|34465|5830|24349|4517|10116|2574|41443|5779|34428|4869|7015|2088|14610|3493|11531|2876|3079|1426|3613|1898|2955|1662|658|482|12019|2935|8328|2392|3691|1218|15020|3760|10029|2355|4991|2338|11913|2659|9558|2328|2355|1131|25743|4277|21699|3655|4044|1774|16351|4145|14752|4039|1599|1200|10835|3197|9983|3100|852|521|64175|6164|35180|4631|28995|3901|10408|2337|7071|2196|3337|1221|60101|7348|28943|4266|31158|4688|1998|975|1368|814|630|433|56303|6608|21261|3744|35042|4941|6380|2346|3488|1651|2892|1168|6609|2069|3834|1394|2775|1065|15505|4718|10267|3386|5238|1749|18777|2765|13886|2249|4891|1388|6477|2493|4483|2154|1994|1006|18055|5341|14678|4728|3377|1241|7895|3081|7349|2825|546|583|30193|7391|21227|6143|8966|2748|35557|5405|32359|5077|3198|1254|20449|6111|10428|3619|10021|4309|24|40|24|40|0|232|887|538|677|417|210|231|14710|3749|12737|3189|1973|1156
04000A0US16|1748445|4740|1543292|8809|147760|6458|97022|5651|50738|4510|4599|1242|4058|1207|541|466|107|148|107|148|0|198|1490|834|1463|832|27|46|2457|978|2083|925|374|292|2887|873|2424|779|463|373|484|405|432|348|52|85|330|300|330|300|0|198|2606|965|1890|933|716|456|193|212|158|169|35|60|1844|1055|1319|805|525|337|4571|2491|3106|2012|1465|1017|61|112|0|198|61|112|471|434|367|349|104|115|0|198|0|198|0|198|1031|628|947|577|84|133|748|1081|554|830|194|260|0|198|0|198|0|198|203|332|125|216|78|133|2792|2061|1402|727|1390|1640|1100|606|703|417|397|317|1276|965|1233|942|43|76|37|64|37|64|0|198|27|48|27|48|0|198|4761|1423|3129|989|1632|847|1380|705|1107|591|273|241|2950|1380|1304|711|1646|901|0|198|0|198|0|198|1822|864|472|394|1350|758|0|198|0|198|0|198|669|537|309|327|360|319|1694|1491|1013|837|681|693|3315|1323|2328|1080|987|553|1643|862|893|499|750|591|1086|796|716|587|370|366|0|198|0|198|0|198|290|271|196|224|94|153|330|302|161|138|169|251|5010|1552|2126|962|2884|1072|308|211|280|205|28|49|1322|569|1209|546|113|107|1499|832|542|353|957|739
04000A0US17|11477926|4565|8555758|32310|1685494|19238|1016980|18212|668514|19197|31031|4803|22112|4051|8919|2531|3885|1706|2885|1472|1000|599|26325|3920|20015|3352|6310|1656|10754|2543|8588|1929|2166|1417|26068|3105|23138|2797|2930|944|4121|1187|3592|1145|529|391|23184|4518|18385|3983|4799|1331|47847|5899|29091|4266|18756|3421|157461|12830|91773|8716|65688|6199|27981|4777|17863|3636|10118|2201|65835|8225|29498|4591|36337|5653|2101|1605|1218|1047|883|749|10387|3367|6876|2620|3511|1838|50252|6964|31186|5246|19066|4096|52082|7462|43189|6530|8893|2259|57022|9067|42004|6958|15018|3520|8783|2799|5878|1878|2905|1167|9858|3525|5665|1921|4193|2274|14829|3984|12319|3376|2510|1232|53218|8366|35792|6389|17426|3323|26141|4473|22309|4428|3832|1205|15783|4114|12903|3163|2880|1612|18392|3724|13427|2795|4965|1397|117028|10533|58325|5588|58703|8387|13121|3364|8340|2699|4781|1287|46327|6117|24372|3757|21955|3478|181|185|181|185|0|208|24193|4821|10046|2378|14147|3179|1794|930|1009|622|785|577|11243|2800|5555|1894|5688|1828|25372|4817|13184|3511|12188|2672|83949|8082|63059|6390|20890|3372|10334|4299|5887|2131|4447|3469|78298|10545|55628|8179|22670|4896|5416|2005|4876|1837|540|369|23110|5233|14523|3749|8587|2329|34778|7122|26627|5551|8151|2512|8758|2600|6318|2188|2440|1384|228|198|183|183|45|75|613|660|613|660|0|208|8591|2552|5689|1828|2902|1358
04000A0US18|6088239|4700|5388358|20120|374105|9898|215270|9458|158835|8264|10251|2574|6723|1616|3528|1521|16124|5089|5120|2354|11004|4019|1982|800|1468|642|514|361|2557|1125|2107|970|450|333|32784|6666|27317|6045|5467|1692|22519|4959|14461|3358|8058|3208|4413|1276|3562|1080|851|533|3390|1047|2365|937|1025|492|6184|2951|4305|1909|1879|1385|5240|1361|3833|1036|1407|722|5048|2386|4332|2320|716|553|467|505|306|314|161|226|4723|2809|3979|2410|744|716|5895|1871|3893|1374|2002|919|12943|2688|9857|2163|3086|1578|4142|1532|2963|1269|1179|734|12173|3947|7564|3030|4609|1911|1825|1067|1581|1014|244|225|3456|1397|2582|1092|874|607|7743|2728|4023|1168|3720|2330|7561|2652|6436|2251|1125|811|4749|1835|3824|1623|925|770|1967|960|1747|921|220|223|25029|4387|11395|1958|13634|3284|7399|2999|3982|1395|3417|2316|9203|1865|4745|1571|4458|1313|117|159|0|211|117|159|6696|2034|2619|1263|4077|1432|289|296|289|296|0|211|2565|1328|1332|701|1233|1000|23308|4315|10750|2529|12558|2855|10702|2223|7674|1790|3028|1268|5762|1928|4018|1609|1744|634|13149|3567|8747|2529|4402|1795|1505|767|1505|767|0|211|4182|2393|2200|1351|1982|1484|24763|7153|18508|5885|6255|2770|7994|3800|3443|1620|4551|3479|171|172|171|172|0|211|288|402|288|402|0|211|4518|1805|2176|993|2342|1518
04000A0US19|2354683|3055|2110187|11493|114993|5850|66556|5155|48437|3713|9026|2356|3804|1221|5222|2053|1475|1011|312|273|1163|897|1402|903|1359|912|43|71|2504|1952|1845|1286|659|760|4933|1150|3926|893|1007|508|3590|1453|2821|1205|769|581|1013|719|932|679|81|137|960|486|628|440|332|303|416|294|290|237|126|138|8375|2925|4497|2144|3878|1745|2163|1841|982|897|1181|1117|0|174|0|174|0|174|1688|1357|1013|1029|675|668|32|59|0|174|32|59|3454|1429|2313|1110|1141|691|1710|856|1200|666|510|474|393|560|71|91|322|555|594|553|520|496|74|91|3689|2054|2072|1252|1617|949|2424|1775|1151|729|1273|1486|1281|1015|644|594|637|786|2785|1683|1974|1106|811|873|769|606|769|606|0|174|8838|2287|5885|1873|2953|1101|1313|566|1023|482|290|277|2719|1283|1098|616|1621|893|971|711|167|211|804|691|7322|2152|3996|1551|3326|1290|362|382|281|356|81|103|6496|1792|3455|1084|3041|1233|9941|3111|3572|1343|6369|2175|3937|1495|3306|1428|631|430|4864|2011|2824|1661|2040|1205|7878|2591|5214|2157|2664|1522|505|336|318|268|187|214|3521|2063|2086|1517|1435|835|3108|1865|2761|1703|347|275|11922|3621|6212|2486|5710|2183|0|174|0|174|0|174|330|416|299|414|31|55|800|574|605|515|195|208
04000A0US20|2409533|2881|2081738|9985|216087|9761|122448|8233|93639|6195|4881|1460|3463|1085|1418|812|84|114|84|114|0|189|877|669|693|575|184|233|1168|665|1085|660|83|113|6984|1502|5486|1258|1498|806|1235|634|1102|642|133|137|576|541|576|541|0|189|2852|1328|1518|775|1334|1015|467|342|226|234|241|230|684|574|273|187|411|531|1352|643|1159|599|193|154|0|189|0|189|0|189|1284|908|711|530|573|420|1448|1044|544|420|904|960|4480|1745|4140|1745|340|301|2066|1082|1367|777|699|467|633|638|399|410|234|310|765|593|520|463|245|257|2171|1210|1868|1138|303|291|1129|851|1094|849|35|57|5824|2021|4995|1806|829|622|1196|933|868|742|328|318|2802|1452|1884|854|918|1119|8421|2113|4222|1281|4199|1416|2865|1229|2170|1019|695|465|4530|1845|2839|1340|1691|866|2563|1456|1111|666|1452|964|10228|1859|4601|1377|5627|1367|2323|1522|532|479|1791|1272|3771|1503|1817|895|1954|858|4484|1950|2224|883|2260|1359|5903|1866|4026|1236|1877|1138|2154|1024|1515|893|639|623|6324|2980|4551|2312|1773|986|220|232|220|232|0|189|4570|2002|3531|1718|1039|675|1552|1112|1259|973|293|301|4438|2018|2250|1261|2188|1712|29|46|29|46|0|189|530|210|344|152|186|158|1845|1037|1038|693|807|740
04000A0US21|3579912|8790|3277295|15582|151494|6372|78208|5992|73286|6213|8692|2297|6264|1983|2428|1013|2307|2358|320|310|1987|2213|628|551|532|534|96|151|2709|1482|2141|1170|568|565|11526|3104|10246|2970|1280|602|7771|2565|5503|2229|2268|1219|262|279|252|277|10|17|2791|1789|2520|1668|271|255|423|395|423|395|0|208|5547|2566|3857|2158|1690|1115|4921|2292|1710|821|3211|1969|0|208|0|208|0|208|1516|784|990|528|526|454|5072|2623|3169|1649|1903|1222|3261|1699|1629|808|1632|1151|2090|1128|1583|896|507|508|634|1195|0|208|634|1195|1585|1251|640|634|945|1176|7551|2182|3805|1417|3746|1593|4442|3168|1379|769|3063|2948|1759|1172|1313|940|446|487|1470|888|1158|669|312|275|528|480|528|480|0|208|5658|2062|3541|1376|2117|1081|6701|2061|2441|1001|4260|1584|2159|1103|1214|769|945|543|0|208|0|208|0|208|5469|2369|2135|1036|3334|1617|2313|1295|962|767|1351|748|656|483|204|164|452|464|8132|4170|3635|1794|4497|2600|6161|1641|4385|1469|1776|729|1213|560|702|391|511|372|13595|3777|7692|2117|5903|2356|249|150|203|135|46|72|3723|2920|1871|1329|1852|1782|3616|1571|2760|1407|856|696|11104|5478|3727|1850|7377|4905|0|208|0|208|0|208|388|257|179|142|209|205|2501|1714|1562|1405|939|1064
04000A0US22|4043752|5138|3676902|12694|213456|7786|102982|6792|110474|7065|50972|3755|42684|3127|8288|1859|5464|3619|5439|3618|25|40|1941|882|1582|679|359|464|3233|1340|1815|971|1418|752|2916|942|2371|889|545|357|1078|678|1015|667|63|112|618|569|456|406|162|190|1487|818|1145|746|342|328|523|497|467|479|56|96|530|413|336|259|194|223|1529|1254|1049|721|480|697|24|46|24|46|0|224|1080|747|605|431|475|394|1509|1088|1509|1088|0|224|3973|2100|3270|1695|703|589|1553|1136|1208|841|345|402|1675|1645|614|698|1061|1040|626|489|626|489|0|224|1472|624|1007|528|465|444|1030|642|925|561|105|132|1323|965|1173|905|150|207|94|157|94|157|0|224|574|444|574|444|0|224|10170|2908|4960|1797|5210|2053|2512|1226|1633|918|879|664|1372|764|841|621|531|361|0|224|0|224|0|224|26960|3848|12953|2701|14007|2580|675|570|214|270|461|359|1749|761|916|514|833|499|1953|1958|1370|1583|583|453|5726|1847|3639|1202|2087|914|485|433|485|433|0|224|7995|2747|6110|2207|1885|1115|1069|794|889|727|180|299|374|203|374|203|0|224|1707|1126|1438|1119|269|248|2030|1393|1958|1345|72|129|119|178|119|178|0|224|792|466|792|466|0|224|2482|1711|1716|1327|766|808
04000A0US24|5834228|2510|4551742|26695|593445|13509|315703|13158|277742|14028|59677|8081|44300|6572|15377|3144|16844|4691|12166|3945|4678|1779|7754|1987|6036|1689|1718|802|16069|3936|10022|2541|6047|2293|15297|3465|13660|3074|1637|856|3800|1212|3062|1046|738|498|6041|1774|4940|1609|1101|503|19214|4390|12137|3048|7077|2103|3795|1210|2718|1015|1077|599|2049|1391|1044|663|1005|944|8531|2743|6148|2059|2383|1296|2174|1690|1646|1162|528|589|16538|4074|10641|3216|5897|2017|10369|3709|8292|3329|2077|948|22610|3688|18613|3433|3997|1345|19812|5088|12274|2751|7538|3064|5929|2333|4664|2020|1265|673|16169|4775|10877|3300|5292|2190|12872|3203|9623|2537|3249|1559|12707|3728|8257|2526|4450|2005|11834|4745|10532|4150|1302|889|9049|2456|7887|2310|1162|596|3946|1507|3258|1203|688|487|74531|7494|38938|4375|35593|5192|7103|1667|4102|1155|3001|1079|35309|4895|19433|3205|15876|2921|194|313|194|313|0|228|20780|3991|10582|2422|10198|2586|1802|864|772|538|1030|570|3879|1099|2424|808|1455|529|12096|3710|7463|2527|4633|1605|44915|6885|31227|5666|13688|3173|8544|2354|5127|1777|3417|1258|19491|4360|13673|3606|5818|2023|6160|1789|5830|1795|330|270|44299|6897|31339|5848|12960|2553|75247|9873|63463|8667|11784|3125|13650|4695|10620|3651|3030|1639|0|228|0|228|0|228|733|640|614|561|119|194|17228|4523|12110|3383|5118|2541
04000A0US25|6789175|1671|5034353|24289|670417|12912|376628|11632|293789|13508|48964|5351|39787|4318|9177|1952|86961|8419|48462|6753|38499|5734|20843|2638|16171|2309|4672|1237|247638|15679|125497|11212|122141|8744|15136|2453|14139|2501|997|748|3536|1578|3206|1529|330|268|18150|3576|12612|2700|5538|1919|40143|4368|26234|3845|13909|2213|12863|2890|9324|2466|3539|1247|4589|1689|3070|1282|1519|770|8605|2151|4900|1431|3705|1487|5269|1644|3844|1283|1425|853|10213|2573|8110|2125|2103|888|10512|2953|8051|2426|2461|1082|38508|5270|34774|5064|3734|1165|8452|2986|6507|2376|1945|1004|2736|1308|2254|1203|482|413|13748|3512|8945|2545|4803|1935|20291|3657|13427|2524|6864|1769|35372|6416|21347|4248|14025|3319|13840|3612|11467|2907|2373|2067|10060|2347|9040|2105|1020|576|5580|1688|5042|1596|538|417|153698|8814|82926|5857|70772|6699|7839|2057|4700|1265|3139|1226|20600|3210|12265|2311|8335|1933|1144|991|602|475|542|564|44075|6503|19032|3293|25043|4614|19223|3252|9372|2018|9851|2128|8884|2295|3168|1200|5716|1796|12527|3500|7968|2631|4559|2119|8744|2003|5961|1356|2783|1206|5879|2833|4359|2270|1520|1184|45079|5819|30890|4658|14189|2982|11282|3144|10346|3084|936|515|9899|2933|6249|2124|3650|1380|21061|3804|15604|3175|5457|1349|21989|3911|16910|3376|5079|1663|0|228|0|228|0|228|526|400|264|254|262|308|9947|2765|8436|2626|1511|760
04000A0US26|8930643|2052|7893854|19206|314281|10290|192453|8901|121828|7061|19483|3493|15815|3150|3668|1167|3426|2007|1633|1050|1793|1474|12384|2137|8765|1780|3619|926|11371|2610|8712|2287|2659|908|26439|4044|21400|3628|5039|1375|12783|2979|9520|2390|3263|1166|6781|2298|5549|2025|1232|547|9427|2029|6064|1504|3363|1111|14758|3383|10490|2777|4268|1464|9708|2910|6718|2118|2990|1261|16768|4954|11626|3474|5142|2264|1625|1040|1371|865|254|310|6244|1904|3195|999|3049|1540|10585|3184|7242|2103|3343|1523|21444|3870|16284|3052|5160|2178|12742|3956|10352|3419|2390|1203|8249|2639|5676|2307|2573|1213|35410|5943|17039|3641|18371|4459|10389|2650|8698|2161|1691|865|41437|5785|28837|4739|12600|2324|20338|4816|16140|3794|4198|2171|11462|2880|9959|2753|1503|778|11681|3308|9542|2727|2139|1034|45918|5320|27413|3884|18505|2659|10823|2391|6049|1458|4774|1812|20275|3628|11520|2745|8755|1954|3726|1433|1484|740|2242|966|18978|4023|8747|2138|10231|2673|2673|1535|737|528|1936|1434|6128|2025|3458|1490|2670|1129|8050|2604|4147|1677|3903|1641|17915|3275|13250|2667|4665|1479|3553|1586|2738|1382|815|657|190301|11823|107426|8543|82875|7550|2398|945|2029|887|369|308|27593|5643|17682|4325|9911|2199|9929|2690|8202|2282|1727|818|12494|4361|7330|3120|5164|1933|0|187|0|187|0|187|1485|684|1459|685|26|35|5335|1827|3756|1358|1579|854
04000A0US27|5012811|2674|4320186|18114|230163|9133|135032|7189|95131|6726|16182|3039|12060|2727|4122|1335|1429|1119|213|201|1216|1073|2872|1264|2412|1217|460|390|5266|1642|4132|1348|1134|568|12860|2190|9350|1566|3510|1289|2159|846|1707|647|452|336|445|311|445|311|0|157|14822|3396|8868|2338|5954|2067|2125|704|1673|585|452|382|3452|1640|2449|1069|1003|780|7153|2208|4000|1369|3153|1583|281|322|281|322|0|157|3011|1266|2033|907|978|509|3012|1402|2298|1060|714|506|9078|2476|8275|2496|803|443|2365|1024|2187|983|178|150|685|664|356|341|329|388|4139|1485|3408|1306|731|423|5859|1602|4764|1285|1095|844|7921|1470|5351|1200|2570|870|6800|3294|5943|3021|857|687|3442|1264|2822|1115|620|477|2653|1097|2152|907|501|513|23487|2853|12437|1879|11050|2114|5306|2002|3593|1577|1713|969|6015|1549|3575|1140|2440|847|72480|6133|45927|5289|26553|3017|18744|3500|9582|2376|9162|1961|6097|1897|2952|1187|3145|1075|7499|2225|4576|1566|2923|1184|20351|5002|8559|2649|11792|3525|9076|2145|5289|1491|3787|1602|2760|1035|2281|987|479|308|14875|4080|10913|3216|3962|1409|3486|2873|3389|2864|97|164|110199|10631|65828|8700|44371|5509|21045|4489|14289|3590|6756|2422|15249|3077|10548|2438|4701|1463|168|195|155|190|13|32|4776|1330|4394|1344|382|172|2838|1188|2310|1015|528|530
04000A0US29|5117893|5897|4715661|19470|165681|8933|107710|7173|57971|4663|13094|2658|9663|1822|3431|1521|2250|1332|761|592|1489|1291|2798|1186|2541|1134|257|257|4499|1831|3551|1539|948|569|15592|3345|11550|2343|4042|1808|7058|2656|4803|1776|2255|1609|1134|847|571|436|563|605|10179|2265|6393|1845|3786|1020|1083|536|875|509|208|163|15676|4287|9827|3131|5849|1579|7272|2641|4783|1704|2489|1597|211|291|40|70|171|281|2750|1346|1724|986|1026|814|4267|1990|2620|1238|1647|991|8436|3085|7487|3051|949|550|5043|1856|3944|1481|1099|644|1078|688|556|434|522|463|3866|1892|2398|1251|1468|936|3331|1231|2212|1067|1119|468|6240|2038|3426|1272|2814|1334|7657|2267|5411|1748|2246|975|2772|1228|2488|1131|284|232|1274|683|1082|651|192|228|22281|3789|12128|2155|10153|2585|2891|1191|1632|898|1259|696|8327|1502|6039|1210|2288|851|504|514|418|397|86|150|13598|3208|6531|1907|7067|1851|290|270|139|230|151|179|2292|1303|1100|823|1192|854|5958|2373|3219|1383|2739|1410|10735|2036|7274|1632|3461|1199|4167|1689|3230|1571|937|576|10930|3404|8089|2668|2841|1362|732|658|663|640|69|110|8409|3405|5603|2730|2806|1189|6573|2508|5042|2017|1531|1128|9005|6247|5148|5091|3857|2599|19|34|19|34|0|198|403|323|385|323|18|55|1877|1133|1742|1099|135|131
04000A0US31|1577270|2580|1330081|10579|163428|6621|82228|5020|81200|6104|7966|3218|5024|2210|2942|1460|760|1211|592|946|168|271|219|189|150|146|69|117|584|333|553|308|31|58|5556|2164|4825|1774|731|691|316|167|249|155|67|102|216|207|216|207|0|175|1069|558|789|418|280|231|407|378|243|273|164|203|1655|1443|1655|1443|0|175|2426|1221|1589|907|837|610|0|175|0|175|0|175|1642|1155|977|600|665|774|876|750|478|485|398|455|2046|907|2018|899|28|46|769|743|550|609|219|252|536|710|503|704|33|57|1119|1103|0|175|1119|1103|4306|1581|2586|1125|1720|745|5437|3199|1511|1101|3926|2464|2167|1016|1884|1014|283|320|950|716|900|696|50|85|187|174|187|174|0|175|2708|935|1776|752|932|482|969|606|859|601|110|135|1336|798|857|514|479|350|210|246|176|215|34|57|6308|1802|1887|758|4421|1494|0|175|0|175|0|175|1799|981|891|685|908|583|7066|2707|1782|914|5284|2214|3042|1138|2137|1003|905|565|1852|886|1219|695|633|456|7712|4128|5786|3579|1926|1358|237|358|237|358|0|175|1942|1238|257|321|1685|1057|2117|1100|1306|914|811|595|3536|2158|2210|1481|1326|1382|0|175|0|175|0|175|574|482|544|460|30|58|1144|919|523|622|621|610
04000A0US32|3066574|2853|2111857|19779|642480|17168|381754|12868|260726|12460|6434|1527|5197|1387|1237|827|189|257|189|257|0|236|4501|1676|3506|1513|995|610|14025|5594|10387|4567|3638|2181|7819|1942|7159|1830|660|362|1385|621|1385|621|0|236|2831|1769|2678|1752|153|243|5071|1956|3217|1328|1854|1229|3605|1565|2221|1098|1384|1125|1861|1018|1288|810|573|430|4494|1827|3079|1382|1415|852|2476|1456|1822|1313|654|446|4809|1908|3637|1762|1172|564|760|979|410|491|350|503|5427|2342|5077|2295|350|416|1100|984|733|549|367|484|2458|1656|1953|1462|505|367|1387|946|1024|673|363|514|2310|2444|1573|1743|737|736|3696|1464|2338|937|1358|829|2940|1972|1989|1235|951|1077|366|295|266|261|100|125|1487|1474|1252|1360|235|299|41612|5945|17244|2701|24368|5158|5377|1656|3633|1289|1744|713|13922|4077|8695|2807|5227|1852|1057|912|609|484|448|510|12542|4144|5781|2188|6761|2631|1430|1195|197|197|1233|1163|7521|2543|3448|1516|4073|1481|2339|1474|845|451|1494|1369|99823|8041|71833|7172|27990|3896|15002|3372|10791|2904|4211|1444|3877|1446|3152|1304|725|542|3057|1390|3032|1376|25|47|10469|3020|7643|2644|2826|1196|2958|1689|2771|1661|187|194|5304|2531|4071|2044|1233|829|276|252|276|252|0|236|1038|483|669|356|369|272|3202|1292|2770|1145|432|349
04000A0US33|1266312|1290|1161159|7613|35332|4015|23435|2987|11897|2566|13184|2596|10179|2192|3005|1093|797|650|634|553|163|267|1936|1150|1598|1060|338|324|4879|1670|2891|955|1988|938|4046|1254|3293|1106|753|433|475|330|475|330|0|200|3034|1801|2638|1441|396|504|2598|1246|1618|791|980|574|564|409|352|252|212|232|1082|734|824|593|258|246|949|693|803|667|146|168|98|117|98|117|0|200|667|594|211|223|456|547|1594|1441|1465|1380|129|201|1380|867|1069|762|311|263|0|200|0|200|0|200|219|279|166|266|53|89|770|870|497|493|273|492|1206|876|607|388|599|559|2076|872|1490|721|586|512|1874|1077|1874|1077|0|200|1883|1293|1418|916|465|430|1160|906|1032|878|128|205|6484|3708|4561|3228|1923|893|772|449|667|386|105|143|1090|891|656|572|434|383|0|200|0|200|0|200|1875|1873|313|315|1562|1691|1021|813|661|456|360|576|1504|766|772|469|732|520|1026|662|869|584|157|194|1409|1041|921|705|488|444|3042|1313|1815|867|1227|873|1528|761|1269|620|259|321|49|69|12|19|37|65|489|692|336|496|153|225|1428|1105|1375|1039|53|97|992|1010|241|265|751|906|0|200|0|200|0|200|40|77|40|77|0|200|601|400|508|362|93|155
04000A0US34|8975100|2111|5892624|32912|1606399|20495|837473|21342|768926|17871|44821|6500|33121|5401|11700|3405|60303|9997|34436|7513|25867|5765|50266|4833|38092|4331|12174|2015|100104|9555|55946|5820|44158|5680|20377|3172|18013|2897|2364|943|14490|5737|12258|5340|2232|1565|23187|4780|18728|3968|4459|1489|49142|5236|30737|4086|18405|2987|62734|7944|34761|5006|27973|4314|10105|3060|7147|2494|2958|1002|26738|4544|16618|3104|10120|2330|5975|2876|3848|1765|2127|1440|6724|1779|3879|1125|2845|1176|79351|7841|48694|5218|30657|4143|106941|8734|90327|7686|16614|3153|42025|6264|31109|4914|10916|2548|21474|4747|12869|2803|8605|3062|30305|5513|18610|3897|11695|2518|29175|4704|25541|4491|3634|1359|29676|5887|20549|3963|9127|2767|47269|6621|39791|6123|7478|1766|24606|4006|22218|3860|2388|806|19518|3387|15005|2678|4513|1547|138338|9758|81188|6541|57150|6114|13915|3122|9207|2946|4708|1466|78252|7078|36714|4865|41538|4356|0|226|0|226|0|226|19310|4304|7471|1829|11839|3167|1448|1171|653|596|795|968|2551|1020|1530|676|1021|654|32262|5440|21048|4062|11214|2316|81052|8014|57393|6067|23659|3629|9436|3871|6741|2390|2695|1677|83692|9369|55469|7414|28223|4611|19519|4153|17901|4011|1618|678|5654|2591|3935|2190|1719|862|56130|8535|46294|7994|9836|2331|5014|1753|4698|1653|316|349|0|226|0|226|0|226|938|569|938|569|0|226|23260|4929|16930|3934|6330|1734
04000A0US35|1940414|4508|1331117|15041|486001|15226|328110|12031|157891|8962|5048|2091|4081|1837|967|851|17|15|0|216|17|15|1207|624|1082|550|125|156|1088|551|910|454|178|235|5191|1142|4646|1010|545|363|624|486|580|480|44|75|235|210|134|149|101|176|318|331|318|331|0|216|474|327|446|327|28|50|457|434|312|366|145|153|371|229|245|194|126|166|0|216|0|216|0|216|854|642|635|633|219|181|147|146|147|146|0|216|688|478|669|474|19|34|89|164|89|164|0|216|194|294|194|294|0|216|540|576|345|360|195|270|424|398|375|347|49|86|1175|1341|1175|1341|0|216|651|498|463|381|188|175|730|553|594|503|136|180|1416|1289|1161|1075|255|285|3746|1162|2425|859|1321|593|2005|1193|1398|750|607|577|2374|1124|1383|801|991|661|43|68|43|68|0|216|4162|1709|2422|1168|1740|913|292|360|0|216|292|360|927|623|656|436|271|265|570|594|460|581|110|128|6283|1819|3512|1425|2771|1250|599|398|498|373|101|187|3189|2466|1243|930|1946|2511|182|182|182|182|0|216|0|216|0|216|0|216|1303|836|1266|828|37|80|991|912|794|608|197|333|48928|3012|29394|2584|19534|1916|25224|3090|21482|2916|3742|1209|540|398|317|261|223|239
04000A0US36|18464381|2433|12530593|48547|2820595|23446|1521773|25387|1298822|24594|133736|10758|100300|8628|33436|5614|160531|15359|91639|10073|68892|9074|112335|8515|83144|7407|29191|3749|48408|5890|35290|4495|13118|2688|48974|4777|44482|4602|4492|1071|237834|14541|111838|10209|125996|11038|62317|7780|43901|5822|18416|3275|208662|11525|91529|6888|117133|8274|73785|8474|43178|6587|30607|4325|27015|4150|18566|3355|8449|1950|61155|8258|31711|6518|29444|4472|5828|1582|3913|1327|1915|939|29586|5472|16463|4270|13123|3398|17542|4188|12249|2740|5293|1820|58333|6744|45867|5349|12466|2555|77921|9437|47255|6606|30666|4721|36560|6498|19822|3927|16738|3474|192476|12259|91927|7359|100549|8975|33510|5669|15508|3366|18002|4234|89894|9677|57191|7413|32703|4376|11149|2636|9258|2272|1891|742|11072|3021|8622|2050|2450|1365|34998|5588|23388|3535|11610|2932|645129|18957|237360|11037|407769|13652|34068|4684|17797|3000|16271|2747|88354|8517|43033|5418|45321|5324|206|337|206|337|0|220|22119|3158|10694|1909|11425|1981|4427|1738|2373|1182|2054|991|7372|1757|3250|981|4122|1132|66608|8107|33110|5574|33498|5382|81110|7905|59844|5537|21266|3946|13108|2488|7769|1516|5339|1841|126763|14717|73321|8810|53442|8824|60968|8432|48012|7015|12956|3082|24171|5200|15199|3637|8972|3026|102694|12133|74373|9445|28321|4942|20557|5362|12197|3751|8360|3407|380|392|102|103|278|386|1363|684|1148|593|215|192|40175|4478|26763|3423|13412|2679
04000A0US37|9772477|5889|8337863|25038|901571|16924|527727|16797|373844|15128|32277|6215|22459|4157|9818|3108|12162|4491|5243|2074|6919|2982|9551|2045|7837|1997|1714|688|14601|2905|10616|2453|3985|1318|20958|2547|19054|2378|1904|681|2801|1142|2735|1138|66|106|5151|1856|4145|1528|1006|536|19686|3667|13205|2575|6481|2490|4640|1540|3752|1261|888|564|4666|2272|3665|1721|1001|737|6093|1926|4195|1494|1898|895|645|510|545|478|100|164|5845|2150|3220|1313|2625|1395|18763|3892|14809|3073|3954|1470|30268|5682|26769|4986|3499|1213|9032|2940|6266|2067|2766|1712|1972|947|1498|763|474|390|5249|1953|4763|1743|486|386|14704|4020|10642|3021|4062|1860|11745|3585|8569|2376|3176|1962|35127|6259|26768|5421|8359|2583|14561|4691|13577|4536|984|573|11358|3997|10632|3876|726|413|44763|5835|26361|3968|18402|3326|9210|2325|6590|1946|2620|1252|16261|3601|9262|2385|6999|1824|10535|2561|6802|2335|3733|2061|28136|4953|11526|2810|16610|2973|3645|2243|2487|1918|1158|653|7117|2305|2303|1018|4814|1827|13263|3176|7396|2290|5867|2186|18904|3762|14292|3547|4612|1259|8101|3269|4383|1730|3718|2167|28939|5291|19829|3888|9110|2539|1233|832|1150|821|83|135|15286|5688|7804|3433|7482|3576|15351|4207|13486|4137|1865|1039|9956|3086|5869|2512|4087|2210|0|226|0|226|0|226|1991|1553|1810|1533|181|161|8497|2858|7849|2821|648|509
04000A0US39|10784593|3151|9834887|21669|322960|10768|192147|8752|130813|8941|34606|5192|22330|3445|12276|3687|14002|4000|5759|2500|8243|2512|11446|2199|9199|1840|2247|818|11832|3172|8562|2275|3270|1521|42441|6925|31567|4035|10874|5000|52039|8497|37059|7720|14980|3815|6232|1885|4631|1640|1601|676|17431|2705|9788|1843|7643|1541|6105|1418|5293|1386|812|441|9532|2723|6442|2340|3090|942|22837|5843|9868|2922|12969|4128|1025|695|841|660|184|221|8888|2675|6160|2021|2728|1045|15066|3904|11850|3447|3216|1398|21557|4326|18383|3633|3174|1644|5845|2132|4564|1742|1281|740|5527|2030|3734|1367|1793|1067|6262|2368|4628|1917|1634|892|37756|7070|18426|3631|19330|5084|14859|3164|11273|2427|3586|1400|18784|4818|13752|3583|5032|2425|7567|2777|6751|2613|816|584|2948|1526|2189|1065|759|689|43412|5202|24849|3576|18563|2903|12175|3133|6112|1955|6063|1998|12502|2122|7618|1751|4884|1451|144|207|144|207|0|211|13023|3313|4555|1452|8468|2502|3507|1673|1322|894|2185|999|4434|1503|2235|1021|2199|994|14791|4816|7846|2994|6945|3367|13634|2655|9830|2260|3804|1033|2392|787|1625|717|767|327|51571|7215|33190|6129|18381|3356|2141|914|1866|821|275|358|28384|6061|19446|5056|8938|2528|27146|6132|22354|5514|4792|1599|15621|4755|11434|3253|4187|3044|73|85|73|85|0|211|529|472|493|466|36|61|6680|2182|5223|1703|1457|783
04000A0US40|3329108|3196|2903796|12468|295118|9289|174016|8727|121102|7216|5729|1472|4586|1270|1143|587|114|163|19|31|95|160|870|410|737|402|133|160|2652|1294|2090|1115|562|422|7841|2216|7239|2190|602|293|1118|618|1025|567|93|152|477|404|369|389|108|128|3437|1279|2454|1051|983|486|679|351|384|255|295|265|495|323|403|288|92|118|2615|1647|1444|885|1171|995|0|168|0|168|0|168|3338|1801|2855|1591|483|341|437|391|213|265|224|275|2763|1217|2336|1171|427|287|2165|1187|1562|941|603|508|615|422|453|374|162|145|972|656|430|320|542|522|4010|1784|2349|1048|1661|1431|1365|548|1166|460|199|172|2066|1753|1730|1711|336|274|368|321|221|259|147|202|1139|539|809|424|330|258|9154|1992|5253|1352|3901|1156|1720|597|1216|474|504|270|3228|1167|1972|851|1256|616|8044|1720|4861|1222|3183|1314|18828|3254|7018|1646|11810|2790|403|391|107|119|296|329|2524|934|1377|684|1147|639|4868|1837|1771|823|3097|1146|5507|1319|3296|863|2211|731|7784|1765|5465|1283|2319|840|3966|1132|2745|772|1221|643|888|987|888|987|0|168|575|329|487|305|88|124|5186|2226|4988|2247|198|264|858|581|858|581|0|168|493|393|366|338|127|202|8136|1277|7438|1159|698|373|2767|1522|2570|1431|197|194
04000A0US41|4013775|3229|3389548|16416|371593|10997|223405|9944|148188|8291|11751|2558|10501|2429|1250|556|154|194|0|220|154|194|1316|698|1215|717|101|132|3459|1162|3016|1091|443|309|13155|1967|12010|1860|1145|581|3548|1371|3386|1362|162|175|821|442|627|373|194|225|20332|5467|12631|4579|7701|2133|1317|716|1116|611|201|234|1636|1267|1518|1247|118|138|11155|3515|5055|1941|6100|2504|206|305|150|215|56|93|4152|1413|2217|826|1935|1027|3634|1782|3194|1598|440|557|6950|2008|5917|1803|1033|634|1831|1359|1320|1093|511|421|1555|1407|1555|1407|0|220|5702|2830|4268|2664|1434|932|5033|2289|2992|1148|2041|1874|12071|4016|7712|2850|4359|1971|4441|2182|2525|1129|1916|1581|1195|674|1104|641|91|153|1484|814|1390|804|94|151|27192|3938|14114|2886|13078|2433|12254|2595|8283|1756|3971|1562|12972|2777|6767|2042|6205|1524|4850|2186|2573|1287|2277|1317|23056|4188|11181|2413|11875|2766|1916|1200|1257|934|659|500|6506|2727|2984|1194|3522|2272|5048|2150|2846|1178|2202|1209|11345|2662|8535|2292|2810|973|6823|1971|4215|1288|2608|1085|9777|3574|6811|3141|2966|1238|1397|732|1290|732|107|126|3206|2268|2449|1819|757|554|1717|875|1508|785|209|306|2775|1310|2067|1083|708|618|146|196|68|114|78|164|1715|721|1443|576|272|342|3041|1253|2272|955|769|671
04000A0US42|12072072|2479|10459788|26119|735338|15538|427551|12858|307787|13271|30560|5606|19688|3097|10872|3401|29294|7162|15602|4176|13692|4563|27964|3496|21372|3014|6592|1578|22400|4732|14162|3210|8238|3013|41868|4510|33436|4005|8432|1702|71480|7800|48267|6070|23213|3913|12061|2393|9219|2115|2842|997|47237|7483|23472|4128|23765|5585|21235|4945|13517|3317|7718|3027|8949|2479|6985|2216|1964|763|21616|5370|12288|3695|9328|2371|4203|2027|3046|1728|1157|775|10441|2916|6177|1821|4264|1635|20768|3843|13489|2946|7279|1817|28594|4210|22055|3474|6539|2010|19179|4112|15524|3800|3655|1363|7410|2625|4192|1628|3218|1342|12851|3152|6979|2229|5872|1852|32236|6307|17885|3865|14351|3240|18266|4459|11729|3214|6537|2164|23135|4662|19345|4131|3790|1404|11593|2772|10613|2628|980|617|18211|3754|12892|3028|5319|2376|96347|7545|44807|4137|51540|5456|5989|1441|3965|1023|2024|763|24691|3698|11797|2675|12894|2217|429|387|356|362|73|88|43632|6609|15840|3057|27792|5087|8787|2717|3177|1220|5610|2340|5758|2253|2264|1319|3494|1703|11868|3326|5764|1967|6104|2353|20786|3714|14906|2858|5880|1640|5892|2075|2955|1196|2937|1548|48082|9659|30086|5941|17996|4832|7790|2509|7301|2407|489|280|7252|2979|3899|2059|3353|2096|24827|4934|20565|4230|4262|2229|10360|2315|6839|1815|3521|1313|0|192|0|192|0|192|165|106|160|105|5|9|12740|5054|9708|4409|3032|1103
04000A0US44|1060883|1156|810661|11610|150135|6567|74786|6002|75349|5369|6850|1774|6326|1689|524|312|4151|2792|2475|1732|1676|1200|4777|1190|3648|1123|1129|555|33142|6542|20466|4745|12676|3373|1088|729|996|658|92|156|330|335|330|335|0|244|376|295|376|295|0|244|1794|1361|1154|884|640|986|900|600|639|490|261|224|49|64|33|64|16|5|158|164|98|163|60|14|886|700|886|700|0|244|1051|741|644|509|407|395|43|75|43|75|0|244|1177|788|1177|788|0|244|89|100|89|100|0|244|0|244|0|244|0|244|263|417|263|417|0|244|1136|979|556|461|580|803|1494|1254|1113|1202|381|420|630|425|630|425|0|244|1232|861|1121|825|111|189|52|67|52|67|0|244|5885|1414|3163|1041|2722|923|1591|1046|1328|905|263|222|1652|951|1049|518|603|691|1916|1759|1211|1039|705|750|858|664|60|80|798|658|2414|1088|1544|1040|870|499|3857|1900|1582|949|2275|1268|1021|865|606|619|415|440|3825|1659|2293|1038|1532|1122|161|181|160|181|1|2|6092|3590|2921|1607|3171|2668|159|244|159|244|0|244|1690|1943|69|76|1621|1945|3925|2041|1400|739|2525|1934|1424|1247|327|383|1097|1081|0|244|0|244|0|244|113|180|113|180|0|244|1836|1257|1644|1237|192|225
04000A0US45|4892590|3925|4437007|17963|274550|11468|151599|10176|122951|10478|16693|3319|15283|3112|1410|637|1304|965|797|534|507|668|4761|1975|3643|1644|1118|993|11020|3398|7726|2570|3294|1704|12685|2535|11186|2383|1499|660|1897|979|1550|947|347|338|4289|2498|2693|1338|1596|1664|14276|3648|9085|2616|5191|2153|1913|837|1644|772|269|295|1647|1773|1647|1773|0|229|6898|2530|3365|1207|3533|2015|265|399|109|144|156|255|1764|1096|1065|681|699|690|10319|2893|7100|2009|3219|1416|4073|1865|3814|1770|259|235|1655|1281|1429|1108|226|282|0|229|0|229|0|229|0|229|0|229|0|229|2936|1637|2366|1344|570|590|5400|2631|3767|2040|1633|929|2464|1098|2036|987|428|370|3135|1396|1826|986|1309|1100|2094|1505|1693|1429|401|570|13444|3711|6492|1860|6952|2488|3679|1642|2389|1109|1290|841|3843|1562|2899|1428|944|654|1813|962|1244|868|569|463|8278|2801|3827|1565|4451|1743|767|509|459|353|308|280|2413|1114|903|576|1510|781|2515|1488|1274|804|1241|857|10540|2275|7022|2067|3518|1379|1660|841|1514|792|146|155|8086|2973|4965|2077|3121|1854|965|845|965|845|0|229|1070|1211|529|578|541|726|3867|1543|3051|1195|816|747|2226|1663|2226|1663|0|229|0|229|0|229|0|229|1041|1079|1041|1079|0|229|3338|1716|2691|1647|647|575
04000A0US47|6280217|5411|5660165|20947|383710|12155|197975|12452|185735|10638|15417|4630|12686|3982|2731|1118|3703|2759|2741|1969|962|906|3131|1344|2482|1110|649|451|4136|1691|3615|1556|521|386|12393|2829|11504|2824|889|439|6202|2795|4976|2483|1226|1101|1247|752|1247|752|0|230|3150|1016|2327|840|823|550|2051|860|1730|801|321|250|4808|2685|3251|1738|1557|1470|3728|1942|2647|1570|1081|799|566|561|482|545|84|142|2928|1092|1906|831|1022|698|6577|1909|4912|1525|1665|713|8608|2887|8254|2837|354|322|3587|1902|2399|1338|1188|789|2257|2079|1529|1443|728|669|1646|1020|1301|855|345|346|8477|3154|6076|2648|2401|1150|6675|1929|4935|1558|1740|746|4374|1757|3295|1578|1079|624|1577|879|1334|658|243|362|1113|691|822|563|291|269|15670|3148|9261|1995|6409|2126|3780|1225|2645|1117|1135|751|10604|2360|5763|1686|4841|1390|115|197|0|230|115|197|12037|2715|4548|1569|7489|1911|910|713|485|415|425|424|5888|2143|2716|1320|3172|1447|3759|2032|1665|831|2094|1547|11621|2893|9056|2534|2565|938|1847|948|1101|684|746|654|30071|7852|12311|2743|17760|6800|4501|2898|3312|2494|1189|1367|4940|2619|1958|1008|2982|1973|4880|2151|2618|1576|2262|1448|12576|5432|7939|3980|4637|3455|0|230|0|230|0|230|190|164|112|125|78|111|4602|2378|3714|1944|888|748
04000A0US48|28063993|10798|17850509|59181|8033915|54303|4900932|52377|3132983|44502|89850|10071|70454|7985|19396|5068|9363|4059|5787|2348|3576|2370|12360|2207|9707|1881|2653|1240|51663|7353|39731|5790|11932|3241|50098|5115|43650|4156|6448|1997|15414|4062|13571|3620|1843|1417|4358|1365|3550|1273|808|539|34594|4965|23320|3908|11274|2770|9569|2064|7803|1740|1766|806|9807|2670|7902|2202|1905|1043|12291|2999|9655|2372|2636|996|3087|1338|2855|1352|232|271|42358|5819|27761|4063|14597|3305|47496|6803|35431|5277|12065|3173|129956|12276|113330|12044|16626|3314|107700|12123|83486|9722|24214|4645|13343|4183|10540|3467|2803|1172|30497|4863|19974|3426|10523|2712|68349|8381|50621|6589|17728|3823|40178|7206|26130|4661|14048|4511|125977|12072|104029|9760|21948|5175|53733|7773|45032|6847|8701|2605|68892|8492|53909|6920|14983|2930|204144|12914|112436|7741|91708|8271|25810|5730|18340|5179|7470|1766|76286|8480|40753|5876|35533|4916|1457|688|842|431|615|492|254317|15345|112691|8776|141626|11064|11925|3413|4588|1350|7337|2554|22570|4044|9885|2017|12685|3016|38081|6813|19400|4072|18681|4477|105789|9745|80091|8880|25698|3394|27143|4330|20174|3628|6969|1898|125567|14460|95110|12770|30457|5069|10064|3546|8641|3078|1423|912|43584|9625|27651|5151|15933|6490|121538|13256|105357|12174|16181|3212|56195|10542|36086|7836|20109|5311|693|524|548|454|145|189|4374|2484|2632|1056|1742|1645|19099|4641|13397|3125|5702|2375
04000A0US49|3134167|1942|2606719|13975|370953|11296|223857|9139|147096|9120|7826|1781|6599|1609|1227|687|1637|1494|806|673|831|960|3433|1367|3154|1281|279|244|16106|3137|12780|2930|3326|1130|7668|1989|6600|1796|1068|630|895|382|848|375|47|77|1040|642|525|327|515|517|6009|1915|3282|1032|2727|1606|593|349|502|346|91|162|2686|1027|1880|761|806|562|3224|2034|2425|1878|799|640|713|653|616|652|97|160|1931|1285|1054|672|877|780|1144|1147|1071|1057|73|116|1919|1319|1919|1319|0|210|2414|1870|1536|1192|878|759|595|683|544|619|51|94|511|426|399|377|112|212|2236|2010|1039|968|1197|1147|3625|1409|3065|1270|560|454|2443|1164|1836|970|607|588|1192|881|987|792|205|208|630|651|630|651|0|210|18396|3229|10970|2423|7426|1861|6033|1847|4490|1424|1543|686|5685|2052|3607|1712|2078|983|452|415|369|371|83|143|8670|2506|4415|1600|4255|1531|1421|855|661|430|760|694|3713|1326|1783|764|1930|820|5258|3799|2145|1623|3113|2296|8211|1924|6182|1388|2029|1188|11986|2766|8120|1887|3866|1565|5814|2495|3525|1595|2289|1322|141|250|0|210|141|250|818|857|558|540|260|347|1642|1362|1236|1289|406|373|3862|2133|1391|925|2471|1675|1478|746|1209|726|269|236|369|325|351|319|18|25|2076|975|1858|937|218|191
04000A0US51|7545913|7262|6065526|23924|658152|12562|385269|11463|272883|12881|34892|4610|27652|4155|7240|1682|9042|2906|6215|2166|2827|1397|10463|2344|8111|1766|2352|1108|15949|2612|11699|1985|4250|1818|19837|2949|18035|2835|1802|621|4674|1618|4054|1427|620|492|3261|811|2904|762|357|281|19173|3687|12782|2667|6391|2020|3473|1391|2359|1011|1114|644|4749|1694|2762|815|1987|1272|11227|3267|7935|2620|3292|1607|797|512|511|374|286|324|38423|5101|22940|3310|15483|3394|12656|3070|9374|2275|3282|1274|37683|6133|32350|5471|5333|1653|36409|5599|29547|4990|6862|1683|12298|4819|9507|3680|2791|1474|23460|5110|14321|3101|9139|2906|22912|4877|14731|3562|8181|2400|21898|4098|16490|3418|5408|1498|24071|4346|21001|3940|3070|1135|11783|2760|10327|2498|1456|689|7173|2080|6434|1894|739|490|61712|5639|39491|4405|22221|3028|9223|1729|5888|1285|3335|1012|60339|7037|30107|3998|30232|4152|50|88|50|88|0|217|57849|7143|26573|4278|31276|3977|3403|1622|1064|723|2339|1202|9959|2756|4305|1278|5654|1885|21013|3921|12456|2131|8557|2507|48764|4931|36481|3852|12283|2616|5076|1386|3617|1081|1459|625|65319|9156|48751|6930|16568|3357|1513|676|1331|683|182|260|45971|7471|28820|5416|17151|3535|26399|4191|22259|3718|4140|1306|8048|2601|6527|2246|1521|934|136|124|91|93|45|74|520|511|378|393|142|161|10638|4128|9874|4061|764|446
04000A0US53|7389268|3269|5723283|26947|673715|16015|421291|14805|252424|12331|27960|4672|22003|3288|5957|2141|731|536|269|246|462|445|6287|2458|5963|2410|324|238|17008|4769|11341|3392|5667|2325|23756|3193|20991|2968|2765|1107|5924|1820|5362|1702|562|459|3272|856|2961|876|311|294|58053|8319|36318|5584|21735|3846|5025|1911|3945|1786|1080|580|8456|2836|6073|2293|2383|1096|42628|7239|18029|3912|24599|5055|1923|863|1165|701|758|413|22881|6209|11640|2904|11241|4432|6504|2141|5834|1921|670|466|45256|5313|40340|4928|4916|1442|9651|3736|8016|3055|1635|1065|22200|4460|11672|2764|10528|2732|6291|2205|4654|1750|1637|1216|12342|2821|9931|2455|2411|997|24211|5081|18134|3962|6077|1758|24658|5674|20427|4797|4231|1824|18337|4627|16632|4520|1705|724|11170|3239|9492|2620|1678|1017|159928|9956|92357|6745|67571|5787|27575|3846|19740|2955|7835|1786|58451|6668|28873|4356|29578|4186|1550|747|1233|622|317|289|73744|7816|31675|4046|42069|5307|16084|3836|8015|2706|8069|2122|15984|3801|8266|2417|7718|1919|12591|3165|7559|2130|5032|1863|69642|6999|47822|5345|21820|3736|35234|5697|24111|4387|11123|2645|27988|6746|20789|5640|7199|2216|3711|2150|2823|1486|888|1008|39941|7040|24621|5705|15320|2861|14949|4434|10787|3389|4162|2348|16843|3433|11618|2888|5225|1514|437|381|76|136|361|360|3825|1267|2951|1041|874|571|9269|3206|7252|2427|2017|1096
04000A0US55|5032930|1945|4523334|14517|280615|8763|169658|7752|110957|7698|8485|1769|6796|1531|1689|851|411|347|303|289|108|143|3855|1343|3482|1222|373|377|2311|1226|1429|665|882|830|21043|2549|16702|2041|4341|1231|6622|1581|4542|1362|2080|764|1935|978|1898|976|37|44|6508|1755|4175|1365|2333|909|4564|1189|3669|1097|895|482|4827|2081|2974|1200|1853|1274|4876|1727|3212|1379|1664|1185|95|151|95|151|0|161|1699|1644|1123|915|576|763|2749|1401|1822|1019|927|639|8047|2457|7240|2324|807|471|3544|1759|2869|1445|675|460|1701|1162|1058|812|643|556|2078|1281|1880|1122|198|320|6330|2483|4204|1623|2126|1498|9236|2611|6304|1700|2932|1281|2764|1596|2564|1570|200|262|5429|2050|4824|1944|605|478|1549|839|1195|714|354|281|17643|2606|10361|2238|7282|1752|2757|1437|1278|628|1479|1244|4673|1545|3681|1242|992|664|36109|3899|22866|2833|13243|2293|3497|1279|1980|903|1517|756|378|290|247|185|131|132|4350|1742|2711|1279|1639|884|10610|3578|4195|1796|6415|2613|8222|1757|5837|1500|2385|1122|2133|995|1941|915|192|213|10997|3505|7884|2824|3113|1271|903|643|651|520|252|217|3880|2083|2445|1522|1435|862|4122|1606|3395|1345|727|545|3835|1493|3135|1227|700|673|83|148|83|148|0|161|3216|2000|2865|1978|351|285|915|461|761|420|154|143
04000C0US01|3806935|4193|3552943|10778|149504|7436|87736|6645|61768|5772|6291|1972|4895|1609|1396|1033|733|478|599|439|134|163|1080|461|988|421|92|160|4422|1987|3113|1492|1309|762|7841|1650|6675|1423|1166|688|1302|833|1302|833|0|213|367|415|367|415|0|213|2370|1073|1761|911|609|423|417|467|330|436|87|149|71|94|71|94|0|213|1303|689|828|511|475|407|93|167|93|167|0|213|909|574|477|408|432|381|2749|1313|1797|941|952|558|2739|1243|2451|1166|288|256|1889|1104|1156|644|733|748|399|449|384|446|15|28|2112|1065|1266|802|846|503|583|435|447|338|136|173|1067|588|896|536|171|230|2568|1680|2314|1703|254|201|427|406|427|406|0|213|355|336|284|318|71|111|9026|2255|4608|1444|4418|1654|1645|820|927|579|718|579|12830|2514|4616|1560|8214|2023|18|29|0|213|18|29|5146|1785|1758|869|3388|1231|788|695|140|206|648|550|1157|751|426|408|731|535|1387|1047|691|579|696|689|5365|1883|3840|1631|1525|760|2772|2247|1871|1898|901|706|5859|1821|4426|1401|1433|747|64|101|64|101|0|213|377|485|347|478|30|52|4613|1940|3927|1676|686|771|4715|2167|4345|2068|370|307|0|213|0|213|0|213|154|132|154|132|0|213|6485|3776|3210|2314|3275|2345
04000C0US04|6860333|742|5112570|28585|1318040|24053|869721|19839|448319|16844|18221|3916|15730|3727|2491|997|1317|1024|659|502|658|735|6185|1502|4820|1192|1365|773|8105|2044|5779|1617|2326|1236|16034|2802|13771|2554|2263|693|5095|1955|4454|1827|641|680|2470|1062|2321|1054|149|150|7056|1879|5002|1592|2054|844|6587|2039|4708|1581|1879|840|4958|1617|2919|1038|2039|1095|4169|1797|3140|1408|1029|762|646|487|339|290|307|387|10873|3790|5453|1612|5420|2663|3682|1525|2634|1238|1048|884|13790|4063|11646|3683|2144|1033|2340|1066|1702|909|638|411|5410|2562|4490|2039|920|807|2871|1177|1652|832|1219|583|3574|1556|2465|1054|1109|959|13040|3925|9817|3078|3223|1472|13142|3625|10754|3229|2388|1422|8139|2697|7530|2524|609|421|7454|3342|5338|2459|2116|1998|39734|4750|21555|3324|18179|3071|8242|2310|4998|1656|3244|1441|16559|3704|9762|2697|6797|2333|1424|1767|1424|1767|0|237|27580|5501|13419|3444|14161|3214|2543|1020|1403|777|1140|674|3720|1999|2722|1497|998|649|6395|2565|4192|1604|2203|1147|33457|6158|24299|5293|9158|2430|9653|2977|7808|2356|1845|1324|27485|6215|18160|3801|9325|3233|3269|1544|2949|1422|320|404|12234|3756|6550|1850|5684|2629|8396|3149|6209|2796|2187|1089|18955|5398|12723|3696|6232|2866|28042|3452|22205|3265|5837|1011|8786|2155|7760|2004|1026|508|8091|2149|5785|1612|2306|1594
04000C0US06|36544786|2469|19741155|68592|10651434|52744|6454616|46474|4196818|45925|127610|8152|110777|7393|16833|2576|8892|3186|7204|3093|1688|1115|52515|4974|44411|4579|8104|1581|88933|6759|67240|5471|21693|3569|82595|6002|74661|5717|7934|1569|22332|2970|20615|2828|1717|768|16303|2950|13244|2519|3059|1227|186606|12987|104479|8057|82127|8985|22543|3172|17027|2569|5516|1442|23470|4543|17672|3923|5798|1655|68826|10342|37033|6445|31793|6389|221425|14415|124321|10486|97104|8994|262477|15358|165752|10950|96725|7968|56203|6967|42518|5732|13685|2589|252848|13815|205038|11559|47810|5431|63560|8535|46180|7135|17380|3064|186300|14727|105887|8967|80413|8767|34101|4484|23796|3101|10305|2571|71403|7991|50579|5925|20824|4313|83464|7863|60391|6281|23073|3536|77160|7127|65408|6487|11752|2493|66826|8082|58140|7081|8686|2200|45529|4760|37221|4379|8308|1990|1332668|31341|647903|20369|684765|18877|132264|8960|80423|6859|51841|4936|349732|14504|167358|9677|182374|9053|64650|7547|35399|5208|29251|4298|558918|22105|225990|12661|332928|14349|63847|7438|28738|4110|35109|4858|71047|7187|35264|4643|35783|4263|72213|8427|41318|5096|30895|5523|818043|24425|552832|18179|265211|11271|112987|8377|76451|6765|36536|4343|223328|17478|143460|12707|79868|8786|42939|5451|37209|4994|5730|1804|67581|8649|44540|6843|23041|4174|48372|7223|41788|6469|6584|2013|19924|4268|16136|3504|3788|1605|1190|787|919|747|271|264|5700|1835|5031|1769|669|461|44873|6042|23123|3164|21750|4716
04000C0US08|4957919|2549|4113678|21222|552735|17998|354922|15339|197813|11746|17558|3989|13141|2840|4417|2408|473|357|473|357|0|224|5850|2085|5018|1660|832|655|10724|2118|8685|1766|2039|904|21551|3248|19784|2985|1767|831|4545|1941|4132|1890|413|506|788|463|745|457|43|69|17890|3665|11737|2793|6153|1818|3665|1070|2840|960|825|467|2100|949|1238|677|862|678|5804|1871|3728|1168|2076|1137|535|521|535|521|0|224|6549|2561|3417|1577|3132|1645|2239|1402|1163|648|1076|1137|9615|2464|8290|2132|1325|698|949|986|725|716|224|310|1767|991|725|476|1042|709|1258|563|1018|474|240|290|11724|3799|8031|2862|3693|1609|6879|2629|5439|2167|1440|825|6197|2899|4743|1756|1454|1565|2211|1077|1765|905|446|615|1346|768|1263|739|83|106|25990|4242|15706|2515|10284|2708|6982|2264|4372|1515|2610|1107|15413|3194|9190|2483|6223|2047|2655|1358|1534|832|1121|689|15656|3563|8270|2263|7386|2061|1648|1390|900|790|748|628|6098|1920|3125|1186|2973|1056|5487|1796|3345|1122|2142|1030|10207|2287|7638|1595|2569|1168|6796|2734|4080|1510|2716|1835|10599|2647|7153|1962|3446|1535|4428|2018|4217|2008|211|246|17520|5722|8502|3370|9018|2926|8676|3187|6436|2720|2240|1275|7832|3120|4450|1965|3382|2156|357|327|306|310|51|88|349|267|249|187|100|164|2596|1102|2075|1066|521|333
04000C0US09|3290913|1881|2481138|18280|444211|10751|257001|8756|187210|9256|24878|4826|20923|4135|3955|1327|24534|5871|15012|4172|9522|2730|17795|3620|12593|3114|5202|1446|42330|6848|24809|4652|17521|3712|8033|1900|6644|1542|1389|1019|1463|848|1281|762|182|178|6022|2413|4461|1674|1561|1040|11486|2542|8398|2079|3088|1138|23500|3773|14754|3271|8746|2008|5817|2620|3573|1882|2244|1346|9098|2982|6128|2088|2970|1279|468|457|87|102|381|477|3566|1387|2580|917|986|576|9856|2381|6299|1834|3557|1167|13977|3334|10309|2606|3668|2500|7475|2378|4785|1510|2690|1202|2022|1328|903|654|1119|800|5126|2103|3140|1339|1986|1441|3674|1461|3210|1381|464|412|13696|3232|8869|2362|4827|1566|4379|2087|4180|2081|199|193|8742|2545|7302|2053|1440|827|3589|1949|2844|1566|745|496|32291|4288|16534|2817|15757|3156|2871|1409|2203|1240|668|377|5388|1572|3726|1231|1662|708|207|330|207|330|0|225|7259|2078|3932|1376|3327|1188|1386|1165|630|581|756|806|5170|1926|1957|939|3213|1401|3024|1375|2486|1055|538|458|10329|2654|8187|2340|2142|769|1029|582|858|517|171|222|19244|6250|9514|3821|9730|3037|3466|1537|3290|1477|176|205|1026|963|680|638|346|368|8773|2608|7035|2240|1738|831|1746|1324|1315|928|431|486|0|225|0|225|0|225|1284|1578|1037|1540|247|400|9545|3078|8928|3053|617|371
04000C0US10|738508|157|612306|8158|58011|4390|34498|3144|23513|3081|4726|2468|4011|2310|715|764|4218|2227|2294|1536|1924|1461|1574|784|1218|718|356|272|557|356|510|360|47|80|1451|674|1338|617|113|194|1457|1198|1214|1172|243|269|1634|859|1238|584|396|499|833|456|768|427|65|111|802|687|473|471|329|317|739|739|559|581|180|322|480|443|480|443|0|208|0|208|0|208|0|208|687|532|346|459|341|266|2668|1653|1236|830|1432|1396|1511|796|1247|685|264|211|3855|1811|3012|1514|843|491|1443|938|821|505|622|497|1042|1004|392|358|650|687|932|598|863|551|69|120|1091|813|689|544|402|604|2309|1044|1994|952|315|296|627|716|611|716|16|39|733|700|668|693|65|108|9139|2410|4185|1598|4954|1820|109|120|37|70|72|98|2747|1190|1326|663|1421|845|0|208|0|208|0|208|2623|1953|1786|1370|837|660|408|473|0|208|408|473|121|157|88|107|33|61|249|267|118|153|131|155|2623|1010|2191|977|432|323|34|57|34|57|0|208|3134|2046|2097|1297|1037|842|442|467|442|467|0|208|538|786|358|501|180|297|7636|2665|6550|2359|1086|831|1873|1684|1873|1684|0|208|0|208|0|208|0|208|137|144|137|144|0|208|1009|688|680|531|329|324
04000C0US11|662752|79|521800|8710|61754|4580|37228|3992|24526|4130|11931|2616|9860|2366|2071|1166|1260|1049|523|636|737|917|1831|980|1770|973|61|102|1431|875|1330|856|101|172|3303|1266|2950|1196|353|416|532|414|532|414|0|247|1115|894|1041|894|74|15|2673|1057|2042|818|631|618|445|345|361|244|84|137|711|693|711|693|0|247|1036|620|815|507|221|214|106|135|29|46|77|127|2051|926|1859|883|192|188|878|776|878|776|0|247|1772|845|1368|600|404|443|403|478|325|358|78|134|318|312|171|215|147|235|273|234|273|234|0|247|972|807|972|807|0|247|1732|1105|1175|845|557|595|0|247|0|247|0|247|891|767|722|750|169|146|196|247|196|247|0|247|7561|1543|5543|1335|2018|860|1334|555|902|482|432|328|2003|730|1496|651|507|284|53|81|53|81|0|247|2868|2099|388|302|2480|2131|0|247|0|247|0|247|609|562|292|265|317|338|1832|1241|1746|1232|86|102|1567|769|1060|618|507|598|638|388|638|388|0|247|2612|919|2293|835|319|331|1327|620|1252|628|75|80|14706|6013|8716|3854|5990|2738|4037|2150|2838|1371|1199|1128|1584|858|1403|845|181|224|31|50|31|50|0|247|0|247|0|247|0|247|576|369|427|248|149|275
04000C0US12|21572327|4440|14569406|52207|5105693|29927|2809537|34787|2296156|32209|119689|9807|90984|7462|28705|5085|506325|28217|281606|19803|224719|17234|48517|5640|38923|5137|9594|1667|209494|17404|134325|12660|75169|8950|60845|5926|53677|5405|7168|1766|16146|2964|13878|2652|2268|969|23766|4185|18418|3614|5348|1517|80989|10133|51649|7231|29340|4600|30336|4519|19660|3419|10676|2408|14883|2586|10637|2069|4246|1331|40586|6504|23865|4072|16721|3844|1706|951|1500|837|206|272|9815|2921|6432|2184|3383|1500|23976|5473|16797|4167|7179|2095|30953|5412|24185|4498|6768|2079|18858|4125|15453|3512|3405|1435|3564|1726|2773|1204|791|840|17322|4547|11988|3754|5334|2001|11040|3377|8498|2512|2542|1583|43897|6791|28793|4290|15104|4391|23771|4718|20055|4048|3716|1386|15378|3608|12154|3008|3224|1377|16170|3798|12069|3207|4101|1772|86938|8738|44541|5213|42397|5643|11374|2340|7768|2014|3606|1217|19376|3191|10677|2477|8699|1882|1454|1284|1008|854|446|674|73514|8415|31537|4128|41977|6170|8687|3659|4659|2666|4028|1599|15936|3269|8327|2200|7609|2261|26025|6262|14869|3725|11156|3487|80845|6613|56952|4844|23893|4015|11442|4052|7837|2818|3605|1508|94009|13945|64414|9185|29595|8200|23380|3672|20464|3544|2916|1050|6910|2781|4613|2044|2297|1277|13191|4891|9353|3267|3838|2246|10518|4389|6268|2960|4250|3061|101|112|49|80|52|78|1085|701|1066|700|19|21|44417|7140|32657|5399|11760|2897
04000C0US13|8810924|7179|7250551|24564|847052|14803|493684|12687|353368|12709|43805|6536|34878|5727|8927|2654|25752|5342|17614|4154|8138|2653|4628|1345|3988|1329|640|370|25201|4455|18502|3457|6699|2413|18446|3102|16729|2967|1717|723|4935|1610|4552|1531|383|298|3139|1300|2614|1201|525|324|12897|2655|8118|2058|4779|1394|4102|1736|3362|1605|740|412|5545|1599|4016|1137|1529|813|8581|2262|6513|1872|2068|790|211|272|211|272|0|232|16166|3637|10484|2670|5682|1955|32442|5653|22868|4448|9574|2536|38158|5170|32480|4564|5678|1675|14610|3493|11531|2876|3079|1426|2290|1332|1632|995|658|482|11946|2931|8298|2391|3648|1215|14726|3774|9735|2370|4991|2338|11159|2604|8871|2294|2288|1121|25322|4238|21413|3638|3909|1758|16293|4144|14709|4033|1584|1205|10835|3197|9983|3100|852|521|63631|6224|34819|4666|28812|3896|9412|2240|6508|1999|2904|1215|57791|7206|28003|4192|29788|4557|1944|997|1314|824|630|433|53622|6298|19651|3426|33971|4918|6308|2350|3488|1651|2820|1167|5899|1903|3664|1378|2235|939|15505|4718|10267|3386|5238|1749|16859|2596|12120|2109|4739|1319|5485|2310|3491|1906|1994|1006|17536|5295|14637|4732|2899|1220|7832|3085|7286|2829|546|583|30193|7391|21227|6143|8966|2748|34575|5320|31377|4977|3198|1254|20225|6170|10206|3620|10019|4309|24|40|24|40|0|232|789|494|579|361|210|231|14502|3748|12529|3189|1973|1156
04000C0US16|1391717|4619|1234981|8091|108519|5454|71575|4882|36944|4539|3277|1106|2736|993|541|466|107|148|107|148|0|198|1305|794|1305|794|0|198|1761|869|1387|819|374|292|2683|824|2220|724|463|373|425|400|373|339|52|85|221|223|221|223|0|198|2236|932|1655|891|581|439|164|207|129|163|35|60|1791|1054|1266|805|525|337|4253|2478|2809|1998|1444|1018|61|112|0|198|61|112|471|434|367|349|104|115|0|198|0|198|0|198|1025|628|941|576|84|133|748|1081|554|830|194|260|0|198|0|198|0|198|0|198|0|198|0|198|2694|2059|1304|722|1390|1640|934|589|560|393|374|317|1276|965|1233|942|43|76|37|64|37|64|0|198|27|48|27|48|0|198|3973|1239|2728|902|1245|755|830|427|616|325|214|219|2144|1084|948|577|1196|765|0|198|0|198|0|198|1294|702|386|356|908|657|0|198|0|198|0|198|641|531|281|316|360|319|1694|1491|1013|837|681|693|2461|1177|1837|1015|624|433|1269|738|675|462|594|529|970|760|716|587|254|291|0|198|0|198|0|198|290|271|196|224|94|153|330|302|161|138|169|251|4547|1430|1663|722|2884|1072|188|188|188|188|0|198|674|402|625|374|49|84|1416|793|459|337|957|739
04000C0US17|10532629|4019|7652860|31135|1658241|18901|998941|17928|659300|19376|30475|4789|21710|4043|8765|2521|3885|1706|2885|1472|1000|599|25678|4018|19368|3437|6310|1656|10605|2539|8439|1925|2166|1417|24564|3048|21846|2746|2718|945|3692|1057|3163|979|529|391|22967|4493|18168|3955|4799|1331|47365|5885|28697|4252|18668|3421|156946|12824|91317|8705|65629|6190|27981|4777|17863|3636|10118|2201|65096|8170|29000|4557|36096|5661|2101|1605|1218|1047|883|749|10174|3371|6766|2623|3408|1842|49526|6946|30609|5222|18917|4078|51537|7454|42653|6530|8884|2259|55987|9017|40969|6909|15018|3520|8633|2817|5791|1886|2842|1189|9439|3578|5513|1934|3926|2308|14596|3950|12094|3349|2502|1232|52450|8339|35104|6349|17346|3323|26123|4467|22300|4425|3823|1203|15677|4104|12797|3152|2880|1612|18219|3692|13337|2790|4882|1382|116135|10564|57663|5627|58472|8382|12930|3372|8256|2683|4674|1290|45852|6193|24173|3782|21679|3517|181|185|181|185|0|208|24115|4799|9968|2360|14147|3179|1772|934|998|623|774|579|10731|2836|5450|1889|5281|1874|25059|4811|12882|3477|12177|2673|82118|7959|62052|6345|20066|3302|10047|4306|5696|2125|4351|3476|77942|10453|55414|8096|22528|4893|5412|2004|4872|1836|540|369|23087|5229|14523|3749|8564|2329|34568|7091|26417|5523|8151|2512|8535|2585|6095|2157|2440|1384|228|198|183|183|45|75|548|648|548|648|0|208|8552|2567|5689|1828|2863|1359
04000C0US18|5110877|4642|4493105|17946|326355|9361|192409|9702|133946|7960|9671|2616|6248|1599|3423|1516|14959|5207|4932|2380|10027|4118|1874|773|1397|625|477|350|2519|1108|2069|952|450|333|20350|5125|17912|4983|2438|939|12658|3616|8250|2455|4408|2736|3786|1224|2935|987|851|533|3304|1038|2279|927|1025|492|6078|2942|4226|1901|1852|1381|5167|1360|3760|1038|1407|722|3506|1145|2790|1016|716|553|467|505|306|314|161|226|4723|2809|3979|2410|744|716|5887|1869|3885|1373|2002|919|12643|2666|9557|2154|3086|1578|4142|1532|2963|1269|1179|734|11881|3952|7365|3032|4516|1921|1821|1066|1577|1014|244|225|3456|1397|2582|1092|874|607|7435|2718|3715|1151|3720|2330|7561|2652|6436|2251|1125|811|4372|1873|3526|1671|846|752|1967|960|1747|921|220|223|24622|4375|11078|1920|13544|3287|6407|2854|3065|1162|3342|2330|7999|1768|3664|1232|4335|1317|80|136|0|211|80|136|6505|1988|2619|1263|3886|1403|289|296|289|296|0|211|2565|1328|1332|701|1233|1000|23308|4315|10750|2529|12558|2855|10229|2265|7374|1811|2855|1258|4854|1850|3155|1478|1699|634|12655|3445|8397|2450|4258|1766|1338|774|1338|774|0|211|4161|2398|2179|1350|1982|1484|24616|7118|18446|5884|6170|2724|7959|3803|3408|1620|4551|3479|171|172|171|172|0|211|232|395|232|395|0|211|3200|1381|2098|990|1102|940
04000C0US19|1900974|2510|1697278|10431|87798|5300|52657|4372|35141|3544|8482|2391|3323|1188|5159|2065|1123|911|216|279|907|805|1295|912|1295|912|0|174|2346|1940|1764|1268|582|759|3472|1017|2807|806|665|444|2640|1252|2103|1017|537|565|381|402|381|402|0|174|798|410|514|390|284|295|416|294|290|237|126|138|8375|2925|4497|2144|3878|1745|1555|1550|755|819|800|867|0|174|0|174|0|174|1688|1357|1013|1029|675|668|32|59|0|174|32|59|3060|1388|1919|1045|1141|691|1710|856|1200|666|510|474|393|560|71|91|322|555|594|553|520|496|74|91|3689|2054|2072|1252|1617|949|2311|1794|1038|751|1273|1486|1029|879|392|380|637|786|2785|1683|1974|1106|811|873|608|562|608|562|0|174|8304|2124|5591|1759|2713|1044|1216|530|939|436|277|277|2719|1283|1098|616|1621|893|204|282|58|99|146|189|7169|2157|3996|1551|3173|1305|362|382|281|356|81|103|4995|1779|2324|988|2671|1144|8954|2904|3190|1282|5764|1956|3276|1426|2755|1421|521|402|3483|1913|2674|1711|809|824|7878|2591|5214|2157|2664|1522|505|336|318|268|187|214|3521|2063|2086|1517|1435|835|3067|1861|2720|1698|347|275|10538|3627|5246|2487|5292|2071|0|174|0|174|0|174|287|407|256|405|31|55|638|557|576|526|62|109
04000C0US20|1987815|2356|1725171|8646|160366|8044|94261|7054|66105|4649|4362|1380|3116|1071|1246|730|0|189|0|189|0|189|877|669|693|575|184|233|1168|665|1085|660|83|113|5779|1405|4470|1133|1309|786|476|285|343|281|133|137|305|372|305|372|0|189|2852|1328|1518|775|1334|1015|467|342|226|234|241|230|647|573|236|175|411|531|952|576|815|516|137|139|0|189|0|189|0|189|1284|908|711|530|573|420|1448|1044|544|420|904|960|4468|1745|4128|1746|340|301|2066|1082|1367|777|699|467|633|638|399|410|234|310|765|593|520|463|245|257|2128|1209|1825|1136|303|291|1129|851|1094|849|35|57|5824|2021|4995|1806|829|622|1196|933|868|742|328|318|2802|1452|1884|854|918|1119|7681|1993|3950|1201|3731|1370|2767|1206|2072|992|695|465|4037|1740|2585|1288|1452|757|2563|1456|1111|666|1452|964|8601|1796|4150|1302|4451|1373|2317|1524|532|479|1785|1273|3358|1469|1647|848|1711|838|4337|1975|2077|875|2260|1359|4894|1712|3040|1055|1854|1137|2051|990|1412|872|639|623|5775|2917|4002|2247|1773|986|220|232|220|232|0|189|4511|2004|3531|1718|980|665|1552|1112|1259|973|293|301|4438|2018|2250|1261|2188|1712|29|46|29|46|0|189|465|196|283|130|182|158|1054|598|877|623|177|220
04000C0US21|2694490|6801|2424330|14173|132344|5921|65751|5883|66593|6208|7241|2096|4864|1816|2377|1023|2250|2345|263|290|1987|2213|508|520|421|502|87|149|2349|1436|1824|1140|525|550|6934|1550|6094|1340|840|569|7073|2473|5085|2165|1988|1163|262|279|252|277|10|17|2766|1799|2495|1678|271|255|339|360|339|360|0|208|5504|2570|3814|2160|1690|1115|4828|2293|1617|816|3211|1969|0|208|0|208|0|208|1494|784|990|528|504|454|4627|2586|2877|1608|1750|1211|3261|1699|1629|808|1632|1151|2090|1128|1583|896|507|508|634|1195|0|208|634|1195|1585|1251|640|634|945|1176|7247|2103|3657|1395|3590|1528|3958|3141|895|547|3063|2948|1657|1185|1211|938|446|487|1470|888|1158|669|312|275|487|491|487|491|0|208|5302|2059|3445|1384|1857|1067|5107|1804|1371|803|3736|1570|2016|1102|1071|764|945|543|0|208|0|208|0|208|5387|2363|2118|1036|3269|1612|1787|1184|783|684|1004|711|586|484|134|165|452|464|8132|4170|3635|1794|4497|2600|5380|1582|4166|1417|1214|658|1175|552|664|380|511|372|13431|3737|7545|2095|5886|2357|142|77|96|26|46|72|3723|2920|1871|1329|1852|1782|3404|1561|2685|1416|719|664|11104|5478|3727|1850|7377|4905|0|208|0|208|0|208|246|224|37|65|209|205|2330|1696|1562|1405|768|1009
04000C0US22|3651145|4257|3309732|12511|200551|7619|94507|6652|106044|6856|43955|3676|36795|2914|7160|1775|5090|3603|5065|3602|25|40|1927|882|1568|679|359|464|3170|1351|1752|971|1418|752|2810|928|2265|872|545|357|684|467|621|439|63|112|618|569|456|406|162|190|1385|792|1043|726|342|328|523|497|467|479|56|96|530|413|336|259|194|223|1529|1254|1049|721|480|697|24|46|24|46|0|224|802|571|507|401|295|227|1509|1088|1509|1088|0|224|3811|2079|3241|1693|570|540|1553|1136|1208|841|345|402|1675|1645|614|698|1061|1040|493|417|493|417|0|224|1325|608|860|507|465|444|947|622|842|541|105|132|1323|965|1173|905|150|207|94|157|94|157|0|224|574|444|574|444|0|224|9922|2889|4956|1797|4966|2039|2439|1214|1560|909|879|664|1372|764|841|621|531|361|0|224|0|224|0|224|26422|3884|12916|2708|13506|2615|675|570|214|270|461|359|1053|490|531|446|522|368|1953|1958|1370|1583|583|453|5536|1851|3520|1197|2016|904|469|430|469|430|0|224|7088|2661|5336|2105|1752|1087|1069|794|889|727|180|299|342|203|342|203|0|224|999|628|749|603|250|242|2030|1393|1958|1345|72|129|119|178|119|178|0|224|541|323|541|323|0|224|2482|1711|1716|1327|766|808
04000C0US24|5650299|2458|4379339|26746|586992|13662|311660|13199|275332|14077|58950|8105|43573|6616|15377|3144|16582|4676|11904|3926|4678|1779|7527|1951|5905|1657|1622|799|15895|3907|10022|2541|5873|2266|15021|3422|13457|3018|1564|844|3800|1212|3062|1046|738|498|5989|1756|4940|1609|1049|488|19214|4390|12137|3048|7077|2103|3729|1216|2652|1007|1077|599|2049|1391|1044|663|1005|944|8118|2849|5735|2123|2383|1296|2174|1690|1646|1162|528|589|16538|4074|10641|3216|5897|2017|10369|3709|8292|3329|2077|948|22610|3688|18613|3433|3997|1345|19139|5181|11861|2806|7278|3112|5929|2333|4664|2020|1265|673|16169|4775|10877|3300|5292|2190|12557|3206|9308|2554|3249|1559|12678|3724|8228|2522|4450|2005|11834|4745|10532|4150|1302|889|9049|2456|7887|2310|1162|596|3946|1507|3258|1203|688|487|74202|7446|38776|4356|35426|5191|7076|1674|4075|1158|3001|1079|35309|4895|19433|3205|15876|2921|194|313|194|313|0|228|20780|3991|10582|2422|10198|2586|1802|864|772|538|1030|570|3879|1099|2424|808|1455|529|11858|3717|7387|2533|4471|1601|44410|6836|30869|5642|13541|3115|8263|2325|5127|1777|3136|1200|19463|4358|13663|3605|5800|2024|5945|1769|5615|1772|330|270|44299|6897|31339|5848|12960|2553|75098|9848|63445|8667|11653|3088|13592|4701|10562|3653|3030|1639|0|228|0|228|0|228|733|640|614|561|119|194|17199|4521|12110|3383|5089|2534
04000C0US25|6686860|1629|4939296|24232|668475|12810|375163|11463|293312|13422|47124|4887|37947|3884|9177|1952|86926|8420|48462|6753|38464|5735|20468|2583|15796|2223|4672|1237|247343|15648|125226|11181|122117|8743|15025|2443|14039|2488|986|747|3488|1570|3158|1521|330|268|18150|3576|12612|2700|5538|1919|40129|4363|26220|3840|13909|2213|12761|2915|9222|2478|3539|1247|4567|1687|3048|1282|1519|770|8064|1915|4752|1418|3312|1269|5269|1644|3844|1283|1425|853|10213|2573|8110|2125|2103|888|10347|2933|7886|2406|2461|1082|38439|5232|34705|5023|3734|1165|8277|3011|6470|2385|1807|1003|2736|1308|2254|1203|482|413|13748|3512|8945|2545|4803|1935|19970|3596|13373|2515|6597|1716|35234|6423|21250|4254|13984|3319|13840|3612|11467|2907|2373|2067|10060|2347|9040|2105|1020|576|5580|1688|5042|1596|538|417|153221|8840|82782|5860|70439|6732|7839|2057|4700|1265|3139|1226|20517|3237|12265|2311|8252|1943|1144|991|602|475|542|564|44075|6503|19032|3293|25043|4614|19223|3252|9372|2018|9851|2128|8884|2295|3168|1200|5716|1796|12450|3473|7916|2614|4534|2114|8704|1996|5961|1356|2743|1209|5871|2834|4351|2269|1520|1184|45024|5820|30855|4658|14169|2984|11119|3195|10183|3112|936|515|9899|2933|6249|2124|3650|1380|21061|3804|15604|3175|5457|1349|21843|3890|16764|3356|5079|1663|0|228|0|228|0|228|526|400|264|254|262|308|9931|2765|8420|2626|1511|760
04000C0US26|8013961|1809|7024628|18369|290186|9905|176313|9122|113873|6679|18028|3450|14642|3109|3386|1139|3367|2008|1627|1051|1740|1471|11767|2146|8175|1757|3592|929|10911|2575|8371|2273|2540|913|22549|3719|18347|3276|4202|1285|7329|2310|5070|1730|2259|940|6624|2295|5392|2020|1232|547|9005|2072|5736|1503|3269|1148|13463|3099|9342|2574|4121|1431|9521|2871|6647|2107|2874|1253|16644|4925|11502|3441|5142|2264|1625|1040|1371|865|254|310|5709|1860|2927|986|2782|1512|10525|3184|7182|2100|3343|1523|21064|3891|15962|3064|5102|2181|12742|3956|10352|3419|2390|1203|7773|2562|5332|2248|2441|1209|35369|5942|17035|3641|18334|4459|10297|2635|8606|2151|1691|865|40948|5720|28417|4672|12531|2321|19964|4803|15958|3776|4006|2136|11299|2877|9796|2749|1503|778|11622|3315|9491|2734|2131|1034|44660|5278|26933|3854|17727|2653|10322|2348|5647|1399|4675|1827|20062|3644|11505|2748|8557|1965|3587|1444|1345|752|2242|966|18492|3961|8586|2131|9906|2624|2572|1517|636|483|1936|1434|6005|1996|3382|1470|2623|1122|7890|2627|3987|1681|3903|1641|16847|3264|12615|2661|4232|1452|3510|1581|2695|1378|815|657|189870|11927|107179|8620|82691|7557|2282|922|1976|881|306|277|27164|5651|17326|4321|9838|2211|9551|2624|8090|2291|1461|646|12410|4353|7246|3114|5164|1933|0|187|0|187|0|187|849|555|836|557|13|23|4929|1795|3490|1347|1439|852
04000C0US27|4268550|2020|3635807|17459|192392|8477|114903|6927|77489|6360|15133|3090|11194|2737|3939|1308|1341|1099|169|185|1172|1066|2691|1267|2315|1225|376|378|4993|1593|4098|1349|895|479|10884|2176|7984|1589|2900|1255|1583|715|1353|601|230|231|445|311|445|311|0|157|14563|3387|8694|2338|5869|2062|2042|692|1590|569|452|382|3377|1652|2374|1067|1003|780|6810|2176|3679|1354|3131|1584|281|322|281|322|0|157|2976|1269|1998|908|978|509|3012|1402|2298|1060|714|506|9078|2476|8275|2496|803|443|2338|1020|2160|978|178|150|685|664|356|341|329|388|4139|1485|3408|1306|731|423|4897|1610|3802|1290|1095|844|6933|1380|4373|1105|2560|869|6800|3294|5943|3021|857|687|3415|1261|2795|1111|620|477|2642|1093|2141|904|501|513|22574|2722|11854|1844|10720|2000|4443|1762|3039|1422|1404|897|5919|1538|3479|1122|2440|847|71922|6078|45689|5262|26233|2992|18163|3386|9459|2341|8704|1875|6097|1897|2952|1187|3145|1075|6985|2057|4218|1486|2767|1133|18009|4951|7808|2599|10201|3524|8549|2110|4898|1486|3651|1572|2495|1011|2090|980|405|290|14329|4098|10427|3240|3902|1403|3478|2873|3381|2864|97|164|106075|10352|63705|8640|42370|5352|20966|4487|14227|3588|6739|2415|14476|3119|9910|2468|4566|1458|133|181|120|177|13|32|2074|765|1949|756|125|97|2606|1175|2163|1007|443|511
04000C0US29|4468141|4891|4098787|17530|151314|8376|98341|6703|52973|4499|12127|2651|8934|1821|3193|1487|2250|1332|761|592|1489|1291|2637|1189|2380|1137|257|257|4499|1831|3551|1539|948|569|13194|3173|10205|2203|2989|1667|6028|2448|3779|1484|2249|1609|1134|847|571|436|563|605|7859|2069|4507|1549|3352|1038|1083|536|875|509|208|163|15483|4255|9827|3131|5656|1555|4214|2006|2939|1408|1275|1313|211|291|40|70|171|281|2568|1313|1542|945|1026|814|4140|2007|2493|1254|1647|991|8108|3063|7159|3029|949|550|5012|1857|3913|1481|1099|644|1078|688|556|434|522|463|3866|1892|2398|1251|1468|936|2803|1193|1922|1016|881|410|6044|2044|3230|1269|2814|1334|7194|2238|5142|1740|2052|946|2583|1226|2365|1113|218|213|1274|683|1082|651|192|228|20498|3548|11159|2073|9339|2464|2732|1196|1580|901|1152|655|8185|1499|5926|1222|2259|852|471|514|385|398|86|150|13466|3171|6399|1892|7067|1851|290|270|139|230|151|179|2292|1303|1100|823|1192|854|5958|2373|3219|1383|2739|1410|9228|1926|6241|1479|2987|1145|3065|1501|2159|1301|906|577|10892|3406|8051|2670|2841|1362|732|658|663|640|69|110|8222|3422|5499|2743|2723|1209|5999|2422|4838|2005|1161|986|8344|6196|4891|5064|3453|2571|0|198|0|198|0|198|400|322|382|322|18|55|1877|1133|1742|1099|135|131
04000C0US31|1246695|1321|1051074|9331|117618|6166|59762|4751|57856|5617|7423|3190|4741|2206|2682|1479|747|1212|579|947|168|271|219|189|150|146|69|117|584|333|553|308|31|58|4923|2203|4192|1780|731|691|93|124|93|124|0|175|216|207|216|207|0|175|989|541|709|402|280|231|296|298|229|274|67|111|1655|1443|1655|1443|0|175|2257|1241|1445|922|812|610|0|175|0|175|0|175|1642|1155|977|600|665|774|683|743|285|431|398|455|2036|909|2008|901|28|46|769|743|550|609|219|252|536|710|503|704|33|57|1119|1103|0|175|1119|1103|3905|1513|2185|1014|1720|745|5437|3199|1511|1101|3926|2464|2167|1016|1884|1014|283|320|950|716|900|696|50|85|187|174|187|174|0|175|2607|878|1750|748|857|468|750|511|701|503|49|83|1195|768|744|490|451|339|210|246|176|215|34|57|5720|1673|1833|762|3887|1348|0|175|0|175|0|175|1552|948|734|636|818|552|6792|2732|1654|888|5138|2220|2812|1090|1944|966|868|526|1625|828|1052|629|573|445|7679|4123|5753|3575|1926|1358|237|358|237|358|0|175|838|874|257|321|581|616|2002|1082|1306|914|696|564|3530|2157|2204|1480|1326|1382|0|175|0|175|0|175|477|483|447|459|30|58|1144|919|523|622|621|610
04000C0US32|2873388|1735|1947589|19165|621583|17187|365853|12806|255730|12513|6339|1480|5102|1342|1237|827|189|257|189|257|0|236|3842|1565|3101|1476|741|528|13973|5598|10335|4568|3638|2181|7581|1933|6921|1827|660|362|1256|624|1256|624|0|236|2831|1769|2678|1752|153|243|4748|1909|2966|1292|1782|1223|3605|1565|2221|1098|1384|1125|1861|1018|1288|810|573|430|3696|1723|2479|1296|1217|802|2476|1456|1822|1313|654|446|4784|1907|3612|1760|1172|564|680|970|330|469|350|503|4889|2292|4850|2292|39|66|1075|979|708|542|367|484|2066|1627|1665|1435|401|350|1387|946|1024|673|363|514|2263|2447|1573|1743|690|736|3489|1420|2131|890|1358|829|2932|1974|1981|1238|951|1077|366|295|266|261|100|125|1487|1474|1252|1360|235|299|41589|5942|17221|2694|24368|5158|5330|1647|3586|1279|1744|713|13922|4077|8695|2807|5227|1852|1057|912|609|484|448|510|12438|4145|5677|2179|6761|2631|1430|1195|197|197|1233|1163|7334|2521|3448|1516|3886|1432|2178|1483|761|426|1417|1378|97050|8028|70156|7068|26894|3906|14850|3304|10639|2856|4211|1444|3877|1446|3152|1304|725|542|3057|1390|3032|1376|25|47|10469|3020|7643|2644|2826|1196|2958|1689|2771|1661|187|194|5276|2517|4071|2044|1205|814|258|250|258|250|0|236|423|312|245|240|178|203|2905|1325|2473|1177|432|349
04000C0US34|8975100|2111|5892624|32912|1606399|20495|837473|21342|768926|17871|44821|6500|33121|5401|11700|3405|60303|9997|34436|7513|25867|5765|50266|4833|38092|4331|12174|2015|100104|9555|55946|5820|44158|5680|20377|3172|18013|2897|2364|943|14490|5737|12258|5340|2232|1565|23187|4780|18728|3968|4459|1489|49142|5236|30737|4086|18405|2987|62734|7944|34761|5006|27973|4314|10105|3060|7147|2494|2958|1002|26738|4544|16618|3104|10120|2330|5975|2876|3848|1765|2127|1440|6724|1779|3879|1125|2845|1176|79351|7841|48694|5218|30657|4143|106941|8734|90327|7686|16614|3153|42025|6264|31109|4914|10916|2548|21474|4747|12869|2803|8605|3062|30305|5513|18610|3897|11695|2518|29175|4704|25541|4491|3634|1359|29676|5887|20549|3963|9127|2767|47269|6621|39791|6123|7478|1766|24606|4006|22218|3860|2388|806|19518|3387|15005|2678|4513|1547|138338|9758|81188|6541|57150|6114|13915|3122|9207|2946|4708|1466|78252|7078|36714|4865|41538|4356|0|226|0|226|0|226|19310|4304|7471|1829|11839|3167|1448|1171|653|596|795|968|2551|1020|1530|676|1021|654|32262|5440|21048|4062|11214|2316|81052|8014|57393|6067|23659|3629|9436|3871|6741|2390|2695|1677|83692|9369|55469|7414|28223|4611|19519|4153|17901|4011|1618|678|5654|2591|3935|2190|1719|862|56130|8535|46294|7994|9836|2331|5014|1753|4698|1653|316|349|0|226|0|226|0|226|938|569|938|569|0|226|23260|4929|16930|3934|6330|1734
04000C0US36|17521126|2261|11660236|47681|2787809|23307|1502264|25111|1285545|24300|131212|10826|98174|8704|33038|5588|160237|15413|91476|10128|68761|9084|111184|8502|82301|7361|28883|3750|47467|5925|34695|4522|12772|2652|44713|4595|41393|4463|3320|848|224628|14561|103343|10476|121285|10815|61839|7777|43744|5806|18095|3290|207666|11469|90720|6952|116946|8225|73302|8512|42833|6605|30469|4338|26752|4153|18364|3363|8388|1944|60782|8246|31367|6513|29415|4473|5293|1529|3378|1266|1915|939|29091|5527|16199|4249|12892|3403|17448|4184|12172|2745|5276|1819|57430|6721|45242|5328|12188|2467|77769|9486|47255|6606|30514|4743|36560|6498|19822|3927|16738|3474|191706|12272|91596|7356|100110|8981|33415|5650|15489|3365|17926|4223|88719|9563|56372|7299|32347|4312|10035|2640|8335|2288|1700|741|10898|3020|8523|2059|2375|1353|34947|5589|23337|3539|11610|2932|642168|18849|235924|10988|406244|13528|33854|4700|17616|3006|16238|2759|87874|8516|42842|5432|45032|5310|206|337|206|337|0|220|22045|3169|10694|1909|11351|2001|4427|1738|2373|1182|2054|991|7032|1678|3211|978|3821|1069|66285|8139|32879|5569|33406|5391|80214|7929|59367|5519|20847|3949|12952|2501|7613|1494|5339|1841|125338|14783|72446|8855|52892|8814|59686|8464|47235|7035|12451|3057|24171|5200|15199|3637|8972|3026|102662|12132|74348|9447|28314|4942|20377|5337|12082|3734|8295|3403|380|392|102|103|278|386|1135|643|976|550|159|167|39182|4392|25978|3315|13204|2679
04000C0US37|8310175|4136|7002226|23726|799420|16143|459083|16153|340337|14498|30587|6039|21238|4138|9349|3034|11040|4408|4910|1994|6130|2872|8830|1951|7147|1918|1683|683|13939|2842|10077|2408|3862|1312|19041|2389|17380|2268|1661|644|2633|1177|2567|1174|66|106|4679|1753|3719|1428|960|535|18414|3631|11973|2438|6441|2477|4622|1537|3752|1261|870|557|3594|1718|3026|1467|568|386|5956|1934|4058|1492|1898|895|645|510|545|478|100|164|5614|2103|2989|1245|2625|1395|18602|3864|14773|3067|3829|1409|29460|5586|26205|4966|3255|1141|9032|2940|6266|2067|2766|1712|1899|941|1498|763|401|362|4620|1800|4134|1601|486|386|14704|4020|10642|3021|4062|1860|11521|3570|8345|2371|3176|1962|35127|6259|26768|5421|8359|2583|14561|4691|13577|4536|984|573|11038|3969|10312|3850|726|413|43562|5786|25422|3805|18140|3351|8768|2310|6346|1928|2422|1194|15632|3503|8899|2277|6733|1801|9692|2522|5959|2243|3733|2061|26590|4873|10627|2702|15963|2933|3486|2261|2355|1915|1131|665|6488|2299|2159|1015|4329|1806|11804|3227|6655|2207|5149|2032|16758|3636|12973|3414|3785|1211|7953|3259|4235|1718|3718|2167|27236|5611|18459|4124|8777|2559|1178|820|1095|809|83|135|15286|5688|7804|3433|7482|3576|14867|4175|13002|4114|1865|1039|9790|3046|5703|2500|4087|2210|0|226|0|226|0|226|958|636|777|610|181|161|8323|2858|7675|2821|648|509
04000C0US39|9227954|2797|8347924|20455|301761|10406|177571|8861|124190|8311|33109|5219|20924|3464|12185|3688|13726|3995|5639|2505|8087|2499|11010|2147|8777|1790|2233|819|11274|3107|8004|2206|3270|1521|33599|6010|26328|3627|7271|4449|25282|5038|15512|3421|9770|3136|5946|1820|4345|1577|1601|676|17063|2704|9614|1847|7449|1510|6037|1416|5225|1384|812|441|9429|2730|6339|2342|3090|942|22016|5824|9200|2786|12816|4104|1025|695|841|660|184|221|8654|2649|6109|2013|2545|972|15066|3904|11850|3447|3216|1398|20937|4304|17770|3619|3167|1645|5616|2115|4352|1740|1264|740|5527|2030|3734|1367|1793|1067|5949|2406|4427|1918|1522|931|37516|7060|18217|3622|19299|5087|14654|3141|11132|2414|3522|1399|18784|4818|13752|3583|5032|2425|7567|2777|6751|2613|816|584|2948|1526|2189|1065|759|689|42917|5219|24691|3553|18226|2990|11133|3056|5929|1932|5204|1926|11900|2081|7027|1674|4873|1459|144|207|144|207|0|211|12673|3310|4465|1443|8208|2504|3487|1670|1322|894|2165|997|4095|1459|2049|957|2046|999|14522|4695|7577|2888|6945|3367|12215|2502|8984|2123|3231|945|2026|801|1316|711|710|321|50903|7121|32583|6014|18320|3336|2079|903|1804|804|275|358|28384|6061|19446|5056|8938|2528|26700|6057|21916|5424|4784|1598|15328|4843|11141|3302|4187|3044|73|85|73|85|0|211|529|472|493|466|36|61|6427|2162|5018|1690|1409|756
04000C0US40|2619903|2004|2247690|11288|256286|8639|149669|8311|106617|6841|5276|1423|4231|1229|1045|574|114|163|19|31|95|160|846|413|737|402|109|152|2499|1290|1937|1109|562|422|6605|2217|6065|2182|540|294|1101|616|1008|565|93|152|469|405|361|389|108|128|2387|967|1688|829|699|361|622|345|327|241|295|265|441|310|403|288|38|64|2578|1635|1407|863|1171|995|0|168|0|168|0|168|3338|1801|2855|1591|483|341|437|391|213|265|224|275|2120|1131|1978|1124|142|128|2116|1185|1554|942|562|503|472|419|413|378|59|109|787|630|245|259|542|522|3520|1767|1954|983|1566|1430|1099|528|937|437|162|163|1955|1755|1674|1713|281|270|256|266|221|259|35|71|1097|519|809|424|288|235|7469|1999|4340|1335|3129|1068|1429|540|925|419|504|270|3049|1124|1909|834|1140|588|7441|1712|4404|1193|3037|1310|17597|3043|6958|1637|10639|2542|235|301|40|62|195|294|2239|905|1217|653|1022|626|4629|1815|1673|810|2956|1145|5001|1220|2935|772|2066|721|6972|1536|4891|1057|2081|828|3792|1171|2638|810|1154|639|785|989|785|989|0|168|449|307|449|307|0|168|5090|2221|4892|2242|198|264|858|581|858|581|0|168|404|371|277|319|127|202|5670|1095|5367|1058|303|266|2683|1479|2486|1386|197|194
04000C0US41|3460411|2037|2899855|15334|316913|10535|192167|9642|124746|7691|11134|2450|9913|2332|1221|550|154|194|0|220|154|194|1153|695|1052|719|101|132|3383|1154|2940|1084|443|309|11897|1827|10921|1738|976|539|3441|1392|3345|1362|96|127|776|431|582|360|194|225|20113|5518|12507|4591|7606|2146|1246|710|1045|605|201|234|1636|1267|1518|1247|118|138|10771|3540|5055|1941|5716|2508|183|304|127|213|56|93|3963|1422|2028|824|1935|1027|3634|1782|3194|1598|440|557|6148|1929|5663|1804|485|348|1697|1331|1320|1093|377|360|1525|1409|1525|1409|0|220|5702|2830|4268|2664|1434|932|4664|2266|2623|1092|2041|1874|11684|3991|7547|2849|4137|1939|4441|2182|2525|1129|1916|1581|1137|669|1046|640|91|153|1484|814|1390|804|94|151|26287|3932|13624|2848|12663|2434|11784|2587|7813|1761|3971|1562|12874|2776|6715|2040|6159|1529|4850|2186|2573|1287|2277|1317|22922|4203|11047|2427|11875|2766|1837|1204|1235|934|602|505|6448|2724|2984|1194|3464|2268|5048|2150|2846|1178|2202|1209|10199|2648|7795|2242|2404|925|6384|1870|4040|1270|2344|977|9777|3574|6811|3141|2966|1238|1397|732|1290|732|107|126|3089|2270|2332|1823|757|554|1717|875|1508|785|209|306|2775|1310|2067|1083|708|618|146|196|68|114|78|164|1322|693|1078|562|244|331|2821|1227|2052|925|769|671
04000C0US42|10738509|2053|9225644|25657|692844|15049|399366|12612|293478|13256|28874|5497|18339|2996|10535|3424|28299|7030|14783|4107|13516|4544|27093|3407|20754|2954|6339|1561|21068|4734|13354|3193|7714|3003|35406|4272|29239|3794|6167|1507|48554|6353|34230|4894|14324|3284|11918|2322|9076|2048|2842|997|45933|7350|22675|3945|23258|5587|18415|4798|11770|3092|6645|2998|7728|1955|5998|1845|1730|691|20479|5099|11475|3494|9004|2340|4203|2027|3046|1728|1157|775|10316|2952|6052|1851|4264|1635|20438|3865|13325|2948|7113|1848|27778|4140|21503|3472|6275|1972|18929|4139|15291|3817|3638|1371|7410|2625|4192|1628|3218|1342|12392|3032|6681|2178|5711|1802|32054|6288|17703|3853|14351|3240|18038|4451|11561|3213|6477|2161|22867|4649|19077|4124|3790|1404|11552|2783|10581|2638|971|618|17991|3737|12790|3010|5201|2382|92990|7579|42894|4122|50096|5443|5778|1450|3760|1025|2018|763|24076|3690|11369|2716|12707|2205|387|382|323|366|64|86|43044|6623|15717|3074|27327|5097|8787|2717|3177|1220|5610|2340|5206|2103|1712|1078|3494|1703|10075|2989|4542|1419|5533|2416|18743|3601|14006|2870|4737|1515|5800|2057|2898|1190|2902|1542|46040|9604|28678|5836|17362|4790|7696|2524|7207|2423|489|280|7252|2979|3899|2059|3353|2096|24160|4924|19968|4214|4192|2229|10315|2314|6794|1812|3521|1313|0|192|0|192|0|192|125|115|120|115|5|9|11812|5029|9099|4377|2713|1079
04000C0US44|1060883|1156|810661|11610|150135|6567|74786|6002|75349|5369|6850|1774|6326|1689|524|312|4151|2792|2475|1732|1676|1200|4777|1190|3648|1123|1129|555|33142|6542|20466|4745|12676|3373|1088|729|996|658|92|156|330|335|330|335|0|244|376|295|376|295|0|244|1794|1361|1154|884|640|986|900|600|639|490|261|224|49|64|33|64|16|5|158|164|98|163|60|14|886|700|886|700|0|244|1051|741|644|509|407|395|43|75|43|75|0|244|1177|788|1177|788|0|244|89|100|89|100|0|244|0|244|0|244|0|244|263|417|263|417|0|244|1136|979|556|461|580|803|1494|1254|1113|1202|381|420|630|425|630|425|0|244|1232|861|1121|825|111|189|52|67|52|67|0|244|5885|1414|3163|1041|2722|923|1591|1046|1328|905|263|222|1652|951|1049|518|603|691|1916|1759|1211|1039|705|750|858|664|60|80|798|658|2414|1088|1544|1040|870|499|3857|1900|1582|949|2275|1268|1021|865|606|619|415|440|3825|1659|2293|1038|1532|1122|161|181|160|181|1|2|6092|3590|2921|1607|3171|2668|159|244|159|244|0|244|1690|1943|69|76|1621|1945|3925|2041|1400|739|2525|1934|1424|1247|327|383|1097|1081|0|244|0|244|0|244|113|180|113|180|0|244|1836|1257|1644|1237|192|225
04000C0US45|4488471|3209|4052874|17270|259290|10534|143702|9724|115588|10290|16252|3363|14842|3158|1410|637|1304|965|797|534|507|668|4607|1985|3489|1677|1118|993|10627|3328|7581|2535|3046|1669|12361|2528|10862|2381|1499|660|1682|950|1516|942|166|160|4120|2498|2524|1323|1596|1664|14028|3503|8911|2543|5117|2115|1823|802|1579|741|244|300|1304|1713|1304|1713|0|229|6898|2530|3365|1207|3533|2015|265|399|109|144|156|255|1764|1096|1065|681|699|690|10186|2913|7100|2009|3086|1399|4026|1894|3767|1800|259|235|1655|1281|1429|1108|226|282|0|229|0|229|0|229|0|229|0|229|0|229|2910|1621|2340|1331|570|590|5200|2614|3767|2040|1433|885|2464|1098|2036|987|428|370|3135|1396|1826|986|1309|1100|1817|1400|1693|1429|124|234|12742|3561|6300|1797|6442|2401|3662|1641|2372|1111|1290|841|3781|1574|2837|1441|944|654|1813|962|1244|868|569|463|8100|2805|3827|1565|4273|1733|767|509|459|353|308|280|2413|1114|903|576|1510|781|2515|1488|1274|804|1241|857|10039|2186|6656|2023|3383|1362|1553|829|1407|782|146|155|8086|2973|4965|2077|3121|1854|965|845|965|845|0|229|1070|1211|529|578|541|726|3867|1543|3051|1195|816|747|2226|1663|2226|1663|0|229|0|229|0|229|0|229|1041|1079|1041|1079|0|229|3239|1713|2657|1649|582|555
04000C0US47|5367579|4655|4800127|19948|345331|11766|178832|12228|166499|10346|14451|4561|11926|3928|2525|1102|3550|2727|2588|1933|962|906|2874|1255|2275|1032|599|436|3851|1622|3374|1509|477|381|10994|2842|10161|2827|833|425|3530|1939|3200|1804|330|364|619|414|619|414|0|230|2973|981|2262|833|711|517|1842|854|1521|788|321|250|4607|2667|3050|1717|1557|1470|3728|1942|2647|1570|1081|799|566|561|482|545|84|142|2928|1092|1906|831|1022|698|5218|1633|3964|1337|1254|663|8513|2921|8159|2871|354|322|3587|1902|2399|1338|1188|789|2257|2079|1529|1443|728|669|1646|1020|1301|855|345|346|7806|3029|5749|2600|2057|1045|6211|1910|4482|1504|1729|746|4374|1757|3295|1578|1079|624|1577|879|1334|658|243|362|1054|679|763|550|291|269|15277|3150|9078|2028|6199|2111|3669|1219|2534|1113|1135|751|10582|2357|5741|1683|4841|1390|115|197|0|230|115|197|11333|2680|4318|1571|7015|1845|910|713|485|415|425|424|5888|2143|2716|1320|3172|1447|3578|2051|1484|830|2094|1547|11172|2856|8698|2522|2474|935|1742|937|1037|666|705|647|29795|7851|12201|2751|17594|6832|3312|2494|3312|2494|0|230|4940|2619|1958|1008|2982|1973|4880|2151|2618|1576|2262|1448|12576|5432|7939|3980|4637|3455|0|230|0|230|0|230|159|148|81|106|78|111|3437|2043|2549|1545|888|748
04000C0US48|26516596|7728|16723875|55625|7640128|50181|4634786|48757|3005342|43203|87818|9976|68725|7896|19093|5075|8412|3938|5454|2358|2958|2248|12138|2193|9485|1878|2653|1240|51190|7273|39404|5775|11786|3223|47306|5121|41085|4165|6221|1994|14564|3968|12721|3530|1843|1417|4341|1366|3533|1275|808|539|34267|4962|23066|3849|11201|2769|9412|2065|7646|1747|1766|806|9807|2670|7902|2202|1905|1043|11835|2973|9368|2357|2467|990|3087|1338|2855|1352|232|271|42358|5819|27761|4063|14597|3305|47222|6775|35157|5242|12065|3173|129285|12323|112705|12068|16580|3314|106562|12101|82348|9719|24214|4645|13343|4183|10540|3467|2803|1172|30450|4864|19927|3419|10523|2712|68077|8324|50349|6500|17728|3823|39549|7149|25691|4609|13858|4464|125442|11942|103539|9629|21903|5175|53733|7773|45032|6847|8701|2605|68342|8390|53516|6847|14826|2918|201891|12772|111778|7781|90113|7983|25556|5670|18141|5102|7415|1766|75930|8420|40423|5833|35507|4917|1457|688|842|431|615|492|252351|15327|111589|8772|140762|11062|11925|3413|4588|1350|7337|2554|22321|4059|9877|2018|12444|3014|37567|6863|19191|4084|18376|4498|103420|9775|77930|8929|25490|3377|26660|4238|19691|3548|6969|1898|124883|14448|94750|12774|30133|5011|10031|3547|8608|3081|1423|912|43209|9648|27591|5151|15618|6516|118899|13161|103283|12059|15616|3267|54845|10527|35431|7846|19414|5229|572|503|459|441|113|184|4287|2495|2545|1069|1742|1645|18249|4616|12547|3055|5702|2375
04000C0US49|2879687|1771|2378040|13359|351278|11020|209760|9090|141518|8885|7229|1721|6115|1555|1114|680|1637|1494|806|673|831|960|3232|1381|2953|1292|279|244|15956|3117|12630|2904|3326|1130|7065|1987|6007|1793|1058|630|825|368|778|359|47|77|921|635|406|286|515|517|5827|1924|3201|1053|2626|1593|593|349|502|346|91|162|2686|1027|1880|761|806|562|3010|2009|2301|1868|709|626|713|653|616|652|97|160|1931|1285|1054|672|877|780|1144|1147|1071|1057|73|116|1919|1319|1919|1319|0|210|2414|1870|1536|1192|878|759|595|683|544|619|51|94|334|299|222|228|112|212|2236|2010|1039|968|1197|1147|3062|1280|2527|1127|535|454|2443|1164|1836|970|607|588|1192|881|987|792|205|208|630|651|630|651|0|210|17095|3061|9721|2274|7374|1855|5958|1828|4415|1405|1543|686|5685|2052|3607|1712|2078|983|452|415|369|371|83|143|8648|2507|4415|1600|4233|1532|1421|855|661|430|760|694|3713|1326|1783|764|1930|820|5258|3799|2145|1623|3113|2296|7141|1870|5359|1366|1782|1130|11388|2801|7522|1923|3866|1565|5814|2495|3525|1595|2289|1322|141|250|0|210|141|250|818|857|558|540|260|347|1642|1362|1236|1289|406|373|3862|2133|1391|925|2471|1675|1328|735|1059|719|269|236|353|314|342|315|11|18|2058|975|1858|937|200|191
04000C0US51|7318744|7544|5850170|23473|650680|12355|380145|11372|270535|12911|34356|4482|27116|4038|7240|1682|9005|2900|6215|2166|2790|1397|10426|2341|8074|1771|2352|1108|15949|2612|11699|1985|4250|1818|19682|2931|17945|2818|1737|614|4327|1541|3707|1316|620|492|3261|811|2904|762|357|281|19173|3687|12782|2667|6391|2020|3473|1391|2359|1011|1114|644|4749|1694|2762|815|1987|1272|11227|3267|7935|2620|3292|1607|797|512|511|374|286|324|38423|5101|22940|3310|15483|3394|12656|3070|9374|2275|3282|1274|37455|6202|32350|5471|5105|1643|36340|5604|29478|5002|6862|1683|12298|4819|9507|3680|2791|1474|23460|5110|14321|3101|9139|2906|22145|4621|13964|3233|8181|2400|21822|4104|16414|3424|5408|1498|24071|4346|21001|3940|3070|1135|11783|2760|10327|2498|1456|689|7173|2080|6434|1894|739|490|61535|5615|39314|4366|22221|3028|9163|1741|5869|1287|3294|1010|60180|7005|30107|3998|30073|4122|50|88|50|88|0|217|57788|7135|26512|4273|31276|3977|3403|1622|1064|723|2339|1202|9821|2700|4268|1265|5553|1844|21013|3921|12456|2131|8557|2507|48581|4942|36298|3839|12283|2616|4954|1386|3495|1074|1459|625|65250|9151|48728|6931|16522|3348|1513|676|1331|683|182|260|45897|7456|28746|5404|17151|3535|26017|4170|22259|3718|3758|1234|7384|2385|6094|2115|1290|887|136|124|91|93|45|74|520|511|378|393|142|161|10638|4128|9874|4061|764|446
04000C0US53|6762780|2531|5185522|26337|607016|16548|382278|13604|224738|12085|25643|4538|19804|3212|5839|2105|731|536|269|246|462|445|5757|2387|5433|2339|324|238|15421|4576|10170|3198|5251|2326|20944|2817|18503|2624|2441|1086|5747|1784|5256|1696|491|447|2874|870|2563|846|311|294|57490|8246|35848|5515|21642|3855|4611|1899|3531|1757|1080|580|8356|2790|5973|2267|2383|1096|42151|7273|17625|3885|24526|5085|1923|863|1165|701|758|413|22486|6265|11245|2976|11241|4432|6504|2141|5834|1921|670|466|45116|5290|40200|4900|4916|1442|9602|3747|7967|3065|1635|1065|22200|4460|11672|2764|10528|2732|6291|2205|4654|1750|1637|1216|12300|2814|9889|2454|2411|997|23954|5068|17877|3957|6077|1758|24658|5674|20427|4797|4231|1824|18315|4627|16610|4521|1705|724|10988|3248|9310|2628|1678|1017|158634|9921|91631|6722|67003|5779|27016|3763|19271|2849|7745|1789|57545|6661|28327|4353|29218|4186|1416|705|1099|573|317|289|72848|7696|31166|4022|41682|5238|15710|3764|7641|2663|8069|2122|15413|3750|8004|2405|7409|1896|12578|3165|7559|2130|5019|1863|66886|6984|45913|5398|20973|3705|34546|5554|23489|4257|11057|2675|27749|6765|20550|5654|7199|2216|3711|2150|2823|1486|888|1008|39941|7040|24621|5705|15320|2861|14846|4404|10684|3371|4162|2348|16375|3368|11150|2829|5225|1514|123|160|76|136|47|79|3192|1173|2489|984|703|498|7651|2702|6156|2154|1495|869
04000C0US55|4214290|1662|3756769|13720|248939|8139|151075|7387|97864|7610|7315|1763|5986|1495|1329|873|411|347|303|289|108|143|3369|1179|2996|1047|373|377|2277|1219|1395|659|882|830|16045|2130|12789|1730|3256|1008|3695|1038|2107|739|1588|707|1935|978|1898|976|37|44|6090|1749|4004|1391|2086|920|3242|1082|2935|1048|307|207|4774|2083|2921|1197|1853|1274|4276|1773|2714|1315|1562|1179|95|151|95|151|0|161|1699|1644|1123|915|576|763|2437|1351|1510|937|927|639|8047|2457|7240|2324|807|471|3463|1743|2788|1426|675|460|1701|1162|1058|812|643|556|2078|1281|1880|1122|198|320|6288|2498|4162|1635|2126|1498|8917|2601|5998|1684|2919|1281|2764|1596|2564|1570|200|262|5429|2050|4824|1944|605|478|1549|839|1195|714|354|281|16791|2516|9565|2087|7226|1754|2330|1392|915|513|1415|1242|4255|1559|3417|1241|838|627|33424|3687|21019|2642|12405|2272|3480|1282|1980|903|1500|756|361|288|247|185|114|126|3901|1717|2370|1268|1531|860|10426|3587|4059|1790|6367|2620|7326|1671|5207|1414|2119|1092|1825|887|1746|897|79|97|10942|3502|7829|2819|3113|1271|903|643|651|520|252|217|3853|2083|2445|1522|1408|862|4094|1606|3367|1341|727|545|3461|1479|2813|1192|648|674|83|148|83|148|0|161|2375|1940|2184|1928|191|221|856|462|738|419|118|138
04000C1US04|4019339|7905|2899115|26345|837940|20383|543287|15535|294653|13736|10924|2787|9079|2758|1845|836|1115|1044|457|519|658|735|4084|1122|3131|932|953|620|6419|1867|4679|1512|1740|1117|7704|2059|6749|1873|955|477|3422|1823|2894|1678|528|660|2228|1046|2140|1038|88|104|5100|1640|3508|1421|1592|691|2858|929|2271|912|587|464|4275|1461|2369|962|1906|1083|2243|1198|1379|647|864|740|339|290|339|290|0|237|8687|3318|3954|1235|4733|2596|3629|1519|2581|1242|1048|884|11400|3741|9813|3492|1587|807|1485|717|847|473|638|411|2477|1519|2113|1348|364|348|2124|1008|1107|661|1017|578|2770|1451|1969|1020|801|822|7293|2471|5525|1999|1768|1170|12557|3603|10169|3196|2388|1422|5667|2086|5241|1964|426|303|5916|2946|5004|2453|912|841|30724|4110|17006|2911|13718|2618|5525|2026|3079|1156|2446|1339|12696|3214|7184|2357|5512|2243|1232|1750|1232|1750|0|237|20737|4972|11090|3128|9647|2766|1581|869|1027|684|554|482|2687|1977|1874|1463|813|602|4197|2196|2804|1382|1393|964|17277|3449|12009|2341|5268|2075|4721|1890|3378|1261|1343|1301|17390|4867|11811|3035|5579|2409|2133|1304|1813|1158|320|404|7728|3369|3710|1553|4018|2265|4985|2660|4097|2493|888|546|13677|4476|8879|3317|4798|2431|11381|2862|9877|2806|1504|469|2683|1100|1983|903|700|433|6214|1873|4693|1451|1521|1372
04000C1US06|17364864|14042|8978365|54620|4886312|43602|2901621|38608|1984691|29123|76050|7061|66622|6540|9428|1994|5728|2944|4483|2772|1245|1032|29162|3666|25961|3466|3201|944|45512|5004|34816|4335|10696|2424|44722|4416|41422|4252|3300|968|11065|2032|10462|1914|603|447|9455|2216|7161|1669|2294|1172|118433|10976|64480|7181|53953|7027|10948|2550|8409|2061|2539|1008|14600|3944|10866|3317|3734|1416|34126|5792|17117|2822|17009|4840|188702|13305|100281|10101|88421|8430|151543|13296|97511|9421|54032|6483|35682|5421|28606|4587|7076|1772|166673|11052|135947|9929|30726|4214|36457|5762|26633|4587|9824|2529|99441|12508|54061|7503|45380|7517|23014|3632|15560|2399|7454|2033|41553|5834|31582|4635|9971|2497|44334|5412|33607|4310|10727|2481|52060|5949|45642|5632|6418|1874|47222|6536|40003|5739|7219|1988|27102|4090|23597|3714|3505|977|726322|22994|379230|15643|347092|12969|82761|7537|50386|5638|32375|3844|215131|12582|100927|8433|114204|7453|41089|6487|21254|3982|19835|4009|305340|15799|125694|8795|179646|10307|38666|5506|17982|3508|20684|3345|38333|4857|18749|3219|19584|3083|30979|6337|18792|4209|12187|3139|414595|15345|274124|12208|140471|8038|54262|5167|36821|4203|17441|2629|101623|10737|63789|7474|37834|6507|32556|5116|28113|4468|4443|1830|42965|7685|27561|5539|15404|3855|20547|4110|17132|3578|3415|1674|8559|2469|7204|2280|1355|689|686|740|642|735|44|66|2277|1086|2075|1043|202|211|29912|5253|14128|2643|15784|4284
04000C1US08|2400237|4709|1917439|16839|321108|13042|203025|11108|118083|10378|12328|3635|8473|2456|3855|2345|155|260|155|260|0|224|2996|1217|2673|1108|323|311|6884|1854|5399|1614|1485|823|10188|2214|9350|2149|838|520|2122|1072|2007|1031|115|152|266|234|223|221|43|69|9122|2696|6186|2258|2936|1408|2511|810|1910|769|601|419|1312|804|714|585|598|607|2817|1360|1832|805|985|697|442|498|442|498|0|224|4605|2153|2668|1428|1937|1167|1001|1108|185|228|816|1091|3682|1312|3209|1098|473|395|703|954|553|700|150|280|1573|953|619|426|954|708|1031|542|791|427|240|290|4476|2073|2927|1309|1549|932|2225|884|1730|863|495|316|2465|1162|2338|1132|127|155|970|674|662|403|308|561|1327|770|1244|740|83|106|13022|2663|7991|1967|5031|1598|2493|988|1808|826|685|435|9456|2662|5707|2154|3749|1696|381|407|307|347|74|127|7262|2371|3990|1533|3272|1370|151|191|99|123|52|87|3386|1699|2104|1114|1282|752|2702|1046|1644|739|1058|618|5937|1483|4786|1237|1151|442|4103|1909|2973|1368|1130|928|7028|2365|4994|1818|2034|1270|2947|1493|2858|1528|89|141|16478|5617|7867|3203|8611|2977|5428|2706|3616|2111|1812|1267|4276|2221|2944|1572|1332|869|35|62|35|62|0|224|276|249|176|152|100|164|1128|598|761|555|367|304
04000C1US09|991534|4075|630068|13749|234138|11664|128033|7997|106105|8502|8020|3816|6567|3098|1453|897|14438|4274|8945|3078|5493|1926|3486|1406|2312|834|1174|1013|23745|5301|11537|3089|12208|3391|1644|623|1520|595|124|133|680|604|680|604|0|225|2009|1206|1670|838|339|486|3887|1638|2749|1429|1138|722|2567|1013|1296|566|1271|823|1502|922|911|600|591|398|1918|1321|1112|855|806|653|84|139|0|225|84|139|900|612|606|419|294|278|1042|757|630|373|412|442|3915|1758|3154|1187|761|804|1988|1120|916|639|1072|728|283|356|275|356|8|3|3052|1768|1654|1099|1398|1211|1830|1090|1645|1028|185|185|5536|2603|3239|1652|2297|1258|974|917|974|917|0|225|1606|892|1336|750|270|306|635|458|507|397|128|164|12027|3066|6761|1678|5266|2144|454|458|381|425|73|116|2364|1296|1677|952|687|505|207|330|207|330|0|225|2555|1388|1220|858|1335|860|94|116|94|116|0|225|2226|1355|1036|670|1190|1047|496|438|496|438|0|225|4381|1989|3410|1761|971|479|689|526|571|484|118|198|4738|2625|2678|1383|2060|1517|1339|837|1241|708|98|158|385|366|291|273|94|159|4074|1968|3457|1752|617|516|832|683|729|604|103|177|0|225|0|225|0|225|0|225|0|225|0|225|4726|2405|4447|2381|279|252
04000C1US11|662752|79|521800|8710|61754|4580|37228|3992|24526|4130|11931|2616|9860|2366|2071|1166|1260|1049|523|636|737|917|1831|980|1770|973|61|102|1431|875|1330|856|101|172|3303|1266|2950|1196|353|416|532|414|532|414|0|247|1115|894|1041|894|74|15|2673|1057|2042|818|631|618|445|345|361|244|84|137|711|693|711|693|0|247|1036|620|815|507|221|214|106|135|29|46|77|127|2051|926|1859|883|192|188|878|776|878|776|0|247|1772|845|1368|600|404|443|403|478|325|358|78|134|318|312|171|215|147|235|273|234|273|234|0|247|972|807|972|807|0|247|1732|1105|1175|845|557|595|0|247|0|247|0|247|891|767|722|750|169|146|196|247|196|247|0|247|7561|1543|5543|1335|2018|860|1334|555|902|482|432|328|2003|730|1496|651|507|284|53|81|53|81|0|247|2868|2099|388|302|2480|2131|0|247|0|247|0|247|609|562|292|265|317|338|1832|1241|1746|1232|86|102|1567|769|1060|618|507|598|638|388|638|388|0|247|2612|919|2293|835|319|331|1327|620|1252|628|75|80|14706|6013|8716|3854|5990|2738|4037|2150|2838|1371|1199|1128|1584|858|1403|845|181|224|31|50|31|50|0|247|0|247|0|247|0|247|576|369|427|248|149|275
04000C1US12|6284370|17734|4376485|40048|1299965|26693|699001|21357|600964|19617|38806|5450|31388|4726|7418|2632|148997|16681|78178|9767|70819|10581|14335|3234|12153|2987|2182|805|72253|9086|41911|6165|30342|5861|18999|3636|15924|3155|3075|1627|4855|1241|4056|1207|799|485|5726|1974|4924|1728|802|490|16938|3587|11462|2847|5476|1653|8961|2346|6617|2050|2344|1370|6964|1665|4240|1191|2724|1205|12817|3826|7617|2493|5200|2083|200|272|52|76|148|258|2726|1068|1937|995|789|554|5543|2238|3886|1788|1657|1045|8152|2703|6839|2300|1313|890|6560|2394|5854|2194|706|466|1146|814|1099|789|47|78|5044|1874|3742|1521|1302|942|4144|1786|2856|1119|1288|1236|20339|5643|11308|2809|9031|3972|8530|2839|7200|2476|1330|715|4428|1656|3453|1305|975|779|4634|2177|2830|1369|1804|1467|29425|5087|14650|3396|14775|2971|3110|1148|2025|985|1085|587|7414|2221|3630|1251|3784|1541|167|264|167|264|0|247|22255|4742|8516|1992|13739|3494|4318|2711|2844|2270|1474|795|6621|2215|4102|1798|2519|1050|12163|4383|6845|2506|5318|2749|36353|5580|24800|3476|11553|3064|2436|1028|1623|759|813|594|29044|7203|19246|4237|9798|4092|6631|2446|5677|2158|954|780|2427|1728|1139|957|1288|1026|4471|2400|3432|2090|1039|945|5410|3391|2212|1400|3198|2997|49|80|49|80|0|247|82|109|82|109|0|247|14447|3843|10954|2830|3493|1884
04000C1US13|2011968|7139|1712258|12512|162604|9082|98463|7024|64141|5382|9751|2603|8703|2516|1048|533|2670|1478|2259|1344|411|423|2049|1284|1779|1236|270|275|5427|1655|4492|1463|935|728|5498|1558|4584|1355|914|510|1367|636|1367|636|0|232|1625|901|1447|834|178|172|3722|1628|2751|1454|971|792|1108|826|1055|819|53|84|324|321|324|321|0|232|1578|835|1225|593|353|404|57|101|57|101|0|232|2913|1390|2027|885|886|1110|6607|2939|4861|2185|1746|1066|9477|2892|8889|2705|588|501|3277|2109|3121|2058|156|208|609|639|417|567|192|276|1842|1327|1657|1147|185|244|2732|1324|2589|1296|143|182|1997|972|1762|765|235|390|6809|2039|5993|1906|816|708|1974|831|1480|576|494|582|1555|763|1461|724|94|171|14543|2733|9437|2077|5106|1410|3363|1468|2480|1384|883|604|8589|2094|4741|1386|3848|1471|0|232|0|232|0|232|5631|2006|2632|951|2999|1491|447|375|163|166|284|259|1011|772|895|753|116|122|2332|1143|1731|848|601|423|3976|1534|2408|979|1568|958|1814|1073|1243|909|571|431|4657|1809|3987|1607|670|684|2385|1723|2385|1723|0|232|2847|1992|2583|1869|264|307|3959|1325|3744|1274|215|201|3226|1856|2490|1603|736|522|24|40|24|40|0|232|117|190|117|190|0|232|3217|1482|2729|1273|488|499
04000C1US17|3936830|12470|2684037|24665|760082|19665|431159|15846|328923|16950|17041|3830|11707|3114|5334|2076|1607|866|1202|772|405|356|9386|2966|7102|2622|2284|1220|6124|2327|4467|1394|1657|1427|7788|1904|7276|1837|512|374|1709|867|1636|836|73|118|7158|2072|5752|1951|1406|605|14790|3697|10192|2659|4598|1789|41114|6146|23867|4585|17247|3188|10011|2608|6066|1696|3945|1260|21952|5614|9318|2700|12634|3861|1121|1235|648|723|473|558|6582|3192|3760|2308|2822|1798|18319|4774|13174|3682|5145|1890|24588|5272|19672|4548|4916|1689|22165|5720|14593|4068|7572|2904|3309|1727|2023|1153|1286|865|4321|2439|2300|1176|2021|1577|7447|2924|6113|2435|1334|999|14781|3640|10049|2289|4732|2004|8808|2409|7130|2266|1678|828|8498|3296|7045|2892|1453|894|5757|2570|3735|1879|2022|1072|84509|9447|37118|4688|47391|7711|6156|2237|3965|1915|2191|884|12494|2735|8861|2321|3633|1362|0|208|0|208|0|208|11607|2448|4888|1448|6719|1799|364|409|219|206|145|238|4889|2005|2075|1271|2814|1382|12010|3307|5937|2596|6073|2041|31456|4993|23568|4225|7888|1800|4860|3837|2088|1169|2772|3412|21224|4930|16606|4305|4618|1993|2816|1216|2521|1139|295|272|12269|3912|8103|2837|4166|1652|15382|4368|11522|3278|3860|2003|5006|2233|3707|1897|1299|1125|112|147|112|147|0|208|440|637|440|637|0|208|2741|1217|1552|731|1189|870
04000C1US18|2095942|13874|1748337|16249|188978|8234|100521|6893|88457|6893|5041|2055|3010|1260|2031|1145|11372|4598|3422|2300|7950|3735|624|522|572|513|52|89|865|597|683|416|182|232|5238|1725|4563|1597|675|362|3064|2429|1386|966|1678|2237|1232|650|892|511|340|358|1352|670|737|467|615|464|858|595|697|537|161|225|1724|794|1643|758|81|95|715|471|686|469|29|51|47|80|47|80|0|211|3110|2177|2390|1631|720|714|2932|1474|2174|1056|758|676|6661|1872|5552|1694|1109|566|2320|1099|1402|803|918|693|6830|3484|4860|2616|1970|1094|1490|1067|1283|1003|207|217|2159|987|1785|796|374|411|2955|1190|1831|710|1124|966|2726|1766|1838|1146|888|734|1946|1051|1859|1064|87|124|1362|785|1170|737|192|220|14309|2879|6257|1509|8052|2242|5379|2596|2597|1074|2782|2073|5323|1462|2233|902|3090|1173|0|211|0|211|0|211|2015|1011|1152|669|863|595|181|227|181|227|0|211|1554|879|1088|657|466|378|20469|4609|8780|2587|11689|2856|4636|1477|3543|1246|1093|719|2260|771|1303|471|957|473|5216|1766|3112|1222|2104|1035|1136|757|1136|757|0|211|3287|2266|1790|1290|1497|1336|16521|6153|13037|5385|3484|2102|7080|3778|2808|1524|4272|3444|171|172|171|172|0|211|232|395|232|395|0|211|2235|1186|1218|764|1017|928
04000C1US20|1036456|4149|848443|9273|117446|6614|66961|5941|50485|4275|2011|1045|1533|916|478|487|0|189|0|189|0|189|733|633|549|530|184|233|541|437|458|362|83|113|2744|1045|1925|669|819|713|326|243|246|254|80|105|214|354|214|354|0|189|2050|1191|947|711|1103|944|467|342|226|234|241|230|547|562|136|135|411|531|765|597|668|518|97|155|0|189|0|189|0|189|982|813|544|490|438|356|1030|1014|304|308|726|964|4314|1732|3974|1733|340|301|1821|1039|1204|743|617|457|168|163|102|128|66|111|765|593|520|463|245|257|1707|1138|1608|1111|99|137|704|791|669|790|35|57|4204|1912|3383|1548|821|616|845|853|517|618|328|318|2149|1720|1319|742|830|1116|5789|1773|2963|1023|2826|1271|1887|909|1416|784|471|391|2793|1545|2026|1184|767|582|2349|1418|935|601|1414|963|6852|1524|3008|932|3844|1285|2012|1440|227|208|1785|1273|2406|1382|999|691|1407|831|4229|1976|1969|854|2260|1359|3330|1693|1854|941|1476|1103|528|395|511|393|17|21|3826|2437|2389|1884|1437|872|113|141|113|141|0|189|514|516|514|516|0|189|1099|806|806|606|293|301|2876|1783|895|772|1981|1688|29|46|29|46|0|189|221|126|178|99|43|77|627|578|593|584|34|57
04000C1US21|1122886|3665|947802|10565|86232|4652|38201|4631|48031|5481|5099|1854|3396|1677|1703|938|2214|2344|227|285|1987|2213|508|520|421|502|87|149|191|199|191|199|0|208|1853|765|1500|612|353|453|1723|1183|1656|1171|67|123|110|188|110|188|0|208|1685|1219|1541|1212|144|176|0|208|0|208|0|208|2488|1119|1713|843|775|531|1667|984|1132|659|535|688|0|208|0|208|0|208|1166|721|662|427|504|454|1347|1234|947|754|400|581|2207|1344|1228|763|979|825|1206|909|799|671|407|486|0|208|0|208|0|208|1585|1251|640|634|945|1176|6491|2072|3152|1327|3339|1537|3632|3131|578|507|3054|2955|831|818|831|818|0|208|639|553|539|436|100|159|0|208|0|208|0|208|3794|1725|2635|1214|1159|882|3920|1707|972|692|2948|1463|1291|882|716|602|575|445|0|208|0|208|0|208|4400|2051|1948|1015|2452|1286|1088|997|348|464|740|667|465|461|96|159|369|442|7487|4172|3294|1783|4193|2573|2648|1213|2193|985|455|326|355|348|257|303|98|159|9105|3277|5238|1754|3867|2175|86|27|86|27|0|208|2703|2956|1079|1333|1624|1750|2333|1144|1747|987|586|634|10289|5388|3344|1818|6945|4875|0|208|0|208|0|208|152|175|37|65|115|141|2094|1681|1364|1387|730|1009
04000C1US24|1106854|12660|854556|14225|102005|9281|54322|7209|47683|6995|16083|3968|11284|2677|4799|2226|3834|2145|2564|1424|1270|1041|2884|1588|2262|1391|622|586|3814|2007|2433|1202|1381|1143|3591|1355|3113|1197|478|590|905|600|905|600|0|228|1095|719|755|636|340|210|5314|2245|3426|1787|1888|1024|726|707|614|630|112|191|595|608|505|527|90|150|1470|718|1142|548|328|349|1915|1690|1436|1153|479|583|4953|1989|3010|1423|1943|1454|1481|901|1481|901|0|228|4745|1482|4315|1391|430|452|3358|2687|1533|899|1825|1874|476|592|476|592|0|228|2447|1605|2329|1582|118|111|2490|1464|1473|830|1017|1060|3570|1905|3045|1621|525|471|2750|2209|2367|1869|383|444|1905|1223|1578|1089|327|342|548|526|463|427|85|116|22649|4710|10478|2272|12171|3515|2512|1073|1505|787|1007|627|8608|2274|5236|1815|3372|1149|0|228|0|228|0|228|3241|1376|2120|1001|1121|735|201|232|44|75|157|216|343|274|276|266|67|109|3955|2227|2299|1536|1656|1062|8355|3477|6577|3273|1778|855|2349|1318|1196|759|1153|779|4734|2113|3545|1864|1189|931|2521|918|2347|933|174|225|4545|2141|3476|1794|1069|1082|10932|3385|8953|2932|1979|844|1348|1404|914|1145|434|411|0|228|0|228|0|228|0|228|0|228|0|228|3051|1487|2412|1163|639|594
04000C1US25|1484639|4225|957018|15836|218212|10502|119166|7541|99046|8304|11467|1987|9720|1699|1747|833|32538|6516|18341|5337|14197|3604|6565|1670|4865|1342|1700|879|46097|8615|21293|4614|24804|5454|6101|1561|5353|1540|748|709|834|452|783|453|51|97|3706|1364|2422|927|1284|659|13932|2944|9519|2672|4413|1118|3328|1723|2524|1159|804|905|1329|976|823|672|506|428|3022|1162|1866|863|1156|709|1932|1039|1583|969|349|357|3557|1411|2598|1079|959|704|1084|495|903|472|181|173|10546|2726|9500|2564|1046|687|2282|1126|1769|767|513|554|251|180|251|180|0|228|3845|1706|1962|911|1883|1372|4894|2743|2858|1543|2036|1387|12004|3370|7258|2548|4746|1915|2902|1395|2644|1347|258|220|2746|1370|2528|1213|218|256|539|398|539|398|0|228|51193|4771|27099|2966|24094|3554|2549|1018|1642|685|907|682|6636|1843|4670|1569|1966|842|72|121|72|121|0|228|18641|4578|7014|2091|11627|3193|525|474|290|291|235|318|1379|875|698|457|681|518|3554|1290|2709|1052|845|549|1767|858|1583|745|184|269|1840|800|1583|662|257|337|9555|2609|5785|1633|3770|1703|5836|2621|5486|2635|350|400|7145|2684|4214|1821|2931|1294|11276|2734|8061|2335|3215|1092|8465|2891|6368|2250|2097|1234|0|228|0|228|0|228|139|256|0|228|139|256|3336|1964|3068|1930|268|284
04000C1US26|2362889|7996|1935897|16251|137102|8664|76131|6743|60971|5455|7106|2215|5730|2037|1376|714|2816|1932|1098|912|1718|1469|2043|804|1361|533|682|400|3548|1526|2600|1117|948|673|4839|1354|4386|1345|453|349|1315|743|1117|646|198|218|2008|915|1766|869|242|194|2650|1211|1906|1002|744|668|3789|883|2928|849|861|532|2107|897|1540|779|567|298|3048|1023|2394|835|654|461|470|676|386|662|84|144|2740|1206|1038|605|1702|1051|2262|1143|1896|952|366|356|8768|3000|6391|2007|2377|1793|5023|2661|3797|2054|1226|929|1202|1163|1202|1163|0|187|21873|5263|9626|2661|12247|4105|5276|1740|4686|1583|590|472|9066|2807|5693|2113|3373|1237|8947|3086|7423|2557|1524|1194|5403|1733|4229|1463|1174|673|6897|2448|5585|1909|1312|874|21465|3771|12825|2612|8640|2050|5720|1991|2725|862|2995|1687|7805|2471|4666|1605|3139|1326|2135|1316|711|619|1424|846|8563|2505|3314|1254|5249|1828|49|83|0|187|49|83|1224|785|401|333|823|708|6190|2502|3012|1645|3178|1496|6875|2561|5622|2146|1253|795|1603|1220|1174|1099|429|569|94594|7808|50522|5536|44072|5631|1144|691|913|602|231|307|4640|1699|3052|1401|1588|815|5000|1786|4314|1484|686|467|7932|3983|5168|2767|2764|1503|0|187|0|187|0|187|403|445|403|445|0|187|1352|1069|802|611|550|551
04000C1US27|1491912|4508|1200242|14450|77807|6904|46863|5182|30944|4178|6949|1984|5553|1931|1396|803|232|289|166|186|66|112|1838|1136|1651|1155|187|328|3525|1434|3103|1237|422|336|4332|1366|3696|1115|636|584|572|430|572|430|0|157|124|111|124|111|0|157|4766|1928|2603|1022|2163|1122|869|586|487|447|382|376|1016|649|696|525|320|394|2525|1260|1774|1005|751|524|163|262|163|262|0|157|2049|1103|1329|736|720|491|933|779|933|779|0|157|4017|1805|3670|1799|347|318|576|484|546|444|30|60|115|147|115|147|0|157|1704|785|1468|683|236|243|2114|1251|1558|991|556|740|2835|970|1799|679|1036|526|4334|2486|3703|2292|631|660|1302|684|1097|540|205|191|1211|741|902|582|309|465|10698|2075|6739|1466|3959|1166|3267|1549|2420|1382|847|520|3451|1387|2499|1081|952|581|31796|5225|18147|3890|13649|2784|8242|2067|4107|1673|4135|1229|2938|1354|1802|927|1136|649|2806|1354|1343|654|1463|940|11118|4272|4876|2128|6242|3095|2237|1019|1245|839|992|536|1074|719|970|694|104|142|5734|2016|4471|1844|1263|666|3155|2863|3058|2855|97|164|70356|9467|44765|7821|25591|4417|4613|1760|2930|1273|1683|1115|3480|1399|2563|1124|917|636|15|27|15|27|0|157|208|188|193|180|15|22|574|346|540|339|34|57
04000C1US29|1301473|4103|1150759|12185|70662|6974|47428|5212|23234|3583|6156|2225|4477|1490|1679|1170|1311|942|672|563|639|727|1162|642|1038|542|124|221|1994|1248|1767|1225|227|182|3132|921|2866|912|266|190|936|547|864|479|72|117|446|465|322|385|124|151|1917|918|944|478|973|556|390|379|390|379|0|198|1433|1353|558|563|875|819|893|591|673|494|220|190|40|70|40|70|0|198|1168|924|867|842|301|342|851|748|529|524|322|361|1923|834|1358|675|565|464|2135|1487|1841|1211|294|384|552|517|209|352|343|389|1442|790|831|556|611|377|1395|696|925|591|470|305|2436|1125|924|514|1512|964|2325|1372|1952|1277|373|384|756|528|683|478|73|117|690|451|581|408|109|189|5570|1893|3539|1507|2031|831|999|636|471|480|528|372|2774|772|2343|673|431|345|211|276|211|276|0|198|5316|1949|2508|1137|2808|1109|204|236|139|230|65|104|923|871|483|659|440|447|2539|1723|1372|1112|1167|786|3061|1305|1944|940|1117|769|1227|1131|893|1128|334|219|3875|1859|3508|1838|367|338|104|179|104|179|0|198|7566|3367|5108|2715|2458|1190|2727|1700|1766|1142|961|970|6791|6039|3906|4970|2885|2436|0|198|0|198|0|198|150|137|150|137|0|198|532|732|493|730|39|64
04000C1US32|1749378|14419|1207976|17806|389050|17992|230879|11587|158171|11185|4895|1338|3820|1205|1075|806|189|257|189|257|0|236|2386|1068|1817|909|569|478|5362|2547|4425|2324|937|676|5031|1571|4659|1526|372|265|810|543|810|543|0|236|2330|1715|2330|1715|0|236|2346|1358|1755|1034|591|503|2599|1326|1592|943|1007|1011|604|548|276|366|328|317|2337|1326|1752|1161|585|552|1326|905|906|662|420|342|2791|1266|1932|1108|859|532|0|236|0|236|0|236|1359|1001|1320|991|39|66|270|309|228|247|42|72|1709|1566|1520|1416|189|243|1174|1000|847|649|327|540|221|207|89|107|132|181|1550|750|855|440|695|612|1552|1291|1318|1107|234|365|234|189|134|131|100|125|575|691|340|417|235|299|16674|3888|8097|2224|8577|2557|2651|878|1611|516|1040|551|9099|3798|5524|2641|3575|1684|457|426|396|384|61|102|5802|3198|2779|1427|3023|2156|1323|1229|137|168|1186|1201|3690|1639|2162|1183|1528|754|1008|713|656|447|352|391|47266|6378|32784|4951|14482|2987|9809|2844|7438|2506|2371|1079|2532|1129|2040|1103|492|307|1929|979|1904|966|25|47|1483|991|1139|819|344|366|1827|1259|1713|1224|114|140|2866|2019|2253|1569|613|583|132|160|132|160|0|236|222|251|97|173|125|190|1932|1029|1631|865|301|303
04000C1US34|985875|8796|508174|15455|286595|11504|132938|8304|153657|9652|12103|4591|9128|3920|2975|1549|9583|5095|5059|2506|4524|3428|2543|1128|1950|1075|593|591|24871|5180|8932|3144|15939|3323|1186|614|1131|579|55|94|6648|4962|6648|4962|0|226|539|421|357|286|182|175|4756|1797|2661|1223|2095|961|2754|1066|1563|912|1191|833|0|226|0|226|0|226|2145|1140|804|436|1341|977|276|494|276|494|0|226|356|424|356|424|0|226|5254|2041|2913|1356|2341|1084|21226|4637|19130|4454|2096|1196|5348|2124|3129|1371|2219|1627|1954|2269|1263|1283|691|1005|4762|2355|2707|1516|2055|1208|2370|1161|2041|1069|329|318|1301|860|1108|809|193|190|2680|1316|2038|1125|642|469|2110|1142|1863|1029|247|279|884|642|751|517|133|163|23943|3608|17878|2702|6065|1696|1775|1220|1020|995|755|714|2678|1170|2063|1081|615|378|0|226|0|226|0|226|5234|2578|2078|1061|3156|1806|0|226|0|226|0|226|68|87|26|53|42|70|921|943|466|446|455|537|9796|2475|6513|1891|3283|1515|335|295|335|295|0|226|8973|3032|5249|1838|3724|1752|636|448|539|419|97|127|1378|951|796|654|582|597|13247|3756|9986|3417|3261|1468|1513|1162|1455|1098|58|107|0|226|0|226|0|226|0|226|0|226|0|226|4960|2716|3563|2190|1397|1036
04000C1US36|9331608|6747|5158896|41924|1926653|22078|1018641|21697|908012|21528|100242|10167|75147|8152|25095|4705|102859|11827|59877|8329|42982|6515|57366|7070|41410|6539|15956|2849|27382|4150|19523|3389|7859|2145|23934|3722|22868|3792|1066|407|161177|13660|73882|9973|87295|9647|39955|5954|26976|4364|12979|2935|178318|11085|70671|6006|107647|8435|53833|7869|30458|5732|23375|4030|16328|3202|10975|2407|5353|1594|41144|6829|20073|4749|21071|4338|2953|1052|1658|661|1295|813|17392|4570|8109|3051|9283|3046|10190|3394|6995|1957|3195|1657|29366|4821|24356|4369|5010|1474|40577|6649|21929|3866|18648|4073|21946|5055|10504|2841|11442|2862|168932|12499|77299|6791|91633|9459|22413|4325|9166|1904|13247|3604|62558|7972|37494|6021|25064|3793|3364|1643|2947|1371|417|425|3875|1114|3385|1031|490|297|11743|3510|7752|2563|3991|1655|537649|18245|181294|10424|356355|12642|23145|3914|12268|2583|10877|2190|63654|7205|31338|4845|32316|4451|0|220|0|220|0|220|14357|2757|7045|1608|7312|1655|3112|1766|1854|1252|1258|918|4303|1402|1976|790|2327|841|51617|7411|24242|4970|27375|5118|53630|6557|39585|4766|14045|3167|9700|2483|5090|1368|4610|1806|93440|12864|51535|7960|41905|7802|44439|8012|33973|6294|10466|3067|21197|4975|13522|3555|7675|2832|84791|11084|61026|8895|23765|4325|15593|4825|8429|3235|7164|3361|278|386|0|220|278|386|363|398|216|263|147|166|26944|3247|17340|2331|9604|2078
04000C1US37|3547340|8712|2829867|23117|404938|15505|219156|12665|185782|11876|22851|5703|14769|3794|8082|2903|6685|3897|3295|1805|3390|2310|3817|1128|3043|984|774|475|7848|1927|5423|1416|2425|1133|8508|1461|8037|1481|471|298|1776|1127|1776|1127|0|226|3334|1516|2720|1257|614|430|9133|2348|6139|1688|2994|1661|2915|1318|2544|1203|371|392|2681|1581|2216|1327|465|363|1705|718|941|476|764|551|510|450|410|413|100|164|4072|1886|2051|1079|2021|1278|12090|3515|9143|2774|2947|1249|17473|4566|15839|4125|1634|741|5986|2470|3814|1525|2172|1601|1137|772|973|652|164|211|2606|1312|2383|1184|223|213|8710|2865|6312|2345|2398|1259|5378|2557|3684|1277|1694|1688|21695|5137|15924|4343|5771|2361|7322|3284|6944|3236|378|291|5125|2237|4788|2132|337|336|31881|4618|18916|3339|12965|2710|4721|1698|3862|1730|859|590|9121|2482|4598|1508|4523|1446|1344|1063|555|438|789|864|19091|4372|6303|2099|12788|2868|2694|2217|1950|1905|744|549|4035|1930|1336|895|2699|1408|7902|2979|3954|1789|3948|1867|10757|3359|8363|3156|2394|1027|5336|2906|2454|1155|2882|2140|19110|4838|13121|3672|5989|2130|192|201|192|201|0|226|10479|4753|3864|2203|6615|3474|10349|3600|9198|3575|1151|833|6472|2598|3783|2196|2689|2007|0|226|0|226|0|226|414|365|317|349|97|119|5280|2681|5069|2651|211|284
04000C1US39|2529550|7358|2185550|14759|147370|9663|80994|7496|66376|5751|13506|3435|7406|1752|6100|2604|8781|2951|2570|1762|6211|2016|2565|836|2063|711|502|324|5420|2549|3202|1682|2218|1400|5524|1436|5000|1303|524|422|374|289|360|287|14|23|1375|722|1115|671|260|246|4993|1980|2840|1223|2153|988|1512|674|1387|669|125|152|1315|698|614|417|701|457|1728|971|935|492|793|705|149|249|149|249|0|211|1367|775|825|506|542|400|3022|1358|2079|949|943|713|5864|3455|4530|2597|1334|1423|1201|724|779|499|422|485|1261|884|814|603|447|569|2505|1647|1708|1061|797|747|14928|4561|7420|2519|7508|3162|2836|1101|2234|905|602|381|7247|2966|4257|1802|2990|2013|1905|1323|1905|1323|0|211|195|168|195|168|0|211|13426|2531|7532|1795|5894|1369|3145|1585|1926|1335|1219|681|2904|1209|1978|989|926|530|123|202|123|202|0|211|3332|1628|1057|696|2275|1173|1774|1474|766|812|1008|739|1489|826|685|552|804|487|8118|3956|3718|1729|4400|2767|4005|1704|2779|1305|1226|703|475|403|314|340|161|229|19261|3764|11349|2897|7912|1954|510|406|235|175|275|358|22605|6001|15481|4925|7124|2404|13819|3773|11185|3574|2634|1159|8732|3903|5270|2418|3462|3021|0|211|0|211|0|211|266|392|266|392|0|211|3073|1981|2421|1503|652|575
04000C1US40|1181650|3901|930349|10958|182662|8699|99922|7398|82740|6275|3269|1182|2590|936|679|449|114|163|19|31|95|160|203|168|203|168|0|168|1505|1039|1105|944|400|331|3469|1631|3199|1612|270|212|551|494|551|494|0|168|235|210|127|170|108|128|881|676|766|624|115|144|88|104|66|78|22|36|176|219|176|219|0|168|927|717|650|562|277|298|0|168|0|168|0|168|2445|1619|1962|1413|483|341|275|287|213|265|62|102|1092|867|1010|869|82|83|1184|884|858|673|326|468|397|403|338|364|59|109|69|127|0|168|69|127|2404|1593|1059|663|1345|1426|794|432|632|317|162|163|685|522|404|418|281|270|107|177|107|177|0|168|541|378|459|356|82|108|4303|1577|2112|952|2191|916|716|448|412|281|304|242|1698|806|1069|669|629|350|1794|956|1359|775|435|312|14541|2738|5656|1595|8885|2249|195|294|0|168|195|294|1532|764|761|534|771|555|3456|1542|1180|639|2276|1027|2851|1025|1656|611|1195|613|5207|1393|3478|1066|1729|788|2587|1057|1835|753|752|492|84|101|84|101|0|168|167|169|167|169|0|168|4165|2097|3967|2114|198|264|732|487|732|487|0|168|0|168|0|168|0|168|1267|448|1187|440|80|107|1933|1228|1804|1185|129|148
04000C1US41|1591948|4008|1312542|12279|155098|10848|90906|8426|64192|7475|6766|2152|6169|2063|597|475|154|194|0|220|154|194|1013|656|912|682|101|132|1634|759|1608|760|26|43|6203|1569|5767|1482|436|411|1853|1106|1757|1052|96|127|294|252|100|116|194|225|9228|4094|5986|3271|3242|1393|505|475|380|314|125|217|355|293|355|293|0|220|2828|1712|1217|881|1611|1430|183|304|127|213|56|93|1824|923|1016|542|808|670|2090|1439|1701|1226|389|557|2419|1102|2163|1045|256|237|454|514|299|344|155|195|455|317|455|317|0|220|2464|1287|1324|863|1140|872|2727|1862|1062|617|1665|1776|3870|2295|1946|1254|1924|1154|1310|846|930|840|380|367|431|372|431|372|0|220|522|537|428|457|94|151|16445|3242|8352|2070|8093|2220|6684|1966|4552|1430|2132|1181|5078|1524|2880|1102|2198|933|468|452|336|267|132|225|17330|4400|7474|2372|9856|2792|950|991|845|871|105|135|3779|2446|1305|843|2474|2018|2667|1184|1368|726|1299|819|5085|1826|4401|1713|684|372|2978|1492|1746|926|1232|787|5746|2811|4205|2551|1541|881|376|263|325|235|51|84|1990|2195|1482|1782|508|499|1483|871|1311|750|172|297|1789|1152|1610|1072|179|234|68|114|68|114|0|220|538|477|364|370|174|294|1272|1048|785|713|487|623
04000C1US42|2620854|8540|1953349|22674|380430|14308|206093|10272|174337|11482|12350|4250|5776|1847|6574|3326|21294|7172|11006|4081|10288|4455|7631|2082|5795|1829|1836|729|10056|3876|5123|2406|4933|2672|6202|1778|5608|1650|594|308|2281|869|1816|692|465|400|2986|1565|1896|1261|1090|702|19423|5157|6764|2122|12659|4014|6457|2886|2598|901|3859|2784|2529|1261|1931|1072|598|504|4670|1930|2380|1535|2290|1149|2089|1901|1446|1666|643|756|2488|1167|1502|868|986|672|4683|2386|3553|2017|1130|910|7758|2527|5437|1536|2321|1514|3087|1603|2037|1159|1050|923|1020|710|975|702|45|80|2804|1156|1956|768|848|701|4200|1842|2633|1188|1567|996|5864|2616|3354|1800|2510|1639|1877|842|1532|750|345|309|1781|883|1661|858|120|137|6921|3043|3474|1952|3447|2138|46695|6210|15613|2484|31082|4807|2021|918|1211|675|810|544|5404|1636|3105|1267|2299|1131|0|192|0|192|0|192|20874|4569|5912|1838|14962|3870|5250|2521|1748|1005|3502|2018|2874|1751|463|438|2411|1669|3828|2168|1368|875|2460|1905|6763|2417|4297|1563|2466|1372|2914|1495|1265|729|1649|1063|21561|7690|13230|4459|8331|3717|4615|2232|4556|2226|59|99|4894|2752|2380|2018|2514|1983|9529|2969|8635|2943|894|533|3383|1627|1896|1057|1487|994|0|192|0|192|0|192|17|29|17|29|0|192|6002|4811|5094|4098|908|854
04000C1US47|2360537|4674|2018445|15644|214008|11605|100695|9971|113313|9069|8232|2756|6403|2248|1829|1016|3424|2749|2515|1930|909|915|1274|993|819|697|455|395|938|578|755|461|183|235|7452|2522|6961|2505|491|347|651|659|651|659|0|230|486|395|486|395|0|230|1337|726|1337|726|0|230|612|406|511|397|101|72|3703|2772|2248|1687|1455|1472|1718|1154|1007|759|711|655|269|344|185|311|84|142|1555|902|916|545|639|659|1284|893|938|702|346|314|4429|2331|4429|2331|0|230|1992|1568|1185|959|807|733|687|744|434|489|253|300|1174|797|947|662|227|279|5757|2515|3790|1951|1967|1032|4220|1429|2987|1083|1233|663|2121|1069|1413|894|708|598|450|391|450|391|0|230|607|530|364|343|243|259|6284|1971|4013|1289|2271|998|1958|896|1184|637|774|574|5610|1582|3319|1245|2291|915|115|197|0|230|115|197|5857|1932|1557|690|4300|1541|550|577|331|364|219|279|4466|1784|2313|1256|2153|992|1845|1410|712|535|1133|1208|5037|1980|3889|1715|1148|626|767|514|509|381|258|343|18308|5904|6286|1700|12022|5321|3156|2495|3156|2495|0|230|4134|2576|1384|920|2750|1979|3808|1920|1883|1165|1925|1434|10577|5488|6563|3891|4014|3716|0|230|0|230|0|230|36|56|36|56|0|230|1204|783|953|711|251|362
04000C1US48|13000240|20568|7642514|49782|4370268|47655|2581484|37776|1788784|33205|51941|8043|39576|5632|12365|4737|4874|3197|2758|1483|2116|2069|7992|1994|6821|1789|1171|733|24261|5231|17324|3666|6937|2780|22259|3040|19468|2791|2791|1325|6379|2193|5848|2094|531|351|2511|947|1996|890|515|438|16437|3234|11174|2495|5263|1606|3587|1342|2967|1224|620|464|4803|1613|3766|1272|1037|666|5439|2151|4037|1654|1402|846|1405|796|1405|796|0|242|23052|4004|15243|2772|7809|2507|19460|4159|13962|2819|5498|2372|60078|7070|51715|6828|8363|2300|42995|7756|35315|6524|7680|2224|5322|2186|4093|1664|1229|774|15845|3321|11540|2614|4305|1416|37597|6358|28770|4933|8827|2844|22903|5597|13362|2964|9541|4112|47363|6591|38331|5905|9032|2813|22458|5156|17835|4362|4623|2096|21165|3888|16937|3135|4228|1359|106797|8823|56998|5844|49799|5517|16258|4780|11721|4237|4537|1542|33775|4165|18338|2567|15437|3225|386|290|211|217|175|209|90041|8603|41098|5574|48943|5518|2761|1377|1361|627|1400|923|9996|2472|5263|1609|4733|1559|18772|4531|9951|3121|8821|2790|41297|5244|32736|4790|8561|2124|10043|2868|7904|2351|2139|1115|59254|7972|44496|7132|14758|3460|6800|3192|6008|2662|792|961|29692|8885|16753|4130|12939|6390|51559|8194|44798|7425|6761|2874|27763|6989|15633|4747|12130|4723|123|185|123|185|0|242|2493|2434|1283|923|1210|1604|9522|3234|5888|2034|3634|2060
04000C1US51|2266146|6781|1899417|11758|165918|7345|102843|6846|63075|5715|13671|2963|10556|2679|3115|1154|3239|1515|1858|866|1381|943|4965|1456|3728|1060|1237|851|4442|1229|3458|868|984|569|6789|1391|6200|1315|589|331|816|492|733|468|83|146|1347|604|1313|600|34|50|5701|1344|3291|922|2410|1088|1704|1238|1127|805|577|577|1201|681|886|565|315|339|4250|2011|2604|1637|1646|1273|310|286|165|217|145|201|8261|2042|4097|1444|4164|2012|1801|1035|1292|712|509|540|7139|1779|6318|1562|821|668|4090|1480|3337|1281|753|521|772|605|452|341|320|377|4134|1850|3032|1423|1102|848|1766|1008|1057|653|709|632|5548|2138|4682|1974|866|454|2148|1180|1963|1083|185|219|1635|1088|1482|1008|153|199|1754|1272|1600|1255|154|289|19102|3336|12187|2835|6915|1755|4164|1277|2385|883|1779|890|6284|1852|3666|1199|2618|976|50|88|50|88|0|217|5897|1497|3260|875|2637|910|473|413|54|103|419|407|3233|1469|1318|669|1915|1053|7441|2667|3979|1404|3462|1759|24550|3941|16953|2857|7597|2142|1295|767|1049|713|246|188|13891|3049|9502|2284|4389|1474|710|628|684|608|26|42|15777|4091|8335|2387|7442|2751|5393|2126|5081|2086|312|382|1799|1110|1384|962|415|557|77|93|32|52|45|74|135|169|70|117|65|115|3057|1622|2865|1550|192|244
04000C1US53|2892731|9358|2150126|20625|271303|13636|176520|10639|94783|8092|11882|2773|10209|2418|1673|876|0|218|0|218|0|218|3633|2205|3495|2208|138|174|8039|3047|6134|2267|1905|1191|11373|2270|9596|2012|1777|949|3414|1359|3157|1275|257|335|1012|494|816|455|196|243|22384|4661|14262|3223|8122|2526|2292|1054|1706|916|586|471|4498|1929|3648|1604|850|627|21288|5235|6930|1718|14358|4354|893|753|770|661|123|145|13723|5318|5230|2366|8493|3959|2987|1099|2987|1099|0|218|24808|4561|22425|4180|2383|1162|3969|2550|2988|1964|981|886|7841|2551|3608|1279|4233|1734|3828|1593|2807|1246|1021|915|6381|2241|4691|1905|1690|799|12617|3760|9345|2937|3272|1257|10008|3172|8880|2959|1128|717|9812|3333|9076|3309|736|556|4660|1700|3785|1435|875|652|92131|6961|55587|5569|36544|3717|14961|3003|10895|2301|4066|1213|24348|3923|13105|2649|11243|2868|714|495|548|366|166|227|32545|4055|13495|2116|19050|2790|7305|2603|3388|1957|3917|1618|8530|2372|4106|1451|4424|1321|6326|2501|4058|1639|2268|1230|28355|4668|19157|3478|9198|2592|14728|3872|8003|2090|6725|2318|9601|4100|7439|3369|2162|1200|2563|1881|1820|1159|743|995|21099|5723|13442|4497|7657|2401|5852|2859|3458|1657|2394|1942|8191|2197|5569|1744|2622|969|70|135|70|135|0|218|1202|858|651|510|551|536|1439|654|1014|553|425|290
04000C1US55|1679890|4994|1414098|11911|163827|8221|94652|6697|69175|5334|3723|1243|2686|1008|1037|814|251|270|251|270|0|161|1421|649|1395|648|26|44|1111|723|569|421|542|637|5332|1343|4547|1146|785|630|442|333|201|186|241|275|882|789|882|789|0|161|2732|1214|1906|965|826|619|1187|617|1187|617|0|161|2688|1321|1430|659|1258|1128|1454|920|1222|926|232|238|0|161|0|161|0|161|1310|1627|777|889|533|760|590|416|326|292|264|320|3781|2195|3499|1994|282|313|1665|1418|1257|1065|408|406|467|409|206|164|261|288|845|742|845|742|0|161|3263|1974|1565|1012|1698|1436|1921|1040|1411|788|510|430|997|854|997|854|0|161|2638|1662|2504|1626|134|223|610|469|454|407|156|174|9549|2177|4550|1449|4999|1541|622|422|456|407|166|174|2164|1064|1446|675|718|599|21429|3550|12631|2642|8798|2047|1401|726|961|622|440|339|198|188|146|136|52|77|2598|1512|1325|937|1273|858|7943|3490|2719|1567|5224|2643|2402|1345|1453|851|949|981|869|718|822|712|47|101|3605|1550|2121|1222|1484|914|707|627|466|496|241|217|2233|1547|1439|1143|794|642|3183|1453|2818|1272|365|426|2867|1393|2462|1145|405|535|83|148|83|148|0|161|552|387|428|336|124|206|250|229|250|229|0|161
04000C2US04|2840994|7885|2213455|18209|480100|17974|326434|14998|153666|8948|7297|2774|6651|2739|646|419|202|276|202|276|0|237|2101|884|1689|731|412|370|1686|1135|1100|690|586|622|8330|1779|7022|1509|1308|510|1673|939|1560|941|113|185|242|224|181|202|61|101|1956|1124|1494|880|462|480|3729|1772|2437|1259|1292|778|683|501|550|417|133|157|1926|1374|1761|1260|165|207|307|387|0|237|307|387|2186|1455|1499|978|687|639|53|88|53|88|0|237|2390|1485|1833|1142|557|564|855|801|855|801|0|237|2933|2084|2377|1566|556|714|747|801|545|541|202|311|804|701|496|472|308|501|5747|2855|4292|2248|1455|835|585|504|585|504|0|237|2472|2055|2289|1947|183|293|1538|1873|334|371|1204|1822|9010|2276|4549|1497|4461|1608|2717|1390|1919|1276|798|540|3863|1797|2578|1495|1285|719|192|234|192|234|0|237|6843|2117|2329|984|4514|1610|962|648|376|328|586|549|1033|659|848|591|185|209|2198|1395|1388|941|810|654|16180|4802|12290|4454|3890|1388|4932|2018|4430|1970|502|409|10095|3307|6349|2209|3746|1868|1136|884|1136|884|0|237|4506|1845|2840|1125|1666|1290|3411|1910|2112|1386|1299|924|5278|3325|3844|2189|1434|1401|16661|2257|12328|2115|4333|935|6103|1583|5777|1570|326|235|1877|1247|1092|860|785|842
04000C2US06|19179922|14060|10762790|59415|5765122|51731|3552995|35720|2212127|37740|51560|5415|44155|4736|7405|1654|3164|1469|2721|1456|443|373|23353|3330|18450|2872|4903|1312|43421|4735|32424|3799|10997|2376|37873|4342|33239|3759|4634|1423|11267|2041|10153|1969|1114|565|6848|1772|6083|1694|765|392|68173|8594|39999|4448|28174|5814|11595|2046|8618|1590|2977|1080|8870|2415|6806|2068|2064|955|34700|8236|19916|5251|14784|4168|32723|6039|24040|4608|8683|2514|110934|9682|68241|7184|42693|5602|20521|3708|13912|3046|6609|1831|86175|9003|69091|7688|17084|2969|27103|5425|19547|4653|7556|2129|86859|9503|51826|6835|35033|4504|11087|2521|8236|2062|2851|1087|29850|5353|18997|4085|10853|2967|39130|5804|26784|4406|12346|2613|25100|4430|19766|3518|5334|1680|19604|3876|18137|3738|1467|632|18427|3453|13624|2778|4803|2029|606346|17966|268673|13092|337673|12506|49503|4676|30037|3590|19466|2826|134601|7942|66431|5992|68170|5059|23561|4145|14145|3391|9416|1809|253578|13552|100296|6906|153282|9706|25181|5539|10756|2747|14425|3476|32714|5356|16515|3225|16199|3139|41234|5929|22526|4018|18708|4126|403448|21307|278708|16355|124740|8997|58725|6843|39630|5797|19095|3110|121705|11135|79671|8850|42034|5821|10383|2459|9096|2464|1287|591|24616|4240|16979|3715|7637|1655|27825|5924|24656|5528|3169|1343|11365|3480|8932|2551|2433|1560|504|347|277|229|227|273|3423|1507|2956|1472|467|409|14961|3197|8995|1818|5966|2090
04000C2US08|2557682|5136|2196239|15410|231627|13434|151897|10556|79730|7266|5230|1481|4668|1450|562|358|318|264|318|264|0|224|2854|1615|2345|1118|509|582|3840|1236|3286|1168|554|451|11363|2314|10434|2104|929|648|2423|1557|2125|1496|298|492|522|400|522|400|0|224|8768|2788|5551|1798|3217|1351|1154|561|930|451|224|208|788|498|524|325|264|313|2987|1292|1896|879|1091|880|93|151|93|151|0|224|1944|1342|749|441|1195|1159|1238|784|978|617|260|288|5933|2132|5081|1901|852|539|246|228|172|132|74|127|194|181|106|117|88|117|227|183|227|183|0|224|7248|3030|5104|2452|2144|1357|4654|2312|3709|1836|945|773|3732|2385|2405|1187|1327|1555|1241|825|1103|787|138|230|19|35|19|35|0|224|12968|3051|7715|1659|5253|2053|4489|2085|2564|1273|1925|1041|5957|2226|3483|1417|2474|1174|2274|1312|1227|757|1047|686|8394|2879|4280|1678|4114|1670|1497|1386|801|776|696|634|2712|995|1021|433|1691|761|2785|1379|1701|800|1084|777|4270|1630|2852|1136|1418|1080|2693|1854|1107|605|1586|1569|3571|1531|2159|923|1412|941|1481|1191|1359|1173|122|206|1042|578|635|507|407|338|3248|2060|2820|1947|428|420|3556|2230|1506|1036|2050|2017|322|326|271|309|51|88|73|111|73|111|0|224|1468|858|1314|842|154|183
04000C2US09|2299379|3984|1851070|16680|210073|11584|128968|7740|81105|6842|16858|2398|14356|2048|2502|1016|10096|3846|6067|2569|4029|2039|14309|3289|10281|2969|4028|1206|18585|4494|13272|3418|5313|1747|6389|1763|5124|1415|1265|1012|783|458|601|329|182|178|4013|2156|2791|1463|1222|954|7599|2167|5649|1695|1950|955|20933|3604|13458|3123|7475|1879|4315|2492|2662|1778|1653|1336|7180|2487|5016|1870|2164|990|384|435|87|102|297|456|2666|1215|1974|783|692|510|8814|2242|5669|1821|3145|1041|10062|3213|7155|2336|2907|2377|5487|2078|3869|1420|1618|902|1739|1149|628|470|1111|800|2074|1065|1486|809|588|636|1844|1162|1565|1110|279|356|8160|1960|5630|1701|2530|1008|3405|1846|3206|1833|199|193|7136|2572|5966|2087|1170|759|2954|1945|2337|1551|617|467|20264|3328|9773|2008|10491|2474|2417|1316|1822|1146|595|366|3024|1269|2049|947|975|584|0|225|0|225|0|225|4704|1687|2712|1180|1992|809|1292|1162|536|572|756|806|2944|1590|921|603|2023|1347|2528|1312|1990|974|538|458|5948|1807|4777|1587|1171|616|340|302|287|232|53|92|14506|5871|6836|3568|7670|2880|2127|1279|2049|1264|78|131|641|799|389|535|252|290|4699|1463|3578|1229|1121|636|914|1101|586|705|328|447|0|225|0|225|0|225|1284|1578|1037|1540|247|400|4819|1940|4481|1974|338|253
04000C2US12|15287957|17581|10192921|46070|3805728|35440|2110536|33601|1695192|29115|80883|7173|59596|5687|21287|3400|357328|25050|203428|18676|153900|13242|34182|4395|26770|3847|7412|1499|137241|13379|92414|10531|44827|6352|41846|4667|37753|4409|4093|964|11291|2830|9822|2480|1469|842|18040|3796|13494|3159|4546|1420|64051|9035|40187|6153|23864|4371|21375|4074|13043|2814|8332|2143|7919|2137|6397|1736|1522|670|27769|5338|16248|3477|11521|2893|1506|826|1448|831|58|78|7089|2595|4495|1752|2594|1316|18433|4741|12911|3458|5522|1913|22801|4741|17346|4043|5455|1827|12298|3617|9599|2818|2699|1383|2418|1510|1674|879|744|837|12278|3816|8246|3136|4032|1772|6896|2576|5642|2171|1254|740|23558|4590|17485|3519|6073|2189|15241|3332|12855|2837|2386|1064|10950|3224|8701|2627|2249|1176|11536|2997|9239|2859|2297|963|57513|7411|29891|4575|27622|4686|8264|2154|5743|1731|2521|1094|11962|2818|7047|2185|4915|1414|1287|1260|841|899|446|674|51259|7203|23021|3906|28238|4994|4369|1809|1815|1054|2554|1426|9315|2498|4225|1347|5090|1957|13862|4247|8024|2180|5838|2530|44492|4715|32152|3811|12340|2927|9006|3692|6214|2489|2792|1464|64965|12179|45168|8179|19797|7063|16749|3217|14787|2935|1962|1066|4483|2093|3474|1782|1009|734|8720|4168|5921|2446|2799|2077|5108|2758|4056|2638|1052|814|52|78|0|247|52|78|1003|691|984|690|19|21|29970|5341|21703|4063|8267|2192
04000C2US13|6798956|10137|5538293|22435|684448|13938|395221|12191|289227|12898|34054|6140|26175|5383|7879|2632|23082|5023|15355|3862|7727|2622|2579|828|2209|784|370|315|19774|4051|14010|3039|5764|2319|12948|2426|12145|2385|803|454|3568|1588|3185|1511|383|298|1514|828|1167|729|347|285|9175|2157|5367|1481|3808|1218|2994|1591|2307|1433|687|402|5221|1545|3692|1075|1529|813|7003|2084|5288|1740|1715|712|154|252|154|252|0|232|13253|3409|8457|2517|4796|1541|25835|4690|18007|3683|7828|2261|28681|4357|23591|3899|5090|1548|11333|3408|8410|2807|2923|1398|1681|1116|1215|801|466|363|10104|2642|6641|2123|3463|1190|11994|3710|7146|2197|4848|2385|9162|2553|7109|2263|2053|1006|18513|4200|15420|3610|3093|1567|14319|4060|13229|3979|1090|1056|9280|2994|8522|2902|758|500|49088|5374|25382|4109|23706|3634|6049|1833|4028|1504|2021|957|49202|7185|23262|4149|25940|4485|1944|997|1314|824|630|433|47991|5959|17019|3332|30972|4596|5861|2365|3325|1665|2536|1140|4888|1608|2769|1028|2119|922|13173|4380|8536|3097|4637|1694|12883|2375|9712|2110|3171|883|3671|1995|2248|1674|1423|906|12879|4872|10650|4316|2229|1029|5447|2413|4901|2142|546|583|27346|7099|18644|5961|8702|2644|30616|4839|27633|4501|2983|1218|16999|5835|7716|3103|9283|4304|0|232|0|232|0|232|672|424|462|365|210|231|11285|3301|9800|2948|1485|804
04000C2US17|6595799|12711|4968823|25657|898159|20721|567782|16488|330377|11950|13434|3189|10003|2609|3431|1386|2278|1552|1683|1325|595|489|16292|2625|12266|2289|4026|1166|4481|1409|3972|1320|509|370|16776|2660|14570|2328|2206|861|1983|698|1527|573|456|378|15809|3844|12416|3400|3393|1055|32575|5255|18505|3927|14070|2854|115832|11058|67450|7247|48382|5069|17970|3899|11797|3021|6173|1895|43144|7106|19682|3814|23462|5135|980|941|570|731|410|518|3592|1461|3006|1325|586|373|31207|4807|17435|3304|13772|3510|26949|5046|22981|4312|3968|1561|33822|5801|26376|4863|7446|1832|5324|2112|3768|1434|1556|844|5118|2114|3213|1445|1905|1405|7149|2581|5981|2353|1168|612|37669|6541|25055|5169|12614|2587|17315|3975|15170|3936|2145|938|7179|2248|5752|1744|1427|1155|12462|3215|9602|2505|2860|1165|31626|4079|20545|3243|11081|2118|6774|2360|4291|1883|2483|1131|33358|5589|15312|3255|18046|3222|181|185|181|185|0|208|12508|4459|5080|1943|7428|2772|1408|838|779|594|629|523|5842|2078|3375|1537|2467|1171|13049|3655|6945|2401|6104|1884|50662|5875|38484|4625|12178|2478|5187|2231|3608|1828|1579|683|56718|9078|38808|6567|17910|4457|2596|1421|2351|1273|245|245|10818|3762|6420|2354|4398|1819|19186|5659|14895|4253|4291|1800|3529|1771|2388|1273|1141|1004|116|133|71|108|45|75|108|82|108|82|0|208|5811|2541|4137|1873|1674|1018
04000C2US18|3014935|13360|2744768|16277|137377|8770|91888|7693|45489|4771|4630|1691|3238|1058|1392|1100|3587|2754|1510|1237|2077|1668|1250|543|825|378|425|335|1654|866|1386|809|268|243|15112|4920|13349|4856|1763|802|9594|2474|6864|2277|2730|1043|2554|1004|2043|858|511|391|1952|966|1542|773|410|307|5220|2852|3529|1766|1691|1372|3443|1234|2117|905|1326|711|2791|1045|2104|872|687|546|420|502|259|307|161|226|1613|1586|1589|1581|24|40|2955|1207|1711|871|1244|622|5982|2090|4005|1489|1977|1382|1822|1257|1561|1096|261|268|5051|2279|2505|1563|2546|1699|331|340|294|302|37|65|1297|846|797|671|500|386|4480|2708|1884|886|2596|2570|4835|1996|4598|1959|237|319|2426|1724|1667|1401|759|745|605|543|577|538|28|51|10313|2563|4821|1495|5492|1863|1028|626|468|365|560|535|2676|950|1431|688|1245|587|80|136|0|211|80|136|4490|1716|1467|1074|3023|1256|108|195|108|195|0|211|1011|925|244|245|767|908|2839|1368|1970|1000|869|576|5593|1806|3831|1341|1762|1204|2594|1626|1852|1306|742|416|7439|3453|5285|2466|2154|1541|202|215|202|215|0|211|874|644|389|350|485|623|8095|3582|5409|2285|2686|1667|879|621|600|501|279|377|0|211|0|211|0|211|0|211|0|211|0|211|965|601|880|583|85|136
04000C2US24|4543445|12684|3524783|23404|484987|11698|257338|11502|227649|11575|42867|7714|32289|6410|10578|2522|12748|3987|9340|3600|3408|1505|4643|1156|3643|1027|1000|488|12081|3354|7589|2313|4492|1854|11430|3105|10344|2889|1086|551|2895|1039|2157|791|738|498|4894|1654|4185|1506|709|446|13900|3325|8711|2263|5189|1719|3003|931|2038|731|965|569|1454|1275|539|439|915|931|6648|2681|4593|2008|2055|1207|259|172|210|153|49|83|11585|3498|7631|2895|3954|1398|8888|3700|6811|3268|2077|948|17865|3418|14298|3130|3567|1300|15781|4008|10328|2432|5453|2370|5453|2077|4188|1733|1265|673|13722|4371|8548|2700|5174|2190|10067|2756|7835|2329|2232|910|9108|3144|5183|1935|3925|1922|9084|3244|8165|3017|919|572|7144|2100|6309|2033|835|487|3398|1340|2795|1090|603|445|51553|5832|28298|3719|23255|3466|4564|1411|2570|988|1994|917|26701|4362|14197|2504|12504|2801|194|313|194|313|0|228|17539|3753|8462|2223|9077|2408|1601|859|728|536|873|543|3536|1016|2148|732|1388|516|7903|3137|5088|2125|2815|1150|36055|5933|24292|4669|11763|3075|5914|1851|3931|1517|1983|895|14729|3896|10118|3159|4611|1732|3424|1574|3268|1575|156|149|39754|6426|27863|5489|11891|2367|64166|9017|54492|7812|9674|2899|12244|4232|9648|3266|2596|1575|0|228|0|228|0|228|733|640|614|561|119|194|14148|4513|9698|3173|4450|2716
04000C2US25|5202221|4711|3982278|22701|450263|12900|255997|11082|194266|10308|35657|4235|28227|3400|7430|1681|54388|6848|30121|4687|24267|4285|13903|2163|10931|1882|2972|939|201246|13830|103933|9862|97313|8370|8924|1917|8686|1913|238|189|2654|1375|2375|1332|279|253|14444|3225|10190|2463|4254|1869|26197|4058|16701|3275|9496|2271|9433|2272|6698|2053|2735|861|3238|1204|2225|998|1013|571|5042|1646|2886|1219|2156|999|3337|1262|2261|880|1076|795|6656|2231|5512|1822|1144|665|9263|3015|6983|2516|2280|1044|27893|4317|25205|4103|2688|931|5995|2802|4701|2302|1294|880|2485|1316|2003|1200|482|413|9903|3300|6983|2409|2920|1527|15076|2973|10515|2223|4561|1303|23230|5690|13992|3583|9238|2858|10938|3549|8823|2741|2115|2069|7314|2332|6512|2075|802|537|5041|1631|4503|1523|538|417|102028|8027|55683|5198|46345|5683|5290|1828|3058|1111|2232|1041|13881|2545|7595|1596|6286|1741|1072|986|530|461|542|564|25434|4639|12018|2567|13416|3230|18698|3228|9082|2038|9616|2094|7505|2097|2470|1059|5035|1728|8896|3238|5207|2307|3689|2097|6937|1666|4378|1095|2559|1153|4031|2654|2768|2140|1263|1123|35469|5427|25070|4277|10399|2538|5283|1770|4697|1617|586|368|2754|1368|2035|1067|719|560|9785|3121|7543|2489|2242|1111|13378|3453|10396|3096|2982|1352|0|228|0|228|0|228|387|317|264|254|123|169|6595|2100|5352|1918|1243|684
04000C2US26|5651072|7710|5088731|17764|153084|8824|100182|6742|52902|5255|10922|2574|8912|2045|2010|1157|551|520|529|518|22|44|9724|1976|6814|1616|2910|878|7363|1988|5771|1890|1592|587|17710|3181|13961|2702|3749|1278|6014|2250|3953|1644|2061|966|4616|1956|3626|1657|990|489|6355|1610|3830|1167|2525|867|9674|3058|6414|2509|3260|1358|7414|2784|5107|1966|2307|1216|13596|4761|9108|3292|4488|2181|1155|797|985|581|170|274|2969|1358|1889|803|1080|1093|8263|3163|5286|1963|2977|1491|12296|3064|9571|2403|2725|1484|7719|2722|6555|2619|1164|707|6571|2350|4130|1985|2441|1209|13496|3555|7409|2424|6087|2533|5021|1902|3920|1482|1101|667|31882|5094|22724|4162|9158|2093|11017|3812|8535|2968|2482|1751|5896|2522|5567|2501|329|291|4725|1783|3906|1582|819|536|23195|3645|14108|2840|9087|1932|4602|1092|2922|887|1680|617|12257|2988|6839|2361|5418|1470|1452|884|634|543|818|570|9929|3198|5272|1851|4657|1988|2523|1511|636|483|1887|1427|4781|1953|2981|1432|1800|1018|1700|696|975|501|725|430|9972|2314|6993|1708|2979|1254|1907|1087|1521|860|386|345|95276|9324|56657|6724|38619|5763|1138|702|1063|646|75|126|22524|5514|14274|4288|8250|1986|4551|1961|3776|1741|775|467|4478|1944|2078|1320|2400|1329|0|187|0|187|0|187|446|249|433|255|13|23|3577|1454|2688|1299|889|576
04000C2US27|2776638|4855|2435565|15833|114585|9275|68040|7225|46545|5248|8184|2188|5641|1808|2543|949|1109|1061|3|7|1106|1060|853|365|664|320|189|186|1468|629|995|465|473|360|6552|1427|4288|944|2264|1000|1011|573|781|427|230|231|321|294|321|294|0|157|9797|2353|6091|1912|3706|1378|1173|514|1103|515|70|56|2361|1504|1678|923|683|671|4285|1922|1905|887|2380|1546|118|195|118|195|0|157|927|600|669|454|258|234|2079|1354|1365|937|714|506|5061|1704|4605|1693|456|309|1762|942|1614|911|148|140|570|661|241|321|329|388|2435|1362|1940|1194|495|351|2783|916|2244|773|539|401|4098|1215|2574|888|1524|756|2466|1492|2240|1326|226|267|2113|1187|1698|1077|415|439|1431|837|1239|709|192|228|11876|2274|5115|1292|6761|1800|1176|855|619|326|557|730|2468|967|980|455|1488|664|40126|4862|27542|4361|12584|2043|9921|2728|5352|2058|4569|1298|3159|1199|1150|587|2009|877|4179|1875|2875|1487|1304|813|6891|2517|2932|1430|3959|1924|6312|1979|3653|1273|2659|1457|1421|855|1120|759|301|248|8595|3551|5956|2682|2639|1251|323|359|323|359|0|157|35719|6509|18940|4274|16779|3729|16353|4410|11297|3343|5056|2297|10996|2966|7347|2272|3649|1478|118|175|105|171|13|32|1866|760|1756|748|110|94|2032|1127|1623|955|409|512
04000C2US29|3166668|6337|2948028|14475|80652|9039|50913|6436|29739|4636|5971|1698|4457|1346|1514|879|939|1150|89|144|850|1152|1475|1081|1342|1072|133|116|2505|1164|1784|925|721|557|10062|3068|7339|1841|2723|1724|5092|2365|2915|1376|2177|1603|688|689|249|232|439|578|5942|1789|3563|1458|2379|830|693|382|485|344|208|163|14050|4096|9269|3059|4781|1419|3321|1909|2266|1374|1055|1290|171|281|0|198|171|281|1400|876|675|522|725|595|3289|1856|1964|1126|1325|931|6185|2958|5801|2972|384|278|2877|1186|2072|851|805|553|526|497|347|310|179|215|2424|1645|1567|1068|857|840|1408|937|997|790|411|387|3608|1809|2306|1209|1302|1004|4869|1708|3190|1199|1679|836|1827|1032|1682|956|145|172|584|491|501|473|83|136|14928|2983|7620|1734|7308|2211|1733|1064|1109|822|624|488|5411|1453|3583|1196|1828|762|260|431|174|284|86|150|8150|2733|3891|1350|4259|1814|86|145|0|198|86|145|1369|978|617|481|752|708|3419|1973|1847|1084|1572|1184|6167|1612|4297|1240|1870|884|1838|1144|1266|793|572|537|7017|3044|4543|2041|2474|1305|628|568|559|546|69|110|656|490|391|319|265|214|3272|1566|3072|1594|200|199|1553|798|985|528|568|606|0|198|0|198|0|198|250|295|232|293|18|55|1345|904|1249|876|96|105
04000C2US32|1124010|14562|739613|18145|232533|12617|134974|7978|97559|8762|1444|742|1282|684|162|190|0|236|0|236|0|236|1456|1221|1284|1212|172|176|8611|5135|5910|3969|2701|2176|2550|1089|2262|1039|288|254|446|354|446|354|0|236|501|452|348|383|153|243|2402|1427|1211|756|1191|1149|1006|674|629|355|377|410|1257|856|1012|723|245|291|1359|952|727|551|632|490|1150|1112|916|1100|234|285|1993|1392|1680|1358|313|213|680|970|330|469|350|503|3530|2076|3530|2076|0|236|805|935|480|491|325|480|357|479|145|248|212|255|213|337|177|280|36|60|2042|2434|1484|1740|558|712|1939|1166|1276|744|663|544|1380|1563|663|629|717|1020|132|220|132|220|0|236|912|1272|912|1272|0|236|24915|5594|9124|1914|15791|4958|2679|1368|1975|1163|704|393|4823|1726|3171|1288|1652|848|600|777|213|291|387|499|6636|2684|2898|1407|3738|1787|107|131|60|109|47|79|3644|1795|1286|924|2358|1229|1170|1310|105|125|1065|1304|49784|6426|37372|5947|12412|2560|5041|2228|3201|1573|1840|1341|1345|855|1112|647|233|384|1128|891|1128|891|0|236|8986|2871|6504|2412|2482|1206|1131|1171|1058|1155|73|134|2410|1616|1818|1400|592|563|126|196|126|196|0|236|201|180|148|167|53|82|973|835|842|781|131|177
04000C2US34|7989225|9078|5384450|29167|1319804|20340|704535|19970|615269|16569|32718|5259|23993|3977|8725|2971|50720|9340|29377|7254|21343|4974|47723|4816|36142|4291|11581|2030|75233|7453|47014|4724|28219|4067|19191|3181|16882|2900|2309|936|7842|3016|5610|1897|2232|1565|22648|4755|18371|3938|4277|1486|44386|4918|28076|3936|16310|2706|59980|7799|33198|4893|26782|4278|10105|3060|7147|2494|2958|1002|24593|4620|15814|3136|8779|2328|5699|2813|3572|1656|2127|1440|6368|1802|3523|1133|2845|1176|74097|7676|45781|5090|28316|4154|85715|6980|71197|5869|14518|2928|36677|6142|27980|4825|8697|2081|19520|5011|11606|2842|7914|3230|25543|5048|15903|3629|9640|2404|26805|4557|23500|4344|3305|1321|28375|5841|19441|3922|8934|2754|44589|6430|37753|5901|6836|1740|22496|3780|20355|3614|2141|752|18634|3394|14254|2696|4380|1540|114395|8598|63310|5684|51085|5754|12140|2774|8187|2703|3953|1194|75574|7033|34651|4626|40923|4418|0|226|0|226|0|226|14076|3645|5393|1505|8683|2676|1448|1171|653|596|795|968|2483|1017|1504|680|979|649|31341|5240|20582|3960|10759|2300|71256|7394|50880|5575|20376|3466|9101|3882|6406|2380|2695|1677|74719|8953|50220|7116|24499|4306|18883|4113|17362|3975|1521|674|4276|2595|3139|2248|1137|622|42883|7629|36308|7092|6575|1954|3501|1370|3243|1306|258|331|0|226|0|226|0|226|938|569|938|569|0|226|18300|3601|13367|2919|4933|1383
04000C2US36|8189518|7055|6501340|26899|861156|16005|483623|14415|377533|12122|30970|4343|23027|3344|7943|2537|57378|8749|31599|5654|25779|5033|53818|5398|40891|4259|12927|2593|20085|3801|15172|3002|4913|1443|20779|2673|18525|2675|2254|821|63451|7513|29461|3982|33990|5616|21884|4307|16768|3590|5116|1498|29348|4531|20049|3750|9299|1869|19469|3443|12375|2733|7094|1814|10424|2948|7389|2347|3035|1280|19638|5810|11294|4656|8344|2379|2340|1188|1720|1042|620|466|11699|2699|8090|2244|3609|1267|7258|1877|5177|1438|2081|875|28064|4857|20886|3427|7178|2157|37192|6333|25326|5140|11866|2374|14614|4298|9318|2740|5296|1975|22774|4536|14297|3112|8477|2456|11002|3248|6323|2462|4679|1854|26161|5255|18878|4175|7283|2204|6671|2116|5388|1857|1283|601|7023|2934|5138|1889|1885|1318|23204|4739|15585|2885|7619|2416|104519|7512|54630|4829|49889|4902|10709|2014|5348|1207|5361|1464|24220|4033|11504|2363|12716|2759|206|337|206|337|0|220|7688|2220|3649|1188|4039|1352|1315|759|519|386|796|556|2729|985|1235|561|1494|679|14668|3267|8637|2535|6031|1707|26584|4139|19782|3045|6802|1773|3252|1038|2523|837|729|511|31898|5812|20911|3879|10987|2788|15247|3559|13262|3373|1985|803|2974|1461|1677|819|1297|1205|17871|5105|13322|3581|4549|2007|4784|2041|3653|1769|1131|606|102|103|102|103|0|220|772|488|760|487|12|20|12238|2973|8638|2356|3600|1529
04000C2US37|4762835|9229|4172359|22905|394482|17066|239927|14004|154555|9927|7736|1898|6469|1633|1267|961|4355|2896|1615|1221|2740|1990|5013|1735|4104|1649|909|472|6091|1984|4654|1707|1437|723|10533|1872|9343|1680|1190|548|857|472|791|462|66|106|1345|726|999|591|346|296|9281|2783|5834|1751|3447|1774|1707|883|1208|580|499|435|913|645|810|610|103|127|4251|1978|3117|1592|1134|742|135|227|135|227|0|226|1542|993|938|652|604|470|6512|2267|5630|1960|882|543|11987|3489|10366|2876|1621|901|3046|1325|2452|1178|594|496|762|577|525|456|237|297|2014|1294|1751|1153|263|322|5994|2617|4330|1882|1664|1225|6143|2600|4661|1996|1482|1143|13432|3867|10844|3050|2588|1441|7239|3202|6633|2996|606|535|5913|3045|5524|3013|389|341|11681|2809|6506|1589|5175|1778|4047|1573|2484|1047|1563|1067|6511|1992|4301|1504|2210|1016|8348|2448|5404|2222|2944|1869|7499|2073|4324|1387|3175|1091|792|643|405|512|387|344|2453|871|823|437|1630|774|3902|1895|2701|1554|1201|929|6001|1652|4610|1410|1391|691|2617|1479|1781|1151|836|591|8126|3134|5338|2178|2788|1319|986|790|903|780|83|135|4807|3151|3940|2653|867|782|4518|2128|3804|1954|714|571|3318|1569|1920|1095|1398|873|0|226|0|226|0|226|544|470|460|452|84|106|3043|1054|2606|950|437|434
04000C2US39|6698404|7443|6162374|19384|154391|9392|96577|7946|57814|6491|19603|4217|13518|2761|6085|2743|4945|3095|3069|1944|1876|1606|8445|2010|6714|1734|1731|715|5854|1620|4802|1366|1052|595|28075|5794|21328|3392|6747|4409|24908|5067|15152|3420|9756|3135|4571|1597|3230|1325|1341|609|12070|2419|6774|1620|5296|1335|4525|1372|3838|1298|687|415|8114|2659|5725|2288|2389|884|20288|5549|8265|2726|12023|3942|876|654|692|615|184|221|7287|2708|5284|1996|2003|1012|12044|3796|9771|3379|2273|1251|15073|3180|13240|2931|1833|870|4415|2009|3573|1682|842|590|4266|1921|2920|1303|1346|961|3444|1650|2719|1507|725|542|22588|6319|10797|2996|11791|4242|11818|2851|8898|2187|2920|1325|11537|3164|9495|2690|2042|970|5662|2540|4846|2298|816|584|2753|1517|1994|1051|759|689|29491|4746|17159|2964|12332|2841|7988|2882|4003|1506|3985|1894|8996|1829|5049|1416|3947|1291|21|39|21|39|0|211|9341|2743|3408|1264|5933|2108|1713|876|556|385|1157|718|2606|1194|1364|801|1242|829|6404|2416|3859|2256|2545|1524|8210|1900|6205|1610|2005|672|1551|674|1002|617|549|239|31642|6231|21234|5050|10408|2675|1569|762|1569|762|0|211|5779|2290|3965|1806|1814|977|12881|3862|10731|3441|2150|1196|6596|2421|5871|2292|725|421|73|85|73|85|0|211|263|240|227|233|36|61|3354|973|2597|856|757|486
04000C2US40|1438253|4194|1317341|8356|73624|6435|49747|4874|23877|3160|2007|878|1641|795|366|426|0|168|0|168|0|168|643|397|534|373|109|152|994|799|832|622|162|254|3136|1545|2866|1545|270|173|550|367|457|282|93|152|234|356|234|356|0|168|1506|705|922|526|584|351|534|331|261|231|273|261|265|223|227|193|38|64|1651|1441|757|639|894|938|0|168|0|168|0|168|893|660|893|660|0|168|162|258|0|168|162|258|1028|691|968|687|60|97|932|609|696|448|236|196|75|96|75|96|0|168|718|653|245|259|473|526|1116|769|895|716|221|243|305|304|305|304|0|168|1270|1655|1270|1655|0|168|149|199|114|188|35|71|556|422|350|282|206|215|3166|1051|2228|868|938|443|713|303|513|300|200|156|1351|819|840|570|511|433|5647|1617|3045|975|2602|1307|3056|1119|1302|585|1754|807|40|62|40|62|0|168|707|512|456|407|251|227|1173|1022|493|491|680|579|2150|727|1279|561|871|416|1765|877|1413|791|352|224|1205|592|803|383|402|401|701|982|701|982|0|168|282|290|282|290|0|168|925|818|925|818|0|168|126|159|126|159|0|168|404|371|277|319|127|202|4403|1020|4180|994|223|203|750|775|682|676|68|119
04000C2US41|1868463|3985|1587313|13452|161815|10961|101261|8688|60554|5566|4368|1081|3744|1007|624|353|0|220|0|220|0|220|140|124|140|124|0|220|1749|937|1332|859|417|290|5694|1614|5154|1605|540|413|1588|932|1588|932|0|220|482|346|482|346|0|220|10885|3800|6521|3130|4364|1712|741|552|665|534|76|92|1281|1221|1163|1200|118|138|7943|3275|3838|1850|4105|2178|0|220|0|220|0|220|2139|1032|1012|604|1127|707|1544|1124|1493|1097|51|81|3729|1619|3500|1509|229|232|1243|1041|1021|906|222|281|1070|1361|1070|1361|0|220|3238|2392|2944|2329|294|343|1937|1192|1561|1040|376|382|7814|2978|5601|2468|2213|1446|3131|2026|1595|773|1536|1569|706|596|615|561|91|153|962|723|962|723|0|220|9842|3297|5272|1877|4570|1923|5100|1865|3261|1330|1839|1063|7796|2271|3835|1637|3961|1351|4382|2141|2237|1261|2145|1293|5592|1604|3573|1277|2019|876|887|708|390|346|497|488|2669|1184|1679|906|990|917|2381|1785|1478|1041|903|836|5114|1787|3394|1369|1720|835|3406|1355|2294|1003|1112|624|4031|1650|2606|1194|1425|775|1021|688|965|701|56|95|1099|601|850|525|249|246|234|217|197|208|37|65|986|721|457|383|529|576|78|164|0|220|78|164|784|495|714|426|70|141|1549|873|1267|719|282|237
04000C2US42|8117655|8499|7272295|20535|312414|12086|193273|10509|119141|7807|16524|3153|12563|2422|3961|1565|7005|2382|3777|1634|3228|1193|19462|2576|14959|2147|4503|1372|11012|2434|8231|1858|2781|1237|29204|3669|23631|3288|5573|1459|46273|6260|32414|4847|13859|3265|8932|1883|7180|1670|1752|751|26510|4940|15911|3252|10599|3276|11958|3416|9172|3058|2786|983|5199|1412|4067|1340|1132|447|15809|4185|9095|2898|6714|1889|2114|958|1600|871|514|388|7828|2742|4550|1642|3278|1557|15755|2896|9772|2039|5983|1643|20020|3074|16066|2848|3954|1179|15842|3967|13254|3694|2588|1003|6390|2495|3217|1410|3173|1347|9588|2939|4725|2099|4863|1744|27854|5722|15070|3501|12784|2942|12174|3180|8207|2307|3967|1537|20990|4386|17545|3889|3445|1321|9771|2651|8920|2496|851|611|11070|2641|9316|2479|1754|779|46295|5601|27281|3423|19014|3182|3757|965|2549|732|1208|575|18672|3357|8264|2201|10408|2129|387|382|323|366|64|86|22170|4005|9805|2374|12365|2519|3537|1470|1429|826|2108|1070|2332|1426|1249|981|1083|611|6247|2340|3174|1073|3073|1805|11980|2612|9709|2375|2271|868|2886|1603|1633|976|1253|1087|24479|5087|15448|3384|9031|2730|3081|1068|2651|967|430|258|2358|1136|1519|735|839|576|14631|4003|11333|3366|3298|2056|6932|2433|4898|1760|2034|1430|0|192|0|192|0|192|108|111|103|111|5|9|5810|1616|4005|1392|1805|729
04000C2US45|3554027|8478|3218635|16241|200065|9988|112193|8390|87872|8687|11796|2893|10727|2697|1069|589|935|912|550|485|385|648|4457|1983|3339|1660|1118|993|7946|2829|6410|2400|1536|1042|9391|2016|8166|1907|1225|636|739|406|653|400|86|110|3229|2362|1692|942|1537|1671|12096|3544|7500|2535|4596|2135|1587|769|1343|709|244|300|193|189|193|189|0|229|5677|2428|2644|1223|3033|1914|265|399|109|144|156|255|1764|1096|1065|681|699|690|8939|2804|6040|1840|2899|1367|2869|1442|2610|1333|259|235|1160|897|973|732|187|277|0|229|0|229|0|229|0|229|0|229|0|229|1934|1247|1364|843|570|590|3467|2033|2329|1564|1138|813|1991|909|1608|795|383|365|2938|1346|1629|924|1309|1100|1567|1303|1443|1333|124|234|9202|2644|5168|1580|4034|1609|1932|914|1387|731|545|412|3067|1408|2290|1260|777|624|1813|962|1244|868|569|463|6302|2503|3090|1543|3212|1371|399|366|190|174|209|232|1702|916|399|385|1303|699|1108|1043|742|583|366|566|7312|1621|4738|1321|2574|1057|1255|726|1170|722|85|109|6714|2978|4233|2051|2481|1661|965|845|965|845|0|229|833|1135|292|422|541|726|3146|1496|2428|1148|718|742|1228|1365|1228|1365|0|229|0|229|0|229|0|229|1041|1079|1041|1079|0|229|2368|1653|2368|1653|0|229
04000C2US47|3007042|6052|2781682|15709|131323|9027|78137|6933|53186|5456|6219|3856|5523|3432|696|521|126|120|73|85|53|88|1600|792|1456|777|144|200|2913|1324|2619|1320|294|296|3542|914|3200|936|342|248|2879|1728|2549|1567|330|364|133|161|133|161|0|230|1636|786|925|575|711|517|1230|667|1010|599|220|240|904|714|802|624|102|149|2010|1522|1640|1357|370|419|297|501|297|501|0|230|1373|869|990|724|383|317|3934|1411|3026|1216|908|571|4084|1935|3730|1843|354|322|1595|1017|1214|853|381|360|1570|1909|1095|1326|475|600|472|543|354|478|118|166|2049|1658|1959|1651|90|141|1991|997|1495|868|496|362|2253|1186|1882|1078|371|241|1127|795|884|564|243|362|447|443|399|440|48|76|8993|2320|5065|1551|3928|1758|1711|863|1350|874|361|332|4972|2036|2422|1088|2550|1200|0|230|0|230|0|230|5476|2043|2761|1434|2715|1209|360|431|154|205|206|332|1422|1233|403|384|1019|1141|1733|1489|772|599|961|947|6135|1850|4809|1762|1326|579|975|868|528|571|447|535|11487|5015|5915|2377|5572|4059|156|152|156|152|0|230|806|820|574|591|232|276|1072|935|735|858|337|359|1999|1163|1376|853|623|709|0|230|0|230|0|230|123|129|45|80|78|111|2233|1960|1596|1472|637|641
04000C2US48|13516356|23804|9081361|48063|3269860|45633|2053302|35710|1216558|29229|35877|6205|29149|5229|6728|2145|3538|1873|2696|1641|842|742|4146|1576|2664|862|1482|1099|26929|5106|22080|4846|4849|1935|25047|3876|21617|3209|3430|1482|8185|2903|6873|2566|1312|1348|1830|907|1537|853|293|277|17830|3975|11892|2842|5938|2184|5825|1651|4679|1325|1146|650|5004|2143|4136|1801|868|783|6396|2068|5331|1817|1065|554|1682|1136|1450|1102|232|271|19306|4114|12518|3071|6788|2245|27762|5011|21195|4214|6567|1724|69207|11113|60990|10527|8217|2393|63567|9340|47033|7062|16534|4292|8021|3536|6447|2992|1574|927|14605|3825|8387|2201|6218|2509|30480|5928|21579|4076|8901|2813|16646|4476|12329|3436|4317|2304|78079|9743|65208|8190|12871|3827|31275|6994|27197|6371|4078|1667|47177|7750|36579|6450|10598|2322|95094|9107|54780|6090|40314|5063|9298|2504|6420|2084|2878|1048|42155|7361|22085|5057|20070|3604|1071|595|631|363|440|445|162310|13980|70491|7297|91819|9814|9164|3086|3227|1239|5937|2317|12325|2886|4614|1392|7711|2388|18795|5306|9240|2829|9555|3565|62123|7556|45194|6600|16929|3018|16617|3722|11787|3086|4830|1648|65629|12077|50254|10273|15375|3360|3231|1515|2600|1115|631|666|13517|3794|10838|3152|2679|1351|67340|10276|58485|9002|8855|2679|27082|8932|19798|6798|7284|3616|449|482|336|415|113|184|1794|1089|1262|745|532|482|8727|3579|6659|2620|2068|1490
04000C2US49|2101472|3959|1759909|14659|236183|13124|141247|10015|94936|8637|4671|1178|3747|1044|924|661|209|278|127|222|82|97|2739|1246|2534|1210|205|204|10595|2481|8401|2331|2194|947|4247|1299|3432|1140|815|576|595|301|548|291|47|77|497|367|265|225|232|228|3667|1434|2137|932|1530|963|358|264|358|264|0|210|1863|878|1415|774|448|413|2053|1541|1646|1518|407|368|267|337|267|337|0|210|1495|1247|785|579|710|762|1144|1147|1071|1057|73|116|1226|1179|1226|1179|0|210|2299|1861|1421|1176|878|759|595|683|544|619|51|94|0|210|0|210|0|210|1886|2036|905|959|981|1177|1769|990|1334|765|435|451|1926|1045|1409|873|517|574|888|801|733|708|155|193|338|417|338|417|0|210|14322|3185|8132|2200|6190|1877|3870|1482|3037|1217|833|504|3209|1727|2549|1508|660|522|297|306|214|257|83|143|6248|2157|3495|1405|2753|1105|835|572|505|403|330|275|3618|1325|1688|765|1930|820|1634|1184|749|755|885|670|5361|1879|3942|1241|1419|1078|9484|2638|6128|1787|3356|1568|4449|2260|2536|1470|1913|1243|141|250|0|210|141|250|718|860|506|542|212|339|1129|1293|971|1247|158|269|2082|1483|835|745|1247|895|1206|712|1049|718|157|154|209|260|198|261|11|18|1241|619|1127|565|114|137
04000C2US51|5052598|10321|3950753|21346|484762|10128|277302|9718|207460|11668|20685|3357|16560|2984|4125|1437|5766|2356|4357|1931|1409|1025|5461|1999|4346|1553|1115|668|11507|2344|8241|1744|3266|1714|12893|2455|11745|2330|1148|530|3511|1423|2974|1207|537|461|1914|641|1591|574|323|275|13472|3340|9491|2336|3981|1653|1769|807|1232|605|537|422|3548|1689|1876|701|1672|1218|6977|2211|5331|1823|1646|830|487|459|346|302|141|235|30162|4936|18843|3310|11319|2770|10855|2919|8082|2219|2773|1136|30316|5802|26032|5093|4284|1431|32250|5616|26141|5098|6109|1543|11526|4828|9055|3745|2471|1433|19326|4724|11289|2657|8037|2812|20379|4462|12907|3148|7472|2248|16274|3436|11732|2652|4542|1438|21923|4170|19038|3751|2885|1114|10148|2662|8845|2426|1303|652|5419|1843|4834|1682|585|388|42433|4780|27127|3732|15306|2393|4999|1338|3484|986|1515|690|53896|6812|26441|3746|27455|4152|0|217|0|217|0|217|51891|7176|23252|4341|28639|3884|2930|1573|1010|720|1920|1128|6588|2173|2950|1204|3638|1331|13572|3591|8477|2159|5095|2066|24031|3904|19345|3186|4686|1566|3659|988|2446|700|1213|587|51359|8670|39226|6578|12133|3014|803|506|647|396|156|256|30120|5708|20411|4354|9709|2206|20624|3643|17178|3133|3446|1199|5585|1889|4710|1797|875|710|59|77|59|77|0|217|385|489|308|368|77|129|7581|3784|7009|3749|572|367
04000C2US53|3870049|10028|3035396|23036|335713|14868|205758|11241|129955|9991|13761|3517|9595|2474|4166|1880|731|536|269|246|462|445|2124|910|1938|910|186|187|7382|3264|4036|2047|3346|2035|9571|1857|8907|1892|664|497|2333|1069|2099|1069|234|226|1862|811|1747|787|115|168|35106|6403|21586|4430|13520|2829|2319|1162|1825|1073|494|362|3858|2140|2325|1691|1533|981|20863|4911|10695|3154|10168|2476|1030|502|395|281|635|402|8763|2895|6015|2049|2748|1315|3517|1749|2847|1510|670|466|20308|3447|17775|3102|2533|905|5633|2252|4979|2043|654|427|14359|3808|8064|2465|6295|1953|2463|1372|1847|1089|616|779|5919|2092|5198|2003|721|507|11337|3007|8532|2313|2805|1102|14650|3981|11547|3040|3103|1527|8503|2897|7534|2802|969|463|6328|2751|5525|2111|803|901|66503|7263|36044|4454|30459|4228|12055|2405|8376|1772|3679|1234|33197|4896|15222|3066|17975|2971|702|505|551|455|151|177|40303|7529|17671|3478|22632|4970|8405|2829|4253|1677|4152|1473|6883|2446|3898|1728|2985|1156|6252|2396|3501|1540|2751|1432|38531|5641|26756|4419|11775|2833|19818|4980|15486|4494|4332|1633|18148|5237|13111|4341|5037|1755|1148|923|1003|817|145|169|18842|4508|11179|3509|7663|2145|8994|3554|7226|3130|1768|1348|8184|2338|5581|1963|2603|1184|53|80|6|10|47|79|1990|891|1838|862|152|231|6212|2660|5142|2132|1070|840
04000C2US55|2534400|4875|2342671|12742|85112|8039|56423|6961|28689|4103|3592|1135|3300|1139|292|252|160|223|52|100|108|143|1948|858|1601|720|347|374|1166|766|826|525|340|354|10713|1987|8242|1528|2471|870|3253|992|1906|720|1347|659|1053|567|1016|555|37|44|3358|1402|2098|1125|1260|701|2055|994|1748|950|307|207|2086|1329|1491|946|595|528|2822|1551|1492|927|1330|1132|95|151|95|151|0|161|389|253|346|241|43|69|1847|1368|1184|917|663|569|4266|1601|3741|1496|525|417|1798|950|1531|855|267|284|1234|1103|852|798|382|491|1233|960|1035|717|198|320|3025|1678|2597|1314|428|511|6996|2350|4587|1433|2409|1243|1767|1341|1567|1308|200|262|2791|1316|2320|1159|471|433|939|714|741|594|198|228|7242|1929|5015|1714|2227|923|1708|1348|459|337|1249|1236|2091|1014|1971|974|120|180|11995|2305|8388|1787|3607|1042|2079|1095|1019|698|1060|650|163|236|101|140|62|104|1303|870|1045|858|258|199|2483|1343|1340|894|1143|868|4924|1254|3754|1161|1170|635|956|566|924|556|32|53|7337|3229|5708|2647|1629|902|196|171|185|176|11|20|1620|1462|1006|1048|614|626|911|770|549|486|362|365|594|431|351|320|243|384|0|161|0|161|0|161|1823|1834|1756|1830|67|69|606|442|488|387|118|138
04000H0US26|1601610|1136|1527805|4847|37057|2592|25960|2156|11097|1612|2208|528|1762|435|446|249|82|90|29|28|53|84|916|446|872|443|44|44|584|339|465|276|119|142|8170|1870|5963|1424|2207|921|7786|2124|5564|1778|2222|826|673|801|426|429|247|397|588|329|416|293|172|154|1832|1130|1663|1113|169|169|205|179|71|73|134|163|199|176|171|171|28|50|28|44|28|44|0|187|553|322|286|250|267|207|60|92|60|92|0|187|464|266|406|240|58|110|0|187|0|187|0|187|618|465|486|363|132|120|41|14|4|9|37|6|139|128|139|128|0|187|810|357|665|325|145|89|627|451|435|425|192|241|163|181|163|181|0|187|59|47|51|47|8|2|1463|609|613|257|850|455|647|301|518|297|129|80|296|203|52|70|244|192|361|232|220|200|141|104|559|509|181|178|378|355|101|179|101|179|0|187|196|155|127|120|69|75|185|187|160|185|25|33|1482|505|850|362|632|391|69|68|69|68|0|187|963|554|725|453|238|200|116|146|53|87|63|118|448|347|362|329|86|112|378|401|112|130|266|385|136|120|130|120|6|3|17|29|17|29|0|187|1075|456|1031|448|44|54|1451|757|718|303|733|570
04000H0US36|1307055|1087|1209694|6223|39027|3290|23542|2862|15485|2223|3453|916|2915|864|538|263|300|355|163|334|137|121|1715|562|1306|486|409|296|1128|646|730|433|398|332|6290|1687|4813|1311|1477|622|19636|3788|13149|2985|6487|1729|527|339|189|143|338|308|1956|879|1596|799|360|236|1444|703|868|412|576|568|292|213|231|200|61|61|523|288|494|280|29|48|722|642|722|642|0|220|554|446|323|290|231|327|94|114|77|109|17|32|1056|635|760|542|296|473|239|250|87|112|152|227|0|220|0|220|0|220|770|458|331|206|439|314|195|201|119|145|76|118|1599|988|1232|690|367|569|1161|348|970|273|191|237|259|220|184|141|75|105|115|134|115|134|0|220|4134|1107|1751|709|2383|709|248|159|208|141|40|45|717|384|288|226|429|289|0|220|0|220|0|220|74|139|0|220|74|139|0|220|0|220|0|220|426|301|123|112|303|312|716|415|495|327|221|253|1720|713|1050|511|670|388|223|201|168|201|55|6|1650|1081|1073|688|577|501|1282|968|777|478|505|639|0|220|0|220|0|220|32|44|25|44|7|2|180|185|115|135|65|76|0|220|0|220|0|220|1448|710|1172|684|276|253|1456|825|1099|698|357|304
04000H0US42|1679729|1276|1565662|5776|47724|3729|31381|3042|16343|2074|1983|583|1616|561|367|293|1021|815|845|709|176|210|1059|659|806|385|253|320|1548|979|962|637|586|447|8236|1385|5381|964|2855|838|27182|3478|16619|3010|10563|1562|231|217|231|217|0|192|1890|902|1251|743|639|276|2910|1502|1837|1376|1073|615|1221|1529|987|1247|234|306|1536|936|1212|804|324|342|0|192|0|192|0|192|125|154|125|154|0|192|330|293|164|167|166|197|821|630|557|425|264|311|260|192|243|177|17|32|0|192|0|192|0|192|459|457|298|288|161|221|182|253|182|253|0|192|329|200|258|176|71|97|268|284|268|284|0|192|41|62|32|51|9|17|220|261|102|116|118|151|3823|1160|2172|741|1651|775|266|202|260|202|6|2|702|347|497|275|205|172|42|55|33|53|9|17|641|406|176|149|465|347|0|192|0|192|0|192|552|501|552|501|0|192|1793|2226|1222|1431|571|810|2247|811|1061|535|1186|595|109|86|57|52|52|51|2218|1177|1584|840|634|566|250|160|159|91|91|138|0|192|0|192|0|192|758|587|688|576|70|92|45|68|45|68|0|192|0|192|0|192|0|192|47|46|47|46|0|192|998|670|635|443|363|326
04000H0US48|2822486|7765|2137812|15071|632449|12584|425316|11394|207133|10189|3228|1073|2896|953|332|429|951|865|333|353|618|663|426|285|420|285|6|11|859|500|375|298|484|390|12826|2759|7487|2225|5339|2629|1060|872|1046|869|14|25|80|108|80|108|0|242|458|280|333|275|125|150|611|352|553|365|58|95|20|41|20|41|0|242|831|334|662|294|169|206|0|242|0|242|0|242|1239|1143|924|923|315|549|274|279|274|279|0|242|1356|867|1276|854|80|81|1629|1166|1494|1125|135|137|639|727|580|706|59|123|172|164|47|112|125|117|1156|917|755|665|401|364|1246|714|723|433|523|552|648|608|603|608|45|5|0|242|0|242|0|242|550|503|393|365|157|161|3021|1221|1039|566|1982|934|273|201|199|194|74|36|1008|531|617|390|391|283|0|242|0|242|0|242|2308|1238|1309|742|999|607|298|435|298|435|0|242|500|321|220|182|280|254|514|569|209|236|305|562|3410|1077|3171|1085|239|230|796|708|656|680|140|206|1488|610|736|469|752|440|260|289|260|289|0|242|375|332|60|5|315|331|2733|2260|2168|1976|565|516|2025|989|1088|565|937|575|129|135|97|116|32|42|285|163|259|159|26|32|2543|2234|2115|1709|428|582
040C201US01|2806029|21335|2579321|19989|131797|9581|77962|7577|53835|4835|4958|1621|3657|1138|1301|1067|911|598|591|444|320|356|1021|421|881|373|140|191|4107|1971|2773|1422|1334|800|7245|1632|6250|1426|995|641|867|697|867|697|0|213|367|415|367|415|0|213|1621|823|1085|581|536|397|313|435|313|435|0|213|71|94|71|94|0|213|1191|684|795|519|396|389|93|167|93|167|0|213|930|589|498|419|432|381|1606|918|1012|701|594|431|2844|1336|2476|1204|368|290|1705|1075|1156|644|549|703|399|449|384|446|15|28|2112|1065|1266|802|846|503|543|436|447|338|96|160|940|576|769|518|171|230|2568|1680|2314|1703|254|201|427|406|427|406|0|213|215|202|144|170|71|111|9545|2278|4167|1317|5378|1766|1765|839|1047|608|718|579|12482|2612|4373|1533|8109|2081|0|213|0|213|0|213|4551|1653|1481|810|3070|1128|136|224|0|213|136|224|1132|750|401|406|731|535|1371|1047|675|579|696|689|4557|1822|3098|1603|1459|726|3201|2314|2332|1958|869|706|5754|1829|4226|1410|1528|761|64|101|64|101|0|213|377|485|347|478|30|52|4534|1928|3893|1671|641|763|4669|2167|4299|2069|370|307|0|213|0|213|0|213|116|97|116|97|0|213|3603|2011|1391|728|2212|1745
040C201US04|6301606|22874|4668777|31907|1233612|25750|807412|19132|426200|16251|17182|3769|14691|3585|2491|997|1225|1010|567|477|658|735|5328|1354|4441|1121|887|541|8033|2060|5707|1614|2326|1236|12788|2466|11323|2329|1465|570|4671|1891|4030|1773|641|680|2470|1062|2321|1054|149|150|6988|1832|4733|1517|2255|902|6587|2039|4708|1581|1879|840|4800|1614|2761|1030|2039|1095|3856|1742|2827|1315|1029|762|423|383|244|246|179|302|10567|3767|5232|1591|5335|2668|3682|1525|2634|1238|1048|884|13422|4015|11278|3632|2144|1033|2340|1066|1702|909|638|411|5410|2562|4490|2039|920|807|2835|1175|1572|802|1263|595|3362|1551|2253|1054|1109|959|12181|3788|9084|2930|3097|1480|12669|3596|10281|3192|2388|1422|7029|2334|6420|2138|609|421|7454|3342|5338|2459|2116|1998|38535|4699|21129|3341|17406|2977|7781|2242|4561|1563|3220|1440|16258|3712|9550|2687|6708|2335|1424|1767|1424|1767|0|237|27085|5427|12952|3402|14133|3158|1972|919|1074|688|898|594|3263|1909|2424|1400|839|605|6395|2565|4192|1604|2203|1147|33187|6248|24195|5297|8992|2450|9114|3021|7368|2420|1746|1342|27131|6248|17686|3856|9445|3236|2989|1507|2669|1382|320|404|11978|3745|6294|1847|5684|2629|7149|2905|5382|2636|1767|959|18955|5398|12723|3696|6232|2866|18018|3232|14916|3150|3102|816|4725|1501|3917|1288|808|454|7956|2115|5650|1599|2306|1594
040C201US06|35040028|37287|18773601|73229|10246309|54454|6199579|47685|4046730|44700|122886|8090|107172|7403|15714|2505|8834|3178|7146|3085|1688|1115|49900|4780|42725|4486|7175|1398|82877|6127|62566|5107|20311|3485|78525|5881|70909|5597|7616|1521|20946|3047|19295|2927|1651|772|16068|2995|13072|2575|2996|1227|183261|13198|102176|8139|81085|8969|22795|3548|17535|2931|5260|1385|22978|4541|17348|3944|5630|1644|65333|9968|35479|6054|29854|6141|218675|14224|122179|10293|96496|8899|258914|15221|163062|10832|95852|7887|54928|6673|41549|5553|13379|2497|247218|13692|200750|11480|46468|5389|60642|8642|43369|6996|17273|3077|176657|14869|99204|8645|77453|8976|33400|4469|23150|2962|10250|2579|69412|8076|48764|5889|20648|4283|81296|7848|58772|6268|22524|3513|73521|7018|62586|6504|10935|2435|65231|7683|56499|6705|8732|2200|42439|4594|36508|4244|5931|1309|1317479|30876|640338|20357|677141|18410|130098|8787|79377|6702|50721|4830|343058|13768|163994|9319|179064|8775|61894|7503|34093|4958|27801|4418|554050|22050|222723|12577|331327|14276|62625|7464|27987|4139|34638|4851|69861|6976|34478|4545|35383|4182|68593|8357|39025|5020|29568|5612|801764|24460|540349|18259|261415|11289|111353|8225|75499|6629|35854|4267|218073|17043|139971|12568|78102|8719|42112|5519|36534|5074|5578|1781|66313|8674|43330|6852|22983|4173|47053|7146|40567|6388|6486|2017|17841|4106|14057|3326|3784|1605|956|750|787|736|169|171|6075|1847|5396|1772|679|467|44184|6095|22894|3160|21290|4765
040C201US08|4794884|17986|3943777|23405|571914|18114|367874|17160|204040|11355|17989|3836|13331|2798|4658|2306|473|357|473|357|0|224|6162|2023|5295|1592|867|655|10705|2093|8498|1712|2207|937|19139|3133|17274|2812|1865|894|4326|1935|4211|1915|115|152|788|463|745|457|43|69|17404|3641|11495|2767|5909|1847|3644|1037|2819|924|825|467|2091|951|1229|672|862|678|5992|2020|3959|1260|2033|1142|272|277|272|277|0|224|6493|2673|3520|1735|2973|1652|2239|1402|1163|648|1076|1137|9462|2418|8137|2092|1325|698|949|986|725|716|224|310|1697|1000|655|471|1042|709|1258|563|1018|474|240|290|9711|3363|7092|2660|2619|1333|6849|2645|5398|2176|1451|826|4844|2660|3807|1668|1037|1298|1906|1047|1460|861|446|615|1346|768|1263|739|83|106|24756|4114|14807|2425|9949|2681|6054|2156|3915|1432|2139|1064|14921|3200|9009|2509|5912|2053|2471|1413|1408|855|1063|711|15371|3609|7966|2289|7405|2069|797|599|420|322|377|326|5879|1924|2960|1184|2919|1033|5072|1685|2732|969|2340|1125|9701|2112|7172|1443|2529|1134|6394|2718|3890|1487|2504|1830|10545|2651|7099|1949|3446|1535|3615|1678|3493|1632|122|206|17412|5776|8512|3369|8900|2974|8397|3131|6222|2690|2175|1264|7755|3126|4373|1940|3382|2156|1197|702|957|699|240|391|403|280|303|209|100|164|2714|1126|2242|1070|472|349
040C201US09|3004147|12406|2218557|23414|438078|10915|250089|8512|187989|9331|23041|4853|19175|4172|3866|1300|24988|5915|15466|4217|9522|2730|16412|3361|11508|2911|4904|1423|39313|6328|22101|4045|17212|3721|6013|1432|5259|1359|754|491|1310|749|1171|697|139|162|5963|2409|4402|1667|1561|1040|10940|2373|7982|1927|2958|1147|21302|3493|12788|2855|8514|1940|5857|2620|3613|1882|2244|1346|8674|2889|5704|2017|2970|1279|421|451|40|65|381|477|3615|1409|2629|936|986|576|9279|2357|5752|1789|3527|1162|13280|3474|9679|2645|3601|2536|6957|2302|4267|1401|2690|1202|2022|1328|903|654|1119|800|4716|2013|2730|1241|1986|1441|3386|1431|2922|1339|464|412|12810|3203|8231|2331|4579|1532|4379|2087|4180|2081|199|193|8395|2484|6955|1981|1440|827|3589|1949|2844|1566|745|496|30728|4200|15647|2667|15081|3228|2679|1393|2051|1232|628|381|5118|1519|3529|1210|1589|646|207|330|207|330|0|225|7254|1976|3812|1300|3442|1188|1386|1165|630|581|756|806|5457|1932|2130|929|3327|1434|2496|1079|2113|864|383|378|10022|2603|7880|2295|2142|769|1029|582|858|517|171|222|19449|6236|9719|3815|9730|3037|3220|1518|3044|1460|176|205|1026|963|680|638|346|368|8773|2608|7035|2240|1738|831|1746|1324|1315|928|431|486|0|225|0|225|0|225|954|1535|954|1535|0|225|9306|3063|8734|3037|572|356
040C201US10|813104|9169|667511|10987|71438|5217|43325|3768|28113|3589|5213|2474|4516|2329|697|764|6400|2848|2958|1732|3442|2065|1738|776|1363|689|375|274|578|349|531|352|47|80|1898|819|1649|742|249|257|1216|1197|1080|1158|136|224|1405|638|1273|606|132|161|1710|1174|1410|838|300|404|1036|723|694|521|342|317|842|765|662|612|180|322|630|472|630|472|0|208|484|763|484|763|0|208|738|529|397|461|341|266|2580|1652|1148|820|1432|1396|1511|796|1247|685|264|211|3855|1811|3012|1514|843|491|710|758|460|476|250|336|1042|1004|392|358|650|687|996|711|927|677|69|120|904|726|290|236|614|689|2309|1044|1994|952|315|296|919|874|903|874|16|39|733|700|668|693|65|108|9199|2526|4324|1621|4875|1859|144|144|90|109|54|92|2531|1135|1114|601|1417|843|0|208|0|208|0|208|2950|1982|1837|1374|1113|728|408|473|0|208|408|473|121|157|88|107|33|61|889|856|660|810|229|233|3385|1125|2869|1051|516|348|175|203|46|61|129|197|3117|2048|2080|1298|1037|842|506|476|506|476|0|208|538|786|358|501|180|297|7542|2622|6358|2349|1184|800|1912|1687|1912|1687|0|208|0|208|0|208|0|208|103|135|103|135|0|208|1188|758|859|608|329|324
040C201US11|662752|79|521800|8710|61754|4580|37228|3992|24526|4130|11931|2616|9860|2366|2071|1166|1260|1049|523|636|737|917|1831|980|1770|973|61|102|1431|875|1330|856|101|172|3303|1266|2950|1196|353|416|532|414|532|414|0|247|1115|894|1041|894|74|15|2673|1057|2042|818|631|618|445|345|361|244|84|137|711|693|711|693|0|247|1036|620|815|507|221|214|106|135|29|46|77|127|2051|926|1859|883|192|188|878|776|878|776|0|247|1772|845|1368|600|404|443|403|478|325|358|78|134|318|312|171|215|147|235|273|234|273|234|0|247|972|807|972|807|0|247|1732|1105|1175|845|557|595|0|247|0|247|0|247|891|767|722|750|169|146|196|247|196|247|0|247|7561|1543|5543|1335|2018|860|1334|555|902|482|432|328|2003|730|1496|651|507|284|53|81|53|81|0|247|2868|2099|388|302|2480|2131|0|247|0|247|0|247|609|562|292|265|317|338|1832|1241|1746|1232|86|102|1567|769|1060|618|507|598|638|388|638|388|0|247|2612|919|2293|835|319|331|1327|620|1252|628|75|80|14706|6013|8716|3854|5990|2738|4037|2150|2838|1371|1199|1128|1584|858|1403|845|181|224|31|50|31|50|0|247|0|247|0|247|0|247|576|369|427|248|149|275
040C201US12|20067141|42312|13304591|60502|4941456|33540|2706433|37045|2235023|32918|116003|9953|88607|7938|27396|5111|495745|26378|272220|18601|223525|16653|47325|5686|37865|5144|9460|1642|194650|16789|123333|11809|71317|9168|56694|5472|49863|4858|6831|1909|14928|2912|12963|2622|1965|903|23309|4219|18153|3613|5156|1538|77790|9883|49457|6969|28333|4534|27384|4140|17616|3108|9768|2340|14302|2570|10097|2059|4205|1319|38084|5914|22187|3856|15897|3388|1699|960|1506|848|193|270|9485|2850|6327|2142|3158|1496|22526|5230|15853|3917|6673|2062|29524|5642|23668|4734|5856|2070|18524|4082|15260|3460|3264|1416|3564|1726|2773|1204|791|840|17512|4553|11902|3722|5610|2094|8883|3136|7271|2375|1612|1306|41801|6629|27483|4220|14318|4357|20664|4432|16948|3720|3716|1386|14731|3486|11579|2907|3152|1362|15122|3666|11242|3040|3880|1779|82653|7922|42964|5165|39689|5092|10821|2230|7367|1963|3454|1189|17520|3172|10271|2393|7249|1596|1375|1271|929|833|446|674|70665|8708|30188|4100|40477|6389|8222|3624|4659|2666|3563|1531|16131|3553|7913|2207|8218|2603|26003|6172|14658|3732|11345|3445|76397|6805|53730|4912|22667|4024|11058|4003|7664|2800|3394|1525|92464|13927|63487|9119|28977|8250|22479|3604|19512|3462|2967|1059|6902|2778|4613|2044|2289|1275|12916|4865|9078|3231|3838|2246|10087|4324|5887|2913|4200|3056|101|112|49|80|52|78|1269|760|1250|759|19|21|43782|7117|32420|5429|11362|2826
040C201US13|7746600|32386|6239797|39652|818164|17709|469834|14077|348330|13146|40917|6570|33450|5781|7467|2329|24575|5340|16847|4097|7728|2678|3787|1378|3147|1344|640|370|24083|4554|17463|3522|6620|2428|16320|2986|14678|2821|1642|705|5460|1710|5148|1673|312|273|3059|1292|2534|1193|525|324|12108|2621|7820|1990|4288|1481|4095|1735|3355|1604|740|412|6548|1848|5019|1506|1529|813|7306|2122|5796|1781|1510|738|211|272|211|272|0|232|15432|3645|10103|2677|5329|1904|32862|5806|23176|4477|9686|2567|38117|5109|31822|4363|6295|2017|13813|3238|11050|2787|2763|1191|3370|1869|2757|1645|613|464|11495|2743|7847|2189|3648|1215|14828|3790|9837|2413|4991|2338|10739|2740|8491|2364|2248|1140|24701|4261|20657|3635|4044|1774|16077|4135|14493|4013|1584|1205|10329|3204|9477|3107|852|521|61523|6135|33403|4428|28120|3924|9423|2249|6405|1986|3018|1209|55781|7180|26623|4189|29158|4603|1027|909|881|836|146|164|53833|6530|19802|3684|34031|4948|5664|2213|3151|1618|2513|1047|5250|1873|3098|1298|2152|905|13905|4580|9040|3254|4865|1725|15791|2844|11341|2268|4450|1325|4750|1909|3098|1472|1652|959|15422|4360|12531|3767|2891|1185|7683|3085|7137|2835|546|583|30057|7431|21184|6142|8873|2784|34271|5300|31073|4989|3198|1254|19999|6133|9978|3600|10021|4309|24|40|24|40|0|232|586|414|425|296|161|219|13418|3672|11717|3154|1701|1040
040C201US16|1274417|11392|1119925|13465|108791|7288|72209|5690|36582|4693|3594|1193|3202|1094|392|405|0|198|0|198|0|198|630|540|630|540|0|198|2128|958|1854|896|274|262|2322|788|1960|704|362|304|484|405|432|348|52|85|330|300|330|300|0|198|1949|886|1306|755|643|439|193|212|158|169|35|60|1665|974|1238|773|427|286|2343|1605|1579|1385|764|709|61|112|0|198|61|112|354|410|250|313|104|115|0|198|0|198|0|198|1031|628|947|577|84|133|748|1081|554|830|194|260|0|198|0|198|0|198|203|332|125|216|78|133|2761|2059|1371|728|1390|1640|888|572|537|368|351|317|1276|965|1233|942|43|76|37|64|37|64|0|198|27|48|27|48|0|198|4309|1387|2677|932|1632|847|803|386|667|329|136|130|2485|1262|1033|648|1452|852|0|198|0|198|0|198|1478|809|173|160|1305|753|0|198|0|198|0|198|632|523|272|310|360|319|725|766|523|534|202|239|2628|1289|2052|1042|576|519|1304|763|710|471|594|529|1086|796|716|587|370|366|0|198|0|198|0|198|206|242|112|187|94|153|330|302|161|138|169|251|4965|1556|2081|967|2884|1072|183|173|183|173|0|198|79|83|79|83|0|198|1464|836|546|356|918|740
040C201US17|10445121|25522|7562338|36217|1659964|19876|996060|18622|663904|19236|31344|4759|21652|3994|9692|2663|4152|1739|2885|1472|1267|747|25485|4033|19212|3436|6273|1661|10518|2489|8372|1880|2146|1414|24049|3101|21397|2780|2652|940|3553|1051|3024|976|529|391|22988|4509|18306|3981|4682|1333|47725|5867|28895|4244|18830|3406|155809|12703|90553|8769|65256|6034|27981|4777|17863|3636|10118|2201|64521|8152|28372|4541|36149|5635|1785|1494|1218|1047|567|588|10177|3348|6666|2594|3511|1838|50204|6954|31053|5238|19151|4098|51933|7475|42980|6536|8953|2266|56237|9063|41272|6951|14965|3503|8093|2658|5489|1829|2604|1106|9858|3525|5665|1921|4193|2274|14829|3984|12319|3376|2510|1232|52487|8353|35147|6375|17340|3323|26141|4473|22309|4428|3832|1205|15578|4050|12698|3123|2880|1612|18340|3720|13375|2790|4965|1397|116429|10475|57988|5563|58441|8366|12910|3352|8148|2687|4762|1282|45708|5928|23964|3612|21744|3440|181|185|181|185|0|208|23138|4625|9399|2155|13739|3143|1772|934|998|623|774|579|11066|2799|5395|1887|5671|1829|25677|4801|13179|3503|12498|2679|82173|8040|61834|6367|20339|3383|10125|4193|5614|2175|4511|3500|77965|10586|55348|8208|22617|4903|5486|2029|4946|1862|540|369|22822|5232|14235|3741|8587|2329|34730|7126|26579|5557|8151|2512|8792|2591|6281|2192|2511|1383|228|198|183|183|45|75|548|648|548|648|0|208|9282|2683|6001|1868|3281|1445
040C201US18|4636280|21971|4033407|25891|337797|10205|193876|9388|143921|8146|9191|2547|5789|1540|3402|1509|15757|5072|4906|2351|10851|4010|1475|652|1113|573|362|233|1929|1014|1597|870|332|303|11351|2491|9915|2364|1436|487|4813|2712|2876|1442|1937|2254|3530|1173|2745|955|785|523|2491|808|1742|710|749|486|5331|2829|3612|1802|1719|1373|4970|1321|3681|1056|1289|665|3252|1125|2536|979|716|553|467|505|306|314|161|226|4643|2796|3923|2400|720|714|4714|1758|3516|1381|1198|741|12313|2624|9227|2071|3086|1578|4039|1532|2860|1269|1179|734|11264|3937|7410|3012|3854|1671|1825|1067|1581|1014|244|225|3529|1407|2655|1105|874|607|7485|2727|3765|1168|3720|2330|7041|2523|5945|2098|1096|811|4063|1693|3138|1387|925|770|1967|960|1747|921|220|223|23759|4392|10427|2014|13332|3315|6577|2903|3235|1224|3342|2330|7569|1607|3367|1098|4202|1317|117|159|0|211|117|159|5921|1819|2380|1235|3541|1276|289|296|289|296|0|211|1883|1069|1174|713|709|502|22893|4330|10438|2518|12455|2838|10013|2182|7249|1739|2764|1236|5689|1944|3787|1612|1902|702|12737|3490|8335|2460|4402|1795|1435|763|1435|763|0|211|4161|2398|2179|1350|1982|1484|22064|6686|16670|5744|5394|2494|7959|3803|3408|1620|4551|3479|171|172|171|172|0|211|232|395|232|395|0|211|4167|1756|1831|932|2336|1517
040C201US19|1916910|16014|1678821|16310|114973|6359|64571|4991|50402|4436|8784|2312|3560|1193|5224|2055|1308|917|267|283|1041|811|1430|927|1387|933|43|71|2484|1934|1862|1272|622|760|3980|1111|3270|842|710|492|1467|894|1229|675|238|298|937|710|856|672|81|137|983|491|651|457|332|303|416|294|290|237|126|138|8203|2930|4430|2152|3773|1726|2119|1840|989|896|1130|1117|0|174|0|174|0|174|1786|1378|1111|1059|675|668|32|59|0|174|32|59|3349|1417|2364|1113|985|667|1930|883|1420|700|510|474|393|560|71|91|322|555|639|549|565|491|74|91|3933|2095|2186|1273|1747|967|2313|1773|1098|715|1215|1490|1281|1015|644|594|637|786|2785|1683|1974|1106|811|873|1117|813|1117|813|0|174|8127|2175|5543|1863|2584|1024|1064|507|774|414|290|277|2854|1293|1125|611|1729|977|698|722|58|99|640|699|7165|2180|3794|1580|3371|1288|262|239|133|184|129|131|5844|1805|3000|1074|2844|1219|10097|3182|3748|1469|6349|2182|3263|1342|2926|1240|337|286|4746|2004|2713|1670|2033|1204|7792|2545|5153|2077|2639|1535|505|336|318|268|187|214|3513|2070|2073|1523|1440|836|3021|1816|2674|1655|347|275|11402|3637|5692|2446|5710|2183|0|174|0|174|0|174|283|406|283|406|0|174|811|583|616|521|195|208
040C201US20|2019094|13016|1705681|13800|206989|9822|116799|8194|90190|6118|4575|1505|3236|1118|1339|798|84|114|84|114|0|189|877|669|693|575|184|233|1211|659|1128|653|83|113|5374|1389|4036|1083|1338|767|478|292|398|304|80|105|534|533|534|533|0|189|2569|1340|1306|791|1263|1006|467|342|226|234|241|230|684|574|273|187|411|531|997|568|941|575|56|63|0|189|0|189|0|189|1214|882|641|505|573|420|1448|1044|544|420|904|960|4468|1745|4128|1746|340|301|2059|1081|1367|777|692|463|633|638|399|410|234|310|765|593|520|463|245|257|2377|1241|1986|1150|391|301|948|822|913|819|35|57|5670|2082|4841|1824|829|622|1196|933|868|742|328|318|2802|1452|1884|854|918|1119|7948|2094|4068|1268|3880|1380|2740|1209|2045|1001|695|465|4376|1826|2785|1329|1591|852|2563|1456|1111|666|1452|964|10023|1847|4472|1382|5551|1359|2323|1522|532|479|1791|1272|3722|1491|1768|881|1954|858|4484|1950|2224|883|2260|1359|5636|1795|3759|1212|1877|1138|1898|1051|1430|874|468|579|6324|2980|4551|2312|1773|986|220|232|220|232|0|189|4551|2000|3571|1715|980|665|1714|1152|1421|1020|293|301|4438|2018|2250|1261|2188|1712|29|46|29|46|0|189|473|229|305|162|168|157|1532|903|853|620|679|718
040C201US21|2540402|20743|2274390|23636|132706|6954|66001|6374|66705|6068|8191|2236|5733|1881|2458|1033|2250|2345|263|290|1987|2213|628|551|532|534|96|151|1878|1204|1353|811|525|550|6105|1626|5366|1447|739|505|2139|1252|2072|1240|67|123|262|279|252|277|10|17|2766|1799|2495|1678|271|255|385|367|385|367|0|208|5259|2588|3569|2180|1690|1115|4714|2276|1503|743|3211|1969|0|208|0|208|0|208|1680|816|1154|595|526|454|4860|2649|3135|1655|1725|1234|3073|1655|1629|808|1444|1088|1961|1118|1454|886|507|508|634|1195|0|208|634|1195|1585|1251|640|634|945|1176|7056|2062|3513|1381|3543|1558|4232|3128|1169|709|3063|2948|1759|1172|1313|940|446|487|881|575|758|457|123|162|528|480|528|480|0|208|5180|2086|3341|1387|1839|1060|5070|1785|1367|788|3703|1561|1673|796|928|659|745|429|0|208|0|208|0|208|5712|2438|2267|1071|3445|1657|2238|1299|887|767|1351|748|560|486|108|129|452|464|7857|4165|3360|1778|4497|2600|5759|1577|4155|1438|1604|647|1157|543|646|377|511|372|13829|3810|7831|2115|5998|2382|239|172|239|172|0|208|3768|2917|1916|1330|1852|1782|3707|1559|2851|1390|856|696|11104|5478|3727|1850|7377|4905|0|208|0|208|0|208|297|245|88|117|209|205|2330|1696|1562|1405|768|1009
040C201US22|3094513|18926|2771518|23781|189569|8156|87770|6246|101799|7068|36963|3375|30875|2859|6088|1593|5567|3618|5494|3617|73|13|1911|881|1552|678|359|464|3101|1314|1738|949|1363|745|1913|751|1749|713|164|196|605|438|605|438|0|224|618|569|456|406|162|190|1107|570|765|452|342|328|275|307|219|280|56|96|530|413|336|259|194|223|1577|1293|1097|786|480|697|24|46|24|46|0|224|1080|747|605|431|475|394|1596|1096|1596|1096|0|224|3912|2111|3209|1706|703|589|1480|1119|1135|820|345|402|1675|1645|614|698|1061|1040|626|489|626|489|0|224|1457|624|992|528|465|444|757|607|652|523|105|132|1323|965|1173|905|150|207|94|157|94|157|0|224|574|444|574|444|0|224|9942|2909|4787|1785|5155|2056|1892|1029|1381|847|511|441|1241|764|807|622|434|347|0|224|0|224|0|224|25861|3907|12590|2689|13271|2646|483|540|188|261|295|329|1418|561|721|456|697|402|2225|1978|1642|1612|583|453|5571|1849|3628|1225|1943|890|383|405|383|405|0|224|7543|2708|5811|2211|1732|1073|971|735|791|660|180|299|374|203|374|203|0|224|1584|1122|1464|1121|120|42|2329|1425|2112|1376|217|134|119|178|119|178|0|224|352|383|352|383|0|224|2373|1689|1607|1302|766|808
040C201US24|5022070|18804|3803846|28683|565602|14189|297311|13013|268291|13661|58430|7964|43290|6492|15140|3131|15862|4645|11350|3876|4512|1778|6902|2125|5422|1770|1480|767|15709|3876|9795|2564|5914|2232|13726|3322|12133|2961|1593|847|2543|882|2309|835|234|211|5644|1741|4625|1582|1019|483|17003|4115|10630|2865|6373|2008|3392|1193|2387|1012|1005|582|2005|1389|1000|661|1005|944|7468|2605|5246|1892|2222|1280|2118|1687|1590|1159|528|589|15708|4037|10243|3180|5465|1998|9811|3708|8006|3315|1805|980|20313|3354|16832|3266|3481|1291|19472|5047|11958|2706|7514|3061|5136|2059|4017|1732|1119|602|15875|4761|10583|3299|5292|2190|12202|3149|8978|2466|3224|1556|12550|3720|8100|2502|4450|2005|10740|4603|9438|4015|1302|889|8885|2421|7723|2278|1162|596|3826|1493|3223|1201|603|471|69980|7551|35650|4329|34330|5183|7061|1662|4102|1155|2959|1082|33734|4769|18576|3055|15158|2953|194|313|194|313|0|228|19625|3932|9720|2429|9905|2498|1802|864|772|538|1030|570|3166|1018|1950|721|1216|515|11419|3628|6965|2462|4454|1587|41304|6558|28044|5233|13260|3136|7653|2457|4723|1784|2930|1172|18340|4259|13119|3614|5221|1866|5866|1773|5536|1775|330|270|43660|7063|31057|5937|12603|2569|73060|10025|61498|8843|11562|3080|13383|4794|10353|3737|3030|1639|0|228|0|228|0|228|634|618|515|537|119|194|16421|4309|11374|3200|5047|2530
040C201US25|6189648|17228|4485359|28397|655433|13399|365301|11771|290132|13391|45834|5012|36899|3965|8935|1896|86711|8416|48253|6734|38458|5737|20058|2567|15426|2254|4632|1231|237543|15742|118913|11239|118630|8528|13906|2461|12989|2466|917|742|3362|1550|3032|1499|330|268|18012|3580|12474|2700|5538|1919|39181|4391|25671|3887|13510|2189|11261|2660|7763|2197|3498|1255|4589|1689|3070|1282|1519|770|8522|2141|4817|1409|3705|1487|5183|1639|3758|1277|1425|853|9902|2591|7799|2116|2103|888|9953|2884|7757|2410|2196|1003|36624|5217|32967|4995|3657|1176|8378|2980|6462|2381|1916|998|2736|1308|2254|1203|482|413|12868|3383|8259|2404|4609|1914|19780|3646|13165|2452|6615|1833|33088|6118|20122|4075|12966|3240|13840|3612|11467|2907|2373|2067|10060|2347|9040|2105|1020|576|5459|1671|4921|1576|538|417|149616|8344|80569|5832|69047|5946|7785|2056|4660|1261|3125|1225|19446|3183|12000|2315|7446|1732|1114|990|572|475|542|564|43032|6536|18640|3275|24392|4655|19223|3252|9372|2018|9851|2128|8502|2232|2923|1179|5579|1743|12346|3463|7787|2600|4559|2119|8542|1948|5911|1330|2631|1139|5764|2825|4244|2245|1520|1184|43410|5809|29566|4684|13844|2958|11245|3140|10309|3080|936|515|9899|2933|6249|2124|3650|1380|20667|3765|15220|3139|5447|1349|21230|3831|16185|3292|5045|1663|0|228|0|228|0|228|526|400|264|254|262|308|9659|2787|8220|2642|1439|767
040C201US26|7021508|25754|6060575|31982|281038|10097|168342|8906|112696|6907|17343|3462|14121|3097|3222|1149|3367|2008|1627|1051|1740|1471|11367|2113|7790|1727|3577|930|10396|2553|8024|2225|2372|939|19776|3651|16423|3187|3353|1188|3423|1083|2859|1041|564|300|6530|2230|5428|2013|1102|512|8115|2099|5157|1516|2958|1163|13100|3116|9453|2683|3647|1162|9315|2895|6386|2101|2929|1260|15505|4666|10738|3240|4767|2221|1625|1040|1371|865|254|310|5941|1860|2903|939|3038|1538|10563|3187|7220|2103|3343|1523|20830|3812|15670|2982|5160|2178|12711|3956|10335|3418|2376|1204|8303|2627|5757|2287|2546|1211|35230|5929|16896|3633|18334|4459|10369|2647|8678|2159|1691|865|37841|5428|25840|4348|12001|2238|20591|4852|16393|3821|4198|2171|11454|2880|9951|2752|1503|778|11551|3314|9491|2734|2060|1033|43685|5144|26296|3791|17389|2580|9877|2303|5244|1364|4633|1800|19793|3582|11213|2666|8580|1974|3374|1412|1409|760|1965|849|18761|4030|8566|2117|10195|2670|1658|793|722|522|936|486|5596|2058|3157|1485|2439|1103|7844|2608|4023|1687|3821|1636|17142|3264|12730|2675|4412|1474|3005|1412|2221|1240|784|645|188014|11760|105534|8547|82480|7461|2158|936|1789|865|369|308|26846|5579|17087|4243|9759|2213|9621|2637|7894|2227|1727|818|12213|4332|7122|3082|5091|1932|0|187|0|187|0|187|859|568|846|571|13|23|4203|1590|2632|1017|1571|872
040C201US27|3887685|26602|3245852|27128|205474|9052|120727|7112|84747|6382|14869|3044|10950|2736|3919|1314|1429|1119|213|201|1216|1073|2456|1259|2080|1219|376|378|5058|1618|3979|1332|1079|565|9384|1828|7580|1573|1804|848|1186|636|1063|561|123|207|445|311|445|311|0|157|12453|3145|6999|2215|5454|1955|1841|685|1459|558|382|376|3106|1644|2134|1055|972|785|6719|2184|3625|1357|3094|1584|281|322|281|322|0|157|2996|1268|2018|908|978|509|2637|1267|2037|971|600|471|8504|2569|7762|2582|742|447|2216|1018|2079|982|137|135|685|664|356|341|329|388|4061|1476|3345|1297|716|422|5578|1607|4527|1285|1051|842|6812|1408|4422|1126|2390|854|6673|3297|5816|3023|857|687|3217|1264|2597|1113|620|477|2552|1096|2051|905|501|513|22520|2662|12049|1817|10471|1994|5062|1908|3366|1493|1696|968|5118|1321|3157|1040|1961|735|68422|6282|43474|5371|24948|2956|18538|3392|9569|2350|8969|1880|5820|1867|2807|1146|3013|1076|7203|2251|4359|1583|2844|1182|19918|5056|8285|2699|11633|3540|8211|2040|4677|1403|3534|1592|2638|1016|2203|988|435|288|14550|4045|10588|3148|3962|1409|3478|2873|3381|2864|97|164|109267|10608|65504|8738|43763|5461|20867|4512|14111|3612|6756|2422|14480|3109|10025|2447|4455|1472|144|189|144|189|0|157|2592|1109|2519|1102|73|84|2373|1169|1894|998|479|528
040C201US29|4069718|18642|3701401|25063|151743|7643|96966|6489|54777|4219|12614|2615|9257|1774|3357|1519|2250|1332|761|592|1489|1291|2453|1186|2230|1135|223|249|4367|1785|3521|1522|846|538|9925|2026|8277|1900|1648|640|2813|1776|1750|924|1063|1133|1134|847|571|436|563|605|8406|2075|4980|1540|3426|1005|1008|494|780|467|228|167|15620|4287|9827|3131|5793|1579|5368|2379|3550|1604|1818|1467|211|291|40|70|171|281|2743|1348|1717|989|1026|814|4089|2005|2452|1277|1637|987|8436|3085|7487|3051|949|550|5001|1843|3944|1481|1057|640|1012|778|552|511|460|460|3866|1892|2398|1251|1468|936|2836|1035|1717|854|1119|468|5778|2049|3171|1250|2607|1317|7230|2110|5090|1677|2140|920|2772|1228|2488|1131|284|232|1274|683|1082|651|192|228|21374|3855|11453|2113|9921|2582|2828|1173|1569|900|1259|696|7687|1481|5703|1195|1984|819|244|275|244|275|0|198|13400|3177|6333|1892|7067|1851|421|317|270|278|151|179|2292|1303|1100|823|1192|854|5944|2372|3205|1383|2739|1410|9779|2016|6824|1597|2955|1153|3874|1682|2968|1552|906|577|10830|3407|8047|2679|2783|1362|663|640|663|640|0|198|8409|3405|5603|2730|2806|1189|6573|2508|5042|2017|1531|1128|8982|6250|5125|5093|3857|2599|19|34|19|34|0|198|412|397|412|397|0|198|1637|1086|1549|1069|88|102
040C201US31|1353577|12055|1118813|13040|155585|7447|79168|5121|76417|6378|7467|3063|4982|2199|2485|1247|977|1257|694|963|283|315|219|189|150|146|69|117|420|303|389|276|31|58|4577|2120|3861|1704|716|691|253|160|186|143|67|102|216|207|216|207|0|175|845|529|629|394|216|203|439|373|372|360|67|111|1655|1443|1655|1443|0|175|1972|1154|1459|925|513|388|0|175|0|175|0|175|1642|1155|977|600|665|774|876|750|478|485|398|455|1753|864|1725|857|28|46|769|743|550|609|219|252|536|710|503|704|33|57|1119|1103|0|175|1119|1103|4179|1551|2503|1112|1676|738|5437|3199|1511|1101|3926|2464|1718|878|1435|855|283|320|950|716|900|696|50|85|187|174|187|174|0|175|2689|939|1776|752|913|473|951|604|841|599|110|135|1195|768|744|490|451|339|210|246|176|215|34|57|6293|1797|1818|757|4475|1498|0|175|0|175|0|175|1868|978|938|676|930|587|5892|2441|1689|896|4203|1956|3132|1116|2143|996|989|572|1713|870|1080|670|633|456|7744|4125|5818|3577|1926|1358|237|358|237|358|0|175|1957|1235|272|320|1685|1057|2094|1143|1283|974|811|595|3518|2157|2192|1481|1326|1382|0|175|0|175|0|175|387|354|357|324|30|58|1093|915|472|616|621|610
040C201US32|2892242|9825|1966292|20924|626022|17214|370606|12886|255416|12285|6203|1549|4966|1392|1237|827|189|257|189|257|0|236|4008|1607|3175|1480|833|577|13882|5611|10244|4577|3638|2181|7571|1957|6936|1861|635|359|1385|621|1385|621|0|236|2654|1745|2501|1727|153|243|4667|1931|2899|1283|1768|1220|3311|1447|1927|935|1384|1125|1534|851|961|589|573|430|3969|1770|2752|1362|1217|802|2476|1456|1822|1313|654|446|4809|1908|3637|1762|1172|564|680|970|330|469|350|503|5318|2341|4968|2293|350|416|1060|977|693|539|367|484|2458|1656|1953|1462|505|367|1387|946|1024|673|363|514|2310|2444|1573|1743|737|736|3384|1410|2063|881|1321|827|2940|1972|1989|1235|951|1077|366|295|266|261|100|125|1487|1474|1252|1360|235|299|38898|6026|16089|2641|22809|5209|5264|1664|3520|1285|1744|713|13494|4000|8430|2771|5064|1813|1057|912|609|484|448|510|12331|4129|5683|2170|6648|2626|1430|1195|197|197|1233|1163|6999|2481|2972|1437|4027|1482|1915|1440|594|378|1321|1366|97838|8062|70047|7106|27791|3867|14554|3409|10593|2914|3961|1434|3509|1380|2784|1224|725|542|3049|1391|3024|1378|25|47|10469|3020|7643|2644|2826|1196|2190|1360|2003|1307|187|194|4925|2459|3720|1967|1205|814|247|249|247|249|0|236|525|314|501|306|24|46|3186|1275|2754|1126|432|349
040C201US34|8408880|16126|5404635|33297|1569786|22159|811595|22014|758191|17943|43962|6455|32286|5308|11676|3401|60005|10013|34184|7516|25821|5774|47488|4902|36167|4367|11321|1953|97114|9225|53885|5701|43229|5516|17492|2689|15594|2482|1898|857|14004|5701|11860|5313|2144|1548|21976|4731|17517|3906|4459|1489|47887|5244|29792|4074|18095|2998|57725|7566|31893|4812|25832|4132|9854|2980|6982|2442|2872|987|25386|4501|15630|3052|9756|2324|5948|2871|3848|1765|2100|1433|6678|1771|3860|1122|2818|1173|78290|7902|47633|5321|30657|4143|103659|8754|87192|7575|16467|3170|41022|6141|30288|4826|10734|2504|19508|4710|11089|2633|8419|3052|29836|5388|18264|3821|11572|2484|27891|4800|24610|4584|3281|1306|28844|5926|19833|4006|9011|2741|46272|6641|38871|6112|7401|1778|24046|3978|21684|3798|2362|801|19125|3320|14659|2599|4466|1547|135718|9563|79134|6426|56584|6092|13766|3108|9058|2937|4708|1466|77487|7130|36269|4908|41218|4393|0|226|0|226|0|226|18342|4209|6937|1797|11405|3131|1448|1171|653|596|795|968|2403|1014|1475|687|928|622|32212|5438|21009|4066|11203|2314|79169|7660|56016|5885|23153|3494|9175|3884|6480|2403|2695|1677|82628|9325|54613|7388|28015|4554|19351|4219|17854|4026|1497|657|5654|2591|3935|2190|1719|862|55629|8593|46047|8013|9582|2360|4926|1748|4610|1649|316|349|0|226|0|226|0|226|931|566|931|566|0|226|21608|4942|15480|3940|6128|1744
040C201US36|16408863|22199|10631278|47484|2752221|23891|1479201|25186|1273020|24202|127958|10835|95210|8600|32748|5589|158592|15199|89786|9780|68806|9093|106338|8213|78542|7313|27796|3570|46319|5936|33693|4500|12626|2646|41205|4726|38931|4632|2274|696|220537|14462|100884|10363|119653|10748|60602|7725|42807|5705|17795|3321|203881|11529|88590|7159|115291|8266|71367|8300|41607|6597|29760|4172|25756|4075|17779|3315|7977|1868|58407|8304|29775|6568|28632|4453|5414|1533|3499|1271|1915|939|29194|5419|16150|4150|13044|3397|16984|4174|11742|2718|5242|1821|56229|6688|44483|5420|11746|2396|77217|9447|46741|6567|30476|4733|36363|6446|19748|3924|16615|3440|191066|12369|90944|7464|100122|8992|32613|5483|15001|3326|17612|4100|86492|9108|54342|6851|32150|4347|10922|2613|9031|2248|1891|742|10844|3015|8449|2048|2395|1355|34407|5569|22957|3533|11450|2919|638709|18784|233398|10849|405311|13766|32497|4599|16751|2938|15746|2681|86610|8410|41872|5294|44738|5283|206|337|206|337|0|220|21457|2992|10318|1754|11139|1965|4275|1736|2221|1169|2054|991|6868|1665|3213|986|3655|1043|65624|7990|32642|5457|32982|5431|79246|7945|58385|5555|20861|3929|12682|2474|7314|1467|5368|1846|124380|14605|71450|8713|52930|8764|59001|8351|46656|6923|12345|3061|24139|5200|15167|3644|8972|3026|101382|12105|73337|9391|28045|4959|19873|5314|11752|3703|8121|3441|346|394|68|75|278|386|801|470|586|360|215|192|38561|4535|25614|3462|12947|2642
040C201US37|6933813|26009|5745994|29454|713199|18663|415300|16058|297899|14602|28692|5964|19139|3894|9553|3100|10297|3938|5084|1975|5213|2460|7241|1929|5863|1893|1378|602|12922|2906|9367|2377|3555|1313|15388|2057|14141|1990|1247|551|2398|1159|2398|1159|0|226|4632|1719|3672|1394|960|535|14610|2919|9805|2273|4805|2023|4164|1487|3371|1229|793|548|4275|2184|3274|1609|1001|737|5156|1817|3305|1382|1851|889|645|510|545|478|100|164|5029|2003|2754|1208|2275|1285|17618|3864|14035|3034|3583|1404|28456|5531|25201|4849|3255|1196|8968|2899|6202|2065|2766|1712|1677|877|1203|674|474|390|4556|1869|4070|1662|486|386|14129|4154|10124|3132|4005|1855|9770|3268|7344|2292|2426|1713|31771|5491|24046|4994|7725|2329|12779|4400|12211|4330|568|314|9473|3724|8891|3626|582|367|41878|5470|24377|3663|17501|3226|8133|2334|5733|1981|2400|1211|13597|3108|7170|1817|6427|1830|7776|2861|4657|2309|3119|2014|27019|4859|10545|2633|16474|3005|3588|2240|2430|1915|1158|653|6572|2332|2141|1014|4431|1851|11788|3141|6914|2274|4874|1950|16910|3674|12753|3456|4157|1262|7433|3238|3856|1686|3577|2165|25864|5388|17512|3918|8352|2540|911|730|828|717|83|135|15286|5688|7804|3433|7482|3576|14953|4154|13359|4135|1594|922|9182|3036|5484|2464|3698|2191|0|226|0|226|0|226|1635|1529|1538|1520|97|119|7449|2868|7062|2876|387|344
040C201US39|8536702|23323|7702646|29571|297383|10362|171377|8323|126006|8807|32828|5161|20796|3408|12032|3712|13750|4000|5560|2439|8190|2511|10010|2039|8107|1681|1903|780|11231|3145|8075|2277|3156|1494|20658|2754|18463|2642|2195|760|8399|3554|6141|2584|2258|2284|5448|1656|3901|1387|1547|674|16566|2675|9307|1867|7259|1496|5829|1401|5137|1370|692|413|8530|2639|5743|2259|2787|901|21048|5803|8789|2866|12259|4042|475|361|291|292|184|221|8577|2642|5949|2001|2628|1032|14403|3964|11294|3494|3109|1431|20960|4297|17836|3606|3124|1641|5649|2125|4385|1751|1264|740|5290|2010|3545|1358|1745|1063|6262|2368|4628|1917|1634|892|36505|7029|17781|3615|18724|5076|13996|3126|10549|2401|3447|1388|17342|4604|12458|3410|4884|2368|7514|2781|6698|2616|816|584|2847|1501|2088|1041|759|689|41196|5031|23711|3553|17485|2774|11783|3120|5964|1941|5819|2009|11937|2138|7167|1701|4770|1438|144|207|144|207|0|211|11917|3146|4221|1428|7696|2322|3487|1670|1322|894|2165|997|3872|1393|1929|965|1943|940|14478|4800|7533|2939|6945|3367|12745|2601|9117|2207|3628|1035|2078|757|1421|697|657|289|50244|7021|31953|5934|18291|3335|1938|900|1663|799|275|358|27243|5924|18513|4880|8730|2537|27081|6137|22297|5517|4784|1598|15276|4782|11074|3270|4202|3056|73|85|73|85|0|211|493|466|493|466|0|211|6571|2211|4961|1676|1610|841
040C201US40|2460354|13211|2082348|14820|267180|9145|154971|8571|112209|7080|5539|1491|4344|1267|1195|581|114|163|19|31|95|160|540|312|417|282|123|161|2518|1294|1969|1114|549|420|6449|2158|5984|2128|465|259|476|388|476|388|0|168|465|406|357|390|108|128|2507|1035|1888|936|619|302|350|235|184|169|166|173|441|310|403|288|38|64|1632|1186|1106|801|526|481|0|168|0|168|0|168|3338|1801|2855|1591|483|341|437|391|213|265|224|275|2666|1238|2239|1188|427|287|2106|1181|1503|932|603|508|495|413|392|369|103|145|972|656|430|320|542|522|3765|1762|2104|1031|1661|1431|1113|477|914|382|199|172|2066|1753|1730|1711|336|274|368|321|221|259|147|202|953|484|669|358|284|234|7131|2018|4017|1338|3114|1061|1365|575|1015|453|350|241|2951|1139|1818|825|1133|613|5794|1580|3308|1055|2486|1250|17623|3340|6580|1655|11043|2800|235|301|40|62|195|294|1844|819|1004|619|840|548|4863|1837|1771|823|3092|1145|4770|1285|2971|806|1799|692|6715|1685|4556|1245|2159|841|3841|1147|2638|791|1203|642|212|168|212|168|0|168|575|329|487|305|88|124|4834|2234|4728|2244|106|190|858|581|858|581|0|168|439|374|277|319|162|213|5035|1082|4773|1086|262|240|2431|1456|2234|1364|197|194
040C201US41|3275312|15826|2707858|20488|328812|12951|199089|10814|129723|8610|10580|2582|9406|2443|1174|559|154|194|0|220|154|194|1107|686|1006|710|101|132|3266|1154|2823|1084|443|309|11534|1892|10613|1754|921|560|2693|1213|2531|1193|162|175|821|442|627|373|194|225|18199|5497|11309|4502|6890|2164|1065|710|907|603|158|225|1636|1267|1518|1247|118|138|10478|3538|4762|1934|5716|2508|183|304|127|213|56|93|4073|1416|2138|848|1935|1027|3634|1782|3194|1598|440|557|6950|2008|5917|1803|1033|634|1697|1331|1320|1093|377|360|1555|1407|1555|1407|0|220|5139|2594|3705|2429|1434|932|4906|2288|2865|1149|2041|1874|11575|3933|7356|2756|4219|1954|4441|2182|2525|1129|1916|1581|1195|674|1104|641|91|153|1461|811|1367|801|94|151|26780|3872|14012|2877|12768|2388|11926|2623|7955|1765|3971|1562|12368|2761|6676|2022|5692|1529|4850|2186|2573|1287|2277|1317|22335|4186|10729|2442|11606|2744|1804|1168|1145|913|659|500|6133|2688|2728|1209|3405|2266|4870|2145|2668|1146|2202|1209|10660|2664|7946|2268|2714|1005|6591|1994|4024|1312|2567|1082|9670|3580|6704|3137|2966|1238|1031|490|924|495|107|126|3206|2268|2449|1819|757|554|1717|875|1508|785|209|306|2775|1310|2067|1083|708|618|146|196|68|114|78|164|838|570|664|480|174|294|2600|1232|1888|929|712|658
040C201US42|9497564|25684|8054492|37038|685545|15714|395066|12981|290479|13078|28293|5391|17628|2930|10665|3393|28253|7113|14894|4142|13359|4564|25466|3194|19579|2882|5887|1355|19745|4737|12459|3148|7286|2883|24609|3243|20731|3015|3878|1271|15388|2916|12567|2332|2821|1514|11272|2206|8461|1961|2811|994|44365|7206|21382|3787|22983|5547|18142|4833|11236|3063|6906|3036|7550|1956|5837|1852|1713|689|18286|3795|9785|2797|8501|2004|4203|2027|3046|1728|1157|775|9745|2888|5710|1780|4035|1634|20199|3860|13280|2951|6919|1804|27443|4187|21314|3456|6129|1994|16780|3741|13569|3492|3211|1290|7015|2571|4192|1628|2823|1229|12666|3115|6835|2210|5831|1851|30494|6226|17032|3855|13462|3155|16520|4315|10626|3139|5894|2085|22248|4584|18458|4077|3790|1404|11558|2775|10587|2630|971|618|17809|3745|12721|3035|5088|2356|92438|7695|42289|4251|50149|5413|5459|1421|3724|1039|1735|708|23471|3717|11396|2693|12075|2159|387|382|323|366|64|86|42441|6671|15513|3122|26928|5120|8258|2757|2728|1100|5530|2325|5291|2249|1957|1295|3334|1692|9834|3002|4321|1410|5513|2418|18394|3553|13570|2748|4824|1568|5482|2063|2708|1203|2774|1512|46408|9695|28658|5994|17750|4825|7541|2511|7112|2418|429|283|7252|2979|3899|2059|3353|2096|24478|4941|20271|4246|4207|2239|10178|2286|6657|1782|3521|1313|0|192|0|192|0|192|121|112|121|112|0|192|12045|5115|9305|4411|2740|1114
040C201US44|960759|8847|715693|13555|147214|6536|73177|5940|74037|5291|6446|1742|5975|1647|471|312|4110|2781|2434|1725|1676|1200|4567|1210|3438|1131|1129|555|32717|6522|20323|4769|12394|3337|1088|729|996|658|92|156|330|335|330|335|0|244|376|295|376|295|0|244|1794|1361|1154|884|640|986|748|553|487|425|261|224|39|64|33|64|6|2|153|164|98|163|55|13|886|700|886|700|0|244|1051|741|644|509|407|395|43|75|43|75|0|244|1059|797|1059|797|0|244|89|100|89|100|0|244|0|244|0|244|0|244|263|417|263|417|0|244|1136|979|556|461|580|803|1199|1229|900|1186|299|402|584|413|584|413|0|244|1232|861|1121|825|111|189|52|67|52|67|0|244|5516|1353|2794|954|2722|923|1591|1046|1328|905|263|222|1652|951|1049|518|603|691|1916|1759|1211|1039|705|750|858|664|60|80|798|658|2414|1088|1544|1040|870|499|3857|1900|1582|949|2275|1268|1021|865|606|619|415|440|3825|1659|2293|1038|1532|1122|161|181|160|181|1|2|6032|3588|2861|1601|3171|2668|159|244|159|244|0|244|1690|1943|69|76|1621|1945|3925|2041|1400|739|2525|1934|1424|1247|327|383|1097|1081|0|244|0|244|0|244|113|180|113|180|0|244|1736|1235|1544|1222|192|225
040C201US45|3520348|26163|3151230|28601|214133|12092|114624|9232|99509|9248|14536|3585|13080|3315|1456|722|1304|965|797|534|507|668|3741|1794|2940|1505|801|919|9359|2988|6073|2064|3286|1701|9376|2309|8336|2172|1040|556|1432|932|1171|890|261|313|4111|2484|2555|1321|1556|1664|11106|2930|7356|2252|3750|1975|1674|819|1430|768|244|300|1304|1713|1304|1713|0|229|5290|2571|2369|1037|2921|1914|244|399|88|145|156|255|1553|1080|854|640|699|690|8211|2503|5880|1939|2331|1146|3526|1710|3490|1698|36|73|1655|1281|1429|1108|226|282|0|229|0|229|0|229|0|229|0|229|0|229|2813|1612|2277|1328|536|590|4741|2481|3589|1960|1152|702|2341|1129|1913|997|428|370|2971|1380|1662|969|1309|1100|2094|1505|1693|1429|401|570|11735|3532|5544|1777|6191|2409|3161|1595|1871|1043|1290|841|3068|1380|2190|1227|878|664|1252|802|705|546|547|470|8633|2781|3827|1565|4806|1728|549|420|404|343|145|179|2216|1099|903|576|1313|761|2400|1472|1159|773|1241|857|8817|2143|5482|1989|3335|1361|990|598|929|548|61|107|6992|2772|3871|1737|3121|1854|778|826|778|826|0|229|998|1205|494|575|504|723|3610|1621|2794|1283|816|747|2168|1658|2168|1658|0|229|0|229|0|229|0|229|938|1078|938|1078|0|229|3298|1716|2644|1649|654|583
040C201US47|4454912|23304|3915272|29786|330022|12417|166148|11903|163874|10502|13929|4670|11333|4003|2596|1115|3629|2752|2741|1969|888|900|2509|1306|2004|1084|505|405|3790|1643|3269|1506|521|386|9535|2618|9028|2621|507|339|2862|1680|2584|1517|278|353|619|414|619|414|0|230|2989|1034|2356|843|633|536|1192|534|975|487|217|205|4618|2678|3074|1708|1544|1470|2524|1475|1583|1049|941|739|566|561|482|545|84|142|2743|1088|1778|795|965|703|5199|1596|3819|1265|1380|651|8399|2875|8045|2824|354|322|3587|1902|2399|1338|1188|789|2257|2079|1529|1443|728|669|1632|1017|1339|864|293|312|8310|3181|5909|2668|2401|1150|5605|1838|4219|1482|1386|688|4308|1750|3229|1570|1079|624|1577|879|1334|658|243|362|1006|677|763|550|243|259|14675|3174|8766|1993|5909|2101|3845|1289|2750|1165|1095|719|10290|2354|5412|1623|4878|1436|115|197|0|230|115|197|10358|2640|3727|1356|6631|1948|894|715|469|417|425|424|5593|2117|2520|1296|3073|1416|2948|1655|1328|698|1620|1347|9783|2706|7889|2343|1894|788|1293|755|919|672|374|377|27800|7778|11046|2713|16754|6761|3312|2494|3312|2494|0|230|4741|2599|1759|957|2982|1973|4395|1894|2216|1205|2179|1449|12444|5369|7822|3958|4622|3457|0|230|0|230|0|230|36|56|36|56|0|230|3711|2090|2853|1644|858|747
040C201US48|24152444|53012|14882176|70937|7213597|53089|4365281|49726|2848316|42065|86114|10002|68435|7957|17679|4999|8604|4006|5235|2313|3369|2341|12131|2266|9500|1951|2631|1241|47718|6615|36161|5042|11557|3148|42086|4977|34370|3844|7716|2968|12339|3359|10689|2984|1650|1394|4358|1365|3550|1273|808|539|32580|4783|21639|3836|10941|2646|8673|2022|7271|1771|1402|733|9011|2652|7215|2172|1796|1012|10411|2775|8133|2201|2278|950|2995|1332|2763|1346|232|271|41133|5944|26923|4232|14210|3266|44291|6426|32919|4926|11372|3115|122041|12176|105717|12117|16324|3248|99634|11742|78243|9613|21391|4282|13019|4158|10353|3487|2666|1120|28349|5133|18774|3490|9575|2848|65487|8407|48868|6644|16619|3674|36517|7053|23237|4275|13280|4661|114696|10408|95688|9012|19008|4171|52989|7759|44288|6846|8701|2605|66934|8330|52435|6829|14499|2895|196524|12635|106727|7774|89797|8009|24738|5634|17543|5111|7195|1742|72899|8307|39008|5807|33891|4798|1329|701|714|466|615|492|244739|15366|108179|8913|136560|11087|11706|3411|4700|1418|7006|2520|20929|3921|8826|1991|12103|2889|36817|6925|18239|4105|18578|4499|95710|9681|73651|8708|22059|3265|24765|4249|18820|3513|5945|1924|121097|14333|91547|12842|29550|4948|9673|3507|8339|3061|1334|898|42052|9638|26337|5098|15715|6520|115604|12803|100452|11752|15152|3227|52547|10242|34170|7577|18377|4975|631|517|486|446|145|189|3804|2572|2083|1071|1721|1654|18997|5011|13180|3399|5817|2378
040C201US49|2862920|13506|2363763|15592|349942|11513|208188|8942|141754|8816|7639|1747|6320|1571|1319|707|1485|1461|679|627|806|957|3070|1230|2888|1194|182|200|15501|2993|12175|2813|3326|1130|7229|1949|6171|1750|1058|630|993|447|993|447|0|210|1005|661|490|322|515|517|5272|1741|2886|954|2386|1531|525|376|434|352|91|162|2536|1027|1730|761|806|562|3082|2007|2283|1847|799|640|713|653|616|652|97|160|1931|1285|1054|672|877|780|1144|1147|1071|1057|73|116|1839|1298|1839|1298|0|210|2414|1870|1536|1192|878|759|595|683|544|619|51|94|334|299|222|228|112|212|2236|2010|1039|968|1197|1147|2770|1165|2486|1144|284|194|2443|1164|1836|970|607|588|914|757|709|649|205|208|534|634|534|634|0|210|17165|3136|9794|2305|7371|1854|5860|1796|4317|1378|1543|686|5594|2060|3516|1715|2078|983|452|415|369|371|83|143|8813|2539|4558|1669|4255|1531|1421|855|661|430|760|694|3493|1312|1595|741|1898|799|5092|3797|2145|1623|2947|2288|7849|1884|5774|1325|2075|1181|11493|2776|7697|1884|3796|1573|5822|2480|3533|1574|2289|1322|141|250|0|210|141|250|818|857|558|540|260|347|1551|1371|1145|1299|406|373|3765|2121|1294|903|2471|1675|1398|732|1129|712|269|236|350|323|343|316|7|18|1934|908|1716|868|218|191
040C201US51|6268880|18417|4857030|27054|625756|12905|363678|11450|262078|13342|32001|4437|24888|3994|7113|1662|8927|2906|6053|2140|2874|1397|9685|2171|7506|1626|2179|1079|14232|2572|10396|1910|3836|1747|17019|2854|15421|2747|1598|607|3396|1335|2878|1131|518|471|2968|783|2611|738|357|281|16126|2903|10374|1988|5752|1952|3433|1393|2346|1012|1087|645|4287|1605|2551|796|1736|1193|10269|3165|7184|2509|3085|1588|864|565|578|420|286|324|37985|5014|22594|3254|15391|3402|12656|3070|9374|2275|3282|1274|36607|6110|31398|5462|5209|1667|35994|5624|29179|5000|6815|1697|11830|4774|9128|3641|2702|1476|22915|5238|13776|3219|9139|2906|21940|4595|13759|3201|8181|2400|20645|4037|15487|3357|5158|1501|23479|4416|20541|4012|2938|1132|11329|2785|9873|2527|1456|689|6864|2055|6233|1891|631|458|59687|5603|38327|4295|21360|2960|8664|1728|5370|1275|3294|1010|57426|7005|28711|4013|28715|4096|50|88|50|88|0|217|55972|6969|25275|4193|30697|3916|3259|1595|920|675|2339|1202|9800|2697|4346|1303|5454|1830|20611|3941|12188|2133|8423|2524|47052|4985|35008|3886|12044|2611|4838|1349|3507|1084|1331|583|62318|8847|47008|7030|15310|3028|1477|667|1295|673|182|260|45740|7505|28614|5442|17126|3543|26009|4148|21869|3663|4140|1306|6490|2313|5200|2022|1290|887|104|110|59|77|45|74|520|511|378|393|142|161|10626|4022|9938|3956|688|443
040C201US53|6260114|23290|4730857|32247|585353|17534|366728|14328|218625|12437|24331|4162|19567|3233|4764|1662|731|536|269|246|462|445|5947|2477|5703|2428|244|209|15367|4402|10185|3109|5182|2257|21163|2826|18787|2657|2376|1054|5672|1795|5110|1684|562|459|1605|511|1409|511|196|243|53756|8175|33268|5475|20488|3829|4580|1907|3500|1760|1080|580|8101|2772|5718|2211|2383|1096|41009|7277|17263|3917|23746|5092|1923|863|1165|701|758|413|22471|6221|11246|2922|11225|4430|6147|1998|5477|1798|670|466|45014|5360|40098|4966|4916|1442|9635|3736|8000|3054|1635|1065|18746|3916|10749|2553|7997|2470|5973|2220|4403|1779|1570|1211|12342|2821|9931|2455|2411|997|21878|5022|16493|3978|5385|1666|24180|5576|19949|4660|4231|1824|18015|4639|16483|4527|1532|659|10806|3229|9128|2609|1678|1017|154727|9710|89528|6656|65199|5653|26359|3716|18647|2829|7712|1776|57685|6647|28577|4364|29108|4168|1550|747|1233|622|317|289|71632|7783|30260|4060|41372|5248|15843|3808|7825|2690|8018|2131|14313|3043|6963|1939|7350|1746|12215|3149|7337|2126|4878|1869|65478|6686|44199|4864|21279|3742|33587|5531|22670|4209|10917|2646|26738|6749|19841|5645|6897|2184|3607|2142|2719|1478|888|1008|38833|7044|23682|5690|15151|2864|14949|4434|10787|3389|4162|2348|15884|3301|10659|2780|5225|1514|431|381|70|135|361|360|2840|1127|2147|940|693|496|7841|3046|6202|2355|1639|985
040C201US55|3729549|20764|3274164|22814|255801|8828|153739|7521|102062|7797|6722|1750|5342|1449|1380|884|251|270|251|270|0|161|3295|1197|3110|1137|185|205|2109|1206|1341|660|768|820|11644|1866|9559|1702|2085|856|1838|1051|1456|988|382|335|1883|977|1858|970|25|40|6506|1814|4114|1428|2392|949|3485|1093|3007|1038|478|388|4749|2087|2896|1204|1853|1274|4253|1668|2683|1294|1570|1209|95|151|95|151|0|161|1590|1636|1014|903|576|763|1781|919|1277|763|504|454|7735|2487|7032|2307|703|489|3142|1643|2591|1321|551|415|1701|1162|1058|812|643|556|2078|1281|1880|1122|198|320|6330|2483|4204|1623|2126|1498|8498|2432|5839|1616|2659|1171|2764|1596|2564|1570|200|262|5149|2052|4544|1951|605|478|1549|839|1195|714|354|281|16952|2656|10005|2255|6947|1725|2314|1403|910|512|1404|1242|4544|1554|3567|1242|977|662|33154|3962|21251|2854|11903|2290|3088|1229|1763|869|1325|749|339|282|225|176|114|126|4154|1736|2683|1276|1471|868|10539|3598|4172|1804|6367|2620|6972|1566|4685|1354|2287|1108|1947|1003|1766|921|181|211|10923|3503|7781|2829|3142|1269|839|644|598|519|241|217|3880|2083|2445|1522|1435|862|3925|1613|3275|1334|650|551|3689|1501|3041|1230|648|674|83|148|83|148|0|161|2333|1911|2204|1904|129|207|762|452|686|417|76|117
040C243US06|2308081|36640|1639351|28373|508509|24667|321173|16697|187336|13213|8179|2155|6938|2120|1241|636|65|98|65|98|0|225|3346|1368|2417|994|929|725|7302|1876|5548|1577|1754|637|6294|2077|5647|1977|647|464|2570|1020|2444|1001|126|117|610|320|547|297|63|104|5294|1536|4065|1145|1229|828|1238|676|798|639|440|358|655|502|487|357|168|199|3898|1934|1731|1099|2167|1406|3396|2208|2522|1542|874|1036|4224|1581|3166|1506|1058|579|1275|1120|969|814|306|379|5855|2110|4435|1669|1420|858|2918|2601|2811|2594|107|135|9778|3795|6683|2905|3095|1428|832|763|729|696|103|129|2238|1794|2062|1744|176|237|2546|903|1923|703|623|492|3908|1603|3091|1299|817|483|2005|1537|2005|1537|0|225|3090|2147|713|972|2377|1894|16920|3474|8552|2045|8368|2169|2504|1053|1295|611|1209|632|7462|2367|3675|1358|3787|1674|4276|2377|2331|1628|1945|969|5559|2311|3625|1864|1934|790|1320|649|794|507|526|286|1947|964|1229|536|718|564|3620|2327|2293|1506|1327|970|19042|3517|13797|2864|5245|1574|2058|896|1265|638|793|521|5809|2903|4043|2259|1766|1010|934|651|782|579|152|272|1397|1138|1272|1120|125|192|1715|1253|1617|1258|98|132|2113|1263|2109|1262|4|1|234|297|132|199|102|217|961|657|914|649|47|53|834|548|374|311|460|449
040C243US12|2158448|42354|1810668|34675|249751|17177|152670|12108|97081|9612|7265|1686|5800|1626|1465|622|16584|6902|12670|5101|3914|2319|1421|562|1227|572|194|179|15568|7494|11431|6069|4137|2222|5763|1872|5005|1749|758|437|1423|720|1084|566|339|410|457|332|265|267|192|206|3849|1708|2759|1163|1090|834|3191|2165|2163|1624|1028|708|1119|1048|917|1007|202|264|3394|2346|2277|1237|1117|1488|71|102|58|99|13|23|330|426|105|183|225|274|1573|955|1067|714|506|428|2106|1359|1194|851|912|655|368|302|227|262|141|170|0|247|0|247|0|247|216|338|216|338|0|247|2157|1543|1227|1002|930|943|2626|1230|1840|932|786|574|3107|1916|3107|1916|0|247|647|585|575|535|72|125|1048|893|827|823|221|346|4586|2419|1740|1081|2846|2046|724|607|572|492|152|185|2051|1203|601|433|1450|1191|79|139|79|139|0|247|3170|2089|1474|884|1696|1428|669|577|204|308|465|498|859|487|570|374|289|297|269|350|269|350|0|247|5038|1602|3724|1351|1314|651|664|391|367|323|297|279|1626|1414|998|642|628|859|1083|1017|952|999|131|177|8|17|0|247|8|17|275|453|275|453|0|247|557|419|507|412|50|82|0|247|0|247|0|247|412|340|412|340|0|247|1676|790|1101|535|575|419
040C243US13|2821735|32027|2607696|29453|153879|10659|97380|7531|56499|5619|4646|1522|2706|878|1940|1251|2336|1099|1021|620|1315|729|1232|519|1232|519|0|232|1479|936|1205|807|274|347|3967|1263|3635|1212|332|249|1168|609|1009|609|159|181|155|211|155|211|0|232|1473|790|878|578|595|409|7|16|7|16|0|232|227|345|64|113|163|239|1576|1057|978|766|598|405|0|232|0|232|0|232|749|563|381|398|368|365|1811|933|1316|705|495|294|3326|2756|2606|1940|720|966|890|816|574|449|316|487|243|341|198|260|45|103|563|670|520|660|43|73|365|383|192|337|173|259|1234|618|1127|631|107|145|1083|803|1083|803|0|232|274|344|259|341|15|21|506|552|506|552|0|232|2873|1225|1906|980|967|583|1167|775|834|727|333|338|4617|1769|2550|1222|2067|986|971|853|487|424|484|493|2952|1659|1837|1224|1115|774|716|594|337|459|379|386|1484|796|760|545|724|473|1648|996|1227|716|421|348|3961|1424|3278|1252|683|451|1865|1675|1523|1600|342|384|3025|2649|2342|2601|683|374|212|230|212|230|0|232|209|170|84|11|125|168|1286|837|1286|837|0|232|1858|1709|1858|1709|0|232|0|232|0|232|0|232|317|378|268|305|49|93|1689|872|1218|659|471|421
040C243US26|2594063|25621|2491858|26311|46205|4178|33931|3467|12274|1902|2893|563|2283|464|610|257|82|90|29|28|53|84|1316|581|1257|567|59|52|1099|532|812|413|287|208|10943|1987|7887|1592|3056|980|11692|2869|7775|2170|3917|1362|767|760|390|409|377|376|1478|605|995|461|483|338|2195|697|1552|488|643|547|411|318|332|286|79|90|1338|1171|935|796|403|431|28|44|28|44|0|187|321|294|310|295|11|19|22|43|22|43|0|187|698|562|698|562|0|187|31|61|17|33|14|28|88|111|61|102|27|56|180|191|143|192|37|6|67|29|67|29|0|187|3917|1718|3242|1548|675|404|0|187|0|187|0|187|8|4|8|4|0|187|130|46|51|47|79|4|2438|1057|1250|693|1188|625|1092|566|921|505|171|139|565|353|344|303|221|182|574|504|156|168|418|462|290|247|201|239|89|69|1015|1346|15|33|1000|1346|605|437|352|358|253|269|231|214|124|148|107|166|1187|394|735|294|452|213|574|547|543|539|31|77|2819|1470|2370|1381|449|308|240|197|240|197|0|187|766|448|601|356|165|158|308|493|308|493|0|187|333|294|254|221|79|96|17|29|17|29|0|187|1065|431|1021|426|44|54|2177|1327|1576|1137|601|539
040C243US27|1586871|26621|1509565|25207|40827|3573|23999|2453|16828|2163|1480|370|1251|333|229|158|0|157|0|157|0|157|573|283|489|267|84|95|249|146|194|133|55|65|4973|1066|2890|571|2083|915|2214|762|1439|540|775|341|7|13|7|13|0|157|3013|1234|2038|910|975|577|372|239|291|219|81|55|397|307|345|301|52|39|461|214|386|191|75|65|0|157|0|157|0|157|15|19|15|19|0|157|375|585|261|392|114|204|574|560|513|537|61|87|178|203|108|134|70|92|7|13|0|157|7|13|143|156|63|106|80|115|281|224|237|216|44|67|1534|553|1347|538|187|111|127|206|127|206|0|157|225|244|225|244|0|157|101|144|101|144|0|157|1315|796|611|341|704|538|272|280|227|280|45|50|973|826|445|368|528|484|4611|1539|2722|1280|1889|728|423|348|156|140|267|232|312|227|180|189|132|145|472|299|335|218|137|103|538|357|306|222|232|178|1355|517|959|329|396|243|1118|527|352|303|766|369|444|273|407|273|37|34|137|201|137|201|0|157|1029|843|421|359|608|777|214|331|214|331|0|157|881|702|583|610|298|206|34|40|21|26|13|32|3918|947|3402|938|516|204|1134|518|637|252|497|445
040C243US36|2419318|22062|2238652|19813|74615|6454|46605|4376|28010|3767|6707|1762|5879|1695|828|388|1945|1403|1853|1396|92|114|6561|1610|5065|1331|1496|696|2276|905|1732|651|544|417|9798|1806|7275|1337|2523|849|23727|4307|15608|3177|8119|2196|1764|724|1126|555|638|359|5741|1885|3726|1385|2015|843|3379|1224|2094|873|1285|794|1288|701|816|453|472|415|2898|1074|2086|812|812|400|601|579|601|579|0|220|451|248|372|248|79|98|558|563|507|542|51|91|2257|1508|1519|1032|738|681|791|398|601|306|190|236|197|224|74|105|123|183|1410|1083|983|732|427|477|997|861|607|418|390|524|3826|2074|3262|2007|564|416|274|274|274|274|0|220|313|211|258|186|55|94|655|409|495|325|160|129|7593|1672|4277|1156|3316|1076|1605|723|1073|550|532|432|1981|868|1258|645|723|390|0|220|0|220|0|220|662|589|376|374|286|288|152|220|152|220|0|220|590|440|121|115|469|419|1377|910|732|526|645|713|2688|752|2032|688|656|339|493|300|467|299|26|27|2608|1100|2069|909|539|368|1967|904|1356|516|611|657|32|66|32|66|0|220|1312|1190|1036|869|276|372|684|712|445|628|239|325|34|74|34|74|0|220|1782|826|1562|808|220|236|2077|759|1463|565|614|405
040C243US37|3507314|26129|3196695|26288|243265|12476|139997|10059|103268|7816|4036|1359|3698|1313|338|223|2331|1491|295|352|2036|1408|2529|1000|2113|858|416|367|1948|819|1476|720|472|340|7068|1730|6222|1604|846|447|900|477|783|451|117|148|519|564|473|490|46|85|5189|2116|3513|1395|1676|1239|695|295|600|279|95|111|391|420|391|420|0|226|993|573|946|565|47|81|0|226|0|226|0|226|816|807|466|549|350|388|1145|762|774|544|371|350|1973|1253|1729|1061|244|333|150|178|150|178|0|226|295|393|295|393|0|226|693|610|693|610|0|226|679|583|559|495|120|141|2298|1425|1403|735|895|1000|3486|2023|2852|1509|634|828|1873|1294|1457|1052|416|491|1885|1291|1741|1243|144|245|3197|1234|2088|999|1109|646|1122|618|902|557|220|249|2725|1234|2132|1161|593|419|2980|1980|2315|1434|665|750|1678|848|1083|624|595|500|220|234|220|234|0|226|687|536|237|234|450|419|1475|1024|482|372|993|905|2294|797|1809|665|485|328|921|528|780|472|141|142|3402|1570|2644|1380|758|585|403|438|403|438|0|226|0|226|0|226|0|226|398|391|127|113|271|373|774|645|385|469|389|384|0|226|0|226|0|226|1657|627|1573|603|84|106|1529|819|1030|496|499|607
040C243US42|2920674|25839|2736814|24764|55023|4757|35681|3788|19342|2235|2564|690|2327|686|237|182|1067|730|734|639|333|272|2686|993|1981|625|705|528|2871|1431|1857|900|1014|760|19033|2554|13889|2175|5144|1174|60348|6945|38282|5583|22066|3451|877|475|846|472|31|54|3458|1210|2544|1128|914|333|3183|1519|2371|1412|812|484|1399|1643|1148|1361|251|307|3729|3027|2902|2391|827|728|0|192|0|192|0|192|696|888|467|575|229|321|569|436|209|177|360|371|1156|570|746|445|410|307|2409|1597|1965|1253|444|581|395|521|0|192|395|521|185|269|144|222|41|71|1742|988|853|672|889|842|1847|1145|1193|699|654|586|887|847|887|847|0|192|35|53|26|38|9|17|402|566|171|242|231|333|4375|1638|2777|1200|1598|635|585|362|296|212|289|254|1307|510|470|265|837|435|42|55|33|53|9|17|1244|843|380|374|864|535|529|529|449|507|80|138|467|292|307|213|160|175|2034|2246|1443|1455|591|811|2596|900|1497|750|1099|610|427|312|247|171|180|247|1850|754|1604|641|246|227|405|220|254|155|151|158|0|192|0|192|0|192|440|263|385|250|55|98|182|185|182|185|0|192|0|192|0|192|0|192|51|48|46|46|5|9|765|352|429|257|336|228
040C243US48|5186638|53569|3979511|45831|1058980|29537|694821|21626|364159|16222|4932|1620|3186|810|1746|1495|759|686|552|480|207|304|433|284|405|283|28|41|4331|2833|3618|2615|713|595|18046|3245|14202|2890|3844|1647|3285|1660|3078|1466|207|281|63|106|63|106|0|242|2145|1153|1760|853|385|515|1350|706|928|587|422|334|816|763|707|658|109|181|2255|904|1897|704|358|305|92|152|92|152|0|242|2464|1588|1762|1244|702|653|3205|1634|2512|1264|693|739|8600|2886|8264|2750|336|394|8557|3903|5599|2529|2958|1862|963|798|767|734|196|296|2273|1703|1200|802|1073|1165|3746|1625|2236|1105|1510|965|4278|2222|3177|1872|1101|1048|11394|5309|8454|3809|2940|2470|744|585|744|585|0|242|1958|1051|1474|848|484|324|8388|2808|6090|2556|2298|834|1091|653|797|567|294|312|4039|1241|2032|819|2007|807|128|220|128|220|0|242|9920|2918|4719|1750|5201|1835|517|399|186|195|331|349|1892|992|1271|795|621|632|1264|1169|1161|1061|103|130|11120|3067|7450|2143|3670|1637|2691|1233|1527|774|1164|780|5274|2027|3939|1554|1335|945|618|436|529|397|89|158|1532|922|1314|880|218|297|6028|2940|4999|2612|1029|817|4323|2907|2349|1432|1974|2352|70|115|70|115|0|242|768|394|721|378|47|48|1795|1039|1482|935|313|365
0500000US04013|4418275|461|3242832|22150|864894|17799|563491|15329|301403|12696|10943|3312|9346|3051|1597|773|1067|1030|471|519|596|721|4372|1116|3256|956|1116|676|6639|1941|4985|1558|1654|1110|7927|1639|6982|1594|945|438|3873|1879|3232|1761|641|680|2216|1039|2067|1030|149|150|3695|1242|2826|1091|869|432|4208|1512|3238|1331|970|581|4601|1575|2562|1001|2039|1095|2370|1204|1436|635|934|742|518|413|339|290|179|302|6924|2458|3621|1311|3303|1649|3117|1354|2069|1000|1048|884|11597|3932|9861|3609|1736|940|1584|735|946|505|638|411|4829|2696|3909|2119|920|807|1796|814|1067|575|729|449|2738|1372|2002|977|736|712|11360|3750|8449|2901|2911|1461|12705|3550|10317|3159|2388|1422|7910|2709|7301|2531|609|421|6972|3334|4856|2438|2116|1998|30831|4339|16906|2970|13925|2643|5415|2056|2806|1249|2609|1359|12894|3690|7333|2573|5561|2203|1353|1773|1353|1773|0|237|21718|4676|10676|3077|11042|2713|1897|952|1168|743|729|569|2777|1981|2057|1440|720|631|5112|2395|3158|1439|1954|1098|24448|6046|18254|5403|6194|1969|7370|2692|5668|2063|1702|1334|20386|5040|12817|3169|7569|2857|2748|1485|2518|1372|230|376|11116|3595|5770|1723|5346|2588|7307|3004|5674|2714|1633|933|14792|4939|9327|3197|5465|2799|7545|2090|5730|1975|1815|641|2685|1397|2057|1201|628|419|6194|1877|4557|1394|1637|1403
0500000US04019|1029272|210|757277|10846|210821|10059|146643|7988|64178|6685|4159|2132|3603|2196|556|468|211|275|149|258|62|96|991|858|875|724|116|182|1037|1006|365|499|672|593|2603|894|2383|877|220|220|577|408|577|408|0|237|149|193|149|193|0|237|2794|1524|1609|1122|1185|714|1503|1284|891|710|612|608|132|167|132|167|0|237|836|553|836|553|0|237|0|237|0|237|0|237|3466|2330|1491|826|1975|1772|512|607|512|607|0|237|1015|774|817|695|198|325|756|852|756|852|0|237|212|301|212|301|0|237|174|284|0|237|174|284|836|737|463|447|373|616|581|429|388|380|193|190|328|381|328|381|0|237|229|242|229|242|0|237|197|329|197|329|0|237|6971|2034|4022|1593|2949|1102|1370|791|820|701|550|411|1331|616|754|529|577|334|0|237|0|237|0|237|3385|1751|1970|1362|1415|701|255|325|235|296|20|35|410|335|158|198|252|241|1044|883|1034|883|10|3|4591|1964|2653|1156|1938|1319|1097|720|1053|705|44|78|6307|3593|4694|2393|1613|1536|437|322|347|289|90|155|918|903|580|629|338|333|861|715|535|568|326|314|3540|2195|3051|2068|489|456|3092|1284|2900|1235|192|290|1446|555|1254|539|192|200|821|715|735|696|86|145
0500000US06001|1566092|366|811956|13696|274802|8616|162069|8476|112733|7646|9563|2166|8169|1978|1394|558|862|771|862|771|0|225|3512|2009|3186|1951|326|276|5123|1838|4082|1750|1041|538|4593|1297|4214|1251|379|311|1137|912|1137|912|0|225|895|837|618|503|277|379|5751|2157|3366|1520|2385|1277|1256|685|1134|625|122|147|616|494|228|197|388|382|1132|636|817|486|315|312|261|218|148|99|113|133|14674|3825|10958|3305|3716|1394|8195|2720|6546|2267|1649|1043|48094|6435|41011|5579|7083|2117|5258|1941|3937|1569|1321|605|17397|4410|11757|3586|5640|1876|2250|1245|2029|1177|221|218|8793|2243|7383|1895|1410|679|4010|1630|2464|1207|1546|1010|19470|3611|16002|3211|3468|1017|12734|2847|11244|2646|1490|737|6200|2028|5411|1828|789|533|152954|9617|70569|4858|82385|7011|5778|1638|4098|1236|1680|826|12638|2799|7296|1786|5342|1529|330|473|330|473|0|225|26593|5065|11620|2830|14973|3292|5262|2689|2209|1081|3053|2063|4024|1781|2137|979|1887|1121|5504|1837|3243|1261|2261|1227|52253|5926|34449|4339|17804|2976|5270|1611|3720|1326|1550|574|10550|3500|6923|2901|3627|2074|1405|566|1276|539|129|166|7695|2490|3947|1572|3748|1949|1803|1099|1316|929|487|599|2139|1009|1935|867|204|229|15|3|15|3|0|225|263|358|9|3|254|359|3082|1873|867|784|2215|1361
0500000US06013|1111236|514|679163|10880|216564|8269|122987|7786|93577|6792|4251|1630|3792|1637|459|316|88|107|88|107|0|225|1323|650|1130|561|193|229|4255|1540|3276|1154|979|675|2284|859|2085|789|199|226|283|229|283|229|0|225|511|405|511|405|0|225|6594|1998|4816|1458|1778|907|680|449|519|421|161|205|868|915|823|904|45|75|4038|2477|2749|1790|1289|1433|421|426|237|244|184|215|14201|3091|7535|1932|6666|2506|2773|1484|2665|1443|108|179|13893|2083|11013|1823|2880|1104|3766|1678|2761|1295|1005|872|7275|2667|4573|1776|2702|1455|653|840|533|652|120|195|6746|2818|3983|1561|2763|1698|3345|1575|2590|1270|755|543|5543|2110|5240|2077|303|302|5274|2458|4714|2326|560|483|2801|1207|2335|1107|466|386|36052|4028|20831|3037|15221|2388|2018|864|1207|624|811|455|7473|2262|3293|1293|4180|1444|0|225|0|225|0|225|4475|1440|2083|743|2392|1016|832|510|386|298|446|294|2832|2230|1781|1744|1051|698|6343|2734|2818|1325|3525|1904|41461|6042|30329|4597|11132|3120|5588|2733|2822|1384|2766|2186|9993|4029|6045|2673|3948|1851|659|654|600|651|59|98|1401|914|980|812|421|387|2655|1832|1972|1277|683|708|954|846|954|846|0|225|0|225|0|225|0|225|0|225|0|225|0|225|907|1018|277|280|630|989
0500000US06037|9282796|518|4158130|36942|3489855|26372|2010754|25809|1479101|24435|34590|5392|28640|4627|5950|1656|4976|2734|4392|2698|584|715|12716|2420|10679|2273|2037|748|13636|2534|10216|2043|3420|1319|21059|2939|19778|2889|1281|351|4528|1161|4181|1108|347|288|4015|1144|2984|886|1031|710|58392|7860|31488|5427|26904|4271|6493|2157|5280|1739|1213|757|7039|2101|5529|1786|1510|844|11393|2474|6858|1917|4535|1368|198707|13177|108070|10308|90637|8294|74454|8772|46531|6041|27923|4454|7097|1801|5356|1281|1741|927|27281|4727|21515|3896|5766|2241|10475|3210|6552|2089|3923|1516|5889|2051|4084|1701|1805|794|14609|3380|8228|2251|6381|2210|11986|3502|8345|2998|3641|1448|12996|2534|11134|2341|1862|822|7458|2419|6933|2238|525|455|4817|1701|3823|1440|994|550|4566|1778|3897|1506|669|465|383333|13799|163671|8373|219662|10239|47680|4972|29677|3602|18003|2492|147864|9799|59660|5896|88204|7077|776|941|776|941|0|225|71281|7810|26579|3779|44702|5791|21652|3624|8744|1973|12908|2241|22033|3494|9736|2002|12297|2464|10403|2495|5573|1608|4830|1351|224158|12636|157486|10919|66672|5476|26704|4276|17326|3663|9378|1984|49754|6664|30123|4258|19631|4723|21983|3893|19064|3531|2919|1454|14566|5027|10271|4241|4295|1867|13894|3554|10902|3051|2992|1412|4645|1838|3775|1668|870|827|149|175|149|175|0|225|689|629|634|611|55|93|14075|3280|7483|1926|6592|2621
0500000US06059|3015056|640|1565950|18617|746191|13927|472282|10031|273909|10747|8372|2177|7739|2071|633|360|53|83|53|83|0|225|3817|1733|3209|1668|608|391|6690|2567|5144|2251|1546|1058|9006|2411|7919|2077|1087|689|2574|1206|2540|1207|34|58|1532|1061|1092|655|440|704|12284|4817|7041|2611|5243|3670|2332|945|1704|806|628|458|1613|1071|1367|1032|246|302|5498|2344|3771|2072|1727|906|3752|1402|3134|1211|618|417|50392|7370|33485|5490|16907|3784|10378|3532|7849|2912|2529|1040|14354|3623|11755|3275|2599|1047|6976|2940|5031|2647|1945|930|5811|1899|3918|1273|1893|1202|1746|814|1117|522|629|501|5782|2917|4124|2207|1658|1225|7938|2007|5547|1512|2391|1088|3583|2169|3233|2115|350|401|3074|1246|2698|1108|376|377|1274|702|1030|560|244|215|110846|9521|60819|6578|50027|5750|15928|3091|9890|2505|6038|1428|82380|7595|42353|5200|40027|4035|886|825|259|421|627|632|199710|11427|78878|6498|120832|7737|4742|2128|2287|1230|2455|1449|4647|2553|2133|1395|2514|1638|10497|3656|6681|2421|3816|1957|56654|7230|38438|5242|18216|3697|7875|1999|5487|1764|2388|946|27673|5666|20942|4682|6731|1957|2923|1916|2774|1888|149|246|5435|3008|4325|2566|1110|1006|616|376|502|343|114|146|631|437|337|296|294|298|0|225|0|225|0|225|443|644|443|644|0|225|2198|1291|1697|1109|501|618
0500000US06065|2386972|450|1336768|20074|862008|17178|570149|15286|291859|13379|5049|1509|4420|1158|629|547|115|194|80|136|35|58|2020|895|1955|896|65|107|2768|1390|2135|1205|633|358|3214|1379|2723|1360|491|397|1369|896|1327|883|42|69|341|251|206|149|135|144|2861|2139|2581|2080|280|199|2127|1301|1146|716|981|736|52|88|52|88|0|225|1152|1063|872|962|280|462|1170|831|673|513|497|443|4929|2031|3121|1617|1808|837|2098|1202|1474|813|624|508|4499|2044|3419|1792|1080|682|3867|1714|2826|1429|1041|678|4932|2987|3291|2113|1641|1039|1593|1379|892|773|701|671|1290|695|945|505|345|343|4798|2108|3268|1486|1530|907|65|105|65|105|0|225|897|777|780|711|117|140|546|536|40|67|506|534|31114|5582|12645|2557|18469|3916|2830|990|1223|562|1607|657|9283|3199|4373|1821|4910|2015|642|544|544|523|98|114|13388|3114|6147|1616|7241|2251|3201|1786|1132|827|2069|1293|4589|1908|2078|1172|2511|1126|677|436|469|339|208|192|38573|5673|25003|3851|13570|2928|4646|2149|2776|1027|1870|1679|17687|4535|11999|3353|5688|1780|325|217|132|140|193|158|1250|1789|601|738|649|1087|4992|2685|4607|2479|385|389|1862|1528|1577|1140|285|469|17|29|17|29|0|225|507|594|360|569|147|186|861|531|704|534|157|192
0500000US06067|1518947|419|970899|15572|215232|9050|137609|8435|77623|5977|3210|1170|2518|1114|692|458|0|225|0|225|0|225|1801|1215|1363|869|438|453|2958|1652|2054|1327|904|788|3277|983|2591|931|686|300|658|493|658|493|0|225|423|349|283|238|140|169|30968|7067|10491|2649|20477|5637|1095|800|697|609|398|375|1236|631|644|355|592|492|20758|6663|7956|3250|12802|4412|4251|4087|3386|3575|865|863|19128|4873|9419|2518|9709|3287|2760|1398|1343|857|1417|851|19891|3785|13097|3162|6794|2057|6104|2639|4407|2255|1697|887|24189|6306|11717|2813|12472|4785|739|685|644|562|95|156|2804|1424|1809|1095|995|742|15201|4422|9863|3713|5338|1871|4648|1739|4279|1634|369|309|1564|1014|1302|891|262|321|2182|1513|1732|1268|450|468|43660|5942|17924|3547|25736|3552|3060|1050|1848|706|1212|679|3592|1066|1396|481|2196|982|21661|4593|12190|3318|9471|2514|22519|4474|9315|2153|13204|3027|1657|1090|749|576|908|771|3492|1434|1489|693|2003|890|6337|2819|3406|1673|2931|1547|33998|3794|22882|3301|11116|2163|4581|1669|2482|1087|2099|836|7244|2444|4995|1894|2249|1160|0|225|0|225|0|225|5153|2818|2951|2030|2202|1309|3731|2629|3731|2629|0|225|848|710|521|517|327|378|0|225|0|225|0|225|0|225|0|225|0|225|1438|890|909|632|529|477
0500000US06071|2081103|728|1133134|19204|760956|16903|498448|14145|262508|11587|2525|1040|2241|1076|284|252|19|42|0|225|19|42|385|346|128|153|257|310|1201|537|1001|465|200|236|2326|943|2326|943|0|225|1612|1258|1612|1258|0|225|640|730|511|686|129|212|1441|1165|1188|1096|253|263|44|74|44|74|0|225|1173|1137|1117|1131|56|95|551|530|542|530|9|2|1495|1119|800|693|695|546|1511|885|1009|687|502|532|1602|671|986|524|616|487|4813|1683|3326|1209|1487|1126|3745|2270|2523|1673|1222|1091|1391|1017|767|726|624|494|787|604|567|424|220|243|1688|1661|726|661|962|1145|1630|656|1096|490|534|334|1268|827|1049|722|219|209|585|579|389|462|196|331|956|1225|659|805|297|445|51676|7051|21184|3466|30492|5293|1222|541|741|455|481|308|11554|2363|4546|1260|7008|1639|977|984|831|949|146|202|13156|3394|5363|1870|7793|2292|1142|578|504|320|638|344|2444|1299|814|544|1630|955|1413|942|397|378|1016|766|32514|5144|21057|3430|11457|3296|7820|2455|5393|2227|2427|848|18228|4475|11862|3342|6366|1946|220|298|220|298|0|225|1229|898|366|421|863|699|8030|3865|7718|3830|312|356|351|365|290|354|61|91|621|748|487|714|134|230|292|261|87|145|205|221|736|475|623|423|113|136
0500000US06073|3121915|412|1900693|17484|788949|14132|507261|11426|281688|10010|12656|2586|11153|2450|1503|649|1359|925|570|644|789|709|6180|1880|5446|1863|734|379|11396|2724|8768|2068|2628|1478|8023|2590|7534|2512|489|387|1857|658|1501|588|356|339|1862|730|1703|663|159|190|15184|4808|10326|3560|4858|2088|2938|1159|2215|969|723|469|1536|1026|1437|988|99|154|5483|2136|3440|1604|2043|945|1431|740|1214|662|217|215|26206|5731|16265|3827|9941|2698|2792|1123|2129|987|663|415|12906|3340|10929|3018|1977|1261|2353|1835|2314|1835|39|3|6748|4185|3922|2159|2826|2674|2054|1064|1820|954|234|231|3093|1678|1980|1257|1113|757|9517|3093|6587|2493|2930|1527|5112|2080|4473|2006|639|553|3349|1484|3161|1452|188|162|3639|1395|3446|1358|193|238|56864|6988|32666|5314|24198|3676|13176|2592|7928|2008|5248|1230|14748|3264|8526|2389|6222|1742|377|268|324|204|53|90|33795|4588|15231|3037|18564|2877|3953|1728|1497|922|2456|1296|6084|2194|3086|1314|2998|1193|5943|2341|3400|1516|2543|1703|88586|8030|57485|5349|31101|4169|10678|3006|8277|2788|2401|942|29874|5449|13541|2891|16333|4056|2329|936|1975|864|354|310|10444|2642|7374|2107|3070|1095|2516|1737|2123|1706|393|371|2374|1482|1723|1036|651|833|86|84|25|45|61|71|577|456|571|456|6|11|2195|933|1088|528|1107|721
0500000US06075|795144|200|446434|10739|89338|5199|56332|4865|33006|4401|9968|2661|8951|2307|1017|665|264|670|133|219|131|632|3861|1202|3353|1015|508|386|1395|688|1238|663|157|209|5118|1527|4974|1508|144|152|893|735|893|735|0|225|798|532|798|532|0|225|7754|1824|4965|1574|2789|1001|536|543|285|375|251|380|725|503|657|490|68|79|1661|661|960|426|701|395|178|245|143|238|35|58|2761|1251|2025|831|736|658|1500|779|1443|757|57|99|8731|2782|7352|2552|1379|850|503|437|442|381|61|105|209|276|57|99|152|254|704|523|704|523|0|225|3115|1526|1531|799|1584|1302|3290|1458|2854|1295|436|487|1035|588|1035|588|0|225|1215|621|1007|563|208|181|714|469|714|469|0|225|131407|8052|57050|5353|74357|5754|6842|2842|4200|1792|2642|1421|8185|2657|6016|2355|2169|883|0|225|0|225|0|225|14043|4324|5360|2052|8683|3154|265|427|0|225|265|427|1479|962|794|574|685|652|2749|1210|2140|856|609|587|24788|4331|14885|2684|9903|2588|3386|1915|2923|1729|463|395|3528|1742|2689|1152|839|967|1397|1081|1397|1081|0|225|1856|910|1792|897|64|111|287|272|287|272|0|225|1027|1020|884|818|143|251|39|62|39|62|0|225|168|217|168|217|0|225|998|479|766|482|232|356
0500000US06077|766389|171|420372|12625|213638|9783|124383|6853|89255|7648|1494|1187|1494|1187|0|225|103|169|97|169|6|2|805|538|726|531|79|95|2310|1017|1681|881|629|402|469|324|396|315|73|114|190|194|190|194|0|225|211|265|61|98|150|244|239|316|239|316|0|225|117|198|117|198|0|225|332|403|168|209|164|199|132|221|58|102|74|121|38|64|38|64|0|225|4850|2167|2639|1555|2211|1130|1589|1116|1101|853|488|448|5138|1767|2936|1117|2202|1115|5837|2929|3826|2518|2011|1084|19573|4185|10626|2703|8947|2426|395|538|145|240|250|314|3155|2209|2711|2064|444|447|4307|2399|2419|1670|1888|992|5152|2220|3978|1700|1174|885|1908|1403|1712|1252|196|229|5863|2621|3664|2053|2199|1836|5764|1759|2788|935|2976|1058|639|611|451|581|188|122|729|611|451|453|278|273|4097|1767|1958|931|2139|1099|7021|2503|2138|891|4883|2007|7811|2667|3983|1714|3828|1574|2666|1707|2148|1557|518|337|234|232|199|205|35|58|27129|4936|17322|3721|9807|2237|5313|1917|3868|1764|1445|727|2195|1775|1835|1740|360|384|116|191|66|108|50|83|158|204|115|193|43|75|2288|1556|1972|1421|316|284|623|655|623|655|0|225|0|225|0|225|0|225|335|432|335|432|0|225|1054|1066|1054|1066|0|225
0500000US06081|705462|766|380207|10487|123586|6450|63368|5554|60218|6455|5972|2315|5040|2139|932|556|126|222|126|222|0|225|2814|1163|2340|975|474|600|4127|1312|2939|911|1188|741|2779|886|2611|860|168|206|820|506|820|506|0|225|908|636|826|593|82|135|8018|2132|5528|1750|2490|1151|998|712|902|759|96|163|756|515|684|503|72|114|704|432|613|353|91|155|224|201|115|149|109|105|3385|1114|2443|887|942|598|878|588|741|442|137|236|9739|2254|8655|2131|1084|546|367|346|367|346|0|225|1045|813|864|656|181|298|658|428|633|423|25|42|1863|950|1017|548|846|818|3166|1185|2823|1082|343|292|1220|746|1101|691|119|138|3382|1774|3106|1662|276|241|1039|635|920|614|119|171|70984|6671|40017|4627|30967|3653|5750|1597|3367|943|2383|980|3860|1160|2974|1077|886|399|111|184|111|184|0|225|3935|1427|1896|786|2039|1230|111|136|81|136|30|4|1839|971|968|648|871|657|6768|2943|3167|1444|3601|3017|42793|4624|28263|3355|14530|2930|3683|1407|2356|966|1327|742|3841|1586|2683|1392|1158|563|954|720|731|604|223|305|363|423|226|259|137|175|848|867|848|867|0|225|266|412|266|412|0|225|0|225|0|225|0|225|0|225|0|225|0|225|575|268|513|231|62|100
0500000US06085|1832328|753|810961|18015|305493|9459|180119|8637|125374|8186|6748|1837|5972|1677|776|460|42|70|42|70|0|225|3609|1251|2701|922|908|603|8017|1949|5619|1559|2398|847|5605|1529|4286|1073|1319|1043|2134|977|1843|859|291|365|1419|735|1156|637|263|211|19015|2874|11640|2168|7375|1894|1356|1081|1165|1015|191|222|4820|2752|2915|2140|1905|1150|4565|1978|2328|1105|2237|1217|291|227|291|227|0|225|19731|3330|14630|2882|5101|1486|9421|2466|6923|2087|2498|1094|64537|6804|55166|6214|9371|2378|6527|2197|5188|1905|1339|791|14602|5124|8457|2371|6145|3939|5632|1930|4413|1622|1219|594|12356|2775|10445|2407|1911|818|5303|2135|3371|942|1932|1531|18749|4072|14924|3806|3825|1645|25031|4736|21443|4070|3588|1689|13965|2794|11933|2516|2032|828|197041|11687|114314|8252|82727|6967|15269|3310|7587|2353|7682|2301|30069|4604|16426|3015|13643|2772|909|656|674|726|235|305|123953|10411|48932|5671|75021|6641|2376|929|1272|682|1104|470|3257|1655|2119|1161|1138|715|6169|2452|4725|2139|1444|777|47136|6304|30991|5082|16145|3018|8220|2538|6298|2107|1922|855|7635|2880|6367|2545|1268|1121|7409|2321|6270|2016|1139|716|8860|2597|6151|2001|2709|1035|427|404|394|405|33|54|740|602|638|572|102|163|0|225|0|225|0|225|1369|869|1369|869|0|225|1560|865|1237|664|323|296
0500000US08005|628849|452|478241|8894|78325|6599|40101|5497|38224|5502|4716|2433|3184|1714|1532|1424|103|174|103|174|0|224|592|352|404|339|188|269|1036|538|991|533|45|73|1873|1039|1823|1035|50|87|888|727|565|540|323|494|0|224|0|224|0|224|5274|1977|2736|1275|2538|1385|654|401|528|405|126|159|509|400|405|350|104|174|1872|1219|1146|736|726|579|301|444|301|444|0|224|3032|1632|1125|825|1907|1229|523|578|341|368|182|276|2316|1151|2228|1136|88|105|0|224|0|224|0|224|1014|860|544|459|470|454|146|257|0|224|146|257|2187|1415|1206|789|981|908|825|515|477|363|348|302|782|722|709|661|73|120|716|668|270|283|446|615|634|627|634|627|0|224|5279|1964|3472|1581|1807|787|648|565|438|438|210|264|6202|2405|3541|1762|2661|1629|130|221|130|221|0|224|2298|1190|1175|800|1123|828|162|273|118|198|44|76|1321|1327|922|969|399|387|54|74|40|68|14|23|2076|981|1180|498|896|838|2304|1644|805|383|1499|1654|4483|1707|2350|1042|2133|1023|528|432|439|409|89|141|10620|4014|4679|2244|5941|2127|4529|2328|3513|1982|1016|725|1015|858|1015|858|0|224|8|3|8|3|0|224|153|205|53|60|100|164|480|435|436|429|44|74
0500000US09110|942043|127|711637|9300|113581|5000|73172|4307|40409|3762|5410|1453|4618|1364|792|517|2469|1126|1295|860|1174|664|6678|2722|4743|2283|1935|1127|5581|2064|2983|1153|2598|1273|1980|993|1474|829|506|408|238|166|238|166|0|225|1464|975|1151|914|313|275|3668|1672|2208|1104|1460|957|11922|2488|6937|2109|4985|1320|2960|2105|2133|1710|827|708|2609|1901|1857|1496|752|552|428|483|47|79|381|477|2290|1233|1907|841|383|444|2482|1075|1531|825|951|678|8041|2510|5142|1689|2899|2398|4667|2035|3149|1320|1518|922|0|225|0|225|0|225|675|595|548|515|127|158|1732|835|1380|697|352|360|3561|1500|2117|1013|1444|888|1815|1070|1616|1043|199|193|6681|2536|5511|2049|1170|759|3117|1943|2412|1536|705|497|7365|1893|3577|1152|3788|1350|1021|802|659|629|362|293|1613|879|1035|687|578|400|0|225|0|225|0|225|3411|1564|1525|853|1886|953|0|225|0|225|0|225|2125|1364|668|489|1457|1063|1012|737|833|601|179|294|2166|1256|1717|1160|449|454|234|272|181|193|53|92|5073|2414|2418|1320|2655|1412|1331|770|1331|770|0|225|165|279|71|128|94|159|5100|1837|3876|1433|1224|743|0|225|0|225|0|225|0|225|0|225|0|225|1201|1571|954|1535|247|400|4540|2323|4378|2316|162|238
0500000US09190|604009|1242|427790|7813|98579|4573|54548|4436|44031|4507|7416|3116|6220|2588|1196|726|9673|3382|5674|2278|3999|1837|2947|979|2325|826|622|399|14279|4051|8163|2534|6116|2232|1930|1175|1392|667|538|801|332|295|289|257|43|70|1778|1506|907|692|871|930|3971|1222|2960|1054|1011|591|1380|743|823|429|557|521|238|297|129|159|109|187|2075|821|1563|768|512|371|0|225|0|225|0|225|541|416|280|237|261|222|736|424|614|320|122|136|3266|1730|3188|1716|78|93|884|766|547|460|337|418|1428|1075|397|358|1031|791|1609|1321|1130|932|479|517|282|275|245|267|37|63|2807|1185|2355|980|452|349|734|709|734|709|0|225|1466|994|1196|862|270|306|472|390|432|370|40|68|5224|1462|3806|1280|1418|602|1197|824|954|774|243|243|1342|776|1044|598|298|222|0|225|0|225|0|225|1306|948|618|518|688|512|32|55|32|55|0|225|637|503|302|291|335|361|647|741|492|518|155|253|2791|1336|1881|1053|910|464|71|118|71|118|0|225|1564|982|487|401|1077|850|195|228|195|228|0|225|0|225|0|225|0|225|191|277|191|277|0|225|1166|1193|896|842|270|442|0|225|0|225|0|225|0|225|0|225|0|225|1033|627|952|610|81|139
0500000US11001|662752|79|521800|8710|61754|4580|37228|3992|24526|4130|11931|2616|9860|2366|2071|1166|1260|1049|523|636|737|917|1831|980|1770|973|61|102|1431|875|1330|856|101|172|3303|1266|2950|1196|353|416|532|414|532|414|0|247|1115|894|1041|894|74|15|2673|1057|2042|818|631|618|445|345|361|244|84|137|711|693|711|693|0|247|1036|620|815|507|221|214|106|135|29|46|77|127|2051|926|1859|883|192|188|878|776|878|776|0|247|1772|845|1368|600|404|443|403|478|325|358|78|134|318|312|171|215|147|235|273|234|273|234|0|247|972|807|972|807|0|247|1732|1105|1175|845|557|595|0|247|0|247|0|247|891|767|722|750|169|146|196|247|196|247|0|247|7561|1543|5543|1335|2018|860|1334|555|902|482|432|328|2003|730|1496|651|507|284|53|81|53|81|0|247|2868|2099|388|302|2480|2131|0|247|0|247|0|247|609|562|292|265|317|338|1832|1241|1746|1232|86|102|1567|769|1060|618|507|598|638|388|638|388|0|247|2612|919|2293|835|319|331|1327|620|1252|628|75|80|14706|6013|8716|3854|5990|2738|4037|2150|2838|1371|1199|1128|1584|858|1403|845|181|224|31|50|31|50|0|247|0|247|0|247|0|247|576|369|427|248|149|275
0500000US12011|1929058|226|1045036|16527|568414|9615|331189|13332|237225|13331|24446|4842|16611|4017|7835|2307|124013|11905|75571|9084|48442|6537|8756|2378|7286|2186|1470|697|42523|6087|23325|4540|19198|3934|4393|1361|3478|1051|915|827|1740|1413|1470|1139|270|370|1697|919|1584|925|113|143|16254|3866|7696|1907|8558|3321|4514|2152|2981|1645|1533|1218|622|419|511|407|111|108|5507|2362|2587|1401|2920|1724|389|414|389|414|0|247|468|632|468|632|0|247|1509|1116|1141|821|368|409|7434|3267|6359|2993|1075|743|4405|2169|2597|1442|1808|1089|260|303|205|232|55|97|3597|2412|2164|1419|1433|1388|976|1048|976|1048|0|247|6801|2427|4857|1791|1944|1124|718|594|639|509|79|131|1393|921|1182|804|211|257|3169|1611|2498|1518|671|399|10762|3256|5416|1950|5346|2056|590|372|536|334|54|96|845|518|645|454|200|229|0|247|0|247|0|247|5379|2216|1729|869|3650|1813|0|247|0|247|0|247|377|354|71|118|306|334|1615|1000|1523|998|92|150|5088|1748|3928|1386|1160|809|339|271|286|231|53|92|7275|3348|5665|3403|1610|1034|7214|2491|6265|2355|949|910|392|410|392|410|0|247|1874|2336|1091|1123|783|1267|0|247|0|247|0|247|0|247|0|247|0|247|435|411|416|412|19|21|7839|2282|5379|1667|2460|1339
0500000US12057|1494485|242|1021638|16317|357739|9882|191664|10569|166075|9280|4967|2322|3978|1924|989|764|10334|4572|6033|2788|4301|2685|3300|2073|2138|1175|1162|1054|3255|1473|1901|902|1354|991|3954|1293|3910|1310|44|75|836|510|836|510|0|247|410|357|410|357|0|247|2633|1005|1988|789|645|558|1726|1021|836|546|890|757|523|297|444|302|79|132|3183|1790|2098|1418|1085|1144|0|247|0|247|0|247|530|412|398|395|132|122|3723|1860|2667|1375|1056|744|3969|1618|2792|1269|1177|1028|2840|1977|2684|1881|156|185|262|329|262|329|0|247|2386|1787|2049|1689|337|305|687|533|583|509|104|171|2118|1579|1424|995|694|1116|6381|2816|4952|2470|1429|798|3356|1914|2855|1743|501|567|3649|1610|2544|1393|1105|852|8320|2671|3356|1258|4964|2108|1182|864|694|528|488|679|1314|621|753|441|561|394|638|860|638|860|0|247|8042|3269|3262|1572|4780|2108|0|247|0|247|0|247|2127|1243|827|546|1300|1066|2453|1902|1669|1131|784|986|4942|2351|3260|1133|1682|1679|630|540|518|517|112|134|13968|7078|6578|2259|7390|5481|341|578|341|578|0|247|496|398|400|370|96|150|1991|1674|1653|1572|338|452|964|742|814|640|150|260|0|247|0|247|0|247|0|247|0|247|0|247|2678|1562|2268|1286|410|500
0500000US12086|2686930|122|653847|16586|1799905|10631|901089|17775|898816|16494|18134|3483|14217|2886|3917|1446|99855|10072|56278|8761|43577|5883|5151|1903|3999|1868|1152|735|25040|4321|19101|3881|5939|1440|4246|1553|3672|1425|574|492|1670|794|1599|785|71|119|2049|1434|1951|1356|98|172|15690|3829|10493|2630|5197|1919|1148|595|1016|592|132|160|1192|761|1053|664|139|163|4218|2261|2325|1396|1893|1260|82|136|82|136|0|247|1718|894|1085|584|633|544|979|696|883|607|96|155|2616|1335|2358|1330|258|260|1436|840|1258|798|178|228|301|379|301|379|0|247|1865|1380|795|870|1070|956|123|179|123|179|0|247|1580|742|1368|709|212|214|623|455|567|452|56|87|1525|1018|1308|881|217|299|560|484|560|484|0|247|8345|2227|5097|1555|3248|1135|347|274|214|180|133|163|1911|1059|1379|965|532|469|523|856|124|195|399|667|2943|1684|1382|1043|1561|1029|111|188|55|96|56|95|129|220|0|247|129|220|3538|1823|2560|1359|978|948|4054|1564|2927|1269|1127|748|660|516|173|204|487|414|5694|3109|5000|2583|694|633|6816|2281|5847|1970|969|766|365|371|256|313|109|180|2404|1749|2062|1509|342|389|145|248|0|247|145|248|0|247|0|247|0|247|0|247|0|247|0|247|3392|1657|2993|1582|399|325
0500000US12095|1448665|505|865678|16648|392580|8842|224698|9164|167882|10190|5663|1875|4620|1727|1043|774|50092|9417|28820|7110|21272|5901|2339|1215|2071|1087|268|260|41397|9729|24715|6666|16682|4456|4972|2000|4671|1990|301|266|382|333|382|333|0|247|141|189|141|189|0|247|5078|2420|3034|1683|2044|1117|500|401|500|401|0|247|547|608|344|361|203|329|1966|1760|786|963|1180|1065|432|551|432|551|0|247|816|740|552|441|264|350|2141|1463|1723|1361|418|381|1997|1362|1248|738|749|753|2706|1532|2353|1397|353|338|805|822|805|822|0|247|780|751|642|597|138|193|911|880|827|872|84|145|1928|1346|1297|1090|631|757|2245|1438|1766|1091|479|466|1557|1198|1557|1198|0|247|1312|1267|577|368|735|1187|10348|3100|6161|2033|4187|1912|1527|1611|1144|1335|383|374|1803|799|713|420|1090|634|0|247|0|247|0|247|8813|3091|3349|1064|5464|2871|404|488|0|247|404|488|1129|1135|390|476|739|941|1486|763|525|353|961|627|10128|2791|6905|1946|3223|1843|1056|537|959|570|97|159|15370|4747|12104|3857|3266|1612|486|516|486|516|0|247|900|813|363|435|537|630|836|696|836|696|0|247|2187|2433|2187|2433|0|247|0|247|0|247|0|247|0|247|0|247|0|247|3227|1813|2457|1732|770|524
0500000US12099|1504063|110|969793|17798|317920|6357|153015|6702|164905|7556|13732|3713|9530|2485|4202|1989|86275|9489|37106|6027|49169|7838|6561|2303|5585|2219|976|567|23351|6507|16941|5455|6410|2996|4432|1632|3811|1626|621|340|1963|740|1755|741|208|161|2950|1878|2417|1822|533|466|7959|2577|4556|1608|3403|1298|3054|1277|2646|1140|408|404|542|555|440|513|102|133|2946|1088|2184|815|762|620|558|511|365|314|193|270|2024|1309|1267|937|757|880|1914|1219|1443|1018|471|389|1934|917|1516|730|418|524|1268|985|1230|977|38|63|141|176|141|176|0|247|3859|2115|2488|1598|1371|1072|1099|1198|772|795|327|453|4167|2327|3008|1787|1159|1070|1010|781|761|524|249|368|507|495|293|317|214|306|382|602|297|468|85|139|6869|3284|3606|1744|3263|1745|422|295|254|202|168|209|715|611|253|284|462|402|0|247|0|247|0|247|4146|1775|1493|894|2653|1310|248|284|144|215|104|179|842|637|580|456|262|343|5188|3210|2042|1296|3146|2128|3685|1465|3050|1339|635|420|49|83|49|83|0|247|6813|2187|5370|1762|1443|903|3810|1544|3489|1497|321|248|757|614|306|379|451|448|1798|2741|858|1265|940|1486|2563|2879|170|185|2393|2872|0|247|0|247|0|247|95|117|95|117|0|247|5722|1760|4510|1604|1212|581
0500000US13067|743949|110|578835|6533|93911|3647|53899|4300|40012|4609|3467|1907|2984|1756|483|390|5329|2632|3726|1713|1603|1931|93|115|93|115|0|232|6759|2979|3739|1663|3020|2007|1062|466|737|388|325|317|1536|1215|1425|1192|111|184|356|310|163|204|193|206|1233|706|615|295|618|490|290|413|140|173|150|252|517|464|517|464|0|232|1078|638|890|554|188|265|211|272|211|272|0|232|2784|1577|1441|889|1343|898|1826|891|1383|864|443|345|3493|1355|2520|1051|973|825|2264|1883|2148|1874|116|142|0|232|0|232|0|232|1208|853|804|694|404|458|2553|1534|1831|1256|722|634|2364|1873|1993|1492|371|606|3567|2391|3441|2365|126|153|2829|1377|2659|1343|170|170|731|590|670|573|61|103|5596|1723|2568|1088|3028|1300|741|610|471|484|270|278|1763|1021|1054|698|709|728|0|232|0|232|0|232|3999|1628|1566|956|2433|1299|76|101|76|101|0|232|1008|889|694|672|314|360|250|264|181|243|69|84|2646|965|1816|776|830|507|40|67|40|67|0|232|1709|1570|1494|1331|215|265|437|395|437|395|0|232|650|594|650|594|0|232|3741|1769|3156|1548|585|440|1778|996|1096|735|682|519|0|232|0|232|0|232|117|197|117|197|0|232|1102|746|1056|742|46|79
0500000US13089|722254|102|569456|8227|62297|4282|32513|4143|29784|3489|7640|3184|5378|2209|2262|1572|2766|2462|1963|2056|803|719|214|191|130|156|84|136|1366|848|1274|822|92|154|1833|859|1721|835|112|161|225|257|225|257|0|232|869|844|824|836|45|76|601|480|326|335|275|319|177|250|107|134|70|121|287|291|287|291|0|232|227|379|0|232|227|379|0|232|0|232|0|232|1774|1144|1002|672|772|633|3553|2284|2286|1771|1267|1002|2268|1384|2006|1334|262|241|1229|779|731|642|498|392|33|54|33|54|0|232|3744|1683|2434|1177|1310|903|3515|2704|1827|1376|1688|1622|1468|807|1140|700|328|388|1150|929|1093|914|57|95|593|486|593|486|0|232|526|436|526|436|0|232|6352|2014|4421|1474|1931|1024|1384|1141|1367|1136|17|28|3129|1344|2022|940|1107|769|0|232|0|232|0|232|4607|2664|1453|1139|3154|2178|891|872|464|445|427|465|0|232|0|232|0|232|3748|1734|1853|1039|1895|979|1129|689|795|575|334|268|84|101|41|64|43|79|1689|836|1524|789|165|221|1567|1265|1567|1265|0|232|14384|4213|8102|2809|6282|2500|4063|1921|3863|1894|200|198|9503|4944|2367|1770|7136|4115|0|232|0|232|0|232|35|72|35|72|0|232|1878|1070|1686|1037|192|220
0500000US13121|1032807|3|845739|8615|69512|4735|46493|4783|23019|4453|6658|1892|5812|1755|846|601|3018|2017|1952|1207|1066|938|1646|1229|1460|1185|186|237|5092|1813|3760|1372|1332|795|3259|1322|2944|1091|315|357|1136|571|1136|571|0|232|333|274|246|222|87|103|4089|1721|2611|1382|1478|1042|520|456|463|412|57|95|293|327|293|327|0|232|1283|667|1079|534|204|215|0|232|0|232|0|232|3760|1726|2582|1306|1178|1161|3181|1321|2657|1235|524|385|9862|3232|9081|3051|781|510|3034|2022|3034|2022|0|232|477|573|477|573|0|232|1741|1296|1560|1112|181|232|1724|651|1636|634|88|144|785|593|785|593|0|232|8344|2328|7478|2218|866|715|4841|2045|4192|1980|649|601|3837|2254|3674|2241|163|198|15938|2979|9588|1957|6350|1615|1140|718|639|480|501|424|7375|1898|4161|1156|3214|1418|0|232|0|232|0|232|1606|754|953|484|653|585|872|1127|769|1096|103|172|521|653|215|230|306|447|1285|948|945|663|340|340|1615|1030|1225|711|390|457|1451|979|936|826|515|430|3980|1763|3361|1608|619|684|3236|2210|2866|2051|370|507|1347|1209|1141|985|206|287|4305|1575|3968|1607|337|405|1256|1008|853|689|403|435|24|40|24|40|0|232|169|200|141|197|28|46|2523|1258|2186|1154|337|451
0500000US13135|944863|120|561458|11572|201735|5490|105308|5993|96427|6427|6921|3936|5925|3547|996|1041|4791|1923|3394|1523|1397|896|422|298|200|149|222|267|3330|1488|2747|1336|583|403|1615|647|1456|649|159|171|208|257|208|257|0|232|0|232|0|232|0|232|2258|1184|1307|842|951|621|615|412|380|272|235|243|3667|1386|2479|1001|1188|724|2248|1313|2108|1298|140|129|0|232|0|232|0|232|3706|2376|2866|1832|840|682|11447|3768|8389|3071|3058|1381|7036|2623|5321|2137|1715|811|4283|1866|2842|1414|1441|926|490|660|299|494|191|226|3208|1188|1631|674|1577|707|2934|1729|1399|998|1535|1280|2610|1164|1751|892|859|627|1005|810|784|604|221|263|1411|1404|821|1012|590|988|2321|1485|1914|1240|407|323|16340|3511|7517|2419|8823|2538|1446|951|821|694|625|441|26270|5631|11866|3201|14404|3219|95|115|64|106|31|49|24579|4501|9537|2093|15042|3173|2066|1408|992|936|1074|612|1377|828|793|509|584|436|3458|2181|2121|1558|1337|836|2242|998|1745|871|497|341|1093|671|608|376|485|402|4852|2621|3405|2084|1447|882|1060|1160|884|928|176|286|11812|5247|9553|4893|2259|1151|12262|3436|11200|3251|1062|803|3135|2249|2562|1964|573|582|0|232|0|232|0|232|21|37|21|37|0|232|3036|1880|2638|1578|398|399
0500000US17031|4920164|452|3134545|24909|1038736|14046|604857|14272|433879|17025|18026|3573|13219|3012|4807|2033|2968|1524|2393|1342|575|468|12834|2759|9604|2251|3230|1226|5383|2245|3953|1290|1430|1403|10130|2186|8874|1799|1256|798|2152|930|2088|908|64|107|16089|3669|12371|3161|3718|1256|32556|5252|19442|3883|13114|2904|113466|10799|61783|7314|51683|5318|18338|3897|11624|2889|6714|2026|45340|7222|17609|3947|27731|4827|1303|1290|736|747|567|588|7466|2933|4775|2199|2691|1732|30412|5543|17997|4010|12415|3377|18346|3926|14654|3410|3692|1525|28321|5719|19424|3984|8897|3032|2333|1461|1686|1094|647|422|4775|3030|1782|893|2993|2313|5916|2408|4482|1939|1434|1015|29685|5308|20112|4278|9573|2712|5783|1885|4934|1712|849|703|6219|2662|5318|2391|901|795|10413|3307|7142|2202|3271|1402|79742|8765|37337|4474|42405|7503|9376|3189|6024|2541|3352|1251|31436|5205|16224|3298|15212|2841|0|208|0|208|0|208|11442|2504|4672|1293|6770|1951|399|391|154|172|245|271|5391|1990|3016|1291|2375|1174|12740|3600|5864|2553|6876|2344|44339|5385|34261|4695|10078|2320|6201|3936|2758|1786|3443|3425|59885|10214|41332|7716|18553|4678|3567|1338|3136|1229|431|321|20568|5000|12477|3506|8091|2334|25759|6630|20115|5236|5644|2240|2067|1106|1583|971|484|409|137|158|137|158|0|208|53|102|53|102|0|208|5527|2269|3459|1595|2068|1163
0500000US17043|886334|65|618280|9997|101543|4781|62282|4401|39261|4185|2699|1748|2431|1694|268|310|0|208|0|208|0|208|6186|2370|4800|2138|1386|826|447|349|370|323|77|126|3077|1158|2767|1125|310|297|344|308|222|237|122|142|3056|1577|2712|1470|344|257|2835|1341|1361|803|1474|835|17955|3422|11758|2294|6197|1794|6134|2422|4268|1697|1866|1020|8452|2761|5110|1733|3342|2192|0|208|0|208|0|208|751|685|664|614|87|149|9094|2314|5073|1363|4021|1327|13237|3126|10935|2885|2302|1072|12550|3956|9940|3351|2610|1004|1879|1082|1280|645|599|558|2549|1481|2126|1257|423|434|1604|870|1286|749|318|253|10885|3581|6812|2428|4073|1725|6780|2926|5801|2690|979|611|3624|1784|3299|1556|325|364|3535|1616|2807|1299|728|515|11643|2271|7879|1941|3764|998|540|406|242|184|298|298|2812|1210|1494|639|1318|811|151|178|151|178|0|208|6720|3953|2604|1559|4116|2506|677|578|359|409|318|367|619|507|449|424|170|168|2227|2100|1104|967|1123|1163|11612|2796|8916|2370|2696|1339|1341|882|1227|845|114|142|6533|2187|5030|1937|1503|711|678|1013|569|842|109|173|415|296|376|264|39|67|1276|1415|1094|1166|182|300|493|510|493|510|0|208|0|208|0|208|0|208|23|41|23|41|0|208|1078|887|637|544|441|502
0500000US17097|681630|125|465100|8169|127006|6095|83358|5601|43648|3562|2017|857|1563|712|454|362|287|321|115|147|172|287|2604|1175|2209|929|395|437|1677|759|1351|788|326|307|2333|1071|1973|947|360|308|173|202|82|135|91|152|1788|860|1543|777|245|215|8410|1910|5756|1718|2654|1002|5692|2135|3559|1302|2133|1030|882|668|524|462|358|484|4973|1691|2964|1109|2009|1223|482|710|482|710|0|208|531|386|531|386|0|208|2559|1276|1881|1119|678|505|6265|2001|5641|1771|624|511|3016|1760|2450|1464|566|359|686|729|508|494|178|280|420|396|350|333|70|116|2328|1860|2016|1578|312|385|2188|1042|1615|870|573|390|5263|2298|5114|2268|149|178|1659|1128|1440|974|219|301|2452|1599|2229|1507|223|245|5781|1357|3623|1066|2158|857|825|735|675|541|150|254|5077|1676|2575|1040|2502|1105|30|51|30|51|0|208|317|259|70|120|247|222|170|214|104|185|66|117|354|347|234|241|120|177|2345|1408|1737|1158|608|483|8859|2159|7030|2053|1829|832|868|712|316|313|552|524|2726|1889|2086|1734|640|464|1061|805|1061|805|0|208|403|417|287|294|116|141|851|745|301|295|550|653|613|906|44|78|569|902|0|208|0|208|0|208|0|208|0|208|0|208|559|505|291|308|268|307
0500000US17197|671270|-555555555|510323|7068|91819|4787|59281|4040|32538|3948|769|558|769|558|0|208|433|689|371|589|62|103|1077|607|731|473|346|233|395|349|298|263|97|164|766|465|710|459|56|95|401|391|212|256|189|299|751|438|523|403|228|215|1433|1060|775|645|658|550|7785|2524|5340|1963|2445|911|900|826|542|534|358|325|2388|1608|967|744|1421|1115|0|208|0|208|0|208|644|692|375|446|269|342|3492|2073|2885|1928|607|599|7434|2752|6292|2362|1142|777|5880|2830|4483|2436|1397|697|2369|1218|1493|771|876|767|184|196|184|196|0|208|1688|1131|1633|1104|55|92|5145|2224|3713|1884|1432|891|2013|1205|1908|1195|105|129|1295|980|947|782|348|454|336|359|268|295|68|106|4743|1950|2527|1168|2216|1101|292|207|228|184|64|108|511|369|319|265|192|230|0|208|0|208|0|208|1679|1500|979|1023|700|538|526|537|381|416|145|238|610|645|375|600|235|263|1023|746|785|611|238|290|5924|2284|4758|1984|1166|653|344|301|294|241|50|88|3128|1634|2639|1355|489|478|102|126|102|126|0|208|128|155|76|128|52|85|1939|1108|1398|806|541|515|104|179|104|179|0|208|0|208|0|208|0|208|420|627|420|627|0|208|77|127|0|208|77|127
0500000US24005|804828|207|673780|8290|42435|4803|25872|3954|16563|3366|2516|1335|1818|1042|698|474|128|178|128|178|0|228|931|565|766|563|165|162|1154|954|913|923|241|187|2601|2091|2601|2091|0|228|405|321|405|321|0|228|2349|1139|1973|1013|376|352|5142|2134|2752|1452|2390|1244|655|544|298|320|357|335|91|157|0|228|91|157|747|581|418|375|329|458|116|192|116|192|0|228|1867|1303|924|803|943|584|748|745|203|249|545|570|2144|1421|1800|1209|344|421|4580|2606|1980|1138|2600|1986|0|228|0|228|0|228|2866|2694|1484|1315|1382|1433|2732|1660|1481|954|1251|1144|1206|761|848|622|358|321|208|300|208|300|0|228|806|787|702|706|104|117|467|526|253|432|214|250|6591|2439|3461|1647|3130|1188|396|434|27|44|369|433|5265|2024|2842|1274|2423|1282|0|228|0|228|0|228|3097|1381|1418|792|1679|894|0|228|0|228|0|228|251|294|220|290|31|53|3772|2657|2315|1735|1457|971|8368|2737|6270|2487|2098|1119|910|753|545|390|365|424|2696|1200|1271|630|1425|661|944|602|944|602|0|228|2910|1368|1451|769|1459|1066|14216|4707|11912|3906|2304|1671|3357|2144|1846|1151|1511|1411|0|228|0|228|0|228|0|228|0|228|0|228|1381|1061|798|498|583|904
0500000US24031|1022040|74|580385|12450|183774|5045|105018|6763|78756|7147|20991|3993|15756|3150|5235|1762|2972|1435|1814|950|1158|808|2534|1206|1695|954|839|689|9626|3037|6392|2122|3234|1583|3080|1287|2449|1067|631|610|780|389|546|360|234|211|1036|542|784|468|252|187|8346|2688|5126|2080|3220|1297|1223|644|714|476|509|434|351|245|197|191|154|151|2672|1292|2031|1111|641|526|1779|1665|1251|1124|528|589|9046|3070|6018|2475|3028|1777|2267|1267|1973|1106|294|390|9139|2515|8241|2464|898|378|4867|1743|3544|1345|1323|608|2356|1571|2240|1514|116|170|6192|2718|4704|2258|1488|1021|5256|2184|4401|1946|855|589|2951|1272|2421|1171|530|396|3917|2607|3439|2262|478|469|5041|1659|4588|1603|453|354|1183|673|1183|673|0|228|39369|5615|20722|3053|18647|3821|2576|939|1132|507|1444|714|11938|2468|6873|1803|5065|1351|0|228|0|228|0|228|9748|2859|5119|2062|4629|1764|1484|793|638|499|846|530|1307|629|717|479|590|371|3612|1807|2263|1311|1349|877|14848|4873|11292|4138|3556|1554|4091|1845|2596|1455|1495|766|7396|3119|6369|2866|1027|740|4064|1714|3880|1698|184|228|27851|5782|19831|4649|8020|2348|12285|3636|10588|3296|1697|868|5091|2471|4431|2133|660|693|0|228|0|228|0|228|733|640|614|561|119|194|3883|2327|3290|2150|593|509
0500000US24033|910840|74|618953|11692|188534|5352|80970|7254|107564|7746|17401|5417|13080|4649|4321|1519|4610|3156|3367|2743|1243|1113|736|514|649|496|87|104|1398|910|671|529|727|613|943|842|840|695|103|178|110|192|110|192|0|228|464|561|464|561|0|228|360|347|357|347|3|6|238|238|238|238|0|228|0|228|0|228|0|228|144|229|144|229|0|228|44|73|44|73|0|228|1523|857|653|569|870|590|409|343|341|317|68|118|1429|628|1039|513|390|322|1237|637|1021|544|216|240|220|293|220|293|0|228|2527|1824|1079|786|1448|1168|769|527|556|449|213|254|4634|2596|1675|1395|2959|1782|254|263|254|263|0|228|661|650|522|665|139|177|247|286|36|79|211|278|4309|1509|2203|933|2106|1103|799|716|799|716|0|228|919|551|508|340|411|398|0|228|0|228|0|228|1907|1034|467|335|1440|817|0|228|0|228|0|228|333|298|189|159|144|247|810|581|607|476|203|195|7003|2322|2993|1045|4010|2087|644|579|491|521|153|195|1223|818|547|425|676|661|75|127|75|127|0|228|8561|3643|6105|3339|2456|1009|26126|4964|21273|4445|4853|1699|2270|1229|1927|1014|343|383|0|228|0|228|0|228|0|228|0|228|0|228|8016|3502|4793|2245|3223|2487
0500000US25009|780021|74|541334|8446|161970|5185|81160|5715|80810|5839|4214|1539|3246|1321|968|527|2985|1713|1802|1371|1183|887|3307|1179|2695|1049|612|379|14982|4227|7240|2244|7742|2998|792|466|792|466|0|228|418|364|327|303|91|156|2221|947|1878|861|343|274|4727|1971|2887|1685|1840|957|782|455|508|383|274|173|514|405|269|200|245|323|926|798|275|448|651|684|423|552|423|552|0|228|686|531|637|544|49|83|211|228|165|214|46|75|1937|1469|1505|1010|432|594|0|228|0|228|0|228|0|228|0|228|0|228|1487|999|665|562|822|753|1244|700|922|521|322|291|3711|2246|1848|966|1863|1426|343|422|343|422|0|228|668|688|668|688|0|228|140|217|140|217|0|228|4152|1372|2443|908|1709|826|1208|1077|860|698|348|454|859|472|638|369|221|168|10|4|10|4|0|228|3247|1341|1938|1187|1309|702|4332|1735|2139|1003|2193|1127|1161|931|251|348|910|658|705|599|705|599|0|228|1069|832|931|779|138|231|411|654|0|228|411|654|6637|2813|4104|2183|2533|1209|325|412|216|286|109|140|512|577|246|269|266|352|1266|806|666|531|600|655|3195|1520|2336|1385|859|743|0|228|0|228|0|228|78|145|0|228|78|145|832|771|415|591|417|476
0500000US25017|1585889|117|1102618|12664|106740|5794|65107|4708|41633|5194|14994|2451|12071|2088|2923|892|14875|2989|8515|2215|6360|2006|6501|1402|4900|1330|1601|565|82332|9613|37895|6273|44437|6213|5049|1393|4901|1359|148|177|1451|1037|1212|1016|239|217|6928|2424|4568|1559|2360|1579|14778|3261|10501|2496|4277|1735|1407|653|1007|509|400|391|1448|872|1316|785|132|168|3087|1278|2358|1119|729|466|3272|1265|2218|822|1054|803|4125|1835|3706|1636|419|365|7706|2763|5947|2364|1759|925|17938|3268|16732|3120|1206|565|1946|1442|1840|1429|106|125|1575|1145|1276|1060|299|334|6136|2453|4667|2050|1469|818|7892|2005|5994|1726|1898|726|6087|1907|4679|1646|1408|588|8062|3054|6664|2373|1398|1692|4799|2091|4429|1886|370|340|3337|1118|2975|1091|362|340|66341|5732|38911|3837|27430|3973|3199|1420|1610|699|1589|1016|10418|2513|6413|1593|4005|1524|0|228|0|228|0|228|9617|2478|4260|1319|5357|1978|12143|2759|5673|1559|6470|1839|3761|1604|1577|918|2184|1232|4239|1467|2528|1028|1711|778|2059|1109|1330|710|729|514|2563|1795|1888|1022|675|835|11597|3306|8491|2533|3106|1540|5851|2679|5546|2690|305|375|2997|1293|1891|728|1106|763|3083|1607|2518|1427|565|413|9248|3100|7441|2761|1807|1001|0|228|0|228|0|228|0|228|0|228|0|228|3690|1920|3247|1729|443|396
0500000US25021|703456|104|540769|8166|30344|3472|22049|3214|8295|1997|6347|1575|5663|1469|684|468|6962|3091|4350|2295|2612|1197|2183|854|1749|741|434|333|11359|3078|6908|2362|4451|1653|1116|702|1041|704|75|69|377|435|377|435|0|228|2368|1485|2239|1471|129|158|6722|2214|4771|1852|1951|801|630|480|407|344|223|291|629|645|472|481|157|271|1300|723|733|485|567|557|261|269|123|141|138|233|981|1194|752|972|229|239|525|372|389|250|136|163|6046|2038|5255|1888|791|510|1501|1265|1134|977|367|352|730|711|610|668|120|198|693|510|511|410|182|296|1570|894|1297|754|273|241|7859|2960|3853|1546|4006|1897|1873|1059|1663|977|210|206|1951|1287|1705|1100|246|394|412|438|294|299|118|209|37247|4196|18343|2812|18904|3166|1371|836|925|618|446|454|3608|1714|1945|1165|1663|921|6|4|6|4|0|228|7599|3208|3373|1377|4226|2429|325|348|325|348|0|228|1401|712|645|450|756|552|2058|1937|1957|1929|101|167|1703|719|1271|588|432|417|216|182|216|182|0|228|5967|2119|4876|1792|1091|650|2208|868|2042|767|166|195|193|269|193|269|0|228|2346|1348|1682|860|664|635|761|506|761|506|0|228|0|228|0|228|0|228|131|177|131|177|0|228|808|559|751|547|57|95
0500000US25025|755274|8|455007|9095|144079|3932|71557|5173|72522|4699|5165|1469|4132|1177|1033|693|31661|6258|16543|4800|15118|4109|4393|1394|3025|1071|1368|985|16700|5002|8854|2650|7846|2969|2926|1135|2800|1122|126|153|537|360|537|360|0|228|2145|1156|1539|870|606|444|4556|1286|2873|1067|1683|717|2029|893|1830|876|199|194|422|362|0|228|422|362|1060|644|636|426|424|498|491|348|307|400|184|303|2150|1079|1645|941|505|515|560|326|560|326|0|228|6108|2094|5484|2043|624|541|1335|1113|1096|854|239|295|23|39|23|39|0|228|2986|1987|1226|831|1760|1481|2226|1520|1201|761|1025|855|2802|1334|1708|1010|1094|785|977|550|785|483|192|183|636|446|570|441|66|103|308|189|308|189|0|228|28526|3705|12051|2002|16475|3172|919|466|660|384|259|212|2607|1096|1462|621|1145|788|58|68|58|68|0|228|9642|3291|3127|1316|6515|2771|602|462|157|201|445|389|320|339|86|117|234|296|1516|847|1259|794|257|299|1040|758|887|623|153|263|603|344|518|319|85|143|6416|1982|4037|1349|2379|1175|882|581|792|565|90|130|4348|2178|2352|1585|1996|958|2782|1470|2280|1287|502|433|1750|973|1177|844|573|469|0|228|0|228|0|228|139|256|0|228|139|256|1842|1764|1719|1726|123|208
0500000US25027|836573|88|633887|10405|80941|4439|48300|4042|32641|3962|5199|1785|4652|1660|547|327|1754|1152|803|444|951|843|1169|577|1075|560|94|119|34800|6114|16142|3509|18658|3953|1093|643|944|629|149|178|104|128|104|128|0|228|2016|1229|854|572|1162|1005|1473|684|585|269|888|587|2979|1827|2193|1156|786|912|802|937|651|746|151|248|337|340|264|278|73|118|645|653|596|623|49|82|690|592|363|344|327|356|1010|636|608|377|402|390|4519|1844|3919|1750|600|444|1846|1330|1657|1260|189|320|100|136|100|136|0|228|342|467|342|467|0|228|3273|1800|2108|1138|1165|824|10099|3996|5545|2669|4554|2100|2114|973|1541|824|573|555|835|941|639|715|196|255|861|665|803|647|58|96|6768|1830|4697|1339|2071|921|732|589|355|276|377|406|290|260|124|147|166|178|233|225|130|141|103|121|8530|2791|2747|1082|5783|1892|306|382|236|273|70|124|1252|960|425|390|827|708|416|523|293|482|123|203|1187|734|587|425|600|524|1513|1917|1405|1916|108|120|6473|2331|3799|1491|2674|1560|269|279|269|279|0|228|593|808|593|808|0|228|9543|2798|7049|2358|2494|1076|4674|2310|3163|1611|1511|1050|0|228|0|228|0|228|151|197|106|176|45|80|755|486|511|365|244|213
0500000US26125|1232111|142|1025158|9641|39552|3663|25734|2945|13818|2249|3165|1131|2704|989|461|313|527|621|143|234|384|588|2289|755|1754|643|535|371|5160|1533|3991|1240|1169|716|5667|1666|5003|1509|664|402|494|382|419|349|75|85|1375|830|1088|681|287|246|4228|1380|1906|792|2322|1011|1604|607|1135|439|469|402|954|511|747|483|207|185|4106|1588|2848|1078|1258|869|621|650|621|650|0|187|1528|985|862|541|666|796|2437|1224|2095|1099|342|316|8458|2888|6639|2116|1819|1777|7391|3332|6293|2860|1098|819|1800|1389|1496|1320|304|370|1845|1268|913|844|932|949|6654|2448|5518|1990|1136|727|9727|2938|6670|2194|3057|1266|12984|3717|10888|3229|2096|1282|7267|2436|6042|2240|1225|689|7155|2677|5761|2102|1394|872|14871|2974|8169|2084|6702|1764|6311|2138|2839|997|3472|1738|6845|1876|4016|1411|2829|984|969|977|418|486|551|557|1776|1166|1080|781|696|688|0|187|0|187|0|187|1387|804|815|579|572|561|424|540|364|534|60|96|4557|1414|3479|1236|1078|681|0|187|0|187|0|187|18890|3718|12208|2783|6682|1955|1316|775|1132|728|184|294|9982|3719|6391|3257|3591|1421|1827|1218|1646|1148|181|215|305|442|0|187|305|442|0|187|0|187|0|187|0|187|0|187|0|187|505|422|505|422|0|187
0500000US26163|1664485|-555555555|1356251|11250|86442|4250|42367|4002|44075|4715|3753|1573|3373|1560|380|373|183|313|54|91|129|223|3280|1141|1868|730|1412|677|757|565|424|373|333|351|3300|1381|2953|1306|347|269|616|523|425|325|191|255|2061|1024|1591|861|470|322|1066|728|752|554|314|377|2237|751|1884|690|353|254|1732|1273|892|690|840|983|2153|1012|1704|790|449|379|290|334|290|334|0|187|390|319|306|275|84|145|5473|2860|3653|1666|1820|1403|6519|1983|4149|1210|2370|1383|2702|1290|2140|1224|562|540|3049|1961|1794|1672|1255|804|14504|3774|5642|1888|8862|3518|2368|1112|2208|1034|160|190|8793|2973|5769|2421|3024|1067|2850|1651|2602|1557|248|245|1194|961|1078|944|116|195|1724|1035|1606|1003|118|185|5132|1605|2643|1070|2489|922|921|583|564|357|357|299|1261|634|696|367|565|380|49|81|49|81|0|187|2641|1531|617|384|2024|1420|149|192|0|187|149|192|264|291|57|102|207|280|596|606|354|474|242|392|2604|1424|2175|1339|429|305|68|117|68|117|0|187|129532|9690|71786|7522|57746|6542|0|187|0|187|0|187|1073|997|1069|997|4|2|4456|1797|3482|1432|974|532|920|691|557|465|363|430|0|187|0|187|0|187|35|61|35|61|0|187|1097|810|990|722|107|132
0500000US27053|1201392|407|977872|10304|69291|4434|44837|4065|24454|3490|6446|2632|4894|2175|1552|879|528|654|62|73|466|645|1513|1064|1185|1029|328|370|3072|1265|2527|1031|545|420|3941|1404|3057|1080|884|827|727|509|604|384|123|207|191|157|191|157|0|157|5032|2238|2533|1072|2499|1467|674|450|292|236|382|376|1000|666|777|572|223|301|2612|1551|856|530|1756|1408|281|322|281|322|0|157|1509|988|896|651|613|400|852|825|754|688|98|154|3836|1621|3403|1512|433|343|599|467|542|457|57|92|399|600|221|314|178|294|1959|943|1645|834|314|293|1239|747|1094|702|145|201|3142|1123|2296|837|846|494|4130|2481|3538|2294|592|656|1688|925|1483|829|205|191|1424|805|1165|695|259|423|9210|1972|5184|1389|4026|1166|2229|1250|1510|830|719|771|2267|937|1540|742|727|479|16241|3019|11866|2905|4375|1064|6028|1602|2767|994|3261|1051|1164|664|513|383|651|455|3229|1580|1991|1154|1238|887|3756|1981|3184|1796|572|457|1811|745|837|495|974|568|991|719|910|695|81|136|3684|1424|2707|1192|977|533|3092|2853|2995|2844|97|164|43690|7520|27922|6564|15768|3524|5717|1863|4109|1420|1608|1027|3185|1282|2041|1006|1144|714|109|175|109|175|0|157|204|253|204|253|0|157|828|586|503|304|325|504
0500000US29189|940060|110|836472|8022|22436|3464|13872|2789|8564|2231|2533|1088|1840|896|693|548|0|198|0|198|0|198|934|1046|875|1042|59|69|1300|839|1045|673|255|414|1861|1168|1700|1163|161|193|1448|1733|467|768|981|1134|413|545|101|119|312|529|2811|1244|1854|1037|957|662|390|275|264|229|126|164|11130|3578|7889|2756|3241|1119|2199|1689|1438|1189|761|1243|171|281|0|198|171|281|1106|788|512|462|594|569|1655|1367|1065|900|590|669|4044|2603|3754|2628|290|263|2058|1173|1616|872|442|474|56|72|56|72|0|198|2272|1637|1415|1059|857|840|1015|733|604|527|411|387|2743|1672|1785|1129|958|959|3413|1445|2212|1057|1201|711|1302|847|1157|760|145|172|534|486|451|467|83|136|11220|2718|5606|1388|5614|2124|1160|1051|774|797|386|430|2905|1258|1868|864|1037|692|0|198|0|198|0|198|5586|2329|2530|1207|3056|1435|86|145|0|198|86|145|201|240|136|221|65|108|2185|1560|1311|885|874|713|2774|1208|1751|853|1023|721|767|741|571|556|196|234|4896|2647|3664|1932|1232|908|418|516|418|516|0|198|353|405|226|261|127|170|1809|1259|1667|1196|142|167|327|321|256|230|71|121|0|198|0|198|0|198|0|198|0|198|0|198|1077|850|1028|840|49|79
0500000US32003|2270744|520|1483360|17170|519447|15257|307076|11541|212371|11965|5300|1458|4063|1255|1237|827|189|257|189|257|0|236|3546|1567|2869|1481|677|507|12521|5535|9115|4502|3406|2177|5968|1760|5435|1680|533|345|1038|549|1038|549|0|236|2496|1731|2343|1714|153|243|3828|1733|2374|1162|1454|1166|3555|1564|2171|1095|1384|1125|1718|1011|1145|800|573|430|3270|1644|2204|1199|1066|769|2201|1402|1547|1257|654|446|3615|1352|2661|1202|954|480|578|966|280|465|298|502|3079|1745|3079|1745|0|236|761|906|436|441|325|480|449|493|273|283|176|225|678|832|351|372|327|540|2161|2448|1501|1750|660|733|3028|1379|1758|835|1270|821|2047|1801|1330|1135|717|1020|286|274|186|243|100|125|1396|1470|1226|1358|170|278|38069|5789|15105|2664|22964|5074|5187|1633|3443|1279|1744|713|13226|4016|8376|2766|4850|1817|969|840|521|410|448|510|11464|4040|5284|2143|6180|2584|1382|1171|149|179|1233|1163|6782|2483|3055|1448|3727|1443|1845|1395|636|390|1209|1316|85993|7242|63586|6566|22407|3580|12389|3078|9265|2806|3124|1257|3207|1329|2482|1171|725|542|2834|1340|2834|1340|0|236|10426|3023|7600|2647|2826|1196|2744|1673|2630|1651|114|140|4594|2439|3466|1944|1128|801|247|249|247|249|0|236|175|209|65|105|110|184|2696|1341|2264|1178|432|349
0500000US34003|929015|120|516230|11386|166343|6449|97463|5519|68880|6676|2782|1261|2465|1210|317|409|1069|729|994|687|75|106|8747|2484|6369|1804|2378|1217|3558|1300|3368|1241|190|163|2674|1097|2509|1052|165|201|953|1193|497|467|456|761|7456|2904|6244|2435|1212|904|13285|2531|9361|2135|3924|1462|15795|4157|9024|2735|6771|1978|6096|2624|4210|2183|1886|791|5189|1802|3027|1045|2162|1200|4028|2647|2475|1529|1553|1349|1534|715|715|419|819|575|5006|1992|2817|1293|2189|1068|10137|3203|8062|2348|2075|1606|7059|2921|4800|1930|2259|1312|1226|926|828|606|398|381|3333|2227|2428|1717|905|758|2677|1338|2554|1321|123|184|8919|4028|5112|2242|3807|2139|3292|2013|2774|1755|518|510|824|887|757|865|67|116|2954|1289|1677|888|1277|731|20233|3637|10748|2482|9485|2712|6626|2335|3876|2256|2750|999|51892|5318|23585|3164|28307|3549|0|226|0|226|0|226|945|966|451|473|494|588|608|949|0|226|608|949|1085|796|518|475|567|543|6403|2000|3252|1278|3151|1448|12966|2770|9553|2044|3413|1347|999|893|734|645|265|340|12445|3774|8328|3025|4117|1260|8647|2408|8114|2309|533|325|487|654|487|654|0|226|2105|1281|1955|1107|150|244|189|209|189|209|0|226|0|226|0|226|0|226|0|226|0|226|0|226|2219|1400|1002|669|1217|837
0500000US34013|827641|517|501739|12990|179803|6201|86186|6465|93617|7104|14175|4242|8242|3828|5933|2738|23605|7619|11083|4283|12522|5367|3029|1174|2193|1003|836|474|25897|5399|9935|3342|15962|3510|1512|1170|1377|1160|135|228|0|226|0|226|0|226|1491|884|1202|851|289|198|2059|1076|813|582|1246|731|3351|1608|2331|1129|1020|710|466|403|408|395|58|100|1074|652|780|467|294|302|133|218|133|218|0|226|613|556|528|538|85|142|1402|800|1093|632|309|288|6462|2329|5124|2408|1338|959|1934|1638|851|926|1083|1392|515|410|413|344|102|169|1271|763|717|456|554|496|1368|1081|1368|1081|0|226|1220|916|771|536|449|752|386|646|209|353|177|297|1637|1081|1582|1071|55|93|405|684|270|452|135|233|9072|2508|5371|1410|3701|1714|1473|1041|1389|1035|84|122|1284|1046|721|537|563|634|0|226|0|226|0|226|1034|1282|235|310|799|1275|0|226|0|226|0|226|214|273|153|247|61|106|1887|972|1457|861|430|437|6078|1870|4738|1547|1340|710|219|219|171|205|48|83|2464|1685|1745|1488|719|501|345|259|345|259|0|226|1140|820|609|567|531|562|23082|5069|17478|4590|5604|1800|340|449|340|449|0|226|0|226|0|226|0|226|117|186|117|186|0|226|3345|1596|1981|891|1364|1013
0500000US34017|693621|-555555555|288833|8781|242695|5915|120655|5968|122040|6987|7643|2629|7095|2517|548|412|1619|1275|1301|1185|318|351|4291|1975|3237|1769|1054|567|11129|2604|5886|1393|5243|1870|1071|831|1016|812|55|94|942|607|812|585|130|154|782|698|726|686|56|98|4626|1548|3014|1088|1612|876|3752|1333|2247|1013|1505|920|95|115|95|115|0|226|1847|1009|1023|553|824|644|548|635|548|635|0|226|236|194|236|194|0|226|5392|1701|3592|1267|1800|833|26141|4854|24277|4710|1864|1057|4206|1592|3381|1382|825|620|1850|2269|1159|1281|691|1005|2515|1738|1830|1220|685|778|2507|1206|1884|946|623|501|1193|696|1019|620|174|219|2796|1376|2154|1186|642|469|2808|1338|2561|1269|247|279|1397|794|1264|692|133|163|28245|4990|19942|3202|8303|2806|1450|1348|1392|1341|58|100|4327|1686|2521|1452|1806|1289|0|226|0|226|0|226|2291|1367|1522|890|769|530|0|226|0|226|0|226|42|70|0|226|42|70|2874|2200|2248|1553|626|720|12986|2613|8583|2037|4403|1684|283|273|283|273|0|226|14394|3843|9401|3054|4993|1878|1597|979|1462|942|135|168|537|472|227|277|310|318|922|727|922|727|0|226|963|888|905|853|58|107|0|226|0|226|0|226|0|226|0|226|0|226|1796|1031|1198|860|598|577
0500000US34023|844492|4|437594|11236|154921|6823|79203|6401|75718|5962|1296|827|1106|751|190|237|2753|2263|2232|2089|521|708|4334|1562|3045|1240|1289|902|7964|2668|4144|1582|3820|1806|536|467|536|467|0|226|231|165|170|144|61|86|1206|674|1059|615|147|250|6209|2299|3606|1575|2603|950|7421|2469|4146|1583|3275|1269|349|350|111|130|238|271|4785|2199|3340|1431|1445|1059|0|226|0|226|0|226|409|389|356|390|53|64|35086|5889|21168|3972|13918|3240|29029|3742|23489|3034|5540|1695|14242|4411|11200|3644|3042|1122|7125|3657|3078|1619|4047|2642|4628|1953|3224|1356|1404|933|13305|3758|11685|3480|1620|952|3660|2836|2892|1919|768|1076|22070|4678|19267|4223|2803|1209|10089|2262|8892|2067|1197|704|4239|1514|3688|1321|551|412|25264|4458|13100|3119|12164|2696|396|306|262|219|134|166|4870|1783|1871|809|2999|1235|0|226|0|226|0|226|1120|797|493|417|627|457|0|226|0|226|0|226|241|278|241|278|0|226|1549|792|1140|614|409|306|10145|2576|7055|1967|3090|1246|4331|3290|2980|2010|1351|1380|13927|4199|9445|3607|4482|1839|640|524|601|493|39|63|1349|1363|766|938|583|537|5981|2503|5024|2419|957|679|253|429|253|429|0|226|0|226|0|226|0|226|406|407|406|407|0|226|539|460|313|262|226|269
0500000US34025|614835|48|500046|7049|48549|4368|29706|3696|18843|3027|2148|770|1813|802|335|306|5231|2676|3684|2237|1547|812|5405|1325|4287|1302|1118|665|8831|2563|5889|1875|2942|1206|550|347|519|351|31|38|582|465|535|422|47|80|1292|730|1000|540|292|259|5086|1801|3665|1498|1421|725|1173|933|850|822|323|289|0|226|0|226|0|226|2101|1609|1692|1271|409|484|476|466|147|247|329|401|265|331|265|331|0|226|1402|726|958|537|444|347|2862|1042|2643|936|219|205|1347|1098|823|642|524|585|801|597|587|451|214|178|323|321|323|321|0|226|1028|693|820|606|208|298|1443|1084|1166|891|277|297|1631|926|1210|678|421|373|399|305|399|305|0|226|1524|1042|1215|852|309|306|7745|2221|5011|1589|2734|962|129|203|129|203|0|226|1963|951|912|560|1051|632|0|226|0|226|0|226|246|236|86|143|160|194|0|226|0|226|0|226|70|117|70|117|0|226|532|466|391|306|141|188|3431|1116|2308|1056|1123|612|253|275|253|275|0|226|3182|1583|2670|1486|512|481|530|506|470|472|60|96|37|57|37|57|0|226|175|203|175|203|0|226|526|488|526|488|0|226|0|226|0|226|0|226|0|226|0|226|0|226|1521|1454|1075|913|446|578
0500000US34027|497309|305|356635|7537|56914|3679|32200|3414|24714|3809|3588|1812|2987|1502|601|471|464|710|88|145|376|571|4437|1425|3373|1250|1064|491|3155|1489|1715|952|1440|807|3810|1551|3213|1455|597|537|58|101|58|101|0|226|2445|1475|2168|1400|277|238|2437|1450|1623|1088|814|752|5425|2492|2638|1257|2787|1734|599|469|496|394|103|120|1957|836|1467|710|490|357|89|107|89|107|0|226|284|241|245|209|39|64|8790|3483|4869|1822|3921|1942|5867|1759|4719|1465|1148|622|1658|1115|1236|865|422|382|469|486|424|441|45|75|600|484|321|286|279|336|1126|693|1045|634|81|98|1100|653|801|480|299|233|5274|1905|4050|1505|1224|771|1113|710|884|602|229|300|2166|1024|1970|934|196|256|6615|1642|4386|1437|2229|751|227|244|187|233|40|66|1647|775|530|405|1117|609|0|226|0|226|0|226|1547|1064|1107|777|440|378|0|226|0|226|0|226|257|301|217|259|40|64|4871|3588|3704|2805|1167|1157|2822|1380|2435|1295|387|353|111|133|111|133|0|226|6670|2579|4663|2181|2007|1070|257|304|146|149|111|193|109|134|109|134|0|226|459|349|459|349|0|226|36|65|0|226|36|65|0|226|0|226|0|226|0|226|0|226|0|226|1221|779|963|701|258|292
0500000US34039|558283|65|280137|9040|180281|4185|82272|5571|98009|4880|1948|1053|1299|647|649|633|14823|4358|8643|3099|6180|2728|3080|1697|2626|1601|454|344|24385|4653|14288|2971|10097|2480|855|587|768|570|87|103|210|271|72|123|138|164|1065|645|540|317|525|425|3118|1550|1707|996|1411|1009|3694|1692|2320|1266|1374|714|434|563|184|231|250|336|1492|1395|1119|1083|373|345|0|226|0|226|0|226|979|663|468|395|511|574|1384|1172|849|736|535|590|1367|748|1148|642|219|290|2158|1741|1517|1229|641|566|426|668|380|593|46|78|503|463|467|431|36|60|136|157|136|157|0|226|2995|1784|1660|1251|1335|1099|0|226|0|226|0|226|294|334|247|312|47|75|1171|868|880|747|291|300|5759|1684|3361|1350|2398|862|564|465|191|171|373|344|1307|841|742|581|565|506|0|226|0|226|0|226|211|277|44|81|167|266|0|226|0|226|0|226|0|226|0|226|0|226|541|500|284|413|257|304|7352|1982|6088|1749|1264|794|126|211|126|211|0|226|3482|2378|1892|1385|1590|1558|649|407|649|407|0|226|1303|1725|1303|1725|0|226|8394|3849|7881|3676|513|751|492|533|492|533|0|226|0|226|0|226|0|226|0|226|0|226|0|226|1168|575|652|336|516|388
0500000US36005|1296630|276|539812|14456|587610|10911|315861|11821|271749|9638|21703|4523|12731|3493|8972|2524|2999|1441|1861|1240|1138|557|3973|1158|2846|887|1127|601|2348|1199|1367|836|981|548|919|525|889|525|30|49|351|479|83|102|268|459|1671|1240|222|218|1449|1173|3483|1475|1694|932|1789|1242|300|313|300|313|0|220|522|361|214|211|308|205|582|572|287|359|295|332|51|83|0|220|51|83|841|1255|381|565|460|702|0|220|0|220|0|220|921|549|899|546|22|37|1046|596|526|366|520|472|461|475|289|280|172|218|28206|3545|13368|2814|14838|3111|442|353|379|273|63|102|8343|2851|4630|2062|3713|1524|155|245|155|245|0|220|94|159|94|159|0|220|141|119|141|119|0|220|5982|2474|1993|869|3989|1920|80|95|80|95|0|220|465|335|126|162|339|302|0|220|0|220|0|220|2327|1327|939|577|1388|862|268|364|66|115|202|340|262|300|53|93|209|251|675|766|448|530|227|273|3515|1466|2332|963|1183|663|1045|678|761|512|284|320|12045|4695|7607|3922|4438|1977|2266|1204|2078|1047|188|242|7461|3506|4525|2669|2936|1967|48041|8785|36881|6764|11160|3043|1885|1525|1238|1295|647|642|0|220|0|220|0|220|33|54|33|54|0|220|3306|1033|2438|968|868|508
0500000US36029|902776|278|799935|6785|26896|3251|19346|2624|7550|2010|3219|1972|2901|1889|318|268|202|182|200|182|2|3|2667|852|2079|755|588|401|910|1079|0|220|910|1079|810|443|759|427|51|87|326|237|206|184|120|143|1387|920|1188|861|199|262|2134|1179|1182|913|952|653|1297|645|873|455|424|369|725|609|354|274|371|376|652|404|321|312|331|226|450|505|271|416|179|288|1853|1491|764|919|1089|1003|22|44|22|44|0|220|1555|847|1472|848|83|135|1514|915|1070|626|444|387|1170|702|848|492|322|331|15908|4496|8974|3373|6934|2119|878|793|578|627|300|322|2905|2580|2074|2228|831|784|182|216|57|93|125|196|2127|1984|1300|973|827|1104|204|254|198|255|6|4|4963|1588|3130|1001|1833|909|578|485|409|420|169|220|1812|927|1350|788|462|309|0|220|0|220|0|220|2042|1106|660|446|1382|743|0|220|0|220|0|220|112|128|30|50|82|118|4072|1836|2092|1022|1980|1177|1037|730|876|662|161|176|598|732|151|127|447|724|8061|2373|4823|1611|3238|1161|339|389|313|386|26|50|4311|2141|3635|1849|676|582|1325|867|652|492|673|651|2914|2608|1785|1762|1129|1061|0|220|0|220|0|220|312|294|312|294|0|220|372|274|326|259|46|78
0500000US36047|2459257|588|1337505|25247|363214|10395|181602|8926|181612|11907|28625|5927|21969|4923|6656|2246|59399|8050|35714|6563|23685|4334|12988|2815|9383|2325|3605|1078|5591|2171|5033|2094|558|414|6711|1795|6439|1710|272|223|116475|13571|56471|9521|60004|8775|6574|1931|4692|1483|1882|872|115379|8186|36453|4575|78926|6374|16407|4470|6348|1890|10059|3371|2451|1401|1811|966|640|506|18867|3658|6024|1889|12843|2697|798|710|205|200|593|683|8171|3382|3647|2443|4524|2379|1614|865|1179|590|435|514|3013|1118|2464|1045|549|271|18723|4943|9073|2723|9650|3012|1132|459|673|369|459|243|30164|6018|10169|2651|19995|4486|730|572|291|245|439|498|13267|3790|7309|2321|5958|2033|1050|1186|808|818|242|389|632|429|491|316|141|184|710|450|544|431|166|136|166728|7248|45929|4510|120799|5536|4108|1213|3037|914|1071|623|4788|1406|3044|983|1744|870|0|220|0|220|0|220|2985|1244|1325|666|1660|897|319|316|184|236|135|160|1220|700|674|525|546|470|15657|3979|4672|1609|10985|3279|5559|1489|4077|1223|1482|705|1122|850|722|606|400|566|31180|6945|14626|3651|16554|4745|23571|5924|15727|3942|7844|2825|613|621|250|400|363|471|16825|5504|11068|4271|5757|2720|1995|1517|1807|1541|188|239|230|369|0|220|230|369|62|104|0|220|62|104|12105|2445|6066|1372|6039|1703
0500000US36055|714129|177|614477|5776|45248|3872|27653|3180|17595|2382|2118|875|1748|718|370|369|591|534|532|516|59|99|4454|1931|3072|1530|1382|784|580|453|474|432|106|139|1182|733|1144|724|38|65|709|917|666|912|43|55|1743|1066|998|532|745|844|1488|856|546|336|942|674|1499|930|789|641|710|567|1631|1222|1243|1178|388|291|4179|1976|2098|1034|2081|1129|0|220|0|220|0|220|184|153|136|129|48|85|247|261|247|261|0|220|1357|651|1290|636|67|88|1555|1107|1270|930|285|287|82|143|0|220|82|143|340|279|340|279|0|220|4708|2332|1655|854|3053|1749|2036|1134|1287|848|749|624|286|312|286|312|0|220|852|512|750|453|102|168|244|291|244|291|0|220|4291|1055|1545|535|2746|890|987|665|764|463|223|272|347|323|138|187|209|198|0|220|0|220|0|220|1634|742|632|412|1002|462|601|650|199|252|402|559|211|178|104|134|107|174|2389|1302|1044|651|1345|726|1138|714|528|355|610|536|636|415|358|263|278|281|3325|1406|2037|1027|1288|683|533|435|491|429|42|72|4476|2105|2413|1313|2063|1418|956|691|514|470|442|519|373|527|63|101|310|516|0|220|0|220|0|220|56|74|38|69|18|31|386|347|386|347|0|220
0500000US36059|1321007|162|891071|13332|187877|8383|98421|6548|89456|6614|6749|2539|3977|1620|2772|1883|21249|4599|10736|2804|10513|3178|13336|2657|9923|2181|3413|999|1616|901|1292|762|324|272|2647|1063|2203|973|444|417|1280|780|1098|648|182|203|8387|2549|6712|2168|1675|818|7055|2722|6126|2638|929|398|3169|1406|2059|1063|1110|759|1301|695|626|305|675|573|1122|1082|279|235|843|1070|736|710|575|643|161|268|6745|2273|4205|1859|2540|1197|1553|957|832|519|721|578|13775|3288|10769|2687|3006|1180|17413|4818|11481|3822|5932|1637|9953|3674|6236|2313|3717|1779|9443|3362|5744|2300|3699|1548|2040|1302|818|471|1222|1150|3424|2045|3077|1789|347|343|684|508|447|425|237|212|2180|1460|1355|948|825|733|9982|3553|5457|1965|4525|2001|50441|5355|25655|3324|24786|3589|1632|1039|615|438|1017|755|11237|3011|4619|1557|6618|2364|0|220|0|220|0|220|751|670|393|403|358|376|0|220|0|220|0|220|326|358|136|160|190|241|2453|1062|1618|782|835|566|7192|2571|5846|2052|1346|693|440|400|344|379|96|153|3771|1651|3053|1405|718|430|8179|3429|7318|3343|861|528|177|195|177|195|0|220|5263|2851|3637|1883|1626|1134|1376|1324|1205|1223|171|198|0|220|0|220|0|220|71|82|71|82|0|220|2911|1544|2424|1353|487|456
0500000US36061|1597293|362|1020628|18230|284447|10833|167833|9852|116614|10041|29621|6212|24573|5443|5048|2204|6708|4357|3604|2611|3104|2059|12992|5521|12271|5533|721|554|10715|2729|8685|2105|2030|1369|10246|2849|10043|2846|203|195|2677|1506|2677|1506|0|220|2962|1202|2646|1195|316|431|9225|2472|6347|1588|2878|1482|7103|3608|5988|3492|1115|819|1991|1235|1459|936|532|514|4398|2027|4080|1895|318|356|503|357|406|314|97|157|2195|1141|2093|1094|102|167|1101|594|1101|594|0|220|10654|2968|10119|2963|535|356|2354|1276|1807|969|547|565|2309|2618|1221|960|1088|1757|5173|2739|4113|2376|1060|884|1746|786|1620|794|126|115|10546|4495|8500|3267|2046|2271|879|530|879|530|0|220|1478|709|1478|709|0|220|1841|1462|1773|1443|68|110|87865|8097|39175|5123|48690|5643|7919|2088|3417|1184|4502|1507|11832|2996|7753|2339|4079|1645|0|220|0|220|0|220|1223|626|1164|621|59|54|0|220|0|220|0|220|280|249|135|168|145|193|5056|1987|3723|1512|1333|979|5014|1959|3984|1801|1030|705|1275|1184|619|497|656|735|10221|4469|7004|3005|3217|2276|9674|4143|9252|4076|422|416|1192|912|1115|888|77|139|5308|2567|3240|1472|2068|1638|2315|1652|742|610|1573|1530|0|220|0|220|0|220|0|220|0|220|0|220|3627|1430|3024|1314|603|424
0500000US36081|2197133|552|964069|17060|518209|9756|246486|9792|271723|10858|11245|2632|8098|1792|3147|1444|31327|6862|17222|4390|14105|3919|15566|3187|8903|1937|6663|2042|5350|1718|2626|954|2724|1185|3069|1164|2875|1181|194|183|2785|1046|1589|862|1196|555|23851|4385|15989|3654|7862|2148|26108|5188|11119|2879|14989|4058|21994|4135|12811|3150|9183|2161|6839|2266|5127|1876|1712|1089|9944|4474|5236|2971|4708|3030|1376|573|822|349|554|426|3171|1700|1096|689|2075|1449|6153|3470|3571|1949|2582|1644|11738|2977|8040|2193|3698|1417|12934|3420|7248|2006|5686|1989|15703|3949|6580|2117|9123|2328|86910|10095|39511|5776|47399|6764|15682|4289|5227|1835|10455|3412|16935|3709|9318|2226|7617|2271|840|789|725|738|115|141|565|447|458|407|107|180|6198|2851|3237|1605|2961|1587|225137|11979|73241|5928|151896|9550|7927|2184|3629|1497|4298|1383|41576|5657|17917|3556|23659|3777|0|220|0|220|0|220|2933|1216|1598|822|1335|839|1198|1228|956|1157|242|347|1588|748|757|335|831|499|19321|5181|9120|3703|10201|3425|32274|5570|23104|3723|9170|2993|5326|1949|2593|976|2733|1392|19604|5098|9274|2585|10330|3606|5616|2350|4293|1954|1323|848|475|453|475|453|0|220|8278|2469|5668|2077|2610|1202|1781|1426|1669|1415|112|138|0|220|0|220|0|220|223|360|156|254|67|109|5315|1912|4322|1663|993|699
0500000US36103|1454531|71|1076391|12220|255800|7809|139980|8012|115820|6695|4736|1510|3687|1274|1049|712|14124|5548|7698|2969|6426|3176|8751|1870|7278|1820|1473|506|5864|2063|4443|1582|1421|924|4229|1170|3986|1117|243|209|746|575|588|357|158|275|4764|1618|3526|1347|1238|601|4365|1471|2777|1029|1588|847|5922|1541|3452|1222|2470|1003|994|1339|957|1336|37|62|2473|1345|1252|705|1221|818|62|2|0|220|62|2|2536|1338|1875|944|661|499|1021|598|678|429|343|258|3822|2419|2282|1434|1540|1146|7545|2648|4377|1671|3168|1729|2913|1977|1789|1080|1124|1005|5227|1927|3410|1388|1817|925|818|608|461|368|357|428|2371|1391|1898|1311|473|479|1400|1051|931|723|469|415|815|574|684|564|131|166|1340|918|1089|811|251|189|13413|2948|6317|1463|7096|1922|615|433|377|325|238|208|3930|2218|2145|1341|1785|999|0|220|0|220|0|220|1865|1169|925|642|940|703|125|209|60|100|65|109|260|347|129|167|131|181|5322|2620|2633|1589|2689|1593|2598|1336|2246|1300|352|278|385|327|359|326|26|43|2106|1276|1225|783|881|730|501|312|501|312|0|220|45|77|45|77|0|220|1314|1104|762|755|552|733|594|726|397|495|197|241|0|220|0|220|0|220|29|49|17|30|12|20|2400|1088|1551|846|849|732
0500000US36119|953949|183|612229|11023|214835|6469|111125|6820|103710|7104|7271|1996|5784|1537|1487|1049|4323|1856|2237|1117|2086|1105|11973|2188|9071|1780|2902|1144|9523|2675|6939|2250|2584|857|5157|2016|4981|1959|176|166|1251|776|1069|562|182|284|3651|2182|2715|2063|936|428|4562|1407|3487|1141|1075|618|2006|707|1338|558|668|449|2202|1202|1772|985|430|330|2799|1184|1929|912|870|478|129|147|72|63|57|94|180|237|123|152|57|97|1331|753|1138|699|193|224|3446|1533|2717|1248|729|509|1025|865|999|873|26|45|33|54|33|54|0|220|1471|1083|940|707|531|537|2387|2178|2334|2176|53|85|10339|3455|6895|2308|3444|1719|381|323|321|274|60|100|263|277|263|277|0|220|4231|1728|2750|1056|1481|799|11899|2068|7023|1674|4876|1330|5395|1583|1886|825|3509|1232|3194|1085|1745|757|1449|705|0|220|0|220|0|220|754|881|464|501|290|467|214|338|108|175|106|164|299|246|148|192|151|167|969|1241|574|717|395|540|7688|1933|5387|1389|2301|1100|434|345|251|239|183|244|5221|2234|3180|1315|2041|1651|2428|1082|1925|950|503|308|152|253|152|253|0|220|5203|1837|4918|1684|285|399|977|619|800|476|177|227|0|220|0|220|0|220|0|220|0|220|0|220|2124|1270|1299|775|825|858
0500000US37119|1129511|305|864486|7949|161951|4357|76383|4459|85568|5081|7036|2611|4075|1392|2961|1823|2665|2207|1323|1160|1342|1141|536|371|486|341|50|84|3602|1661|2032|985|1570|1095|1991|693|1864|671|127|127|768|688|768|688|0|226|1805|1120|1461|877|344|324|5561|1724|3670|1145|1891|1260|1003|585|773|506|230|337|1648|1310|1252|1033|396|345|1367|1152|979|1118|388|405|91|151|91|151|0|226|1176|891|589|537|587|650|4534|2253|3598|1833|936|631|4984|1844|4707|1791|277|223|1268|817|883|639|385|456|434|396|434|396|0|226|429|383|429|383|0|226|2794|1500|1584|981|1210|832|2301|1608|2019|1549|282|235|9144|3329|4861|2129|4283|2134|3241|2138|2858|2042|383|462|955|735|853|608|102|169|6695|1834|3939|1231|2756|1036|1491|802|1000|646|491|433|2274|1188|1262|856|1012|724|1341|1064|609|446|732|865|6481|2561|2371|1041|4110|1786|2071|2239|1768|1891|303|394|1525|1012|448|428|1077|784|4482|2024|2568|1318|1914|1115|2639|1262|2125|1004|514|416|2470|1996|1122|921|1348|1342|4298|2485|2553|1363|1745|1630|53|93|53|93|0|226|3336|1977|1552|1104|1784|1447|2476|1216|1896|1053|580|595|1705|1647|1124|1565|581|610|0|226|0|226|0|226|65|103|0|226|65|103|339|314|290|281|49|83
0500000US37183|1163300|189|909606|10772|106266|5814|63309|5065|42957|5738|5875|2177|4346|1779|1529|1171|286|379|286|379|0|226|1771|907|1464|784|307|261|4036|2037|3510|1710|526|568|3073|915|2809|886|264|221|689|760|689|760|0|226|651|638|651|638|0|226|3450|1520|2041|964|1409|1037|1109|805|1056|776|53|89|811|854|811|854|0|226|1538|632|1125|470|413|313|0|226|0|226|0|226|2239|1349|1674|889|565|612|6855|2314|5331|1682|1524|831|9525|3039|8537|2663|988|646|2573|1662|1499|937|1074|1096|503|465|435|417|68|110|1993|1123|1716|960|277|323|6645|2900|5238|2123|1407|1170|2189|1083|1875|787|314|463|15162|4550|12734|4016|2428|1388|6645|2935|6206|2880|439|255|5483|3044|5101|2991|382|292|15632|4273|7592|2129|8040|2693|3607|1805|2554|1524|1053|945|5183|1864|3204|1269|1979|917|71|123|0|226|71|123|4743|2177|1786|946|2957|1623|183|226|183|226|0|226|520|445|202|202|318|382|2705|1546|2304|1556|401|271|3912|2724|3225|2689|687|576|397|394|397|394|0|226|11409|3981|7870|2949|3539|1549|83|135|0|226|83|135|5811|3436|3667|2272|2144|1854|4385|3362|3849|3353|536|516|2929|1735|2201|1694|728|674|0|226|0|226|0|226|0|226|0|226|0|226|2757|2678|2757|2678|0|226
0500000US39035|1175896|148|1021500|8458|53956|4515|36093|3717|17863|2667|3734|1499|2010|951|1724|1190|596|789|70|116|526|837|3223|1072|2559|867|664|433|1806|860|1333|755|473|467|2835|825|2029|589|806|478|95|117|95|117|0|211|1475|848|797|528|678|469|4732|1399|3002|993|1730|831|2120|599|1757|517|363|300|2563|1207|1285|645|1278|680|13991|5202|5081|2051|8910|3778|200|187|118|137|82|138|1172|784|1001|768|171|139|1971|1142|1616|914|355|321|1205|592|1080|520|125|194|970|1148|845|1015|125|157|623|714|341|399|282|352|603|541|555|499|48|81|4625|2364|1082|690|3543|2289|6593|2187|4653|1808|1940|984|1529|982|1301|906|228|222|1708|1188|1315|824|393|422|421|337|421|337|0|211|8603|1886|4330|1498|4273|1137|1135|727|736|613|399|467|1894|1059|635|455|1259|887|0|211|0|211|0|211|4560|1960|1481|877|3079|1623|259|271|0|211|259|271|998|927|301|495|697|682|1810|1113|678|514|1132|866|1822|1040|1448|850|374|274|75|98|75|98|0|211|13697|3983|9527|3500|4170|1460|625|384|625|384|0|211|1535|1680|1101|1257|434|475|1548|749|1381|675|167|180|1572|1080|755|574|817|758|52|81|52|81|0|211|30|49|30|49|0|211|1435|685|1017|565|418|344
0500000US39049|1270351|35|1043219|10915|75204|6157|37845|4605|37359|4980|10586|3238|6775|1924|3811|2274|8796|3884|4880|2471|3916|2263|1109|656|953|559|156|152|4085|2517|2121|1527|1964|1359|3065|1205|2801|1148|264|232|273|208|218|187|55|94|611|592|611|592|0|211|4228|1647|2256|1072|1972|850|744|496|619|474|125|152|123|146|123|146|0|211|2611|1482|1162|730|1449|1097|49|82|49|82|0|211|2236|1403|1707|1116|529|426|4107|1765|2993|1373|1114|881|5090|3340|4118|2571|972|1229|773|566|447|360|326|405|528|588|132|192|396|557|1786|1532|1162|907|624|718|9605|3766|3798|1841|5807|3133|2128|858|1643|756|485|360|2872|2035|1946|1380|926|1467|950|836|898|812|52|102|330|251|330|251|0|211|14079|2865|8248|1968|5831|1630|5251|2648|2277|1591|2974|1615|2775|1285|2141|1084|634|517|0|211|0|211|0|211|1372|1029|547|409|825|743|1448|1431|624|781|824|694|939|654|457|434|482|457|3063|2956|1181|823|1882|2449|2210|1235|1660|998|550|441|142|200|132|199|10|2|12930|3573|6298|2351|6632|2316|253|342|53|88|200|334|22037|5423|15000|4773|7037|2363|12876|4287|10376|3972|2500|1279|3466|2208|3153|2140|313|372|0|211|0|211|0|211|236|389|236|389|0|211|2166|2009|1551|1504|615|573
0500000US41067|579708|328|422491|8113|73899|5373|45754|5008|28145|3983|3079|1030|2800|977|279|280|0|220|0|220|0|220|76|89|76|89|0|220|1445|797|1212|728|233|229|2183|1041|2036|976|147|177|630|579|559|479|71|117|509|327|430|305|79|135|3158|2632|2692|2599|466|294|106|133|73|90|33|58|736|1102|688|1104|48|78|1807|1251|1388|1017|419|435|183|304|127|213|56|93|1824|955|842|502|982|671|2956|1758|2604|1601|352|553|4469|1929|4123|1831|346|294|1211|1073|1044|919|167|206|65|107|65|107|0|220|4743|2606|3852|2484|891|565|2775|1553|1757|1096|1018|1068|3737|2112|2502|1291|1235|1043|3846|2138|2120|1045|1726|1598|1018|657|927|628|91|153|1212|706|1118|704|94|151|8020|2568|4904|1660|3116|1440|5602|2216|2714|1231|2888|1539|6111|2271|3859|1896|2252|894|788|990|581|697|207|336|4203|1539|2501|1161|1702|817|377|402|332|357|45|73|2489|1806|843|518|1646|1575|1012|675|697|539|315|315|3969|1708|2927|1504|1042|533|1407|822|1293|792|114|200|5219|2675|3637|2362|1582|876|468|335|412|345|56|95|122|205|0|220|122|205|546|459|546|459|0|220|906|729|377|392|529|576|0|220|0|220|0|220|0|220|0|220|0|220|311|237|311|237|0|220
0500000US42003|1172705|-555555555|1066751|6673|22332|2775|14799|2450|7533|1874|2252|753|1791|681|461|305|1193|949|804|712|389|571|3770|1259|3131|1105|639|512|1122|746|1050|686|72|117|3290|1026|2699|866|591|479|1218|674|1132|643|86|102|2065|995|1385|781|680|651|3230|1428|1532|772|1698|1105|564|366|437|261|127|155|2424|1353|2157|1335|267|207|3195|1789|2158|1610|1037|646|28|7|28|7|0|192|1719|764|1188|648|531|403|1614|1161|426|324|1188|1108|5077|1562|3687|1406|1390|715|1375|984|1075|843|300|474|939|594|780|521|159|181|648|527|648|527|0|192|8583|3987|4951|2463|3632|1885|1305|664|981|511|324|448|3324|1377|3058|1335|266|305|2673|1082|2630|1085|43|74|473|321|473|321|0|192|9149|2073|4916|1082|4233|1542|1059|593|746|517|313|245|1578|789|991|522|587|453|0|192|0|192|0|192|1356|1063|572|410|784|923|125|199|0|192|125|199|804|483|306|263|498|356|2543|1818|720|509|1823|1743|1174|666|755|408|419|493|716|808|342|313|374|523|6067|2907|4274|2007|1793|1209|2083|1954|2083|1954|0|192|551|472|303|253|248|397|2836|1927|2780|1920|56|92|869|632|799|631|70|4|0|192|0|192|0|192|17|29|17|29|0|192|614|378|510|343|104|101
0500000US42045|552109|67|481196|5384|15209|2759|7695|1818|7514|2426|2426|1218|959|733|1467|970|1684|997|680|468|1004|684|979|447|608|369|371|267|838|806|734|781|104|124|1037|510|820|498|217|184|724|551|724|551|0|192|2989|1302|2030|1069|959|663|1757|1123|808|549|949|887|308|399|261|379|47|79|0|192|0|192|0|192|1225|1244|799|892|426|385|266|291|266|291|0|192|701|576|343|327|358|397|158|185|113|137|45|74|1495|1369|1220|1045|275|361|2260|1337|1204|850|1056|771|2556|1230|1235|548|1321|861|2178|1184|606|446|1572|938|166|287|166|287|0|192|930|737|673|437|257|336|1589|1442|1473|1420|116|147|1011|1089|1011|1089|0|192|2148|1200|1271|811|877|491|8009|2146|4844|1703|3165|1015|427|389|145|195|282|327|2428|1116|1101|708|1327|758|0|192|0|192|0|192|4011|2351|1911|1366|2100|1210|544|412|135|133|409|385|350|412|232|299|118|196|419|466|144|187|275|297|1194|671|779|515|415|357|244|259|148|206|96|159|2302|1056|1257|673|1045|682|0|192|0|192|0|192|231|298|194|243|37|66|2960|1590|1417|671|1543|1367|1274|827|647|434|627|601|0|192|0|192|0|192|0|192|0|192|0|192|1886|1054|891|762|995|644
0500000US42091|835021|3|705702|7236|34912|4008|22601|3232|12311|3477|2446|1223|1966|969|480|411|195|146|195|146|0|192|4108|1294|3520|1171|588|401|2451|1095|1926|902|525|453|642|349|501|311|141|159|1292|707|1166|678|126|124|1007|856|872|734|135|175|8212|3548|5377|2861|2835|1615|2108|1504|1556|1440|552|356|443|427|329|311|114|137|2055|1057|1065|693|990|618|691|453|438|330|253|224|622|580|338|505|284|323|3063|1354|2548|1163|515|304|4870|1530|4312|1344|558|464|2212|1502|1926|1327|286|403|1099|1617|633|966|466|664|3741|2095|2094|1700|1647|1090|1124|632|1020|630|104|131|2816|1654|1909|1274|907|545|2161|1442|2020|1417|141|234|2039|1113|2039|1113|0|192|2428|1574|2220|1514|208|212|12588|2805|7433|1923|5155|1757|1147|519|1000|458|147|174|8450|2421|3623|1371|4827|1456|0|192|0|192|0|192|4763|1809|1826|823|2937|1466|657|768|55|97|602|700|921|1184|707|895|214|292|1189|942|831|588|358|420|1800|972|1545|912|255|270|547|698|547|698|0|192|4545|2197|3228|1962|1317|770|581|392|448|294|133|217|809|758|494|412|315|390|3078|2042|2264|1458|814|818|691|632|543|540|148|230|0|192|0|192|0|192|26|48|26|48|0|192|790|536|708|528|82|133
0500000US42101|1482857|4|1113224|17016|163503|8023|98268|6969|65235|6364|9941|3990|4469|1653|5472|3178|14650|6400|7687|4067|6963|3764|4899|1738|3494|1419|1405|644|8510|3751|3895|2302|4615|2643|2708|1144|2507|1127|201|175|811|418|679|391|132|128|1632|1277|1178|1128|454|404|16290|4928|5022|1938|11268|3878|5350|2819|1875|859|3475|2732|523|580|300|442|223|377|2726|1243|568|425|2158|1128|2089|1901|1446|1666|643|756|984|759|733|697|251|291|3739|2266|2965|1935|774|785|2950|1533|2277|1139|673|703|1122|865|743|604|379|500|404|493|404|493|0|192|1526|954|678|462|848|701|1097|968|1097|968|0|192|3792|2319|1840|1459|1952|1561|240|223|187|189|53|90|921|738|844|700|77|123|6773|3054|3326|1944|3447|2138|38444|5964|11213|2209|27231|4637|1086|670|569|515|517|434|4262|1447|2652|1216|1610|907|0|192|0|192|0|192|15479|4016|4094|1492|11385|3561|4919|2445|1417|824|3502|2018|2348|1711|186|345|2162|1651|3179|2058|1090|835|2089|1780|5215|2253|3219|1419|1996|1323|2629|1503|1143|720|1486|1072|13405|7296|8180|3993|5225|3601|2659|1137|2600|1120|59|99|4282|2721|1908|2013|2374|1964|8493|2952|7780|2905|713|529|1509|1194|728|809|781|856|0|192|0|192|0|192|0|192|0|192|0|192|4544|4805|3784|4125|760|826
0500000US48029|1994200|296|1242147|20500|656060|18949|446457|13653|209603|13225|3611|2011|2435|1384|1176|862|462|526|249|300|213|299|615|573|358|341|257|294|1324|693|1159|690|165|178|5384|2161|4568|2018|816|791|329|395|329|395|0|242|766|700|766|700|0|242|1286|968|949|690|337|419|608|403|372|270|236|255|244|290|244|290|0|242|245|209|245|209|0|242|247|403|131|212|116|191|3525|1817|1287|832|2238|1490|1139|836|547|521|592|652|4848|2205|3180|1982|1668|1277|5696|3475|5198|3179|498|498|204|240|93|143|111|191|2223|1851|1237|1113|986|855|141|141|141|141|0|242|5894|4119|1980|1991|3914|3242|1798|1535|1710|1464|88|146|2915|2286|1002|921|1913|1946|667|717|340|353|327|424|4042|1537|1752|917|2290|1086|3784|2900|3265|2903|519|431|3522|1549|2596|1367|926|756|177|235|0|242|177|235|4253|2122|2402|1211|1851|1372|67|122|67|122|0|242|954|489|188|203|766|449|5046|3158|2176|1764|2870|2250|9948|3125|8173|2835|1775|1073|1811|1379|1671|1332|140|178|8153|4102|6145|3275|2008|1381|79|130|79|130|0|242|764|716|356|478|408|429|3110|1641|2974|1542|136|211|5414|4123|2760|2710|2654|3100|0|242|0|242|0|242|220|261|220|261|0|242|478|551|396|527|82|138
0500000US48085|1182663|331|797574|12642|124286|6894|82529|5765|41757|6222|3416|1515|2498|1043|918|929|210|351|210|351|0|242|1108|1018|421|377|687|982|3189|1672|2778|1624|411|503|2974|1641|2881|1615|93|160|1091|1249|915|995|176|277|476|413|476|413|0|242|3212|1362|2372|1169|840|544|87|144|87|144|0|242|532|436|198|196|334|343|917|751|673|684|244|345|658|650|658|650|0|242|3856|1523|3319|1461|537|423|8436|2754|6146|2404|2290|1029|25857|5774|22124|4723|3733|1790|14048|3831|11212|3046|2836|1540|3461|2344|2677|1918|784|746|3971|1552|3049|1209|922|610|10239|3328|8328|3014|1911|1145|3281|1863|2810|1798|471|368|45522|7878|38246|6341|7276|2616|12422|4366|11481|4126|941|603|8653|2606|7593|2371|1060|625|29783|4817|16709|3664|13074|2628|2243|1163|1401|867|842|510|10094|3694|6247|2873|3847|1381|103|123|103|123|0|242|15502|4092|8544|2844|6958|2038|526|504|374|411|152|257|819|472|610|423|209|263|2831|1902|2018|1414|813|678|6594|2006|4738|1471|1856|816|1739|893|1465|796|274|231|12400|3894|8586|3088|3814|1972|836|744|637|511|199|346|4646|2460|3797|2184|849|611|7762|2749|6987|2604|775|681|4910|3169|2948|2054|1962|2350|159|259|46|77|113|184|36|64|36|64|0|242|2204|1459|1699|1084|505|700
0500000US48113|2476605|116|1397739|18377|839160|14940|473644|13710|365516|12927|10100|3381|6818|2074|3282|2666|811|871|0|242|811|871|1381|948|1093|878|288|491|4499|1679|1871|758|2628|1228|1645|554|1498|532|147|192|860|667|860|667|0|242|244|262|244|262|0|242|2039|1116|1344|675|695|536|1278|984|1207|946|71|84|421|347|421|347|0|242|712|622|583|577|129|212|0|242|0|242|0|242|3473|1794|2451|1358|1022|683|5124|1797|4102|1531|1022|703|16773|4302|14375|3793|2398|1321|11144|4189|7607|2533|3537|2370|2158|1322|1896|1288|262|205|2729|1369|2144|1165|585|412|12110|3637|9707|3362|2403|939|1911|1392|1672|1238|239|274|11439|3407|9975|3304|1464|674|7778|3095|7147|2962|631|455|12641|3166|8600|2369|4041|1262|13845|2501|8693|1997|5152|1544|1508|848|985|630|523|322|8155|3002|3571|1630|4584|1997|122|206|0|242|122|206|28700|5505|12871|3475|15829|3898|2006|1676|665|602|1341|1325|2936|1389|1626|839|1310|783|4872|2076|1378|664|3494|1919|7434|2022|5597|1512|1837|833|794|514|469|430|325|334|14716|5547|10366|4765|4350|2092|492|387|492|387|0|242|17626|7013|10321|3555|7305|4314|13071|3540|11357|2903|1714|1312|9584|4759|5711|3750|3873|2537|0|242|0|242|0|242|584|964|360|594|224|372|1991|1579|1299|905|692|1066
0500000US48121|985754|249|723491|8682|127789|6762|83965|6085|43824|4482|2161|1379|1235|687|926|1134|151|261|0|242|151|261|248|244|154|185|94|157|3946|1914|3340|1857|606|679|739|420|631|388|108|154|817|1118|817|1118|0|242|254|306|195|227|59|97|1244|821|628|432|616|555|770|634|652|544|118|202|515|536|406|376|109|181|746|728|376|320|370|466|126|208|126|208|0|242|2725|1262|2177|940|548|481|4182|2578|3620|2314|562|485|10651|3483|9866|3204|785|569|7365|2659|5867|2078|1498|999|635|540|635|540|0|242|1854|1508|809|601|1045|1160|4000|1691|2834|1401|1166|968|1538|768|1465|761|73|122|15643|3963|12166|3332|3477|1992|6212|3040|5314|2633|898|677|9369|3575|6994|2721|2375|1415|11270|3298|8644|2806|2626|1112|1306|796|863|607|443|418|12341|3445|5830|1945|6511|2144|72|123|72|123|0|242|5871|2211|3067|1603|2804|1110|799|521|481|395|318|260|1177|886|562|449|615|506|3626|2812|1660|1318|1966|1561|3990|1598|2064|982|1926|1332|1699|987|1000|486|699|854|7229|3097|6379|2880|850|603|359|361|359|361|0|242|724|819|623|767|101|172|4620|2274|4012|1864|608|716|2204|1443|2128|1422|76|125|0|242|0|242|0|242|36|59|36|59|0|242|1260|1852|608|943|652|918
0500000US48157|903045|381|519755|14205|164850|8067|105618|7580|59232|5617|3911|2416|3456|2291|455|405|200|342|200|342|0|242|281|338|281|338|0|242|2937|2026|2734|1962|203|207|1338|935|1338|935|0|242|340|333|340|333|0|242|40|66|40|66|0|242|1899|1393|996|823|903|927|289|386|155|189|134|223|0|242|0|242|0|242|427|406|319|277|108|175|0|242|0|242|0|242|2658|1334|2566|1326|92|113|6022|2883|5523|2802|499|410|14432|5008|13010|4879|1422|873|25898|6758|21219|6176|4679|1795|440|566|319|531|121|198|3014|2223|2450|1891|564|700|2660|1592|2254|1205|406|666|2208|1679|1613|1180|595|716|9275|4225|7822|3539|1453|1245|4024|1816|3184|1529|840|846|14722|4589|13022|4429|1700|825|31267|5260|15862|3485|15405|2996|1358|994|994|796|364|380|3220|1541|2141|1250|1079|726|97|163|97|163|0|242|28874|7542|11051|3478|17823|5788|808|892|652|766|156|189|364|385|45|75|319|365|2046|1065|932|568|1114|680|9250|2645|7901|2425|1349|839|1660|1121|753|417|907|879|17275|8089|14931|7870|2344|1093|49|83|49|83|0|242|574|489|505|443|69|116|20511|6029|17695|5139|2816|1606|3356|2484|3263|2477|93|129|0|242|0|242|0|242|193|233|193|233|0|242|523|673|523|673|0|242
0500000US48201|4673430|264|2531107|26092|1673942|23112|868531|23531|805411|21534|22086|4595|17970|3923|4116|2179|2433|1682|2227|1633|206|341|4056|1737|3832|1652|224|266|14287|4674|11499|4265|2788|1528|6472|1666|5919|1654|553|310|2384|986|2336|972|48|80|1818|784|1317|720|501|437|12478|3416|8533|2923|3945|1677|2264|1088|2020|1053|244|304|2767|1750|2724|1732|43|71|2327|1574|2124|1466|203|237|1189|935|1073|942|116|183|15554|3947|10023|2941|5531|2035|5879|1513|3930|1201|1949|906|18089|6360|15771|6243|2318|1110|23795|5269|17809|3987|5986|2059|1989|1084|1612|1031|377|290|4956|2633|2217|1016|2739|2303|7127|2599|6152|2384|975|520|10041|4212|5974|2304|4067|2515|11804|3878|9696|3347|2108|1712|4888|2968|4499|2873|389|353|7715|2422|5819|1761|1896|976|52912|7243|24581|3599|28331|5335|3459|1529|1957|1001|1502|983|10317|2395|5701|1590|4616|1680|148|246|54|91|94|156|83193|8543|31733|4799|51460|6056|3638|2156|718|542|2920|1748|4042|2268|972|584|3070|2071|6298|3099|2188|1052|4110|2841|28505|7512|22073|6743|6432|2579|5849|2354|3386|1181|2463|1476|22975|6222|17457|5013|5518|2141|2266|2314|1550|1435|716|955|5135|2150|4679|2169|456|442|36762|6468|32267|5991|4495|1824|10399|5001|7920|3103|2479|2260|22|40|22|40|0|242|75|120|75|120|0|242|5988|2085|3571|1491|2417|1180
0500000US48439|2090870|417|1442444|17748|452016|13833|269117|10541|182899|9977|13355|5122|10200|4336|3155|2058|89|155|89|155|0|242|840|552|384|278|456|383|4590|2556|3557|1998|1033|1064|3880|1135|3626|1096|254|178|409|380|307|238|102|171|27|43|27|43|0|242|930|722|629|570|301|270|843|495|519|393|324|327|2054|1434|1338|1024|716|634|625|680|556|586|69|113|213|249|213|249|0|242|5139|2851|2406|1347|2733|2239|4160|2039|2790|1526|1370|798|8438|3255|7694|3103|744|600|3789|1519|2637|1075|1152|799|2221|2150|1597|1574|624|587|4503|2345|2702|1253|1801|1239|14871|4480|7929|2449|6942|2800|3770|2213|2068|1168|1702|1305|3390|1183|2780|1099|610|366|3336|2540|2830|2466|506|529|2127|895|1684|770|443|331|9678|3113|5589|2033|4089|1771|1178|913|479|537|699|561|4952|1741|2231|879|2721|1153|412|407|190|310|222|273|31591|5180|15317|2857|16274|3269|603|403|296|286|307|289|4797|1636|2319|1159|2478|1008|2186|1149|1053|660|1133|692|4898|1733|3274|1252|1624|961|2372|1260|1934|993|438|450|19234|5354|12890|4214|6344|2566|92|108|92|108|0|242|7012|5085|3507|2371|3505|4288|11050|4222|10226|4098|824|581|11597|3823|6315|2615|5282|3032|0|242|0|242|0|242|93|122|93|122|0|242|1066|1510|441|520|625|1014
0500000US48453|1287365|169|868360|12863|286319|10618|179599|11061|106720|9495|6558|2137|5420|1931|1138|656|2425|2749|1255|1161|1170|1769|977|719|939|725|38|64|4243|1351|3626|1309|617|482|1820|757|1755|748|65|79|2731|1740|2575|1694|156|186|128|210|0|242|128|210|2630|931|1881|796|749|491|1309|933|845|607|464|481|1581|1003|1122|782|459|606|1359|1240|960|733|399|559|171|205|171|205|0|242|1491|743|1221|666|270|268|2662|1346|2406|1202|256|249|9675|2685|9263|2659|412|340|2567|1278|1894|1119|673|539|222|391|222|391|0|242|3180|1566|2709|1265|471|570|7953|4467|6718|3787|1235|1002|3195|1622|1926|963|1269|1066|6346|2214|4929|1817|1417|1105|5691|2011|4328|1639|1363|838|2717|1508|2535|1479|182|241|15296|2974|10237|2317|5059|1448|2889|2251|2647|2244|242|254|5961|2084|2616|942|3345|1960|0|242|0|242|0|242|12459|4075|4844|1902|7615|3243|451|380|177|228|274|317|1063|779|478|339|585|694|3857|2465|3225|1911|632|729|2867|1095|2384|994|483|504|649|754|649|754|0|242|5519|2242|4864|2128|655|493|1701|1300|1269|840|432|578|628|424|268|291|360|429|5120|2812|4240|2356|880|975|0|242|0|242|0|242|0|242|0|242|0|242|1604|2389|514|785|1090|1609|991|798|991|798|0|242
0500000US48491|683670|231|499690|7756|89358|6580|54185|5174|35173|5116|2739|1306|2409|1289|330|280|165|290|165|290|0|242|107|177|47|77|60|101|3846|2611|1512|918|2334|2321|977|593|928|585|49|62|388|367|338|360|50|81|63|105|63|105|0|242|2138|1359|681|482|1457|1100|508|450|508|450|0|242|0|242|0|242|0|242|1353|1038|907|844|446|396|0|242|0|242|0|242|1052|656|425|388|627|502|5100|2351|3700|1722|1400|1052|8265|2782|7242|2468|1023|796|4366|1822|3088|1505|1278|778|1060|973|827|826|233|314|1856|1255|1547|1014|309|489|2949|1532|2493|1311|456|395|301|323|301|323|0|242|15649|3756|12014|3416|3635|1467|3582|1762|2525|1293|1057|893|2519|1273|1839|896|680|585|10193|2616|5517|1461|4676|1635|1589|1548|1536|1544|53|90|4583|1917|2333|1159|2250|1278|0|242|0|242|0|242|4071|1904|1877|836|2194|1283|309|341|234|274|75|123|581|533|446|443|135|218|1872|1942|1433|1572|439|471|1965|1112|1554|893|411|341|644|524|590|520|54|96|3674|1876|2263|1408|1411|1103|2396|1945|2320|1931|76|128|679|585|489|428|190|187|1621|1431|1516|1383|105|181|807|1034|350|431|457|650|0|242|0|242|0|242|0|242|0|242|0|242|655|595|568|525|87|150
0500000US49035|1144346|409|894370|10533|160965|7888|88713|5117|72252|7041|4222|1430|3391|1256|831|651|318|439|261|427|57|96|1220|816|1120|785|100|171|6645|2234|4682|1800|1963|1169|3295|1556|3179|1552|116|133|480|301|480|301|0|210|576|514|249|218|327|465|3907|1710|1813|803|2094|1504|525|376|434|352|91|162|2498|1042|1692|781|806|562|1392|1247|838|1041|554|628|713|653|616|652|97|160|1822|1281|1054|672|768|768|1144|1147|1071|1057|73|116|1815|1322|1815|1322|0|210|1119|1127|678|615|441|573|309|465|309|465|0|210|222|228|222|228|0|210|2020|2041|1039|968|981|1177|1457|807|1366|759|91|152|1251|1043|903|910|348|461|1034|866|939|791|95|165|630|651|630|651|0|210|10605|2620|5668|1845|4937|1687|1643|867|1092|579|551|391|3108|1712|2104|1477|1004|684|51|87|51|87|0|210|5848|2129|3001|1340|2847|1160|850|569|520|399|330|275|2904|1122|1288|675|1616|655|4845|3791|2145|1623|2700|2275|2236|1078|1505|734|731|744|7552|2161|4778|1614|2774|1204|4066|1985|2365|1325|1701|1156|141|250|0|210|141|250|818|857|558|540|260|347|1407|1324|1093|1260|314|340|2202|1686|519|407|1683|1585|889|748|702|711|187|223|149|252|149|252|0|210|1083|578|969|516|114|137
0500000US51059|1097571|55|659499|12177|153045|6141|85890|5200|67155|5732|7040|2277|6445|2211|595|431|628|684|584|668|44|75|1956|837|1654|831|302|248|3912|1376|3046|1194|866|445|4203|1388|3777|1293|426|398|1613|1099|1556|1063|57|96|985|456|727|414|258|235|5341|1834|4446|1630|895|561|498|327|448|315|50|83|672|531|480|378|192|244|3466|1508|2723|1384|743|460|161|208|44|73|117|197|18235|4001|12506|2677|5729|2250|3936|1944|3151|1586|785|529|10449|2593|8903|2312|1546|824|12647|3694|10537|3257|2110|1120|4451|3509|3109|2316|1342|1233|7193|2721|5652|2137|1541|831|7675|2489|4474|1528|3201|1617|4608|1707|3045|1124|1563|998|6011|2082|4859|1917|1152|739|3996|1641|3419|1508|577|470|2175|1154|2021|1075|154|158|30699|4492|19794|3523|10905|2224|1669|550|1316|464|353|215|35901|4855|17393|2849|18508|2912|0|217|0|217|0|217|28384|5105|12676|2944|15708|2955|739|580|255|332|484|351|3293|1507|1962|988|1331|852|9128|3040|5912|1843|3216|1769|9938|2817|7645|1939|2293|1304|1836|791|1162|583|674|436|24230|5612|18840|4560|5390|1765|502|373|346|278|156|256|20462|4487|13235|3376|7227|1823|3515|1596|3088|1490|427|399|916|795|415|426|501|674|0|217|0|217|0|217|0|217|0|217|0|217|1964|1569|1888|1569|76|132
0500000US51107|417642|98|267110|5917|48073|3601|26958|3788|21115|3580|2327|1029|1204|556|1123|890|203|318|203|318|0|217|788|677|788|677|0|217|1779|896|1372|829|407|406|977|661|977|661|0|217|0|217|0|217|0|217|265|269|200|196|65|110|1081|604|849|564|232|380|97|114|97|114|0|217|72|88|72|88|0|217|648|712|569|632|79|130|90|150|90|150|0|217|4689|1628|2868|1143|1821|770|2306|1577|1507|1176|799|684|12660|4257|11224|3962|1436|782|7142|2638|6035|2460|1107|643|5124|2701|4582|2529|542|458|4850|2631|3004|1505|1846|1522|2353|1121|1812|885|541|442|3680|2280|2998|1824|682|531|11599|2991|10604|2765|995|629|3988|1927|3613|1637|375|413|1216|830|1065|767|151|238|4579|1475|3162|1241|1417|797|609|509|277|270|332|444|5096|1848|2980|1218|2116|1050|0|217|0|217|0|217|7151|2489|3350|1297|3801|1386|0|217|0|217|0|217|1053|752|359|234|694|624|1901|990|1054|684|847|596|1696|795|1158|598|538|426|236|305|147|172|89|150|6367|3048|4696|2451|1671|900|36|62|36|62|0|217|3952|1710|2605|1313|1347|807|936|796|616|627|320|274|411|470|317|396|94|121|0|217|0|217|0|217|238|396|161|267|77|129|264|213|219|198|45|79
0500000US53033|2222819|-555555555|1490379|17562|159850|8395|94373|7246|65477|6290|12671|2857|10184|2035|2487|1413|244|415|91|155|153|264|3927|2286|3927|2286|0|218|9108|3492|6276|2616|2832|1332|9415|2168|8264|1959|1151|835|4231|1655|4039|1604|192|311|865|348|697|309|168|242|26971|5549|17706|3525|9265|2816|2793|1078|2173|958|620|373|3209|1586|2389|1325|820|604|21200|4921|8417|2036|12783|3855|952|581|598|440|354|289|14374|4629|6874|2467|7500|3242|4723|1624|4385|1561|338|276|35583|4947|32249|4613|3334|1176|4931|2790|4293|2276|638|624|9411|3036|4529|1521|4882|2150|3851|1845|2405|1221|1446|1196|7689|2290|6274|2061|1415|656|13868|3903|10614|2951|3254|1300|13307|3502|12018|3390|1289|702|14434|3954|12990|3851|1444|709|8090|3022|6590|2307|1500|1012|127380|8359|74642|6248|52738|4756|15402|2808|10595|2028|4807|1327|30953|4978|16394|3289|14559|3469|356|323|260|264|96|124|43645|5428|17803|3331|25842|3726|3801|1522|1920|1095|1881|957|8592|2541|3716|1313|4876|1517|8879|2820|5541|1814|3338|1723|26572|3447|17494|2737|9078|1866|14721|3550|7897|1972|6824|2213|15297|5696|11286|4615|4011|1736|2885|2025|2106|1326|779|992|29282|6032|17322|4673|11960|2826|5818|2642|3613|1641|2205|1930|8137|2228|5686|1945|2451|958|47|79|0|218|47|79|1053|784|577|488|476|491|3923|1606|3292|1465|631|541
0500000US53053|886025|-555555555|736491|9089|56077|4488|35760|3308|20317|3984|4696|2175|3176|1595|1520|1399|487|336|178|199|309|348|957|419|870|413|87|108|1178|926|1178|926|0|218|3414|965|2999|931|415|339|261|297|261|297|0|218|403|528|403|528|0|218|5156|1970|2762|1207|2394|982|731|908|731|908|0|218|318|394|61|101|257|307|4173|3258|2484|2312|1689|1392|376|523|376|523|0|218|3822|3581|1431|1382|2391|2503|56|93|56|93|0|218|932|740|830|703|102|95|0|218|0|218|0|218|2667|2204|1350|1265|1317|1148|0|218|0|218|0|218|177|296|0|218|177|296|2488|1529|1543|1002|945|713|0|218|0|218|0|218|0|218|0|218|0|218|304|303|243|229|61|103|3915|1206|1774|713|2141|977|2672|1233|1762|1007|910|477|7758|1725|3166|862|4592|1396|281|325|200|265|81|129|5065|1833|1618|675|3447|1552|8050|2828|3888|1903|4162|1552|3194|2042|1960|1450|1234|759|280|252|212|193|68|113|11551|2551|8128|1836|3423|1276|6382|2519|5198|2516|1184|556|1465|944|844|657|621|526|0|218|0|218|0|218|2015|1680|1455|1442|560|525|2690|1918|1652|1516|1038|1234|4875|1658|2984|1339|1891|1045|0|218|0|218|0|218|311|241|279|236|32|60|357|265|357|265|0|218
0500000US53061|813740|492|602233|9120|64476|5246|36491|3485|27985|4439|1878|1042|1402|731|476|435|0|218|0|218|0|218|390|466|390|466|0|218|2962|2090|983|791|1979|1772|1385|640|1280|619|105|127|274|310|274|310|0|218|343|295|343|295|0|218|5841|2568|2563|1472|3278|1519|598|434|333|246|265|326|1496|1862|887|1430|609|763|6470|2434|3012|1375|3458|1306|422|369|60|104|362|296|1658|919|819|573|839|696|1557|1164|1225|859|332|410|7027|2039|5814|1677|1213|756|4235|1930|3339|1678|896|707|2285|1606|1826|1354|459|451|1244|876|1208|875|36|64|4184|1891|3465|1769|719|693|2248|867|1545|727|703|271|9736|3602|7176|2561|2560|1479|3614|1754|3353|1695|261|210|2400|1346|2283|1357|117|196|14425|3216|8197|2332|6228|1855|3607|1323|2665|1165|942|568|11516|3571|5726|2307|5790|1773|345|368|345|368|0|218|13381|3964|6601|2211|6780|2155|3067|1708|1428|967|1639|1145|988|603|546|409|442|381|1546|1436|1069|984|477|482|12460|2769|8295|2249|4165|2078|2357|1159|1904|1103|453|349|6363|3211|5321|2608|1042|824|239|250|239|250|0|218|7132|3044|4567|2437|2565|1287|3950|2866|3420|2468|530|562|979|912|916|899|63|103|0|218|0|218|0|218|372|355|372|355|0|218|2057|2122|1412|1546|645|694
0600000US1703114000|2587654|6186|1671020|20808|617723|16505|341236|14103|276487|15347|12570|3311|9028|2775|3542|1868|1450|862|1155|761|295|321|6312|1657|4427|1284|1885|1064|4333|2124|2903|1081|1430|1403|4044|1466|3989|1459|55|77|1331|829|1331|829|0|208|4689|1793|3710|1680|979|538|10762|3293|7948|2383|2814|1608|30769|4889|16800|3692|13969|2818|6180|1882|3786|1332|2394|794|15046|4711|6783|2477|8263|3013|982|1233|648|723|334|549|2981|1670|2717|1679|264|206|7399|3031|5749|2795|1650|973|8791|2552|6922|2081|1869|1190|12397|3993|7655|2502|4742|2531|1161|1043|854|800|307|292|2444|2109|939|704|1505|1466|3377|2031|2407|1576|970|955|9068|2447|6832|1751|2236|1623|2734|1358|2692|1347|42|71|2493|2065|2061|1939|432|676|813|752|470|445|343|582|62147|8412|27190|3940|34957|7136|2514|1681|2042|1620|472|354|7251|2163|5658|1994|1593|823|0|208|0|208|0|208|7341|2443|2907|1354|4434|1707|38|98|38|98|0|208|2395|1537|1343|1136|1052|878|6169|2529|2561|1364|3608|1631|17464|3520|13083|3063|4381|1153|2983|3422|380|361|2603|3398|14458|4662|11327|3885|3131|1944|1819|952|1700|945|119|128|7656|2881|4536|1775|3120|1473|10561|3368|7524|2740|3037|1693|1709|1019|1307|938|402|385|66|115|66|115|0|208|53|102|53|102|0|208|2161|1110|972|579|1189|870
0600000US2502507000|642811|3188|403002|9311|101881|5513|54354|4699|47527|4432|4883|1509|3850|1224|1033|693|27591|6207|14684|4759|12907|3852|3445|1281|2540|1014|905|774|12869|4354|6737|2236|6132|2678|2926|1135|2800|1122|126|153|486|351|486|351|0|228|1936|1105|1330|792|606|444|4396|1275|2800|1070|1596|702|1717|845|1563|820|154|181|261|323|0|228|261|323|1060|644|636|426|424|498|491|348|307|400|184|303|1826|961|1321|793|505|515|560|326|560|326|0|228|6017|2101|5393|2051|624|541|546|458|546|458|0|228|23|39|23|39|0|228|1782|1289|716|501|1066|1169|2064|1458|1201|761|863|776|2547|1311|1550|996|997|783|876|532|684|466|192|183|636|446|570|441|66|103|248|169|248|169|0|228|28110|3729|11732|2007|16378|3163|814|446|616|382|198|187|2360|1063|1372|600|988|756|34|56|34|56|0|228|8760|3067|2844|1263|5916|2595|165|290|0|228|165|290|320|339|86|117|234|296|1516|847|1259|794|257|299|1040|758|887|623|153|263|541|332|456|304|85|143|3917|1667|2743|1191|1174|798|882|581|792|565|90|130|4262|2178|2266|1572|1996|958|2764|1470|2262|1287|502|433|1486|901|913|767|573|469|0|228|0|228|0|228|139|256|0|228|139|256|1632|1714|1632|1714|0|228
0600000US3600508510|1296630|276|539812|14456|587610|10911|315861|11821|271749|9638|21703|4523|12731|3493|8972|2524|2999|1441|1861|1240|1138|557|3973|1158|2846|887|1127|601|2348|1199|1367|836|981|548|919|525|889|525|30|49|351|479|83|102|268|459|1671|1240|222|218|1449|1173|3483|1475|1694|932|1789|1242|300|313|300|313|0|220|522|361|214|211|308|205|582|572|287|359|295|332|51|83|0|220|51|83|841|1255|381|565|460|702|0|220|0|220|0|220|921|549|899|546|22|37|1046|596|526|366|520|472|461|475|289|280|172|218|28206|3545|13368|2814|14838|3111|442|353|379|273|63|102|8343|2851|4630|2062|3713|1524|155|245|155|245|0|220|94|159|94|159|0|220|141|119|141|119|0|220|5982|2474|1993|869|3989|1920|80|95|80|95|0|220|465|335|126|162|339|302|0|220|0|220|0|220|2327|1327|939|577|1388|862|268|364|66|115|202|340|262|300|53|93|209|251|675|766|448|530|227|273|3515|1466|2332|963|1183|663|1045|678|761|512|284|320|12045|4695|7607|3922|4438|1977|2266|1204|2078|1047|188|242|7461|3506|4525|2669|2936|1967|48041|8785|36881|6764|11160|3043|1885|1525|1238|1295|647|642|0|220|0|220|0|220|33|54|33|54|0|220|3306|1033|2438|968|868|508
0600000US3604710022|2459257|588|1337505|25247|363214|10395|181602|8926|181612|11907|28625|5927|21969|4923|6656|2246|59399|8050|35714|6563|23685|4334|12988|2815|9383|2325|3605|1078|5591|2171|5033|2094|558|414|6711|1795|6439|1710|272|223|116475|13571|56471|9521|60004|8775|6574|1931|4692|1483|1882|872|115379|8186|36453|4575|78926|6374|16407|4470|6348|1890|10059|3371|2451|1401|1811|966|640|506|18867|3658|6024|1889|12843|2697|798|710|205|200|593|683|8171|3382|3647|2443|4524|2379|1614|865|1179|590|435|514|3013|1118|2464|1045|549|271|18723|4943|9073|2723|9650|3012|1132|459|673|369|459|243|30164|6018|10169|2651|19995|4486|730|572|291|245|439|498|13267|3790|7309|2321|5958|2033|1050|1186|808|818|242|389|632|429|491|316|141|184|710|450|544|431|166|136|166728|7248|45929|4510|120799|5536|4108|1213|3037|914|1071|623|4788|1406|3044|983|1744|870|0|220|0|220|0|220|2985|1244|1325|666|1660|897|319|316|184|236|135|160|1220|700|674|525|546|470|15657|3979|4672|1609|10985|3279|5559|1489|4077|1223|1482|705|1122|850|722|606|400|566|31180|6945|14626|3651|16554|4745|23571|5924|15727|3942|7844|2825|613|621|250|400|363|471|16825|5504|11068|4271|5757|2720|1995|1517|1807|1541|188|239|230|369|0|220|230|369|62|104|0|220|62|104|12105|2445|6066|1372|6039|1703
0600000US3605934000|751773|2572|493806|12651|135940|9173|71212|5976|64728|7059|5216|2381|2843|1333|2373|1860|18752|4325|9705|2824|9047|2890|6700|1997|4531|1654|2169|816|604|595|490|482|114|191|827|450|513|293|314|354|479|423|407|344|72|118|3048|1294|2148|963|900|595|4938|2660|4416|2606|522|340|1538|985|658|420|880|770|350|354|208|204|142|235|974|1076|189|211|785|1067|409|672|409|672|0|220|206|344|91|153|115|191|750|687|284|323|466|479|5222|2839|3459|2356|1763|1046|11250|4110|7109|3342|4141|1568|6208|3500|3697|2044|2511|1720|5493|2759|2871|1543|2622|1541|1199|1175|215|243|984|1140|2468|1876|2235|1613|233|307|27|53|0|220|27|53|373|401|257|314|116|190|3087|1837|1490|832|1597|1401|14099|3609|5324|1962|8775|2619|608|608|294|259|314|386|2556|1214|1330|689|1226|691|0|220|0|220|0|220|751|670|393|403|358|376|0|220|0|220|0|220|281|354|136|160|145|234|1288|867|790|626|498|464|4754|2019|3903|1684|851|495|16|28|16|28|0|220|2860|1513|2296|1285|564|418|6360|3259|5633|3181|727|480|177|195|177|195|0|220|4777|2815|3295|1847|1482|1113|1102|1242|1016|1176|86|147|0|220|0|220|0|220|0|220|0|220|0|220|2280|1384|1793|1174|487|456
0600000US3606144919|1597293|362|1020628|18230|284447|10833|167833|9852|116614|10041|29621|6212|24573|5443|5048|2204|6708|4357|3604|2611|3104|2059|12992|5521|12271|5533|721|554|10715|2729|8685|2105|2030|1369|10246|2849|10043|2846|203|195|2677|1506|2677|1506|0|220|2962|1202|2646|1195|316|431|9225|2472|6347|1588|2878|1482|7103|3608|5988|3492|1115|819|1991|1235|1459|936|532|514|4398|2027|4080|1895|318|356|503|357|406|314|97|157|2195|1141|2093|1094|102|167|1101|594|1101|594|0|220|10654|2968|10119|2963|535|356|2354|1276|1807|969|547|565|2309|2618|1221|960|1088|1757|5173|2739|4113|2376|1060|884|1746|786|1620|794|126|115|10546|4495|8500|3267|2046|2271|879|530|879|530|0|220|1478|709|1478|709|0|220|1841|1462|1773|1443|68|110|87865|8097|39175|5123|48690|5643|7919|2088|3417|1184|4502|1507|11832|2996|7753|2339|4079|1645|0|220|0|220|0|220|1223|626|1164|621|59|54|0|220|0|220|0|220|280|249|135|168|145|193|5056|1987|3723|1512|1333|979|5014|1959|3984|1801|1030|705|1275|1184|619|497|656|735|10221|4469|7004|3005|3217|2276|9674|4143|9252|4076|422|416|1192|912|1115|888|77|139|5308|2567|3240|1472|2068|1638|2315|1652|742|610|1573|1530|0|220|0|220|0|220|0|220|0|220|0|220|3627|1430|3024|1314|603|424
0600000US3608160323|2197133|552|964069|17060|518209|9756|246486|9792|271723|10858|11245|2632|8098|1792|3147|1444|31327|6862|17222|4390|14105|3919|15566|3187|8903|1937|6663|2042|5350|1718|2626|954|2724|1185|3069|1164|2875|1181|194|183|2785|1046|1589|862|1196|555|23851|4385|15989|3654|7862|2148|26108|5188|11119|2879|14989|4058|21994|4135|12811|3150|9183|2161|6839|2266|5127|1876|1712|1089|9944|4474|5236|2971|4708|3030|1376|573|822|349|554|426|3171|1700|1096|689|2075|1449|6153|3470|3571|1949|2582|1644|11738|2977|8040|2193|3698|1417|12934|3420|7248|2006|5686|1989|15703|3949|6580|2117|9123|2328|86910|10095|39511|5776|47399|6764|15682|4289|5227|1835|10455|3412|16935|3709|9318|2226|7617|2271|840|789|725|738|115|141|565|447|458|407|107|180|6198|2851|3237|1605|2961|1587|225137|11979|73241|5928|151896|9550|7927|2184|3629|1497|4298|1383|41576|5657|17917|3556|23659|3777|0|220|0|220|0|220|2933|1216|1598|822|1335|839|1198|1228|956|1157|242|347|1588|748|757|335|831|499|19321|5181|9120|3703|10201|3425|32274|5570|23104|3723|9170|2993|5326|1949|2593|976|2733|1392|19604|5098|9274|2585|10330|3606|5616|2350|4293|1954|1323|848|475|453|475|453|0|220|8278|2469|5668|2077|2610|1202|1781|1426|1669|1415|112|138|0|220|0|220|0|220|223|360|156|254|67|109|5315|1912|4322|1663|993|699
0600000US4210160000|1482857|4|1113224|17016|163503|8023|98268|6969|65235|6364|9941|3990|4469|1653|5472|3178|14650|6400|7687|4067|6963|3764|4899|1738|3494|1419|1405|644|8510|3751|3895|2302|4615|2643|2708|1144|2507|1127|201|175|811|418|679|391|132|128|1632|1277|1178|1128|454|404|16290|4928|5022|1938|11268|3878|5350|2819|1875|859|3475|2732|523|580|300|442|223|377|2726|1243|568|425|2158|1128|2089|1901|1446|1666|643|756|984|759|733|697|251|291|3739|2266|2965|1935|774|785|2950|1533|2277|1139|673|703|1122|865|743|604|379|500|404|493|404|493|0|192|1526|954|678|462|848|701|1097|968|1097|968|0|192|3792|2319|1840|1459|1952|1561|240|223|187|189|53|90|921|738|844|700|77|123|6773|3054|3326|1944|3447|2138|38444|5964|11213|2209|27231|4637|1086|670|569|515|517|434|4262|1447|2652|1216|1610|907|0|192|0|192|0|192|15479|4016|4094|1492|11385|3561|4919|2445|1417|824|3502|2018|2348|1711|186|345|2162|1651|3179|2058|1090|835|2089|1780|5215|2253|3219|1419|1996|1323|2629|1503|1143|720|1486|1072|13405|7296|8180|3993|5225|3601|2659|1137|2600|1120|59|99|4282|2721|1908|2013|2374|1964|8493|2952|7780|2905|713|529|1509|1194|728|809|781|856|0|192|0|192|0|192|0|192|0|192|0|192|4544|4805|3784|4125|760|826
1600000US0455000|1571408|5771|1000349|20734|462608|17187|288983|13693|173625|10371|4231|1535|3191|1220|1040|686|1014|1024|418|507|596|721|2005|1038|1397|790|608|644|1331|709|958|577|373|395|2808|908|2407|884|401|305|1709|1446|1636|1431|73|127|353|302|309|276|44|72|680|431|417|348|263|218|657|413|507|384|150|177|3074|1328|1484|699|1590|990|617|420|617|420|0|237|339|290|339|290|0|237|1355|956|350|283|1005|867|1942|1230|1294|904|648|794|2623|1403|2290|1296|333|327|515|430|331|323|184|244|1369|1267|1265|1168|104|170|633|533|307|291|326|276|1306|1195|1075|908|231|400|5728|2276|4096|1807|1632|1153|4634|2201|3904|1960|730|1063|2019|1300|1716|1216|303|272|1930|1859|1724|1831|206|250|12255|2714|6341|1966|5914|1744|1506|1002|1094|818|412|696|2372|1101|1570|763|802|676|1117|1758|1117|1758|0|237|6967|3142|3878|1897|3089|1928|503|618|503|618|0|237|1332|1530|1048|1179|284|403|2774|2001|1919|1227|855|877|5690|1853|3436|1296|2254|1237|2201|1234|1479|886|722|761|6429|3408|3541|1915|2888|1765|972|1049|972|1049|0|237|5480|3155|2531|1347|2949|2115|2873|2334|2567|2294|306|299|7332|3774|3757|2447|3575|2332|2148|1003|1767|985|381|147|1117|802|902|676|215|246|2511|1425|2231|1352|280|362
1600000US0644000|3695324|7330|1605577|23112|1440657|21428|765260|18022|675397|17832|22869|4237|19514|3694|3355|1419|3169|2699|2790|2630|379|619|6733|1793|5878|1688|855|472|5622|1640|4111|1282|1511|736|11120|2252|10617|2280|503|204|2217|740|2052|695|165|213|1894|850|1255|578|639|628|38095|6180|21488|4482|16607|3368|4006|1483|3330|1225|676|592|3281|1141|2633|1046|648|568|6548|2045|3982|1465|2566|1085|89879|10199|49635|7296|40244|5696|52292|7688|33164|5153|19128|4071|1977|881|1737|789|240|196|15594|3427|13293|3173|2301|1156|3700|1725|2196|982|1504|963|3510|1637|2475|1438|1035|544|7309|2249|3381|1052|3928|1535|3225|1367|2474|1337|751|325|7913|1976|6994|1829|919|503|3040|1239|2974|1217|66|107|1843|961|1019|534|824|528|1150|597|1034|556|116|134|66929|5131|37767|3801|29162|3595|16673|2986|10962|2213|5711|1281|80694|7591|30411|4407|50283|5123|564|882|564|882|0|225|14874|3070|7803|1835|7071|1968|2440|1152|1191|499|1249|729|10393|2544|4018|1372|6375|1852|3205|1479|1885|986|1320|777|85815|7876|61705|7102|24110|3261|8408|2214|5238|1490|3170|1174|20908|4542|13215|2759|7693|3168|18226|3762|15528|3394|2698|1427|6882|3176|4407|2069|2475|1780|4663|1723|3628|1480|1035|661|1832|942|1780|924|52|89|116|191|116|191|0|225|223|221|168|148|55|93|9259|2605|4369|1707|4890|2156
1600000US0664000|506678|3049|308776|10264|89628|9613|58292|7199|31336|4603|1126|777|967|767|159|159|0|225|0|225|0|225|339|453|339|453|0|225|1072|1131|939|1105|133|229|1162|587|1023|580|139|99|236|252|236|252|0|225|306|320|166|191|140|169|6079|2688|1693|826|4386|2209|0|225|0|225|0|225|107|173|52|83|55|90|1444|864|457|298|987|685|370|443|181|238|189|218|4235|1791|2271|999|1964|1041|1838|1239|978|766|860|663|8309|2585|4671|1769|3638|1560|2858|1583|2221|1280|637|558|11511|5267|4249|1886|7262|4483|389|381|389|381|0|225|1178|799|801|694|377|269|3303|1740|1891|1101|1412|826|856|683|758|627|98|163|211|350|211|350|0|225|314|348|314|348|0|225|19386|3938|8273|2739|11113|2158|1099|604|693|486|406|345|1052|593|270|234|782|612|11434|3087|5008|1844|6426|2160|6061|2001|2204|763|3857|1571|1332|1055|661|567|671|750|1682|1025|851|571|831|541|1073|799|339|427|734|684|12113|2409|7832|1848|4281|1415|1724|965|731|517|993|625|845|518|602|443|243|218|0|225|0|225|0|225|599|591|131|213|468|504|1785|1319|1785|1319|0|225|150|248|150|248|0|225|0|225|0|225|0|225|0|225|0|225|0|225|696|593|421|442|275|373
1600000US0666000|1342509|5128|793786|14680|301315|12576|193597|8699|107718|7373|7328|2002|7016|1939|312|266|960|846|310|507|650|694|3495|1648|3223|1598|272|239|6345|2012|4730|1629|1615|1125|3843|1523|3354|1394|489|387|991|479|711|366|280|311|688|426|688|426|0|225|11920|4382|7974|3170|3946|1991|975|401|783|355|192|165|527|343|527|343|0|225|3637|1727|2616|1506|1021|546|745|540|609|505|136|183|14301|4107|9759|3168|4542|1524|2111|1034|1742|958|369|321|10166|3195|8409|2867|1757|1264|1938|1802|1913|1801|25|3|4364|3406|1994|1174|2370|2650|936|511|889|496|47|76|2520|1615|1761|1241|759|671|2699|1252|2275|1166|424|334|3533|1273|3153|1185|380|343|2288|1280|2195|1261|93|111|2960|1279|2862|1272|98|163|43003|6043|24888|4411|18115|3266|7148|2254|4296|1569|2852|1024|9217|2527|5590|1991|3627|1282|217|178|217|178|0|225|23057|3961|10776|2320|12281|2417|3054|1495|1365|899|1689|950|3754|1413|1557|644|2197|1005|2813|1744|1360|946|1453|1244|44230|6444|27886|4127|16344|3164|4444|1809|3230|1562|1214|677|8954|3615|4296|1642|4658|2893|1660|743|1355|630|305|301|3143|1670|2292|1309|851|674|1945|1713|1889|1701|56|95|532|474|532|474|0|225|44|66|0|225|44|66|148|215|148|215|0|225|775|406|634|364|141|143
1600000US0667000|795144|200|446434|10739|89338|5199|56332|4865|33006|4401|9968|2661|8951|2307|1017|665|264|670|133|219|131|632|3861|1202|3353|1015|508|386|1395|688|1238|663|157|209|5118|1527|4974|1508|144|152|893|735|893|735|0|225|798|532|798|532|0|225|7754|1824|4965|1574|2789|1001|536|543|285|375|251|380|725|503|657|490|68|79|1661|661|960|426|701|395|178|245|143|238|35|58|2761|1251|2025|831|736|658|1500|779|1443|757|57|99|8731|2782|7352|2552|1379|850|503|437|442|381|61|105|209|276|57|99|152|254|704|523|704|523|0|225|3115|1526|1531|799|1584|1302|3290|1458|2854|1295|436|487|1035|588|1035|588|0|225|1215|621|1007|563|208|181|714|469|714|469|0|225|131407|8052|57050|5353|74357|5754|6842|2842|4200|1792|2642|1421|8185|2657|6016|2355|2169|883|0|225|0|225|0|225|14043|4324|5360|2052|8683|3154|265|427|0|225|265|427|1479|962|794|574|685|652|2749|1210|2140|856|609|587|24788|4331|14885|2684|9903|2588|3386|1915|2923|1729|463|395|3528|1742|2689|1152|839|967|1397|1081|1397|1081|0|225|1856|910|1792|897|64|111|287|272|287|272|0|225|1027|1020|884|818|143|251|39|62|39|62|0|225|168|217|168|217|0|225|998|479|766|482|232|356
1600000US0668000|951901|2986|386883|13081|200570|9640|114090|7545|86480|6636|2334|868|1866|726|468|407|42|70|42|70|0|225|1654|827|1366|699|288|200|4026|1158|2509|860|1517|686|2290|1091|1701|792|589|630|891|592|810|540|81|136|499|410|335|308|164|167|7413|2074|4398|1444|3015|1294|910|1012|819|980|91|150|2310|1564|662|677|1648|1128|1521|1178|639|439|882|865|46|77|46|77|0|225|8713|2055|6251|1774|2462|771|5075|2013|3104|1546|1971|1054|25128|4607|21516|4188|3612|1374|2259|1406|1878|1211|381|386|7027|2568|5120|2011|1907|1033|2473|979|1809|898|664|359|4290|1591|3861|1417|429|450|2303|2096|1196|749|1107|1498|7077|2709|6771|2673|306|288|11380|3677|9056|2974|2324|1538|5724|1723|4950|1543|774|507|84816|8082|45718|5023|39098|5025|4425|1407|2605|1153|1820|752|14463|3309|7409|2029|7054|2111|153|186|97|124|56|65|98606|10322|35205|5003|63401|6595|2056|891|1165|651|891|442|2132|1132|1322|713|810|619|3499|2309|2645|2055|854|683|30137|5014|19105|3797|11032|2418|6727|2422|4975|2047|1752|811|1363|852|1190|719|173|201|1572|1546|1262|1263|310|496|7322|2556|4955|1946|2367|970|384|399|351|401|33|54|0|225|0|225|0|225|0|225|0|225|0|225|650|751|650|751|0|225|758|593|654|523|104|123
1600000US1150000|662752|79|521800|8710|61754|4580|37228|3992|24526|4130|11931|2616|9860|2366|2071|1166|1260|1049|523|636|737|917|1831|980|1770|973|61|102|1431|875|1330|856|101|172|3303|1266|2950|1196|353|416|532|414|532|414|0|247|1115|894|1041|894|74|15|2673|1057|2042|818|631|618|445|345|361|244|84|137|711|693|711|693|0|247|1036|620|815|507|221|214|106|135|29|46|77|127|2051|926|1859|883|192|188|878|776|878|776|0|247|1772|845|1368|600|404|443|403|478|325|358|78|134|318|312|171|215|147|235|273|234|273|234|0|247|972|807|972|807|0|247|1732|1105|1175|845|557|595|0|247|0|247|0|247|891|767|722|750|169|146|196|247|196|247|0|247|7561|1543|5543|1335|2018|860|1334|555|902|482|432|328|2003|730|1496|651|507|284|53|81|53|81|0|247|2868|2099|388|302|2480|2131|0|247|0|247|0|247|609|562|292|265|317|338|1832|1241|1746|1232|86|102|1567|769|1060|618|507|598|638|388|638|388|0|247|2612|919|2293|835|319|331|1327|620|1252|628|75|80|14706|6013|8716|3854|5990|2738|4037|2150|2838|1371|1199|1128|1584|858|1403|845|181|224|31|50|31|50|0|247|0|247|0|247|0|247|576|369|427|248|149|275
1600000US1714000|2587654|6186|1671020|20808|617723|16505|341236|14103|276487|15347|12570|3311|9028|2775|3542|1868|1450|862|1155|761|295|321|6312|1657|4427|1284|1885|1064|4333|2124|2903|1081|1430|1403|4044|1466|3989|1459|55|77|1331|829|1331|829|0|208|4689|1793|3710|1680|979|538|10762|3293|7948|2383|2814|1608|30769|4889|16800|3692|13969|2818|6180|1882|3786|1332|2394|794|15046|4711|6783|2477|8263|3013|982|1233|648|723|334|549|2981|1670|2717|1679|264|206|7399|3031|5749|2795|1650|973|8791|2552|6922|2081|1869|1190|12397|3993|7655|2502|4742|2531|1161|1043|854|800|307|292|2444|2109|939|704|1505|1466|3377|2031|2407|1576|970|955|9068|2447|6832|1751|2236|1623|2734|1358|2692|1347|42|71|2493|2065|2061|1939|432|676|813|752|470|445|343|582|62147|8412|27190|3940|34957|7136|2514|1681|2042|1620|472|354|7251|2163|5658|1994|1593|823|0|208|0|208|0|208|7341|2443|2907|1354|4434|1707|38|98|38|98|0|208|2395|1537|1343|1136|1052|878|6169|2529|2561|1364|3608|1631|17464|3520|13083|3063|4381|1153|2983|3422|380|361|2603|3398|14458|4662|11327|3885|3131|1944|1819|952|1700|945|119|128|7656|2881|4536|1775|3120|1473|10561|3368|7524|2740|3037|1693|1709|1019|1307|938|402|385|66|115|66|115|0|208|53|102|53|102|0|208|2161|1110|972|579|1189|870
1600000US2507000|642811|3188|403002|9311|101881|5513|54354|4699|47527|4432|4883|1509|3850|1224|1033|693|27591|6207|14684|4759|12907|3852|3445|1281|2540|1014|905|774|12869|4354|6737|2236|6132|2678|2926|1135|2800|1122|126|153|486|351|486|351|0|228|1936|1105|1330|792|606|444|4396|1275|2800|1070|1596|702|1717|845|1563|820|154|181|261|323|0|228|261|323|1060|644|636|426|424|498|491|348|307|400|184|303|1826|961|1321|793|505|515|560|326|560|326|0|228|6017|2101|5393|2051|624|541|546|458|546|458|0|228|23|39|23|39|0|228|1782|1289|716|501|1066|1169|2064|1458|1201|761|863|776|2547|1311|1550|996|997|783|876|532|684|466|192|183|636|446|570|441|66|103|248|169|248|169|0|228|28110|3729|11732|2007|16378|3163|814|446|616|382|198|187|2360|1063|1372|600|988|756|34|56|34|56|0|228|8760|3067|2844|1263|5916|2595|165|290|0|228|165|290|320|339|86|117|234|296|1516|847|1259|794|257|299|1040|758|887|623|153|263|541|332|456|304|85|143|3917|1667|2743|1191|1174|798|882|581|792|565|90|130|4262|2178|2266|1572|1996|958|2764|1470|2262|1287|502|433|1486|901|913|767|573|469|0|228|0|228|0|228|139|256|0|228|139|256|1632|1714|1632|1714|0|228
1600000US3651000|8022927|921|4149096|38044|1808138|20771|947810|20988|860328|20606|92607|10067|68555|7851|24052|4786|100964|11398|58846|8156|42118|6330|53229|6834|38693|6470|14536|2822|24126|4020|17833|3377|6293|1842|21574|3636|20827|3702|747|340|125091|13607|63493|9816|61598|8793|38012|5794|25754|4282|12258|2864|172756|10914|67733|5912|105023|8201|52259|7839|29289|5711|22970|4036|12489|2847|9183|2241|3306|1208|38132|6863|18603|4650|19529|4326|2953|1052|1658|661|1295|813|14513|4194|7299|2893|7214|2870|9124|3483|5999|1965|3125|1680|27502|4858|22575|4362|4927|1466|37860|6361|20492|3672|17368|3915|20299|4812|9312|2604|10987|2807|152129|12564|67935|6808|84194|9411|20057|4148|8264|1870|11793|3468|58115|7273|35109|5317|23006|3795|2924|1579|2567|1300|357|416|3049|958|2736|910|313|289|10302|3321|6486|2285|3816|1662|525042|18207|174423|10229|350619|12882|22141|3957|11746|2598|10395|2190|60387|6889|29475|4681|30912|4365|0|220|0|220|0|220|10080|2076|5115|1248|4965|1415|1986|1324|1321|1170|665|525|3428|1027|1619|609|1809|691|41425|6937|18452|4455|22973|4946|50304|6267|36780|4484|13524|3148|8808|2521|4695|1328|4113|1742|85321|12543|46647|7618|38674|7872|42351|7947|32480|6239|9871|3003|10031|3715|6365|2827|3666|2147|80795|10709|58483|8669|22312|4176|8387|3067|5615|2445|2772|1662|230|369|0|220|230|369|318|378|189|257|129|153|24593|3260|16025|2251|8568|1861
1600000US3712000|882038|2412|659081|8739|138660|5968|62484|4781|76176|5251|5722|2564|3287|1320|2435|1675|2600|2204|1323|1160|1277|1136|352|256|302|209|50|84|2815|1473|1363|721|1452|1087|1258|483|1226|473|32|54|542|628|542|628|0|226|1805|1120|1461|877|344|324|4444|1666|2851|1062|1593|1268|482|382|292|253|190|330|1603|1314|1207|1040|396|345|567|441|179|177|388|405|91|151|91|151|0|226|1176|891|589|537|587|650|3892|2160|2956|1718|936|631|4150|1713|3873|1660|277|223|1069|754|684|573|385|456|386|390|386|390|0|226|265|264|265|264|0|226|2405|1388|1458|931|947|686|1209|625|927|517|282|235|7313|3057|3239|1762|4074|2120|2289|1817|2146|1764|143|180|809|725|707|595|102|169|4975|1593|2858|1045|2117|927|1046|731|731|613|315|374|2109|1174|1097|816|1012|724|1221|1050|555|438|666|858|5571|2396|1709|858|3862|1758|2071|2239|1768|1891|303|394|1244|926|379|405|865|696|3725|2172|2035|1402|1690|1157|1918|1071|1528|876|390|348|1880|1869|703|715|1177|1287|3875|2437|2281|1317|1594|1616|53|93|53|93|0|226|3183|1954|1452|1087|1731|1443|2162|1087|1697|987|465|556|1632|1645|1124|1565|508|597|0|226|0|226|0|226|65|103|0|226|65|103|323|312|274|280|49|83
1600000US3918000|871108|5649|692963|12187|60755|7367|29705|5063|31050|4788|9072|3035|5358|1669|3714|2270|5231|2764|2462|1758|2769|1890|1040|646|884|549|156|152|3890|2507|1926|1513|1964|1359|1709|1000|1627|967|82|137|0|211|0|211|0|211|551|584|551|584|0|211|2939|1447|1450|939|1489|742|568|414|443|388|125|152|123|146|123|146|0|211|1405|908|612|466|793|705|0|211|0|211|0|211|859|713|547|489|312|330|2245|1277|1453|823|792|696|4586|3327|3722|2560|864|1223|554|531|306|361|248|401|528|588|132|192|396|557|1704|1525|1080|898|624|718|8224|3326|3004|1181|5220|3002|1273|637|1105|625|168|128|3478|2275|2395|1617|1083|1506|1476|1259|1476|1259|0|211|70|108|70|108|0|211|9296|2371|5616|1717|3680|1274|1624|1376|1292|1290|332|397|1775|1057|1401|886|374|425|0|211|0|211|0|211|958|971|323|375|635|714|1448|1431|624|781|824|694|688|526|395|415|293|294|2963|2955|1126|817|1837|2449|1550|988|1221|850|329|352|132|199|132|199|0|211|10863|3299|5330|2343|5533|1906|253|342|53|88|200|334|19303|5437|13692|4774|5611|2179|9445|3623|7426|3459|2019|1159|3392|2165|3229|2132|163|277|0|211|0|211|0|211|236|389|236|389|0|211|1939|1925|1324|1418|615|573
1600000US4260000|1482857|4|1113224|17016|163503|8023|98268|6969|65235|6364|9941|3990|4469|1653|5472|3178|14650|6400|7687|4067|6963|3764|4899|1738|3494|1419|1405|644|8510|3751|3895|2302|4615|2643|2708|1144|2507|1127|201|175|811|418|679|391|132|128|1632|1277|1178|1128|454|404|16290|4928|5022|1938|11268|3878|5350|2819|1875|859|3475|2732|523|580|300|442|223|377|2726|1243|568|425|2158|1128|2089|1901|1446|1666|643|756|984|759|733|697|251|291|3739|2266|2965|1935|774|785|2950|1533|2277|1139|673|703|1122|865|743|604|379|500|404|493|404|493|0|192|1526|954|678|462|848|701|1097|968|1097|968|0|192|3792|2319|1840|1459|1952|1561|240|223|187|189|53|90|921|738|844|700|77|123|6773|3054|3326|1944|3447|2138|38444|5964|11213|2209|27231|4637|1086|670|569|515|517|434|4262|1447|2652|1216|1610|907|0|192|0|192|0|192|15479|4016|4094|1492|11385|3561|4919|2445|1417|824|3502|2018|2348|1711|186|345|2162|1651|3179|2058|1090|835|2089|1780|5215|2253|3219|1419|1996|1323|2629|1503|1143|720|1486|1072|13405|7296|8180|3993|5225|3601|2659|1137|2600|1120|59|99|4282|2721|1908|2013|2374|1964|8493|2952|7780|2905|713|529|1509|1194|728|809|781|856|0|192|0|192|0|192|0|192|0|192|0|192|4544|4805|3784|4125|760|826
1600000US4819000|1237552|6912|713716|19426|438905|17296|236255|13268|202650|13522|6205|2689|4360|1978|1845|2112|434|700|0|242|434|700|1052|913|764|801|288|491|2573|1391|1062|542|1511|1063|1129|566|1010|534|119|192|462|446|462|446|0|242|34|55|34|55|0|242|1175|892|717|543|458|420|830|786|830|786|0|242|353|331|353|331|0|242|506|461|377|407|129|212|0|242|0|242|0|242|2697|1534|1966|1104|731|671|1012|713|888|688|124|213|3709|2029|3084|1515|625|603|4881|2491|4084|1939|797|749|762|616|577|587|185|193|875|658|594|475|281|340|2083|906|1199|779|884|638|1499|1284|1260|1121|239|274|2079|2032|2023|2020|56|95|412|486|412|486|0|242|1173|1403|932|1032|241|391|8435|2232|6312|1722|2123|1074|1021|677|698|480|323|269|2981|1250|1357|722|1624|1018|60|103|60|103|0|242|4569|1655|2559|1252|2010|878|164|219|121|210|43|68|1029|617|582|529|447|337|2360|1516|505|370|1855|1464|1763|962|1334|647|429|513|456|421|257|320|199|303|4741|1859|3098|1376|1643|1619|580|419|580|419|0|242|11950|6495|6018|2895|5932|4230|3971|2155|3584|1917|387|611|3626|2800|1814|1370|1812|2104|0|242|0|242|0|242|0|242|0|242|0|242|1290|1213|598|543|692|1066
1600000US4835000|2222083|7411|1159742|25821|836997|25679|401287|18943|435710|17410|15660|4095|12624|3460|3036|2087|216|343|216|343|0|242|3303|1631|3174|1556|129|214|5879|2524|4617|1992|1262|991|3020|999|2602|942|418|266|1423|709|1423|709|0|242|1292|715|905|681|387|376|5044|1650|3474|1487|1570|893|470|328|314|182|156|267|927|697|927|697|0|242|1301|1186|1203|1181|98|160|593|531|593|531|0|242|8091|2564|5563|2082|2528|1222|2955|1086|1945|776|1010|650|7446|2727|6324|2533|1122|647|10326|3394|8276|2864|2050|1251|857|780|724|711|133|178|1428|774|1143|672|285|308|3823|1870|3281|1739|542|373|6522|2948|3956|1677|2566|1551|6886|2607|5072|1869|1814|1680|963|740|806|641|157|184|3229|1336|2414|1017|815|584|32237|5692|14028|2618|18209|4175|2765|1453|1576|937|1189|929|5182|1749|2829|1042|2353|1038|0|242|0|242|0|242|31572|4758|10995|2615|20577|3401|221|226|126|154|95|156|1151|830|613|454|538|528|3836|1775|1776|993|2060|1225|8856|2960|7574|2784|1282|768|918|384|713|312|205|197|11566|4418|8927|3744|2639|1627|1747|2025|1031|1120|716|955|3182|1556|3049|1547|133|218|23811|5926|21383|5730|2428|1324|2834|1290|2731|1285|103|112|0|242|0|242|0|242|35|79|35|79|0|242|3777|1738|2538|1316|1239|943
1600000US5363000|747985|3621|566470|9308|40054|5970|30393|4650|9661|3116|4126|1501|3759|1464|367|348|0|218|0|218|0|218|1117|624|1117|624|0|218|2556|1399|1802|1181|754|701|3955|1351|3720|1345|235|312|2154|1092|2154|1092|0|218|426|332|276|231|150|241|3356|1270|3162|1222|194|197|757|497|713|491|44|71|1053|820|1053|820|0|218|2653|1554|979|874|1674|1281|222|277|168|194|54|89|2622|1562|1025|840|1597|1316|1559|753|1559|753|0|218|9837|2741|9217|2705|620|516|673|436|673|436|0|218|168|141|101|141|67|3|1245|882|1049|782|196|335|1897|1051|1635|881|262|294|3509|1418|3015|1147|494|471|1812|1044|1812|1044|0|218|2125|1246|1921|1236|204|190|1197|780|951|763|246|254|37799|3962|23145|3078|14654|2935|5102|1891|3835|1485|1267|682|6684|2048|4768|1653|1916|918|87|154|87|154|0|218|10781|2763|4418|1460|6363|2061|124|168|124|168|0|218|2660|1425|1088|788|1572|837|2014|1059|1625|877|389|347|5425|1498|3810|1291|1615|581|4251|1579|2057|977|2194|1105|1246|817|1177|780|69|115|184|234|184|234|0|218|11721|4227|6498|2957|5223|2248|2372|1786|1359|844|1013|1244|1551|800|1152|643|399|326|0|218|0|218|0|218|215|235|0|218|215|235|226|257|226|257|0|218
310M700US10580|871508|1459|775004|6203|30752|3029|20799|2907|9953|1759|2830|1072|2086|926|744|429|1672|1684|888|774|784|1093|2891|1026|1589|646|1302|731|751|670|380|333|371|409|1967|815|1535|710|432|391|752|587|425|358|327|309|1204|909|745|575|459|423|2349|1578|1678|1502|671|319|673|507|381|280|292|291|137|117|58|116|79|13|1104|680|297|222|807|637|397|571|397|571|0|220|648|600|352|335|296|428|1714|919|1460|881|254|316|3480|1671|2219|1065|1261|1042|3026|1255|1735|900|1291|801|1178|1349|795|910|383|481|3003|1239|1480|690|1523|1022|299|316|299|316|0|220|2506|1213|1294|520|1212|1019|1856|1058|1423|900|433|325|789|465|789|465|0|220|2270|1229|2044|1035|226|360|9414|2459|5142|1788|4272|2022|649|560|464|458|185|207|1797|815|1026|683|771|477|0|220|0|220|0|220|416|426|253|240|163|215|43|75|43|75|0|220|583|663|419|495|164|195|2068|1448|1545|1110|523|524|2763|1272|1803|769|960|769|0|220|0|220|0|220|3033|1458|1803|1022|1230|774|438|366|292|212|146|179|305|277|138|153|167|215|4271|3626|2846|2285|1425|1413|999|715|862|672|137|173|48|83|0|220|48|83|191|301|191|301|0|220|1238|950|848|797|390|473
310M700US10900|843847|611|672590|8476|120849|5608|62598|4973|58251|5756|2663|2050|2277|1970|386|455|3034|2555|1512|1060|1522|1638|1294|596|1052|507|242|223|3323|1597|2226|988|1097|862|2107|755|1770|665|337|282|913|479|913|479|0|213|503|359|358|326|145|140|1223|796|1006|715|217|252|3746|2075|2634|1893|1112|686|90|150|90|150|0|213|925|514|604|329|321|283|46|78|46|78|0|213|2028|1700|1241|1023|787|1083|1395|1043|862|674|533|504|1001|558|589|347|412|337|2367|1309|2036|1151|331|322|370|331|193|264|177|194|523|429|523|429|0|213|134|174|134|174|0|213|2016|1257|1374|1026|642|575|1018|738|542|477|476|602|674|882|674|882|0|213|542|478|423|442|119|197|2712|1281|1549|850|1163|680|349|318|303|279|46|82|1337|808|705|468|632|464|0|213|0|213|0|213|1909|948|294|287|1615|797|0|213|0|213|0|213|173|202|173|202|0|213|251|284|214|236|37|62|1669|1043|1465|928|204|335|57|101|57|101|0|213|6489|1885|3236|1107|3253|1217|303|269|249|249|54|89|297|490|157|260|140|232|687|626|687|626|0|213|1253|1033|1051|934|202|262|0|213|0|213|0|213|0|213|0|213|0|213|987|558|902|544|85|113
310M700US12060|6054114|3665|4808449|21734|622738|12141|362456|11304|260282|11419|36933|6315|29225|5597|7708|2655|24239|5352|16386|4159|7853|2627|3622|1359|3057|1306|565|339|22375|4400|15935|3353|6440|2416|13172|2649|12115|2452|1057|597|3944|1509|3833|1465|111|184|2148|1188|1714|1085|434|312|11258|2471|6913|1916|4345|1355|3174|1595|2487|1448|687|402|5443|1597|3914|1134|1529|813|7307|2080|5744|1755|1563|742|211|272|211|272|0|232|14700|3585|9509|2481|5191|1934|26894|4965|19049|4055|7845|2263|34454|4803|29064|4200|5390|1593|13669|3390|10746|2782|2923|1398|2098|1269|1632|995|466|363|11396|2914|7924|2349|3472|1242|13881|3930|9032|2470|4849|2400|8840|2568|7099|2241|1741|913|24216|4358|20366|3749|3850|1755|16269|4142|14698|4032|1571|1205|9618|3013|8766|2908|852|521|56014|5835|30250|4394|25764|3813|6718|1964|4562|1611|2156|995|48049|6456|24104|4156|23945|3754|1889|997|1259|822|630|433|46852|5666|17158|3378|29694|4272|5571|2207|3321|1618|2250|997|4485|1702|2680|1200|1805|790|12150|4414|7518|3014|4632|1762|11708|2447|8822|2050|2886|912|3809|1546|1977|935|1832|999|15056|5083|12610|4588|2446|1137|7269|3058|6723|2801|546|583|28504|7204|19596|5888|8908|2744|33439|5236|30322|4897|3117|1247|18895|6293|9150|3606|9745|4320|24|40|24|40|0|232|453|297|425|296|28|46|12181|3528|10270|2904|1911|1138
310M700US12420|2402757|1082|1680768|16705|482613|14270|300193|14331|182420|12251|11209|2953|9430|2712|1779|716|2590|2789|1420|1218|1170|1769|1233|797|1058|746|175|181|9112|3402|6161|1916|2951|2369|5189|2069|5075|2057|114|100|3119|1763|2913|1724|206|203|191|235|63|105|128|210|4977|1718|2771|912|2206|1223|1817|1116|1353|801|464|481|1581|1003|1122|782|459|606|2712|1663|1867|1166|845|693|171|205|171|205|0|242|2543|1005|1646|794|897|539|8446|2773|6790|2163|1656|1099|18282|3441|16505|3520|1777|949|7168|2188|5217|1897|1951|971|1282|1065|1049|931|233|314|5036|1921|4256|1554|780|700|11301|4618|9301|3948|2000|1105|3695|1648|2266|1017|1429|1092|22063|4386|17011|4027|5052|1874|9509|2394|7089|1959|2420|1259|5533|1867|4671|1740|862|644|26199|4193|16082|2865|10117|2172|4523|2726|4228|2735|295|270|10632|2876|4949|1569|5683|2463|0|242|0|242|0|242|16911|4684|7102|2274|9809|3551|846|447|497|336|349|327|1644|977|924|628|720|697|5729|3176|4658|2490|1071|895|5329|1714|4156|1420|1173|684|1598|993|1394|948|204|201|9399|2859|7333|2309|2066|1281|4181|2268|3673|2083|508|532|1893|827|1343|723|550|456|7160|3231|6033|2749|1127|1021|856|1035|350|431|506|657|0|242|0|242|0|242|1868|2417|514|785|1354|1647|1849|879|1762|878|87|150
310M700US12580|2698894|1046|2286184|15510|154140|8713|88619|6658|65521|6661|14789|4222|10784|3493|4005|1881|4555|2332|4256|2335|299|228|3600|1483|3123|1238|477|358|4656|2302|2822|1328|1834|1457|8036|2766|7459|2636|577|448|763|485|763|485|0|228|4037|1465|3341|1289|696|443|8709|2722|5364|1873|3345|1439|1896|962|1350|834|546|359|1633|1362|782|631|851|928|2586|1585|2021|1511|565|540|224|260|224|260|0|228|5237|2074|3238|1588|1999|866|6358|3234|4887|2949|1471|697|8857|2673|6688|2052|2169|1133|11004|3723|6536|2037|4468|2428|2715|1422|1566|899|1149|668|6782|3508|4426|1966|2356|1730|5969|2230|3835|1394|2134|1378|3857|1906|3029|1580|828|542|5837|2492|5097|2200|740|550|2747|1605|2177|1438|570|436|2240|1109|1828|962|412|311|26650|4318|13268|2586|13382|2727|2664|1037|1640|717|1024|617|19950|3555|10347|2209|9603|2285|194|313|194|313|0|228|7880|2581|4221|1450|3659|1560|318|337|134|180|184|184|1309|746|1027|631|282|228|5916|2912|3812|2002|2104|1091|16289|3209|11895|2726|4394|1333|2294|1026|1612|779|682|550|9261|2647|5806|2220|3455|1681|1680|775|1580|752|100|113|7189|2401|4792|1669|2397|1267|30675|6761|26663|5959|4012|1944|5618|3386|3738|2372|1880|1424|0|228|0|228|0|228|0|228|0|228|0|228|3596|1565|2742|1077|854|985
310M700US14460|4775443|924|3479344|20779|468752|9822|256740|9700|212012|9658|37113|4119|30228|3498|6885|1588|78383|8451|43594|6606|34789|5924|18680|2715|14191|2228|4489|1352|149598|13596|72120|8879|77478|7522|12124|2431|11632|2426|492|268|2879|1378|2549|1327|330|268|16630|3959|12737|3016|3893|1731|31545|4342|21648|3556|9897|2016|6289|1803|4711|1725|1578|644|3271|1354|2315|1006|956|647|6491|1796|4120|1334|2371|1136|4447|1526|3071|1139|1376|849|8096|2317|6894|2047|1202|686|9056|2728|7115|2301|1941|943|32535|4580|29451|4433|3084|1038|4864|2289|4152|1967|712|517|2371|1323|1952|1215|419|390|12087|3285|7581|2225|4506|1985|13626|2696|9730|1900|3896|1301|22602|4411|13734|2666|8868|2608|11255|3249|9455|2738|1800|1728|8558|2324|7787|2088|771|555|4847|1490|4367|1415|480|402|141247|9481|75679|6558|65568|6618|6951|1890|4309|1174|2642|1135|18251|3133|10879|2130|7372|1896|149|97|149|97|0|213|32121|5432|14043|2855|18078|4029|17464|2973|8356|1720|9108|2044|6821|1958|2559|1047|4262|1492|8678|2875|6609|2550|2069|859|7159|1979|5327|1548|1832|864|6443|2243|4045|1356|2398|1253|33045|5107|23614|4313|9431|2287|9639|2915|8784|2812|855|543|8414|2805|5046|2015|3368|1284|10625|2799|8145|2255|2480|1023|15191|3353|11952|3047|3239|1381|0|213|0|213|0|213|388|346|171|195|217|294|7414|2555|6374|2444|1040|654
310M700US14860|921476|1242|634914|10012|167415|5644|88930|5109|78485|6169|9014|3236|7520|2685|1494|752|14298|3491|8653|2465|5645|1944|4176|1135|3312|1041|864|437|23968|4815|13388|3186|10580|2841|2388|1201|1832|727|556|803|722|679|679|634|43|70|2578|1707|1420|858|1158|1009|5279|1838|3922|1466|1357|721|3127|1114|1892|714|1235|845|996|868|788|675|208|245|4817|2106|3296|1406|1521|929|0|225|0|225|0|225|585|416|324|244|261|222|1357|757|1058|504|299|313|3655|1865|3577|1852|78|93|1841|1089|981|682|860|629|1459|1083|428|374|1031|791|2495|1684|1363|957|1132|1135|714|723|677|719|37|63|3371|1317|2806|1096|565|401|734|709|734|709|0|225|1726|1007|1456|875|270|306|472|390|432|370|40|68|10755|2740|6704|1580|4051|1662|1301|847|1058|790|243|243|1342|776|1044|598|298|222|0|225|0|225|0|225|2223|1037|1123|593|1100|616|705|987|170|228|535|771|1812|1037|773|558|1039|860|1039|818|809|589|230|287|3877|1460|2843|1199|1034|490|71|118|71|118|0|225|1588|984|511|402|1077|850|378|311|378|311|0|225|0|225|0|225|0|225|582|427|539|395|43|78|1251|1211|981|859|270|442|0|225|0|225|0|225|0|225|0|225|0|225|2451|1121|2100|1016|351|296
310M700US15380|1101901|734|986665|7463|32281|3698|22913|3017|9368|2331|3574|1975|3007|1913|567|383|281|237|279|237|2|3|2916|879|2261|768|655|413|1032|1106|122|200|910|1079|1261|574|1006|467|255|332|326|237|206|184|120|143|1449|948|1250|891|199|262|3577|2001|2133|1479|1444|824|1365|650|941|467|424|369|725|609|354|274|371|376|801|433|390|332|411|253|643|608|464|535|179|288|1932|1515|764|919|1168|1033|219|366|22|44|197|364|1555|847|1472|848|83|135|2464|1402|2020|1247|444|387|1302|714|980|521|322|331|16415|4589|9280|3390|7135|2183|878|793|578|627|300|322|3043|2567|2204|2221|839|785|182|216|57|93|125|196|2127|1984|1300|973|827|1104|204|254|198|255|6|4|5271|1629|3197|990|2074|957|726|514|557|456|169|220|1854|929|1392|792|462|309|0|220|0|220|0|220|2106|1106|660|446|1446|744|0|220|0|220|0|220|114|129|32|50|82|118|4170|1830|2190|1022|1980|1177|1326|835|1165|780|161|176|609|732|151|127|458|724|8587|2437|4947|1600|3640|1287|436|417|410|415|26|50|4311|2141|3635|1849|676|582|1325|867|652|492|673|651|2997|2605|1785|1762|1212|1059|0|220|0|220|0|220|349|303|349|303|0|220|503|314|399|292|104|123
310M700US16740|2716351|1604|2242220|11882|291049|7094|150224|7889|140825|6352|10479|2750|6793|1713|3686|1962|3483|2470|1626|1181|1857|1455|4425|2186|3309|1807|1116|1092|5230|1823|3418|1316|1812|1108|5874|1313|5390|1289|484|270|1336|795|1336|795|0|213|2442|1228|2098|1007|344|324|12303|3850|7513|2100|4790|2522|1645|801|1251|738|394|394|1900|1357|1453|1077|447|361|3418|1605|2203|1379|1215|624|226|278|226|278|0|213|1467|954|810|638|657|659|9454|2645|7196|2201|2258|1036|13537|3815|12074|3399|1463|749|1492|873|994|646|498|495|682|576|586|476|96|165|1591|1109|1532|1063|59|113|5385|2241|3925|1899|1460|906|4037|2133|2950|1699|1087|1007|15216|3653|10390|2906|4826|2090|6942|2598|5250|2361|1692|1137|4863|2310|4555|2315|308|325|10337|2247|6363|1564|3974|1392|2256|936|1619|789|637|479|3749|1503|2240|1030|1509|879|2918|2014|2012|1487|906|935|9803|2967|4167|1539|5636|1904|2176|2239|1827|1888|349|403|2473|1340|875|587|1598|1067|5399|2137|2855|1332|2544|1392|4714|1523|3519|1240|1195|590|2899|2008|1532|956|1367|1341|6642|3119|4343|1732|2299|1845|498|639|498|639|0|213|3867|2171|2083|1432|1784|1447|3728|1842|2942|1625|786|638|2759|1848|1862|1736|897|592|0|213|0|213|0|213|520|481|423|469|97|119|917|442|759|401|158|171
310M700US16980|8918309|1857|6146125|30575|1612938|19442|975622|17846|637316|18345|24912|4361|19312|3874|5600|2137|3721|1702|2912|1471|809|561|24492|3927|18499|3339|5993|1571|10273|2587|8202|1913|2071|1422|21155|2900|18633|2615|2522|889|3947|1163|3481|1114|466|370|24381|4725|19149|4107|5232|1479|46382|5882|28092|4226|18290|3459|158687|12957|92595|8877|66092|6159|29653|4857|18824|3655|10829|2358|65904|8176|29274|4495|36630|5681|1808|1494|1218|1047|590|589|9625|3236|6537|2595|3088|1750|48839|7031|30023|5196|18816|4079|47534|6893|39449|5958|8085|2171|54637|8766|40720|6963|13917|3263|8921|3046|5893|1942|3028|1338|8306|3388|4650|1678|3656|2275|13673|3776|11176|3150|2497|1239|51418|8066|34193|6154|17225|3389|21464|4277|19050|4249|2414|942|13549|3723|11605|3151|1944|1072|17802|3742|13475|2781|4327|1438|105063|10145|52798|5419|52265|8090|11938|3342|7665|2654|4273|1301|41915|5824|21521|3486|20394|3374|261|233|181|185|80|136|21898|4831|9282|2438|12616|3178|1772|934|998|623|774|579|8920|2493|4600|1497|4320|1657|21632|4917|11239|3451|10393|2673|77291|7492|59220|6296|18071|3272|9092|4101|4933|2072|4159|3474|75397|10820|53842|8352|21555|4851|5408|2004|4868|1835|540|369|22781|5236|14285|3752|8496|2327|31553|7224|24352|5724|7201|2366|4397|1769|3053|1318|1344|1019|137|158|137|158|0|213|496|642|496|642|0|213|8212|2638|5270|1916|2942|1356
310M700US17140|2175397|3322|1989452|8767|72665|5183|39121|4761|33544|5326|12002|3676|7032|2299|4970|2423|125|204|0|213|125|204|1334|596|988|468|346|324|1075|723|849|584|226|237|5594|1802|5352|1793|242|247|1564|1004|1278|917|286|332|973|571|709|471|264|213|5983|2492|3522|1731|2461|1129|1038|1101|1038|1101|0|213|1349|1819|1255|1808|94|166|1910|1595|1149|1332|761|840|0|213|0|213|0|213|3742|2080|2380|1566|1362|782|5092|2798|3698|2527|1394|830|7555|2218|6312|2114|1243|857|1168|1001|1049|892|119|149|1115|865|932|669|183|248|1421|1225|1185|1139|236|398|6231|2998|2813|1391|3418|2117|621|318|621|318|0|213|4726|2569|3792|1962|934|809|2286|1915|2210|1916|76|116|885|599|296|235|589|547|7656|2112|5470|1910|2186|955|1735|878|823|517|912|676|2770|1297|2115|1105|655|418|0|213|0|213|0|213|2215|1263|696|437|1519|1167|1294|961|474|508|820|694|434|473|291|449|143|178|3421|1396|2249|925|1172|924|3828|1295|3026|1205|802|582|925|560|561|534|364|132|7981|3365|4502|2213|3479|1763|94|158|94|158|0|213|2256|1531|1332|974|924|996|6177|2718|4832|2366|1345|794|3563|1877|2953|1770|610|404|0|213|0|213|0|213|148|190|54|96|94|161|994|613|746|546|248|302
310M700US17410|2061008|987|1834997|10867|82534|5107|53701|4858|28833|3397|4296|1465|2460|944|1836|1151|770|727|244|377|526|837|5219|1631|4051|1294|1168|665|2854|1128|2304|1005|550|489|7239|2204|5469|1727|1770|1029|12071|3869|6304|2556|5767|2627|1981|943|1303|680|678|469|5317|1535|3233|1018|2084|1021|3110|853|2627|720|483|345|5622|1497|3447|1002|2175|818|15737|5274|6001|2161|9736|3810|701|617|619|609|82|138|1607|859|1436|851|171|139|4011|1626|2925|1154|1086|785|1658|851|1533|806|125|194|970|1148|845|1015|125|157|878|768|498|435|380|370|711|557|663|517|48|81|5164|2382|1346|731|3818|2281|8769|2491|6658|2106|2111|997|2823|1542|2521|1484|302|252|1708|1188|1315|824|393|422|648|424|648|424|0|211|10240|2078|4632|1446|5608|1665|1305|780|805|631|500|493|2208|1092|767|489|1441|938|0|211|0|211|0|211|5308|2141|1481|877|3827|1824|259|271|0|211|259|271|998|927|301|495|697|682|1882|1123|750|539|1132|866|2600|1194|2111|1009|489|288|211|194|133|151|78|125|15680|3980|10954|3484|4726|1513|1215|656|1215|656|0|211|1581|1680|1147|1257|434|475|2136|1088|1508|689|628|734|1880|1308|1063|792|817|758|73|85|73|85|0|211|123|125|87|109|36|61|1914|839|1496|705|418|344
310M700US18140|2094055|1140|1803070|12127|89810|5879|48386|4584|41424|5122|13447|3288|8770|1906|4677|2476|8898|3885|4982|2469|3916|2263|1567|765|1174|581|393|290|5153|2666|3131|1739|2022|1358|7483|2272|6863|2024|620|423|2383|1339|1833|1098|550|464|755|628|755|628|0|211|4770|1735|2560|1133|2210|878|852|520|727|499|125|152|480|309|434|282|46|74|3664|1661|1393|758|2271|1275|49|82|49|82|0|211|2527|1392|1853|1111|674|455|5740|2036|4371|1683|1369|814|7900|3531|6629|2860|1271|1282|1701|888|1375|795|326|405|528|588|132|192|396|557|2311|1614|1516|988|795|743|18355|4620|8683|2595|9672|3349|2661|956|2176|843|485|360|6422|2872|4832|2158|1590|1661|2615|1292|2343|1228|272|372|624|385|624|385|0|211|18078|3239|10360|2184|7718|1845|5492|2670|2483|1618|3009|1621|4390|1498|3070|1216|1320|735|21|39|21|39|0|211|2125|1146|793|501|1332|809|1664|1475|840|852|824|694|1275|702|628|466|647|483|3320|3004|1438|898|1882|2449|2697|1303|2033|1041|664|506|148|200|138|200|10|2|16019|4531|8780|3368|7239|2369|339|364|139|159|200|334|23947|5613|16595|4990|7352|2346|13921|4347|11236|4015|2685|1303|4248|2269|3935|2206|313|372|0|211|0|211|0|211|236|389|236|389|0|211|2370|2020|1755|1523|615|573
310M700US19100|7819405|1466|5253319|33596|1704244|24758|1016805|20167|687439|19419|31620|7073|22944|5216|8676|3742|1261|1002|299|385|962|916|3956|1691|2409|1072|1547|1210|16941|4488|12229|3548|4712|1793|11500|2495|10279|2227|1221|922|4505|2140|4227|1971|278|330|1001|597|942|565|59|97|7979|2076|5527|1586|2452|1007|2978|1265|2465|1176|513|408|4474|1903|3071|1342|1403|817|3480|1387|2513|1071|967|610|997|722|997|722|0|242|15450|4002|10610|2376|4840|2441|22101|3742|16758|3019|5343|1755|62153|8228|54493|7127|7660|2390|37291|6180|27898|4011|9393|3594|8475|3515|6805|2879|1670|902|13395|2811|8854|1901|4541|1564|41965|6635|29172|5117|12793|3322|10764|3117|8219|2541|2545|1418|75994|9091|63167|7557|12827|3388|29748|6169|26772|5969|2976|1116|33717|5578|25365|4245|8352|2149|66138|7543|40863|5489|25275|3644|6568|1855|3855|1327|2713|991|36293|5925|18432|3844|17861|3324|927|466|583|342|344|354|86262|7804|41511|5564|44751|4524|4341|2012|1923|865|2418|1493|10052|2274|5309|1535|4743|1240|13697|3559|6109|1878|7588|2460|24428|3651|16236|2810|8192|1811|7183|1991|5294|1567|1889|1080|56753|9814|40198|8012|16555|4106|1852|937|1653|779|199|346|30122|9252|18268|4759|11854|6148|38463|7409|34094|6533|4369|2027|29340|7056|18047|5291|11293|4289|159|259|46|77|113|184|749|970|525|606|224|372|6770|3413|4296|2000|2474|1796
310M700US19740|2887814|2290|2300046|16493|376142|12395|228759|10914|147383|10228|12491|3715|8918|2431|3573|2371|177|210|177|210|0|224|3464|1727|2763|1286|701|629|7137|1703|5294|1318|1843|898|9100|1872|8500|1833|600|368|3696|1829|3373|1793|323|494|600|407|557|402|43|69|14375|3420|8947|2581|5428|1747|2093|930|1707|817|386|294|1608|731|1161|661|447|375|4463|1684|2612|1033|1851|1085|389|475|389|475|0|224|5778|2499|2796|1408|2982|1632|1879|1370|851|582|1028|1135|8311|2363|7223|2060|1088|632|949|986|725|716|224|310|1641|986|599|461|1042|709|535|344|389|270|146|257|9048|3435|5884|2590|3164|1484|5238|2561|3946|2076|1292|821|3805|1595|3217|1379|588|508|1986|1065|1540|895|446|615|1193|737|1140|709|53|84|19115|3765|10643|2132|8472|2669|3255|1150|1836|875|1419|681|10981|2904|6525|2064|4456|1992|2250|1376|1187|784|1063|711|12034|2902|6255|1840|5779|1759|1610|1379|862|779|748|628|3523|1610|1938|1019|1585|814|3584|1438|1979|819|1605|972|6179|1922|4661|1276|1518|1036|4290|1964|2166|785|2124|1694|9302|2689|5856|2052|3446|1535|2417|1364|2206|1321|211|246|16644|5733|7952|3364|8692|2900|7884|3220|6048|2779|1836|1243|6380|2936|3445|1746|2935|2138|277|305|277|305|0|224|266|245|166|151|100|164|1679|742|1223|673|456|330
310M700US19820|4163093|683|3495545|16085|146204|6532|82148|5840|64056|5799|9067|2162|8047|2018|1020|526|710|696|197|246|513|633|10096|1949|6736|1536|3360|884|7349|1909|5422|1623|1927|892|13185|2848|11063|2551|2122|1021|1496|702|1230|558|266|268|4859|1547|3627|1270|1232|547|5835|1779|3117|1151|2718|1145|10595|2927|6957|2439|3638|1365|6948|2666|4882|1962|2066|1158|15523|4788|10509|3298|5014|2251|949|712|949|712|0|187|2047|1047|1297|624|750|808|7910|3050|5748|1930|2162|1441|15639|3558|11375|2717|4264|2156|11443|3775|9253|3274|2190|1135|5722|2643|3879|2317|1843|1038|31334|5391|13910|3317|17424|4293|9460|2626|8026|2152|1434|795|34458|5311|22906|4122|11552|2290|17129|4595|13828|3627|3301|1992|8793|2667|7452|2537|1341|708|10293|3106|8299|2485|1994|1038|22758|3738|12231|2498|10527|2185|7590|2194|3696|1048|3894|1742|10407|2162|5691|1743|4716|1271|2761|1308|1136|716|1625|756|8815|2715|3701|1308|5114|1980|149|192|0|187|149|192|2119|922|1293|704|826|613|1268|849|860|722|408|434|11952|2662|9088|2153|2864|1201|754|553|631|543|123|128|174917|11102|96734|8455|78183|6969|1550|784|1291|753|259|262|25394|5490|15867|4158|9527|2214|6731|2365|5542|2012|1189|603|1329|920|661|477|668|701|0|187|0|187|0|187|68|78|55|73|13|23|1942|953|1747|860|195|166
310M700US23420|1108829|438|606434|13016|393909|11465|233899|9415|160010|9812|642|374|496|368|146|149|87|151|87|151|0|225|416|330|314|286|102|170|858|580|397|258|461|443|732|512|672|500|60|97|302|280|278|276|24|41|36|59|0|225|36|59|659|546|536|514|123|198|125|150|125|150|0|225|518|878|518|878|0|225|116|190|66|110|50|81|5930|3865|3259|1999|2671|2173|1588|944|550|426|1038|699|337|363|317|357|20|32|1774|966|952|629|822|524|543|470|543|470|0|225|23501|5119|13307|3849|10194|2538|210|336|0|225|210|336|339|388|195|316|144|229|615|494|460|461|155|179|0|225|0|225|0|225|69|115|69|115|0|225|240|374|240|374|0|225|6876|2097|2577|1188|4299|1730|1560|1080|1158|1073|402|470|2213|1329|1335|887|878|832|25268|6034|12979|3648|12289|3452|680|409|373|343|307|267|5034|2706|2933|1601|2101|1279|2705|1167|931|596|1774|833|646|439|460|374|186|177|9541|2300|7252|1975|2289|914|1200|594|452|287|748|444|8390|3607|5138|2291|3252|1663|663|566|663|566|0|225|588|686|279|467|309|477|1641|1060|1235|823|406|459|1115|1162|1059|1157|56|95|55|85|55|85|0|225|58|60|58|60|0|225|616|510|228|313|388|404
310M700US25540|1112453|1038|863418|9676|121283|5404|78139|4670|43144|4012|6217|1493|5204|1387|1013|573|2624|1133|1450|868|1174|664|7222|2743|5052|2292|2170|1135|7482|2843|4693|2149|2789|1322|2320|1038|1762|892|558|416|526|414|461|370|65|108|1782|1061|1469|1000|313|275|3714|1676|2254|1112|1460|957|13383|2595|8037|2238|5346|1360|3231|2148|2246|1739|985|702|2654|1900|1902|1495|752|552|428|483|47|79|381|477|2290|1233|1907|841|383|444|2906|1166|1821|928|1085|730|8173|2514|5218|1699|2955|2402|4800|2041|3180|1317|1620|948|0|225|0|225|0|225|940|667|744|555|196|188|2068|908|1716|777|352|360|3720|1497|2276|1038|1444|888|1992|1117|1793|1091|199|193|6770|2544|5600|2067|1170|759|3117|1943|2412|1536|705|497|7843|1933|3816|1190|4027|1370|1021|802|659|629|362|293|1707|888|1129|712|578|400|0|225|0|225|0|225|3721|1600|1599|858|2122|994|0|225|0|225|0|225|2125|1364|668|489|1457|1063|1012|737|833|601|179|294|2870|1458|2421|1339|449|454|413|327|360|261|53|92|5618|2483|2724|1357|2894|1468|1406|778|1406|778|0|225|165|279|71|128|94|159|5405|1914|4082|1486|1323|759|173|244|173|244|0|225|0|225|0|225|0|225|1201|1571|954|1535|247|400|4713|2320|4551|2315|162|238
310M700US26420|7292959|3155|4306322|31650|2205011|27570|1209367|27950|995644|24851|31396|6163|26010|5342|5386|2303|3026|1760|2725|1702|301|378|4844|1807|4543|1716|301|290|21256|5351|17583|4948|3673|1557|12101|2524|10823|2406|1278|717|4232|1229|4184|1220|48|80|1978|804|1477|745|501|437|16628|3842|11107|2978|5521|2109|3090|1325|2712|1204|378|366|3263|1821|3220|1804|43|71|3892|1803|3499|1653|393|334|1469|1065|1353|1106|116|183|19063|4149|12976|3151|6087|2093|13219|3455|10495|3375|2724|1024|36007|8347|31610|8293|4397|1491|52152|8889|40663|7594|11489|2695|2803|1325|2151|1167|652|433|8544|3475|5122|1976|3422|2402|11514|3361|8894|2732|2620|1384|15063|4515|9754|2693|5309|2630|22723|6658|19129|5616|3594|2088|9817|3712|8425|3490|1392|933|26892|5286|22193|4789|4699|1360|93244|9149|46612|4961|46632|6255|5557|1829|3386|1329|2171|1052|16368|3224|9500|2338|6868|1909|353|410|259|294|94|156|127413|12094|51847|5904|75566|9481|4939|2427|1529|925|3410|1815|5768|2471|2064|1047|3704|2085|9003|3370|3514|1273|5489|2961|45448|7985|35809|6931|9639|2957|10642|3429|6833|2734|3809|1457|43544|10968|35427|9802|8117|2495|2607|2326|1891|1468|716|955|6249|2253|5669|2263|580|434|61630|9082|53511|8333|8119|2279|16210|6311|12373|4526|3837|2665|22|40|22|40|0|242|343|281|343|281|0|242|7314|2426|4897|1815|2417|1180
310M700US26900|2038201|2677|1746236|12467|144494|6011|76696|6553|67798|5953|4911|1976|2704|1078|2207|1317|12127|5246|3970|2303|8157|4129|316|323|264|310|52|89|621|516|465|339|156|206|3627|1357|2988|1244|639|365|2246|2315|656|753|1590|2236|764|475|700|427|64|107|1072|632|606|484|466|383|1329|1918|555|679|774|1260|1030|641|991|630|39|64|1030|763|1030|763|0|211|329|465|191|248|138|223|3595|2622|3101|2256|494|645|2556|1342|2100|1189|456|349|6414|1815|4278|1283|2136|1423|1399|874|612|564|787|665|9950|3641|6123|2868|3827|1674|660|564|453|453|207|217|1663|1150|1287|902|376|377|3450|2591|1545|810|1905|2391|5250|1837|4845|1778|405|429|2937|1658|2329|1333|608|712|1046|712|872|659|174|217|12240|3209|4708|1533|7532|2294|1668|1616|435|486|1233|1223|2901|1101|1389|832|1512|683|0|211|0|211|0|211|2931|1568|622|442|2309|1304|198|253|198|253|0|211|380|381|105|176|275|285|13361|3041|5987|1872|7374|1893|4754|1769|4083|1664|671|547|1022|596|571|433|451|345|7646|3051|4159|1912|3487|1653|866|698|866|698|0|211|3401|2225|1537|1183|1864|1460|22559|7098|16492|5853|6067|2731|4501|2891|2238|1478|2263|2554|0|211|0|211|0|211|0|211|0|211|0|211|721|521|495|340|226|349
310M700US27260|1664527|1520|1404557|14131|124901|6670|74691|5555|50210|5703|6063|2329|5158|2160|905|601|18280|8594|8313|5112|9967|5517|1148|822|862|581|286|336|10612|4326|6962|3209|3650|2691|2867|1275|2570|1259|297|192|326|287|233|246|93|157|1451|1249|934|719|517|606|6161|2310|4890|1996|1271|790|1933|1143|881|684|1052|1208|1363|807|850|615|513|383|4779|2806|2913|1588|1866|1643|78|133|78|133|0|247|634|597|408|449|226|315|366|333|230|239|136|199|893|652|893|652|0|247|1071|986|950|851|121|199|137|160|137|160|0|247|455|569|455|569|0|247|2262|1440|1716|965|546|816|8564|4669|3840|2165|4724|3714|4290|2351|3495|1806|795|741|1254|801|887|622|367|489|362|430|362|430|0|247|6047|2679|2507|1273|3540|1847|1091|635|719|537|372|336|2215|1298|331|350|1884|1209|167|264|167|264|0|247|8103|2576|4005|1999|4098|1543|970|695|503|460|467|358|78|132|0|247|78|132|7014|4069|3257|2029|3757|2603|16959|3031|11564|2137|5395|2044|951|635|463|347|488|505|9133|4458|5461|2209|3672|2765|444|453|444|453|0|247|1242|1064|899|974|343|415|766|595|677|576|89|157|1658|1637|824|1055|834|1222|0|247|0|247|0|247|386|489|386|489|0|247|2496|1203|2232|1119|264|292
310M700US28140|2122142|2813|1864381|11574|150295|7111|89920|5953|60375|4664|6912|2221|4646|1506|2266|1156|1897|1347|473|499|1424|1278|1330|605|1071|576|259|233|1575|842|1288|765|287|248|4611|1164|3845|1091|766|381|952|457|941|460|11|20|263|364|263|364|0|213|2865|1338|1682|767|1183|987|683|503|360|377|323|315|1534|1362|616|550|918|898|634|533|405|372|229|230|0|213|0|213|0|213|1872|1185|1161|917|711|503|1566|1065|482|361|1084|989|3036|1553|2672|1509|364|317|3160|1483|2223|1026|937|580|787|667|491|444|296|320|427|449|217|253|210|248|1835|1352|1618|1276|217|226|1442|1010|964|852|478|427|5151|1825|4529|1648|622|582|392|343|392|343|0|213|2479|1403|1452|682|1027|1152|7447|1934|3666|1144|3781|1242|1147|652|769|509|378|386|3817|1643|2437|1121|1380|787|2721|1476|1269|713|1452|964|5287|1590|2959|1266|2328|912|65|104|0|213|65|104|1582|1052|759|527|823|742|6284|2794|3011|1532|3273|1609|4196|1256|3206|979|990|732|3024|1596|2148|1500|876|586|4635|2305|2997|1750|1638|941|201|208|201|208|0|213|10189|3905|7427|3189|2762|1181|2806|2022|2218|1634|588|837|7370|5956|5423|5127|1947|1633|29|46|29|46|0|213|319|185|176|132|143|147|944|791|765|771|179|221
310M700US29820|2270744|520|1483360|17170|519447|15257|307076|11541|212371|11965|5300|1458|4063|1255|1237|827|189|257|189|257|0|236|3546|1567|2869|1481|677|507|12521|5535|9115|4502|3406|2177|5968|1760|5435|1680|533|345|1038|549|1038|549|0|236|2496|1731|2343|1714|153|243|3828|1733|2374|1162|1454|1166|3555|1564|2171|1095|1384|1125|1718|1011|1145|800|573|430|3270|1644|2204|1199|1066|769|2201|1402|1547|1257|654|446|3615|1352|2661|1202|954|480|578|966|280|465|298|502|3079|1745|3079|1745|0|236|761|906|436|441|325|480|449|493|273|283|176|225|678|832|351|372|327|540|2161|2448|1501|1750|660|733|3028|1379|1758|835|1270|821|2047|1801|1330|1135|717|1020|286|274|186|243|100|125|1396|1470|1226|1358|170|278|38069|5789|15105|2664|22964|5074|5187|1633|3443|1279|1744|713|13226|4016|8376|2766|4850|1817|969|840|521|410|448|510|11464|4040|5284|2143|6180|2584|1382|1171|149|179|1233|1163|6782|2483|3055|1448|3727|1443|1845|1395|636|390|1209|1316|85993|7242|63586|6566|22407|3580|12389|3078|9265|2806|3124|1257|3207|1329|2482|1171|725|542|2834|1340|2834|1340|0|236|10426|3023|7600|2647|2826|1196|2744|1673|2630|1651|114|140|4594|2439|3466|1944|1128|801|247|249|247|249|0|236|175|209|65|105|110|184|2696|1341|2264|1178|432|349
310M700US31080|12297852|782|5724080|40824|4236046|30397|2483036|28783|1753010|25941|42962|5789|36379|5113|6583|1671|5029|2735|4445|2691|584|715|16533|3086|13888|2927|2645|838|20326|3599|15360|2879|4966|1670|30065|3635|27697|3459|2368|786|7102|1666|6721|1647|381|295|5547|1557|4076|1091|1471|1012|70676|9412|38529|5966|32147|5781|8825|2401|6984|1884|1841|877|8652|2288|6896|2088|1756|885|16891|3177|10629|2861|6262|1486|202459|13115|111204|10189|91255|8318|124846|11249|80016|8060|44830|5750|17475|4025|13205|3206|4270|1374|41635|6232|33270|5172|8365|2402|17451|4368|11583|3319|5868|1820|11700|2749|8002|1969|3698|1385|16355|3535|9345|2362|7010|2286|17768|4540|12469|3575|5299|2040|20934|3156|16681|2720|4253|1373|11041|3370|10166|3152|875|619|7891|2056|6521|1769|1370|705|5840|1840|4927|1550|913|510|494179|16432|224490|10745|269689|11785|63608|5412|39567|4268|24041|2790|230244|12456|102013|7720|128231|8401|1662|1289|1035|1021|627|632|270991|12075|105457|6901|165534|9139|26394|3667|11031|1935|15363|2466|26680|4328|11869|2556|14811|2744|20900|4273|12254|2733|8646|2364|280812|14380|195924|11515|84888|6498|34579|4531|22813|3775|11766|2382|77427|7878|51065|5619|26362|4899|24906|4211|21838|3933|3068|1481|20001|6164|14596|5246|5405|2057|14510|3519|11404|3025|3106|1442|5276|1932|4112|1716|1164|900|149|175|149|175|0|225|1132|921|1077|908|55|93|16273|3530|9180|2053|7093|2736
310M700US33100|6120051|276|2668676|27938|2686239|15464|1385293|24075|1300946|22546|56312|7344|40358|5766|15954|3394|310143|17961|168955|13376|141188|12517|20468|4226|16870|3952|3598|1102|90914|11342|59367|9458|31547|5172|13071|2396|10961|2225|2110|1005|5373|1786|4824|1586|549|419|6696|2637|5952|2546|744|526|39903|6324|22745|3731|17158|4013|8716|2713|6643|2166|2073|1310|2356|1062|2004|980|352|231|12671|3433|7096|2144|5575|2239|1029|804|836|639|193|270|4210|1777|2820|1311|1390|1065|4402|1832|3467|1470|935|560|11984|3842|10233|3557|1751|969|7109|2711|5085|2031|2024|1125|702|494|647|457|55|97|9321|3492|5447|2307|3874|2002|2198|1673|1871|1429|327|453|12548|3131|9233|2362|3315|1585|2351|1086|1967|878|384|406|3425|1634|2783|1423|642|510|4111|1804|3355|1680|756|421|25976|5497|14119|3202|11857|3096|1359|546|1004|428|355|280|3471|1324|2277|1118|1194|633|523|856|124|195|399|667|12468|3422|4604|1662|7864|2503|359|343|199|241|160|200|1348|780|651|474|697|540|10341|3743|6125|2237|4216|2211|12827|3194|9905|2438|2922|1358|1048|604|508|299|540|425|19782|5199|16035|4563|3747|1540|17840|3091|15601|3081|2239|937|1514|778|954|641|560|478|6076|3999|4011|2242|2065|1995|2708|2880|170|185|2538|2873|0|247|0|247|0|247|530|430|511|430|19|21|16953|3560|12882|2918|4071|1463
310M700US33340|1486723|934|1269192|9716|127704|5349|76574|5664|51130|3902|2579|910|2204|748|375|600|119|146|119|146|0|161|787|446|725|435|62|93|636|662|225|219|411|610|5556|1192|4210|986|1346|658|334|282|118|150|216|229|894|559|869|547|25|40|3010|1326|1721|1055|1289|694|1760|995|1577|958|183|196|3544|1987|1876|1041|1668|1249|2616|1601|1422|1020|1194|1153|0|161|0|161|0|161|329|283|286|266|43|72|1882|1369|1219|919|663|569|2161|1182|1890|1055|271|307|1510|920|1334|818|176|204|986|883|581|506|405|497|1138|956|1138|956|0|161|4243|2160|2731|1340|1512|1400|4658|1848|2855|1166|1803|1045|1308|966|1259|947|49|82|2376|1330|2064|1227|312|325|1217|781|973|654|244|234|4083|1181|2080|877|2003|751|995|1171|55|88|940|1168|1805|1070|1434|974|371|337|7436|2031|4760|1458|2676|1226|1214|709|243|224|971|662|59|101|59|101|0|161|2067|1354|1138|910|929|762|8483|3500|3194|1760|5289|2541|3577|1340|2661|1215|916|518|437|368|437|368|0|161|9290|3510|6526|2822|2764|1273|557|597|491|496|66|107|1080|1339|616|832|464|541|1130|819|894|612|236|316|1693|1078|1343|947|350|419|0|161|0|161|0|161|1723|1832|1723|1832|0|161|555|347|488|304|67|116
310M700US33460|3544248|1306|2975060|17941|173080|8194|100715|6704|72365|6287|13647|3000|10228|2617|3419|1232|1338|1098|166|186|1172|1066|2478|1277|2102|1228|376|378|4463|1503|3761|1288|702|430|9708|2147|7069|1578|2639|1255|1459|689|1242|593|217|218|445|311|445|311|0|213|13740|3299|8090|2235|5650|2053|1719|649|1323|521|396|378|2646|1553|1977|991|669|704|6100|1987|3128|1111|2972|1561|281|322|281|322|0|213|2547|1189|1767|859|780|430|3012|1402|2298|1060|714|506|8158|2465|7379|2474|779|446|2084|1008|1947|972|137|135|608|664|279|327|329|388|3749|1486|3084|1293|665|411|4340|1546|3289|1155|1051|842|5497|1214|3796|1001|1701|631|6628|3300|5771|3027|857|687|3131|1258|2511|1125|620|477|2642|1093|2141|904|501|513|20944|2720|10653|1717|10291|2017|3606|1513|2639|1120|967|814|4489|1267|2660|905|1829|718|70535|6053|44567|5291|25968|2978|16517|2980|8772|2135|7745|1758|4994|1589|2576|1069|2418|932|6611|2055|3945|1463|2666|1140|16153|4581|6608|2309|9545|3466|7842|2013|4458|1386|3384|1527|2122|941|1695|906|427|290|11966|4060|8645|3163|3321|1373|3402|2869|3305|2859|97|164|90646|9422|55913|7879|34733|4910|19092|4023|12758|3054|6334|2400|12944|3086|8864|2407|4080|1444|133|181|120|177|13|32|1414|677|1362|679|52|51|2278|1158|1910|990|368|510
310M700US34980|2023864|3117|1749672|13569|160997|8732|76676|8086|84321|7182|6337|1731|5023|1336|1314|823|475|644|211|332|264|325|2001|1102|1546|880|455|395|1480|919|1480|919|0|230|3957|2222|3681|2207|276|251|2470|1747|2212|1567|258|346|200|246|200|246|0|230|908|576|820|572|88|116|1040|744|997|739|43|72|3079|2625|1938|1610|1141|1374|783|741|618|664|165|282|297|501|297|501|0|230|1387|717|828|467|559|471|2400|1333|1986|1198|414|287|5035|2652|4970|2633|65|111|1002|878|580|599|422|469|2060|2048|1381|1405|679|665|638|588|572|542|66|111|5333|2940|4062|2462|1271|813|4173|1414|2632|968|1541|716|2489|1373|1950|1293|539|487|1217|877|974|655|243|362|536|514|492|481|44|73|5074|1772|3538|1262|1536|741|1654|892|1015|803|639|493|4948|1648|3282|1473|1666|752|115|197|0|230|115|197|4251|1498|1270|748|2981|1209|103|183|0|230|103|183|5464|2217|2492|1282|2972|1495|1551|1213|835|595|716|688|4222|1785|3425|1531|797|568|634|608|634|608|0|230|21959|7759|7507|2623|14452|6725|667|995|667|995|0|230|4484|2584|1580|938|2904|1968|2151|1458|430|340|1721|1335|5537|3869|2530|1797|3007|3342|0|230|0|230|0|230|43|98|0|230|43|98|1041|765|473|348|568|609
310M700US35620|18844584|1611|11063266|51531|3859775|30640|2013870|32105|1845905|26556|149819|12538|110585|9807|39234|6311|204568|18236|115393|12816|89175|8963|133796|9389|99308|8502|34488|3965|133986|10759|81447|7439|52539|5836|49826|5032|46441|4891|3385|935|193019|15096|99370|11563|93649|9893|74273|7834|54738|6293|19535|2908|233769|12407|108098|8177|125671|8218|122199|11910|69674|8508|52525|6335|26706|4389|19410|3490|7296|1800|69097|8625|37605|5580|31492|5023|10104|2991|6241|1867|3863|1704|29773|5518|17064|4113|12709|3477|83404|8910|52296|5659|31108|4662|144228|9320|119148|8305|25080|3082|102623|11495|66326|8107|36297|5229|47849|6897|25755|4223|22094|3808|190723|13224|93371|7743|97352|9190|51470|6547|34988|5281|16482|3991|102710|10669|65879|7735|36831|5199|46902|6208|39369|5831|7533|1526|28701|4028|25079|3631|3622|1165|46857|6191|31941|4181|14916|3093|721530|21247|285990|12977|435540|14544|41836|5742|22799|4283|19037|2961|150790|10243|71546|6752|79244|6526|0|213|0|213|0|213|22084|3911|11353|2138|10731|2559|2933|1571|1489|1107|1444|1099|6342|1595|3298|1047|3044|956|76556|8255|40650|5382|35906|5857|138685|10361|101433|7571|37252|4789|18177|4737|11498|2794|6679|2446|172187|16993|104444|11222|67743|9798|74147|9699|60974|8264|13173|3060|15623|4093|10533|3433|5090|2212|136821|14033|103596|11598|33225|4929|14926|4053|11515|3131|3411|1766|230|369|0|213|230|369|1053|633|912|560|141|153|51221|6099|34786|4431|16435|3082
310M700US36420|1407826|737|1191338|9323|152221|7348|86371|7192|65850|6108|3074|1200|2277|1027|797|529|0|168|0|168|0|168|713|416|614|399|99|153|1359|1046|1229|1026|130|176|3936|2055|3680|2043|256|213|603|487|603|487|0|168|264|240|219|227|45|75|1143|794|1091|786|52|71|482|314|209|211|273|261|249|253|211|227|38|64|1295|1247|666|601|629|876|0|168|0|168|0|168|2802|1706|2455|1546|347|290|68|114|68|114|0|168|1201|911|1201|911|0|168|525|629|525|629|0|168|307|357|307|357|0|168|497|548|101|132|396|509|1968|1016|1709|969|259|252|646|483|568|400|78|128|1693|1702|1512|1670|181|223|221|259|221|259|0|168|837|481|599|385|238|197|5840|1959|3634|1333|2206|938|855|505|573|352|282|231|1983|996|1342|767|641|485|482|653|351|442|131|235|14164|2899|5760|1452|8404|2401|195|294|0|168|195|294|1619|832|833|593|786|594|945|865|513|467|432|411|2829|1106|1566|673|1263|642|1296|957|967|694|329|325|1700|993|1281|775|419|412|66|89|66|89|0|168|270|247|270|247|0|168|4291|2187|4093|2207|198|264|45|83|45|83|0|168|127|202|0|168|127|202|1734|714|1654|719|80|107|1943|1336|1875|1283|68|119
310M700US36740|2783231|893|1769587|24979|729676|14407|424939|15233|304737|14477|13314|3320|11214|2911|2100|1042|64084|10969|37193|7780|26891|6688|4504|1792|3777|1655|727|483|60930|11373|37538|8302|23392|5206|6963|2361|6402|2352|561|334|518|391|518|391|0|247|985|694|617|405|368|397|5984|2617|3698|1805|2286|1202|1410|774|1234|695|176|223|1171|911|797|649|374|369|3240|1997|1734|1228|1506|1098|432|551|432|551|0|247|1597|1107|1038|657|559|552|4198|2011|3225|1796|973|590|3613|2060|2520|1360|1093|829|4182|1683|3780|1635|402|346|835|823|835|823|0|247|1009|841|725|611|284|311|1207|942|1123|932|84|145|2923|1312|2167|1085|756|775|3973|1682|3381|1351|592|503|2564|1413|2155|1288|409|581|3054|1713|2027|1001|1027|1297|15925|3739|8634|2344|7291|2156|2196|1762|1563|1402|633|535|4311|1625|1996|1059|2315|981|0|247|0|247|0|247|14839|4322|7301|2728|7538|2982|629|598|0|247|629|598|1935|1385|898|614|1037|1079|2167|956|997|646|1170|636|14620|3391|10975|2565|3645|1913|1791|792|1409|740|382|349|22399|5815|18628|5168|3771|1620|642|537|642|537|0|247|900|813|363|435|537|630|1050|801|1050|801|0|247|2247|2422|2247|2422|0|247|0|247|0|247|0|247|0|247|0|247|0|247|5627|2434|4857|2362|770|524
310M700US37980|5990527|1098|4921035|24094|435931|10783|262888|11230|173043|9325|23177|5645|14099|3471|9078|3532|26054|7488|14678|4718|11376|4125|19774|3320|15039|2887|4735|1155|18788|5106|11325|3173|7463|3125|15317|2703|12963|2366|2354|972|9641|3067|8035|2714|1606|952|11533|2699|8731|2189|2802|1027|40903|7404|19930|3899|20973|5451|15445|4320|9020|2618|6425|2860|2391|1226|1798|928|593|551|11659|2784|5354|1715|6305|1687|3965|2008|2808|1705|1157|775|5260|2422|3132|1510|2128|1244|18687|4283|12973|3205|5714|2008|21590|3547|17326|3038|4264|1497|15247|3729|11561|3043|3686|1500|11618|4634|6902|2444|4716|2496|14212|3819|6017|2246|8195|2283|6440|1983|6001|1999|439|282|11694|3851|7315|2762|4379|1891|17642|3930|14758|3504|2884|1253|7321|2234|6710|2148|611|506|15647|4051|10646|2742|5001|2398|84674|7662|36726|3960|47948|5807|3815|1198|2489|981|1326|627|24504|4048|11390|2725|13114|2440|0|213|0|213|0|213|38274|6469|13590|3011|24684|4882|7039|2605|1931|834|5108|2206|3924|2046|1224|1008|2700|1684|10952|3017|5727|1720|5225|2007|20067|3326|13781|2584|6286|1743|4598|1911|2751|1299|1847|1113|32495|9269|18635|5267|13860|4895|4617|1343|4298|1248|319|289|6269|2893|3202|2033|3067|2019|31293|5762|26395|5271|4898|2010|6746|2499|4885|2066|1861|1009|0|213|0|213|0|213|129|143|129|143|0|213|10160|4973|7498|4361|2662|1064
310M700US38060|4904552|462|3648029|23285|929901|19065|607945|16323|321956|13334|12030|3399|10433|3104|1597|773|1067|1030|471|519|596|721|4645|1126|3529|975|1116|676|6639|1941|4985|1558|1654|1110|9568|2272|8065|2068|1503|615|3925|1904|3284|1768|641|680|2216|1039|2067|1030|149|150|3695|1242|2826|1091|869|432|4791|1637|3524|1410|1267|649|4601|1575|2562|1001|2039|1095|2952|1510|2018|1111|934|742|518|413|339|290|179|302|7009|2454|3621|1311|3388|1648|3117|1354|2069|1000|1048|884|11597|3932|9861|3609|1736|940|1584|735|946|505|638|411|5198|2553|4278|2028|920|807|2377|1100|1470|740|907|540|2738|1372|2002|977|736|712|12069|3896|9090|3043|2979|1466|12705|3550|10317|3159|2388|1422|7910|2709|7301|2531|609|421|6972|3334|4856|2438|2116|1998|31402|4404|17037|2963|14365|2717|5533|2051|2924|1281|2609|1359|14065|3536|8136|2677|5929|2203|1353|1773|1353|1773|0|237|23137|5186|11142|3176|11995|3034|2066|941|1168|743|898|594|3218|1992|2498|1481|720|631|5247|2401|3158|1439|2089|1121|26285|6124|19589|5428|6696|2053|8145|2860|6413|2277|1732|1334|20787|5019|13132|3141|7655|2866|2748|1485|2518|1372|230|376|11116|3595|5770|1723|5346|2588|7535|3043|5674|2714|1861|1046|14941|4915|9476|3157|5465|2799|7846|2145|5915|2009|1931|652|4941|1815|4261|1682|680|441|6334|1889|4636|1400|1698|1407
310M700US38300|2317591|1088|2170813|8211|35118|3451|23456|2810|11662|2309|3839|887|3128|849|711|356|2274|1239|926|694|1348|900|6025|1513|4768|1325|1257|605|1901|1006|1615|791|286|383|7757|2216|6877|2154|880|483|3468|1490|3119|1396|349|244|2622|1084|1805|854|817|669|4175|1659|2303|995|1872|1094|1275|525|1020|440|255|215|2688|1368|2358|1331|330|228|3845|1817|2797|1629|1048|646|28|7|28|7|0|192|2014|754|1332|640|682|448|2267|1300|699|428|1568|1148|5862|1682|4191|1532|1671|722|2679|1631|2379|1581|300|474|960|593|780|521|180|183|648|527|648|527|0|192|9135|4011|5061|2493|4074|1910|1984|893|1547|710|437|470|4675|1524|3990|1476|685|551|3069|1178|3026|1183|43|74|1188|1028|1188|1028|0|192|10565|2160|5695|1114|4870|1603|1390|662|988|568|402|273|2230|877|1171|567|1059|528|0|192|0|192|0|192|1706|1081|784|489|922|950|160|205|35|53|125|199|953|500|306|263|647|386|2669|1824|815|540|1854|1742|2142|1081|1535|789|607|551|762|810|388|323|374|523|7064|3030|5092|2145|1972|1222|2194|1988|2194|1988|0|192|714|506|466|331|248|397|3010|1937|2947|1928|63|93|1005|646|935|646|70|4|0|192|0|192|0|192|31|39|31|39|0|192|687|382|550|349|137|116
310M700US38900|2416295|1707|1964929|16047|203781|8500|127618|7749|76163|6081|7991|1718|6853|1596|1138|522|154|194|0|213|154|194|743|679|743|679|0|213|2615|961|2134|885|481|314|9034|1714|8187|1603|847|495|2263|1260|2057|1172|206|237|776|427|582|355|194|225|23945|5498|14621|4546|9324|2454|988|690|787|574|201|234|2945|1705|2772|1675|173|161|14717|4309|5950|2193|8767|3360|250|325|194|243|56|93|4398|1402|2329|864|2069|919|3348|1787|2908|1631|440|557|6470|1940|5835|1770|635|442|1782|1333|1304|1077|478|395|913|527|697|440|216|243|5583|2736|4149|2566|1434|932|4175|2258|2200|1142|1975|1867|12661|3993|7985|2805|4676|2015|4458|2201|2573|1157|1885|1578|1021|657|930|628|91|153|1388|760|1294|759|94|151|26223|4161|14264|2633|11959|2398|9778|2512|6192|1617|3586|1549|12543|2677|6377|1869|6166|1632|4709|2219|2697|1308|2012|1301|26784|5195|11972|2353|14812|3646|1890|1208|1104|904|786|569|6886|3150|3528|1647|3358|2266|5296|2071|2846|1163|2450|1173|11533|2971|9027|2736|2506|908|8179|2629|6406|2379|1773|960|9711|3544|7019|3082|2692|1105|761|444|654|440|107|126|3280|2359|2490|1886|790|578|2708|1534|2282|1227|426|483|2995|1608|1936|1162|1059|798|146|196|68|114|78|164|312|337|138|164|174|294|1233|557|863|468|370|280
310M700US39300|1621085|1142|1248891|14406|187967|8048|95380|7142|92587|7001|10835|2919|8793|2304|2042|992|9407|3407|5526|2236|3881|1579|5115|1189|3941|1124|1174|563|87655|8363|52898|6432|34757|5349|1434|754|1342|687|92|156|492|396|492|396|0|213|1113|679|783|572|330|344|2022|1384|1382|918|640|986|1312|758|930|620|382|304|49|64|33|64|16|5|203|185|143|184|60|14|886|700|886|700|0|213|1186|761|714|518|472|413|260|371|260|371|0|213|2393|1534|2393|1534|0|213|89|100|89|100|0|213|131|223|68|118|63|111|923|690|655|573|268|305|2752|1648|1223|898|1529|1185|1725|1257|1344|1210|381|420|798|471|798|471|0|213|1232|861|1121|825|111|189|222|211|222|211|0|213|7440|1673|4003|1169|3437|1055|1752|1142|1424|973|328|271|2775|1339|1609|620|1166|960|2654|2541|1510|1371|1144|1213|1347|763|349|317|998|697|3802|1593|2386|1432|1416|828|4363|1906|1582|949|2781|1358|1139|891|724|653|415|440|4672|1738|2730|1056|1942|1174|161|181|160|181|1|2|8920|3918|4969|2103|3951|2758|1024|1015|1024|1015|0|213|2253|2063|350|385|1903|1970|4338|2080|1813|847|2525|1934|2505|1496|1148|799|1357|1126|0|213|0|213|0|213|140|186|140|186|0|213|2708|1552|2516|1510|192|225
310M700US39580|1473431|443|1175689|11626|144701|6426|87613|6174|57088|6090|6050|2209|4521|1787|1529|1171|469|484|469|484|0|226|1981|940|1617|814|364|280|4403|2092|3877|1776|526|568|3251|929|2987|910|264|221|689|760|689|760|0|226|651|638|651|638|0|226|3723|1527|2266|993|1457|1041|1109|805|1056|776|53|89|811|854|811|854|0|226|1538|632|1125|470|413|313|0|226|0|226|0|226|2239|1349|1674|889|565|612|6855|2314|5331|1682|1524|831|9525|3039|8537|2663|988|646|2573|1662|1499|937|1074|1096|503|465|435|417|68|110|1993|1123|1716|960|277|323|6722|2913|5315|2132|1407|1170|2787|1464|2309|1061|478|539|15162|4550|12734|4016|2428|1388|6645|2935|6206|2880|439|255|5483|3044|5101|2991|382|292|15992|4314|7730|2142|8262|2743|3675|1808|2554|1524|1121|963|5236|1824|3257|1233|1979|917|71|123|0|226|71|123|4743|2177|1786|946|2957|1623|183|226|183|226|0|226|520|445|202|202|318|382|2728|1542|2304|1556|424|270|4294|2882|3481|2822|813|587|660|488|556|438|104|123|11862|4015|8115|2957|3747|1579|83|135|0|226|83|135|7424|3946|4912|2741|2512|1894|4414|3367|3878|3358|536|516|3090|1802|2362|1760|728|674|0|226|0|226|0|226|95|111|44|73|51|85|2809|2678|2757|2678|52|122
310M700US40060|1295910|6538|1131813|9374|82714|4498|49102|4272|33612|4792|4058|1403|3223|1205|835|459|1873|1278|1322|1018|551|807|1459|1274|735|644|724|699|3629|1699|2139|843|1490|1465|3331|1381|3001|1337|330|268|455|337|424|330|31|55|82|87|82|87|0|217|1841|842|1548|728|293|250|342|314|342|314|0|217|770|545|374|252|396|437|1079|653|717|484|362|355|28|47|0|217|28|47|2553|1609|971|667|1582|1470|1880|1127|1656|955|224|259|4844|1654|3918|1480|926|746|2257|1273|1862|1080|395|447|113|186|113|186|0|217|927|807|548|459|379|435|3547|2006|2286|1299|1261|827|2301|1120|1975|943|326|266|3310|1599|2734|1431|576|488|1698|919|1308|759|390|452|975|907|818|760|157|218|4592|1534|2586|927|2006|922|757|460|757|460|0|217|5058|2572|2979|1449|2079|1209|0|217|0|217|0|217|5326|1709|1980|929|3346|1092|937|721|316|251|621|616|1374|898|471|350|903|666|1422|811|1071|662|351|318|2762|1260|2556|1226|206|193|1049|744|736|609|313|337|9807|3097|7278|2551|2529|1204|369|274|369|274|0|217|49|69|49|69|0|217|1329|908|1255|872|74|122|2016|1560|1579|1195|437|564|37|65|37|65|0|217|0|217|0|217|0|217|1147|1071|1147|1071|0|217
310M700US40140|4468075|943|2469902|25143|1622964|22684|1068597|18244|554367|17550|7574|1832|6661|1574|913|580|134|198|80|136|54|72|2405|985|2083|924|322|329|3969|1474|3136|1282|833|451|5540|1593|5049|1592|491|397|2981|1582|2939|1574|42|69|981|776|717|704|264|254|4302|2391|3769|2319|533|315|2171|1273|1190|697|981|736|1225|1141|1169|1135|56|95|1703|1095|1414|1085|289|462|2665|1335|1473|860|1192|656|6440|2201|4130|1793|2310|971|3700|1444|2460|1034|1240|733|9312|2755|6745|2133|2567|1363|7612|2808|5349|2228|2263|1240|6323|3237|4058|2255|2265|1205|2380|1602|1459|995|921|706|2978|1839|1671|829|1307|1203|6428|2172|4364|1515|2064|963|1333|831|1114|727|219|209|1482|884|1169|791|313|350|1502|1088|699|810|803|509|82790|10037|33829|4505|48961|6994|4052|1233|1964|777|2088|758|20837|4267|8919|2418|11918|2644|1619|1078|1375|1076|244|233|26544|4901|11510|2660|15034|3250|4343|1924|1636|902|2707|1362|7033|2365|2892|1359|4141|1504|2090|1000|866|489|1224|774|71087|7644|46060|5211|25027|4419|12466|3420|8169|2396|4297|1891|35915|5965|23861|4555|12054|2554|545|365|352|331|193|158|2479|1855|967|839|1512|1148|13022|4407|12325|4305|697|540|2213|1586|1867|1210|346|478|638|747|504|714|134|230|799|651|447|586|352|293|1597|775|1327|724|270|237
310M700US40380|1005621|871|888076|6208|54717|4082|32222|3247|22495|2560|2873|1095|2349|910|524|425|634|538|532|516|102|125|5006|1989|3412|1536|1594|829|606|454|500|434|106|139|1637|786|1326|748|311|267|2217|1477|1728|1291|489|424|1768|1063|998|532|770|846|1939|913|667|357|1272|735|1758|1091|1048|771|710|567|1631|1222|1243|1178|388|291|4447|1956|2238|1029|2209|1115|0|220|0|220|0|220|311|227|263|209|48|85|521|319|457|306|64|83|1407|658|1290|636|117|106|1995|1184|1550|977|445|384|82|143|0|220|82|143|356|279|340|279|16|3|4708|2332|1655|854|3053|1749|2036|1134|1287|848|749|624|286|312|286|312|0|220|852|512|750|453|102|168|244|291|244|291|0|220|4890|1099|1728|549|3162|934|1339|743|889|503|450|426|347|323|138|187|209|198|0|220|0|220|0|220|1852|731|719|390|1133|474|601|650|199|252|402|559|211|178|104|134|107|174|2594|1309|1179|651|1415|730|1399|750|723|391|676|550|851|479|573|349|278|281|4209|1848|2739|1468|1470|700|533|435|491|429|42|72|4534|2108|2459|1314|2075|1421|1161|763|719|501|442|519|373|527|63|101|310|516|0|220|0|220|0|220|56|74|38|69|18|31|564|376|517|371|47|74
310M700US40900|2332819|893|1605069|17286|299591|11367|198067|10468|101524|6975|4869|1354|3968|1183|901|557|0|225|0|225|0|225|2660|1333|1693|911|967|606|4789|1869|3616|1501|1173|849|5072|1389|4005|1253|1067|452|1577|797|1480|750|97|153|1164|555|963|491|201|196|40246|7226|15273|2823|24973|5753|1095|800|697|609|398|375|2045|883|1168|511|877|578|25986|7091|10561|3428|15425|4900|4563|4133|3621|3594|942|906|24786|5078|12378|2709|12408|3509|3831|1619|2089|1133|1742|943|22101|3772|14588|3224|7513|2140|7718|2816|5849|2414|1869|921|30475|6768|15579|3334|14896|5057|1328|878|1233|789|95|156|4775|1739|3578|1578|1197|817|17336|4509|11415|3883|5921|1867|5855|1920|5114|1750|741|454|2160|1138|1768|989|392|398|2413|1533|1913|1293|500|468|55417|6187|24840|3576|30577|4186|4807|1433|2910|826|1897|978|7542|1747|4485|1577|3057|1244|21947|4585|12350|3324|9597|2497|26143|4579|11628|2400|14515|3060|1894|1053|749|576|1145|807|4035|1527|1929|803|2106|915|8096|2716|4213|1754|3883|1400|47504|4931|32157|4209|15347|2564|6744|1803|4178|1259|2566|856|12295|3259|8409|2396|3886|1888|601|657|318|478|283|466|5389|2820|3103|2062|2286|1314|5768|3391|5768|3391|0|225|848|710|521|517|327|378|0|225|0|225|0|225|0|225|0|225|0|225|2285|923|1535|784|750|505
310M700US41180|2663564|2348|2469331|10077|60413|4730|38565|4192|21848|3527|5558|1625|4465|1424|1093|712|154|192|89|144|65|117|1577|1125|1518|1121|59|69|2540|1239|1915|992|625|537|6128|1595|5439|1579|689|339|1705|1764|652|807|1053|1133|598|568|237|177|361|535|3895|1439|2265|1153|1630|771|954|565|780|543|174|181|14486|4115|9323|3069|5163|1456|2762|1715|1966|1222|796|1242|527|559|40|70|487|553|1392|787|798|482|594|569|3112|1773|2081|1206|1031|845|6638|2961|6348|2980|290|263|2997|1295|2337|1026|660|497|730|606|332|369|398|448|2424|1645|1567|1068|857|840|1614|867|1070|751|544|347|4253|1866|2611|1213|1642|1117|5601|1898|3836|1292|1765|894|2410|1195|2192|1089|218|213|738|571|655|557|83|136|16508|2985|8908|1608|7600|2332|2101|1166|1404|872|697|503|5459|1381|3288|1055|2171|788|0|213|0|213|0|213|9630|2972|4632|1718|4998|1761|225|265|139|230|86|145|826|752|717|742|109|100|3280|1711|2046|1078|1234|743|5844|1763|3759|1193|2085|960|1052|780|725|588|327|294|7568|3224|5958|2584|1610|983|575|625|575|625|0|213|1913|1119|1031|890|882|722|2500|1502|2358|1430|142|167|1868|1925|462|303|1406|1866|0|213|0|213|0|213|204|272|204|272|0|213|1474|924|1414|904|60|81
310M700US41620|1223373|903|961250|10798|170691|8397|96217|5689|74474|7117|4575|1470|3673|1286|902|662|318|439|261|427|57|96|1243|816|1120|785|123|176|7332|2332|5369|1909|1963|1169|3651|1603|3535|1598|116|133|480|301|480|301|0|210|676|559|249|218|427|488|4077|1781|1983|839|2094|1504|525|376|434|352|91|162|2536|1027|1730|761|806|562|1392|1247|838|1041|554|628|713|653|616|652|97|160|1822|1281|1054|672|768|768|1144|1147|1071|1057|73|116|1815|1322|1815|1322|0|210|1119|1127|678|615|441|573|309|465|309|465|0|210|222|228|222|228|0|210|2020|2041|1039|968|981|1177|1457|807|1366|759|91|152|1251|1043|903|910|348|461|1034|866|939|791|95|165|630|651|630|651|0|210|10784|2670|5847|1866|4937|1687|1705|877|1092|579|613|411|3108|1712|2104|1477|1004|684|51|87|51|87|0|210|5848|2129|3001|1340|2847|1160|850|569|520|399|330|275|2942|1131|1326|685|1616|655|4845|3791|2145|1623|2700|2275|2236|1078|1505|734|731|744|7776|2152|4968|1628|2808|1198|4066|1985|2365|1325|1701|1156|141|250|0|210|141|250|818|857|558|540|260|347|1407|1324|1093|1260|314|340|2202|1686|519|407|1683|1585|1069|757|841|725|228|229|160|252|149|252|11|18|1083|578|969|516|114|137
310M700US41700|2594758|1447|1716422|22962|767408|21506|528093|15863|239315|13916|3945|2021|2691|1404|1254|886|462|526|249|300|213|299|668|590|411|357|257|294|1353|698|1188|694|165|178|8300|2656|6768|2197|1532|1144|1513|1352|442|385|1071|1323|766|700|766|700|0|242|1511|1015|1132|748|379|423|739|459|414|291|325|306|244|290|244|290|0|242|384|327|384|327|0|242|247|403|131|212|116|191|3714|1843|1336|862|2378|1491|1139|836|547|521|592|652|5365|2290|3585|2052|1780|1277|5696|3475|5198|3179|498|498|277|249|166|157|111|191|2223|1851|1237|1113|986|855|141|141|141|141|0|242|7706|4467|3693|2702|4013|3246|1798|1535|1710|1464|88|146|3208|2315|1295|953|1913|1946|667|717|340|353|327|424|5498|1879|2570|1193|2928|1232|4401|3000|3882|3028|519|431|4051|1558|2777|1411|1274|832|177|235|0|242|177|235|4617|2187|2603|1245|2014|1388|102|136|102|136|0|242|1008|490|216|194|792|446|5046|3158|2176|1764|2870|2250|12160|3486|9487|2866|2673|1423|2236|1444|2096|1396|140|178|8239|4105|6145|3275|2094|1394|79|130|79|130|0|242|933|723|525|563|408|429|4100|1765|3319|1585|781|871|5418|4123|2760|2710|2658|3100|0|242|0|242|0|242|220|261|220|261|0|242|577|572|495|550|82|138
310M700US41740|3121915|412|1900693|17484|788949|14132|507261|11426|281688|10010|12656|2586|11153|2450|1503|649|1359|925|570|644|789|709|6180|1880|5446|1863|734|379|11396|2724|8768|2068|2628|1478|8023|2590|7534|2512|489|387|1857|658|1501|588|356|339|1862|730|1703|663|159|190|15184|4808|10326|3560|4858|2088|2938|1159|2215|969|723|469|1536|1026|1437|988|99|154|5483|2136|3440|1604|2043|945|1431|740|1214|662|217|215|26206|5731|16265|3827|9941|2698|2792|1123|2129|987|663|415|12906|3340|10929|3018|1977|1261|2353|1835|2314|1835|39|3|6748|4185|3922|2159|2826|2674|2054|1064|1820|954|234|231|3093|1678|1980|1257|1113|757|9517|3093|6587|2493|2930|1527|5112|2080|4473|2006|639|553|3349|1484|3161|1452|188|162|3639|1395|3446|1358|193|238|56864|6988|32666|5314|24198|3676|13176|2592|7928|2008|5248|1230|14748|3264|8526|2389|6222|1742|377|268|324|204|53|90|33795|4588|15231|3037|18564|2877|3953|1728|1497|922|2456|1296|6084|2194|3086|1314|2998|1193|5943|2341|3400|1516|2543|1703|88586|8030|57485|5349|31101|4169|10678|3006|8277|2788|2401|942|29874|5449|13541|2891|16333|4056|2329|936|1975|864|354|310|10444|2642|7374|2107|3070|1095|2516|1737|2123|1706|393|371|2374|1482|1723|1036|651|833|86|84|25|45|61|71|577|456|571|456|6|11|2195|933|1088|528|1107|721
310M700US41860|4422876|1222|2502556|22457|739982|15820|424416|14575|315566|12368|33007|4430|29152|4025|3855|1183|1340|1085|1209|870|131|632|12675|2767|10989|2532|1686|796|16964|2506|12818|2075|4146|1489|16358|2490|15353|2364|1005|478|3279|1256|3279|1256|0|225|3710|1303|3278|1092|432|416|29337|4354|19693|3174|9644|2244|3776|1191|3089|1144|687|490|3030|1306|2457|1179|573|453|7535|2706|5139|1926|2396|1609|1407|754|966|643|441|265|36702|4820|24114|4011|12588|2806|13584|3131|11574|2748|2010|1156|80871|7010|68445|6066|12426|2310|11255|3118|8413|2456|2842|1182|26128|5011|17453|4031|8675|2325|4345|1667|3979|1537|366|297|21586|4446|14221|2812|7365|2868|14240|2922|11160|2374|3080|1307|27268|4117|23378|3806|3890|1081|22605|3788|20071|3441|2534|1043|10754|2642|9380|2386|1374|715|394037|14863|190212|9263|203825|10622|20761|3531|13245|2462|7516|1963|32583|4969|19579|3518|13004|2504|441|509|441|509|0|225|49675|7212|21161|3876|28514|4964|6515|2798|2676|1139|3839|2135|10593|3191|5773|2131|4820|1687|22574|5111|11830|2553|10744|3975|162840|10413|108872|7792|53968|5254|18629|3172|12083|2404|6546|2149|27912|6139|18340|4590|9572|3090|4458|1446|4047|1510|411|394|11345|3010|6945|2106|4400|2049|5593|2397|4423|1928|1170|905|4386|1604|4039|1405|347|334|54|62|54|62|0|225|431|435|177|217|254|359|5755|2273|2616|1053|3139|1708
310M700US41940|1897528|826|848900|18323|329453|9928|195345|8785|134108|8681|6788|1848|6012|1690|776|460|42|70|42|70|0|225|3609|1251|2701|922|908|603|8078|1943|5619|1559|2459|846|5605|1529|4286|1073|1319|1043|2214|981|1843|859|371|385|1419|735|1156|637|263|211|19411|2895|11761|2179|7650|1922|1356|1081|1165|1015|191|222|4820|2752|2915|2140|1905|1150|4565|1978|2328|1105|2237|1217|291|227|291|227|0|225|19731|3330|14630|2882|5101|1486|9421|2466|6923|2087|2498|1094|64935|6816|55564|6188|9371|2378|6527|2197|5188|1905|1339|791|14602|5124|8457|2371|6145|3939|5632|1930|4413|1622|1219|594|12356|2775|10445|2407|1911|818|5303|2135|3371|942|1932|1531|18749|4072|14924|3806|3825|1645|25031|4736|21443|4070|3588|1689|13965|2794|11933|2516|2032|828|197182|11699|114455|8247|82727|6967|15269|3310|7587|2353|7682|2301|30069|4604|16426|3015|13643|2772|909|656|674|726|235|305|124044|10430|49023|5683|75021|6641|2434|935|1330|688|1104|470|3379|1635|2119|1161|1260|727|6169|2452|4725|2139|1444|777|48803|6322|32241|5186|16562|3005|8467|2586|6420|2111|2047|899|7635|2880|6367|2545|1268|1121|7409|2321|6270|2016|1139|716|8860|2597|6151|2001|2709|1035|427|404|394|405|33|54|740|602|638|572|102|163|0|225|0|225|0|225|1369|869|1369|869|0|225|1560|865|1237|664|323|296
310M700US42660|3922584|489|2829103|21899|280403|11529|166624|8477|113779|8692|19245|4255|14762|3039|4483|1914|731|536|269|246|462|445|5274|2345|5187|2342|87|108|13248|4398|8437|3005|4811|2273|14214|2461|12543|2313|1671|932|4766|1746|4574|1696|192|311|1611|730|1443|718|168|242|37968|6672|23031|4018|14937|3646|4122|1869|3237|1756|885|503|5023|2441|3337|1933|1686|1026|31843|6903|13913|3801|17930|4435|1750|875|1034|700|716|416|19854|6275|9124|2927|10730|4403|6336|2104|5666|1880|670|466|43542|5300|38893|4882|4649|1411|9166|3701|7632|3036|1534|1048|14363|3948|7705|2296|6658|2473|5095|2019|3613|1517|1482|1199|12050|2767|9739|2437|2311|989|18604|4743|13702|3572|4902|1619|23043|5445|19194|4654|3849|1686|18048|4616|16343|4508|1705|724|10794|3267|9116|2656|1678|1017|145720|9705|84613|6872|61107|5330|21681|3602|15022|2709|6659|1634|50227|6459|25286|4206|24941|3786|982|615|805|558|177|180|62091|6566|26022|3980|36069|4409|14918|3798|7236|2653|7682|2155|12774|3531|6222|2050|6552|1894|10705|3016|6822|2094|3883|1696|50583|5563|33917|4176|16666|3056|23460|4553|14999|3168|8461|2415|23125|6698|17451|5639|5674|1901|3124|2108|2345|1434|779|992|38429|6988|23344|5626|15085|2865|12458|4104|8685|3183|3773|2269|13991|3282|9586|2716|4405|1493|47|79|0|218|47|79|1736|873|1228|640|508|495|6337|2564|5061|2046|1276|885
310M700US44700|766389|171|420372|12625|213638|9783|124383|6853|89255|7648|1494|1187|1494|1187|0|225|103|169|97|169|6|2|805|538|726|531|79|95|2310|1017|1681|881|629|402|469|324|396|315|73|114|190|194|190|194|0|225|211|265|61|98|150|244|239|316|239|316|0|225|117|198|117|198|0|225|332|403|168|209|164|199|132|221|58|102|74|121|38|64|38|64|0|225|4850|2167|2639|1555|2211|1130|1589|1116|1101|853|488|448|5138|1767|2936|1117|2202|1115|5837|2929|3826|2518|2011|1084|19573|4185|10626|2703|8947|2426|395|538|145|240|250|314|3155|2209|2711|2064|444|447|4307|2399|2419|1670|1888|992|5152|2220|3978|1700|1174|885|1908|1403|1712|1252|196|229|5863|2621|3664|2053|2199|1836|5764|1759|2788|935|2976|1058|639|611|451|581|188|122|729|611|451|453|278|273|4097|1767|1958|931|2139|1099|7021|2503|2138|891|4883|2007|7811|2667|3983|1714|3828|1574|2666|1707|2148|1557|518|337|234|232|199|205|35|58|27129|4936|17322|3721|9807|2237|5313|1917|3868|1764|1445|727|2195|1775|1835|1740|360|384|116|191|66|108|50|83|158|204|115|193|43|75|2288|1556|1972|1421|316|284|623|655|623|655|0|225|0|225|0|225|0|225|335|432|335|432|0|225|1054|1066|1054|1066|0|225
310M700US45060|622471|341|561475|5672|16767|1769|11523|1653|5244|1574|3039|1174|2036|795|1003|668|711|783|321|458|390|450|1485|566|1326|552|159|134|141|139|125|138|16|28|1399|586|1277|589|122|117|813|423|652|383|161|159|397|311|289|261|108|187|1007|563|381|273|626|532|727|428|383|255|344|334|1913|1327|1099|741|814|740|2529|1132|1113|506|1416|921|0|220|0|220|0|220|1602|1408|731|519|871|987|562|613|509|553|53|93|499|492|499|492|0|220|613|497|299|243|314|466|380|255|380|255|0|220|315|311|247|251|68|116|408|422|195|198|213|262|528|387|528|387|0|220|435|482|435|482|0|220|119|187|119|187|0|220|0|220|0|220|0|220|3941|913|1789|528|2152|788|163|150|156|148|7|20|479|252|219|160|260|201|206|337|206|337|0|220|1855|884|989|525|866|577|497|437|152|220|345|369|211|330|0|220|211|330|1884|990|1062|628|822|727|1837|1154|1471|1015|366|292|39|64|39|64|0|220|5507|2499|3299|1358|2208|1557|278|206|230|185|48|91|3271|2185|1894|1552|1377|1024|534|641|437|638|97|92|3029|2909|50|84|2979|2915|0|220|0|220|0|220|55|84|55|84|0|220|821|615|455|399|366|470
310M700US45300|3261103|532|2466660|20328|541574|12300|311687|13893|229887|11662|14152|4042|10536|2824|3616|2410|16852|5830|11094|4366|5758|3156|8298|2623|5905|1939|2393|1220|9695|2609|6536|2125|3159|1215|11035|1952|10333|1919|702|382|2177|1149|2062|1141|115|224|10091|2973|7356|2409|2735|1114|8475|2491|6290|2242|2185|884|6588|2090|2954|1120|3634|1403|6353|1876|3934|1321|2419|1159|8588|2779|5196|1830|3392|1672|58|99|58|99|0|247|1251|704|779|505|472|501|8378|2966|6098|2226|2280|1043|6350|2211|4562|1543|1788|1211|3329|2048|3173|1953|156|185|1246|1426|557|648|689|833|2990|2013|2466|1926|524|350|1680|864|1288|797|392|346|8691|2550|5595|1641|3096|1582|10204|3280|8470|2982|1734|897|3877|1966|3304|1803|573|581|5191|1889|3696|1686|1495|970|12068|2897|4992|1310|7076|2424|2347|1046|1459|702|888|755|1984|873|1099|620|885|504|685|862|638|860|47|79|21050|4301|9090|2231|11960|2712|3790|2865|2002|2112|1788|1344|5634|1918|3537|1486|2097|1179|3429|2011|2309|1439|1120|951|11061|3517|7114|1914|3947|2207|2261|1403|1814|1289|447|265|23000|8167|12405|3434|10595|6006|1117|874|817|702|300|331|577|427|481|403|96|150|2683|1821|2345|1713|338|452|1188|785|1038|690|150|260|0|247|0|247|0|247|0|247|0|247|0|247|4446|1964|3676|1548|770|694
310M700US46060|1029272|210|757277|10846|210821|10059|146643|7988|64178|6685|4159|2132|3603|2196|556|468|211|275|149|258|62|96|991|858|875|724|116|182|1037|1006|365|499|672|593|2603|894|2383|877|220|220|577|408|577|408|0|237|149|193|149|193|0|237|2794|1524|1609|1122|1185|714|1503|1284|891|710|612|608|132|167|132|167|0|237|836|553|836|553|0|237|0|237|0|237|0|237|3466|2330|1491|826|1975|1772|512|607|512|607|0|237|1015|774|817|695|198|325|756|852|756|852|0|237|212|301|212|301|0|237|174|284|0|237|174|284|836|737|463|447|373|616|581|429|388|380|193|190|328|381|328|381|0|237|229|242|229|242|0|237|197|329|197|329|0|237|6971|2034|4022|1593|2949|1102|1370|791|820|701|550|411|1331|616|754|529|577|334|0|237|0|237|0|237|3385|1751|1970|1362|1415|701|255|325|235|296|20|35|410|335|158|198|252|241|1044|883|1034|883|10|3|4591|1964|2653|1156|1938|1319|1097|720|1053|705|44|78|6307|3593|4694|2393|1613|1536|437|322|347|289|90|155|918|903|580|629|338|333|861|715|535|568|326|314|3540|2195|3051|2068|489|456|3092|1284|2900|1235|192|290|1446|555|1254|539|192|200|821|715|735|696|86|145
310M700US46140|997370|1501|868088|5049|88966|4076|53253|3300|35713|2334|2075|723|1867|661|208|178|114|163|19|31|95|160|43|70|43|70|0|168|588|424|416|323|172|237|1590|622|1372|569|218|213|298|299|205|193|93|152|142|271|142|271|0|168|1164|596|517|277|647|369|140|130|118|111|22|36|192|185|192|185|0|168|1164|960|687|593|477|420|0|168|0|168|0|168|536|418|400|348|136|164|369|374|145|241|224|275|885|643|777|632|108|115|1591|880|1029|535|562|503|45|79|45|79|0|168|221|363|144|235|77|132|306|306|245|289|61|96|377|218|293|185|84|93|162|249|162|249|0|168|35|71|0|168|35|71|260|282|210|258|50|87|1437|611|656|329|781|460|363|221|232|187|131|138|572|364|378|298|194|177|6908|1656|4002|1143|2906|1305|3171|1060|1128|589|2043|860|40|62|40|62|0|168|356|293|224|201|132|136|3529|1495|1101|645|2428|1000|1972|567|1169|456|803|300|1926|854|1504|679|422|217|2069|928|1334|601|735|490|719|986|719|986|0|168|179|174|179|174|0|168|406|283|406|283|0|168|813|532|813|532|0|168|277|319|277|319|0|168|2659|680|2521|663|138|160|623|485|494|434|129|148
310M700US47260|1694365|4887|1523991|9211|75914|5083|50778|4433|25136|3448|6694|2243|5394|2056|1300|930|2097|1306|1087|627|1010|865|2558|949|2038|672|520|580|1804|857|1652|758|152|258|4762|1228|4401|1138|361|274|242|164|242|164|0|213|796|437|762|432|34|50|2327|1263|910|451|1417|1097|945|687|670|633|275|218|865|596|550|438|315|339|889|713|746|684|143|195|0|213|0|213|0|213|1559|1024|591|440|968|703|1552|1035|1077|615|475|525|1648|960|1435|941|213|312|904|859|809|787|95|160|430|490|171|191|259|356|1188|1031|1090|966|98|162|20|38|20|38|0|213|1155|517|1032|508|123|153|229|235|229|235|0|213|1171|1061|1057|997|114|187|1051|1092|897|1076|154|289|4758|1715|2653|1143|2105|1196|2450|860|1402|735|1048|587|4631|1437|1816|759|2815|932|0|213|0|213|0|213|3966|1380|1528|666|2438|1055|510|382|286|299|224|262|1557|1181|421|375|1136|882|2552|2228|1288|865|1264|1569|24906|3798|17677|2808|7229|2045|803|549|623|500|180|178|3968|1822|2520|1344|1448|1106|479|588|453|566|26|42|1744|1167|1474|1119|270|256|4166|2215|3459|1897|707|547|1798|1248|1731|1245|67|84|67|85|22|38|45|74|135|154|102|128|33|63|1084|624|938|588|146|154
310M700US47900|6069969|3009|4110517|24840|900618|12842|490506|13429|410112|14110|72454|8336|55989|6841|16465|3127|14311|3882|10279|3061|4032|1784|10163|2292|8165|1969|1998|942|21081|3633|14988|2649|6093|1764|16993|2740|14853|2685|2140|968|4822|1693|4114|1477|708|504|4826|1548|4177|1445|649|359|24016|4096|16597|2988|7419|1948|3928|1509|2736|1006|1192|754|2563|1109|2175|1033|388|297|13286|3120|9525|2281|3761|1544|2727|1776|1864|1222|863|675|44796|5893|29454|4302|15342|3098|12077|3231|9308|2465|2769|1213|43539|5962|37582|5569|5957|1654|38742|6089|31046|5431|7696|1657|14714|5100|11919|4060|2795|1458|29134|6327|18666|3978|10468|3410|24692|4478|17048|3608|7644|2242|23917|4091|15641|3043|8276|2322|25330|4765|22317|4404|3013|1006|15692|3388|13979|3061|1713|732|6361|1889|5657|1710|704|453|97893|7783|59344|5164|38549|5135|10626|2098|6253|1542|4373|1183|65801|6584|34274|4044|31527|3885|53|81|53|81|0|213|61437|8874|28203|5095|33234|5090|3324|1648|1100|843|2224|1038|9680|2432|4864|1295|4816|1552|22808|4058|14426|2796|8382|2244|47098|7122|33352|5801|13746|2968|8459|2096|5845|1584|2614|977|59264|9172|45923|7522|13341|2716|6257|1831|5796|1821|461|359|95597|11440|62249|8450|33348|4920|66725|8328|55299|7291|11426|2573|12358|3513|10512|3083|1846|1014|31|50|31|50|0|213|1082|819|886|682|196|233|20177|4885|15489|4109|4688|2516
310M700US49340|836573|88|633887|10405|80941|4439|48300|4042|32641|3962|5199|1785|4652|1660|547|327|1754|1152|803|444|951|843|1169|577|1075|560|94|119|34800|6114|16142|3509|18658|3953|1093|643|944|629|149|178|104|128|104|128|0|228|2016|1229|854|572|1162|1005|1473|684|585|269|888|587|2979|1827|2193|1156|786|912|802|937|651|746|151|248|337|340|264|278|73|118|645|653|596|623|49|82|690|592|363|344|327|356|1010|636|608|377|402|390|4519|1844|3919|1750|600|444|1846|1330|1657|1260|189|320|100|136|100|136|0|228|342|467|342|467|0|228|3273|1800|2108|1138|1165|824|10099|3996|5545|2669|4554|2100|2114|973|1541|824|573|555|835|941|639|715|196|255|861|665|803|647|58|96|6768|1830|4697|1339|2071|921|732|589|355|276|377|406|290|260|124|147|166|178|233|225|130|141|103|121|8530|2791|2747|1082|5783|1892|306|382|236|273|70|124|1252|960|425|390|827|708|416|523|293|482|123|203|1187|734|587|425|600|524|1513|1917|1405|1916|108|120|6473|2331|3799|1491|2674|1560|269|279|269|279|0|228|593|808|593|808|0|228|9543|2798|7049|2358|2494|1076|4674|2310|3163|1611|1511|1050|0|228|0|228|0|228|151|197|106|176|45|80|755|486|511|365|244|213
312M700US144602507000|642811|3188|403002|9311|101881|5513|54354|4699|47527|4432|4883|1509|3850|1224|1033|693|27591|6207|14684|4759|12907|3852|3445|1281|2540|1014|905|774|12869|4354|6737|2236|6132|2678|2926|1135|2800|1122|126|153|486|351|486|351|0|228|1936|1105|1330|792|606|444|4396|1275|2800|1070|1596|702|1717|845|1563|820|154|181|261|323|0|228|261|323|1060|644|636|426|424|498|491|348|307|400|184|303|1826|961|1321|793|505|515|560|326|560|326|0|228|6017|2101|5393|2051|624|541|546|458|546|458|0|228|23|39|23|39|0|228|1782|1289|716|501|1066|1169|2064|1458|1201|761|863|776|2547|1311|1550|996|997|783|876|532|684|466|192|183|636|446|570|441|66|103|248|169|248|169|0|228|28110|3729|11732|2007|16378|3163|814|446|616|382|198|187|2360|1063|1372|600|988|756|34|56|34|56|0|228|8760|3067|2844|1263|5916|2595|165|290|0|228|165|290|320|339|86|117|234|296|1516|847|1259|794|257|299|1040|758|887|623|153|263|541|332|456|304|85|143|3917|1667|2743|1191|1174|798|882|581|792|565|90|130|4262|2178|2266|1572|1996|958|2764|1470|2262|1287|502|433|1486|901|913|767|573|469|0|228|0|228|0|228|139|256|0|228|139|256|1632|1714|1632|1714|0|228
312M700US167403712000|882038|2412|659081|8739|138660|5968|62484|4781|76176|5251|5722|2564|3287|1320|2435|1675|2600|2204|1323|1160|1277|1136|352|256|302|209|50|84|2815|1473|1363|721|1452|1087|1258|483|1226|473|32|54|542|628|542|628|0|226|1805|1120|1461|877|344|324|4444|1666|2851|1062|1593|1268|482|382|292|253|190|330|1603|1314|1207|1040|396|345|567|441|179|177|388|405|91|151|91|151|0|226|1176|891|589|537|587|650|3892|2160|2956|1718|936|631|4150|1713|3873|1660|277|223|1069|754|684|573|385|456|386|390|386|390|0|226|265|264|265|264|0|226|2405|1388|1458|931|947|686|1209|625|927|517|282|235|7313|3057|3239|1762|4074|2120|2289|1817|2146|1764|143|180|809|725|707|595|102|169|4975|1593|2858|1045|2117|927|1046|731|731|613|315|374|2109|1174|1097|816|1012|724|1221|1050|555|438|666|858|5571|2396|1709|858|3862|1758|2071|2239|1768|1891|303|394|1244|926|379|405|865|696|3725|2172|2035|1402|1690|1157|1918|1071|1528|876|390|348|1880|1869|703|715|1177|1287|3875|2437|2281|1317|1594|1616|53|93|53|93|0|226|3183|1954|1452|1087|1731|1443|2162|1087|1697|987|465|556|1632|1645|1124|1565|508|597|0|226|0|226|0|226|65|103|0|226|65|103|323|312|274|280|49|83
312M700US169801714000|2587654|6186|1671020|20808|617723|16505|341236|14103|276487|15347|12570|3311|9028|2775|3542|1868|1450|862|1155|761|295|321|6312|1657|4427|1284|1885|1064|4333|2124|2903|1081|1430|1403|4044|1466|3989|1459|55|77|1331|829|1331|829|0|208|4689|1793|3710|1680|979|538|10762|3293|7948|2383|2814|1608|30769|4889|16800|3692|13969|2818|6180|1882|3786|1332|2394|794|15046|4711|6783|2477|8263|3013|982|1233|648|723|334|549|2981|1670|2717|1679|264|206|7399|3031|5749|2795|1650|973|8791|2552|6922|2081|1869|1190|12397|3993|7655|2502|4742|2531|1161|1043|854|800|307|292|2444|2109|939|704|1505|1466|3377|2031|2407|1576|970|955|9068|2447|6832|1751|2236|1623|2734|1358|2692|1347|42|71|2493|2065|2061|1939|432|676|813|752|470|445|343|582|62147|8412|27190|3940|34957|7136|2514|1681|2042|1620|472|354|7251|2163|5658|1994|1593|823|0|208|0|208|0|208|7341|2443|2907|1354|4434|1707|38|98|38|98|0|208|2395|1537|1343|1136|1052|878|6169|2529|2561|1364|3608|1631|17464|3520|13083|3063|4381|1153|2983|3422|380|361|2603|3398|14458|4662|11327|3885|3131|1944|1819|952|1700|945|119|128|7656|2881|4536|1775|3120|1473|10561|3368|7524|2740|3037|1693|1709|1019|1307|938|402|385|66|115|66|115|0|208|53|102|53|102|0|208|2161|1110|972|579|1189|870
312M700US181403918000|871108|5649|692963|12187|60755|7367|29705|5063|31050|4788|9072|3035|5358|1669|3714|2270|5231|2764|2462|1758|2769|1890|1040|646|884|549|156|152|3890|2507|1926|1513|1964|1359|1709|1000|1627|967|82|137|0|211|0|211|0|211|551|584|551|584|0|211|2939|1447|1450|939|1489|742|568|414|443|388|125|152|123|146|123|146|0|211|1405|908|612|466|793|705|0|211|0|211|0|211|859|713|547|489|312|330|2245|1277|1453|823|792|696|4586|3327|3722|2560|864|1223|554|531|306|361|248|401|528|588|132|192|396|557|1704|1525|1080|898|624|718|8224|3326|3004|1181|5220|3002|1273|637|1105|625|168|128|3478|2275|2395|1617|1083|1506|1476|1259|1476|1259|0|211|70|108|70|108|0|211|9296|2371|5616|1717|3680|1274|1624|1376|1292|1290|332|397|1775|1057|1401|886|374|425|0|211|0|211|0|211|958|971|323|375|635|714|1448|1431|624|781|824|694|688|526|395|415|293|294|2963|2955|1126|817|1837|2449|1550|988|1221|850|329|352|132|199|132|199|0|211|10863|3299|5330|2343|5533|1906|253|342|53|88|200|334|19303|5437|13692|4774|5611|2179|9445|3623|7426|3459|2019|1159|3392|2165|3229|2132|163|277|0|211|0|211|0|211|236|389|236|389|0|211|1939|1925|1324|1418|615|573
312M700US191004819000|1237552|6912|713716|19426|438905|17296|236255|13268|202650|13522|6205|2689|4360|1978|1845|2112|434|700|0|242|434|700|1052|913|764|801|288|491|2573|1391|1062|542|1511|1063|1129|566|1010|534|119|192|462|446|462|446|0|242|34|55|34|55|0|242|1175|892|717|543|458|420|830|786|830|786|0|242|353|331|353|331|0|242|506|461|377|407|129|212|0|242|0|242|0|242|2697|1534|1966|1104|731|671|1012|713|888|688|124|213|3709|2029|3084|1515|625|603|4881|2491|4084|1939|797|749|762|616|577|587|185|193|875|658|594|475|281|340|2083|906|1199|779|884|638|1499|1284|1260|1121|239|274|2079|2032|2023|2020|56|95|412|486|412|486|0|242|1173|1403|932|1032|241|391|8435|2232|6312|1722|2123|1074|1021|677|698|480|323|269|2981|1250|1357|722|1624|1018|60|103|60|103|0|242|4569|1655|2559|1252|2010|878|164|219|121|210|43|68|1029|617|582|529|447|337|2360|1516|505|370|1855|1464|1763|962|1334|647|429|513|456|421|257|320|199|303|4741|1859|3098|1376|1643|1619|580|419|580|419|0|242|11950|6495|6018|2895|5932|4230|3971|2155|3584|1917|387|611|3626|2800|1814|1370|1812|2104|0|242|0|242|0|242|0|242|0|242|0|242|1290|1213|598|543|692|1066
312M700US264204835000|2222083|7411|1159742|25821|836997|25679|401287|18943|435710|17410|15660|4095|12624|3460|3036|2087|216|343|216|343|0|242|3303|1631|3174|1556|129|214|5879|2524|4617|1992|1262|991|3020|999|2602|942|418|266|1423|709|1423|709|0|242|1292|715|905|681|387|376|5044|1650|3474|1487|1570|893|470|328|314|182|156|267|927|697|927|697|0|242|1301|1186|1203|1181|98|160|593|531|593|531|0|242|8091|2564|5563|2082|2528|1222|2955|1086|1945|776|1010|650|7446|2727|6324|2533|1122|647|10326|3394|8276|2864|2050|1251|857|780|724|711|133|178|1428|774|1143|672|285|308|3823|1870|3281|1739|542|373|6522|2948|3956|1677|2566|1551|6886|2607|5072|1869|1814|1680|963|740|806|641|157|184|3229|1336|2414|1017|815|584|32237|5692|14028|2618|18209|4175|2765|1453|1576|937|1189|929|5182|1749|2829|1042|2353|1038|0|242|0|242|0|242|31572|4758|10995|2615|20577|3401|221|226|126|154|95|156|1151|830|613|454|538|528|3836|1775|1776|993|2060|1225|8856|2960|7574|2784|1282|768|918|384|713|312|205|197|11566|4418|8927|3744|2639|1627|1747|2025|1031|1120|716|955|3182|1556|3049|1547|133|218|23811|5926|21383|5730|2428|1324|2834|1290|2731|1285|103|112|0|242|0|242|0|242|35|79|35|79|0|242|3777|1738|2538|1316|1239|943
312M700US310800644000|3695324|7330|1605577|23112|1440657|21428|765260|18022|675397|17832|22869|4237|19514|3694|3355|1419|3169|2699|2790|2630|379|619|6733|1793|5878|1688|855|472|5622|1640|4111|1282|1511|736|11120|2252|10617|2280|503|204|2217|740|2052|695|165|213|1894|850|1255|578|639|628|38095|6180|21488|4482|16607|3368|4006|1483|3330|1225|676|592|3281|1141|2633|1046|648|568|6548|2045|3982|1465|2566|1085|89879|10199|49635|7296|40244|5696|52292|7688|33164|5153|19128|4071|1977|881|1737|789|240|196|15594|3427|13293|3173|2301|1156|3700|1725|2196|982|1504|963|3510|1637|2475|1438|1035|544|7309|2249|3381|1052|3928|1535|3225|1367|2474|1337|751|325|7913|1976|6994|1829|919|503|3040|1239|2974|1217|66|107|1843|961|1019|534|824|528|1150|597|1034|556|116|134|66929|5131|37767|3801|29162|3595|16673|2986|10962|2213|5711|1281|80694|7591|30411|4407|50283|5123|564|882|564|882|0|225|14874|3070|7803|1835|7071|1968|2440|1152|1191|499|1249|729|10393|2544|4018|1372|6375|1852|3205|1479|1885|986|1320|777|85815|7876|61705|7102|24110|3261|8408|2214|5238|1490|3170|1174|20908|4542|13215|2759|7693|3168|18226|3762|15528|3394|2698|1427|6882|3176|4407|2069|2475|1780|4663|1723|3628|1480|1035|661|1832|942|1780|924|52|89|116|191|116|191|0|225|223|221|168|148|55|93|9259|2605|4369|1707|4890|2156
312M700US356203651000|8022927|921|4149096|38044|1808138|20771|947810|20988|860328|20606|92607|10067|68555|7851|24052|4786|100964|11398|58846|8156|42118|6330|53229|6834|38693|6470|14536|2822|24126|4020|17833|3377|6293|1842|21574|3636|20827|3702|747|340|125091|13607|63493|9816|61598|8793|38012|5794|25754|4282|12258|2864|172756|10914|67733|5912|105023|8201|52259|7839|29289|5711|22970|4036|12489|2847|9183|2241|3306|1208|38132|6863|18603|4650|19529|4326|2953|1052|1658|661|1295|813|14513|4194|7299|2893|7214|2870|9124|3483|5999|1965|3125|1680|27502|4858|22575|4362|4927|1466|37860|6361|20492|3672|17368|3915|20299|4812|9312|2604|10987|2807|152129|12564|67935|6808|84194|9411|20057|4148|8264|1870|11793|3468|58115|7273|35109|5317|23006|3795|2924|1579|2567|1300|357|416|3049|958|2736|910|313|289|10302|3321|6486|2285|3816|1662|525042|18207|174423|10229|350619|12882|22141|3957|11746|2598|10395|2190|60387|6889|29475|4681|30912|4365|0|220|0|220|0|220|10080|2076|5115|1248|4965|1415|1986|1324|1321|1170|665|525|3428|1027|1619|609|1809|691|41425|6937|18452|4455|22973|4946|50304|6267|36780|4484|13524|3148|8808|2521|4695|1328|4113|1742|85321|12543|46647|7618|38674|7872|42351|7947|32480|6239|9871|3003|10031|3715|6365|2827|3666|2147|80795|10709|58483|8669|22312|4176|8387|3067|5615|2445|2772|1662|230|369|0|220|230|369|318|378|189|257|129|153|24593|3260|16025|2251|8568|1861
312M700US379804260000|1482857|4|1113224|17016|163503|8023|98268|6969|65235|6364|9941|3990|4469|1653|5472|3178|14650|6400|7687|4067|6963|3764|4899|1738|3494|1419|1405|644|8510|3751|3895|2302|4615|2643|2708|1144|2507|1127|201|175|811|418|679|391|132|128|1632|1277|1178|1128|454|404|16290|4928|5022|1938|11268|3878|5350|2819|1875|859|3475|2732|523|580|300|442|223|377|2726|1243|568|425|2158|1128|2089|1901|1446|1666|643|756|984|759|733|697|251|291|3739|2266|2965|1935|774|785|2950|1533|2277|1139|673|703|1122|865|743|604|379|500|404|493|404|493|0|192|1526|954|678|462|848|701|1097|968|1097|968|0|192|3792|2319|1840|1459|1952|1561|240|223|187|189|53|90|921|738|844|700|77|123|6773|3054|3326|1944|3447|2138|38444|5964|11213|2209|27231|4637|1086|670|569|515|517|434|4262|1447|2652|1216|1610|907|0|192|0|192|0|192|15479|4016|4094|1492|11385|3561|4919|2445|1417|824|3502|2018|2348|1711|186|345|2162|1651|3179|2058|1090|835|2089|1780|5215|2253|3219|1419|1996|1323|2629|1503|1143|720|1486|1072|13405|7296|8180|3993|5225|3601|2659|1137|2600|1120|59|99|4282|2721|1908|2013|2374|1964|8493|2952|7780|2905|713|529|1509|1194|728|809|781|856|0|192|0|192|0|192|0|192|0|192|0|192|4544|4805|3784|4125|760|826
312M700US380600455000|1571408|5771|1000349|20734|462608|17187|288983|13693|173625|10371|4231|1535|3191|1220|1040|686|1014|1024|418|507|596|721|2005|1038|1397|790|608|644|1331|709|958|577|373|395|2808|908|2407|884|401|305|1709|1446|1636|1431|73|127|353|302|309|276|44|72|680|431|417|348|263|218|657|413|507|384|150|177|3074|1328|1484|699|1590|990|617|420|617|420|0|237|339|290|339|290|0|237|1355|956|350|283|1005|867|1942|1230|1294|904|648|794|2623|1403|2290|1296|333|327|515|430|331|323|184|244|1369|1267|1265|1168|104|170|633|533|307|291|326|276|1306|1195|1075|908|231|400|5728|2276|4096|1807|1632|1153|4634|2201|3904|1960|730|1063|2019|1300|1716|1216|303|272|1930|1859|1724|1831|206|250|12255|2714|6341|1966|5914|1744|1506|1002|1094|818|412|696|2372|1101|1570|763|802|676|1117|1758|1117|1758|0|237|6967|3142|3878|1897|3089|1928|503|618|503|618|0|237|1332|1530|1048|1179|284|403|2774|2001|1919|1227|855|877|5690|1853|3436|1296|2254|1237|2201|1234|1479|886|722|761|6429|3408|3541|1915|2888|1765|972|1049|972|1049|0|237|5480|3155|2531|1347|2949|2115|2873|2334|2567|2294|306|299|7332|3774|3757|2447|3575|2332|2148|1003|1767|985|381|147|1117|802|902|676|215|246|2511|1425|2231|1352|280|362
312M700US409000664000|506678|3049|308776|10264|89628|9613|58292|7199|31336|4603|1126|777|967|767|159|159|0|225|0|225|0|225|339|453|339|453|0|225|1072|1131|939|1105|133|229|1162|587|1023|580|139|99|236|252|236|252|0|225|306|320|166|191|140|169|6079|2688|1693|826|4386|2209|0|225|0|225|0|225|107|173|52|83|55|90|1444|864|457|298|987|685|370|443|181|238|189|218|4235|1791|2271|999|1964|1041|1838|1239|978|766|860|663|8309|2585|4671|1769|3638|1560|2858|1583|2221|1280|637|558|11511|5267|4249|1886|7262|4483|389|381|389|381|0|225|1178|799|801|694|377|269|3303|1740|1891|1101|1412|826|856|683|758|627|98|163|211|350|211|350|0|225|314|348|314|348|0|225|19386|3938|8273|2739|11113|2158|1099|604|693|486|406|345|1052|593|270|234|782|612|11434|3087|5008|1844|6426|2160|6061|2001|2204|763|3857|1571|1332|1055|661|567|671|750|1682|1025|851|571|831|541|1073|799|339|427|734|684|12113|2409|7832|1848|4281|1415|1724|965|731|517|993|625|845|518|602|443|243|218|0|225|0|225|0|225|599|591|131|213|468|504|1785|1319|1785|1319|0|225|150|248|150|248|0|225|0|225|0|225|0|225|0|225|0|225|0|225|696|593|421|442|275|373
312M700US417400666000|1342509|5128|793786|14680|301315|12576|193597|8699|107718|7373|7328|2002|7016|1939|312|266|960|846|310|507|650|694|3495|1648|3223|1598|272|239|6345|2012|4730|1629|1615|1125|3843|1523|3354|1394|489|387|991|479|711|366|280|311|688|426|688|426|0|225|11920|4382|7974|3170|3946|1991|975|401|783|355|192|165|527|343|527|343|0|225|3637|1727|2616|1506|1021|546|745|540|609|505|136|183|14301|4107|9759|3168|4542|1524|2111|1034|1742|958|369|321|10166|3195|8409|2867|1757|1264|1938|1802|1913|1801|25|3|4364|3406|1994|1174|2370|2650|936|511|889|496|47|76|2520|1615|1761|1241|759|671|2699|1252|2275|1166|424|334|3533|1273|3153|1185|380|343|2288|1280|2195|1261|93|111|2960|1279|2862|1272|98|163|43003|6043|24888|4411|18115|3266|7148|2254|4296|1569|2852|1024|9217|2527|5590|1991|3627|1282|217|178|217|178|0|225|23057|3961|10776|2320|12281|2417|3054|1495|1365|899|1689|950|3754|1413|1557|644|2197|1005|2813|1744|1360|946|1453|1244|44230|6444|27886|4127|16344|3164|4444|1809|3230|1562|1214|677|8954|3615|4296|1642|4658|2893|1660|743|1355|630|305|301|3143|1670|2292|1309|851|674|1945|1713|1889|1701|56|95|532|474|532|474|0|225|44|66|0|225|44|66|148|215|148|215|0|225|775|406|634|364|141|143
312M700US418600667000|795144|200|446434|10739|89338|5199|56332|4865|33006|4401|9968|2661|8951|2307|1017|665|264|670|133|219|131|632|3861|1202|3353|1015|508|386|1395|688|1238|663|157|209|5118|1527|4974|1508|144|152|893|735|893|735|0|225|798|532|798|532|0|225|7754|1824|4965|1574|2789|1001|536|543|285|375|251|380|725|503|657|490|68|79|1661|661|960|426|701|395|178|245|143|238|35|58|2761|1251|2025|831|736|658|1500|779|1443|757|57|99|8731|2782|7352|2552|1379|850|503|437|442|381|61|105|209|276|57|99|152|254|704|523|704|523|0|225|3115|1526|1531|799|1584|1302|3290|1458|2854|1295|436|487|1035|588|1035|588|0|225|1215|621|1007|563|208|181|714|469|714|469|0|225|131407|8052|57050|5353|74357|5754|6842|2842|4200|1792|2642|1421|8185|2657|6016|2355|2169|883|0|225|0|225|0|225|14043|4324|5360|2052|8683|3154|265|427|0|225|265|427|1479|962|794|574|685|652|2749|1210|2140|856|609|587|24788|4331|14885|2684|9903|2588|3386|1915|2923|1729|463|395|3528|1742|2689|1152|839|967|1397|1081|1397|1081|0|225|1856|910|1792|897|64|111|287|272|287|272|0|225|1027|1020|884|818|143|251|39|62|39|62|0|225|168|217|168|217|0|225|998|479|766|482|232|356
312M700US419400668000|951901|2986|386883|13081|200570|9640|114090|7545|86480|6636|2334|868|1866|726|468|407|42|70|42|70|0|225|1654|827|1366|699|288|200|4026|1158|2509|860|1517|686|2290|1091|1701|792|589|630|891|592|810|540|81|136|499|410|335|308|164|167|7413|2074|4398|1444|3015|1294|910|1012|819|980|91|150|2310|1564|662|677|1648|1128|1521|1178|639|439|882|865|46|77|46|77|0|225|8713|2055|6251|1774|2462|771|5075|2013|3104|1546|1971|1054|25128|4607|21516|4188|3612|1374|2259|1406|1878|1211|381|386|7027|2568|5120|2011|1907|1033|2473|979|1809|898|664|359|4290|1591|3861|1417|429|450|2303|2096|1196|749|1107|1498|7077|2709|6771|2673|306|288|11380|3677|9056|2974|2324|1538|5724|1723|4950|1543|774|507|84816|8082|45718|5023|39098|5025|4425|1407|2605|1153|1820|752|14463|3309|7409|2029|7054|2111|153|186|97|124|56|65|98606|10322|35205|5003|63401|6595|2056|891|1165|651|891|442|2132|1132|1322|713|810|619|3499|2309|2645|2055|854|683|30137|5014|19105|3797|11032|2418|6727|2422|4975|2047|1752|811|1363|852|1190|719|173|201|1572|1546|1262|1263|310|496|7322|2556|4955|1946|2367|970|384|399|351|401|33|54|0|225|0|225|0|225|0|225|0|225|0|225|650|751|650|751|0|225|758|593|654|523|104|123
312M700US426605363000|747985|3621|566470|9308|40054|5970|30393|4650|9661|3116|4126|1501|3759|1464|367|348|0|218|0|218|0|218|1117|624|1117|624|0|218|2556|1399|1802|1181|754|701|3955|1351|3720|1345|235|312|2154|1092|2154|1092|0|218|426|332|276|231|150|241|3356|1270|3162|1222|194|197|757|497|713|491|44|71|1053|820|1053|820|0|218|2653|1554|979|874|1674|1281|222|277|168|194|54|89|2622|1562|1025|840|1597|1316|1559|753|1559|753|0|218|9837|2741|9217|2705|620|516|673|436|673|436|0|218|168|141|101|141|67|3|1245|882|1049|782|196|335|1897|1051|1635|881|262|294|3509|1418|3015|1147|494|471|1812|1044|1812|1044|0|218|2125|1246|1921|1236|204|190|1197|780|951|763|246|254|37799|3962|23145|3078|14654|2935|5102|1891|3835|1485|1267|682|6684|2048|4768|1653|1916|918|87|154|87|154|0|218|10781|2763|4418|1460|6363|2061|124|168|124|168|0|218|2660|1425|1088|788|1572|837|2014|1059|1625|877|389|347|5425|1498|3810|1291|1615|581|4251|1579|2057|977|2194|1105|1246|817|1177|780|69|115|184|234|184|234|0|218|11721|4227|6498|2957|5223|2248|2372|1786|1359|844|1013|1244|1551|800|1152|643|399|326|0|218|0|218|0|218|215|235|0|218|215|235|226|257|226|257|0|218
312M700US479001150000|662752|79|521800|8710|61754|4580|37228|3992|24526|4130|11931|2616|9860|2366|2071|1166|1260|1049|523|636|737|917|1831|980|1770|973|61|102|1431|875|1330|856|101|172|3303|1266|2950|1196|353|416|532|414|532|414|0|247|1115|894|1041|894|74|15|2673|1057|2042|818|631|618|445|345|361|244|84|137|711|693|711|693|0|247|1036|620|815|507|221|214|106|135|29|46|77|127|2051|926|1859|883|192|188|878|776|878|776|0|247|1772|845|1368|600|404|443|403|478|325|358|78|134|318|312|171|215|147|235|273|234|273|234|0|247|972|807|972|807|0|247|1732|1105|1175|845|557|595|0|247|0|247|0|247|891|767|722|750|169|146|196|247|196|247|0|247|7561|1543|5543|1335|2018|860|1334|555|902|482|432|328|2003|730|1496|651|507|284|53|81|53|81|0|247|2868|2099|388|302|2480|2131|0|247|0|247|0|247|609|562|292|265|317|338|1832|1241|1746|1232|86|102|1567|769|1060|618|507|598|638|388|638|388|0|247|2612|919|2293|835|319|331|1327|620|1252|628|75|80|14706|6013|8716|3854|5990|2738|4037|2150|2838|1371|1199|1128|1584|858|1403|845|181|224|31|50|31|50|0|247|0|247|0|247|0|247|576|369|427|248|149|275
314M700US1206012054|4712600|4192|3706024|20692|481165|11385|278435|9951|202730|9802|30358|5937|23373|4992|6985|2563|18316|4401|12439|3605|5877|1798|2652|1257|2160|1188|492|333|13175|2927|10510|2474|2665|1046|9757|1969|9025|1764|732|489|2117|807|2117|807|0|232|1553|1066|1421|1040|132|130|9773|2353|6132|1929|3641|1216|2746|1476|2298|1380|448|283|4474|1483|3139|1096|1335|762|5973|1959|4644|1640|1329|690|0|232|0|232|0|232|11183|3397|7812|2388|3371|1748|23955|5108|16789|4158|7166|2246|30231|4730|25814|4077|4417|1441|10693|3068|7991|2458|2702|1370|2098|1269|1632|995|466|363|10188|2716|7120|2095|3068|1195|11153|3790|7026|2252|4127|2285|5984|1794|4614|1539|1370|766|20408|3730|16684|2914|3724|1749|12934|3954|11590|3763|1344|1184|8567|2883|7776|2765|791|515|49087|5522|26723|3830|22364|3481|4960|1722|3244|1377|1716|938|45325|6480|22749|4049|22576|3715|1889|997|1259|822|630|433|41810|5485|14988|3121|26822|3966|5495|2233|3245|1641|2250|997|3175|1245|1838|771|1337|701|11185|4226|6742|2818|4443|1743|8644|2085|6762|1831|1882|653|3691|1550|1859|934|1832|999|13347|4723|11116|4340|2231|1061|6715|3049|6169|2790|546|583|27854|7140|18946|5802|8908|2744|28369|5032|25837|4798|2532|1145|15345|5877|7077|3284|8268|4216|24|40|24|40|0|232|225|222|197|219|28|46|9983|3255|8539|2757|1444|964
314M700US1206031924|1341514|2522|1102425|9130|141573|5567|84021|5530|57552|5274|6575|2652|5852|2561|723|476|5923|2738|3947|1775|1976|1994|970|479|897|468|73|86|9200|3513|5425|2345|3775|2073|3415|1713|3090|1708|325|317|1827|1320|1716|1275|111|184|595|479|293|273|302|272|1485|751|781|378|704|490|428|451|189|186|239|276|969|744|775|574|194|344|1334|731|1100|621|234|278|211|272|211|272|0|232|3517|1496|1697|893|1820|865|2939|1097|2260|1051|679|396|4223|1548|3250|1330|973|825|2976|1990|2755|1983|221|232|0|232|0|232|0|232|1208|853|804|694|404|458|2728|1571|2006|1299|722|634|2856|1976|2485|1610|371|606|3808|2434|3682|2407|126|153|3335|1702|3108|1615|227|194|1051|780|990|766|61|103|6927|2016|3527|1385|3400|1323|1758|1068|1318|886|440|351|2724|1145|1355|697|1369|875|0|232|0|232|0|232|5042|1752|2170|1101|2872|1381|76|101|76|101|0|232|1310|968|842|743|468|440|965|1026|776|966|189|202|3064|1003|2060|801|1004|532|118|115|118|115|0|232|1709|1570|1494|1331|215|265|554|443|554|443|0|232|650|594|650|594|0|232|5070|2261|4485|2091|585|440|3550|1947|2073|1410|1477|995|0|232|0|232|0|232|228|277|228|277|0|232|2198|1139|1731|935|467|418
314M700US1446014454|1972905|183|1431291|12725|192518|5520|105299|6035|87219|5745|13634|2495|11518|2062|2116|1082|60459|8192|33213|6054|27246|5333|7308|1674|5370|1223|1938|1031|51376|6802|26381|4593|24995|3940|4566|1401|4365|1414|201|166|956|550|956|550|0|228|4997|1973|4163|1732|834|500|11550|2653|7916|2244|3634|1082|3980|1625|3076|1544|904|505|1154|733|575|507|579|463|2360|868|1369|557|991|712|752|471|430|418|322|387|3131|1553|2397|1281|734|571|1085|527|949|451|136|163|12532|2870|11086|2921|1446|711|2918|1918|2312|1477|606|505|796|720|676|679|120|198|4020|2072|2078|1040|1942|1494|3838|1597|2540|946|1298|845|12015|3397|6464|2009|5551|2030|2850|1203|2448|1097|402|269|2713|1314|2401|1140|312|411|1021|675|903|585|118|209|67003|5650|31231|3474|35772|4760|2290|923|1585|701|705|479|6215|1995|3407|1308|2808|1196|139|97|139|97|0|228|19257|4850|7845|2108|11412|3765|927|626|482|419|445|389|1758|805|731|464|1027|645|3574|2059|3216|2012|358|343|3102|1132|2343|913|759|559|872|394|787|373|85|143|14228|3322|10436|2776|3792|1478|3451|1185|3010|1056|441|340|4905|2409|2909|1872|1996|958|5604|1991|4289|1641|1315|711|2656|1151|2083|1014|573|469|0|228|0|228|0|228|270|305|131|177|139|256|2834|1735|2654|1716|180|228
314M700US1446015764|2365910|138|1643952|15100|268710|7725|146267|7827|122443|7757|19208|2577|15317|2194|3891|1065|17860|3591|10317|2406|7543|2265|9808|1757|7595|1659|2213|657|97314|10349|45135|6876|52179|6441|5841|1583|5693|1538|148|177|1869|1113|1539|1067|330|268|9149|2542|6446|1693|2703|1603|19505|3520|13388|2945|6117|1853|2189|782|1515|613|674|432|1962|954|1585|818|377|366|4013|1585|2633|1210|1380|817|3695|1373|2641|985|1054|803|4811|1810|4343|1627|468|374|7917|2771|6112|2365|1805|909|19875|3572|18237|3306|1638|770|1946|1442|1840|1429|106|125|1575|1145|1276|1060|299|334|7623|2602|5332|1991|2291|1192|9136|2108|6916|1709|2220|819|9798|2930|6527|1845|3271|1574|8405|3124|7007|2445|1398|1692|5467|2207|5097|2009|370|340|3477|1190|3115|1161|362|340|70493|5877|41354|4058|29139|3919|4407|1759|2470|970|1937|1095|11277|2565|7051|1654|4226|1526|10|4|10|4|0|228|12864|2834|6198|1782|6666|2132|16475|3097|7812|1748|8663|2083|4922|1844|1828|986|3094|1383|4944|1533|3233|1166|1711|778|3128|1254|2261|953|867|560|2974|1895|1888|1022|1086|1051|18234|4296|12595|3376|5639|1965|6176|2677|5762|2679|414|401|3509|1325|2137|742|1372|819|4349|1873|3184|1522|1165|715|12443|3392|9777|3043|2666|1290|0|228|0|228|0|228|78|145|0|228|78|145|4522|1968|3662|1761|860|623
314M700US1698016984|6828195|619|4554354|28692|1270624|16706|750782|14883|519842|17276|21610|4195|16535|3722|5075|2118|3401|1656|2764|1448|637|476|20596|3785|15518|3184|5078|1516|6724|2403|5120|1505|1604|1424|15579|2624|13920|2261|1659|852|3071|1022|2696|947|375|342|20215|4303|15762|3784|4453|1333|37302|5517|21820|4002|15482|3128|143991|12161|82204|8113|61787|6030|25755|4825|16649|3667|9106|2208|57368|7714|24452|4289|32916|5193|1303|1290|736|747|567|588|8905|3281|5858|2631|3047|1750|44506|6433|26901|4761|17605|3805|39501|6250|32365|5499|7136|1979|48088|8584|35131|6746|12957|3201|7212|2551|4821|1704|2391|1106|7655|3254|4183|1586|3472|2259|9208|2680|7401|2214|1807|1076|47112|7827|31672|6155|15440|3202|14695|3415|12762|3199|1933|880|11138|3346|9564|2831|1574|1003|14342|3602|10275|2552|4067|1399|96613|9496|48073|5228|48540|7722|10555|3197|6639|2522|3916|1262|35364|5500|18149|3349|17215|3102|151|178|151|178|0|208|19898|4605|8312|2170|11586|3072|1602|879|894|592|708|521|6690|2167|3840|1449|2850|1255|16424|4317|7948|2758|8476|2745|62977|7089|48753|5867|14224|2943|7886|4022|4279|1993|3607|3425|70212|10412|49667|7865|20545|4785|4347|1762|3807|1566|540|369|21669|5171|13441|3697|8228|2339|28974|7104|22607|5543|6367|2385|3083|1341|2459|1179|624|466|137|158|137|158|0|208|496|642|496|642|0|208|6862|2479|4267|1739|2595|1274
314M700US1698029404|681630|125|465100|8169|127006|6095|83358|5601|43648|3562|2017|857|1563|712|454|362|287|321|115|147|172|287|2604|1175|2209|929|395|437|1677|759|1351|788|326|307|2333|1071|1973|947|360|308|173|202|82|135|91|152|1788|860|1543|777|245|215|8410|1910|5756|1718|2654|1002|5692|2135|3559|1302|2133|1030|882|668|524|462|358|484|4973|1691|2964|1109|2009|1223|482|710|482|710|0|208|531|386|531|386|0|208|2559|1276|1881|1119|678|505|6265|2001|5641|1771|624|511|3016|1760|2450|1464|566|359|686|729|508|494|178|280|420|396|350|333|70|116|2328|1860|2016|1578|312|385|2188|1042|1615|870|573|390|5263|2298|5114|2268|149|178|1659|1128|1440|974|219|301|2452|1599|2229|1507|223|245|5781|1357|3623|1066|2158|857|825|735|675|541|150|254|5077|1676|2575|1040|2502|1105|30|51|30|51|0|208|317|259|70|120|247|222|170|214|104|185|66|117|354|347|234|241|120|177|2345|1408|1737|1158|608|483|8859|2159|7030|2053|1829|832|868|712|316|313|552|524|2726|1889|2086|1734|640|464|1061|805|1061|805|0|208|403|417|287|294|116|141|851|745|301|295|550|653|613|906|44|78|569|902|0|208|0|208|0|208|0|208|0|208|0|208|559|505|291|308|268|307
314M700US1910019124|5285432|1262|3434588|26245|1194797|17776|711104|16648|483693|16187|17676|4000|12209|2378|5467|3167|1172|989|210|351|962|916|2766|1391|1697|956|1069|1137|11920|3169|8275|2763|3645|1477|5868|1799|5520|1784|348|296|3724|2067|3548|1925|176|277|974|586|915|553|59|97|7049|1994|4898|1497|2151|993|2135|1166|1946|1118|189|217|2420|1397|1733|979|687|565|2855|1259|1957|946|898|605|784|672|784|672|0|242|10223|2612|8116|2121|2107|929|17742|3601|13868|3059|3874|1465|53644|7859|46728|6621|6916|2329|32753|5948|24857|3828|7896|3518|6254|2765|5208|2344|1046|759|8892|2533|6152|1713|2740|1378|26878|4695|21027|4533|5851|1655|6933|2480|6090|2349|843|495|72604|9103|60387|7515|12217|3388|26412|5501|23942|5228|2470|996|31590|5398|23681|4055|7909|2139|55949|6384|34920|5074|21029|3088|5101|1657|3293|1244|1808|766|30925|5431|15983|3745|14942|2944|515|367|393|316|122|206|54250|6995|25910|4744|28340|4263|3738|1975|1627|807|2111|1472|5223|1614|2958|1083|2265|815|11329|3429|5056|1733|6273|2371|18981|3211|12768|2584|6213|1536|4684|1537|3298|1111|1386|989|36638|7624|26490|6293|10148|3068|1760|947|1561|792|199|346|23110|7707|14761|4387|8349|4384|26599|5971|23369|5134|3230|1827|17492|5583|11481|4601|6011|2540|159|259|46|77|113|184|656|966|432|599|224|372|5670|3142|3821|2003|1849|1527
314M700US1910023104|2533973|823|1818731|18145|509447|15128|305701|11505|203746|10795|13944|5186|10735|4420|3209|2055|89|155|89|155|0|242|1190|669|712|477|478|385|5021|2535|3954|2001|1067|1065|5632|1685|4759|1273|873|883|781|560|679|465|102|171|27|43|27|43|0|242|930|722|629|570|301|270|843|495|519|393|324|327|2054|1434|1338|1024|716|634|625|680|556|586|69|113|213|249|213|249|0|242|5227|2861|2494|1366|2733|2239|4359|2046|2890|1525|1469|807|8509|3247|7765|3094|744|600|4538|1728|3041|1135|1497|920|2221|2150|1597|1574|624|587|4503|2345|2702|1253|1801|1239|15087|4477|8145|2493|6942|2800|3831|2210|2129|1158|1702|1305|3390|1183|2780|1099|610|366|3336|2540|2830|2466|506|529|2127|895|1684|770|443|331|10189|3206|5943|2112|4246|1795|1467|983|562|558|905|640|5368|1842|2449|928|2919|1233|412|407|190|310|222|273|32012|5157|15601|2868|16411|3260|603|403|296|286|307|289|4829|1640|2351|1160|2478|1008|2368|1202|1053|660|1315|775|5447|1775|3468|1309|1979|998|2499|1272|1996|995|503|459|20115|5546|13708|4417|6407|2578|92|108|92|108|0|242|7012|5085|3507|2371|3505|4288|11864|4257|10725|4071|1139|748|11848|3819|6566|2604|5282|3032|0|242|0|242|0|242|93|122|93|122|0|242|1100|1513|475|524|625|1014
314M700US1982019804|1664485|-555555555|1356251|11250|86442|4250|42367|4002|44075|4715|3753|1573|3373|1560|380|373|183|313|54|91|129|223|3280|1141|1868|730|1412|677|757|565|424|373|333|351|3300|1381|2953|1306|347|269|616|523|425|325|191|255|2061|1024|1591|861|470|322|1066|728|752|554|314|377|2237|751|1884|690|353|254|1732|1273|892|690|840|983|2153|1012|1704|790|449|379|290|334|290|334|0|187|390|319|306|275|84|145|5473|2860|3653|1666|1820|1403|6519|1983|4149|1210|2370|1383|2702|1290|2140|1224|562|540|3049|1961|1794|1672|1255|804|14504|3774|5642|1888|8862|3518|2368|1112|2208|1034|160|190|8793|2973|5769|2421|3024|1067|2850|1651|2602|1557|248|245|1194|961|1078|944|116|195|1724|1035|1606|1003|118|185|5132|1605|2643|1070|2489|922|921|583|564|357|357|299|1261|634|696|367|565|380|49|81|49|81|0|187|2641|1531|617|384|2024|1420|149|192|0|187|149|192|264|291|57|102|207|280|596|606|354|474|242|392|2604|1424|2175|1339|429|305|68|117|68|117|0|187|129532|9690|71786|7522|57746|6542|0|187|0|187|0|187|1073|997|1069|997|4|2|4456|1797|3482|1432|974|532|920|691|557|465|363|430|0|187|0|187|0|187|35|61|35|61|0|187|1097|810|990|722|107|132
314M700US1982047664|2498608|682|2139294|12931|59762|5570|39781|4170|19981|3023|5314|1460|4674|1311|640|347|527|621|143|234|384|588|6816|1406|4868|1268|1948|658|6592|1746|4998|1493|1594|805|9885|2289|8110|1960|1775|997|880|500|805|480|75|85|2798|1149|2036|887|762|440|4769|1488|2365|944|2404|1011|8358|2844|5073|2364|3285|1340|5216|2154|3990|1840|1226|669|13370|4184|8805|2942|4565|2032|659|652|659|652|0|187|1657|1000|991|561|666|796|2437|1224|2095|1099|342|316|9120|3047|7226|2283|1894|1788|8741|3540|7113|2961|1628|1017|2673|1869|2085|1628|588|676|16830|4212|8268|2632|8562|3191|7092|2534|5818|2058|1274|748|25665|4432|17137|3386|8528|1955|14279|4246|11226|3288|3053|1977|7599|2512|6374|2343|1225|689|8569|2849|6693|2197|1876|995|17626|3214|9588|2178|8038|1940|6669|2157|3132|1013|3537|1744|9146|1987|4995|1680|4151|1193|2712|1303|1087|705|1625|756|6174|2286|3084|1250|3090|1443|0|187|0|187|0|187|1855|895|1236|695|619|565|672|602|506|554|166|200|9348|2279|6913|1857|2435|1123|686|591|563|583|123|128|45385|6241|24948|4331|20437|3450|1550|784|1291|753|259|262|24321|5587|14798|4255|9523|2214|2275|1326|2060|1247|215|227|409|461|104|122|305|442|0|187|0|187|0|187|33|45|20|38|13|23|845|526|757|492|88|100
314M700US3108011244|3015056|640|1565950|18617|746191|13927|472282|10031|273909|10747|8372|2177|7739|2071|633|360|53|83|53|83|0|225|3817|1733|3209|1668|608|391|6690|2567|5144|2251|1546|1058|9006|2411|7919|2077|1087|689|2574|1206|2540|1207|34|58|1532|1061|1092|655|440|704|12284|4817|7041|2611|5243|3670|2332|945|1704|806|628|458|1613|1071|1367|1032|246|302|5498|2344|3771|2072|1727|906|3752|1402|3134|1211|618|417|50392|7370|33485|5490|16907|3784|10378|3532|7849|2912|2529|1040|14354|3623|11755|3275|2599|1047|6976|2940|5031|2647|1945|930|5811|1899|3918|1273|1893|1202|1746|814|1117|522|629|501|5782|2917|4124|2207|1658|1225|7938|2007|5547|1512|2391|1088|3583|2169|3233|2115|350|401|3074|1246|2698|1108|376|377|1274|702|1030|560|244|215|110846|9521|60819|6578|50027|5750|15928|3091|9890|2505|6038|1428|82380|7595|42353|5200|40027|4035|886|825|259|421|627|632|199710|11427|78878|6498|120832|7737|4742|2128|2287|1230|2455|1449|4647|2553|2133|1395|2514|1638|10497|3656|6681|2421|3816|1957|56654|7230|38438|5242|18216|3697|7875|1999|5487|1764|2388|946|27673|5666|20942|4682|6731|1957|2923|1916|2774|1888|149|246|5435|3008|4325|2566|1110|1006|616|376|502|343|114|146|631|437|337|296|294|298|0|225|0|225|0|225|443|644|443|644|0|225|2198|1291|1697|1109|501|618
314M700US3108031084|9282796|518|4158130|36942|3489855|26372|2010754|25809|1479101|24435|34590|5392|28640|4627|5950|1656|4976|2734|4392|2698|584|715|12716|2420|10679|2273|2037|748|13636|2534|10216|2043|3420|1319|21059|2939|19778|2889|1281|351|4528|1161|4181|1108|347|288|4015|1144|2984|886|1031|710|58392|7860|31488|5427|26904|4271|6493|2157|5280|1739|1213|757|7039|2101|5529|1786|1510|844|11393|2474|6858|1917|4535|1368|198707|13177|108070|10308|90637|8294|74454|8772|46531|6041|27923|4454|7097|1801|5356|1281|1741|927|27281|4727|21515|3896|5766|2241|10475|3210|6552|2089|3923|1516|5889|2051|4084|1701|1805|794|14609|3380|8228|2251|6381|2210|11986|3502|8345|2998|3641|1448|12996|2534|11134|2341|1862|822|7458|2419|6933|2238|525|455|4817|1701|3823|1440|994|550|4566|1778|3897|1506|669|465|383333|13799|163671|8373|219662|10239|47680|4972|29677|3602|18003|2492|147864|9799|59660|5896|88204|7077|776|941|776|941|0|225|71281|7810|26579|3779|44702|5791|21652|3624|8744|1973|12908|2241|22033|3494|9736|2002|12297|2464|10403|2495|5573|1608|4830|1351|224158|12636|157486|10919|66672|5476|26704|4276|17326|3663|9378|1984|49754|6664|30123|4258|19631|4723|21983|3893|19064|3531|2919|1454|14566|5027|10271|4241|4295|1867|13894|3554|10902|3051|2992|1412|4645|1838|3775|1668|870|827|149|175|149|175|0|225|689|629|634|611|55|93|14075|3280|7483|1926|6592|2621
314M700US3310022744|1929058|226|1045036|16527|568414|9615|331189|13332|237225|13331|24446|4842|16611|4017|7835|2307|124013|11905|75571|9084|48442|6537|8756|2378|7286|2186|1470|697|42523|6087|23325|4540|19198|3934|4393|1361|3478|1051|915|827|1740|1413|1470|1139|270|370|1697|919|1584|925|113|143|16254|3866|7696|1907|8558|3321|4514|2152|2981|1645|1533|1218|622|419|511|407|111|108|5507|2362|2587|1401|2920|1724|389|414|389|414|0|247|468|632|468|632|0|247|1509|1116|1141|821|368|409|7434|3267|6359|2993|1075|743|4405|2169|2597|1442|1808|1089|260|303|205|232|55|97|3597|2412|2164|1419|1433|1388|976|1048|976|1048|0|247|6801|2427|4857|1791|1944|1124|718|594|639|509|79|131|1393|921|1182|804|211|257|3169|1611|2498|1518|671|399|10762|3256|5416|1950|5346|2056|590|372|536|334|54|96|845|518|645|454|200|229|0|247|0|247|0|247|5379|2216|1729|869|3650|1813|0|247|0|247|0|247|377|354|71|118|306|334|1615|1000|1523|998|92|150|5088|1748|3928|1386|1160|809|339|271|286|231|53|92|7275|3348|5665|3403|1610|1034|7214|2491|6265|2355|949|910|392|410|392|410|0|247|1874|2336|1091|1123|783|1267|0|247|0|247|0|247|0|247|0|247|0|247|435|411|416|412|19|21|7839|2282|5379|1667|2460|1339
314M700US3310033124|2686930|122|653847|16586|1799905|10631|901089|17775|898816|16494|18134|3483|14217|2886|3917|1446|99855|10072|56278|8761|43577|5883|5151|1903|3999|1868|1152|735|25040|4321|19101|3881|5939|1440|4246|1553|3672|1425|574|492|1670|794|1599|785|71|119|2049|1434|1951|1356|98|172|15690|3829|10493|2630|5197|1919|1148|595|1016|592|132|160|1192|761|1053|664|139|163|4218|2261|2325|1396|1893|1260|82|136|82|136|0|247|1718|894|1085|584|633|544|979|696|883|607|96|155|2616|1335|2358|1330|258|260|1436|840|1258|798|178|228|301|379|301|379|0|247|1865|1380|795|870|1070|956|123|179|123|179|0|247|1580|742|1368|709|212|214|623|455|567|452|56|87|1525|1018|1308|881|217|299|560|484|560|484|0|247|8345|2227|5097|1555|3248|1135|347|274|214|180|133|163|1911|1059|1379|965|532|469|523|856|124|195|399|667|2943|1684|1382|1043|1561|1029|111|188|55|96|56|95|129|220|0|247|129|220|3538|1823|2560|1359|978|948|4054|1564|2927|1269|1127|748|660|516|173|204|487|414|5694|3109|5000|2583|694|633|6816|2281|5847|1970|969|766|365|371|256|313|109|180|2404|1749|2062|1509|342|389|145|248|0|247|145|248|0|247|0|247|0|247|0|247|0|247|0|247|3392|1657|2993|1582|399|325
314M700US3310048424|1504063|110|969793|17798|317920|6357|153015|6702|164905|7556|13732|3713|9530|2485|4202|1989|86275|9489|37106|6027|49169|7838|6561|2303|5585|2219|976|567|23351|6507|16941|5455|6410|2996|4432|1632|3811|1626|621|340|1963|740|1755|741|208|161|2950|1878|2417|1822|533|466|7959|2577|4556|1608|3403|1298|3054|1277|2646|1140|408|404|542|555|440|513|102|133|2946|1088|2184|815|762|620|558|511|365|314|193|270|2024|1309|1267|937|757|880|1914|1219|1443|1018|471|389|1934|917|1516|730|418|524|1268|985|1230|977|38|63|141|176|141|176|0|247|3859|2115|2488|1598|1371|1072|1099|1198|772|795|327|453|4167|2327|3008|1787|1159|1070|1010|781|761|524|249|368|507|495|293|317|214|306|382|602|297|468|85|139|6869|3284|3606|1744|3263|1745|422|295|254|202|168|209|715|611|253|284|462|402|0|247|0|247|0|247|4146|1775|1493|894|2653|1310|248|284|144|215|104|179|842|637|580|456|262|343|5188|3210|2042|1296|3146|2128|3685|1465|3050|1339|635|420|49|83|49|83|0|247|6813|2187|5370|1762|1443|903|3810|1544|3489|1497|321|248|757|614|306|379|451|448|1798|2741|858|1265|940|1486|2563|2879|170|185|2393|2872|0|247|0|247|0|247|95|117|95|117|0|247|5722|1760|4510|1604|1212|581
314M700US3562029484|2416642|587|1690292|18067|288902|11024|159365|9239|129537|8609|5443|1277|4370|1174|1073|546|8823|4194|6483|3721|2340|1141|14151|2308|10492|1922|3659|1290|21470|3446|13339|2461|8131|1921|3625|1482|3396|1380|229|250|10384|5442|9268|5205|1116|1236|4111|1501|3348|1256|763|592|15876|3453|9571|2445|6305|1663|14327|3906|8035|2459|6292|2051|844|659|550|485|294|284|9216|3109|6089|1958|3127|1506|655|542|326|379|329|401|1735|974|952|599|783|711|43544|6300|27511|4267|16033|3446|41971|3980|35333|3687|6638|1753|17643|4708|13967|3910|3676|1259|8478|3658|4047|1681|4431|2646|7449|2458|5882|1903|1567|957|16951|4097|14900|3837|2051|1036|9281|3587|7388|2573|1893|1305|28108|5145|24368|4723|3740|1332|15091|3252|13409|2996|1682|775|8047|2319|6425|1870|1622|1108|45613|5147|25531|3562|20082|3331|1091|887|820|697|271|270|9238|2274|4444|1412|4794|1351|0|226|0|226|0|226|2181|1081|984|605|1197|614|0|226|0|226|0|226|431|326|378|316|53|85|3091|1165|2346|929|745|425|22505|3986|14873|2873|7632|2080|6124|3761|4278|2281|1846|1585|18688|4132|13052|3829|5636|1775|5287|2580|5156|2592|131|124|1386|1366|803|943|583|537|7942|2784|6165|2600|1777|864|1533|867|1533|867|0|226|0|226|0|226|0|226|511|446|511|446|0|226|4604|1634|3685|1239|919|690
314M700US3562035004|2775538|170|1967462|18061|443677|12055|238401|10731|205276|10053|11485|2890|7664|2100|3821|2042|35373|7544|18434|4249|16939|4675|22087|2950|17201|2656|4886|1056|7480|2254|5735|1748|1745|941|6876|1576|6189|1478|687|430|2026|1015|1686|776|340|343|13151|3044|10238|2594|2913|1012|11420|2949|8903|2746|2517|913|9091|2176|5511|1715|3580|1205|2295|1510|1583|1386|712|579|3595|1712|1531|746|2064|1339|798|710|575|643|223|268|9281|2387|6080|1950|3201|1237|2574|1129|1510|678|1064|649|17597|3946|13051|2901|4546|1659|24958|5201|15858|4129|9100|2224|12866|4127|8025|2611|4841|1944|14670|3925|9154|2843|5516|1775|2858|1422|1279|596|1579|1225|5795|2451|4975|2183|820|571|2084|1208|1378|807|706|472|2995|1578|2039|1110|956|758|11322|3505|6546|2056|4776|1931|63854|6420|31972|3683|31882|4323|2247|1132|992|575|1255|777|15167|3669|6764|2074|8403|2528|0|220|0|220|0|220|2616|1349|1318|755|1298|802|125|209|60|100|65|109|586|502|265|239|321|298|7775|2853|4251|1821|3524|1527|9790|3018|8092|2513|1698|783|825|506|703|486|122|159|5877|2237|4278|1629|1599|905|8680|3404|7819|3312|861|528|222|211|222|211|0|220|6577|3147|4399|2101|2178|1308|1970|1491|1602|1301|368|311|0|220|0|220|0|220|100|103|88|92|12|20|5311|1810|3975|1556|1336|875
314M700US3562035084|2148617|874|1367521|16393|436201|7854|215245|8493|220956|9252|20198|4488|13015|3986|7183|2896|39044|7906|19920|4899|19124|5567|11647|2565|8984|2171|2663|822|54361|7309|26684|4784|27677|4466|7251|2361|6133|2202|1118|676|579|434|441|358|138|164|5552|1993|4432|1827|1120|578|8119|1817|4470|1421|3649|1195|14113|3372|8549|2343|5564|1806|1683|929|1220|659|463|392|5352|1864|3973|1525|1379|615|249|233|222|241|27|48|1939|908|1304|695|635|599|11576|3622|6811|2048|4765|1938|14168|3018|11463|2891|2705|1160|6572|2829|4243|1908|2329|1599|1560|938|1367|836|193|199|2465|1014|1596|744|869|586|2836|1269|2755|1243|81|98|5778|2186|3695|1570|2083|1365|7317|2320|5807|1837|1510|816|3436|1454|3079|1395|357|323|3742|1644|3120|1329|622|516|22452|3441|13587|2433|8865|2037|2264|1240|1767|1138|497|356|4494|1453|2134|842|2360|1013|0|226|0|226|0|226|2894|1734|1386|875|1508|1384|0|226|0|226|0|226|471|390|370|346|101|122|7371|3728|5445|2888|1926|1285|17609|2696|14326|2392|3283|1130|456|318|408|311|48|83|13033|4016|8706|3045|4327|1940|1372|565|1140|500|232|201|2552|1720|2021|1632|531|562|32194|6609|26077|5965|6117|1941|907|716|871|719|36|65|0|226|0|226|0|226|117|186|117|186|0|226|7172|2120|4861|1453|2311|1137
314M700US3562035614|11503787|1069|6037991|40060|2690995|23591|1400859|25134|1290136|21597|112693|10810|85536|8799|27157|4884|121328|13015|70556|9253|50772|7033|85911|8337|62631|7714|23280|3665|50675|5724|35689|4142|14986|2783|32074|4317|30723|4302|1351|516|180030|14050|87975|10268|92055|9720|51459|6591|36720|5250|14739|2869|198354|11783|85154|7011|113200|8179|84668|9852|47579|7209|37089|5231|21884|4147|16057|3244|5827|1640|50934|7515|26012|5106|24922|4355|8402|3036|5118|1836|3284|1598|16818|4267|8728|2861|8090|3064|25710|4894|16464|3116|9246|2278|70492|7317|59301|6475|11191|2418|53450|7822|32258|4959|21192|4379|24945|5405|12316|2933|12629|3053|166139|12429|76739|7061|89400|9292|28825|5565|16054|3924|12771|3500|81856|9608|49821|6505|32035|4838|9393|3151|7816|2799|1577|720|7179|1979|6552|1877|627|423|23746|4415|15850|2779|7896|2403|589611|19092|214900|11327|374711|13266|36234|5356|19220|3874|17014|2827|121891|8775|58204|5789|63687|5860|0|213|0|213|0|213|14393|2820|7665|1566|6728|1832|2808|1554|1429|1104|1379|1089|4854|1366|2285|846|2569|890|58319|7623|28608|4926|29711|5410|88781|8487|64142|6104|24639|4110|10772|2536|6109|1431|4663|1717|134589|14613|78408|10231|56181|8704|58808|8185|46859|6627|11949|3069|11463|3689|7487|2939|3976|2121|90108|10847|66955|8958|23153|4222|10516|3327|7509|2588|3007|1702|230|369|0|213|230|369|325|379|196|258|129|153|34134|4346|22265|3147|11869|2479
314M700US3798015804|1250172|127|1037062|10660|108678|5935|65334|4865|43344|4605|1843|1202|1027|562|816|807|6366|2621|3427|1539|2939|1653|3869|1098|2879|1001|990|424|4254|1901|2448|1172|1806|1034|2909|973|2365|900|544|501|453|410|365|309|88|148|2967|1644|2191|1218|776|559|3567|1665|2485|1327|1082|733|2309|1001|1411|549|898|676|412|495|336|411|76|93|892|545|452|327|440|407|0|226|0|226|0|226|51|91|0|226|51|91|4768|2066|3179|1525|1589|913|3852|1333|2926|1014|926|762|3389|1585|2146|1023|1243|804|5505|3492|3431|1838|2074|1850|4288|2219|1615|965|2673|1444|1183|654|1031|541|152|196|1227|729|848|637|379|285|1372|757|1143|685|229|243|662|409|627|393|35|65|1006|767|857|720|149|193|5712|1914|2782|1151|2930|1287|784|597|634|585|150|217|3312|1633|1377|957|1935|1129|0|226|0|226|0|226|7818|3189|2185|929|5633|2433|511|386|324|299|187|170|214|280|55|89|159|211|4988|2042|2898|1340|2090|853|7429|1909|4187|1364|3242|1139|781|588|562|485|219|192|5536|3115|2474|1901|3062|1589|584|461|457|402|127|149|285|285|124|214|161|202|7626|3483|6608|3151|1018|681|696|436|474|324|222|321|0|226|0|226|0|226|0|226|0|226|0|226|1012|881|892|804|120|142
314M700US3798033874|1986374|128|1690833|11481|91628|4935|57229|4450|34399|4461|4573|1637|3965|1390|608|453|1212|1006|1178|1008|34|65|8406|2025|6793|1666|1613|759|4723|1524|3832|1341|891|532|6692|1729|5413|1373|1279|722|6514|2750|5491|2389|1023|875|2250|1155|2115|1065|135|175|18456|4647|10847|3049|7609|2928|6564|2909|4910|2411|1654|873|717|483|603|397|114|137|6473|2016|3192|1259|3281|1233|1610|910|1096|763|514|388|2698|1947|1571|1108|1127|971|7867|1877|5787|1560|2080|763|11278|2389|9228|2188|2050|1039|5400|2265|4951|2184|449|453|1578|1586|879|1005|699|641|5178|2473|2726|1826|2452|1342|3062|1461|2844|1495|218|178|5199|2107|3810|1706|1389|716|12291|3434|9961|3032|2330|1177|4100|1467|3617|1350|483|477|4985|1765|4522|1675|463|390|23979|4043|14032|2492|9947|2401|1409|592|1104|495|305|294|12071|2818|4906|1588|7165|1812|0|192|0|192|0|192|8343|2384|3614|1165|4729|1898|657|768|55|97|602|700|1012|1188|751|897|261|302|2117|1174|1477|729|640|546|3898|1431|3574|1361|324|291|838|839|792|828|46|78|7507|2755|4445|2218|3062|1564|932|635|799|495|133|217|933|764|618|423|315|390|5038|2055|4072|1782|966|816|1415|854|1184|700|231|284|0|192|0|192|0|192|26|48|26|48|0|192|1912|820|1454|668|458|301
314M700US3798037964|2034966|68|1594420|17383|178712|8430|105963|6969|72749|6286|12367|3923|5428|1780|6939|3259|16334|6582|8367|4115|7967|3840|5878|1861|4102|1487|1776|730|9348|3989|4629|2502|4719|2664|3745|1307|3327|1309|418|281|1535|797|1403|783|132|128|4621|1673|3208|1420|1413|751|18047|4832|5830|1909|12217|3962|5658|2753|2136|820|3522|2700|523|580|300|442|223|377|3951|1787|1367|1016|2584|1206|2355|1825|1712|1566|643|756|1685|943|1076|786|609|487|3897|2287|3078|1943|819|789|4445|1755|3497|1462|948|660|3382|1577|1947|1022|1435|904|2960|1331|1639|736|1321|861|3704|1552|1284|661|2420|1175|1263|1003|1263|1003|0|192|4722|2392|2513|1481|2209|1587|1829|1479|1660|1451|169|172|1932|1203|1855|1183|77|123|8921|3437|4597|2087|4324|2319|46453|6354|16057|2754|30396|4717|1513|800|714|544|799|526|6690|1671|3753|1508|2937|1053|0|192|0|192|0|192|19490|4606|6005|2107|13485|3738|5463|2488|1552|839|3911|2064|2698|1719|418|444|2280|1658|3598|1972|1234|877|2364|1694|6409|2457|3998|1526|2411|1413|2873|1526|1291|759|1582|1083|15707|7463|9437|4247|6270|3634|2659|1137|2600|1120|59|99|4513|2721|2102|2016|2411|1960|11453|3291|9197|2872|2256|1483|2783|1416|1375|914|1408|1002|0|192|0|192|0|192|0|192|0|192|0|192|6430|4895|4675|4192|1755|1014
314M700US4186036084|2677328|600|1491119|16567|491366|12235|285056|10914|206310|8601|13814|2355|11961|2361|1853|607|950|790|950|790|0|225|4835|2052|4316|2003|519|314|9378|2264|7358|1988|2020|859|6877|1666|6299|1584|578|388|1420|840|1420|840|0|225|1406|936|1129|660|277|379|12345|2910|8182|2117|4163|1681|1936|820|1653|752|283|253|1484|1039|1051|929|433|391|5170|2636|3566|1929|1604|1468|682|469|385|264|297|231|28875|4254|18493|3616|10382|2721|10968|3047|9211|2669|1757|1061|61987|6504|52024|5604|9963|2242|9024|2525|6698|2100|2326|1023|24672|4780|16330|3826|8342|2284|2903|1486|2562|1333|341|292|15539|3664|11366|2684|4173|1755|7355|2223|5054|1776|2301|1134|25013|3966|21242|3684|3771|1080|18008|3779|15958|3509|2050|970|9001|2365|7746|2077|1255|693|189006|9972|91400|5253|97606|7299|7796|1823|5305|1381|2491|854|20111|3732|10589|2151|9522|2244|330|473|330|473|0|225|31068|5356|13703|2848|17365|3502|6094|2745|2595|1148|3499|2069|6856|2879|3918|1947|2938|1371|11847|3668|6061|1981|5786|2417|93714|7911|64778|6140|28936|4330|10858|3079|6542|1968|4316|2170|20543|5654|12968|4244|7575|2763|2064|846|1876|838|188|190|9096|2718|4927|1780|4169|2040|4458|2186|3288|1643|1170|905|3093|1255|2889|1170|204|229|15|3|15|3|0|225|263|358|9|3|254|359|3989|2131|1144|852|2845|1672
314M700US4186041884|1500606|749|826641|15672|212924|7678|119700|7911|93224|7600|15940|3851|13991|3259|1949|1005|390|717|259|332|131|632|6675|1488|5693|1267|982|698|5522|1505|4177|1147|1345|768|7897|1738|7585|1711|312|247|1713|896|1713|896|0|225|1706|788|1624|754|82|135|15772|3048|10493|2605|5279|1538|1534|867|1187|818|347|415|1481|595|1341|559|140|162|2365|721|1573|500|792|420|402|319|258|283|144|119|6146|1728|4468|1244|1678|895|2378|852|2184|781|194|259|18470|3596|16007|3223|2463|958|870|550|809|506|61|105|1254|834|921|668|333|388|1362|661|1337|659|25|42|4978|1930|2548|997|2430|1549|6456|1909|5677|1765|779|543|2255|994|2136|958|119|138|4597|1843|4113|1693|484|336|1753|774|1634|751|119|171|202391|11858|97067|7459|105324|8095|12592|3343|7567|1971|5025|1874|12045|2829|8990|2556|3055|920|111|184|111|184|0|225|17978|4570|7256|2231|10722|3395|376|448|81|136|295|428|3318|1470|1762|926|1556|940|9517|3256|5307|1723|4210|3078|67581|7201|43148|4588|24433|4361|7069|2294|5279|1936|1790|831|7369|2065|5372|1612|1997|1096|2351|1093|2128|1179|223|305|2219|1019|2018|946|201|205|1135|930|1135|930|0|225|1293|1092|1150|906|143|251|39|62|39|62|0|225|168|217|168|217|0|225|1573|564|1279|534|294|371
314M700US4266021794|813740|492|602233|9120|64476|5246|36491|3485|27985|4439|1878|1042|1402|731|476|435|0|218|0|218|0|218|390|466|390|466|0|218|2962|2090|983|791|1979|1772|1385|640|1280|619|105|127|274|310|274|310|0|218|343|295|343|295|0|218|5841|2568|2563|1472|3278|1519|598|434|333|246|265|326|1496|1862|887|1430|609|763|6470|2434|3012|1375|3458|1306|422|369|60|104|362|296|1658|919|819|573|839|696|1557|1164|1225|859|332|410|7027|2039|5814|1677|1213|756|4235|1930|3339|1678|896|707|2285|1606|1826|1354|459|451|1244|876|1208|875|36|64|4184|1891|3465|1769|719|693|2248|867|1545|727|703|271|9736|3602|7176|2561|2560|1479|3614|1754|3353|1695|261|210|2400|1346|2283|1357|117|196|14425|3216|8197|2332|6228|1855|3607|1323|2665|1165|942|568|11516|3571|5726|2307|5790|1773|345|368|345|368|0|218|13381|3964|6601|2211|6780|2155|3067|1708|1428|967|1639|1145|988|603|546|409|442|381|1546|1436|1069|984|477|482|12460|2769|8295|2249|4165|2078|2357|1159|1904|1103|453|349|6363|3211|5321|2608|1042|824|239|250|239|250|0|218|7132|3044|4567|2437|2565|1287|3950|2866|3420|2468|530|562|979|912|916|899|63|103|0|218|0|218|0|218|372|355|372|355|0|218|2057|2122|1412|1546|645|694
314M700US4266042644|2222819|-555555555|1490379|17562|159850|8395|94373|7246|65477|6290|12671|2857|10184|2035|2487|1413|244|415|91|155|153|264|3927|2286|3927|2286|0|218|9108|3492|6276|2616|2832|1332|9415|2168|8264|1959|1151|835|4231|1655|4039|1604|192|311|865|348|697|309|168|242|26971|5549|17706|3525|9265|2816|2793|1078|2173|958|620|373|3209|1586|2389|1325|820|604|21200|4921|8417|2036|12783|3855|952|581|598|440|354|289|14374|4629|6874|2467|7500|3242|4723|1624|4385|1561|338|276|35583|4947|32249|4613|3334|1176|4931|2790|4293|2276|638|624|9411|3036|4529|1521|4882|2150|3851|1845|2405|1221|1446|1196|7689|2290|6274|2061|1415|656|13868|3903|10614|2951|3254|1300|13307|3502|12018|3390|1289|702|14434|3954|12990|3851|1444|709|8090|3022|6590|2307|1500|1012|127380|8359|74642|6248|52738|4756|15402|2808|10595|2028|4807|1327|30953|4978|16394|3289|14559|3469|356|323|260|264|96|124|43645|5428|17803|3331|25842|3726|3801|1522|1920|1095|1881|957|8592|2541|3716|1313|4876|1517|8879|2820|5541|1814|3338|1723|26572|3447|17494|2737|9078|1866|14721|3550|7897|1972|6824|2213|15297|5696|11286|4615|4011|1736|2885|2025|2106|1326|779|992|29282|6032|17322|4673|11960|2826|5818|2642|3613|1641|2205|1930|8137|2228|5686|1945|2451|958|47|79|0|218|47|79|1053|784|577|488|476|491|3923|1606|3292|1465|631|541
314M700US4266045104|886025|-555555555|736491|9089|56077|4488|35760|3308|20317|3984|4696|2175|3176|1595|1520|1399|487|336|178|199|309|348|957|419|870|413|87|108|1178|926|1178|926|0|218|3414|965|2999|931|415|339|261|297|261|297|0|218|403|528|403|528|0|218|5156|1970|2762|1207|2394|982|731|908|731|908|0|218|318|394|61|101|257|307|4173|3258|2484|2312|1689|1392|376|523|376|523|0|218|3822|3581|1431|1382|2391|2503|56|93|56|93|0|218|932|740|830|703|102|95|0|218|0|218|0|218|2667|2204|1350|1265|1317|1148|0|218|0|218|0|218|177|296|0|218|177|296|2488|1529|1543|1002|945|713|0|218|0|218|0|218|0|218|0|218|0|218|304|303|243|229|61|103|3915|1206|1774|713|2141|977|2672|1233|1762|1007|910|477|7758|1725|3166|862|4592|1396|281|325|200|265|81|129|5065|1833|1618|675|3447|1552|8050|2828|3888|1903|4162|1552|3194|2042|1960|1450|1234|759|280|252|212|193|68|113|11551|2551|8128|1836|3423|1276|6382|2519|5198|2516|1184|556|1465|944|844|657|621|526|0|218|0|218|0|218|2015|1680|1455|1442|560|525|2690|1918|1652|1516|1038|1234|4875|1658|2984|1339|1891|1045|0|218|0|218|0|218|311|241|279|236|32|60|357|265|357|265|0|218
314M700US4530045294|2331537|453|1693253|18295|467799|11983|263090|13278|204709|11141|7783|2679|6265|2302|1518|842|15163|5393|10308|4206|4855|2740|5616|2290|3904|1521|1712|1158|6740|2315|4366|1790|2374|1204|6773|1685|6306|1648|467|344|836|510|836|510|0|247|3281|1209|2453|1053|828|578|4769|1520|3681|1375|1088|662|4286|1593|1911|870|2375|1177|2221|1328|1671|1019|550|442|4356|1888|2773|1425|1583|1260|58|99|58|99|0|247|689|430|557|416|132|122|6442|2684|4754|1990|1688|935|5616|2127|3828|1484|1788|1211|3068|2020|2912|1923|156|185|1246|1426|557|648|689|833|2386|1787|2049|1689|337|305|925|661|742|568|183|214|3167|1600|2330|1121|837|1129|10095|3265|8361|2966|1734|897|3805|1965|3304|1803|501|567|5005|1871|3510|1669|1495|970|9420|2724|3898|1303|5522|2155|1492|867|927|541|565|682|1852|862|1073|621|779|484|638|860|638|860|0|247|11999|3916|5692|2033|6307|2386|0|247|0|247|0|247|2549|1270|1106|591|1443|1066|2993|2030|1949|1446|1044|944|6002|2454|4210|1304|1792|1656|2048|1383|1749|1283|299|242|18731|7775|10089|3166|8642|5762|966|866|793|702|173|287|577|427|481|403|96|150|2683|1821|2345|1713|338|452|1122|780|972|684|150|260|0|247|0|247|0|247|0|247|0|247|0|247|3087|1718|2575|1396|512|530
314M700US4790011694|3027505|2930|2013495|19884|429888|9761|245873|9456|184015|9633|19501|3500|15562|3277|3939|1267|4194|2072|3575|1641|619|616|4579|1615|3686|1339|893|632|8425|1761|6472|1610|1953|771|8443|1838|7643|1783|800|454|2708|1358|2234|1156|474|448|2162|705|1839|654|323|275|11547|2626|8344|2100|3203|1180|1920|1280|1321|789|599|597|1480|751|1246|636|234|255|7653|2688|5659|2097|1994|1356|671|494|413|345|258|305|31583|4778|20331|3204|11252|2607|7995|2621|5701|1970|2294|1106|28548|5567|24747|5088|3801|1375|31910|5490|25907|5058|6003|1505|11726|4778|9194|3706|2532|1421|20035|5101|12503|2971|7532|2823|17132|3732|10603|2618|6529|2245|14250|3519|10065|2675|4185|1472|19333|3685|16882|3403|2451|976|8624|2597|7672|2291|952|627|4459|1486|4031|1363|428|317|45748|5111|30285|3978|15463|2673|5253|1368|3247|998|2006|801|49220|6200|24302|3453|24918|3794|0|213|0|213|0|213|45903|7177|21494|4337|24409|3805|1840|1261|462|565|1378|858|6681|2025|3251|1053|3430|1370|15385|3417|9200|1943|6185|2136|19666|3557|15291|2812|4375|1481|2874|900|1908|682|966|499|47220|8525|36139|6852|11081|2444|665|394|509|311|156|256|43920|7393|27096|5164|16824|3522|20062|4520|17174|3966|2888|1217|3113|1206|2451|1101|662|680|0|213|0|213|0|213|349|486|272|364|77|129|7345|3835|6914|3779|431|354
314M700US4790023224|1304138|110|806224|12754|212234|6082|121633|7403|90601|7739|23578|4028|17444|3231|6134|1747|4090|1818|2657|1306|1433|856|2983|1241|2026|987|957|701|9749|3031|6515|2121|3234|1583|3562|1355|2832|1140|730|630|1253|674|1019|633|234|211|1085|535|833|461|252|187|9436|2943|5854|2231|3582|1365|1325|672|816|513|509|434|372|249|218|195|154|151|4453|2314|2907|1464|1546|1131|1906|1667|1378|1128|528|589|9604|3195|6576|2597|3028|1777|2648|1414|2301|1223|347|399|11790|2617|10428|2493|1362|656|5192|1756|3793|1348|1399|627|2450|1574|2334|1517|116|170|6299|2745|4811|2285|1488|1021|5819|2277|4917|2044|902|589|3301|1301|2726|1195|575|402|5743|2937|5181|2565|562|493|5516|1764|5063|1707|453|354|1459|801|1394|749|65|113|39968|5752|21030|3089|18938|3936|3240|1106|1305|556|1935|922|12794|2466|7300|1741|5494|1462|0|228|0|228|0|228|10716|2876|5811|2017|4905|1804|1484|793|638|499|846|530|1961|850|1088|569|873|464|4781|2034|2873|1423|1908|1011|16409|4913|12057|4267|4352|1466|4145|1854|2650|1458|1495|766|8121|3187|6901|2929|1220|768|4190|1705|3960|1699|230|241|28410|5819|20332|4671|8078|2344|15650|4126|13164|3585|2486|1125|5290|2475|4630|2135|660|693|0|228|0|228|0|228|733|640|614|561|119|194|4175|2421|3290|2150|885|720
314M700US4790047764|1738326|556|1290798|12519|258496|6729|123000|8017|135496|8579|29375|5988|22983|5130|6392|1962|6027|3373|4047|2828|1980|1500|2601|1074|2453|1058|148|145|2907|1138|2001|894|906|652|4988|1485|4378|1368|610|524|861|526|861|526|0|213|1579|1087|1505|1087|74|15|3033|1064|2399|823|634|618|683|404|599|330|84|137|711|693|711|693|0|213|1180|678|959|576|221|214|150|153|73|85|77|127|3609|1477|2547|1110|1062|657|1434|855|1306|809|128|155|3201|1089|2407|763|794|552|1640|794|1346|640|294|291|538|425|391|362|147|235|2800|1838|1352|832|1448|1168|1741|997|1528|943|213|254|6366|2723|2850|1524|3516|1902|254|263|254|263|0|213|1552|799|1244|795|308|226|443|372|232|263|211|278|12177|2500|8029|1879|4148|1521|2133|1004|1701|977|432|328|3787|1141|2672|970|1115|503|53|81|53|81|0|213|4818|2286|898|457|3920|2211|0|213|0|213|0|213|1038|650|525|320|513|434|2642|1363|2353|1305|289|236|11023|2656|6004|1699|5019|2240|1440|737|1287|687|153|195|3923|1337|2883|903|1040|860|1402|622|1327|629|75|80|23267|6678|14821|4774|8446|2770|31013|5137|24961|4491|6052|1873|3955|1438|3431|1309|524|458|31|50|31|50|0|213|0|213|0|213|0|213|8657|3471|5285|2242|3372|2496
330M700US104|1145715|1652|1028288|6804|41216|3447|27895|3323|13321|1974|3159|1098|2349|941|810|437|1672|1684|888|774|784|1093|3677|1333|2287|1062|1390|741|941|670|570|353|371|409|2544|856|2001|686|543|428|3549|1687|1766|900|1783|1242|1630|875|940|616|690|449|2486|1614|1758|1533|728|338|1140|656|451|304|689|564|381|319|302|318|79|13|1170|704|363|266|807|637|780|756|780|756|0|220|693|608|397|346|296|428|1750|918|1496|879|254|316|3503|1669|2242|1066|1261|1042|3026|1255|1735|900|1291|801|1178|1349|795|910|383|481|3480|1298|1618|711|1862|1058|299|316|299|316|0|220|3104|1281|1828|685|1276|1034|1876|1056|1443|897|433|325|789|465|789|465|0|220|2270|1229|2044|1035|226|360|9711|2492|5244|1810|4467|2054|710|569|525|470|185|207|2010|840|1111|692|899|480|0|220|0|220|0|220|416|426|253|240|163|215|43|75|43|75|0|220|854|755|460|500|394|360|2743|1724|2220|1476|523|524|2988|1293|1992|787|996|770|36|65|36|65|0|220|3543|1672|2094|1121|1449|852|694|396|548|284|146|179|305|277|138|153|167|215|4271|3626|2846|2285|1425|1413|1000|715|863|672|137|173|48|83|0|220|48|83|191|301|191|301|0|220|1551|1019|1133|864|418|478
330M700US106|1003107|651|805664|8907|136218|6493|73766|5536|62452|5948|3136|2113|2599|2013|537|505|3501|2649|1803|1137|1698|1667|1652|836|1213|581|439|374|4243|1869|2899|1166|1344|968|2327|763|1955|680|372|293|1150|485|1060|457|90|152|582|373|437|341|145|140|1441|804|1106|698|335|298|5041|2226|3152|2000|1889|797|1271|1545|1037|1266|234|306|1560|813|1034|655|526|415|46|78|46|78|0|213|2028|1700|1241|1023|787|1083|1491|1006|935|665|556|489|1472|784|796|423|676|467|2427|1316|2079|1156|348|324|370|331|193|264|177|194|523|429|523|429|0|213|134|174|134|174|0|213|2069|1264|1427|1033|642|575|1018|738|542|477|476|602|674|882|674|882|0|213|542|478|423|442|119|197|3913|1473|2285|1100|1628|811|401|326|355|289|46|82|1597|804|852|480|745|476|0|213|0|213|0|213|2140|981|294|287|1846|835|0|213|0|213|0|213|173|202|173|202|0|213|450|458|380|385|70|84|2626|1243|1841|1003|785|618|57|101|57|101|0|213|6935|1882|3439|1111|3496|1229|344|271|290|251|54|89|297|490|157|260|140|232|1119|833|1119|833|0|213|1261|1033|1059|935|202|262|0|213|0|213|0|213|0|213|0|213|0|213|1214|605|1129|591|85|113
330M700US122|6933771|4705|5539778|22349|736415|13489|425916|12246|310499|12437|38908|6348|30868|5520|8040|2629|24239|5352|16386|4159|7853|2627|3907|1407|3342|1348|565|339|23501|4378|16850|3360|6651|2411|14385|2869|13229|2637|1156|646|4563|1556|4381|1490|182|221|2148|1188|1714|1085|434|312|11879|2568|7478|2056|4401|1346|3174|1595|2487|1448|687|402|6548|1848|5019|1506|1529|813|7667|2181|6028|1819|1639|748|211|272|211|272|0|213|14946|3567|9755|2471|5191|1934|27855|5097|19782|4139|8073|2279|35754|4991|29898|4216|5856|1928|14412|3489|11333|2847|3079|1426|2098|1269|1632|995|466|363|11747|2913|8182|2366|3565|1229|14548|3797|9557|2365|4991|2338|10247|2629|8147|2261|2100|1051|25270|4287|21281|3663|3989|1769|16338|4145|14752|4039|1586|1200|9984|3016|9132|2915|852|521|58308|5941|31707|4454|26601|3795|7621|2054|5111|1819|2510|1042|53280|6687|25916|4050|27364|4312|1943|974|1313|811|630|433|49253|5765|18114|3394|31139|4285|6082|2273|3390|1631|2692|1109|5457|1810|3337|1301|2120|822|14070|4699|9112|3323|4958|1785|12637|2413|9656|2025|2981|924|4217|1641|2269|1107|1948|1006|15482|5114|12985|4611|2497|1141|7332|3055|6786|2799|546|583|29927|7391|21019|6141|8908|2744|34538|5306|31421|4979|3117|1247|19635|6242|9748|3686|9887|4291|24|40|24|40|0|213|453|297|425|296|28|46|12990|3623|10764|2971|2226|1182
330M700US148|8081877|2085|6129206|26228|768620|15216|420733|12640|347887|13462|61479|5878|50279|4858|11200|2100|90535|9103|50470|7148|40065|5879|25409|2779|19652|2590|5757|1380|279729|17217|146033|12243|133696|9197|17455|2617|16338|2574|1117|433|3885|1595|3555|1550|330|268|20315|4192|14752|3093|5563|1989|39013|4584|26754|3790|12259|2585|11113|2725|8155|2250|2958|1178|5049|1733|3668|1337|1381|710|8122|1939|5317|1501|2805|1152|6133|1900|4708|1559|1425|853|10485|2770|8028|2201|2457|1178|11760|3206|9288|2648|2472|1086|40533|5129|36538|4950|3995|1181|6799|2604|5898|2337|901|539|2849|1385|2367|1253|482|413|13678|3402|8904|2364|4774|1969|20469|3597|13658|2525|6811|1847|35843|5991|21513|4011|14330|3312|15963|3925|13590|3251|2373|2067|12130|2787|10676|2434|1454|682|6613|2129|6075|2063|538|417|157856|9729|86220|6624|71636|6860|9895|2589|6443|1788|3452|1259|21614|3343|12847|2241|8767|1950|3060|2543|1813|1375|1247|1214|43914|6544|17652|3170|26262|4740|22531|3469|11577|2321|10954|2131|13480|3253|5030|1643|8450|2563|11194|3098|8264|2683|2930|1023|13448|2861|8829|2009|4619|1767|8518|3192|6011|2501|2507|1263|49430|6675|33061|4812|16369|4067|10969|3228|10077|3120|892|546|11713|3749|6325|2087|5388|2225|25205|4313|17653|3391|7552|2551|23234|3877|16376|3213|6858|2113|0|213|0|213|0|213|679|451|417|323|262|308|11952|3077|10383|2990|1569|756
330M700US160|1173971|798|1052781|7611|33521|3749|24034|2984|9487|2340|3574|1975|3007|1913|567|383|281|237|279|237|2|3|2970|875|2315|765|655|413|1032|1106|122|200|910|1079|1688|737|1312|555|376|381|2797|1332|1606|930|1191|741|1449|948|1250|891|199|262|3577|2001|2133|1479|1444|824|1365|650|941|467|424|369|725|609|354|274|371|376|836|441|425|339|411|253|643|608|464|535|179|288|1932|1515|764|919|1168|1033|260|405|63|97|197|364|1555|847|1472|848|83|135|2464|1402|2020|1247|444|387|1302|714|980|521|322|331|16415|4589|9280|3390|7135|2183|878|793|578|627|300|322|3043|2567|2204|2221|839|785|1039|340|914|268|125|196|2127|1984|1300|973|827|1104|204|254|198|255|6|4|5338|1632|3214|990|2124|957|787|519|618|465|169|220|1854|929|1392|792|462|309|0|220|0|220|0|220|2106|1106|660|446|1446|744|0|220|0|220|0|220|114|129|32|50|82|118|4170|1830|2190|1022|1980|1177|1326|835|1165|780|161|176|609|732|151|127|458|724|8587|2437|4947|1600|3640|1287|932|882|517|445|415|616|4311|2141|3635|1849|676|582|1325|867|652|492|673|651|2997|2605|1785|1762|1212|1059|0|220|0|220|0|220|554|342|498|334|56|94|503|314|399|292|104|123
330M700US163|1277444|2807|888620|11502|297728|9463|151622|8925|146106|8751|6079|1644|4604|1357|1475|773|28737|5077|15252|3203|13485|3465|4073|1380|3311|1193|762|423|7982|2562|4393|1412|3589|1862|7087|1930|5458|1630|1629|709|1983|1149|1551|982|432|521|756|413|442|221|314|340|2116|1161|1521|973|595|382|2760|1157|1934|810|826|671|1282|840|1235|840|47|2|1502|836|907|447|595|661|0|247|0|247|0|247|1079|1106|839|912|240|252|1409|1167|1195|963|214|359|1074|857|1074|857|0|247|119|115|73|76|46|86|0|247|0|247|0|247|555|746|555|746|0|247|269|340|234|336|35|63|3227|1459|2266|1102|961|756|160|260|160|260|0|247|0|247|0|247|0|247|0|247|0|247|0|247|3374|1545|1475|941|1899|1259|411|317|321|301|90|85|42|75|42|75|0|247|0|247|0|247|0|247|2453|1190|607|519|1846|843|644|656|395|449|249|233|1618|915|877|660|741|495|470|511|312|301|158|264|3859|1598|2958|1207|901|601|250|234|54|102|196|222|549|420|414|312|135|170|734|646|499|383|235|285|945|1437|377|596|568|852|106|180|0|247|106|180|92|121|92|121|0|247|0|247|0|247|0|247|274|153|274|153|0|247|3026|1668|1368|966|1658|1294
330M700US172|3275038|2399|2747870|11833|328460|8019|173675|8483|154785|7588|10722|2754|6954|1741|3768|1979|4261|2537|1626|1181|2635|1606|4828|2213|3712|1836|1116|1092|5485|1839|3448|1314|2037|1154|6728|1567|6244|1547|484|270|1336|795|1336|795|0|213|2806|1325|2416|1092|390|335|12823|3831|7941|2131|4882|2505|2095|978|1701|936|394|394|1900|1357|1453|1077|447|361|3523|1598|2308|1377|1215|624|226|278|226|278|0|213|1575|976|810|638|765|690|9512|2632|7196|2201|2316|1050|14063|3948|12557|3534|1506|762|1492|873|994|646|498|495|682|576|586|476|96|165|1591|1109|1532|1063|59|113|5393|2241|3933|1899|1460|906|4916|2266|3767|1914|1149|1005|15216|3653|10390|2906|4826|2090|6991|2599|5299|2368|1692|1137|4863|2310|4555|2315|308|325|10976|2290|6599|1565|4377|1444|2256|936|1619|789|637|479|3780|1502|2240|1030|1540|880|9624|2451|6304|2282|3320|2022|10337|3097|4368|1565|5969|1998|2176|2239|1827|1888|349|403|2951|1337|910|594|2041|1078|5416|2136|2872|1333|2544|1392|5838|1810|4521|1580|1317|624|2899|2008|1532|956|1367|1341|6935|3079|4586|1674|2349|1846|498|639|498|639|0|213|3867|2171|2083|1432|1784|1447|3796|1847|2942|1625|854|652|2759|1848|1862|1736|897|592|0|213|0|213|0|213|656|530|559|520|97|119|917|442|759|401|158|171
330M700US176|9422922|2693|6603385|30538|1648845|18906|1000837|17739|648008|18038|25277|4399|19642|3892|5635|2129|3721|1702|2912|1471|809|561|25632|4126|19328|3495|6304|1650|10273|2587|8202|1913|2071|1422|22644|2887|20033|2610|2611|892|4387|1322|3722|1191|665|454|24825|4730|19515|4148|5310|1474|47061|5805|28479|4196|18582|3440|159285|12959|93096|8881|66189|6151|29653|4857|18824|3655|10829|2358|66151|8128|29434|4504|36717|5647|1808|1494|1218|1047|590|589|9760|3253|6672|2613|3088|1750|48993|7062|30125|5210|18868|4097|47715|6935|39630|6014|8085|2171|55436|8926|41441|7109|13995|3291|8921|3046|5893|1942|3028|1338|8306|3388|4650|1678|3656|2275|13673|3776|11176|3150|2497|1239|52105|8089|34509|6195|17596|3386|21464|4277|19050|4249|2414|942|14368|3688|12424|3132|1944|1072|17802|3742|13475|2781|4327|1438|105299|10199|52838|5424|52461|8166|12085|3314|7757|2629|4328|1291|42265|5823|21817|3474|20448|3372|399|300|319|268|80|136|21943|4836|9327|2435|12616|3178|1794|930|1009|622|785|577|8975|2498|4655|1499|4320|1657|21758|4901|11365|3435|10393|2673|78268|7443|59776|6235|18492|3301|9292|4106|5133|2099|4159|3474|75979|10898|54103|8370|21876|4885|5408|2004|4868|1835|540|369|22881|5255|14385|3760|8496|2327|31594|7226|24393|5728|7201|2366|4397|1769|3053|1318|1344|1019|137|158|137|158|0|213|496|642|496|642|0|213|8462|2577|5520|1824|2942|1356
330M700US178|2215085|3330|2027851|8967|72976|5219|39432|4764|33544|5326|12182|3728|7212|2364|4970|2423|125|204|0|213|125|204|1580|675|1234|566|346|324|1075|723|849|584|226|237|5594|1802|5352|1793|242|247|1632|1020|1346|940|286|332|973|571|709|471|264|213|5983|2492|3522|1731|2461|1129|1038|1101|1038|1101|0|213|1349|1819|1255|1808|94|166|1910|1595|1149|1332|761|840|0|213|0|213|0|213|3742|2080|2380|1566|1362|782|5092|2798|3698|2527|1394|830|7555|2218|6312|2114|1243|857|1168|1001|1049|892|119|149|1115|865|932|669|183|248|1421|1225|1185|1139|236|398|6231|2998|2813|1391|3418|2117|621|318|621|318|0|213|4726|2569|3792|1962|934|809|2286|1915|2210|1916|76|116|885|599|296|235|589|547|7656|2112|5470|1910|2186|955|2079|934|823|517|1256|829|2770|1297|2115|1105|655|418|0|213|0|213|0|213|2215|1263|696|437|1519|1167|1294|961|474|508|820|694|434|473|291|449|143|178|3421|1396|2249|925|1172|924|3828|1295|3026|1205|802|582|925|560|561|534|364|132|7981|3365|4502|2213|3479|1763|94|158|94|158|0|213|2256|1531|1332|974|924|996|6177|2718|4832|2366|1345|794|3697|1851|3087|1740|610|404|0|213|0|213|0|213|148|190|54|96|94|161|1000|613|752|546|248|302
330M700US184|3558833|1392|3230900|13969|109298|5738|68746|5340|40552|4031|5947|1602|3809|1124|2138|1230|1368|1031|282|379|1086|1090|6681|1851|5353|1511|1328|676|3804|1291|2867|1069|937|631|15812|3715|10613|2258|5199|2281|29086|6440|18190|5797|10896|3524|2681|1023|1762|728|919|573|6057|1598|3457|1077|2600|1102|3848|981|3161|812|687|415|7054|1616|4010|1068|3044|939|16243|5254|6304|2144|9939|3805|874|663|792|655|82|138|2026|1010|1733|932|293|197|5032|1816|3946|1415|1086|785|4936|1774|4470|1538|466|515|1533|1366|1057|1066|476|585|1933|1429|825|566|1108|940|1667|1061|1561|986|106|138|11713|3808|5888|2217|5825|2675|10212|2865|7416|2258|2796|1296|3778|1857|3151|1614|627|510|2214|1343|1821|1017|393|422|648|424|648|424|0|211|12649|2260|6042|1652|6607|1678|2429|1286|1387|1066|1042|575|2977|1216|1217|601|1760|1018|123|202|123|202|0|211|6512|2447|2040|1074|4472|1950|453|352|194|234|259|271|1422|1018|630|594|792|704|7477|3630|3921|2584|3556|1926|4090|1487|3020|1264|1070|451|517|374|318|293|199|233|19865|4659|13924|4050|5941|1927|1215|656|1215|656|0|211|1999|1780|1331|1272|668|623|3898|1581|3270|1334|628|734|5567|3206|2287|1086|3280|3009|73|85|73|85|0|211|123|125|87|109|36|61|2099|848|1627|719|472|357
330M700US198|2537149|1321|2226079|12644|95300|5754|52879|4630|42421|5123|13938|3373|9185|1946|4753|2484|8964|3865|5048|2456|3916|2263|1607|765|1214|581|393|290|5395|2717|3373|1802|2022|1358|9195|2349|7947|2118|1248|621|10234|4387|8777|3997|1457|716|802|639|802|639|0|211|4770|1735|2560|1133|2210|878|870|523|745|502|125|152|480|309|434|282|46|74|4405|1904|1981|963|2424|1315|49|82|49|82|0|211|2527|1392|1853|1111|674|455|5740|2036|4371|1683|1369|814|7942|3525|6671|2855|1271|1282|1904|947|1578|833|326|405|528|588|132|192|396|557|2311|1614|1516|988|795|743|18386|4620|8683|2595|9703|3350|2775|950|2290|844|485|360|6422|2872|4832|2158|1590|1661|2615|1292|2343|1228|272|372|624|385|624|385|0|211|18282|3226|10420|2182|7862|1828|5855|2679|2562|1623|3293|1617|4519|1541|3199|1257|1320|735|21|39|21|39|0|211|2372|1147|851|507|1521|817|1664|1475|840|852|824|694|1406|696|661|473|745|479|3567|3048|1685|990|1882|2449|3716|1353|2593|1155|1123|790|263|246|253|245|10|2|16127|4546|8840|3374|7287|2377|347|365|147|160|200|334|23947|5613|16595|4990|7352|2346|14225|4363|11532|4047|2693|1303|4305|2266|3992|2202|313|372|0|211|0|211|0|211|236|389|236|389|0|211|2435|2014|1820|1519|615|573
330M700US206|8354002|1615|5713274|33804|1770722|25163|1059232|20083|711490|19563|31757|7088|23081|5231|8676|3742|1642|1204|473|494|1169|990|4088|1691|2541|1074|1547|1210|17241|4506|12479|3578|4762|1795|12421|2584|11129|2294|1292|921|4729|2151|4451|1982|278|330|1001|597|942|565|59|97|8138|2093|5581|1589|2557|1018|3137|1302|2566|1197|571|451|4474|1903|3071|1342|1403|817|3698|1410|2731|1105|967|610|997|722|997|722|0|213|15468|4007|10628|2383|4840|2441|22375|3733|17032|3012|5343|1755|62303|8227|54592|7131|7711|2392|37510|6169|28117|3990|9393|3594|8475|3515|6805|2879|1670|902|13395|2811|8854|1901|4541|1564|42436|6710|29574|5157|12862|3328|10847|3129|8302|2537|2545|1418|76608|9147|63726|7638|12882|3384|29754|6168|26778|5967|2976|1116|34059|5633|25628|4277|8431|2161|66781|7400|40975|5453|25806|3600|6568|1855|3855|1327|2713|991|36319|5925|18432|3844|17887|3323|927|466|583|342|344|354|86670|7800|41773|5535|44897|4544|4434|2022|1923|865|2511|1504|10263|2306|5317|1534|4946|1284|14056|3580|6205|1904|7851|2464|24871|3624|16668|2794|8203|1810|7265|1994|5376|1568|1889|1080|56761|9811|40206|8008|16555|4106|1852|937|1653|779|199|346|30122|9252|18268|4759|11854|6148|38897|7434|34528|6551|4369|2027|29393|7069|18100|5317|11293|4289|159|259|46|77|113|184|1291|1210|837|836|454|438|6824|3413|4350|2000|2474|1796
330M700US216|3550518|2342|2844423|18118|462933|15277|286646|13467|176287|10828|14406|3815|10361|2597|4045|2398|177|210|177|210|0|224|4966|1979|4134|1529|832|655|8180|1729|6222|1334|1958|906|12418|2135|11666|2129|752|376|4040|1861|3717|1823|323|494|670|417|627|413|43|69|15607|3495|9891|2671|5716|1790|2482|946|1922|819|560|383|1732|736|1238|677|494|382|5347|1865|3271|1151|2076|1137|389|475|389|475|0|224|6086|2475|3104|1426|2982|1632|2239|1402|1163|648|1076|1137|9120|2408|7868|2086|1252|673|949|986|725|716|224|310|1641|986|599|461|1042|709|755|395|585|352|170|260|10984|3754|7291|2784|3693|1609|5892|2558|4589|2092|1303|821|5725|2902|4271|1747|1454|1565|1986|1065|1540|895|446|615|1346|768|1263|739|83|106|22132|3961|12905|2355|9227|2635|6213|2238|3734|1472|2479|1099|11535|2909|6998|2036|4537|1991|2434|1319|1313|760|1121|689|12354|2937|6465|1830|5889|1783|1610|1379|862|779|748|628|4471|1714|2499|1105|1972|839|4323|1746|2579|1050|1744|992|7019|1998|5289|1333|1730|1114|6038|2668|3344|1415|2694|1833|9943|2605|6497|1922|3446|1535|3111|1572|2900|1562|211|246|17180|5708|8201|3374|8979|2912|8117|3177|6281|2721|1836|1243|6922|3083|3798|1880|3124|2156|277|305|277|305|0|224|337|265|237|184|100|164|2009|839|1553|785|456|330
330M700US220|5143349|851|4396729|16041|170900|7005|97297|6620|73603|6196|13196|3089|10894|2650|2302|1114|1035|839|522|515|513|633|10727|2053|7367|1656|3360|884|8059|2023|5929|1702|2130|932|15153|3009|12554|2672|2599|1055|1845|738|1499|619|346|249|5048|1566|3816|1301|1232|547|7344|1981|4350|1412|2994|1114|11953|3245|8097|2650|3856|1397|6952|2666|4886|1961|2066|1158|15796|4776|10782|3299|5014|2251|1124|758|1040|745|84|144|3543|1478|2080|820|1463|1174|9329|3230|6659|2134|2670|1455|16895|3569|12317|2756|4578|2152|11765|3798|9530|3309|2235|1142|6431|2631|4588|2337|1843|1038|32275|5581|14785|3402|17490|4293|9922|2627|8488|2159|1434|795|36913|5550|25272|4411|11641|2290|18053|4791|14551|3780|3502|2039|10110|2909|8686|2764|1424|781|10389|3109|8395|2490|1994|1038|33883|4530|19519|3308|14364|2406|8562|2229|4387|1187|4175|1726|15319|2958|9061|2441|6258|1627|3197|1368|1327|755|1870|862|9572|2796|3967|1360|5605|2020|149|192|0|187|149|192|2741|1179|1587|784|1154|820|2503|1147|2025|1019|478|492|14257|2907|10441|2271|3816|1449|1145|629|986|620|159|140|180493|11070|101014|8454|79479|6981|1967|870|1661|813|306|277|25765|5554|16238|4206|9527|2214|6948|2371|5759|2028|1189|603|2632|1621|1931|1375|701|729|0|187|0|187|0|187|328|412|315|412|13|23|2402|1095|1877|876|525|427
330M700US260|1253057|714|688161|13626|450791|12016|268367|9798|182424|10186|642|374|496|368|146|149|87|151|87|151|0|225|416|330|314|286|102|170|1870|944|1234|807|636|497|732|512|672|500|60|97|302|280|278|276|24|41|36|59|0|225|36|59|659|546|536|514|123|198|125|150|125|150|0|225|518|878|518|878|0|225|116|190|66|110|50|81|6053|3880|3382|2029|2671|2173|1930|1041|892|688|1038|699|337|363|317|357|20|32|1774|966|952|629|822|524|543|470|543|470|0|225|23512|5116|13318|3849|10194|2538|210|336|0|225|210|336|339|388|195|316|144|229|615|494|460|461|155|179|0|225|0|225|0|225|69|115|69|115|0|225|240|374|240|374|0|225|7226|2126|2705|1204|4521|1760|1656|1081|1231|1072|425|470|2616|1394|1400|894|1216|913|25331|6033|12979|3648|12352|3447|801|439|471|361|330|271|5034|2706|2933|1601|2101|1279|3188|1241|1206|632|1982|869|646|439|460|374|186|177|11170|2389|8318|1988|2852|969|1365|629|617|335|748|444|8406|3608|5154|2291|3252|1663|663|566|663|566|0|225|588|686|279|467|309|477|2146|1141|1740|921|406|459|1115|1162|1059|1157|56|95|55|85|55|85|0|225|214|163|212|164|2|6|760|544|372|388|388|404
330M700US276|1268464|662|1122188|7856|71593|4836|45598|3974|25995|3297|1509|787|867|431|642|589|2894|2140|1616|1559|1278|780|2119|1561|1725|1249|394|527|2015|1292|1322|840|693|637|4697|1408|3289|862|1408|948|7632|2444|4404|1452|3228|1698|741|525|687|520|54|93|1956|990|1287|850|669|485|316|301|316|301|0|192|2113|1100|1480|891|633|386|1278|976|525|522|753|792|0|192|0|192|0|192|698|534|213|246|485|439|1992|1025|1208|695|784|473|1477|829|1180|667|297|379|2629|1811|2104|1334|525|598|861|933|267|387|594|666|1368|824|796|480|572|523|12091|2977|5002|1640|7089|1888|1649|1218|591|448|1058|1112|1912|1164|1648|1133|264|292|1463|1122|1095|832|368|384|1662|1847|1566|1827|96|163|2501|957|1477|647|1024|516|321|310|236|220|85|143|1287|994|625|630|662|474|44|77|0|192|44|77|4266|1679|2345|1140|1921|829|1478|1124|877|686|601|641|141|199|42|68|99|181|175|193|153|170|22|39|2151|1104|1795|1009|356|362|277|302|149|191|128|231|2679|1328|1384|764|1295|853|83|102|73|100|10|17|532|569|405|435|127|158|2384|1771|1742|1592|642|820|547|517|509|514|38|63|0|192|0|192|0|192|0|192|0|192|0|192|745|695|532|490|213|247
330M700US288|7484690|3864|4456599|32389|2242124|28043|1233660|27865|1008464|24663|31763|6157|26377|5346|5386|2303|3185|1733|2884|1675|301|378|4844|1807|4543|1716|301|290|21373|5359|17654|4941|3719|1557|12276|2549|10998|2426|1278|717|4270|1236|4222|1226|48|80|1978|804|1477|745|501|437|16628|3842|11107|2978|5521|2109|3090|1325|2712|1204|378|366|3263|1821|3220|1804|43|71|4006|1814|3613|1665|393|334|1469|1065|1353|1106|116|183|19063|4149|12976|3151|6087|2093|13219|3455|10495|3375|2724|1024|36053|8346|31610|8293|4443|1491|52152|8889|40663|7594|11489|2695|2803|1325|2151|1167|652|433|8591|3482|5169|1980|3422|2402|11514|3361|8894|2732|2620|1384|15105|4524|9796|2709|5309|2630|22768|6657|19129|5616|3639|2088|9817|3712|8425|3490|1392|933|27048|5319|22271|4805|4777|1369|93390|9146|46758|4951|46632|6255|5557|1829|3386|1329|2171|1052|16368|3224|9500|2338|6868|1909|353|410|259|294|94|156|127905|12079|52155|5931|75750|9450|4939|2427|1529|925|3410|1815|5806|2459|2064|1047|3742|2076|9003|3370|3514|1273|5489|2961|45644|8000|36005|6949|9639|2957|10642|3429|6833|2734|3809|1457|43659|10986|35542|9816|8117|2495|2607|2326|1891|1468|716|955|6249|2253|5669|2263|580|434|63646|9217|55089|8459|8557|2284|16242|6323|12373|4526|3869|2670|22|40|22|40|0|242|343|281|343|281|0|242|7314|2426|4897|1815|2417|1180
330M700US294|2527612|3004|2199754|12933|165854|6355|85852|6677|80002|6430|5184|1937|2960|1067|2224|1317|12155|5245|3998|2308|8157|4129|354|326|302|313|52|89|789|573|569|371|220|238|4815|1541|4044|1420|771|404|2270|2315|680|753|1590|2236|1651|802|1368|697|283|346|1337|711|871|580|466|383|1408|1919|634|688|774|1260|1030|641|991|630|39|64|1107|777|1107|777|0|211|329|465|191|248|138|223|3595|2622|3101|2256|494|645|2624|1356|2168|1203|456|349|7461|2056|5226|1476|2235|1463|1458|874|671|564|787|665|10132|3670|6305|2893|3827|1674|664|564|457|453|207|217|1848|1155|1431|910|417|385|4123|2694|2209|1037|1914|2391|5250|1837|4845|1778|405|429|3194|1638|2586|1370|608|712|1046|712|872|659|174|217|13076|3251|5127|1599|7949|2363|5336|2883|2517|1285|2819|2227|3894|1379|1639|891|2255|981|37|75|0|211|37|75|3587|1703|948|730|2639|1354|198|253|198|253|0|211|563|441|288|273|275|285|13401|3037|6027|1866|7374|1893|5705|1787|4513|1671|1192|625|1469|741|1018|609|451|345|7697|3053|4210|1918|3487|1653|963|692|963|692|0|211|3422|2220|1558|1184|1864|1460|22975|7056|16908|5797|6067|2731|4671|2852|2408|1408|2263|2554|26|3|26|3|0|211|232|395|232|395|0|211|928|536|702|365|226|349
330M700US300|1793862|1738|1521952|14271|135231|6820|81201|5590|54030|5735|6081|2327|5176|2159|905|601|18293|8595|8326|5112|9967|5517|1148|822|862|581|286|336|10612|4326|6962|3209|3650|2691|2981|1268|2639|1256|342|208|326|287|233|246|93|157|1451|1249|934|719|517|606|6161|2310|4890|1996|1271|790|1933|1143|881|684|1052|1208|1400|806|850|615|550|382|4911|2831|2913|1588|1998|1669|78|133|78|133|0|213|634|597|408|449|226|315|904|700|498|378|406|387|893|652|893|652|0|213|1071|986|950|851|121|199|137|160|137|160|0|213|455|569|455|569|0|213|2262|1440|1716|965|546|816|8564|4669|3840|2165|4724|3714|4290|2351|3495|1806|795|741|1254|801|887|622|367|489|362|430|362|430|0|213|6304|2662|2695|1245|3609|1850|1091|635|719|537|372|336|2426|1361|510|474|1916|1220|167|264|167|264|0|213|8335|2622|4124|2021|4211|1555|970|695|503|460|467|358|78|132|0|213|78|132|7014|4069|3257|2029|3757|2603|17003|3033|11608|2132|5395|2044|965|634|477|348|488|505|9133|4458|5461|2209|3672|2765|444|453|444|453|0|213|1242|1064|899|974|343|415|766|595|677|576|89|157|1658|1637|824|1055|834|1222|0|213|0|213|0|213|386|489|386|489|0|213|2496|1203|2232|1119|264|292
330M700US312|2445900|3179|2168206|12460|159562|7156|95252|5930|64310|4847|7408|2275|5142|1587|2266|1156|1897|1347|473|499|1424|1278|1336|605|1077|576|259|233|1936|917|1649|847|287|248|5170|1246|4236|1148|934|451|952|457|941|460|11|20|263|364|263|364|0|213|3107|1401|1843|811|1264|997|683|503|360|377|323|315|1534|1362|616|550|918|898|869|570|600|452|269|218|0|213|0|213|0|213|1872|1185|1161|917|711|503|1566|1065|482|361|1084|989|3844|1558|3480|1495|364|317|3160|1483|2223|1026|937|580|787|667|491|444|296|320|999|702|448|351|551|401|1920|1349|1673|1270|247|232|1442|1010|964|852|478|427|5511|1876|4800|1681|711|586|392|343|392|343|0|213|2820|1432|1793|733|1027|1152|8546|2117|3996|1220|4550|1468|1468|778|983|605|485|440|4360|1788|2980|1301|1380|787|2774|1474|1322|716|1452|964|5830|1574|3086|1265|2744|1038|65|104|0|213|65|104|1936|1052|883|563|1053|724|6508|2719|3235|1474|3273|1609|5186|1579|3942|1209|1244|808|3288|1591|2412|1455|876|586|5786|2496|3546|1837|2240|1235|201|208|201|208|0|213|10385|3908|7564|3195|2821|1180|3463|2282|2755|1867|708|838|7370|5956|5423|5127|1947|1633|29|46|29|46|0|213|476|214|286|153|190|168|993|795|814|783|179|221
330M700US332|2324360|826|1529516|17689|525393|15373|311202|11651|214191|12002|5382|1509|4145|1307|1237|827|189|257|189|257|0|236|3719|1620|2944|1501|775|526|12521|5535|9115|4502|3406|2177|6056|1749|5523|1669|533|345|1117|551|1117|551|0|236|2496|1731|2343|1714|153|243|3856|1732|2374|1162|1482|1167|3555|1564|2171|1095|1384|1125|1718|1011|1145|800|573|430|3270|1644|2204|1199|1066|769|2201|1402|1547|1257|654|446|3615|1352|2661|1202|954|480|578|966|280|465|298|502|3188|1741|3188|1741|0|236|761|906|436|441|325|480|449|493|273|283|176|225|678|832|351|372|327|540|2161|2448|1501|1750|660|733|3028|1379|1758|835|1270|821|2047|1801|1330|1135|717|1020|286|274|186|243|100|125|1396|1470|1226|1358|170|278|38069|5789|15105|2664|22964|5074|5187|1633|3443|1279|1744|713|13226|4016|8376|2766|4850|1817|969|840|521|410|448|510|11464|4040|5284|2143|6180|2584|1382|1171|149|179|1233|1163|6921|2502|3055|1448|3866|1481|1845|1395|636|390|1209|1316|86663|7142|63704|6563|22959|3535|12389|3078|9265|2806|3124|1257|3207|1329|2482|1171|725|542|2834|1340|2834|1340|0|236|10426|3023|7600|2647|2826|1196|2744|1673|2630|1651|114|140|4622|2455|3466|1944|1156|817|247|249|247|249|0|236|293|288|171|204|122|191|2696|1341|2264|1178|432|349
330M700US348|17557962|1268|8685508|46842|6097561|40376|3687632|37991|2409929|32289|52080|6176|44543|5426|7537|1780|5163|2745|4525|2697|638|716|19805|3252|16838|3051|2967|944|25337|3522|19538|2966|5799|1668|37744|4140|34660|4039|3084|967|10627|2405|9981|2353|646|475|6716|1718|4981|1282|1735|1052|76519|9418|42799|6127|33720|5805|11651|2762|8829|2104|2822|1145|10048|2594|8193|2478|1855|895|20660|4109|12435|3294|8225|2883|205883|13139|113216|10273|92667|8315|135784|12238|87512|8876|48272|5813|21629|4225|15848|3305|5781|1692|53278|6938|42346|5920|10932|2822|25175|5193|17044|3952|8131|2169|19088|4719|12901|3354|6187|2016|19081|3974|11150|2530|7931|2446|21869|5145|15034|3820|6835|2411|28383|3849|21881|3200|6502|1602|13554|3451|12303|3243|1251|676|10312|2261|8524|2005|1788|802|7846|2139|6054|1838|1792|600|583133|19941|262423|11799|320710|13891|69183|5782|42597|4503|26586|2992|253922|12970|112473|7984|141449|8616|3281|1681|2410|1496|871|675|301780|12825|118407|7698|183373|9033|30879|4372|12786|2189|18093|2941|33978|4822|14977|2880|19001|3019|23254|4535|13279|2861|9975|2447|365185|17324|251608|13128|113577|7492|48254|6406|31987|4763|16267|3199|115904|10357|76731|7507|39173|5498|26429|4400|23016|4216|3413|1464|22671|6444|15754|5342|6917|2228|27532|5902|23729|5422|3803|1496|7489|2589|5979|2085|1510|1128|787|756|653|729|134|230|1967|1086|1560|1050|407|310|21033|4024|11465|2415|9568|2975
330M700US350|1435953|4301|1292390|10816|78764|4750|37193|4213|41571|4751|2006|1129|1592|1091|414|294|1239|1962|0|213|1239|1962|291|234|91|156|200|198|1528|1175|1335|1068|193|217|4338|1382|3976|1268|362|452|1188|657|1005|607|183|212|112|133|102|132|10|17|887|412|724|375|163|177|196|244|196|244|0|213|1411|605|1019|475|392|269|1245|973|502|382|743|756|0|213|0|213|0|213|671|560|484|390|187|219|2540|1707|1799|1234|741|668|2657|1630|1313|795|1344|1066|1425|904|1112|800|313|383|0|213|0|213|0|213|70|119|0|213|70|119|4218|1799|2173|1220|2045|1191|1155|1243|500|517|655|769|1206|964|760|653|446|487|1309|879|997|652|312|275|262|421|262|421|0|213|2577|1341|1668|867|909|604|712|468|185|191|527|447|1413|616|675|354|738|490|0|213|0|213|0|213|4341|2069|2188|1058|2153|1234|525|353|121|141|404|312|106|160|106|160|0|213|2412|2349|996|893|1416|1503|3279|1279|2497|1050|782|408|605|387|261|209|344|382|7580|3106|4152|1744|3428|1941|10|4|10|4|0|213|2656|2756|1394|1291|1262|1603|611|491|611|491|0|213|6404|4729|1391|1095|5013|4563|0|213|0|213|0|213|54|89|0|213|54|89|1560|1397|1480|1394|80|123
330M700US370|6934044|3070|3302310|28431|2809751|16470|1462352|24542|1347399|23099|62095|8021|45950|6646|16145|3398|332440|18720|181676|13427|150764|12938|22117|4256|18342|3990|3775|1135|95667|11504|63242|9604|32425|5185|14760|2528|12552|2384|2208|1012|5669|1804|5104|1607|565|422|6875|2672|6131|2581|744|526|41074|6465|23833|3854|17241|4019|10049|2930|7530|2340|2519|1353|3266|1345|2753|1155|513|320|13987|3667|7721|2195|6266|2594|1093|821|900|659|193|270|4210|1777|2820|1311|1390|1065|5107|2080|4172|1766|935|560|12691|4062|10940|3781|1751|969|7942|3019|5437|2124|2505|1359|702|494|647|457|55|97|9556|3511|5682|2357|3874|2002|3343|2052|2343|1591|1000|1002|13717|3140|9811|2364|3906|1642|2781|1144|2397|951|384|406|3539|1656|2897|1448|642|510|4257|1815|3501|1688|756|421|26617|5661|14177|3198|12440|3235|1741|709|1386|616|355|280|4115|1538|2867|1353|1248|628|523|856|124|195|399|667|12995|3342|4830|1615|8165|2500|359|343|199|241|160|200|2751|1484|853|520|1898|1391|10588|3690|6183|2267|4405|2147|15295|3285|11394|2536|3901|1511|1216|577|508|299|708|416|20628|5191|16596|4579|4032|1557|18225|3112|15852|3094|2373|964|1542|779|982|641|560|478|6156|4002|4091|2249|2065|1995|2843|2883|264|223|2579|2871|0|247|0|247|0|247|944|665|925|666|19|21|18508|3769|13803|3067|4705|1672
330M700US376|1943434|1224|1684696|9871|161833|6526|98642|6169|63191|4175|3017|1133|2589|1019|428|604|119|146|119|146|0|161|1172|686|1110|677|62|93|636|662|225|219|411|610|6771|1262|5325|1052|1446|667|445|306|229|181|216|229|1032|585|1007|574|25|40|3354|1420|1888|1093|1466|765|2234|1006|1989|987|245|219|3544|1987|1876|1041|1668|1249|2645|1603|1443|1021|1202|1154|95|151|95|151|0|161|329|283|286|266|43|72|1882|1369|1219|919|663|569|2161|1182|1890|1055|271|307|1591|939|1415|840|176|204|986|883|581|506|405|497|1221|964|1221|964|0|161|4243|2160|2731|1340|1512|1400|4865|1869|3062|1189|1803|1045|1308|966|1259|947|49|82|2496|1304|2184|1203|312|325|1217|781|973|654|244|234|4817|1302|2789|1088|2028|755|1199|1209|259|244|940|1168|1920|1083|1549|985|371|337|7810|2045|4967|1458|2843|1230|1214|709|243|224|971|662|59|101|59|101|0|161|2518|1399|1347|942|1171|789|8547|3513|3258|1776|5289|2541|4627|1417|3592|1321|1035|522|437|368|437|368|0|161|9290|3510|6526|2822|2764|1273|557|597|491|496|66|107|1080|1339|616|832|464|541|1258|852|894|612|364|382|1693|1078|1343|947|350|419|0|161|0|161|0|161|1961|1864|1961|1864|0|161|555|347|488|304|67|116
330M700US378|3919025|1497|3310874|18115|190305|8862|110385|7309|79920|6544|14368|2999|10643|2636|3725|1276|1338|1098|166|186|1172|1066|2527|1271|2151|1231|376|378|4717|1519|3879|1291|838|463|10398|2130|7711|1580|2687|1247|1621|690|1341|587|280|223|445|311|445|311|0|213|13838|3309|8173|2243|5665|2052|1917|661|1474|534|443|382|2742|1566|2073|999|669|704|6328|2004|3341|1107|2987|1560|281|322|281|322|0|213|2593|1196|1813|866|780|430|3012|1402|2298|1060|714|506|8158|2465|7379|2474|779|446|2084|1008|1947|972|137|135|608|664|279|327|329|388|3851|1493|3135|1294|716|422|4340|1546|3289|1155|1051|842|6035|1242|4334|1049|1701|631|6628|3300|5771|3027|857|687|3131|1258|2511|1125|620|477|2642|1093|2141|904|501|513|21241|2743|10934|1740|10307|2022|4364|1817|3173|1521|1191|873|4509|1274|2680|914|1829|718|71414|5979|45185|5219|26229|2995|17255|3286|9028|2291|8227|1828|4994|1589|2576|1069|2418|932|6850|2049|4065|1466|2785|1133|17364|4921|7404|2590|9960|3500|7902|2008|4471|1384|3431|1526|2401|970|1974|934|427|290|12813|4124|9394|3245|3419|1383|3402|2869|3305|2859|97|164|101762|10033|60311|8173|41451|5259|20849|4475|14185|3588|6664|2404|13101|3074|8886|2409|4215|1470|133|181|120|177|13|32|1573|690|1514|689|59|54|2317|1155|1939|988|378|509
330M700US400|2261112|3361|1969138|13737|173971|8856|83430|8121|90541|7567|6526|1715|5131|1331|1395|813|475|644|211|332|264|325|2001|1102|1546|880|455|395|1572|923|1572|923|0|230|4164|2242|3832|2218|332|271|3618|2156|2542|1625|1076|1134|647|624|647|624|0|230|908|576|820|572|88|116|1040|744|997|739|43|72|3120|2629|1979|1611|1141|1374|783|741|618|664|165|282|297|501|297|501|0|230|1387|717|828|467|559|471|2714|1458|2179|1276|535|303|5035|2652|4970|2633|65|111|1002|878|580|599|422|469|2060|2048|1381|1405|679|665|638|588|572|542|66|111|5677|3022|4062|2462|1615|926|4318|1391|2777|973|1541|716|2489|1373|1950|1293|539|487|1217|877|974|655|243|362|595|531|551|498|44|73|5263|1788|3616|1266|1647|748|1654|892|1015|803|639|493|4958|1648|3292|1473|1666|752|115|197|0|230|115|197|4404|1489|1320|754|3084|1195|103|183|0|230|103|183|5464|2217|2492|1282|2972|1495|1551|1213|835|595|716|688|4398|1735|3516|1494|882|561|739|623|698|623|41|78|21959|7759|7507|2623|14452|6725|1856|1754|667|995|1189|1367|4484|2584|1580|938|2904|1968|2151|1458|430|340|1721|1335|5537|3869|2530|1797|3007|3342|0|230|0|230|0|230|43|98|0|230|43|98|1041|765|473|348|568|609
330M700US405|2573697|1343|2031138|14210|285982|9157|171947|7639|114035|7388|17241|3391|14722|2979|2519|1093|10901|3766|7024|2598|3877|2101|14768|3262|10371|2818|4397|1409|19245|4948|12025|3525|7220|2225|5818|1529|4985|1452|833|505|899|524|760|447|139|162|3444|1337|3041|1306|403|285|6302|2156|4571|1748|1731|947|21130|3606|13461|3059|7669|1883|4861|2466|2825|1765|2036|1328|4489|2361|2999|1723|1490|970|468|457|87|102|381|477|3030|1352|2305|903|725|531|8748|2214|5353|1750|3395|1118|10596|2840|6853|1884|3743|2506|5634|2113|3804|1440|1830|956|563|594|475|483|88|147|2631|1331|1777|993|854|764|3089|1316|2662|1257|427|384|10757|3084|6391|2142|4366|1534|3645|1902|3446|1889|199|193|7016|2557|5846|2078|1170|759|3117|1943|2412|1536|705|497|22850|3484|10975|2445|11875|2808|1570|937|1145|758|425|311|4399|1515|2772|1162|1627|722|207|330|207|330|0|225|5485|1999|3038|1342|2447|1082|740|662|460|543|280|278|3747|1675|1459|706|2288|1314|1985|968|1677|789|308|342|6507|2065|5399|1920|1108|637|958|583|787|516|171|222|18053|6193|9400|3773|8653|2957|3234|1453|3058|1402|176|205|1026|963|680|638|346|368|8191|2543|6496|2176|1695|826|495|448|334|316|161|194|0|225|0|225|0|225|1302|1579|1055|1541|247|400|7436|2695|7138|2690|298|261
330M700US408|21118350|2111|12703680|53500|4208090|31277|2208058|32150|2000032|27676|166376|13082|124811|10585|41565|6327|224473|17994|128539|12573|95934|9019|145492|9265|108801|8415|36691|3952|161774|11833|97939|8286|63835|6407|55379|5134|51247|4976|4132|1217|233317|15081|111973|11305|121344|10833|78262|8010|57113|6415|21149|2958|243258|12972|114713|8555|128545|8295|130824|12063|74832|8532|55992|6470|28321|4473|20596|3576|7725|1820|76824|8677|42845|5758|33979|4885|10104|2991|6241|1867|3863|1704|30600|5623|17562|4133|13038|3554|87338|8911|54913|5729|32425|4668|155791|9703|129603|8670|26188|3135|108250|11589|70649|8326|37601|5190|50423|6703|27091|4123|23332|3742|195724|13599|96467|7992|99257|9298|54781|7002|37677|5632|17104|3993|110271|11251|72295|8449|37976|5224|52381|6875|44466|6522|7915|1566|32236|4328|28344|4049|3892|1206|49918|6105|34795|4113|15123|3118|751456|21526|303052|13311|448404|14611|44730|5997|24634|4397|20096|3151|156738|10728|75028|7178|81710|6619|0|213|0|213|0|213|24611|4054|12726|2323|11885|2532|3638|1991|1659|1143|1979|1440|8417|1982|4183|1227|4234|1372|78580|8411|42314|5527|36266|5857|145944|10729|107184|7790|38760|4907|19156|4739|12344|2866|6812|2417|177817|17217|108273|11182|69544|9954|76529|9721|62859|8280|13670|3134|15623|4093|10533|3433|5090|2212|142135|14123|107667|11691|34468|4987|17603|4399|13648|3526|3955|1822|298|376|68|75|230|369|1356|699|1215|633|141|153|59832|7379|40963|5540|18869|3381
330M700US416|1478445|875|1259084|9340|154252|7383|87918|7306|66334|6163|3074|1200|2277|1027|797|529|0|168|0|168|0|168|737|413|614|399|123|161|1359|1046|1229|1026|130|176|4116|2064|3860|2052|256|213|603|487|603|487|0|168|264|240|219|227|45|75|1143|794|1091|786|52|71|482|314|209|211|273|261|249|253|211|227|38|64|1295|1247|666|601|629|876|0|168|0|168|0|168|2802|1706|2455|1546|347|290|68|114|68|114|0|168|1201|911|1201|911|0|168|525|629|525|629|0|168|307|357|307|357|0|168|497|548|101|132|396|509|1968|1016|1709|969|259|252|646|483|568|400|78|128|1693|1702|1512|1670|181|223|221|259|221|259|0|168|837|481|599|385|238|197|5905|1960|3634|1333|2271|942|864|506|582|353|282|231|1983|996|1342|767|641|485|626|689|434|460|192|254|14363|2948|5820|1457|8543|2437|195|294|0|168|195|294|1694|852|908|610|786|594|945|865|513|467|432|411|2829|1106|1566|673|1263|642|1296|957|967|694|329|325|1700|993|1281|775|419|412|66|89|66|89|0|168|270|247|270|247|0|168|4291|2187|4093|2207|198|264|45|83|45|83|0|168|127|202|0|168|127|202|1834|734|1754|738|80|107|1989|1377|1921|1326|68|119
330M700US422|4449427|1678|3063202|26262|1014239|16221|608152|19016|406087|16491|18390|3528|15337|3156|3053|1102|88274|13315|52825|8936|35449|8021|6960|1869|5643|1739|1317|546|65952|11741|41332|8437|24620|5266|10752|2501|9814|2483|938|449|1738|1126|1315|947|423|415|1530|768|1074|568|456|411|10629|3293|6254|2477|4375|1444|2522|1011|2018|938|504|265|1950|1042|1257|721|693|459|4077|2089|2306|1316|1771|1130|432|551|432|551|0|247|1787|1143|1121|672|666|586|4691|2114|3356|1816|1335|718|6276|2818|3791|1590|2485|1679|5112|1759|4535|1723|577|358|965|843|918|828|47|78|1580|1053|1134|752|446|388|2449|1238|2128|1087|321|334|3430|1388|2418|1170|1012|849|3973|1682|3381|1351|592|503|2705|1410|2296|1292|409|581|3524|1711|2248|1004|1276|1320|19856|4142|11007|2693|8849|2263|2623|1849|1990|1496|633|535|5190|1661|2359|1101|2831|1040|0|247|0|247|0|247|18552|4332|8869|2563|9683|3179|1739|1360|697|907|1042|759|3379|1608|1554|659|1825|1233|2370|994|1157|701|1213|632|19399|3676|14102|2906|5297|2006|2232|885|1797|824|435|364|29624|7678|22096|5357|7528|4665|695|541|695|541|0|247|1179|884|583|564|596|630|2343|1382|1232|873|1111|951|4085|2590|3486|2582|599|654|52|78|0|247|52|78|0|247|0|247|0|247|8970|3515|6952|2847|2018|1189
330M700US428|7090657|1962|5779103|25041|609995|13043|360051|13342|249944|10858|26920|6454|16731|3888|10189|3747|29959|8142|16475|4861|13484|4796|22614|3442|17108|3136|5506|1322|20001|5122|12322|3259|7679|3127|18773|2822|15872|2392|2901|1063|11953|3449|10084|3157|1869|1035|12470|2734|9382|2218|3088|1020|42351|7382|20735|3961|21616|5519|16736|4667|9799|2826|6937|3012|2644|1240|2017|977|627|555|15370|4341|7642|2783|7728|2087|4089|1971|2932|1701|1157|775|6172|2842|3487|1606|2685|1574|22231|4454|14613|3233|7618|2097|22483|3637|18066|3087|4417|1502|17884|3939|13235|3198|4649|1584|12718|4657|7596|2508|5122|2469|17352|4021|7246|2420|10106|2346|6757|1914|6125|1981|632|348|13684|4108|8573|2966|5111|1977|18055|3923|15012|3532|3043|1271|7400|2234|6789|2146|611|506|16922|4361|11262|2831|5660|2593|89662|7947|38339|4055|51323|5909|3849|1201|2523|984|1326|627|25627|4173|11599|2730|14028|2570|0|213|0|213|0|213|42229|6812|14942|3066|27287|5182|7368|2635|2260|966|5108|2206|4221|2030|1389|1035|2832|1686|11974|3017|6219|1683|5755|2048|24236|3676|16321|2776|7915|1886|5570|2042|2899|1324|2671|1476|36228|9645|21596|5837|14632|4909|5040|1511|4721|1431|319|289|6566|2932|3365|2040|3201|2028|34688|6497|29142|5847|5546|2170|7112|2482|5079|2055|2033|1027|0|213|0|213|0|213|163|150|163|150|0|213|11488|5072|8826|4478|2662|1064
330M700US429|4956680|929|3693287|23166|933644|19174|610769|16407|322875|13319|12186|3410|10589|3118|1597|773|1067|1030|471|519|596|721|4645|1126|3529|975|1116|676|6639|1941|4985|1558|1654|1110|9749|2338|8246|2136|1503|615|3925|1904|3284|1768|641|680|2216|1039|2067|1030|149|150|3710|1240|2841|1090|869|432|4791|1637|3524|1410|1267|649|4601|1575|2562|1001|2039|1095|2952|1510|2018|1111|934|742|518|413|339|290|179|302|7009|2454|3621|1311|3388|1648|3117|1354|2069|1000|1048|884|11597|3932|9861|3609|1736|940|1584|735|946|505|638|411|5198|2553|4278|2028|920|807|2377|1100|1470|740|907|540|2738|1372|2002|977|736|712|12069|3896|9090|3043|2979|1466|12705|3550|10317|3159|2388|1422|7910|2709|7301|2531|609|421|6972|3334|4856|2438|2116|1998|31425|4404|17060|2963|14365|2717|5533|2051|2924|1281|2609|1359|14065|3536|8136|2677|5929|2203|1353|1773|1353|1773|0|237|23137|5186|11142|3176|11995|3034|2066|941|1168|743|898|594|3218|1992|2498|1481|720|631|5247|2401|3158|1439|2089|1121|26285|6124|19589|5428|6696|2053|8145|2860|6413|2277|1732|1334|20848|5011|13132|3141|7716|2871|2748|1485|2518|1372|230|376|11116|3595|5770|1723|5346|2588|7535|3043|5674|2714|1861|1046|14941|4915|9476|3157|5465|2799|8077|2154|6146|2010|1931|652|7286|1904|5818|1718|1468|709|6449|1903|4751|1409|1698|1407
330M700US430|2608595|2500|2450139|8889|37577|3580|25368|2974|12209|2285|4208|902|3452|858|756|363|2446|1301|1098|768|1348|900|6246|1496|4989|1303|1257|605|1901|1006|1615|791|286|383|10067|2497|8097|2362|1970|682|6881|1956|4942|1699|1939|704|2663|1087|1846|862|817|669|4193|1659|2303|995|1890|1093|1367|527|1047|434|320|241|2808|1395|2478|1356|330|228|3845|1817|2797|1629|1048|646|48|35|48|35|0|213|2014|754|1332|640|682|448|2267|1300|699|428|1568|1148|5862|1682|4191|1532|1671|722|2679|1631|2379|1581|300|474|984|596|804|525|180|183|648|527|648|527|0|213|9135|4011|5061|2493|4074|1910|2014|902|1572|719|442|471|4675|1524|3990|1476|685|551|3069|1178|3026|1183|43|74|1188|1028|1188|1028|0|213|11377|2205|6000|1191|5377|1637|1505|696|1103|607|402|273|2330|895|1271|577|1059|528|0|213|0|213|0|213|1915|1134|863|514|1052|974|160|205|35|53|125|199|1006|501|359|273|647|386|2669|1824|815|540|1854|1742|2385|1099|1617|787|768|606|781|812|407|326|374|523|7841|3142|5499|2229|2342|1330|2194|1988|2194|1988|0|213|714|506|466|331|248|397|3071|1933|2977|1926|94|86|1005|646|935|646|70|4|0|213|0|213|0|213|31|39|31|39|0|213|687|382|550|349|137|116
330M700US440|3164059|2291|2585766|16419|303501|9972|183156|9319|120345|6783|9961|2312|8823|2166|1138|522|154|194|0|213|154|194|1151|706|1050|727|101|132|3197|1050|2716|976|481|314|11419|1854|10300|1753|1119|629|2771|1372|2540|1290|231|240|913|523|719|407|194|225|27455|5719|17062|4686|10393|2493|1095|722|894|607|201|234|2945|1705|2772|1675|173|161|15382|4272|6205|2215|9177|3329|250|325|194|243|56|93|4480|1397|2411|866|2069|919|3634|1771|3194|1591|440|557|7060|2056|6379|1862|681|449|1872|1357|1394|1099|478|395|1869|1433|1653|1408|216|243|5702|2830|4268|2664|1434|932|4664|2266|2623|1092|2041|1874|13103|4053|8312|2850|4791|2046|4678|2230|2676|1185|2002|1587|1098|666|1007|637|91|153|1484|814|1390|804|94|151|28839|4430|15456|2914|13383|2352|10882|2544|6784|1626|4098|1599|13944|2962|7067|1930|6877|1764|4974|2209|2697|1308|2277|1317|28885|5408|13729|2749|15156|3632|1890|1208|1104|904|786|569|7015|3141|3626|1658|3389|2263|5690|2124|2866|1168|2824|1253|12474|3154|9762|2901|2712|945|10438|2665|7405|2495|3033|1080|10350|3604|7225|3097|3125|1266|890|478|783|488|107|126|3280|2359|2490|1886|790|578|2825|1522|2399|1216|426|483|2995|1608|1936|1162|1059|798|146|196|68|114|78|164|543|487|369|386|174|294|2395|931|1578|703|817|675
330M700US450|2304028|2000|1861831|13134|241670|7911|144184|7941|97486|6645|7432|2307|5810|1884|1622|1183|1248|696|1055|670|193|240|2451|963|1931|846|520|327|5296|2233|4617|1867|679|636|5383|1222|5039|1179|344|236|719|769|719|769|0|226|705|648|705|648|0|226|4946|1623|3310|1218|1636|1072|1436|854|1267|796|169|169|1186|893|1134|882|52|87|1889|703|1476|539|413|313|0|226|0|226|0|226|2617|1391|1908|925|709|658|7564|2390|5937|1760|1627|860|12955|3803|11293|3200|1662|899|3563|1931|2489|1348|1074|1096|750|620|682|583|68|110|2744|1380|2317|1160|427|373|7263|2858|5813|2080|1450|1181|3896|1642|3303|1200|593|562|17870|4877|14816|4285|3054|1537|7686|3130|7085|3029|601|349|5856|3088|5474|3030|382|292|26033|4803|14826|2944|11207|2914|5045|1980|3777|1725|1268|979|7568|2343|4185|1410|3383|1292|325|361|202|327|123|158|6274|2399|2725|1252|3549|1678|270|268|270|268|0|226|893|572|575|387|318|382|3650|1619|3013|1591|637|336|5561|3160|4204|3006|1357|753|1018|596|914|545|104|123|13596|4217|9217|3194|4379|1610|83|135|0|226|83|135|9567|4763|5225|2759|4342|2966|7031|3741|6437|3621|594|522|3549|1827|2768|1762|781|680|0|226|0|226|0|226|1128|1470|1077|1466|51|85|3481|2734|3220|2715|261|399
330M700US464|1091888|914|970732|6317|56592|4200|33384|3321|23208|2619|2931|1072|2407|890|524|425|634|538|532|516|102|125|5308|2008|3595|1526|1713|875|616|455|510|436|106|139|1844|804|1470|761|374|277|2848|1569|1855|1308|993|669|1768|1063|998|532|770|846|1967|914|695|360|1272|735|1828|1096|1118|777|710|567|1631|1222|1243|1178|388|291|4522|1960|2313|1042|2209|1115|0|220|0|220|0|220|311|227|263|209|48|85|521|319|457|306|64|83|1430|666|1313|644|117|106|1995|1184|1550|977|445|384|82|143|0|220|82|143|356|279|340|279|16|3|4708|2332|1655|854|3053|1749|2036|1134|1287|848|749|624|286|312|286|312|0|220|852|512|750|453|102|168|244|291|244|291|0|220|4890|1099|1728|549|3162|934|1339|743|889|503|450|426|347|323|138|187|209|198|0|220|0|220|0|220|1852|731|719|390|1133|474|601|650|199|252|402|559|211|178|104|134|107|174|2594|1309|1179|651|1415|730|1511|801|835|442|676|550|851|479|573|349|278|281|4244|1848|2739|1468|1505|700|700|509|658|506|42|72|4534|2108|2459|1314|2075|1421|1168|763|719|501|449|520|373|527|63|101|310|516|0|220|0|220|0|220|67|81|49|77|18|31|564|376|517|371|47|74
330M700US472|2605172|1458|1809769|19004|341080|12349|224824|11158|116256|7604|5668|1528|4739|1285|929|559|0|225|0|225|0|225|3194|1463|2124|1018|1070|625|4840|1860|3667|1502|1173|849|5398|1339|4331|1206|1067|452|1752|852|1655|806|97|153|1479|660|1278|610|201|196|41087|7287|15800|2869|25287|5774|1146|819|748|614|398|375|2310|825|1291|481|1019|571|25986|7091|10561|3428|15425|4900|5068|4304|3860|3669|1208|1027|26805|5333|13623|2856|13182|3644|3831|1619|2089|1133|1742|943|23158|3797|15524|3243|7634|2121|8697|2995|6419|2476|2278|1059|41383|7554|21133|3706|20250|5403|1328|878|1233|789|95|156|4852|1717|3655|1556|1197|817|17376|4495|11455|3869|5921|1867|6245|1979|5504|1810|741|454|2412|1164|2020|984|392|398|2413|1533|1913|1293|500|468|55694|6171|24926|3571|30768|4173|4807|1433|2910|826|1897|978|7889|1811|4753|1624|3136|1281|23723|4565|13213|3336|10510|2518|26201|4564|11655|2392|14546|3055|1894|1053|749|576|1145|807|4412|1557|2070|807|2342|977|8295|2751|4352|1791|3943|1402|48893|5109|32785|4245|16108|2729|7174|1838|4548|1321|2626|863|12295|3259|8409|2396|3886|1888|601|657|318|478|283|466|6909|3170|3103|2062|3806|1954|5768|3391|5768|3391|0|225|848|710|521|517|327|378|0|225|0|225|0|225|0|225|0|225|0|225|2492|956|1555|784|937|590
330M700US476|2761942|2354|2566027|10138|61249|4778|39212|4253|22037|3515|5611|1631|4518|1442|1093|712|154|192|89|144|65|117|1625|1129|1566|1125|59|69|2540|1239|1915|992|625|537|6180|1601|5491|1583|689|339|1705|1764|652|807|1053|1133|598|568|237|177|361|535|3895|1439|2265|1153|1630|771|954|565|780|543|174|181|14563|4149|9323|3069|5240|1485|2762|1715|1966|1222|796|1242|527|559|40|70|487|553|1392|787|798|482|594|569|3112|1773|2081|1206|1031|845|6638|2961|6348|2980|290|263|2997|1295|2337|1026|660|497|730|606|332|369|398|448|2424|1645|1567|1068|857|840|1614|867|1070|751|544|347|4253|1866|2611|1213|1642|1117|5601|1898|3836|1292|1765|894|2410|1195|2192|1089|218|213|738|571|655|557|83|136|16569|2980|8908|1608|7661|2323|2101|1166|1404|872|697|503|5521|1390|3288|1055|2233|792|0|213|0|213|0|213|9630|2972|4632|1718|4998|1761|225|265|139|230|86|145|826|752|717|742|109|100|3291|1711|2046|1078|1245|744|6268|1757|4144|1207|2124|965|1052|780|725|588|327|294|7606|3223|5996|2582|1610|983|575|625|575|625|0|213|1933|1117|1051|890|882|722|2500|1502|2358|1430|142|167|1868|1925|462|303|1406|1866|0|213|0|213|0|213|204|272|204|272|0|213|1474|924|1414|904|60|81
330M700US482|2690622|1863|2211523|13027|333006|10463|199204|8576|133802|8544|6588|1588|5439|1414|1149|686|1637|1494|806|673|831|960|2809|1242|2604|1209|205|204|15356|3047|12174|2870|3182|1101|7166|1962|6098|1767|1068|630|895|382|848|375|47|77|846|636|331|258|515|517|5780|1925|3089|1051|2691|1606|593|349|502|346|91|162|2686|1027|1880|761|806|562|3224|2034|2425|1878|799|640|713|653|616|652|97|160|1931|1285|1054|672|877|780|1144|1147|1071|1057|73|116|1919|1319|1919|1319|0|213|2414|1870|1536|1192|878|759|595|683|544|619|51|94|334|299|222|228|112|212|2236|2010|1039|968|1197|1147|3297|1406|2805|1251|492|453|2443|1164|1836|970|607|588|1192|881|987|792|205|208|630|651|630|651|0|213|15974|3018|9394|2153|6580|1753|5846|1880|4303|1452|1543|686|5685|2052|3607|1712|2078|983|452|415|369|371|83|143|7663|2316|4148|1561|3515|1303|991|596|661|430|330|275|3499|1332|1569|740|1930|820|5258|3799|2145|1623|3113|2296|6965|1798|5309|1223|1656|1075|11748|2763|7882|1883|3866|1565|5771|2487|3482|1586|2289|1322|141|250|0|213|141|250|818|857|558|540|260|347|1523|1336|1117|1260|406|373|3801|2162|1330|910|2471|1675|1355|732|1086|712|269|236|257|266|246|266|11|18|1918|974|1804|940|114|137
330M700US484|2674037|1641|1782387|23315|779142|21733|534854|16006|244288|13907|4080|2104|2826|1502|1254|886|462|526|249|300|213|299|713|603|456|373|257|294|1353|698|1188|694|165|178|8919|2730|7263|2267|1656|1182|1513|1352|442|385|1071|1323|766|700|766|700|0|242|1511|1015|1132|748|379|423|739|459|414|291|325|306|244|290|244|290|0|242|506|389|384|327|122|201|247|403|131|212|116|191|3714|1843|1336|862|2378|1491|1139|836|547|521|592|652|5508|2305|3728|2065|1780|1277|5696|3475|5198|3179|498|498|277|249|166|157|111|191|2223|1851|1237|1113|986|855|141|141|141|141|0|242|7706|4467|3693|2702|4013|3246|1798|1535|1710|1464|88|146|3208|2315|1295|953|1913|1946|719|724|392|369|327|424|5777|1898|2624|1193|3153|1258|4440|3013|3921|3039|519|431|4051|1558|2777|1411|1274|832|177|235|0|242|177|235|4617|2187|2603|1245|2014|1388|102|136|102|136|0|242|1008|490|216|194|792|446|5046|3158|2176|1764|2870|2250|12247|3471|9574|2835|2673|1423|2236|1444|2096|1396|140|178|8239|4105|6145|3275|2094|1394|79|130|79|130|0|242|933|723|525|563|408|429|4100|1765|3319|1585|781|871|5477|4122|2819|2719|2658|3100|0|242|0|242|0|242|220|261|220|261|0|242|577|572|495|550|82|138
330M700US488|8695153|1531|4731299|31820|1780528|20059|1042000|17979|738528|18593|46611|5250|41060|4898|5551|1362|1654|1098|1438|851|216|651|19518|3228|16475|2867|3043|1080|38265|3959|28540|3198|9725|1947|24842|3026|22261|2786|2581|1121|6527|1523|5957|1446|570|447|5660|1505|4732|1239|928|554|50144|5733|32773|4160|17371|2944|5811|1761|4718|1674|1093|575|8979|3298|6154|2624|2825|1276|13463|3344|8361|2067|5102|2101|2081|742|1566|642|515|268|67570|6576|44853|5617|22717|3492|25813|3976|20536|3584|5277|1544|157627|10128|131664|8939|25963|3626|24192|5484|17698|4549|6494|1799|77674|8440|44367|5663|33307|5510|11134|2542|9299|2195|1835|724|37876|5133|27861|3709|10015|3011|25846|4841|18608|3609|7238|2270|51738|6651|42617|5830|9121|2290|50057|6749|43739|5865|6318|2059|30799|4057|25194|3702|5605|1861|608270|20063|313504|14114|294766|12896|39527|5338|22558|3801|16969|3372|65190|6978|37384|4813|27806|3778|8172|2213|4824|1651|3348|1197|185920|13202|75252|7598|110668|8206|20508|4296|9999|2707|10509|2763|19172|4232|11353|3153|7819|1954|30456|6147|17728|3504|12728|4243|279670|12208|185960|9105|93710|6920|37030|4610|25693|3964|11337|2484|41075|7008|28976|5747|12099|3088|12475|3066|10839|2876|1636|817|25337|4387|16502|3508|8835|2603|8801|2939|6908|2432|1893|1065|6430|1922|5594|1627|836|538|130|147|54|62|76|133|2215|1116|1961|1022|254|359|9067|2707|5526|1598|3541|1741
330M700US500|4835727|1279|3650015|21978|330552|11998|200033|9423|130519|8880|20807|4370|16042|3066|4765|1978|731|536|269|246|462|445|5693|2406|5526|2404|167|161|13799|4440|8796|3061|5003|2295|16205|2485|14248|2354|1957|950|5048|1780|4785|1708|263|331|1829|776|1651|764|178|242|39373|6647|24140|4116|15233|3680|4499|1866|3491|1761|1008|542|5044|2439|3348|1932|1696|1024|32121|6917|14191|3820|17930|4435|1856|847|1098|682|758|413|20150|6292|9420|2965|10730|4403|6451|2135|5781|1913|670|466|43649|5307|39000|4888|4649|1411|9227|3697|7693|3032|1534|1048|15389|3955|8233|2295|7156|2530|5095|2019|3613|1517|1482|1199|12216|2804|9805|2454|2411|997|20320|4782|15281|3636|5039|1626|23868|5506|19982|4705|3886|1684|18229|4634|16524|4530|1705|724|10988|3248|9310|2628|1678|1017|149269|9743|86466|6848|62803|5383|24486|3737|17610|2898|6876|1637|54513|6546|26782|4198|27731|3969|982|615|805|558|177|180|63901|6620|26631|3924|37270|4522|15350|3801|7542|2650|7808|2143|13673|3620|6632|2112|7041|1927|11138|3138|7003|2128|4135|1846|61198|6473|40920|4646|20278|3660|25892|4810|17102|3319|8790|2463|23434|6697|17632|5665|5802|1870|3141|2109|2362|1435|779|992|38441|6996|23356|5634|15085|2865|12561|4132|8788|3198|3773|2269|14710|3370|10183|2813|4527|1502|117|160|70|135|47|79|2028|979|1477|711|551|536|7739|3038|5943|2271|1796|1114
330M700US532|693791|355|629842|5857|18351|1918|12099|1665|6252|1610|3101|1175|2088|798|1013|670|713|783|321|458|392|450|1572|560|1413|550|159|134|186|150|125|138|61|79|1654|640|1490|632|164|131|1068|522|753|418|315|274|397|311|289|261|108|187|1042|568|416|278|626|532|727|428|383|255|344|334|1913|1327|1099|741|814|740|2529|1132|1113|506|1416|921|152|213|152|213|0|220|1602|1408|731|519|871|987|562|613|509|553|53|93|624|536|624|536|0|220|765|531|299|243|466|505|380|255|380|255|0|220|315|311|247|251|68|116|408|422|195|198|213|262|555|388|555|388|0|220|435|482|435|482|0|220|119|187|119|187|0|220|0|220|0|220|0|220|3941|913|1789|528|2152|788|163|150|156|148|7|20|479|252|219|160|260|201|206|337|206|337|0|220|1855|884|989|525|866|577|497|437|152|220|345|369|211|330|0|220|211|330|1884|990|1062|628|822|727|1949|1175|1471|1015|478|396|39|64|39|64|0|220|5522|2501|3299|1358|2223|1558|278|206|230|185|48|91|3271|2185|1894|1552|1377|1024|559|643|462|640|97|92|3029|2909|50|84|2979|2915|0|220|0|220|0|220|55|84|55|84|0|220|841|616|455|399|386|469
330M700US536|1076787|421|768424|11033|246842|10052|167750|8333|79092|6622|4159|2132|3603|2196|556|468|211|275|149|258|62|96|991|858|875|724|116|182|1037|1006|365|499|672|593|2724|922|2504|903|220|220|577|408|577|408|0|237|149|193|149|193|0|237|2794|1524|1609|1122|1185|714|1503|1284|891|710|612|608|132|167|132|167|0|237|836|553|836|553|0|237|0|237|0|237|0|237|3466|2330|1491|826|1975|1772|512|607|512|607|0|237|1015|774|817|695|198|325|756|852|756|852|0|237|212|301|212|301|0|237|174|284|0|237|174|284|836|737|463|447|373|616|622|445|429|399|193|190|328|381|328|381|0|237|229|242|229|242|0|237|197|329|197|329|0|237|6971|2034|4022|1593|2949|1102|1370|791|820|701|550|411|1331|616|754|529|577|334|0|237|0|237|0|237|3385|1751|1970|1362|1415|701|255|325|235|296|20|35|410|335|158|198|252|241|1044|883|1034|883|10|3|4776|1965|2744|1152|2032|1324|1097|720|1053|705|44|78|6307|3593|4694|2393|1613|1536|437|322|347|289|90|155|918|903|580|629|338|333|861|715|535|568|326|314|3540|2195|3051|2068|489|456|3092|1284|2900|1235|192|290|1446|555|1254|539|192|200|821|715|735|696|86|145
330M700US538|1111063|1509|975950|5036|92528|4272|55762|3374|36766|2441|2132|731|1924|671|208|178|114|163|19|31|95|160|43|70|43|70|0|168|588|424|416|323|172|237|2170|633|1898|579|272|229|298|299|205|193|93|152|142|271|142|271|0|168|1929|1006|1082|693|847|476|140|130|118|111|22|36|192|185|192|185|0|168|1164|960|687|593|477|420|0|168|0|168|0|168|536|418|400|348|136|164|369|374|145|241|224|275|1043|647|888|630|155|141|1591|880|1029|535|562|503|45|79|45|79|0|168|221|363|144|235|77|132|306|306|245|289|61|96|482|261|361|220|121|112|162|249|162|249|0|168|35|71|0|168|35|71|260|282|210|258|50|87|1531|609|750|341|781|460|507|255|376|229|131|138|642|380|378|298|264|208|6908|1656|4002|1143|2906|1305|3171|1060|1128|589|2043|860|40|62|40|62|0|168|356|293|224|201|132|136|3529|1495|1101|645|2428|1000|2042|605|1169|456|873|341|1926|854|1504|679|422|217|2069|928|1334|601|735|490|719|986|719|986|0|168|179|174|179|174|0|168|406|283|406|283|0|168|813|532|813|532|0|168|277|319|277|319|0|168|2885|644|2714|616|171|171|623|485|494|434|129|148
330M700US545|1770381|4814|1595433|9448|79282|5313|53376|4656|25906|3483|7039|2274|5739|2079|1300|930|2097|1306|1087|627|1010|865|2802|1026|2282|773|520|580|1804|857|1652|758|152|258|4868|1226|4507|1140|361|274|242|164|242|164|0|213|796|437|762|432|34|50|2398|1284|981|459|1417|1097|945|687|670|633|275|218|865|596|550|438|315|339|889|713|746|684|143|195|0|213|0|213|0|213|1559|1024|591|440|968|703|1552|1035|1077|615|475|525|1648|960|1435|941|213|312|904|859|809|787|95|160|430|490|171|191|259|356|1188|1031|1090|966|98|162|20|38|20|38|0|213|1155|517|1032|508|123|153|229|235|229|235|0|213|1171|1061|1057|997|114|187|1051|1092|897|1076|154|289|4905|1693|2691|1138|2214|1205|2450|860|1402|735|1048|587|4745|1454|1930|778|2815|932|0|213|0|213|0|213|3966|1380|1528|666|2438|1055|510|382|286|299|224|262|1654|1183|476|363|1178|885|2552|2228|1288|865|1264|1569|24906|3798|17677|2808|7229|2045|803|549|623|500|180|178|3968|1822|2520|1344|1448|1106|479|588|453|566|26|42|1744|1167|1474|1119|270|256|4166|2215|3459|1897|707|547|1880|1247|1813|1244|67|84|67|85|22|38|45|74|135|154|102|128|33|63|1084|624|938|588|146|154
330M700US548|9658675|3616|7205934|31765|1105847|16160|606903|14029|498944|17117|89961|9499|69270|7754|20691|3440|19412|4264|14947|3631|4465|1822|14228|2648|11591|2365|2637|996|26267|4049|18166|2821|8101|2369|27821|4172|24868|3887|2953|1044|6824|1720|5612|1521|1212|664|8965|2133|7620|1968|1345|586|33446|5273|22535|3557|10911|2499|5950|1640|4212|1229|1738|849|4240|1713|3001|1238|1239|966|16823|3351|12225|2563|4598|1636|2951|1793|2088|1249|863|675|50136|6310|32795|4550|17341|3209|19016|4635|14776|3960|4240|1433|53028|6546|44794|6092|8234|1922|50480|7507|38056|6028|12424|3008|17841|5287|13897|4172|3944|1620|35964|7058|23140|4356|12824|3756|31079|5020|21301|3780|9778|2705|28861|4671|19640|3362|9221|2461|31344|6088|27591|5609|3753|1125|18564|3599|16281|3289|2283|830|8601|2249|7485|1936|1116|592|127140|9181|73785|5728|53355|6289|13663|2428|8224|1732|5439|1299|86507|8069|45192|4610|41315|4946|247|321|247|321|0|213|70304|9666|32930|5470|37374|5559|3758|1709|1234|870|2524|1116|11784|2609|6372|1496|5412|1615|29075|5146|18333|3412|10742|2580|66068|8299|47159|6530|18909|3722|11617|2531|7673|1830|3944|1330|69646|10191|52369|8242|17277|3094|7988|1862|7427|1873|561|375|102896|11741|67151|8942|35745|4895|98781|10400|83081|9104|15700|3423|18981|5126|14877|4004|4104|1752|31|50|31|50|0|213|1138|824|942|689|196|233|25468|5409|19753|4529|5715|2543
400C200US00970|579269|7912|497242|10283|24840|2783|16587|2721|8253|1629|2003|1044|1431|855|572|409|1664|1684|880|774|784|1093|1918|889|1048|545|870|636|731|669|360|331|371|409|1022|724|943|723|79|93|564|554|349|338|215|264|838|878|537|530|301|385|2260|1575|1666|1501|594|317|300|397|180|213|120|199|137|117|58|116|79|13|1104|680|297|222|807|637|397|571|397|571|0|220|642|599|346|334|296|428|1362|746|1108|687|254|316|3410|1693|2176|1085|1234|1042|2743|1204|1452|826|1291|801|958|1308|699|907|259|424|2787|1252|1283|711|1504|1021|157|205|157|205|0|220|2152|1181|940|455|1212|1019|1725|984|1292|829|433|325|789|465|789|465|0|220|2171|1210|1945|1021|226|360|8270|2393|4497|1732|3773|2001|561|555|413|457|148|195|1447|620|676|478|771|477|0|220|0|220|0|220|380|413|217|220|163|215|43|75|43|75|0|220|403|599|288|466|115|150|1929|1409|1406|1068|523|524|2495|1261|1535|768|960|769|0|220|0|220|0|220|2859|1441|1697|999|1162|777|347|361|201|202|146|179|305|277|138|153|167|215|4271|3626|2846|2285|1425|1413|815|668|815|668|0|220|48|83|0|220|48|83|0|220|0|220|0|220|1180|944|790|788|390|473
400C200US03817|4999934|17678|3836336|28841|572694|12702|330503|11075|242191|11178|34314|6220|28042|5512|6272|2274|22545|5229|15359|4001|7186|2597|3030|1337|2465|1272|565|339|21273|4519|14912|3445|6361|2432|11760|2563|10703|2345|1057|597|3649|1486|3538|1438|111|184|2148|1188|1714|1085|434|312|10427|2505|6551|1857|3876|1406|3167|1595|2480|1448|687|402|5443|1597|3914|1134|1529|813|6649|1942|5334|1698|1315|668|211|272|211|272|0|232|13774|3590|9073|2474|4701|1905|25550|4981|18065|4074|7485|2250|33536|4721|28146|4119|5390|1593|13052|3116|10445|2718|2607|1155|1855|1222|1434|967|421|344|10906|2724|7434|2150|3472|1242|13881|3930|9032|2470|4849|2400|7999|2548|6365|2194|1634|933|23121|4310|19271|3679|3850|1755|16020|4127|14482|4011|1538|1200|9372|3020|8520|2922|852|521|54612|5728|29770|4294|24842|3823|6370|1934|4286|1573|2084|989|46166|6502|23047|4072|23119|3771|874|886|728|815|146|164|45044|5798|16114|3430|28930|4335|4927|2079|2984|1599|1943|866|4212|1654|2543|1197|1669|749|11593|4360|7081|2974|4512|1748|10818|2482|8107|2077|2711|909|3321|1491|1799|914|1522|952|13189|4121|10743|3574|2446|1137|7231|3069|6685|2814|546|583|28405|7247|19590|5887|8815|2780|31706|5098|28691|4820|3015|1244|17863|6122|8594|3477|9269|4291|24|40|24|40|0|232|342|237|314|232|28|46|10525|3393|9111|2876|1414|956
400C200US04384|1834945|16543|1274477|18785|350798|13358|218027|11150|132771|12077|9317|2664|8150|2545|1167|577|2282|2741|1112|1146|1170|1769|1233|797|1058|746|175|181|8296|3231|5517|1667|2779|2355|2820|1077|2749|1068|71|72|3006|1747|2800|1709|206|203|191|235|63|105|128|210|4466|1603|2260|861|2206|1223|1661|1101|1304|804|357|447|1263|900|804|596|459|606|2443|1633|1646|1143|797|684|171|205|171|205|0|242|2479|996|1582|779|897|539|6565|2290|5281|1845|1284|811|16179|3278|14402|3302|1777|949|5953|1769|4052|1452|1901|965|1282|1065|1049|931|233|314|4692|1854|3912|1470|780|700|10197|4533|8577|3888|1620|1032|3473|1651|2227|1012|1246|1066|18393|4204|13879|3685|4514|1656|9304|2390|6884|1939|2420|1259|5288|1839|4426|1708|862|644|24688|4260|15011|2815|9677|2263|4393|2717|4098|2731|295|270|10219|2848|4743|1588|5476|2448|0|242|0|242|0|242|15585|4559|6288|2128|9297|3520|760|470|411|332|349|327|1213|782|834|606|379|398|3879|2501|3112|2038|767|723|3895|1455|3316|1329|579|530|1208|903|1056|858|152|187|8410|2782|6489|2216|1921|1288|4008|2256|3589|2081|419|509|1307|701|757|511|550|456|4690|2519|3705|1973|985|993|807|1034|350|431|457|650|0|242|0|242|0|242|1868|2417|514|785|1354|1647|1786|880|1699|879|87|150
400C200US04843|2077319|9431|1718027|16387|135304|8880|73039|5786|62265|6793|13703|4059|10038|3365|3665|1864|4134|2264|3867|2273|267|228|2613|1340|2298|1158|315|286|4370|2188|2669|1311|1701|1357|6590|2532|6136|2429|454|405|697|480|697|480|0|228|3447|1427|2847|1289|600|404|6756|2221|3863|1447|2893|1308|1574|971|1099|812|475|363|1379|1303|604|568|775|920|1333|733|855|568|478|520|224|260|224|260|0|228|4673|2003|3061|1563|1612|710|5657|3118|4486|2891|1171|721|6935|2297|5183|1823|1752|1088|8764|3505|4820|1725|3944|2413|1765|1192|1013|820|752|505|5418|3352|3437|1832|1981|1677|5078|2074|2969|1160|2109|1376|3107|1726|2361|1374|746|492|5669|2492|4929|2205|740|550|2664|1587|2094|1421|570|436|2120|1086|1793|958|327|282|22406|3893|10650|2315|11756|2476|2502|1007|1478|695|1024|617|18211|3566|9467|2123|8744|2364|194|313|194|313|0|228|7042|2424|3383|1294|3659|1560|318|337|134|180|184|184|937|645|809|548|128|171|5308|2855|3336|1897|1972|1088|15174|3222|11045|2751|4129|1272|1627|937|974|541|653|549|8593|2693|5205|2262|3388|1682|1445|724|1445|724|0|228|7168|2401|4771|1669|2397|1267|25907|6545|21943|5682|3964|1957|5085|2949|3205|2030|1880|1424|0|228|0|228|0|228|0|228|0|228|0|228|3401|1541|2547|1039|854|985
400C200US09271|4225703|12011|2952666|22910|466619|10204|253456|9541|213163|9872|33160|4050|26702|3141|6458|1627|79313|8575|44026|6781|35287|6032|17113|2486|12981|2061|4132|1276|159712|13859|78569|9368|81143|7757|10248|2129|9947|2107|301|238|2825|1369|2495|1317|330|268|15368|3617|11343|2739|4025|1850|30650|4309|21001|3571|9649|2003|5935|1534|4398|1499|1537|633|3337|1400|2381|1118|956|647|6323|1788|3952|1321|2371|1136|4447|1526|3071|1139|1376|849|7631|2284|6429|1971|1202|686|9267|2723|7326|2292|1941|943|29928|4791|26921|4622|3007|1036|4807|2293|4144|1972|663|513|2371|1323|1952|1215|419|390|10704|3096|6718|2105|3986|1883|11992|2407|8586|1706|3406|1155|21691|4366|12964|2597|8727|2592|10069|3309|7899|2374|2170|2080|8044|2391|7324|2160|720|537|4301|1398|3821|1324|480|402|134893|7797|70892|5226|64001|5846|6870|1926|4163|1187|2707|1141|16596|2998|10368|2084|6228|1656|756|930|448|452|308|498|31898|5375|14020|2829|17878|3966|17466|2989|8358|1724|9108|2044|6575|1944|2551|1048|4024|1465|8350|2840|6281|2511|2069|859|6811|1858|5131|1436|1680|825|4000|1956|2765|1133|1235|1095|32070|5049|22639|4253|9431|2287|9426|2844|8652|2810|774|538|8414|2805|5046|2015|3368|1284|10343|2696|7863|2165|2480|1023|14612|3305|11322|2986|3290|1384|0|213|0|213|0|213|348|337|131|177|217|294|7754|2504|6714|2407|1040|654
400C200US10162|897558|10250|622713|15510|161223|9047|85430|5925|75793|7323|8128|3533|7043|3007|1085|642|14201|4440|7762|2545|6439|2443|5779|1595|4085|1219|1694|944|15736|3454|8942|2328|6794|2180|2006|808|1728|718|278|271|658|555|658|555|0|213|2158|1425|1304|696|854|916|5332|1720|4037|1415|1295|671|3931|1234|2398|832|1533|868|1159|917|1006|766|153|195|5154|2192|3102|1331|2052|1184|40|65|40|65|0|213|363|299|181|185|182|180|1641|884|1141|577|500|387|3756|1805|3440|1689|316|436|1632|1076|729|626|903|627|1063|981|340|360|723|702|2403|1691|1286|962|1117|1136|714|723|677|719|37|63|2933|1274|2425|1095|508|393|734|709|734|709|0|213|1209|834|1209|834|0|213|472|390|432|370|40|68|11348|2834|6976|1565|4372|1795|1262|836|996|780|266|267|1654|947|975|587|679|460|0|213|0|213|0|213|1474|838|855|541|619|457|735|988|200|242|535|771|2214|1224|1065|677|1149|900|1006|650|840|536|166|206|3715|1523|2939|1193|776|469|0|213|0|213|0|213|3730|3215|2206|2333|1524|1147|524|362|412|324|112|149|0|213|0|213|0|213|820|473|687|428|133|172|774|1109|504|700|270|442|0|213|0|213|0|213|0|213|0|213|0|213|3164|1346|2301|1016|863|877
400C200US11350|887727|6507|781710|9900|27498|3171|20939|2924|6559|1564|3347|1952|2885|1892|462|363|202|182|200|182|2|3|2421|895|1959|787|462|372|1032|1106|122|200|910|1079|1092|537|837|411|255|332|280|222|160|165|120|143|1215|866|1070|837|145|239|2661|1858|1339|1253|1322|795|1109|568|685|364|424|369|607|668|236|307|371|376|732|422|321|312|411|253|643|608|464|535|179|288|1932|1515|764|919|1168|1033|219|366|22|44|197|364|1555|847|1472|848|83|135|2334|1393|1890|1230|444|387|1302|714|980|521|322|331|16415|4589|9280|3390|7135|2183|878|793|578|627|300|322|3043|2567|2204|2221|839|785|182|216|57|93|125|196|2127|1984|1300|973|827|1104|204|254|198|255|6|4|5116|1597|3197|990|1919|924|409|346|359|313|50|96|1486|804|1024|643|462|309|0|220|0|220|0|220|2106|1106|660|446|1446|744|0|220|0|220|0|220|97|126|30|50|67|116|4170|1830|2190|1022|1980|1177|1232|813|1079|771|153|176|598|732|151|127|447|724|8205|2409|4881|1624|3324|1179|436|417|410|415|26|50|4311|2141|3635|1849|676|582|1325|867|652|492|673|651|2997|2605|1785|1762|1212|1059|0|220|0|220|0|220|69|97|69|97|0|220|430|284|326|259|104|123
400C200US15670|1397771|9695|1083378|11856|190689|5306|94182|5155|96507|5464|7424|2559|4345|1379|3079|1780|2722|2212|1380|1165|1342|1141|2506|1919|1623|1529|883|1034|4606|1852|2897|1257|1709|1103|2301|770|2163|741|138|133|903|714|903|714|0|213|2385|1226|2041|1005|344|324|6764|1842|4592|1338|2172|1311|1376|757|1018|591|358|391|1799|1339|1403|1070|396|345|2595|1427|1658|1268|937|512|91|151|91|151|0|213|1176|891|589|537|587|650|5790|2315|4708|1899|1082|656|7853|2461|6819|2127|1034|646|1268|817|883|639|385|456|434|396|434|396|0|213|737|520|678|457|59|113|4163|1898|3080|1666|1083|706|2680|1665|2398|1616|282|235|10181|3214|5399|2062|4782|2084|2618|1751|2475|1697|143|180|2161|1147|1977|1159|184|197|7620|1936|4443|1298|3177|1234|1627|803|1136|646|491|433|3234|1459|1791|962|1443|867|1635|1250|903|732|732|865|6719|2597|2468|1074|4251|1796|2071|2239|1768|1891|303|394|2161|1303|607|491|1554|1070|4638|2034|2724|1329|1914|1115|2881|1277|2393|1102|488|381|2573|2004|1225|928|1348|1342|5509|2869|3241|1518|2268|1844|498|639|498|639|0|213|2637|1637|1552|1104|1085|912|3010|1653|2545|1550|465|556|1705|1647|1124|1565|581|610|0|213|0|213|0|213|65|103|0|213|65|103|588|390|430|326|158|171
400C200US16264|8161471|10653|5506730|30260|1533560|19229|922269|18382|611291|18278|24276|4294|18827|3807|5449|2123|3721|1702|2912|1471|809|561|23780|3902|17869|3312|5911|1577|9541|2553|7610|1916|1931|1400|18654|2885|16223|2553|2431|885|3659|1130|3193|1074|466|370|23365|4591|18371|4014|4994|1475|45155|5835|27118|4167|18037|3404|154157|12664|89367|8734|64790|5996|29078|4915|18529|3680|10549|2361|63851|8178|28099|4457|35752|5685|1808|1494|1218|1047|590|589|9625|3236|6537|2595|3088|1750|46797|6820|28611|5002|18186|3891|45801|6534|38007|5725|7794|2062|51906|8675|38249|6877|13657|3256|8381|2900|5591|1888|2790|1269|8269|3393|4613|1695|3656|2275|12478|3457|10168|2917|2310|1176|50521|8060|33392|6149|17129|3418|21300|4259|18886|4221|2414|942|13153|3581|11209|3035|1944|1072|17046|3604|12894|2713|4152|1395|103711|10040|51961|5402|51750|8011|11680|3369|7505|2650|4175|1314|41405|5746|21258|3492|20147|3305|231|226|151|178|80|136|20655|4693|8672|2326|11983|3105|1706|901|998|623|708|521|8879|2510|4559|1504|4320|1657|21532|4906|11213|3450|10319|2676|71758|7379|54603|6207|17155|3250|8675|4084|4650|2061|4025|3479|73164|10561|51714|8122|21450|4844|5328|1995|4788|1825|540|369|22116|5228|13736|3732|8380|2327|31094|7201|23983|5701|7111|2363|4353|1778|3009|1329|1344|1019|137|158|137|158|0|213|496|642|496|642|0|213|7939|2634|5006|1901|2933|1357
400C200US16885|1628558|10195|1466718|12717|59426|5504|32018|4732|27408|4828|11196|3734|6292|2352|4904|2458|125|204|0|213|125|204|1277|615|931|475|346|324|956|737|730|595|226|237|4907|1602|4738|1599|169|203|1128|930|942|882|186|292|872|556|608|453|264|213|5898|2519|3437|1740|2461|1129|1038|1101|1038|1101|0|213|1349|1819|1255|1808|94|166|1910|1595|1149|1332|761|840|0|213|0|213|0|213|3477|2060|2207|1540|1270|761|3390|2592|2964|2429|426|608|6331|2107|5088|1968|1243|857|1168|1001|1049|892|119|149|1115|865|932|669|183|248|1421|1225|1185|1139|236|398|5191|2843|2337|1282|2854|2084|595|312|595|312|0|213|4114|2427|3232|1799|882|804|2286|1915|2210|1916|76|116|885|599|296|235|589|547|6372|2093|4376|1831|1996|940|1651|870|823|517|828|668|2073|1033|1418|781|655|418|0|213|0|213|0|213|2186|1266|667|441|1519|1167|1294|961|474|508|820|694|291|449|291|449|0|213|2869|1300|1697|727|1172|924|3776|1319|2974|1229|802|582|925|560|561|534|364|132|7933|3370|4454|2217|3479|1763|94|158|94|158|0|213|1765|1381|873|685|892|997|5851|2668|4506|2315|1345|794|3563|1877|2953|1770|610|404|0|213|0|213|0|213|148|190|54|96|94|161|994|613|746|546|248|302
400C200US17668|1607796|9469|1420344|13379|63824|5203|41296|4409|22528|3061|3901|1472|2173|933|1728|1190|770|727|244|377|526|837|4266|1461|3265|1075|1001|643|2185|935|1483|779|702|550|3584|969|2592|734|992|559|1646|2160|180|168|1466|2153|1855|932|972|566|883|556|4690|1416|2921|1018|1769|832|3161|934|2713|779|448|329|4436|1326|2564|784|1872|771|14357|5331|5082|2127|9275|3790|200|187|118|137|82|138|1172|784|1001|768|171|139|4208|1701|3122|1308|1086|785|2464|1181|2339|1147|125|194|970|1148|845|1015|125|157|1599|1373|589|517|1010|923|1302|926|1196|831|106|138|5164|2382|1346|731|3818|2281|8629|2599|6488|2151|2141|1002|2823|1542|2521|1484|302|252|1708|1188|1315|824|393|422|648|424|648|424|0|211|10302|2142|4715|1552|5587|1669|1278|780|794|630|484|493|1993|1060|734|490|1259|887|0|211|0|211|0|211|4877|2014|1481|877|3396|1684|259|271|0|211|259|271|998|927|301|495|697|682|1810|1113|678|514|1132|866|2161|1062|1762|877|399|273|211|194|133|151|78|125|15567|4005|10841|3518|4726|1513|1160|650|1160|650|0|211|1581|1680|1147|1257|434|475|2110|1084|1482|685|628|734|1572|1080|755|574|817|758|52|81|52|81|0|211|87|109|87|109|0|211|1872|837|1454|702|418|344
400C200US19234|1534270|7266|1270078|13554|80546|6115|41751|4825|38795|4870|12743|3338|8120|1944|4623|2475|8898|3885|4982|2469|3916|2263|1407|713|1100|570|307|248|4599|2577|2577|1607|2022|1358|3626|1239|3362|1190|264|232|327|238|272|220|55|94|675|610|675|610|0|211|4174|1618|2290|1092|1884|784|838|519|713|498|125|152|293|238|247|201|46|74|2822|1510|1250|741|1572|1123|0|211|0|211|0|211|2437|1395|1763|1108|674|455|5180|2053|4007|1650|1173|882|7900|3531|6629|2860|1271|1282|1701|888|1375|795|326|405|528|588|132|192|396|557|2222|1614|1516|988|706|733|17840|4544|8602|2582|9238|3292|2208|892|1723|779|485|360|5592|2687|4098|2082|1494|1588|2615|1292|2343|1228|272|372|624|385|624|385|0|211|16571|3151|9761|2144|6810|1745|5458|2672|2449|1614|3009|1621|3797|1443|2616|1147|1181|716|21|39|21|39|0|211|1718|1147|606|467|1112|814|1664|1475|840|852|824|694|1213|694|566|456|647|483|3202|2997|1320|888|1882|2449|2482|1289|1880|1033|602|462|142|200|132|199|10|2|15299|4459|8160|3331|7139|2354|253|342|53|88|200|334|22757|5433|15581|4779|7176|2371|13227|4337|10542|3903|2685|1303|4048|2244|3735|2177|313|372|0|211|0|211|0|211|236|389|236|389|0|211|2309|2017|1694|1518|615|573
400C200US19504|503040|7686|343752|8481|45951|7083|27987|4150|17964|4553|3338|1532|3042|1558|296|226|37|63|37|63|0|225|760|424|675|399|85|146|2654|1210|2174|1010|480|456|1395|608|1335|589|60|101|176|185|176|185|0|225|174|201|174|201|0|225|5451|1929|4013|1416|1438|863|597|419|436|401|161|205|825|867|780|855|45|75|3931|2473|2642|1784|1289|1433|192|171|115|114|77|129|11032|2704|6127|2072|4905|1922|2403|1435|2295|1393|108|179|9623|1907|8183|1732|1440|778|1627|1052|1201|891|426|468|1789|1019|1403|811|386|528|653|840|533|652|120|195|3252|1505|2773|1322|479|416|1985|1071|1524|967|461|414|5017|2091|4781|2072|236|277|4757|2442|4285|2316|472|463|1978|1012|1865|987|113|138|22847|3664|14544|2661|8303|1921|979|533|581|393|398|320|5673|2007|2550|1184|3123|1155|0|225|0|225|0|225|2138|849|1034|468|1104|650|207|218|55|91|152|148|692|592|305|440|387|395|1391|1187|848|689|543|587|8506|2321|6688|2216|1818|704|1006|574|427|257|579|418|3841|2322|2235|1563|1606|1459|503|648|503|648|0|225|796|745|511|654|285|345|0|225|0|225|0|225|954|846|954|846|0|225|0|225|0|225|0|225|0|225|0|225|0|225|158|191|155|191|3|1
400C200US22042|5593664|13681|3568223|31044|1402696|24309|814476|18700|588220|18054|26752|6624|19916|4951|6836|3670|1261|1002|299|385|962|916|2341|1159|1597|927|744|618|10756|3216|7170|2297|3586|1641|7859|1939|7399|1909|460|279|1642|937|1540|896|102|171|481|388|481|388|0|242|5992|1731|4043|1318|1949|800|2421|1041|1940|934|481|403|3959|1779|2665|1262|1294|777|2425|1109|1869|982|556|441|593|486|593|486|0|242|13057|3781|8848|2309|4209|2336|17650|3370|13647|2682|4003|1606|38641|6385|32949|5801|5692|1823|25846|4985|18735|3360|7111|2905|6784|3110|5114|2424|1670|902|9902|2779|6676|1809|3226|1425|32034|5976|21634|4576|10400|2944|8613|2647|6141|1948|2472|1413|31256|4972|26861|4613|4395|1341|16809|4678|14655|4360|2154|903|22718|4486|16200|3245|6518|1731|52154|6696|31272|5038|20882|3208|3917|1421|2152|906|1765|835|25419|4495|12311|3041|13108|2780|727|481|383|359|344|354|74879|7451|35703|5122|39176|4475|3945|1859|1565|774|2380|1465|8946|2255|4690|1507|4256|1214|9022|2893|3563|1477|5459|2126|15973|2762|11299|2016|4674|1349|4511|1529|3423|1265|1088|625|46691|8757|31895|7099|14796|3918|1420|847|1221|655|199|346|27495|8909|15879|4204|11616|6120|30166|6538|26709|5707|3457|1926|23600|6220|14215|4864|9385|3791|0|242|0|242|0|242|93|122|93|122|0|242|3995|2432|2185|1057|1810|1623
400C200US23527|2571603|10191|2010185|17913|364665|13693|221491|11072|143174|10536|11231|3668|7834|2298|3397|2351|177|210|177|210|0|224|2497|867|2185|817|312|303|6964|1719|5207|1330|1757|892|8485|1907|7885|1848|600|368|3054|1718|3029|1720|25|41|491|360|448|354|43|69|13774|3396|8572|2548|5202|1785|1858|844|1527|751|331|281|1546|728|1099|661|447|375|4507|1708|2656|1066|1851|1085|126|163|126|163|0|224|5171|2489|2348|1365|2823|1646|1753|1342|725|537|1028|1135|8033|2394|6878|2080|1155|644|949|986|725|716|224|310|1571|995|529|457|1042|709|585|317|439|287|146|257|6876|2974|4653|2403|2223|1197|5265|2594|3973|2090|1292|821|2654|1398|2483|1340|171|175|1792|1020|1346|835|446|615|1193|737|1140|709|53|84|18033|3752|10067|2140|7966|2632|2994|1105|1804|887|1190|579|10839|2913|6423|2067|4416|1989|2250|1376|1187|784|1063|711|11616|2882|5944|1844|5672|1764|759|587|382|302|377|326|3270|1606|1777|1011|1493|809|3363|1498|1837|852|1526|989|5797|1783|4367|1174|1430|1003|3741|1894|1829|658|1912|1693|9302|2689|5856|2052|3446|1535|2199|1374|2077|1318|122|206|16526|5791|7952|3364|8574|2948|7625|3155|5854|2753|1771|1234|5741|2798|2806|1491|2935|2138|277|305|277|305|0|224|266|245|166|151|100|164|1603|761|1196|665|407|347
400C200US23824|3566160|9486|2926087|18741|137968|6206|76619|5751|61349|5626|7944|1985|7205|1910|739|461|710|696|197|246|513|633|9497|1941|6291|1537|3206|895|6926|1878|5285|1624|1641|797|11204|2551|9381|2284|1823|959|1252|679|986|529|266|268|4476|1487|3374|1238|1102|512|5677|1759|2959|1125|2718|1145|9857|2715|6688|2381|3169|1106|6482|2655|4464|1944|2018|1158|14517|4572|9828|3138|4689|2202|831|777|831|777|0|187|1971|1038|1221|609|750|808|7910|3050|5748|1930|2162|1441|15203|3507|10939|2686|4264|2156|11443|3775|9253|3274|2190|1135|5722|2643|3879|2317|1843|1038|31107|5408|13683|3306|17424|4293|9322|2612|8026|2152|1296|778|32136|5063|20956|3938|11180|2218|15300|4385|12116|3313|3184|1995|8613|2605|7272|2471|1341|708|10293|3106|8299|2485|1994|1038|21673|3692|11606|2481|10067|2154|7122|2146|3347|1015|3775|1731|9889|2077|5376|1666|4513|1262|2608|1304|1136|716|1472|742|8770|2700|3701|1308|5069|1964|149|192|0|187|149|192|2076|934|1250|722|826|613|1268|849|860|722|408|434|11058|2549|8375|2052|2683|1169|242|208|182|190|60|105|173610|11075|95936|8533|77674|6954|1316|775|1132|728|184|294|25190|5486|15663|4156|9527|2214|5848|2095|4783|1806|1065|538|1031|839|557|465|474|611|0|187|0|187|0|187|48|65|35|61|13|23|1814|932|1661|841|153|151
400C200US37243|941826|6671|700601|11463|123416|6133|77995|4923|45421|4675|5579|1470|4558|1341|1021|558|3394|1801|2135|1595|1259|736|6400|2697|4356|2208|2044|1120|6111|2115|3253|1181|2858|1318|1849|947|1518|853|331|277|466|403|401|358|65|108|1729|1060|1416|998|313|275|3263|1582|1933|1014|1330|948|12897|2555|7420|2132|5477|1355|3288|2150|2303|1741|985|702|2516|1920|1764|1519|752|552|381|477|0|225|381|477|1258|1226|875|813|383|444|2073|1009|1065|674|1008|710|7453|2547|4774|1723|2679|2412|4599|2059|2979|1344|1620|948|0|225|0|225|0|225|940|667|744|555|196|188|1601|803|1428|698|173|195|3970|1600|2236|1063|1734|952|1992|1117|1793|1091|199|193|6349|2448|5179|1967|1170|759|3117|1943|2412|1536|705|497|5851|1816|3121|1124|2730|1211|1066|830|704|656|362|293|1707|888|1129|712|578|400|0|225|0|225|0|225|3286|1550|1455|828|1831|952|0|225|0|225|0|225|2125|1364|668|489|1457|1063|1012|737|833|601|179|294|3691|1870|3061|1746|630|536|413|327|360|261|53|92|5569|2475|2675|1348|2894|1468|844|634|844|634|0|225|165|279|71|128|94|159|5122|1867|3799|1444|1323|759|173|244|173|244|0|225|0|225|0|225|0|225|954|1535|954|1535|0|225|4606|2307|4444|2301|162|238
400C200US40429|5820867|27397|3228628|38794|1884427|28823|1005637|26442|878790|21783|29078|5946|24198|5221|4880|2222|2926|1752|2625|1693|301|378|4331|1727|4107|1640|224|266|16056|4142|12856|3628|3200|1509|7701|2055|6966|1959|735|461|3183|1057|3135|1044|48|80|1905|794|1404|731|501|437|14131|3851|9283|3031|4848|1970|2747|1282|2369|1169|378|366|2734|1736|2691|1718|43|71|2919|1633|2716|1516|203|237|1469|1065|1353|1106|116|183|18004|4103|12152|3203|5852|1985|11864|3521|9472|3273|2392|930|33191|8037|28994|8068|4197|1486|46274|8900|37631|7691|8643|2348|2429|1174|1931|1111|498|352|8277|3433|4974|1953|3303|2395|9949|3124|8568|2714|1381|828|12283|4397|7621|2479|4662|2610|21286|6437|17692|5418|3594|2088|9635|3654|8243|3425|1392|933|25267|5051|20693|4584|4574|1374|85682|8662|40972|4499|44710|6124|4881|1709|2984|1308|1897|950|15032|3156|8745|2276|6287|1874|245|297|151|187|94|156|123065|11896|49824|5871|73241|9235|4647|2388|1432|922|3215|1778|3935|2035|1119|627|2816|1817|8633|3358|3203|1221|5430|2958|39039|7632|31659|6994|7380|2356|6953|2165|4200|1247|2753|1291|40617|10957|32833|9887|7784|2356|2315|2311|1599|1435|716|955|5778|2192|5253|2204|525|421|58241|9024|50679|8262|7562|2276|14199|6141|11150|4304|3049|2516|22|40|22|40|0|242|343|281|343|281|0|242|6546|2246|4227|1645|2319|1165
400C200US41212|1655438|9191|1386296|14480|132220|6634|70304|6504|61916|5989|4586|1936|2401|1010|2185|1320|11683|5221|3679|2289|8004|4110|158|177|106|152|52|89|520|511|402|336|118|198|3141|1275|2670|1200|471|301|2236|2314|656|753|1580|2236|419|264|355|240|64|107|1043|629|577|481|466|383|1329|1918|555|679|774|1260|1030|641|991|630|39|64|1030|763|1030|763|0|211|329|465|191|248|138|223|3595|2622|3101|2256|494|645|2556|1342|2100|1189|456|349|6020|1801|3884|1287|2136|1423|1399|874|612|564|787|665|9195|3681|6123|2868|3072|1495|660|564|453|453|207|217|1504|1051|1128|800|376|377|3366|2588|1489|806|1877|2391|4730|1742|4354|1675|376|426|2251|1378|1643|911|608|712|1046|712|872|659|174|217|11227|3111|3695|1323|7532|2294|1610|1600|427|487|1183|1198|2741|1055|1229|790|1512|683|0|211|0|211|0|211|2367|1242|466|342|1901|1116|198|253|198|253|0|211|348|377|105|176|243|280|13148|2943|5877|1809|7271|1862|4333|1728|3677|1616|656|546|1022|596|571|433|451|345|6895|2876|3675|1772|3220|1633|822|700|822|700|0|211|3401|2225|1537|1183|1864|1460|19884|6621|14629|5698|5255|2457|4501|2891|2238|1478|2263|2554|0|211|0|211|0|211|0|211|0|211|0|211|599|492|379|303|220|349
400C200US42346|1260587|12993|1042184|15398|103760|6973|60713|5172|43047|5206|4802|2083|4120|1936|682|569|14823|5742|6029|3026|8794|5012|946|791|770|567|176|283|9616|4197|6206|3099|3410|2669|2120|1157|1914|1153|206|160|326|287|233|246|93|157|1155|1232|688|697|467|600|4188|1817|3324|1554|864|622|1715|1097|881|684|834|1160|957|626|580|431|377|299|2362|1384|1413|860|949|790|78|133|78|133|0|247|634|597|408|449|226|315|366|333|230|239|136|199|823|643|823|643|0|247|1071|986|950|851|121|199|137|160|137|160|0|247|455|569|455|569|0|247|1168|1290|697|596|471|794|7985|4642|3682|2154|4303|3695|3948|2344|3153|1797|795|741|930|733|563|498|367|489|362|430|362|430|0|247|5828|2661|2395|1279|3433|1839|1091|635|719|537|372|336|1210|754|331|350|879|521|167|264|167|264|0|247|6708|2823|3449|2121|3259|1432|970|695|503|460|467|358|78|132|0|247|78|132|6880|4061|3213|2021|3667|2601|15262|2872|10049|1860|5213|2014|723|595|370|321|353|470|8775|4430|5103|2147|3672|2765|444|453|444|453|0|247|1234|1065|899|974|335|414|766|595|677|576|89|157|1506|1623|672|1026|834|1222|0|247|0|247|0|247|0|247|0|247|0|247|2034|1129|1886|1103|148|201
400C200US43912|1613455|8842|1377328|14643|138598|6816|82829|6014|55769|4471|6197|2208|4006|1478|2191|1152|1897|1347|473|499|1424|1278|1252|594|1027|575|225|221|1210|593|974|556|236|206|3447|951|2960|879|487|292|722|444|722|444|0|213|263|364|263|364|0|213|2524|1322|1395|745|1129|978|683|503|360|377|323|315|1534|1362|616|550|918|898|363|328|231|296|132|123|0|213|0|213|0|213|1840|1172|1129|906|711|503|1566|1065|482|361|1084|989|2864|1535|2562|1500|302|293|3118|1481|2223|1026|895|574|695|642|399|410|296|320|427|449|217|253|210|248|1644|1201|1427|1114|217|226|1442|1010|964|852|478|427|4997|1897|4375|1671|622|582|392|343|392|343|0|213|2479|1403|1452|682|1027|1152|6285|1688|3281|1139|3004|1006|1078|638|745|507|333|373|2509|1441|1542|946|967|697|2721|1476|1269|713|1452|964|5007|1585|2792|1261|2215|913|65|104|0|213|65|104|1582|1052|759|527|823|742|6176|2773|2903|1514|3273|1609|3427|1157|2495|846|932|730|1513|1199|1144|1168|369|266|4635|2305|2997|1750|1638|941|113|141|113|141|0|213|10140|3913|7378|3198|2762|1181|2289|1772|1701|1373|588|837|7363|5957|5416|5128|1947|1633|29|46|29|46|0|213|151|123|151|123|0|213|890|794|711|774|179|221
400C200US47995|2174615|8215|1406812|18458|508965|15109|299608|11409|209357|11927|5149|1445|3988|1253|1161|819|189|257|189|257|0|236|3546|1567|2869|1481|677|507|12430|5548|9024|4511|3406|2177|5856|1750|5348|1678|508|342|1038|549|1038|549|0|236|2319|1706|2166|1688|153|243|3733|1767|2279|1145|1454|1166|3261|1446|1877|931|1384|1125|1391|845|818|578|573|430|3270|1644|2204|1199|1066|769|2201|1402|1547|1257|654|446|3615|1352|2661|1202|954|480|578|966|280|465|298|502|3079|1745|3079|1745|0|236|761|906|436|441|325|480|449|493|273|283|176|225|678|832|351|372|327|540|2161|2448|1501|1750|660|733|2987|1381|1717|835|1270|821|2047|1801|1330|1135|717|1020|286|274|186|243|100|125|1396|1470|1226|1358|170|278|35397|5902|14045|2648|21352|5111|5027|1624|3330|1269|1697|705|12847|3929|8160|2724|4687|1775|969|840|521|410|448|510|11367|4033|5218|2127|6149|2583|1382|1171|149|179|1233|1163|6290|2418|2579|1363|3711|1444|1582|1351|469|340|1113|1305|84279|7299|62052|6501|22227|3601|11967|3082|9067|2817|2900|1230|2839|1242|2114|1064|725|542|2826|1341|2826|1341|0|236|10426|3023|7600|2647|2826|1196|1976|1328|1862|1290|114|140|4243|2378|3115|1862|1128|801|247|249|247|249|0|236|58|105|58|105|0|236|2696|1341|2264|1178|432|349
400C200US51445|11397741|17587|5123002|41640|4070477|30316|2368252|30161|1702225|24793|40126|5797|34077|5078|6049|1658|4741|2743|4157|2661|584|715|15466|2974|12821|2799|2645|838|18146|3029|13881|2588|4265|1364|25347|3101|23561|2988|1786|564|5686|1363|5395|1336|291|248|5176|1393|3705|1009|1471|1012|63995|9165|33163|5491|30832|5828|7782|2271|5941|1782|1841|877|7583|1784|5827|1567|1756|885|13623|2584|8016|2196|5607|1396|194191|12796|104385|9807|89806|8222|95577|9961|60360|6862|35217|5365|16498|3735|12282|2998|4216|1395|38318|5599|30071|4587|8247|2397|16861|4152|10969|3119|5892|1811|10239|2766|6650|1838|3589|1459|14759|3279|8448|2151|6311|2008|16160|4026|11026|3183|5134|2016|19274|3109|15094|2633|4180|1348|9446|2870|8835|2846|611|433|6173|1686|4787|1374|1386|688|5408|1868|4357|1497|1051|545|481440|16900|213650|10510|267790|11599|60451|5026|37553|3982|22898|2678|220249|13123|96777|7876|123472|8633|1775|1310|1035|1021|740|665|266310|12069|102928|6978|163382|8996|25320|3691|10365|2046|14955|2399|25810|3847|10942|2073|14868|2784|19441|4690|10656|2788|8785|2543|266447|12804|184039|10450|82408|6279|33161|4918|22000|3942|11161|2355|73011|8218|47175|5504|25836|5146|23356|4179|20335|3906|3021|1461|18582|5675|13072|4738|5510|2036|16335|3509|13381|3075|2954|1439|4969|1869|3941|1627|1028|889|636|729|636|729|0|225|593|609|538|590|55|93|15801|3550|8738|2045|7063|2732
400C200US56602|6059235|9070|2638553|27965|2664869|16260|1372323|24080|1292546|22445|55611|7633|39775|6030|15836|3403|303681|17618|165949|13170|137732|12110|20579|4197|16981|3918|3598|1102|90542|11322|58995|9396|31547|5172|12444|2063|10334|1880|2110|1005|5337|1794|4788|1595|549|419|6696|2637|5952|2546|744|526|39849|6286|22691|3694|17158|4013|8575|2693|6502|2162|2073|1310|2323|1065|2004|980|319|223|12671|3433|7096|2144|5575|2239|1029|804|836|639|193|270|4210|1777|2820|1311|1390|1065|4402|1832|3467|1470|935|560|11984|3842|10233|3557|1751|969|7109|2711|5085|2031|2024|1125|702|494|647|457|55|97|9321|3492|5447|2307|3874|2002|2198|1673|1871|1429|327|453|12672|3116|9357|2349|3315|1585|2351|1086|1967|878|384|406|3425|1634|2783|1423|642|510|4111|1804|3355|1680|756|421|25552|5400|14119|3202|11433|2937|1359|546|1004|428|355|280|3471|1324|2277|1118|1194|633|523|856|124|195|399|667|12134|3283|4270|1479|7864|2503|359|343|199|241|160|200|1348|780|651|474|697|540|10116|3738|5900|2231|4216|2211|12878|3238|9956|2481|2922|1358|1048|604|508|299|540|425|19745|5200|15998|4564|3747|1540|17840|3091|15601|3081|2239|937|1514|778|954|641|560|478|6076|3999|4011|2242|2065|1995|2708|2880|170|185|2538|2873|0|247|0|247|0|247|530|430|511|430|19|21|16790|3506|12719|2892|4071|1463
400C200US57466|1217018|6144|1009733|11619|123637|5245|73590|5570|50047|3851|2304|906|1929|738|375|600|119|146|119|146|0|161|595|344|539|329|56|93|636|662|225|219|411|610|4093|1093|3087|942|1006|538|217|217|93|120|124|167|825|554|800|542|25|40|2719|1299|1611|1053|1108|626|1099|611|916|557|183|196|3237|1809|1569|959|1668|1249|2520|1562|1326|968|1194|1153|0|161|0|161|0|161|329|283|286|266|43|72|914|799|674|621|240|315|2161|1182|1890|1055|271|307|1413|865|1237|765|176|204|986|883|581|506|405|497|1138|956|1138|956|0|161|4117|2167|2605|1350|1512|1400|4329|1803|2620|1125|1709|1029|1308|966|1259|947|49|82|2376|1330|2064|1227|312|325|1217|781|973|654|244|234|3813|1160|1882|852|1931|743|995|1171|55|88|940|1168|1718|1071|1347|982|371|337|7436|2031|4760|1458|2676|1226|1214|709|243|224|971|662|59|101|59|101|0|161|2049|1355|1120|910|929|762|8483|3500|3194|1760|5289|2541|2999|1252|2083|1128|916|518|437|368|437|368|0|161|9242|3517|6478|2832|2764|1273|504|597|438|495|66|107|990|1326|616|832|374|517|1107|816|871|609|236|316|1693|1078|1343|947|350|419|0|161|0|161|0|161|1702|1815|1702|1815|0|161|555|347|488|304|67|116
400C200US57628|2771887|11168|2238935|20835|158764|7993|91860|6117|66904|6099|12985|2952|9638|2581|3347|1231|1338|1098|166|186|1172|1066|2163|1249|1835|1208|328|370|4202|1474|3657|1272|545|420|7353|1843|5919|1561|1434|795|1174|636|1051|561|123|207|445|311|445|311|0|157|11838|3107|6509|2172|5329|1949|1598|648|1216|514|382|376|2333|1558|1664|990|669|704|5638|2023|2850|1107|2788|1576|281|322|281|322|0|157|2507|1195|1759|859|748|432|2637|1267|2037|971|600|471|7998|2456|7256|2466|742|447|2084|1008|1947|972|137|135|608|664|279|327|329|388|3686|1476|3021|1282|665|411|4191|1578|3140|1172|1051|842|4961|1238|3544|996|1417|590|6628|3300|5771|3027|857|687|3031|1254|2411|1119|620|477|2552|1096|2051|905|501|513|19865|2418|10045|1629|9820|1849|3599|1516|2632|1122|967|814|3849|1114|2372|831|1477|656|66013|6335|41570|5483|24443|2922|16075|2865|8588|2098|7487|1676|4849|1580|2431|1040|2418|932|6392|2063|3816|1472|2576|1133|15860|4622|6421|2348|9439|3475|6962|1815|3894|1287|3068|1477|2100|947|1695|906|405|290|11062|3948|8157|3069|2905|1174|3402|2869|3305|2859|97|164|88972|9524|55884|7878|33088|4925|18492|4062|12158|3097|6334|2400|11422|3030|7452|2264|3970|1467|109|175|109|175|0|157|769|474|754|476|15|22|2165|1159|1797|990|368|510
400C200US61273|1128060|8751|922823|13984|114002|7736|49928|7276|64074|5442|5418|1735|4239|1341|1179|813|401|638|211|332|190|308|1359|923|904|660|455|395|1194|805|1194|805|0|230|3502|2185|3264|2188|238|237|1479|1309|1273|1076|206|336|200|246|200|246|0|230|612|503|612|503|0|230|571|455|528|446|43|72|2893|2615|1752|1583|1141|1374|639|725|474|645|165|282|297|501|297|501|0|230|768|583|494|418|274|382|1814|1183|1478|1084|336|242|3108|2329|3108|2329|0|230|1002|878|580|599|422|469|1570|1909|1095|1326|475|600|638|588|572|542|66|111|5166|2952|3895|2474|1271|813|3173|1358|1940|938|1233|663|2232|1322|1693|1233|539|487|1217|877|974|655|243|362|536|514|492|481|44|73|4344|1691|2888|1147|1456|738|892|662|539|584|353|337|2973|1047|1779|855|1194|603|0|230|0|230|0|230|3966|1420|1270|748|2696|1106|0|230|0|230|0|230|3434|1537|1417|860|2017|1244|1551|1213|835|595|716|688|2695|1466|2113|1323|582|454|261|272|261|272|0|230|18084|6834|6096|2403|11988|5995|667|995|667|995|0|230|4484|2584|1580|938|2904|1968|2068|1460|430|340|1638|1335|5310|3849|2303|1770|3007|3342|0|230|0|230|0|230|0|230|0|230|0|230|717|544|473|348|244|359
400C200US63217|18205182|13946|10544593|52749|3785123|30666|1970270|32010|1814853|26037|148110|12417|109046|9625|39064|6321|203748|18315|114613|12862|89135|8963|128359|9016|95779|8203|32580|3700|131250|10800|79357|7405|51893|5802|46184|4834|43252|4744|2932|818|191923|15099|98432|11629|93491|9855|72710|7828|53408|6258|19302|2912|231433|12453|106600|8319|124833|8270|117817|11931|67006|8665|50811|6137|25757|4214|18606|3353|7151|1771|67403|8598|36396|5601|31007|4933|10077|2987|6241|1867|3836|1698|29622|5509|16913|4079|12709|3477|82421|9022|51313|5784|31108|4662|140169|9072|115469|8034|24700|3152|102013|11543|66034|8209|35979|5179|47236|6936|25241|4258|21995|3810|190128|13162|92776|7648|97352|9190|50098|6797|33988|5467|16110|4014|101974|10798|65539|7840|36435|5197|45077|6282|37254|5872|7823|1677|28195|3969|24599|3528|3596|1161|46452|6103|31627|4091|14825|3089|720891|20479|284793|12519|436098|14417|42498|5820|22812|4246|19686|3120|150566|10202|71349|6754|79217|6518|0|213|0|213|0|213|21772|3735|11213|2023|10559|2520|2933|1571|1489|1107|1444|1099|6368|1595|3324|1043|3044|956|76355|8274|40875|5458|35480|5867|136640|10370|99884|7545|36756|4763|17923|4754|11244|2803|6679|2446|171029|17065|103288|11231|67741|9835|73525|9710|60565|8255|12960|3090|15623|4093|10533|3433|5090|2212|136518|14081|103547|11636|32971|4963|14945|3972|11609|3110|3336|1749|230|369|0|213|230|369|1046|631|905|558|141|153|48448|5737|32769|4274|15679|2939
400C200US65863|1846867|17695|1225844|21405|410980|16002|249317|11629|161663|11387|8537|2696|7222|2513|1315|912|49834|9931|29132|7549|20702|5986|4158|1788|3431|1644|727|483|40111|8499|22762|5218|17349|4508|5778|1995|5289|2005|489|313|406|341|406|341|0|247|651|601|433|333|218|358|4144|1924|2058|1117|2086|1180|895|575|719|458|176|223|854|737|683|612|171|170|3121|2060|1615|1281|1506|1098|320|513|320|513|0|247|1303|973|933|626|370|452|2689|1478|2216|1390|473|390|3010|1825|2183|1132|827|810|3330|1625|2977|1511|353|338|835|823|835|823|0|247|1009|841|725|611|284|311|1078|909|994|900|84|145|2392|1342|1636|1120|756|775|3379|1508|2787|1144|592|503|1809|1214|1400|992|409|581|2023|1399|1243|660|780|1190|10981|3402|6646|1979|4335|2022|1874|1655|1311|1346|563|500|3125|1436|1443|968|1682|859|0|247|0|247|0|247|11149|3367|5060|1743|6089|2821|0|247|0|247|0|247|1245|1113|344|267|901|1056|1739|890|743|581|996|650|10943|2908|8040|2052|2903|1805|1561|792|1179|730|382|349|18167|5536|14969|4870|3198|1522|594|539|594|539|0|247|900|813|363|435|537|630|1050|801|1050|801|0|247|1459|2082|1459|2082|0|247|0|247|0|247|0|247|0|247|0|247|0|247|3590|1781|3088|1803|502|491
400C200US69076|5474944|14032|4457963|27896|416680|10840|249876|11241|166804|9204|22501|5655|13475|3492|9026|3522|24720|7475|13977|4706|10743|4122|18992|3252|14535|2866|4457|1115|18375|5112|10914|3153|7461|3124|11762|2203|10316|2048|1446|681|4210|1176|3703|1087|507|382|10714|2546|8258|2138|2456|864|39869|7444|19018|3921|20851|5443|14291|4366|8405|2607|5886|2903|2315|1244|1722|944|593|551|11211|2810|4951|1730|6260|1683|3965|2008|2808|1705|1157|775|4601|2302|2747|1411|1854|1232|17617|4034|12168|3098|5449|1918|20801|3495|16560|2986|4241|1492|14418|3610|11057|3036|3361|1413|9808|4501|5551|2304|4257|2465|13755|3748|5780|2190|7975|2279|5909|1977|5525|2007|384|274|11162|3742|7197|2738|3965|1791|17154|3795|14270|3380|2884|1253|6625|1959|6014|1861|611|506|15545|4066|10576|2745|4969|2401|83194|7633|35793|3935|47401|5765|3536|1174|2386|969|1150|590|23620|3989|10953|2664|12667|2424|0|213|0|213|0|213|37391|6393|13572|3011|23819|4773|6954|2602|1846|828|5108|2206|3594|2046|1083|1004|2511|1681|10582|2961|5439|1753|5143|1955|19701|3312|13474|2542|6227|1735|4526|1908|2679|1295|1847|1113|31658|9181|18039|5178|13619|4874|4617|1343|4298|1248|319|289|6269|2893|3202|2033|3067|2019|27623|5159|22941|4681|4682|1964|6562|2498|4701|2065|1861|1009|0|213|0|213|0|213|129|143|129|143|0|213|10025|4968|7435|4359|2590|1063
400C200US69184|3898112|20500|2930296|25583|688501|17408|443212|13522|245289|11933|9117|2539|7773|2160|1344|713|1014|1024|418|507|596|721|3652|1019|3190|919|462|329|6568|1939|4914|1558|1654|1110|7249|1566|6318|1507|931|441|3707|1865|3066|1742|641|680|2184|1033|2035|1024|149|150|3260|1166|2391|1002|869|432|4424|1572|3409|1399|1015|575|4601|1575|2562|1001|2039|1095|2842|1486|1908|1099|934|742|423|383|244|246|179|302|6723|2423|3420|1262|3303|1649|3117|1354|2069|1000|1048|884|11225|3897|9589|3553|1636|968|1485|717|847|473|638|411|2930|1577|2447|1397|483|396|2227|1056|1320|689|907|540|2218|1261|1790|948|428|517|9413|3029|6907|2363|2506|1288|12451|3496|10063|3093|2388|1422|5539|2116|5113|1986|426|303|6972|3334|4856|2438|2116|1998|29470|4175|16129|2897|13341|2559|4892|1920|2397|1008|2495|1345|11977|3524|6592|2305|5385|2236|1251|1763|1251|1763|0|237|20897|4829|9789|2872|11108|2890|1835|907|937|664|898|594|2618|1987|2020|1457|598|590|5112|2395|3158|1439|1954|1098|20092|5178|15488|4716|4604|1545|5429|1905|4034|1448|1395|1301|18186|4914|11176|2813|7010|2799|2634|1474|2404|1362|230|376|10352|3625|5154|1735|5198|2558|5759|2758|4275|2495|1484|906|10923|4092|7063|2854|3860|2308|6272|1889|4544|1728|1728|630|2162|1003|1534|800|628|419|6113|1864|4476|1372|1637|1403
400C200US69697|1647432|11494|1520126|13297|30027|3326|19724|2640|10303|2292|2976|806|2520|745|456|278|1624|1164|804|712|820|873|5297|1431|4153|1256|1144|601|1800|997|1514|778|286|383|4054|1008|3224|883|830|490|1618|794|1447|711|171|176|2461|1071|1691|839|770|668|3813|1532|1949|895|1864|1094|882|436|745|348|137|164|2654|1366|2324|1330|330|228|3540|1779|2503|1599|1037|646|28|7|28|7|0|192|1954|755|1272|630|682|448|1314|1113|381|314|933|1054|5378|1691|4051|1508|1327|731|2341|1526|2041|1481|300|474|939|594|780|521|159|181|648|527|648|527|0|192|8672|3999|5040|2490|3632|1885|1399|676|1057|527|342|449|4550|1520|3865|1470|685|551|3056|1178|3013|1183|43|74|1188|1028|1188|1028|0|192|10355|2150|5551|1118|4804|1592|1172|622|800|526|372|267|1879|840|1095|565|784|477|0|192|0|192|0|192|1706|1081|784|489|922|950|125|199|0|192|125|199|893|496|277|256|616|387|2638|1826|815|540|1823|1743|1490|864|961|534|529|545|722|806|348|311|374|523|6712|2932|4802|2048|1910|1212|2194|1988|2194|1988|0|192|714|506|466|331|248|397|2927|1934|2864|1925|63|93|921|638|851|638|70|4|0|192|0|192|0|192|31|39|31|39|0|192|614|378|510|343|104|101
400C200US71317|2014992|10395|1602940|16475|176263|9338|110602|7878|65661|6145|7223|1745|6132|1614|1091|531|154|194|0|213|154|194|743|679|743|679|0|213|2474|959|2125|883|349|277|8453|1680|7698|1539|755|522|1651|979|1445|865|206|237|624|396|430|305|194|225|22219|5526|13684|4528|8535|2492|840|669|682|561|158|225|2945|1705|2772|1675|173|161|14597|4311|5830|2187|8767|3360|250|325|194|243|56|93|4353|1414|2284|882|2069|919|3348|1787|2908|1631|440|557|6063|2045|5428|1885|635|442|1782|1333|1304|1077|478|395|734|454|617|424|117|188|5020|2492|3586|2321|1434|932|4175|2258|2200|1142|1975|1867|12003|3965|7428|2795|4575|2021|4458|2201|2573|1157|1885|1578|1021|657|930|628|91|153|1388|760|1294|759|94|151|25724|4060|14264|2633|11460|2243|9600|2532|6014|1637|3586|1549|12147|2675|6377|1869|5770|1629|3307|1578|2278|1202|1029|709|26010|5110|11439|2281|14571|3630|1890|1208|1104|904|786|569|6127|2846|2769|1415|3358|2266|5118|2067|2668|1134|2450|1173|11261|2941|8797|2712|2464|921|7463|2597|5768|2233|1695|955|9690|3535|6998|3071|2692|1105|761|444|654|440|107|126|3224|2359|2434|1886|790|578|2523|1531|2208|1224|315|464|2936|1604|1877|1160|1059|798|68|114|68|114|0|213|307|336|133|163|174|294|1115|516|863|468|252|216
400C200US72505|1232089|11003|932886|16645|160541|7549|80084|6485|80457|6423|7610|1616|6417|1427|1193|600|6420|3089|3863|2011|2557|1284|4233|1186|3059|1108|1174|563|57875|7641|33097|5610|24778|4246|1340|749|1248|680|92|156|492|396|492|396|0|213|376|295|376|295|0|213|1967|1391|1295|916|672|986|869|641|487|425|382|304|39|64|33|64|6|2|198|184|143|184|55|13|886|700|886|700|0|213|1051|741|644|509|407|395|43|75|43|75|0|213|2081|1512|2081|1512|0|213|89|100|89|100|0|213|0|213|0|213|0|213|716|579|448|431|268|305|2301|1371|1147|868|1154|984|1328|1238|986|1191|342|410|584|413|584|413|0|213|1406|983|1295|951|111|189|82|93|82|93|0|213|6170|1455|3419|1038|2751|1008|1687|1118|1424|973|263|222|2524|1281|1499|589|1025|933|2047|1768|1211|1039|836|778|1120|737|237|277|883|690|3724|1619|2308|1451|1416|828|4371|1907|1590|950|2781|1358|1139|891|724|653|415|440|4291|1657|2568|1029|1723|1138|161|181|160|181|1|2|8890|3961|5065|2193|3825|2753|375|274|375|274|0|213|1690|1943|69|76|1621|1945|4184|2061|1659|830|2525|1934|1919|1438|678|597|1241|1116|0|213|0|213|0|213|113|180|113|180|0|213|2271|1375|2079|1349|192|225
400C200US73261|1115672|10658|876525|15486|100074|7191|60520|5143|39554|6142|5471|2162|3942|1746|1529|1171|92|154|92|154|0|226|1809|912|1502|791|307|261|3723|1946|3197|1586|526|568|2546|894|2423|889|123|144|689|760|689|760|0|226|651|638|651|638|0|226|3529|1505|2072|952|1457|1041|1109|805|1056|776|53|89|811|854|811|854|0|226|1466|615|1053|452|413|313|0|226|0|226|0|226|1969|1267|1404|760|565|612|6855|2314|5331|1682|1524|831|8697|2951|7709|2582|988|646|2573|1662|1499|937|1074|1096|503|465|435|417|68|110|1993|1123|1716|960|277|323|6147|2966|4797|2147|1350|1168|2091|1082|1777|788|314|463|12896|4255|11102|3903|1794|1039|6322|2932|5947|2874|375|246|4271|2938|4033|2901|238|229|15610|4209|7749|2101|7861|2686|3563|1806|2510|1522|1053|945|4430|1726|2675|1112|1755|810|71|123|0|226|71|123|4743|2177|1786|946|2957|1623|183|226|183|226|0|226|520|445|202|202|318|382|2728|1542|2304|1556|424|270|3959|2720|3272|2687|687|576|507|431|507|431|0|226|10532|3683|6993|2555|3539|1549|83|135|0|226|83|135|6110|3529|3667|2272|2443|1922|4135|3370|3823|3353|312|353|2929|1735|2201|1694|728|674|0|226|0|226|0|226|0|226|0|226|0|226|2757|2678|2757|2678|0|226
400C200US74746|1038830|8856|884045|10569|79763|4439|46871|4156|32892|4806|3650|1307|2862|1109|788|451|1873|1278|1322|1018|551|807|1362|1266|674|632|688|695|3359|1666|1982|822|1377|1460|3016|1403|2701|1348|315|264|258|236|258|236|0|217|50|61|50|61|0|217|1474|822|1181|700|293|250|329|313|329|313|0|217|519|386|374|252|145|186|642|455|424|274|218|369|28|47|0|217|28|47|2553|1609|971|667|1582|1470|1880|1127|1656|955|224|259|4648|1623|3722|1463|926|746|2257|1273|1862|1080|395|447|113|186|113|186|0|217|927|807|548|459|379|435|3547|2006|2286|1299|1261|827|2074|1099|1840|948|234|221|3310|1599|2734|1431|576|488|1698|919|1308|759|390|452|725|735|646|673|79|129|4459|1539|2453|915|2006|922|656|429|656|429|0|217|4775|2589|2938|1443|1837|1213|0|217|0|217|0|217|5326|1709|1980|929|3346|1092|793|704|172|197|621|616|1082|751|429|341|653|492|1252|852|969|666|283|356|2490|1205|2286|1172|204|194|939|715|626|574|313|337|8116|2999|6556|2541|1560|966|369|274|369|274|0|217|49|69|49|69|0|217|1329|908|1255|872|74|122|2016|1560|1579|1195|437|564|37|65|37|65|0|217|0|217|0|217|0|217|1042|1060|1042|1060|0|217
400C200US75340|2195231|18382|1091281|23158|900082|20696|588501|16374|311581|13165|2817|1302|2403|1048|414|480|115|194|80|136|35|58|0|225|0|225|0|225|2386|1001|1834|853|552|337|2359|1442|2272|1442|87|86|1305|1199|1305|1199|0|225|556|715|477|691|79|107|1394|663|1131|588|263|224|1353|1104|865|635|488|598|991|1125|935|1119|56|95|95|104|86|104|9|2|847|781|458|405|389|399|4104|1925|2781|1584|1323|701|2183|1046|1513|746|670|515|6574|2406|4593|1829|1981|1272|5439|2494|3778|1882|1661|1180|3585|2137|2191|1572|1394|790|1977|1491|1309|932|668|637|2058|1525|1140|722|918|914|3108|1219|1839|880|1269|725|746|668|650|599|96|159|845|728|788|697|57|100|371|260|194|210|177|152|53570|7614|22102|3722|31468|5169|1123|451|578|375|545|326|9281|2354|4305|1540|4976|1513|460|520|460|520|0|225|16978|4473|7202|2260|9776|3003|3343|1778|1309|859|2034|1166|3427|1617|1492|1082|1935|977|622|395|358|297|264|217|33038|5647|21006|4071|12032|3217|7533|2623|4099|1395|3434|1828|17353|4464|11740|3270|5613|1768|231|289|172|290|59|5|1764|1900|824|816|940|1184|8243|3770|7823|3763|420|391|922|1292|637|839|285|469|0|225|0|225|0|225|234|237|87|145|147|186|538|439|538|439|0|225
400C200US75664|662476|5737|566318|7392|44027|3845|26714|3131|17313|2428|1716|753|1346|554|370|369|286|283|227|241|59|99|4301|1946|2894|1481|1407|811|492|432|386|410|106|139|1027|712|1027|712|0|220|709|917|666|912|43|55|1743|1066|998|532|745|844|931|536|354|265|577|450|1389|918|789|641|600|541|1631|1222|1243|1178|388|291|3662|1801|1790|923|1872|1074|0|220|0|220|0|220|233|200|233|200|0|220|247|261|247|261|0|220|1318|638|1270|629|48|83|1718|1148|1433|971|285|287|82|143|0|220|82|143|340|279|340|279|0|220|4165|2002|1462|770|2703|1528|1780|1100|1031|766|749|624|286|312|286|312|0|220|852|512|750|453|102|168|244|291|244|291|0|220|4097|1071|1393|533|2704|901|987|665|764|463|223|272|347|323|138|187|209|198|0|220|0|220|0|220|1612|706|649|376|963|452|601|650|199|252|402|559|104|134|104|134|0|220|2491|1320|1118|660|1373|721|1323|732|647|360|676|550|636|415|358|263|278|281|4126|1842|2686|1464|1440|699|461|419|419|414|42|72|4476|2105|2413|1313|2063|1418|903|686|461|464|442|519|373|527|63|101|310|516|0|220|0|220|0|220|56|74|38|69|18|31|386|347|386|347|0|220
400C200US77068|1867920|9943|1256345|19450|228778|10385|150354|9177|78424|6339|3952|1277|3056|1122|896|557|0|225|0|225|0|225|2083|1237|1553|877|530|490|4052|1791|3041|1422|1011|815|3924|1048|3132|1029|792|350|1004|649|907|566|97|153|1044|526|843|456|201|196|36768|7439|12468|2799|24300|5838|1095|800|697|609|398|375|2001|882|1124|507|877|578|23098|6643|9583|3329|13515|4413|4251|4087|3386|3575|865|863|23169|5075|11410|2712|11759|3477|3148|1400|1628|1012|1520|892|21001|3690|13743|3132|7258|2091|7134|2728|5265|2293|1869|921|26324|6460|12778|3021|13546|4836|1222|855|1127|765|95|156|3688|1678|2693|1447|995|742|16348|4506|10925|3851|5423|1846|4364|1735|3925|1588|439|353|1411|868|1019|682|392|398|1727|997|1277|664|450|468|47164|5995|20293|3632|26871|3616|3607|1200|2364|866|1243|608|6157|1673|3304|1508|2853|1178|21473|4425|12041|3196|9432|2495|24473|4481|10247|2231|14226|3041|1473|1060|661|567|812|754|3643|1441|1632|711|2011|890|7490|2566|3720|1634|3770|1391|43137|4425|29108|3965|14029|2399|5471|1748|3137|1203|2334|867|11995|3224|8178|2398|3817|1844|57|97|57|97|0|225|5389|2820|3103|2062|2286|1314|5768|3391|5768|3391|0|225|848|710|521|517|327|378|0|225|0|225|0|225|0|225|0|225|0|225|1844|930|1153|722|691|504
400C200US77770|2019384|10143|1839688|13307|52743|4527|33959|3953|18784|3264|5394|1617|4375|1420|1019|693|154|192|89|144|65|117|1519|1119|1460|1115|59|69|2496|1241|1871|993|625|537|4886|1504|4478|1519|408|248|1689|1765|636|808|1053|1133|557|555|196|138|361|535|3895|1439|2265|1153|1630|771|857|557|731|537|126|164|14434|4085|9323|3069|5111|1421|2711|1703|1915|1205|796|1242|211|291|40|70|171|281|1310|777|716|468|594|569|3011|1772|1990|1207|1021|842|6441|2971|6220|2977|221|281|2997|1295|2337|1026|660|497|730|606|332|369|398|448|2424|1645|1567|1068|857|840|1310|706|766|547|544|347|4037|1856|2457|1197|1580|1114|5174|1703|3515|1193|1659|835|2410|1195|2192|1089|218|213|698|562|615|547|83|136|15798|2962|8631|1645|7167|2292|2043|1163|1346|870|697|503|5134|1323|3105|1033|2029|760|0|213|0|213|0|213|9387|2995|4546|1724|4841|1784|225|265|139|230|86|145|826|752|717|742|109|100|2878|1637|1793|1015|1085|727|5281|1711|3496|1145|1785|938|980|758|653|569|327|294|7157|3179|5547|2541|1610|983|575|625|575|625|0|213|1913|1119|1031|890|882|722|2288|1377|2146|1319|142|167|1827|1925|421|298|1406|1866|0|213|0|213|0|213|152|257|152|257|0|213|1144|861|1095|850|49|79
400C200US78499|1115171|4614|869876|10633|157598|7775|87077|5183|70521|6921|4222|1430|3391|1256|831|651|318|439|261|427|57|96|1220|816|1120|785|100|171|6531|2182|4568|1756|1963|1169|3136|1523|3020|1519|116|133|480|301|480|301|0|210|576|514|249|218|327|465|3681|1693|1587|766|2094|1504|525|376|434|352|91|162|2498|1042|1692|781|806|562|1392|1247|838|1041|554|628|713|653|616|652|97|160|1822|1281|1054|672|768|768|1144|1147|1071|1057|73|116|1735|1301|1735|1301|0|210|1119|1127|678|615|441|573|309|465|309|465|0|210|222|228|222|228|0|210|2020|2041|1039|968|981|1177|1386|801|1295|752|91|152|1251|1043|903|910|348|461|756|741|661|646|95|165|534|634|534|634|0|210|10605|2620|5668|1845|4937|1687|1643|867|1092|579|551|391|3108|1712|2104|1477|1004|684|51|87|51|87|0|210|5848|2129|3001|1340|2847|1160|850|569|520|399|330|275|2904|1122|1288|675|1616|655|4845|3791|2145|1623|2700|2275|2236|1078|1505|734|731|744|7450|2146|4676|1597|2774|1204|4066|1985|2365|1325|1701|1156|141|250|0|210|141|250|818|857|558|540|260|347|1316|1334|1002|1270|314|340|2105|1676|422|372|1683|1585|889|748|702|711|187|223|149|252|149|252|0|210|1083|578|969|516|114|137
400C200US78580|1965203|11418|1239690|22492|629785|18825|427393|12873|202392|13542|3611|2011|2435|1384|1176|862|462|526|249|300|213|299|615|573|358|341|257|294|1324|693|1159|690|165|178|4804|1745|3988|1579|816|791|1400|1367|329|395|1071|1323|766|700|766|700|0|242|1286|968|949|690|337|419|468|337|372|270|96|115|244|290|244|290|0|242|245|209|245|209|0|242|247|403|131|212|116|191|3574|1837|1336|862|2238|1490|1139|836|547|521|592|652|4848|2205|3180|1982|1668|1277|5696|3475|5198|3179|498|498|204|240|93|143|111|191|2147|1871|1237|1113|910|875|141|141|141|141|0|242|5905|4290|2501|2325|3404|3310|1798|1535|1710|1464|88|146|2915|2286|1002|921|1913|1946|667|717|340|353|327|424|4129|1567|1752|917|2377|1116|3772|2898|3253|2902|519|431|3675|1547|2762|1411|913|774|177|235|0|242|177|235|4005|2050|2405|1230|1600|1243|67|122|67|122|0|242|954|489|188|203|766|449|5046|3158|2176|1764|2870|2250|10092|3165|8203|2863|1889|1097|1900|1372|1760|1325|140|178|8153|4102|6145|3275|2008|1381|79|130|79|130|0|242|764|716|356|478|408|429|2609|1385|2598|1390|11|25|5414|4123|2760|2710|2654|3100|0|242|0|242|0|242|220|261|220|261|0|242|166|172|84|101|82|138
400C200US78661|2903384|10635|1741985|19257|742539|14758|474826|12561|267713|9910|12002|2563|10831|2448|1171|566|1359|925|570|644|789|709|5678|1981|5103|1924|575|338|11311|2756|8768|2068|2543|1489|6430|1852|5941|1748|489|387|1706|618|1350|509|356|339|1725|642|1629|622|96|159|15040|4798|10229|3561|4811|2077|2938|1159|2215|969|723|469|1264|966|1264|966|0|225|5462|2140|3419|1605|2043|945|1404|739|1187|661|217|215|25612|5609|15671|3713|9941|2698|2792|1123|2129|987|663|415|12766|3353|10789|3026|1977|1261|2353|1835|2314|1835|39|3|6657|4175|3831|2138|2826|2674|2054|1064|1820|954|234|231|3093|1678|1980|1257|1113|757|9220|3090|6290|2485|2930|1527|5112|2080|4473|2006|639|553|3061|1379|2873|1348|188|162|3639|1395|3446|1358|193|238|56694|6985|32590|5289|24104|3686|12753|2574|7531|2000|5222|1230|13793|3052|8024|2322|5769|1626|377|268|324|204|53|90|33479|4550|15231|3037|18248|2852|3831|1704|1417|910|2414|1290|6084|2194|3086|1314|2998|1193|5499|2340|2956|1462|2543|1703|84776|7885|54910|5296|29866|4107|10650|3000|8249|2784|2401|942|29033|5293|13080|2823|15953|3995|2329|936|1975|864|354|310|9608|2661|6538|2015|3070|1095|2389|1726|1996|1696|393|371|2312|1458|1661|1001|651|833|69|78|25|45|44|66|527|457|527|457|0|225|1979|896|1053|525|926|660
400C200US78904|3254989|9309|1755189|22207|571763|14625|325365|13161|246398|12261|26263|4305|23556|3924|2707|961|1303|1067|1172|851|131|632|10336|2487|9229|2336|1107|508|12731|2345|9306|2032|3425|1338|12608|2293|11923|2197|685|389|2498|1235|2498|1235|0|225|3105|1199|2673|975|432|416|20925|3485|13236|2746|7689|1894|3048|1095|2522|1035|526|446|1958|748|1634|621|324|273|3008|828|2019|579|989|485|663|397|406|297|257|210|20544|4265|15254|3506|5290|1546|9222|2535|7560|2033|1662|1073|54672|6495|45958|5481|8714|2163|7957|2728|5664|2000|2293|1046|18605|4569|12245|3680|6360|1966|2442|904|2285|880|157|167|16170|3807|9645|1929|6525|2871|9644|2507|7337|1926|2307|1170|14575|3160|12246|2864|2329|860|12248|2526|10930|2259|1318|667|5203|1636|4612|1507|591|373|346473|14713|161527|8676|184946|10550|18573|3485|11660|2333|6913|1908|21736|3583|14225|2943|7511|1643|441|509|441|509|0|225|44842|7120|18285|3745|26557|4933|5871|2776|2399|1118|3472|2130|9018|3180|4785|2122|4233|1637|18991|4552|9678|2194|9313|3830|129641|9786|83402|6986|46239|4789|15564|3289|10232|2386|5332|2096|21321|5376|14226|4001|7095|2878|3884|1267|3473|1338|411|394|9733|2789|5754|1891|3979|1954|3334|1591|2847|1494|487|599|3432|1502|3085|1265|347|334|54|62|54|62|0|225|431|435|177|217|254|359|4970|2034|2461|1031|2509|1406
400C200US79039|1741497|6416|755498|17049|277514|9008|165349|8779|112165|7124|7505|1914|6615|1761|890|520|42|70|42|70|0|225|3673|1339|3015|1196|658|459|8156|1969|5758|1575|2398|847|6180|1589|4789|1108|1391|1047|2210|946|2129|915|81|136|1513|758|1250|660|263|211|18622|2779|11330|2098|7292|1914|1356|1081|1165|1015|191|222|4820|2752|2915|2140|1905|1150|4508|1985|2328|1105|2180|1218|291|227|291|227|0|225|19835|3402|14585|2936|5250|1555|9641|2461|7070|2099|2571|1080|64566|6814|55418|6175|9148|2356|6301|2091|4962|1823|1339|791|14602|5124|8457|2371|6145|3939|5378|1886|4214|1584|1164|596|12313|2779|10402|2409|1911|818|5512|2215|3580|1100|1932|1531|18835|4051|15010|3788|3825|1645|25717|4759|22023|4113|3694|1677|13945|2809|11913|2539|2032|828|195531|11811|113535|8192|81996|7141|15289|3293|7677|2329|7612|2297|30197|4589|16548|2981|13649|2787|866|654|631|724|235|305|119895|10522|46399|5598|73496|6611|2236|897|1272|682|964|407|3257|1655|2119|1161|1138|715|6199|2451|4755|2139|1444|777|45567|6238|29641|5097|15926|3042|7996|2539|6074|2109|1922|855|6334|2395|5101|1998|1233|1120|7409|2321|6270|2016|1139|716|8427|2515|5905|1961|2522|985|427|404|394|405|33|54|740|602|638|572|102|163|0|225|0|225|0|225|1369|869|1369|869|0|225|1225|640|1071|572|154|149
400C200US80389|3448711|11956|2421725|24016|256744|11860|150600|8388|106144|8685|17583|3939|13951|3015|3632|1473|731|536|269|246|462|445|5199|2356|5112|2354|87|108|12175|3982|7699|2674|4476|2214|13373|2455|11906|2238|1467|887|4609|1724|4417|1674|192|311|1192|467|1024|437|168|242|35373|6505|21820|3948|13553|3559|3980|1863|3095|1743|885|503|5023|2441|3337|1933|1686|1026|30340|6760|13408|3755|16932|4332|1750|875|1034|700|716|416|19680|6287|8985|2926|10695|4412|5979|1958|5309|1754|670|466|41953|5223|37401|4807|4552|1407|8735|3712|7201|3049|1534|1048|13619|3865|7536|2291|6083|2398|4777|2032|3362|1548|1415|1193|11796|2792|9485|2472|2311|989|16698|4699|12530|3569|4168|1582|19934|4624|16357|3721|3577|1606|17016|4551|15544|4459|1472|656|9441|3041|7763|2365|1678|1017|141393|9504|82466|6870|58927|5245|19767|3326|13499|2427|6268|1565|48820|6390|24731|4200|24089|3725|922|608|745|551|177|180|58751|6238|24026|3771|34725|4341|14777|3780|7236|2653|7541|2149|11333|2718|5264|1540|6069|1708|10598|3006|6746|2073|3852|1695|46373|5150|31318|3913|15055|2611|22606|4538|14265|3095|8341|2423|22648|6640|17106|5622|5542|1882|3066|2102|2287|1427|779|992|37864|7093|23271|5615|14593|2900|9779|3438|6536|2560|3243|2220|13490|3227|9148|2687|4342|1484|47|79|0|218|47|79|1666|865|1158|631|508|495|5386|2462|4485|2001|901|752
400C200US86599|2814472|15073|2103710|23430|479731|12968|274828|14153|204903|11140|12939|3960|9479|2690|3460|2447|12614|5202|7512|3152|5102|3123|7300|2576|5066|1868|2234|1213|8852|2617|6012|2034|2840|1180|9274|1697|8907|1733|367|290|1849|1073|1734|1056|115|224|9714|2926|6979|2364|2735|1114|7814|2465|5756|2236|2058|880|6086|2040|2609|1057|3477|1375|6353|1876|3934|1321|2419|1159|8312|2757|4920|1808|3392|1672|0|247|0|247|0|247|1251|704|779|505|472|501|7777|2852|5497|2100|2280|1043|5233|1783|3918|1373|1315|1061|3321|2048|3165|1953|156|185|1246|1426|557|648|689|833|2990|2013|2466|1926|524|350|1576|843|1288|797|288|289|8546|2547|5450|1626|3096|1582|8033|3035|6299|2700|1734|897|3725|1947|3152|1789|573|581|4194|1748|2920|1492|1274|945|10828|2680|4690|1308|6138|2209|2214|1030|1326|677|888|755|1793|800|1099|620|694|422|685|862|638|860|47|79|20149|4315|8544|2303|11605|2670|3790|2865|2002|2112|1788|1344|5282|1948|3261|1516|2021|1171|3149|1797|2029|1121|1120|951|10621|3501|6784|1846|3837|2236|1624|955|1231|822|393|252|22476|8103|11949|3345|10527|6000|945|850|645|670|300|331|577|427|481|403|96|150|2408|1782|2070|1674|338|452|1188|785|1038|690|150|260|0|247|0|247|0|247|0|247|0|247|0|247|4303|1953|3533|1531|770|694
400C200US90892|1356684|8159|1208642|10973|66095|5097|45765|4491|20330|2858|5896|2199|4653|2011|1243|920|1830|1289|1087|627|743|795|2327|913|1807|666|520|580|1659|845|1507|743|152|258|4176|1112|3904|1039|272|248|209|159|209|159|0|217|715|421|681|416|34|50|1964|1220|706|417|1258|1090|904|688|670|633|234|228|776|571|461|410|315|339|650|639|507|602|143|195|0|217|0|217|0|217|1559|1024|591|440|968|703|1552|1035|1077|615|475|525|1378|913|1165|889|213|312|847|851|752|778|95|160|430|490|171|191|259|356|1188|1031|1090|966|98|162|20|38|20|38|0|217|886|422|763|397|123|153|229|235|229|235|0|217|970|1021|856|954|114|187|1051|1092|897|1076|154|289|4261|1623|2441|1092|1820|1151|1974|817|1015|651|959|564|3901|1443|1475|718|2426|915|0|217|0|217|0|217|3411|1360|1269|643|2142|994|419|353|195|257|224|262|1557|1181|421|375|1136|882|2444|2218|1180|839|1264|1569|22760|3812|15589|2812|7171|2049|687|522|586|502|101|106|2522|1400|1613|1044|909|751|479|588|453|566|26|42|1526|1211|1256|1151|270|256|2590|1281|2126|1150|464|443|1277|977|1210|966|67|84|45|74|0|217|45|74|102|128|102|128|0|217|776|550|757|541|19|32
400C200US92242|4929634|13636|3143602|22653|807516|12272|434730|12451|372786|13386|64699|7890|50157|6571|14542|3018|11589|3403|8567|2902|3022|1510|9122|2142|7379|1870|1743|912|19602|3532|13902|2628|5700|1676|14448|2610|12672|2618|1776|904|3802|1452|3133|1266|669|493|4598|1542|3949|1436|649|359|21228|3642|14724|2739|6504|1788|3500|1440|2358|948|1142|751|2473|1095|2085|1014|388|297|10746|2976|7953|2219|2793|1487|2518|1750|1655|1181|863|675|42240|5676|27616|4123|14624|3048|11549|3082|8893|2390|2656|1182|39786|5807|34490|5501|5296|1443|37394|6079|29896|5401|7498|1664|13579|4894|10873|3828|2706|1459|28193|6466|17959|4065|10234|3414|23450|4201|16022|3296|7428|2251|21613|4071|13984|3067|7629|2237|22853|4648|20085|4299|2768|975|14957|3354|13244|2999|1713|732|6026|1769|5417|1624|609|438|94283|7476|56970|4957|37313|4984|9279|1902|5705|1540|3574|844|60569|6270|31948|3871|28621|3747|53|81|53|81|0|213|57366|8570|26210|5079|31156|4828|2892|1543|1100|843|1792|870|8464|2190|4194|1176|4270|1467|21444|3994|13621|2694|7823|2244|41351|6785|29225|5102|12126|3020|8188|2077|5623|1576|2565|985|53344|8341|41506|6879|11838|2581|5936|1833|5521|1813|415|350|94067|11471|61169|8453|32898|4882|59485|7729|49156|6714|10329|2503|11401|3407|9555|2945|1846|1014|31|50|31|50|0|213|962|802|766|661|196|233|19436|4850|15137|4133|4299|2506
5001900US0603|769048|9176|630579|11774|54366|5651|39092|4447|15274|2481|2197|1072|1791|948|406|271|0|225|0|225|0|225|1117|635|651|359|466|405|1884|778|1615|704|269|266|1606|628|1225|509|381|363|1075|670|945|629|130|166|904|534|904|534|0|225|9356|3738|4787|1675|4569|3339|638|565|428|367|210|259|898|612|653|407|245|265|5202|2036|2541|1338|2661|1419|557|903|291|426|266|492|4968|2039|3263|1465|1705|1042|666|593|382|368|284|471|2571|1302|2083|1148|488|451|1886|1189|1627|1072|259|276|2932|1711|1989|1146|943|672|734|728|591|594|143|179|1896|1257|1545|1258|351|420|1822|1004|1511|979|311|126|2661|1457|2227|1268|434|369|2026|1068|1634|878|392|398|979|1084|824|992|155|258|4478|1448|2509|1055|1969|835|710|504|552|448|158|160|2060|936|1521|794|539|422|282|246|103|123|179|176|3278|1345|2011|963|1267|849|0|225|0|225|0|225|372|270|316|266|56|58|1849|1351|1101|1122|748|699|11655|2856|7167|1925|4488|1358|1665|698|1100|527|565|350|5520|2545|3952|2045|1568|1243|318|478|318|478|0|225|236|287|152|251|84|134|2433|2336|2433|2336|0|225|0|225|0|225|0|225|0|225|0|225|0|225|127|122|70|102|57|60|545|456|324|397|221|209
5001900US0604|726109|10978|500547|12156|165785|10096|96801|7431|68984|6078|2138|840|1781|784|357|254|0|225|0|225|0|225|1407|661|1096|552|311|299|614|382|539|381|75|62|1652|810|1444|679|208|263|435|291|343|290|92|111|191|296|191|296|0|225|767|562|657|542|110|148|118|202|0|225|118|202|0|225|0|225|0|225|421|349|338|323|83|134|299|274|161|136|138|165|1888|1054|1387|847|501|327|163|271|29|58|134|217|1363|664|793|527|570|350|190|195|117|142|73|128|5966|3066|3707|2150|2259|1484|129|177|129|177|0|225|2404|1380|1461|888|943|859|911|670|551|420|360|505|775|531|638|513|137|178|175|206|175|206|0|225|118|124|68|123|50|7|12248|2595|6210|1603|6038|1991|1410|809|880|491|530|572|1781|752|1290|564|491|356|784|616|644|504|140|244|2581|1122|1484|721|1097|727|1015|745|633|592|382|405|1140|738|714|428|426|462|1580|980|1087|734|493|392|9364|1934|6020|1459|3344|1175|2470|1072|1694|666|776|567|969|509|900|510|69|86|337|478|54|96|283|466|752|768|732|766|20|35|140|188|42|74|98|132|393|321|165|241|228|206|0|225|0|225|0|225|62|88|62|88|0|225|627|641|350|468|277|459
5001900US0606|713404|15699|470574|13581|95804|8596|63314|6020|32490|4769|1840|933|1373|838|467|408|0|225|0|225|0|225|842|1024|582|724|260|356|632|536|335|345|297|411|1463|690|1215|592|248|207|379|256|379|256|0|225|55|94|0|225|55|94|24958|5934|7712|2196|17246|4812|454|546|290|479|164|266|831|567|348|292|483|484|19500|6705|7384|3214|12116|4414|3881|3929|3205|3498|676|777|8728|2999|4661|1924|4067|1540|2153|1363|1020|802|1133|754|4337|2027|2651|1208|1686|1184|1621|1198|1291|980|330|405|12069|4016|5593|2067|6476|2748|92|163|92|163|0|225|1721|1230|1005|775|716|673|8516|2717|5664|2047|2852|1366|2158|1139|1988|1118|170|206|211|350|211|350|0|225|443|434|443|434|0|225|9640|3878|4612|2430|5028|1899|1831|790|985|481|846|572|2221|923|865|462|1356|809|7886|3066|3601|2066|4285|1871|4207|1597|1798|608|2409|1273|262|205|118|139|144|110|1682|1088|686|463|996|731|2826|1856|1047|833|1779|1176|10819|2597|8379|2410|2440|818|1589|990|878|555|711|583|2673|1176|1947|955|726|452|0|225|0|225|0|225|2175|2126|967|1044|1208|1188|1537|1321|1537|1321|0|225|160|266|0|225|160|266|0|225|0|225|0|225|0|225|0|225|0|225|634|624|408|422|226|258
5001900US0607|726607|15029|432367|13693|123228|11822|77517|8499|45711|5981|1167|770|1111|772|56|35|0|225|0|225|0|225|344|337|344|337|0|225|2160|1599|1553|1269|607|677|1459|629|1101|627|358|187|279|382|279|382|0|225|375|340|229|217|146|174|5399|1799|2229|1010|3170|1169|54|90|30|50|24|40|107|173|52|83|55|90|773|542|245|180|528|513|370|443|181|238|189|218|9139|4323|3298|1453|5841|3330|1012|887|687|751|325|462|14359|2990|9275|2666|5084|1561|4211|2261|2931|1924|1280|798|12250|5214|5998|2369|6252|4063|527|528|527|528|0|225|399|304|301|277|98|117|6411|3514|3925|2944|2486|1411|716|811|716|811|0|225|0|225|0|225|0|225|873|815|578|477|295|386|32983|4850|12984|3071|19999|2904|1175|650|809|497|366|297|1116|506|456|260|660|363|13665|3078|8532|2298|5133|1685|18177|3840|7431|1973|10746|2488|1395|1081|631|566|764|758|1719|888|733|495|986|505|2815|1882|1572|1110|1243|935|22450|3397|14117|2946|8333|1880|2962|1398|1678|960|1284|597|3507|1811|1984|994|1523|1052|0|225|0|225|0|225|2978|2048|1984|1812|994|664|2194|2462|2194|2462|0|225|688|659|521|517|167|272|0|225|0|225|0|225|0|225|0|225|0|225|804|623|501|464|303|379
5001900US0608|708513|9366|401827|12396|188784|11537|103530|8465|85254|6886|1993|970|1741|944|252|189|54|88|54|88|0|225|738|571|738|571|0|225|1760|994|1033|745|727|523|1053|611|988|597|65|106|348|344|298|334|50|84|100|172|46|80|54|92|1099|745|904|698|195|241|97|161|0|225|97|161|133|132|84|105|49|81|426|530|121|144|305|516|26|4|13|2|13|3|3368|1888|1868|979|1500|1101|653|721|531|539|122|199|4544|1642|3134|1218|1410|752|1454|1064|875|673|579|697|4387|1745|2339|1062|2048|1234|253|433|253|433|0|225|3730|2355|1278|751|2452|1672|932|909|737|735|195|208|223|368|223|368|0|225|151|245|151|245|0|225|547|585|381|452|166|207|12217|2619|6291|1419|5926|1693|1866|1021|1089|698|777|467|2191|757|1179|552|1012|538|3|7|3|7|0|225|3418|1661|1928|1034|1490|798|362|307|226|261|136|113|2964|2348|1788|1732|1176|778|3551|1832|1309|768|2242|1586|47871|5823|31889|4195|15982|2809|7389|2950|4370|1723|3019|2139|4898|3551|3035|2266|1863|1439|111|107|52|44|59|98|568|581|432|476|136|169|1317|1033|1161|925|156|249|609|781|294|385|315|404|0|225|0|225|0|225|80|137|80|137|0|225|418|312|418|312|0|225
5001900US0609|739197|4680|413101|12910|204590|10179|118070|7214|86520|7798|1494|1187|1494|1187|0|225|6|2|0|225|6|2|805|538|726|531|79|95|2349|1015|1720|878|629|402|469|324|396|315|73|114|190|194|190|194|0|225|403|340|253|228|150|244|337|378|337|378|0|225|117|198|117|198|0|225|332|403|168|209|164|199|195|250|121|153|74|121|38|64|38|64|0|225|4179|1996|2424|1522|1755|946|1589|1116|1101|853|488|448|4362|1489|2489|931|1873|979|5837|2929|3826|2518|2011|1084|16535|4120|9008|2507|7527|2385|395|538|145|240|250|314|2934|2175|2490|2028|444|447|4307|2399|2419|1670|1888|992|3805|1744|2998|1410|807|536|1908|1403|1712|1252|196|229|3893|2114|3519|2037|374|333|5633|1748|2657|929|2976|1058|755|650|518|596|237|151|553|531|372|433|181|221|4097|1767|1958|931|2139|1099|6913|2473|2030|842|4883|2007|7811|2667|3983|1714|3828|1574|2805|1723|2214|1561|591|360|234|232|199|205|35|58|24493|4234|14918|2915|9575|2229|5331|1951|3965|1803|1366|726|2195|1775|1835|1740|360|384|116|191|66|108|50|83|158|204|115|193|43|75|1921|1398|1605|1252|316|284|623|655|623|655|0|225|0|225|0|225|0|225|335|432|335|432|0|225|1054|1066|1054|1066|0|225
5001900US0610|732666|9045|478868|10166|87972|9320|55023|6082|32949|5960|3554|1564|3142|1572|412|303|37|63|37|63|0|225|902|528|709|416|193|229|2914|1164|2434|956|480|456|1647|684|1451|606|196|226|329|259|329|259|0|225|319|310|319|310|0|225|6112|1965|4450|1452|1662|881|680|449|519|421|161|205|825|867|780|855|45|75|4200|2505|2793|1794|1407|1451|408|426|224|244|184|215|13545|2936|7081|2022|6464|2385|2574|1468|2466|1427|108|179|16445|3309|13886|2939|2559|1076|2312|1239|1886|1085|426|468|4863|2324|3579|1668|1284|884|653|840|533|652|120|195|4159|1795|3604|1589|555|429|2524|1176|1916|1035|608|461|7973|2631|7091|2409|882|641|6284|2598|5724|2476|560|483|3129|1239|2829|1208|300|328|31664|4344|19007|3041|12657|2651|1466|709|991|560|475|342|6792|2276|3061|1290|3731|1349|0|225|0|225|0|225|2637|921|1247|508|1390|713|587|435|277|257|310|247|930|754|689|679|241|312|2875|2016|1592|1022|1283|1049|20713|4618|16477|4276|4236|1466|1278|625|637|307|641|431|5721|2533|3591|1707|2130|1538|548|648|548|648|0|225|1150|916|865|851|285|345|1338|1538|811|932|527|645|954|846|954|846|0|225|0|225|0|225|0|225|0|225|0|225|0|225|785|999|155|191|630|989
5001900US0611|701697|7847|414946|10345|74056|6090|48599|4695|25457|4019|9801|2651|8784|2301|1017|665|264|670|133|219|131|632|3686|1201|3178|1023|508|386|1395|688|1238|663|157|209|5062|1551|4918|1532|144|152|893|735|893|735|0|225|798|532|798|532|0|225|7171|1745|4382|1461|2789|1001|536|543|285|375|251|380|520|378|452|359|68|79|1597|644|896|404|701|395|178|245|143|238|35|58|2761|1251|2025|831|736|658|1396|770|1339|749|57|99|8513|2749|7134|2517|1379|850|503|437|442|381|61|105|57|99|57|99|0|225|704|523|704|523|0|225|3115|1526|1531|799|1584|1302|2738|1217|2314|1042|424|487|1035|588|1035|588|0|225|1215|621|1007|563|208|181|649|472|649|472|0|225|101729|7642|48551|5344|53178|4808|6842|2842|4200|1792|2642|1421|7653|2623|5761|2343|1892|833|0|225|0|225|0|225|12042|4044|5187|2088|6855|2735|265|427|0|225|265|427|1479|962|794|574|685|652|2687|1201|2078|845|609|587|15032|3561|9956|2357|5076|1947|1506|788|1339|685|167|199|3343|1720|2504|1117|839|967|1387|1081|1387|1081|0|225|1856|910|1792|897|64|111|287|272|287|272|0|225|1027|1020|884|818|143|251|39|62|39|62|0|225|168|217|168|217|0|225|766|482|766|482|0|225
5001900US0612|718640|6283|428364|9462|137541|8051|85857|6905|51684|5753|6675|1758|5890|1737|785|360|628|669|628|669|0|225|2353|1381|2174|1341|179|219|2405|1411|2231|1369|174|209|2688|1007|2529|975|159|191|918|897|918|897|0|225|895|837|618|503|277|379|2005|1037|1463|912|542|404|559|465|508|447|51|86|200|260|110|130|90|148|417|313|220|189|197|247|261|218|148|99|113|133|3847|1319|3117|1215|730|558|540|437|540|437|0|225|4688|2821|4367|2465|321|501|416|386|214|220|202|204|365|569|119|201|246|369|0|225|0|225|0|225|1640|874|1250|695|390|338|1860|1112|806|414|1054|851|325|332|325|332|0|225|1296|813|1197|776|99|115|266|267|215|215|51|84|56086|5688|23536|3224|32550|4169|3627|1105|2657|815|970|702|4241|1203|2783|908|1458|786|136|225|136|225|0|225|11961|3411|4005|1215|7956|2784|3223|1845|1517|958|1706|1174|1397|758|767|474|630|480|2512|1451|1496|900|1016|904|13002|2740|8200|1941|4802|1505|1601|601|1066|517|535|370|7266|3086|4460|2044|2806|1941|1091|540|1034|519|57|95|6495|2349|3118|1442|3377|1948|1127|991|942|931|185|320|1179|646|1101|613|78|106|15|3|15|3|0|225|0|225|0|225|0|225|2529|1741|668|678|1861|1288
5001900US0614|691822|8131|321921|10276|120796|9060|64836|6361|55960|6743|2793|1290|2184|1005|609|466|234|388|234|388|0|225|1070|1014|1012|1012|58|68|2603|1174|1736|1048|867|521|1655|666|1435|671|220|186|66|114|66|114|0|225|0|225|0|225|0|225|2855|1425|1727|1163|1128|576|697|578|626|500|71|119|416|414|118|144|298|352|490|410|490|410|0|225|0|225|0|225|0|225|7943|2751|5876|2555|2067|874|6233|2404|4738|2006|1495|994|31047|4546|26019|4009|5028|1525|2293|1186|1553|835|740|491|12533|3775|8672|2884|3861|1650|1679|1132|1542|1076|137|167|5394|1817|4586|1590|808|551|1803|1154|1311|1063|492|533|12319|3411|10018|2786|2301|1040|6433|1993|5443|1693|990|639|4016|1588|3368|1387|648|490|72198|6967|34108|3894|38090|4669|1504|885|955|666|549|383|6140|2022|3128|1143|3012|1177|194|319|194|319|0|225|12589|3726|6738|2562|5851|1644|1922|2127|575|520|1347|1785|2216|1615|959|699|1257|1062|2557|1314|1577|1096|980|611|36402|5327|24072|3902|12330|2421|2830|1313|1989|1013|841|440|2645|1736|1963|1543|682|642|314|130|242|73|72|134|883|723|512|491|371|361|676|590|374|337|302|478|901|851|775|689|126|200|0|225|0|225|0|225|9|3|9|3|0|225|553|623|199|331|354|424
5001900US0615|687520|9173|333062|11710|126479|8238|62688|5119|63791|7479|4638|2021|4130|1949|508|445|126|222|126|222|0|225|1625|627|1510|602|115|181|3695|1298|2585|889|1110|735|1829|764|1733|761|96|163|475|353|475|353|0|225|814|594|732|547|82|135|8003|1963|5672|1679|2331|1107|768|661|672|711|96|163|961|475|889|461|72|114|728|442|637|366|91|155|140|147|31|54|109|105|2637|990|2000|879|637|338|982|617|845|477|137|236|8383|2119|7427|1962|956|523|367|346|367|346|0|225|1197|820|864|656|333|388|658|428|633|423|25|42|1804|950|1017|548|787|819|3113|1308|2758|1188|355|292|1220|746|1101|691|119|138|3382|1774|3106|1662|276|241|913|579|794|555|119|171|95795|8694|44922|5203|50873|5517|5253|1539|3126|932|2127|925|3728|1277|2726|1049|1002|509|111|184|111|184|0|225|5604|2031|1781|742|3823|1860|104|136|81|136|23|3|1839|971|968|648|871|657|5812|3151|2625|1006|3187|3104|48546|6139|30603|3944|17943|3896|5455|2265|3832|1875|1623|807|4026|1536|2868|1321|1158|563|964|720|741|604|223|305|363|423|226|259|137|175|848|867|848|867|0|225|266|412|266|412|0|225|0|225|0|225|0|225|0|225|0|225|0|225|807|453|513|231|294|371
5001900US0616|716467|14558|388789|13442|90638|9890|56690|7348|33948|4769|4481|1207|3806|1163|675|428|0|225|0|225|0|225|2871|1305|2083|1023|788|744|2402|1249|2044|1023|358|292|4586|1459|3354|939|1232|1039|1277|711|1277|711|0|225|428|377|428|377|0|225|11374|2533|7390|2010|3984|1296|434|389|334|308|100|167|1785|1282|850|698|935|672|2788|1608|1441|908|1347|1017|310|246|310|246|0|225|10857|3038|7999|2624|2858|1364|1848|897|1496|684|352|364|16480|3300|14491|2898|1989|1352|1371|768|983|656|388|515|1682|1106|1447|996|235|284|1485|1284|1135|942|350|417|2083|908|1691|767|392|384|3073|1013|2517|909|556|393|4490|1534|3357|1131|1133|1000|9048|3332|8368|3183|680|485|4273|1292|3436|1195|837|508|71962|6681|43616|5161|28346|4307|6182|1701|2749|796|3433|1348|12505|3090|7247|2057|5258|1868|179|297|0|225|179|297|29028|4662|11391|2176|17637|3454|548|376|35|57|513|339|876|642|599|399|277|377|4929|2241|3947|2024|982|563|12680|2793|9196|2164|3484|1428|1296|734|997|576|299|286|1180|756|1180|756|0|225|3332|1738|2963|1670|369|263|1271|664|928|540|343|368|245|333|212|324|33|54|349|356|257|267|92|163|0|225|0|225|0|225|792|701|792|701|0|225|260|425|199|325|61|101
5001900US0617|723988|13002|261084|9460|86244|9422|53034|7851|33210|6029|2584|1278|2244|1171|340|347|0|225|0|225|0|225|732|518|515|408|217|185|3289|1167|2424|870|865|534|1433|585|1295|564|138|162|592|444|511|412|81|136|641|480|542|403|99|124|6096|2137|2650|1017|3446|1809|832|909|832|909|0|225|2776|2207|2065|1978|711|877|1266|930|676|537|590|525|65|108|65|108|0|225|6579|2518|4949|2108|1630|736|6626|2520|5413|2101|1213|783|45471|6128|38966|5707|6505|2386|6064|2292|5027|1955|1037|605|10034|4247|4599|2097|5435|3751|3401|1230|2657|1061|744|479|9679|2395|8022|2116|1657|627|1179|697|833|511|346|387|15892|4111|12815|3915|3077|1237|16166|3378|13154|2631|3012|1716|8558|2569|7478|2338|1080|609|122422|8747|68406|6321|54016|4695|7816|2927|3764|2369|4052|1522|16013|3954|8585|2577|7428|2204|550|722|520|711|30|50|37530|5780|16214|2969|21316|3656|170|146|157|147|13|3|1457|1285|1122|1007|335|335|1859|870|1270|606|589|522|24990|4514|16627|3437|8363|2364|3348|1404|2468|1053|880|527|4509|2181|3221|1706|1288|1123|3423|1291|2963|1121|460|451|1096|811|702|708|394|378|0|225|0|225|0|225|450|528|440|527|10|8|0|225|0|225|0|225|559|513|305|349|254|359|513|356|463|349|50|84
5001900US0619|706767|12232|451671|11515|107903|10490|73636|8244|34267|5090|4002|1071|3384|870|618|429|0|225|0|225|0|225|2351|1102|1883|929|468|424|3003|969|2099|774|904|510|3557|1151|3395|1149|162|148|698|421|698|421|0|225|444|401|280|295|164|167|2435|996|1661|670|774|544|564|580|473|524|91|150|595|579|461|451|134|222|717|423|404|233|313|321|143|138|143|138|0|225|5545|1885|4380|1584|1165|655|1450|834|609|411|841|655|8260|2605|6469|2015|1791|1042|1926|1212|1740|1148|186|209|4740|2356|3871|1908|869|804|1566|882|1357|763|209|208|2144|879|1728|765|416|347|2401|2175|1199|775|1202|1509|2198|1153|2068|1133|130|215|3907|1470|3666|1409|241|185|2233|1153|2028|1122|205|201|21507|3505|12705|2507|8802|1678|2893|1266|1748|847|1145|628|4512|1233|2476|833|2036|705|202|272|120|168|82|107|38399|6352|15668|3707|22731|3504|1381|787|1012|626|369|304|1377|1018|774|653|603|511|1047|836|486|392|561|567|9316|2359|6663|1919|2653|1029|1985|1120|1333|854|652|496|3921|2297|3707|2296|214|228|95|109|51|85|44|70|3446|1672|2424|1225|1022|585|438|398|404|361|34|61|0|225|0|225|0|225|0|225|0|225|0|225|272|450|272|450|0|225|1523|1386|1000|963|523|461
5001900US0624|716431|6135|479421|10705|189295|8053|110129|6281|79166|6160|3093|999|2585|964|508|317|0|225|0|225|0|225|1264|556|1141|522|123|199|972|457|821|438|151|149|3288|1260|3069|1257|219|180|360|273|360|273|0|225|355|269|355|269|0|225|948|580|948|580|0|225|143|242|49|81|94|161|140|169|140|169|0|225|2381|2005|1659|1407|722|633|273|260|249|258|24|41|538|290|415|279|123|107|200|200|200|200|0|225|657|592|555|454|102|164|57|99|57|99|0|225|1448|1190|1448|1190|0|225|340|420|340|420|0|225|73|122|73|122|0|225|298|225|215|172|83|140|431|393|431|393|0|225|265|337|265|337|0|225|471|375|253|341|218|149|7567|1452|5066|962|2501|968|1852|932|1640|859|212|209|2663|1199|1640|766|1023|630|102|165|102|165|0|225|3576|1436|2233|837|1343|764|72|5|0|225|72|5|218|154|165|151|53|104|287|328|211|253|76|148|3553|1181|2662|1013|891|407|816|518|607|458|209|230|2243|1597|1818|1559|425|233|244|196|244|196|0|225|487|273|487|273|0|225|151|238|151|238|0|225|322|279|322|279|0|225|0|225|0|225|0|225|0|225|0|225|0|225|5567|2961|1478|881|4089|2669
5001900US0628|718409|13710|350320|13084|118959|10546|84314|8271|34645|5294|1330|510|1092|414|238|195|0|225|0|225|0|225|1362|572|1091|525|271|215|602|369|501|335|101|161|1200|554|1109|508|91|107|280|276|280|276|0|225|525|374|331|255|194|252|1905|1042|1129|734|776|574|165|270|165|270|0|225|283|250|283|250|0|225|298|186|199|168|99|112|11452|3896|6326|2483|5126|2651|1878|758|1331|655|547|309|500|371|500|371|0|225|1816|935|950|457|866|719|1031|776|969|690|62|104|677|730|276|258|401|520|1551|1303|1334|1082|217|288|2354|1530|1467|1186|887|933|657|504|552|473|105|175|1114|824|1064|810|50|79|104|154|58|80|46|75|737|1200|468|763|269|445|148231|8611|60413|4363|87818|6105|4481|1277|2442|718|2039|919|14203|3446|8335|2504|5868|1550|0|225|0|225|0|225|19504|4250|5901|1808|13603|3457|1027|1003|508|460|519|614|2738|1417|1515|1008|1223|704|2396|1167|1217|800|1179|786|12406|3491|9186|2837|3220|1201|2994|1199|1884|938|1110|556|5699|1816|3959|1263|1740|1198|575|486|575|486|0|225|1024|949|383|464|641|593|1220|1108|1220|1108|0|225|250|255|250|255|0|225|0|225|0|225|0|225|0|225|0|225|0|225|561|413|561|413|0|225
5001900US0630|713047|14519|367934|10863|122328|10476|76817|7233|45511|5403|6185|2689|5611|2605|574|415|59|98|59|98|0|225|2970|1069|2449|1059|521|480|2295|1038|1338|649|957|698|3014|1170|3014|1170|0|225|843|461|782|451|61|106|1043|717|508|368|535|612|15454|3840|7094|2615|8360|2178|654|454|610|448|44|72|2068|1133|1651|810|417|507|2241|1097|519|455|1722|883|102834|8408|52438|6866|50396|5519|6246|2267|3238|1496|3008|1453|352|263|314|256|38|64|1264|921|685|458|579|807|750|502|646|443|104|126|300|428|242|423|58|66|258|231|153|152|105|173|282|306|191|204|91|109|2397|1274|2203|1278|194|161|514|417|443|362|71|116|499|630|418|499|81|137|532|598|475|589|57|95|7899|1890|4043|1176|3856|1431|3344|1357|2484|1115|860|546|15247|3438|6316|1938|8931|2093|0|225|0|225|0|225|1135|864|564|465|571|468|363|395|153|181|210|256|3525|1501|1051|594|2474|1280|683|657|584|647|99|112|20729|3664|14240|2692|6489|1668|1870|1190|1376|763|494|511|7007|3287|2869|1101|4138|2812|4377|2001|3733|1882|644|543|1260|1115|982|914|278|317|705|532|651|531|54|89|107|124|107|124|0|225|116|191|116|191|0|225|0|225|0|225|0|225|1364|821|1267|821|97|75
5001900US0632|729071|20136|423550|15525|139185|12953|85873|7782|53312|6803|5958|1646|4895|1491|1063|732|0|225|0|225|0|225|1833|847|1557|738|276|226|1244|862|906|595|338|367|2789|1129|2420|1082|369|185|431|298|431|298|0|225|426|364|426|364|0|225|15008|3855|9570|2674|5438|2146|1061|852|659|551|402|553|746|503|631|519|115|138|2245|1405|1394|818|851|718|17433|4124|11325|3251|6108|1635|33545|5809|20247|3562|13298|3526|780|592|638|491|142|190|5736|2201|4738|1930|998|920|470|463|317|304|153|192|503|406|306|295|197|213|791|549|462|333|329|293|1198|1137|996|1162|202|209|2645|1229|2286|1153|359|283|775|666|709|636|66|107|1251|956|551|514|700|527|348|298|289|249|59|94|10585|2424|7573|1961|3012|1034|3936|1600|2481|1083|1455|689|7166|2450|4161|1553|3005|1249|590|888|590|888|0|225|4046|1437|2135|958|1911|774|463|343|196|160|267|285|2139|1309|1034|769|1105|833|855|602|438|372|417|445|19567|4381|14340|3561|5227|1713|1446|630|1133|482|313|372|5974|2418|3479|1080|2495|1692|7431|2296|6852|2211|579|512|493|436|406|407|87|143|1442|926|998|833|444|497|80|97|80|97|0|225|0|225|0|225|0|225|112|190|57|97|55|93|2795|1804|1665|1333|1130|1296
5001900US0636|720560|15702|498273|12998|78916|8991|58301|6717|20615|3837|4833|1512|4300|1490|533|380|38|63|38|63|0|225|2488|1192|2261|1130|227|188|4326|1509|3934|1431|392|301|5826|2123|5630|2085|196|155|1093|708|1093|708|0|225|475|318|420|279|55|93|6391|2311|3445|1120|2946|1650|1053|574|818|516|235|191|1026|677|730|459|296|240|2168|1114|1160|827|1008|629|1528|933|1045|795|483|466|18514|3491|13238|3060|5276|1461|616|435|462|317|154|146|2116|907|2001|894|115|134|2611|2420|1600|1488|1011|1004|474|430|460|431|14|6|801|557|578|406|223|275|740|534|573|448|167|189|2596|807|2247|657|349|365|1286|580|1235|564|51|63|203|158|203|158|0|225|347|314|347|314|0|225|28297|3547|19518|2602|8779|2311|12659|3100|7270|2331|5389|1658|15291|3446|8534|2693|6757|1903|0|225|0|225|0|225|4167|2135|2766|1410|1401|1183|429|439|374|388|55|92|2403|1250|1548|919|855|664|845|468|827|464|18|26|6092|1796|4246|1374|1846|855|1843|1528|795|565|1048|1079|4759|2175|3166|1553|1593|1474|2250|1294|2133|1315|117|103|441|503|435|502|6|2|747|1013|121|161|626|1005|298|310|298|310|0|225|0|225|0|225|0|225|31|53|31|53|0|225|1270|823|1087|794|183|249
5001900US0640|705831|11190|441053|11951|116919|10910|83908|8480|33011|5157|1810|1013|1739|999|71|116|0|225|0|225|0|225|576|532|576|532|0|225|1825|979|1651|937|174|177|3316|1520|2780|1178|536|547|1050|678|1016|682|34|58|349|338|349|338|0|225|1685|990|1637|981|48|78|608|427|451|348|157|263|349|507|349|507|0|225|1160|763|819|491|341|320|1657|847|1171|629|486|386|17442|4646|11156|3349|6286|2208|4004|2186|3056|1821|948|649|6852|3028|5557|2647|1295|825|1944|1152|1322|1014|622|476|1373|802|1221|689|152|246|1415|675|828|428|587|449|766|675|689|663|77|118|1063|626|719|491|344|295|1683|1495|1362|1426|321|397|462|405|462|405|0|225|93|153|93|153|0|225|35567|5506|19312|3949|16255|3535|2821|1200|1996|999|825|473|12381|3072|7691|2152|4690|1577|0|225|0|225|0|225|13620|2758|6780|1745|6840|1605|763|487|379|252|384|332|2009|1917|1212|1286|797|715|2045|1221|1250|949|795|703|14757|3214|10136|2340|4621|1718|2335|1273|1617|1042|718|580|7563|2829|6101|2689|1462|813|576|462|576|462|0|225|100|167|100|167|0|225|826|1149|826|1149|0|225|221|268|144|171|77|124|0|225|0|225|0|225|443|644|443|644|0|225|350|276|350|276|0|225
5001900US0645|708910|10102|316903|11893|142080|12912|89329|9497|52751|6715|1758|907|1392|785|366|293|0|225|0|225|0|225|684|532|295|416|389|323|1180|896|471|316|709|817|1394|745|1267|689|127|164|673|564|673|564|0|225|395|394|395|394|0|225|725|512|223|292|502|414|143|235|0|225|143|235|0|225|0|225|0|225|577|674|368|596|209|331|656|530|656|530|0|225|1677|1261|1304|1108|373|359|3559|2113|2027|1404|1532|914|3643|2006|3155|1789|488|387|1319|840|710|608|609|480|1198|925|844|746|354|373|599|645|307|401|292|382|3358|2110|2665|1619|693|761|877|631|587|446|290|344|1929|1939|1900|1933|29|48|1186|920|1186|920|0|225|668|509|500|388|168|245|23315|3502|10875|2072|12440|2257|3766|1505|1489|726|2277|922|38624|6084|17174|3988|21450|3249|803|808|259|421|544|612|112071|9147|40230|4625|71841|6726|1260|908|644|482|616|466|1903|1453|275|275|1628|1383|1229|1247|963|1188|266|274|29220|5234|19382|3771|9838|2858|2629|1060|1853|830|776|494|3603|1566|2004|908|1599|878|0|225|0|225|0|225|2632|2358|2632|2358|0|225|302|313|302|313|0|225|52|86|52|86|0|225|0|225|0|225|0|225|0|225|0|225|0|225|320|301|273|292|47|77
5001900US0647|718311|5503|438337|12731|77931|8510|57451|6508|20480|4008|2749|993|2656|981|93|106|0|225|0|225|0|225|1298|796|1126|743|172|166|2653|2022|2397|1948|256|380|3161|1408|2943|1382|218|215|529|381|529|381|0|225|670|730|230|214|440|704|7791|4079|3667|1846|4124|3556|1072|698|828|603|244|265|1191|1051|1191|1051|0|225|1435|870|814|585|621|645|876|661|744|602|132|160|18716|4995|11983|3529|6733|2619|2494|1401|2275|1296|219|309|4117|1524|3467|1298|650|638|1904|1043|1112|590|792|623|1164|780|1064|733|100|165|517|535|348|339|169|244|1905|1714|1274|1265|631|734|2906|1331|2090|926|816|807|820|660|820|660|0|225|1459|999|1083|717|376|377|630|507|508|398|122|156|53829|7081|30090|5257|23739|3518|6296|1950|3824|1430|2472|944|25437|5002|13841|3768|11596|2663|83|136|0|225|83|136|23668|5468|13863|3225|9805|2937|712|895|164|160|548|881|847|479|708|447|139|166|6312|3050|3851|1804|2461|1745|7171|1879|5757|1689|1414|545|2159|1361|1362|1186|797|631|11757|4090|9422|3354|2335|1185|2147|1832|1998|1803|149|246|423|471|277|374|146|183|127|249|63|124|64|125|83|137|83|137|0|225|0|225|0|225|0|225|0|225|0|225|0|225|935|1064|871|1059|64|109
5001900US0650|727173|16892|499721|15444|102633|9449|70224|7091|32409|4649|4095|1284|3812|1270|283|251|43|2|0|225|43|2|1862|1106|1732|1113|130|129|2937|1421|2742|1376|195|195|1809|929|1728|927|81|133|652|419|481|298|171|285|478|368|478|368|0|225|6885|3158|5062|2571|1823|1013|1171|914|872|631|299|320|478|337|478|337|0|225|1540|869|1070|811|470|344|478|453|447|451|31|50|10271|3134|6601|2567|3670|1295|1960|1108|1682|1031|278|267|6712|2436|6223|2386|489|256|2085|1825|2046|1825|39|3|2165|3101|458|525|1707|2588|864|670|864|670|0|225|1694|1584|1299|1252|395|437|2032|961|1689|929|343|308|3744|2042|3358|1960|386|460|2152|1236|2052|1219|100|119|1613|1346|1420|1287|193|238|27830|3646|17102|2937|10728|1942|4649|1520|2797|1079|1852|715|7379|2502|4241|1891|3138|1245|51|86|51|86|0|225|5175|2078|3174|1405|2001|999|263|314|129|157|134|170|1213|695|501|370|712|523|1719|889|1226|802|493|330|8435|1936|5609|1439|2826|947|1317|668|818|501|499|410|5540|2711|3331|1199|2209|2422|1495|801|1344|791|151|145|121|142|55|92|66|109|389|360|389|360|0|225|195|229|195|229|0|225|44|66|0|225|44|66|186|253|186|253|0|225|1098|631|695|422|403|374
5001900US0651|724902|17338|464555|15898|121292|10992|87272|8484|34020|4602|4883|1656|4359|1547|524|451|139|121|0|225|139|121|2059|1251|1884|1180|175|209|2746|1058|2222|873|524|497|2080|1104|1774|858|306|361|366|312|257|222|109|138|258|237|258|237|0|225|6212|3108|4296|2145|1916|1298|724|319|468|269|256|185|160|189|160|189|0|225|1534|1323|857|806|677|642|325|326|325|326|0|225|11216|3817|6636|2156|4580|2112|594|562|302|282|292|340|4488|2042|3088|1604|1400|1239|103|115|103|115|0|225|3731|2545|2705|1953|1026|723|591|443|544|423|47|76|557|426|504|398|53|86|3581|2085|2106|1390|1475|1295|1273|785|1020|742|253|262|665|522|617|486|48|81|1540|1243|1540|1243|0|225|18134|4218|10908|3117|7226|2461|3534|1628|2230|1281|1304|742|2056|771|1215|560|841|528|166|158|166|158|0|225|14005|2794|6493|1768|7512|1972|1491|837|404|302|1087|778|1325|664|571|384|754|536|1866|1434|488|493|1378|1521|19353|4043|13735|2975|5618|1670|2571|1391|2284|1352|287|253|15174|3796|6523|2245|8651|2476|507|487|304|268|203|273|6310|2121|4432|1674|1878|822|379|376|323|312|56|95|1880|1484|1300|996|580|832|0|225|0|225|0|225|118|205|118|205|0|225|361|317|201|214|160|201
5001900US0806|687962|7054|518038|11001|95047|7973|51810|6956|43237|5830|4896|2410|3184|1714|1712|1426|103|174|103|174|0|224|686|329|498|310|188|269|1261|887|944|725|317|390|1312|774|1262|767|50|87|716|586|691|581|25|41|0|224|0|224|0|224|5145|1791|2703|1377|2442|1334|692|408|566|413|126|159|405|361|301|304|104|174|1778|1213|1101|732|677|572|301|444|301|444|0|224|3731|1610|1575|842|2156|1240|553|575|341|368|212|275|1957|862|1869|839|88|105|0|224|0|224|0|224|1014|860|544|459|470|454|146|257|0|224|146|257|2820|1607|1739|995|1081|795|1198|927|947|880|251|260|782|722|709|661|73|120|716|668|270|283|446|615|634|627|634|627|0|224|5684|2076|3651|1588|2033|906|888|637|438|438|450|401|6031|2282|3224|1624|2807|1671|0|224|0|224|0|224|2731|1360|1608|1045|1123|828|41|66|0|224|41|66|1749|1503|1029|984|720|630|225|331|40|68|185|325|2034|924|1219|497|815|833|1500|692|876|394|624|701|3962|1494|2244|1029|1718|777|528|432|439|409|89|141|13079|5156|5967|2793|7112|2649|3451|2151|2509|1717|942|733|1487|1188|1346|1022|141|265|8|3|8|3|0|224|153|205|53|60|100|164|480|435|436|429|44|74
5001900US0901|697138|9195|519284|12574|96067|6738|60284|4935|35783|4954|4237|1248|3582|1193|655|414|3152|1774|2045|1582|1107|685|6031|2679|4095|2173|1936|1119|3723|1712|1362|648|2361|1282|1097|532|951|496|146|157|276|275|211|198|65|108|969|574|786|539|183|238|2199|1305|1312|902|887|617|5994|1821|3777|1551|2217|805|3000|2105|2173|1711|827|708|1055|783|740|697|315|369|381|477|0|225|381|477|1255|1228|872|814|383|444|1809|974|947|676|862|680|6709|2549|3806|1447|2903|2423|1851|1267|1234|901|617|539|0|225|0|225|0|225|563|486|367|312|196|188|1262|703|1152|620|110|130|3297|1534|1677|954|1620|954|1607|1074|1544|1042|63|106|5142|2246|4122|1751|1020|737|2391|1829|1858|1383|533|500|4047|1523|2411|936|1636|927|920|750|604|588|316|273|1140|841|831|702|309|240|0|225|0|225|0|225|3024|1446|1396|790|1628|891|0|225|0|225|0|225|1055|881|527|451|528|520|462|496|462|496|0|225|2264|1364|1903|1279|361|345|334|314|281|244|53|92|1359|1273|705|606|654|705|320|211|320|211|0|225|165|279|71|128|94|159|4147|1611|3222|1288|925|629|0|225|0|225|0|225|0|225|0|225|0|225|247|400|0|225|247|400|4303|2243|4263|2240|40|68
5001900US0903|705682|9985|545023|12451|83524|7071|50159|4958|33365|4805|5224|1648|4217|1399|1007|713|3198|2556|1853|1238|1345|1413|3638|1188|2444|914|1194|802|6572|2624|3860|1678|2712|1338|2085|1082|1984|1061|101|181|156|264|156|264|0|225|1252|680|1162|659|90|106|2205|1348|1934|1297|271|217|3852|1722|2457|1113|1395|1003|1790|1395|581|396|1209|1213|1394|1075|645|784|749|724|40|65|40|65|0|225|643|593|349|386|294|278|3093|1370|2303|1239|790|460|1071|981|755|629|316|448|776|655|566|595|210|265|273|345|273|345|0|225|1281|1092|623|705|658|747|681|924|681|924|0|225|4007|2397|2645|1572|1362|1108|1100|1164|1100|1164|0|225|366|258|366|258|0|225|0|225|0|225|0|225|7808|1977|4159|1509|3649|1590|354|300|291|250|63|108|1719|999|1252|786|467|413|0|225|0|225|0|225|1216|1293|900|1038|316|486|619|649|398|534|221|268|782|613|516|466|266|213|706|564|540|449|166|206|2121|989|1686|793|435|381|506|465|506|465|0|225|11045|5666|5315|3368|5730|2606|1612|1123|1436|1053|176|205|220|258|220|258|0|225|1690|752|1325|644|365|410|234|268|234|268|0|225|0|225|0|225|0|225|0|225|0|225|0|225|1806|1461|1702|1459|104|94
5001900US0904|697764|5988|469774|11599|133640|6778|71550|5016|62090|6031|7330|3359|5981|2808|1349|729|11321|3038|6008|1900|5313|1938|3907|1399|3092|1268|815|432|14068|3387|7772|2357|6296|2161|1438|722|1261|676|177|198|647|670|604|623|43|70|1922|1414|1068|668|854|916|4843|1743|3573|1394|1270|706|2651|1026|1517|615|1134|765|758|759|659|641|99|165|4050|2019|2692|1269|1358|924|0|225|0|225|0|225|512|404|251|217|261|222|1229|745|930|490|299|313|3714|1829|3398|1715|316|436|1502|1033|642|569|860|629|1063|981|340|360|723|702|2403|1691|1286|962|1117|1136|714|723|677|719|37|63|3069|1323|2504|1105|565|401|734|709|734|709|0|225|1162|824|1162|824|0|225|472|390|432|370|40|68|10095|2706|6498|1506|3597|1638|1301|847|1058|790|243|243|995|673|739|494|256|232|0|225|0|225|0|225|868|706|565|473|303|284|735|988|200|242|535|771|1658|1037|735|550|923|856|964|788|809|589|155|253|2782|1382|2212|1104|570|392|0|225|0|225|0|225|1507|979|511|402|996|846|378|311|378|311|0|225|0|225|0|225|0|225|497|378|497|378|0|225|880|1115|610|717|270|442|0|225|0|225|0|225|0|225|0|225|0|225|2181|1054|1830|942|351|296
5001900US1000|997129|209|835099|8889|80141|5135|48631|4013|31510|3608|5946|2534|5231|2383|715|764|7138|2793|3386|1735|3752|2047|2079|892|1527|741|552|395|1036|550|989|553|47|80|2198|866|1860|781|338|297|1487|1198|1244|1172|243|269|1774|884|1378|620|396|499|2143|1212|1696|870|447|464|1036|723|694|521|342|317|842|765|662|612|180|322|704|488|641|474|63|108|484|763|484|763|0|208|783|531|442|464|341|266|2672|1654|1240|830|1432|1396|1511|796|1247|685|264|211|4518|1907|3528|1566|990|526|1443|938|821|505|622|497|1042|1004|392|358|650|687|1195|780|1126|749|69|120|1436|884|822|564|614|689|2309|1044|1994|952|315|296|919|874|903|874|16|39|733|700|668|693|65|108|10011|2522|4648|1690|5363|1809|162|139|90|109|72|98|2769|1192|1336|661|1433|848|0|208|0|208|0|208|2978|1983|1865|1376|1113|728|408|473|0|208|408|473|223|238|110|122|113|143|938|858|660|810|278|244|3554|1107|2979|1059|575|345|175|203|46|61|129|197|3134|2046|2097|1297|1037|842|506|476|506|476|0|208|538|786|358|501|180|297|7734|2621|6550|2359|1184|800|1939|1686|1939|1686|0|208|0|208|0|208|0|208|137|144|137|144|0|208|1255|760|926|613|329|324
5001900US1198|662752|79|521800|8710|61754|4580|37228|3992|24526|4130|11931|2616|9860|2366|2071|1166|1260|1049|523|636|737|917|1831|980|1770|973|61|102|1431|875|1330|856|101|172|3303|1266|2950|1196|353|416|532|414|532|414|0|247|1115|894|1041|894|74|15|2673|1057|2042|818|631|618|445|345|361|244|84|137|711|693|711|693|0|247|1036|620|815|507|221|214|106|135|29|46|77|127|2051|926|1859|883|192|188|878|776|878|776|0|247|1772|845|1368|600|404|443|403|478|325|358|78|134|318|312|171|215|147|235|273|234|273|234|0|247|972|807|972|807|0|247|1732|1105|1175|845|557|595|0|247|0|247|0|247|891|767|722|750|169|146|196|247|196|247|0|247|7561|1543|5543|1335|2018|860|1334|555|902|482|432|328|2003|730|1496|651|507|284|53|81|53|81|0|247|2868|2099|388|302|2480|2131|0|247|0|247|0|247|609|562|292|265|317|338|1832|1241|1746|1232|86|102|1567|769|1060|618|507|598|638|388|638|388|0|247|2612|919|2293|835|319|331|1327|620|1252|628|75|80|14706|6013|8716|3854|5990|2738|4037|2150|2838|1371|1199|1128|1584|858|1403|845|181|224|31|50|31|50|0|247|0|247|0|247|0|247|576|369|427|248|149|275
5001900US1304|712646|12626|474519|10278|124410|10755|54946|6405|69464|7643|5938|2789|3971|1773|1967|1456|2829|2433|2324|2103|505|433|413|307|107|125|306|294|1274|876|1134|861|140|179|1341|733|1341|733|0|232|344|350|344|350|0|232|610|664|610|664|0|232|913|690|347|355|566|435|329|328|142|166|187|232|699|637|556|452|143|236|227|379|0|232|227|379|0|232|0|232|0|232|1346|1056|897|709|449|466|6110|2650|4393|2253|1717|1052|3129|1597|2658|1429|471|489|1285|879|960|709|325|301|0|232|0|232|0|232|3755|1714|2170|1189|1585|880|3929|2789|2241|1511|1688|1622|1307|771|920|643|387|394|960|896|827|876|133|155|701|1008|111|183|590|988|172|209|172|209|0|232|9807|2494|5085|1632|4722|1671|1194|1090|961|1021|233|345|12179|3874|5507|2068|6672|2265|64|106|64|106|0|232|13014|3793|4366|1650|8648|2794|1294|1120|699|605|595|550|396|341|324|322|72|114|3755|1651|1834|937|1921|1004|1255|663|864|546|391|291|698|546|406|312|292|293|1582|840|1151|602|431|433|1304|1256|1304|1256|0|232|13054|4034|7130|2543|5924|2408|4708|2006|4354|1952|354|323|8999|4771|1450|1241|7549|4172|0|232|0|232|0|232|35|72|35|72|0|232|2768|2036|2388|1753|380|409
5001900US1307|771162|8475|578832|11518|56896|5769|37897|4898|18999|3857|2234|938|2003|875|231|293|2286|1998|1417|1177|869|948|547|386|547|386|0|232|5885|2190|3798|1584|2087|956|1975|1158|1753|980|222|253|737|568|737|568|0|232|570|599|534|579|36|62|4437|1737|2690|1299|1747|1024|1773|1413|1541|1309|232|228|298|286|151|177|147|232|1597|1081|912|627|685|512|0|232|0|232|0|232|3225|1896|1945|1291|1280|946|5141|1729|3574|1430|1567|675|16652|3712|14740|3453|1912|1214|2953|1931|2737|1850|216|221|915|799|685|592|230|250|2393|1386|2212|1218|181|232|2435|1328|2271|1284|164|188|564|482|481|461|83|111|15510|3652|12121|2770|3389|1701|10166|3481|9412|3452|754|619|5155|2309|4771|2340|384|408|17635|3712|9336|2144|8299|2309|1128|863|661|627|467|395|9087|2826|3791|1029|5296|2187|0|232|0|232|0|232|1522|928|534|416|988|711|627|637|288|397|339|447|854|779|548|473|306|447|3341|2708|2123|1917|1218|923|1405|649|1179|595|226|229|300|376|232|281|68|115|4711|3199|4092|3117|619|684|3525|2229|3155|2077|370|507|188|221|95|150|93|158|2193|1038|1895|898|298|400|753|632|572|525|181|221|24|40|24|40|0|232|52|64|24|43|28|46|641|666|505|578|136|163
5001900US1309|785933|17013|597224|13619|113305|9098|65669|5922|47636|5914|2668|2037|2202|1876|466|467|2512|2219|1693|1442|819|984|144|137|144|137|0|232|2618|1292|2209|1152|409|336|2032|865|1910|855|122|144|461|543|461|543|0|232|0|232|0|232|0|232|1030|716|913|688|117|196|240|289|163|193|77|128|2119|1090|1769|1078|350|249|1237|923|1155|912|82|99|0|232|0|232|0|232|806|596|628|501|178|176|3181|1879|2247|1385|934|635|3268|2170|2606|1695|662|607|3252|1757|2077|1314|1175|843|385|638|299|494|86|145|587|423|409|352|178|192|351|341|88|124|263|311|2466|1293|1688|905|778|675|866|734|731|569|135|220|246|312|231|308|15|21|544|335|379|276|165|168|5943|2519|2115|1101|3828|1895|1219|772|783|650|436|375|14951|4043|7124|2631|7827|2055|85|106|54|96|31|49|7895|2686|3967|1505|3928|1392|1190|1178|548|794|642|579|1352|753|540|369|812|471|1046|940|533|667|513|515|1470|809|1416|788|54|80|414|364|217|215|197|286|485|401|274|186|211|242|725|1017|549|738|176|286|1637|1369|945|788|692|799|3698|1737|3285|1553|413|424|1493|1127|1333|953|160|265|0|232|0|232|0|232|0|232|0|232|0|232|788|586|551|362|237|324
5001900US1703|690008|17561|358930|13077|239701|15938|127294|10575|112407|10347|1117|739|1068|735|49|80|69|83|28|47|41|68|2029|931|1502|730|527|365|575|475|513|401|62|108|1568|938|1493|949|75|127|373|436|373|436|0|208|1508|927|1124|765|384|324|1483|777|1244|706|239|230|26127|4262|12300|2369|13827|3021|2560|1505|1728|1139|832|484|8933|3127|3200|1363|5733|2318|87|152|87|152|0|208|55|91|55|91|0|208|2429|939|1108|600|1321|824|818|704|783|695|35|61|5813|3135|4498|2682|1315|704|1265|1111|756|685|509|488|262|323|169|187|93|152|162|234|105|143|57|93|2963|1418|1724|767|1239|1138|0|208|0|208|0|208|114|193|71|120|43|74|812|868|469|468|343|582|1631|633|864|449|767|428|329|287|253|267|76|92|811|338|622|332|189|154|59|96|59|96|0|208|5422|3715|2008|1679|3414|2212|175|293|76|127|99|166|1263|1050|199|261|1064|884|1062|550|362|267|700|426|9821|2621|7709|2361|2112|787|1037|633|996|629|41|68|4233|2088|3648|1822|585|411|387|361|328|346|59|97|1098|1014|669|726|429|372|948|752|833|660|115|144|258|432|0|208|258|432|0|208|0|208|0|208|0|208|0|208|0|208|1721|1696|1076|1112|645|654
5001900US1705|732601|17666|530332|15533|63906|9197|43481|6689|20425|4623|2749|996|2533|994|216|279|78|129|78|129|0|208|4365|1708|3465|1562|900|498|1293|653|1293|653|0|208|2037|902|1994|885|43|72|285|256|285|256|0|208|4177|2007|3534|1920|643|405|7972|2908|4485|1999|3487|1498|21854|4508|12427|2826|9427|2462|3544|1330|2162|1018|1382|760|11732|3665|5577|1962|6155|2283|895|1224|561|707|334|549|610|439|511|397|99|118|3522|1592|2224|936|1298|804|2977|1426|2498|1134|479|551|4878|2318|3656|1660|1222|1148|277|341|231|275|46|75|150|244|76|125|74|120|838|621|574|504|264|257|7625|2371|5837|2108|1788|736|1987|1058|1870|1049|117|156|1400|884|1340|867|60|101|2145|1230|1535|1122|610|478|7884|1987|5299|1458|2585|1317|2703|1788|2003|1689|700|440|6806|2759|4046|2070|2760|911|0|208|0|208|0|208|2834|1832|731|675|2103|1342|0|208|0|208|0|208|1359|1061|660|528|699|612|3814|1896|1272|749|2542|1637|9094|2815|6716|2196|2378|1317|926|710|428|384|498|377|6018|2584|5100|2547|918|719|1105|1105|1079|1104|26|6|5966|1936|3578|1462|2388|1178|1494|1342|1475|1341|19|37|0|208|0|208|0|208|0|208|0|208|0|208|0|208|0|208|0|208|970|932|926|928|44|72
5001900US1708|714167|12142|405838|13297|147853|10835|91975|8290|55878|6030|1704|903|1220|750|484|385|0|208|0|208|0|208|4820|1753|3101|1178|1719|978|1223|912|1148|847|75|124|1276|784|829|512|447|537|175|309|175|309|0|208|3522|2361|2980|2042|542|445|3401|1612|1022|852|2379|1295|27930|4940|16747|3761|11183|2314|3431|1698|2138|1133|1293|943|12736|3077|4352|1830|8384|2477|0|208|0|208|0|208|233|236|149|145|84|99|18362|3974|10999|2768|7363|1760|4959|2490|4462|2479|497|303|7473|2997|5944|2791|1529|753|1365|1095|838|677|527|487|506|530|355|369|151|255|1780|984|1346|831|434|359|7573|3158|4494|2461|3079|1292|1782|942|1358|705|424|531|2442|1674|2033|1343|409|409|3037|1628|2198|1253|839|573|6180|1781|3094|1094|3086|1258|4039|1804|1648|984|2391|1148|5680|2341|2538|1406|3142|1513|0|208|0|208|0|208|1468|784|625|381|843|685|337|377|0|208|337|377|1729|1075|624|473|1105|747|6479|3138|3325|2340|3154|1718|9757|2275|8031|2222|1726|727|1819|1875|1559|1647|260|290|4876|2324|3954|2129|922|586|0|208|0|208|0|208|1561|1119|1151|1036|410|421|5767|3739|4558|2916|1209|989|308|386|308|386|0|208|0|208|0|208|0|208|23|41|23|41|0|208|723|790|381|464|342|446
5001900US1709|706662|15007|457174|13339|75940|11591|46512|7837|29428|6206|4103|1956|1465|959|2638|1740|657|671|650|671|7|15|1869|867|1480|809|389|271|1053|686|1053|686|0|208|4182|1413|3505|1172|677|522|572|446|572|446|0|208|4971|1342|3689|1017|1282|726|10967|3191|6725|2343|4242|1437|16384|4101|11132|3443|5252|1679|4157|1636|3327|1387|830|487|4558|1925|1236|572|3322|1691|755|797|522|727|233|215|4682|2322|2306|1231|2376|1730|2265|1057|1001|551|1264|719|6065|1771|5260|1685|805|408|10903|3259|6221|1644|4682|2281|153|258|50|84|103|174|2426|2177|1006|778|1420|1492|2131|1558|1273|811|858|927|7852|2552|4818|1936|3034|1623|2924|1586|2438|1395|486|488|2432|2114|2020|1973|412|674|4389|3045|2911|2060|1478|1215|9452|2976|4813|1435|4639|1916|1525|903|1029|646|496|390|12116|2841|4895|1538|7221|2005|0|208|0|208|0|208|3597|1373|1652|847|1945|1039|78|117|78|117|0|208|1424|1197|1080|1111|344|347|2843|1891|1379|1081|1464|938|12879|3082|9653|2495|3226|1285|3447|3446|1045|996|2402|3332|7357|4237|4303|2220|3054|2298|2008|1066|1662|982|346|324|9321|3125|6010|2348|3311|1284|4648|2364|3530|1779|1118|1072|659|680|515|525|144|242|66|115|66|115|0|208|0|208|0|208|0|208|1678|1026|1152|759|526|481
5001900US1710|710957|6759|486886|9887|132312|7526|84025|6129|48287|4421|2017|850|1743|745|274|263|287|321|115|147|172|287|2359|1145|1964|873|395|437|1185|610|859|557|326|307|2326|1113|1966|991|360|308|233|221|142|163|91|152|2405|1028|1914|925|491|267|11658|2500|7640|2175|4018|1240|5456|1817|2797|932|2659|1232|2297|1504|1462|1037|835|743|4515|2003|1682|905|2833|2069|48|81|48|81|0|208|531|386|531|386|0|208|3050|1901|1897|1171|1153|1146|4599|1663|3825|1413|774|674|3569|1923|3058|1660|511|348|607|719|429|482|178|280|431|396|361|334|70|116|2001|1812|1689|1527|312|385|1927|903|1259|726|668|392|3089|1719|3032|1690|57|95|1361|1031|1142|855|219|301|2100|1161|1877|1044|223|245|5904|1442|3713|1103|2191|881|525|452|448|357|77|126|6986|2151|3152|1152|3834|1380|30|51|30|51|0|208|600|430|317|328|283|211|170|214|104|185|66|117|361|350|234|241|127|182|2492|1417|1884|1169|608|483|8866|2017|6958|1882|1908|841|868|712|316|313|552|524|2735|1899|1952|1720|783|513|522|452|522|452|0|208|1422|1501|780|810|642|701|1094|840|544|490|550|653|574|896|44|78|530|892|0|208|0|208|0|208|0|208|0|208|0|208|559|505|291|308|268|307
5001900US1711|724755|11014|541073|12711|98733|8734|65148|6854|33585|4320|2568|1726|2417|1716|151|242|0|208|0|208|0|208|1349|617|1044|561|305|309|1222|753|960|640|262|242|2166|939|1937|794|229|257|339|236|266|210|73|118|467|303|335|251|132|143|1700|1080|875|583|825|639|6950|3151|4629|2075|2321|1445|514|408|416|332|98|115|5164|2203|2957|1532|2207|1512|0|208|0|208|0|208|176|170|176|170|0|208|3921|1697|2215|1066|1706|829|9274|2265|7351|1841|1923|1020|5844|3054|4830|2690|1014|645|1535|1136|1209|781|326|452|1347|988|868|586|479|453|2306|1526|2003|1383|303|365|3504|1346|2267|939|1237|681|6510|2696|5472|2571|1038|590|2653|1826|2371|1555|282|359|1582|1360|1174|936|408|471|6084|1680|3554|1204|2530|952|507|296|329|225|178|154|1171|682|807|499|364|259|92|151|92|151|0|208|1310|1295|765|629|545|765|582|618|377|417|205|258|1413|947|907|741|506|531|1912|1290|1038|720|874|714|5029|1778|2979|1056|2050|1231|264|287|264|287|0|208|2125|1130|1483|1049|642|563|678|1013|569|842|109|173|614|530|568|472|46|79|925|699|925|699|0|208|868|810|538|567|330|348|0|208|0|208|0|208|0|208|0|208|0|208|284|290|232|268|52|72
5001900US2402|738561|12109|637601|12942|27282|4919|16653|3062|10629|2978|2932|1458|2076|1220|856|559|246|226|181|205|65|97|1210|664|1045|663|165|162|1036|557|662|418|374|288|1804|1696|1681|1689|123|145|287|261|287|261|0|228|1667|896|1393|789|274|296|5507|2172|3117|1496|2390|1244|443|418|327|284|116|145|91|157|0|228|91|157|750|557|375|314|375|471|77|167|77|167|0|228|1712|1274|822|789|890|574|787|747|242|259|545|570|1284|986|940|652|344|421|3728|1962|2259|1122|1469|1110|196|351|141|255|55|99|3648|2865|2182|1450|1466|1476|2630|1601|1318|828|1312|1152|1820|1014|1380|914|440|366|45|74|45|74|0|228|352|518|304|439|48|83|532|543|364|463|168|236|4300|1781|2423|1213|1877|848|192|240|50|62|142|234|4927|2080|2544|1344|2383|1276|0|228|0|228|0|228|1313|1102|502|549|811|639|0|228|0|228|0|228|251|294|220|290|31|53|554|392|283|193|271|232|6057|2310|5042|2154|1015|826|572|595|383|348|189|283|1067|906|648|552|419|375|1044|620|944|602|100|113|2651|1322|1192|651|1459|1066|13389|4637|11393|3847|1996|1645|3553|2679|2035|1586|1518|1411|0|228|0|228|0|228|0|228|0|228|0|228|1024|579|999|575|25|46
5001900US2403|740873|10277|584364|11820|54466|5259|28432|3089|26034|4076|5806|2443|4850|2369|956|759|3324|2136|3129|2116|195|196|414|429|414|429|0|228|2335|1734|1320|799|1015|1147|2464|1152|2133|875|331|349|79|111|79|111|0|228|607|510|607|510|0|228|1589|859|1173|606|416|408|404|355|364|344|40|70|1028|1244|344|399|684|897|488|457|488|457|0|228|108|178|108|178|0|228|1994|1134|1388|933|606|420|4731|3059|3893|2818|838|559|5054|2133|3596|1604|1458|1000|3462|1995|2262|1213|1200|1006|1969|1233|1071|803|898|583|2656|1916|2057|1251|599|839|1835|1206|1099|708|736|589|1684|1561|1296|1214|388|398|4835|2367|4095|2040|740|550|1895|1365|1437|1258|458|407|1501|890|1323|830|178|187|12311|2882|5273|1638|7038|2052|1524|836|1286|688|238|231|11693|3214|5238|1955|6455|2015|194|313|194|313|0|228|3354|1522|1691|922|1663|977|278|335|134|180|144|169|749|600|621|498|128|171|1097|789|896|689|201|198|3962|1470|2961|1298|1001|684|506|573|316|488|190|311|4110|2223|2944|1934|1166|1150|370|443|370|443|0|228|3277|1698|2607|1490|670|468|7218|2860|6519|2815|699|513|677|524|547|494|130|167|0|228|0|228|0|228|0|228|0|228|0|228|461|313|461|313|0|228
5001900US2406|777059|12157|576307|11416|88827|7855|47297|5853|41530|6645|8341|2571|5828|2263|2513|1139|1548|1129|1176|969|372|366|691|386|451|339|240|189|1318|1037|886|760|432|371|1561|584|1338|532|223|207|1283|911|1283|911|0|228|219|196|168|134|51|84|4127|1808|2980|1650|1147|622|446|388|161|191|285|336|167|188|120|121|47|80|2886|2008|1654|1101|1232|1017|666|680|542|511|124|224|4099|2381|3204|2192|895|691|2142|1253|1827|1160|315|396|6908|2142|5972|2040|936|559|2878|1300|2083|994|795|476|94|155|94|155|0|228|1116|992|1008|959|108|187|1464|912|1112|718|352|426|1675|1175|1489|1137|186|192|4533|2651|4098|2306|435|434|3095|1319|2807|1250|288|283|695|603|630|517|65|113|14286|4485|6125|1787|8161|3595|1173|756|419|282|754|737|4343|1347|2436|893|1907|826|0|228|0|228|0|228|3997|1714|2399|1253|1598|904|740|596|129|158|611|525|1020|667|534|413|486|300|2059|1277|922|629|1137|912|11036|5009|8764|4233|2272|1324|2721|1718|1799|1331|922|690|2406|1558|1999|1494|407|373|362|268|316|255|46|78|2140|1271|1760|1079|380|273|7781|2953|6073|2409|1708|989|2271|1991|1691|1423|580|683|0|228|0|228|0|228|478|572|359|484|119|194|3160|2178|2644|2080|516|561
5001900US2408|731875|12234|431828|11281|129551|8117|77008|6784|52543|5521|13533|3348|10650|2578|2883|1297|1631|929|1433|906|198|176|2292|1138|1575|918|717|648|7928|3040|5276|2013|2652|1600|2558|1297|1996|1077|562|599|688|362|454|328|234|211|895|469|694|425|201|186|5381|2039|3008|1186|2373|1244|879|600|655|478|224|231|249|239|142|162|107|172|1956|1104|1488|952|468|492|1240|1593|836|1048|404|563|5505|1860|3372|1277|2133|1533|637|497|605|477|32|53|4785|1397|4419|1352|366|238|2314|1406|1710|1106|604|411|2356|1571|2240|1514|116|170|4917|2563|3748|2053|1169|933|4355|2084|3805|1896|550|432|2224|1100|1835|969|389|357|1210|1209|1083|1186|127|217|2421|1298|2256|1253|165|195|764|584|764|584|0|228|26387|3733|15110|2466|11277|2204|2151|848|970|481|1181|626|8487|2168|5023|1626|3464|1188|0|228|0|228|0|228|6464|2017|3274|1435|3190|1405|744|631|509|485|235|199|941|570|554|435|387|343|2954|1716|2046|1305|908|519|6354|2149|4015|1520|2339|1168|1515|848|851|561|664|450|5520|2643|4752|2370|768|685|3828|1674|3644|1656|184|228|23025|5626|16542|4587|6483|2233|7148|2729|6319|2437|829|523|2747|1783|2667|1776|80|142|0|228|0|228|0|228|99|170|99|170|0|228|1414|1212|989|856|425|453
5001900US2502|765521|10721|586543|11565|58224|4993|33803|4005|24421|3295|3620|1551|3244|1404|376|326|1306|1092|535|379|771|832|1224|695|1055|618|169|170|25503|4782|12055|2558|13448|3270|1265|607|1105|553|160|180|287|214|287|214|0|228|1731|1153|569|329|1162|1005|3337|1105|1881|749|1456|730|2487|1717|1758|979|729|908|824|938|673|747|151|248|412|422|412|422|0|228|585|641|536|612|49|82|921|668|594|458|327|356|1305|682|787|475|518|411|7155|2611|6485|2473|670|457|2552|1515|1810|1269|742|629|153|163|153|163|0|228|609|543|430|476|179|205|4205|1942|2856|1291|1349|861|8378|3197|4664|2300|3714|1835|4156|1542|3953|1518|203|196|2027|1219|1689|1023|338|260|1039|702|981|686|58|96|10308|1934|7110|1594|3198|947|791|590|414|294|377|406|1110|759|831|721|279|240|157|212|102|140|55|93|9124|3096|3798|1425|5326|2026|242|364|172|246|70|124|643|765|363|378|280|415|746|639|598|565|148|226|1308|724|668|435|640|526|374|414|330|411|44|74|5895|2203|3388|1357|2507|1531|326|278|326|278|0|228|688|824|688|824|0|228|8923|2647|6492|2321|2431|971|4538|2298|3054|1604|1484|1051|0|228|0|228|0|228|151|197|106|176|45|80|349|298|213|247|136|163
5001900US2503|746386|9263|488811|13342|139035|9065|71293|7110|67742|6648|5053|1531|4073|1253|980|499|3753|1719|2712|1469|1041|614|940|428|518|258|422|339|29317|5739|12732|3477|16585|4238|875|508|875|508|0|228|235|306|158|266|77|139|1749|1100|1027|785|722|720|1263|1136|511|534|752|1009|473|408|73|119|400|390|190|310|0|228|190|310|374|330|193|190|181|215|188|190|188|190|0|228|946|942|773|702|173|282|3833|2419|2674|2088|1159|782|2676|2010|2623|2026|53|116|58|93|58|93|0|228|250|415|180|296|70|120|2092|1234|1388|925|704|682|1690|942|1039|683|651|433|1648|987|852|519|796|604|3469|2733|2280|1678|1189|1665|1632|1585|1272|1378|360|339|1904|851|1542|769|362|340|10878|2250|6508|1541|4370|1570|380|329|166|162|214|203|2538|1522|765|456|1773|1236|54|82|6|4|48|81|5112|1911|2447|1458|2665|1538|11338|2730|5228|1503|6110|1850|2059|1456|688|686|1371|1202|327|382|256|321|71|114|815|791|815|791|0|228|281|274|217|253|64|96|6833|2574|4896|2025|1937|1059|153|140|108|144|45|73|90|151|90|151|0|228|2879|1859|2034|1456|845|629|8164|2828|6284|2449|1880|1051|0|228|0|228|0|228|78|145|0|228|78|145|1953|1179|1621|1243|332|410
5001900US2504|767096|9819|614131|12129|31660|5322|19210|3440|12450|3452|6446|2432|4712|1726|1734|1038|3820|1419|2333|1064|1487|807|1632|766|1457|753|175|191|43866|5575|22981|3813|20885|3673|678|366|603|357|75|69|501|493|450|482|51|97|868|661|746|542|122|177|7315|2227|5225|1838|2090|871|688|560|509|504|179|220|765|666|671|563|94|154|830|507|423|261|407|356|126|146|126|146|0|228|238|217|191|173|47|76|570|426|419|341|151|172|3228|1506|3129|1497|99|129|982|1159|731|895|251|275|0|228|0|228|0|228|894|710|626|532|268|305|1625|1020|1011|887|614|542|2675|1229|2376|1160|299|324|1382|919|868|585|514|614|2198|1343|1952|1155|246|394|506|449|388|321|118|209|14054|2565|9081|1993|4973|1128|1500|939|751|602|749|713|4729|1992|2838|1377|1891|942|738|970|299|441|439|563|1090|740|787|555|303|301|1440|1253|894|1001|546|672|965|881|85|121|880|845|1068|968|967|951|101|167|611|632|420|433|191|249|273|215|273|215|0|228|5728|1950|4908|1804|820|568|3864|1198|3475|1154|389|409|108|181|108|181|0|228|1037|795|851|592|186|308|954|658|759|474|195|255|0|228|0|228|0|228|0|228|0|228|0|228|1313|983|1313|983|0|228
5001900US2505|753328|9271|495260|11567|67695|6089|38148|4335|29547|5200|9132|1768|7379|1534|1753|693|11894|3898|5589|2196|6305|2615|3610|1231|2485|912|1125|740|35119|6460|14936|3699|20183|4733|2278|780|2130|713|148|177|972|948|922|940|50|83|4026|1959|2553|1108|1473|1402|8213|2100|6181|1597|2032|1191|904|637|904|637|0|228|507|544|469|533|38|66|1432|836|1209|812|223|223|2944|1227|1890|801|1054|803|1645|906|1350|819|295|238|2134|1218|1602|1061|532|499|7979|2070|7246|1902|733|439|2534|1634|2238|1507|296|308|1158|1090|973|1004|185|304|3182|2080|2292|1137|890|1102|4122|1470|2970|1213|1152|547|3692|1481|2886|1187|806|517|1570|1234|1361|1189|209|277|1499|980|1489|980|10|27|969|652|969|652|0|228|42570|4871|24810|3138|17760|3315|1726|1062|760|470|966|817|5616|1514|3792|1203|1824|803|24|39|24|39|0|228|4304|1972|2362|1162|1942|1076|1224|831|661|563|563|426|1819|888|983|591|836|580|2972|1306|1804|885|1168|642|855|694|449|404|406|391|2033|1794|1425|1003|608|832|6343|2012|3851|1393|2492|1488|3504|2516|3467|2517|37|69|691|543|515|452|176|206|1061|814|808|662|253|308|2319|1522|2167|1503|152|156|0|228|0|228|0|228|0|228|0|228|0|228|1797|1011|1510|946|287|339
5001900US2506|755663|6368|597237|11158|76120|6776|40971|5099|35149|5106|4170|1516|3315|1341|855|501|3061|1923|1727|1362|1334|1066|3447|1160|2928|1053|519|286|15554|5321|8726|3096|6828|2774|1188|734|1188|734|0|228|418|364|327|303|91|156|2953|1068|2654|1003|299|266|5104|2143|2926|1688|2178|1060|1032|499|758|438|274|184|611|427|556|395|55|88|1099|872|473|528|626|672|581|611|581|611|0|228|1622|1013|1573|1037|49|83|1299|1021|1246|1006|53|90|4742|2094|4026|1778|716|591|0|228|0|228|0|228|0|228|0|228|0|228|2054|1820|1301|1412|753|598|1475|736|1090|534|385|305|3411|1945|1778|777|1633|1380|639|601|639|601|0|228|668|688|668|688|0|228|323|375|323|375|0|228|5874|1922|2709|1113|3165|1535|1406|1077|1058|710|348|454|1586|759|1143|579|443|285|10|4|10|4|0|228|1777|852|925|604|852|480|4261|1692|1991|918|2270|1138|1217|928|251|348|966|662|995|743|946|733|49|85|628|371|490|247|138|231|411|654|0|228|411|654|4584|2417|3044|1890|1540|906|325|412|216|286|109|140|578|583|312|291|266|352|1010|668|751|538|259|417|1964|1254|1313|1033|651|693|0|228|0|228|0|228|0|228|0|228|0|228|229|391|67|120|162|275
5001900US2507|753879|8988|433967|10547|136338|7202|72179|6213|64159|4977|5437|1289|4681|1153|756|506|34550|6659|19040|5230|15510|4080|4409|1463|3125|1149|1284|924|34102|7069|18543|4282|15559|3951|3652|1322|3577|1341|75|123|719|446|658|419|61|106|1402|750|796|445|606|421|4890|1414|3207|1165|1683|688|854|516|753|504|101|118|507|380|114|134|393|354|1419|826|940|680|479|499|244|314|60|73|184|303|1598|786|1454|722|144|216|856|534|856|534|0|228|5645|1832|5121|1676|524|523|567|448|567|448|0|228|167|165|123|149|44|77|3150|1603|1446|728|1704|1334|2746|1639|2010|1284|736|613|1967|1044|1377|863|590|537|1490|776|1298|716|192|183|1439|675|1373|663|66|103|173|148|173|148|0|228|30591|3234|15998|2065|14593|2554|1163|598|938|514|225|200|2765|1000|1753|609|1012|673|34|56|34|56|0|228|10471|3864|3535|1650|6936|2969|275|352|110|187|165|290|237|216|170|183|67|114|2055|995|1546|831|509|419|1929|1233|1395|910|534|462|839|373|687|339|152|175|6395|2682|4202|1860|2193|1137|700|415|659|407|41|68|5776|2366|2962|1393|2814|1274|3628|1600|2792|1406|836|532|2033|1049|1622|947|411|366|0|228|0|228|0|228|139|256|0|228|139|256|2561|1954|2331|1833|230|277
5001900US2508|739482|12014|545991|15037|39015|5043|26071|4035|12944|3129|7307|2140|5972|1693|1335|964|24854|4388|14148|3228|10706|2566|3023|824|2427|738|596|349|26795|4633|12831|2922|13964|2974|1664|846|1613|840|51|85|64|100|64|100|0|228|3235|1652|2920|1573|315|270|3760|1196|2947|1061|813|413|1349|786|969|695|380|363|433|535|247|297|186|281|1402|654|874|420|528|555|450|471|312|407|138|233|1893|1411|1399|1161|494|523|515|448|467|415|48|86|6149|2889|5291|2727|858|542|601|501|485|409|116|202|796|720|676|679|120|198|760|630|578|549|182|296|1631|1099|1039|651|592|625|8415|2962|3688|1505|4727|1886|927|757|861|737|66|97|399|459|399|459|0|228|124|153|124|153|0|228|33851|5105|13258|2515|20593|3976|683|470|478|379|205|210|1183|576|610|356|573|450|44|68|44|68|0|228|9167|3536|3687|1303|5480|2748|238|276|238|276|0|228|1070|789|487|424|583|633|1219|1674|1048|1644|171|286|1658|679|1262|524|396|409|73|62|73|62|0|228|3650|1851|2647|1419|1003|642|1014|618|861|594|153|189|1171|1328|1059|1163|112|196|1557|971|1264|861|293|303|559|437|387|326|172|300|0|228|0|228|0|228|131|177|131|177|0|228|662|374|605|357|57|95
5001900US2606|736273|7901|600613|12026|25410|3768|17008|3061|8402|1843|4112|1904|2740|1430|1372|1132|667|755|283|443|384|588|1244|701|889|550|355|297|1580|1091|784|534|796|726|2697|1071|2346|962|351|303|273|294|193|272|80|101|497|401|293|254|204|225|2227|1067|1596|992|631|412|648|314|568|272|80|133|128|210|40|64|88|146|1507|1034|1058|775|449|379|598|697|514|683|84|144|1568|883|952|605|616|581|5886|2817|4007|1689|1879|1377|6745|2026|4378|1302|2367|1370|2788|1339|2236|1228|552|453|3924|2151|2895|1989|1029|667|3181|1760|2144|1148|1037|1243|1770|1235|1610|1116|160|190|5333|2631|4317|2304|1016|572|7412|3404|6258|2828|1154|1108|2820|1625|2304|1478|516|517|3061|1482|2973|1454|88|148|15013|2828|9065|2233|5948|1647|3735|1302|1939|789|1796|799|6662|2194|4420|1789|2242|1013|240|258|240|258|0|187|1675|928|538|396|1137|682|0|187|0|187|0|187|367|403|367|403|0|187|1735|1043|1665|1036|70|114|2590|1080|2022|986|568|407|391|319|355|311|36|57|12432|4144|9978|3546|2454|1142|348|303|301|242|47|81|500|446|500|446|0|187|1137|1077|961|905|176|229|1557|1268|1330|1228|227|327|0|187|0|187|0|187|246|408|246|408|0|187|956|843|669|630|287|371
5001900US2610|738403|6484|603122|9755|13979|3194|9795|2410|4184|1435|1120|511|1045|503|75|89|0|187|0|187|0|187|3342|1156|2283|1040|1059|454|1510|881|1117|786|393|367|2984|923|2662|907|322|223|244|313|244|313|0|187|658|555|285|286|373|302|539|530|457|419|82|136|4396|1586|2099|928|2297|1107|3830|2008|2933|1696|897|635|7876|3622|4945|2549|2931|1695|38|66|38|66|0|187|187|182|187|182|0|187|198|288|166|280|32|54|1373|1026|1298|1007|75|132|1963|1211|1306|774|657|618|844|1112|686|963|158|187|14871|4201|7323|2490|7548|3030|945|1025|757|800|188|246|12669|3181|8222|2352|4447|1469|2366|1829|2102|1685|264|424|882|610|882|610|0|187|1448|953|890|688|558|477|3821|1541|1826|823|1995|1202|133|163|83|141|50|81|2463|998|852|428|1611|829|1590|908|669|528|921|531|4366|1903|2004|975|2362|1173|0|187|0|187|0|187|359|347|145|173|214|218|157|262|51|85|106|177|4976|2190|3733|1699|1243|907|89|93|29|50|60|105|24104|4474|11554|2735|12550|3173|0|187|0|187|0|187|13592|3476|7975|2127|5617|1771|1094|960|1060|946|34|59|0|187|0|187|0|187|0|187|0|187|0|187|13|23|0|187|13|23|262|279|216|226|46|73
5001900US2611|743836|8148|605998|10461|26287|3812|16737|2614|9550|2107|2217|1018|2042|953|175|167|143|234|143|234|0|187|1471|668|1160|611|311|299|3519|1175|2983|1067|536|318|2944|1180|2550|913|394|352|292|266|217|242|75|85|1045|775|895|654|150|184|3165|1037|1448|655|1717|761|1112|558|711|381|401|385|623|384|493|372|130|156|2594|1200|1436|646|1158|854|117|136|117|136|0|187|1333|979|667|529|666|796|1926|1132|1616|986|310|311|6355|2468|4611|1523|1744|1773|5302|2936|4471|2397|831|751|768|729|768|729|0|187|1791|1274|859|848|932|949|5359|2238|4411|1804|948|693|6286|2264|4085|1674|2201|998|5304|1676|4339|1416|965|631|4422|1657|3514|1435|908|572|4301|1896|3210|1300|1091|882|10171|2585|6251|1926|3920|1180|3626|1602|1691|696|1935|1369|3837|1576|2592|1193|1245|640|912|968|361|472|551|557|870|716|668|653|202|244|0|187|0|187|0|187|970|764|565|551|405|527|109|125|49|80|60|96|3075|1337|2331|1141|744|638|0|187|0|187|0|187|14039|3065|8753|2261|5286|1795|875|664|875|664|0|187|9702|3705|6257|3254|3445|1409|559|443|378|263|181|215|262|431|0|187|262|431|0|187|0|187|0|187|0|187|0|187|0|187|155|143|155|143|0|187
5001900US2703|667249|7325|553188|9782|23064|3940|16304|3178|6760|1550|4675|2527|3672|2112|1003|766|62|73|62|73|0|157|569|615|501|607|68|111|2211|1038|1798|848|413|360|2765|1213|1790|803|975|846|496|417|373|284|123|207|68|119|68|119|0|157|4336|2271|1903|919|2433|1610|20|40|20|40|0|157|1354|1417|964|865|390|630|2303|1500|701|464|1602|1390|118|195|118|195|0|157|504|639|380|443|124|205|685|818|587|679|98|154|3055|1520|2622|1404|433|343|214|220|157|205|57|92|399|600|221|314|178|294|1139|857|1010|827|129|214|1124|712|1094|702|30|48|1860|782|1580|659|280|243|3911|2486|3421|2295|490|642|1554|925|1349|835|205|191|575|559|316|371|259|423|5788|1775|3368|1405|2420|950|714|736|152|174|562|704|1312|726|816|459|496|411|11029|2909|7758|2415|3271|1318|5502|1661|2594|1001|2908|1099|824|569|181|215|643|444|2024|1220|1147|685|877|751|2614|1769|2267|1607|347|346|895|540|400|367|495|388|554|441|427|382|127|157|1891|980|1368|723|523|412|912|731|815|690|97|164|15128|5641|10395|4757|4733|2349|3473|1710|2942|1338|531|502|3588|2016|2260|1328|1328|826|0|157|0|157|0|157|152|241|152|241|0|157|600|563|275|232|325|504
5001900US3203|801240|21985|535607|17719|108500|12464|70772|8556|37728|7050|2725|1207|1899|947|826|786|0|236|0|236|0|236|1387|1353|1270|1330|117|139|10230|5366|7214|4340|3016|2133|2343|970|1990|922|353|314|598|351|598|351|0|236|1133|733|980|695|153|243|1752|913|1361|701|391|347|2474|1428|1444|1000|1030|1064|1257|887|869|707|388|381|1545|972|917|636|628|487|1696|1336|1127|1195|569|422|3072|1312|2482|1221|590|357|578|966|280|465|298|502|2443|1700|2443|1700|0|236|587|887|290|413|297|478|270|455|145|248|125|208|0|236|0|236|0|236|1970|2438|1412|1747|558|712|2411|1366|1263|801|1148|808|1380|1563|663|629|717|1020|247|269|186|243|61|109|754|1233|754|1233|0|236|29508|5647|10322|2203|19186|4962|3337|1488|2265|1195|1072|529|6130|2008|3793|1324|2337|1046|717|804|269|307|448|510|6343|2620|2969|1426|3374|1730|188|241|60|109|128|216|4090|2033|1773|1228|2317|1229|1514|1366|305|225|1209|1316|40844|5899|32457|5590|8387|1948|6246|2272|4294|1843|1952|1325|2205|1121|1623|950|582|528|1404|769|1404|769|0|236|9922|2869|7139|2473|2783|1192|1725|1317|1654|1291|71|119|1162|820|743|555|419|423|0|236|0|236|0|236|58|105|58|105|0|236|888|821|807|791|81|97
5001900US3401|740764|6418|599283|10248|84061|5400|48309|4073|35752|4543|1272|1133|752|556|520|703|2979|2090|1235|801|1744|1597|2461|903|1907|823|554|350|1738|872|1197|706|541|472|1034|591|555|387|479|489|328|396|240|290|88|148|2069|1564|1403|1108|666|539|1710|1054|933|843|777|623|1125|462|977|433|148|136|338|481|262|394|76|93|398|361|284|269|114|128|0|226|0|226|0|226|0|226|0|226|0|226|2093|1329|1574|1184|519|425|956|712|700|553|256|341|1690|1052|795|469|895|732|679|859|592|726|87|147|2911|1988|1193|897|1718|1206|692|632|595|483|97|180|899|713|683|647|216|216|359|394|359|394|0|226|196|293|196|293|0|226|361|411|258|281|103|183|3825|1324|1880|964|1945|912|547|544|531|551|16|28|2036|1266|780|774|1256|944|0|226|0|226|0|226|7251|3075|1832|810|5419|2398|402|343|215|231|187|170|0|226|0|226|0|226|1179|1034|672|690|507|438|5299|1624|3075|1004|2224|1012|473|349|322|310|151|160|4488|2987|1985|1865|2503|1497|584|461|457|402|127|149|285|285|124|214|161|202|4029|2379|3481|2146|548|526|389|369|167|198|222|321|0|226|0|226|0|226|0|226|0|226|0|226|345|471|286|463|59|99
5001900US3403|755918|6424|599150|9642|63775|6548|37267|5085|26508|4115|1887|946|1446|890|441|343|4145|2140|2526|1302|1619|1314|3736|1291|2733|1106|1003|621|4896|2080|3256|1413|1640|968|2362|928|2281|909|81|103|199|168|199|168|0|226|1371|737|1133|679|238|210|5010|1706|3639|1292|1371|730|3218|1413|1704|925|1514|805|74|120|74|120|0|226|847|470|472|359|375|398|0|226|0|226|0|226|229|313|178|299|51|91|4639|2014|2567|1271|2072|999|6610|1626|5569|1378|1041|706|2424|1182|2076|977|348|383|4982|3463|3252|1799|1730|1827|1719|1087|764|436|955|882|2400|1342|1863|1180|537|549|1422|1008|1097|822|325|266|4852|1981|4041|1735|811|498|1549|954|1514|948|35|65|2030|1177|1909|1154|121|133|7893|1794|4563|1462|3330|890|134|214|0|226|134|214|2671|1342|1383|734|1288|780|0|226|0|226|0|226|776|732|402|481|374|340|109|185|109|185|0|226|284|295|125|145|159|211|3442|1596|2191|1060|1251|698|5009|1702|3653|1454|1356|745|473|454|405|382|68|116|3612|1657|2906|1497|706|615|191|185|131|156|60|96|0|226|0|226|0|226|5730|2977|4745|2623|985|715|410|410|410|410|0|226|0|226|0|226|0|226|303|363|303|363|0|226|1355|926|933|704|422|308
5001900US3405|756706|12014|480007|13184|103127|6766|60496|5342|42631|5688|1849|991|1532|890|317|409|994|713|879|681|115|124|3934|1124|3054|943|880|398|1414|760|1295|745|119|113|2728|1114|2420|1047|308|312|1056|1217|600|514|456|761|5615|2410|4910|2061|705|545|11900|2228|8669|2026|3231|1269|4919|2121|3224|1271|1695|1047|2803|1694|2045|1426|758|489|1860|755|1374|647|486|342|2399|1280|1755|1041|644|586|1000|617|555|337|445|402|4127|1889|2276|1194|1851|1030|7612|2885|5762|1847|1850|1598|5810|2934|3987|1866|1823|1392|1064|903|666|570|398|381|1389|1138|633|467|756|719|2170|1398|2153|1394|17|30|3575|2597|2716|1787|859|953|2493|1828|2027|1576|466|502|504|825|504|825|0|226|2225|958|1070|571|1155|702|17366|3533|8894|2460|8472|2548|5097|2223|3320|2104|1777|725|42263|5618|19632|3083|22631|3695|0|226|0|226|0|226|403|421|188|248|215|344|608|949|0|226|608|949|851|710|284|283|567|543|3673|1567|1715|886|1958|1215|11183|2669|8548|1891|2635|1335|917|879|734|645|183|304|5606|1779|3691|1227|1915|866|8130|2299|7476|2237|654|416|84|155|84|155|0|226|2154|1292|1946|1119|208|243|77|103|77|103|0|226|0|226|0|226|0|226|7|13|7|13|0|226|1713|972|936|554|777|618
5001900US3406|747108|10746|434524|14269|148399|7883|75800|7011|72599|5650|1585|714|1332|654|253|297|6039|3442|4248|2838|1791|1095|2992|1131|2551|1180|441|365|9440|2585|5780|1860|3660|1473|512|458|497|456|15|25|406|249|345|253|61|86|1000|683|807|528|193|261|2430|1423|1628|932|802|599|5578|2118|3160|1239|2418|1027|175|212|56|93|119|196|2981|1441|2427|1263|554|448|329|401|0|226|329|401|331|370|302|382|29|49|23861|5287|13185|3668|10676|2743|14978|3031|12284|2537|2694|1216|9167|3736|6902|3079|2265|1038|5439|3404|1951|1359|3488|2566|3802|1893|2476|1279|1326|925|8168|3267|7224|3024|944|805|2698|2591|1815|1559|883|1099|8095|2986|6377|2427|1718|1015|5970|1563|5138|1432|832|580|2227|1191|1794|1062|433|364|15215|3376|8682|2423|6533|1853|257|262|123|151|134|166|2903|1297|1270|628|1633|822|0|226|0|226|0|226|973|774|493|417|480|394|0|226|0|226|0|226|241|278|241|278|0|226|846|592|765|565|81|129|8411|2068|5645|1506|2766|1127|4436|3299|3085|2027|1351|1380|6161|3411|5384|3277|777|448|719|612|680|587|39|63|332|402|93|109|239|313|4036|1868|3395|1713|641|516|621|577|621|577|0|226|0|226|0|226|0|226|190|232|190|232|0|226|641|454|423|254|218|253
5001900US3407|749472|11139|579338|12393|67793|6346|40979|5131|26814|3675|2531|1123|2112|1063|419|304|1490|1014|1170|905|320|465|5234|1871|4457|1725|777|414|9326|2599|6357|1855|2969|1157|4172|1695|3679|1528|493|380|396|289|338|276|58|96|1953|1018|1507|861|446|414|4911|1900|2548|1155|2363|1234|6851|2391|3882|1556|2969|1254|789|657|538|387|251|334|3199|1498|1774|787|1425|967|27|48|0|226|27|48|888|472|637|432|251|275|3116|1407|2315|1066|801|588|5673|1488|4913|1309|760|486|2214|1463|1737|1168|477|451|373|382|298|318|75|130|1605|1065|1552|1058|53|90|1181|812|1144|811|37|61|2918|1099|2397|831|521|436|3971|1507|3108|1332|863|635|2761|1347|2417|1246|344|285|1228|807|1079|737|149|179|12408|2365|7958|1918|4450|1204|869|740|610|547|259|256|1959|772|1163|635|796|432|0|226|0|226|0|226|731|706|296|358|435|365|0|226|0|226|0|226|226|230|173|209|53|85|840|708|587|557|253|302|8006|2505|5964|2203|2042|855|808|818|675|644|133|213|2658|1391|1984|1107|674|480|800|567|800|567|0|226|67|117|67|117|0|226|2534|1749|1799|1253|735|852|716|812|716|812|0|226|0|226|0|226|0|226|0|226|0|226|0|226|2912|1644|2112|1357|800|487
5001900US3408|730808|12184|246226|12242|331664|10167|144559|8522|187105|9211|7411|3143|6465|2976|946|630|4640|2626|1483|1023|3157|2050|3461|1669|2259|1424|1202|604|30249|5958|12217|2635|18032|4194|1071|831|1016|812|55|94|942|607|812|585|130|154|973|754|790|699|183|185|3749|1385|2893|1087|856|612|2692|1211|1613|992|1079|850|95|115|95|115|0|226|1588|977|764|485|824|644|272|392|272|392|0|226|553|534|186|153|367|519|3834|1434|2273|1032|1561|827|22340|4671|20511|4511|1829|1057|3308|1494|2874|1358|434|368|374|313|326|281|48|81|2515|1738|1830|1220|685|778|1988|1133|1412|863|576|498|1796|1103|1019|620|777|891|2434|1330|1792|1131|642|469|2500|1301|2253|1230|247|279|641|569|556|460|85|143|24389|4271|17699|2985|6690|2402|1481|1333|1382|1329|99|94|3888|1617|1996|1374|1892|1254|0|226|0|226|0|226|555|406|415|332|140|147|0|226|0|226|0|226|42|70|0|226|42|70|1490|761|1313|717|177|219|4399|2185|2673|1351|1726|1422|72|122|72|122|0|226|10271|3578|7020|2837|3251|1735|1661|988|1526|949|135|168|116|210|0|226|116|210|2558|1899|2558|1899|0|226|313|371|313|371|0|226|0|226|0|226|0|226|0|226|0|226|0|226|2257|1297|1308|858|949|958
5001900US3409|725081|12488|303113|13032|278001|7999|139916|7686|138085|7155|2288|1640|1854|1233|434|660|1816|1554|1161|1057|655|586|7586|2573|5603|2001|1983|1133|5709|1664|4021|1364|1688|948|376|277|376|277|0|226|779|798|475|469|304|401|2707|1753|2036|1505|671|678|2366|1181|1215|632|1151|658|20277|4042|9952|2317|10325|2712|3760|1933|2427|1626|1333|658|4910|1905|2602|1145|2308|1351|1796|2286|807|1078|989|1224|639|564|265|283|374|477|5783|2230|3697|1379|2086|1115|6449|2417|4791|1799|1658|1125|1644|1154|1120|756|524|432|885|1135|701|865|184|288|7061|2524|3956|1965|3105|1512|1411|1059|1305|1047|106|181|6571|3244|3206|1612|3365|1927|912|825|860|785|52|78|628|463|561|408|67|116|1127|1005|1005|842|122|197|6897|2677|3823|1512|3074|1543|1734|1021|701|633|1033|875|10315|2455|4212|1423|6103|1534|0|226|0|226|0|226|988|987|486|494|502|506|0|226|0|226|0|226|234|389|234|389|0|226|8329|2995|5021|2223|3308|1201|4253|1372|3109|1003|1144|686|141|166|0|226|141|166|17013|4071|10648|3193|6365|1817|1890|1200|1430|839|460|490|584|693|490|643|94|167|357|330|255|311|102|108|112|187|112|187|0|226|0|226|0|226|0|226|0|226|0|226|0|226|3640|2036|2748|1830|892|554
5001900US3410|753565|13685|445304|14339|152606|12492|83387|7501|69219|8053|15446|4085|9262|3569|6184|2850|32738|8014|17841|5180|14897|5340|1623|1157|1291|1054|332|289|20635|5406|12247|4031|8388|2370|791|520|739|511|52|87|152|254|72|123|80|132|229|242|113|132|116|141|2083|991|725|475|1358|794|1659|1004|1064|724|595|487|110|181|59|98|51|84|1470|1355|1205|1061|265|318|276|494|276|494|0|226|135|164|50|86|85|142|1505|857|1061|670|444|445|4301|1850|3737|1488|564|602|3341|2115|1546|984|1795|1588|1902|2351|1213|1387|689|1008|622|584|303|377|319|451|842|710|795|694|47|79|1733|1429|1145|1111|588|696|249|259|249|259|0|226|366|360|319|339|47|75|904|619|714|534|190|212|4306|1686|2107|922|2199|1439|517|406|267|229|250|292|1500|858|916|570|584|451|0|226|0|226|0|226|1644|1270|1071|897|573|446|0|226|0|226|0|226|153|247|153|247|0|226|373|500|107|181|266|336|13542|3437|10157|2699|3385|1473|382|314|382|314|0|226|6061|2664|2862|1352|3199|1662|268|246|268|246|0|226|2683|1702|2052|1631|631|587|27127|6281|21629|5820|5498|1828|951|1043|893|975|58|107|0|226|0|226|0|226|117|186|117|186|0|226|2919|1414|1821|848|1098|708
5001900US3411|758443|10325|528746|11915|95265|6479|54991|4961|40274|5955|3716|1828|3112|1469|604|541|1285|1156|306|322|979|1048|7231|1575|5275|1303|1956|727|6314|2378|3661|1339|2653|1394|3073|1417|2535|1340|538|538|107|111|107|111|0|226|4037|1771|3442|1619|595|383|3776|1512|2148|1165|1628|749|7940|2848|4620|1745|3320|1742|1229|677|1068|606|161|159|2442|1011|1885|877|557|397|426|429|288|269|138|232|937|634|898|621|39|64|10040|3559|5933|2027|4107|1948|9433|2559|7767|2610|1666|958|2048|1241|1741|1173|307|254|1798|961|1282|597|516|510|2460|1253|1781|962|679|480|2065|1105|1888|1028|177|182|1971|994|1175|565|796|774|5260|1953|3966|1520|1294|804|2397|1277|2181|1233|216|288|2420|1248|2089|1037|331|345|14068|2155|9023|1729|5045|1137|1607|1088|1349|1069|258|228|3104|1387|1354|728|1750|951|0|226|0|226|0|226|2184|1647|1061|848|1123|1316|0|226|0|226|0|226|318|320|217|259|101|122|8377|3967|6362|2966|2015|1416|6441|1813|5070|1616|1371|670|202|171|111|133|91|112|12953|3295|9389|3032|3564|1188|581|436|470|337|111|193|152|157|152|157|0|226|848|646|694|591|154|247|152|212|116|203|36|65|0|226|0|226|0|226|0|226|0|226|0|226|1040|700|975|691|65|113
5001900US3412|761874|8297|429285|12223|139624|8626|65738|5737|73886|7660|2412|943|1951|798|461|325|1640|1007|1367|1024|273|316|4801|1519|3395|1156|1406|935|4602|2091|2595|1118|2007|1236|1728|1132|1693|1127|35|58|794|1007|794|1007|0|226|800|569|800|569|0|226|6838|2209|3692|1461|3146|1200|4198|1697|2001|1016|2197|1108|174|284|55|91|119|193|3920|2338|1992|1317|1928|1277|179|287|179|287|0|226|782|794|366|469|416|627|16416|3679|11649|2759|4767|1569|26580|3721|22437|3266|4143|1635|8738|3637|7233|3011|1505|857|2307|1731|1642|1038|665|807|2437|1060|2359|1028|78|128|7815|2399|6912|2230|903|574|4216|2644|3762|2101|454|699|18066|4166|16530|3945|1536|763|7661|2572|7061|2338|600|521|4263|1645|3527|1237|736|987|25807|4129|14230|2816|11577|2923|1406|911|658|473|748|706|5292|2130|3128|1717|2164|958|0|226|0|226|0|226|550|415|265|290|285|313|0|226|0|226|0|226|26|53|26|53|0|226|1352|786|978|554|374|293|5720|2110|4000|1579|1720|1077|387|402|387|402|0|226|9931|2671|5764|1892|4167|1752|611|546|611|546|0|226|1054|1270|710|926|344|421|4088|2150|3389|2051|699|616|590|472|590|472|0|226|0|226|0|226|0|226|321|381|321|381|0|226|4463|2556|3763|2250|700|491
5001900US3601|746272|9865|601874|10963|73897|7967|43875|5851|30022|4855|2922|1136|2286|873|636|688|3179|1816|2197|1114|982|962|5805|1703|4987|1658|818|369|3688|1734|2859|1449|829|698|2649|934|2516|924|133|147|703|594|545|365|158|275|3604|1580|2554|1338|1050|555|2854|1081|1988|913|866|572|2359|1108|1637|909|722|628|947|1338|910|1335|37|62|367|336|232|239|135|132|0|220|0|220|0|220|995|640|685|485|310|247|733|464|470|350|263|216|2075|1658|1333|1102|742|707|3271|1438|2033|945|1238|602|709|610|514|405|195|242|3779|1613|2637|1219|1142|603|485|463|375|338|110|157|2193|1382|1826|1310|367|454|689|609|521|451|168|219|278|329|236|279|42|73|639|542|456|442|183|164|10145|2853|4593|1389|5552|1788|517|417|346|320|171|194|3762|2210|2050|1331|1712|997|0|220|0|220|0|220|1245|1063|604|549|641|659|0|220|0|220|0|220|260|347|129|167|131|181|3107|2310|1525|1406|1582|1469|1791|1181|1627|1167|164|150|385|327|359|326|26|43|1820|1237|1141|780|679|678|250|147|250|147|0|220|45|77|45|77|0|220|446|722|0|220|446|722|594|726|397|495|197|241|0|220|0|220|0|220|29|49|17|30|12|20|1182|539|764|472|418|282
5001900US3603|741677|16608|449082|13037|85967|9350|48537|6124|37430|5410|1909|911|1462|882|447|285|4629|3203|1775|993|2854|2455|9912|2221|7578|1864|2334|680|1419|765|1076|667|343|297|1466|870|1466|870|0|220|794|680|684|568|110|169|14465|4554|10390|3526|4075|1769|3067|1289|2268|1026|799|505|1614|998|1384|965|230|226|2284|1409|853|510|1431|1106|282|201|224|185|58|74|599|396|361|214|238|300|6311|2116|3918|1747|2393|1182|4025|3262|2380|1898|1645|1423|12989|3209|10931|2634|2058|970|8007|2844|5272|2086|2735|1290|6591|2200|4097|1504|2494|1042|9518|2760|6256|2111|3262|984|740|537|350|270|390|382|1691|934|1321|881|370|294|657|505|447|425|210|204|2017|1481|1192|942|825|733|10958|3576|5836|2185|5122|1743|61955|6651|31021|3370|30934|4411|1084|808|352|329|732|644|22554|4645|10276|2427|12278|3249|0|220|0|220|0|220|504|559|349|492|155|263|83|147|83|147|0|220|45|58|0|220|45|58|1745|844|1172|634|573|434|6586|2649|4529|1472|2057|1592|400|399|304|376|96|153|1887|1190|1491|918|396|328|1957|1143|1823|1097|134|225|0|220|0|220|0|220|642|424|422|424|220|255|274|362|189|237|85|143|0|220|0|220|0|220|294|367|227|266|67|109|674|392|545|346|129|156
5001900US3604|737645|6165|493860|13801|129533|9622|66067|6093|63466|7139|5360|2393|2987|1376|2373|1860|18796|4325|9705|2824|9091|2890|5855|1524|4003|1351|1852|739|554|628|440|520|114|191|1257|624|813|478|444|417|479|423|407|344|72|118|3315|1366|2322|998|993|623|4948|2661|4416|2606|532|340|1496|982|616|416|880|770|350|354|208|204|142|235|974|1076|189|211|785|1067|409|672|409|672|0|220|0|220|0|220|0|220|694|681|228|309|466|479|3001|1458|1605|1117|1396|954|10928|4110|6991|3333|3937|1534|5670|3339|3300|1890|2370|1700|5300|2743|2814|1562|2486|1537|1129|1168|186|240|943|1137|2315|1848|2082|1578|233|307|27|53|0|220|27|53|216|305|216|305|0|220|3025|1809|1428|792|1597|1401|12605|3410|5368|1937|7237|2383|608|608|294|259|314|386|1545|786|820|541|725|433|0|220|0|220|0|220|596|604|393|403|203|253|0|220|0|220|0|220|281|354|136|160|145|234|1091|780|723|607|368|407|4212|1879|3496|1601|716|454|16|28|16|28|0|220|2161|1102|1768|1022|393|312|6421|3259|5694|3181|727|480|177|195|177|195|0|220|4821|2815|3339|1846|1482|1113|1102|1242|1016|1176|86|147|0|220|0|220|0|220|0|220|0|220|0|220|2518|1458|2031|1256|487|456
5001900US3605|723809|17816|456851|15080|130315|10516|61956|6624|68359|7062|4816|1733|2943|1170|1873|967|23786|5610|12922|3714|10864|3121|2733|1949|984|630|1749|1431|1464|1012|697|469|767|661|345|298|292|285|53|88|854|556|406|361|448|397|183|133|175|134|8|3|4402|1717|1982|935|2420|1227|3417|1643|2190|1587|1227|503|389|370|389|370|0|220|1262|1579|654|917|608|693|41|73|41|73|0|220|0|220|0|220|0|220|0|220|0|220|0|220|2223|1187|1501|882|722|612|3041|1787|1061|687|1980|1425|10100|3297|3797|1674|6303|1930|42285|6201|15679|2760|26606|4790|1233|857|693|538|540|384|2051|1479|726|618|1325|1168|0|220|0|220|0|220|235|285|128|214|107|180|928|788|632|519|296|365|7052|2109|3082|1637|3970|1091|594|558|120|159|474|532|594|523|337|350|257|306|0|220|0|220|0|220|39|66|39|66|0|220|185|329|0|220|185|329|0|220|0|220|0|220|1271|787|420|398|851|639|4145|1235|2715|953|1430|774|430|380|173|215|257|303|4585|2681|826|611|3759|2461|1060|1041|779|983|281|350|175|266|175|266|0|220|7750|2486|5239|2093|2511|1187|259|239|147|168|112|138|0|220|0|220|0|220|0|220|0|220|0|220|2716|1301|2290|1252|426|374
5001900US3606|692146|20952|205203|13710|153647|11098|71332|6657|82315|7717|2493|1127|2052|916|441|442|3423|2223|2004|1647|1419|1087|4838|1664|2531|1034|2307|1022|523|316|289|243|234|172|864|501|864|501|0|220|541|373|268|359|273|106|3881|1439|2976|1310|905|480|17432|4459|7163|2505|10269|3502|8668|2203|5175|1581|3493|1121|945|842|851|829|94|157|4824|3030|1658|842|3166|2796|421|371|150|184|271|284|2485|1548|515|403|1970|1442|1596|1138|907|726|689|619|5214|2011|3444|1330|1770|998|5576|2247|3615|1626|1961|958|2950|1815|1538|1078|1412|979|19014|4396|10707|3344|8307|2023|7419|2581|2209|979|5210|2343|4522|1663|2456|971|2066|1192|467|471|352|371|115|141|53|87|53|87|0|220|632|883|238|284|394|613|158118|10897|43994|4465|114124|8954|3804|1737|1578|1201|2226|1101|21787|3388|6847|1697|14940|2829|0|220|0|220|0|220|1197|790|531|399|666|515|849|1088|792|1064|57|91|903|716|366|276|537|455|15510|4990|7143|3503|8367|3192|17781|3920|12167|2788|5614|1947|4186|1887|1842|892|2344|1329|4685|2114|2302|908|2383|1575|3348|1928|2306|1404|1042|744|86|4|86|4|0|220|133|164|110|151|23|39|1487|1402|1487|1402|0|220|0|220|0|220|0|220|0|220|0|220|0|220|641|787|641|787|0|220
5001900US3607|727012|23350|338744|16681|193191|12326|100379|8057|92812|8888|6491|2003|5183|1507|1308|994|4019|2973|3080|2215|939|824|4117|1510|3238|1384|879|471|4585|1965|3289|1639|1296|813|2567|1130|2461|1136|106|123|49523|10648|30594|8212|18929|4690|2817|1324|1859|878|958|764|5635|2074|3532|1375|2103|1269|14873|4009|6343|2210|8530|2522|2249|1471|1930|1417|319|320|1723|912|633|385|1090|690|339|272|339|272|0|220|1018|702|1018|702|0|220|1015|765|726|523|289|389|1634|819|1226|757|408|314|2294|1451|1238|832|1056|848|205|203|104|131|101|155|15523|4741|5749|2313|9774|3382|3997|2117|961|674|3036|1598|6791|2216|4748|1751|2043|886|532|795|532|795|0|220|273|338|273|338|0|220|686|550|686|550|0|220|30886|4580|13587|2686|17299|3634|3411|1295|2302|1104|1109|502|6014|2308|4572|2135|1442|818|0|220|0|220|0|220|1047|738|566|457|481|438|81|137|81|137|0|220|605|500|547|458|58|98|1197|588|984|572|213|189|3006|1279|2549|1232|457|394|487|514|355|321|132|214|5444|2033|3721|1348|1723|981|6370|2954|4908|2493|1462|988|0|220|0|220|0|220|1654|1412|1311|1366|343|299|682|850|604|835|78|187|0|220|0|220|0|220|0|220|0|220|0|220|1287|867|1015|560|272|434
5001900US3608|704310|19495|415766|18760|82750|9153|46096|5807|36654|6423|8672|3795|6624|2993|2048|1168|22840|5555|12496|3846|10344|3269|2050|987|1398|773|652|351|702|601|544|574|158|178|1439|1032|1310|879|129|175|4738|2441|3492|2263|1246|1196|604|467|399|309|205|214|71399|7061|20396|3813|51003|5316|2533|1424|1326|625|1207|913|452|438|420|418|32|54|8708|2547|2408|1381|6300|2025|593|683|0|220|593|683|1660|1455|302|363|1358|1395|87|116|87|116|0|220|193|197|102|121|91|102|7012|3073|2743|1362|4269|2369|137|168|137|168|0|220|4670|2276|1502|997|3168|1970|128|124|83|98|45|78|1445|1072|292|287|1153|1010|76|134|76|134|0|220|52|86|52|86|0|220|173|147|62|77|111|105|27285|4711|9039|2090|18246|3237|1217|733|975|654|242|283|850|481|420|352|430|330|0|220|0|220|0|220|910|710|395|412|515|584|179|212|44|53|135|160|710|551|313|341|397|425|6131|2747|1052|919|5079|2481|1349|715|818|557|531|319|817|796|448|518|369|564|10543|5020|3392|2025|7151|3909|3188|1924|2392|1503|796|713|0|220|0|220|0|220|7038|3369|3912|2325|3126|2087|1086|1310|1086|1310|0|220|230|369|0|220|230|369|0|220|0|220|0|220|3898|1471|1916|852|1982|955
5001900US3609|667403|22678|406275|20063|56121|8312|30128|4788|25993|5038|8922|3178|5764|2193|3158|1706|33014|5866|20598|4910|12416|2998|2615|1665|2356|1629|259|224|258|202|258|202|0|220|1829|842|1829|842|0|220|36194|8308|17049|4592|19145|6374|668|528|607|519|61|106|22999|4018|7453|2069|15546|3571|1172|654|379|309|793|607|952|1206|684|823|268|395|3890|1780|1496|890|2394|1086|0|220|0|220|0|220|3456|2044|716|552|2740|1902|336|307|336|307|0|220|366|352|205|209|161|188|9320|3157|5472|1874|3848|1431|507|385|372|319|135|142|16739|5633|5441|1897|11298|4426|88|138|0|220|88|138|2794|1236|1720|723|1074|784|707|1139|465|750|242|389|454|386|313|256|141|184|55|89|0|220|55|89|19246|3661|5598|1427|13648|3020|870|539|473|336|397|365|558|323|407|289|151|158|0|220|0|220|0|220|556|415|411|341|145|248|140|228|140|228|0|220|26|2|26|2|0|220|5907|2417|2067|1432|3840|1499|1169|739|1087|700|82|98|0|220|0|220|0|220|3851|1917|2154|1325|1697|1001|13016|4432|8258|3138|4758|2057|343|431|250|400|93|154|7890|4081|5667|3636|2223|1402|202|291|92|150|110|145|0|220|0|220|0|220|0|220|0|220|0|220|3898|1509|1918|807|1980|931
5001900US3610|717653|20016|425911|16462|105476|9889|54017|6533|51459|6429|8262|2499|7421|2350|841|571|1153|924|747|779|406|331|4101|1551|3946|1506|155|217|2732|1613|1715|1159|1017|1360|3585|1273|3440|1255|145|172|26978|6816|6309|2469|20669|5978|1320|919|1230|925|90|106|6633|2039|4307|1605|2326|1038|3182|1833|1611|905|1571|1390|768|605|685|586|83|139|2787|1676|2325|1574|462|568|404|315|404|315|0|220|2559|2439|2517|2442|42|70|858|661|497|313|361|497|2802|1189|2508|1119|294|324|772|739|334|258|438|606|441|346|218|327|223|113|4069|2188|1823|1271|2246|1600|279|245|223|238|56|60|3448|1452|2956|1156|492|482|372|327|372|327|0|220|156|210|156|210|0|220|168|166|168|166|0|220|88486|7758|21347|3048|67139|6481|1728|835|754|394|974|643|2405|997|1993|919|412|244|0|220|0|220|0|220|838|540|665|474|173|167|0|220|0|220|0|220|268|278|119|161|149|188|2630|1421|1839|967|791|755|1966|845|1297|624|669|521|687|693|405|297|282|469|4286|2033|2481|1190|1805|1152|2960|1517|2132|1095|828|1080|199|255|199|255|0|220|270|239|205|224|65|108|727|864|200|252|527|834|0|220|0|220|0|220|0|220|0|220|0|220|987|653|778|611|209|169
5001900US3611|720333|11493|365072|9578|95259|9163|52207|5318|43052|7112|2654|1350|2224|1272|430|354|733|568|599|526|134|133|13037|2509|8042|1870|4995|1269|281|246|281|246|0|220|987|764|891|758|96|118|3149|2541|2740|2551|409|264|7103|3172|4828|2203|2275|1331|32261|5866|15840|4215|16421|3512|10032|3939|5367|2799|4665|1976|1307|950|936|680|371|353|9318|3381|4525|2168|4793|2144|225|377|225|377|0|220|841|518|404|295|437|321|390|379|208|259|182|176|1755|1175|1536|1140|219|231|4090|2261|2328|1405|1762|1205|796|584|651|527|145|256|3385|1854|1255|959|2130|1201|1480|927|747|539|733|533|14174|3834|7447|2327|6727|2014|0|220|0|220|0|220|280|292|215|263|65|112|1412|741|791|530|621|383|104094|7848|31142|3941|72952|6411|2386|2005|1693|1602|693|458|2741|1283|925|528|1816|1025|0|220|0|220|0|220|1256|577|246|172|1010|505|201|334|115|196|86|141|78|122|0|220|78|122|2919|1486|889|610|2030|1236|4510|2011|3830|1906|680|518|71|88|0|220|71|88|23760|5328|14228|3772|9532|2599|1509|882|1415|867|94|157|560|620|0|220|560|620|2415|1058|1698|955|717|528|411|471|159|203|252|416|0|220|0|220|0|220|62|104|0|220|62|104|3339|1622|1353|691|1986|1239
5001900US3612|726656|18503|521641|16557|54540|7031|38513|4785|16027|4724|13405|3548|11841|3476|1564|872|1217|1015|973|1037|244|219|8876|5453|8505|5434|371|353|8183|2457|7326|2155|857|602|5638|2371|5577|2374|61|98|2225|1496|2225|1496|0|220|1175|669|1112|665|63|104|4009|1403|2848|943|1161|788|5925|3631|5035|3539|890|781|884|667|730|622|154|148|2280|1324|1962|1243|318|356|205|230|108|150|97|157|1291|900|1189|844|102|167|968|589|968|589|0|220|6860|2369|6684|2394|176|220|1191|844|993|770|198|333|1913|2592|825|887|1088|1757|3817|2561|3143|2275|674|839|1282|717|1212|734|70|95|7505|4039|5711|2856|1794|2257|615|475|615|475|0|220|1057|672|1057|672|0|220|1473|1490|1405|1475|68|110|31629|5629|21834|4177|9795|3357|5907|1912|3055|1198|2852|1345|8847|3060|5716|2303|3131|1687|0|220|0|220|0|220|687|426|687|426|0|220|0|220|0|220|0|220|160|196|48|82|112|187|2074|1334|1872|1317|202|270|2413|1173|1683|886|730|631|241|234|147|176|94|151|5625|3833|3940|2286|1685|2167|7513|3710|7147|3633|366|404|309|383|309|383|0|220|618|441|618|441|0|220|421|513|421|513|0|220|0|220|0|220|0|220|0|220|0|220|0|220|2037|1279|1576|1026|461|395
5001900US3614|686185|22449|245515|13906|304848|14874|161066|9438|143782|11818|6953|2342|4255|1596|2698|1347|1715|1080|1404|1068|311|292|3680|1215|2489|1016|1191|602|2236|1306|1352|878|884|658|541|457|435|439|106|137|315|374|104|134|211|349|9698|2632|5682|2118|4016|1418|1444|711|862|529|582|454|1841|1116|1349|947|492|522|1997|1047|1555|1002|442|322|2367|2904|2242|2893|125|177|303|268|97|159|206|216|1084|1413|519|631|565|795|652|880|438|654|214|259|1975|1104|1402|792|573|531|1421|713|859|547|562|321|619|576|293|274|326|330|28574|5023|15013|3637|13561|3249|3328|2122|1567|989|1761|1613|7700|3448|4177|1801|3523|1874|0|220|0|220|0|220|136|174|136|174|0|220|369|507|292|383|77|138|18244|4190|6300|1708|11944|3233|969|748|480|364|489|610|2058|781|923|440|1135|499|0|220|0|220|0|220|980|710|240|237|740|634|0|220|0|220|0|220|383|386|147|156|236|302|1525|1134|861|826|664|702|6581|2151|5530|1869|1051|625|497|515|497|515|0|220|12667|4356|8051|4077|4616|1681|136|225|136|225|0|220|3362|2264|1493|1002|1869|1789|6997|3058|5167|2300|1830|1480|813|971|551|651|262|411|0|220|0|220|0|220|0|220|0|220|0|220|1662|1142|1284|884|378|391
5001900US3616|734541|8516|454157|11694|175644|8895|91071|6864|84573|7229|6918|2010|5246|1489|1672|1160|3782|1758|1919|1061|1863|1081|8475|1686|6386|1548|2089|848|7937|2330|5741|1997|2196|698|3045|1418|2869|1343|176|166|1128|770|946|555|182|284|2783|2069|2338|2032|445|270|2948|1209|2521|1057|427|367|1401|682|912|478|489|396|1864|1054|1468|843|396|323|2053|945|1383|790|670|431|101|165|44|72|57|94|180|237|123|152|57|97|588|487|395|401|193|224|1456|841|1202|793|254|375|425|543|425|543|0|220|33|54|33|54|0|220|1319|1069|788|690|531|537|1049|1490|996|1485|53|85|8236|3113|5398|2029|2838|1632|333|315|273|266|60|100|263|277|263|277|0|220|3825|1735|2412|1058|1413|799|8850|1667|5195|1225|3655|1159|4774|1500|1497|772|3277|1223|2325|897|1278|660|1047|583|0|220|0|220|0|220|245|379|245|379|0|220|214|338|108|175|106|164|299|246|148|192|151|167|969|1241|574|717|395|540|6706|1787|4672|1243|2034|982|376|337|213|228|163|241|4652|2193|2611|1224|2041|1651|2042|1035|1718|930|324|247|302|361|152|253|150|259|10211|3583|8455|3168|1756|1298|673|606|496|444|177|227|0|220|0|220|0|220|0|220|0|220|0|220|1960|1209|1344|795|616|804
5001900US3617|729719|4918|476571|10726|118810|7469|61397|5118|57413|6722|2226|819|1846|682|380|293|12449|2699|6600|1730|5849|2203|8381|2500|5817|1477|2564|1526|2335|1335|1698|993|637|566|3273|1484|3208|1507|65|81|51067|6041|21682|3290|29385|5008|1087|715|596|450|491|323|4221|1539|2143|799|2078|1061|2957|2216|2496|2155|461|312|995|849|849|718|146|185|1924|1128|929|528|995|851|401|380|240|217|161|196|70|114|70|114|0|220|1298|731|1106|682|192|183|2321|1405|1725|1001|596|456|3750|2422|3051|2070|699|490|115|212|115|212|0|220|603|619|603|619|0|220|1727|1571|1644|1559|83|133|4054|1877|2446|1009|1608|1212|48|83|48|83|0|220|32|56|32|56|0|220|5267|1551|4010|1216|1257|668|6122|1815|3452|1059|2670|1543|864|524|564|352|300|218|1985|926|932|603|1053|656|0|220|0|220|0|220|832|946|332|384|500|572|0|220|0|220|0|220|41|69|41|69|0|220|521|695|121|199|400|675|4113|1690|3000|1291|1113|853|204|161|184|173|20|46|3487|2688|2419|1781|1068|1009|2912|1333|2286|1221|626|446|146|179|146|179|0|220|1180|739|934|637|246|381|304|259|304|259|0|220|0|220|0|220|0|220|0|220|0|220|0|220|1026|669|582|466|444|413
5001900US3619|743959|7194|660718|7659|30630|3243|21507|2682|9123|1815|2510|1067|2444|1049|66|94|320|396|279|386|41|74|2122|638|1603|607|519|295|1848|1024|1474|873|374|345|2113|707|1668|586|445|336|5473|2202|4455|2039|1018|420|889|486|550|360|339|309|4791|1826|2937|1139|1854|1398|1206|726|653|385|553|571|962|666|810|634|152|167|1809|980|1398|803|411|350|16|28|16|28|0|220|525|387|494|366|31|53|124|137|124|137|0|220|1441|851|835|505|606|708|732|723|323|310|409|488|153|133|153|133|0|220|1798|896|1401|769|397|309|266|242|209|218|57|103|1642|948|1026|447|616|805|128|220|128|220|0|220|475|507|298|306|177|230|569|544|569|544|0|220|9034|1971|5973|1469|3061|1086|542|300|542|300|0|220|1131|619|789|461|342|279|0|220|0|220|0|220|735|732|501|477|234|366|41|70|41|70|0|220|1654|1056|570|489|1084|708|1514|698|1044|628|470|410|1330|689|826|474|504|418|876|649|871|649|5|2|1138|834|975|843|163|158|724|413|724|413|0|220|128|116|128|116|0|220|397|407|397|407|0|220|377|306|312|278|65|76|102|103|102|103|0|220|64|112|0|220|64|112|912|721|853|721|59|103
5001900US3620|753020|6713|659644|8787|32343|2965|22147|2864|10196|1825|2562|1053|1868|909|694|425|1664|1684|880|774|784|1093|2422|943|1441|599|981|647|731|669|360|331|371|409|1307|715|1228|714|79|93|657|565|425|358|232|266|1011|908|710|575|301|385|2195|1576|1666|1501|529|325|459|458|244|223|215|256|137|117|58|116|79|13|1104|680|297|222|807|637|764|755|764|755|0|220|642|599|346|334|296|428|1714|919|1460|881|254|316|2743|1550|2020|1047|723|754|3011|1251|1720|899|1291|801|958|1308|699|907|259|424|2938|1242|1286|639|1652|1040|299|316|299|316|0|220|2747|1304|1535|676|1212|1019|1876|1056|1443|897|433|325|789|465|789|465|0|220|2122|1194|1896|996|226|360|8685|2442|4582|1740|4103|2035|497|496|349|395|148|195|1672|730|901|605|771|477|0|220|0|220|0|220|416|426|253|240|163|215|43|75|43|75|0|220|583|663|419|495|164|195|1929|1409|1406|1068|523|524|2421|1153|1698|770|723|599|0|220|0|220|0|220|2984|1454|1754|1012|1230|774|484|363|338|211|146|179|305|277|138|153|167|215|4031|3631|2606|2293|1425|1413|903|697|815|668|88|152|48|83|0|220|48|83|0|220|0|220|0|220|1180|944|790|788|390|473
5001900US3622|726606|4892|643032|7849|23474|2601|15630|2286|7844|1835|2849|1165|2033|808|816|640|713|783|321|458|392|450|1513|566|1353|537|160|161|186|150|125|138|61|79|1755|639|1489|634|266|188|1046|474|885|459|161|159|442|311|289|261|153|187|3397|1329|2039|1111|1358|687|838|389|610|316|228|198|4398|1615|2231|1042|2167|859|5713|3875|3831|3655|1882|1052|152|213|152|213|0|220|1602|1408|731|519|871|987|562|613|509|553|53|93|595|534|595|534|0|220|725|554|411|336|314|466|431|269|409|260|22|44|396|323|247|251|149|163|890|881|195|198|695|811|519|386|519|386|0|220|717|698|717|698|0|220|119|187|119|187|0|220|0|220|0|220|0|220|4429|1221|2245|764|2184|837|220|180|156|148|64|100|551|262|291|189|260|201|206|337|206|337|0|220|2543|1102|1172|593|1371|704|1417|1286|601|584|816|786|211|330|0|220|211|330|4281|1684|2689|1336|1592|944|1703|1152|1225|993|478|396|76|92|39|64|37|65|5733|2498|3359|1426|2374|1583|314|214|256|194|58|93|4242|2543|1854|1552|2388|1562|620|664|523|661|97|92|3029|2909|50|84|2979|2915|0|220|0|220|0|220|64|86|64|86|0|220|903|615|517|399|386|469
5001900US3625|729397|1974|629197|5739|45357|3855|27723|3167|17634|2389|2118|875|1748|718|370|369|591|534|532|516|59|99|4483|1934|3101|1530|1382|784|580|453|474|432|106|139|1217|736|1179|728|38|65|709|917|666|912|43|55|1743|1066|998|532|745|844|1514|856|572|340|942|674|1499|930|789|641|710|567|1631|1222|1243|1178|388|291|4179|1976|2098|1034|2081|1129|0|220|0|220|0|220|281|219|233|200|48|85|247|261|247|261|0|220|1357|651|1290|636|67|88|1555|1107|1270|930|285|287|82|143|0|220|82|143|340|279|340|279|0|220|4708|2332|1655|854|3053|1749|2036|1134|1287|848|749|624|286|312|286|312|0|220|852|512|750|453|102|168|244|291|244|291|0|220|4291|1055|1545|535|2746|890|987|665|764|463|223|272|347|323|138|187|209|198|0|220|0|220|0|220|1634|742|632|412|1002|462|601|650|199|252|402|559|211|178|104|134|107|174|2559|1322|1144|663|1415|730|1138|714|528|355|610|536|636|415|358|263|278|281|3407|1409|2084|1027|1323|686|533|435|491|429|42|72|4476|2105|2413|1313|2063|1418|956|691|514|470|442|519|373|527|63|101|310|516|0|220|0|220|0|220|56|74|38|69|18|31|386|347|386|347|0|220
5001900US3626|720879|5079|621246|8821|25115|3298|18919|2886|6196|1643|3102|1954|2640|1898|462|363|202|182|200|182|2|3|2239|850|1780|726|459|390|925|1092|122|200|803|1077|946|501|691|368|255|332|179|169|160|165|19|38|668|595|523|550|145|239|2783|1870|1339|1253|1444|824|884|502|558|339|326|292|607|668|236|307|371|376|732|422|321|312|411|253|193|318|193|318|0|220|1853|1491|764|919|1089|1003|219|366|22|44|197|364|1469|830|1386|832|83|135|2334|1393|1890|1230|444|387|1302|714|980|521|322|331|16415|4589|9280|3390|7135|2183|746|735|446|558|300|322|2633|2295|1794|1922|839|785|182|216|57|93|125|196|2059|1981|1232|965|827|1104|161|242|155|242|6|4|4675|1556|2919|956|1756|897|409|346|359|313|50|96|1339|770|879|607|460|310|0|220|0|220|0|220|1682|1096|611|449|1071|688|0|220|0|220|0|220|99|126|32|50|67|116|4170|1830|2190|1022|1980|1177|1232|813|1079|771|153|176|544|738|124|116|420|731|8205|2409|4881|1624|3324|1179|436|417|410|415|26|50|4311|2141|3635|1849|676|582|1182|870|509|513|673|651|2997|2605|1785|1762|1212|1059|0|220|0|220|0|220|69|97|69|97|0|220|335|266|277|249|58|96
5001900US3704|761024|9011|585127|10266|70261|5960|41272|4839|28989|3655|2110|818|1911|763|199|284|827|567|634|528|193|240|661|456|505|415|156|204|2297|1575|1816|1081|481|595|2654|1030|2599|1019|55|89|30|54|30|54|0|226|379|551|379|551|0|226|2752|1081|2166|932|586|498|714|652|598|636|116|142|922|883|870|875|52|87|1172|660|892|489|280|270|0|226|0|226|0|226|641|573|497|514|144|245|4625|1751|3586|1292|1039|648|9342|3345|8312|2851|1030|724|1786|1234|1725|1206|61|111|465|532|465|532|0|226|1191|938|1041|835|150|181|3710|1598|3384|1508|326|301|1764|871|1649|805|115|145|12912|4539|10119|3896|2793|1515|6132|2538|5605|2443|527|322|4763|2975|4525|2926|238|229|16885|3852|10120|2145|6765|2268|2359|1214|1543|812|816|883|5042|1865|2648|1044|2394|1062|254|334|202|327|52|85|1504|882|1009|670|495|384|52|89|52|89|0|226|405|340|405|340|0|226|2343|1614|2053|1497|290|263|1204|632|746|422|458|438|210|220|210|220|0|226|3593|1635|2562|1480|1031|627|0|226|0|226|0|226|3391|2748|1561|1248|1830|2232|5259|3620|5081|3566|178|215|665|612|612|606|53|88|0|226|0|226|0|226|0|226|0|226|0|226|621|582|412|453|209|377
5001900US3712|748351|10436|560946|10615|126934|6382|55456|4593|71478|5002|5758|2472|2797|1186|2961|1823|2294|2160|1203|1142|1091|1091|511|369|461|339|50|84|2352|1361|1008|600|1344|1069|965|422|933|411|32|54|172|195|172|195|0|226|1631|1083|1287|830|344|324|2159|965|1537|698|622|716|427|410|237|241|190|330|1426|1169|1030|898|396|345|518|433|130|153|388|405|91|151|91|151|0|226|691|714|281|328|410|626|1172|869|839|652|333|347|1515|770|1295|688|220|213|891|726|506|524|385|456|347|384|347|384|0|226|265|264|265|264|0|226|1894|1391|744|824|1150|821|1034|587|752|473|282|235|4928|2455|1366|955|3562|2079|1962|1779|1861|1735|101|169|277|329|277|329|0|226|2407|1097|1347|702|1060|792|710|598|519|504|191|309|950|746|568|564|382|324|1221|1050|555|438|666|858|2394|1160|658|474|1736|926|2071|2239|1768|1891|303|394|1244|926|379|405|865|696|2371|1698|1472|1124|899|756|1474|793|1150|622|324|324|2276|1947|1099|919|1177|1287|3647|2429|1933|1230|1714|1629|53|93|53|93|0|226|2551|1824|820|807|1731|1443|2269|1199|1689|1039|580|595|1282|1576|1086|1562|196|308|0|226|0|226|0|226|0|226|0|226|0|226|271|291|222|258|49|83
5001900US4101|685613|10810|534551|12574|68471|6151|42645|4876|25826|4083|2935|947|2669|918|266|267|42|83|0|220|42|83|466|649|466|649|0|220|1935|877|1404|769|531|467|2888|1204|2741|1147|147|177|940|879|940|879|0|220|382|318|267|262|115|182|3448|2664|3332|2655|116|129|217|211|217|211|0|220|871|1112|823|1113|48|78|1331|1155|1148|974|183|294|0|220|0|220|0|220|1422|883|847|543|575|533|2461|1588|2461|1588|0|220|4968|1955|4588|1824|380|346|1211|1073|1044|919|167|206|166|188|166|188|0|220|4719|2618|3907|2523|812|557|3098|1584|2080|1190|1018|1068|3466|2056|2275|1191|1191|1044|3919|2118|2120|1045|1799|1574|1076|662|985|627|91|153|1212|706|1118|704|94|151|9331|2739|5896|1854|3435|1485|5701|2015|2786|1071|2915|1522|5908|2308|3668|1905|2240|935|788|990|581|697|207|336|3849|1534|2460|1256|1389|725|260|313|179|221|81|95|2147|1609|603|496|1544|1463|1034|798|617|561|417|381|3160|1443|2375|1213|785|502|1180|775|986|732|194|239|3620|2232|2612|2038|1008|695|393|311|337|321|56|95|0|220|0|220|0|220|741|589|741|589|0|220|971|734|377|392|594|583|0|220|0|220|0|220|0|220|0|220|0|220|335|207|236|184|99|129
5001900US4204|745716|9477|643656|9710|31335|5083|22098|4067|9237|3011|1351|680|1160|640|191|192|195|146|195|146|0|192|3415|1243|2935|1146|480|379|1194|721|1098|630|96|160|1233|721|1067|676|166|178|1218|539|982|465|236|254|909|848|774|724|135|175|7529|3526|5002|2867|2527|1567|1542|1452|1270|1409|272|300|312|367|263|291|49|84|1922|1082|1010|694|912|612|491|333|388|318|103|69|546|590|291|497|255|315|1280|980|1029|816|251|250|4216|1423|3658|1235|558|464|1984|1371|1953|1367|31|51|1099|1617|633|966|466|664|2653|1360|1006|731|1647|1090|871|568|767|563|104|131|2171|1466|1364|1027|807|559|961|723|820|685|141|234|1371|822|1371|822|0|192|1518|1144|1402|1107|116|141|9758|2466|5711|1553|4047|1604|909|430|909|430|0|192|5592|1952|2650|1159|2942|1116|0|192|0|192|0|192|2693|1446|1307|700|1386|1121|258|428|0|192|258|428|907|1184|693|895|214|292|364|352|364|352|0|192|1158|600|932|539|226|259|644|704|644|704|0|192|2380|1044|1533|745|847|542|581|392|448|294|133|217|794|757|479|411|315|390|3398|2071|2584|1508|814|818|730|642|595|552|135|230|0|192|0|192|0|192|26|48|26|48|0|192|552|454|470|433|82|133
5001900US4205|724877|9544|613823|10955|26726|5839|14086|3623|12640|3660|4192|1849|1933|1082|2259|1290|2674|1745|852|544|1822|1537|2937|1358|2230|1228|707|332|2110|1260|1665|1116|445|417|1088|510|820|498|268|205|1257|761|1257|761|0|192|3087|1313|2128|1075|959|663|3120|1405|1700|779|1420|989|486|369|385|335|101|119|131|218|66|110|65|108|1402|1262|898|907|504|407|316|308|316|308|0|192|777|574|390|314|387|402|843|705|798|697|45|74|1875|1416|1600|1124|275|361|2350|1344|1294|866|1056|771|2556|1230|1235|548|1321|861|2342|1219|690|473|1652|949|316|334|316|334|0|192|991|745|734|449|257|336|2831|1825|2715|1818|116|147|1183|1151|1183|1151|0|192|2148|1200|1271|811|877|491|11003|2552|6468|1931|4535|1336|665|478|236|230|429|367|3366|1332|1503|858|1863|896|0|192|0|192|0|192|6041|2600|2398|1409|3643|1527|2433|1281|900|689|1533|787|364|413|246|300|118|196|1187|1003|611|523|576|507|1972|1043|1557|909|415|357|690|443|245|239|445|329|4546|1495|2474|1012|2072|913|0|192|0|192|0|192|3855|2696|1605|1926|2250|1967|3783|1776|1873|824|1910|1453|1287|828|647|434|640|602|0|192|0|192|0|192|0|192|0|192|0|192|2124|1120|1129|812|995|644
5001900US4206|753019|6282|591472|8190|96082|5356|51515|4753|44567|4112|1253|591|1026|520|227|361|1419|1118|852|705|567|515|2561|1325|1852|1142|709|667|281|324|281|324|0|192|5381|1836|4151|1443|1230|741|4986|2802|4089|2439|897|868|689|517|658|512|31|52|1347|746|1006|626|341|269|1278|987|1035|952|243|280|76|125|76|125|0|192|2514|2776|2079|2206|435|612|132|218|100|165|32|54|227|210|150|135|77|94|2078|1161|1468|789|610|547|3966|1658|3215|1440|751|763|1488|1027|1376|1012|112|138|1160|918|680|587|480|422|590|538|332|345|258|412|1345|1234|1289|1222|56|94|2060|1283|1531|1129|529|361|8443|2814|6331|2284|2112|1164|1530|896|1397|833|133|165|1779|859|1747|854|32|61|6678|2143|3801|1110|2877|1278|46|81|46|81|0|192|1457|952|570|445|887|693|0|192|0|192|0|192|2788|1366|1197|636|1591|1190|0|192|0|192|0|192|44|71|44|71|0|192|575|601|465|457|110|183|560|374|449|341|111|133|655|893|0|192|655|893|2023|1448|929|768|1094|1232|48|80|48|80|0|192|124|220|124|220|0|192|1701|1250|1439|1187|262|245|781|662|526|427|255|306|0|192|0|192|0|192|0|192|0|192|0|192|1402|806|1121|723|281|218
5001900US4212|720860|10594|653582|11240|13495|2333|9842|1940|3653|1483|1229|632|1020|554|209|160|770|675|428|381|342|566|1869|771|1562|729|307|193|671|577|671|577|0|192|1747|706|1538|673|209|191|624|507|624|507|0|192|1310|852|664|504|646|647|2233|1416|1025|769|1208|959|279|199|279|199|0|192|1927|1279|1715|1262|212|191|1514|1445|1406|1444|108|127|28|7|28|7|0|192|1026|541|780|548|246|286|442|362|381|314|61|103|2864|1154|1879|746|985|681|850|735|550|569|300|474|827|561|668|493|159|181|391|328|391|328|0|192|8222|4062|4234|2454|3988|1932|1122|669|798|536|324|448|1212|647|1187|643|25|50|1278|634|1235|628|43|74|233|190|233|190|0|192|6374|1423|3473|734|2901|1160|747|526|597|480|150|187|1185|686|640|427|545|460|0|192|0|192|0|192|1051|1003|428|374|623|906|125|199|0|192|125|199|526|457|277|256|249|301|1503|1516|175|196|1328|1524|655|559|385|268|270|459|676|804|302|301|374|523|3078|1670|2254|1148|824|650|2035|1941|2035|1941|0|192|295|244|295|244|0|192|2037|1706|2030|1705|7|14|263|305|250|305|13|3|0|192|0|192|0|192|31|39|31|39|0|192|534|359|468|339|66|77
5001900US4803|868481|12386|615118|15031|95721|8913|66200|6681|29521|4337|1482|1010|939|489|543|845|210|351|210|351|0|242|860|1034|173|291|687|982|2625|1553|2214|1489|411|503|1933|1280|1840|1243|93|160|1281|1303|1105|1062|176|277|305|305|305|305|0|242|2649|1243|2038|1115|611|509|0|242|0|242|0|242|413|441|79|133|334|343|955|755|673|684|282|351|624|647|624|647|0|242|2234|1085|2127|1125|107|178|5274|2328|3980|1979|1294|826|14928|4916|12480|3984|2448|1634|7422|2313|6089|1962|1333|661|1959|1757|1855|1710|104|180|2364|1162|1823|877|541|478|6398|3483|5583|3079|815|818|1855|1175|1575|1153|280|278|26587|6434|22296|4943|4291|2396|5277|2446|4830|2127|447|451|4453|1860|3947|1752|506|392|16996|3736|9727|3034|7269|1670|1135|906|907|742|228|261|6872|3477|4664|2800|2208|1118|0|242|0|242|0|242|11083|3383|5575|2419|5508|1711|463|491|311|399|152|257|531|406|380|367|151|251|2831|1902|2018|1414|813|678|5434|1957|3872|1426|1562|792|868|646|756|603|112|134|6871|3126|5292|2729|1579|825|423|626|224|296|199|346|3063|1614|2214|1210|849|611|4533|1843|4303|1762|230|282|3309|2719|1501|1445|1808|2351|159|259|46|77|113|184|36|64|36|64|0|242|947|815|861|754|86|133
5001900US4804|821631|12902|633044|13207|79357|8540|50320|6561|29037|5282|1680|1108|1424|862|256|341|0|242|0|242|0|242|282|253|282|253|0|242|600|545|600|545|0|242|1759|1327|1759|1327|0|242|152|218|152|218|0|242|171|280|171|280|0|242|1332|881|998|718|334|255|246|207|188|183|58|97|809|1040|565|672|244|388|143|234|143|234|0|242|0|242|0|242|0|242|2050|1313|1572|1003|478|479|3078|1859|2022|1346|1056|723|10907|2967|9554|2703|1353|673|6374|2976|5046|2289|1328|1329|461|435|288|273|173|186|1144|754|763|639|381|326|2414|1494|1887|1331|527|435|1630|1170|1379|1095|251|301|21900|5000|18721|4378|3179|1361|9486|3754|8553|3518|933|728|3493|1853|2939|1542|554|534|11429|2750|6769|1813|4660|1530|926|556|431|317|495|428|2574|1186|1367|652|1207|712|150|182|150|182|0|242|5525|1943|2887|1202|2638|1079|563|683|170|203|393|519|357|306|42|70|315|297|232|389|0|242|232|389|2027|728|1360|506|667|512|1662|1144|841|546|821|877|5171|2894|3980|2613|1191|955|486|441|486|441|0|242|1603|1689|1603|1689|0|242|3940|2601|3268|2463|672|671|1052|717|1052|717|0|242|0|242|0|242|0|242|0|242|0|242|0|242|1422|1312|1003|836|419|681
5001900US4807|723807|25909|357441|19076|188197|13865|89498|10777|98699|9090|5482|2191|3521|1512|1961|1461|0|242|0|242|0|242|803|626|674|465|129|214|3288|1807|3146|1799|142|186|1100|604|1077|604|23|4|122|176|122|176|0|242|862|626|676|550|186|292|1951|1652|1177|996|774|799|173|143|173|143|0|242|281|459|281|459|0|242|199|238|199|238|0|242|559|513|443|532|116|183|5880|2200|5163|2103|717|442|2060|1317|1706|1305|354|348|6906|2474|6266|2264|640|438|17125|4834|13576|3871|3549|1872|857|838|736|816|121|198|2193|1379|1198|755|995|820|1610|1366|1040|883|570|713|1776|1089|1462|953|314|372|4459|2252|3733|2171|726|496|2247|1461|1708|1118|539|761|2507|1877|2169|1804|338|367|25893|3953|11669|2296|14224|2772|1083|916|513|416|570|819|2542|1069|1412|588|1130|839|0|242|0|242|0|242|36554|8311|11930|3602|24624|6169|256|316|256|316|0|242|523|421|195|214|328|357|2331|1392|707|417|1624|1193|6623|1993|5484|1721|1139|783|525|317|439|310|86|139|9037|3862|6847|3521|2190|1308|1455|1828|1010|1203|445|658|2059|1303|1824|1271|235|245|23180|6101|20192|5068|2988|1631|1596|1219|1530|1203|66|112|0|242|0|242|0|242|0|242|0|242|0|242|2072|1165|1753|1067|319|529
5001900US4822|842246|19191|524647|18737|171635|13044|108192|8498|63443|8221|3314|2287|2935|2156|379|376|429|457|429|457|0|242|281|338|281|338|0|242|2597|1528|2213|1415|384|297|1346|921|1346|921|0|242|438|371|438|371|0|242|87|104|87|104|0|242|1342|1043|1027|837|315|382|507|579|507|579|0|242|0|242|0|242|0|242|465|385|357|260|108|175|0|242|0|242|0|242|1315|855|1273|852|42|70|5012|2512|4564|2430|448|385|8940|4152|7824|3994|1116|826|12126|5321|10067|4930|2059|1481|0|242|0|242|0|242|2397|2096|1975|1802|422|678|2443|1296|2329|1252|114|198|1925|1613|1438|1121|487|699|7667|4490|6535|3653|1132|1205|2267|1217|1966|1124|301|452|11762|3714|10772|3736|990|572|24360|5352|13615|3758|10745|2540|1521|1073|1222|940|299|318|3096|1419|2136|1226|960|671|97|163|97|163|0|242|14350|4377|7670|2955|6680|2676|304|311|83|142|221|260|411|640|411|640|0|242|1724|1149|820|635|904|637|5713|1827|5232|1790|481|477|2239|1494|761|512|1478|1093|9465|7021|9025|6998|440|361|49|83|49|83|0|242|402|378|402|378|0|242|11458|4411|10329|4013|1129|911|3699|2853|3372|2709|327|404|0|242|0|242|0|242|268|253|268|253|0|242|148|203|148|203|0|242
5001900US4824|728046|18210|560126|18304|80078|10026|53261|6598|26817|6451|3840|2053|3349|1905|491|498|0|242|0|242|0|242|515|430|310|285|205|203|2303|1814|1589|1568|714|651|1639|954|1539|934|100|122|455|365|353|245|102|171|0|242|0|242|0|242|1489|1098|797|694|692|517|904|583|772|511|132|137|55|90|55|90|0|242|732|721|663|639|69|113|121|201|121|201|0|242|3000|2009|2437|1538|563|690|2948|1926|1850|1359|1098|704|5176|2377|4633|2112|543|478|2795|1338|2427|1139|368|425|1613|1934|1238|1443|375|495|2585|2029|1365|983|1220|1114|10652|4153|5835|2077|4817|2496|1474|1135|890|706|584|699|1711|728|1311|659|400|454|2060|2390|2060|2390|0|242|2414|1412|2020|1249|394|285|7001|2490|4713|1880|2288|960|2065|1169|1073|748|992|626|5107|2168|2336|1417|2771|1178|0|242|0|242|0|242|5411|2118|2760|1281|2651|1208|46|78|46|78|0|242|1954|1006|1104|822|850|464|756|551|524|477|232|205|2631|1286|1989|1051|642|448|888|616|864|610|24|39|7031|2960|5185|2803|1846|1149|124|136|124|136|0|242|1302|985|1244|957|58|96|2120|1885|1976|1778|144|247|1694|1078|1694|1078|0|242|0|242|0|242|0|242|584|964|360|594|224|372|647|646|622|644|25|43
5001900US4826|835962|10437|619598|11761|105775|7066|70193|6130|35582|4424|1483|1098|793|619|690|854|0|242|0|242|0|242|311|265|217|211|94|157|3792|1877|3186|1818|606|679|1081|602|987|574|94|154|984|1133|984|1133|0|242|254|306|195|227|59|97|738|549|379|295|359|348|482|466|364|309|118|202|299|495|190|315|109|181|746|728|376|320|370|466|126|208|126|208|0|242|2131|1018|1822|870|309|269|4007|2132|3639|2104|368|388|9408|3333|8725|3047|683|537|5104|2132|4268|1629|836|745|0|242|0|242|0|242|1854|1508|809|601|1045|1160|3690|1609|2524|1308|1166|968|1340|737|1267|731|73|122|11730|3464|8545|2676|3185|1979|3657|2086|3198|1962|459|383|7718|2649|5972|2317|1746|990|9544|3250|7190|2773|2354|1052|1025|656|708|551|317|372|10985|3395|5184|1936|5801|2056|72|123|72|123|0|242|5544|2175|2959|1582|2585|1070|799|521|481|395|318|260|1177|886|562|449|615|506|2974|2692|1443|1299|1531|1415|3941|1592|2015|981|1926|1332|777|400|702|377|75|125|5783|2396|4933|2104|850|603|359|361|359|361|0|242|259|350|158|193|101|172|3651|2334|3177|1911|474|705|1468|1318|1392|1300|76|125|0|242|0|242|0|242|36|59|36|59|0|242|1260|1852|608|943|652|918
5001900US4831|845005|9773|660706|12265|111483|9450|68712|6391|42771|6424|3168|1366|2838|1331|330|280|222|302|222|302|0|242|399|586|161|245|238|352|3248|2513|1280|823|1968|2269|2575|1480|1774|1020|801|873|488|384|424|375|64|83|63|105|63|105|0|242|1354|933|614|477|740|596|622|480|622|480|0|242|0|242|0|242|0|242|1601|1128|1142|947|459|353|0|242|0|242|0|242|1284|964|856|862|428|408|4330|2032|3264|1613|1066|862|6035|2384|5054|2066|981|767|3158|1557|2151|1284|1007|732|595|796|552|779|43|74|996|841|996|841|0|242|2579|1376|2304|1236|275|244|563|489|563|489|0|242|9401|2848|7429|2433|1972|1175|2489|1291|1695|905|794|756|1655|1064|1385|849|270|303|6275|1921|3010|947|3265|1255|968|1262|900|1237|68|117|4560|1576|2228|1039|2332|1098|0|242|0|242|0|242|2535|1633|1092|642|1443|1129|309|341|234|274|75|123|846|608|319|249|527|506|1432|1880|1186|1541|246|347|2519|1159|1805|941|714|438|1171|789|1028|705|143|155|2286|1257|1051|661|1235|1084|170|283|170|283|0|242|576|562|386|396|190|187|746|598|641|466|105|181|569|538|240|260|329|514|123|185|123|185|0|242|0|242|0|242|0|242|906|662|819|600|87|150
5001900US5108|742654|13794|473688|13505|122037|10578|69319|6835|52718|6979|6694|2457|5673|2328|1021|446|1429|968|1345|956|84|152|1734|897|1276|618|458|515|1900|794|1518|734|382|234|2581|983|2143|911|438|391|592|461|592|461|0|217|879|465|740|420|139|226|3559|1082|2217|852|1342|685|747|1017|404|510|343|526|697|553|697|553|0|217|3003|1714|2250|1389|753|1072|116|193|116|193|0|217|7927|2800|4927|1536|3000|1953|1686|977|1295|783|391|408|5193|1680|4795|1445|398|564|5998|2536|5246|2393|752|483|576|932|328|533|248|401|3622|1822|2585|1320|1037|720|1567|829|547|383|1020|876|3588|1368|2559|940|1029|618|1571|979|1147|807|424|465|301|302|301|302|0|217|282|299|282|299|0|217|12865|2895|8913|2435|3952|1277|1905|1043|995|677|910|689|6668|2760|3107|1109|3561|1960|0|217|0|217|0|217|11508|3287|5739|2171|5769|1717|606|493|74|128|532|422|2049|1010|870|596|1179|840|5069|1590|3119|1123|1950|882|5658|1815|4288|1213|1370|1056|1472|737|977|533|495|423|12921|4512|9895|3438|3026|1438|301|296|145|152|156|256|23567|5276|14492|3775|9075|2655|4804|2046|4417|1946|387|397|261|240|261|240|0|217|0|217|0|217|0|217|0|217|0|217|0|217|1033|622|995|589|38|69
5001900US5110|769436|10403|513029|10166|111307|8197|63736|6029|47571|6463|3222|1286|1676|653|1546|992|866|747|822|732|44|75|949|705|892|698|57|94|2966|1266|2146|1055|820|557|1247|663|1247|663|0|217|472|627|228|295|244|335|531|319|466|261|65|110|2138|830|1564|687|574|588|415|520|347|414|68|113|72|88|72|88|0|217|1699|1534|1138|928|561|701|90|150|90|150|0|217|6285|1900|3844|1327|2441|924|3061|1736|1853|1209|1208|825|13491|4308|11842|4012|1649|806|11123|3039|9156|2911|1967|788|6797|2811|5671|2567|1126|760|6293|2592|4047|1463|2246|1554|7701|2606|5119|1875|2582|1357|5457|2511|4117|1999|1340|781|11746|2969|10751|2745|995|629|4536|2135|4161|1854|375|413|1593|885|1361|810|232|257|6495|1785|4547|1458|1948|879|1331|924|939|676|392|453|8185|2219|4193|1264|3992|1500|0|217|0|217|0|217|11758|3498|5796|2023|5962|1951|0|217|0|217|0|217|1664|930|834|465|830|655|2397|1042|1550|777|847|596|3679|1772|2755|1514|924|541|236|305|147|172|89|150|7295|3224|5384|2559|1911|963|36|62|36|62|0|217|4779|1917|3083|1383|1696|915|1801|914|1294|724|507|368|1371|771|1210|730|161|158|0|217|0|217|0|217|328|486|251|364|77|129|995|811|913|783|82|101
5001900US5111|752729|13129|452362|12654|88448|8310|51182|5752|37266|6090|4607|1512|4125|1360|482|413|104|125|104|125|0|217|1375|758|1134|772|241|225|2881|1167|2287|974|594|381|2518|975|2381|962|137|185|1270|1020|1213|983|57|96|752|435|633|401|119|120|4353|1762|3656|1562|697|531|441|312|391|299|50|83|498|453|306|261|192|244|2634|1202|1954|1056|680|454|161|208|44|73|117|197|12266|3246|8562|2298|3704|1441|3011|1701|2387|1424|624|446|9323|2617|7738|2320|1585|826|8531|2567|6851|2107|1680|1070|3914|3402|2781|2267|1133|1171|4975|2201|3899|1716|1076|708|6545|2356|4069|1470|2476|1470|2835|1366|1816|767|1019|963|5737|2120|4785|1898|952|642|3787|1591|3210|1454|577|470|1922|1104|1798|1023|124|151|24540|4043|15703|3233|8837|1774|1510|583|1184|463|326|206|30867|4420|15627|2694|15240|2604|0|217|0|217|0|217|18291|3696|7845|1886|10446|2472|328|416|181|299|147|180|1740|1381|1105|989|635|513|7095|2952|3982|1775|3113|1743|6702|2293|5436|1761|1266|892|816|463|571|355|245|173|19261|4365|14707|3622|4554|1334|285|260|285|260|0|217|11035|3013|6205|1777|4830|1704|2030|1344|1990|1327|40|65|858|794|357|417|501|674|0|217|0|217|0|217|0|217|0|217|0|217|2121|1608|2045|1605|76|132
5001900US5301|763816|12845|513765|11989|43390|5530|27340|3520|16050|3239|2566|1092|2566|1092|0|218|0|218|0|218|0|218|601|580|601|580|0|218|4563|2543|2239|1098|2324|1944|3056|1451|2471|1319|585|682|112|118|112|118|0|218|129|63|129|63|0|218|14142|4072|8580|2431|5562|2177|1613|861|1091|678|522|358|1757|1885|1048|1456|709|780|5992|2338|2772|1198|3220|1561|747|464|154|188|593|394|3945|2321|2291|1240|1654|1276|1581|835|1435|815|146|170|19226|3115|16947|3042|2279|1154|3826|1915|3450|1803|376|346|2808|1376|2068|1096|740|575|1696|984|1644|982|52|87|5704|2043|5180|1973|524|495|2101|885|1751|800|350|206|15570|4651|12281|3881|3289|1640|8308|3681|7581|3612|727|445|3488|1424|3217|1387|271|266|40310|4607|25118|3394|15192|2853|5493|1683|3123|1073|2370|1104|11480|3963|7064|2965|4416|1541|196|324|196|324|0|218|10331|3138|4986|1738|5345|1714|1272|833|746|556|526|432|1994|1115|708|485|1286|839|2564|1651|2136|1243|428|496|8270|2198|5873|1936|2397|1308|1245|650|970|561|275|267|6101|3229|5421|3086|680|497|1877|1771|1243|991|634|979|3907|1854|2909|1684|998|684|3728|2969|2881|2441|847|660|1415|1113|1195|1062|220|335|0|218|0|218|0|218|1015|818|754|557|261|432|1932|2110|1287|1528|645|694
5001900US5302|752566|9077|611839|8904|66418|7183|41265|4736|25153|5173|3367|1373|2098|875|1269|792|0|218|0|218|0|218|733|706|733|706|0|218|1389|1051|605|559|784|622|1830|659|1726|590|104|164|651|462|552|400|99|162|289|326|279|327|10|4|3899|1423|2213|887|1686|965|418|360|153|141|265|326|21|26|11|20|10|16|3204|1629|1329|722|1875|996|0|218|0|218|0|218|1060|671|571|493|489|420|1125|1095|793|750|332|410|1272|783|929|526|343|357|857|858|337|467|520|613|5864|2795|3506|1971|2358|1238|319|353|283|351|36|64|721|757|251|319|470|565|1848|906|1358|750|490|233|159|251|159|251|0|218|0|218|0|218|0|218|91|151|91|151|0|218|9280|2826|5145|1839|4135|1695|2119|1158|1622|1021|497|429|4963|1782|2152|886|2811|1283|89|150|89|150|0|218|6336|2815|2608|1526|3728|1675|1995|1554|831|830|1164|1053|898|691|438|392|460|393|682|564|491|471|191|203|7604|2181|5541|1855|2063|785|1598|1036|1314|997|284|250|3311|2408|2565|1896|746|650|512|362|512|362|0|218|3996|2858|2338|2131|1658|1178|971|1140|971|1140|0|218|358|316|358|316|0|218|6|10|6|10|0|218|195|190|142|131|53|87|279|246|253|234|26|36
5001900US5307|777507|12574|594091|12511|48498|6994|34350|4719|14148|3552|4819|1567|4265|1398|554|562|0|218|0|218|0|218|1185|668|1185|668|0|218|3435|1998|2388|1510|1047|852|4168|1342|3933|1337|235|312|2092|1062|2092|1062|0|218|354|319|204|211|150|241|3209|1262|3015|1210|194|197|773|511|729|505|44|71|1356|955|1289|907|67|112|2059|1189|1468|997|591|526|256|288|202|209|54|89|2622|1562|1025|840|1597|1316|1559|753|1559|753|0|218|10905|2990|10106|2925|799|534|673|436|673|436|0|218|321|318|101|141|220|249|591|464|591|464|0|218|2242|1193|1980|1042|262|294|4151|1725|3249|1262|902|713|1818|1038|1818|1038|0|218|2052|1236|1848|1226|204|190|1311|818|1065|807|246|254|35244|4727|24067|3458|11177|2681|5398|2018|3988|1517|1410|740|6779|2204|4519|1605|2260|1091|87|154|87|154|0|218|10556|2840|5704|2289|4852|1597|714|585|632|555|82|98|2538|1515|1159|831|1379|947|1061|590|608|440|453|384|5164|1456|3978|1302|1186|460|3794|1792|1792|974|2002|1336|1329|839|1161|779|168|202|140|223|140|223|0|218|7006|3487|5092|2587|1914|1448|1620|1094|1343|916|277|455|761|497|611|496|150|14|0|218|0|218|0|218|215|235|0|218|215|235|561|528|280|280|281|458
5001900US5308|746840|13763|583173|15188|52460|7107|34353|5549|18107|3333|2423|1441|1572|660|851|1310|0|218|0|218|0|218|454|319|454|319|0|218|2532|2071|1988|1702|544|539|1935|698|1744|652|191|208|311|255|311|255|0|218|496|585|496|585|0|218|7565|2540|5079|1870|2486|1195|362|337|362|337|0|218|278|343|0|218|278|343|9023|4938|4748|3093|4275|2584|0|218|0|218|0|218|657|609|288|270|369|422|1684|1324|1492|1238|192|220|7883|2022|7367|1983|516|330|1826|1341|1740|1250|86|143|2075|1504|971|679|1104|1106|1352|1122|637|610|715|794|1381|799|968|635|413|418|7047|3826|4967|2839|2080|1133|3447|1540|2990|1503|457|379|4708|2144|4124|2121|584|411|2285|1608|2285|1608|0|218|16812|2781|8879|1662|7933|1882|2633|989|1738|749|895|536|5255|1849|2803|1236|2452|902|60|101|60|101|0|218|6551|2955|3474|1832|3077|1720|843|844|278|398|565|508|2341|2072|1473|1421|868|749|2017|1416|699|582|1318|1254|5960|2408|3909|1755|2051|1543|2363|907|1862|788|501|293|1814|1012|1273|918|541|416|432|614|363|502|69|115|335|571|166|284|169|291|586|945|586|945|0|218|1121|807|937|794|184|215|0|218|0|218|0|218|44|72|44|72|0|218|2316|1149|2212|1100|104|125
5001900US5309|734759|12039|427361|15419|72859|9120|34814|5811|38045|6455|4728|2284|2795|1482|1933|1252|244|415|91|155|153|264|1908|2104|1908|2104|0|218|1756|1384|1199|828|557|597|1825|671|1546|557|279|367|1758|1221|1566|1164|192|311|386|165|368|166|18|8|6557|2102|3065|1100|3492|1789|300|281|246|269|54|89|1314|1109|939|974|375|449|11546|3812|3639|1178|7907|3021|371|463|302|355|69|113|8146|4106|3830|2103|4316|2826|331|327|331|327|0|218|3795|1530|3114|1342|681|657|2083|2326|1531|1733|552|611|6710|2779|2908|1328|3802|1894|1137|1074|458|596|679|881|2128|1266|1486|850|642|569|2526|1329|2093|1173|433|406|2049|1729|1946|1636|103|172|2980|1974|2790|1873|190|318|3315|2335|2215|1421|1100|1001|44216|4856|21804|3234|22412|3033|4546|1508|3609|1406|937|484|14971|3718|6224|2113|8747|2995|269|271|173|206|96|124|23933|3754|7965|1711|15968|2957|2817|1312|1251|950|1566|933|3657|1601|1609|840|2048|989|4493|2073|2999|1384|1494|1080|16347|3024|9852|2116|6495|1687|9511|3085|5097|1753|4414|1746|9317|4846|6328|3636|2989|1616|542|554|466|603|76|126|21554|4968|11599|3468|9955|2785|2966|2357|1355|1007|1611|1838|6017|2273|4057|1799|1960|1020|47|79|0|218|47|79|125|209|125|209|0|218|1318|1089|1072|1059|246|273
9600000US0611820|522156|15041|180986|10891|127918|10420|71791|6637|56127|7193|310|216|188|157|122|148|42|70|42|70|0|225|142|191|91|112|51|84|2758|967|1569|658|1189|554|508|365|508|365|0|225|345|329|264|301|81|136|207|266|207|266|0|225|1020|623|785|486|235|236|803|1000|712|968|91|150|174|207|90|151|84|139|360|381|131|126|229|291|0|225|0|225|0|225|2704|1198|1870|1043|834|466|1385|791|654|417|731|546|11980|3547|10189|3175|1791|1009|1789|1268|1496|1101|293|360|6147|2126|4032|1493|2115|968|1584|847|1123|743|461|290|2105|1123|2048|1108|57|99|1556|2017|580|584|976|1490|3259|1604|2845|1408|414|391|4685|1792|3974|1501|711|467|1828|959|1535|893|293|247|37337|4186|18069|2808|19268|3021|1257|732|668|479|589|465|2392|1699|898|509|1494|1271|238|232|182|186|56|65|87434|9001|31502|4680|55932|5255|1951|890|1086|649|865|439|1121|872|582|415|539|508|1172|1048|472|407|700|665|24657|4664|16053|3769|8604|2054|5542|2333|4217|2010|1325|679|622|552|538|445|84|137|0|225|0|225|0|225|2964|1615|1666|1037|1298|751|215|222|182|230|33|54|0|225|0|225|0|225|0|225|0|225|0|225|272|450|272|450|0|225|387|366|344|360|43|73
9600000US0634980|231194|3894|124178|7072|31901|5137|18815|3701|13086|3098|1160|808|1029|791|131|211|126|222|126|222|0|225|495|277|495|277|0|225|2260|1112|1593|796|667|447|725|403|629|366|96|163|429|343|429|343|0|225|318|272|318|272|0|225|3815|1443|2975|1328|840|547|544|693|544|693|0|225|264|225|264|225|0|225|268|276|268|276|0|225|98|132|31|54|67|80|1314|738|931|709|383|262|678|532|541|366|137|236|4419|1644|3797|1464|622|449|367|346|367|346|0|225|146|242|146|242|0|225|384|347|384|347|0|225|765|500|666|472|99|160|1547|900|1332|755|215|219|524|458|405|341|119|138|2524|1551|2287|1428|237|234|426|291|374|278|52|87|29344|4027|16924|2777|12420|2491|3625|1378|2267|836|1358|818|1514|709|1132|594|382|289|0|225|0|225|0|225|916|622|460|407|456|481|81|136|81|136|0|225|484|462|245|235|239|237|1460|897|1108|764|352|292|8877|2933|6719|2009|2158|1693|1567|1016|1099|761|468|445|1826|1297|1258|1156|568|495|795|692|572|565|223|305|142|190|84|101|58|107|652|815|652|815|0|225|0|225|0|225|0|225|0|225|0|225|0|225|0|225|0|225|0|225|236|144|236|144|0|225
9700000US0622710|4388951|19094|1833111|23093|1848154|24792|966816|20089|881338|19747|25126|4674|21647|4244|3479|1421|3828|2736|3449|2668|379|619|7490|1830|6285|1690|1205|533|5941|1672|4430|1320|1511|736|11749|2316|11246|2340|503|204|2217|740|2052|695|165|213|2166|874|1527|616|639|628|40838|6568|22882|4659|17956|3673|4510|1725|3834|1496|676|592|4168|1353|3170|1122|998|712|6726|2027|4160|1487|2566|1085|90033|10181|49772|7281|40261|5696|53064|7700|33879|5263|19185|4058|2200|925|1960|837|240|196|15770|3451|13293|3173|2477|1202|5307|2791|3253|1716|2054|1243|3817|1730|2710|1509|1107|552|7309|2249|3381|1052|3928|1535|3656|1461|2585|1350|1071|455|8135|1985|7216|1837|919|503|3122|1240|3056|1218|66|107|1843|961|1019|534|824|528|1817|1244|1507|954|310|343|72668|5790|41061|3953|31607|4089|21357|3483|14308|2482|7049|1418|87443|7526|33040|4437|54403|5446|564|882|564|882|0|225|17232|3221|8435|1880|8797|2106|2837|1234|1374|553|1463|814|11087|2533|4462|1428|6625|1862|3366|1500|1885|986|1481|827|101075|8618|70792|7547|30283|3774|11021|2627|6968|2027|4053|1258|23571|4683|14925|2939|8646|3320|18746|3772|16048|3436|2698|1427|6916|3176|4407|2069|2509|1780|6390|2229|5093|1866|1297|760|2745|1514|2693|1506|52|89|116|191|116|191|0|225|223|221|168|148|55|93|9497|2616|4595|1728|4902|2157
9700000US0634320|1033433|13743|634487|13362|225705|12200|148220|8674|77485|6546|6210|1778|5951|1732|259|251|650|694|0|225|650|694|2937|1439|2720|1388|217|221|5626|1915|4059|1547|1567|1116|2998|1404|2611|1258|387|367|850|470|570|355|280|311|596|395|596|395|0|225|5880|2005|3978|1711|1902|1191|800|378|608|328|192|165|437|334|437|334|0|225|2491|1316|1728|1149|763|481|534|343|398|303|136|183|8663|3075|5919|2450|2744|1186|756|679|598|606|158|259|5418|2024|3855|1463|1563|1330|650|361|625|361|25|3|2129|3113|364|514|1765|2607|830|468|783|449|47|76|1276|687|706|410|570|597|2353|1164|1957|1067|396|333|1062|573|809|521|253|262|1811|1182|1718|1163|93|111|1828|1489|1730|1482|98|163|26367|4736|14975|3280|11392|2964|5918|2192|3522|1497|2396|1040|3295|1285|2216|1082|1079|675|166|158|166|158|0|225|19331|3993|8531|2126|10800|2468|3027|1496|1338|899|1689|950|3493|1337|1345|554|2148|1000|2182|1645|965|751|1217|1229|33953|6099|22718|4054|11235|2753|4022|1774|3126|1580|896|568|7352|3595|3121|1552|4231|2832|1206|579|1003|427|203|273|2918|1614|2133|1287|785|622|1945|1713|1889|1701|56|95|532|474|532|474|0|225|44|66|0|225|44|66|30|66|30|66|0|225|675|391|584|364|91|118
9700000US0634410|795144|200|446434|10739|89338|5199|56332|4865|33006|4401|9968|2661|8951|2307|1017|665|264|670|133|219|131|632|3861|1202|3353|1015|508|386|1395|688|1238|663|157|209|5118|1527|4974|1508|144|152|893|735|893|735|0|225|798|532|798|532|0|225|7754|1824|4965|1574|2789|1001|536|543|285|375|251|380|725|503|657|490|68|79|1661|661|960|426|701|395|178|245|143|238|35|58|2761|1251|2025|831|736|658|1500|779|1443|757|57|99|8731|2782|7352|2552|1379|850|503|437|442|381|61|105|209|276|57|99|152|254|704|523|704|523|0|225|3115|1526|1531|799|1584|1302|3290|1458|2854|1295|436|487|1035|588|1035|588|0|225|1215|621|1007|563|208|181|714|469|714|469|0|225|131407|8052|57050|5353|74357|5754|6842|2842|4200|1792|2642|1421|8185|2657|6016|2355|2169|883|0|225|0|225|0|225|14043|4324|5360|2052|8683|3154|265|427|0|225|265|427|1479|962|794|574|685|652|2749|1210|2140|856|609|587|24788|4331|14885|2684|9903|2588|3386|1915|2923|1729|463|395|3528|1742|2689|1152|839|967|1397|1081|1397|1081|0|225|1856|910|1792|897|64|111|287|272|287|272|0|225|1027|1020|884|818|143|251|39|62|39|62|0|225|168|217|168|217|0|225|998|479|766|482|232|356
9700000US1100030|662752|79|521800|8710|61754|4580|37228|3992|24526|4130|11931|2616|9860|2366|2071|1166|1260|1049|523|636|737|917|1831|980|1770|973|61|102|1431|875|1330|856|101|172|3303|1266|2950|1196|353|416|532|414|532|414|0|247|1115|894|1041|894|74|15|2673|1057|2042|818|631|618|445|345|361|244|84|137|711|693|711|693|0|247|1036|620|815|507|221|214|106|135|29|46|77|127|2051|926|1859|883|192|188|878|776|878|776|0|247|1772|845|1368|600|404|443|403|478|325|358|78|134|318|312|171|215|147|235|273|234|273|234|0|247|972|807|972|807|0|247|1732|1105|1175|845|557|595|0|247|0|247|0|247|891|767|722|750|169|146|196|247|196|247|0|247|7561|1543|5543|1335|2018|860|1334|555|902|482|432|328|2003|730|1496|651|507|284|53|81|53|81|0|247|2868|2099|388|302|2480|2131|0|247|0|247|0|247|609|562|292|265|317|338|1832|1241|1746|1232|86|102|1567|769|1060|618|507|598|638|388|638|388|0|247|2612|919|2293|835|319|331|1327|620|1252|628|75|80|14706|6013|8716|3854|5990|2738|4037|2150|2838|1371|1199|1128|1584|858|1403|845|181|224|31|50|31|50|0|247|0|247|0|247|0|247|576|369|427|248|149|275
9700000US1200180|1929058|226|1045036|16527|568414|9615|331189|13332|237225|13331|24446|4842|16611|4017|7835|2307|124013|11905|75571|9084|48442|6537|8756|2378|7286|2186|1470|697|42523|6087|23325|4540|19198|3934|4393|1361|3478|1051|915|827|1740|1413|1470|1139|270|370|1697|919|1584|925|113|143|16254|3866|7696|1907|8558|3321|4514|2152|2981|1645|1533|1218|622|419|511|407|111|108|5507|2362|2587|1401|2920|1724|389|414|389|414|0|247|468|632|468|632|0|247|1509|1116|1141|821|368|409|7434|3267|6359|2993|1075|743|4405|2169|2597|1442|1808|1089|260|303|205|232|55|97|3597|2412|2164|1419|1433|1388|976|1048|976|1048|0|247|6801|2427|4857|1791|1944|1124|718|594|639|509|79|131|1393|921|1182|804|211|257|3169|1611|2498|1518|671|399|10762|3256|5416|1950|5346|2056|590|372|536|334|54|96|845|518|645|454|200|229|0|247|0|247|0|247|5379|2216|1729|869|3650|1813|0|247|0|247|0|247|377|354|71|118|306|334|1615|1000|1523|998|92|150|5088|1748|3928|1386|1160|809|339|271|286|231|53|92|7275|3348|5665|3403|1610|1034|7214|2491|6265|2355|949|910|392|410|392|410|0|247|1874|2336|1091|1123|783|1267|0|247|0|247|0|247|0|247|0|247|0|247|435|411|416|412|19|21|7839|2282|5379|1667|2460|1339
9700000US1200390|2686930|122|653847|16586|1799905|10631|901089|17775|898816|16494|18134|3483|14217|2886|3917|1446|99855|10072|56278|8761|43577|5883|5151|1903|3999|1868|1152|735|25040|4321|19101|3881|5939|1440|4246|1553|3672|1425|574|492|1670|794|1599|785|71|119|2049|1434|1951|1356|98|172|15690|3829|10493|2630|5197|1919|1148|595|1016|592|132|160|1192|761|1053|664|139|163|4218|2261|2325|1396|1893|1260|82|136|82|136|0|247|1718|894|1085|584|633|544|979|696|883|607|96|155|2616|1335|2358|1330|258|260|1436|840|1258|798|178|228|301|379|301|379|0|247|1865|1380|795|870|1070|956|123|179|123|179|0|247|1580|742|1368|709|212|214|623|455|567|452|56|87|1525|1018|1308|881|217|299|560|484|560|484|0|247|8345|2227|5097|1555|3248|1135|347|274|214|180|133|163|1911|1059|1379|965|532|469|523|856|124|195|399|667|2943|1684|1382|1043|1561|1029|111|188|55|96|56|95|129|220|0|247|129|220|3538|1823|2560|1359|978|948|4054|1564|2927|1269|1127|748|660|516|173|204|487|414|5694|3109|5000|2583|694|633|6816|2281|5847|1970|969|766|365|371|256|313|109|180|2404|1749|2062|1509|342|389|145|248|0|247|145|248|0|247|0|247|0|247|0|247|0|247|0|247|3392|1657|2993|1582|399|325
9700000US1200870|1494485|242|1021638|16317|357739|9882|191664|10569|166075|9280|4967|2322|3978|1924|989|764|10334|4572|6033|2788|4301|2685|3300|2073|2138|1175|1162|1054|3255|1473|1901|902|1354|991|3954|1293|3910|1310|44|75|836|510|836|510|0|247|410|357|410|357|0|247|2633|1005|1988|789|645|558|1726|1021|836|546|890|757|523|297|444|302|79|132|3183|1790|2098|1418|1085|1144|0|247|0|247|0|247|530|412|398|395|132|122|3723|1860|2667|1375|1056|744|3969|1618|2792|1269|1177|1028|2840|1977|2684|1881|156|185|262|329|262|329|0|247|2386|1787|2049|1689|337|305|687|533|583|509|104|171|2118|1579|1424|995|694|1116|6381|2816|4952|2470|1429|798|3356|1914|2855|1743|501|567|3649|1610|2544|1393|1105|852|8320|2671|3356|1258|4964|2108|1182|864|694|528|488|679|1314|621|753|441|561|394|638|860|638|860|0|247|8042|3269|3262|1572|4780|2108|0|247|0|247|0|247|2127|1243|827|546|1300|1066|2453|1902|1669|1131|784|986|4942|2351|3260|1133|1682|1679|630|540|518|517|112|134|13968|7078|6578|2259|7390|5481|341|578|341|578|0|247|496|398|400|370|96|150|1991|1674|1653|1572|338|452|964|742|814|640|150|260|0|247|0|247|0|247|0|247|0|247|0|247|2678|1562|2268|1286|410|500
9700000US1201440|1448665|505|865678|16648|392580|8842|224698|9164|167882|10190|5663|1875|4620|1727|1043|774|50092|9417|28820|7110|21272|5901|2339|1215|2071|1087|268|260|41397|9729|24715|6666|16682|4456|4972|2000|4671|1990|301|266|382|333|382|333|0|247|141|189|141|189|0|247|5078|2420|3034|1683|2044|1117|500|401|500|401|0|247|547|608|344|361|203|329|1966|1760|786|963|1180|1065|432|551|432|551|0|247|816|740|552|441|264|350|2141|1463|1723|1361|418|381|1997|1362|1248|738|749|753|2706|1532|2353|1397|353|338|805|822|805|822|0|247|780|751|642|597|138|193|911|880|827|872|84|145|1928|1346|1297|1090|631|757|2245|1438|1766|1091|479|466|1557|1198|1557|1198|0|247|1312|1267|577|368|735|1187|10348|3100|6161|2033|4187|1912|1527|1611|1144|1335|383|374|1803|799|713|420|1090|634|0|247|0|247|0|247|8813|3091|3349|1064|5464|2871|404|488|0|247|404|488|1129|1135|390|476|739|941|1486|763|525|353|961|627|10128|2791|6905|1946|3223|1843|1056|537|959|570|97|159|15370|4747|12104|3857|3266|1612|486|516|486|516|0|247|900|813|363|435|537|630|836|696|836|696|0|247|2187|2433|2187|2433|0|247|0|247|0|247|0|247|0|247|0|247|0|247|3227|1813|2457|1732|770|524
9700000US1201500|1504063|110|969793|17798|317920|6357|153015|6702|164905|7556|13732|3713|9530|2485|4202|1989|86275|9489|37106|6027|49169|7838|6561|2303|5585|2219|976|567|23351|6507|16941|5455|6410|2996|4432|1632|3811|1626|621|340|1963|740|1755|741|208|161|2950|1878|2417|1822|533|466|7959|2577|4556|1608|3403|1298|3054|1277|2646|1140|408|404|542|555|440|513|102|133|2946|1088|2184|815|762|620|558|511|365|314|193|270|2024|1309|1267|937|757|880|1914|1219|1443|1018|471|389|1934|917|1516|730|418|524|1268|985|1230|977|38|63|141|176|141|176|0|247|3859|2115|2488|1598|1371|1072|1099|1198|772|795|327|453|4167|2327|3008|1787|1159|1070|1010|781|761|524|249|368|507|495|293|317|214|306|382|602|297|468|85|139|6869|3284|3606|1744|3263|1745|422|295|254|202|168|209|715|611|253|284|462|402|0|247|0|247|0|247|4146|1775|1493|894|2653|1310|248|284|144|215|104|179|842|637|580|456|262|343|5188|3210|2042|1296|3146|2128|3685|1465|3050|1339|635|420|49|83|49|83|0|247|6813|2187|5370|1762|1443|903|3810|1544|3489|1497|321|248|757|614|306|379|451|448|1798|2741|858|1265|940|1486|2563|2879|170|185|2393|2872|0|247|0|247|0|247|95|117|95|117|0|247|5722|1760|4510|1604|1212|581
9700000US1301290|685643|1589|536353|7241|82728|4383|48169|4062|34559|4477|3411|1904|2928|1754|483|390|4637|2459|3084|1479|1553|1925|93|115|93|115|0|232|6214|2868|3587|1646|2627|1917|1019|463|694|389|325|317|1536|1215|1425|1192|111|184|270|264|77|124|193|206|1233|706|615|295|618|490|290|413|140|173|150|252|517|464|517|464|0|232|1078|638|890|554|188|265|154|252|154|252|0|232|2784|1577|1441|889|1343|898|1699|875|1383|864|316|282|3450|1360|2477|1051|973|825|2264|1883|2148|1874|116|142|0|232|0|232|0|232|1208|853|804|694|404|458|1615|1073|936|659|679|628|2364|1873|1993|1492|371|606|3325|2331|3199|2306|126|153|2829|1377|2659|1343|170|170|697|587|636|568|61|103|5342|1677|2487|1078|2855|1261|741|610|471|484|270|278|1375|881|666|424|709|728|0|232|0|232|0|232|3655|1615|1430|935|2225|1315|42|67|42|67|0|232|670|661|356|346|314|360|250|264|181|243|69|84|2646|965|1816|776|830|507|40|67|40|67|0|232|1629|1560|1414|1323|215|265|437|395|437|395|0|232|650|594|650|594|0|232|3580|1759|3028|1552|552|432|1652|981|1029|720|623|512|0|232|0|232|0|232|117|197|117|197|0|232|1049|744|1003|738|46|79
9700000US1301740|660939|1348|516301|8263|60152|4553|30536|4261|29616|3492|6733|2979|4558|1977|2175|1567|2766|2462|1963|2056|803|719|214|191|130|156|84|136|1084|731|992|697|92|154|1176|687|1176|687|0|232|225|257|225|257|0|232|869|844|824|836|45|76|430|379|155|182|275|319|144|244|74|123|70|121|287|291|287|291|0|232|227|379|0|232|227|379|0|232|0|232|0|232|1497|1121|946|667|551|511|3534|2285|2267|1773|1267|1002|1979|1360|1810|1323|169|184|1229|779|731|642|498|392|33|54|33|54|0|232|3744|1683|2434|1177|1310|903|3469|2701|1781|1370|1688|1622|1222|770|894|652|328|388|1052|927|995|912|57|95|550|476|550|476|0|232|483|427|483|427|0|232|5496|1998|3833|1486|1663|964|1384|1141|1367|1136|17|28|3014|1342|1957|960|1057|760|0|232|0|232|0|232|4444|2675|1329|1123|3115|2179|891|872|464|445|427|465|0|232|0|232|0|232|3624|1684|1770|976|1854|991|860|668|628|521|232|298|84|101|41|64|43|79|1641|839|1476|790|165|221|1467|1248|1467|1248|0|232|14351|4224|8069|2810|6282|2500|4003|1934|3803|1908|200|198|8641|4665|1505|1209|7136|4115|0|232|0|232|0|232|35|72|35|72|0|232|1604|955|1510|981|94|165
9700000US1302550|933360|3308|553812|11871|198680|6134|103369|6116|95311|6477|6921|3936|5925|3547|996|1041|4791|1923|3394|1523|1397|896|422|298|200|149|222|267|3330|1488|2747|1336|583|403|1615|647|1456|649|159|171|208|257|208|257|0|232|0|232|0|232|0|232|2258|1184|1307|842|951|621|615|412|380|272|235|243|3667|1386|2479|1001|1188|724|2248|1313|2108|1298|140|129|0|232|0|232|0|232|3706|2376|2866|1832|840|682|11447|3768|8389|3071|3058|1381|7036|2623|5321|2137|1715|811|4283|1866|2842|1414|1441|926|490|660|299|494|191|226|3208|1188|1631|674|1577|707|2934|1729|1399|998|1535|1280|2610|1164|1751|892|859|627|1005|810|784|604|221|263|1411|1404|821|1012|590|988|2321|1485|1914|1240|407|323|16008|3564|7356|2443|8652|2552|1446|951|821|694|625|441|26158|5617|11866|3201|14292|3208|95|115|64|106|31|49|24566|4501|9537|2093|15029|3174|2066|1408|992|936|1074|612|1377|828|793|509|584|436|3458|2181|2121|1558|1337|836|1897|870|1400|731|497|341|1093|671|608|376|485|402|4852|2621|3405|2084|1447|882|1060|1160|884|928|176|286|11812|5247|9553|4893|2259|1151|12262|3436|11200|3251|1062|803|3135|2249|2562|1964|573|582|0|232|0|232|0|232|21|37|21|37|0|232|3036|1880|2638|1578|398|399
9700000US1709930|2587654|6186|1671020|20808|617723|16505|341236|14103|276487|15347|12570|3311|9028|2775|3542|1868|1450|862|1155|761|295|321|6312|1657|4427|1284|1885|1064|4333|2124|2903|1081|1430|1403|4044|1466|3989|1459|55|77|1331|829|1331|829|0|208|4689|1793|3710|1680|979|538|10762|3293|7948|2383|2814|1608|30769|4889|16800|3692|13969|2818|6180|1882|3786|1332|2394|794|15046|4711|6783|2477|8263|3013|982|1233|648|723|334|549|2981|1670|2717|1679|264|206|7399|3031|5749|2795|1650|973|8791|2552|6922|2081|1869|1190|12397|3993|7655|2502|4742|2531|1161|1043|854|800|307|292|2444|2109|939|704|1505|1466|3377|2031|2407|1576|970|955|9068|2447|6832|1751|2236|1623|2734|1358|2692|1347|42|71|2493|2065|2061|1939|432|676|813|752|470|445|343|582|62147|8412|27190|3940|34957|7136|2514|1681|2042|1620|472|354|7251|2163|5658|1994|1593|823|0|208|0|208|0|208|7341|2443|2907|1354|4434|1707|38|98|38|98|0|208|2395|1537|1343|1136|1052|878|6169|2529|2561|1364|3608|1631|17464|3520|13083|3063|4381|1153|2983|3422|380|361|2603|3398|14458|4662|11327|3885|3131|1944|1819|952|1700|945|119|128|7656|2881|4536|1775|3120|1473|10561|3368|7524|2740|3037|1693|1709|1019|1307|938|402|385|66|115|66|115|0|208|53|102|53|102|0|208|2161|1110|972|579|1189|870
9700000US2400120|804828|207|673780|8290|42435|4803|25872|3954|16563|3366|2516|1335|1818|1042|698|474|128|178|128|178|0|228|931|565|766|563|165|162|1154|954|913|923|241|187|2601|2091|2601|2091|0|228|405|321|405|321|0|228|2349|1139|1973|1013|376|352|5142|2134|2752|1452|2390|1244|655|544|298|320|357|335|91|157|0|228|91|157|747|581|418|375|329|458|116|192|116|192|0|228|1867|1303|924|803|943|584|748|745|203|249|545|570|2144|1421|1800|1209|344|421|4580|2606|1980|1138|2600|1986|0|228|0|228|0|228|2866|2694|1484|1315|1382|1433|2732|1660|1481|954|1251|1144|1206|761|848|622|358|321|208|300|208|300|0|228|806|787|702|706|104|117|467|526|253|432|214|250|6591|2439|3461|1647|3130|1188|396|434|27|44|369|433|5265|2024|2842|1274|2423|1282|0|228|0|228|0|228|3097|1381|1418|792|1679|894|0|228|0|228|0|228|251|294|220|290|31|53|3772|2657|2315|1735|1457|971|8368|2737|6270|2487|2098|1119|910|753|545|390|365|424|2696|1200|1271|630|1425|661|944|602|944|602|0|228|2910|1368|1451|769|1459|1066|14216|4707|11912|3906|2304|1671|3357|2144|1846|1151|1511|1411|0|228|0|228|0|228|0|228|0|228|0|228|1381|1061|798|498|583|904
9700000US2400480|1022040|74|580385|12450|183774|5045|105018|6763|78756|7147|20991|3993|15756|3150|5235|1762|2972|1435|1814|950|1158|808|2534|1206|1695|954|839|689|9626|3037|6392|2122|3234|1583|3080|1287|2449|1067|631|610|780|389|546|360|234|211|1036|542|784|468|252|187|8346|2688|5126|2080|3220|1297|1223|644|714|476|509|434|351|245|197|191|154|151|2672|1292|2031|1111|641|526|1779|1665|1251|1124|528|589|9046|3070|6018|2475|3028|1777|2267|1267|1973|1106|294|390|9139|2515|8241|2464|898|378|4867|1743|3544|1345|1323|608|2356|1571|2240|1514|116|170|6192|2718|4704|2258|1488|1021|5256|2184|4401|1946|855|589|2951|1272|2421|1171|530|396|3917|2607|3439|2262|478|469|5041|1659|4588|1603|453|354|1183|673|1183|673|0|228|39369|5615|20722|3053|18647|3821|2576|939|1132|507|1444|714|11938|2468|6873|1803|5065|1351|0|228|0|228|0|228|9748|2859|5119|2062|4629|1764|1484|793|638|499|846|530|1307|629|717|479|590|371|3612|1807|2263|1311|1349|877|14848|4873|11292|4138|3556|1554|4091|1845|2596|1455|1495|766|7396|3119|6369|2866|1027|740|4064|1714|3880|1698|184|228|27851|5782|19831|4649|8020|2348|12285|3636|10588|3296|1697|868|5091|2471|4431|2133|660|693|0|228|0|228|0|228|733|640|614|561|119|194|3883|2327|3290|2150|593|509
9700000US2400510|910840|74|618953|11692|188534|5352|80970|7254|107564|7746|17401|5417|13080|4649|4321|1519|4610|3156|3367|2743|1243|1113|736|514|649|496|87|104|1398|910|671|529|727|613|943|842|840|695|103|178|110|192|110|192|0|228|464|561|464|561|0|228|360|347|357|347|3|6|238|238|238|238|0|228|0|228|0|228|0|228|144|229|144|229|0|228|44|73|44|73|0|228|1523|857|653|569|870|590|409|343|341|317|68|118|1429|628|1039|513|390|322|1237|637|1021|544|216|240|220|293|220|293|0|228|2527|1824|1079|786|1448|1168|769|527|556|449|213|254|4634|2596|1675|1395|2959|1782|254|263|254|263|0|228|661|650|522|665|139|177|247|286|36|79|211|278|4309|1509|2203|933|2106|1103|799|716|799|716|0|228|919|551|508|340|411|398|0|228|0|228|0|228|1907|1034|467|335|1440|817|0|228|0|228|0|228|333|298|189|159|144|247|810|581|607|476|203|195|7003|2322|2993|1045|4010|2087|644|579|491|521|153|195|1223|818|547|425|676|661|75|127|75|127|0|228|8561|3643|6105|3339|2456|1009|26126|4964|21273|4445|4853|1699|2270|1229|1927|1014|343|383|0|228|0|228|0|228|0|228|0|228|0|228|8016|3502|4793|2245|3223|2487
9700000US2502790|642811|3188|403002|9311|101881|5513|54354|4699|47527|4432|4883|1509|3850|1224|1033|693|27591|6207|14684|4759|12907|3852|3445|1281|2540|1014|905|774|12869|4354|6737|2236|6132|2678|2926|1135|2800|1122|126|153|486|351|486|351|0|228|1936|1105|1330|792|606|444|4396|1275|2800|1070|1596|702|1717|845|1563|820|154|181|261|323|0|228|261|323|1060|644|636|426|424|498|491|348|307|400|184|303|1826|961|1321|793|505|515|560|326|560|326|0|228|6017|2101|5393|2051|624|541|546|458|546|458|0|228|23|39|23|39|0|228|1782|1289|716|501|1066|1169|2064|1458|1201|761|863|776|2547|1311|1550|996|997|783|876|532|684|466|192|183|636|446|570|441|66|103|248|169|248|169|0|228|28110|3729|11732|2007|16378|3163|814|446|616|382|198|187|2360|1063|1372|600|988|756|34|56|34|56|0|228|8760|3067|2844|1263|5916|2595|165|290|0|228|165|290|320|339|86|117|234|296|1516|847|1259|794|257|299|1040|758|887|623|153|263|541|332|456|304|85|143|3917|1667|2743|1191|1174|798|882|581|792|565|90|130|4262|2178|2266|1572|1996|958|2764|1470|2262|1287|502|433|1486|901|913|767|573|469|0|228|0|228|0|228|139|256|0|228|139|256|1632|1714|1632|1714|0|228
9700000US3200060|2270744|520|1483360|17170|519447|15257|307076|11541|212371|11965|5300|1458|4063|1255|1237|827|189|257|189|257|0|236|3546|1567|2869|1481|677|507|12521|5535|9115|4502|3406|2177|5968|1760|5435|1680|533|345|1038|549|1038|549|0|236|2496|1731|2343|1714|153|243|3828|1733|2374|1162|1454|1166|3555|1564|2171|1095|1384|1125|1718|1011|1145|800|573|430|3270|1644|2204|1199|1066|769|2201|1402|1547|1257|654|446|3615|1352|2661|1202|954|480|578|966|280|465|298|502|3079|1745|3079|1745|0|236|761|906|436|441|325|480|449|493|273|283|176|225|678|832|351|372|327|540|2161|2448|1501|1750|660|733|3028|1379|1758|835|1270|821|2047|1801|1330|1135|717|1020|286|274|186|243|100|125|1396|1470|1226|1358|170|278|38069|5789|15105|2664|22964|5074|5187|1633|3443|1279|1744|713|13226|4016|8376|2766|4850|1817|969|840|521|410|448|510|11464|4040|5284|2143|6180|2584|1382|1171|149|179|1233|1163|6782|2483|3055|1448|3727|1443|1845|1395|636|390|1209|1316|85993|7242|63586|6566|22407|3580|12389|3078|9265|2806|3124|1257|3207|1329|2482|1171|725|542|2834|1340|2834|1340|0|236|10426|3023|7600|2647|2826|1196|2744|1673|2630|1651|114|140|4594|2439|3466|1944|1128|801|247|249|247|249|0|236|175|209|65|105|110|184|2696|1341|2264|1178|432|349
9700000US3620580|8022927|921|4149096|38044|1808138|20771|947810|20988|860328|20606|92607|10067|68555|7851|24052|4786|100964|11398|58846|8156|42118|6330|53229|6834|38693|6470|14536|2822|24126|4020|17833|3377|6293|1842|21574|3636|20827|3702|747|340|125091|13607|63493|9816|61598|8793|38012|5794|25754|4282|12258|2864|172756|10914|67733|5912|105023|8201|52259|7839|29289|5711|22970|4036|12489|2847|9183|2241|3306|1208|38132|6863|18603|4650|19529|4326|2953|1052|1658|661|1295|813|14513|4194|7299|2893|7214|2870|9124|3483|5999|1965|3125|1680|27502|4858|22575|4362|4927|1466|37860|6361|20492|3672|17368|3915|20299|4812|9312|2604|10987|2807|152129|12564|67935|6808|84194|9411|20057|4148|8264|1870|11793|3468|58115|7273|35109|5317|23006|3795|2924|1579|2567|1300|357|416|3049|958|2736|910|313|289|10302|3321|6486|2285|3816|1662|525042|18207|174423|10229|350619|12882|22141|3957|11746|2598|10395|2190|60387|6889|29475|4681|30912|4365|0|220|0|220|0|220|10080|2076|5115|1248|4965|1415|1986|1324|1321|1170|665|525|3428|1027|1619|609|1809|691|41425|6937|18452|4455|22973|4946|50304|6267|36780|4484|13524|3148|8808|2521|4695|1328|4113|1742|85321|12543|46647|7618|38674|7872|42351|7947|32480|6239|9871|3003|10031|3715|6365|2827|3666|2147|80795|10709|58483|8669|22312|4176|8387|3067|5615|2445|2772|1662|230|369|0|220|230|369|318|378|189|257|129|153|24593|3260|16025|2251|8568|1861
9700000US3702970|1129511|305|864486|7949|161951|4357|76383|4459|85568|5081|7036|2611|4075|1392|2961|1823|2665|2207|1323|1160|1342|1141|536|371|486|341|50|84|3602|1661|2032|985|1570|1095|1991|693|1864|671|127|127|768|688|768|688|0|226|1805|1120|1461|877|344|324|5561|1724|3670|1145|1891|1260|1003|585|773|506|230|337|1648|1310|1252|1033|396|345|1367|1152|979|1118|388|405|91|151|91|151|0|226|1176|891|589|537|587|650|4534|2253|3598|1833|936|631|4984|1844|4707|1791|277|223|1268|817|883|639|385|456|434|396|434|396|0|226|429|383|429|383|0|226|2794|1500|1584|981|1210|832|2301|1608|2019|1549|282|235|9144|3329|4861|2129|4283|2134|3241|2138|2858|2042|383|462|955|735|853|608|102|169|6695|1834|3939|1231|2756|1036|1491|802|1000|646|491|433|2274|1188|1262|856|1012|724|1341|1064|609|446|732|865|6481|2561|2371|1041|4110|1786|2071|2239|1768|1891|303|394|1525|1012|448|428|1077|784|4482|2024|2568|1318|1914|1115|2639|1262|2125|1004|514|416|2470|1996|1122|921|1348|1342|4298|2485|2553|1363|1745|1630|53|93|53|93|0|226|3336|1977|1552|1104|1784|1447|2476|1216|1896|1053|580|595|1705|1647|1124|1565|581|610|0|226|0|226|0|226|65|103|0|226|65|103|339|314|290|281|49|83
9700000US3704720|1163300|189|909606|10772|106266|5814|63309|5065|42957|5738|5875|2177|4346|1779|1529|1171|286|379|286|379|0|226|1771|907|1464|784|307|261|4036|2037|3510|1710|526|568|3073|915|2809|886|264|221|689|760|689|760|0|226|651|638|651|638|0|226|3450|1520|2041|964|1409|1037|1109|805|1056|776|53|89|811|854|811|854|0|226|1538|632|1125|470|413|313|0|226|0|226|0|226|2239|1349|1674|889|565|612|6855|2314|5331|1682|1524|831|9525|3039|8537|2663|988|646|2573|1662|1499|937|1074|1096|503|465|435|417|68|110|1993|1123|1716|960|277|323|6645|2900|5238|2123|1407|1170|2189|1083|1875|787|314|463|15162|4550|12734|4016|2428|1388|6645|2935|6206|2880|439|255|5483|3044|5101|2991|382|292|15632|4273|7592|2129|8040|2693|3607|1805|2554|1524|1053|945|5183|1864|3204|1269|1979|917|71|123|0|226|71|123|4743|2177|1786|946|2957|1623|183|226|183|226|0|226|520|445|202|202|318|382|2705|1546|2304|1556|401|271|3912|2724|3225|2689|687|576|397|394|397|394|0|226|11409|3981|7870|2949|3539|1549|83|135|0|226|83|135|5811|3436|3667|2272|2144|1854|4385|3362|3849|3353|536|516|2929|1735|2201|1694|728|674|0|226|0|226|0|226|0|226|0|226|0|226|2757|2678|2757|2678|0|226
9700000US4218990|1482857|4|1113224|17016|163503|8023|98268|6969|65235|6364|9941|3990|4469|1653|5472|3178|14650|6400|7687|4067|6963|3764|4899|1738|3494|1419|1405|644|8510|3751|3895|2302|4615|2643|2708|1144|2507|1127|201|175|811|418|679|391|132|128|1632|1277|1178|1128|454|404|16290|4928|5022|1938|11268|3878|5350|2819|1875|859|3475|2732|523|580|300|442|223|377|2726|1243|568|425|2158|1128|2089|1901|1446|1666|643|756|984|759|733|697|251|291|3739|2266|2965|1935|774|785|2950|1533|2277|1139|673|703|1122|865|743|604|379|500|404|493|404|493|0|192|1526|954|678|462|848|701|1097|968|1097|968|0|192|3792|2319|1840|1459|1952|1561|240|223|187|189|53|90|921|738|844|700|77|123|6773|3054|3326|1944|3447|2138|38444|5964|11213|2209|27231|4637|1086|670|569|515|517|434|4262|1447|2652|1216|1610|907|0|192|0|192|0|192|15479|4016|4094|1492|11385|3561|4919|2445|1417|824|3502|2018|2348|1711|186|345|2162|1651|3179|2058|1090|835|2089|1780|5215|2253|3219|1419|1996|1323|2629|1503|1143|720|1486|1072|13405|7296|8180|3993|5225|3601|2659|1137|2600|1120|59|99|4282|2721|1908|2013|2374|1964|8493|2952|7780|2905|713|529|1509|1194|728|809|781|856|0|192|0|192|0|192|0|192|0|192|0|192|4544|4805|3784|4125|760|826
9700000US4823640|1435135|27506|766479|24946|536892|20199|262516|13829|274376|15039|9781|3375|7734|2673|2047|1941|216|343|216|343|0|242|1573|889|1573|889|0|242|4998|2450|3941|1929|1057|948|2224|808|2073|814|151|150|637|450|637|450|0|242|1292|715|905|681|387|376|4846|2061|3534|1494|1312|958|304|182|304|182|0|242|724|602|724|602|0|242|790|951|790|951|0|242|358|394|358|394|0|242|5941|2086|4318|1571|1623|1045|2119|893|1683|809|436|389|5862|2466|5113|2346|749|509|6156|2377|5217|1918|939|1096|495|639|465|639|30|50|1171|690|1048|638|123|151|2055|1300|1812|1107|243|294|3855|1926|2642|1180|1213|975|4132|1561|3760|1484|372|270|1454|957|1297|881|157|184|2154|1002|1740|851|414|387|21846|3463|10975|2233|10871|2504|2198|1273|1151|708|1047|925|2938|1184|2031|795|907|654|0|242|0|242|0|242|9634|2454|4185|1660|5449|1668|81|135|81|135|0|242|1041|822|539|423|502|532|1761|1036|868|760|893|740|4394|1650|3632|1307|762|632|432|329|304|247|128|151|6277|2213|4747|1747|1530|945|1929|2074|1213|1204|716|955|2192|1210|2059|1190|133|218|8323|2839|7383|2682|940|916|2617|1334|2580|1335|37|8|0|242|0|242|0|242|35|79|35|79|0|242|2929|1400|2177|1139|752|741
9700000US5101260|1097571|55|659499|12177|153045|6141|85890|5200|67155|5732|7040|2277|6445|2211|595|431|628|684|584|668|44|75|1956|837|1654|831|302|248|3912|1376|3046|1194|866|445|4203|1388|3777|1293|426|398|1613|1099|1556|1063|57|96|985|456|727|414|258|235|5341|1834|4446|1630|895|561|498|327|448|315|50|83|672|531|480|378|192|244|3466|1508|2723|1384|743|460|161|208|44|73|117|197|18235|4001|12506|2677|5729|2250|3936|1944|3151|1586|785|529|10449|2593|8903|2312|1546|824|12647|3694|10537|3257|2110|1120|4451|3509|3109|2316|1342|1233|7193|2721|5652|2137|1541|831|7675|2489|4474|1528|3201|1617|4608|1707|3045|1124|1563|998|6011|2082|4859|1917|1152|739|3996|1641|3419|1508|577|470|2175|1154|2021|1075|154|158|30699|4492|19794|3523|10905|2224|1669|550|1316|464|353|215|35901|4855|17393|2849|18508|2912|0|217|0|217|0|217|28384|5105|12676|2944|15708|2955|739|580|255|332|484|351|3293|1507|1962|988|1331|852|9128|3040|5912|1843|3216|1769|9938|2817|7645|1939|2293|1304|1836|791|1162|583|674|436|24230|5612|18840|4560|5390|1765|502|373|346|278|156|256|20462|4487|13235|3376|7227|1823|3515|1596|3088|1490|427|399|916|795|415|426|501|674|0|217|0|217|0|217|0|217|0|217|0|217|1964|1569|1888|1569|76|132
9700000US5102250|417642|98|267110|5917|48073|3601|26958|3788|21115|3580|2327|1029|1204|556|1123|890|203|318|203|318|0|217|788|677|788|677|0|217|1779|896|1372|829|407|406|977|661|977|661|0|217|0|217|0|217|0|217|265|269|200|196|65|110|1081|604|849|564|232|380|97|114|97|114|0|217|72|88|72|88|0|217|648|712|569|632|79|130|90|150|90|150|0|217|4689|1628|2868|1143|1821|770|2306|1577|1507|1176|799|684|12660|4257|11224|3962|1436|782|7142|2638|6035|2460|1107|643|5124|2701|4582|2529|542|458|4850|2631|3004|1505|1846|1522|2353|1121|1812|885|541|442|3680|2280|2998|1824|682|531|11599|2991|10604|2765|995|629|3988|1927|3613|1637|375|413|1216|830|1065|767|151|238|4579|1475|3162|1241|1417|797|609|509|277|270|332|444|5096|1848|2980|1218|2116|1050|0|217|0|217|0|217|7151|2489|3350|1297|3801|1386|0|217|0|217|0|217|1053|752|359|234|694|624|1901|990|1054|684|847|596|1696|795|1158|598|538|426|236|305|147|172|89|150|6367|3048|4696|2451|1671|900|36|62|36|62|0|217|3952|1710|2605|1313|1347|807|936|796|616|627|320|274|411|470|317|396|94|121|0|217|0|217|0|217|238|396|161|267|77|129|264|213|219|198|45|79
9700000US5307710|748759|3700|566716|9300|40532|5980|30419|4652|10113|3204|4126|1501|3759|1464|367|348|0|218|0|218|0|218|1117|624|1117|624|0|218|2556|1399|1802|1181|754|701|3955|1351|3720|1345|235|312|2154|1092|2154|1092|0|218|426|332|276|231|150|241|3356|1270|3162|1222|194|197|757|497|713|491|44|71|1053|820|1053|820|0|218|2653|1554|979|874|1674|1281|222|277|168|194|54|89|2622|1562|1025|840|1597|1316|1559|753|1559|753|0|218|9837|2741|9217|2705|620|516|673|436|673|436|0|218|168|141|101|141|67|3|1245|882|1049|782|196|335|1897|1051|1635|881|262|294|3509|1418|3015|1147|494|471|1812|1044|1812|1044|0|218|2125|1246|1921|1236|204|190|1197|780|951|763|246|254|37799|3962|23145|3078|14654|2935|5102|1891|3835|1485|1267|682|6684|2048|4768|1653|1916|918|87|154|87|154|0|218|10781|2763|4418|1460|6363|2061|124|168|124|168|0|218|2660|1425|1088|788|1572|837|2014|1059|1625|877|389|347|5475|1502|3810|1291|1665|588|4251|1579|2057|977|2194|1105|1246|817|1177|780|69|115|184|234|184|234|0|218|11721|4227|6498|2957|5223|2248|2372|1786|1359|844|1013|1244|1551|800|1152|643|399|326|0|218|0|218|0|218|215|235|0|218|215|235|226|257|226|257|0|218
