GEO_ID|B16001_E001|B16001_M001|B16001_E002|B16001_M002|B16001_E003|B16001_M003|B16001_E004|B16001_M004|B16001_E005|B16001_M005|B16001_E006|B16001_M006|B16001_E007|B16001_M007|B16001_E008|B16001_M008|B16001_E009|B16001_M009|B16001_E010|B16001_M010|B16001_E011|B16001_M011|B16001_E012|B16001_M012|B16001_E013|B16001_M013|B16001_E014|B16001_M014|B16001_E015|B16001_M015|B16001_E016|B16001_M016|B16001_E017|B16001_M017|B16001_E018|B16001_M018|B16001_E019|B16001_M019|B16001_E020|B16001_M020|B16001_E021|B16001_M021|B16001_E022|B16001_M022|B16001_E023|B16001_M023|B16001_E024|B16001_M024|B16001_E025|B16001_M025|B16001_E026|B16001_M026|B16001_E027|B16001_M027|B16001_E028|B16001_M028|B16001_E029|B16001_M029|B16001_E030|B16001_M030|B16001_E031|B16001_M031|B16001_E032|B16001_M032|B16001_E033|B16001_M033|B16001_E034|B16001_M034|B16001_E035|B16001_M035|B16001_E036|B16001_M036|B16001_E037|B16001_M037|B16001_E038|B16001_M038|B16001_E039|B16001_M039|B16001_E040|B16001_M040|B16001_E041|B16001_M041|B16001_E042|B16001_M042|B16001_E043|B16001_M043|B16001_E044|B16001_M044|B16001_E045|B16001_M045|B16001_E046|B16001_M046|B16001_E047|B16001_M047|B16001_E048|B16001_M048|B16001_E049|B16001_M049|B16001_E050|B16001_M050|B16001_E051|B16001_M051|B16001_E052|B16001_M052|B16001_E053|B16001_M053|B16001_E054|B16001_M054|B16001_E055|B16001_M055|B16001_E056|B16001_M056|B16001_E057|B16001_M057|B16001_E058|B16001_M058|B16001_E059|B16001_M059|B16001_E060|B16001_M060|B16001_E061|B16001_M061|B16001_E062|B16001_M062|B16001_E063|B16001_M063|B16001_E064|B16001_M064|B16001_E065|B16001_M065|B16001_E066|B16001_M066|B16001_E067|B16001_M067|B16001_E068|B16001_M068|B16001_E069|B16001_M069|B16001_E070|B16001_M070|B16001_E071|B16001_M071|B16001_E072|B16001_M072|B16001_E073|B16001_M073|B16001_E074|B16001_M074|B16001_E075|B16001_M075|B16001_E076|B16001_M076|B16001_E077|B16001_M077|B16001_E078|B16001_M078|B16001_E079|B16001_M079|B16001_E080|B16001_M080|B16001_E081|B16001_M081|B16001_E082|B16001_M082|B16001_E083|B16001_M083|B16001_E084|B16001_M084|B16001_E085|B16001_M085|B16001_E086|B16001_M086|B16001_E087|B16001_M087|B16001_E088|B16001_M088|B16001_E089|B16001_M089|B16001_E090|B16001_M090|B16001_E091|B16001_M091|B16001_E092|B16001_M092|B16001_E093|B16001_M093|B16001_E094|B16001_M094|B16001_E095|B16001_M095|B16001_E096|B16001_M096|B16001_E097|B16001_M097|B16001_E098|B16001_M098|B16001_E099|B16001_M099|B16001_E100|B16001_M100|B16001_E101|B16001_M101|B16001_E102|B16001_M102|B16001_E103|B16001_M103|B16001_E104|B16001_M104|B16001_E105|B16001_M105|B16001_E106|B16001_M106|B16001_E107|B16001_M107|B16001_E108|B16001_M108|B16001_E109|B16001_M109|B16001_E110|B16001_M110|B16001_E111|B16001_M111|B16001_E112|B16001_M112|B16001_E113|B16001_M113|B16001_E114|B16001_M114|B16001_E115|B16001_M115|B16001_E116|B16001_M116|B16001_E117|B16001_M117|B16001_E118|B16001_M118|B16001_E119|B16001_M119|B16001_E120|B16001_M120|B16001_E121|B16001_M121|B16001_E122|B16001_M122|B16001_E123|B16001_M123|B16001_E124|B16001_M124|B16001_E125|B16001_M125|B16001_E126|B16001_M126|B16001_E127|B16001_M127|B16001_E128|B16001_M128
0100000US|316581199|19409|245472067|221387|43369734|134347|25773177|87884|17596557|112150|1194555|25224|942772|20484|251783|10425|973378|28208|567502|21908|405876|15906|505091|13630|381272|11655|123819|7101|1091374|34440|695857|25295|395517|17896|858682|21149|734916|19074|123766|6334|614083|25603|417931|19446|196152|12987|252189|11812|199440|10058|52749|4730|998179|31793|561783|20016|436396|18705|498559|16828|320892|11593|177667|9917|249218|16899|170035|12213|79183|7379|484892|22034|276745|13740|208147|13255|244896|14002|143169|9675|101727|8673|563439|21326|353625|15133|209814|11039|472859|18273|318916|13003|153943|9461|947550|27073|790419|23848|157131|9621|564026|21674|408965|15591|155061|10493|337272|19814|216275|13535|120997|9445|453191|19760|266927|12714|186264|11658|475713|18647|319990|14567|155723|11845|632623|21540|444848|18840|187775|9882|515430|20132|422954|16991|92476|7079|356924|15835|300678|13344|56246|5143|314138|17077|247603|13985|66535|6497|3531221|44601|1711344|27467|1819877|29781|459258|17096|284154|13395|175104|8263|1079420|29077|522258|16515|557162|19052|228345|11005|131723|8999|96622|7225|1570595|28033|671305|18176|899290|19512|194537|11277|92461|6950|102076|7132|293831|16102|145409|9417|148422|10487|499141|22827|262107|14118|237034|13379|1803005|31656|1258982|26111|544023|13640|500493|19660|327492|15464|173001|10300|1423225|44113|939543|31509|483682|20587|235840|15433|205976|14753|29864|3713|611987|27502|375143|17575|236844|15070|721820|28614|582107|26149|139713|10285|359561|19191|246987|15046|112574|10554|139056|5775|100971|5061|38085|2879|162049|8300|138402|8229|23647|2944|327753|17135|229281|13261|98472|7850
0100091US|2490111|8160|2265561|10671|154132|5102|94692|4244|59440|3118|2531|505|2368|512|163|171|922|629|533|447|389|412|620|372|366|240|254|213|1493|656|1106|477|387|393|6064|1408|5339|1337|725|348|1180|744|1115|737|65|88|275|220|275|220|0|165|2736|970|2240|909|496|336|143|137|143|137|0|165|229|223|211|203|18|31|849|613|465|362|384|290|0|165|0|165|0|165|595|383|429|318|166|140|75|84|75|84|0|165|635|491|487|397|148|176|1022|557|716|442|306|355|51|91|51|91|0|165|729|492|421|248|308|346|616|336|325|206|291|256|1405|628|810|437|595|511|378|463|303|365|75|119|108|119|0|165|108|119|906|457|358|222|548|332|3654|823|1572|527|2082|686|1546|554|1124|479|422|292|2051|694|1014|435|1037|434|7108|1521|5200|1348|1908|753|4417|1170|1496|525|2921|865|153|145|0|165|153|145|1155|502|586|324|569|300|6194|1688|3185|958|3009|1074|2919|928|2246|804|673|352|1743|506|1012|370|731|297|3440|1176|2601|916|839|494|199|175|138|147|61|101|1|1|1|1|0|165|1732|858|1181|601|551|355|524|293|524|293|0|165|447|213|336|186|111|129|8943|1283|7805|1208|1138|395|630|357|575|327|55|89
01000A0US|299548112|25564|229679834|215355|42589498|132438|25279493|86899|17310005|110853|1156347|25061|911825|20528|244522|10308|967874|28366|564577|21872|403297|15844|499178|13501|376628|11645|122550|7139|1084622|34092|690673|25069|393949|17894|773246|21511|670092|19054|103154|5738|532134|24354|361566|18958|170568|11607|249273|11814|196769|9989|52504|4709|990655|31928|556458|19978|434197|18786|493538|17019|317611|11703|175927|9934|247240|16804|168768|12095|78472|7364|477151|21486|271535|13496|205616|13119|244670|14007|142965|9666|101705|8671|561798|21283|352274|15028|209524|11064|469654|18369|317292|13081|152362|9497|943691|27050|787173|23777|156518|9567|562331|21802|407522|15666|154809|10480|336643|19804|216046|13555|120597|9439|452065|19866|266392|12737|185673|11711|474208|18604|319356|14565|154852|11781|624340|21441|437708|18895|186632|9915|514150|20139|421925|17013|92225|7096|356188|15803|299942|13294|56246|5143|313779|16991|247262|13904|66517|6487|3521269|44471|1706387|27386|1814882|29772|453795|17087|279822|13413|173973|8169|1073206|29008|518607|16475|554599|19057|225342|11125|130102|8995|95240|7247|1564290|28284|668106|18312|896184|19405|193148|11310|92171|6936|100977|7169|289740|16049|143458|9376|146282|10447|495350|22654|260124|14028|235226|13370|1783360|31059|1246278|26060|537082|13346|489275|19136|320472|15148|168803|10002|1415115|44037|933790|31449|481325|20525|234061|15320|204536|14711|29525|3750|609426|27589|374229|17648|235197|15086|719205|28605|580271|26131|138934|10311|357027|19302|245508|15150|111519|10470|101807|5447|72608|4989|29199|2669|104785|7499|88738|7157|16047|2445|323804|17313|226444|13357|97360|7858
01000C0US|272957573|22909|205647505|208063|40768249|124010|24130729|83295|16637520|106249|1104977|24815|868565|20298|236412|10521|956494|27913|558920|21686|397574|16069|484994|13538|364939|11492|120055|7128|1070115|34541|679539|25233|390576|17950|693591|20859|607635|18671|85956|5163|447359|22284|298806|17465|148553|10843|245428|11476|193493|9662|51935|4720|970561|31707|543219|19762|427342|18755|481825|16647|309451|11562|172374|9780|243833|16870|166609|12157|77224|7413|461199|21597|260847|13548|200352|13193|244343|14012|142686|9689|101657|8669|558153|21379|349585|15052|208568|11014|462681|18742|313636|13035|149045|9848|934176|27120|779834|23908|154342|9517|557032|21888|403654|15820|153378|10490|335452|19666|215040|13420|120412|9418|447678|19972|263706|12702|183972|11736|466478|18131|313802|14233|152676|11596|606130|21556|424829|18571|181301|10127|510209|20198|419125|17048|91084|7187|353334|15763|297291|13251|56043|5109|312005|17031|245891|13897|66114|6517|3479951|44145|1685131|27291|1794820|29897|437010|16618|268639|13094|168371|7974|1057341|29124|509348|16836|547993|18962|217273|10910|125679|8862|91594|7189|1545452|27006|660869|18256|884583|18546|190981|11264|91045|6912|99936|7177|279084|16176|138350|9348|140734|10481|476239|21755|251473|13797|224766|12771|1744608|30485|1221263|25416|523345|13855|450355|18775|292905|15384|157450|9050|1390545|44139|917844|31368|472701|20687|230256|15048|201122|14461|29134|3753|600135|27511|370303|17558|229832|14948|706852|28775|570611|26007|136241|10237|349296|19301|240257|15027|109039|10509|62919|5102|48042|4518|14877|1942|68583|6362|60078|6126|8505|1741|306892|17102|215746|13503|91146|7639
01000C1US|104659901|52735|73394475|131197|18982928|90074|11083414|63225|7899514|65377|526660|18413|413512|15032|113148|8874|362248|20472|204859|14673|157389|12276|181160|9979|139614|9010|41546|4704|375689|18349|229394|12062|146295|12817|268141|13236|235623|11666|32518|2955|198681|16490|120427|12391|78254|9366|101545|8404|79853|7372|21692|3332|497109|24637|250053|14054|247056|15687|149751|10239|96164|7418|53587|5546|96636|9348|64123|6905|32513|4477|172903|11973|98035|8428|74868|7130|190989|11543|107041|8198|83948|7793|268569|14217|164444|9377|104125|8784|147144|11180|105383|7969|41761|5661|429816|21621|364398|19460|65418|6201|209662|13482|149071|10364|60591|5505|136072|12691|87988|9699|48084|4999|274050|16926|148534|11141|125516|9100|212698|16400|138851|10935|73847|10023|253499|14724|172820|11475|80679|7032|215086|13343|174662|10921|40424|5102|146167|10658|122625|8731|23542|4081|121980|10509|95466|8622|26514|4823|1910079|35639|904827|18448|1005252|25484|233354|11399|140652|8753|92702|5992|481665|20680|244034|11259|237631|13396|114256|8515|62164|6107|52092|5906|722952|23940|313583|14670|409369|15371|91566|8847|44245|5460|47321|4917|134840|9678|65657|6398|69183|5707|256671|14996|123961|9892|132710|8237|823203|24706|569018|18913|254185|11021|222126|16450|139803|13114|82323|7421|619634|30597|398988|21354|220646|15132|120554|11121|104529|9809|16025|3285|312190|22986|181451|15099|130739|11656|325319|20389|249958|17334|75361|7822|182335|15243|112408|10440|69927|9723|24870|4593|20189|3807|4681|1548|28143|3917|24699|3766|3444|1066|142486|11282|92623|8456|49863|5952
01000C2US|168297672|57255|132253030|157016|21785321|103168|13047315|74899|8738006|72852|578317|18331|455053|15028|123264|7635|594246|24431|354061|17592|240185|14289|303834|11377|225325|9380|78509|5642|694426|27909|450145|20467|244281|12640|425450|17112|372012|15848|53438|4284|248678|17068|178379|13368|70299|8222|143883|8637|113640|7051|30243|3730|473452|20882|293166|14659|180286|10862|332074|13581|213287|9956|118787|8001|147197|12965|102486|9468|44711|4970|288296|18007|162812|10683|125484|10199|53354|7444|35645|4942|17709|3838|289584|16223|185141|11466|104443|8285|315537|15010|208253|10963|107284|8065|504360|19007|415436|16182|88924|7136|347370|16563|254583|12437|92787|8463|199380|14585|127052|9607|72328|7456|173628|11436|115172|7455|58456|6476|253780|15396|174951|12275|78829|7176|352631|15780|252009|13240|100622|7113|295123|14471|244463|12508|50660|5090|207167|13360|174666|11523|32501|3717|190025|13557|150425|10613|39600|4726|1569872|31627|780304|21057|789568|18333|203656|11594|127987|8727|75669|5433|575676|19585|265314|12238|310362|12147|103017|7547|63515|6173|39502|4572|822500|23832|347286|13894|475214|15532|99415|9614|46800|5630|52615|6264|144244|11266|72693|6865|71551|7374|219568|14443|127512|9198|92056|8486|921405|22232|652245|17688|269160|11255|228229|13053|153102|9479|75127|7099|770911|32658|518856|24059|252055|14589|109702|10216|96593|9958|13109|1922|287945|18558|188852|13469|99093|8460|381533|20407|320653|19319|60880|6075|166961|15494|127849|12749|39112|5888|38049|2892|27853|2829|10196|1274|40440|4588|35379|4270|5061|1298|164406|11902|123123|10349|41283|4311
01000E0US|26590539|17165|24032329|32108|1821249|25155|1148764|21795|672485|17529|51370|4335|43260|3928|8110|1512|11380|2774|5657|1733|5723|1987|14184|2084|11689|1905|2495|872|14507|2562|11134|2180|3373|1006|79655|5846|62457|4856|17198|2195|84775|8949|62760|7291|22015|3053|3845|1115|3276|1033|569|251|20094|4569|13239|2970|6855|2513|11713|2457|8160|1949|3553|1071|3407|1286|2159|1004|1248|666|15952|2817|10688|2035|5264|1578|327|245|279|243|48|15|3645|1541|2689|1043|956|618|6973|1959|3656|1211|3317|1121|9515|1984|7339|1620|2176|907|5299|1336|3868|1075|1431|553|1191|767|1006|739|185|128|4387|1629|2686|1235|1701|809|7730|1894|5554|1559|2176|817|18210|3061|12879|1893|5331|1882|3941|1150|2800|812|1141|508|2854|1252|2651|1225|203|210|1774|665|1371|581|403|234|41318|4171|21256|2767|20062|3225|16785|2724|11183|2129|5602|1536|15865|2293|9259|1899|6606|1327|8069|1568|4423|1251|3646|1147|18838|3902|7237|1840|11601|2677|2167|748|1126|550|1041|566|10656|1985|5108|1242|5548|1325|19111|3171|8651|1781|10460|2290|38752|3504|25015|2750|13737|1961|38920|4840|27567|3902|11353|2560|24570|4787|15946|3160|8624|2430|3805|1483|3414|1461|391|203|9291|2296|3926|1500|5365|1730|12353|3225|9660|2161|2693|1705|7731|1850|5251|1578|2480|1075|38888|2379|24566|2158|14322|1865|36202|3295|28660|3045|7542|1540|16912|3289|10698|2423|6214|1845
01000E1US|8723058|99697|7638742|84450|818882|25305|508623|17738|310259|15242|17758|2604|14289|2262|3469|1280|5404|2133|2220|1165|3184|1777|5433|1313|4542|1232|891|547|6954|1758|5420|1527|1534|707|16829|2130|15087|1982|1742|652|3953|981|3489|922|464|375|1409|612|1270|578|139|124|6832|2853|4234|1401|2598|1946|1967|806|1511|714|456|389|1801|765|1329|703|472|383|4526|1518|2732|1017|1794|959|113|104|73|104|40|2|2655|1433|1942|958|713|592|4023|1495|2061|841|1962|978|5062|1518|4132|1392|930|552|2453|947|1646|688|807|476|589|625|509|624|80|71|2561|1295|1703|995|858|627|4381|1360|3088|1079|1293|676|5128|1502|3499|1029|1629|1020|2768|1174|1805|829|963|486|1676|942|1556|918|120|183|1075|571|775|451|300|214|21367|3495|11543|2347|9824|2698|8273|1844|5160|1342|3113|1217|9600|2068|5563|1804|4037|1046|4554|1388|2757|1049|1797|1137|12465|3449|4904|1705|7561|2217|777|422|400|312|377|236|4938|1567|2743|1082|2195|754|14187|2851|6282|1553|7905|2148|18608|2817|12211|2280|6397|1381|14604|3489|11676|3101|2928|1259|11943|2804|7512|1855|4431|1666|907|389|685|395|222|172|8437|2187|3647|1486|4790|1637|10182|3112|7755|2007|2427|1688|4825|1504|2960|1227|1865|903|4648|1325|4061|1197|587|355|5248|1344|4586|1253|662|392|4521|1130|1916|655|2605|960
01000E2US|17867481|99785|16393587|97172|1002367|23010|640141|18255|362226|12361|33612|3468|28971|3231|4641|1075|5976|1827|3437|1256|2539|1203|8751|1485|7147|1320|1604|613|7553|1824|5714|1391|1839|823|62826|5552|47370|4542|15456|2231|80822|8853|59271|7179|21551|3086|2436|824|2006|762|430|213|13262|3309|9005|2453|4257|1517|9746|2182|6649|1701|3097|1003|1606|1003|830|618|776|503|11426|2557|7956|2054|3470|1220|214|205|206|205|8|15|990|450|747|360|243|262|2950|1246|1595|828|1355|609|4453|1258|3207|781|1246|802|2846|917|2222|827|624|344|602|518|497|467|105|105|1826|963|983|669|843|581|3349|1308|2466|1200|883|410|13082|2786|9380|1770|3702|1503|1173|617|995|571|178|145|1178|827|1095|809|83|93|699|460|596|435|103|102|19951|2660|9713|1745|10238|2209|8512|1804|6023|1552|2489|930|6265|1266|3696|962|2569|737|3515|1156|1666|721|1849|839|6373|1635|2333|770|4040|1240|1390|607|726|441|664|492|5718|1513|2365|937|3353|1167|4924|1451|2369|866|2555|859|20144|2365|12804|1829|7340|1524|24316|3471|15891|2884|8425|2224|12627|3626|8434|2499|4193|1685|2898|1379|2729|1364|169|107|854|529|279|316|575|341|2171|772|1905|747|266|174|2906|1141|2291|1032|615|573|34240|2585|20505|2194|13735|1972|30954|3041|24074|2729|6880|1506|12391|3161|8782|2345|3609|1582
01000G0US|17033087|19239|15792233|26440|780236|15660|493684|11459|286552|10911|38208|2937|30947|2388|7261|1506|5504|2407|2925|1251|2579|1748|5913|1158|4644|1080|1269|440|6752|1437|5184|1328|1568|494|85436|7988|64824|6019|20612|3937|81949|8101|56365|6572|25584|3799|2916|1180|2671|1179|245|240|7524|1624|5325|1208|2199|809|5021|1099|3281|917|1740|669|1978|793|1267|636|711|382|7741|1925|5210|1457|2531|942|226|230|204|212|22|35|1641|588|1351|571|290|136|3205|1498|1624|815|1581|1021|3859|1268|3246|1223|613|274|1695|677|1443|637|252|221|629|383|229|210|400|290|1126|550|535|421|591|323|1505|694|634|391|871|488|8283|1907|7140|1712|1143|505|1280|668|1029|618|251|233|736|408|736|408|0|210|359|292|341|297|18|38|9952|1954|4957|1159|4995|1412|5463|973|4332|898|1131|430|6214|1210|3651|814|2563|840|3003|723|1621|546|1382|393|6305|1440|3199|981|3106|944|1389|544|290|177|1099|489|4091|1247|1951|632|2140|876|3791|1160|1983|661|1808|730|19645|2591|12704|1840|6941|1604|11218|1874|7020|1388|4198|1285|8110|1788|5753|1483|2357|593|1779|741|1440|524|339|399|2561|760|914|442|1647|537|2615|920|1836|713|779|399|2534|952|1479|661|1055|524|37249|2170|28363|2055|8886|1117|57264|4286|49664|4131|7600|1616|3949|919|2837|729|1112|477
01000H0US|43623626|17937|39824562|42263|2601485|31733|1642448|26641|959037|20845|89578|5273|74207|4504|15371|2178|16884|3750|8582|2249|8302|2731|20097|2316|16333|2174|3764|939|21259|2737|16318|2453|4941|1152|165091|8947|127281|7581|37810|4160|166724|12535|119125|9989|47599|5256|6761|1740|5947|1682|814|373|27618|4882|18564|3196|9054|2711|16734|2793|11441|2214|5293|1203|5385|1445|3426|1136|1959|764|23693|3218|15898|2495|7795|1834|553|316|483|303|70|38|5286|1605|4040|1166|1246|626|10178|2527|5280|1523|4898|1534|13374|2346|10585|1889|2789|976|6994|1533|5311|1209|1683|614|1820|837|1235|757|585|299|5513|1560|3221|1256|2292|832|9235|2160|6188|1646|3047|946|26493|3174|20019|2295|6474|1876|5221|1241|3829|960|1392|560|3590|1329|3387|1296|203|210|2133|729|1712|667|421|239|51270|4403|26213|2989|25057|3370|22248|2843|15515|2231|6733|1639|22079|2645|12910|2090|9169|1620|11072|1533|6044|1300|5028|1198|25143|4171|10436|2075|14707|2901|3556|929|1416|578|2140|753|14747|2503|7059|1468|7688|1678|22902|3588|10634|1930|12268|2537|58397|3831|37719|3042|20678|2271|50138|5410|34587|4224|15551|2974|32680|5094|21699|3490|10981|2458|5584|1588|4854|1535|730|431|11852|2269|4840|1548|7012|1803|14968|3195|11496|2167|3472|1709|10265|1956|6730|1682|3535|1172|76137|3299|52929|2973|23208|2085|93466|5825|78324|5631|15142|2301|20861|3520|13535|2626|7326|1877
010C201US|251825428|266083|186201532|222157|39750480|145395|23463310|93052|16287170|113409|1058261|25093|827729|20804|230532|10578|951089|27570|553650|21940|397439|15595|464053|13063|347611|11110|116442|7001|1027091|33164|648529|24237|378562|17690|611845|18007|541122|16408|70723|4049|347924|17933|229515|13774|118409|9740|239512|11796|188484|9800|51028|4788|934773|31143|517787|19486|416986|18395|464431|16791|297650|11396|166781|9894|240565|16407|163233|11981|77332|7325|443453|21076|248220|13037|195233|13192|242212|14118|141125|9809|101087|8641|547876|21041|341632|14862|206244|10962|455561|18289|308546|12878|147015|9360|918129|27470|767387|24235|150742|9539|549320|21321|396932|15195|152388|10479|325920|19715|209059|13656|116861|9134|443754|19395|261128|12209|182626|11784|460968|18451|310634|14283|150334|11685|583695|19692|406054|16829|177641|9823|493543|20448|403756|17478|89787|7283|348837|15829|293473|13416|55364|5123|305669|16975|240022|13877|65647|6561|3434455|43492|1659061|27130|1775394|29295|428539|16109|261890|12897|166649|7722|1036070|28526|499565|16434|536505|18373|206304|10961|118134|8842|88170|7042|1525846|27962|649176|18033|876670|19307|187515|11099|89284|6795|98231|7028|271316|15604|133655|8931|137661|10131|481095|22183|251613|13669|229482|13261|1722553|29868|1201898|24952|520655|13193|459158|19334|299095|15410|160063|10006|1376265|42688|903564|30652|472701|20373|226785|14823|198158|14166|28627|3751|603111|27427|369686|17520|233425|14977|699925|28836|564486|26163|135439|10200|348031|19234|237674|15009|110357|10451|50969|5180|41135|4618|9834|2157|53713|5162|46748|4965|6965|1501|303285|17206|212081|13120|91204|7637
010C243US|64755771|272454|59270535|266573|3619254|55143|2309867|42689|1309387|27918|136294|5797|115043|5654|21251|2284|22289|4076|13852|3151|8437|2349|41038|4536|33661|4048|7377|1497|64283|7729|47328|5706|16955|3251|246837|9678|193794|8823|53043|4301|266159|16583|188416|12326|77743|8275|12677|2122|10956|2035|1721|553|63406|7316|43996|5586|19410|3836|34128|4208|23242|3088|10886|2241|8653|2458|6802|2023|1851|799|41439|5404|28525|4549|12914|2256|2684|1298|2044|888|640|556|15563|3822|11993|3183|3570|1239|17298|4027|10370|2985|6928|1716|29421|5247|23032|4269|6389|1953|14706|3997|12033|3425|2673|1004|11352|2826|7216|2039|4136|1551|9437|2619|5799|1872|3638|1279|14745|3956|9356|2550|5389|2373|48928|6532|38794|5448|10134|2331|21887|5094|19198|4822|2689|1134|8087|2050|7205|1911|882|410|8469|2402|7581|2339|888|452|96766|8003|52283|5457|44483|4430|30719|4156|22264|3134|8455|1905|43350|4632|22693|2858|20657|3006|22041|3547|13589|2823|8452|1862|44749|6153|22129|3801|22620|3477|7022|1612|3177|984|3845|1192|22515|3490|11754|2231|10761|2111|18046|3048|10494|2208|7552|1424|80452|6199|57084|4969|23368|3169|41335|3799|28397|3315|12938|1724|46960|5870|35979|4723|10981|2205|9055|2896|7818|2515|1237|691|8876|2215|5457|1588|3419|1079|21895|5643|17621|4913|4274|1930|11530|2129|9313|1791|2217|859|88087|4393|59836|3632|28251|2249|108336|6428|91654|6163|16682|2631|24468|3352|17200|2327|7268|2056
0200000US1|54040673|4634|40811541|81925|6277813|45113|3442283|41098|2835530|37155|324882|14324|252578|10709|72304|6803|378963|19758|231180|14565|147783|10899|249080|10418|178921|8927|70159|4989|515418|22056|287529|14426|227889|12887|133363|8055|116622|7340|16741|2450|319238|18998|183263|14178|135975|10296|119568|8912|90168|7657|29400|3504|365985|19257|181464|11887|184521|12187|190465|12305|120372|8905|70093|6875|60713|6764|40364|5549|20349|3598|130927|11039|71786|6668|59141|7270|21172|3717|15535|3121|5637|1646|60536|7805|39311|5113|21225|4021|151911|8840|102572|7255|49339|5117|226954|13369|186388|11126|40566|4427|150023|11751|103100|8328|46923|5234|55376|7700|35548|5690|19828|3173|225740|15142|110877|9203|114863|9289|109065|7972|72259|5610|36806|4850|184736|11550|128476|9305|56260|5652|92546|8638|74187|7412|18359|3738|75182|7975|61570|6583|13612|2637|73975|7366|55431|5727|18544|3720|1013207|22466|443350|12205|569857|16057|64092|5523|40944|4110|23148|2980|222434|11603|106452|6854|115982|7914|966|719|475|360|491|400|135030|10724|57359|5510|77671|7150|42340|6314|17715|3520|24625|4235|36744|4989|16584|3232|20160|3203|121522|10634|66973|7410|54549|5657|204799|11026|152472|8954|52327|4574|27568|5131|14775|2999|12793|3677|324987|19391|213075|13814|111912|10158|103245|9828|89968|9341|13277|2601|46613|6960|30646|5229|15967|3434|217256|16240|164390|13680|52866|6532|62123|6771|43010|5383|19113|3439|76|121|76|121|0|210|5825|1335|4936|1144|889|431|106674|10080|72113|7081|34561|5315
0200000US2|65105507|8180|57086674|58027|3903737|37288|2367355|33647|1536382|26924|156019|10989|107001|7080|49018|6760|32970|7466|17137|3853|15833|5325|62750|4901|45447|4641|17303|2600|48579|5445|36478|4792|12101|3099|239437|10453|195930|9742|43507|3711|171518|11780|123646|9622|47872|5552|46360|4237|37169|3637|9191|1995|114864|10019|67184|6530|47680|6269|200927|10830|118313|8462|82614|5941|78834|9201|52010|7174|26824|3718|120558|9241|65886|5911|54672|6164|5908|1462|4332|1130|1576|734|39874|5989|23309|3693|16565|3373|87004|8565|53979|6297|33025|4488|120247|9095|100102|8339|20145|2919|104908|9608|78265|7075|26643|4354|38111|5979|24800|4716|13311|2830|61662|7683|40552|5768|21110|4180|98365|10263|58483|6008|39882|7197|145087|10202|96255|7907|48832|5707|85712|7884|66580|6683|19132|3791|53945|6022|44277|4620|9668|2652|47473|6054|37692|4676|9781|2522|293573|11465|155042|7848|138531|7470|64290|6050|35419|3741|28871|3857|94102|7459|51375|4672|42727|4605|121441|7703|71947|6092|49494|5277|130446|10100|59991|5822|70455|6508|19107|3713|9137|2009|9970|2419|48031|4955|25074|3438|22957|3111|116525|10928|48240|6030|68285|7713|171703|9023|122040|7520|49663|4929|38504|4713|25909|3936|12595|2349|361199|19455|212642|14172|148557|10625|16978|2779|15709|2709|1269|638|201986|13573|115875|10078|86111|8540|130428|12763|102759|11571|27669|3967|79913|9711|49366|6570|30547|5604|934|452|871|455|63|70|27859|2957|23825|2913|4034|1127|36965|4436|25935|3112|11030|2591
0200000US3|122760313|13484|97175173|103190|17837066|71378|10453958|54417|7383108|69539|481396|18297|383946|15427|97450|7927|549658|20886|310513|14993|239145|13881|111164|7316|90178|6073|20986|2841|371086|21464|253140|16460|117946|10337|282587|11625|243533|9893|39054|4533|74030|6900|64829|6302|9201|2146|51605|5037|42427|4301|9178|1733|215567|13151|139211|9803|76356|7158|59908|6656|45232|5449|14676|2458|61163|8573|45175|7004|15988|3160|110173|8948|69513|6242|40660|5417|8546|2212|6732|1970|1814|898|165948|13331|104563|8496|61385|7377|167952|11838|112620|8840|55332|5244|304593|11967|253320|10925|51273|5374|221354|14552|162043|10738|59311|6653|43515|6650|29668|4826|13847|3240|111812|8704|77421|6587|34391|3900|162495|12021|110826|8737|51669|7380|160390|11426|115921|9101|44469|5527|221770|12781|186026|11453|35744|4633|128071|10635|105592|9010|22479|3743|120127|9494|93239|8150|26888|3930|595451|18612|321724|12110|273727|12135|99481|7850|65179|6063|34302|3947|277292|13716|134953|8287|142339|8389|24562|3771|16855|3054|7707|1772|561589|22134|237261|12855|324328|14618|36024|5046|17912|3314|18112|2647|86246|8780|43690|4910|42556|5703|139527|10647|78316|6537|61211|6488|353515|14748|259524|11840|93991|6277|91460|9509|65321|9082|26139|3641|432609|20084|306807|16731|125802|8210|54430|7716|48088|7372|6342|1539|214777|18430|134521|12409|80256|9286|313327|17623|262846|15439|50481|6261|140856|14816|102685|11456|38171|7516|1358|712|1079|653|279|224|24806|2780|21088|2574|3718|1130|115854|9784|86374|8245|29480|3913
0200000US4|74674706|6899|50398679|98908|15351118|76737|9509581|60171|5841537|55725|232258|11364|199247|10115|33011|3543|11787|2974|8672|2063|3115|1757|82097|5641|66726|5046|15371|2823|156291|9857|118710|8782|37581|3954|203295|8764|178831|7727|24464|2846|49297|5769|46193|5500|3104|719|34656|4341|29676|4201|4980|1221|301763|16360|173924|9771|127839|10151|47259|4806|36975|3971|10284|2044|48508|7146|32486|5337|16022|3335|123234|12416|69560|8016|53674|6652|209270|12863|116570|8488|92700|8538|297081|17468|186442|13238|110639|8505|65992|6189|49745|4579|16247|3200|295756|16721|250609|15800|45147|4769|87741|10197|65557|8196|22184|3846|200270|14824|126259|10596|74011|7535|53977|6846|38077|4967|15900|3458|105788|10154|78422|7902|27366|4134|142410|10151|104196|7339|38214|5137|115402|10650|96161|9209|19241|3801|99726|7840|89239|7394|10487|2338|72563|8656|61241|7558|11322|2318|1628990|25058|791228|16966|837762|17277|231395|12301|142612|9158|88783|5770|485592|19879|229478|12275|256114|12747|81376|8314|42446|5450|38930|5771|743530|23650|316694|13922|426836|15240|97066|9838|47697|6121|49369|5575|122810|10686|60061|6067|62749|7565|121567|11088|68578|6838|52989|6506|1072988|25563|724946|22003|348042|10700|342961|15755|221487|11376|121474|8510|304430|19301|207019|14806|97411|8089|61187|7439|52211|6828|8976|2403|148611|12726|94101|9475|54510|4918|60809|7329|52112|6858|8697|1998|76669|9864|51926|6814|24743|6385|136688|5669|98945|5019|37743|2896|103559|6385|88553|6382|15006|2510|68260|8153|44859|6120|23401|4444
02000A0US1|52712729|4624|39551750|81399|6261350|44841|3431547|41163|2829803|37080|309119|14449|239919|10873|69200|6793|378937|19758|231180|14565|147757|10899|247507|10347|177519|8867|69988|4991|514639|22014|287089|14394|227550|12878|127955|7916|112095|7257|15860|2360|308923|18764|176363|14056|132560|10134|118416|8866|89199|7605|29217|3490|365340|19220|181036|11858|184304|12159|188778|12374|119383|8893|69395|6854|60193|6755|40233|5543|19960|3605|129215|10748|70561|6489|58654|7270|21083|3717|15446|3114|5637|1646|60406|7812|39190|5126|21216|4024|151811|8822|102521|7241|49290|5107|226614|13356|186074|11101|40540|4428|149926|11726|103035|8311|46891|5229|55376|7700|35548|5690|19828|3173|225523|15108|110660|9155|114863|9289|108641|7975|72231|5613|36410|4847|182637|11315|126467|9225|56170|5620|92217|8657|73979|7407|18238|3741|75182|7975|61570|6583|13612|2637|73955|7371|55411|5727|18544|3720|1011326|22406|442173|12031|569153|16074|63356|5535|40374|4086|22982|2987|222213|11575|106375|6835|115838|7904|966|719|475|360|491|400|134359|10620|56750|5358|77609|7159|42279|6316|17715|3520|24564|4239|36175|5060|16203|3224|19972|3238|121497|10637|66948|7414|54549|5657|203952|11040|152194|8975|51758|4497|27400|5115|14608|2998|12792|3677|324629|19395|212747|13829|111882|10152|103100|9816|89823|9331|13277|2601|46613|6960|30646|5229|15967|3434|216901|16208|164084|13671|52817|6522|61936|6775|42962|5385|18974|3442|76|121|76|121|0|210|4489|1283|3758|1105|731|396|105969|10063|71656|7078|34313|5290
02000A0US2|59319859|10190|51627417|54357|3747161|35188|2274285|31841|1472876|25652|151092|10896|103173|7059|47919|6739|32363|7512|16644|3894|15719|5333|61019|4832|44135|4559|16884|2602|47350|5394|35483|4713|11867|3129|191136|8961|159123|8291|32013|3260|113309|9918|84536|8266|28773|4258|45562|4227|36375|3553|9187|1995|113583|9942|66548|6465|47035|6205|198547|10844|116791|8507|81756|5934|78415|9197|51731|7145|26684|3715|117879|9184|64506|5853|53373|6135|5771|1416|4217|1096|1554|729|39569|5997|23039|3707|16530|3369|86562|8603|53693|6310|32869|4533|119565|9086|99468|8346|20097|2917|104519|9633|77881|7088|26638|4353|37904|5972|24769|4715|13135|2820|61279|7694|40500|5777|20779|4180|98034|10246|58342|6015|39692|7182|141912|10255|93754|7879|48158|5774|85290|7943|66223|6702|19067|3808|53643|6001|43975|4579|9668|2652|47387|6056|37606|4684|9781|2522|292066|11534|154290|7874|137776|7504|62479|6110|34084|3773|28395|3869|92369|7551|50187|4735|42182|4613|119959|7863|71204|6177|48755|5290|128425|10092|59187|5787|69238|6491|18605|3680|8958|1997|9647|2381|46637|4858|24501|3344|22136|3059|114996|10812|47411|5939|67585|7710|167319|8842|119116|7409|48203|4869|34642|4617|23862|3940|10780|2214|359210|19450|211538|14154|147672|10581|16544|2752|15364|2683|1180|637|200507|13546|115420|10066|85087|8498|129948|12763|102590|11576|27358|3969|79334|9764|49155|6555|30179|5672|577|392|514|383|63|70|14630|2042|12568|1856|2062|574|35344|4435|24983|3152|10361|2539
02000A0US3|114689999|19747|89707477|98964|17356093|70645|10149127|54340|7206966|67787|467081|17784|372418|15027|94663|7933|544854|21161|308092|14966|236762|13678|109461|7247|88910|6136|20551|2811|368169|21161|250943|16244|117226|10324|258104|10704|226104|9479|32000|3361|64788|6434|58197|6267|6591|1612|50772|4942|41652|4173|9120|1738|212428|13455|136905|10007|75523|7172|59138|6668|44639|5454|14499|2440|60365|8481|44477|6927|15888|3160|107890|8990|67738|6336|40152|5350|8546|2212|6732|1970|1814|898|165297|13383|103987|8507|61310|7388|165289|11660|111333|8861|53956|5007|302018|11881|251213|10818|50805|5336|220298|14731|161198|10866|59100|6640|43413|6663|29566|4826|13847|3240|111329|8767|77198|6606|34131|3957|161977|12032|110536|8754|51441|7365|159021|11497|114731|9162|44290|5539|221241|12878|185562|11541|35679|4649|127811|10680|105332|9035|22479|3743|119874|9484|93004|8122|26870|3918|591521|18563|319805|12148|271716|12098|97863|7860|63935|6085|33928|3943|274196|13538|133043|8167|141153|8353|23327|3695|16173|2955|7154|1734|558454|22179|235843|12855|322611|14543|35318|5056|17844|3323|17474|2665|84844|8715|43112|4868|41732|5675|137992|10454|77651|6440|60341|6452|346920|14416|254528|11651|92392|6129|86580|9316|62549|9021|24031|3349|428941|20141|304406|16691|124535|8296|53294|7566|47202|7303|6092|1595|214343|18444|134195|12418|80148|9295|311693|17669|261554|15456|50139|6276|139979|14871|102041|11498|37938|7523|1201|695|1033|650|168|179|15909|2327|13704|2160|2205|803|114890|9686|85504|8159|29386|3918
02000A0US4|72825525|10756|48793190|97583|15224894|75758|9424534|59231|5800360|55947|229055|11303|196315|9994|32740|3569|11720|2964|8661|2063|3059|1757|81191|5466|66064|4890|15127|2803|154464|9848|117158|8846|37306|3951|196051|8838|172770|7906|23281|2608|45114|5492|42470|5281|2644|655|34523|4337|29543|4199|4980|1221|299304|16459|171969|9734|127335|10204|47075|4824|36798|4007|10277|2043|48267|7120|32327|5325|15940|3333|122167|12342|68730|7951|53437|6644|209270|12863|116570|8488|92700|8538|296526|17410|186058|13160|110468|8511|65992|6189|49745|4579|16247|3200|295494|16694|250418|15778|45076|4768|87588|10192|65408|8198|22180|3848|199950|14754|126163|10591|73787|7496|53934|6890|38034|4963|15900|3458|105556|10139|78247|7922|27309|4115|140770|10055|102756|7288|38014|5116|115402|10650|96161|9209|19241|3801|99552|7814|89065|7374|10487|2338|72563|8656|61241|7558|11322|2318|1626356|25099|790119|16939|836237|17374|230097|12271|141429|9125|88668|5769|484428|19989|229002|12320|255426|12798|81090|8341|42250|5452|38840|5776|743052|23675|316326|13896|426726|15297|96946|9882|47654|6139|49292|5586|122084|10698|59642|6067|62442|7582|120865|11077|68114|6852|52751|6474|1065169|25571|720440|21970|344729|10629|340653|15603|219453|11304|121200|8477|302335|19324|205099|14768|97236|8099|61123|7446|52147|6836|8976|2403|147963|12738|93968|9479|53995|4919|60663|7298|52043|6834|8620|1986|75778|9988|51350|6890|24428|6380|99953|5268|70985|4886|28968|2701|69757|6017|58708|5955|11049|2257|67601|8186|44301|6117|23300|4458
02000C0US1|49320171|4271|36377091|79984|6168480|43653|3370895|40366|2797585|36961|295886|14136|228642|10458|67244|6706|376853|19482|229805|14377|147048|10853|242739|10509|174051|8970|68688|4986|510079|22123|283784|14475|226295|12967|115916|7638|103123|7105|12793|2232|281665|18981|157811|14064|123854|9991|117108|8867|88112|7607|28996|3489|358280|19010|176719|11506|181561|12247|184155|12270|116454|8790|67701|6748|59631|6736|40035|5539|19596|3614|125185|10864|67697|6481|57488|7307|20985|3754|15348|3153|5637|1646|60126|7803|38991|5122|21135|4023|150666|8924|101883|7352|48783|5054|225319|13439|184896|11170|40423|4437|148550|11824|102020|8381|46530|5270|55000|7601|35222|5595|19778|3177|224343|15064|109810|9113|114533|9289|107374|7975|71103|5533|36271|4849|178098|11185|123359|9067|54739|5593|91504|8656|73292|7418|18212|3745|74920|7945|61359|6587|13561|2622|73852|7373|55308|5726|18544|3720|1003401|22492|438646|12111|564755|16213|62649|5410|39834|4024|22815|2954|220419|11639|104994|6832|115425|7897|966|719|475|360|491|400|133444|10498|56204|5296|77240|7148|41996|6341|17644|3523|24352|4225|35211|5010|15644|3123|19567|3257|120001|10663|65980|7365|54021|5679|199447|10943|148992|8841|50455|4468|26633|5132|14095|3025|12538|3686|320006|19530|209362|13951|110644|10042|102098|9786|88928|9302|13170|2593|46591|6953|30633|5222|15958|3434|215455|16360|162644|13843|52811|6523|59974|6704|41542|5195|18432|3360|76|121|76|121|0|210|3816|1131|3131|964|685|391|104183|9934|70253|6967|33930|5292
02000C0US2|51211821|9731|44064000|51829|3426879|33380|2081117|30366|1345762|24062|141808|10758|96291|6882|45517|6671|31138|7283|16056|3868|15082|5202|58316|4829|41629|4488|16687|2604|45457|5228|34285|4745|11172|2935|149534|7659|128139|7243|21395|2719|62714|6436|46233|5432|16481|3162|44390|4080|35339|3464|9051|1993|108466|9649|63593|6386|44873|5824|195149|10908|114514|8535|80635|5944|77457|9101|51097|7079|26360|3663|114834|9276|62233|5934|52601|6153|5763|1415|4217|1096|1546|727|38437|5862|22332|3681|16105|3311|85435|8543|53122|6239|32313|4564|116210|9138|96530|8367|19680|2858|102691|9646|76699|7056|25992|4313|37743|5995|24698|4720|13045|2827|60247|7727|39796|5799|20451|4160|95585|10241|56806|5946|38779|7177|136831|10204|90157|7841|46674|5790|83367|8041|64856|6737|18511|3826|52688|5994|43147|4515|9541|2641|46953|6021|37221|4650|9732|2521|283722|11283|148929|7566|134793|7732|56665|6010|30827|3651|25838|3720|88778|7241|47635|4570|41143|4545|115921|7902|68571|6176|47350|5268|123434|9635|57398|5551|66036|6335|18496|3682|8949|1992|9547|2389|43425|4699|23219|3298|20206|2938|102821|10514|42567|5740|60254|7415|160480|8650|114584|7227|45896|4837|31183|4410|21567|3818|9616|2005|351208|19384|206414|13978|144794|10696|15869|2785|14746|2719|1123|639|193024|13576|112648|10161|80376|8406|125464|12537|98528|11256|26936|4029|77249|9822|48012|6509|29237|5723|314|321|309|317|5|9|9822|1841|8562|1798|1260|414|31854|4344|23185|3185|8669|2283
02000C0US3|104059159|18331|80113072|98847|16497416|69422|9608239|52359|6889177|66142|447760|17224|356228|14631|91532|7784|536807|21205|304422|14965|232385|13685|105859|7313|85879|6183|19980|2812|364277|21222|248030|16164|116247|10329|242560|10722|213016|9290|29544|3380|60255|6258|54589|6036|5666|1584|50069|4902|41111|4141|8958|1733|208582|13672|133758|10165|74824|7191|57517|6611|43661|5451|13856|2373|58740|8528|43229|6940|15511|3159|103376|8670|64556|6010|38820|5434|8421|2215|6607|1965|1814|898|163897|13376|102875|8463|61022|7407|161077|11609|109179|8672|51898|5170|298466|11895|248750|10820|49716|5374|218547|14691|159865|10896|58682|6647|42840|6521|28997|4720|13843|3240|110131|8798|76410|6615|33721|3850|159926|11989|109090|8679|50836|7324|154354|11285|111945|9112|42409|5558|220071|12933|184951|11558|35120|4679|127034|10779|104580|9107|22454|3740|118787|9470|92271|8108|26516|3938|578500|18655|312526|12377|265974|12140|94173|7678|61419|6016|32754|3876|268875|12986|131192|8231|137683|7870|21924|3724|15138|2929|6786|1728|549978|21847|232508|12816|317470|14144|34548|5007|17257|3308|17291|2647|80181|8548|40769|4941|39412|5446|133657|10136|75485|6311|58172|6315|338757|14123|248857|11414|89900|6051|79984|9045|57590|8709|22394|3308|419260|19721|298943|16412|120317|8074|51952|7408|46087|7170|5865|1573|213006|18457|133159|12323|79847|9301|305806|17726|257870|15448|47936|6130|136854|14825|99835|11468|37019|7421|1015|674|847|628|168|179|12312|2163|10580|1995|1732|770|108536|9661|81946|8397|26590|3702
02000C0US4|68366422|8772|45093342|94130|14675474|70585|9070478|57367|5604996|53543|219523|11132|187404|9677|32119|3590|11696|2965|8637|2063|3059|1757|78080|5490|63380|4926|14700|2764|150302|9743|113440|8690|36862|3911|185581|9001|163357|8018|22224|2520|42725|5386|40173|5185|2552|658|33861|4362|28931|4221|4930|1214|295233|16479|169149|9816|126084|10234|45004|4839|34822|3961|10182|2043|48005|7118|32248|5326|15757|3338|117804|12404|66361|7955|51443|6607|209174|12858|116514|8485|92660|8538|295693|17450|185387|13171|110306|8493|65503|6186|49452|4562|16051|3200|294181|16679|249658|15808|44523|4784|87244|10247|65070|8245|22174|3848|199869|14740|126123|10581|73746|7496|52957|6818|37690|5000|15267|3353|103593|9980|76803|7769|26790|4082|136847|10061|99368|7232|37479|5101|115267|10589|96026|9129|19241|3801|98692|7828|88205|7386|10487|2338|72413|8612|61091|7502|11322|2318|1614328|24929|785030|17081|829298|17348|223523|11995|136559|8912|86964|5715|479269|20115|225527|12359|253742|12830|78462|8157|41495|5372|36967|5639|738596|23383|314759|13823|423837|14980|95941|9831|47195|6117|48746|5582|120267|10671|58718|6076|61549|7538|119760|10975|67441|6856|52319|6380|1045924|25224|708830|21745|337094|10829|312555|15194|199653|11591|112902|7573|300071|19143|203125|14646|96946|8112|60337|7404|51361|6775|8976|2403|147514|12727|93863|9486|53651|4886|60127|7283|51569|6804|8558|1991|75219|10008|50868|6882|24351|6394|61514|4871|46810|4305|14704|1944|42633|5400|37805|5304|4828|1573|62319|8453|40362|6134|21957|4497
02000C1US1|15770792|16257|9610774|57999|3091412|34371|1625830|25576|1465582|26891|143453|11035|107164|8229|36289|5174|179009|13343|105985|10312|73024|6490|80533|7124|58022|6160|22511|3233|141478|11695|64164|5909|77314|9275|36225|4163|33641|4050|2584|903|150827|14843|76444|10654|74383|9225|52653|6322|38525|5543|14128|2555|219713|16968|86748|9698|132965|11466|52003|7533|30464|5453|21539|3962|23068|4282|14182|3388|8886|2314|48920|7703|23586|4466|25334|5222|5588|1513|4638|1290|950|419|24262|4873|14383|2976|9879|3047|23015|3525|15426|2672|7589|2007|69466|8118|55667|6648|13799|2509|55664|7771|32513|5203|23151|4154|20509|4359|11939|2792|8570|2398|165311|13675|73548|8548|91763|8021|36081|5647|19732|3157|16349|3947|78447|8497|51315|6154|27132|4179|16490|3596|12626|2749|3864|1865|12258|2576|9609|2175|2649|1176|19036|4779|12199|3144|6837|2595|632296|18962|236103|9414|396193|14337|28770|3989|17452|3053|11318|2171|80942|7614|41477|4139|39465|5251|356|497|190|241|166|270|61014|7730|24238|4004|36776|4939|9463|2912|3768|1406|5695|1947|14350|2835|6363|1946|7987|1984|61359|8448|30515|5922|30844|4276|74565|6392|55458|5326|19107|2797|12393|3483|5668|1664|6725|2727|147562|16190|93474|11793|54088|7305|55095|8062|47076|7462|8019|2196|29124|5981|18655|4761|10469|2560|126849|12083|88639|9965|38210|5646|25013|5202|14526|3472|10487|2967|76|121|76|121|0|210|1406|630|1359|610|47|79|53964|6960|31622|4361|22342|4341
02000C1US2|18393775|21218|14992846|41523|1736310|27042|1014109|22292|722201|18555|73576|7875|48298|4921|25278|4603|18527|5103|8684|2227|9843|4273|17910|3645|13595|3440|4315|1200|19612|3309|13518|2376|6094|2573|42231|4318|37202|3878|5029|1134|8859|2512|7171|1938|1688|1227|12363|2120|9728|1826|2635|898|39408|6009|22026|3200|17382|4471|54491|5713|30731|4040|23760|3330|22280|4143|14543|3127|7737|1738|35882|5200|20477|3453|15405|3612|2539|1122|1707|815|832|548|21968|4591|12885|3179|9083|2873|30743|4653|20754|3818|9989|2657|56068|6569|46225|6189|9843|1884|39570|6249|28500|4336|11070|3005|12305|3302|8579|2356|3726|1632|33224|5708|21167|4083|12057|3057|51434|8525|27934|4093|23500|6411|42366|5889|27687|4486|14679|3014|38163|5395|28700|4229|9463|2733|25140|4915|20890|4015|4250|1673|18808|3740|14543|3019|4265|1671|159790|8810|79244|5271|80546|6965|27251|3989|14890|2514|12361|2450|39585|4455|24069|3189|15516|2527|61522|5902|32459|3995|29063|4412|57701|6139|25972|3568|31729|4200|8202|2453|3924|1224|4278|1641|22855|3553|11747|2507|11108|2098|71852|9400|23891|4269|47961|6852|68775|6809|46838|5254|21937|3730|17888|3857|13158|3308|4730|1507|154297|13894|81530|8120|72767|8713|7437|1862|7348|1850|89|75|119647|12845|63901|7814|55746|8120|66184|10200|49316|8913|16868|3457|46926|8570|26445|5221|20481|5020|126|156|126|156|0|210|4937|1432|4357|1385|580|294|12177|2283|8454|1587|3723|1520
02000C1US3|37828311|33438|27984517|70002|7072292|61550|4103086|44204|2969206|46584|178105|10787|144838|9108|33267|4572|156972|12745|84165|9682|72807|8437|42379|4676|34744|3902|7635|1953|141846|13822|94384|9260|47462|8206|93553|7082|80118|6039|13435|2261|17287|3173|15970|3023|1317|610|18523|3060|15915|2728|2608|1140|71501|7344|48185|5322|23316|4036|19627|4030|15392|3279|4235|1452|23850|4941|16669|3486|7181|2294|35119|5213|23731|3812|11388|2460|3805|1626|3351|1518|454|397|60755|7426|36259|4373|24496|5073|56939|7095|40116|5089|16823|3310|112005|9130|96156|7741|15849|2936|65961|8287|50982|6856|14979|2809|7089|2167|5366|1819|1723|855|37473|4941|27064|3850|10409|2116|63995|8556|42494|5467|21501|5288|63674|6998|42737|4969|20937|4402|82773|8613|68480|7719|14293|2919|46319|6480|36082|4930|10237|3257|37905|4896|30616|4255|7289|2269|239430|11602|136046|7119|103384|8427|44094|4413|28741|3931|15353|2460|85628|7918|46253|4984|39375|4712|6256|1841|5034|1507|1222|630|199396|13683|89226|7024|110170|9504|14093|2545|7133|1756|6960|1632|31443|5223|15184|2844|16259|3386|54406|6272|30335|3863|24071|3908|135891|7836|101132|6656|34759|3855|42291|7112|29552|7000|12739|2699|172014|15249|121615|12061|50399|5853|17868|3326|16523|3345|1345|742|83464|13108|47347|8698|36117|6610|97124|10545|82395|9046|14729|3862|66092|10426|43132|7057|22960|6043|467|577|467|577|0|210|4602|1234|3835|1044|767|435|39488|6467|30016|5830|9472|2513
02000C1US4|32667023|23604|20806338|65412|7082914|52493|4340389|42498|2742525|35472|131526|8190|113212|7658|18314|2776|7740|2273|6025|1682|1715|1208|40338|4331|33253|4090|7085|1459|72753|6824|57328|5988|15425|2586|96132|7155|84662|6495|11470|1791|21708|3575|20842|3518|866|356|18006|3635|15685|3401|2321|957|166487|11203|93094|6624|73393|8102|23630|3372|19577|3019|4053|1382|27438|5101|18729|3913|8709|2331|52982|7227|30241|5012|22741|3551|179057|11422|97345|7866|81712|7658|161584|12834|100917|8600|60667|6618|36447|4359|29087|3579|7360|1947|192277|13242|166350|12682|25927|3797|48467|9211|37076|7928|11391|2608|96169|10719|62104|8310|34065|4250|38042|5752|26755|4111|11287|2899|61188|7925|48691|6536|12497|2540|69012|7779|51081|5479|17931|3807|77660|8450|64856|7395|12804|2799|62450|6811|56044|6449|6406|1929|46231|6324|38108|5501|8123|2141|878563|21039|453434|13823|425129|14685|133239|8828|79569|6523|53670|4178|275510|15153|132235|9252|143275|9844|46122|6659|24481|4242|21641|4413|404841|17125|174147|10659|230694|10660|59808|7869|29420|4861|30388|4144|66192|7116|32363|4450|33829|4843|69054|8799|39220|5001|29834|5160|543972|22458|365590|17001|178382|9962|149554|12997|91425|9369|58129|6110|145761|10614|102369|8832|43392|4650|40154|6231|33582|5412|6572|2223|79955|10535|51548|7909|28407|4190|35162|5401|29608|4906|5554|1557|44304|8653|28305|5546|15999|5814|24201|4332|19520|3556|4681|1548|17198|3627|15148|3452|2050|996|36857|6046|22531|4344|14326|3614
02000C2US1|33549379|16712|26766317|53223|3077068|33115|1745065|29907|1332003|25055|152433|9410|121478|6943|30955|4292|197844|15144|123820|10730|74024|8637|162206|8362|116029|6929|46177|3898|368601|20884|219620|14629|148981|10067|79691|6441|69482|5827|10209|2094|130838|14586|81367|10576|49471|7395|64455|6022|49587|5387|14868|2464|138567|10450|89971|7420|48596|5431|132152|9471|85990|6539|46162|5732|36563|5925|25853|4928|10710|2561|76265|9076|44111|5590|32154|5023|15397|3413|10710|2782|4687|1561|35864|5678|24608|3798|11256|2826|127651|9242|86457|7754|41194|4468|155853|10689|129229|9081|26624|3607|92886|8985|69507|6934|23379|3605|34491|5922|23283|4391|11208|2366|59032|6030|36262|3946|22770|3914|71293|6372|51371|5045|19922|3172|99651|9943|72044|7728|27607|3970|75014|7834|60666|6556|14348|3476|62662|7170|51750|5950|10912|2481|54816|6195|43109|5235|11707|2465|371105|13182|202543|9184|168562|9001|33879|3396|22382|2884|11497|1730|139477|8213|63517|5558|75960|4991|610|518|285|266|325|298|72430|7532|31966|3739|40464|5033|32533|5656|13876|3287|18657|3732|20861|3942|9281|2288|11580|2632|58642|7651|35465|5116|23177|4284|124882|9071|93534|7482|31348|3440|14240|3313|8427|2560|5813|1894|172444|12892|115888|10709|56556|5744|47003|6355|41852|6082|5151|1308|17467|4056|11978|3011|5489|2153|88606|9225|74005|8696|14601|2958|34961|5193|27016|4162|7945|2419|0|210|0|210|0|210|2410|901|1772|710|638|382|50219|6319|38631|5251|11588|2179
02000C2US2|32818046|23652|29071154|44663|1690569|27362|1067008|21560|623561|18283|68232|6872|47993|4994|20239|4219|12611|4521|7372|2949|5239|2418|40406|3592|28034|3059|12372|2234|25845|4502|20767|4234|5078|1329|107303|7454|90937|7016|16366|2546|53855|6248|39062|5350|14793|2894|32027|4100|25611|3343|6416|1950|69058|7089|41567|4897|27491|3835|140658|9497|83783|7151|56875|5196|55177|7179|36554|5626|18623|2877|78952|8410|41756|4782|37196|5244|3224|1260|2510|959|714|515|16469|3265|9447|2127|7022|1719|54692|7263|32368|4796|22324|3687|60142|5761|50305|5138|9837|1796|63121|7381|48199|5908|14922|3430|25438|5043|16119|3981|9319|2409|27023|7536|18629|5333|8394|3382|44151|7050|28872|4982|15279|3347|94465|8548|62470|5983|31995|4767|45204|6009|36156|5075|9048|2580|27548|4108|22257|3013|5291|1905|28145|4552|22678|3842|5467|1681|123932|7270|69685|4772|54247|4168|29414|4662|15937|2768|13477|2923|49193|5470|23566|2853|25627|3870|54399|5674|36112|4832|18287|3181|65733|6600|31426|4063|34307|4265|10294|2418|5025|1570|5269|1464|20570|3164|11472|2206|9098|1841|30969|5437|18676|4420|12293|2410|91705|6465|67746|5478|23959|3389|13295|2530|8409|1943|4886|1212|196911|13977|124884|10666|72027|8046|8432|2259|7398|2159|1034|658|73377|8002|48747|6352|24630|3665|59280|7601|49212|6668|10068|2672|30323|5411|21567|4463|8756|2467|188|287|183|283|5|9|4885|994|4205|883|680|306|19677|3354|14731|2612|4946|1491
02000C2US3|66230848|37720|52128555|85384|9425124|61909|5505153|43841|3919971|52055|269655|14629|211390|12011|58265|6123|379835|19604|220257|13319|159578|12384|63480|5286|51135|4624|12345|2023|222431|17006|153646|12727|68785|6807|149007|8857|132898|7960|16109|2568|42968|5893|38619|5773|4349|1419|31546|4302|25196|3744|6350|1369|137081|10900|85573|7667|51508|6369|37890|5218|28269|4298|9621|1841|34890|6881|26560|5587|8330|2413|68257|6790|40825|4922|27432|4735|4616|1383|3256|1118|1360|781|103142|10704|66616|7501|36526|5072|104138|9371|69063|6710|35075|4661|186461|11206|152594|9760|33867|4321|152586|11916|108883|8609|43703|5778|35751|6033|23631|4313|12120|3121|72658|7300|49346|5758|23312|3059|95931|9471|66596|7333|29335|4757|90680|9198|69208|7603|21472|3732|137298|9515|116471|8476|20827|3320|80715|8305|68498|7494|12217|2243|80882|9268|61655|7300|19227|3517|339070|14985|176480|10463|162590|8441|50079|7109|32678|5300|17401|2933|183247|10488|84939|6274|98308|6640|15668|3230|10104|2665|5564|1630|350582|19162|143282|10648|207300|11848|20455|4080|10124|2624|10331|2236|48738|6133|25585|4074|23153|3501|79251|8912|45150|5135|34101|5718|202866|11304|147725|8944|55141|5027|37693|5460|28038|4618|9655|1909|247246|17767|177328|14160|69918|7199|34084|6426|29564|5965|4520|1380|129542|13433|85812|9304|43730|6375|208682|14402|175475|12454|33207|4882|70762|10679|56703|8689|14059|4027|548|358|380|263|168|179|7710|1685|6745|1546|965|675|69048|7561|51930|6726|17118|2986
02000C2US4|35699399|23931|24287004|73125|7592560|64574|4730089|50235|2862471|37823|87997|7256|74192|6094|13805|2434|3956|1779|2612|1243|1344|1113|37742|4796|30127|3988|7615|2439|77549|6630|56112|5396|21437|3376|89449|5919|78695|5360|10754|1601|21017|3370|19331|3148|1686|629|15855|2792|13246|2699|2609|699|128746|13487|76055|8066|52691|7310|21374|3477|15245|2697|6129|1669|20567|4430|13519|3274|7048|1933|64822|9719|36120|5898|28702|5494|30117|5937|19169|3631|10948|3319|134109|10655|84470|8918|49639|5841|29056|4752|20365|3646|8691|2250|101904|10254|83308|8585|18596|3312|38777|5930|27994|4521|10783|2901|103700|11291|64019|7533|39681|6044|14915|3382|10935|2627|3980|1461|42405|6032|28112|4077|14293|3180|67835|7020|48287|4656|19548|3792|37607|6077|31170|5221|6437|2201|36242|4846|32161|4437|4081|1423|26182|4319|22983|3788|3199|1224|735765|15070|331596|10515|404169|10135|90284|7050|56990|5677|33294|3323|203759|11735|93292|7402|110467|7007|32340|4491|17014|3021|15326|2944|333755|14803|140612|8414|193143|9933|36133|5586|17775|3696|18358|3715|54075|7946|26355|4285|27720|5507|50706|7549|28221|4836|22485|3970|501952|18287|343240|13833|158712|9060|163001|10606|108228|7747|54773|5675|154310|14858|100756|10568|53554|6359|20183|3868|17779|3584|2404|946|67559|9031|42315|6568|25244|3461|24965|4458|21961|4170|3004|1225|30915|5915|22563|4878|8352|2783|37313|2790|27290|2731|10023|1278|25435|3977|22657|3804|2778|1099|25462|4981|17831|3418|7631|2678
02000E0US1|3392558|1902|3174659|9054|92870|4434|60652|3704|32218|3293|13233|1690|11277|1556|1956|560|2084|1157|1375|925|709|498|4768|1171|3468|973|1300|699|4560|1508|3305|1012|1255|696|12039|2122|8972|1698|3067|913|27258|3627|18552|2999|8706|1513|1308|672|1087|597|221|148|7060|2898|4317|1829|2743|1459|4623|1499|2929|1122|1694|668|562|345|198|177|364|306|4030|1274|2864|1132|1166|640|98|160|98|160|0|210|280|287|199|250|81|111|1145|977|638|626|507|491|1295|684|1178|691|117|68|1376|734|1015|603|361|258|376|314|326|308|50|58|1180|926|850|842|330|319|1267|659|1128|660|139|68|4539|1417|3108|1026|1431|953|713|491|687|486|26|36|262|238|211|207|51|67|103|124|103|124|0|210|7925|1825|3527|1036|4398|1429|707|518|540|395|167|212|1794|696|1381|632|413|290|0|210|0|210|0|210|915|557|546|481|369|302|283|376|71|126|212|355|964|531|559|394|405|321|1496|858|968|661|528|303|4505|1197|3202|972|1303|539|767|505|513|387|254|243|4623|2132|3385|1723|1238|1040|1002|517|895|496|107|109|22|28|13|28|9|2|1446|641|1440|641|6|9|1962|1003|1420|1105|542|525|0|210|0|210|0|210|673|446|627|433|46|78|1786|743|1403|673|383|276
02000E0US2|8108038|7232|7563417|16371|320282|7905|193168|7266|127114|6138|9284|1818|6882|1460|2402|862|1225|708|588|405|637|570|2703|701|2506|700|197|177|1893|771|1198|569|695|514|41602|4726|30984|3959|10618|1778|50595|7384|38303|6344|12292|2641|1172|429|1036|399|136|121|5117|2803|2955|1212|2162|1879|3398|1031|2277|800|1121|643|958|494|634|420|324|294|3045|1029|2273|871|772|417|8|15|0|210|8|15|1132|1132|707|617|425|546|1127|611|571|368|556|449|3355|981|2938|1039|417|362|1828|774|1182|530|646|430|161|209|71|118|90|109|1032|442|704|388|328|154|2449|1006|1536|765|913|517|5081|1482|3597|1080|1484|677|1923|1145|1367|828|556|402|955|597|828|575|127|184|434|272|385|241|49|63|8344|2011|5361|1595|2983|1072|5814|1492|3257|1136|2557|1010|3591|1232|2552|946|1039|518|4038|895|2633|784|1405|534|4991|1673|1789|1030|3202|978|109|121|9|18|100|121|3212|1247|1282|643|1930|720|12175|2578|4844|1379|7331|1933|6839|1440|4532|999|2307|777|3459|1467|2295|1156|1164|773|8002|2964|5124|1780|2878|1459|675|338|618|329|57|93|7483|2029|2772|1120|4711|1652|4484|1499|4062|1447|422|299|2085|883|1143|562|942|599|263|260|205|238|58|70|4808|1003|4006|915|802|372|3490|1089|1798|539|1692|958
02000E0US3|10630840|14764|9594405|20625|858677|15710|540888|14299|317789|11343|19321|3204|16190|2688|3131|1175|8047|2492|3670|1423|4377|1902|3602|1024|3031|919|571|355|3892|1273|2913|1139|979|555|15544|2442|13088|2400|2456|822|4533|1955|3608|1516|925|751|703|375|541|307|162|147|3846|1395|3147|1316|699|392|1621|763|978|448|643|487|1625|1023|1248|835|377|325|4514|1825|3182|1450|1332|627|125|139|125|139|0|210|1400|699|1112|580|288|202|4212|1408|2154|872|2058|884|3552|1632|2463|1221|1089|773|1751|775|1333|698|418|250|573|625|569|626|4|8|1198|839|788|743|410|527|2051|1103|1446|991|605|440|4667|2071|2786|1046|1881|1338|1170|414|611|218|559|311|777|651|752|637|25|40|1087|593|733|495|354|221|13021|2612|7279|1882|5742|1723|3690|1217|2516|910|1174|708|5321|1268|1851|620|3470|1162|1403|609|1035|628|368|269|8476|2343|3335|1087|5141|1614|770|536|587|465|183|150|4663|1184|2343|721|2320|934|4335|1453|2166|817|2169|969|8163|1704|5671|1291|2492|875|6596|2248|4959|2038|1637|718|9681|2640|5463|1562|4218|1672|1342|1196|1115|1171|227|144|1337|1084|1036|1046|301|209|5887|2618|3684|1315|2203|1690|3125|1248|2206|1025|919|685|186|178|186|178|0|210|3597|826|3124|794|473|213|6354|2361|3558|1607|2796|1434
02000E0US4|4459103|8867|3699848|18842|549420|14490|354056|11890|195364|10300|9532|2185|8911|2148|621|394|24|5|24|5|0|210|3111|1185|2684|1103|427|352|4162|1448|3718|1372|444|312|10470|1776|9413|1645|1057|464|2389|951|2297|942|92|108|662|400|612|403|50|85|4071|1171|2820|899|1251|643|2071|1065|1976|1052|95|108|262|369|79|110|183|269|4363|1899|2369|1170|1994|1160|96|83|56|83|40|2|833|430|671|372|162|249|489|468|293|333|196|182|1313|848|760|530|553|464|344|301|338|300|6|2|81|95|40|96|41|2|977|745|344|352|633|484|1963|984|1444|886|519|372|3923|1108|3388|1002|535|346|135|280|135|280|0|210|860|787|860|787|0|210|150|276|150|276|0|210|12028|2774|5089|1410|6939|2367|6574|1686|4870|1441|1704|585|5159|1729|3475|1461|1684|706|2628|938|755|654|1873|1018|4456|2115|1567|896|2889|1586|1005|597|459|329|546|363|1817|837|924|655|893|561|1105|598|673|443|432|433|19245|2842|11610|2285|7635|1715|28098|4094|19800|3372|8298|2283|2264|891|1974|860|290|333|786|401|786|401|0|210|449|204|105|113|344|179|536|319|474|303|62|87|559|346|482|300|77|113|38439|2387|24175|2201|14264|1869|27124|2946|20903|2713|6221|1393|5282|1767|3939|1433|1343|842
02000E1US2|3070659|51338|2775205|45069|199492|8958|115836|6614|83656|6488|5656|1671|3856|1192|1800|835|776|624|139|223|637|570|1351|527|1261|534|90|148|1145|512|750|466|395|358|7700|1444|6776|1332|924|468|2545|885|2233|870|312|321|463|285|433|295|30|53|3084|2734|1502|986|1582|1852|370|283|256|245|114|139|729|492|542|431|187|239|985|559|758|499|227|276|0|210|0|210|0|210|1016|1135|591|615|425|546|620|459|360|255|260|363|2699|870|2318|937|381|357|1307|665|719|441|588|418|39|71|0|210|39|71|838|341|510|271|328|154|1776|889|1342|745|434|315|1599|844|1331|752|268|284|1594|1112|1190|799|404|388|894|584|799|569|95|165|295|220|295|220|0|210|5690|1769|3636|1371|2054|1005|3160|1293|1625|950|1535|891|2509|1076|1891|867|618|437|2415|888|1936|810|479|230|4284|1671|1608|1017|2676|957|36|57|0|210|36|57|2736|1209|1158|618|1578|677|11127|2620|4496|1346|6631|1972|3118|963|1832|697|1286|654|1042|785|451|376|591|618|4875|1787|3095|1186|1780|1038|238|206|195|193|43|90|7170|1970|2544|1073|4626|1636|3858|1466|3478|1425|380|311|1824|885|928|554|896|597|176|233|147|226|29|53|1704|748|1448|668|256|245|2519|1026|936|409|1583|941
02000E1US3|3400363|39567|2944996|37167|378359|15794|238358|11121|140001|9860|6673|1998|5403|1659|1270|894|4498|2076|2059|1144|2439|1703|1171|696|1021|673|150|146|1791|841|1343|756|448|443|4756|1357|4402|1309|354|289|879|501|727|382|152|196|244|213|196|170|48|77|1240|748|1119|744|121|112|531|369|242|222|289|333|903|561|787|551|116|195|1731|1071|1108|728|623|477|73|104|73|104|0|210|1111|650|823|535|288|202|2987|1244|1431|723|1556|812|1401|831|1216|724|185|189|357|308|267|237|90|98|376|584|376|584|0|210|747|644|444|393|303|516|765|497|425|281|340|397|1165|516|862|509|303|177|948|421|389|164|559|311|576|605|551|589|25|40|707|520|407|384|300|214|6522|2003|3888|1663|2634|1299|1804|835|997|592|807|561|2818|957|613|413|2205|836|238|278|196|268|42|53|5235|1782|2052|902|3183|1188|381|364|245|279|136|130|1028|841|819|817|209|208|2288|979|1310|695|978|591|3697|1309|2568|964|1129|664|4269|1898|3624|1807|645|459|3721|1504|2148|864|1573|895|235|173|56|93|179|145|1076|1053|1036|1046|40|72|5083|2564|3098|1283|1985|1666|1163|790|736|504|427|371|0|210|0|210|0|210|1154|494|967|417|187|188|666|474|375|325|291|373
02000E1US4|1603720|21565|1316225|19231|217902|13265|139841|10399|78061|7228|2476|794|2395|811|81|105|0|210|0|210|0|210|1059|612|982|589|77|94|2559|1045|2337|1004|222|227|3110|1030|2754|993|356|297|373|261|373|261|0|210|255|259|255|259|0|210|2121|962|1504|714|617|450|603|549|550|541|53|93|0|210|0|210|0|210|814|701|258|269|556|601|40|2|0|210|40|2|373|332|373|332|0|210|416|466|270|333|146|181|814|749|450|395|364|382|127|204|127|204|0|210|41|2|0|210|41|2|363|507|136|256|227|297|1167|672|648|485|519|372|1088|591|860|487|228|257|0|210|0|210|0|210|206|292|206|292|0|210|0|210|0|210|0|210|7688|2568|3252|1114|4436|2155|3168|1134|2485|978|683|326|3974|1700|2760|1482|1214|654|1901|1116|625|602|1276|1144|2846|2028|1209|882|1637|1445|304|261|99|126|205|201|587|439|501|438|86|103|615|461|409|329|206|322|10356|2220|6769|1772|3587|1177|9181|3011|7601|2672|1580|1012|1845|830|1568|812|277|333|434|321|434|321|0|210|191|98|67|98|124|5|455|291|393|272|62|87|207|227|207|227|0|210|4472|1358|3914|1239|558|347|2357|1018|2138|979|219|222|1007|549|462|317|545|511
02000E2US1|2744242|15314|2572343|16233|69741|4561|46064|3503|23677|2707|10280|1507|8642|1398|1638|519|1954|1139|1353|919|601|485|2916|760|2190|596|726|415|3101|1208|2315|782|786|608|10776|1962|7817|1558|2959|905|27102|3621|18396|2983|8706|1513|861|478|701|426|160|117|6673|2853|4208|1805|2465|1433|4160|1428|2466|1022|1694|668|393|302|198|177|195|213|3034|1297|2256|1248|778|510|98|160|98|160|0|210|125|165|44|76|81|111|1145|977|638|626|507|491|1147|647|1030|651|117|68|714|478|482|368|232|223|243|270|193|261|50|58|567|397|237|214|330|319|594|281|455|267|139|68|3263|1042|2662|937|601|329|487|436|461|424|26|36|262|238|211|207|51|67|30|59|30|59|0|210|6458|1637|2760|959|3698|1353|566|463|487|388|79|143|1495|634|1082|552|413|290|0|210|0|210|0|210|815|551|511|481|304|278|227|358|15|25|212|355|377|354|294|356|83|39|1339|819|901|632|438|260|3068|795|2160|718|908|475|655|443|513|387|142|161|3121|1701|2684|1629|437|258|1002|517|895|496|107|109|22|28|13|28|9|2|660|357|654|357|6|9|331|302|331|302|0|210|0|210|0|210|0|210|640|445|594|431|46|78|1457|672|1260|655|197|186
02000E2US2|5037379|52773|4788212|51659|120790|7221|77332|6014|43458|3937|3628|959|3026|915|602|248|449|353|449|353|0|210|1352|605|1245|583|107|123|748|458|448|308|300|286|33902|4280|24208|3454|9694|1820|48050|7371|36070|6332|11980|2629|709|318|603|272|106|106|2033|821|1453|766|580|384|3028|1015|2021|770|1007|630|229|191|92|69|137|152|2060|1043|1515|931|545|323|8|15|0|210|8|15|116|106|116|106|0|210|507|394|211|260|296|277|656|447|620|439|36|64|521|330|463|284|58|67|122|190|71|118|51|77|194|277|194|277|0|210|673|399|194|176|479|356|3482|1294|2266|853|1216|593|329|302|177|185|152|150|61|109|29|54|32|62|139|168|90|106|49|63|2654|938|1725|825|929|464|2654|936|1632|645|1022|719|1082|622|661|455|421|256|1623|671|697|358|926|488|707|297|181|139|526|259|73|106|9|18|64|105|476|360|124|125|352|337|1048|513|348|349|700|449|3721|895|2700|665|1021|495|2417|1208|1844|1078|573|416|3127|2120|2029|1295|1098|903|437|260|423|258|14|24|313|416|228|312|85|110|626|479|584|478|42|75|261|167|215|171|46|85|87|108|58|69|29|47|3104|838|2558|836|546|286|971|332|862|298|109|131
02000E2US3|7230477|39602|6649409|39121|480318|16920|302530|13110|177788|10012|12648|2337|10787|2136|1861|809|3549|1558|1611|922|1938|1089|2431|666|2010|541|421|322|2101|901|1570|724|531|401|10788|1984|8686|1970|2102|804|3654|1851|2881|1450|773|704|459|302|345|248|114|128|2606|1194|2028|1096|578|344|1090|629|736|388|354|326|722|812|461|574|261|264|2783|1425|2074|1137|709|458|52|95|52|95|0|210|289|266|289|266|0|210|1225|675|723|437|502|389|2151|1346|1247|863|904|777|1394|703|1066|654|328|232|197|321|193|321|4|8|451|553|344|546|107|154|1286|939|1021|926|265|188|3502|2000|1924|893|1578|1327|222|176|222|176|0|210|201|214|201|214|0|210|380|319|326|313|54|79|6499|1753|3391|1087|3108|1137|1886|750|1519|691|367|302|2503|807|1238|562|1265|572|1165|533|839|574|326|280|3241|1376|1283|550|1958|1034|389|367|342|350|47|65|3635|1190|1524|747|2111|900|2047|990|856|435|1191|651|4466|1135|3103|840|1363|625|2327|1103|1335|868|992|489|5960|2238|3315|1308|2645|1357|1107|1166|1059|1166|48|3|261|198|0|210|261|198|804|417|586|332|218|154|1962|1077|1470|964|492|555|186|178|186|178|0|210|2443|681|2157|658|286|132|5688|2361|3183|1576|2505|1428
02000E2US4|2855383|19880|2383623|21524|331518|12029|214215|10208|117303|7819|7056|1930|6516|1898|540|375|24|5|24|5|0|210|2052|938|1702|859|350|352|1603|782|1381|732|222|206|7360|1353|6659|1238|701|354|2016|922|1924|908|92|108|407|309|357|312|50|85|1950|823|1316|633|634|484|1468|935|1426|912|42|68|262|369|79|110|183|269|3549|1651|2111|1148|1438|946|56|83|56|83|0|210|460|322|298|229|162|249|73|44|23|42|50|8|499|443|310|359|189|260|217|224|211|224|6|2|40|96|40|96|0|210|614|652|208|256|406|451|796|740|796|740|0|210|2835|929|2528|855|307|248|135|280|135|280|0|210|654|722|654|722|0|210|150|276|150|276|0|210|4340|1351|1837|775|2503|1181|3406|1220|2385|1079|1021|444|1185|685|715|465|470|285|727|662|130|190|597|586|1610|694|358|237|1252|628|701|496|360|295|341|297|1230|736|423|520|807|524|490|411|264|283|226|287|8889|1998|4841|1441|4048|1352|18917|3166|12199|2625|6718|2096|419|376|406|375|13|24|352|246|352|246|0|210|258|189|38|63|220|179|81|134|81|134|0|210|352|303|275|247|77|113|33967|2568|20261|2196|13706|1975|24767|2653|18765|2373|6002|1369|4275|1572|3477|1423|798|504
02000G0US1|1327944|1413|1259791|4893|16463|1874|10736|1390|5727|1101|15763|1635|12659|1530|3104|796|26|4|0|210|26|4|1573|644|1402|631|171|77|779|352|440|216|339|215|5408|1268|4527|1153|881|367|10315|2056|6900|1616|3415|894|1152|809|969|771|183|214|645|388|428|303|217|205|1687|866|989|649|698|554|520|341|131|107|389|289|1712|1320|1225|1084|487|484|89|151|89|151|0|210|130|121|121|117|9|23|100|141|51|85|49|111|340|189|314|182|26|40|97|138|65|85|32|62|0|210|0|210|0|210|217|252|217|252|0|210|424|337|28|36|396|331|2099|1279|2009|1250|90|133|329|314|208|225|121|205|0|210|0|210|0|210|20|39|20|39|0|210|1881|659|1177|479|704|379|736|488|570|435|166|109|221|147|77|73|144|148|0|210|0|210|0|210|671|578|609|577|62|67|61|84|0|210|61|84|569|460|381|330|188|170|25|43|25|43|0|210|847|434|278|156|569|345|168|152|167|152|1|2|358|240|328|225|30|50|145|119|145|119|0|210|0|210|0|210|0|210|355|244|306|237|49|62|187|130|48|80|139|90|0|210|0|210|0|210|1336|334|1178|306|158|155|705|432|457|318|248|272
02000G0US2|5785648|9240|5459257|14061|156576|6874|93070|4885|63506|4333|4927|943|3828|776|1099|418|607|391|493|331|114|122|1731|608|1312|528|419|217|1229|475|995|400|234|238|48301|5864|36807|4908|11494|2286|58209|6533|39110|5066|19099|3382|798|893|794|891|4|11|1281|489|636|282|645|352|2380|583|1522|451|858|342|419|219|279|176|140|132|2679|1026|1380|558|1299|632|137|170|115|144|22|35|305|230|270|226|35|60|442|299|286|219|156|204|682|392|634|359|48|85|389|294|384|293|5|12|207|196|31|32|176|188|383|99|52|99|331|1|331|312|141|130|190|195|3175|963|2501|762|674|395|422|381|357|361|65|74|302|224|302|224|0|210|86|130|86|130|0|210|1507|475|752|380|755|299|1811|521|1335|473|476|333|1733|756|1188|550|545|375|1482|459|743|332|739|286|2021|734|804|420|1217|566|502|290|179|131|323|220|1394|633|573|308|821|492|1529|640|829|362|700|416|4384|948|2924|733|1460|595|3862|841|2047|540|1815|684|1989|639|1104|510|885|380|434|201|345|191|89|38|1479|607|455|266|1024|499|480|226|169|122|311|137|579|313|211|127|368|278|357|248|357|248|0|210|13229|2512|11257|2608|1972|1044|1621|445|952|211|669|383
02000G0US3|8070314|15050|7467696|20580|480973|12312|304831|8975|176142|8270|14315|1906|11528|1559|2787|1036|4804|2367|2421|1210|2383|1729|1703|618|1268|533|435|304|2917|1071|2197|999|720|408|24483|5125|17429|3176|7054|3005|9242|2475|6632|1716|2610|1225|833|613|775|608|58|93|3139|1297|2306|859|833|677|770|417|593|395|177|150|798|600|698|552|100|118|2283|852|1775|783|508|377|0|210|0|210|0|210|651|399|576|376|75|107|2663|1459|1287|785|1376|991|2575|1158|2107|1128|468|250|1056|622|845|567|211|218|102|181|102|181|0|210|483|395|223|192|260|323|518|253|290|168|228|163|1369|505|1190|434|179|146|529|527|464|515|65|103|260|316|260|316|0|210|253|254|235|258|18|38|3930|1417|1919|854|2011|1042|1618|679|1244|560|374|276|3096|794|1910|631|1186|521|1235|524|682|390|553|296|3135|910|1418|601|1717|709|706|493|68|96|638|460|1402|921|578|350|824|679|1535|920|665|448|870|626|6595|2035|4996|1484|1599|923|4880|1470|2772|1146|2108|1093|3668|1205|2401|902|1267|442|1136|674|886|453|250|398|434|271|326|261|108|87|1634|765|1292|615|342|323|877|457|644|478|233|154|157|146|46|49|111|129|8897|1563|7384|1331|1513|849|964|485|870|481|94|97
02000G0US4|1849181|8683|1605489|10304|126224|6199|85047|5444|41177|3247|3203|1059|2932|1018|271|222|67|95|11|20|56|95|906|545|662|508|244|193|1827|911|1552|880|275|145|7244|1730|6061|1459|1183|696|4183|1682|3723|1535|460|336|133|124|133|124|0|210|2459|860|1955|819|504|307|184|201|177|200|7|4|241|283|159|177|82|132|1067|427|830|356|237|235|0|210|0|210|0|210|555|317|384|314|171|70|0|210|0|210|0|210|262|186|191|186|71|7|153|132|149|131|4|9|320|292|96|111|224|202|43|268|43|268|0|210|232|300|175|284|57|107|1640|870|1440|793|200|183|0|210|0|210|0|210|174|183|174|183|0|210|0|210|0|210|0|210|2634|1059|1109|526|1525|887|1298|586|1183|576|115|98|1164|633|476|366|688|520|286|232|196|222|90|125|478|399|368|308|110|208|120|153|43|70|77|133|726|363|419|282|307|198|702|444|464|410|238|160|7819|1155|4506|824|3313|1070|2308|750|2034|707|274|182|2095|1145|1920|1116|175|97|64|44|64|44|0|210|648|212|133|158|515|125|146|181|69|113|77|148|891|742|576|433|315|384|36735|2138|27960|1986|8775|1135|33802|2588|29845|2435|3957|879|659|474|558|448|101|177
02000H0US1|4720502|2504|4434450|10943|109333|5203|71388|4115|37945|3612|28996|2254|23936|1944|5060|936|2110|1157|1375|925|735|498|6341|1423|4870|1212|1471|709|5339|1506|3745|1021|1594|700|17447|2701|13499|2224|3948|1055|37573|4356|25452|3524|12121|1865|2460|1159|2056|1068|404|268|7705|2880|4745|1823|2960|1466|6310|1806|3918|1332|2392|843|1082|488|329|174|753|460|5742|1802|4089|1595|1653|799|187|219|187|219|0|210|410|300|320|263|90|110|1245|1003|689|640|556|513|1635|740|1492|743|143|85|1473|752|1080|613|393|263|376|314|326|308|50|58|1397|974|1067|885|330|319|1691|782|1156|658|535|332|6638|1784|5117|1418|1521|952|1042|566|895|522|147|215|262|238|211|207|51|67|123|129|123|129|0|210|9806|1966|4704|1114|5102|1509|1443|641|1110|521|333|243|2015|697|1458|644|557|344|0|210|0|210|0|210|1586|836|1155|779|431|300|344|387|71|126|273|368|1533|680|940|509|593|351|1521|853|993|655|528|303|5352|1236|3480|980|1872|625|935|536|680|439|255|243|4981|2192|3713|1765|1268|1042|1147|529|1040|506|107|109|22|28|13|28|9|2|1801|657|1746|663|55|61|2149|1001|1468|1102|681|530|0|210|0|210|0|210|2009|590|1805|560|204|174|2491|767|1860|700|631|387
02000H0US2|13893686|8355|13022674|19817|476858|11106|286238|8599|190620|7948|14211|1959|10710|1578|3501|968|1832|700|1081|470|751|561|4434|842|3818|826|616|289|3122|851|2193|659|929|563|89903|7239|67791|6346|22112|2847|108804|9412|77413|7699|31391|4407|1970|957|1830|952|140|119|6398|2791|3591|1218|2807|1935|5778|1161|3799|897|1979|689|1377|538|913|466|464|308|5724|1347|3653|980|2071|743|145|171|115|144|30|38|1437|1139|977|638|460|548|1569|643|857|418|712|487|4037|1024|3572|1056|465|374|2217|791|1566|566|651|432|368|250|102|121|266|196|1415|457|756|403|659|154|2780|1030|1677|763|1103|547|8256|1716|6098|1317|2158|701|2345|1178|1724|898|621|402|1257|632|1130|612|127|184|520|291|471|264|49|63|9851|1936|6113|1557|3738|1122|7625|1521|4592|1189|3033|1049|5324|1505|3740|1104|1584|682|5520|1003|3376|794|2144|593|7012|1842|2593|1121|4419|1172|611|298|188|132|423|235|4606|1425|1855|731|2751|846|13704|2699|5673|1424|8031|2007|11223|1702|7456|1273|3767|846|7321|1677|4342|1223|2979|1141|9991|3028|6228|1865|3763|1479|1109|382|963|367|146|104|8962|2033|3227|1150|5735|1734|4964|1524|4231|1449|733|336|2664|944|1354|595|1310|655|620|345|562|343|58|70|18037|2589|15263|2657|2774|1091|5111|1171|2750|567|2361|1054
02000H0US3|18701154|15421|17062101|25798|1339650|18982|845719|17261|493931|13321|33636|3548|27718|3037|5918|1351|12851|3457|6091|1927|6760|2616|5305|1143|4299|1004|1006|461|6809|1657|5110|1547|1699|706|40027|5407|30517|3847|9510|2970|13775|2978|10240|2178|3535|1411|1536|749|1316|712|220|169|6985|1945|5453|1536|1532|777|2391|802|1571|563|820|504|2423|1186|1946|1009|477|336|6797|2039|4957|1668|1840|693|125|139|125|139|0|210|2051|771|1688|675|363|237|6875|2035|3441|1226|3434|1341|6127|2020|4570|1588|1557|859|2807|1009|2178|894|629|324|675|646|671|647|4|8|1681|853|1011|733|670|597|2569|1154|1736|1029|833|441|6036|2006|3976|1091|2060|1333|1699|691|1075|562|624|342|1037|749|1012|734|25|40|1340|631|968|554|372|226|16951|3024|9198|2158|7753|1969|5308|1466|3760|1093|1548|799|8417|1606|3761|830|4656|1286|2638|695|1717|635|921|455|11611|2526|4753|1135|6858|1821|1476|682|655|473|821|476|6065|1451|2921|805|3144|1140|5870|1804|2831|949|3039|1200|14758|2839|10667|2124|4091|1236|11476|2926|7731|2427|3745|1350|13349|2795|7864|1662|5485|1684|2478|1279|2001|1224|477|404|1771|1123|1362|1085|409|228|7521|2561|4976|1332|2545|1695|4002|1307|2850|1088|1152|711|343|216|232|185|111|129|12494|1689|10508|1484|1986|901|7318|2403|4428|1646|2890|1424
02000H0US4|6308284|7866|5305337|19431|675644|16436|439103|13769|236541|10531|12735|2436|11843|2401|892|446|91|95|35|21|56|95|4017|1315|3346|1247|671|452|5989|1701|5270|1637|719|353|17714|2603|15474|2246|2240|789|6572|1976|6020|1863|552|344|795|429|745|434|50|85|6530|1505|4775|1304|1755|695|2255|1063|2153|1047|102|108|503|482|238|212|265|310|5430|2038|3199|1283|2231|1225|96|83|56|83|40|2|1388|569|1055|528|333|256|489|468|293|333|196|182|1575|877|951|575|624|465|497|336|487|338|10|10|401|324|136|158|265|202|1020|773|387|427|633|484|2195|1102|1619|933|576|383|5563|1519|4828|1377|735|407|135|280|135|280|0|210|1034|820|1034|820|0|210|150|276|150|276|0|210|14662|2888|6198|1586|8464|2509|7872|1654|6053|1418|1819|589|6323|1919|3951|1519|2372|855|2914|923|951|682|1963|1030|4934|2193|1935|981|2999|1598|1125|563|502|333|623|340|2543|946|1343|720|1200|635|1807|748|1137|612|670|458|27064|2968|16116|2440|10948|1878|30406|4204|21834|3451|8572|2311|4359|1407|3894|1404|465|342|850|392|850|392|0|210|1097|268|238|189|859|199|682|370|543|332|139|174|1450|787|1058|508|392|401|75174|3299|52135|2986|23039|2095|60926|4156|50748|3964|10178|1707|5941|1893|4497|1617|1444|863
020C201US1|45199861|54905|32567307|85978|6071556|46247|3305039|40626|2766517|37775|281754|14118|216662|10655|65092|6821|373670|19518|227520|14573|146150|10888|230124|10206|163403|8805|66721|4964|491272|20636|270382|13376|220890|12293|99058|6981|90062|6570|8996|1429|231410|16293|124036|11980|107374|9476|114236|8854|85619|7558|28617|3437|346875|18731|168595|11794|178280|11896|174241|11913|109320|8234|64921|6601|58201|6631|38347|5362|19854|3596|120684|10869|64612|6621|56072|7103|20925|3755|15348|3153|5577|1627|58318|7769|37686|5167|20632|3948|146455|8962|98801|7355|47654|4852|220358|13184|180931|10957|39427|4332|145800|11395|99798|7964|46002|5238|54087|7656|34939|5676|19148|3116|224366|15086|109996|9069|114370|9291|106290|7900|70604|5658|35686|4815|173852|11122|119092|8683|54760|5687|87251|8326|69810|7077|17441|3724|73965|7957|60485|6576|13480|2646|71841|7326|53381|5730|18460|3720|991705|22345|432260|12360|559445|15829|59493|5251|37395|3838|22098|2909|215201|11175|102259|6795|112942|7526|728|634|351|326|377|329|131156|10444|55835|5429|75321|6965|40750|6125|17131|3400|23619|4144|34682|5004|15716|3137|18966|3276|116342|10498|63306|7275|53036|5569|195971|10806|146256|8849|49715|4304|25992|5004|13775|2952|12217|3584|317137|19209|207309|13718|109828|10026|100400|9550|87603|9167|12797|2558|45568|6955|29686|5178|15882|3422|215026|16130|162407|13660|52619|6520|59469|6736|40798|5425|18671|3454|76|121|76|121|0|210|3484|1073|2946|901|538|351|102785|9810|69205|6851|33580|5307
020C201US2|48050053|128570|40827118|110468|3557586|37565|2149157|32422|1408429|26375|140349|10626|93924|6795|46425|6677|31665|7520|16008|3889|15657|5349|57358|4806|40936|4486|16422|2614|43754|5096|32450|4417|11304|3032|119430|6022|104792|5677|14638|1982|27385|3646|23039|2963|4346|1727|43589|3958|34730|3340|8859|1974|107691|9724|62320|6329|45371|6107|191298|10711|111912|8371|79386|5978|76225|8822|50135|6976|26090|3597|111307|9408|60032|5858|51275|6270|5709|1406|4163|1088|1546|727|39232|6051|22957|3714|16275|3362|84710|8490|52617|6181|32093|4555|117921|9041|98505|8298|19416|2861|101728|9354|75618|6878|26110|4291|37254|5999|24349|4702|12905|2843|61161|7693|40416|5785|20745|4175|96673|10283|57399|5956|39274|7209|133392|10312|87067|7626|46325|5715|82810|7761|64184|6395|18626|3847|53057|5938|43408|4502|9649|2652|46289|6087|36556|4658|9733|2534|284155|11313|148999|7589|135156|7509|58013|5774|31420|3496|26593|3752|89676|7400|48651|4605|41025|4555|112302|7844|65620|6021|46682|5291|123894|10189|56590|5681|67304|6663|18561|3701|8845|1997|9716|2398|44446|4799|23243|3334|21203|2994|112207|10918|45941|5952|66266|7812|160279|8561|113274|7270|47005|4845|32731|4576|22455|3868|10276|2130|354101|19495|207585|14003|146516|10785|15978|2767|14881|2716|1097|631|199017|13416|113989|9949|85028|8470|128748|12948|101445|11714|27303|4021|77785|9706|47819|6505|29966|5657|478|377|444|377|34|54|10280|2242|8961|2094|1319|526|32711|4395|22753|3115|9958|2518
020C201US3|92456235|111648|69483666|121107|15796611|73477|9159838|55640|6636773|67012|422084|18562|333858|15506|88226|7815|534316|20615|301630|14720|232686|13751|100121|7154|81140|5911|18981|2852|348709|20829|237454|15872|111255|10270|217159|10322|191303|9003|25856|3033|48598|4757|44302|4499|4296|1316|48195|4851|39455|4117|8740|1722|191014|12937|121743|9351|69271|7041|54138|6575|40976|5226|13162|2511|58584|8336|43021|6737|15563|3209|97217|8763|60718|6156|36499|5151|7914|2164|6167|1939|1747|881|158896|13171|99485|8461|59411|7353|158823|11792|107507|8564|51316|5305|289932|12445|242565|11419|47367|5307|215586|14914|157486|11015|58100|6676|40951|6604|27784|4870|13167|3164|105972|8691|73858|6486|32114|3927|153387|12026|105117|8604|48270|7109|143026|10997|103152|8696|39874|5305|211112|12596|176093|11296|35019|4734|124336|10625|102459|8942|21877|3762|116375|9293|90205|7995|26170|3909|557577|17873|300662|11329|256915|11720|88926|7190|57754|5944|31172|3493|257316|13238|124806|7685|132510|8413|15813|3258|11796|2639|4017|1258|537087|21721|225306|13067|311781|14271|32740|4983|16349|3259|16391|2626|74580|8198|38137|4874|36443|5175|133949|10565|75677|6376|58272|6595|323246|13373|238104|10745|85142|5781|81177|9335|58239|8969|22938|3553|411340|19355|290430|16234|120910|7966|50574|7177|44817|6847|5757|1554|211993|18430|132677|12438|79316|9266|297669|18360|250764|15944|46905|6270|136567|14770|98844|11416|37723|7459|987|684|744|618|243|217|10948|1807|9734|1677|1214|518|107024|9464|81278|8106|25746|3762
020C201US4|66119279|62319|43323441|93311|14324727|80446|8849276|60354|5475451|55277|214074|10715|183285|9416|30789|3432|11438|2963|8492|2051|2946|1752|76450|5429|62132|4912|14318|2671|143356|9768|108243|8739|35113|3991|176198|8518|154965|7562|21233|2501|40531|5385|38138|5140|2393|658|33492|4329|28680|4184|4812|1213|289193|15964|165129|9523|124064|10217|44754|4708|35442|3988|9312|1922|47555|7115|31730|5362|15825|3311|114245|12005|62858|7518|51387|6589|207664|12932|115447|8591|92217|8522|291430|17174|181504|12791|109926|8438|65573|6090|49621|4580|15952|3128|289918|16983|245386|15984|44532|4808|86206|10202|64030|8182|22176|3847|193628|14779|121987|10802|71641|7247|52255|6571|36858|4708|15397|3405|104618|10098|77514|7856|27104|4158|133425|10388|96743|7224|36682|5221|112370|10517|93669|9056|18701|3755|97479|7821|87121|7303|10358|2329|71164|8260|59880|7140|11284|2318|1601018|25543|777140|17194|823878|17479|222107|11975|135321|8897|86786|5644|473877|20066|223849|12167|250028|12777|77461|8361|40367|5402|37094|5855|733709|23758|311445|13945|422264|15222|95464|9680|46959|6049|48505|5464|117608|10186|56559|5471|61049|7513|118597|10890|66689|6767|51908|6371|1043057|25451|704264|21372|338793|10730|319258|15619|204626|11555|114632|8540|293687|18714|198240|14396|95447|7775|59833|7282|50857|6669|8976|2403|146533|12720|93334|9474|53199|4941|58482|6940|49870|6522|8612|1986|74210|10034|50213|6938|23997|6402|49428|5052|39871|4560|9557|2135|29001|4109|25107|3965|3894|1428|60765|8184|38845|6043|21920|4336
020C243US1|8840812|56043|8244234|51506|206257|11063|137244|7924|69013|6303|43128|3193|35916|3032|7212|1031|5293|1873|3660|1514|1633|961|18956|2803|15518|2303|3438|1110|24146|4499|17147|3071|6999|2110|34305|4131|26560|3370|7745|1856|87828|8985|59227|6860|28601|4682|5332|1369|4549|1261|783|371|19110|4258|12869|3036|6241|2267|16224|3264|11052|2396|5172|1481|2512|1306|2017|1228|495|280|10243|2545|7174|1921|3069|1196|247|235|187|219|60|103|2218|920|1625|768|593|449|5456|2358|3771|1771|1685|939|6596|2718|5457|1737|1139|1152|4223|1789|3302|1581|921|521|1289|1000|609|503|680|772|1374|758|881|473|493|461|2775|1194|1655|825|1120|634|10884|2277|9384|1965|1500|625|5295|1990|4377|1736|918|716|1217|701|1085|674|132|151|2134|1315|2050|1315|84|8|21502|3350|11090|2164|10412|1770|4599|1319|3549|1149|1050|549|7233|2208|4193|1521|3040|1184|238|300|124|159|114|195|3874|1719|1524|818|2350|1140|1590|826|584|456|1006|740|2062|825|868|533|1194|489|5180|2323|3667|1888|1513|671|8828|1632|6216|1445|2612|791|1576|531|1000|424|576|338|7850|2036|5766|1771|2084|799|2845|1966|2365|1511|480|506|1045|944|960|933|85|103|2230|975|1983|936|247|172|2654|1210|2212|1082|442|369|0|210|0|210|0|210|2341|733|1990|673|351|257|3889|1091|2908|953|981|400
020C243US2|17055454|130943|16259556|129121|346151|11819|218198|9281|127953|6259|15670|1727|13077|1565|2593|745|1305|512|1129|454|176|165|5392|1251|4511|1208|881|335|4825|1508|4028|1471|797|408|120007|7942|91138|7171|28869|3068|144133|10832|100607|8965|43526|5140|2771|1249|2439|1220|332|258|7173|1422|4864|1082|2309|834|9629|1776|6401|1351|3228|1228|2609|1278|1875|841|734|582|9251|2166|5854|1615|3397|1002|199|186|169|163|30|38|642|389|352|195|290|329|2294|1291|1362|894|932|650|2326|971|1597|639|729|581|3180|1576|2647|1400|533|391|857|529|451|354|406|298|501|176|136|130|365|62|1692|833|1084|563|608|347|11695|2793|9188|2445|2507|733|2902|1415|2396|1287|506|377|888|564|869|563|19|25|1184|856|1136|843|48|86|9418|1812|6043|1420|3375|763|6277|1513|3999|1096|2278|954|4426|1188|2724|956|1702|612|9139|2688|6327|2534|2812|858|6552|1754|3401|1192|3151|958|546|272|292|189|254|185|3585|998|1831|625|1754|645|4318|1409|2299|844|2019|785|11424|1916|8766|1542|2658|707|5773|1373|3454|1177|2319|666|7098|2679|5057|1938|2041|995|1000|321|828|308|172|101|2969|1360|1886|910|1083|674|1680|683|1314|620|366|168|2128|827|1547|824|581|375|456|269|427|256|29|47|17579|2575|14864|2638|2715|1107|4254|743|3182|550|1072|482
020C243US3|30304078|112985|27691507|108734|2040455|41820|1294120|31537|746335|23698|59312|4258|50088|3869|9224|1759|15342|3744|8883|2496|6459|2321|11043|2258|9038|1982|2005|707|22377|5029|15686|3661|6691|2148|65428|5797|52230|4735|13198|3127|25432|4553|20527|3929|4905|1834|3410|1114|2972|1045|438|291|24553|5437|17468|4352|7085|2594|5770|1738|4256|1602|1514|535|2579|1361|2154|1160|425|300|12956|3231|8795|2621|4161|1597|632|399|565|389|67|114|7052|2891|5078|2205|1974|1003|9129|2924|5113|2081|4016|1372|14661|3011|10755|2499|3906|1433|5768|2401|4557|1886|1211|677|2564|1167|1884|1043|680|591|5840|2396|3563|1665|2277|1139|9108|3554|5709|2249|3399|2279|17364|5001|12769|3999|4595|1933|10658|3866|9933|3701|725|540|3735|1656|3133|1433|602|414|3752|1305|3034|1171|718|448|37874|6056|21062|4681|16812|3170|10555|2588|7425|1737|3130|1231|19976|3180|10147|2072|9829|1729|8749|2102|5059|1480|3690|1242|24502|4565|11955|2743|12547|2625|3284|1136|1563|709|1721|793|11666|2621|5553|1409|6113|1772|5578|1614|2639|902|2939|1067|30269|4336|21420|3132|8849|2135|10283|2548|7082|1936|3201|1164|21269|3496|16377|2904|4892|1137|3856|1985|3271|1803|585|490|2784|1203|1844|773|940|586|15658|5432|12082|4615|3576|1951|4289|1176|3841|1193|448|275|371|238|335|230|36|57|13858|1959|11354|1622|2504|1022|8830|2427|5096|1584|3734|1578
020C243US4|8555427|61337|7075238|54693|1026391|28577|660305|21114|366086|13415|18184|2632|15962|2403|2222|934|349|212|180|123|169|169|5647|1501|4594|1443|1053|652|12935|2678|10467|2331|2468|874|27097|2825|23866|2653|3231|1002|8766|2184|8055|1974|711|418|1164|581|996|536|168|145|12570|2908|8795|1852|3775|1664|2505|944|1533|654|972|551|953|495|756|397|197|216|8989|2649|6702|2243|2287|1086|1606|1304|1123|859|483|527|5651|2170|4938|2154|713|476|419|388|124|177|295|344|5838|2115|5223|2052|615|434|1535|996|1527|996|8|5|6642|2405|4272|1890|2370|1177|1722|1129|1219|881|503|475|1170|672|908|556|262|257|8985|2353|7453|1756|1532|1008|3032|1636|2492|1332|540|476|2247|1137|2118|1065|129|150|1399|1358|1361|1353|38|47|27972|4517|14088|2623|13884|2924|9288|2016|7291|1811|1997|609|11715|2720|5629|1720|6086|1941|3915|1889|2079|1254|1836|965|9821|2855|5249|1726|4572|1594|1602|777|738|447|864|515|5202|2032|3502|1796|1700|707|2970|1445|1889|1067|1081|686|29931|3798|20682|3340|9249|2116|23703|3347|16861|2945|6842|1341|10743|3745|8779|2961|1964|1268|1354|1071|1354|1071|0|210|2078|775|767|437|1311|581|2327|1525|2242|1519|85|149|2459|1157|1713|760|746|558|87260|4353|59074|3594|28186|2254|74558|4629|63446|4483|11112|1903|7495|2053|6014|1680|1481|1135
0300000US1|14434508|3019|11463124|32105|1295335|18108|757255|16672|538080|18471|123493|6894|98123|5639|25370|3397|117116|10048|72594|7314|44522|4999|54294|5018|40736|4343|13558|2280|328795|18099|176394|10868|152401|10957|32132|3369|29392|3246|2740|852|5436|1423|5002|1395|434|325|28430|3721|21742|2891|6688|2008|48893|5706|32678|4780|16215|2741|47942|5200|30215|3600|17727|3354|11441|2868|7148|1825|4293|1704|25502|4842|16402|3146|9100|2524|8571|2410|5901|2055|2670|1174|16130|3809|11770|2861|4360|1584|17138|3075|12593|2320|4545|1404|49304|6509|42669|5817|6635|1792|21801|3877|16487|3072|5314|1694|6809|2573|5057|2037|1752|1009|18006|3982|12328|2922|5678|1837|24460|4244|16739|3055|7721|2180|51484|6037|35848|4723|15636|3404|25273|4818|20383|4120|4890|1995|19703|3708|15182|2973|4521|1706|12799|3105|10659|2750|2140|1108|190365|10572|105356|6259|85009|6971|13311|2398|9544|2005|3767|968|27860|4158|16696|2815|11164|2354|356|393|206|248|150|169|55376|7135|24310|4269|31066|4501|31249|5585|13595|3275|17654|3622|16637|4007|7218|2452|9419|2230|21392|5037|14782|3506|6610|2864|25159|4336|17053|3029|8106|2054|6334|2093|3458|1041|2876|1518|65077|7942|42310|5524|22767|3901|13391|4009|11802|3461|1589|849|17902|4312|12389|3373|5513|2051|36935|5639|29642|4708|7293|1892|33174|5464|22825|4395|10349|2635|0|210|0|210|0|210|3060|969|2615|838|445|324|23519|5907|16330|4135|7189|3023
0300000US2|39606165|3974|29348417|69677|4982478|37911|2685028|35247|2297450|31796|201389|12753|154455|9615|46934|5962|261847|15131|158586|11880|103261|8999|194786|8904|138185|7269|56601|4349|186623|13183|111135|9267|75488|7448|101231|8017|87230|7329|14001|2220|313802|18848|178261|14057|135541|10283|91138|8307|68426|7465|22712|2752|317092|17568|148786|11098|168306|11521|142523|11957|90157|9006|52366|5363|49272|5880|33216|5287|16056|3067|105425|9990|55384|6131|50041|6402|12601|2423|9634|1907|2967|999|44406|6617|27541|3952|16865|3729|134773|9431|89979|7709|44794|4998|177650|12897|143719|10609|33931|4387|128222|11203|86613|8000|41609|4845|48567|6979|30491|5060|18076|3021|207734|15064|98549|9121|109185|9292|84605|7147|55520|4824|29085|4598|133252|9950|92628|7909|40624|4544|67273|7771|53804|6469|13469|3241|55479|7190|46388|6181|9091|2041|61176|6819|44772|5340|16404|3464|822842|20645|337994|10955|484848|14594|50781|4576|31400|3479|19381|2745|194574|11625|89756|6438|104818|7816|610|582|269|255|341|348|79654|6937|33049|3851|46605|4593|11091|2747|4120|1247|6971|1967|20107|3446|9366|2334|10741|2230|100130|9174|52191|6347|47939|4973|179640|10164|135419|8163|44221|4218|21234|4253|11317|2702|9917|2929|259910|17850|170765|13131|89145|9349|89854|8951|78166|8539|11688|2542|28711|5129|18257|3790|10454|2803|180321|16387|134748|13634|45573|6394|28949|4660|20185|3737|8764|2302|76|121|76|121|0|210|2765|876|2321|777|444|306|83155|7834|55783|5658|27372|4817
0300000US3|44591439|6137|38602391|45982|2926371|29750|1780872|26686|1145499|23634|108200|9391|73588|6077|34612|5725|24898|6233|11401|2841|13497|4867|55832|4852|40298|4650|15534|2506|38616|4957|28766|4608|9850|2773|165234|8780|134021|7923|31213|3161|142815|10621|101378|8677|41437|5104|43167|4275|34265|3673|8902|2004|87285|8993|50676|5766|36609|5409|194441|10950|113754|8525|80687|5992|52394|6836|36409|5610|15985|2636|104226|8748|55996|5793|48230|5646|5270|1572|3815|1189|1455|703|28339|4830|17087|3459|11252|2569|78867|8681|47511|6134|31356|4609|97327|8343|81617|7747|15710|2469|96086|9197|71625|6676|24461|4272|33717|5634|21602|4407|12115|2742|52997|7269|34899|5870|18098|3828|75840|9592|43190|5350|32650|6538|124180|9849|82160|7582|42020|5138|65326|6954|49986|5762|15340|3255|40665|5386|33162|4075|7503|2337|39311|5653|30410|4231|8901|2504|224807|10504|115433|7028|109374|6577|46736|5108|24185|2863|22551|3695|76757|6912|41028|4303|35729|4263|51039|4374|30853|3946|20186|3086|65165|6427|31667|4371|33498|3915|10941|2625|5036|1373|5905|1853|25127|3633|12578|2127|12549|2585|72549|7798|30905|4846|41644|5589|138363|8643|99649|7143|38714|4534|21793|3994|15097|3438|6696|1791|318721|17608|186670|14132|132051|9852|13872|2711|12959|2581|913|599|86817|9560|52013|6571|34804|5624|88102|11227|70473|9650|17629|3635|34612|6136|21789|4300|12823|4000|346|330|346|330|0|210|6881|1299|6058|1190|823|394|25016|3942|16859|2683|8157|2192
0300000US4|20514068|5605|18484283|32792|977366|17874|586483|15197|390883|13834|47819|4864|33413|4230|14406|2874|8072|3707|5736|2446|2336|1648|6918|1166|5149|875|1769|596|9963|2047|7712|1593|2251|932|74203|6304|61909|5959|12294|1801|28703|3771|22268|3278|6435|1669|3193|948|2904|928|289|239|27579|4656|16508|2990|11071|2893|6486|1876|4559|1478|1927|884|26440|5382|15601|3752|10839|2612|16332|3359|9890|2268|6442|1669|638|452|517|396|121|197|11535|3702|6222|1916|5313|2206|8137|2439|6468|2309|1669|682|22920|3410|18485|3064|4435|1246|8822|2060|6640|1795|2182|724|4394|1862|3198|1373|1196|760|8665|2428|5653|1617|3012|1373|22525|4545|15293|3510|7232|2271|20907|3946|14095|2776|6812|2387|20386|3792|16594|3265|3792|1472|13280|3055|11115|2369|2165|1301|8162|2974|7282|2859|880|550|68766|6073|39609|4192|29157|3573|17554|3431|11234|2383|6320|1906|17345|2724|10347|1885|6998|1631|70402|5680|41094|4492|29308|3820|65281|7214|28324|3743|36957|5016|8166|2249|4101|1377|4065|1259|22904|3948|12496|2613|10408|2162|43976|6376|17335|3176|26641|4580|33340|4007|22391|3206|10949|2080|16711|2644|10812|1989|5899|1403|42478|7046|25972|4845|16506|3932|3106|1007|2750|994|356|241|115169|11596|63862|7810|51307|7322|42326|6790|32286|5536|10040|2825|45301|6639|27577|4670|17724|3924|588|330|525|323|63|70|20978|2745|17767|2705|3211|1110|11949|2202|9076|1794|2873|1152
0300000US5|64597351|8734|51457018|69419|8322575|45000|4695638|39373|3626937|38524|308309|13973|237319|11722|70990|6718|525035|21032|294499|14481|230536|13483|93107|6457|75933|5786|17174|2508|296700|16707|196012|13053|100688|8148|165315|9197|145757|8285|19558|2696|42401|5318|38711|4961|3690|1295|41660|4577|34021|3815|7639|1642|163523|11655|102184|8730|61339|6619|46887|5839|34730|4769|12157|2285|37578|5731|27171|4469|10407|2448|78571|7924|48349|5154|30222|5385|5576|1615|4269|1376|1307|716|98867|9878|64424|6660|34443|5158|106073|9108|72421|7180|33652|3993|161150|10081|135690|9258|25460|3375|118034|10307|86774|7889|31260|4668|29796|5460|20694|4080|9102|2636|68490|7378|46495|5381|21995|3192|80674|7650|55728|5456|24946|5088|107454|10241|79911|7980|27543|4220|115923|10521|96835|9081|19088|3855|62352|7145|51375|5971|10977|2472|50601|6891|42680|5888|7921|2085|332274|15554|183605|10096|148669|9106|60069|6539|40291|5152|19778|2824|179798|11444|85869|6690|93929|7173|14747|2915|9735|2429|5012|1403|233960|12351|96218|6415|137742|8891|21493|4271|11331|2690|10162|2240|46779|6482|22803|3316|23976|4339|85620|8313|50462|5357|35158|4955|210031|11585|153337|9405|56694|5198|40716|4972|29264|4112|11452|1866|241048|15465|174457|12005|66591|6430|44817|7008|39408|6534|5409|1463|150440|14406|97396|10653|53044|6051|189264|13502|159161|12198|30103|4953|68529|9724|53216|7577|15313|4403|270|215|102|118|168|179|6510|1745|5066|1385|1444|963|87317|8288|66405|7081|20912|3333
0300000US6|18570102|6972|17292054|23409|763979|15545|416088|11919|347891|13480|31308|4641|24584|3848|6724|1742|7154|3005|3261|1410|3893|2592|5497|1719|3870|1172|1627|1106|10636|2601|7750|2037|2886|1419|34037|4062|27501|3111|6536|2467|15871|3552|11646|2905|4225|1549|2513|900|2184|826|329|286|8802|2383|6842|2042|1960|873|3304|1076|2626|927|678|377|6877|2929|3867|1861|3010|1517|11275|3785|6883|2559|4392|1721|159|188|78|132|81|138|7432|2023|4567|1566|2865|1346|15186|3194|8324|2163|6862|1710|14382|3483|10452|2569|3930|1620|5891|1916|4721|1760|1170|606|3170|1465|2250|1172|920|704|6193|2256|4463|1839|1730|966|11571|3191|6044|1897|5527|2208|13205|2805|8974|2479|4231|1672|9952|2541|7707|2207|2245|942|3395|1271|2680|992|715|571|4809|1966|3916|1787|893|515|41322|5282|20345|2655|20977|4178|10239|2268|5595|1632|4644|1296|20535|2799|7875|1667|12660|2178|122|134|102|133|20|36|26426|3195|13408|2152|13018|2112|4821|1697|2265|1023|2556|1417|10642|2229|5545|1504|5097|1415|13411|3481|6539|2008|6872|2161|21772|3423|15012|2638|6760|1568|6652|2240|4897|2177|1755|653|51712|7850|30998|6262|20714|4149|2615|1826|2201|1790|414|258|13465|6671|7025|3722|6440|4160|14931|4309|10073|2718|4858|2656|25199|7033|12529|4278|12670|4523|71|133|71|133|0|210|3893|1260|3350|1194|543|382|13622|3469|8120|2629|5502|2051
0300000US7|39592860|7440|28426101|62119|8750512|52573|5342232|47336|3408280|52448|141779|8937|122043|8334|19736|2954|17469|4084|12753|2859|4716|2650|12560|1909|10375|1797|2185|714|63750|10164|49378|7899|14372|4732|83235|6020|70275|4908|12960|2641|15758|3035|14472|3006|1286|622|7432|2136|6222|1978|1210|649|43242|5899|30185|4413|13057|3043|9717|2180|7876|1960|1841|782|16708|4681|14137|4282|2571|1008|20327|3360|14281|2809|6046|1638|2811|1362|2385|1291|426|390|59649|8782|35572|5760|24077|4736|46693|6880|31875|4765|14818|3155|129061|10205|107178|8860|21883|4236|97429|11265|70548|8319|26881|4920|10549|3232|6724|2042|3825|1893|37129|5214|26463|3948|10666|2499|70250|7644|49054|5956|21196|3917|39731|6513|27036|4323|12695|3968|95895|9230|81484|8808|14411|3066|62324|7991|51537|7168|10787|2702|64717|7724|46643|5627|18074|3640|221855|11907|117774|7336|104081|8493|29173|4088|19293|3265|9880|2123|76959|5987|41209|4533|35750|3909|9693|2282|7018|1840|2675|947|301203|19050|127635|11094|173568|13099|9710|2373|4316|1385|5394|1600|28825|4859|15342|3171|13483|2841|40496|6334|21315|3735|19181|3712|121712|8745|91175|7536|30537|3459|44092|7428|31160|7259|12932|2833|139849|11850|101352|10218|38497|4769|6998|1991|6479|1983|519|434|50872|8066|30100|5533|20772|4605|109132|11119|93612|9727|15520|3365|47128|7979|36940|7080|10188|3061|1017|639|906|626|111|129|14403|1954|12672|1784|1731|598|14915|3728|11849|3276|3066|1444
0300000US8|24319654|5183|19271719|43145|3628819|36304|2377133|32207|1251686|24404|70340|7942|60221|7062|10119|2253|2024|882|1625|780|399|371|21318|3079|17419|2647|3899|1689|36764|5254|30848|4361|5916|1784|69190|5163|60867|4479|8323|1768|19081|2977|17952|2801|1129|519|8646|2495|7707|2437|939|416|42293|5438|27003|3629|15290|3314|16748|3201|13177|2526|3571|1127|15361|3482|9033|2560|6328|2007|18950|3704|12159|2533|6791|2006|5903|2190|4068|1435|1835|1131|29134|5676|18293|3503|10841|2807|7170|2178|5322|1518|1848|1038|29907|4862|26476|4503|3431|1143|10028|3549|7328|2799|2700|1356|7544|3066|4503|1575|3041|2034|6968|2163|5191|1616|1777|929|21713|5393|14348|4083|7365|2142|37354|5957|28542|4283|8812|2467|17771|4111|15192|3712|2579|1349|16298|3594|14467|3252|1831|771|10469|2779|8934|2474|1535|782|118357|7389|64234|4621|54123|4914|31244|4641|21208|3813|10036|2107|51992|6755|31982|5176|20010|3666|3325|1360|2417|1045|908|540|70015|9162|30077|4602|39938|6064|8114|2341|3914|1371|4200|1562|20660|4709|11887|3626|8773|2068|20136|5156|11808|3184|8328|2717|147874|10342|107072|7951|40802|4880|44494|4235|30021|3159|14473|2649|60733|8383|41357|6339|19376|4263|9455|2054|8524|1996|931|567|43288|6611|28863|4714|14425|3088|15742|3941|14103|3786|1639|773|40466|8974|24345|6290|16121|5446|134790|5515|97466|4799|37324|2859|61794|4829|51859|4543|9935|2055|15663|4057|12399|3450|3264|1333
0300000US9|50355052|5125|31126960|80743|11722299|64054|7132448|48824|4589851|45949|161918|8677|139026|7603|22892|2763|9763|2862|7047|1970|2716|1678|60779|5024|49307|4452|11472|2187|119527|10262|87862|8926|31665|3869|134105|7104|117964|6651|16141|2003|30216|4383|28241|4243|1975|550|26010|3604|21969|3447|4041|1162|259470|15771|146921|9529|112549|9734|30511|4024|23798|3525|6713|1598|33147|6126|23453|4837|9694|2434|104284|12091|57401|7806|46883|6477|203367|12754|112502|8414|90865|8597|267947|16641|168149|12789|99798|8244|58822|6176|44423|4642|14399|3017|265849|15686|224133|14885|41716|4759|77713|9132|58229|7458|19484|3525|192726|14111|121756|10353|70970|7285|47009|6589|32886|4730|14123|3343|84075|8995|64074|7155|20001|3476|105056|8579|75654|6138|29402|4613|97631|9339|80969|8029|16662|3451|83428|6920|74772|6409|8656|2042|62094|8147|52307|7069|9787|2081|1510633|26477|726994|17869|783639|17462|200151|10658|121404|7844|78747|5351|433600|19410|197496|11674|236104|11501|78051|8115|40029|5188|38022|5847|673515|22214|286617|13627|386898|13902|88952|9870|43783|6126|45169|5518|102150|9723|48174|5031|53976|7057|101431|9347|56770|5755|44661|6099|925114|23890|617874|20542|307240|10190|298467|14812|191466|10729|107001|7732|243697|17081|165662|12374|78035|7686|51732|7126|43687|6518|8045|2330|105323|9651|65238|7385|40085|4218|45067|6721|38009|6246|7058|1885|36203|5700|27581|4394|8622|3124|1898|787|1479|742|419|295|41765|3984|36694|3892|5071|1187|52597|6685|32460|4741|20137|4026
03000A0US1|13815367|3068|10875583|32049|1290201|18102|753272|16638|536929|18503|109305|6832|86865|5539|22440|3486|117116|10048|72594|7314|44522|4999|53611|4963|40070|4333|13541|2281|328542|18117|176251|10881|152291|10962|29721|3166|27222|3134|2499|842|5075|1396|4653|1361|422|329|28378|3720|21690|2890|6688|2008|48728|5725|32520|4800|16208|2741|47848|5204|30164|3604|17684|3349|11098|2883|7057|1818|4041|1709|24957|4752|16118|3113|8839|2466|8482|2416|5812|2049|2670|1174|16063|3809|11712|2860|4351|1585|17089|3067|12593|2320|4496|1398|49263|6510|42628|5816|6635|1792|21801|3877|16487|3072|5314|1694|6809|2573|5057|2037|1752|1009|17871|3976|12193|2906|5678|1837|24123|4206|16739|3055|7384|2150|50324|5887|34700|4560|15624|3412|24992|4830|20223|4112|4769|1974|19703|3708|15182|2973|4521|1706|12779|3105|10639|2750|2140|1108|189264|10505|104743|6205|84521|6926|12891|2352|9188|1958|3703|968|27838|4157|16674|2815|11164|2354|356|393|206|248|150|169|54740|7045|23705|4162|31035|4507|31249|5585|13595|3275|17654|3622|16100|3946|6869|2385|9231|2234|21392|5037|14782|3506|6610|2864|24723|4306|16903|3040|7820|1990|6286|2092|3410|1043|2876|1518|65033|7943|42266|5524|22767|3901|13308|4019|11719|3472|1589|849|17902|4312|12389|3373|5513|2051|36649|5649|29356|4721|7293|1892|33095|5464|22825|4395|10270|2636|0|210|0|210|0|210|2066|917|1750|803|316|288|23013|5871|16072|4121|6941|2998
03000A0US2|38897362|3976|28676167|69630|4971149|37701|2678275|35276|2292874|31840|199814|12702|153054|9564|46760|5993|261821|15131|158586|11880|103235|8999|193896|8888|137449|7274|56447|4342|186097|13190|110838|9260|75259|7459|98234|8001|84873|7247|13361|2158|303848|18596|171710|13900|132138|10118|90038|8146|67509|7328|22529|2725|316612|17534|148516|11065|168096|11499|140930|11996|89219|8932|51711|5372|49095|5875|33176|5280|15919|3071|104258|9609|54443|5911|49815|6351|12601|2423|9634|1907|2967|999|44343|6632|27478|3963|16865|3729|134722|9416|89928|7697|44794|4998|177351|12894|143446|10601|33905|4389|128125|11170|86548|7980|41577|4836|48567|6979|30491|5060|18076|3021|207652|15048|98467|9095|109185|9292|84518|7154|55492|4826|29026|4602|132313|9842|91767|7861|40546|4516|67225|7775|53756|6467|13469|3241|55479|7190|46388|6181|9091|2041|61176|6819|44772|5340|16404|3464|822062|20598|337430|10854|484632|14605|50465|4605|31186|3489|19279|2752|194375|11597|89701|6421|104674|7799|610|582|269|255|341|348|79619|6942|33045|3853|46574|4598|11030|2752|4120|1247|6910|1971|20075|3445|9334|2331|10741|2230|100105|9177|52166|6350|47939|4973|179229|10217|135291|8172|43938|4229|21114|4238|11198|2694|9916|2929|259596|17853|170481|13143|89115|9346|89792|8949|78104|8541|11688|2542|28711|5129|18257|3790|10454|2803|180252|16388|134728|13644|45524|6384|28841|4652|20137|3734|8704|2288|76|121|76|121|0|210|2423|857|2008|759|415|293|82956|7857|55584|5686|27372|4817
03000A0US3|41833004|7078|35995382|44569|2869109|29289|1742978|26112|1126131|23206|105529|9271|71670|5996|33859|5706|24670|6250|11201|2871|13469|4866|54751|4803|39467|4603|15284|2480|38098|4928|28418|4562|9680|2792|140481|7886|115787|7084|24694|3032|98166|9216|73100|7850|25066|3860|42426|4270|33524|3595|8902|2004|86614|8907|50290|5713|36324|5352|192443|10977|112580|8554|79863|5980|52005|6808|36160|5576|15845|2615|103249|8530|55500|5681|47749|5601|5133|1516|3700|1142|1433|698|28230|4836|17013|3466|11217|2566|78475|8717|47271|6147|31204|4655|97204|8348|81501|7753|15703|2466|95841|9221|71385|6701|24456|4272|33522|5622|21583|4407|11939|2726|52997|7269|34899|5870|18098|3828|75743|9594|43149|5355|32594|6533|122011|9849|80599|7535|41412|5168|64939|6972|49657|5754|15282|3274|40457|5366|32954|4050|7503|2337|39225|5655|30324|4238|8901|2504|224093|10585|115028|7065|109065|6600|46139|5124|23700|2906|22439|3679|76223|6886|40754|4305|35469|4232|50665|4432|30581|3980|20084|3093|64267|6424|31338|4357|32929|3912|10895|2629|5036|1373|5859|1856|24906|3623|12425|2101|12481|2577|72190|7787|30632|4851|41558|5587|136383|8575|98376|7056|38007|4515|21045|3990|14613|3409|6432|1825|317793|17548|186076|14096|131717|9824|13594|2703|12699|2568|895|599|86566|9521|51790|6529|34776|5630|87892|11243|70330|9657|17562|3652|34402|6134|21731|4294|12671|3985|206|285|206|285|0|210|5144|1230|4471|1118|673|352|23901|3906|16231|2708|7670|2129
03000A0US4|17486855|8360|15632035|31544|878052|15923|531307|13973|346745|12840|45563|4857|31503|4251|14060|2844|7693|3758|5443|2457|2250|1684|6268|1082|4668|801|1600|589|9252|2028|7065|1548|2187|920|50655|4519|43336|4267|7319|1264|15143|2918|11436|2319|3707|1228|3136|949|2851|931|285|238|26969|4619|16258|2966|10711|2840|6104|1801|4211|1407|1893|880|26410|5378|15571|3748|10839|2612|14630|3375|9006|2224|5624|1705|638|452|517|396|121|197|11339|3690|6026|1907|5313|2206|8087|2440|6422|2311|1665|682|22361|3418|17967|3096|4394|1241|8678|2087|6496|1822|2182|724|4382|1862|3186|1373|1196|760|8282|2421|5601|1601|2681|1373|22291|4544|15193|3521|7098|2246|19901|3949|13155|2791|6746|2388|20351|3796|16566|3267|3785|1470|13186|3046|11021|2351|2165|1301|8162|2974|7282|2859|880|550|67973|6047|39262|4159|28711|3557|16340|3417|10384|2374|5956|1882|16146|2755|9433|1915|6713|1633|69294|5812|40623|4549|28671|3848|64158|7267|27849|3736|36309|5008|7710|2242|3922|1379|3788|1242|21731|3852|12076|2516|9655|2080|42806|6213|16779|3088|26027|4523|30936|3911|20740|3113|10196|2038|13597|2525|9249|1975|4348|1129|41417|7138|25462|4947|15955|3875|2950|984|2665|973|285|239|113941|11603|63630|7831|50311|7266|42056|6797|32260|5535|9796|2838|44932|6648|27424|4662|17508|3953|371|291|308|276|63|70|9486|1759|8097|1582|1389|527|11443|2138|8752|1786|2691|1089
03000A0US5|61347892|13283|48402683|68602|8172533|44616|4605823|39472|3566710|37308|304639|13692|234790|11659|69849|6739|520427|21457|292274|14450|228153|13442|92216|6378|75215|5762|17001|2485|295743|16638|195389|13013|100354|8158|161071|8986|142120|8059|18951|2659|40366|5017|36963|4720|3403|1232|41120|4516|33533|3718|7587|1643|161966|11795|101067|8838|60899|6631|46540|5829|34493|4770|12047|2266|37238|5743|26920|4472|10318|2446|77413|8096|47553|5386|29860|5342|5576|1615|4269|1376|1307|716|98444|9882|64001|6656|34443|5158|104332|9025|71782|7197|32550|3832|159893|9769|134508|8922|25385|3374|117303|10350|86224|7928|31079|4633|29694|5450|20592|4062|9102|2636|68086|7440|46316|5385|21770|3256|80518|7650|55616|5462|24902|5084|106496|10319|79077|8052|27419|4233|115667|10541|96644|9089|19023|3863|62092|7167|51115|5968|10977|2472|50495|6865|42592|5851|7903|2088|330881|15398|183153|10075|147728|8997|59179|6588|39585|5191|19594|2842|178107|11355|84974|6677|93133|7083|14566|2897|9690|2415|4876|1392|232356|12365|95439|6394|136917|8863|21243|4321|11285|2705|9958|2264|46510|6464|22654|3323|23856|4323|84626|8252|50051|5302|34575|4943|207694|11371|151427|9232|56267|5188|39267|4961|27946|4054|11321|1871|238804|15551|172848|12025|65956|6471|43921|6921|38745|6535|5176|1494|150073|14402|97137|10647|52936|6057|188257|13521|158485|12192|29772|4980|68216|9723|52980|7561|15236|4423|270|215|102|118|168|179|4711|1390|3808|1124|903|653|86660|8261|65748|7052|20912|3333
03000A0US6|16363082|13065|15141671|25652|730240|15389|392624|12068|337616|13231|29986|4630|23840|3872|6146|1691|7154|3005|3261|1410|3893|2592|5289|1717|3764|1166|1525|1101|9751|2462|6865|1883|2886|1419|30051|3361|25410|3077|4641|1176|10680|3203|8587|2666|2093|1139|2266|794|1937|709|329|286|8509|2355|6549|2010|1960|873|3080|1066|2431|911|649|378|6622|2853|3612|1776|3010|1517|11001|3780|6633|2553|4368|1721|159|188|78|132|81|138|7328|2017|4463|1567|2865|1346|14613|3122|7975|2119|6638|1685|13995|3448|10175|2549|3820|1610|5875|1911|4705|1754|1170|606|3170|1465|2250|1172|920|704|6193|2256|4463|1839|1730|966|11571|3191|6044|1897|5527|2208|13170|2809|8939|2483|4231|1672|9952|2541|7707|2207|2245|942|3395|1271|2680|992|715|571|4714|1992|3821|1819|893|515|40869|5276|19988|2658|20881|4177|10054|2246|5514|1608|4540|1309|20280|2810|7747|1703|12533|2189|122|134|102|133|20|36|26108|3126|13352|2135|12756|2044|4740|1699|2265|1023|2475|1399|10390|2205|5363|1461|5027|1419|13313|3467|6441|2002|6872|2161|19153|2902|13155|2387|5998|1313|6389|2213|4722|2177|1667|634|51656|7851|30987|6262|20669|4150|2433|1722|2019|1686|414|258|13426|6665|6986|3718|6440|4160|14577|4240|9719|2657|4858|2656|24794|7096|12224|4333|12570|4521|71|133|71|133|0|210|772|386|752|378|20|40|13500|3449|7998|2613|5502|2051
03000A0US7|36979025|12034|26163123|59337|8453320|52562|5150680|46522|3302640|51667|132456|8683|113788|8002|18668|2954|17273|4077|12557|2869|4716|2650|11956|1914|9931|1788|2025|680|62675|10023|48689|7833|13986|4722|66982|4662|58574|4038|8408|1859|13742|3099|12647|3080|1095|583|7386|2136|6182|1979|1204|651|41953|5907|29289|4374|12664|3023|9518|2120|7715|1899|1803|763|16505|4680|13945|4277|2560|1008|19476|3246|13552|2700|5924|1605|2811|1362|2385|1291|426|390|59525|8771|35523|5752|24002|4739|46344|6820|31576|4718|14768|3160|128130|10180|106530|8837|21600|4239|97120|11283|70269|8334|26851|4932|10549|3232|6724|2042|3825|1893|37050|5224|26419|3957|10631|2499|69888|7654|48876|5965|21012|3894|39355|6533|26715|4335|12640|3973|95622|9238|81211|8803|14411|3066|62324|7991|51537|7168|10787|2702|64665|7728|46591|5626|18074|3640|219771|11926|116664|7389|103107|8414|28630|4053|18836|3245|9794|2105|75809|5955|40322|4454|35487|3963|8639|2269|6381|1802|2258|917|299990|19046|127052|11104|172938|13076|9335|2356|4294|1380|5041|1565|27944|4802|15095|3174|12849|2804|40053|6288|21159|3698|18894|3714|120073|8867|89946|7643|30127|3500|40924|7221|29881|7216|11043|2517|138481|11815|100571|10164|37910|4771|6940|1983|6438|1973|502|434|50844|8068|30072|5534|20772|4605|108859|11120|93350|9720|15509|3364|46969|7995|36837|7103|10132|3060|860|624|860|624|0|210|10426|1781|9144|1685|1282|498|14730|3716|11758|3275|2972|1448
03000A0US8|23103233|9134|18195155|41781|3559825|35637|2330207|31562|1229618|24315|68848|7984|58824|7076|10024|2253|1972|864|1625|780|347|363|20728|3010|17073|2645|3655|1659|35519|4971|29878|4109|5641|1779|63796|4710|56433|4278|7363|1546|15286|2563|14617|2456|669|372|8528|2483|7589|2425|939|416|41420|5539|26169|3661|15251|3319|16583|3187|13019|2513|3564|1126|15292|3470|8964|2558|6328|2007|18663|3713|11872|2519|6791|2006|5903|2190|4068|1435|1835|1131|28773|5577|17976|3419|10797|2810|7170|2178|5322|1518|1848|1038|29907|4862|26476|4503|3431|1143|10024|3549|7328|2799|2696|1356|7544|3066|4503|1575|3041|2034|6925|2147|5148|1595|1777|929|21538|5385|14173|4098|7365|2142|36429|5961|27803|4306|8626|2437|17771|4111|15192|3712|2579|1349|16124|3567|14293|3229|1831|771|10469|2779|8934|2474|1535|782|117349|7358|63404|4599|53945|4895|30391|4608|20461|3844|9930|2079|51514|6742|31634|5155|19880|3675|3075|1391|2249|1064|826|540|69932|9155|29994|4599|39938|6064|8037|2354|3914|1371|4123|1562|20432|4706|11737|3626|8695|2064|19865|5164|11681|3176|8184|2732|146430|10261|105815|7873|40615|4866|43924|4142|29519|3101|14405|2638|59455|8334|40154|6332|19301|4263|9391|2055|8460|1998|931|567|43190|6610|28765|4716|14425|3088|15610|3906|14034|3745|1576|753|39645|9052|23839|6294|15806|5478|98151|5103|69602|4642|28549|2669|51105|4409|41964|4294|9141|1973|15545|4061|12382|3455|3163|1339
03000A0US9|49722292|6287|30598035|79904|11665069|64101|7094327|48699|4570742|46138|160207|8607|137491|7472|22716|2784|9748|2862|7036|1970|2712|1678|60463|4996|48991|4423|11472|2187|118945|10268|87280|8965|31665|3869|132255|7141|116337|6662|15918|1963|29828|4353|27853|4212|1975|550|25995|3600|21954|3443|4041|1162|257884|15824|145800|9529|112084|9769|30492|4024|23779|3527|6713|1598|32975|6101|23363|4824|9612|2429|103504|12058|56858|7796|46646|6462|203367|12754|112502|8414|90865|8597|267753|16640|168082|12788|99671|8245|58822|6176|44423|4642|14399|3017|265587|15669|223942|14873|41645|4759|77564|9128|58080|7462|19484|3525|192406|14032|121660|10345|70746|7243|47009|6589|32886|4730|14123|3343|84018|8965|64074|7155|19944|3449|104341|8528|74953|6135|29388|4610|97631|9339|80969|8029|16662|3451|83428|6920|74772|6409|8656|2042|62094|8147|52307|7069|9787|2081|1509007|26548|726715|17881|782292|17531|199706|10705|120968|7865|78738|5353|432914|19459|197368|11666|235546|11540|78015|8113|40001|5192|38014|5848|673120|22222|286332|13600|386788|13955|88909|9880|43740|6141|45169|5518|101652|9719|47905|5035|53747|7059|101000|9319|56433|5735|44567|6068|918739|23716|614625|20468|304114|10057|296729|14673|189934|10667|106795|7716|242880|17050|164945|12330|77935|7685|51732|7126|43687|6518|8045|2330|104773|9656|65203|7381|39570|4221|45053|6727|38009|6246|7044|1885|36133|5701|27511|4392|8622|3124|1802|788|1383|743|419|295|18652|3707|16744|3567|1908|798|52056|6674|31919|4706|20137|4026
03000C0US1|12692154|2717|9813131|31483|1267544|17874|736820|16186|530724|18256|99713|7127|78659|5763|21054|3460|116743|10070|72435|7357|44308|4993|52166|5027|38981|4381|13185|2269|326768|18139|174948|10903|151820|11002|27275|3051|25002|2975|2273|841|4763|1406|4341|1358|422|329|27893|3652|21266|2831|6627|1994|47658|5600|31729|4760|15929|2684|45729|4961|28413|3425|17316|3255|10853|2912|6985|1817|3868|1736|23648|4776|15232|3116|8416|2479|8482|2416|5812|2049|2670|1174|15783|3780|11513|2855|4270|1565|16875|3097|12379|2320|4496|1398|48676|6479|42103|5739|6573|1795|21501|3865|16280|3088|5221|1667|6724|2561|4972|2022|1752|1009|17195|3842|11517|2705|5678|1837|23489|4152|16105|2936|7384|2150|48250|5910|33135|4507|15115|3419|24525|4821|19756|4101|4769|1974|19703|3708|15182|2973|4521|1706|12779|3105|10639|2750|2140|1108|187283|10500|103887|6167|83396|6935|12420|2196|8784|1865|3636|935|27049|4174|16091|2811|10958|2364|356|393|206|248|150|169|54507|6995|23628|4172|30879|4461|31249|5585|13595|3275|17654|3622|15682|3943|6729|2385|8953|2219|20928|4992|14469|3469|6459|2864|22206|4024|15233|2954|6973|1791|5838|2059|3093|1030|2745|1511|63646|7803|41609|5548|22037|3619|13078|4009|11489|3461|1589|849|17893|4312|12389|3373|5504|2051|36149|5652|28856|4720|7293|1892|31494|5495|21766|4367|9728|2536|0|210|0|210|0|210|1885|823|1569|705|316|288|22625|5881|15684|4121|6941|2998
03000C0US2|36628017|3876|26563960|67962|4900936|36951|2634075|35154|2266861|32176|196173|12545|149983|9417|46190|5892|260110|14778|157370|11690|102740|8991|190573|8925|135070|7324|55503|4334|183311|13125|108836|9316|74475|7433|88641|7525|78121|6956|10520|2068|276902|18770|153470|13867|123432|9964|89215|8126|66846|7282|22369|2724|310622|17591|144990|10805|165632|11685|138426|12037|88041|8980|50385|5302|48778|5834|33050|5271|15728|3027|101537|9679|52465|5984|49072|6346|12503|2444|9536|1924|2967|999|44343|6632|27478|3963|16865|3729|133791|9486|89504|7814|44287|4906|176643|12950|142793|10661|33850|4396|127049|11192|85740|7982|41309|4858|48276|6955|30250|5051|18026|3020|207148|15087|98293|9120|108855|9291|83885|7191|54998|4821|28887|4605|129848|9669|90224|7662|39624|4425|66979|7759|53536|6446|13443|3247|55217|7168|46177|6186|9040|2041|61073|6825|44669|5344|16404|3464|816118|20560|334759|10780|481359|14744|50229|4564|31050|3453|19179|2740|193370|11593|88903|6447|104467|7762|610|582|269|255|341|348|78937|6850|32576|3797|46361|4598|10747|2666|4049|1251|6698|1880|19529|3358|8915|2223|10614|2220|99073|9180|51511|6347|47562|4975|177241|10145|133759|8034|43482|4259|20795|4292|11002|2720|9793|2947|256360|18058|167753|13261|88607|9402|89020|8924|77439|8516|11581|2531|28698|5123|18244|3782|10454|2803|179306|16476|133788|13753|45518|6385|28480|4614|19776|3696|8704|2288|76|121|76|121|0|210|1931|843|1562|745|369|279|81558|7822|54569|5632|26989|4826
03000C0US3|36639087|6900|31081599|44194|2732920|28686|1656211|25178|1076709|22748|100473|9143|67951|5880|32522|5606|23888|6211|10682|2873|13206|4827|52600|4750|37510|4537|15090|2480|36728|4826|27519|4601|9209|2652|109461|6714|93400|6237|16061|2447|52433|6016|39091|5248|13342|2769|41528|4148|32705|3504|8823|2001|84950|8910|48836|5732|36114|5342|189286|11023|110404|8597|78882|5974|51440|6725|35862|5518|15578|2576|101899|8648|54446|5655|47453|5640|5125|1514|3700|1142|1425|696|27452|4755|16526|3428|10926|2529|77407|8664|46759|6064|30648|4692|95144|8324|79742|7678|15402|2450|94563|9190|70329|6674|24234|4216|33411|5632|21512|4408|11899|2731|52524|7297|34518|5888|18006|3808|74161|9608|42322|5303|31839|6572|118178|9691|77862|7478|40316|5117|63616|6980|48696|5716|14920|3293|39662|5338|32254|3971|7408|2325|38947|5666|30095|4244|8852|2505|218804|10477|111887|6930|106917|6659|42474|5031|22258|2897|20216|3507|74236|6678|39454|4132|34782|4182|47024|4400|28252|3932|18772|3128|61686|6164|29951|4195|31735|3821|10831|2639|5036|1373|5795|1865|24002|3356|12160|2023|11842|2423|71098|7810|30129|4857|40969|5589|132320|8507|95472|6908|36848|4542|20212|3979|13822|3328|6390|1823|311258|17326|182104|13824|129154|9889|13325|2750|12430|2620|895|599|86387|9534|51706|6528|34681|5631|87120|11182|69573|9584|17547|3648|33763|6189|21248|4272|12515|4039|206|285|206|285|0|210|3523|1000|3071|958|452|274|21423|3730|15248|2727|6175|1835
03000C0US4|14572734|7318|12982401|28143|693959|13998|424906|12910|269053|11157|41335|4705|28340|3934|12995|2850|7250|3496|5374|2453|1876|1422|5716|1145|4119|865|1597|589|8729|1947|6766|1467|1963|905|40073|4002|34739|3966|5334|1041|10281|2288|7142|1697|3139|1188|2862|941|2634|897|228|240|23516|3543|14757|2558|8759|2212|5863|1779|4110|1402|1753|864|26017|5286|15235|3673|10782|2597|12935|3010|7787|1946|5148|1649|638|452|517|396|121|197|10985|3644|5806|1865|5179|2202|8028|2434|6363|2314|1665|682|21066|3361|16788|3050|4278|1194|8128|2045|6370|1793|1758|660|4332|1863|3186|1373|1146|767|7723|2396|5278|1587|2445|1360|21424|4419|14484|3427|6940|2210|18653|3865|12295|2733|6358|2397|19751|3794|16160|3262|3591|1487|13026|3089|10893|2395|2133|1299|8006|2958|7126|2845|880|550|64918|5874|37042|3942|27876|3663|14191|2988|8569|1895|5622|1865|14542|2670|8181|1824|6361|1606|68897|5823|40319|4567|28578|3851|61748|7034|27447|3687|34301|4872|7665|2241|3913|1378|3752|1240|19423|3728|11059|2478|8364|1990|31723|5534|12438|2875|19285|4056|28160|3800|19112|3137|9048|1896|10971|2172|7745|1720|3226|891|39950|7091|24310|4915|15640|3864|2544|957|2316|964|228|219|106637|11558|60942|7952|45695|7109|38344|6661|28955|5148|9389|2848|43486|6617|26764|4661|16722|3939|108|158|103|158|5|9|6299|1643|5491|1589|808|389|10431|2107|7937|1732|2494|1062
03000C0US5|57219087|11210|44636420|68485|7886551|42628|4437293|39110|3449258|37194|296765|13054|228393|11320|68372|6506|513963|21500|289114|14541|224849|13463|89798|6399|73125|5770|16673|2505|294155|16776|194242|13068|99913|8151|155794|8870|137775|7963|18019|2658|38932|5035|35767|4733|3165|1192|40856|4496|33375|3709|7481|1624|159438|11972|99105|8892|60333|6631|45490|5822|34015|4807|11475|2200|36139|5717|26073|4481|10066|2423|74718|7657|45799|4997|28919|5371|5524|1634|4217|1392|1307|716|97852|9841|63511|6639|34341|5136|102218|8945|70706|7039|31512|3920|158198|9850|133145|8964|25053|3367|116436|10229|85496|7918|30940|4617|29677|5450|20575|4064|9102|2636|67667|7451|45934|5358|21733|3257|80206|7671|55410|5488|24796|5089|103522|9924|77518|7964|26004|4001|115197|10519|96387|9091|18810|3857|61944|7232|50967|6041|10977|2472|50266|6844|42385|5846|7881|2080|326616|15401|180504|10121|146112|8952|57852|6485|38391|5054|19461|2859|175695|11046|84337|6679|91358|6843|13439|2830|8868|2323|4571|1363|229329|12346|94402|6446|134927|8763|20704|4273|10918|2727|9786|2234|44574|6197|21863|3267|22711|4114|81719|8170|48583|5304|33136|4867|204360|11270|148827|9140|55533|5196|36359|4650|25883|3763|10476|1888|234812|15430|170650|11971|64162|6428|42965|6783|37789|6410|5176|1494|149957|14417|97021|10665|52936|6057|187588|13459|157816|12155|29772|4980|66724|9702|51810|7586|14914|4386|236|208|68|104|168|179|4350|1345|3474|1079|876|650|84082|8245|64027|7136|20055|3247
03000C0US6|13059273|10708|11995309|23441|621756|13824|322932|11059|298824|12277|27231|4567|21533|3791|5698|1647|6915|2981|3189|1392|3726|2581|4593|1565|3234|1064|1359|1017|9038|2361|6423|1838|2615|1394|25035|3013|20955|2790|4080|995|7839|2490|6433|2153|1406|862|2108|774|1811|687|297|283|7748|2295|5921|1915|1827|875|2759|1045|2110|918|649|378|6500|2852|3597|1774|2903|1510|10430|3859|6071|2579|4359|1722|159|188|78|132|81|138|6968|1949|4196|1582|2772|1347|12736|2992|7092|2083|5644|1600|13122|3355|9809|2522|3313|1398|5379|1861|4361|1718|1018|596|2875|1400|1959|1041|916|704|6084|2241|4444|1838|1640|935|10519|3078|5126|1649|5393|2203|11885|2760|8038|2433|3847|1679|9418|2515|7409|2194|2009|918|3267|1247|2552|965|715|571|4343|1940|3621|1793|722|502|36309|5123|17887|2398|18422|4010|8736|2020|4935|1548|3801|1089|18436|2726|7238|1631|11198|2064|102|133|102|133|0|210|22817|2808|12129|2057|10688|1811|4539|1699|2064|968|2475|1399|9306|2114|5186|1460|4120|1195|12821|3281|6129|1903|6692|2147|16909|2648|11802|2288|5107|1130|4404|1398|3062|1355|1342|577|48177|7720|29473|6269|18704|3970|2206|1722|2019|1686|187|218|12699|6657|6520|3694|6179|4158|12205|3977|8080|2585|4125|2566|24474|7042|11925|4258|12549|4521|71|133|71|133|0|210|535|340|535|340|0|210|10511|2944|6679|2348|3832|1616
03000C0US7|33780799|8419|23481343|59846|7989109|51484|4848014|46786|3141095|50426|123764|8475|106302|7817|17462|2798|15929|3871|12119|2842|3810|2479|11468|1918|9520|1802|1948|673|61084|9961|47365|7710|13719|4720|61731|4722|54286|4039|7445|1709|13484|3095|12389|3083|1095|583|7105|2121|5925|1973|1180|648|41396|5881|28732|4363|12664|3023|9268|2126|7536|1917|1732|752|16101|4741|13559|4323|2542|1011|18228|3238|12686|2699|5542|1616|2738|1358|2312|1286|426|390|59077|8765|35168|5738|23909|4752|46123|6873|31381|4765|14742|3164|127146|10093|105796|8768|21350|4239|96732|11279|70008|8311|26724|4941|10288|3208|6463|2013|3825|1893|36380|5328|26032|4031|10348|2456|69201|7726|48554|5997|20647|3907|38947|6527|26389|4329|12558|3963|95456|9251|81155|8804|14301|3055|61823|8006|51061|7142|10762|2703|64178|7744|46265|5618|17913|3685|215575|11919|114135|7495|101440|8439|27585|3999|18093|3214|9492|2141|74744|5992|39617|4473|35127|3933|8383|2261|6168|1789|2215|921|297832|19085|125977|11094|171855|13043|9305|2347|4275|1377|5030|1562|26301|4712|13720|3086|12581|2767|39117|6338|20773|3716|18344|3742|117488|8755|88228|7629|29260|3430|39221|7217|28645|7144|10576|2464|136271|11718|98820|10029|37451|4781|6781|1961|6279|1952|502|434|50350|8013|29618|5462|20732|4607|106013|11085|91974|9838|14039|2898|45656|7991|36100|7150|9556|2892|708|607|708|607|0|210|7427|1657|6571|1543|856|431|13943|3680|11240|3231|2703|1420
03000C0US8|20687011|6790|16240676|39999|3209028|35936|2101263|32199|1107765|23034|63681|7880|53892|6875|9789|2275|1972|864|1625|780|347|363|19735|2949|16210|2589|3525|1653|33248|4945|27918|4140|5330|1764|58760|4742|52017|4326|6743|1498|13420|2462|12782|2365|638|371|8038|2467|7099|2404|939|416|39980|5482|25126|3610|14854|3319|15493|3206|12024|2507|3469|1124|15042|3471|8897|2555|6145|1997|17101|3585|10924|2481|6177|1914|5897|2190|4062|1435|1835|1131|28430|5596|17795|3429|10635|2795|6704|2091|5052|1421|1652|1034|29312|4836|26148|4488|3164|1137|10018|3549|7328|2799|2690|1357|7504|3061|4463|1596|3041|2034|6386|1974|4940|1563|1446|829|20234|5298|13322|4071|6912|2057|34557|5905|26102|4256|8455|2436|17636|4090|15057|3682|2579|1349|16124|3567|14293|3229|1831|771|10319|2729|8784|2412|1535|782|111362|7009|60578|4439|50784|4951|29448|4563|19609|3786|9839|2074|48682|6340|29458|4620|19224|3654|2791|1349|1965|1005|826|540|68610|9180|29842|4616|38768|6040|7562|2290|3834|1371|3728|1480|20369|4704|11731|3627|8638|2057|19590|5159|11658|3182|7932|2709|141198|10108|101650|7839|39548|4836|42972|4160|28808|3119|14164|2637|57568|8201|38557|6291|19011|4313|8689|1983|7758|1917|931|567|43123|6610|28698|4713|14425|3088|15211|3909|13697|3744|1514|756|39412|9087|23606|6318|15806|5478|59779|4708|45494|4093|14285|1925|26463|3616|23371|3437|3092|1273|14887|4035|11814|3441|3073|1339
03000C0US9|47679411|5281|28852666|79427|11466446|61670|6969215|49041|4497231|44690|155842|8621|133512|7505|22330|2797|9724|2863|7012|1970|2712|1678|58345|5012|47170|4397|11175|2124|117054|10061|85522|8756|31532|3869|126821|7252|111340|6766|15481|1939|29305|4284|27391|4140|1914|555|25823|3590|21832|3436|3991|1151|255253|15849|144023|9638|111230|9779|29511|4001|22798|3504|6713|1598|32963|6105|23351|4828|9612|2429|100703|12129|55437|7832|45266|6452|203277|12746|112452|8409|90825|8597|267263|16650|167592|12785|99671|8245|58799|6173|44400|4641|14399|3017|264869|15641|223510|14916|41359|4754|77226|9188|57742|7509|19484|3525|192365|14032|121660|10345|70705|7243|46571|6555|32750|4741|13821|3316|83359|8757|63481|6958|19878|3455|102290|8621|73266|6164|29024|4603|97631|9339|80969|8029|16662|3451|82568|6922|73912|6420|8656|2042|62094|8147|52307|7069|9787|2081|1502966|26594|724452|18031|778514|17646|194075|10390|116950|7617|77125|5300|430587|19641|196069|11815|234518|11651|75671|7980|39530|5165|36141|5704|669986|22116|284917|13603|385069|13768|88379|9858|43361|6139|45018|5497|99898|9648|46987|4959|52911|7029|100170|9270|55783|5750|44387|6006|904726|23671|607180|20404|297546|10281|269583|14238|170845|10777|98738|6953|242503|17051|164568|12350|77935|7685|51648|7121|43603|6510|8045|2330|104391|9649|65165|7384|39226|4193|44916|6750|37872|6266|7044|1885|35807|5709|27262|4379|8545|3140|1735|774|1316|726|419|295|16170|3601|14434|3437|1736|796|47432|6619|28548|4399|18884|4054
03000C1US1|3123091|8654|2090833|21378|555282|15702|312379|12253|242903|12571|28494|3869|21464|2971|7030|2435|42078|7467|25360|5728|16718|3318|10467|2522|8078|2501|2389|887|73342|8574|30219|4360|43123|6767|8338|2022|7425|1873|913|599|1870|993|1682|921|188|232|9410|2073|7617|1919|1793|856|14851|3090|9010|2308|5841|1623|7104|2477|4165|1675|2939|1171|3348|1523|1789|1178|1559|931|6648|2684|4073|1621|2575|1556|1764|833|1584|785|180|200|5947|2416|4271|1668|1676|1113|3750|1467|2788|1247|962|546|15400|3335|11804|2616|3596|1479|4901|1925|3604|1377|1297|1036|1562|824|1150|578|412|489|6916|2933|4508|1895|2408|1214|8038|2425|5325|1660|2713|1360|14279|3241|10246|2732|4033|1600|4656|1842|3411|1371|1245|1112|3226|1227|2586|1015|640|618|2383|1154|2137|1047|246|291|63612|6117|38239|3991|25373|3366|4133|1202|3016|992|1117|559|9004|1787|6347|1441|2657|1121|0|210|0|210|0|210|27050|5392|10068|2760|16982|3556|4224|2335|2075|1095|2149|1483|3881|1469|1153|601|2728|1273|8228|3653|6067|2506|2161|1510|5213|1977|3258|1506|1955|965|2836|1741|1335|744|1501|1351|16979|4364|11163|3170|5816|1802|4347|2502|4016|2098|331|455|11594|4364|7946|3440|3648|1796|17188|3936|13306|3477|3882|1456|10344|3188|5483|1753|4861|1922|0|210|0|210|0|210|525|375|525|375|0|210|9046|3049|5697|1570|3349|2408
03000C1US2|12647701|13529|7519941|47644|2536130|28208|1313451|21816|1222679|24859|114959|10425|85700|7968|29259|4773|136931|11355|80625|8295|56306|6127|70066|6678|49944|5294|20122|3007|68136|6705|33945|3754|34191|5626|27887|3721|26216|3649|1671|654|148957|14540|74762|10273|74195|9229|43243|5892|30908|5178|12335|2488|204862|16294|77738|9291|127124|11299|44899|7480|26299|5327|18600|3743|19720|3926|12393|3124|7327|2143|42272|7582|19513|4508|22759|5018|3824|1279|3054|1044|770|399|18315|4509|10112|2557|8203|2878|19265|3506|12638|2658|6627|1896|54066|7097|43863|6050|10203|1909|50763|7428|28909|5000|21854|3937|18947|4192|10789|2588|8158|2331|158395|13758|69040|8652|89355|8053|28043|5288|14407|2562|13636|3841|64168|7400|41069|5133|23099|3754|11834|2996|9215|2537|2619|1424|9032|2222|7023|1870|2009|998|16653|4599|10062|2923|6591|2591|568684|17088|197864|8254|370820|13533|24637|3877|14436|2966|10201|2085|71938|7673|35130|4103|36808|5092|356|497|190|241|166|270|33964|5126|14170|2569|19794|3367|5239|1742|1693|781|3546|1394|10469|2525|5210|1866|5259|1585|53131|7297|24448|4954|28683|4077|69352|6491|52200|5188|17152|2921|9557|2723|4333|1362|5224|2136|130583|15177|82311|11159|48272|7023|50748|7507|43060|6968|7688|2142|17530|4103|10709|3114|6821|2068|109661|12280|75333|9990|34328|5597|14669|4113|9043|2993|5626|2022|76|121|76|121|0|210|881|511|834|504|47|79|44918|6807|25925|4107|18993|4241
03000C1US3|12409681|19615|9900564|35095|1328089|26206|772847|19219|555242|18613|49241|6957|32779|4319|16462|4148|14580|4736|5721|1795|8859|4039|15498|3502|11550|3300|3948|1172|15957|3047|11024|2270|4933|2291|28804|3757|25308|3464|3496|925|5325|1416|4916|1417|409|305|10877|2153|8348|1793|2529|905|27672|4981|15156|2501|12516|3917|51536|5538|28434|3928|23102|3216|15239|3661|10096|2547|5143|1613|29004|4844|16362|3221|12642|3249|2284|1100|1452|779|832|548|15552|4029|9707|3160|5845|2245|26688|4411|17425|3462|9263|2631|44145|5591|37188|5392|6957|1650|34767|5974|24874|4348|9893|2825|10246|2955|7174|2199|3072|1420|29048|5923|18069|4270|10979|3035|38187|8010|19315|3762|18872|6021|32019|4720|20564|3758|11455|2546|29280|4916|21875|3846|7405|2488|17204|3808|14863|3315|2341|1069|14461|3297|10719|2317|3742|1761|127961|8576|60239|4787|67722|6296|19650|3767|9678|2203|9972|2497|32032|4231|19309|3136|12723|2176|27730|3702|14752|2482|12978|2678|21487|3589|10594|2592|10893|2079|4117|1782|2226|974|1891|1279|13250|2811|6198|1734|7052|1908|47574|7026|16270|3315|31304|5160|56042|6256|38842|5036|17200|3362|10596|3329|7719|2779|2877|1379|132921|12676|70272|7763|62649|7916|6279|1802|6190|1796|89|75|46250|7092|24884|4894|21366|4470|47376|8372|35417|7101|11959|2918|22295|5457|12463|3698|9832|3518|23|36|23|36|0|210|1280|611|1216|600|64|99|6551|1962|3812|1184|2739|1387
03000C1US4|5984094|10601|5092282|22171|408221|13648|241262|11128|166959|9287|24335|3221|15519|2394|8816|2465|3947|1689|2963|1532|984|712|2412|656|2045|594|367|229|3655|1271|2494|916|1161|771|13427|2339|11894|2127|1533|604|3534|1782|2255|962|1279|1178|1486|750|1380|738|106|130|11736|2708|6870|1907|4866|1664|2955|1228|2297|1092|658|612|7041|2208|4447|1728|2594|1056|6878|1860|4115|1358|2763|1122|255|250|255|250|0|210|6416|2805|3178|1273|3238|1840|4055|2110|3329|2000|726|425|11923|2579|9037|2091|2886|971|4803|1335|3626|1177|1177|564|2059|1281|1405|746|654|656|4176|1605|3098|1161|1078|641|13247|3726|8619|2702|4628|1924|10347|3262|7123|2273|3224|1655|8883|2182|6825|1913|2058|1031|7936|2566|6027|1775|1909|1304|4347|2675|3824|2609|523|434|31829|4360|19005|3040|12824|2736|7601|2193|5212|1570|2389|1080|7553|1735|4760|1356|2793|993|33792|4579|17707|3253|16085|3405|36214|4880|15378|2243|20836|3767|4085|1677|1698|722|2387|1059|9605|2182|5549|1567|4056|1236|24278|5334|7621|2336|16657|4048|12733|2688|7996|1979|4737|1414|7292|1964|5439|1639|1853|710|21376|4101|11258|2272|10118|3125|1158|680|1158|680|0|210|73397|11342|39017|7048|34380|6733|18808|5129|13899|4163|4909|2164|24631|6094|13982|3630|10649|3756|103|158|103|158|0|210|3657|1342|3141|1309|516|293|5626|1409|4642|1301|984|563
03000C1US5|16785783|25655|13227574|47352|2142919|33870|1222621|24883|920298|24298|103468|7446|81849|6238|21619|3538|143708|13045|75389|9361|68319|8083|34009|4060|28264|3508|5745|1566|103936|10908|66251|7727|37685|5801|50159|4770|43259|4165|6900|1636|10043|2597|9433|2536|610|424|13201|2505|11489|2264|1712|1040|50775|6699|33186|4472|17589|3761|13867|3362|10462|2629|3405|1401|12096|2522|8154|1743|3942|1463|21664|3881|14197|3014|7467|1780|2338|1004|1956|820|382|387|26761|4365|18931|3239|7830|2152|27963|4106|20566|3351|7397|1742|45103|5333|39218|4709|5885|1725|24321|5459|19654|4805|4667|1666|4371|1901|3135|1599|1236|808|16961|3055|12489|2534|4472|1328|24143|5897|15911|3013|8232|3980|33650|5103|24581|4043|9069|2847|34628|5574|27030|4538|7598|2566|17189|3701|13457|2755|3732|1948|13076|3418|11311|2775|1765|1159|109149|7969|63592|4895|45557|5314|22597|3354|15049|2489|7548|1974|44161|5836|24963|3427|19198|3347|2560|1042|2105|878|455|355|57379|5874|26278|3439|31101|4076|6970|1917|3758|1266|3212|1115|13881|3921|5431|1559|8450|2958|23953|3829|14567|2400|9386|2250|76735|6470|56064|5219|20671|3386|12250|2859|8590|2292|3660|1097|70752|8670|51715|6384|19037|3624|11010|2360|10111|2371|899|677|45847|9687|28367|6998|17480|4077|41602|7319|36578|6333|5024|2270|22942|5768|17400|3879|5542|3193|0|210|0|210|0|210|1683|755|1507|718|176|194|24389|4777|18336|4043|6053|1993
03000C1US6|5037352|11974|4433640|21172|346799|11242|160476|9414|186323|10778|15320|3650|11661|2944|3659|1499|5163|2990|1745|1164|3418|2548|2478|1310|1582|837|896|914|4558|1864|3116|1331|1442|1244|11364|2287|9163|2153|2201|750|1721|1068|1552|1061|169|260|880|601|728|474|152|246|4488|1474|3358|1314|1130|717|1083|740|925|708|158|155|4442|2558|2557|1492|1885|1316|4954|2575|2892|1442|2062|1382|0|210|0|210|0|210|4060|1385|2081|971|1979|1118|5747|2428|2842|1406|2905|1385|4670|1643|3961|1476|709|547|3417|1692|2979|1613|438|370|248|239|168|192|80|133|4525|2029|3021|1574|1504|960|7826|2772|3731|1499|4095|1926|8249|2495|4921|2153|3328|1615|6005|2485|4893|2093|1112|717|1881|1038|1430|723|451|521|1846|954|1541|797|305|279|17999|3369|9315|1793|8684|2735|4409|1214|2129|861|2280|865|10772|2285|3759|1273|7013|1864|42|75|42|75|0|210|11110|2489|6103|1899|5007|1344|3439|1509|1423|798|2016|1311|4630|1708|2701|1215|1929|933|10302|3223|4914|1801|5388|2047|9325|2089|6684|1814|2641|923|1073|776|679|541|394|283|29983|6662|19029|5237|10954|2854|1896|1654|1709|1616|187|218|11282|6618|5417|3574|5865|4142|9446|3746|6003|2271|3443|2458|19995|7134|8595|4198|11400|4500|0|210|0|210|0|210|101|118|101|118|0|210|6184|2668|4424|2262|1760|1032
03000C1US7|16005176|21872|10323303|55424|4582574|50141|2719989|36117|1862585|36046|59317|6501|51328|5792|7989|1930|8101|2493|7031|2282|1070|631|5892|1495|4898|1390|994|529|33352|6999|25017|5228|8335|4470|32030|3836|27696|3525|4334|1212|5523|1403|4985|1328|538|418|4442|1725|3698|1609|744|510|16238|3161|11641|2597|4597|1551|4677|1601|4005|1526|672|457|7312|2492|5958|2288|1354|730|8501|1955|6642|1679|1859|728|1467|1258|1395|1264|72|89|29934|5733|15247|3095|14687|4056|23229|5613|16708|3883|6521|2365|62232|7552|52977|6510|9255|2492|38223|6375|28349|5236|9874|2368|2470|1109|2063|977|407|254|15987|2798|11554|2233|4433|1249|32026|5009|22852|3709|9174|2949|21775|5013|13235|2836|8540|3635|42140|6950|36557|6374|5583|1791|27249|4663|21195|3734|6054|2411|22983|3998|17764|3540|5219|2152|112282|7853|63139|5301|49143|5564|17088|3288|11563|2930|5525|1535|30695|4099|17531|2751|13164|2544|3654|1315|2887|1124|767|476|130907|11542|56845|5855|74062|8257|3684|1506|1952|933|1732|876|12932|2666|7052|1711|5880|1630|20151|3894|10854|2661|9297|2432|49831|5008|38384|3926|11447|2447|28968|6614|20283|6669|8685|2417|71279|10069|50871|7970|20408|4088|4962|1607|4703|1599|259|292|26335|5920|13563|3711|12772|3563|46076|6936|39814|6355|6262|1744|23155|5076|17137|4658|6018|2503|467|577|467|577|0|210|2818|1145|2227|926|591|405|8915|3241|7256|2980|1659|1146
03000C1US8|10497249|15137|7984103|38585|1846375|36250|1210421|28484|635954|20669|39462|5764|33667|5330|5795|1588|1599|836|1252|754|347|363|7487|1498|6372|1401|1115|553|14784|3070|12889|2959|1895|914|30782|3959|26965|3401|3817|1297|6377|1937|6241|1886|136|196|5369|2346|4916|2286|453|377|21292|3990|13609|2397|7683|2524|7201|2232|5745|1790|1456|811|9856|2402|5821|1703|4035|1755|8302|2155|5213|1444|3089|1525|2897|1287|2046|1042|851|571|18355|4724|11026|2735|7329|2550|4404|1367|3519|1099|885|516|20290|4121|17952|3763|2338|1053|5073|2546|3824|2252|1249|928|2637|1725|1207|727|1430|1307|5450|1887|4358|1536|1092|703|11352|3765|7861|3148|3491|1190|18447|4101|13491|2820|4956|1886|13829|3734|11804|3430|2025|1238|9704|3129|8484|2732|1220|716|6582|2158|5419|1781|1163|683|57034|5375|33892|3474|23142|3122|15569|3275|10110|2618|5459|1548|27752|4857|17866|4120|9886|1975|481|355|358|304|123|161|37149|6347|16873|3589|20276|3954|3682|1530|2306|1130|1376|778|12720|3926|7371|3091|5349|1608|13786|4622|8264|2759|5522|2467|74584|7526|54473|5966|20111|3349|18715|3414|10997|2247|7718|2264|31128|6169|21061|4033|10067|3519|5193|1671|4621|1582|572|514|23129|4570|15670|3693|7459|1824|9472|3208|8206|3081|1266|682|24033|7314|13545|4438|10488|4796|23573|4319|19020|3460|4553|1531|6934|1669|6182|1563|752|604|10306|3765|8483|3166|1823|1114
03000C1US9|22169774|18473|12822235|52144|5236539|44172|3129968|39623|2106571|30336|92064|6852|79545|6362|12519|2089|6141|2156|4773|1554|1368|1143|32851|4181|26881|3957|5970|1355|57969|7018|44439|6068|13530|2613|65350|5688|57697|5486|7653|1291|15331|2841|14601|2805|730|312|12637|2877|10769|2604|1868|896|145195|10192|79485|6201|65710|7288|16429|2412|13832|2359|2597|1021|17582|4334|12908|3457|4674|1644|44680|6764|25028|4717|19652|3390|176160|11592|95299|7992|80861|7623|143229|11486|89891|7909|53338|6214|32043|4290|25568|3458|6475|1875|171987|12723|148398|12204|23589|3743|43394|8654|33252|7523|10142|2392|93532|10387|60897|8213|32635|4097|32592|5383|22397|3805|10195|2895|49836|6649|40830|5738|9006|2008|50565|6036|37590|4720|12975|3138|63831|7630|53052|6539|10779|2516|52746|6155|47560|5864|5186|1652|39649|6069|32689|5247|6960|2003|821529|21790|419542|14174|401987|14910|117670|7916|69459|5822|48211|3803|247758|14469|114369|8576|133389|9447|45641|6645|24123|4208|21518|4451|367692|16307|157274|10068|210418|10609|56126|7951|27114|4916|29012|4154|53472|6133|24992|3467|28480|4381|55268|7689|30956|4298|24312|4732|469388|21303|311117|16199|158271|9333|130839|12312|80428|8732|50411|5711|114633|10066|81308|8205|33325|4021|34961|6048|28961|5289|6000|2148|56826|8718|35878|6710|20948|3495|25690|4601|21402|4204|4288|1460|20271|4733|14760|3163|5511|3065|628|411|500|426|128|154|10264|2852|8966|2675|1298|728|26551|4503|14048|2949|12503|3252
03000C2US1|9569063|9326|7722298|26089|712262|18396|424441|12942|287821|14111|71219|5024|57195|4338|14024|2126|74665|8700|47075|6062|27590|4228|41699|4954|30903|4211|10796|2074|253426|16630|144729|10929|108697|9108|18937|2784|17577|2668|1360|536|2893|917|2659|871|234|249|18483|2887|13649|2286|4834|1702|32807|4284|22719|3769|10088|1987|38625|4232|24248|3102|14377|2932|7505|2458|5196|1643|2309|1216|17000|4016|11159|2704|5841|1904|6718|2208|4228|1748|2490|1199|9836|3189|7242|2443|2594|1190|13125|2891|9591|2216|3534|1253|33276|5554|30299|5013|2977|1187|16600|3392|12676|2853|3924|1297|5162|2444|3822|1950|1340|874|10279|2570|7009|1827|3270|1457|15451|3142|10780|2239|4671|1700|33971|4672|22889|3290|11082|2917|19869|4321|16345|3745|3524|1679|16477|3338|12596|2773|3881|1564|10396|2826|8502|2414|1894|1064|123671|8346|65648|5362|58023|5634|8287|1811|5768|1570|2519|863|18045|3344|9744|2058|8301|2025|356|393|206|248|150|169|27457|4987|13560|3175|13897|2713|27025|5426|11520|3197|15505|3478|11801|3421|5576|2156|6225|1887|12700|3339|8402|2295|4298|2442|16993|3420|11975|2578|5018|1504|3002|996|1758|836|1244|581|46667|6351|30446|4615|16221|3221|8731|2965|7473|2501|1258|808|6299|2124|4443|1583|1856|1091|18961|3831|15550|3392|3411|1248|21150|4303|16283|3869|4867|1915|0|210|0|210|0|210|1360|685|1044|553|316|288|13579|4428|9987|3643|3592|1421
03000C2US2|23980316|13657|19044019|47184|2364806|28469|1320624|25440|1044182|20153|81214|7456|64283|5707|16931|3354|123179|10888|76745|8561|46434|6745|120507|6909|85126|5555|35381|3421|115175|12191|74891|8904|40284|5613|60754|6199|51905|5539|8849|1970|127945|14774|78708|10696|49237|7424|45972|5431|35938|5165|10034|1434|105760|10167|67252|7381|38508|5114|93527|9445|61742|6740|31785|4467|29058|5034|20657|4436|8401|2025|59265|7976|32952|4846|26313|4462|8679|2252|6482|1765|2197|858|26028|4509|17366|2818|8662|2537|114526|9570|76866|7977|37660|4316|122577|10186|98930|8570|23647|3670|76286|8430|56831|6506|19455|3172|29329|5392|19461|3887|9868|2227|48753|6075|29253|3650|19500|3798|55842|5362|40591|4475|15251|2535|65680|8338|49155|6785|16525|2859|55145|6586|44321|5401|10824|2950|46185|6379|39154|5477|7031|1874|44420|5761|34607|4788|9813|2137|247434|10435|136895|7446|110539|6986|25592|2675|16614|2343|8978|1514|121432|7863|53773|5063|67659|5023|254|310|79|97|175|220|44973|5747|18406|2691|26567|4077|5508|1932|2356|852|3152|1413|9060|1978|3705|1020|5355|1685|45942|6579|27063|4584|18879|2979|107889|8164|81559|6750|26330|2972|11238|3004|6669|2344|4569|1727|125777|11677|85442|9643|40335|5120|38272|5731|34379|5505|3893|1157|11168|3276|7535|2600|3633|1624|69645|8799|58455|8360|11190|2571|13811|3327|10733|2641|3078|1464|0|210|0|210|0|210|1050|589|728|459|322|270|36640|4620|28644|4232|7996|1728
03000C2US3|24229406|20273|21181035|39245|1404831|25353|883364|19394|521467|16164|51232|6329|35172|4443|16060|3897|9308|3325|4961|2320|4347|2026|37102|3535|25960|3071|11142|2129|20771|4226|16495|4025|4276|1322|80657|5895|68092|5349|12565|2367|47108|5903|34175|5137|12933|2800|30651|4050|24357|3322|6294|1935|57278|6822|33680|4556|23598|3793|137750|9528|81970|7165|55780|5251|36201|5118|25766|4326|10435|1977|72895|7955|38084|4606|34811|5016|2841|1266|2248|967|593|469|11900|2479|6819|1782|5081|1250|50719|7138|29334|4553|21385|3745|50999|5515|42554|4807|8445|1714|59796|7308|45455|5765|14341|3456|23165|4768|14338|3733|8827|2414|23476|6641|16449|5215|7027|2701|35974|6586|23007|4443|12967|3138|86159|8326|57298|5849|28861|4560|34336|4988|26821|4158|7515|2145|22458|4078|17391|3018|5067|1899|24486|4189|19376|3508|5110|1653|90843|6903|51648|4596|39195|3481|22824|3503|12580|2252|10244|2331|42204|5078|20145|2507|22059|3757|19294|4207|13500|3864|5794|1828|40199|5212|19357|3107|20842|3332|6714|1929|2810|1152|3904|1302|10752|1924|5962|1440|4790|1246|23524|4656|13859|3861|9665|2305|76278|5940|56630|5080|19648|2987|9616|2231|6103|1580|3513|1104|178337|12925|111832|10548|66505|7541|7046|2130|6240|2019|806|619|40137|5946|26822|4470|13315|3068|39744|6933|34156|6169|5588|1829|11468|3285|8785|2494|2683|1631|183|283|183|283|0|210|2243|731|1855|609|388|287|14872|2959|11436|2392|3436|1190
03000C2US4|8588640|12824|7890119|21637|285738|11078|183644|9571|102094|7072|17000|2718|12821|2453|4179|1144|3303|2976|2411|1834|892|1231|3304|816|2074|557|1230|525|5074|1331|4272|1193|802|365|26646|3716|22845|3616|3801|856|6747|1951|4887|1412|1860|949|1376|507|1254|465|122|201|11780|2641|7887|2079|3893|1212|2908|1212|1813|792|1095|588|18976|4341|10788|2790|8188|2341|6057|2020|3672|1304|2385|1081|383|380|262|301|121|197|4569|1882|2628|1117|1941|1076|3973|1602|3034|1342|939|614|9143|2360|7751|2235|1392|644|3325|1464|2744|1310|581|318|2273|1291|1781|1116|492|394|3547|1649|2180|1018|1367|1148|8177|2376|5865|1969|2312|1190|8306|2462|5172|1365|3134|1884|10868|2958|9335|2627|1533|1085|5090|1644|4866|1621|224|157|3659|1272|3302|1160|357|283|33089|3790|18037|2377|15052|2517|6590|2160|3357|1284|3233|1573|6989|1688|3421|1007|3568|1198|35105|4019|22612|2903|12493|2468|25534|4349|12069|2697|13465|2559|3580|1421|2215|1072|1365|706|9818|2568|5510|1674|4308|1415|7445|2640|4817|2154|2628|1019|15427|2925|11116|2403|4311|1464|3679|1076|2306|974|1373|456|18574|5236|13052|3895|5522|1845|1386|718|1158|673|228|219|33240|6085|21925|5048|11315|2307|19536|4253|15056|3205|4480|2014|18855|4074|12782|3579|6073|1823|5|9|0|210|5|9|2642|708|2350|649|292|230|4805|1521|3295|1061|1510|892
03000C2US5|40433304|27319|31408846|53337|5743632|34653|3214672|32282|2528960|34291|193297|12196|146544|10092|46753|5412|370255|19399|213725|13069|156530|12140|55789|5153|44861|4623|10928|1898|190219|14527|127991|10786|62228|6267|105635|8188|94516|7450|11119|2043|28889|4639|26334|4350|2555|1135|27655|4033|21886|3553|5769|1265|108663|10032|65919|7044|42744|6105|31623|4887|23553|4044|8070|1692|24043|5373|17919|4248|6124|2106|53054|6142|31602|4251|21452|4521|3186|1304|2261|1079|925|590|71091|8912|44580|5926|26511|4715|74255|7862|50140|6037|24115|3755|113095|8670|93927|7807|19168|2918|92115|9216|65842|6754|26273|4360|25306|5261|17440|3872|7866|2530|50706|7053|33445|5122|17261|2952|56063|6862|39499|5265|16564|3523|69872|7558|52937|6311|16935|2732|80569|7615|69357|6994|11212|2332|44755|6403|37510|5730|7245|1728|37190|6033|31074|5097|6116|1737|217467|11445|116912|8353|100555|6134|35255|5579|23342|4383|11913|2277|131534|8629|59374|5266|72160|5504|10879|2657|6763|2173|4116|1389|171950|11159|68124|5752|103826|7777|13734|3373|7160|2245|6574|1804|30693|4388|16432|2874|14261|2463|57766|7498|34016|4567|23750|5034|127625|8644|92763|6949|34862|4118|24109|4200|17293|3328|6816|1629|164060|13233|118935|10782|45125|5240|31955|6475|27678|5964|4277|1363|104110|11209|68654|8483|35456|4823|145986|12742|121238|11046|24748|4445|43782|7617|34410|6206|9372|3409|236|208|68|104|168|179|2667|1145|1967|850|700|639|59693|7287|45691|6654|14002|2657
03000C2US6|8021921|15619|7561669|22955|274957|13724|162456|9095|112501|8114|11911|2503|9872|2055|2039|783|1752|1015|1444|1005|308|325|2115|832|1652|629|463|479|4480|1665|3307|1297|1173|704|13671|2055|11792|1903|1879|773|6118|2257|4881|1854|1237|825|1228|595|1083|544|145|138|3260|1428|2563|1269|697|489|1676|760|1185|588|491|361|2058|1300|1040|805|1018|817|5476|2775|3179|2149|2297|999|159|188|78|132|81|138|2908|1340|2115|1177|793|532|6989|2037|4250|1478|2739|1101|8452|2603|5848|1852|2604|1267|1962|918|1382|784|580|447|2627|1344|1791|1005|836|676|1559|810|1423|748|136|159|2693|1320|1395|781|1298|881|3636|1109|3117|1070|519|280|3413|1396|2516|1115|897|685|1386|808|1122|695|264|275|2497|1425|2080|1435|417|369|18310|3273|8572|1581|9738|2416|4327|1532|2806|1174|1521|797|7664|1741|3479|1089|4185|1166|60|107|60|107|0|210|11707|2549|6026|1645|5681|1402|1100|718|641|549|459|460|4676|1745|2485|1062|2191|981|2519|1385|1215|615|1304|1122|7584|1823|5118|1419|2466|892|3331|1338|2383|1304|948|596|18194|5161|10444|3188|7750|3555|310|454|310|454|0|210|1417|1091|1103|970|314|330|2759|1429|2077|1007|682|689|4479|2142|3330|1698|1149|725|71|133|71|133|0|210|434|323|434|323|0|210|4327|1627|2255|913|2072|1354
03000C2US7|17775623|22974|13158040|55421|3406535|47115|2128025|36489|1278510|33457|64447|4913|54974|4584|9473|2020|7828|3183|5088|1902|2740|2455|5576|1260|4622|1183|954|475|27732|6526|22348|5250|5384|2080|29701|3395|26590|3025|3111|1035|7961|2678|7404|2625|557|398|2663|1053|2227|935|436|402|25158|4782|17091|3674|8067|2736|4591|1557|3531|1339|1060|661|8789|3731|7601|3439|1188|732|9727|2490|6044|1872|3683|1483|1271|720|917|551|354|382|29143|6081|19921|4720|9222|2431|22894|4246|14673|2842|8221|2197|64914|7597|52819|6594|12095|3196|58509|7495|41659|5420|16850|3984|7818|3064|4400|1786|3418|1914|20393|4759|14478|3773|5915|1972|37175|6423|25702|4717|11473|3009|17172|3998|13154|2993|4018|2008|53316|6474|44598|6236|8718|2399|34574|6130|29866|5669|4708|1531|41195|7096|28501|5158|12694|3007|103293|9912|50996|5986|52297|5901|10497|2952|6530|2001|3967|1335|44049|5344|22086|3473|21963|3747|4729|1773|3281|1398|1448|779|166925|16335|69132|9668|97793|9858|5621|1784|2323|994|3298|1266|13369|3818|6668|2699|6701|2019|18966|4585|9919|2594|9047|2738|67657|7055|49844|6008|17813|2803|10253|2990|8362|2656|1891|832|64992|10222|47949|8062|17043|4002|1819|898|1576|807|243|308|24015|6564|16055|4473|7960|3459|59937|8478|52160|7342|7777|2553|22501|6311|18963|5291|3538|1446|241|210|241|210|0|210|4609|1038|4344|1042|265|164|5028|1841|3984|1485|1044|825
03000C2US8|10189762|16811|8256573|34746|1362653|31251|890842|25550|471811|17539|24219|4525|20225|3653|3994|1565|373|290|373|290|0|210|12248|2479|9838|2153|2410|1493|18464|3873|15029|2982|3435|1617|27978|2941|25052|2733|2926|839|7043|1664|6541|1641|502|296|2669|839|2183|737|486|262|18688|3398|11517|2462|7171|2278|8292|2091|6279|1711|2013|772|5186|2087|3076|1695|2110|805|8799|2735|5711|1883|3088|1225|3000|1680|2016|987|984|987|10075|3149|6769|2166|3306|1225|2300|1347|1533|801|767|861|9022|2307|8196|2254|826|586|4945|2416|3504|1614|1441|1053|4867|2196|3256|1437|1611|1005|936|525|582|401|354|395|8882|3484|5461|2461|3421|1603|16110|3345|12611|2718|3499|1362|3807|1422|3253|1155|554|606|6420|2277|5809|2149|611|401|3737|1740|3365|1650|372|336|54328|4979|26686|2996|27642|3561|13879|3246|9499|2616|4380|1347|20930|4216|11592|2774|9338|2704|2310|1195|1607|862|703|495|31461|5493|12969|2431|18492|4076|3880|1769|1528|740|2352|1317|7649|1763|4360|1264|3289|1149|5804|2209|3394|1420|2410|1203|66614|8136|47177|5837|19437|3997|24257|3444|17811|2614|6446|1694|26440|5115|17496|4012|8944|2605|3496|1465|3137|1357|359|279|19994|5614|13028|3709|6966|2687|5739|2340|5491|2276|248|290|15379|5311|10061|4086|5318|2591|36206|2678|26474|2591|9732|1271|19529|3228|17189|3018|2340|1002|4581|1558|3331|1417|1250|803
03000C2US9|25509637|17913|16030431|64452|6229907|58118|3839247|44624|2390660|31905|63778|5213|53967|4546|9811|2093|3583|1768|2239|1214|1344|1113|25494|4056|20289|3270|5205|1980|59085|6274|41083|5388|18002|3112|61471|4957|53643|4465|7828|1455|13974|2815|12790|2686|1184|540|13186|2543|11063|2454|2123|684|110058|13087|64538|7919|45520|6940|13082|3171|8966|2561|4116|1376|15381|3778|10443|2832|4938|1713|56023|9328|30409|5674|25614|5360|27117|5524|17153|3419|9964|3281|124034|10869|77701|8932|46333|5912|26756|4552|18832|3657|7924|2103|92882|9611|75112|7966|17770|3218|33832|5256|24490|4108|9342|2625|98833|11174|60763|7465|38070|6021|13979|3349|10353|2602|3626|1415|33523|5379|22651|3605|10872|2681|51725|6519|35676|4058|16049|3589|33800|5887|27917|5104|5883|2000|29822|4378|26352|3988|3470|1300|22445|3922|19618|3385|2827|1144|681437|14699|304910|9869|376527|10052|76405|5912|47491|4655|28914|3248|182829|10791|81700|6307|101129|6518|30030|4570|15407|2952|14623|3047|302294|13940|127643|8134|174651|8961|32253|5307|16247|3523|16006|3431|46426|7384|21995|3920|24431|5147|44902|7097|24827|4552|20075|3944|435338|16363|296063|12529|139275|8428|138744|10212|90417|7755|48327|5166|127870|13685|83260|9300|44610|6056|16687|3505|14642|3247|2045|842|47565|6520|29287|4822|18278|2718|19226|4215|16470|3959|2756|1149|15536|3213|12502|3098|3034|921|1107|644|816|585|291|233|5906|1849|5468|1801|438|244|20881|4514|14500|2926|6381|2540
03000E0US2|2269345|1407|2112207|7618|70213|3876|44200|3170|26013|2921|3641|851|3071|830|570|310|1711|1160|1216|910|495|469|3323|970|2379|830|944|546|2786|1430|2002|953|784|643|9593|1941|6752|1490|2841|891|26946|3641|18240|3001|8706|1513|823|444|663|393|160|117|5990|2785|3526|1686|2464|1431|2504|972|1178|680|1326|597|317|203|126|120|191|220|2721|1036|1978|961|743|535|98|160|98|160|0|210|0|210|0|210|0|210|931|937|424|556|507|491|708|382|653|379|55|72|1076|590|808|510|268|224|291|286|241|280|50|58|504|386|174|197|330|319|633|280|494|264|139|68|2465|1146|1543|810|922|807|246|170|220|145|26|36|262|238|211|207|51|67|103|124|103|124|0|210|5944|1650|2671|1024|3273|1308|236|182|136|134|100|120|1005|563|798|484|207|215|0|210|0|210|0|210|682|528|469|477|213|266|283|376|71|126|212|355|546|416|419|363|127|163|1032|721|655|537|377|235|1988|654|1532|585|456|291|319|309|196|230|123|162|3236|1774|2728|1699|508|331|772|480|665|457|107|109|13|28|13|28|0|210|946|628|940|627|6|9|361|256|361|256|0|210|0|210|0|210|0|210|492|271|446|248|46|78|1398|726|1015|651|383|276
03000E0US3|5193917|3754|4913783|11527|136189|5956|86767|5608|49422|3338|5056|1141|3719|918|1337|624|782|520|519|408|263|331|2151|625|1957|627|194|176|1370|552|899|490|471|385|31020|3977|22387|3162|8633|1764|45733|7010|34009|5978|11724|2578|898|376|819|353|79|104|1664|618|1454|592|210|139|3157|1025|2176|796|981|624|565|395|298|236|267|271|1350|589|1054|499|296|235|8|15|0|210|8|15|778|742|487|406|291|368|1068|595|512|347|556|449|2060|662|1759|764|301|299|1278|585|1056|507|222|223|111|184|71|118|40|66|473|375|381|349|92|132|1582|696|827|463|755|474|3833|1204|2737|886|1096|505|1323|966|961|740|362|267|795|573|700|556|95|165|278|222|229|181|49|63|5289|1559|3141|1307|2148|893|3665|1114|1442|605|2223|997|1987|906|1300|626|687|404|3641|853|2329|782|1312|526|2581|1369|1387|987|1194|611|64|105|0|210|64|105|904|842|265|335|639|561|1092|577|503|382|589|386|4063|915|2904|779|1159|386|833|466|791|466|42|43|6535|2863|3972|1675|2563|1438|269|192|269|192|0|210|179|105|84|76|95|78|772|450|757|448|15|42|639|510|483|377|156|198|0|210|0|210|0|210|1621|617|1400|507|221|205|2478|1005|983|420|1495|944
03000E0US4|2914121|6020|2649634|10583|184093|5857|106401|5076|77692|5203|4228|1401|3163|1046|1065|705|443|455|69|95|374|447|552|341|549|342|3|8|523|392|299|256|224|218|10582|2154|8597|1909|1985|652|4862|1702|4294|1642|568|450|274|212|217|198|57|66|3453|2682|1501|1001|1952|1868|241|164|101|76|140|141|393|364|336|358|57|92|1695|940|1219|792|476|359|0|210|0|210|0|210|354|448|220|259|134|209|59|122|59|122|0|210|1295|735|1179|709|116|222|550|468|126|146|424|375|50|80|0|210|50|80|559|254|323|173|236|108|867|725|709|582|158|203|1248|821|860|629|388|423|600|680|406|404|194|315|160|159|128|140|32|62|156|158|156|158|0|210|3055|1113|2220|998|835|599|2149|1162|1815|945|334|292|1604|798|1252|698|352|321|397|268|304|235|93|96|2410|911|402|295|2008|821|45|59|9|18|36|57|2308|1031|1017|565|1291|569|11083|2591|4341|1303|6742|1943|2776|1024|1628|624|1148|738|2626|1327|1504|1005|1122|773|1467|590|1152|482|315|283|406|286|349|275|57|93|7304|2045|2688|1128|4616|1660|3712|1446|3305|1414|407|296|1446|829|660|477|786|588|263|260|205|238|58|70|3187|913|2606|836|581|320|1012|456|815|369|197|222
03000E0US5|4128805|8180|3766263|11389|285982|8407|168530|7339|117452|6240|7874|2423|6397|2079|1477|983|6464|2242|3160|1338|3304|1596|2418|887|2090|808|328|279|1588|749|1147|554|441|360|5277|1189|4345|1078|932|393|1434|685|1196|523|238|232|264|199|158|111|106|121|2528|1213|1962|1097|566|378|1050|602|478|265|572|464|1099|960|847|756|252|310|2695|1542|1754|1144|941|554|52|95|52|95|0|210|592|442|490|352|102|128|2114|786|1076|528|1038|601|1695|1084|1363|826|332|315|867|611|728|608|139|157|17|30|17|30|0|210|419|574|382|574|37|59|312|393|206|251|106|175|2974|2033|1559|827|1415|1373|470|368|257|162|213|260|148|156|148|156|0|210|229|238|207|232|22|33|4265|1181|2649|1045|1616|652|1327|623|1194|615|133|177|2412|893|637|391|1775|776|1127|541|822|572|305|278|3027|1444|1037|526|1990|1095|539|411|367|322|172|149|1936|835|791|423|1145|581|2907|1065|1468|707|1439|637|3334|1028|2600|866|734|451|2908|1433|2063|1170|845|456|3992|1431|2198|738|1794|1024|956|1155|956|1155|0|210|116|149|116|149|0|210|669|421|669|421|0|210|1492|860|1170|846|322|314|34|57|34|57|0|210|361|179|334|169|27|45|2578|1207|1721|831|857|574
03000E0US6|3303809|9373|3146362|11807|108484|5705|69692|5109|38792|3724|2755|759|2307|629|448|321|239|296|72|101|167|277|696|422|530|367|166|181|713|424|442|330|271|306|5016|1340|4455|1226|561|479|2841|1837|2154|1459|687|684|158|189|126|155|32|68|761|651|628|640|133|123|321|308|321|308|0|210|122|130|15|31|107|119|571|437|562|437|9|5|0|210|0|210|0|210|360|334|267|274|93|116|1877|953|883|520|994|612|873|769|366|350|507|673|496|367|344|299|152|127|295|553|291|555|4|8|109|177|19|37|90|144|1052|933|918|933|134|63|1285|590|901|557|384|231|534|288|298|167|236|178|128|191|128|191|0|210|371|378|200|240|171|184|4560|1691|2101|934|2459|1320|1318|737|579|365|739|543|1844|767|509|335|1335|712|20|36|0|210|20|36|3291|1532|1223|687|2068|1060|201|316|201|316|0|210|1084|768|177|196|907|729|492|535|312|261|180|319|2244|831|1353|617|891|512|1985|1809|1660|1779|325|268|3479|1473|1514|774|1965|1189|227|144|0|210|227|144|727|746|466|716|261|198|2372|1847|1639|1225|733|775|320|374|299|374|21|3|0|210|0|210|0|210|237|197|217|178|20|40|2989|1926|1319|1307|1670|1273
03000E0US7|3198226|8409|2681780|12694|464211|10117|302666|9720|161545|8072|8692|1752|7486|1537|1206|756|1344|1022|438|374|906|966|488|254|411|252|77|47|1591|770|1324|701|267|345|5251|1647|4288|1502|963|686|258|212|258|212|0|210|281|263|257|256|24|41|557|441|557|441|0|210|250|216|179|174|71|126|404|311|386|297|18|31|1248|771|866|549|382|323|73|104|73|104|0|210|448|335|355|271|93|99|221|323|195|310|26|37|984|679|734|592|250|183|388|325|261|206|127|145|261|296|261|296|0|210|670|616|387|350|283|517|687|505|322|239|365|396|408|256|326|232|82|117|166|155|56|30|110|155|501|587|476|570|25|40|487|441|326|381|161|148|4196|1911|2529|1716|1667|801|1045|594|743|484|302|257|1065|458|705|393|360|278|256|297|213|269|43|60|2158|858|1075|643|1083|544|30|56|19|34|11|22|1643|637|1375|591|268|213|936|635|386|266|550|504|2585|1000|1718|767|867|569|1703|895|1236|822|467|398|2210|1506|1751|1241|459|347|159|163|159|163|0|210|494|781|454|773|40|72|2846|2050|1376|902|1470|1518|1313|988|737|608|576|605|152|164|152|164|0|210|2999|790|2573|755|426|203|787|492|518|388|269|295
03000E0US8|2416222|7739|1954479|12204|350797|10943|228944|9563|121853|7669|5167|1898|4932|1882|235|220|0|210|0|210|0|210|993|469|863|462|130|107|2271|931|1960|878|311|282|5036|1210|4416|1154|620|399|1866|901|1835|889|31|55|490|354|490|354|0|210|1440|637|1043|432|397|342|1090|659|995|646|95|108|250|369|67|108|183|269|1562|1015|948|729|614|608|6|1|6|1|0|210|343|361|181|278|162|249|466|466|270|333|196|182|595|723|328|373|267|359|6|2|0|210|6|2|40|96|40|96|0|210|539|582|208|256|331|358|1304|740|851|566|453|366|1872|727|1701|690|171|186|135|280|135|280|0|210|0|210|0|210|0|210|150|276|150|276|0|210|5987|1894|2826|1226|3161|1186|943|465|852|431|91|102|2832|1524|2176|1445|656|428|284|387|284|387|0|210|1322|693|152|220|1170|646|475|386|80|99|395|346|63|76|6|2|57|76|275|344|23|41|252|343|5232|1817|4165|1601|1067|749|952|400|711|333|241|203|1887|879|1597|855|290|333|702|375|702|375|0|210|67|98|67|98|0|210|399|327|337|282|62|87|233|239|233|239|0|210|38372|2378|24108|2182|14264|1869|24642|2722|18593|2421|6049|1400|658|383|568|377|90|90
03000E0US9|2042881|3967|1745369|11295|198623|8447|125112|6906|73511|6495|4365|1005|3979|931|386|331|24|5|24|5|0|210|2118|1060|1821|969|297|347|1891|917|1758|913|133|115|5434|1230|4997|1142|437|231|523|360|462|328|61|89|172|165|122|139|50|85|2631|1120|1777|889|854|560|981|784|981|784|0|210|12|20|12|20|0|210|2801|1642|1421|1000|1380|1029|90|83|50|83|40|2|490|255|490|255|0|210|23|42|23|42|0|210|718|465|432|394|286|297|338|300|338|300|0|210|41|2|0|210|41|2|438|444|136|256|302|280|659|685|593|684|66|92|2051|684|1687|575|364|272|0|210|0|210|0|210|860|787|860|787|0|210|0|210|0|210|0|210|6041|2166|2263|788|3778|2155|5631|1597|4018|1379|1613|566|2327|940|1299|532|1028|609|2344|829|471|484|1873|1018|3134|1996|1415|868|1719|1419|530|480|379|317|151|205|1754|841|918|655|836|561|830|512|650|439|180|252|14013|2237|7445|1620|6568|1423|27146|4023|19089|3309|8057|2276|377|272|377|272|0|210|84|110|84|110|0|210|382|189|38|63|344|179|137|199|137|199|0|210|326|275|249|214|77|113|67|82|67|82|0|210|2482|970|2310|978|172|129|4624|1738|3371|1366|1253|831
03000E1US3|1603063|25173|1502365|24386|59256|5854|37733|4475|21523|2899|2848|1077|1949|840|899|575|402|398|139|223|263|331|1161|493|1074|499|87|148|1048|509|656|458|392|358|4015|1054|3634|999|381|299|1144|557|888|486|256|296|363|246|333|258|30|53|619|472|619|472|0|210|293|253|255|245|38|71|350|385|220|248|130|217|525|407|471|405|54|105|0|210|0|210|0|210|662|746|371|407|291|368|561|454|301|233|260|363|1605|585|1335|684|270|295|770|473|606|419|164|206|0|210|0|210|0|210|279|281|187|240|92|132|1015|491|739|441|276|230|1035|503|849|433|186|245|1044|912|834|711|210|226|795|573|700|556|95|165|139|150|139|150|0|210|3194|1325|1857|1118|1337|767|1597|870|314|296|1283|885|1285|792|885|579|400|325|2263|851|1805|773|458|225|2243|1357|1280|978|963|562|0|210|0|210|0|210|497|773|155|289|342|494|533|407|374|374|159|188|1630|654|1026|499|604|315|268|318|268|318|0|210|3894|1666|2270|1075|1624|994|41|74|41|74|0|210|151|98|56|66|95|78|399|257|399|257|0|210|436|488|293|347|143|198|0|210|0|210|0|210|458|306|458|306|0|210|1880|948|487|309|1393|923
03000E2US2|1875085|11719|1741887|13129|55839|3923|35005|2794|20834|2500|3062|769|2500|756|562|311|1711|1160|1216|910|495|469|2094|614|1495|488|599|399|1920|1109|1351|682|569|600|8869|1869|6071|1413|2798|888|26832|3628|18126|2983|8706|1513|717|433|557|378|160|117|5925|2791|3526|1686|2399|1430|2389|961|1063|662|1326|597|148|127|126|120|22|39|2047|814|1370|748|677|504|98|160|98|160|0|210|0|210|0|210|0|210|931|937|424|556|507|491|560|340|505|330|55|72|467|313|295|248|172|186|243|270|193|261|50|58|504|386|174|197|330|319|557|281|418|267|139|68|1693|802|1322|758|371|262|179|166|153|141|26|36|262|238|211|207|51|67|30|59|30|59|0|210|5224|1541|2191|967|3033|1272|95|106|83|104|12|23|1005|563|798|484|207|215|0|210|0|210|0|210|588|523|440|477|148|239|227|358|15|25|212|355|230|335|216|336|14|23|1032|721|655|537|377|235|1792|626|1397|570|395|274|319|309|196|230|123|162|2710|1721|2339|1647|371|243|772|480|665|457|107|109|13|28|13|28|0|210|360|318|354|318|6|9|192|207|192|207|0|210|0|210|0|210|0|210|459|269|413|245|46|78|1103|625|906|611|197|186
03000E2US3|3590854|25256|3411418|27510|76933|5698|49034|4957|27899|2855|2208|633|1770|567|438|224|380|348|380|348|0|210|990|512|883|489|107|123|322|246|243|206|79|140|27005|3847|18753|2978|8252|1760|44589|6974|33121|5987|11468|2563|535|280|486|245|49|84|1045|442|835|397|210|139|2864|999|1921|762|943|622|215|188|78|64|137|152|825|473|583|355|242|210|8|15|0|210|8|15|116|106|116|106|0|210|507|394|211|260|296|277|455|407|424|403|31|63|508|330|450|283|58|67|111|184|71|118|40|66|194|277|194|277|0|210|567|376|88|119|479|356|2798|1152|1888|790|910|463|279|296|127|171|152|150|0|210|0|210|0|210|139|168|90|106|49|63|2095|726|1284|604|811|441|2068|942|1128|549|940|723|702|458|415|321|287|210|1378|582|524|325|854|475|338|241|107|102|231|204|64|105|0|210|64|105|407|349|110|125|297|330|559|378|129|122|430|354|2433|607|1878|577|555|262|565|321|523|313|42|43|2641|2095|1702|1278|939|895|228|176|228|176|0|210|28|38|28|38|0|210|373|337|358|336|15|42|203|160|190|162|13|22|0|210|0|210|0|210|1163|471|942|413|221|205|598|303|496|277|102|129
03000E2US5|3127965|20618|2861746|20760|215012|8958|129438|6916|85574|5893|5325|1644|4324|1522|1001|559|3349|1589|1488|900|1861|1098|1827|571|1499|456|328|279|1141|620|881|477|260|246|4256|991|3332|886|924|392|792|504|669|401|123|143|116|118|58|69|58|96|2220|1211|1775|1099|445|328|740|501|457|273|283|301|464|782|328|547|136|241|2018|1307|1421|1029|597|438|52|95|52|95|0|210|125|169|125|169|0|210|1106|648|642|417|464|386|1243|986|957|714|286|294|867|611|728|608|139|157|17|30|17|30|0|210|310|552|310|552|0|210|96|168|77|137|19|33|2776|2035|1361|828|1415|1373|143|137|143|137|0|210|73|93|73|93|0|210|229|238|207|232|22|33|2940|963|1613|727|1327|638|774|409|689|410|85|115|1462|644|495|353|967|513|1127|541|822|572|305|278|1425|962|346|218|1079|884|188|172|141|144|47|65|1740|804|697|413|1043|549|1307|779|445|360|862|523|1652|706|1392|658|260|199|1643|1011|994|812|649|407|2609|1239|1234|493|1375|970|956|1155|956|1155|0|210|0|210|0|210|0|210|196|202|196|202|0|210|1176|842|1005|822|171|185|34|57|34|57|0|210|361|179|334|169|27|45|2332|1145|1475|753|857|574
03000G0US3|2758435|5368|2607009|10024|57262|3334|37894|2820|19368|1879|2671|663|1918|512|753|358|228|216|200|199|28|48|1081|534|831|505|250|164|518|335|348|230|170|228|24753|3838|18234|3067|6519|1912|44649|5924|28278|4092|16371|3298|741|892|741|892|0|210|671|437|386|243|285|288|1998|518|1174|375|824|332|389|207|249|161|140|132|977|639|496|364|481|331|137|170|115|144|22|35|109|105|74|84|35|60|392|280|240|195|152|204|123|85|116|89|7|18|245|212|240|211|5|12|195|196|19|32|176|188|0|210|0|210|0|210|97|126|41|70|56|74|2169|926|1561|698|608|398|387|371|329|352|58|71|208|160|208|160|0|210|86|130|86|130|0|210|714|364|405|266|309|210|597|271|485|215|112|134|534|335|274|196|260|187|374|233|272|186|102|141|898|473|329|244|569|428|46|75|0|210|46|75|221|145|153|135|68|62|359|207|273|182|86|88|1980|689|1273|551|707|363|748|533|484|344|264|211|928|459|594|367|334|216|278|155|260|145|18|30|251|222|223|217|28|55|210|202|143|112|67|98|210|227|58|44|152|222|140|165|140|165|0|210|1737|435|1587|455|150|122|1115|376|628|161|487|325
03000G0US4|3027213|7394|2852248|9879|99314|5442|55176|3616|44138|3763|2256|580|1910|539|346|217|379|232|293|177|86|103|650|371|481|242|169|176|711|389|647|374|64|84|23548|4489|18573|4184|4975|1184|13560|3170|10832|2929|2728|1033|57|75|53|76|4|11|610|290|250|169|360|220|382|265|348|259|34|62|30|34|30|34|0|210|1702|746|884|413|818|483|0|210|0|210|0|210|196|212|196|212|0|210|50|88|46|87|4|8|559|391|518|357|41|78|144|209|144|209|0|210|12|3|12|3|0|210|383|99|52|99|331|1|234|282|100|109|134|179|1006|340|940|315|66|83|35|57|28|56|7|17|94|124|94|124|0|210|0|210|0|210|0|210|793|339|347|284|446|229|1214|519|850|431|364|314|1199|658|914|508|285|334|1108|371|471|257|637|238|1123|486|475|302|648|373|456|287|179|131|277|212|1173|590|420|278|753|475|1170|597|556|346|614|392|2404|665|1651|548|753|396|3114|747|1563|471|1551|665|1061|427|510|319|551|320|156|112|85|110|71|22|1228|544|232|181|996|500|270|109|26|44|244|101|369|218|153|118|216|180|217|199|217|199|0|210|11492|2451|9670|2519|1822|1025|506|260|324|150|182|207
03000G0US5|3249459|9637|3054335|12737|150042|6286|89815|5073|60227|4902|3670|1174|2529|730|1141|907|4608|2375|2225|1228|2383|1729|891|496|718|437|173|167|957|585|623|462|334|279|4244|1094|3637|1085|607|327|2035|1231|1748|1108|287|237|540|494|488|487|52|91|1557|1074|1117|599|440|608|347|276|237|244|110|139|340|334|251|267|89|116|1158|753|796|684|362|331|0|210|0|210|0|210|423|332|423|332|0|210|1741|1324|639|556|1102|934|1257|1045|1182|1047|75|7|731|575|550|532|181|203|102|181|102|181|0|210|404|385|179|180|225|319|156|192|112|137|44|56|958|440|834|377|124|126|256|275|191|259|65|103|260|316|260|316|0|210|106|124|88|136|18|38|1393|689|452|320|941|553|890|448|706|399|184|174|1691|557|895|466|796|462|181|237|45|64|136|191|1604|671|779|448|825|535|250|303|46|85|204|257|269|255|149|156|120|204|994|707|411|354|583|499|2337|939|1910|897|427|255|1449|1094|1318|1065|131|212|2244|990|1609|736|635|377|896|624|663|382|233|398|367|265|259|255|108|87|1007|570|676|393|331|315|313|198|236|159|77|100|0|210|0|210|0|210|1799|1029|1258|724|541|709|657|366|657|366|0|210
03000G0US7|2613835|11488|2262978|12685|297192|9616|191552|8308|105640|6729|9323|1376|8255|1380|1068|560|196|145|196|145|0|210|604|340|444|268|160|213|1075|524|689|436|386|250|16253|3993|11701|2817|4552|1994|2016|945|1825|965|191|180|46|11|40|3|6|11|1289|647|896|574|393|258|199|221|161|217|38|72|203|257|192|246|11|21|851|415|729|360|122|176|0|210|0|210|0|210|124|176|49|81|75|107|349|399|299|346|50|80|931|545|648|496|283|215|309|220|279|212|30|65|0|210|0|210|0|210|79|98|44|69|35|64|362|241|178|142|184|167|376|236|321|206|55|67|273|447|273|447|0|210|0|210|0|210|0|210|52|89|52|89|0|210|2084|1108|1110|659|974|766|543|311|457|278|86|133|1150|482|887|458|263|222|1054|434|637|374|417|215|1213|533|583|348|630|375|375|336|22|39|353|330|881|793|247|221|634|614|443|467|156|184|287|312|1639|714|1229|559|410|332|3168|1375|1279|654|1889|1086|1368|636|781|480|587|221|58|80|41|75|17|28|28|18|28|18|0|210|273|301|262|295|11|22|159|174|103|154|56|80|157|146|46|49|111|129|3977|678|3528|574|449|342|185|151|91|119|94|97
03000H0US1|1742354|1791|1649993|5291|27791|2395|20435|1908|7356|1444|23780|2081|19464|1696|4316|899|373|309|159|252|214|186|2128|818|1755|690|373|330|2027|589|1446|502|581|305|4857|1255|4390|1178|467|258|673|371|661|366|12|22|537|436|476|409|61|94|1235|623|949|526|286|268|2213|1051|1802|856|411|304|588|402|163|171|425|313|1854|1208|1170|1008|684|621|89|151|89|151|0|210|347|292|257|257|90|110|263|314|214|279|49|111|628|559|566|557|62|30|300|372|207|271|93|142|85|143|85|143|0|210|811|855|811|855|0|210|971|735|634|585|337|329|3234|1407|2713|1362|521|354|748|540|627|512|121|205|0|210|0|210|0|210|20|39|20|39|0|210|3082|743|1469|486|1613|558|891|556|760|477|131|149|811|449|605|411|206|171|0|210|0|210|0|210|869|633|682|590|187|148|0|210|0|210|0|210|955|567|489|361|466|323|464|407|313|333|151|194|2953|1013|1820|726|1133|506|496|365|365|312|131|178|1431|1077|701|390|730|987|313|178|313|178|0|210|9|2|0|210|9|2|786|356|786|356|0|210|1680|966|1059|1072|621|525|0|210|0|210|0|210|1175|425|1046|404|129|145|894|419|646|329|248|272
03000H0US2|2978148|1620|2784457|8937|81542|4513|50953|3597|30589|3237|5216|1004|4472|990|744|310|1737|1160|1216|910|521|470|4213|1161|3115|967|1098|553|3312|1434|2299|967|1013|653|12590|2355|9109|1922|3481|1009|36900|4343|24791|3499|12109|1867|1923|987|1580|909|343|253|6470|2768|3796|1680|2674|1431|4097|1407|2116|968|1981|811|494|264|166|124|328|271|3888|1539|2919|1376|969|575|98|160|98|160|0|210|63|79|63|79|0|210|982|944|475|566|507|491|1007|413|926|406|81|87|1173|605|873|519|300|231|291|286|241|280|50|58|586|413|256|234|330|319|720|306|522|268|198|101|3404|1262|2404|906|1000|810|294|182|268|158|26|36|262|238|211|207|51|67|103|124|103|124|0|210|6724|1695|3235|1090|3489|1301|552|280|350|224|202|152|1204|555|853|489|351|285|0|210|0|210|0|210|717|528|473|477|244|270|344|387|71|126|273|368|578|420|451|371|127|163|1057|721|680|538|377|235|2399|690|1660|593|739|361|439|311|315|250|124|162|3550|1824|3012|1732|538|329|834|485|727|462|107|109|13|28|13|28|0|210|1015|628|960|633|55|61|469|286|409|271|60|89|0|210|0|210|0|210|834|349|759|324|75|95|1597|722|1214|652|383|276
03000H0US3|7952352|5523|7520792|14605|193451|6703|124661|6013|68790|3954|7727|1345|5637|1057|2090|743|1010|544|719|447|291|331|3232|728|2788|734|444|251|1888|628|1247|518|641|443|55773|5574|40621|4617|15152|2621|90382|8898|62287|6976|28095|4238|1639|953|1560|945|79|104|2335|727|1840|636|495|297|5155|1127|3350|877|1805|657|954|444|547|305|407|287|2327|806|1550|580|777|392|145|171|115|144|30|38|887|747|561|414|326|372|1460|632|752|386|708|487|2183|663|1875|763|308|300|1523|597|1296|522|227|223|306|238|90|121|216|184|473|375|381|349|92|132|1679|675|868|459|811|460|6002|1487|4298|1135|1704|569|1710|1055|1290|851|420|274|1003|604|908|586|95|165|364|256|315|223|49|63|6003|1515|3546|1278|2457|889|4262|1156|1927|644|2335|1007|2521|1039|1574|679|947|501|4015|868|2601|770|1414|540|3479|1432|1716|1004|1763|735|110|124|0|210|110|124|1125|856|418|350|707|572|1451|621|776|411|675|367|6043|1163|4177|1001|1866|533|1581|726|1275|597|306|214|7463|2965|4566|1746|2897|1482|547|229|529|224|18|30|430|244|307|226|123|98|982|502|900|466|82|109|849|536|541|377|308|296|140|165|140|165|0|210|3358|766|2987|692|371|253|3593|1092|1611|457|1982|1015
03000H0US4|5941334|6565|5501882|14349|283407|7930|161577|6120|121830|6779|6484|1501|5073|1144|1411|767|822|478|362|180|460|449|1202|535|1030|439|172|174|1234|500|946|436|288|242|34130|5090|27170|4662|6960|1412|18422|3100|15126|2879|3296|1182|331|221|270|209|61|66|4063|2666|1751|1019|2312|1893|623|319|449|266|174|162|423|364|366|357|57|92|3397|1173|2103|888|1294|608|0|210|0|210|0|210|550|487|416|326|134|209|109|154|105|153|4|8|1854|861|1697|805|157|226|694|459|270|216|424|375|62|79|12|3|50|80|942|274|375|202|567|108|1101|741|809|572|292|266|2254|816|1800|606|454|432|635|684|434|408|201|318|254|187|222|168|32|62|156|158|156|158|0|210|3848|1179|2567|1051|1281|612|3363|1233|2665|1003|698|410|2803|1016|2166|855|637|448|1505|447|775|365|730|259|3533|1024|877|412|2656|896|501|287|188|132|313|214|3481|1206|1437|640|2044|746|12253|2740|4897|1383|7356|2032|5180|1212|3279|823|1901|750|5740|1496|3067|1082|2673|1133|2528|725|1662|556|866|432|562|313|434|301|128|98|8532|2081|2920|1151|5612|1741|3982|1460|3331|1414|651|312|1815|874|813|507|1002|607|480|324|422|312|58|70|14679|2518|12276|2572|2403|1032|1518|526|1139|383|379|319
03000H0US5|7378264|9749|6820598|17877|436024|10714|258345|9737|177679|7840|11544|2681|8926|2284|2618|1295|11072|3244|5385|1860|5687|2344|3309|944|2808|865|501|296|2545|853|1770|627|775|444|9521|1479|7982|1404|1539|519|3469|1430|2944|1245|525|329|804|535|646|503|158|148|4085|1597|3079|1233|1006|712|1397|652|715|366|682|486|1439|1003|1098|792|341|332|3853|1704|2550|1341|1303|599|52|95|52|95|0|210|1015|518|913|451|102|128|3855|1554|1715|758|2140|1150|2952|1543|2545|1369|407|315|1598|873|1278|816|320|260|119|183|119|183|0|210|823|630|561|583|262|326|468|433|318|285|150|181|3932|1924|2393|817|1539|1372|726|450|448|292|278|282|408|359|408|359|0|210|335|252|295|256|40|44|5658|1337|3101|1095|2557|835|2217|805|1900|757|317|265|4103|1160|1532|624|2571|953|1308|549|867|559|441|375|4631|1610|1816|695|2815|1218|789|517|413|331|376|289|2205|860|940|448|1265|613|3901|1303|1879|803|2022|790|5671|1409|4510|1290|1161|518|4357|1727|3381|1506|976|470|6236|1683|3807|1029|2429|1035|1852|1223|1619|1182|233|398|483|305|375|297|108|87|1676|747|1345|621|331|315|1805|883|1406|859|399|331|34|57|34|57|0|210|2160|1057|1592|763|568|726|3235|1270|2378|908|857|574
03000H0US6|5510829|10051|5296745|12931|142223|6650|93156|5832|49067|4070|4077|861|3051|676|1026|466|239|296|72|101|167|277|904|454|636|388|268|217|1598|880|1327|852|271|306|9002|2639|6546|1396|2456|1987|8032|2271|5213|1700|2819|1300|405|383|373|368|32|68|1054|720|921|698|133|123|545|348|516|352|29|50|377|404|270|380|107|119|845|527|812|527|33|4|0|210|0|210|0|210|464|366|371|311|93|116|2450|1114|1232|687|1218|666|1260|818|643|439|617|698|512|371|360|305|152|127|295|553|291|555|4|8|109|177|19|37|90|144|1052|933|918|933|134|63|1320|585|936|555|384|231|534|288|298|167|236|178|128|191|128|191|0|210|466|419|295|309|171|184|5013|1721|2458|976|2555|1336|1503|765|660|388|843|538|2099|774|637|383|1462|710|20|36|0|210|20|36|3609|1611|1279|704|2330|1124|282|366|201|316|81|176|1336|856|359|294|977|751|590|554|410|304|180|319|4863|1793|3210|1216|1653|1026|2248|1883|1835|1810|413|304|3535|1472|1525|774|2010|1187|409|266|182|213|227|144|766|745|505|715|261|198|2726|1836|1993|1238|733|775|725|543|604|564|121|70|0|210|0|210|0|210|3358|1162|2815|1096|543|382|3111|1942|1441|1319|1670|1273
03000H0US7|5812061|8729|4944758|15243|761403|12699|494218|12733|267185|10408|18015|2143|15741|1960|2274|957|1540|1077|634|404|906|966|1092|424|855|371|237|217|2666|949|2013|848|653|395|21504|3993|15989|2950|5515|2049|2274|965|2083|980|191|180|327|265|297|256|30|43|1846|892|1453|777|393|258|449|303|340|273|109|148|607|425|578|403|29|39|2099|798|1595|605|504|349|73|104|73|104|0|210|572|385|404|281|168|152|570|530|494|481|76|88|1915|843|1382|754|533|272|697|372|540|280|157|156|261|296|261|296|0|210|749|617|431|349|318|517|1049|561|500|276|549|424|784|376|647|328|137|134|439|457|329|445|110|155|501|587|476|570|25|40|539|445|378|384|161|148|6280|2320|3639|1927|2641|1089|1588|684|1200|550|388|307|2215|645|1592|609|623|372|1310|535|850|460|460|228|3371|1015|1658|718|1713|698|405|340|41|54|364|331|2524|1003|1622|636|902|630|1379|775|542|326|837|574|4224|1237|2947|981|1277|623|4871|1734|2515|1040|2356|1189|3578|1586|2532|1288|1046|410|217|178|200|179|17|28|522|782|482|774|40|72|3119|1990|1638|881|1481|1516|1472|1009|840|601|632|619|309|205|198|172|111|129|6976|1078|6101|968|875|404|972|502|609|393|363|300
03000H0US8|3632643|7135|3031043|13630|419791|12203|275870|10888|143921|7742|6659|2008|6329|2000|330|271|52|94|0|210|52|94|1583|683|1209|660|374|233|3516|1255|2930|1199|586|324|10430|1981|8850|1667|1580|723|5661|1792|5170|1644|491|340|608|393|608|393|0|210|2313|981|1877|852|436|348|1255|683|1153|666|102|108|319|394|136|163|183|269|1849|1027|1235|755|614|608|6|1|6|1|0|210|704|490|498|436|206|256|466|466|270|333|196|182|595|723|328|373|267|359|10|10|0|210|10|10|40|96|40|96|0|210|582|633|251|360|331|358|1479|808|1026|641|453|366|2797|954|2440|804|357|298|135|280|135|280|0|210|174|183|174|183|0|210|150|276|150|276|0|210|6995|2020|3656|1356|3339|1199|1796|747|1599|710|197|131|3310|1582|2524|1475|786|438|534|408|452|445|82|122|1405|705|235|228|1170|646|552|372|80|99|472|335|291|217|156|201|135|140|546|396|150|118|396|355|6676|1922|5422|1686|1254|762|1522|538|1213|480|309|213|3165|1318|2800|1324|365|336|766|367|766|367|0|210|165|174|165|174|0|210|531|386|406|313|125|173|1054|737|739|467|315|384|75011|3293|51972|2973|23039|2095|35331|3584|28488|3253|6843|1498|776|429|585|381|191|209
03000H0US9|2675641|2943|2274294|11610|255853|9076|163233|7542|92620|6696|6076|1379|5514|1261|562|356|39|20|35|21|4|8|2434|1090|2137|1009|297|347|2473|1063|2340|1059|133|115|7284|1381|6624|1291|660|295|911|562|850|541|61|89|187|168|137|143|50|85|4217|1242|2898|1006|1319|620|1000|784|1000|784|0|210|184|257|102|140|82|132|3581|1779|1964|1049|1617|1111|90|83|50|83|40|2|684|252|557|254|127|15|23|42|23|42|0|210|980|495|623|443|357|297|487|338|487|338|0|210|361|292|96|111|265|202|438|444|136|256|302|280|716|775|593|684|123|137|2766|1004|2388|915|378|270|0|210|0|210|0|210|860|787|860|787|0|210|0|210|0|210|0|210|7667|2297|2542|846|5125|2257|6076|1539|4454|1331|1622|563|3013|1021|1427|527|1586|766|2380|831|499|482|1881|1020|3529|2081|1700|934|1829|1449|573|483|422|320|151|205|2252|916|1187|682|1065|605|1261|667|987|608|274|281|20388|2478|10694|1784|9694|1676|28884|4090|20621|3376|8263|2300|1194|431|1094|427|100|46|84|110|84|110|0|210|932|211|73|71|859|199|151|200|137|199|14|33|396|278|319|218|77|113|163|97|163|97|0|210|25595|1847|22260|1720|3335|766|5165|1817|3912|1518|1253|831
030C201US1|11462796|26290|8667276|40914|1244219|18960|719266|16727|524953|18468|91986|7060|72176|5770|19810|3426|115939|10071|71904|7335|44035|5016|48352|4757|35627|4213|12725|2246|312341|17312|164618|10505|147723|10431|24198|2994|22140|2874|2058|820|4088|1335|3700|1287|388|326|26495|3714|20064|2917|6431|2009|43840|5105|28614|4153|15226|2565|42559|4968|26479|3503|16080|3167|11226|2869|6985|1817|4241|1715|22906|4655|14200|3001|8706|2472|8482|2416|5812|2049|2670|1174|15007|3609|10980|2664|4027|1511|15497|2822|11288|2144|4209|1325|47583|6412|41126|5752|6457|1798|20159|3848|15401|3051|4758|1701|6558|2632|4866|2082|1692|1016|17754|3994|12076|2918|5678|1837|23348|4134|16091|2980|7257|2159|46137|5771|31492|4300|14645|3393|22901|4819|18417|4003|4484|1962|19160|3849|14771|3064|4389|1718|12690|3088|10550|2738|2140|1108|184100|10508|101909|6163|82191|6856|10321|1977|7133|1583|3188|901|25976|4078|15685|2781|10291|2335|273|370|123|210|150|169|53948|7121|23903|4258|30045|4420|30691|5410|13228|3161|17463|3610|15442|3968|6507|2342|8935|2256|20762|4969|14331|3441|6431|2862|22434|4155|15141|2956|7293|1978|5648|2035|2889|1025|2759|1471|61820|7840|39659|5339|22161|3908|11742|3571|10448|3144|1294|764|17305|4259|11801|3304|5504|2051|36190|5630|28897|4705|7293|1892|32014|5434|22043|4364|9971|2655|0|210|0|210|0|210|1701|765|1378|644|323|289|21728|5747|15099|4096|6629|2879
030C201US2|33737065|42435|23900031|69835|4827337|38914|2585773|35011|2241564|33011|189768|12332|144486|9130|45282|5916|257731|14860|155616|11834|102115|9030|181772|8492|127776|6846|53996|4279|178931|12742|105764|8735|73167|7402|74860|6591|67922|6261|6938|1192|227322|16070|120336|11746|106986|9459|87741|8073|65555|7231|22186|2695|303035|17503|139981|11079|163054|11430|131682|11814|82841|8580|48841|5259|46975|5734|31362|5098|15613|3049|97778|9742|50412|6148|47366|6228|12443|2456|9536|1924|2907|995|43311|6649|26706|4008|16605|3727|130958|9302|87513|7569|43445|4731|172775|12802|139805|10540|32970|4246|125641|10852|84397|7659|41244|4863|47529|6883|30073|5026|17456|2916|206612|15013|97920|8996|108692|9304|82942|7124|54513|4849|28429|4599|127715|9689|87600|7596|40115|4574|64350|7614|51393|6317|12957|3256|54805|7166|45714|6185|9091|2041|59151|6754|42831|5328|16320|3464|807605|20712|330351|10749|477254|14713|49172|4641|30262|3497|18910|2750|189225|11377|86574|6399|102651|7494|455|514|228|245|227|284|77208|6613|31932|3742|45276|4488|10059|2626|3903|1244|6156|1830|19240|3448|9209|2308|10031|2318|95580|9089|48975|6223|46605|4964|173537|10131|131115|8111|42422|4128|20344|4168|10886|2639|9458|2893|255317|17745|167650|13100|87667|9226|88658|8906|77155|8512|11503|2529|28263|4960|17885|3615|10378|2790|178836|16324|133510|13610|45326|6392|27455|4438|18755|3562|8700|2288|76|121|76|121|0|210|1783|739|1568|672|215|181|81057|7878|54106|5640|26951|4861
030C201US3|33999428|68141|28518940|72207|2733803|29785|1657378|25500|1076425|23080|97859|9200|65306|6040|32553|5707|24075|6237|10641|2860|13434|4866|51490|4778|36695|4560|14795|2514|35392|4677|25993|4272|9399|2741|84805|5426|74303|5243|10502|1661|19370|2805|16449|2412|2921|1095|40719|4025|32088|3418|8631|1985|83944|8793|48325|5713|35619|5304|185953|10827|108204|8412|77749|6002|50240|6553|34940|5415|15300|2573|98847|8645|52368|5573|46479|5681|5071|1511|3646|1142|1425|696|27898|4893|16858|3472|11040|2567|76746|8603|46224|6011|30522|4685|95722|8262|80580|7681|15142|2429|93800|9196|69836|6649|23964|4238|33042|5603|21246|4368|11796|2735|52879|7275|34815|5881|18064|3825|74636|9573|42460|5310|32176|6543|115213|9612|75178|7278|40035|5116|63080|6701|48071|5471|15009|3307|40092|5288|32597|3957|7495|2338|38207|5662|29354|4190|8853|2516|218455|10623|111266|6974|107189|6607|42960|4909|21991|2730|20969|3567|73798|6802|39275|4214|34523|4167|45501|4833|26451|4018|19050|3093|61280|6517|29452|4378|31828|3942|10653|2636|4936|1367|5717|1853|23846|3532|11759|2019|12087|2561|71326|7820|30142|4834|41184|5590|131358|8496|93963|7021|37395|4532|19764|3930|13859|3355|5905|1756|312861|17329|182427|13755|130434|9955|13184|2730|12293|2599|891|599|85672|9286|51164|6512|34508|5497|87175|11266|69674|9688|17501|3644|33825|5974|21133|4130|12692|3964|194|285|194|285|0|210|3390|1030|3049|969|341|261|22363|3850|14936|2659|7427|2096
030C201US4|14050625|70082|12308178|62900|823783|18576|491779|15100|332004|13516|42490|4596|28618|3882|13872|2841|7590|3810|5367|2480|2223|1704|5868|1176|4241|898|1627|582|8362|1823|6457|1408|1905|922|34625|3544|30489|3356|4136|968|8015|2198|6590|1603|1425|1187|2870|966|2642|921|228|240|23747|4501|13995|2698|9752|2856|5345|1716|3708|1322|1637|861|25985|5383|15195|3776|10790|2615|12460|2739|7664|1859|4796|1531|638|452|517|396|121|197|11334|3703|6099|1909|5235|2212|7964|2466|6393|2318|1571|685|22199|3326|17925|3004|4274|1216|7928|1830|5782|1569|2146|721|4212|1827|3103|1355|1109|744|8282|2421|5601|1601|2681|1373|22037|4566|14939|3526|7098|2246|18179|4027|11889|2736|6290|2413|19730|3811|16113|3206|3617|1494|12965|3030|10811|2335|2154|1301|8082|2970|7202|2856|880|550|65700|5806|37733|3978|27967|3525|15053|3306|9429|2270|5624|1843|15878|2695|9376|1823|6502|1606|66801|5645|39169|4521|27632|3690|62614|7303|27138|3751|35476|5046|7908|2230|3909|1364|3999|1243|20600|3827|11484|2489|9116|2087|40881|6293|15799|3107|25082|4618|28921|3892|19311|3138|9610|2031|12967|2500|8596|1837|4371|1220|41240|7127|25158|4944|16082|3944|2794|951|2588|962|206|216|113345|11595|62825|7710|50520|7278|41573|6838|31771|5551|9802|2840|43960|6717|26686|4657|17274|3969|284|267|250|265|34|54|6890|1897|5912|1756|978|497|10348|2167|7817|1795|2531|1090
030C201US5|50764199|65662|38683969|81350|7558919|45663|4224818|40457|3334101|35631|287810|13968|221217|11815|66593|6595|510841|21053|286342|14214|224499|13614|85075|6212|69244|5501|15831|2517|282031|16559|186904|12919|95127|8055|138393|8382|122819|7490|15574|2447|33516|3968|30689|3664|2827|1159|39476|4511|32187|3721|7289|1633|146881|11501|90003|8151|56878|6442|42756|5786|31733|4597|11023|2324|35865|5368|25747|4139|10118|2434|70328|7984|42785|5145|27543|5151|5430|1585|4190|1358|1240|706|94965|9980|61584|6783|33381|5154|100581|8846|69001|6882|31580|3982|152503|10143|129136|9279|23367|3083|114498|10495|83943|7940|30555|4687|27688|5298|19198|3993|8490|2566|65757|7194|44967|5142|20790|3262|77562|7585|53055|5360|24507|5073|95095|8886|70935|6923|24160|3802|109905|10093|91410|8565|18495|3918|60721|7213|50047|5960|10674|2456|49344|6860|41558|5822|7786|2119|314257|15603|172804|9777|141453|9019|54706|6185|36497|5002|18209|2644|168396|11046|79726|6316|88670|7154|9237|2483|6761|2069|2476|931|223879|11480|91159|6129|132720|8555|19974|4258|10607|2693|9367|2191|41338|6118|20118|3133|21220|4135|82124|8289|48707|5285|33417|4936|194941|10644|142326|8622|52615|4975|34585|4503|24967|3792|9618|1757|228234|15134|164996|11883|63238|6270|41746|6593|36815|6142|4931|1463|148463|14414|96147|10672|52316|6026|180461|13698|151402|12052|29059|4909|65936|9732|50786|7581|15150|4377|262|212|94|111|168|179|2972|909|2561|830|411|271|82779|8103|63660|6941|19119|3236
030C201US6|10910669|43563|9893990|43725|589164|15777|302658|11272|286506|12870|24868|4377|19587|3558|5281|1663|6527|3097|2894|1434|3633|2589|3979|1520|2869|1027|1110|957|8286|2413|5671|1788|2615|1394|20900|2888|17605|2608|3295|898|3008|1221|2634|1179|374|325|1596|655|1325|540|271|289|7686|2034|6060|1780|1626|787|2712|1029|2268|918|444|335|6478|2850|3575|1774|2903|1510|10007|3745|6181|2521|3826|1668|159|188|78|132|81|138|6736|1979|4226|1590|2510|1354|12920|3417|7514|2271|5406|1749|12136|3405|9224|2594|2912|1369|5667|1895|4568|1750|1099|603|3078|1461|2162|1168|916|704|6126|2251|4463|1839|1663|962|10170|3054|5419|1839|4751|1954|11265|2660|7319|2402|3946|1609|8886|2346|6641|1995|2245|942|3139|1248|2424|959|715|571|4456|1931|3672|1764|784|521|35614|4613|18350|2496|17264|3705|8733|2048|4604|1520|4129|1146|16792|2667|6522|1511|10270|2163|122|134|102|133|20|36|23209|2901|11945|2059|11264|1967|4427|1697|1977|1052|2450|1394|7898|2032|4050|1388|3848|1180|12831|3318|6244|1897|6587|2176|16378|2616|11660|2349|4718|1097|5055|2192|3975|2130|1080|558|49532|7909|29588|6313|19944|4170|2316|1729|1992|1685|324|242|13116|6667|6888|3726|6228|4153|14497|4315|9895|2735|4602|2638|24499|7035|11899|4252|12600|4524|0|210|0|210|0|210|475|334|475|334|0|210|11236|3046|7304|2518|3932|1617
030C201US7|30781367|60383|20905707|75874|7648528|52722|4632362|44758|3016166|49813|109406|8619|93054|8056|16352|2886|16948|4009|12394|2826|4554|2641|11067|1889|9027|1783|2040|678|58392|9991|44879|7775|13513|4698|57866|4709|50879|4007|6987|1666|12074|2880|10979|2881|1095|583|7123|2122|5943|1971|1180|648|36447|5576|25680|4379|10767|2455|8670|2119|6975|1936|1695|751|16241|4693|13699|4293|2542|1011|16882|2924|11752|2608|5130|1481|2325|1369|1899|1316|426|390|57195|8471|33675|5386|23520|4698|45322|6839|30992|4700|14330|3156|125293|10345|104205|8880|21088|4350|95421|11222|68975|8370|26446|4936|10185|3158|6424|1995|3761|1878|34089|5221|24428|3870|9661|2420|65655|7691|46643|6016|19012|3651|36666|6220|24898|4102|11768|3877|92321|9039|78042|8591|14279|3075|60476|8044|49988|7133|10488|2718|62575|7607|44975|5552|17600|3645|207706|10177|109508|6365|98198|7816|25487|3749|16653|3153|8834|1902|72128|5822|38558|4386|33570|3919|6454|1882|4933|1544|1521|819|289999|18895|122202|11088|167797|13202|8339|2379|3765|1382|4574|1503|25344|4637|13969|3108|11375|2584|38994|6318|20726|3673|18268|3759|111927|8570|84118|7421|27809|3492|41537|7307|29297|7199|12240|2842|133574|11776|95846|10001|37728|4768|6512|1939|6010|1940|502|434|50414|8067|29642|5538|20772|4605|102711|10685|89467|9500|13244|3304|46132|7981|36159|7082|9973|3012|725|632|650|616|75|115|7501|1623|6698|1496|803|476|13009|3855|10314|3423|2695|1419
030C201US8|20378758|39074|15935811|53086|3240526|38075|2113431|31671|1127095|22764|61887|7640|52722|6604|9165|2139|1910|856|1563|774|347|363|19218|2955|15504|2561|3714|1635|32296|5177|26691|4351|5605|1764|55456|4486|48878|4078|6578|1515|13702|2513|13159|2425|543|348|8112|2471|7223|2409|889|416|38732|5136|24715|3585|14017|2983|15435|3131|12348|2462|3087|1075|15040|3452|8773|2566|6267|1966|16932|3594|10392|2402|6540|1996|5897|2190|4062|1435|1835|1131|28168|5563|17327|3369|10841|2807|6962|2129|5322|1518|1640|990|28937|4909|25527|4536|3410|1130|9902|3550|7208|2805|2694|1356|7544|3066|4503|1575|3041|2034|6358|2032|4807|1565|1551|858|21521|5369|14256|4074|7265|2140|34037|5968|25798|4266|8239|2450|17355|4073|14776|3660|2579|1349|15611|3578|13780|3197|1831|771|10305|2732|8770|2416|1535|782|113332|7234|60908|4308|52424|4893|27727|4277|18326|3446|9401|2025|49760|6521|30654|4990|19106|3615|3122|1314|2308|1050|814|500|67819|9139|29515|4605|38304|5994|7734|2312|3807|1359|3927|1528|19402|4667|10957|3590|8445|1966|19054|5042|10996|3044|8058|2676|142045|10132|102471|7945|39574|4856|42004|4084|28415|3149|13589|2627|58688|8295|39325|6295|19363|4266|9102|2033|8171|1972|931|567|42277|6628|28414|4716|13863|3120|14759|3869|13183|3701|1576|753|38968|9086|23348|6337|15620|5485|47951|4951|38677|4445|9274|2100|12810|2392|10793|2261|2017|1083|14550|4029|11488|3386|3062|1370
030C201US9|45740521|49165|27387630|81200|11084201|65754|6735845|49754|4348356|46433|152187|8428|130563|7437|21624|2543|9528|2871|6929|1966|2599|1668|57232|4864|46628|4383|10604|2017|111060|9980|81552|8609|29508|3880|120742|6845|106087|6404|14655|1901|26829|4085|24979|3939|1850|560|25380|3629|21457|3473|3923|1161|250461|15576|140414|9398|110047|9875|29319|4073|23094|3597|6225|1559|32515|6168|22957|4898|9558|2434|97313|11710|52466|7480|44847|6371|201767|12797|111385|8503|90382|8575|263262|16430|164177|12483|99085|8166|58611|6144|44299|4654|14312|2949|260981|15856|219859|15029|41122|4769|76304|9107|56822|7425|19482|3526|186084|14105|117484|10551|68600|6987|45897|6308|32051|4503|13846|3330|83097|8969|63258|7119|19839|3466|99388|8598|70945|6065|28443|4537|95015|9336|78893|8025|16122|3380|81868|6870|73341|6340|8527|2032|60859|7845|51110|6751|9749|2081|1487686|26442|716232|17971|771454|17317|194380|10428|116995|7782|77385|5249|424117|19632|193195|11624|230922|11567|74339|8119|38059|5117|36280|5929|665890|22597|281930|13634|383960|14182|87730|9717|43152|6065|44578|5409|98206|9436|45602|4726|52604|7088|99543|9134|55693|5616|43850|5953|901012|23539|601793|19537|299219|10185|277254|14620|176211|10659|101043|7848|234999|16685|158915|12106|76084|7426|50731|6965|42686|6350|8045|2330|104256|9672|64920|7422|39336|4191|43723|6657|36687|6236|7036|1886|35242|5755|26865|4435|8377|3141|1477|715|1194|705|283|213|16191|3124|14314|2956|1877|822|46215|6411|27357|4366|18858|3894
030C243US1|2971712|26924|2795848|25461|51116|5835|37989|4419|13127|2520|31507|2429|25947|2153|5560|985|1177|685|690|530|487|335|5942|1433|5109|1351|833|432|16454|4439|11776|2879|4678|2024|7934|1927|7252|1870|682|313|1348|562|1302|535|46|64|1935|1010|1678|855|257|214|5053|1898|4064|1595|989|884|5383|1666|3736|1222|1647|685|215|237|163|171|52|90|2596|1250|2202|1175|394|426|89|151|89|151|0|210|1123|765|790|656|333|345|1641|1407|1305|1064|336|418|1721|775|1543|715|178|189|1642|1171|1086|785|556|484|251|436|191|333|60|104|252|256|252|256|0|210|1112|818|648|632|464|377|5347|1951|4356|1553|991|580|2372|1330|1966|1205|406|509|543|470|411|440|132|151|109|166|109|166|0|210|6265|1915|3447|1347|2818|1056|2990|1309|2411|1171|579|470|1884|1089|1011|600|873|561|83|137|83|137|0|210|1428|927|407|287|1021|776|558|518|367|432|191|245|1195|692|711|505|484|345|630|419|451|338|179|199|2725|1171|1912|823|813|547|686|373|569|350|117|136|3257|1714|2651|1632|606|412|1649|1908|1354|1439|295|478|597|740|588|740|9|2|745|322|745|322|0|210|1160|707|782|440|378|353|0|210|0|210|0|210|1359|530|1237|516|122|144|1791|784|1231|697|560|345
030C243US2|5869100|43374|5448386|39376|155141|8736|99255|6211|55886|5233|11621|2286|9969|2269|1652|492|4116|1760|2970|1410|1146|930|13014|2548|10409|2103|2605|1013|7692|1661|5371|1218|2321|965|26371|3717|19308|3045|7063|1797|86480|9027|57925|6910|28555|4696|3397|1048|2871|1039|526|259|14057|3657|8805|2475|5252|2043|10841|2408|7316|1875|3525|1201|2297|1293|1854|1224|443|266|7647|2130|4972|1459|2675|1143|158|191|98|160|60|103|1095|561|835|426|260|305|3815|1701|2466|1293|1349|802|4875|2667|3914|1659|961|1152|2581|1394|2216|1377|365|255|1038|868|418|357|620|760|1122|742|629|425|493|461|1663|863|1007|522|656|527|5537|1234|5028|1238|509|247|2923|1407|2411|1157|512|416|674|482|674|482|0|210|2025|1304|1941|1304|84|8|15237|2665|7643|1590|7594|1499|1609|474|1138|419|471|231|5349|1886|3182|1381|2167|985|155|264|41|73|114|195|2446|1431|1117|757|1329|824|1032|734|217|168|815|696|867|460|157|151|710|384|4550|2151|3216|1675|1334|702|6103|1475|4304|1312|1799|641|890|399|431|245|459|307|4593|1306|3115|976|1478|641|1196|439|1011|430|185|155|448|601|372|590|76|103|1485|895|1238|864|247|172|1494|982|1430|979|64|89|0|210|0|210|0|210|982|445|753|362|229|214|2098|769|1677|640|421|262
030C243US3|10592011|68459|10083451|68901|192568|9946|123494|6802|69074|5313|10341|1330|8282|1215|2059|674|823|447|760|427|63|93|4342|1169|3603|1142|739|302|3224|1351|2773|1334|451|335|80429|6706|59718|5630|20711|2660|123445|10152|84929|8177|38516|4914|2448|1207|2177|1177|271|249|3341|881|2351|644|990|500|8488|1621|5550|1206|2938|1187|2154|1283|1469|827|685|575|5379|1577|3628|1138|1751|702|199|186|169|163|30|38|441|372|229|169|212|312|2121|1274|1287|892|834|623|1605|861|1037|543|568|539|2286|1327|1789|1116|497|390|675|461|356|333|319|260|118|151|84|89|34|62|1204|815|730|541|474|345|8967|2724|6982|2361|1985|650|2246|1192|1915|1144|331|244|573|496|565|494|8|15|1104|841|1056|828|48|86|6352|1472|4167|1068|2185|723|3776|1130|2194|630|1582|815|2959|861|1753|744|1206|476|5538|2452|4402|2399|1136|542|3885|1391|2215|1006|1670|714|288|216|100|113|188|182|1281|658|819|481|462|283|1223|470|763|331|460|251|7005|1453|5686|1254|1319|455|2029|829|1238|611|791|417|5860|2589|4243|1849|1617|952|688|266|666|259|22|30|1145|1151|849|747|296|437|927|522|799|481|128|129|787|544|656|539|131|99|152|166|152|166|0|210|3491|798|3009|651|482|319|2653|612|1923|478|730|412
030C243US4|6463443|71636|6176105|69131|153583|7562|94704|6236|58879|3797|5329|1068|4795|1034|534|269|482|288|369|198|113|129|1050|360|908|332|142|107|1601|712|1255|626|346|243|39578|4951|31420|4520|8158|1434|20688|3205|15678|2918|5010|1467|323|203|262|191|61|66|3832|1310|2513|972|1319|748|1141|557|851|513|290|220|455|299|406|258|49|82|3872|1544|2226|1057|1646|774|0|210|0|210|0|210|201|137|123|93|78|110|173|212|75|94|98|159|721|378|560|317|161|186|894|820|858|799|36|47|182|286|95|148|87|144|383|99|52|99|331|1|488|427|354|326|134|180|2728|791|2206|657|522|316|656|792|481|557|175|315|315|220|304|222|11|19|80|95|80|95|0|210|3066|1021|1876|827|1190|489|2501|979|1805|852|696|444|1467|655|971|518|496|368|3601|1175|1925|750|1676|642|2667|964|1186|586|1481|600|258|163|192|146|66|79|2304|827|1012|459|1292|586|3095|1368|1536|833|1559|751|4419|1065|3080|876|1339|480|3744|1076|2216|981|1528|516|1238|426|814|332|424|249|312|168|162|130|150|95|1824|854|1037|673|787|499|753|344|515|327|238|93|1341|638|891|580|450|368|304|220|275|207|29|47|14088|2586|11855|2621|2233|1057|1601|466|1259|368|342|239
030C243US5|13833152|65264|12773049|59540|763656|26096|470820|20433|292836|13572|20499|2887|16102|2344|4397|1549|14194|3792|8157|2490|6037|2300|8032|2044|6689|1890|1343|487|14669|3861|9108|2395|5561|2109|26922|3419|22938|3259|3984|966|8885|2808|8022|2645|863|573|2184|745|1834|683|350|277|16642|4160|12181|3586|4461|1403|4131|1750|2997|1549|1134|495|1713|1205|1424|970|289|288|8243|2737|5564|2327|2679|1354|146|170|79|132|67|114|3902|1369|2840|919|1062|795|5492|2399|3420|1862|2072|966|8647|2560|6554|2181|2093|1106|3536|1953|2831|1488|705|635|2108|1152|1496|1061|612|582|2733|1754|1528|1161|1205|803|3112|1636|2673|1415|439|544|12359|4346|8976|3396|3383|1791|6018|3160|5425|2962|593|537|1631|1006|1328|934|303|248|1257|681|1122|635|135|157|18017|3586|10801|2539|7216|1903|5363|1598|3794|1129|1569|787|11402|2327|6143|1618|5259|1329|5510|1517|2974|1010|2536|1122|10081|2766|5059|1833|5022|1560|1519|816|724|377|795|615|5441|1886|2685|1173|2756|1088|3496|1170|1755|791|1741|719|15090|2856|11011|2183|4079|1370|6131|2021|4297|1640|1834|897|12814|2687|9461|2192|3353|1056|3071|1922|2593|1729|478|477|1977|1037|1249|634|728|519|8803|4489|7759|4375|1044|730|2593|1051|2430|1016|163|187|8|43|8|43|0|210|3538|1359|2505|959|1033|925|4538|1484|2745|805|1793|1045
030C243US6|7659433|44351|7398064|45740|174815|9146|113430|7088|61385|6530|6440|1460|4997|1250|1443|621|627|622|367|518|260|336|1518|738|1001|472|517|478|2350|926|2079|927|271|306|13137|2930|9896|1861|3241|2053|12863|3485|9012|2757|3851|1550|917|672|859|606|58|107|1116|893|782|673|334|347|592|440|358|287|234|196|399|410|292|386|107|119|1268|791|702|438|566|642|0|210|0|210|0|210|696|477|341|298|355|289|2266|1344|810|536|1456|898|2246|997|1228|625|1018|732|224|248|153|211|71|93|92|114|88|115|4|8|67|112|0|210|67|112|1401|1025|625|583|776|733|1940|792|1655|758|285|237|1066|1004|1066|1004|0|210|256|260|256|260|0|210|353|312|244|277|109|116|5708|1772|1995|861|3713|1375|1506|732|991|596|515|386|3743|1207|1353|585|2390|984|0|210|0|210|0|210|3217|1306|1463|775|1754|763|394|415|288|358|106|185|2744|1400|1495|1031|1249|830|580|569|295|274|285|365|5394|2112|3352|1265|2042|1198|1597|884|922|646|675|492|2180|775|1410|575|770|445|299|246|209|216|90|107|349|254|137|177|212|187|434|421|178|182|256|255|700|532|630|531|70|14|71|133|71|133|0|210|3418|1168|2875|1107|543|382|2386|1405|816|484|1570|1238
030C243US7|8811493|60083|7520394|57260|1101984|33168|709870|24613|392114|18627|32373|3241|28989|3172|3384|992|521|302|359|249|162|210|1493|523|1348|492|145|186|5358|2206|4499|1938|859|522|25369|4020|19396|3131|5973|2050|3684|1234|3493|1231|191|180|309|228|279|220|30|43|6795|3080|4505|2148|2290|2115|1047|527|901|502|146|158|467|388|438|370|29|39|3445|1421|2529|982|916|562|486|388|486|388|0|210|2454|2012|1897|1857|557|615|1371|1007|883|666|488|508|3768|1316|2973|1087|795|413|2008|1001|1573|843|435|258|364|465|300|385|64|148|3040|1575|2035|1164|1005|833|4595|2641|2411|1646|2184|1823|3065|1719|2138|1145|927|907|3574|1700|3442|1657|132|155|1848|1474|1549|1199|299|364|2142|1095|1668|951|474|406|14149|4695|8266|4074|5883|2099|3686|1966|2640|1188|1046|906|4831|1291|2651|905|2180|795|3239|1387|2085|1039|1154|541|11204|2888|5433|1629|5771|1772|1371|756|551|537|820|514|3481|1292|1373|648|2108|978|1502|773|589|348|913|582|9785|2406|7057|1848|2728|1161|2555|747|1863|634|692|364|6275|2113|5506|1865|769|411|486|390|469|390|17|28|458|443|458|443|0|210|6421|3282|4145|2085|2276|1871|996|629|781|593|215|193|292|197|256|189|36|57|6902|1050|5974|941|928|388|1906|1024|1535|1021|371|293
030C243US8|3940896|39589|3335908|40215|388293|14444|263702|13137|124591|7873|8453|2290|7499|2192|954|526|114|136|62|98|52|94|2100|926|1915|896|185|191|4468|1747|4157|1713|311|216|13734|2096|11989|1897|1745|794|5379|1823|4793|1594|586|400|534|377|484|356|50|83|3561|1913|2288|933|1273|1245|1313|685|829|463|484|388|321|256|260|209|61|141|2018|1141|1767|1098|251|271|6|1|6|1|0|210|966|888|966|888|0|210|208|305|0|210|208|305|970|1196|949|1195|21|47|126|187|120|187|6|2|0|210|0|210|0|210|610|632|384|390|226|329|192|199|92|104|100|178|3317|962|2744|773|573|309|416|583|416|583|0|210|687|767|687|767|0|210|164|274|164|274|0|210|5025|1707|3326|1408|1699|721|3517|1542|2882|1399|635|356|2232|974|1328|727|904|533|203|326|109|194|94|146|2196|1202|562|352|1634|1093|380|307|107|117|273|269|1258|644|930|607|328|246|1082|1015|812|835|270|333|5829|1733|4601|1393|1228|682|2490|828|1606|721|884|457|2045|1226|2032|1226|13|24|353|222|353|222|0|210|1011|714|449|352|562|555|983|660|920|628|63|146|1498|890|997|564|501|455|86839|4334|58789|3577|28050|2233|48984|3967|41066|3694|7918|1711|1113|585|911|565|202|184
030C243US9|4614531|48378|3739330|37604|638098|23617|396603|16326|241495|11641|9731|1656|8463|1469|1268|782|235|183|118|99|117|150|3547|1255|2679|1125|868|622|8467|2083|6310|1586|2157|867|13363|1996|11877|1913|1486|567|3387|1299|3262|1251|125|142|630|383|512|361|118|123|9009|2372|6507|1660|2502|1107|1192|576|704|426|488|375|632|405|496|329|136|165|6971|2650|4935|2027|2036|1095|1600|1304|1117|859|483|527|4685|2110|3972|2059|713|476|211|225|124|177|87|144|4868|1697|4274|1619|594|431|1409|947|1407|947|2|5|6642|2405|4272|1890|2370|1177|1112|1011|835|847|277|340|978|651|816|556|162|196|5668|2033|4709|1483|959|955|2616|1363|2076|1087|540|476|1560|1135|1431|1028|129|150|1235|1311|1197|1307|38|47|22947|3891|10762|2098|12185|2792|5771|1475|4409|1326|1362|502|9483|2640|4301|1588|5182|1983|3712|1859|1970|1244|1742|951|7625|2712|4687|1724|2938|1336|1222|723|631|418|591|419|3944|1849|2572|1627|1372|666|1888|994|1077|638|811|563|24102|3510|16081|3206|8021|1934|21213|3387|15255|2872|5958|1339|8698|3768|6747|2848|1951|1268|1001|1023|1001|1023|0|210|1067|353|318|263|749|203|1344|1433|1322|1434|22|34|961|600|716|473|245|282|421|240|285|171|136|161|25574|2187|22380|2108|3194|747|6382|1923|5103|1494|1279|1146
0400000US01|4820449|3288|4530781|8628|183368|7367|105334|5483|78034|6596|5569|1642|5183|1583|386|372|944|668|641|570|303|345|2229|1321|1373|928|856|881|2409|1357|1620|1020|789|664|9832|1868|8158|1736|1674|619|2109|1293|1873|1196|236|283|596|440|509|351|87|145|1358|764|811|526|547|505|508|392|345|272|163|166|511|574|427|509|84|145|1037|798|704|522|333|336|78|132|78|132|0|210|1309|1043|963|925|346|336|2863|1269|1690|784|1173|756|3892|1839|2766|1283|1126|760|2380|1345|2030|1204|350|339|1149|947|935|897|214|333|1130|791|612|417|518|611|1314|873|1147|784|167|176|1583|725|1170|569|413|338|2156|908|1903|823|253|253|488|402|257|252|231|317|199|247|199|247|0|210|11444|2432|4825|1132|6619|1857|1598|613|797|463|801|474|12461|2182|4150|1246|8311|1879|0|210|0|210|0|210|8830|2355|4809|1597|4021|1298|685|568|201|320|484|465|1767|865|1161|602|606|440|1237|823|581|454|656|504|5335|1522|2979|979|2356|1053|661|288|552|276|109|90|5380|2064|3892|1620|1488|1425|58|95|58|95|0|210|49|57|0|210|49|57|2297|1738|1633|1049|664|799|2609|1650|1284|760|1325|1100|71|133|71|133|0|210|264|190|244|171|20|40|5911|2883|3836|2211|2075|1593
0400000US04|7040202|1573|5213695|26395|1354733|22683|914175|20786|440558|15490|22884|5994|19649|5383|3235|1360|220|209|220|209|0|232|8448|2236|7715|2149|733|364|6074|1591|5382|1452|692|401|17386|2841|14801|2419|2585|1006|4473|1246|4401|1233|72|105|2559|1155|2373|1119|186|186|7673|1967|5324|1579|2349|1087|5988|1843|4318|1505|1670|795|6053|2032|3205|1383|2848|1552|4817|2284|3586|1795|1231|841|2274|1565|1191|804|1083|1008|9244|3261|6103|2039|3141|1365|2690|1051|2160|838|530|394|14880|3707|13626|3483|1254|919|2025|1047|1775|974|250|208|2180|1477|1349|933|831|714|2292|1137|2016|1074|276|334|7347|3441|6037|2997|1310|745|14870|3955|11049|2749|3821|1656|11656|3896|9708|3485|1948|1364|8905|2867|8068|2745|837|445|4060|2011|3131|1557|929|621|31890|4507|17559|2606|14331|2903|10741|2692|6927|2230|3814|1485|14357|4127|9085|3575|5272|1587|605|659|406|390|199|302|23757|5695|10731|3300|13026|3021|2502|1107|1398|721|1104|720|6127|3576|4002|2724|2125|1131|6448|2509|3865|1814|2583|1339|29236|4151|22219|3219|7017|2151|7025|1790|4161|1222|2864|1415|26164|6434|17054|4896|9110|3256|2998|1136|2651|1096|347|297|11841|4464|8915|3373|2926|1652|6063|2853|5638|2783|425|368|23438|7223|13977|5173|9461|4485|72075|4145|54128|3681|17947|1985|23000|2622|19398|2497|3602|1011|4509|1659|3274|1403|1235|856
0400000US05|2890824|2503|2655095|9188|172255|7731|98731|5786|73524|5960|3011|942|2728|930|283|258|214|369|214|369|0|208|300|188|201|155|99|108|2608|1582|1774|1164|834|1036|6362|2031|5593|1938|769|478|1636|970|1578|950|58|106|153|186|147|186|6|11|84|102|84|102|0|208|662|497|426|393|236|261|281|470|0|208|281|470|273|244|273|244|0|208|174|201|174|201|0|208|229|353|229|353|0|208|494|431|382|374|112|156|2099|1123|1800|879|299|364|843|446|449|293|394|280|0|208|0|208|0|208|851|732|851|732|0|208|1634|817|1238|610|396|375|616|369|460|291|156|205|1907|1136|1240|855|667|575|1747|1406|1379|1332|368|438|1047|768|857|617|190|234|4667|2022|2748|1519|1919|1108|1231|968|270|204|961|937|1318|584|449|329|869|443|1466|1356|856|944|610|558|6353|1930|2492|1013|3861|1307|136|130|22|39|114|117|2375|1055|818|444|1557|807|1318|742|750|391|568|438|4044|1169|2387|789|1657|954|10036|2085|4252|1740|5784|2496|1336|870|1156|837|180|183|262|332|245|332|17|28|331|433|291|414|40|72|629|515|505|476|124|180|265|242|222|235|43|76|0|208|0|208|0|208|347|301|342|301|5|10|135|179|135|179|0|208
0400000US06|36878373|3832|20274008|70177|10605844|58840|6441118|46568|4164726|44526|129278|8566|110924|7675|18354|2614|8973|2766|6557|1995|2416|1587|50580|4885|41397|4275|9183|1953|102204|8946|73790|7845|28414|3671|92518|6911|80634|6466|11884|1787|22933|3677|21235|3563|1698|523|22559|3585|19008|3422|3551|1081|175767|11538|99747|7812|76020|7464|22798|3655|18018|3344|4780|1340|24300|6033|17910|4675|6390|2191|58239|7860|35836|5915|22403|3900|200820|12377|110680|8026|90140|8540|246908|16018|153058|12281|93850|7966|52368|5895|39257|4529|13111|2864|213352|14303|177431|13869|35921|4507|67965|9017|49786|7393|18179|3468|171384|13741|107944|10124|63440|7257|38352|6053|26168|4226|12184|3153|65352|7524|49418|6084|15934|3099|74290|8197|50832|5707|23458|4175|74670|8456|61816|7189|12854|3052|67251|6281|61477|5772|5774|1674|51107|7765|42202|6625|8905|2133|1300626|23343|618339|16021|682287|15123|129195|9512|77621|6762|51574|4854|354547|18182|159507|10664|195040|10125|70998|7791|36191|4950|34807|5536|567874|20373|237847|11846|330027|13312|70496|8591|34014|4988|36482|4968|78548|8745|36918|4640|41630|6169|81497|8505|44793|5353|36704|5287|771957|20908|522286|17809|249671|10052|129059|9001|86275|6914|42784|4568|208243|14854|140045|11012|68198|6853|45335|6476|37700|5833|7635|2243|55705|6237|35046|4786|20659|3461|38191|6504|32418|6004|5773|1723|15636|4318|11870|2772|3766|2777|1002|489|711|400|291|233|7279|1897|6177|1780|1102|570|38365|6534|20594|4262|17771|4010
0400000US08|5573835|2170|4683912|18182|612262|17648|394958|13529|217304|11100|18818|3431|15400|3090|3418|1184|298|464|298|464|0|220|2872|1067|2554|943|318|292|7294|2617|6455|2388|839|610|18369|2719|16893|2693|1476|669|4260|1155|3965|1051|295|246|2856|1955|2724|1945|132|167|19760|3957|11254|2657|8506|2540|6155|1901|5441|1614|714|524|1469|697|1142|588|327|288|5891|2067|3508|1421|2383|1218|398|340|398|340|0|220|7105|2830|4008|1888|3097|1477|2058|933|1725|845|333|338|7455|1785|6244|1483|1211|631|2049|982|1503|842|546|505|1997|1973|768|541|1229|1661|1951|1378|1127|779|824|696|5946|2307|2710|1092|3236|1643|7682|2054|6349|1688|1333|827|3818|1384|3400|1210|418|328|4439|1623|4005|1582|434|378|4353|1907|4092|1914|261|269|20085|2734|12313|2289|7772|1920|6285|1855|4419|1486|1866|769|12822|2627|8456|2018|4366|1177|1820|970|1398|864|422|261|21550|4697|9112|2346|12438|3282|1765|1223|1030|838|735|644|3182|1277|1451|636|1731|1066|6016|3039|3399|1712|2617|1514|11031|2183|8348|1715|2683|1036|5561|1939|3058|1608|2503|1078|15655|3829|10478|2462|5177|2578|2014|1128|1987|1133|27|56|15546|3487|8756|2594|6790|1948|4211|1973|3302|1639|909|676|3660|1871|2163|927|1497|1672|1779|1072|1409|876|370|367|1675|626|1278|512|397|341|5711|2831|4675|2214|1036|1070
0400000US09|3436615|829|2616232|18186|447143|11484|266038|10033|181105|10069|24269|4203|18535|3323|5734|1939|25394|6018|15567|4929|9827|2703|22005|3896|16194|3258|5811|1344|47277|6253|23476|3135|23801|4852|6306|962|5344|1006|962|449|1379|529|1309|519|70|112|5841|1565|4592|1339|1249|604|7734|1783|5741|1489|1993|822|29097|4773|16622|3049|12475|2999|5411|2098|3137|1414|2274|1417|9525|3305|5941|2025|3584|1791|48|81|48|81|0|222|3325|1676|2552|1343|773|563|4002|1512|2774|1146|1228|653|11006|2739|9657|2592|1349|587|9396|2639|6718|2204|2678|1326|2062|1095|1361|827|701|581|9486|2998|5743|1886|3743|1495|7485|2162|4831|1381|2654|1320|17761|3234|12928|2781|4833|1924|6222|2121|4233|1575|1989|1266|5086|1878|3001|1146|2085|1274|4196|1866|3759|1707|437|416|30674|4247|18062|2642|12612|2707|2544|1097|1860|873|684|554|5643|1738|3090|1309|2553|867|22|50|0|222|22|50|9361|2600|5005|1701|4356|1591|3204|2225|1323|948|1881|1526|4215|1586|1565|951|2650|1091|5730|3293|3381|1954|2349|1493|8958|2365|5699|1466|3259|1229|1074|759|998|703|76|133|12399|3474|7531|2295|4868|1825|2331|1128|2182|1110|149|144|1090|671|836|535|254|321|7987|2978|6852|2860|1135|770|2472|1358|1496|875|976|1017|0|222|0|222|0|222|1080|664|839|545|241|261|10143|4022|7537|3359|2606|1348
0400000US10|977492|312|823118|6720|81938|3819|42114|3140|39824|3944|3344|1629|2336|1248|1008|849|5702|2967|3147|1766|2555|1539|1760|638|1241|594|519|352|866|538|552|411|314|278|1403|492|1291|483|112|137|1199|1318|1199|1318|0|204|573|637|352|377|221|289|2911|1533|2173|1454|738|523|1661|909|733|511|928|562|59|95|59|95|0|204|1164|867|927|834|237|247|35|58|35|58|0|204|221|336|126|185|95|154|4020|1948|2307|1281|1713|986|4166|1934|3682|1810|484|367|1581|843|1180|732|401|449|1643|1814|933|945|710|925|2631|1506|2341|1388|290|296|1506|1322|1430|1308|76|111|633|308|524|316|109|174|3147|1691|2493|1467|654|568|1263|958|1263|958|0|204|925|609|920|609|5|11|5064|1800|3052|1355|2012|911|796|598|504|455|292|371|1410|825|667|480|743|451|0|204|0|204|0|204|1453|900|692|473|761|543|166|211|166|211|0|204|456|365|102|110|354|328|485|682|199|295|286|394|3414|1440|2557|1045|857|683|298|290|90|86|208|273|4765|2463|2846|1504|1919|1535|7|1|7|1|0|204|29|64|29|64|0|204|8105|3565|7177|3148|928|600|1802|1202|1641|1169|161|159|0|204|0|204|0|204|54|76|54|76|0|204|1719|956|1432|823|287|352
0400000US11|640460|5|516502|8164|56833|5385|37527|4737|19306|2700|11081|2557|9381|2132|1700|913|1743|1370|1720|1366|23|39|2038|794|1825|750|213|281|3190|1882|2894|1923|296|272|3052|1225|2900|1163|152|197|927|665|927|665|0|244|618|445|618|445|0|244|2189|869|2189|869|0|244|385|310|385|310|0|244|702|641|488|449|214|259|754|455|632|433|122|155|175|226|175|226|0|244|2002|862|1351|615|651|552|672|471|672|471|0|244|2042|844|1763|776|279|291|1381|922|1356|907|25|43|67|74|67|74|0|244|178|154|178|154|0|244|525|366|449|350|76|124|884|488|774|434|110|115|157|242|157|242|0|244|236|158|190|141|46|75|141|167|141|167|0|244|5300|1205|3764|968|1536|653|304|301|233|276|71|116|2800|1137|1953|1014|847|579|0|244|0|244|0|244|974|522|391|215|583|467|0|244|0|244|0|244|494|407|422|357|72|121|1936|1235|1277|854|659|466|1726|988|1381|977|345|397|912|784|409|386|503|535|1798|889|1798|889|0|244|591|390|545|386|46|76|7744|3113|5397|2484|2347|1433|4519|1821|4274|1870|245|267|1181|847|1076|717|105|172|0|244|0|244|0|244|0|244|0|244|0|244|1707|1316|946|828|761|890
0400000US12|21488456|3580|14860819|46555|4856274|26729|2716179|27292|2140095|23297|106281|7701|81206|6387|25075|3588|461570|21429|251431|13815|210139|13781|51820|4975|41796|4411|10024|1891|207832|14460|134614|10679|73218|6901|61279|5253|54683|4973|6596|1375|14708|2724|13165|2486|1543|1005|18849|3159|14199|2601|4650|1334|79609|7907|46550|5576|33059|5103|27765|4673|19932|3943|7833|1806|17651|3342|11925|2398|5726|2113|32974|5405|20275|3750|12699|3440|1308|634|1022|630|286|224|12791|3803|10201|3013|2590|1402|27868|4682|20688|3598|7180|2119|30492|5019|24821|4216|5671|1718|23891|5479|18140|4194|5751|2162|5148|2555|3779|1960|1369|943|13719|3391|8317|2080|5402|1962|11339|3480|8624|2652|2715|1646|37766|5796|27357|4374|10409|2695|17366|3904|14776|3419|2590|1095|13267|3694|11345|3263|1922|1538|17209|4545|14862|4063|2347|1032|76112|6779|38315|4511|37797|4555|14384|3535|8772|2428|5612|1942|15394|3422|7429|2305|7965|1985|8|15|8|15|0|243|71772|8161|32020|4032|39752|5680|4714|1564|2803|1100|1911|766|14555|3734|5862|1661|8693|2585|19839|4175|12914|3366|6925|1898|73649|6098|56128|4749|17521|2850|9516|2445|6757|1834|2759|1017|83739|10667|61573|8025|22166|4394|29840|6187|26758|5839|3082|1141|5001|2590|3932|2397|1069|685|12321|3840|10651|3405|1670|1234|5221|2294|4967|2078|254|322|47|94|47|94|0|243|1067|475|1044|472|23|26|41682|6577|32613|5903|9069|2208
0400000US13|10407477|5911|8776451|31937|898151|14906|515704|12925|382447|12023|36777|5342|29156|4090|7621|2534|20072|4695|15642|3675|4430|1852|6582|1535|5840|1392|742|532|31158|5870|21325|4341|9833|3359|20539|2901|17887|2739|2652|914|5570|2069|5373|2075|197|150|2239|886|1795|656|444|561|14296|2829|9377|2125|4919|1384|3617|1908|2794|1487|823|616|8710|3401|6779|2982|1931|846|8037|2507|4711|1565|3326|1222|357|359|357|359|0|226|15690|3474|9809|2313|5881|2265|27584|5411|19064|4369|8520|2120|37045|5094|30900|4640|6145|1848|13555|3080|9874|2326|3681|1257|3446|1896|1641|929|1805|1537|13932|3708|9272|2838|4660|1546|10701|3256|7499|2031|3202|2248|18238|4291|12184|2998|6054|2027|25653|4051|21594|3690|4059|1292|17074|3794|14362|3270|2712|1167|8272|2220|6732|1988|1540|868|63610|6856|32409|4764|31201|3623|9386|2209|5774|1645|3612|1137|51507|5154|23493|3320|28014|3135|2865|1344|1409|826|1456|1083|55988|5324|19116|3043|36872|3911|2576|1227|1626|896|950|511|7424|2297|3935|1294|3489|1498|17652|4061|10367|2784|7285|2065|16490|2688|10430|1790|6060|1927|6264|2592|5024|2123|1240|716|23017|5818|17758|5087|5259|1510|4603|2131|3948|1830|655|586|32852|6894|20786|4913|12066|3725|56098|8651|48107|7801|7991|2321|18703|4511|13600|3618|5103|2545|0|226|0|226|0|226|695|369|582|354|113|153|14001|3626|11352|2797|2649|1643
0400000US16|1853818|1743|1654489|8857|146631|7155|98278|6323|48353|4209|2986|1036|2577|994|409|321|146|116|94|71|52|94|1193|691|928|618|265|274|2387|955|2139|916|248|198|5151|1292|4686|1262|465|297|763|515|554|401|209|252|188|184|143|172|45|74|2497|1449|1725|959|772|559|692|593|530|535|162|192|2472|1282|1410|767|1062|835|1643|962|1088|727|555|495|0|197|0|197|0|197|1816|1368|392|336|1424|1199|148|169|122|168|26|5|352|307|341|306|11|22|311|437|171|265|140|185|0|197|0|197|0|197|170|214|170|214|0|197|1457|937|896|562|561|482|2472|1418|2221|1217|251|247|0|197|0|197|0|197|78|97|78|97|0|197|176|208|176|208|0|197|3838|1234|2406|847|1432|723|1563|747|1328|652|235|198|1135|579|501|369|634|437|284|387|284|387|0|197|998|575|672|425|326|233|0|197|0|197|0|197|919|564|696|537|223|184|967|896|400|591|567|545|3519|990|2942|916|577|363|2800|1309|1792|851|1008|596|1816|906|1544|934|272|208|292|268|292|268|0|197|1221|1475|645|868|576|660|671|492|500|423|171|184|3065|1296|1024|616|2041|991|215|180|163|179|52|90|1358|740|981|560|377|484|939|514|671|423|268|299
0400000US17|11888663|2797|9004820|26243|1672496|18585|1018565|18165|653931|16238|34463|5638|25866|4538|8597|2426|7161|2691|4070|1452|3091|1973|26018|3057|18274|2588|7744|1478|10121|2558|8492|2367|1629|747|31305|3441|26964|3191|4341|1257|5465|1965|4437|1594|1028|961|23751|2967|18086|2611|5665|1761|48012|6938|27517|4463|20495|4365|161590|9940|88687|7068|72903|5911|26399|4946|18595|4082|7804|1855|61713|7724|33040|4253|28673|5314|2785|1161|2061|916|724|541|10088|2448|6812|1892|3276|1101|53564|7517|30584|5248|22980|4418|45893|5308|38141|4674|7752|1983|62667|7404|45755|5395|16912|3617|3505|1618|2502|1373|1003|682|7993|2907|6754|2530|1239|1182|14431|4599|7857|1970|6574|3720|55983|7393|35967|5931|20016|3825|23163|4195|20063|3779|3100|1091|14280|2748|12179|2450|2101|884|20193|4195|14548|2874|5645|1854|109270|8198|50557|4903|58713|5744|12548|2615|7693|1702|4855|1627|36666|4716|19176|3201|17490|2943|139|168|73|122|66|114|19468|3579|9381|1982|10087|2327|3485|1522|1879|978|1606|782|10101|2558|5109|1338|4992|1716|22701|4495|12242|2791|10459|2859|87330|6330|65917|5836|21413|3575|9943|2915|7005|2462|2938|1281|74919|8846|50106|6681|24813|4029|7230|2172|7134|2164|96|92|18690|4875|12226|3725|6464|2179|32917|6776|26057|5985|6860|2224|6878|2672|5739|2535|1139|855|216|290|216|290|0|206|758|470|758|470|0|206|7545|2130|4719|1566|2826|1220
0400000US18|6460641|3340|5785909|19433|352091|11454|198733|9649|153358|9012|18120|4497|8294|2180|9826|3482|9225|4302|3605|2154|5620|3310|3911|2202|3442|2179|469|409|4150|1919|3640|1865|510|330|33605|4612|25905|4107|7700|1860|37849|6599|27784|5382|10065|2097|2355|1092|1693|909|662|481|5054|1510|2916|1229|2138|1006|4801|1545|3815|1311|986|592|4639|1575|2980|1354|1659|684|5460|2057|3366|1361|2094|994|270|322|72|123|198|286|1403|730|1007|632|396|256|6867|2563|4745|1971|2122|1268|9664|2740|8287|2569|1377|624|6487|2536|4706|1758|1781|1161|14400|4145|7809|2955|6591|1852|2953|2237|2036|1700|917|640|4415|1720|3528|1337|887|617|6047|1988|4680|1640|1367|889|4158|2211|2235|1123|1923|1801|4009|1398|3867|1349|142|245|1055|647|867|518|188|260|20471|3494|12702|2534|7769|1985|7311|2008|3300|1372|4011|1427|7626|1571|3352|1078|4274|1171|472|584|168|267|304|359|8999|2246|3689|1306|5310|1642|1069|758|571|440|498|392|3762|1651|1392|736|2370|1177|21891|3830|6162|2041|15729|2929|12263|2659|8091|1579|4172|1726|3031|1699|1746|1107|1285|871|14314|3805|7581|2237|6733|2698|242|322|242|322|0|208|4470|1787|2667|1286|1803|1098|13914|3804|11505|3473|2409|1133|8308|2943|6264|2260|2044|1254|0|208|0|208|0|208|599|359|599|359|0|208|3002|1474|2147|1105|855|1020
0400000US19|3024941|2132|2753286|10490|144254|6705|79457|5104|64797|5258|8567|2042|3907|1238|4660|1638|535|630|535|630|0|172|572|309|497|254|75|93|1454|904|1399|901|55|82|14296|3384|12359|3236|1937|913|5447|2102|3890|1360|1557|1018|344|331|344|331|0|172|1786|936|1106|655|680|531|59|87|59|87|0|172|5601|2166|2402|1261|3199|1618|1279|564|829|320|450|385|0|172|0|172|0|172|809|609|493|434|316|322|742|992|742|992|0|172|2399|1052|1758|914|641|587|583|447|304|365|279|290|662|505|348|310|314|399|1086|497|618|355|468|206|3819|1875|2029|1139|1790|1239|2113|1389|944|477|1169|1259|2942|1523|2878|1475|64|120|1040|1017|981|1018|59|85|1223|793|1135|798|88|152|7240|1885|3877|1300|3363|1292|1477|565|887|447|590|344|2510|1182|1955|947|555|398|124|149|51|83|73|124|7270|2072|2658|1095|4612|1653|444|485|139|203|305|344|5353|1653|2658|1024|2695|1118|9334|3689|1923|1084|7411|3381|4176|1010|1978|826|2198|809|2535|1004|1464|737|1071|616|6761|2717|3875|1403|2886|2242|351|201|280|199|71|22|6695|2035|3975|1484|2720|1185|3272|1334|2715|1271|557|376|9051|3929|4313|2612|4738|2358|0|172|0|172|0|172|1006|342|942|336|64|77|2444|1141|2040|989|404|385
0400000US20|2770717|1436|2435443|9824|226371|7844|135002|7447|91369|4838|4576|1823|3624|1584|952|613|660|472|195|154|465|460|933|381|634|289|299|198|1646|716|1047|456|599|518|11095|2565|8907|2467|2188|832|3943|1912|3103|1538|840|586|259|249|259|249|0|185|2112|1101|1099|660|1013|983|852|938|852|938|0|185|679|536|330|321|349|348|1320|954|802|577|518|765|32|71|32|71|0|185|2214|2020|1526|1192|688|920|1151|672|847|677|304|257|2101|982|1941|942|160|164|2316|1166|2052|1083|264|210|549|413|480|403|69|120|2274|1429|1045|711|1229|1143|3633|1887|2013|1150|1620|1033|1250|741|1055|679|195|244|2688|1046|2185|944|503|399|1321|1070|1164|880|157|228|186|225|97|162|89|152|10312|2139|4738|1338|5574|1625|3428|1358|2778|1153|650|401|2458|987|1164|633|1294|596|1683|1040|1236|894|447|396|11218|2042|4258|1199|6960|1639|736|519|445|330|291|249|4647|1822|2165|981|2482|1067|4285|1864|1808|1438|2477|992|3353|1120|2594|914|759|430|2608|1258|2269|1209|339|232|4747|1762|2951|1002|1796|1242|0|185|0|185|0|185|3933|1608|1958|936|1975|895|1565|815|1388|714|177|246|4278|2226|3235|1690|1043|785|119|159|119|159|0|185|473|233|389|232|84|44|1270|594|771|472|499|375
0400000US21|4261521|2731|3977074|12616|148989|6157|82113|6128|66876|5548|11182|2569|7574|1605|3608|1535|2073|1545|764|641|1309|1396|852|433|791|439|61|74|1777|745|1612|698|165|172|9214|1803|7045|1534|2169|839|8240|2967|5594|2238|2646|1322|345|233|345|233|0|206|2570|1022|1946|922|624|473|469|455|417|486|52|88|4928|2581|2152|1389|2776|1485|3282|1349|2280|1125|1002|777|81|138|0|206|81|138|2109|1078|1388|793|721|496|2168|1391|1357|959|811|533|2357|1173|1558|862|799|560|664|480|537|418|127|208|253|195|253|195|0|206|568|621|174|205|394|585|6007|2324|2536|1298|3471|1681|3813|1747|2828|1759|985|622|1317|629|949|603|368|236|767|549|738|543|29|41|2314|1453|2095|1368|219|216|6410|1447|3508|905|2902|981|4566|1667|2325|1194|2241|982|2004|1001|1097|686|907|485|42|75|42|75|0|206|2965|1198|1019|475|1946|942|1613|1218|216|222|1397|1200|1576|1035|747|648|829|496|5703|2619|2763|1556|2940|1553|5764|1612|4482|1463|1282|510|1360|726|623|426|737|468|11222|3947|8087|3163|3135|1372|311|296|224|265|87|150|2075|1424|1558|1190|517|472|4490|3352|2801|1982|1689|1570|15094|6626|6786|4064|8308|4180|0|206|0|206|0|206|302|306|232|264|70|120|2611|1341|1938|1164|673|487
0400000US22|4298113|3605|3923422|11947|205600|8052|106653|6623|98947|6411|58157|3369|52113|3362|6044|1115|4221|2676|2019|822|2202|2392|1112|453|1023|431|89|88|6616|4256|2788|1373|3828|4085|4193|1207|3096|838|1097|664|635|470|635|470|0|221|391|285|206|182|185|219|1382|1146|1234|1120|148|158|0|221|0|221|0|221|1149|1254|1142|1255|7|16|925|537|755|489|170|179|13|23|13|23|0|221|2108|884|1124|562|984|466|1746|1014|1425|869|321|292|3103|1332|2191|919|912|771|2064|1152|1315|681|749|633|166|271|88|147|78|132|1162|799|372|311|790|625|1780|931|1457|852|323|188|1208|974|1100|908|108|114|1549|1151|1549|1151|0|221|968|792|931|785|37|61|493|668|383|460|110|239|8215|2311|4851|1607|3364|1285|1764|920|1486|903|278|238|1871|812|899|522|972|600|0|221|0|221|0|221|23918|3164|9322|2095|14596|2383|443|384|152|151|291|341|3205|1166|1992|823|1213|693|1298|654|753|404|545|468|8625|2639|6089|2150|2536|912|2361|1395|1723|1043|638|523|14421|4032|10255|2993|4166|1541|339|371|339|371|0|221|1745|1747|793|686|952|1542|2251|1345|2251|1345|0|221|1860|1007|1182|791|678|713|103|167|103|167|0|221|472|364|472|364|0|221|1059|643|958|634|101|101
0400000US24|5833417|1762|4582112|23589|577157|14299|305971|11618|271186|12365|69974|9196|52753|8102|17221|3925|16488|5129|9632|2891|6856|3151|8657|1972|6423|1772|2234|894|15510|4174|10400|2445|5110|2344|12477|2002|11271|1921|1206|639|4732|2336|4145|2213|587|584|6758|2517|5925|2408|833|401|17741|3214|10753|2254|6988|1715|3293|1679|2611|1474|682|553|2300|1223|2139|1116|161|226|8422|3263|4994|2259|3428|2027|1373|736|1007|525|366|345|16392|3189|9492|2124|6900|1702|12699|3529|8842|2160|3857|1845|22397|3599|18818|3077|3579|1249|23704|4408|17204|3630|6500|1682|7593|2899|5459|2424|2134|1075|13164|3383|9901|2639|3263|1337|17647|3669|11002|2395|6645|2712|10162|3296|8903|3132|1259|660|10175|2168|8834|1986|1341|706|4505|1790|3762|1641|743|560|7296|2783|5629|2050|1667|1152|70287|5780|41125|3830|29162|3980|9853|2758|6982|2461|2871|946|35930|4614|16208|2594|19722|3268|232|291|232|291|0|225|21455|4245|9776|2272|11679|2939|2613|1795|1353|1248|1260|763|2709|826|1507|613|1202|519|13603|3781|7727|2094|5876|2719|33413|4267|21942|3099|11471|2603|6626|1977|4900|1602|1726|776|26370|5271|18555|4055|7815|2534|6178|1448|5286|1240|892|669|39133|6650|25291|5462|13842|3494|63717|9196|51547|8166|12170|3193|17178|4421|14162|3736|3016|1444|0|225|0|225|0|225|496|371|427|342|69|117|10896|3136|7557|1967|3339|1833
0400000US25|6659254|1353|4974281|21907|642952|12233|365075|11508|277877|11395|41957|5050|33920|4211|8037|1725|82425|8422|50639|6466|31786|4052|25066|3759|18411|3149|6655|1774|245795|17287|128765|9897|117030|10446|14350|2497|13185|2201|1165|687|2849|1169|2531|1153|318|297|19471|3428|14770|2642|4701|1874|33872|4838|21465|3778|12407|2430|13785|2751|9705|2184|4080|1335|3405|1150|2667|1130|738|455|12231|2603|7806|1901|4425|1384|6077|1932|4694|1774|1383|685|10547|3027|7799|2248|2748|1299|11546|2864|8475|2169|3071|1139|34388|5517|30132|4784|4256|1682|10280|2506|7957|1858|2323|1026|4343|2132|3292|1662|1051|856|7406|2224|5578|1774|1828|948|12099|2683|8721|2052|3378|1297|27153|4627|17612|3345|9541|2644|15574|3739|12911|3062|2663|1590|12626|2980|10531|2479|2095|1033|7000|2032|5579|1641|1421|942|142193|8286|77470|5388|64723|5660|8062|1806|5690|1487|2372|777|17768|3186|11346|2189|6422|1885|251|371|123|210|128|167|40741|5882|16629|3436|24112|3874|22342|4693|9777|2844|12565|2911|8857|3242|3653|2025|5204|1743|13581|3266|10163|2656|3418|2130|10075|2515|7875|2235|2200|898|3553|1872|1645|756|1908|1420|43386|6427|29336|4905|14050|3094|10337|3714|8897|3087|1440|873|13195|3948|8770|3055|4425|1904|20865|4033|16782|3520|4083|1553|23883|5050|17726|3994|6157|2112|0|225|0|225|0|225|630|490|630|490|0|225|8057|2810|5853|2252|2204|1082
0400000US26|9507802|2559|8508249|19559|312829|10173|204798|9236|108031|7429|19053|3059|14679|2546|4374|1108|1561|809|1063|556|498|538|11836|1907|7665|1386|4171|1357|11486|2856|7472|2276|4014|1946|33718|3896|28478|3458|5240|1355|15903|3318|9657|2070|6246|2008|5786|1507|4861|1424|925|406|11485|2841|6779|1588|4706|1811|17608|3700|13905|3250|3703|1049|8716|2653|6546|2439|2170|752|16587|3555|8948|1676|7639|2535|1807|824|1322|635|485|303|5482|2528|2838|1167|2644|1685|9810|3136|6447|2167|3363|1405|17688|3205|15121|3081|2567|938|16788|3589|13181|3163|3607|1651|7048|2385|5137|2156|1911|849|34255|6001|20100|4433|14155|3568|12257|3162|9127|2378|3130|1385|37660|5156|23512|3686|14148|2794|17913|3822|12560|2761|5353|2093|11402|2587|8863|2012|2539|1065|9769|2679|7790|2052|1979|1253|41769|4596|21842|3217|19927|2499|12284|2780|5246|1388|7038|2166|15991|3284|8827|2069|7164|1789|5493|2269|4213|1885|1280|735|16791|3131|7151|1939|9640|2089|1266|754|773|513|493|405|2446|989|1339|579|1107|671|7505|1969|2744|1062|4761|1299|14824|2770|10029|1945|4795|1859|4540|1446|3116|1146|1424|748|171731|11653|90957|8994|80774|8446|1873|847|1443|623|430|370|28264|5208|16139|3309|12125|3208|11523|2994|9560|2790|1963|1152|9059|3690|3905|1568|5154|2869|0|184|0|184|0|184|1498|544|1155|475|343|243|4249|1097|3568|908|681|492
0400000US27|5410920|2524|4733743|19240|235909|8993|146875|8115|89034|6274|13702|2847|10320|2179|3382|2097|3470|3254|2578|2242|892|1231|1629|610|1119|456|510|402|2323|759|1635|539|688|386|17635|2899|15167|2762|2468|734|2997|901|2400|831|597|267|634|477|598|466|36|61|11500|2518|7642|2156|3858|1386|2558|1040|1529|710|1029|672|2902|1291|2338|1093|564|336|6996|2047|3578|1076|3418|1347|78|139|78|139|0|157|1933|780|1387|522|546|426|4294|1773|3275|1637|1019|458|8572|2256|7372|2059|1200|660|802|577|664|485|138|178|1901|1548|1633|1300|268|376|2929|1252|2299|1031|630|511|6687|2289|5377|1918|1310|774|5874|1971|3791|1027|2083|1740|7147|2489|5963|2291|1184|720|5395|2071|4452|1650|943|925|4810|2705|4464|2646|346|384|25506|4231|16847|3023|8659|1776|5549|2051|2996|1279|2553|1233|4623|1280|3045|1005|1578|723|67206|5807|38756|4384|28450|3743|21012|3800|9626|2327|11386|2052|6316|1964|3200|1275|3116|1100|7438|1892|4754|1541|2684|883|16647|3904|6797|1834|9850|2641|11684|2765|8491|2324|3193|1089|3084|1124|1653|686|1431|632|13629|4052|9354|3239|4275|1367|1083|659|1052|656|31|41|90528|9842|49756|6748|40772|6379|23688|5896|16439|4546|7249|2591|14190|2582|8991|2314|5199|1604|0|157|0|157|0|157|6623|1075|5697|1028|926|451|5694|1727|3999|1283|1695|1036
0400000US29|5847740|2694|5440228|14221|172159|8785|108565|7466|63594|5489|11690|2585|8844|2089|2846|1210|2914|1369|2296|1278|618|468|2986|865|2144|685|842|427|3025|1272|2116|884|909|590|19858|3299|16780|2950|3078|976|11271|2682|8814|2530|2457|1220|1571|634|1428|605|143|191|8830|3306|4589|1696|4241|2167|2389|949|1627|620|762|539|15640|4227|9616|2976|6024|1838|4111|1863|2609|1309|1502|781|351|378|230|299|121|197|3687|1747|1381|724|2306|1348|1946|1071|1604|911|342|420|7116|1769|5548|1694|1568|627|3977|1496|2926|1313|1051|514|1171|842|680|488|491|427|1410|931|1196|718|214|301|3813|1610|2933|1634|880|619|7006|2820|4531|1881|2475|1183|6226|2107|4504|1464|1722|1191|2675|1163|2459|1068|216|211|1514|730|1245|551|269|269|19872|3420|9864|2277|10008|2205|5915|2026|4004|1434|1911|1054|5266|1476|2578|871|2688|1094|1389|905|1051|799|338|404|13492|2727|5279|1234|8213|2259|616|515|317|418|299|294|2868|1545|1540|696|1328|1047|5006|2153|3195|1819|1811|981|8215|1980|5802|1545|2413|1050|6667|1466|4670|1321|1997|592|9552|3594|5999|2142|3553|1800|1186|706|980|669|206|216|6894|4048|3911|2843|2983|1667|8221|2752|7263|2613|958|608|12738|4140|7638|2907|5100|2270|32|48|27|47|5|9|270|147|254|146|16|23|1977|805|1702|723|275|195
0400000US31|1857880|1892|1626489|7962|157012|6280|90680|6129|66332|3956|6086|1704|4621|1547|1465|797|30|53|0|174|30|53|137|120|94|118|43|12|843|703|843|703|0|174|2537|794|2165|696|372|253|2406|949|2299|947|107|111|279|275|205|246|74|118|2344|1191|1561|691|783|645|428|280|352|258|76|121|702|537|515|438|187|182|1120|523|970|452|150|190|80|126|80|126|0|174|2636|1600|1231|744|1405|1040|0|174|0|174|0|174|1524|833|952|582|572|549|811|546|487|467|324|264|111|120|57|81|54|91|276|261|136|150|140|229|2343|1127|1135|795|1208|565|3437|1655|2552|1264|885|645|1226|791|1064|728|162|172|2551|1664|1761|973|790|812|429|286|341|243|88|98|4504|1335|3127|1127|1377|808|545|369|312|289|233|196|1357|730|661|481|696|414|0|174|0|174|0|174|10487|3204|5749|2190|4738|1659|54|74|0|174|54|74|1641|825|746|545|895|620|5779|2206|2418|1014|3361|1594|2088|937|1081|643|1007|630|599|407|393|329|206|223|6730|2746|2959|1474|3771|1993|178|146|178|146|0|174|2962|1524|1383|1171|1579|979|1087|676|991|666|96|161|2702|1366|1881|1108|821|799|128|152|128|152|0|174|804|297|776|290|28|36|398|262|398|262|0|174
0400000US32|3023013|1424|2116390|17051|622983|10958|370437|10344|252546|10342|8727|2175|7430|2064|1297|673|587|472|412|420|175|242|2961|1505|1495|673|1466|1372|4788|1931|3796|1726|992|846|9089|2545|7930|2149|1159|701|1740|1064|1709|1062|31|51|1292|662|1067|527|225|227|5477|2105|3421|1115|2056|1374|2525|917|1840|856|685|464|3113|1666|2021|1508|1092|596|4281|1634|2342|873|1939|1018|2648|1265|1946|1084|702|520|5738|2456|3725|1743|2013|983|1495|1498|835|773|660|801|2307|1197|1939|1155|368|373|4256|3084|2911|2364|1345|1223|1771|1232|1274|982|497|424|1839|1190|1310|1020|529|512|1713|846|876|612|837|651|5478|2058|3869|1421|1609|1129|1057|707|926|681|131|143|337|351|294|297|43|71|544|525|481|504|63|101|35995|4738|16942|2636|19053|3102|5862|1791|3569|1410|2293|1025|15688|3433|8126|2141|7562|2473|88|147|0|232|88|147|12883|4039|5074|1688|7809|3233|1928|1379|847|536|1081|1047|6317|1708|3113|1179|3204|1028|3042|2182|1993|1332|1049|970|86996|8377|60003|6250|26993|3897|11422|2179|7593|1606|3829|1178|4842|1708|3157|1165|1685|820|2784|1174|2227|1076|557|499|13701|4378|9845|3373|3856|1698|1911|1251|1777|1159|134|194|1850|1656|762|737|1088|1462|532|608|475|601|57|94|1005|479|788|399|217|202|3031|1745|2610|1664|421|338
0400000US33|1339275|1129|1227084|7513|35435|3871|23523|2824|11912|2219|14250|2259|11977|1933|2273|748|963|1193|595|848|368|421|986|506|901|467|85|104|6205|2078|4688|1739|1517|757|4904|1876|4811|1862|93|104|176|135|176|135|0|200|1357|888|865|602|492|671|2656|1129|1892|869|764|457|1621|761|1480|775|141|127|686|547|518|453|168|210|1772|920|1305|804|467|361|336|340|336|340|0|200|882|607|377|281|505|495|525|567|476|565|49|111|1689|972|1332|803|357|297|810|725|777|723|33|64|0|200|0|200|0|200|950|900|843|864|107|163|2913|1482|2204|1313|709|588|3144|1749|2476|1462|668|538|1365|921|1127|904|238|250|346|403|346|403|0|200|1437|1024|1155|901|282|326|3855|1429|2068|896|1787|837|695|673|659|664|36|71|2984|1355|1378|683|1606|1014|0|200|0|200|0|200|2023|1240|961|722|1062|790|368|285|368|285|0|200|678|657|372|349|306|394|1143|915|506|353|637|827|2500|1424|1765|1308|735|467|1042|489|150|163|892|484|4397|3285|2940|2428|1457|1093|254|265|254|265|0|200|952|1339|472|671|480|678|1076|656|1076|656|0|200|4014|1820|2887|1460|1127|772|0|200|0|200|0|200|19|24|19|24|0|200|783|582|426|503|357|270
0400000US34|8772313|1910|5851494|32509|1517618|20428|786467|16990|731151|16716|35741|5906|26833|4310|8908|2734|65829|8424|37793|5928|28036|5581|48506|4678|31810|3464|16696|2475|98178|8811|52531|5652|45647|5736|16821|2387|14438|2149|2383|765|21456|5469|18641|5115|2815|1525|15351|3145|12013|2582|3338|1021|46892|5162|29627|3725|17265|2818|57506|7149|36930|5105|20576|3445|14009|3448|9628|2909|4381|1775|28331|4748|15153|2604|13178|2988|4089|1573|3229|1271|860|519|8158|2555|4561|1454|3597|1577|89501|7920|58201|6192|31300|3911|83159|7793|71356|6910|11803|2089|36204|5734|29156|4732|7048|2083|16226|3899|10223|2756|6003|1887|27323|4898|16007|3097|11316|2651|27415|4082|24225|3889|3190|1005|28511|4891|20827|3986|7684|2165|39104|5015|31419|4315|7685|2584|29214|4840|24708|3965|4506|1779|23048|4032|19182|3631|3866|1386|129216|8338|75791|5538|53425|4761|13873|2958|7936|2101|5937|1685|75265|7030|33813|4009|41452|4860|0|225|0|225|0|225|23508|4843|8814|2059|14694|3672|637|646|362|439|275|273|2538|1177|1039|761|1499|813|22606|3865|13468|3029|9138|1884|83456|6696|61625|5861|21831|2884|8298|2600|4920|2028|3378|1493|80048|9700|54126|7583|25922|4346|23017|4296|20742|4056|2275|857|4017|2102|3064|1915|953|706|49276|8707|44202|8548|5074|1653|5081|2002|4110|1552|971|758|0|225|0|225|0|225|629|469|411|393|218|219|21164|3718|16744|3356|4420|1389
0400000US35|2010078|2001|1372490|15438|501315|13345|351725|12526|149590|9392|4212|1360|3734|1219|478|339|342|375|170|251|172|280|1532|766|1214|631|318|350|1796|773|1392|590|404|366|4060|1059|3659|997|401|332|2113|1308|2113|1308|0|211|98|113|98|113|0|211|1402|721|999|565|403|363|405|340|288|293|117|153|158|214|141|210|17|32|435|375|435|375|0|211|6|1|6|1|0|211|1857|896|1567|752|290|248|576|462|449|337|127|197|1122|996|905|951|217|192|202|294|95|145|107|149|0|211|0|211|0|211|276|288|276|288|0|211|1651|1018|1460|954|191|220|540|458|411|331|129|151|487|475|460|449|27|49|538|612|371|377|167|291|281|470|281|470|0|211|5842|2010|3300|1355|2542|1041|935|636|551|367|384|327|2124|936|1348|690|776|488|0|211|0|211|0|211|2902|1263|1434|685|1468|761|0|211|0|211|0|211|1399|1310|1001|952|398|432|89|141|43|70|46|122|7358|2022|6312|1948|1046|568|1042|458|649|295|393|289|5272|3321|3862|2844|1410|831|409|458|409|458|0|211|334|390|185|184|149|228|1657|1452|1657|1452|0|211|2649|1771|2522|1665|127|216|54071|3588|37201|3255|16870|1934|25743|3212|20848|2992|4895|1457|358|314|116|105|242|299
0400000US36|18535508|2389|12796987|53456|2737354|29722|1482777|26761|1254577|25456|132299|10478|103797|8129|28502|4436|171962|11993|106096|9209|65866|7056|117792|7692|85398|6067|32394|3497|59449|8146|42792|5816|16657|3795|47420|5937|42192|5598|5228|1333|214422|14958|104684|10832|109738|8907|63780|7161|47503|6240|16277|2711|215473|16150|92387|9444|123086|10797|66780|8239|41683|6289|25097|3961|28991|4701|18891|3765|10100|2350|50830|7668|26175|4931|24655|4361|6221|1910|4623|1519|1598|776|29742|5170|18299|2887|11443|3235|22522|4203|16821|3687|5701|1720|65350|8984|49574|7035|15776|3333|78506|9706|47677|6493|30829|4794|26858|4621|16020|3161|10838|2258|165050|13446|73867|8588|91183|7901|29083|4499|16023|2878|13060|2733|88366|8029|60126|6472|28240|3501|11166|2864|9281|2344|1885|988|12138|3409|9102|3200|3036|1317|23481|4060|16425|3067|7056|2157|594473|17062|214176|8937|380297|13120|29072|3991|17659|2921|11413|2278|93673|8021|44248|4089|49425|5727|0|218|0|218|0|218|22646|3917|8758|2300|13888|2449|3658|1266|1267|644|2391|987|11436|2372|6216|1880|5220|1156|58727|6665|28346|4609|30381|3866|78050|7213|60200|5533|17850|2610|8287|2235|4124|1160|4163|1856|130314|14154|84737|10534|45577|6857|62062|8357|53203|8018|8859|2270|15835|3674|10528|2773|5307|1776|98364|11133|68799|8716|29565|5012|14252|3344|9154|2557|5098|1815|0|218|0|218|0|218|1720|618|1582|617|138|121|50917|6617|31233|4722|19684|3998
0400000US37|10240752|4846|8829058|26751|895610|19074|517349|16668|378261|13215|32501|4224|24214|3768|8287|1817|9560|3162|6700|2564|2860|1255|8701|2310|7515|2127|1186|591|14978|2857|10285|2356|4693|2013|23403|3642|19993|3051|3410|1642|6242|1865|5814|1772|428|277|4448|1406|3994|1300|454|304|14276|3766|7875|2345|6401|2225|3803|1066|3366|931|437|318|3660|1921|2427|1275|1233|730|9951|3003|4973|1593|4978|2532|308|419|308|419|0|222|5192|1949|3839|1453|1353|767|14472|2853|8551|2162|5921|1508|27849|4089|22946|3595|4903|1424|10103|4068|8143|3726|1960|1049|1584|1033|1250|839|334|380|6670|2185|5086|1539|1584|922|17201|4340|12106|3097|5095|2558|13117|3235|9556|2183|3561|1984|29972|5260|22933|4234|7039|2512|10308|2924|8075|2341|2233|1338|6437|1954|5718|1727|719|488|42561|4025|25299|2986|17262|2183|9125|2457|6495|2073|2630|930|15247|2850|7076|1632|8171|2116|9461|1669|6483|1647|2978|787|25303|4186|9673|2448|15630|3194|4638|2171|2399|1235|2239|1216|7292|1926|2832|1069|4460|1503|11140|2615|5368|1429|5772|1823|21175|3368|16704|3012|4471|1127|6362|1967|3828|1487|2534|876|30232|6248|21298|4684|8934|2169|1969|1207|1872|1173|97|120|14146|6986|8023|4802|6123|2872|17475|5170|14424|4256|3051|1792|14056|5280|10177|3955|3879|2612|152|189|34|57|118|179|2974|1123|2372|981|602|626|8040|3146|5793|2460|2247|1158
0400000US39|11131252|3430|10218865|20686|307693|10301|185902|8539|121791|6913|27399|5477|17267|3284|10132|3160|6688|3045|2469|1507|4219|2077|10985|2163|8446|1950|2539|1035|7711|2411|5326|1711|2385|1604|37034|5012|29002|3964|8032|2096|68241|7213|46883|6175|21358|3882|8537|1968|6928|1844|1609|659|17444|3236|9770|2020|7674|2078|4704|1204|3457|959|1247|729|9647|2463|6438|2299|3209|898|17352|3650|8407|2005|8945|2530|297|339|249|266|48|81|7528|3208|4583|2942|2945|989|6868|2073|4374|1648|2494|871|18322|3647|15176|3359|3146|1219|8246|2448|6171|1862|2075|888|5682|3139|3664|2227|2018|1399|6646|2062|5226|1931|1420|752|35968|6420|16836|4250|19132|4119|16708|3601|11864|2974|4844|1582|17006|3476|12544|3125|4462|1363|8230|2541|6170|1984|2060|1313|6180|1897|5391|1709|789|665|40746|4800|23678|3836|17068|2598|10967|2141|5286|1281|5681|1862|11425|2523|6176|1533|5249|1612|186|187|186|187|0|208|15719|3373|8527|2470|7192|1572|3585|1907|1090|751|2495|1443|5916|1722|3169|989|2747|1153|12984|3962|7282|3096|5702|2249|17733|3399|11388|2249|6345|1854|3236|1105|2366|922|870|547|50780|8584|33484|6362|17296|3880|3484|1303|3115|1247|369|492|31386|5682|18488|3870|12898|3543|26122|6624|20028|5316|6094|2272|7945|2549|4191|1581|3754|1845|12|22|12|22|0|208|878|587|638|384|240|257|8167|2039|4722|1276|3445|1514
0400000US40|3814213|2156|3380568|9369|304687|7932|187542|7393|117145|6411|4635|1184|4419|1177|216|196|1606|1103|1106|969|500|499|807|398|430|249|377|236|2181|869|1680|654|501|457|8679|1730|7722|1609|957|416|1739|833|1608|820|131|149|710|409|710|409|0|165|3896|1380|2893|1186|1003|571|143|137|143|137|0|165|371|286|353|271|18|31|1321|799|937|628|384|290|168|190|133|178|35|65|3578|1615|1875|969|1703|946|148|161|75|84|73|135|2989|1264|2353|900|636|771|1901|843|1470|817|431|387|358|319|358|319|0|165|2159|985|1237|539|922|707|2070|1213|877|512|1193|991|2070|742|1447|652|623|516|1295|1145|1116|1101|179|216|989|789|881|786|108|119|2386|786|930|377|1456|610|9026|1586|4014|943|5012|1276|2366|735|1676|586|690|376|3794|1097|2256|880|1538|534|7275|1553|5367|1374|1908|753|18331|2926|7645|1549|10686|2059|153|145|0|165|153|145|2076|834|945|514|1131|465|6419|1649|3264|976|3155|1044|4685|1250|3623|1090|1062|464|4759|2503|3685|2436|1074|423|7448|2361|4981|1682|2467|1089|223|181|138|147|85|109|73|106|11|15|62|106|3000|1147|2241|961|759|420|1772|1123|1425|875|347|353|447|213|336|186|111|129|10151|1356|8959|1272|1192|422|761|368|646|336|115|119
0400000US41|4035208|1847|3431402|15087|377317|12122|231238|8930|146079|8448|8568|1727|8184|1790|384|306|119|92|65|5|54|92|2192|1040|1517|632|675|627|3179|1200|2440|1102|739|403|13047|2097|11309|1919|1738|659|2278|1006|2278|1006|0|217|882|481|789|425|93|108|16376|4124|10163|2871|6213|1809|2049|1011|1634|967|415|351|1440|1237|658|473|782|835|6914|2274|2725|1204|4189|1563|958|1092|895|1054|63|102|4174|1585|2717|1033|1457|858|255|321|255|321|0|217|5872|2116|5495|2049|377|314|1459|785|1390|723|69|113|2299|1292|1200|758|1099|685|3136|1238|2487|982|649|491|4505|1983|3399|1542|1106|885|7443|1803|6262|1530|1181|526|2361|1191|2037|1056|324|301|2635|1129|2435|986|200|238|1489|783|1428|789|61|101|34260|5092|17802|3046|16458|3685|9257|2103|6414|1428|2843|1100|8226|1988|4360|1273|3866|1310|3212|1519|2046|1239|1166|709|21983|3596|9975|2031|12008|2549|2688|1876|2006|1770|682|726|6081|2561|3397|1484|2684|1665|3764|1289|2485|842|1279|658|10658|2722|7977|2105|2681|1341|8628|1671|5318|1240|3310|1171|8463|3060|5403|2012|3060|1413|1383|807|1227|793|156|270|7496|3264|5287|2728|2209|1076|523|493|354|419|169|208|2350|1462|2047|1327|303|249|519|633|519|633|0|217|1535|868|1459|860|76|92|1833|743|1521|679|312|286
0400000US42|12298344|2396|10699936|27258|727506|15685|415784|11687|311722|11999|33349|4953|23825|3225|9524|3232|24056|5683|14697|4175|9359|2785|28488|2975|20977|2390|7511|1464|28996|6756|15812|3778|13184|4756|36990|3162|30600|2865|6390|1646|77924|9028|54936|7006|22988|4423|12007|2164|8910|1803|3097|1017|54727|8205|26772|4647|27955|5664|18237|3202|11544|2383|6693|1669|6272|1994|4697|1719|1575|703|26264|6234|14056|3618|12208|4151|2291|959|1782|773|509|320|6506|1867|4681|1662|1825|702|22750|3943|14957|2921|7793|1981|29141|4131|22789|3232|6352|2038|13512|3652|9780|2673|3732|1472|5483|2375|4248|1980|1235|589|15361|4201|8675|2233|6686|2788|28107|4709|15272|2456|12835|3752|16375|3551|11675|2680|4700|1472|17003|3537|13104|2900|3899|1383|14127|3482|12578|3190|1549|700|14647|4173|9165|2736|5482|1907|99153|7158|48027|4901|51126|4658|7836|1942|5805|1712|2031|668|25636|3838|11695|1916|13941|2581|610|582|269|255|341|348|33500|5221|15477|2663|18023|3255|6796|2066|2491|1006|4305|1661|6133|2278|2111|1019|4022|1768|18797|5365|10377|3627|8420|2694|18134|3067|13594|2469|4540|1349|4649|1778|2273|1008|2376|1279|49548|7465|31902|5984|17646|3424|4775|1850|4221|1609|554|402|8859|2672|4665|1809|4194|1837|32681|7310|21747|5673|10934|3458|9616|2585|6921|2197|2695|1176|76|121|76|121|0|190|416|255|328|227|88|120|11074|2767|7806|2249|3268|1405
0400000US45|5087725|2957|4657770|11823|270263|9032|150888|8318|119375|7791|12007|2272|9828|1851|2179|1148|2097|1706|848|619|1249|1611|5065|1473|3905|1241|1160|724|8420|2963|4675|1788|3745|1936|16879|3686|15143|3490|1736|630|1774|672|1747|667|27|45|1176|635|873|483|303|311|9622|2490|6493|1912|3129|1007|2771|1410|1857|1021|914|634|344|286|302|294|42|69|7221|2858|4541|2162|2680|1865|329|544|56|93|273|452|406|296|180|192|226|198|7513|2749|5010|1829|2503|1511|1968|1064|1894|999|74|129|1295|1048|1295|1048|0|225|1057|878|966|858|91|155|1054|774|896|707|158|190|1964|1261|1405|791|559|671|4979|1525|3996|1344|983|568|3699|1772|3288|1649|411|375|3801|2322|2508|1597|1293|924|2664|1693|2071|1430|593|562|7042|1978|3696|1179|3346|1384|3220|1286|2474|1144|746|757|5651|2825|4156|2091|1495|975|1840|1698|1321|1319|519|521|9267|2859|3380|1258|5887|2122|1355|839|464|374|891|659|2516|1083|1081|525|1435|778|2321|1648|1475|1450|846|558|10348|2326|8168|2145|2180|1046|1995|787|1542|767|453|281|4886|1830|4054|1652|832|633|572|436|338|329|234|308|1575|1796|1163|1231|412|594|1931|1106|1827|1099|104|186|3437|2491|1607|915|1830|1881|0|225|0|225|0|225|986|905|406|504|580|708|2645|1298|2403|1277|242|212
0400000US47|6715457|3780|6131079|16521|358760|9796|187951|9070|170809|8158|11629|3139|9305|2703|2324|878|3574|2535|1495|1112|2079|2073|1720|723|1223|533|497|489|5573|1771|3967|1340|1606|1345|12422|2892|9970|2079|2452|1933|4934|1857|3591|1505|1343|894|1295|712|1053|584|242|271|4702|1873|3950|1721|752|591|2101|988|1638|832|463|356|1142|770|1033|741|109|110|6560|3747|3548|2361|3012|1736|0|226|0|226|0|226|3776|1584|2040|937|1736|1330|9850|2465|5141|1732|4709|1490|6604|2056|5115|1635|1489|1247|2215|1203|1713|1047|502|455|520|518|379|342|141|225|4141|2093|3391|1728|750|558|3480|1505|1901|935|1579|1148|7199|2422|4366|1690|2833|1576|6182|2517|4598|2099|1584|910|2102|1240|1647|954|455|491|2017|1075|1422|837|595|424|17413|3314|8958|1884|8455|2615|3225|1022|2124|763|1101|575|4552|1452|1958|780|2594|932|80|106|60|107|20|36|9052|1897|4980|1326|4072|1155|2523|1044|1848|894|675|668|7022|2013|3532|1456|3490|1224|5926|2412|2924|1217|3002|1556|8046|1983|5775|1668|2271|865|2116|866|1516|668|600|462|30510|6568|16209|4473|14301|3677|1930|1691|1830|1660|100|168|10650|6765|4988|3582|5662|4190|7553|2659|5161|1838|2392|2096|7018|2978|3981|1876|3037|1677|0|226|0|226|0|226|218|201|218|201|0|226|4046|1417|1339|643|2707|1293
0400000US48|28589710|5284|18467016|60343|8067970|48943|4949306|45359|3118664|47625|75976|7657|62783|6984|13193|2715|11428|2837|9414|2484|2014|1173|10341|1767|8721|1676|1620|656|52345|8231|43136|7344|9209|2518|64001|5123|53864|4129|10137|2303|11748|2840|10651|2852|1097|586|6178|2002|5159|1855|1019|595|37880|5779|25974|4263|11906|3020|8912|2059|7307|1887|1605|721|14907|4280|12642|3972|2265|881|17808|3086|12316|2609|5492|1594|2456|1332|2065|1262|391|386|53734|8883|32344|5693|21390|4839|44305|6698|29993|4607|14312|3106|120870|9640|100834|8589|20036|3851|92621|10930|67314|8033|25307|4842|10025|3192|6278|1980|3747|1895|32957|5305|24003|3989|8954|2486|64766|7578|45482|5922|19284|3623|35837|6466|24029|4278|11808|3871|91144|9022|77579|8620|13565|3025|58620|7675|48346|6706|10274|2566|60791|7816|44473|5634|16318|3683|199947|11602|106161|7021|93786|8424|23812|4016|15861|3101|7951|1838|69976|5921|37605|4421|32371|3897|952|715|795|674|157|265|252601|17678|108176|10647|144425|12267|8978|2326|4142|1353|4836|1570|21169|4396|11587|3033|9582|2438|31461|6207|16548|3487|14913|3762|104358|8479|79076|7146|25282|3445|26936|6822|21500|6662|5436|1583|116644|11751|84960|10013|31684|4846|6174|1927|5757|1921|417|420|48723|8230|29005|5566|19718|4310|103252|10674|88615|9446|14637|3263|43231|7903|34111|7008|9120|2941|467|583|467|583|0|236|3433|1340|2899|1116|534|402|12960|3506|10110|2994|2850|1443
0400000US49|3187853|1715|2688999|12537|344305|10105|217174|9162|127131|8371|9088|2388|7994|2171|1094|610|431|461|431|461|0|206|3035|1192|2572|1032|463|524|14288|3121|11632|2216|2656|1410|7854|1346|7056|1429|798|464|2607|1092|2473|1099|134|164|1203|575|852|428|351|246|4143|1220|3282|1119|861|419|833|488|654|391|179|211|2096|1461|1114|1077|982|559|695|388|484|289|211|199|577|361|527|357|50|86|3374|1684|2498|1223|876|672|141|232|31|54|110|182|3126|1641|3023|1638|103|114|1181|1023|869|975|312|268|1596|1123|1112|808|484|358|335|362|292|365|43|72|3562|2888|2332|2113|1230|860|4484|1412|3044|913|1440|921|753|599|698|593|55|95|1919|972|1569|866|350|359|1055|793|773|651|282|377|17908|2861|10269|1992|7639|1759|5449|1290|4154|1121|1295|562|4126|1188|3025|930|1101|532|169|196|64|108|105|165|6263|1629|2696|836|3567|1147|1528|930|561|410|967|651|2216|926|1263|776|953|510|3236|1967|2052|1382|1184|1004|8173|2568|6190|2139|1983|1022|15696|2797|12046|2243|3650|1168|6288|3007|4648|2076|1640|1063|734|751|734|751|0|206|637|683|509|548|128|154|1089|720|1089|720|0|206|5453|2405|3796|1904|1657|988|5837|1304|3865|1224|1972|383|627|359|602|355|25|44|744|486|701|465|43|56
0400000US51|8238954|3837|6769936|20985|666376|14385|396814|12473|269562|13009|34079|4346|27208|3395|6871|1965|7764|2675|5340|1837|2424|1718|7585|2175|6724|1894|861|559|14509|3027|11267|2381|3242|1199|23984|3125|20560|2655|3424|1157|6220|1912|5394|1683|826|481|6975|2116|6241|1856|734|627|22553|5232|16448|4267|6105|1759|3411|1015|2871|949|540|319|4110|1558|3052|1318|1058|481|8551|2203|6288|1880|2263|1125|1691|1054|1309|962|382|387|45847|7622|29223|4890|16624|4079|11151|3247|7193|1661|3958|2087|34636|4652|30311|4340|4325|1114|42278|6632|29336|4606|12942|3318|9205|3062|6546|2384|2659|1237|16897|4229|10504|2507|6393|2358|19319|4047|12934|3191|6385|2091|21219|4151|16216|3336|5003|1309|24643|4405|21719|4158|2924|951|11711|2738|9701|2356|2010|906|7561|2442|6546|2044|1015|753|61044|5886|35441|3832|25603|3569|12039|2409|8242|1821|3797|1119|51353|5549|24505|3429|26848|3888|341|273|282|231|59|78|46500|6207|20382|3937|26118|3553|5346|1573|2456|947|2890|1190|11020|2370|6911|1910|4109|1313|18605|4621|11135|2419|7470|3639|49013|5299|35243|4326|13770|1948|8362|2308|6395|2174|1967|705|64746|7879|45160|6901|19586|3073|1057|758|654|479|403|465|49960|6390|32775|4821|17185|3006|24261|3310|20317|2709|3944|1706|6893|2612|5956|2139|937|884|71|39|21|38|50|4|186|179|129|154|57|94|5946|1528|3674|1011|2272|996
0400000US53|7395558|2356|5807193|26266|684332|12188|420945|10923|263387|11297|20845|3040|17404|2644|3441|1047|517|369|301|242|216|284|6992|1916|5404|1595|1588|936|12228|2985|10091|2321|2137|978|23374|2630|21469|2531|1905|616|4078|1356|3801|1256|277|236|2132|878|1735|719|397|297|61285|8080|33206|5079|28079|4913|4977|1605|3722|1288|1255|597|7084|2708|4644|1818|2440|1416|36658|7241|16961|3813|19697|4886|1345|823|683|397|662|677|16315|3339|11980|2957|4335|1159|6125|2154|4859|1756|1266|847|45393|6254|40236|5864|5157|1373|7507|2654|6461|2223|1046|629|18832|4611|12535|3290|6297|2006|5369|1687|4140|1347|1229|870|12649|3225|10105|2737|2544|1159|22003|3644|17366|3133|4637|1600|20445|4432|16961|3762|3484|1368|13428|3161|10771|2626|2657|1350|9445|2312|8624|2161|821|553|140748|8555|76950|5681|63798|5374|24866|3415|16780|2615|8086|1720|52440|6353|25493|3793|26947|3872|2190|1093|1231|648|959|677|71990|7337|33689|4351|38301|4762|14781|3679|7386|2547|7395|2164|13867|3344|6068|1491|7799|2434|15164|3454|8561|1971|6603|2496|66089|6829|45870|5362|20219|2835|37720|5046|25212|4006|12508|2653|25298|6804|18705|4921|6593|2468|4993|2098|4739|2048|254|250|41429|6807|24727|4947|16702|3061|5672|1825|4780|1648|892|654|16765|3671|12769|3221|3996|1391|303|213|175|143|128|154|5885|2347|5403|2321|482|470|4807|1068|3987|994|820|454
0400000US55|5603081|2354|5084548|11548|281262|8643|172874|6799|108388|6525|9165|1762|7482|1404|1683|960|263|262|194|225|69|128|3082|1247|2471|1128|611|459|5148|1929|3836|1689|1312|667|29572|2890|23672|2593|5900|1156|15357|3009|12617|2812|2740|742|2738|1727|2697|1720|41|68|5290|1488|3694|1016|1596|862|5738|1595|3890|1213|1848|1028|2993|854|1850|658|1143|511|3114|1244|2235|1024|879|505|111|185|111|185|0|159|3838|1830|1847|861|1991|1470|1758|914|1361|664|397|344|5760|1972|4892|1769|868|635|1898|899|1812|894|86|118|3082|1341|2490|1311|592|453|1150|757|783|454|367|407|8769|2586|5842|1935|2927|1442|7782|2022|6137|1686|1645|707|3086|1366|2584|1254|502|367|2744|1306|2083|847|661|708|2114|1002|1814|906|300|258|12551|2556|6654|1395|5897|1681|3626|1586|2660|1163|966|547|5049|1437|3497|1256|1552|591|44749|4307|26213|3954|18536|3017|4188|1874|2919|1530|1269|799|1536|1201|723|665|813|963|2902|1050|1569|802|1333|690|7468|2773|2475|986|4993|2409|6213|1342|4224|1244|1989|703|1043|673|864|620|179|162|6977|2094|4542|1717|2435|912|1043|559|1025|554|18|30|4007|1970|2493|1427|1514|832|3626|1623|3323|1556|303|281|2422|1304|1690|929|732|558|118|165|118|165|0|159|3148|723|2908|733|240|154|2053|839|1703|735|350|256
04000A0US01|4433992|6020|4150109|9249|179823|7385|103210|5515|76613|6624|5419|1631|5145|1586|274|319|944|668|641|570|303|345|2178|1317|1373|928|805|878|2409|1357|1620|1020|789|664|9615|1896|8008|1771|1607|599|2100|1295|1864|1197|236|283|574|442|487|352|87|145|1318|759|771|515|547|505|479|390|345|272|134|160|511|574|427|509|84|145|945|789|612|502|333|336|78|132|78|132|0|210|1309|1043|963|925|346|336|2587|1224|1497|731|1090|743|3817|1832|2766|1283|1051|747|2380|1345|2030|1204|350|339|1149|947|935|897|214|333|1130|791|612|417|518|611|1314|873|1147|784|167|176|1583|725|1170|569|413|338|2156|908|1903|823|253|253|488|402|257|252|231|317|199|247|199|247|0|210|11357|2430|4787|1123|6570|1858|1526|592|797|463|729|446|12461|2182|4150|1246|8311|1879|0|210|0|210|0|210|8830|2355|4809|1597|4021|1298|604|527|201|320|403|418|1767|865|1161|602|606|440|1237|823|581|454|656|504|4414|1295|2632|991|1782|714|661|288|552|276|109|90|5380|2064|3892|1620|1488|1425|52|94|52|94|0|210|49|57|0|210|49|57|2297|1738|1633|1049|664|799|2609|1650|1284|760|1325|1100|71|133|71|133|0|210|185|156|165|132|20|40|5878|2878|3803|2208|2075|1593
04000A0US04|6953429|1399|5159536|26098|1350649|22584|910888|20719|439761|15568|22884|5994|19649|5383|3235|1360|220|209|220|209|0|232|8448|2236|7715|2149|733|364|6074|1591|5382|1452|692|401|17386|2841|14801|2419|2585|1006|4473|1246|4401|1233|72|105|2559|1155|2373|1119|186|186|7673|1967|5324|1579|2349|1087|5988|1843|4318|1505|1670|795|6053|2032|3205|1383|2848|1552|4817|2284|3586|1795|1231|841|2274|1565|1191|804|1083|1008|9141|3239|6000|2019|3141|1365|2690|1051|2160|838|530|394|14880|3707|13626|3483|1254|919|2025|1047|1775|974|250|208|2180|1477|1349|933|831|714|2292|1137|2016|1074|276|334|7347|3441|6037|2997|1310|745|14870|3955|11049|2749|3821|1656|11656|3896|9708|3485|1948|1364|8905|2867|8068|2745|837|445|4060|2011|3131|1557|929|621|31890|4507|17559|2606|14331|2903|10741|2692|6927|2230|3814|1485|14357|4127|9085|3575|5272|1587|605|659|406|390|199|302|23757|5695|10731|3300|13026|3021|2499|1107|1398|721|1101|720|6127|3576|4002|2724|2125|1131|6448|2509|3865|1814|2583|1339|28853|4152|21853|3212|7000|2155|7025|1790|4161|1222|2864|1415|26136|6433|17026|4894|9110|3256|2975|1136|2628|1096|347|297|11841|4464|8915|3373|2926|1652|6063|2853|5638|2783|425|368|23396|7220|13948|5172|9448|4485|44774|3814|33074|3612|11700|1824|22353|2573|18751|2416|3602|1011|4509|1659|3274|1403|1235|856
04000A0US05|2343895|4529|2139260|9662|150219|8116|84961|5807|65258|5924|2683|949|2400|916|283|258|214|369|214|369|0|208|195|135|149|134|46|18|2421|1537|1587|1112|834|1036|3402|909|2967|803|435|350|798|589|740|546|58|106|147|186|147|186|0|208|53|90|53|90|0|208|496|448|298|333|198|248|281|470|0|208|281|470|210|207|210|207|0|208|174|201|174|201|0|208|216|353|216|353|0|208|494|431|382|374|112|156|2099|1123|1800|879|299|364|843|446|449|293|394|280|0|208|0|208|0|208|807|732|807|732|0|208|1634|817|1238|610|396|375|546|337|390|240|156|205|1907|1136|1240|855|667|575|1747|1406|1379|1332|368|438|1047|768|857|617|190|234|3968|1869|2630|1509|1338|873|1231|968|270|204|961|937|1133|573|434|329|699|434|1466|1356|856|944|610|558|6092|1915|2338|1012|3754|1293|62|96|0|208|62|96|1781|786|667|406|1114|630|1020|604|675|358|345|315|3781|1187|2176|759|1605|944|8275|1448|3877|1695|4398|2215|1295|852|1156|837|139|167|245|332|245|332|0|208|331|433|291|414|40|72|629|515|505|476|124|180|222|235|222|235|0|208|0|208|0|208|0|208|336|301|331|300|5|10|135|179|135|179|0|208
04000A0US06|36632590|3493|20072081|69828|10568701|58542|6414723|46103|4153978|44469|128109|8433|109761|7537|18348|2611|8973|2766|6557|1995|2416|1587|50515|4881|41332|4271|9183|1953|101831|8954|73417|7873|28414|3671|92014|6914|80252|6457|11762|1764|22670|3624|20972|3510|1698|523|22544|3580|18993|3417|3551|1081|175632|11568|99661|7849|75971|7469|22798|3655|18018|3344|4780|1340|24300|6033|17910|4675|6390|2191|58220|7858|35817|5915|22403|3900|200820|12377|110680|8026|90140|8540|246862|16016|153012|12279|93850|7966|52368|5895|39257|4529|13111|2864|213259|14310|177371|13874|35888|4507|67965|9017|49786|7393|18179|3468|171064|13660|107848|10111|63216|7211|38352|6053|26168|4226|12184|3153|65352|7524|49418|6084|15934|3099|74212|8188|50754|5692|23458|4175|74670|8456|61816|7189|12854|3052|67251|6281|61477|5772|5774|1674|51107|7765|42202|6625|8905|2133|1299270|23374|618226|16004|681044|15144|129195|9512|77621|6762|51574|4854|354112|18214|159507|10664|194605|10137|70978|7790|36171|4953|34807|5536|567745|20377|237718|11864|330027|13312|70496|8591|34014|4988|36482|4968|78351|8731|36844|4620|41507|6173|81195|8438|44585|5314|36610|5253|771516|20833|522100|17771|249416|10031|129035|9001|86251|6915|42784|4568|208234|14856|140045|11012|68189|6854|45335|6476|37700|5833|7635|2243|55689|6240|35030|4787|20659|3461|38191|6504|32418|6004|5773|1723|15574|4318|11808|2772|3766|2777|960|489|669|400|291|233|6835|1764|6000|1762|835|430|38209|6507|20438|4243|17771|4010
04000A0US08|5308621|3837|4444224|18208|593926|17645|383993|13535|209933|10805|18114|3428|14696|3071|3418|1184|298|464|298|464|0|220|2794|1054|2554|943|240|250|6915|2570|6207|2343|708|610|17494|2625|16074|2606|1420|654|3663|1143|3380|1036|283|248|2788|1941|2656|1931|132|167|19178|4075|10672|2705|8506|2540|6086|1894|5372|1605|714|524|1400|684|1073|574|327|288|5830|2058|3447|1408|2383|1218|398|340|398|340|0|220|7025|2833|3928|1896|3097|1477|2058|933|1725|845|333|338|7455|1785|6244|1483|1211|631|2049|982|1503|842|546|505|1997|1973|768|541|1229|1661|1951|1378|1127|779|824|696|5946|2307|2710|1092|3236|1643|7654|2051|6321|1688|1333|827|3818|1384|3400|1210|418|328|4265|1608|3831|1570|434|378|4353|1907|4092|1914|261|269|20011|2722|12239|2278|7772|1920|6120|1861|4271|1490|1849|771|12784|2623|8443|2014|4341|1177|1726|975|1386|864|340|260|21517|4693|9079|2341|12438|3282|1691|1223|1030|838|661|620|3182|1277|1451|636|1731|1066|5745|3029|3272|1703|2473|1514|10847|2201|8164|1729|2683|1036|5472|1948|2975|1623|2497|1080|14604|3898|9427|2487|5177|2578|1973|1128|1946|1133|27|56|15505|3488|8715|2595|6790|1948|4142|1984|3233|1648|909|676|3467|1912|1970|960|1497|1672|1176|674|1013|663|163|126|1286|536|945|438|341|313|5694|2833|4658|2215|1036|1070
04000A0US09|3436615|829|2616232|18186|447143|11484|266038|10033|181105|10069|24269|4203|18535|3323|5734|1939|25394|6018|15567|4929|9827|2703|22005|3896|16194|3258|5811|1344|47277|6253|23476|3135|23801|4852|6306|962|5344|1006|962|449|1379|529|1309|519|70|112|5841|1565|4592|1339|1249|604|7734|1783|5741|1489|1993|822|29097|4773|16622|3049|12475|2999|5411|2098|3137|1414|2274|1417|9525|3305|5941|2025|3584|1791|48|81|48|81|0|222|3325|1676|2552|1343|773|563|4002|1512|2774|1146|1228|653|11006|2739|9657|2592|1349|587|9396|2639|6718|2204|2678|1326|2062|1095|1361|827|701|581|9486|2998|5743|1886|3743|1495|7485|2162|4831|1381|2654|1320|17761|3234|12928|2781|4833|1924|6222|2121|4233|1575|1989|1266|5086|1878|3001|1146|2085|1274|4196|1866|3759|1707|437|416|30674|4247|18062|2642|12612|2707|2544|1097|1860|873|684|554|5643|1738|3090|1309|2553|867|22|50|0|222|22|50|9361|2600|5005|1701|4356|1591|3204|2225|1323|948|1881|1526|4215|1586|1565|951|2650|1091|5730|3293|3381|1954|2349|1493|8958|2365|5699|1466|3259|1229|1074|759|998|703|76|133|12399|3474|7531|2295|4868|1825|2331|1128|2182|1110|149|144|1090|671|836|535|254|321|7987|2978|6852|2860|1135|770|2472|1358|1496|875|976|1017|0|222|0|222|0|222|1080|664|839|545|241|261|10143|4022|7537|3359|2606|1348
04000A0US10|977492|312|823118|6720|81938|3819|42114|3140|39824|3944|3344|1629|2336|1248|1008|849|5702|2967|3147|1766|2555|1539|1760|638|1241|594|519|352|866|538|552|411|314|278|1403|492|1291|483|112|137|1199|1318|1199|1318|0|204|573|637|352|377|221|289|2911|1533|2173|1454|738|523|1661|909|733|511|928|562|59|95|59|95|0|204|1164|867|927|834|237|247|35|58|35|58|0|204|221|336|126|185|95|154|4020|1948|2307|1281|1713|986|4166|1934|3682|1810|484|367|1581|843|1180|732|401|449|1643|1814|933|945|710|925|2631|1506|2341|1388|290|296|1506|1322|1430|1308|76|111|633|308|524|316|109|174|3147|1691|2493|1467|654|568|1263|958|1263|958|0|204|925|609|920|609|5|11|5064|1800|3052|1355|2012|911|796|598|504|455|292|371|1410|825|667|480|743|451|0|204|0|204|0|204|1453|900|692|473|761|543|166|211|166|211|0|204|456|365|102|110|354|328|485|682|199|295|286|394|3414|1440|2557|1045|857|683|298|290|90|86|208|273|4765|2463|2846|1504|1919|1535|7|1|7|1|0|204|29|64|29|64|0|204|8105|3565|7177|3148|928|600|1802|1202|1641|1169|161|159|0|204|0|204|0|204|54|76|54|76|0|204|1719|956|1432|823|287|352
04000A0US11|640460|5|516502|8164|56833|5385|37527|4737|19306|2700|11081|2557|9381|2132|1700|913|1743|1370|1720|1366|23|39|2038|794|1825|750|213|281|3190|1882|2894|1923|296|272|3052|1225|2900|1163|152|197|927|665|927|665|0|244|618|445|618|445|0|244|2189|869|2189|869|0|244|385|310|385|310|0|244|702|641|488|449|214|259|754|455|632|433|122|155|175|226|175|226|0|244|2002|862|1351|615|651|552|672|471|672|471|0|244|2042|844|1763|776|279|291|1381|922|1356|907|25|43|67|74|67|74|0|244|178|154|178|154|0|244|525|366|449|350|76|124|884|488|774|434|110|115|157|242|157|242|0|244|236|158|190|141|46|75|141|167|141|167|0|244|5300|1205|3764|968|1536|653|304|301|233|276|71|116|2800|1137|1953|1014|847|579|0|244|0|244|0|244|974|522|391|215|583|467|0|244|0|244|0|244|494|407|422|357|72|121|1936|1235|1277|854|659|466|1726|988|1381|977|345|397|912|784|409|386|503|535|1798|889|1798|889|0|244|591|390|545|386|46|76|7744|3113|5397|2484|2347|1433|4519|1821|4274|1870|245|267|1181|847|1076|717|105|172|0|244|0|244|0|244|0|244|0|244|0|244|1707|1316|946|828|761|890
04000A0US12|21190221|4466|14588580|46811|4835696|27058|2702302|27202|2133394|23402|105998|7693|80923|6395|25075|3588|460774|21426|250845|13770|209929|13782|51665|4961|41719|4406|9946|1869|207754|14448|134614|10679|73140|6899|60831|5251|54480|4966|6351|1388|14623|2717|13080|2489|1543|1005|18543|3120|13893|2543|4650|1334|79254|7931|46232|5596|33022|5097|27718|4683|19885|3953|7833|1806|17532|3340|11806|2380|5726|2113|32974|5405|20275|3750|12699|3440|1308|634|1022|630|286|224|12730|3810|10140|3022|2590|1402|27826|4683|20651|3597|7175|2120|30456|5021|24785|4217|5671|1718|23891|5479|18140|4194|5751|2162|5148|2555|3779|1960|1369|943|13719|3391|8317|2080|5402|1962|11339|3480|8624|2652|2715|1646|37706|5791|27297|4370|10409|2695|17366|3904|14776|3419|2590|1095|13267|3694|11345|3263|1922|1538|17209|4545|14862|4063|2347|1032|76058|6781|38282|4515|37776|4556|14222|3535|8610|2426|5612|1942|15296|3421|7429|2305|7867|1996|8|15|8|15|0|243|71723|8170|32020|4032|39703|5691|4714|1564|2803|1100|1911|766|14434|3716|5755|1653|8679|2583|19543|4157|12767|3360|6776|1888|73169|5957|55735|4589|17434|2858|9354|2477|6656|1837|2698|1039|83421|10672|61388|8030|22033|4401|29627|6172|26545|5824|3082|1141|5001|2590|3932|2397|1069|685|11900|3846|10479|3409|1421|1195|5210|2294|4956|2078|254|322|47|94|47|94|0|243|1023|472|1000|470|23|26|41564|6571|32495|5896|9069|2208
04000A0US13|9702552|9750|8113000|31432|864954|14828|495544|12793|369410|12001|36467|5361|28846|4088|7621|2534|20006|4696|15576|3674|4430|1852|6321|1538|5614|1391|707|523|31022|5857|21197|4326|9825|3355|19652|2872|17255|2699|2397|901|5544|2066|5347|2073|197|150|2187|883|1795|656|392|553|14148|2824|9229|2122|4919|1384|3502|1882|2679|1472|823|616|8710|3401|6779|2982|1931|846|8037|2507|4711|1565|3326|1222|357|359|357|359|0|226|15690|3474|9809|2313|5881|2265|26541|5318|18651|4368|7890|1977|36348|4750|30203|4249|6145|1848|13555|3080|9874|2326|3681|1257|3446|1896|1641|929|1805|1537|13774|3704|9143|2826|4631|1556|10701|3256|7499|2031|3202|2248|18084|4318|12030|3012|6054|2027|25653|4051|21594|3690|4059|1292|17074|3794|14362|3270|2712|1167|8184|2221|6644|1982|1540|868|63236|6890|32409|4764|30827|3688|9238|2196|5713|1623|3525|1126|50849|5119|23264|3349|27585|3059|2832|1342|1390|826|1442|1082|55285|5278|18720|3012|36565|3876|2484|1230|1580|900|904|508|7424|2297|3935|1294|3489|1498|17652|4061|10367|2784|7285|2065|15917|2695|10121|1789|5796|1922|5986|2542|4746|2066|1240|716|22807|5798|17548|5065|5259|1510|4230|2075|3575|1773|655|586|32767|6903|20750|4920|12017|3732|55875|8678|47884|7828|7991|2321|18593|4518|13490|3629|5103|2545|0|226|0|226|0|226|695|369|582|354|113|153|13725|3565|11076|2729|2649|1643
04000A0US16|1711638|5113|1524158|9553|137190|7251|92801|6069|44389|4148|2960|1036|2551|994|409|321|94|71|94|71|0|197|1193|691|928|618|265|274|1837|748|1664|722|173|172|4811|1309|4380|1281|431|293|417|327|362|314|55|91|188|184|143|172|45|74|2497|1449|1725|959|772|559|692|593|530|535|162|192|2472|1282|1410|767|1062|835|1643|962|1088|727|555|495|0|197|0|197|0|197|1816|1368|392|336|1424|1199|148|169|122|168|26|5|352|307|341|306|11|22|311|437|171|265|140|185|0|197|0|197|0|197|170|214|170|214|0|197|1457|937|896|562|561|482|2397|1416|2146|1214|251|247|0|197|0|197|0|197|78|97|78|97|0|197|176|208|176|208|0|197|3835|1234|2403|847|1432|723|1563|747|1328|652|235|198|1135|579|501|369|634|437|284|387|284|387|0|197|998|575|672|425|326|233|0|197|0|197|0|197|905|559|696|537|209|181|967|896|400|591|567|545|3276|954|2748|860|528|352|2769|1310|1792|851|977|596|1816|906|1544|934|272|208|292|268|292|268|0|197|1221|1475|645|868|576|660|608|495|500|423|108|115|2479|1375|740|548|1739|1085|215|180|163|179|52|90|1279|739|906|561|373|484|939|514|671|423|268|299
04000A0US17|11310620|3886|8451174|26299|1658715|18520|1010638|17841|648077|16177|33684|5502|25354|4451|8330|2386|7161|2691|4070|1452|3091|1973|25725|2951|17986|2511|7739|1476|9904|2539|8275|2348|1629|747|26939|2944|23616|2740|3323|1173|4273|1567|3921|1527|352|258|23751|2967|18086|2611|5665|1761|47843|6927|27465|4468|20378|4330|161189|9939|88492|7069|72697|5900|26352|4937|18548|4070|7804|1855|61570|7679|32897|4240|28673|5314|2785|1161|2061|916|724|541|10038|2446|6762|1890|3276|1101|53501|7519|30541|5248|22960|4424|45878|5308|38133|4675|7745|1983|62544|7418|45637|5406|16907|3618|3505|1618|2502|1373|1003|682|7993|2907|6754|2530|1239|1182|14431|4599|7857|1970|6574|3720|55445|7461|35599|5978|19846|3835|23163|4195|20063|3779|3100|1091|14280|2748|12179|2450|2101|884|20193|4195|14548|2874|5645|1854|109114|8167|50401|4873|58713|5744|12402|2609|7547|1700|4855|1627|36624|4728|19156|3210|17468|2945|139|168|73|122|66|114|19139|3602|9373|1981|9766|2354|3485|1522|1879|978|1606|782|10022|2569|5035|1328|4987|1717|22701|4495|12242|2791|10459|2859|86812|6225|65470|5772|21342|3568|9870|2923|6932|2467|2938|1281|74809|8866|49996|6696|24813|4029|7094|2165|6998|2156|96|92|18662|4873|12226|3725|6436|2179|32783|6763|25990|5977|6793|2228|6763|2673|5739|2535|1024|847|194|285|194|285|0|206|660|442|660|442|0|206|7311|2075|4719|1566|2592|1154
04000A0US18|6031705|4982|5386434|18707|344992|11108|193799|9455|151193|8859|18048|4487|8248|2180|9800|3475|9225|4302|3605|2154|5620|3310|3714|2172|3245|2158|469|409|4109|1894|3599|1839|510|330|28046|4333|22026|3858|6020|1681|24054|5478|19908|4712|4146|1323|2334|1080|1672|898|662|481|5054|1510|2916|1229|2138|1006|4757|1546|3815|1311|942|589|4639|1575|2980|1354|1659|684|4969|1937|3148|1291|1821|949|270|322|72|123|198|286|1403|730|1007|632|396|256|6623|2544|4633|1965|1990|1228|9664|2740|8287|2569|1377|624|6487|2536|4706|1758|1781|1161|14400|4145|7809|2955|6591|1852|2953|2237|2036|1700|917|640|4415|1720|3528|1337|887|617|5795|2041|4541|1676|1254|884|3968|2163|2045|1075|1923|1801|4009|1398|3867|1349|142|245|1055|647|867|518|188|260|20300|3508|12615|2533|7685|1992|7207|1956|3244|1349|3963|1417|7613|1572|3339|1078|4274|1171|472|584|168|267|304|359|8813|2289|3503|1316|5310|1642|1069|758|571|440|498|392|3762|1651|1392|736|2370|1177|21856|3830|6162|2041|15694|2930|11875|2647|7862|1574|4013|1719|2829|1667|1594|1079|1235|869|14015|3781|7399|2206|6616|2693|242|322|242|322|0|208|4470|1787|2667|1286|1803|1098|13914|3804|11505|3473|2409|1133|8308|2943|6264|2260|2044|1254|0|208|0|208|0|208|541|339|541|339|0|208|3002|1474|2147|1105|855|1020
04000A0US19|2324390|2337|2097521|9518|117154|5637|65626|4669|51528|4553|7986|2019|3416|1192|4570|1643|535|630|535|630|0|172|490|305|442|247|48|85|1187|813|1187|813|0|172|7720|2648|7256|2639|464|337|2169|1398|1251|666|918|853|344|331|344|331|0|172|1684|938|1030|650|654|529|53|86|53|86|0|172|5601|2166|2402|1261|3199|1618|904|442|653|314|251|295|0|172|0|172|0|172|761|609|445|424|316|322|742|992|742|992|0|172|2354|1074|1713|943|641|587|583|447|304|365|279|290|662|505|348|310|314|399|1086|497|618|355|468|206|3658|1853|1960|1138|1698|1218|1727|1369|598|422|1129|1262|2914|1510|2850|1464|64|120|973|997|914|999|59|85|1223|793|1135|798|88|152|6924|1893|3666|1248|3258|1301|866|524|622|376|244|301|2104|1131|1569|895|535|396|51|83|51|83|0|172|7051|2046|2658|1095|4393|1622|444|485|139|203|305|344|5093|1572|2490|940|2603|1082|8629|3661|1545|1071|7084|3355|3621|983|1736|829|1885|745|2386|994|1321|727|1065|615|6380|2720|3774|1396|2606|2228|231|184|231|184|0|172|5689|1977|3817|1513|1872|1021|3185|1334|2715|1271|470|372|8944|3918|4267|2606|4677|2354|0|172|0|172|0|172|362|264|316|256|46|70|2399|1149|1995|992|404|385
04000A0US20|2381064|2886|2074988|9355|205991|7830|122230|7175|83761|4828|4498|1817|3546|1585|952|613|485|461|20|33|465|460|869|366|611|274|258|190|1515|709|925|431|590|519|6193|1292|4911|1137|1282|504|1873|1050|1447|908|426|428|259|249|259|249|0|185|2014|1101|1067|655|947|971|852|938|852|938|0|185|679|536|330|321|349|348|1261|954|754|571|507|764|32|71|32|71|0|185|2214|2020|1526|1192|688|920|1151|672|847|677|304|257|2009|955|1849|912|160|164|2316|1166|2052|1083|264|210|549|413|480|403|69|120|2223|1433|994|696|1229|1143|3633|1887|2013|1150|1620|1033|1221|744|1026|681|195|244|2688|1046|2185|944|503|399|1321|1070|1164|880|157|228|186|225|97|162|89|152|10240|2132|4722|1338|5518|1610|3422|1354|2778|1153|644|399|2450|985|1156|632|1294|596|1655|1038|1208|892|447|396|11022|2023|4232|1201|6790|1622|736|519|445|330|291|249|4630|1822|2148|980|2482|1067|4277|1863|1800|1437|2477|992|3144|1121|2391|895|753|431|2517|1251|2191|1207|326|228|4553|1738|2757|1012|1796|1242|0|185|0|185|0|185|3933|1608|1958|936|1975|895|1546|812|1388|714|158|242|4278|2226|3235|1690|1043|785|103|158|103|158|0|185|318|198|263|198|55|5|1220|583|721|457|499|375
04000A0US21|3506495|8712|3242351|14945|137260|5867|73844|6107|63416|5420|10702|2536|7310|1605|3392|1499|2073|1545|764|641|1309|1396|852|433|791|439|61|74|1648|743|1483|695|165|172|7488|1746|5676|1513|1812|760|4913|2465|3872|1989|1041|724|241|174|241|174|0|206|2514|1009|1890|906|624|473|362|408|310|441|52|88|4928|2581|2152|1389|2776|1485|3138|1348|2136|1125|1002|777|81|138|0|206|81|138|2005|1055|1284|777|721|496|1958|1349|1255|940|703|503|2259|1171|1495|858|764|559|664|480|537|418|127|208|253|195|253|195|0|206|568|621|174|205|394|585|6007|2324|2536|1298|3471|1681|3778|1748|2793|1760|985|622|1317|629|949|603|368|236|767|549|738|543|29|41|2219|1506|2000|1427|219|216|6363|1447|3508|905|2855|982|4500|1656|2291|1185|2209|984|1960|997|1090|686|870|476|42|75|42|75|0|206|2965|1198|1019|475|1946|942|1613|1218|216|222|1397|1200|1576|1035|747|648|829|496|5652|2602|2712|1541|2940|1553|4757|1447|3572|1294|1185|502|1120|619|471|370|649|441|11177|3948|8087|3163|3090|1373|224|259|137|226|87|150|2036|1424|1519|1186|517|472|4377|3360|2688|1989|1689|1570|15041|6627|6786|4064|8255|4181|0|206|0|206|0|206|224|261|224|261|0|206|2522|1332|1849|1157|673|487
04000A0US22|4012206|4790|3659138|12578|196570|8233|102326|6612|94244|6381|49922|3157|44733|3142|5189|1050|4067|2687|1865|841|2202|2392|885|364|796|347|89|88|6306|4240|2788|1373|3518|4071|3832|1176|2766|811|1066|673|635|470|635|470|0|221|391|285|206|182|185|219|1382|1146|1234|1120|148|158|0|221|0|221|0|221|1149|1254|1142|1255|7|16|911|539|741|491|170|179|13|23|13|23|0|221|2073|883|1124|562|949|464|1746|1014|1425|869|321|292|2948|1331|2182|918|766|771|1882|1159|1163|678|719|626|166|271|88|147|78|132|1127|791|372|311|755|621|1684|930|1386|850|298|180|1132|996|1034|931|98|111|1276|1081|1276|1081|0|221|968|792|931|785|37|61|493|668|383|460|110|239|7904|2339|4754|1604|3150|1275|1699|921|1484|903|215|221|1790|795|873|524|917|591|0|221|0|221|0|221|23845|3169|9274|2094|14571|2385|443|384|152|151|291|341|3205|1166|1992|823|1213|693|1273|654|753|404|520|468|8386|2626|5985|2149|2401|875|1448|1026|1081|876|367|362|13879|4051|10164|3000|3715|1553|339|371|339|371|0|221|1745|1747|793|686|952|1542|2167|1383|2167|1383|0|221|1793|996|1128|777|665|713|103|167|103|167|0|221|472|364|472|364|0|221|1019|654|958|634|61|74
04000A0US24|5755732|1655|4509553|23615|574088|14363|304466|11656|269622|12292|69644|9180|52423|8072|17221|3925|16488|5129|9632|2891|6856|3151|8645|1972|6411|1774|2234|894|15510|4174|10400|2445|5110|2344|12421|1997|11215|1919|1206|639|4290|2231|3703|2102|587|584|6707|2518|5874|2407|833|401|17741|3214|10753|2254|6988|1715|3259|1673|2611|1474|648|545|2300|1223|2139|1116|161|226|8422|3263|4994|2259|3428|2027|1373|736|1007|525|366|345|16373|3186|9473|2122|6900|1702|12699|3529|8842|2160|3857|1845|22397|3599|18818|3077|3579|1249|23200|4244|16795|3459|6405|1674|7593|2899|5459|2424|2134|1075|13164|3383|9901|2639|3263|1337|17647|3669|11002|2395|6645|2712|10102|3294|8843|3131|1259|660|10175|2168|8834|1986|1341|706|4470|1792|3727|1642|743|560|7296|2783|5629|2050|1667|1152|70287|5780|41125|3830|29162|3980|9853|2758|6982|2461|2871|946|35930|4614|16208|2594|19722|3268|232|291|232|291|0|225|21455|4245|9776|2272|11679|2939|2574|1798|1353|1248|1221|764|2709|826|1507|613|1202|519|13336|3730|7545|2002|5791|2763|33378|4271|21907|3104|11471|2603|6594|1981|4868|1605|1726|776|26370|5271|18555|4055|7815|2534|6171|1447|5279|1238|892|669|39133|6650|25291|5462|13842|3494|63583|9209|51413|8186|12170|3193|17178|4421|14162|3736|3016|1444|0|225|0|225|0|225|496|371|427|342|69|117|10896|3136|7557|1967|3339|1833
04000A0US25|6659254|1353|4974281|21907|642952|12233|365075|11508|277877|11395|41957|5050|33920|4211|8037|1725|82425|8422|50639|6466|31786|4052|25066|3759|18411|3149|6655|1774|245795|17287|128765|9897|117030|10446|14350|2497|13185|2201|1165|687|2849|1169|2531|1153|318|297|19471|3428|14770|2642|4701|1874|33872|4838|21465|3778|12407|2430|13785|2751|9705|2184|4080|1335|3405|1150|2667|1130|738|455|12231|2603|7806|1901|4425|1384|6077|1932|4694|1774|1383|685|10547|3027|7799|2248|2748|1299|11546|2864|8475|2169|3071|1139|34388|5517|30132|4784|4256|1682|10280|2506|7957|1858|2323|1026|4343|2132|3292|1662|1051|856|7406|2224|5578|1774|1828|948|12099|2683|8721|2052|3378|1297|27153|4627|17612|3345|9541|2644|15574|3739|12911|3062|2663|1590|12626|2980|10531|2479|2095|1033|7000|2032|5579|1641|1421|942|142193|8286|77470|5388|64723|5660|8062|1806|5690|1487|2372|777|17768|3186|11346|2189|6422|1885|251|371|123|210|128|167|40741|5882|16629|3436|24112|3874|22342|4693|9777|2844|12565|2911|8857|3242|3653|2025|5204|1743|13581|3266|10163|2656|3418|2130|10075|2515|7875|2235|2200|898|3553|1872|1645|756|1908|1420|43386|6427|29336|4905|14050|3094|10337|3714|8897|3087|1440|873|13195|3948|8770|3055|4425|1904|20865|4033|16782|3520|4083|1553|23883|5050|17726|3994|6157|2112|0|225|0|225|0|225|630|490|630|490|0|225|8057|2810|5853|2252|2204|1082
04000A0US26|8825321|2464|7857110|19715|296977|9825|192831|8685|104146|7371|17904|3065|13836|2540|4068|1107|1443|817|973|557|470|535|11530|1871|7482|1345|4048|1351|11463|2850|7449|2270|4014|1946|29671|4112|25583|3670|4088|1153|11812|2782|7234|1699|4578|1677|5785|1508|4860|1425|925|406|11334|2857|6648|1593|4686|1812|16670|3694|13330|3263|3340|984|8537|2641|6377|2421|2160|753|16467|3564|8878|1669|7589|2551|1670|776|1207|600|463|293|5423|2530|2814|1168|2609|1684|9810|3136|6447|2167|3363|1405|17608|3208|15041|3085|2567|938|16771|3589|13164|3163|3607|1651|6889|2406|5137|2156|1752|834|34255|6001|20100|4433|14155|3568|12257|3162|9127|2378|3130|1385|36911|5089|23064|3655|13847|2780|17716|3828|12421|2743|5295|2113|11402|2587|8863|2012|2539|1065|9683|2675|7704|2047|1979|1253|41547|4639|21775|3224|19772|2513|12083|2785|5104|1375|6979|2165|15715|3292|8715|2051|7000|1804|5292|2268|4085|1888|1207|730|16496|3108|7086|1931|9410|2062|1266|754|773|513|493|405|2355|989|1286|573|1069|674|7478|1969|2717|1063|4761|1299|14640|2772|9955|1956|4685|1855|4509|1445|3108|1146|1401|746|171397|11636|90811|8997|80586|8433|1787|839|1357|610|430|370|28099|5195|15974|3255|12125|3208|11495|2989|9532|2787|1963|1152|9033|3689|3879|1565|5154|2869|0|184|0|184|0|184|1391|542|1048|481|343|243|3640|1110|3039|913|601|497
04000A0US27|4949602|2592|4299882|18825|219224|8266|138996|7758|80228|6091|13231|2821|9904|2150|3327|2097|3443|3252|2551|2239|892|1231|1468|601|958|437|510|402|2246|768|1558|542|688|386|15403|2789|13354|2677|2049|655|2169|795|1813|755|356|219|634|477|598|466|36|61|11347|2505|7578|2153|3769|1385|2513|1043|1484|710|1029|672|2892|1290|2328|1093|564|336|6597|2040|3349|1040|3248|1366|78|139|78|139|0|157|1818|806|1272|542|546|426|4248|1766|3229|1633|1019|458|8572|2256|7372|2059|1200|660|802|577|664|485|138|178|1901|1548|1633|1300|268|376|2929|1252|2299|1031|630|511|6621|2280|5346|1913|1275|771|5678|1972|3616|1034|2062|1741|7140|2486|5963|2291|1177|715|5368|2063|4425|1639|943|925|4810|2705|4464|2646|346|384|25345|4246|16774|3037|8571|1775|5490|2049|2937|1279|2553|1233|4578|1276|3011|1001|1567|720|66308|5878|38367|4406|27941|3766|20855|3805|9515|2330|11340|2062|5914|1959|3021|1279|2893|1081|6870|1933|4674|1539|2196|841|16587|3904|6776|1833|9811|2641|11285|2776|8190|2322|3095|1098|2250|1022|1463|675|787|473|13484|4047|9249|3236|4235|1367|1076|654|1045|651|31|41|90491|9842|49719|6748|40772|6379|23550|5892|16439|4546|7111|2589|14190|2582|8991|2314|5199|1604|0|157|0|157|0|157|4928|1073|4084|961|844|448|5387|1667|3850|1274|1537|967
04000A0US29|5059297|5087|4682938|14349|159048|8326|100400|7134|58648|5352|11067|2550|8320|2031|2747|1197|2737|1352|2205|1271|532|456|2678|823|1937|651|741|429|2904|1245|1995|859|909|590|14383|2306|12108|2035|2275|782|4648|1475|3393|1267|1255|706|1539|634|1396|606|143|191|8710|3312|4519|1692|4191|2164|2275|947|1547|613|728|535|15624|4227|9600|2976|6024|1838|3599|1772|2444|1290|1155|699|351|378|230|299|121|197|3687|1747|1381|724|2306|1348|1946|1071|1604|911|342|420|6806|1757|5238|1690|1568|627|3833|1500|2782|1303|1051|514|1159|842|668|488|491|427|1410|931|1196|718|214|301|3813|1610|2933|1634|880|619|6986|2826|4511|1885|2475|1183|6226|2107|4504|1464|1722|1191|2675|1163|2459|1068|216|211|1514|730|1245|551|269|269|19714|3409|9864|2277|9850|2198|5458|2047|3559|1423|1899|1054|5086|1450|2548|874|2538|1060|1280|872|997|790|283|382|13396|2713|5211|1213|8185|2264|616|515|317|418|299|294|2868|1545|1540|696|1328|1047|4752|2099|3046|1799|1706|967|7957|1996|5571|1545|2386|1057|5173|1339|3559|1212|1614|502|9435|3596|5952|2138|3483|1802|1157|706|951|670|206|216|6746|4053|3911|2843|2835|1641|8195|2757|7237|2619|958|608|12703|4149|7638|2907|5065|2278|32|48|27|47|5|9|254|146|254|146|0|197|1919|795|1668|726|251|188
04000A0US31|1546327|3365|1333488|8165|141792|6299|81481|6035|60311|3722|6025|1698|4594|1544|1431|787|30|53|0|174|30|53|137|120|94|118|43|12|843|703|843|703|0|174|2066|760|1829|670|237|209|1990|917|1990|917|0|174|254|271|184|241|70|118|2344|1191|1561|691|783|645|285|213|209|175|76|121|702|537|515|438|187|182|970|507|820|436|150|190|80|126|80|126|0|174|2636|1600|1231|744|1405|1040|0|174|0|174|0|174|1524|833|952|582|572|549|811|546|487|467|324|264|111|120|57|81|54|91|276|261|136|150|140|229|2343|1127|1135|795|1208|565|3413|1659|2528|1267|885|645|1226|791|1064|728|162|172|2551|1664|1761|973|790|812|429|286|341|243|88|98|4484|1331|3121|1127|1363|805|521|367|288|283|233|196|1046|663|413|429|633|401|0|174|0|174|0|174|10260|3181|5625|2176|4635|1654|0|174|0|174|0|174|1373|740|595|511|778|569|5779|2206|2418|1014|3361|1594|1860|923|1018|637|842|605|579|403|373|322|206|223|6569|2750|2959|1474|3610|1973|178|146|178|146|0|174|2962|1524|1383|1171|1579|979|1087|676|991|666|96|161|2513|1347|1800|1103|713|783|0|174|0|174|0|174|392|234|392|234|0|174|398|262|398|262|0|174
04000A0US32|2993558|2990|2089115|17081|621055|10901|369034|10303|252021|10336|8727|2175|7430|2064|1297|673|587|472|412|420|175|242|2961|1505|1495|673|1466|1372|4788|1931|3796|1726|992|846|8998|2533|7839|2135|1159|701|1740|1064|1709|1062|31|51|1292|662|1067|527|225|227|5477|2105|3421|1115|2056|1374|2518|917|1840|856|678|464|3113|1666|2021|1508|1092|596|4281|1634|2342|873|1939|1018|2648|1265|1946|1084|702|520|5738|2456|3725|1743|2013|983|1495|1498|835|773|660|801|2307|1197|1939|1155|368|373|4256|3084|2911|2364|1345|1223|1771|1232|1274|982|497|424|1839|1190|1310|1020|529|512|1713|846|876|612|837|651|5443|2065|3834|1421|1609|1129|1057|707|926|681|131|143|337|351|294|297|43|71|544|525|481|504|63|101|35995|4738|16942|2636|19053|3102|5862|1791|3569|1410|2293|1025|15688|3433|8126|2141|7562|2473|88|147|0|232|88|147|12883|4039|5074|1688|7809|3233|1928|1379|847|536|1081|1047|6317|1708|3113|1179|3204|1028|3042|2182|1993|1332|1049|970|86963|8377|59970|6254|26993|3897|11422|2179|7593|1606|3829|1178|4842|1708|3157|1165|1685|820|2784|1174|2227|1076|557|499|13701|4378|9845|3373|3856|1698|1911|1251|1777|1159|134|194|1850|1656|762|737|1088|1462|515|606|458|599|57|94|936|458|719|378|217|202|3031|1745|2610|1664|421|338
04000A0US33|1258099|1131|1150351|7313|34556|3816|22877|2765|11679|2245|12608|2120|10515|1787|2093|744|963|1193|595|848|368|421|986|506|901|467|85|104|6205|2078|4688|1739|1517|757|4888|1874|4795|1860|93|104|176|135|176|135|0|200|1357|888|865|602|492|671|2642|1125|1878|864|764|457|1579|757|1449|773|130|130|663|545|495|452|168|210|1772|920|1305|804|467|361|336|340|336|340|0|200|882|607|377|281|505|495|476|565|476|565|0|200|1689|972|1332|803|357|297|810|725|777|723|33|64|0|200|0|200|0|200|950|900|843|864|107|163|2864|1472|2204|1313|660|582|2479|1338|1811|904|668|538|1244|908|1127|904|117|145|346|403|346|403|0|200|1437|1024|1155|901|282|326|3808|1432|2021|903|1787|837|695|673|659|664|36|71|2984|1355|1378|683|1606|1014|0|200|0|200|0|200|1418|1062|356|407|1062|790|368|285|368|285|0|200|678|657|372|349|306|394|1143|915|506|353|637|827|2237|1405|1670|1307|567|398|1042|489|150|163|892|484|4397|3285|2940|2428|1457|1093|254|265|254|265|0|200|952|1339|472|671|480|678|1058|657|1058|657|0|200|4014|1820|2887|1460|1127|772|0|200|0|200|0|200|9|16|9|16|0|200|783|582|426|503|357|270
04000A0US34|8772313|1910|5851494|32509|1517618|20428|786467|16990|731151|16716|35741|5906|26833|4310|8908|2734|65829|8424|37793|5928|28036|5581|48506|4678|31810|3464|16696|2475|98178|8811|52531|5652|45647|5736|16821|2387|14438|2149|2383|765|21456|5469|18641|5115|2815|1525|15351|3145|12013|2582|3338|1021|46892|5162|29627|3725|17265|2818|57506|7149|36930|5105|20576|3445|14009|3448|9628|2909|4381|1775|28331|4748|15153|2604|13178|2988|4089|1573|3229|1271|860|519|8158|2555|4561|1454|3597|1577|89501|7920|58201|6192|31300|3911|83159|7793|71356|6910|11803|2089|36204|5734|29156|4732|7048|2083|16226|3899|10223|2756|6003|1887|27323|4898|16007|3097|11316|2651|27415|4082|24225|3889|3190|1005|28511|4891|20827|3986|7684|2165|39104|5015|31419|4315|7685|2584|29214|4840|24708|3965|4506|1779|23048|4032|19182|3631|3866|1386|129216|8338|75791|5538|53425|4761|13873|2958|7936|2101|5937|1685|75265|7030|33813|4009|41452|4860|0|225|0|225|0|225|23508|4843|8814|2059|14694|3672|637|646|362|439|275|273|2538|1177|1039|761|1499|813|22606|3865|13468|3029|9138|1884|83456|6696|61625|5861|21831|2884|8298|2600|4920|2028|3378|1493|80048|9700|54126|7583|25922|4346|23017|4296|20742|4056|2275|857|4017|2102|3064|1915|953|706|49276|8707|44202|8548|5074|1653|5081|2002|4110|1552|971|758|0|225|0|225|0|225|629|469|411|393|218|219|21164|3718|16744|3356|4420|1389
04000A0US35|1920567|4165|1312041|14917|482989|12514|337799|11800|145190|9484|4201|1360|3723|1219|478|339|342|375|170|251|172|280|1532|766|1214|631|318|350|1729|774|1325|590|404|366|4060|1059|3659|997|401|332|928|524|928|524|0|211|98|113|98|113|0|211|1402|721|999|565|403|363|405|340|288|293|117|153|158|214|141|210|17|32|435|375|435|375|0|211|6|1|6|1|0|211|1679|869|1433|722|246|238|576|462|449|337|127|197|1122|996|905|951|217|192|198|292|95|145|103|147|0|211|0|211|0|211|276|288|276|288|0|211|1476|959|1285|890|191|220|540|458|411|331|129|151|487|475|460|449|27|49|538|612|371|377|167|291|281|470|281|470|0|211|5436|1935|2977|1285|2459|1016|935|636|551|367|384|327|1989|838|1213|573|776|488|0|211|0|211|0|211|2902|1263|1434|685|1468|761|0|211|0|211|0|211|1399|1310|1001|952|398|432|89|141|43|70|46|122|7328|2021|6282|1947|1046|568|978|431|616|289|362|274|5197|3326|3862|2844|1335|834|409|458|409|458|0|211|334|390|185|184|149|228|1657|1452|1657|1452|0|211|2649|1771|2522|1665|127|216|49387|3443|33181|3070|16206|1837|22122|2848|17514|2694|4608|1427|257|278|116|105|141|261
04000A0US36|18172713|2370|12457876|53498|2730266|29580|1478247|26803|1252019|25476|131081|10461|102719|8107|28362|4455|171936|11993|106096|9209|65840|7057|117046|7665|84775|6090|32271|3488|59308|8164|42651|5835|16657|3795|45981|5953|41002|5572|4979|1275|208318|14699|100814|10767|107504|8798|62707|7017|46613|6121|16094|2690|215188|16138|92267|9443|122921|10770|65380|8417|40917|6316|24463|3900|28881|4694|18891|3765|9990|2338|49799|7187|25370|4642|24429|4291|6221|1910|4623|1519|1598|776|29705|5189|18262|2901|11443|3235|22471|4197|16770|3680|5701|1720|65095|8990|49337|7045|15758|3330|78409|9693|47612|6486|30797|4789|26858|4621|16020|3161|10838|2258|164968|13430|73785|8555|91183|7901|29083|4499|16023|2878|13060|2733|87787|8003|59547|6455|28240|3501|11118|2871|9233|2353|1885|988|12138|3409|9102|3200|3036|1317|23481|4060|16425|3067|7056|2157|594087|17066|213932|8889|380155|13137|28969|3987|17601|2916|11368|2276|93553|8014|44220|4073|49333|5735|0|218|0|218|0|218|22626|3923|8754|2302|13872|2456|3658|1266|1267|644|2391|987|11404|2372|6184|1878|5220|1156|58702|6662|28321|4607|30381|3866|77804|7217|60151|5538|17653|2618|8177|2225|4015|1172|4162|1856|130092|14160|84515|10542|45577|6857|62000|8358|53141|8022|8859|2270|15835|3674|10528|2773|5307|1776|98303|11127|68779|8718|29524|4999|14188|3334|9106|2550|5082|1813|0|218|0|218|0|218|1407|584|1269|581|138|121|50807|6618|31123|4718|19684|3998
04000A0US37|9572273|5075|8222222|24112|841847|17886|485899|16118|355948|12310|31635|4215|23758|3749|7877|1774|9469|3157|6625|2569|2844|1255|8400|2269|7274|2093|1126|585|14717|2865|10046|2340|4671|2013|22935|3644|19525|3023|3410|1642|6137|1857|5709|1765|428|277|4414|1403|3960|1298|454|304|14276|3766|7875|2345|6401|2225|3728|1051|3291|913|437|318|3660|1921|2427|1275|1233|730|9171|2830|4267|1324|4904|2514|308|419|308|419|0|222|5089|1946|3736|1452|1353|767|14472|2853|8551|2162|5921|1508|27822|4091|22919|3595|4903|1424|10031|4063|8143|3726|1888|1014|1584|1033|1250|839|334|380|6670|2185|5086|1539|1584|922|17045|4330|11994|3100|5051|2553|13109|3238|9548|2189|3561|1984|29781|5268|22742|4239|7039|2512|10155|2961|7922|2353|2233|1338|6437|1954|5718|1727|719|488|42396|3997|25247|2986|17149|2157|8854|2424|6264|2032|2590|938|14981|2859|6810|1648|8171|2116|9313|1660|6457|1632|2856|803|25199|4170|9569|2417|15630|3194|4638|2171|2399|1235|2239|1216|7243|1938|2790|1069|4453|1502|10709|2548|5286|1426|5423|1771|20778|3349|16363|2988|4415|1125|6332|1966|3798|1485|2534|876|29527|6332|20830|4726|8697|2195|1969|1207|1872|1173|97|120|13996|6978|7873|4798|6123|2872|17447|5174|14424|4256|3023|1796|13955|5269|10125|3944|3830|2622|152|189|34|57|118|179|1760|931|1158|689|602|626|7910|3135|5663|2441|2247|1158
04000A0US39|10685365|3378|9805063|21308|302208|10191|182206|8405|120002|6983|27322|5477|17242|3284|10080|3158|6602|3041|2383|1504|4219|2077|10792|2131|8303|1917|2489|1028|7711|2411|5326|1711|2385|1604|31353|4451|24986|3484|6367|1917|50776|6759|36046|5524|14730|3370|7818|1812|6209|1669|1609|659|17273|3252|9698|2023|7575|2093|4617|1200|3370|951|1247|729|9647|2463|6438|2299|3209|898|17253|3668|8407|2005|8846|2540|297|339|249|266|48|81|7528|3208|4583|2942|2945|989|6783|2061|4289|1630|2494|871|18322|3647|15176|3359|3146|1219|8141|2442|6066|1849|2075|888|5682|3139|3664|2227|2018|1399|6646|2062|5226|1931|1420|752|35968|6420|16836|4250|19132|4119|16403|3584|11559|2968|4844|1582|17006|3476|12544|3125|4462|1363|8230|2541|6170|1984|2060|1313|6180|1897|5391|1709|789|665|40701|4807|23633|3849|17068|2598|10911|2147|5230|1299|5681|1862|11370|2532|6121|1540|5249|1612|186|187|186|187|0|208|15641|3352|8467|2454|7174|1575|3585|1907|1090|751|2495|1443|5916|1722|3169|989|2747|1153|12887|3934|7236|3085|5651|2240|17267|3440|11053|2241|6214|1873|2914|1039|2205|903|709|513|50658|8563|33362|6332|17296|3880|3476|1306|3107|1250|369|492|31328|5682|18430|3870|12898|3543|26074|6624|19980|5316|6094|2272|7945|2549|4191|1581|3754|1845|12|22|12|22|0|208|878|587|638|384|240|257|7995|2026|4680|1277|3315|1502
04000A0US40|3289154|3565|2891100|9063|279020|7567|170882|7033|108138|6179|4356|1186|4140|1183|216|196|1606|1103|1106|969|500|499|762|395|385|244|377|236|2048|868|1547|659|501|457|7227|1493|6467|1402|760|371|1013|755|1013|755|0|165|670|408|670|408|0|165|3459|1335|2609|1137|850|550|143|137|143|137|0|165|371|286|353|271|18|31|1305|799|937|628|368|289|168|190|133|178|35|65|3578|1615|1875|969|1703|946|148|161|75|84|73|135|2989|1264|2353|900|636|771|1901|843|1470|817|431|387|358|319|358|319|0|165|2159|985|1237|539|922|707|1967|1196|877|512|1090|972|1944|729|1366|645|578|521|1295|1145|1116|1101|179|216|989|789|881|786|108|119|2386|786|930|377|1456|610|8777|1568|3876|941|4901|1265|2075|696|1385|536|690|376|3567|1091|2067|878|1500|527|6221|1495|4730|1329|1491|683|18186|2957|7572|1572|10614|2067|87|94|0|165|87|94|1830|844|890|531|940|443|6299|1617|3183|944|3116|1042|4667|1256|3623|1090|1044|467|4693|2501|3619|2434|1074|423|7435|2362|4968|1682|2467|1089|223|181|138|147|85|109|62|106|0|165|62|106|3000|1147|2241|961|759|420|1772|1123|1425|875|347|353|307|186|307|186|0|165|6286|1191|5536|1173|750|262|705|370|590|335|115|119
04000A0US41|3974898|2936|3374845|15373|374000|12239|229424|9007|144576|8403|8345|1745|8058|1785|287|262|119|92|65|5|54|92|2192|1040|1517|632|675|627|3179|1200|2440|1102|739|403|12912|2116|11174|1937|1738|659|2267|1014|2267|1014|0|217|882|481|789|425|93|108|16344|4122|10143|2867|6201|1810|2049|1011|1634|967|415|351|1440|1237|658|473|782|835|6914|2274|2725|1204|4189|1563|958|1092|895|1054|63|102|4174|1585|2717|1033|1457|858|255|321|255|321|0|217|5872|2116|5495|2049|377|314|1459|785|1390|723|69|113|2299|1292|1200|758|1099|685|3136|1238|2487|982|649|491|4505|1983|3399|1542|1106|885|7443|1803|6262|1530|1181|526|2361|1191|2037|1056|324|301|2635|1129|2435|986|200|238|1489|783|1428|789|61|101|34257|5089|17802|3046|16455|3683|9257|2103|6414|1428|2843|1100|8194|1995|4360|1273|3834|1308|3212|1519|2046|1239|1166|709|21983|3596|9975|2031|12008|2549|2688|1876|2006|1770|682|726|6081|2561|3397|1484|2684|1665|3764|1289|2485|842|1279|658|10658|2722|7977|2105|2681|1341|8628|1671|5318|1240|3310|1171|8463|3060|5403|2012|3060|1413|1383|807|1227|793|156|270|7496|3264|5287|2728|2209|1076|523|493|354|419|169|208|2350|1462|2047|1327|303|249|519|633|519|633|0|217|1535|868|1459|860|76|92|1833|743|1521|679|312|286
04000A0US42|11952336|2398|10366797|27110|723265|15572|413561|11724|309704|11920|32992|4980|23502|3230|9490|3246|24056|5683|14697|4175|9359|2785|28344|2983|20864|2406|7480|1463|28611|6730|15656|3748|12955|4753|35432|3170|29433|2824|5999|1618|74074|8872|52255|6802|21819|4369|11980|2167|8883|1802|3097|1017|54532|8199|26622|4644|27910|5662|18044|3206|11372|2394|6672|1662|6205|1993|4657|1721|1548|700|26128|6228|13920|3618|12208|4151|2291|959|1782|773|509|320|6480|1867|4655|1659|1825|702|22750|3943|14957|2921|7793|1981|29097|4141|22753|3238|6344|2039|13512|3652|9780|2673|3732|1472|5483|2375|4248|1980|1235|589|15361|4201|8675|2233|6686|2788|28020|4704|15244|2453|12776|3755|16015|3505|11393|2667|4622|1453|17003|3537|13104|2900|3899|1383|14127|3482|12578|3190|1549|700|14647|4173|9165|2736|5482|1907|98759|7137|47707|4884|51052|4673|7623|1918|5649|1699|1974|660|25557|3842|11668|1919|13889|2589|610|582|269|255|341|348|33485|5219|15477|2663|18008|3253|6735|2065|2491|1006|4244|1660|6133|2278|2111|1019|4022|1768|18797|5365|10377|3627|8420|2694|17969|3058|13515|2471|4454|1347|4639|1777|2263|1008|2376|1279|49456|7443|31840|5972|17616|3420|4775|1850|4221|1609|554|402|8859|2672|4665|1809|4194|1837|32673|7309|21747|5673|10926|3456|9572|2581|6921|2197|2651|1160|76|121|76|121|0|190|387|252|328|227|59|102|10985|2784|7717|2266|3268|1405
04000A0US45|4791836|3107|4371094|12029|263291|8913|147278|8321|116013|7776|11760|2240|9581|1823|2179|1148|2097|1706|848|619|1249|1611|5040|1476|3880|1244|1160|724|8213|2950|4637|1788|3576|1929|16484|3691|14748|3502|1736|630|1725|650|1698|645|27|45|1176|635|873|483|303|311|9622|2490|6493|1912|3129|1007|2771|1410|1857|1021|914|634|344|286|302|294|42|69|7213|2857|4533|2160|2680|1865|329|544|56|93|273|452|406|296|180|192|226|198|7446|2750|4964|1820|2482|1514|1968|1064|1894|999|74|129|1295|1048|1295|1048|0|225|1057|878|966|858|91|155|1054|774|896|707|158|190|1964|1261|1405|791|559|671|4886|1507|3903|1329|983|568|3699|1772|3288|1649|411|375|3801|2322|2508|1597|1293|924|2664|1693|2071|1430|593|562|6994|1983|3682|1173|3312|1399|3220|1286|2474|1144|746|757|5651|2825|4156|2091|1495|975|1840|1698|1321|1319|519|521|9037|2853|3380|1258|5657|2081|1355|839|464|374|891|659|2516|1083|1081|525|1435|778|2321|1648|1475|1450|846|558|10178|2340|7998|2184|2180|1046|1931|777|1486|756|445|279|4847|1839|4015|1661|832|633|572|436|338|329|234|308|1575|1796|1163|1231|412|594|1931|1106|1827|1099|104|186|3404|2491|1574|916|1830|1881|0|225|0|225|0|225|445|510|406|504|39|51|2620|1291|2378|1268|242|212
04000A0US47|6181919|5251|5614162|16004|348262|9773|181224|9260|167038|7934|11356|3121|9070|2693|2286|877|3574|2535|1495|1112|2079|2073|1702|724|1205|532|497|489|4951|1654|3345|1188|1606|1345|10487|2081|9407|2083|1080|425|3339|1789|2523|1437|816|803|1295|712|1053|584|242|271|4505|1848|3753|1694|752|591|2013|980|1550|820|463|356|1142|770|1033|741|109|110|6522|3747|3534|2361|2988|1735|0|226|0|226|0|226|3776|1584|2040|937|1736|1330|9775|2453|5094|1740|4681|1475|6390|2019|4901|1580|1489|1247|2199|1203|1697|1045|502|455|520|518|379|342|141|225|4141|2093|3391|1728|750|558|3480|1505|1901|935|1579|1148|7199|2422|4366|1690|2833|1576|6182|2517|4598|2099|1584|910|2102|1240|1647|954|455|491|2017|1075|1422|837|595|424|17315|3303|8860|1870|8455|2615|3178|1003|2077|741|1101|575|4540|1452|1958|780|2582|932|80|106|60|107|20|36|9052|1897|4980|1326|4072|1155|2523|1044|1848|894|675|668|6770|1974|3350|1401|3420|1226|5879|2404|2877|1207|3002|1556|7661|1933|5481|1628|2180|850|2093|852|1493|655|600|462|30499|6568|16198|4473|14301|3677|1930|1691|1830|1660|100|168|10650|6765|4988|3582|5662|4190|7553|2659|5161|1838|2392|2096|6935|2976|3945|1877|2990|1680|0|226|0|226|0|226|124|139|124|139|0|226|4046|1417|1339|643|2707|1293
04000A0US48|27333770|9978|17473625|58944|7827511|48087|4792511|44738|3035000|46745|75495|7639|62515|6954|12980|2683|11386|2833|9372|2484|2014|1173|10114|1784|8601|1678|1513|617|51900|8158|42767|7292|9133|2508|52521|4358|46374|3764|6147|1628|11296|2919|10259|2923|1037|570|6178|2002|5159|1855|1019|595|37059|5760|25393|4239|11666|3012|8879|2065|7274|1890|1605|721|14704|4274|12450|3960|2254|881|17050|2954|11664|2490|5386|1561|2456|1332|2065|1262|391|386|53658|8879|32308|5692|21350|4837|43956|6637|29694|4561|14262|3111|120094|9628|100195|8561|19899|3875|92494|10930|67187|8038|25307|4842|10025|3192|6278|1980|3747|1895|32957|5305|24003|3989|8954|2486|64603|7580|45375|5926|19228|3618|35733|6466|23925|4272|11808|3871|91144|9022|77579|8620|13565|3025|58620|7675|48346|6706|10274|2566|60739|7818|44421|5631|16318|3683|199122|11628|105404|7059|93718|8429|23625|4023|15697|3088|7928|1842|69319|5869|36948|4318|32371|3897|952|715|795|674|157|265|251867|17693|107868|10680|143999|12240|8743|2325|4142|1353|4601|1532|21128|4390|11546|3033|9582|2438|31461|6207|16548|3487|14913|3762|103239|8572|78162|7258|25077|3453|26508|6782|21304|6639|5204|1546|115872|11723|84283|9968|31589|4863|6133|1916|5716|1910|417|420|48706|8230|28988|5566|19718|4310|103063|10713|88437|9479|14626|3261|43182|7892|34062|7004|9120|2941|450|580|450|580|0|236|3332|1335|2805|1113|527|400|12871|3495|10075|2998|2796|1445
04000A0US49|3050119|1755|2564150|12408|337495|10024|212260|8989|125235|8401|8809|2383|7786|2161|1023|600|431|461|431|461|0|206|3035|1192|2572|1032|463|524|14081|3092|11452|2173|2629|1406|7697|1332|6899|1421|798|464|2598|1091|2464|1098|134|164|1203|575|852|428|351|246|4143|1220|3282|1119|861|419|744|469|565|364|179|211|2096|1461|1114|1077|982|559|695|388|484|289|211|199|577|361|527|357|50|86|3374|1684|2498|1223|876|672|141|232|31|54|110|182|3126|1641|3023|1638|103|114|1181|1023|869|975|312|268|1596|1123|1112|808|484|358|292|304|249|275|43|72|3562|2888|2332|2113|1230|860|4411|1407|3014|910|1397|912|753|599|698|593|55|95|1919|972|1569|866|350|359|1055|793|773|651|282|377|17653|2830|10054|1965|7599|1761|4929|1276|3634|1112|1295|562|4126|1188|3025|930|1101|532|169|196|64|108|105|165|6213|1636|2646|833|3567|1147|1528|930|561|410|967|651|2216|926|1263|776|953|510|3236|1967|2052|1382|1184|1004|7975|2583|5992|2155|1983|1022|15673|2793|12023|2240|3650|1168|6288|3007|4648|2076|1640|1063|734|751|734|751|0|206|580|673|452|534|128|154|1089|720|1089|720|0|206|5453|2405|3796|1904|1657|988|1862|1126|1547|1137|315|153|487|352|487|352|0|206|744|486|701|465|43|56
04000A0US51|7444922|5906|6020849|21075|637386|14350|379991|12606|257395|13028|33268|4288|26506|3353|6762|1961|4109|1650|3842|1578|267|249|7476|2160|6615|1882|861|559|14291|2987|11049|2336|3242|1199|22437|3031|19104|2525|3333|1150|5230|1626|4609|1458|621|432|6878|2103|6144|1845|734|627|21499|5136|15797|4251|5702|1560|3335|1013|2871|949|464|294|3931|1517|2920|1292|1011|471|8274|2137|6206|1854|2068|1072|1691|1054|1309|962|382|387|45645|7594|29021|4857|16624|4079|10656|3268|7144|1648|3512|2113|34139|4668|29889|4348|4250|1113|42123|6661|29195|4624|12928|3316|9103|3060|6444|2377|2659|1237|16847|4232|10454|2512|6393|2358|19319|4047|12934|3191|6385|2091|20671|4142|15792|3317|4879|1309|24578|4402|21719|4158|2859|943|11639|2705|9629|2331|2010|906|7561|2442|6546|2044|1015|753|60292|5888|35088|3857|25204|3512|11761|2411|8021|1829|3740|1106|50754|5555|24175|3406|26579|3884|341|273|282|231|59|78|45982|6130|20103|3918|25879|3510|5227|1552|2456|947|2771|1185|11020|2370|6911|1910|4109|1313|18605|4621|11135|2419|7470|3639|48567|5276|34817|4326|13750|1940|7693|2319|5726|2131|1967|705|64049|7873|44728|6903|19321|3062|754|538|584|461|170|246|49828|6394|32702|4824|17126|3005|24060|3286|20170|2689|3890|1700|6893|2612|5956|2139|937|884|71|39|21|38|50|4|186|179|129|154|57|94|5904|1527|3632|1007|2272|996
04000A0US53|7248450|3518|5675995|25995|671840|12263|413526|11128|258314|11462|20761|3047|17320|2650|3441|1047|517|369|301|242|216|284|6831|1910|5243|1589|1588|936|12228|2985|10091|2321|2137|978|22646|2623|20775|2502|1871|617|3964|1364|3687|1266|277|236|2132|878|1735|719|397|297|61285|8080|33206|5079|28079|4913|4977|1605|3722|1288|1255|597|7084|2708|4644|1818|2440|1416|36645|7241|16961|3813|19684|4887|1345|823|683|397|662|677|16315|3339|11980|2957|4335|1159|6125|2154|4859|1756|1266|847|45262|6261|40105|5873|5157|1373|7457|2655|6411|2220|1046|629|18832|4611|12535|3290|6297|2006|5369|1687|4140|1347|1229|870|12649|3225|10105|2737|2544|1159|21828|3619|17191|3131|4637|1600|20445|4432|16961|3762|3484|1368|13428|3161|10771|2626|2657|1350|9445|2312|8624|2161|821|553|140633|8548|76936|5680|63697|5373|24618|3410|16532|2573|8086|1720|52376|6354|25460|3791|26916|3878|2190|1093|1231|648|959|677|71883|7314|33582|4323|38301|4762|14738|3678|7343|2553|7395|2164|13767|3331|6016|1495|7751|2442|15164|3454|8561|1971|6603|2496|65922|6831|45717|5363|20205|2834|37505|5045|24997|4017|12508|2653|25277|6804|18705|4921|6572|2469|4993|2098|4739|2048|254|250|41429|6807|24727|4947|16702|3061|5672|1825|4780|1648|892|654|16757|3667|12761|3218|3996|1391|281|212|153|138|128|154|5364|2339|4882|2309|482|470|4476|999|3656|898|820|454
04000A0US55|4979993|2513|4495601|11192|266217|8225|163504|6635|102713|6329|8571|1723|6990|1368|1581|956|239|260|170|224|69|128|2990|1232|2451|1129|539|435|4911|1912|3769|1658|1142|683|24472|2876|19576|2509|4896|1111|7251|2168|5991|2078|1260|338|2738|1727|2697|1720|41|68|5110|1485|3563|1027|1547|848|5210|1584|3573|1172|1637|1044|2830|853|1817|658|1013|505|2990|1254|2170|1037|820|499|111|185|111|185|0|159|3838|1830|1847|861|1991|1470|1758|914|1361|664|397|344|5732|1971|4864|1769|868|635|1898|899|1812|894|86|118|3046|1345|2471|1310|575|460|1150|757|783|454|367|407|8672|2581|5801|1936|2871|1439|7457|2008|5836|1675|1621|710|3086|1366|2584|1254|502|367|2536|1297|1875|840|661|708|2114|1002|1814|906|300|258|12431|2564|6604|1392|5827|1692|3536|1595|2575|1171|961|547|4901|1436|3423|1263|1478|596|44576|4333|26069|3968|18507|3014|4178|1879|2909|1536|1269|799|1490|1193|723|665|767|957|2851|1051|1543|803|1308|686|7268|2813|2275|1014|4993|2409|5789|1341|4036|1252|1753|682|923|657|774|604|149|157|6914|2076|4508|1713|2406|882|995|546|995|546|0|159|4007|1970|2493|1427|1514|832|3626|1623|3323|1556|303|281|2353|1298|1658|925|695|551|0|159|0|159|0|159|1674|581|1584|575|90|90|1953|851|1646|743|307|252
04000C0US01|3760273|5286|3526265|8580|139651|7549|79607|5259|60044|6039|5111|1641|4845|1597|266|319|757|595|621|570|136|191|1945|1268|1165|888|780|878|2275|1332|1613|1020|662|629|8444|1814|6977|1718|1467|563|2094|1295|1858|1197|236|283|559|440|472|351|87|145|1281|749|759|513|522|504|479|390|345|272|134|160|511|574|427|509|84|145|945|789|612|502|333|336|78|132|78|132|0|210|1222|1029|914|918|308|335|2523|1244|1441|767|1082|742|3817|1832|2766|1283|1051|747|2356|1346|2006|1206|350|339|1145|946|935|897|210|333|1130|791|612|417|518|611|874|625|707|496|167|176|1536|699|1123|544|413|338|2156|908|1903|823|253|253|488|402|257|252|231|317|199|247|199|247|0|210|10583|2393|4631|1112|5952|1856|1501|588|789|463|712|434|11542|2099|3762|1186|7780|1772|0|210|0|210|0|210|7915|2141|4274|1479|3641|1191|428|427|25|49|403|418|1728|857|1130|595|598|439|1237|823|581|454|656|504|3868|1225|2239|936|1629|689|570|284|503|273|67|72|5254|2001|3766|1630|1488|1425|52|94|52|94|0|210|0|210|0|210|0|210|1158|769|1054|686|104|180|2606|1651|1284|760|1322|1100|71|133|71|133|0|210|67|60|67|60|0|210|3852|2410|2769|2024|1083|1051
04000C0US04|6713920|1079|5004663|25472|1300022|22546|880550|21067|419472|15583|22053|5815|18818|5170|3235|1360|220|209|220|209|0|232|8256|2214|7557|2132|699|357|5926|1611|5234|1475|692|401|16957|2780|14469|2365|2488|987|4473|1246|4401|1233|72|105|2451|1140|2265|1104|186|186|7546|1926|5197|1490|2349|1087|5776|1818|4106|1481|1670|795|6053|2032|3205|1383|2848|1552|4817|2284|3586|1795|1231|841|2274|1565|1191|804|1083|1008|8979|3236|6000|2019|2979|1353|2690|1051|2160|838|530|394|14880|3707|13626|3483|1254|919|2025|1047|1775|974|250|208|2180|1477|1349|933|831|714|2292|1137|2016|1074|276|334|7347|3441|6037|2997|1310|745|14870|3955|11049|2749|3821|1656|11656|3896|9708|3485|1948|1364|8905|2867|8068|2745|837|445|4060|2011|3131|1557|929|621|31890|4507|17559|2606|14331|2903|10619|2713|6805|2251|3814|1485|14308|4116|9036|3564|5272|1587|605|659|406|390|199|302|23707|5699|10681|3304|13026|3021|2499|1107|1398|721|1101|720|6127|3576|4002|2724|2125|1131|6448|2509|3865|1814|2583|1339|28640|4176|21640|3226|7000|2155|6761|1735|4002|1175|2759|1402|25934|6396|16824|4889|9110|3256|2864|1148|2517|1101|347|297|11839|4464|8913|3373|2926|1652|6063|2853|5638|2783|425|368|23379|7216|13931|5168|9448|4485|27628|3300|22279|2940|5349|1316|8729|2139|7998|2024|731|501|4509|1659|3274|1403|1235|856
04000C0US06|36070421|3314|19592459|68929|10502239|57200|6370523|45697|4131716|44280|126192|8405|107999|7533|18193|2596|8973|2766|6557|1995|2416|1587|49558|4913|40444|4267|9114|1935|101211|8906|72883|7810|28328|3681|91333|6929|79608|6477|11725|1749|22649|3624|20951|3510|1698|523|22431|3572|18880|3404|3551|1081|175118|11499|99232|7828|75886|7456|22798|3655|18018|3344|4780|1340|24288|6037|17898|4679|6390|2191|58220|7858|35817|5915|22403|3900|200730|12368|110630|8022|90100|8540|246766|16021|152916|12275|93850|7966|52368|5895|39257|4529|13111|2864|213006|14257|177332|13873|35674|4500|67871|9031|49692|7407|18179|3468|171023|13660|107848|10111|63175|7211|38352|6053|26168|4226|12184|3153|64799|7367|48931|5937|15868|3109|73658|8181|50293|5695|23365|4181|74670|8456|61816|7189|12854|3052|67251|6281|61477|5772|5774|1674|51107|7765|42202|6625|8905|2133|1297556|23367|617530|16092|680026|15142|128869|9462|77329|6701|51540|4850|353937|18204|159497|10663|194440|10127|68634|7650|35700|4900|32934|5431|565631|20010|237049|11728|328582|13112|70232|8585|33854|4986|36378|4963|78005|8769|36836|4620|41169|6207|81084|8445|44585|5314|36499|5223|770803|20838|521930|17782|248873|10009|129027|9001|86243|6914|42784|4568|208174|14845|139985|11000|68189|6854|45335|6476|37700|5833|7635|2243|55565|6241|35030|4787|20535|3461|38191|6504|32418|6004|5773|1723|15574|4318|11808|2772|3766|2777|960|489|669|400|291|233|5760|1688|5081|1676|679|398|38014|6502|20243|4205|17771|4010
04000C0US08|4886732|1320|4087737|18399|537416|17541|350609|13720|186807|9987|16802|3455|13486|3112|3316|1192|298|464|298|464|0|220|2691|1048|2451|933|240|250|6655|2579|5947|2357|708|610|16306|2524|14906|2503|1400|652|3335|1138|3083|1036|252|244|2674|1921|2542|1910|132|167|19085|4082|10579|2717|8506|2540|5992|1931|5320|1619|672|539|1333|677|1006|566|327|288|5269|1943|2966|1258|2303|1247|398|340|398|340|0|220|7025|2833|3928|1896|3097|1477|2034|934|1725|845|309|338|7407|1791|6196|1493|1211|631|2049|982|1503|842|546|505|1997|1973|768|541|1229|1661|1517|1232|919|732|598|591|5946|2307|2710|1092|3236|1643|7251|2021|5967|1665|1284|824|3683|1351|3265|1165|418|328|4265|1608|3831|1570|434|378|4203|1819|3942|1827|261|269|19699|2709|11927|2230|7772|1920|5905|1835|4056|1470|1849|771|12182|2634|7890|1983|4292|1181|1726|975|1386|864|340|260|20949|4747|9079|2341|11870|3318|1599|1202|986|829|613|611|3182|1277|1451|636|1731|1066|5745|3029|3272|1703|2473|1514|10484|2174|8066|1736|2418|954|5472|1948|2975|1623|2497|1080|14510|3895|9333|2474|5177|2578|1973|1128|1946|1133|27|56|15505|3488|8715|2595|6790|1948|4142|1984|3233|1648|909|676|3437|1912|1940|960|1497|1672|449|250|313|218|136|102|1020|444|922|433|98|117|5385|2812|4349|2187|1036|1070
04000C0US09|3235507|528|2433074|18027|437562|11262|259793|9689|177769|10000|22414|4233|16925|3263|5489|1898|25149|6018|15430|4950|9719|2694|21284|3888|15777|3281|5507|1284|46942|6281|23193|3144|23749|4856|6068|962|5116|1007|952|447|1277|525|1207|504|70|112|5489|1499|4240|1263|1249|604|7674|1764|5681|1474|1993|822|28215|4582|16049|2969|12166|2891|5411|2098|3137|1414|2274|1417|8747|3295|5335|1945|3412|1835|48|81|48|81|0|222|3286|1658|2552|1343|734|543|4002|1512|2774|1146|1228|653|10667|2488|9318|2339|1349|587|9396|2639|6718|2204|2678|1326|1977|1066|1276|787|701|581|9486|2998|5743|1886|3743|1495|7411|2160|4757|1380|2654|1320|17211|3287|12627|2810|4584|1932|6222|2121|4233|1575|1989|1266|5086|1878|3001|1146|2085|1274|4196|1866|3759|1707|437|416|30512|4232|17989|2640|12523|2688|2544|1097|1860|873|684|554|5412|1749|3036|1334|2376|833|22|50|0|222|22|50|9279|2603|4968|1706|4311|1588|3204|2225|1323|948|1881|1526|3948|1558|1565|951|2383|1056|5582|3285|3233|1942|2349|1493|8371|2213|5216|1323|3155|1209|922|658|846|600|76|133|12356|3473|7488|2295|4868|1825|2331|1128|2182|1110|149|144|1090|671|836|535|254|321|7987|2978|6852|2860|1135|770|2472|1358|1496|875|976|1017|0|222|0|222|0|222|1080|664|839|545|241|261|10101|4021|7495|3358|2606|1348
04000C0US10|726237|274|606130|6599|56604|3635|29979|3108|26625|3398|2955|1630|1999|1247|956|841|3705|2522|2182|1469|1523|1236|1137|536|835|494|302|253|762|528|552|411|210|250|1124|456|1050|450|74|122|1199|1318|1199|1318|0|204|491|625|328|375|163|270|2106|1339|1468|1265|638|491|1388|864|674|498|714|531|59|95|59|95|0|204|1035|850|894|831|141|168|35|58|35|58|0|204|206|336|111|183|95|154|3863|1941|2190|1271|1673|988|3143|1717|2862|1706|281|241|976|671|638|455|338|447|1643|1814|933|945|710|925|2631|1506|2341|1388|290|296|1410|1301|1353|1292|57|100|550|282|441|291|109|174|3147|1691|2493|1467|654|568|1263|958|1263|958|0|204|833|600|833|600|0|204|4882|1810|2912|1354|1970|914|666|553|387|411|279|369|1173|776|657|480|516|377|0|204|0|204|0|204|1364|884|692|473|672|521|166|211|166|211|0|204|437|360|94|110|343|328|485|682|199|295|286|394|3103|1407|2313|1011|790|675|272|291|64|81|208|273|3795|2320|2493|1435|1302|1326|7|1|7|1|0|204|29|64|29|64|0|204|8105|3565|7177|3148|928|600|1759|1204|1641|1169|118|146|0|204|0|204|0|204|46|75|46|75|0|204|1553|919|1354|820|199|300
04000C0US11|640460|5|516502|8164|56833|5385|37527|4737|19306|2700|11081|2557|9381|2132|1700|913|1743|1370|1720|1366|23|39|2038|794|1825|750|213|281|3190|1882|2894|1923|296|272|3052|1225|2900|1163|152|197|927|665|927|665|0|244|618|445|618|445|0|244|2189|869|2189|869|0|244|385|310|385|310|0|244|702|641|488|449|214|259|754|455|632|433|122|155|175|226|175|226|0|244|2002|862|1351|615|651|552|672|471|672|471|0|244|2042|844|1763|776|279|291|1381|922|1356|907|25|43|67|74|67|74|0|244|178|154|178|154|0|244|525|366|449|350|76|124|884|488|774|434|110|115|157|242|157|242|0|244|236|158|190|141|46|75|141|167|141|167|0|244|5300|1205|3764|968|1536|653|304|301|233|276|71|116|2800|1137|1953|1014|847|579|0|244|0|244|0|244|974|522|391|215|583|467|0|244|0|244|0|244|494|407|422|357|72|121|1936|1235|1277|854|659|466|1726|988|1381|977|345|397|912|784|409|386|503|535|1798|889|1798|889|0|244|591|390|545|386|46|76|7744|3113|5397|2484|2347|1433|4519|1821|4274|1870|245|267|1181|847|1076|717|105|172|0|244|0|244|0|244|0|244|0|244|0|244|1707|1316|946|828|761|890
04000C0US12|20847644|4224|14322614|46751|4771740|27329|2664725|27972|2107015|23164|104269|7430|79824|6051|24445|3550|457213|21244|249008|13709|208205|13595|51220|4841|41274|4293|9946|1869|207270|14479|134210|10677|73060|6924|60007|5301|53656|4991|6351|1388|14623|2717|13080|2489|1543|1005|18497|3120|13847|2543|4650|1334|79105|7958|46083|5593|33022|5097|27536|4657|19885|3953|7651|1784|17416|3329|11806|2380|5610|2092|31501|5063|19200|3580|12301|3358|1256|640|970|619|286|224|12620|3819|10030|3033|2590|1402|27696|4666|20521|3573|7175|2120|30456|5021|24785|4217|5671|1718|23832|5461|18140|4194|5692|2146|5148|2555|3779|1960|1369|943|13719|3391|8317|2080|5402|1962|11339|3480|8624|2652|2715|1646|37520|5764|27111|4351|10409|2695|17366|3904|14776|3419|2590|1095|13267|3694|11345|3263|1922|1538|17209|4545|14862|4063|2347|1032|75755|6778|38282|4515|37473|4563|14022|3494|8410|2363|5612|1942|15296|3421|7429|2305|7867|1996|8|15|8|15|0|243|71703|8170|32020|4032|39683|5691|4714|1564|2803|1100|1911|766|14104|3652|5649|1596|8455|2562|19131|4154|12419|3361|6712|1888|72481|5990|55351|4565|17130|2894|9354|2477|6656|1837|2698|1039|83421|10672|61388|8030|22033|4401|29276|6169|26194|5852|3082|1141|5001|2590|3932|2397|1069|685|11900|3846|10479|3409|1421|1195|5210|2294|4956|2078|254|322|47|94|47|94|0|243|711|448|688|449|23|26|41071|6599|32014|5931|9057|2211
04000C0US13|8672693|6726|7170460|30388|794302|13894|452320|11889|341982|11621|35392|5356|27784|4066|7608|2537|19963|4696|15533|3675|4430|1852|5807|1549|5100|1391|707|523|30716|5881|20962|4332|9754|3355|19011|2876|16697|2666|2314|906|5398|2078|5201|2087|197|150|2187|883|1795|656|392|553|13643|2758|8954|2080|4689|1371|3502|1882|2679|1472|823|616|8048|3240|6253|2918|1795|748|7698|2553|4483|1556|3215|1227|357|359|357|359|0|226|15516|3486|9635|2352|5881|2265|25522|5150|18071|4273|7451|1907|36197|4724|30052|4210|6145|1848|13555|3080|9874|2326|3681|1257|3446|1896|1641|929|1805|1537|13748|3710|9117|2833|4631|1556|10548|3242|7433|2039|3115|2221|16263|4030|11345|3024|4918|1713|25653|4051|21594|3690|4059|1292|17074|3794|14362|3270|2712|1167|8184|2221|6644|1982|1540|868|62353|6862|31667|4726|30686|3676|8911|2174|5434|1572|3477|1117|50015|5007|23020|3292|26995|3011|1918|1241|781|598|1137|1031|54371|5259|18347|2963|36024|3919|2187|1207|1331|906|856|490|6605|2250|3581|1293|3024|1464|17184|4084|9935|2788|7249|2066|15285|2687|9509|1758|5776|1921|5103|2444|4021|1920|1082|729|22582|5785|17323|5056|5259|1510|3668|1935|3013|1599|655|586|32767|6903|20750|4920|12017|3732|55209|8559|47218|7744|7991|2321|18550|4523|13447|3631|5103|2545|0|226|0|226|0|226|695|369|582|354|113|153|13100|3332|10714|2610|2386|1591
04000C0US16|1365337|4929|1220786|8321|101551|6260|70790|5669|30761|3547|2191|910|1782|831|409|321|94|71|94|71|0|197|972|636|747|572|225|261|1429|593|1256|560|173|172|3937|1209|3547|1182|390|280|265|206|210|184|55|91|117|142|72|121|45|74|2208|1392|1436|885|772|559|258|277|96|153|162|192|2472|1282|1410|767|1062|835|1584|937|1029|698|555|495|0|197|0|197|0|197|1749|1363|325|307|1424|1199|0|197|0|197|0|197|352|307|341|306|11|22|311|437|171|265|140|185|0|197|0|197|0|197|170|214|170|214|0|197|793|731|592|474|201|326|2117|1393|1879|1187|238|248|0|197|0|197|0|197|78|97|78|97|0|197|176|208|176|208|0|197|3269|1181|1987|779|1282|674|1296|681|1082|598|214|191|997|560|427|354|570|432|0|197|0|197|0|197|998|575|672|425|326|233|0|197|0|197|0|197|905|559|696|537|209|181|944|890|377|588|567|545|2766|943|2415|835|351|294|2702|1308|1725|846|977|596|1606|853|1347|884|259|210|178|200|178|200|0|197|1221|1475|645|868|576|660|472|471|426|418|46|72|2443|1370|704|541|1739|1085|215|180|163|179|52|90|851|612|478|392|373|484|864|507|647|421|217|297
04000C0US17|10368069|3609|7554574|26227|1633707|18005|994337|17536|639370|15988|32129|5460|24201|4357|7928|2384|6880|2655|3789|1418|3091|1973|24942|2956|17310|2514|7632|1476|9609|2484|7980|2291|1629|747|23670|2699|21252|2622|2418|839|3639|1523|3394|1506|245|252|23345|2932|17729|2616|5616|1761|47642|6928|27381|4463|20261|4333|159281|9809|87204|7002|72077|5870|26302|4928|18498|4066|7804|1855|61303|7682|32734|4248|28569|5312|2785|1161|2061|916|724|541|9477|2310|6492|1825|2985|1049|52979|7435|30305|5188|22674|4364|44739|5292|37264|4553|7475|1907|61929|7393|45230|5409|16699|3567|3505|1618|2502|1373|1003|682|7806|2854|6567|2474|1239|1182|13837|4638|7742|1947|6095|3820|54291|7325|34828|5879|19463|3861|22969|4224|19869|3805|3100|1091|14243|2742|12142|2443|2101|884|20187|4195|14542|2874|5645|1854|108187|8104|49956|4821|58231|5779|11560|2556|7167|1671|4393|1583|36204|4662|18904|3175|17300|2921|139|168|73|122|66|114|18809|3646|9334|1976|9475|2374|3485|1522|1879|978|1606|782|9964|2549|5035|1328|4929|1693|22269|4517|11889|2770|10380|2858|85510|6170|64416|5652|21094|3559|9522|2911|6584|2443|2938|1281|73987|8844|49342|6670|24645|4049|6872|2192|6776|2181|96|92|18613|4873|12226|3725|6387|2179|32691|6764|25898|5972|6793|2228|6602|2671|5647|2534|955|848|194|285|194|285|0|206|558|422|558|422|0|206|7133|2017|4638|1553|2495|1108
04000C0US18|5058290|4755|4481174|16229|308888|11077|173184|8818|135704|8555|17400|4457|7920|2137|9480|3441|8823|4236|3466|2140|5357|3252|3439|2173|2970|2160|469|409|3793|1869|3320|1810|473|326|16539|3531|13919|3244|2620|1189|14597|3542|12487|3360|2110|773|2334|1080|1672|898|662|481|4683|1503|2591|1205|2092|993|4620|1578|3678|1343|942|589|4458|1586|2929|1361|1529|649|4969|1937|3148|1291|1821|949|262|320|72|123|190|284|1338|724|942|627|396|256|6328|2486|4579|1966|1749|1149|9257|2715|7911|2542|1346|636|6395|2525|4614|1743|1781|1161|14400|4145|7809|2955|6591|1852|2861|2250|2036|1700|825|634|4317|1707|3528|1337|789|604|5144|1916|4079|1640|1065|828|3968|2163|2045|1075|1923|1801|3418|1293|3276|1223|142|245|1055|647|867|518|188|260|20095|3472|12615|2533|7480|1935|5265|1803|2970|1317|2295|1188|7278|1550|3171|1062|4107|1173|472|584|168|267|304|359|8714|2318|3503|1316|5211|1659|1069|758|571|440|498|392|3464|1646|1371|734|2093|1154|21642|3838|6162|2041|15480|2915|11118|2628|7228|1542|3890|1737|2699|1660|1464|1059|1235|869|12362|3655|6631|2009|5731|2635|242|322|242|322|0|208|4449|1788|2646|1286|1803|1098|13793|3796|11384|3463|2409|1133|7984|2836|6014|2200|1970|1227|0|208|0|208|0|208|352|267|352|267|0|208|2832|1465|2044|1088|788|1007
04000C0US19|1872797|2013|1683884|9519|89300|5427|49778|4425|39522|3894|7032|1891|2930|1152|4102|1618|535|630|535|630|0|172|490|305|442|247|48|85|1187|813|1187|813|0|172|6965|2647|6562|2640|403|323|1911|1431|1049|698|862|852|344|331|344|331|0|172|1606|856|952|587|654|529|53|86|53|86|0|172|5311|2131|2112|1236|3199|1618|738|402|534|286|204|281|0|172|0|172|0|172|761|609|445|424|316|322|683|986|683|986|0|172|2091|995|1450|845|641|587|583|447|304|365|279|290|651|503|348|310|303|398|614|440|382|330|232|182|3657|1853|1959|1138|1698|1218|1698|1369|569|422|1129|1262|2914|1510|2850|1464|64|120|826|1008|799|1005|27|55|1146|779|1058|782|88|152|6808|1898|3578|1244|3230|1303|649|416|438|300|211|278|2104|1131|1569|895|535|396|0|172|0|172|0|172|7051|2046|2658|1095|4393|1622|444|485|139|203|305|344|3845|1356|1965|869|1880|975|7429|3489|1444|1055|5985|3202|2463|878|1441|802|1022|530|1786|940|962|644|824|527|6245|2778|3639|1389|2606|2228|207|184|207|184|0|172|4616|1782|3119|1477|1497|923|2699|1284|2240|1236|459|372|8821|3938|4144|2614|4677|2354|0|172|0|172|0|172|362|264|316|256|46|70|2288|1126|1884|964|404|385
04000C0US20|1959812|2643|1723810|8570|147260|7282|87250|6189|60010|4391|3844|1763|3016|1511|828|597|91|154|0|185|91|154|765|363|510|261|255|189|1402|727|831|426|571|527|4388|1076|3473|976|915|427|955|701|746|584|209|357|169|200|169|200|0|185|2014|1101|1067|655|947|971|852|938|852|938|0|185|647|512|298|293|349|348|1239|951|732|569|507|764|32|71|32|71|0|185|2214|2020|1526|1192|688|920|1151|672|847|677|304|257|1891|925|1731|882|160|164|2316|1166|2052|1083|264|210|549|413|480|403|69|120|2223|1433|994|696|1229|1143|3106|1654|1640|996|1466|983|1119|741|976|685|143|214|2677|1045|2174|944|503|399|1321|1070|1164|880|157|228|186|225|97|162|89|152|9734|2039|4471|1306|5263|1536|3107|1301|2521|1090|586|394|2204|952|910|552|1294|596|1655|1038|1208|892|447|396|9885|2020|4171|1199|5714|1538|736|519|445|330|291|249|3873|1572|1861|862|2012|939|3969|1907|1593|1454|2376|1038|3035|1072|2282|857|753|431|1804|1094|1515|1081|289|209|4109|1680|2443|928|1666|1220|0|185|0|185|0|185|2731|1441|1615|874|1116|764|1462|830|1304|737|158|242|3857|2159|3100|1672|757|671|103|158|103|158|0|185|273|198|263|198|10|2|1054|533|620|395|434|352
04000C0US21|2638268|6730|2400609|12809|121263|5028|62245|5612|59018|5091|9576|2534|6460|1647|3116|1460|2073|1545|764|641|1309|1396|733|415|672|424|61|74|1513|721|1348|665|165|172|6075|1498|4590|1308|1485|643|3289|2000|2423|1431|866|683|241|174|241|174|0|206|1975|714|1386|546|589|471|362|408|310|441|52|88|4877|2586|2152|1389|2725|1486|3050|1351|2048|1130|1002|777|81|138|0|206|81|138|1908|1049|1242|776|666|489|1827|1342|1176|942|651|493|2214|1157|1463|851|751|553|539|440|412|370|127|208|253|195|253|195|0|206|568|621|174|205|394|585|5910|2318|2439|1268|3471|1681|3320|1773|2507|1770|813|627|799|557|667|573|132|150|767|549|738|543|29|41|2159|1494|2000|1427|159|199|5904|1404|3225|895|2679|972|4086|1600|2040|1143|2046|943|1826|981|1079|682|747|484|42|75|42|75|0|206|2887|1188|1019|475|1868|933|1613|1218|216|222|1397|1200|1432|1054|725|656|707|491|5308|2358|2548|1435|2760|1508|4336|1413|3287|1248|1049|481|704|552|222|249|482|404|10840|3935|7916|3162|2924|1341|224|259|137|226|87|150|2036|1424|1519|1186|517|472|3791|3237|2162|1820|1629|1570|14951|6635|6696|4073|8255|4181|0|206|0|206|0|206|168|252|168|252|0|206|2139|1289|1619|1100|520|462
04000C0US22|3622684|4115|3291844|12699|186064|8060|96185|6415|89879|6385|43230|3086|38743|3008|4487|945|3855|2686|1653|828|2202|2392|863|367|796|347|67|82|6088|4210|2570|1341|3518|4071|3649|1158|2583|796|1066|673|563|450|563|450|0|221|391|285|206|182|185|219|1327|1140|1179|1114|148|158|0|221|0|221|0|221|1065|1252|1058|1253|7|16|911|539|741|491|170|179|0|221|0|221|0|221|2073|883|1124|562|949|464|1697|1016|1402|871|295|290|2942|1334|2176|920|766|771|1882|1159|1163|678|719|626|166|271|88|147|78|132|1117|786|362|306|755|621|1684|930|1386|850|298|180|1132|996|1034|931|98|111|1276|1081|1276|1081|0|221|968|792|931|785|37|61|493|668|383|460|110|239|7748|2325|4669|1589|3079|1270|1427|828|1275|817|152|173|1589|816|722|516|867|591|0|221|0|221|0|221|23104|3189|8772|2086|14332|2349|413|375|133|147|280|338|1919|992|832|601|1087|677|1257|660|737|412|520|468|7979|2634|5799|2136|2180|863|1304|1030|1037|883|267|328|13673|4076|10045|3023|3628|1555|317|370|317|370|0|221|1745|1747|793|686|952|1542|2167|1383|2167|1383|0|221|1502|870|1128|777|374|460|103|167|103|167|0|221|343|326|343|326|0|221|814|541|753|518|61|74
04000C0US24|5571343|1477|4338221|23683|565783|14188|299251|11512|266532|12092|69130|9158|51932|8066|17198|3935|16077|5098|9632|2891|6445|3076|8378|1949|6144|1753|2234|894|15510|4174|10400|2445|5110|2344|12213|1986|11007|1911|1206|639|4290|2231|3703|2102|587|584|6707|2518|5874|2407|833|401|17741|3214|10753|2254|6988|1715|3166|1647|2544|1445|622|540|2300|1223|2139|1116|161|226|8327|3257|4994|2259|3333|2028|1373|736|1007|525|366|345|16373|3186|9473|2122|6900|1702|12543|3516|8779|2168|3764|1822|22397|3599|18818|3077|3579|1249|23200|4244|16795|3459|6405|1674|7593|2899|5459|2424|2134|1075|13164|3383|9901|2639|3263|1337|17647|3669|11002|2395|6645|2712|9453|3219|8418|3075|1035|557|10175|2168|8834|1986|1341|706|4433|1774|3690|1630|743|560|7296|2783|5629|2050|1667|1152|69777|5753|40961|3846|28816|3974|9748|2721|6877|2440|2871|946|35930|4614|16208|2594|19722|3268|232|291|232|291|0|225|21455|4245|9776|2272|11679|2939|2574|1798|1353|1248|1221|764|2696|819|1507|613|1189|516|12801|3609|7313|1954|5488|2724|33345|4272|21874|3101|11471|2603|6075|1941|4707|1610|1368|690|26250|5292|18435|4076|7815|2534|6171|1447|5279|1238|892|669|39133|6650|25291|5462|13842|3494|63580|9209|51410|8186|12170|3193|17178|4421|14162|3736|3016|1444|0|225|0|225|0|225|496|371|427|342|69|117|10412|3038|7331|1934|3081|1781
04000C0US25|6557305|1090|4879442|21845|639026|12197|362508|11429|276518|11325|41589|5042|33620|4216|7969|1732|82403|8434|50617|6476|31786|4052|25051|3761|18396|3149|6655|1774|245468|17317|128682|9906|116786|10465|14278|2492|13127|2196|1151|687|2849|1169|2531|1153|318|297|19338|3405|14698|2635|4640|1860|33679|4815|21388|3781|12291|2405|13439|2832|9418|2254|4021|1337|3405|1150|2667|1130|738|455|12231|2603|7806|1901|4425|1384|6077|1932|4694|1774|1383|685|10547|3027|7799|2248|2748|1299|11546|2864|8475|2169|3071|1139|34362|5517|30118|4783|4244|1682|10138|2476|7875|1851|2263|1010|4343|2132|3292|1662|1051|856|7406|2224|5578|1774|1828|948|12086|2685|8708|2056|3378|1297|27002|4612|17568|3338|9434|2648|15415|3739|12752|3065|2663|1590|12626|2980|10531|2479|2095|1033|7000|2032|5579|1641|1421|942|141528|8286|77331|5397|64197|5671|8012|1805|5640|1481|2372|777|17753|3183|11346|2189|6407|1881|251|371|123|210|128|167|40735|5881|16623|3436|24112|3874|22342|4693|9777|2844|12565|2911|8846|3241|3653|2025|5193|1742|13581|3266|10163|2656|3418|2130|9941|2511|7741|2226|2200|898|3511|1872|1622|755|1889|1420|43264|6454|29280|4919|13984|3106|10337|3714|8897|3087|1440|873|13195|3948|8770|3055|4425|1904|20865|4033|16782|3520|4083|1553|23883|5050|17726|3994|6157|2112|0|225|0|225|0|225|458|326|458|326|0|225|8057|2810|5853|2252|2204|1082
04000C0US26|7916502|2190|6992476|19195|274705|9497|177418|8174|97287|7457|16766|3009|12889|2476|3877|1104|1443|817|973|557|470|535|11111|1821|7063|1274|4048|1351|11052|2717|7413|2269|3639|1763|24539|3680|21870|3324|2669|847|6677|2081|4348|1419|2329|1263|5683|1457|4758|1378|925|406|10909|2878|6245|1601|4664|1810|16278|3635|13053|3199|3225|981|8424|2634|6315|2423|2109|751|15856|3606|8376|1652|7480|2553|1670|776|1207|600|463|293|5423|2530|2814|1168|2609|1684|9781|3139|6447|2167|3334|1404|17391|3182|14824|3066|2567|938|16566|3585|12973|3147|3593|1653|6889|2406|5137|2156|1752|834|34255|6001|20100|4433|14155|3568|12032|3159|9014|2384|3018|1361|35933|5031|22311|3618|13622|2737|17467|3839|12237|2748|5230|2123|11307|2581|8863|2012|2444|1043|9544|2674|7565|2035|1979|1253|40691|4649|21207|3213|19484|2524|12038|2781|5070|1372|6968|2164|15407|3286|8607|2041|6800|1806|5292|2268|4085|1888|1207|730|16496|3108|7086|1931|9410|2062|1202|750|773|513|429|391|2321|977|1252|563|1069|674|7232|1998|2646|1097|4586|1280|13992|2745|9649|1956|4343|1865|4261|1391|2887|1086|1374|748|169572|11743|89646|9053|79926|8518|1776|841|1346|612|430|370|28071|5203|15946|3263|12125|3208|11181|3006|9218|2798|1963|1152|8997|3688|3843|1564|5154|2869|0|184|0|184|0|184|675|374|498|351|177|149|3121|1109|2556|914|565|496
04000C0US27|4212039|2089|3618049|17352|187338|7533|123585|6774|63753|5515|12725|2812|9412|2148|3313|2096|3443|3252|2551|2239|892|1231|1242|585|732|416|510|402|1941|690|1458|507|483|350|12301|2434|10694|2344|1607|611|2057|794|1759|757|298|216|584|473|548|461|36|61|10996|2473|7255|2125|3741|1383|2436|1033|1431|703|1005|670|2878|1294|2314|1097|564|336|6257|2033|3227|1043|3030|1355|78|139|78|139|0|157|1818|806|1272|542|546|426|4248|1766|3229|1633|1019|458|8284|2230|7132|2038|1152|657|789|576|651|485|138|178|1862|1549|1633|1300|229|370|2929|1252|2299|1031|630|511|6541|2287|5270|1925|1271|771|5391|1955|3408|1026|1983|1739|6791|2412|5782|2289|1009|589|5368|2063|4425|1639|943|925|4810|2705|4464|2646|346|384|24411|4230|16055|3030|8356|1776|4995|2067|2484|1269|2511|1219|4293|1242|2747|968|1546|721|65983|5884|38114|4432|27869|3760|20066|3697|9399|2321|10667|1976|5869|1959|3012|1278|2857|1082|6641|1947|4507|1535|2134|848|9942|3111|4420|1608|5522|1988|11067|2763|8060|2308|3007|1067|2065|1017|1359|660|706|469|13053|4002|8919|3207|4134|1350|894|627|877|624|17|32|87045|9928|48755|6873|38290|6295|22844|5915|16015|4536|6829|2604|13645|2460|8907|2313|4738|1496|0|157|0|157|0|157|3019|794|2631|754|388|253|5051|1661|3521|1262|1530|967
04000C0US29|4415557|3828|4072706|12944|141931|7798|88713|6779|53218|5160|9895|2161|7457|1812|2438|1057|2688|1352|2156|1269|532|456|2632|817|1891|645|741|429|2904|1245|1995|859|909|590|11530|1973|9844|1828|1686|656|3490|1357|2472|1129|1018|653|1511|643|1389|607|122|201|5737|1927|3447|1323|2290|1023|2235|945|1547|613|688|533|15624|4227|9600|2976|6024|1838|3042|1490|2064|1028|978|675|351|378|230|299|121|197|3601|1738|1295|709|2306|1348|1946|1071|1604|911|342|420|6674|1735|5106|1653|1568|627|3426|1464|2669|1288|757|453|1159|842|668|488|491|427|1361|933|1147|717|214|301|3799|1611|2919|1636|880|619|6587|2713|4369|1854|2218|1104|6012|2046|4290|1422|1722|1191|2675|1163|2459|1068|216|211|1514|730|1245|551|269|269|19061|3296|9409|2160|9652|2195|4441|1647|2691|1035|1750|1021|4398|1408|2123|807|2275|1021|1259|872|997|790|262|382|13136|2682|4995|1179|8141|2256|616|515|317|418|299|294|2830|1542|1502|690|1328|1047|4415|2191|2709|1901|1706|967|7055|1843|4866|1493|2189|1007|4395|1121|3194|1092|1201|371|9097|3596|5698|2147|3399|1769|1114|697|951|670|163|194|6671|4056|3864|2840|2807|1643|7528|2728|6684|2588|844|573|12649|4158|7623|2912|5026|2279|5|9|0|197|5|9|254|146|254|146|0|197|1603|783|1477|730|126|150
04000C0US31|1221299|1746|1049809|7734|107079|5233|62612|4649|44467|3101|5449|1641|4168|1480|1281|784|30|53|0|174|30|53|137|120|94|118|43|12|744|684|744|684|0|174|1582|670|1401|583|181|191|593|536|593|536|0|174|254|271|184|241|70|118|2316|1188|1533|687|783|645|176|170|176|170|0|174|645|527|515|438|130|156|707|451|591|413|116|182|80|126|80|126|0|174|2368|1551|1097|719|1271|1020|0|174|0|174|0|174|1524|833|952|582|572|549|681|510|487|467|194|168|111|120|57|81|54|91|276|261|136|150|140|229|2343|1127|1135|795|1208|565|3351|1659|2466|1268|885|645|1226|791|1064|728|162|172|2551|1664|1761|973|790|812|350|258|262|206|88|98|4039|1197|2745|1031|1294|807|416|341|235|273|181|186|664|456|99|143|565|386|0|174|0|174|0|174|10231|3187|5616|2180|4615|1657|0|174|0|174|0|174|1337|746|595|511|742|571|5352|2197|2031|981|3321|1594|1852|923|1010|636|842|605|579|403|373|322|206|223|6497|2765|2887|1490|3610|1973|167|144|167|144|0|174|1895|1208|1188|1029|707|522|966|652|870|639|96|161|2496|1349|1783|1106|713|783|0|174|0|174|0|174|28|51|28|51|0|174|398|262|398|262|0|174
04000C0US32|2799131|1501|1918048|17168|602233|11009|357905|10738|244328|10587|8251|2176|6984|2063|1267|672|587|472|412|420|175|242|2931|1508|1465|673|1466|1372|4595|1914|3796|1726|799|830|8726|2469|7567|2070|1159|701|1740|1064|1709|1062|31|51|1253|657|1028|521|225|227|5373|2111|3373|1115|2000|1378|2465|900|1840|856|625|433|2947|1644|2021|1508|926|517|4219|1671|2342|873|1877|1059|2648|1265|1946|1084|702|520|5738|2456|3725|1743|2013|983|1495|1498|835|773|660|801|2307|1197|1939|1155|368|373|4256|3084|2911|2364|1345|1223|1731|1237|1234|987|497|424|1839|1190|1310|1020|529|512|1713|846|876|612|837|651|4899|1963|3399|1316|1500|1110|1057|707|926|681|131|143|337|351|294|297|43|71|544|525|481|504|63|101|34667|4613|16052|2572|18615|3042|5862|1791|3569|1410|2293|1025|15641|3465|8126|2141|7515|2506|88|147|0|232|88|147|12883|4039|5074|1688|7809|3233|1858|1411|811|558|1047|1057|6298|1714|3113|1179|3185|1032|3042|2182|1993|1332|1049|970|86623|8389|59630|6249|26993|3897|11365|2174|7536|1598|3829|1178|4798|1706|3113|1158|1685|820|2661|1159|2104|1055|557|499|13701|4378|9845|3373|3856|1698|1716|1208|1582|1110|134|194|1850|1656|762|737|1088|1462|515|606|458|599|57|94|600|392|479|333|121|175|3031|1745|2610|1664|421|338
04000C0US34|8772313|1910|5851494|32509|1517618|20428|786467|16990|731151|16716|35741|5906|26833|4310|8908|2734|65829|8424|37793|5928|28036|5581|48506|4678|31810|3464|16696|2475|98178|8811|52531|5652|45647|5736|16821|2387|14438|2149|2383|765|21456|5469|18641|5115|2815|1525|15351|3145|12013|2582|3338|1021|46892|5162|29627|3725|17265|2818|57506|7149|36930|5105|20576|3445|14009|3448|9628|2909|4381|1775|28331|4748|15153|2604|13178|2988|4089|1573|3229|1271|860|519|8158|2555|4561|1454|3597|1577|89501|7920|58201|6192|31300|3911|83159|7793|71356|6910|11803|2089|36204|5734|29156|4732|7048|2083|16226|3899|10223|2756|6003|1887|27323|4898|16007|3097|11316|2651|27415|4082|24225|3889|3190|1005|28511|4891|20827|3986|7684|2165|39104|5015|31419|4315|7685|2584|29214|4840|24708|3965|4506|1779|23048|4032|19182|3631|3866|1386|129216|8338|75791|5538|53425|4761|13873|2958|7936|2101|5937|1685|75265|7030|33813|4009|41452|4860|0|225|0|225|0|225|23508|4843|8814|2059|14694|3672|637|646|362|439|275|273|2538|1177|1039|761|1499|813|22606|3865|13468|3029|9138|1884|83456|6696|61625|5861|21831|2884|8298|2600|4920|2028|3378|1493|80048|9700|54126|7583|25922|4346|23017|4296|20742|4056|2275|857|4017|2102|3064|1915|953|706|49276|8707|44202|8548|5074|1653|5081|2002|4110|1552|971|758|0|225|0|225|0|225|629|469|411|393|218|219|21164|3718|16744|3356|4420|1389
04000C0US36|17231984|2235|11579745|52304|2700775|29222|1459453|26985|1241322|25734|129096|10454|101036|8114|28060|4410|170888|11838|105340|9021|65548|7071|115329|7684|83494|6086|31835|3427|58304|8075|41884|5780|16420|3768|41654|5570|38273|5351|3381|967|199249|14635|95120|10596|104129|8746|62510|6998|46471|6099|16039|2685|213917|16027|91656|9336|122261|10777|64481|8419|40332|6306|24149|3914|28707|4671|18873|3764|9834|2322|48983|7244|24828|4704|24155|4269|6123|1913|4525|1513|1598|776|29705|5189|18262|2901|11443|3235|22140|4186|16770|3680|5370|1647|64685|8997|48982|7051|15703|3334|78018|9666|47367|6463|30651|4783|26615|4620|15827|3166|10788|2257|164464|13464|73611|8564|90853|7907|28681|4497|15657|2865|13024|2724|86103|7815|58567|6370|27536|3388|11114|2871|9229|2353|1885|988|12074|3397|9038|3196|3036|1317|23378|4065|16322|3072|7056|2157|592559|16947|213240|8852|379319|13096|28914|3975|17558|2898|11356|2275|93377|7998|44073|4057|49304|5738|0|218|0|218|0|218|22381|3895|8705|2298|13676|2411|3446|1164|1267|644|2179|888|11172|2327|6065|1853|5107|1151|58597|6690|28271|4614|30326|3873|77039|7223|59623|5539|17416|2634|8075|2244|3920|1187|4155|1856|129238|14230|83802|10580|45436|6887|61496|8356|52637|8015|8859|2270|15835|3674|10528|2773|5307|1776|98000|11164|68476|8750|29524|4999|14188|3334|9106|2550|5082|1813|0|218|0|218|0|218|915|561|823|553|92|98|50014|6684|30396|4827|19618|4018
04000C0US37|8125136|4130|6893354|22547|749604|16546|429367|15763|320237|11772|28440|4019|21148|3611|7292|1814|9017|3193|6310|2597|2707|1242|8089|2263|6963|2086|1126|585|14084|2817|9594|2280|4490|2005|20892|3538|17827|2871|3065|1630|5688|1726|5328|1656|360|233|4278|1407|3872|1305|406|298|13364|3750|7137|2269|6227|2231|3405|990|3118|914|287|224|3339|1855|2106|1197|1233|730|8734|2776|4071|1289|4663|2506|308|419|308|419|0|222|5089|1946|3736|1452|1353|767|13970|2891|8515|2173|5455|1446|27472|4126|22698|3610|4774|1447|9841|4085|7970|3751|1871|1012|1567|1031|1233|836|334|380|6587|2179|5040|1544|1547|920|17045|4330|11994|3100|5051|2553|12954|3259|9393|2201|3561|1984|29311|5268|22485|4249|6826|2497|10044|2961|7811|2355|2233|1338|6437|1954|5718|1727|719|488|40443|3996|23946|2948|16497|2164|8564|2399|6046|1997|2518|936|13859|2825|6580|1649|7279|2010|9100|1638|6244|1616|2856|803|23210|3903|8905|2344|14305|3075|4481|2152|2345|1231|2136|1209|6488|1859|2467|1016|4021|1446|9601|2594|4870|1487|4731|1739|19351|3341|15256|2986|4095|1131|4891|1694|2686|1182|2205|862|27031|5958|19448|4500|7583|2056|1926|1230|1829|1196|97|120|13880|7041|7757|4861|6123|2872|17447|5174|14424|4256|3023|1796|12658|5210|9107|3903|3551|2599|118|179|0|222|118|179|1719|930|1144|690|575|625|7456|3170|5399|2471|2057|1147
04000C0US39|9128349|2943|8321288|20185|279611|10188|166855|7746|112756|6606|26198|5461|16386|3327|9812|3118|6503|3058|2284|1517|4219|2077|10258|2102|7856|1871|2402|1020|7479|2334|5094|1740|2385|1604|24705|3913|20396|3040|4309|1703|23385|4606|15273|3509|8112|2552|7486|1728|5907|1607|1579|658|17100|3222|9525|2011|7575|2093|4506|1183|3259|936|1247|729|9512|2384|6303|2209|3209|898|16833|3648|8070|1986|8763|2544|297|339|249|266|48|81|7394|3209|4449|2945|2945|989|6763|2059|4269|1628|2494|871|18056|3631|14910|3343|3146|1219|8083|2430|6008|1826|2075|888|5682|3139|3664|2227|2018|1399|6486|2040|5066|1910|1420|752|35507|6346|16441|4164|19066|4115|15863|3556|11205|2951|4658|1587|16126|3455|11961|3056|4165|1376|8230|2541|6170|1984|2060|1313|6047|1939|5307|1742|740|664|38403|4410|22061|3447|16342|2519|10234|2184|4607|1269|5627|1865|10674|2421|5543|1426|5131|1602|186|187|186|187|0|208|13862|3050|7275|2236|6587|1532|3585|1907|1090|751|2495|1443|5402|1454|2959|912|2443|1031|12777|3955|7157|3126|5620|2240|16569|3442|10642|2222|5927|1880|2818|1014|2118|876|700|512|48423|8235|31977|6134|16446|3824|3476|1306|3107|1250|369|492|31328|5682|18430|3870|12898|3543|25879|6613|19785|5298|6094|2272|7874|2557|4120|1592|3754|1845|12|22|12|22|0|208|878|587|638|384|240|257|6571|1786|4551|1292|2020|1051
04000C0US40|2585932|1872|2241000|8695|239088|7187|145907|6451|93181|5842|3920|1193|3754|1192|166|154|1606|1103|1106|969|500|499|677|387|309|235|368|236|1406|714|1100|518|306|309|5915|1442|5356|1338|559|337|890|765|890|765|0|165|480|342|480|342|0|165|3208|1316|2358|1120|850|550|143|137|143|137|0|165|191|201|191|201|0|165|910|565|679|518|231|196|168|190|133|178|35|65|3327|1582|1717|942|1610|938|148|161|75|84|73|135|2424|1178|1847|814|577|768|1834|847|1412|823|422|386|273|266|273|266|0|165|1825|1008|903|525|922|707|1805|1144|715|490|1090|972|1739|694|1185|615|554|519|1278|1145|1099|1100|179|216|955|788|847|783|108|119|2071|784|776|376|1295|608|7300|1499|3471|886|3829|1208|1767|644|1261|492|506|328|3410|1075|1988|862|1422|500|6115|1486|4667|1322|1448|675|17857|2866|7472|1544|10385|2028|87|94|0|165|87|94|1768|840|847|528|921|436|6055|1631|3041|940|3014|1048|4258|1229|3292|1067|966|455|4446|2500|3511|2437|935|397|6975|2348|4544|1652|2431|1087|223|181|138|147|85|109|62|106|0|165|62|106|2644|1055|1967|859|677|397|1597|1110|1395|879|202|310|155|144|155|144|0|165|3439|851|3115|840|324|174|493|338|415|300|78|97
04000C0US41|3421025|1881|2881623|14387|323604|11276|196728|8342|126876|7708|7711|1680|7424|1710|287|262|95|92|41|4|54|92|2072|1040|1397|633|675|627|3070|1196|2331|1097|739|403|11606|1983|9954|1800|1652|662|2056|966|2056|966|0|217|832|466|789|425|43|70|15761|4115|9759|2881|6002|1797|1314|659|899|562|415|351|1440|1237|658|473|782|835|5775|1938|2060|856|3715|1465|958|1092|895|1054|63|102|4174|1585|2717|1033|1457|858|255|321|255|321|0|217|5816|2109|5439|2041|377|314|1459|785|1390|723|69|113|2299|1292|1200|758|1099|685|3136|1238|2487|982|649|491|4399|1983|3293|1540|1106|885|6789|1730|5802|1505|987|449|2361|1191|2037|1056|324|301|2635|1129|2435|986|200|238|1489|783|1428|789|61|101|33619|5108|17453|3052|16166|3689|9000|2067|6204|1399|2796|1096|8004|2023|4170|1285|3834|1308|3212|1519|2046|1239|1166|709|21784|3591|9959|2035|11825|2544|2469|1837|1834|1750|635|706|6039|2549|3397|1484|2642|1653|3714|1289|2435|842|1279|658|9864|2586|7257|2007|2607|1334|7843|1699|4668|1249|3175|1168|8262|3047|5202|1993|3060|1413|1383|807|1227|793|156|270|7406|3264|5280|2728|2126|1076|523|493|354|419|169|208|2238|1408|2012|1307|226|224|491|631|491|631|0|217|862|562|786|553|76|92|1583|699|1430|655|153|187
04000C0US42|10623720|2122|9132721|26133|682543|15149|388155|11395|294388|11833|31336|4948|22114|3104|9222|3226|23393|5667|14237|4148|9156|2762|26738|3091|19766|2471|6972|1455|26829|6579|14421|3649|12408|4714|30166|2871|25410|2588|4756|1662|56197|8776|39709|6658|16488|4144|11354|2113|8362|1767|2992|990|49813|7369|23707|4002|26106|5520|16439|3112|10779|2358|5660|1597|6062|1995|4549|1724|1513|696|24223|6247|12484|3577|11739|4141|2291|959|1782|773|509|320|6480|1867|4655|1659|1825|702|22150|3965|14533|2936|7617|1998|28799|4170|22455|3277|6344|2039|12827|3648|9217|2670|3610|1476|5435|2382|4200|1986|1235|589|15361|4201|8675|2233|6686|2788|27789|4721|15116|2475|12673|3753|15234|3401|10830|2550|4404|1453|16761|3528|12888|2897|3873|1382|13929|3465|12431|3179|1498|691|14647|4173|9165|2736|5482|1907|94343|7010|45728|4772|48615|4492|7442|1911|5556|1703|1886|638|24728|3822|11017|1854|13711|2554|610|582|269|255|341|348|33048|5154|15057|2592|17991|3255|6664|2066|2420|1004|4244|1660|5819|2231|1811|916|4008|1771|17870|5220|9772|3513|8098|2659|16746|2840|12511|2307|4235|1312|4422|1763|2162|998|2260|1261|47074|6881|29825|5381|17249|3397|4507|1826|4060|1598|447|379|8846|2669|4652|1805|4194|1837|32030|7334|21110|5705|10920|3455|9211|2554|6560|2161|2651|1160|76|121|76|121|0|190|387|252|328|227|59|102|10380|2670|7429|2220|2951|1355
04000C0US45|4392343|2654|3988766|11615|249143|8838|139199|8117|109944|7671|11306|2249|9287|1822|2019|1127|2097|1706|848|619|1249|1611|4821|1490|3772|1247|1049|712|8213|2950|4637|1788|3576|1929|16052|3675|14325|3486|1727|634|1440|633|1413|627|27|45|1176|635|873|483|303|311|9465|2487|6398|1914|3067|1006|2691|1407|1777|1017|914|634|344|286|302|294|42|69|7156|2861|4476|2167|2680|1865|329|544|56|93|273|452|406|296|180|192|226|198|7296|2753|4814|1830|2482|1514|1968|1064|1894|999|74|129|1295|1048|1295|1048|0|225|1057|878|966|858|91|155|1054|774|896|707|158|190|1964|1261|1405|791|559|671|4861|1506|3878|1330|983|568|3699|1772|3288|1649|411|375|3801|2322|2508|1597|1293|924|2664|1693|2071|1430|593|562|6756|1976|3444|1144|3312|1399|3173|1280|2427|1135|746|757|5432|2833|4003|2114|1429|960|1840|1698|1321|1319|519|521|9022|2855|3380|1258|5642|2082|1355|839|464|374|891|659|2516|1083|1081|525|1435|778|1977|1633|1475|1450|502|464|10108|2351|7951|2190|2157|1049|1931|777|1486|756|445|279|4731|1846|3962|1671|769|615|572|436|338|329|234|308|1575|1796|1163|1231|412|594|1931|1106|1827|1099|104|186|3295|2505|1465|918|1830|1881|0|225|0|225|0|225|445|510|406|504|39|51|2620|1291|2378|1268|242|212
04000C0US47|5283893|4747|4767599|15387|309807|8592|155771|8337|154036|7604|10663|3120|8431|2676|2232|873|3522|2528|1443|1101|2079|2073|1572|717|1134|548|438|471|4833|1650|3227|1157|1606|1345|9274|2061|8288|2068|986|438|2282|1400|1978|1379|304|425|1231|721|1021|587|210|269|4357|1861|3641|1707|716|590|1692|921|1229|781|463|356|1112|763|1018|737|94|107|6335|3767|3356|2371|2979|1736|0|226|0|226|0|226|3776|1584|2040|937|1736|1330|8093|2274|4346|1648|3747|1355|5776|1911|4781|1567|995|942|2152|1201|1697|1045|455|453|520|518|379|342|141|225|4119|2092|3391|1728|728|555|3480|1505|1901|935|1579|1148|6509|2396|3888|1613|2621|1575|6182|2517|4598|2099|1584|910|2012|1218|1557|928|455|491|1985|1078|1422|837|563|427|16285|3107|8678|1809|7607|2469|2935|1013|1956|746|979|550|4488|1457|1906|776|2582|932|60|107|60|107|0|226|8103|1952|4805|1363|3298|1093|2498|1043|1823|895|675|668|5992|1933|3331|1409|2661|1044|5731|2424|2729|1227|3002|1556|7065|1887|5059|1616|2006|797|1808|802|1324|598|484|411|29761|6597|15924|4515|13837|3694|1930|1691|1830|1660|100|168|10650|6765|4988|3582|5662|4190|7170|2782|4778|1935|2392|2096|6917|2977|3945|1877|2972|1680|0|226|0|226|0|226|124|139|124|139|0|226|3493|1329|1311|643|2182|1210
04000C0US48|25801742|6619|16358788|57884|7432090|47495|4533442|45046|2898648|46345|74463|7546|61782|6904|12681|2636|10254|2475|9146|2473|1108|644|9862|1772|8349|1674|1513|617|51169|8144|42108|7281|9061|2506|49680|4294|44182|3684|5498|1489|11296|2919|10259|2923|1037|570|6087|1981|5092|1844|995|591|36808|5747|25142|4231|11666|3012|8700|2068|7095|1899|1605|721|14564|4304|12310|3985|2254|881|16247|3060|11106|2585|5141|1560|2396|1330|2005|1259|391|386|53461|8884|32111|5705|21350|4837|43784|6693|29522|4619|14262|3111|119681|9589|99973|8518|19708|3879|92291|10964|67045|8044|25246|4853|9849|3162|6102|1942|3747|1895|32636|5309|23965|3999|8671|2428|64078|7644|45215|5944|18863|3642|35592|6449|23842|4262|11750|3866|90995|9027|77540|8620|13455|3008|58420|7692|48171|6712|10249|2569|60567|7792|44249|5622|16318|3683|197641|11728|104447|7175|93194|8479|23298|3971|15425|3066|7873|1834|68664|5877|36473|4316|32191|3887|802|687|645|643|157|265|250917|17751|107409|10679|143508|12169|8743|2325|4142|1353|4601|1532|20956|4397|11374|3032|9582|2438|31049|6227|16435|3484|14614|3773|101901|8573|77043|7239|24858|3486|26014|6779|20843|6634|5171|1545|114397|11651|83144|9867|31253|4872|6052|1896|5635|1891|417|420|48252|8159|28534|5490|19718|4310|100573|10775|87335|9638|13238|2834|42335|7928|33355|7044|8980|2950|450|580|450|580|0|236|3332|1335|2805|1113|527|400|12608|3494|10044|3012|2564|1417
04000C0US49|2800154|1270|2338190|11790|318360|9790|199637|8652|118723|8215|8600|2390|7577|2161|1023|600|431|461|431|461|0|206|2967|1186|2523|1032|444|524|13247|2965|10647|2031|2600|1407|7550|1381|6752|1471|798|464|2049|961|1915|972|134|164|1151|570|800|420|351|246|4035|1235|3178|1138|857|419|673|452|494|346|179|211|2096|1461|1114|1077|982|559|593|360|382|248|211|199|577|361|527|357|50|86|3260|1632|2384|1163|876|672|141|232|31|54|110|182|3104|1638|3001|1635|103|114|1181|1023|869|975|312|268|1596|1123|1112|808|484|358|292|304|249|275|43|72|3469|2890|2332|2113|1137|855|4303|1443|2906|937|1397|912|753|599|698|593|55|95|1919|972|1569|866|350|359|1055|793|773|651|282|377|17029|2875|9906|1997|7123|1738|4929|1276|3634|1112|1295|562|4126|1188|3025|930|1101|532|169|196|64|108|105|165|6213|1636|2646|833|3567|1147|1528|930|561|410|967|651|2216|926|1263|776|953|510|3236|1967|2052|1382|1184|1004|7131|2514|5168|2024|1963|1014|15581|2803|12023|2240|3558|1158|5927|2874|4287|1938|1640|1063|734|751|734|751|0|206|580|673|452|534|128|154|1089|720|1089|720|0|206|5453|2405|3796|1904|1657|988|1812|1127|1497|1138|315|153|224|273|224|273|0|206|585|413|562|412|23|39
04000C0US51|7212588|5651|5801055|21328|627144|14273|375108|12539|252036|12869|33152|4255|26390|3326|6762|1961|4109|1650|3842|1578|267|249|7476|2160|6615|1882|861|559|14235|2986|10993|2335|3242|1199|21985|2967|18890|2468|3095|1129|4761|1576|4310|1449|451|353|6878|2103|6144|1845|734|627|21499|5136|15797|4251|5702|1560|3314|1009|2850|944|464|294|3931|1517|2920|1292|1011|471|8274|2137|6206|1854|2068|1072|1691|1054|1309|962|382|387|45352|7507|28830|4806|16522|4055|10656|3268|7144|1648|3512|2113|33968|4633|29718|4315|4250|1113|42110|6660|29182|4623|12928|3316|9103|3060|6444|2377|2659|1237|16537|4176|10144|2414|6393|2358|19256|4036|12871|3185|6385|2091|20671|4142|15792|3317|4879|1309|24578|4402|21719|4158|2859|943|11639|2705|9629|2331|2010|906|7458|2416|6443|2019|1015|753|60292|5888|35088|3857|25204|3512|11719|2402|7979|1815|3740|1106|50754|5555|24175|3406|26579|3884|341|273|282|231|59|78|45982|6130|20103|3918|25879|3510|5227|1552|2456|947|2771|1185|11020|2370|6911|1910|4109|1313|18565|4622|11095|2420|7470|3639|48508|5269|34758|4314|13750|1940|7693|2319|5726|2131|1967|705|63984|7856|44663|6892|19321|3062|754|538|584|461|170|246|49828|6394|32702|4824|17126|3005|24060|3286|20170|2689|3890|1700|6893|2612|5956|2139|937|884|71|39|21|38|50|4|186|179|129|154|57|94|5879|1535|3607|1012|2272|996
04000C0US53|6633118|2568|5156477|24995|597845|11470|371412|11069|226433|11005|19591|3033|16150|2641|3441|1047|517|369|301|242|216|284|6264|1820|4904|1519|1360|835|11658|2951|9521|2289|2137|978|19995|2735|18324|2585|1671|620|3673|1321|3457|1238|216|209|2132|878|1735|719|397|297|60589|8060|32842|5035|27747|4921|4921|1639|3666|1316|1255|597|7084|2708|4644|1818|2440|1416|35479|7172|16533|3800|18946|4812|1345|823|683|397|662|677|16033|3375|11698|2973|4335|1159|6125|2154|4859|1756|1266|847|44973|6259|39888|5879|5085|1353|7213|2642|6167|2197|1046|629|18832|4611|12535|3290|6297|2006|4931|1681|4004|1352|927|793|12649|3225|10105|2737|2544|1159|21182|3620|16545|3099|4637|1600|20445|4432|16961|3762|3484|1368|12576|2993|9919|2455|2657|1350|9445|2312|8624|2161|821|553|138817|8647|76031|5799|62786|5279|23939|3390|16043|2560|7896|1679|50773|6354|24596|3868|26177|3861|2190|1093|1231|648|959|677|71552|7291|33286|4298|38266|4758|14691|3675|7296|2549|7395|2164|12773|3177|5400|1432|7373|2352|14495|3326|7961|1886|6534|2459|62717|6737|43786|5268|18931|2777|37057|5009|24746|3993|12311|2635|25174|6803|18602|4931|6572|2469|4909|2111|4655|2062|254|250|41261|6809|24696|4952|16565|3048|5548|1802|4656|1620|892|654|16543|3665|12547|3219|3996|1391|242|205|114|126|128|154|4666|2321|4200|2288|466|472|3797|946|3236|833|561|415
04000C0US55|4167877|2037|3732087|10577|236009|7864|144417|6541|91592|5950|7980|1732|6555|1334|1425|976|239|260|170|224|69|128|2850|1225|2311|1116|539|435|4795|1913|3712|1653|1083|690|20008|2688|15963|2283|4045|1034|4135|1427|3589|1362|546|239|2680|1724|2639|1717|41|68|4616|1408|3094|907|1522|848|4601|1547|3210|1138|1391|1060|2744|858|1817|658|927|497|2938|1256|2118|1038|820|499|111|185|111|185|0|159|3820|1833|1829|862|1991|1470|1556|875|1159|620|397|344|5701|1964|4833|1759|868|635|1590|829|1504|818|86|118|2935|1358|2400|1312|535|469|1116|757|749|454|367|407|8468|2575|5597|1913|2871|1439|6947|2024|5439|1694|1508|696|3086|1366|2584|1254|502|367|2464|1294|1803|833|661|708|2114|1002|1814|906|300|258|11428|2495|6048|1357|5380|1651|3377|1602|2444|1160|933|557|4673|1428|3229|1248|1444|602|40935|4356|23740|3953|17195|3049|3805|1809|2753|1543|1052|639|1490|1193|723|665|767|957|2851|1051|1543|803|1308|686|7178|2808|2275|1014|4903|2395|5131|1361|3537|1208|1594|671|912|653|769|602|143|157|6914|2076|4508|1713|2406|882|959|541|959|541|0|159|3926|1979|2458|1427|1468|827|3576|1618|3288|1551|288|276|2306|1300|1624|928|682|551|0|159|0|159|0|159|1060|446|1025|444|35|49|1766|814|1459|692|307|252
04000C1US04|3968546|7719|2867147|24518|831550|23131|560094|16874|271456|14963|15140|4679|12914|4356|2226|963|0|232|0|232|0|232|3609|1178|3235|1134|374|244|3979|1358|3525|1225|454|291|8599|1875|7349|1682|1250|711|1928|783|1928|783|0|232|1460|963|1324|942|136|167|5559|1613|4055|1279|1504|702|3062|1368|2592|1273|470|426|5066|1852|2755|1326|2311|1405|2072|927|1242|734|830|659|1586|1061|1016|755|570|503|6988|2949|4484|1788|2504|1295|2486|1014|1956|788|530|394|12958|3490|11754|3253|1204|918|1047|828|868|671|179|213|882|627|452|498|430|407|2265|1139|1989|1076|276|334|5133|3189|4432|2835|701|517|8558|3120|6282|1989|2276|1416|10185|3579|8709|3295|1476|1234|7193|2601|6491|2429|702|491|3603|1915|2878|1525|725|534|24378|4176|13508|2290|10870|2735|6500|2227|3911|1672|2589|1235|12033|4041|8160|3591|3873|1412|187|221|187|221|0|232|17900|4877|8262|3103|9638|2338|1796|935|1060|651|736|563|5045|3436|3177|2601|1868|1102|4525|2155|2568|1435|1957|1176|18093|3339|12907|2359|5186|1900|4498|1734|2261|967|2237|1288|13364|4353|8729|3078|4635|2762|2374|1053|2118|1012|256|268|7274|2850|5970|2589|1304|757|3203|2214|2945|2155|258|256|18229|6522|9912|3997|8317|4444|12011|2758|10326|2444|1685|1043|2629|1131|2330|1126|299|305|2452|1469|2012|1289|440|416
04000C1US06|17084243|15315|8854252|46641|4821658|42662|2868316|36233|1953342|30416|76967|6468|65849|6105|11118|2119|5899|2146|4622|1562|1277|1134|28658|4238|23492|3877|5166|1317|52412|6591|40177|5677|12235|2491|48876|5532|42703|5413|6173|1221|12270|2536|11540|2527|730|312|11528|2855|9773|2589|1755|873|109725|7888|60958|5122|48767|5537|12289|2258|10591|2274|1698|740|14205|4242|10294|3287|3911|1637|23725|4338|15660|3438|8065|2090|174339|11293|93991|7784|80348|7575|135697|11010|85011|7605|50686|6029|29291|4052|23299|3219|5992|1824|142113|11913|121412|11385|20701|3605|40536|8507|30789|7379|9747|2386|83819|9182|54565|7385|29254|3862|28285|5142|18770|3516|9515|2868|40256|5842|32988|5153|7268|1790|35713|5282|25596|3829|10117|2709|53382|6824|44746|6066|8636|2166|46805|5602|43175|5376|3630|1123|36257|6222|29715|5270|6542|2038|701715|19511|360239|12957|341476|13051|80862|7291|47190|5168|33672|3410|208899|13669|96901|8186|111998|8312|43174|6596|23279|4194|19895|4318|309319|15534|131466|9142|177853|10044|47094|6988|22127|4086|24967|3881|42006|5394|20142|3224|21864|3735|43796|7108|23868|3900|19928|4630|403497|19397|269166|14577|134331|9489|67043|8379|44416|6151|22627|3634|96924|9231|69471|7585|27453|3684|30943|5738|25203|4940|5740|2114|30744|5076|19470|4144|11274|2364|21914|4479|18266|4047|3648|1401|10125|3935|7030|2158|3095|2749|332|349|332|349|0|221|3663|1403|3265|1343|398|334|23236|4485|11081|2769|12155|3264
04000C1US08|2367437|4453|1920225|14487|306046|12676|190814|10078|115232|8053|10500|3076|8370|2797|2130|904|288|463|288|463|0|220|1236|656|1078|550|158|208|3181|1973|3009|1951|172|174|8408|1895|7648|1831|760|506|1956|883|1820|803|136|196|2110|1895|2063|1886|47|79|9419|2894|5344|1769|4075|1900|1914|1462|1503|1046|411|470|988|510|773|489|215|217|2921|1417|1927|1004|994|934|0|220|0|220|0|220|3457|1651|1776|869|1681|1225|1105|565|964|484|141|142|3559|1082|2870|941|689|444|1099|834|805|765|294|332|915|1388|198|275|717|1120|1216|1223|655|697|561|585|2536|1128|1132|501|1404|887|4181|1579|3470|1377|711|636|2436|1197|2018|979|418|328|913|690|771|649|142|229|1815|1010|1657|973|158|233|8508|1917|6023|1524|2485|727|2439|960|1938|869|501|345|6154|1429|3955|1086|2199|737|206|257|171|228|35|61|8306|2763|3189|972|5117|2277|1464|1187|928|822|536|588|1265|809|581|377|684|714|3953|2689|2502|1628|1451|1244|6599|2022|5371|1633|1228|668|3700|1617|1901|1330|1799|908|9066|3270|5712|1928|3354|1798|479|367|479|367|0|220|12893|3227|7621|2373|5272|1817|3122|1697|2213|1314|909|676|1704|886|1567|839|137|175|254|199|202|196|52|37|766|429|711|414|55|89|4135|2759|3248|2034|887|1128
04000C1US09|979164|4691|601977|14544|241673|12322|130899|9210|110774|9176|5875|2359|3404|1361|2471|1704|17348|5282|10593|4344|6755|2317|4463|1583|3037|1465|1426|718|29221|5454|11021|2365|18200|4565|1725|676|1422|644|303|216|506|352|436|327|70|112|2255|1231|1665|848|590|517|1672|844|1252|708|420|277|4585|1970|2249|1310|2336|1005|2629|1593|1402|1202|1227|913|2862|1851|1554|1073|1308|1197|0|222|0|222|0|222|710|635|660|620|50|87|1142|641|776|420|366|347|2531|1062|1871|842|660|459|1700|1233|992|708|708|902|502|587|260|283|242|405|4482|2707|2707|1619|1775|1166|2916|1640|1828|983|1088|856|5750|2127|4574|2068|1176|738|2177|1320|982|509|1195|1109|977|843|429|340|548|607|209|226|209|226|0|222|11022|3437|6358|1865|4664|1962|790|467|640|444|150|161|1116|638|673|493|443|387|0|222|0|222|0|222|4354|2091|2099|1174|2255|1311|233|322|119|199|114|145|1796|1071|333|288|1463|950|3063|3042|1641|1764|1422|1347|2257|1238|1357|746|900|618|362|453|362|453|0|222|3546|1401|2208|1112|1338|695|848|660|805|655|43|74|42|80|42|80|0|222|3327|1688|2694|1533|633|581|1463|1253|696|740|767|978|0|222|0|222|0|222|299|291|299|291|0|222|4759|2068|3131|1447|1628|1197
04000C1US11|640460|5|516502|8164|56833|5385|37527|4737|19306|2700|11081|2557|9381|2132|1700|913|1743|1370|1720|1366|23|39|2038|794|1825|750|213|281|3190|1882|2894|1923|296|272|3052|1225|2900|1163|152|197|927|665|927|665|0|244|618|445|618|445|0|244|2189|869|2189|869|0|244|385|310|385|310|0|244|702|641|488|449|214|259|754|455|632|433|122|155|175|226|175|226|0|244|2002|862|1351|615|651|552|672|471|672|471|0|244|2042|844|1763|776|279|291|1381|922|1356|907|25|43|67|74|67|74|0|244|178|154|178|154|0|244|525|366|449|350|76|124|884|488|774|434|110|115|157|242|157|242|0|244|236|158|190|141|46|75|141|167|141|167|0|244|5300|1205|3764|968|1536|653|304|301|233|276|71|116|2800|1137|1953|1014|847|579|0|244|0|244|0|244|974|522|391|215|583|467|0|244|0|244|0|244|494|407|422|357|72|121|1936|1235|1277|854|659|466|1726|988|1381|977|345|397|912|784|409|386|503|535|1798|889|1798|889|0|244|591|390|545|386|46|76|7744|3113|5397|2484|2347|1433|4519|1821|4274|1870|245|267|1181|847|1076|717|105|172|0|244|0|244|0|244|0|244|0|244|0|244|1707|1316|946|828|761|890
04000C1US12|6093149|16851|4325471|33162|1226478|25481|682774|19072|543704|18956|31479|4435|24925|3647|6554|2185|121171|12768|59638|8395|61533|8060|20406|2971|17003|2704|3403|1227|69415|8874|43290|6157|26125|4829|18258|2562|15856|2204|2402|943|2757|1005|2687|973|70|90|4750|1842|3756|1568|994|901|25389|5103|15587|3279|9802|3023|8478|2826|5567|1996|2911|1390|7427|1947|4758|1317|2669|1339|10594|2585|7321|2316|3273|1011|484|498|484|498|0|243|5489|2632|4381|2060|1108|1072|7151|1971|5323|1511|1828|941|11257|3325|9221|2625|2036|1096|5054|1684|3627|1362|1427|779|1147|926|828|770|319|502|4184|1854|2741|1313|1443|962|4294|2356|3746|2091|548|731|13334|3159|9137|2438|4197|1720|5184|1840|4113|1692|1071|665|4940|2261|3867|1589|1073|1301|5037|2137|4818|2079|219|266|25707|4093|13521|2800|12186|2877|4762|2165|3015|1222|1747|1265|4760|1776|2317|1102|2443|1046|0|243|0|243|0|243|20205|3846|10724|2490|9481|2282|2781|1208|1675|831|1106|676|6506|2839|1938|1003|4568|2157|9007|2665|5727|1874|3280|1432|27147|3738|20388|3077|6759|1724|2561|1010|1649|761|912|541|26002|5141|18863|3623|7139|2406|4761|2096|4646|2087|115|140|3021|2100|2284|2017|737|543|4845|2241|4845|2241|0|243|3337|2029|3083|1779|254|322|0|243|0|243|0|243|140|201|140|201|0|243|7979|2791|5900|2432|2079|1127
04000C1US13|2001432|6077|1707649|13883|151567|8863|90704|6772|60863|6123|6908|1422|6120|1323|788|415|5146|3161|4247|2432|899|949|1627|663|1521|657|106|101|10228|3838|5994|2356|4234|2636|6344|2063|5186|1956|1158|670|2145|1664|2064|1674|81|105|1178|648|786|315|392|553|3562|1462|2726|1194|836|509|636|513|636|513|0|226|514|386|423|323|91|153|1313|759|732|504|581|542|275|336|275|336|0|226|3441|1478|2815|1413|626|454|4311|2089|3376|1798|935|705|7749|2225|6883|2113|866|742|3249|1464|2478|1210|771|750|568|744|428|695|140|247|2799|1315|2186|1143|613|424|2467|1208|1802|891|665|703|2208|1253|1707|879|501|581|4921|1518|4354|1508|567|344|4258|1614|3498|1390|760|454|928|530|861|479|67|118|14347|2913|8716|2008|5631|1789|3324|1594|2373|1264|951|732|8479|2158|4817|1384|3662|1374|0|226|0|226|0|226|3454|1483|1505|710|1949|1027|0|226|0|226|0|226|655|535|610|535|45|79|2387|1236|1845|894|542|489|5363|1704|3515|1134|1848|1191|2098|1869|1673|1613|425|437|5054|1525|3733|1247|1321|764|1075|585|1026|541|49|81|3233|2769|2706|2203|527|639|7734|2778|7222|2685|512|667|5047|1655|4060|1625|987|929|0|226|0|226|0|226|269|290|187|254|82|144|2922|1460|2492|1326|430|415
04000C1US17|3866322|9593|2644024|21575|726191|20251|433581|15883|292610|14114|17487|3937|12852|2996|4635|1821|4351|1964|1671|957|2680|1901|6677|1825|4937|1638|1740|502|5442|1704|4561|1590|881|541|11309|2217|10435|2200|874|395|1447|918|1362|921|85|152|6585|1821|4732|1582|1853|803|16924|4451|9077|2195|7847|3517|44491|5436|23155|3649|21336|3200|9570|3100|6715|2236|2855|1267|19686|3966|11084|2622|8602|2586|867|637|560|498|307|313|4887|1578|3436|1292|1451|727|20046|4287|12237|3410|7809|2477|22595|4164|18885|3699|3710|1460|23559|5058|16391|3623|7168|2415|1828|1293|1527|1224|301|342|4908|2459|3742|1959|1166|1182|7742|4724|3231|1575|4511|3766|18681|4255|12087|3597|6594|2145|10112|2750|8730|2567|1382|649|6542|2320|5838|2201|704|397|7910|2653|5894|1762|2016|1325|74331|7117|31512|3716|42819|5718|5983|1995|3521|1239|2462|1237|13121|2654|8632|2042|4489|1349|73|122|73|122|0|206|7569|2357|4466|1528|3103|1214|817|613|546|383|271|299|5576|1928|2763|1120|2813|1220|11968|3294|6085|2045|5883|2003|38799|5059|27890|4121|10909|2734|5930|2585|4423|2207|1507|919|21945|6699|15638|5234|6307|2328|4151|1706|4120|1706|31|52|9206|3333|5308|2321|3898|1676|17508|4918|12907|4416|4601|1804|3155|1921|2513|1784|642|700|23|36|23|36|0|206|342|354|342|354|0|206|1964|769|1011|445|953|607
04000C1US18|2056991|12408|1742990|15226|172402|7908|87102|6562|85300|6485|9616|3418|4399|1607|5217|2806|4526|3140|1351|942|3175|2768|2667|2133|2324|2077|343|388|1431|844|1235|839|196|178|4065|1326|3296|1283|769|470|1438|888|1438|888|0|208|140|162|140|162|0|208|2030|789|1200|629|830|507|1099|797|816|573|283|324|1178|687|355|277|823|616|1577|892|878|690|699|519|262|320|72|123|190|284|339|285|148|125|191|188|1972|1462|1623|1315|349|341|5655|2195|5106|2164|549|374|4359|2083|3204|1600|1155|921|6393|2755|3697|1773|2696|1373|2454|2166|1911|1659|543|561|2993|1540|2340|1176|653|542|2545|1457|1626|1080|919|816|2931|1930|1105|535|1826|1773|2424|1141|2424|1141|0|208|685|399|634|375|51|65|13246|2676|8597|2109|4649|1420|2281|1305|869|652|1412|1030|4311|1448|1687|873|2624|1143|343|551|168|267|175|292|3887|1515|1004|485|2883|1217|196|246|120|217|76|125|2671|1520|875|652|1796|1094|19870|3872|5338|1979|14532|2973|6474|2224|3310|1113|3164|1631|1161|863|549|420|612|739|7229|2838|3549|1496|3680|2321|182|304|182|304|0|208|2879|1549|1229|934|1650|1069|7651|3042|6471|2981|1180|877|4853|2518|3496|2183|1357|1015|0|208|0|208|0|208|143|183|143|183|0|208|1443|1134|725|497|718|998
04000C1US19|859562|4274|733934|9534|58262|5080|30841|3885|27421|3225|5550|1704|2240|1095|3310|1534|0|172|0|172|0|172|212|170|212|170|0|172|213|154|213|154|0|172|2691|1425|2493|1459|198|262|589|412|342|278|247|313|219|298|219|298|0|172|1373|860|719|478|654|529|53|86|53|86|0|172|2479|1368|1058|877|1421|849|471|387|267|242|204|281|0|172|0|172|0|172|133|228|0|172|133|228|683|986|683|986|0|172|1408|812|1077|745|331|323|583|447|304|365|279|290|560|508|257|305|303|398|614|440|382|330|232|182|2748|1595|1651|1120|1097|846|1224|1270|181|167|1043|1254|1658|1221|1594|1166|64|120|826|1008|799|1005|27|55|456|458|368|440|88|152|5334|1798|2924|1098|2410|1197|217|175|188|175|29|3|1173|562|931|504|242|241|0|172|0|172|0|172|4890|1459|1751|850|3139|1243|444|485|139|203|305|344|2047|991|692|482|1355|841|6903|3552|1334|1045|5569|3235|1455|773|785|655|670|518|1356|910|850|650|506|447|4616|2489|2347|1079|2269|2163|202|184|202|184|0|172|3597|1533|2355|1205|1242|817|1764|949|1432|961|332|308|7018|3893|3034|2098|3984|2415|0|172|0|172|0|172|264|245|222|240|42|69|1343|954|970|761|373|378
04000C1US20|1015974|5321|846500|8402|107677|6734|60537|5382|47140|4246|1529|822|1321|770|208|284|91|154|0|185|91|154|407|303|348|253|59|91|864|644|443|293|421|533|1956|701|1546|649|410|304|745|728|536|614|209|357|81|135|81|135|0|185|1372|1022|494|502|878|970|517|825|517|825|0|185|246|281|182|212|64|114|1239|951|732|569|507|764|0|185|0|185|0|185|1610|1808|974|933|636|914|721|670|647|624|74|119|1386|758|1226|701|160|164|1626|999|1510|981|116|143|279|352|210|338|69|120|979|933|671|595|308|402|2592|1534|1158|880|1434|985|874|698|762|657|112|184|2001|964|1712|869|289|301|1125|1057|968|859|157|228|89|152|0|185|89|152|6946|1992|3307|1233|3639|1427|2498|1197|2107|1061|391|373|1139|745|513|419|626|463|1635|1038|1198|892|437|397|7362|1816|2799|1072|4563|1427|582|468|374|300|208|204|2710|1236|1271|684|1439|784|3881|1882|1505|1427|2376|1038|1991|998|1499|845|492|345|1639|1086|1350|1073|289|209|3231|1688|1871|894|1360|1159|0|185|0|185|0|185|1045|867|615|603|430|445|1090|637|953|520|137|238|2736|1949|1979|1341|757|671|103|158|103|158|0|185|173|159|173|159|0|185|707|446|273|229|434|352
04000C1US21|1092968|4200|936740|10453|79305|4588|36249|4558|43056|4595|5610|2269|3388|1260|2222|1398|1690|1483|381|471|1309|1396|33|42|33|42|0|206|914|711|873|694|41|62|2802|1125|2237|1034|565|395|338|433|338|433|0|206|39|64|39|64|0|206|1189|658|862|498|327|430|103|118|51|80|52|88|3286|2395|1579|1264|1707|1286|1560|918|1161|833|399|291|0|206|0|206|0|206|1454|993|932|736|522|456|1673|1333|1022|924|651|493|762|595|375|360|387|416|529|438|402|368|127|208|168|192|168|192|0|206|514|618|120|195|394|585|5064|2305|1983|1199|3081|1691|2586|1672|1836|1646|750|626|656|519|589|563|67|99|326|407|326|407|0|206|704|531|645|508|59|104|3955|1149|2016|710|1939|920|1887|902|413|443|1474|703|1225|894|624|583|601|464|42|75|42|75|0|206|1355|849|627|370|728|696|1336|1193|192|222|1144|1179|1069|991|663|621|406|443|4073|2203|2200|1413|1873|1145|3264|1374|2648|1255|616|395|478|456|222|249|256|224|7631|3300|5560|2869|2071|987|217|261|130|227|87|150|1221|1038|829|714|392|409|3204|3195|1810|1778|1394|1541|12755|6440|4989|3823|7766|4120|0|206|0|206|0|206|23|46|23|46|0|206|1188|980|759|834|429|435
04000C1US24|1091790|12308|853506|15534|105029|8542|61943|5497|43086|6522|15938|4319|12266|3954|3672|1908|5661|3279|2213|1783|3448|2147|2112|830|1488|664|624|407|3961|1676|2669|1221|1292|994|2193|893|1836|800|357|275|512|432|296|264|216|348|1441|1031|1367|1028|74|125|4904|1813|3139|1298|1765|924|820|515|633|441|187|186|638|674|638|674|0|225|1812|1198|1295|1014|517|360|315|199|315|199|0|225|4720|1419|2723|925|1997|907|2257|1104|2147|1055|110|150|4311|1635|3665|1445|646|423|3535|2299|3144|1998|391|545|432|488|136|174|296|457|1882|947|1621|982|261|268|4434|2918|2022|1020|2412|2655|2920|1423|2827|1416|93|139|1379|857|959|568|420|375|879|716|879|716|0|225|1863|1922|1083|995|780|966|19448|3732|11403|2121|8045|2291|2968|1214|1259|679|1709|825|6602|2358|4094|1582|2508|1055|0|225|0|225|0|225|3348|1302|1966|1220|1382|665|42|72|42|72|0|225|529|469|348|355|181|179|2579|1630|1456|943|1123|841|4406|1305|2718|876|1688|771|751|592|636|545|115|139|5496|2161|4184|1773|1312|756|2612|1162|2141|928|471|597|4983|2425|2633|1594|2350|1621|6124|1839|4912|1701|1212|923|2828|1720|1537|924|1291|1052|0|225|0|225|0|225|310|298|241|256|69|117|1310|605|1046|499|264|352
04000C1US25|1445128|6243|958978|13358|215586|9903|122662|7225|92924|6848|10546|2140|8906|1813|1640|836|20740|4804|11945|3598|8795|2370|5228|1760|4409|1682|819|509|37697|6693|14988|2999|22709|5331|4911|1673|4301|1474|610|549|1287|850|1169|830|118|195|5431|2141|4720|1919|711|593|12007|3024|7149|2187|4858|1580|1618|1390|1188|997|430|437|335|256|220|214|115|143|3055|1565|1850|1091|1205|743|1381|715|1267|710|114|164|4274|2157|2989|1320|1285|1037|1795|936|1396|891|399|326|11503|2801|9032|2248|2471|1404|2479|1096|1890|740|589|463|1037|610|867|453|170|293|2394|988|1761|787|633|425|2807|1137|1936|882|871|712|7465|2431|5064|1851|2401|1410|1188|550|1188|550|0|225|1502|595|1410|561|92|108|939|676|850|641|89|109|47409|4679|28282|3200|19127|2825|3001|1057|2231|913|770|490|6575|1478|4810|1206|1765|935|0|225|0|225|0|225|20282|4471|7071|2255|13211|3245|984|621|836|549|148|176|1424|906|414|351|1010|801|4711|1872|3972|1742|739|657|1826|1292|1315|1212|511|453|2344|1705|843|583|1501|1351|9016|2656|6352|2006|2664|1152|3282|2400|2994|1976|288|451|8656|4084|5749|3154|2907|1671|10915|2912|8559|2619|2356|1246|6195|2473|3203|1391|2992|1373|0|225|0|225|0|225|58|102|58|102|0|225|2267|1004|1808|817|459|403
04000C1US26|2315481|7109|1913537|14613|140099|7938|87840|6295|52259|5516|6499|1963|4981|1599|1518|694|827|690|593|499|234|391|2375|718|1610|547|765|490|3487|1887|2059|901|1428|1601|4820|1629|4203|1420|617|370|906|497|728|421|178|235|2107|898|1719|814|388|263|2913|1114|1658|735|1255|862|3918|1404|3139|1116|779|533|2913|1115|2071|906|842|466|4408|1993|2637|1052|1771|1148|1155|754|820|564|335|294|3474|2371|1622|949|1852|1621|2276|892|1864|784|412|281|8192|2183|6837|2014|1355|766|3588|1423|2640|1107|948|559|1318|1035|1318|1035|0|184|18028|4848|9614|3140|8414|2673|6965|2721|5397|2239|1568|997|6508|1516|4069|1231|2439|737|9617|2973|6754|2322|2863|1406|6234|2435|4861|1825|1373|953|4982|2097|3619|1391|1363|1179|19770|3435|9474|2240|10296|2059|7071|2294|2546|1147|4525|1825|7649|2423|4455|1714|3194|1309|2378|1229|1580|851|798|575|4986|1980|2142|1292|2844|1154|402|518|270|317|132|236|813|656|444|369|369|384|5053|1616|1712|790|3341|1123|4339|1775|3190|1476|1149|700|1716|931|1198|746|518|382|81080|8353|37548|4796|43532|5976|410|263|352|233|58|54|6145|2287|2542|1386|3603|1749|5513|2047|3934|1479|1579|1011|6256|3215|2422|1315|3834|2552|0|184|0|184|0|184|117|125|53|82|64|99|637|329|593|316|44|76
04000C1US27|1475779|3954|1185999|14073|85140|8476|55804|6315|29336|4256|5501|2080|3836|989|1665|1867|1055|1374|1055|1374|0|157|598|408|481|383|117|131|993|561|731|397|262|290|3189|934|2542|861|647|443|565|378|459|306|106|129|473|439|437|429|36|61|5318|1847|3312|1443|2006|1217|1058|804|481|419|577|603|1685|988|1392|860|293|266|3266|1428|1639|830|1627|981|78|139|78|139|0|157|921|548|694|443|227|254|2441|1581|1789|1468|652|408|5020|1801|4425|1654|595|448|323|338|303|338|20|3|1012|1107|783|760|229|370|1380|740|1135|632|245|268|3476|1884|2852|1536|624|602|2354|955|1692|684|662|647|2868|1383|2018|1247|850|561|2620|1495|1762|845|858|975|3531|2572|3185|2514|346|384|11619|3177|7609|2179|4010|1390|2831|1721|1589|974|1242|861|2504|875|1788|811|716|499|31976|4545|16328|3035|15648|3380|7380|1707|3518|1098|3862|920|2701|1362|1126|569|1575|877|2535|939|2249|904|286|431|7335|2688|2645|1185|4690|1889|4748|1966|2936|1529|1812|887|1659|976|1055|631|604|455|3265|1302|2094|943|1171|636|629|603|629|603|0|157|58918|9243|29725|5527|29193|6080|9890|4814|6986|3675|2904|1910|3940|1711|3443|1585|497|413|0|157|0|157|0|157|824|467|703|427|121|137|2161|925|2022|920|139|246
04000C1US29|1292847|4503|1160008|9790|60058|6453|37770|5135|22288|3827|5604|1482|3732|1211|1872|859|2308|1264|1776|1186|532|456|922|424|774|417|148|147|1213|962|735|641|478|501|2880|1050|2820|1045|60|99|168|159|168|159|0|197|459|360|459|360|0|197|1379|740|1025|641|354|348|1068|483|1034|482|34|63|1156|854|986|838|170|179|582|425|478|341|104|175|0|197|0|197|0|197|2258|1515|606|402|1652|1272|210|324|210|324|0|197|2358|1147|1315|930|1043|597|1372|759|815|613|557|384|208|282|155|270|53|89|630|742|477|496|153|278|1882|774|1349|919|533|490|2532|2082|1953|1570|579|545|1402|827|720|405|682|706|927|533|806|456|121|186|130|158|130|158|0|197|4435|1230|2818|1000|1617|750|1102|603|893|563|209|165|1298|682|696|439|602|471|181|289|181|289|0|197|8854|2304|2968|961|5886|2037|358|309|59|99|299|294|691|358|371|252|320|236|1356|814|486|387|870|697|1875|717|1271|548|604|372|1837|682|1528|645|309|256|3064|1617|1581|712|1483|1126|46|71|46|71|0|197|5197|3916|3034|2592|2163|1570|2570|1600|2133|1472|437|436|7184|3329|3267|2225|3917|2047|0|197|0|197|0|197|65|68|65|68|0|197|1020|696|982|692|38|66
04000C1US32|1698135|12488|1181580|19107|377095|12305|225539|9618|151556|9502|5241|1817|4565|1703|676|535|587|472|412|420|175|242|1215|533|1019|493|196|223|2706|1391|2025|1117|681|795|6218|2532|5162|2050|1056|738|1315|871|1315|871|0|232|1020|555|795|427|225|227|4128|1967|2474|961|1654|1331|2007|838|1562|739|445|391|1073|769|868|711|205|211|2464|1321|1342|627|1122|899|1199|770|968|746|231|205|4741|2308|3166|1672|1575|872|716|526|545|462|171|231|1401|933|1223|931|178|229|2424|2004|1885|1889|539|761|543|481|310|259|233|303|1401|1071|1189|993|212|265|1161|710|609|536|552|574|2757|1280|2237|1018|520|388|627|500|496|461|131|143|337|351|294|297|43|71|402|497|339|476|63|101|12549|2465|7387|1843|5162|1311|3686|1418|2377|1215|1309|557|6208|1949|3724|1387|2484|1011|88|147|0|232|88|147|5626|1989|3257|1511|2369|1005|289|250|240|210|49|80|3722|1452|1601|923|2121|1004|2283|2024|1610|1298|673|804|42752|5999|30333|4802|12419|2418|4834|1692|3611|1432|1223|604|2752|1198|2135|992|617|396|1518|880|1202|775|316|427|2648|1686|2002|1401|646|559|867|994|814|956|53|88|507|680|507|680|0|232|512|606|455|599|57|94|474|374|372|322|102|171|2462|1720|2184|1674|278|226
04000C1US34|950775|8455|495257|16452|279689|12091|122858|8467|156831|9511|7954|2947|5855|2190|2099|1171|12704|4141|6198|2249|6506|3166|2749|987|2056|796|693|658|25240|4349|7517|1657|17723|3961|2217|949|1887|886|330|355|7520|3195|6477|2899|1043|832|641|476|352|356|289|307|1887|940|1540|790|347|279|2142|1623|1690|1095|452|643|289|338|145|228|144|242|1196|698|926|552|270|297|140|179|140|179|0|225|155|186|79|129|76|135|7106|2451|4398|2023|2708|1291|12474|2876|11412|2772|1062|646|2159|1200|1682|909|477|490|2408|1672|1495|910|913|1022|4679|1840|2393|1283|2286|1170|1693|860|1423|777|270|283|1677|822|1144|655|533|380|3964|1900|2877|1493|1087|1055|1182|718|1002|723|180|302|2908|1803|2310|1571|598|762|17199|2829|11788|2061|5411|1523|1664|1096|816|658|848|858|2485|1369|1970|1182|515|439|0|225|0|225|0|225|3246|1893|1746|912|1500|1138|0|225|0|225|0|225|190|230|0|225|190|230|1027|725|414|265|613|569|14928|3182|10749|2793|4179|1453|625|463|553|415|72|116|8990|3153|5940|2584|3050|1539|4529|1966|4158|1926|371|375|1202|1554|1023|1517|179|305|11017|4149|10231|4116|786|521|1476|1396|1110|941|366|571|0|225|0|225|0|225|60|102|60|102|0|225|2107|1300|1438|990|669|684
04000C1US36|9113190|7455|5087834|42594|1880975|22548|986002|19599|894973|21190|94190|10006|72673|7740|21517|4254|112988|9983|66221|6983|46767|5989|58987|6483|42328|5008|16659|2906|30557|5082|22325|3348|8232|2750|18408|3066|17749|3008|659|416|139251|13929|66099|9741|73152|9062|40581|5745|29105|5035|11476|2376|183025|15311|69908|8864|113117|10208|38390|6822|21684|5216|16706|3249|19042|3918|11906|3116|7136|2137|32999|6143|16046|4253|16953|3495|3206|1068|2550|883|656|349|16589|4381|9150|2397|7439|2821|10204|2421|6879|1664|3325|1320|33817|5978|26637|5150|7180|1655|45492|6705|25330|4493|20162|3726|15135|3284|8222|1982|6913|1863|149893|13142|64770|8258|85123|7717|19935|3698|10333|2248|9602|2388|58093|7060|37204|4977|20889|3540|5922|1747|4953|1485|969|735|4955|1776|3320|1404|1635|988|6418|2116|4097|1509|2321|1333|505250|15679|168510|7334|336740|12635|20335|3453|11731|2516|8604|1872|61659|7479|29381|3858|32278|5040|0|218|0|218|0|218|15448|3733|5813|2094|9635|2233|2406|1022|754|507|1652|847|7944|2105|4182|1674|3762|1248|44111|5869|19638|3766|24473|3627|49978|5699|38310|4502|11668|1995|6314|2100|2571|1030|3743|1821|101024|13439|64078|10153|36946|6350|44661|7483|37572|6971|7089|2097|12169|3572|8189|2671|3980|1621|84413|10619|57161|8287|27252|4911|10627|3534|6426|2492|4201|1800|0|218|0|218|0|218|691|468|644|459|47|79|39274|6579|22455|4138|16819|3907
04000C1US37|3468670|8156|2799397|22946|379839|15021|210812|11231|169027|10091|17461|3589|13490|3192|3971|1213|6016|2620|4790|2350|1226|669|3747|1547|3188|1371|559|473|8332|2542|5331|1603|3001|1897|8434|2282|7465|2013|969|580|1926|770|1728|736|198|173|2007|918|1832|826|175|187|7584|3537|4112|2088|3472|1832|1438|704|1307|677|131|163|1216|745|567|436|649|368|4142|1661|2322|1015|1820|1023|229|389|229|389|0|222|2649|1169|2005|948|644|460|6337|1888|4206|1650|2131|828|14365|2560|12563|2554|1802|670|7389|3562|6114|3257|1275|904|1463|1018|1129|820|334|380|4181|1929|3106|1372|1075|800|10030|3708|5871|2108|4159|2454|6776|2510|4453|1390|2323|1827|19747|4128|14750|3259|4997|2101|4985|1977|3401|1286|1584|1267|3909|1539|3543|1390|366|376|25015|3727|15519|2788|9496|1713|5753|1857|4401|1677|1352|745|8815|2498|4145|1407|4670|1726|2098|1027|1702|841|396|356|17736|3781|6464|2183|11272|2706|3107|1677|1498|1009|1609|954|3430|1444|1100|683|2330|1203|5127|1892|2576|1164|2551|1230|10015|2342|8133|2133|1882|851|3405|1520|1983|1066|1422|660|19343|5693|13832|4235|5511|1923|1153|897|1105|876|48|92|12612|6863|7418|4833|5194|2720|12247|4826|9701|3747|2546|1813|7867|4016|5092|2505|2775|2418|0|222|0|222|0|222|865|657|840|653|25|46|6483|3086|4751|2393|1732|1085
04000C1US39|2503243|8568|2191480|19612|124403|8234|68040|5116|56363|5668|12161|3834|7426|2264|4735|2138|4695|2753|1994|1364|2701|1742|2586|1060|1803|925|783|620|3740|1737|1831|833|1909|1537|4002|1196|3419|1072|583|360|1172|602|1026|580|146|211|1438|582|1191|487|247|216|3479|1477|1435|597|2044|1351|834|478|530|430|304|275|519|375|436|324|83|115|2502|1186|1308|734|1194|897|0|208|0|208|0|208|4328|2951|3529|2880|799|529|1900|1110|1346|950|554|371|6844|2694|5680|2611|1164|803|2183|1242|1561|902|622|477|36|65|36|65|0|208|2937|1759|2229|1567|708|572|15517|4353|5528|1726|9989|3735|3095|1453|1853|1178|1242|825|5328|2183|4375|2109|953|765|1448|1144|1184|893|264|425|573|584|261|248|312|526|13187|2805|7183|1778|6004|1675|2346|1044|1400|631|946|770|4289|1371|2594|945|1695|789|156|181|156|181|0|208|3075|902|1218|561|1857|651|1272|1057|567|576|705|697|1971|1042|836|522|1135|754|5492|2517|2055|1236|3437|1924|4186|1467|2831|1030|1355|774|1316|834|1076|779|240|358|19355|4208|11598|2757|7757|2732|1076|502|1076|502|0|208|24896|5603|13774|3762|11122|3436|14839|5400|10468|4172|4371|1896|6274|2342|2872|1334|3402|1758|0|208|0|208|0|208|252|191|252|191|0|208|2061|1100|1082|752|979|788
04000C1US40|1169588|3503|931156|9326|175196|7345|103374|6313|71822|4988|2197|1011|2034|988|163|154|781|598|281|290|500|499|433|285|181|185|252|200|682|424|584|353|98|121|3101|1253|2793|1192|308|220|402|449|402|449|0|165|147|177|147|177|0|165|682|531|617|519|65|108|41|66|41|66|0|165|191|201|191|201|0|165|588|507|588|507|0|165|168|190|133|178|35|65|1790|1091|833|549|957|770|35|55|35|55|0|165|1113|909|625|418|488|757|1569|754|1205|768|364|376|76|101|76|101|0|165|1283|749|806|496|477|390|569|629|284|324|285|325|1394|613|840|522|554|519|1021|1051|917|1045|104|181|955|788|847|783|108|119|1255|630|507|368|748|452|3967|1179|1661|712|2306|908|1113|450|896|424|217|205|2515|893|1523|745|992|431|2454|1007|2113|872|341|260|14706|2591|5941|1371|8765|1862|0|165|0|165|0|165|1208|712|734|476|474|326|2868|1224|1461|751|1407|687|2005|739|1470|591|535|325|2698|1957|2054|1898|644|325|5336|2308|3330|1560|2006|1082|24|42|0|165|24|42|62|106|0|165|62|106|2030|1044|1685|829|345|334|926|616|926|616|0|165|51|84|51|84|0|165|549|377|434|351|115|97|251|219|196|160|55|89
04000C1US41|1574908|4012|1313726|12049|143535|9713|88927|6935|54608|6134|4431|1235|4353|1228|78|133|27|3|27|3|0|217|1073|546|836|501|237|241|1635|817|1265|725|370|277|5416|1331|4796|1260|620|438|1370|764|1370|764|0|217|400|357|357|300|43|70|6815|2537|3426|1831|3389|1189|816|561|658|501|158|202|301|221|213|166|88|148|3270|1692|799|577|2471|1414|958|1092|895|1054|63|102|2334|1222|1431|795|903|692|72|126|72|126|0|217|2459|1070|2095|954|364|312|328|317|328|317|0|217|1140|920|607|528|533|505|1189|687|915|481|274|290|2271|1096|1775|751|496|633|3206|1297|2832|1127|374|306|770|547|677|509|93|152|944|458|944|458|0|217|903|675|842|673|61|101|17960|3908|8610|2375|9350|2921|6070|1616|4395|1361|1675|627|3176|1058|1777|835|1399|664|730|682|307|337|423|444|15526|3041|7233|1842|8293|1957|1091|668|576|467|515|668|3603|2104|1746|1057|1857|1350|2398|1109|1570|709|828|566|5679|2092|4163|1656|1516|1035|4004|1317|2277|898|1727|843|5794|3005|3446|2006|2348|1298|719|392|563|370|156|270|5308|3066|3743|2507|1565|983|523|493|354|419|169|208|1482|1176|1426|1171|56|87|136|235|136|235|0|217|542|495|466|487|76|92|778|520|778|520|0|217
04000C1US42|2583736|8263|1936850|19014|375466|11348|204591|7605|170875|9873|12815|3678|7172|1978|5643|2683|11239|4271|8206|3558|3033|1370|8330|2326|5560|1665|2770|1265|12339|4509|4103|1375|8236|3884|7262|1642|6580|1572|682|351|2186|727|2186|727|0|190|2021|885|1451|735|570|436|19950|4782|6290|2017|13660|4141|4367|1454|2925|966|1442|1087|389|257|342|246|47|78|8077|3674|2541|960|5536|3319|478|482|364|361|114|192|1571|1099|883|914|688|573|1955|1002|1361|812|594|443|7775|2285|5814|1654|1961|992|3112|2197|1897|1361|1215|986|1404|1309|1072|1066|332|371|3823|2926|1877|1399|1946|1627|6415|3530|2651|1257|3764|2734|4398|1649|2721|1145|1677|842|1948|931|1385|839|563|368|2895|1024|2701|1003|194|178|7327|3314|3655|1830|3672|1685|46235|4557|17566|2902|28669|3375|2638|1187|1889|1063|749|456|7794|2260|3779|1135|4015|1622|356|497|190|241|166|270|15270|3510|6611|1544|8659|2457|2833|1280|939|599|1894|1113|2335|1408|1028|785|1307|965|7993|3890|4396|2488|3597|1977|4446|1240|3141|791|1305|840|2618|1549|1209|918|1409|1026|20569|5337|12293|3733|8276|2603|1558|868|1330|705|228|261|4159|1767|1497|951|2662|1430|14231|6647|7941|4603|6290|3120|2566|1452|1507|1429|1059|448|76|121|76|121|0|190|130|132|130|132|0|190|3537|1343|2032|929|1505|986
04000C1US47|2331581|4887|1999415|14297|202370|8527|90207|7378|112163|8046|5967|2158|4766|1854|1201|645|3243|2495|1164|1057|2079|2073|1085|681|744|477|341|478|2864|1500|1683|814|1181|1305|4790|1384|4175|1367|615|404|262|263|262|263|0|226|530|483|378|302|152|246|2204|1115|1674|995|530|492|831|706|799|703|32|53|983|741|889|716|94|107|2715|2652|1316|1248|1399|1493|0|226|0|226|0|226|2365|1239|1060|614|1305|1067|3633|1865|1472|872|2161|1308|2165|1178|2009|1181|156|154|1515|1084|1286|997|229|296|0|226|0|226|0|226|2973|1821|2381|1469|592|535|2363|1266|1392|852|971|825|4897|2161|2521|1415|2376|1518|4462|2428|3473|1986|989|700|1099|974|847|683|252|419|1073|829|827|642|246|261|10375|2855|5848|1582|4527|2228|1718|760|1218|603|500|348|1653|685|533|327|1120|487|0|226|0|226|0|226|5040|1600|2682|1106|2358|985|1906|941|1231|730|675|668|2894|1416|1673|1056|1221|834|5238|2392|2280|1173|2958|1558|3557|1220|2457|978|1100|577|455|628|317|468|138|172|20665|6045|12124|4261|8541|2933|1627|1619|1527|1585|100|168|10061|6740|4588|3563|5473|4178|5440|2450|3495|1581|1945|2010|5409|2625|2758|1476|2651|1666|0|226|0|226|0|226|57|95|57|95|0|226|1682|950|641|384|1041|886
04000C1US48|12713965|17943|7534447|52857|4240203|47677|2530022|34527|1710181|33828|44519|6147|37882|5460|6637|1794|6099|2289|5647|2258|452|352|4951|1442|4276|1337|675|474|26357|5317|22292|5031|4065|1394|25631|3597|22273|3271|3358|1187|4101|1132|3621|1040|480|406|4059|1726|3412|1597|647|498|15080|3062|10648|2475|4432|1544|4398|1586|3726|1502|672|457|6574|2441|5508|2298|1066|565|7074|1794|5385|1509|1689|702|1222|1239|1185|1235|37|61|27212|5799|13914|3077|13298|4042|22643|5507|16234|3820|6409|2302|58467|7118|49795|6246|8672|2255|35138|6321|26265|5112|8873|2345|2394|1097|1987|964|407|254|13104|2828|9741|2255|3363|1174|28242|5059|19992|3634|8250|2890|19420|4967|11638|2740|7782|3609|39163|6710|34170|6281|4993|1691|24244|4239|18703|3234|5541|2241|20640|3939|16359|3492|4281|2198|101747|7594|57696|4921|44051|5380|14621|3246|10357|2866|4264|1125|27254|3935|15708|2654|11546|2475|637|630|480|579|157|265|100003|10946|45908|5777|54095|7462|3684|1506|1952|933|1732|876|9440|2267|5380|1606|4060|1290|15819|4086|8212|2531|7607|2692|44708|4913|34751|3726|9957|2460|18333|6564|14661|6502|3672|1462|58251|9269|41823|7705|16428|3689|4621|1548|4386|1538|235|284|25618|5807|12942|3639|12676|3504|42403|6868|36610|6315|5793|1629|20870|5017|15152|4599|5718|2522|416|571|416|571|0|236|1869|1051|1393|768|476|394|8289|3174|6710|2891|1579|1141
04000C1US51|2236415|8304|1894970|11716|155729|7099|99939|5540|55790|5945|15010|2837|11666|2382|3344|1036|1698|1075|1486|957|212|272|2802|1563|2301|1118|501|529|5360|1745|4165|1319|1195|880|7677|1741|6196|1271|1481|897|1375|641|1330|640|45|74|3046|1404|3046|1404|0|216|6142|2046|4564|1531|1578|838|1523|802|1452|779|71|118|1557|767|1280|651|277|275|2754|1178|1744|840|1010|848|860|705|478|476|382|387|8068|2121|5387|1346|2681|1267|3096|1489|2387|1082|709|521|4365|1250|4109|1260|256|196|3072|1110|2294|909|778|542|365|258|218|161|147|138|2691|1416|1701|1023|990|581|1856|932|1484|799|372|366|6192|2077|4832|1762|1360|682|1999|1247|1696|1120|303|285|1827|925|1558|889|269|324|1174|1124|841|632|333|529|15699|2316|9099|1546|6600|1631|4145|1335|2784|977|1361|671|9173|2282|5029|1487|4144|1502|161|220|102|157|59|78|8257|2374|3981|1128|4276|1730|766|641|315|299|451|430|1607|868|773|425|834|740|2427|816|1383|610|1044|498|24699|3734|17069|3095|7630|1589|1539|643|1315|589|224|242|9693|2607|6376|1960|3317|1274|516|418|346|326|170|246|14156|3201|7831|2192|6325|2098|4362|1562|4080|1511|282|289|1996|983|1996|983|0|216|0|216|0|216|0|216|53|87|53|87|0|216|1958|915|1248|765|710|562
04000C1US53|2833365|8223|2155325|19017|248451|12748|155717|10679|92734|7597|9570|1903|8425|1757|1145|497|149|181|84|141|65|112|2850|1139|2283|1082|567|435|3763|1567|2945|1200|818|611|9095|1900|8519|1861|576|358|1058|439|1058|439|0|217|590|366|520|310|70|116|26803|5801|13799|3130|13004|4021|3199|1256|2556|1157|643|467|3002|1356|2327|1190|675|447|17055|4593|7987|2910|9068|2470|764|587|314|220|450|548|4981|1837|3232|1192|1749|906|2629|1386|2168|1145|461|393|26383|4644|24082|4439|2301|852|1899|975|1694|870|205|277|8393|3422|5679|2425|2714|1405|2966|1347|2621|1186|345|526|5975|2383|5028|2004|947|716|11172|3173|8723|2657|2449|1405|9611|2763|7561|2180|2050|1065|4922|2247|3391|1689|1531|1281|2489|1006|2132|874|357|397|78176|6624|41999|4127|36177|4513|12354|2207|8420|1613|3934|1206|22896|3682|10928|2235|11968|2562|633|562|283|349|350|446|36091|4814|15809|3106|20282|3183|7838|2996|4308|2332|3530|1216|6002|1978|2487|975|3515|1624|8717|2273|5204|1606|3513|1111|32285|5051|22067|3737|10218|2033|15555|3868|9947|2802|5608|1994|11238|3979|7828|2724|3410|1622|3280|1788|3176|1765|104|172|20615|5762|12506|4058|8109|2452|2700|1330|2439|1282|261|289|7998|2576|5832|2085|2166|1201|160|164|32|55|128|154|2137|1626|1786|1568|351|452|1596|589|1336|524|260|213
04000C1US55|1667644|4848|1408533|10120|164994|7844|96284|6176|68710|5390|3478|1130|3121|1080|357|276|181|249|112|213|69|128|1193|886|876|818|317|349|1857|783|1338|672|519|422|4608|1161|3955|943|653|570|362|281|362|281|0|159|607|589|566|586|41|68|2326|1028|1786|771|540|504|1194|598|794|441|400|304|1059|616|519|431|540|447|831|559|455|295|376|377|0|159|0|159|0|159|2524|1559|972|692|1552|1410|494|380|355|268|139|189|859|557|680|497|179|224|1078|740|1078|740|0|159|671|695|596|683|75|136|721|363|573|335|148|183|4970|2383|2819|1562|2151|1384|1190|772|929|576|261|300|1292|850|911|750|381|313|556|502|556|502|0|159|311|292|311|292|0|159|7427|1992|3473|1039|3954|1504|1969|1353|1342|931|627|508|2662|975|1941|904|721|418|24780|3517|12775|2344|12005|2582|1970|1400|1764|1389|206|225|1430|1186|723|665|707|946|2219|998|1280|779|939|613|5191|2642|1080|634|4111|2333|2244|945|1621|847|623|468|473|553|473|553|0|159|3312|1468|1939|1127|1373|746|460|341|460|341|0|159|3124|2012|2031|1462|1093|777|1865|1186|1637|1062|228|249|1757|1226|1160|759|597|570|0|159|0|159|0|159|426|359|426|359|0|159|446|271|401|262|45|74
04000C2US04|2745374|7883|2137516|17630|468472|15994|320456|14478|148016|9574|6913|2978|5904|2267|1009|1018|220|209|220|209|0|232|4647|1828|4322|1782|325|238|1947|805|1709|791|238|285|8358|1733|7120|1540|1238|533|2545|1076|2473|1053|72|105|991|561|941|530|50|86|1987|1306|1142|738|845|896|2714|1260|1514|774|1200|627|987|694|450|330|537|590|2745|2073|2344|1663|401|517|688|1150|175|293|513|857|1991|1420|1516|1018|475|436|204|247|204|247|0|232|1922|1076|1872|1074|50|83|978|693|907|710|71|122|1298|1322|897|800|401|551|27|14|27|14|0|232|2214|1640|1605|1260|609|594|6312|2377|4767|1848|1545|885|1471|1037|999|722|472|589|1712|1187|1577|1105|135|156|457|491|253|259|204|282|7512|1963|4051|1289|3461|1273|4119|1882|2894|1620|1225|701|2275|984|876|468|1399|719|418|635|219|335|199|302|5807|2958|2419|1486|3388|1779|703|496|338|294|365|397|1082|671|825|595|257|193|1923|1192|1297|1034|626|585|10547|2298|8733|1917|1814|983|2263|997|1741|770|522|646|12570|4072|8095|3220|4475|1691|490|323|399|278|91|148|4565|3119|2943|1882|1622|1452|2860|1823|2693|1818|167|260|5150|3475|4019|3167|1131|850|15617|2134|11953|1834|3664|952|6100|1660|5668|1560|432|317|2057|1035|1262|704|795|769
04000C2US06|18986178|14955|10738207|59287|5680581|54625|3502207|42952|2178374|31566|49225|5053|42150|4443|7075|1892|3074|1701|1935|1236|1139|1090|20900|3760|16952|3075|3948|1589|48799|5519|32706|4632|16093|2980|42457|3985|36905|3702|5552|1218|10379|2278|9411|2161|968|512|10903|2432|9107|2381|1796|621|65393|9404|38274|5846|27119|5381|10509|2817|7427|2439|3082|1089|10083|3462|7604|2592|2479|1279|34495|7039|20157|5003|14338|3239|26391|5434|16639|3418|9752|3209|111069|10375|67905|8360|43164|5626|23077|4249|15958|3503|7119|1935|70893|8540|55920|7091|14973|2919|27335|4602|18903|3483|8432|2544|87204|10985|53283|7405|33921|5814|10067|3082|7398|2319|2669|1330|24543|4430|15943|2881|8600|2406|37945|6093|24697|3652|13248|3352|21288|4713|17070|3867|4218|1829|20446|3747|18302|3417|2144|1092|14850|3400|12487|2853|2363|1079|595841|14678|257291|9452|338550|9657|48007|5017|30139|4221|17868|2583|145038|9640|62596|5288|82442|5705|25460|4310|12421|2701|13039|2866|256312|13577|105583|7473|150729|8976|23138|4624|11727|3118|11411|2615|35999|6936|16694|3582|19305|4760|37288|6109|20717|4116|16571|2950|367306|15662|252764|11316|114542|8613|61984|6578|41827|5320|20157|3008|111250|11932|70514|8014|40736|5480|14392|3364|12497|3080|1895|815|24821|4979|15560|3497|9261|2506|16277|4169|14152|3888|2125|914|5449|2056|4778|1937|671|403|628|382|337|260|291|233|2097|990|1816|980|281|193|14778|4270|9162|2665|5616|2438
04000C2US08|2519295|4386|2167512|15269|231370|13989|159795|10308|71575|6803|6302|1631|5116|1455|1186|623|10|22|10|22|0|220|1455|814|1373|761|82|139|3474|1693|2938|1435|536|579|7898|1623|7258|1564|640|386|1379|666|1263|630|116|144|564|325|479|321|85|144|9666|2839|5235|2034|4431|1733|4078|1297|3817|1277|261|243|345|452|233|290|112|187|2348|1248|1039|584|1309|887|398|340|398|340|0|220|3568|2449|2152|1679|1416|1002|929|734|761|674|168|306|3848|1409|3326|1196|522|464|950|626|698|448|252|400|1082|801|570|491|512|581|301|299|264|270|37|62|3410|1779|1578|902|1832|1251|3070|1143|2497|836|573|485|1247|694|1247|694|0|220|3352|1745|3060|1647|292|295|2388|1473|2285|1451|103|146|11191|2127|5904|1419|5287|1868|3466|1504|2118|1111|1348|656|6028|2122|3935|1623|2093|860|1520|927|1215|808|305|257|12643|3780|5890|2073|6753|2327|135|157|58|99|77|123|1917|1171|870|541|1047|925|1792|1459|770|650|1022|914|3885|1412|2695|970|1190|731|1772|849|1074|595|698|634|5444|2364|3621|1716|1823|1681|1494|1092|1467|1095|27|56|2612|1512|1094|826|1518|1156|1020|952|1020|952|0|220|1733|1716|373|410|1360|1670|195|143|111|110|84|96|254|128|211|116|43|70|1250|864|1101|915|149|162
04000C2US09|2256343|4698|1831097|13844|195889|9225|128894|7904|66995|6235|16539|3030|13521|2869|3018|978|7801|2603|4837|1765|2964|1511|16821|3695|12740|3088|4081|1186|17721|3322|12172|2218|5549|1727|4343|859|3694|849|649|357|771|433|771|433|0|222|3234|937|2575|963|659|331|6002|1631|4429|1280|1573|786|23630|4012|13800|2591|9830|2593|2782|1262|1735|776|1047|752|5885|2600|3781|1581|2104|1227|48|81|48|81|0|222|2576|1555|1892|1200|684|538|2860|1364|1998|1070|862|545|8136|2624|7447|2409|689|505|7696|2570|5726|2196|1970|1067|1475|978|1016|776|459|410|5004|1914|3036|1166|1968|1229|4495|1550|2929|1043|1566|994|11461|2501|8053|1907|3408|1746|4045|1575|3251|1426|794|519|4109|1603|2572|1084|1537|1032|3987|1875|3550|1717|437|416|19490|3183|11631|2418|7859|1788|1754|1074|1220|872|534|488|4296|1662|2363|1280|1933|793|22|50|0|222|22|50|4925|1869|2869|1292|2056|1074|2971|2204|1204|936|1767|1524|2152|1191|1232|847|920|494|2519|1030|1592|834|927|454|6114|1836|3859|1143|2255|1023|560|484|484|430|76|133|8810|3231|5280|2157|3530|1651|1483|890|1377|873|106|119|1048|657|794|516|254|321|4660|2208|4158|2182|502|428|1009|676|800|579|209|330|0|222|0|222|0|222|781|566|540|427|241|261|5342|3423|4364|2902|978|750
04000C2US12|14754495|16295|9997143|44124|3545262|28032|1981951|24268|1563311|23541|72790|6392|54899|5417|17891|2688|336042|19416|189370|12667|146672|12146|30814|4144|24271|3433|6543|1558|137855|12365|90920|8794|46935|5637|41749|4537|37800|4470|3949|996|11866|2552|10393|2289|1473|994|13747|2519|10091|2015|3656|1090|53716|5846|30496|3698|23220|4637|19058|3948|14318|3363|4740|1189|9989|3234|7048|2404|2941|1667|20907|4207|11879|2645|9028|3042|772|437|486|396|286|224|7131|2609|5649|2308|1482|686|20545|4180|15198|3237|5347|1891|19199|4042|15564|3582|3635|1351|18778|5367|14513|4047|4265|2088|4001|2517|2951|1807|1050|932|9535|2866|5576|1800|3959|1702|7045|2435|4878|1643|2167|1487|24186|4989|17974|3734|6212|2005|12182|3375|10663|3059|1519|794|8327|3002|7478|2803|849|804|12172|3727|10044|3244|2128|973|50048|6254|24761|3613|25287|4089|9260|2150|5395|1762|3865|1237|10536|2631|5112|1806|5424|1567|8|15|8|15|0|243|51498|6771|21296|3520|30202|4727|1933|1172|1128|747|805|530|7598|1928|3711|1263|3887|1133|10124|3026|6692|2517|3432|1293|45334|5003|34963|4100|10371|2269|6793|2464|5007|1738|1786|1056|57419|8904|42525|6902|14894|3812|24515|5894|21548|5520|2967|1130|1980|1302|1648|1181|332|361|7055|2892|5634|2231|1421|1195|1873|1019|1873|1019|0|243|47|94|47|94|0|243|571|406|548|405|23|26|33092|6276|26114|5746|6978|1945
04000C2US13|6671261|8577|5462811|26989|642735|13548|361616|11664|281119|10542|28484|5135|21664|3831|6820|2519|14817|3603|11286|2909|3531|1491|4180|1423|3579|1228|601|534|20488|5202|14968|4091|5520|2123|12667|2434|11511|2295|1156|568|3253|1111|3137|1089|116|106|1009|557|1009|557|0|226|10081|2246|6228|1575|3853|1267|2866|1750|2043|1287|823|616|7534|3243|5830|2934|1704|731|6385|2533|3751|1479|2634|1195|82|139|82|139|0|226|12075|3152|6820|1883|5255|2255|21211|4580|14695|3604|6516|1853|28448|4771|23169|4045|5279|1793|10306|2616|7396|1812|2910|1085|2878|1852|1213|682|1665|1515|10949|3548|6931|2631|4018|1480|8081|2814|5631|1873|2450|2010|14055|3778|9638|2761|4417|1673|20732|3702|17240|3377|3492|1276|12816|3437|10864|2962|1952|1077|7256|2225|5783|1984|1473|859|48006|5819|22951|4032|25055|3017|5587|1558|3061|1116|2526|911|41536|4773|18203|2948|23333|2914|1918|1241|781|598|1137|1031|50917|5249|16842|2886|34075|3903|2187|1207|1331|906|856|490|5950|2277|2971|1280|2979|1466|14797|3973|8090|2740|6707|2011|9922|2208|5994|1471|3928|1460|3005|1598|2348|1094|657|561|17528|5590|13590|4903|3938|1336|2593|1833|1987|1465|606|581|29534|6994|18044|4618|11490|3844|47475|8247|39996|7470|7479|2263|13503|4177|9387|2948|4116|2475|0|226|0|226|0|226|426|331|395|309|31|54|10178|2934|8222|2152|1956|1545
04000C2US17|6501747|10074|4910550|25073|907516|20870|560756|15735|346760|12158|14642|3320|11349|2965|3293|1307|2529|1340|2118|1173|411|415|18265|2730|12373|2177|5892|1425|4167|2198|3419|2021|748|515|12361|1534|10817|1452|1544|687|2192|1028|2032|999|160|202|16760|2696|12997|2171|3763|1634|30718|5175|18304|3573|12414|2706|114790|8703|64049|6033|50741|5118|16732|3262|11783|2763|4949|1339|41617|6818|21650|3379|19967|4517|1918|1024|1501|805|417|445|4590|1633|3056|1272|1534|741|32933|5846|18068|3574|14865|3216|22144|3935|18379|3221|3765|1284|38370|6146|28839|4823|9531|2491|1677|891|975|600|702|539|2898|1440|2825|1420|73|120|6095|1796|4511|1456|1584|747|35610|5489|22741|3913|12869|3052|12857|3107|11139|2775|1718|844|7701|1908|6304|1597|1397|782|12277|3325|8648|2399|3629|1394|33856|3787|18444|2521|15412|2284|5577|1793|3646|1253|1931|977|23083|3493|10272|2036|12811|2689|66|114|0|206|66|114|11240|3040|4868|1301|6372|2112|2668|1322|1333|872|1335|699|4388|1395|2272|883|2116|893|10301|2828|5804|1908|4497|1842|46711|4418|36526|4346|10185|2216|3592|1540|2161|1026|1431|935|52042|7134|33704|4950|18338|3721|2721|1339|2656|1319|65|76|9407|3302|6918|2714|2489|1354|15183|4326|12991|4058|2192|1192|3447|2038|3134|1862|313|517|171|283|171|283|0|206|216|228|216|228|0|206|5169|1779|3627|1356|1542|961
04000C2US18|3001299|12702|2738184|16494|136486|9652|86082|7058|50404|6160|7784|2502|3521|1316|4263|2239|4297|2786|2115|1921|2182|1775|772|471|646|476|126|154|2362|1723|2085|1694|277|267|12474|3339|10623|3053|1851|1091|13159|3320|11049|3128|2110|773|2194|1050|1532|851|662|481|2653|1246|1391|819|1262|927|3521|1280|2862|1180|659|450|3280|1452|2574|1347|706|359|3392|1687|2270|1139|1122|713|0|208|0|208|0|208|999|682|794|622|205|184|4356|2092|2956|1463|1400|1148|3602|1647|2805|1327|797|667|2036|1118|1410|832|626|514|8007|2895|4112|2207|3895|1563|407|435|125|220|282|258|1324|893|1188|809|136|252|2599|1158|2453|1171|146|116|1037|960|940|907|97|188|994|725|852|569|142|245|370|437|233|242|137|256|6849|1987|4018|1226|2831|1201|2984|1331|2101|1186|883|631|2967|1129|1484|733|1483|602|129|218|0|208|129|218|4827|1730|2499|1352|2328|952|873|705|451|381|422|366|793|529|496|421|297|299|1772|1060|824|558|948|623|4644|1264|3918|1144|726|423|1538|1426|915|977|623|493|5133|2243|3082|1206|2051|1370|60|103|60|103|0|208|1570|1031|1417|1011|153|257|6142|2621|4913|2199|1229|804|3131|1980|2518|1509|613|650|0|208|0|208|0|208|209|195|209|195|0|208|1389|972|1319|953|70|115
04000C2US24|4479553|12754|3484715|24087|460754|13972|237308|10653|223446|10019|53192|8319|39666|7099|13526|3589|10416|4280|7419|2419|2997|2388|6266|1810|4656|1589|1610|786|11549|3739|7731|2176|3818|2048|10020|1789|9171|1749|849|557|3778|2190|3407|2097|371|441|5266|2391|4507|2289|759|398|12837|2677|7614|1788|5223|1482|2346|1638|1911|1377|435|545|1662|1000|1501|870|161|226|6515|3019|3699|1991|2816|2009|1058|718|692|495|366|345|11653|2697|6750|1716|4903|1543|10286|3330|6632|1935|3654|1821|18086|3325|15153|2879|2933|1179|19665|4195|13651|3182|6014|1778|7161|2892|5323|2425|1838|1000|11282|3344|8280|2556|3002|1297|13213|3163|8980|2070|4233|1507|6533|2691|5591|2563|942|541|8796|2089|7875|1996|921|554|3554|1348|2811|1195|743|560|5433|2092|4546|1820|887|574|50329|4817|29558|3785|20771|2833|6780|2618|5618|2468|1162|611|29328|3957|12114|2126|17214|3035|232|291|232|291|0|225|18107|4238|7810|2148|10297|2812|2532|1794|1311|1243|1221|764|2167|777|1159|511|1008|511|10222|3218|5857|1706|4365|2580|28939|4142|19156|3068|9783|2474|5324|1938|4071|1596|1253|675|20754|4858|14251|3501|6503|2485|3559|1142|3138|1088|421|371|34150|6347|22658|5150|11492|3046|57456|9056|46498|7850|10958|2987|14350|3935|12625|3549|1725|1069|0|225|0|225|0|225|186|159|186|159|0|225|9102|2967|6285|1849|2817|1743
04000C2US25|5112177|6407|3920464|21266|423440|14043|239846|10451|183594|10672|31043|4015|24714|3405|6329|1504|61663|7669|38672|5694|22991|3475|19823|3526|13987|2946|5836|1629|207771|15929|113694|9423|94077|9316|9367|1883|8826|1692|541|363|1562|779|1362|747|200|240|13907|2605|9978|1887|3929|1775|21672|3231|14239|2638|7433|1764|11821|2433|8230|2034|3591|1241|3070|1157|2447|1123|623|432|9176|2329|5956|1727|3220|1206|4696|1631|3427|1450|1269|667|6273|2576|4810|1973|1463|924|9751|2786|7079|2084|2672|1079|22859|4596|21086|4139|1773|929|7659|2286|5985|1772|1674|850|3306|2022|2425|1597|881|788|5012|1877|3817|1470|1195|833|9279|2682|6772|2054|2507|1160|19537|4083|12504|2608|7033|2360|14227|3741|11564|3050|2663|1590|11124|2857|9121|2379|2003|1023|6061|1900|4729|1475|1332|934|94119|6729|49049|4479|45070|4840|5011|1321|3409|1044|1602|701|11178|2518|6536|1529|4642|1641|251|371|123|210|128|167|20453|4327|9552|2603|10901|2534|21358|4593|8941|2760|12417|2890|7422|2969|3239|1960|4183|1541|8870|2862|6191|2013|2679|2118|8115|2230|6426|1911|1689|759|1167|613|779|520|388|295|34248|5768|22928|4430|11320|2841|7055|2622|5903|2100|1152|811|4539|1835|3021|1394|1518|1023|9950|2585|8223|2295|1727|951|17688|4054|14523|3651|3165|1614|0|225|0|225|0|225|400|306|400|306|0|225|5790|2638|4045|2079|1745|1081
04000C2US26|5601021|7239|5078939|19569|134606|6742|89578|4977|45028|4704|10267|2045|7908|1811|2359|724|616|475|380|256|236|380|8736|1783|5453|1232|3283|1245|7565|2265|5354|2146|2211|905|19719|3337|17667|2980|2052|787|5771|2123|3620|1434|2151|1253|3576|1183|3039|1148|537|319|7996|2557|4587|1316|3409|1660|12360|3218|9914|2969|2446|802|5511|2406|4244|2226|1267|599|11448|3060|5739|1382|5709|2292|515|365|387|289|128|149|1949|1015|1192|692|757|499|7505|2864|4583|1862|2922|1368|9199|2180|7987|2019|1212|559|12978|3338|10333|3135|2645|1566|5571|2128|3819|1772|1752|834|16227|5944|10486|4585|5741|2633|5067|1775|3617|967|1450|1003|29425|4852|18242|3305|11183|2728|7850|2552|5483|1554|2367|1664|5073|1391|4002|1200|1071|528|4562|1888|3946|1710|616|495|20921|3139|11733|2047|9188|1725|4967|1302|2524|773|2443|976|7758|2430|4152|1297|3606|1386|2914|1682|2505|1585|409|389|11510|2721|4944|1529|6566|1946|800|581|503|460|297|319|1508|621|808|390|700|473|2179|1146|934|681|1245|693|9653|2355|6459|1316|3194|1879|2545|987|1689|744|856|606|88492|9482|52098|7574|36394|6503|1366|797|994|570|372|365|21926|4690|13404|3091|8522|2562|5668|2359|5284|2487|384|450|2741|1701|1421|793|1320|1330|0|184|0|184|0|184|558|359|445|344|113|117|2484|1048|1963|844|521|493
04000C2US27|2736260|4476|2432050|13104|102198|7873|67781|6805|34417|4715|7224|1966|5576|1873|1648|742|2388|2943|1496|1738|892|1231|644|431|251|182|393|372|948|409|727|325|221|206|9112|2281|8152|2158|960|417|1492|690|1300|692|192|158|111|178|111|178|0|157|5678|1930|3943|1754|1735|635|1378|660|950|568|428|285|1193|664|922|574|271|181|2991|1205|1588|622|1403|862|0|157|0|157|0|157|897|689|578|389|319|345|1807|1042|1440|855|367|357|3264|1233|2707|1177|557|484|466|476|348|359|118|178|850|955|850|955|0|157|1549|874|1164|720|385|404|3065|1311|2418|1141|647|482|3037|1702|1716|678|1321|1606|3923|1901|3764|1927|159|256|2748|1253|2663|1245|85|153|1279|781|1279|781|0|157|12792|2715|8446|2065|4346|1229|2164|1193|895|805|1269|907|1789|754|959|527|830|478|34007|3948|21786|2924|12221|2412|12686|2979|5881|1794|6805|1740|3168|1396|1886|1028|1282|678|4106|1551|2258|1099|1848|747|2607|1426|1775|1028|832|465|6319|1837|5124|1695|1195|522|406|309|304|258|102|128|9788|3621|6825|2879|2963|1159|265|181|248|176|17|32|28127|5371|19030|4522|9097|2068|12954|4022|9029|2850|3925|1918|9705|2178|5464|1835|4241|1517|0|157|0|157|0|157|2195|684|1928|643|267|225|2890|1352|1499|771|1391|875
04000C2US29|3122710|5535|2912698|11918|81873|5820|50943|4944|30930|3721|4291|1247|3725|1179|566|461|380|424|380|424|0|197|1710|639|1117|456|593|405|1691|767|1260|642|431|277|8650|1750|7024|1564|1626|672|3322|1341|2304|1108|1018|653|1052|459|930|411|122|201|4358|1723|2422|1086|1936|975|1167|844|513|401|654|528|14468|3922|8614|2630|5854|1818|2460|1457|1586|1012|874|646|351|378|230|299|121|197|1343|872|689|569|654|517|1736|1012|1394|842|342|420|4316|1630|3791|1536|525|340|2054|1237|1854|1126|200|220|951|780|513|417|438|392|731|593|670|541|61|105|1917|1227|1570|1149|347|334|4055|1838|2416|1049|1639|975|4610|1776|3570|1396|1040|915|1748|966|1653|942|95|106|1384|716|1115|533|269|269|14626|2825|6591|1711|8035|2076|3339|1502|1798|871|1541|984|3100|1219|1427|584|1673|942|1078|914|816|809|262|382|4282|1583|2027|777|2255|1063|258|406|258|406|0|197|2139|1547|1131|703|1008|1017|3059|2147|2223|1922|836|652|5180|1763|3595|1427|1585|986|2558|929|1666|911|892|292|6033|3137|4117|2027|1916|1324|1068|680|905|645|163|194|1474|1321|830|1122|644|655|4958|2383|4551|2337|407|388|5465|2553|4356|2258|1109|917|5|9|0|197|5|9|189|125|189|125|0|197|583|348|495|331|88|132
04000C2US34|7821538|8530|5356237|30510|1237929|21714|663609|16654|574320|14553|27787|4778|20978|3373|6809|2449|53125|7735|31595|5377|21530|4936|45757|4486|29754|3246|16003|2475|72938|8054|45014|5796|27924|4351|14604|2268|12551|2019|2053|683|13936|4757|12164|4360|1772|1349|14710|3139|11661|2576|3049|998|45005|5130|28087|3638|16918|2784|55364|6803|35240|4852|20124|3356|13720|3529|9483|2909|4237|1769|27135|4673|14227|2534|12908|2990|3949|1546|3089|1238|860|519|8003|2557|4482|1451|3521|1579|82395|7824|53803|6122|28592|3533|70685|7172|59944|6346|10741|2117|34045|5412|27474|4609|6571|2016|13818|3668|8728|2588|5090|1655|22644|4886|13614|2892|9030|2592|25722|4075|22802|3874|2920|999|26834|4737|19683|3867|7151|2126|35140|4293|28542|3818|6598|2338|28032|4749|23706|3830|4326|1738|20140|3825|16872|3397|3268|1208|112017|7907|64003|5254|48014|4611|12209|2464|7120|1981|5089|1280|72780|6736|31843|3858|40937|4804|0|225|0|225|0|225|20262|4745|7068|1914|13194|3656|637|646|362|439|275|273|2348|1149|1039|761|1309|776|21579|3891|13054|3061|8525|1794|68528|6224|50876|5057|17652|2611|7673|2533|4367|1954|3306|1484|71058|9181|48186|7563|22872|4054|18488|4229|16584|3962|1904|807|2815|1531|2041|1255|774|654|38259|6912|33971|6595|4288|1587|3605|1473|3000|1260|605|485|0|225|0|225|0|225|569|473|351|378|218|219|19057|3574|15306|3212|3751|1205
04000C2US36|8118794|7330|6491911|28489|819800|16828|473451|16563|346349|12969|34906|4834|28363|4079|6543|1770|57900|7909|39119|6688|18781|3935|56342|5042|41166|4289|15176|2039|27747|5573|19559|4467|8188|2172|23246|4274|20524|4108|2722|808|59998|7680|29021|4428|30977|5091|21929|3988|17366|3688|4563|1089|30892|5637|21748|4171|9144|2465|26091|4690|18648|3450|7443|2113|9665|2463|6967|2086|2698|990|15984|3534|8782|1933|7202|2417|2917|1658|1975|1255|942|685|13116|3267|9112|1966|4004|1938|11936|3468|9891|3270|2045|905|30868|6491|22345|4559|8523|2887|32526|5626|22037|4122|10489|2569|11480|2859|7605|2065|3875|1210|14571|3573|8841|2208|5730|1982|8746|2233|5324|1486|3422|1315|28010|5833|21363|4782|6647|1681|5192|2146|4276|1755|916|562|7119|2641|5718|2501|1401|724|16960|3658|12225|2653|4735|1678|87309|6758|44730|4224|42579|4603|8579|1809|5827|1675|2752|947|31718|3752|14692|2307|17026|2453|0|218|0|218|0|218|6933|1766|2892|947|4041|1378|1040|674|513|360|527|415|3228|920|1883|593|1345|612|14486|3507|8633|2447|5853|1626|27061|4010|21313|3543|5748|1477|1761|776|1349|680|412|235|28214|5517|19724|4184|8490|2185|16835|4200|15065|3970|1770|932|3666|1775|2339|1148|1327|845|13587|3149|11315|2771|2272|916|3561|1525|2680|1134|881|907|0|218|0|218|0|218|224|207|179|196|45|60|10740|2838|7941|2531|2799|1081
04000C2US37|4656466|9057|4093957|17652|369765|13276|218555|10460|151210|9461|10979|2463|7658|1832|3321|1480|3001|1689|1520|967|1481|1060|4342|1673|3775|1631|567|360|5752|2292|4263|1914|1489|1232|12458|3019|10362|2352|2096|1476|3762|1451|3600|1396|162|152|2271|979|2040|940|231|196|5780|1770|3025|1111|2755|1295|1967|826|1811|764|156|160|2123|1637|1539|1083|584|612|4592|2249|1749|820|2843|2090|79|132|79|132|0|222|2440|1595|1731|1102|709|616|7633|2237|4309|1436|3324|1244|13107|3587|10135|2861|2972|1345|2452|1879|1856|1727|596|510|104|190|104|190|0|222|2406|1317|1934|1098|472|469|7015|2633|6123|2404|892|531|6178|1921|4940|1642|1238|778|9564|2320|7735|1995|1829|1074|5059|2294|4410|2202|649|468|2528|1462|2175|1124|353|436|15428|2942|8427|1854|7001|1775|2811|1360|1645|863|1166|671|5044|1512|2435|974|2609|1038|7002|1468|4542|1439|2460|837|5474|1898|2441|1070|3033|1296|1374|1039|847|705|527|531|3058|1100|1367|662|1691|745|4474|1980|2294|1107|2180|1181|9336|1953|7123|1664|2213|725|1486|818|703|456|783|699|7688|2494|5616|1898|2072|992|773|831|724|810|49|80|1268|764|339|308|929|641|5200|3053|4723|2919|477|471|4791|3196|4015|2959|776|989|118|179|0|222|118|179|854|690|304|242|550|626|973|669|648|472|325|317
04000C2US39|6625106|9039|6129808|19517|155208|8505|98815|5788|56393|5254|14037|3785|8960|2243|5077|2404|1808|1167|290|312|1518|1112|7672|1612|6053|1451|1619|738|3739|1600|3263|1574|476|268|20703|3641|16977|2761|3726|1655|22213|4522|14247|3396|7966|2548|6048|1618|4716|1539|1332|601|13621|2820|8090|2007|5531|1529|3672|1045|2729|821|943|670|8993|2368|5867|2187|3126|918|14331|3545|6762|1811|7569|2484|297|339|249|266|48|81|3066|1200|920|561|2146|951|4863|1662|2923|1255|1940|771|11212|2335|9230|1964|1982|854|5900|2240|4447|1699|1453|778|5646|3147|3628|2232|2018|1399|3549|1485|2837|1191|712|589|19990|5676|10913|3880|9077|2545|12768|3045|9352|2467|3416|1332|10798|2878|7586|2314|3212|1216|6782|2100|4986|1562|1796|1251|5474|1781|5046|1695|428|399|25216|3848|14878|2918|10338|1948|7888|2035|3207|1115|4681|1736|6385|1837|2949|889|3436|1394|30|49|30|49|0|208|10787|2922|6057|2224|4730|1341|2313|1259|523|362|1790|1107|3431|1042|2123|829|1308|569|7285|3609|5102|3054|2183|1119|12383|3004|7811|2001|4572|1726|1502|542|1042|395|460|359|29068|6433|20379|5230|8689|2384|2400|1178|2031|1133|369|492|6432|2317|4656|1674|1776|902|11040|3495|9317|3174|1723|827|1600|1012|1248|958|352|329|12|22|12|22|0|208|626|580|386|362|240|257|4510|1299|3469|1046|1041|694
04000C2US41|1846117|4276|1567897|13816|180069|12815|107801|7600|72268|8154|3280|1125|3071|1132|209|215|68|91|14|3|54|92|999|896|561|401|438|568|1435|906|1066|864|369|278|6190|1575|5158|1418|1032|482|686|534|686|534|0|217|432|298|432|298|0|217|8946|3736|6333|2550|2613|1556|498|338|241|230|257|296|1139|1216|445|442|694|818|2505|950|1261|567|1244|533|0|217|0|217|0|217|1840|933|1286|666|554|432|183|295|183|295|0|217|3357|2012|3344|2013|13|23|1131|715|1062|662|69|113|1159|842|593|473|566|434|1947|1109|1572|909|375|391|2128|1708|1518|1421|610|638|3583|1666|2970|1370|613|446|1591|1024|1360|906|231|228|1691|1058|1491|903|200|238|586|440|586|440|0|217|15659|3039|8843|1890|6816|2010|2930|1265|1809|685|1121|872|4828|1699|2393|1004|2435|1034|2482|1378|1739|1189|743|553|6258|1885|2726|877|3532|1597|1378|1686|1258|1671|120|207|2436|1249|1651|1019|785|708|1316|707|865|423|451|368|4185|1418|3094|1069|1091|691|3839|1806|2391|1135|1448|1150|2468|1416|1756|963|712|619|664|597|664|597|0|217|2098|1242|1537|1115|561|530|0|217|0|217|0|217|756|747|586|578|170|204|355|566|355|566|0|217|320|254|320|254|0|217|805|504|652|430|153|187
04000C2US42|8039984|8252|7195871|20186|307077|10842|183564|8575|123513|6806|18521|3143|14942|2332|3579|1462|12154|3674|6031|2005|6123|2283|18408|2591|14206|2093|4202|999|14490|4070|10318|3133|4172|2273|22904|2837|18830|2588|4074|1626|54011|8749|37523|6650|16488|4144|9333|2105|6911|1644|2422|930|29863|6141|17417|3668|12446|4051|12072|2601|7854|1992|4218|1396|5673|1927|4207|1657|1466|679|16146|5096|9943|3624|6203|2411|1813|772|1418|635|395|264|4909|1526|3772|1353|1137|555|20195|3853|13172|2797|7023|1972|21024|3746|16641|3197|4383|1673|9715|2652|7320|2125|2395|1045|4031|1952|3128|1632|903|484|11538|2823|6798|1696|4740|2204|21374|3150|12465|2342|8909|2186|10836|2920|8109|2302|2727|1187|14813|3296|11503|2665|3310|1366|11034|3297|9730|3027|1304|686|7320|2180|5510|1822|1810|802|48108|4982|28162|3648|19946|3301|4804|1458|3667|1305|1137|465|16934|3152|7238|1687|9696|2059|254|310|79|97|175|220|17778|3374|8446|2002|9332|1925|3831|1673|1481|699|2350|1311|3484|1527|783|401|2701|1449|9877|3325|5376|2260|4501|1706|12300|2610|9370|2192|2930|989|1804|728|953|422|851|608|26505|5321|17532|4248|8973|2425|2949|1410|2730|1322|219|204|4687|2066|3155|1775|1532|897|17799|3928|13169|3614|4630|1834|6645|2325|5053|1846|1592|1057|0|190|0|190|0|190|257|220|198|192|59|102|6843|2212|5397|1990|1446|888
04000C2US45|3472924|7448|3167807|13969|193549|8862|107573|7595|85976|7142|6813|1562|5956|1401|857|582|1910|1693|675|557|1235|1611|4066|1470|3121|1236|945|696|5045|2115|2836|1201|2209|1525|12594|3524|11248|3343|1346|527|1184|623|1157|618|27|45|1015|610|789|477|226|280|8588|2457|5657|1902|2931|993|2589|1387|1675|1011|914|634|302|294|302|294|0|225|7006|2859|4373|2159|2633|1863|329|544|56|93|273|452|302|227|76|86|226|198|3534|1620|2424|1022|1110|1017|1525|1013|1451|946|74|129|754|825|754|825|0|225|889|863|798|836|91|155|231|271|163|240|68|116|1769|1246|1210|773|559|671|3681|1377|3074|1287|607|450|2972|1672|2561|1532|411|375|3737|2316|2444|1587|1293|924|2664|1693|2071|1430|593|562|3958|1483|2059|875|1899|1103|2254|1171|1621|910|633|740|2224|1338|1661|1212|563|380|1539|1593|1020|1204|519|521|5875|2350|2327|1043|3548|1744|1081|764|236|281|845|649|2008|971|841|463|1167|747|1526|1445|1172|1254|354|403|7084|1872|5277|1617|1807|992|976|515|590|466|386|263|2323|1024|1991|929|332|376|270|307|36|58|234|308|1477|1803|1065|1240|412|594|1035|731|931|718|104|186|3125|2506|1425|918|1700|1858|0|225|0|225|0|225|445|510|406|504|39|51|869|480|704|449|165|195
04000C2US47|2952312|6555|2768184|11496|107437|8526|65564|5930|41873|4762|4696|1840|3665|1470|1031|618|279|357|279|357|0|226|487|371|390|313|97|123|1969|946|1544|790|425|304|4484|1378|4113|1377|371|259|2020|1368|1716|1348|304|425|701|613|643|529|58|107|2153|1233|1967|1177|186|320|861|580|430|330|431|352|129|153|129|153|0|226|3620|2701|2040|2048|1580|864|0|226|0|226|0|226|1411|819|980|702|431|450|4460|1719|2874|1364|1586|866|3611|1675|2772|1183|839|888|637|493|411|349|226|324|520|518|379|342|141|225|1146|765|1010|689|136|159|1117|800|509|451|608|724|1612|742|1367|679|245|212|1720|1101|1125|928|595|610|913|736|710|608|203|281|912|524|595|411|317|334|5910|1369|2830|892|3080|973|1217|631|738|475|479|497|2835|1142|1373|657|1462|663|60|107|60|107|0|226|3063|1539|2123|1165|940|660|592|536|592|536|0|226|3098|1637|1658|988|1440|918|493|337|449|326|44|55|3508|1366|2602|1132|906|604|1353|776|1007|581|346|400|9096|3569|3800|1531|5296|2941|303|453|303|453|0|226|589|569|400|370|189|229|1730|1148|1283|824|447|537|1508|1593|1187|1265|321|391|0|226|0|226|0|226|67|99|67|99|0|226|1811|1074|670|551|1141|845
04000C2US48|13087777|19430|8824341|50902|3191887|44235|2003420|34842|1188467|31495|29944|4064|23900|3719|6044|1886|4155|1590|3499|1500|656|552|4911|1172|4073|1107|838|462|24812|6261|19816|4907|4996|2098|24049|2875|21909|2686|2140|790|7195|2689|6638|2633|557|398|2028|924|1680|852|348|318|21728|4630|14494|3507|7234|2695|4302|1563|3369|1350|933|629|7990|3455|6802|3145|1188|732|9173|2434|5721|1845|3452|1459|1174|680|820|529|354|382|26249|5882|18197|4568|8052|2355|21141|4129|13288|2674|7853|2196|61214|7434|50178|6409|11036|3069|57153|7338|40780|5345|16373|3924|7455|3049|4115|1757|3340|1914|19532|4723|14224|3762|5308|1931|35836|6234|25223|4676|10613|2722|16172|3965|12204|2938|3968|2012|51832|6319|43370|6051|8462|2417|34176|5962|29468|5479|4708|1531|39927|7211|27890|5220|12037|3008|95894|9703|46751|5813|49143|5988|8677|2690|5068|1659|3609|1307|41410|5316|20765|3466|20645|3664|165|255|165|255|0|236|150914|16236|61501|9910|89413|9659|5059|1758|2190|975|2869|1223|11516|3637|5994|2652|5522|1818|15230|4465|8223|2609|7007|2554|57193|6764|42292|5565|14901|2703|7681|2277|6182|1989|1499|715|56146|9918|41321|7677|14825|3996|1431|769|1249|694|182|290|22634|6602|15592|4465|7042|3048|58170|8310|50725|7205|7445|2556|21465|6265|18203|5235|3262|1464|34|66|34|66|0|236|1463|662|1412|659|51|73|4319|1741|3334|1354|985|826
04000C2US49|2044438|4113|1738425|12102|204744|10281|124736|8089|80008|7437|4946|2010|4255|1773|691|449|143|202|143|202|0|206|2441|1068|2050|910|391|517|9728|2791|7487|1872|2241|1439|4448|1033|4028|1025|420|340|1594|910|1460|914|134|164|809|482|458|329|351|246|3049|1162|2281|1051|768|409|645|450|466|343|179|211|1808|1425|1068|1069|740|447|492|334|336|236|156|187|465|343|465|343|0|206|2862|1548|1986|1058|876|672|141|232|31|54|110|182|2107|1496|2107|1496|0|206|1181|1023|869|975|312|268|1299|1095|865|776|434|355|0|206|0|206|0|206|2662|2743|1967|2046|695|732|2029|720|1944|696|85|99|563|588|508|580|55|95|1356|776|1172|701|184|219|574|711|509|662|65|109|11349|2272|7023|1720|4326|1108|3211|1203|2473|991|738|488|2403|1047|1913|818|490|376|169|196|64|108|105|165|5093|1593|2264|811|2829|1034|1473|919|561|410|912|633|1471|656|730|493|741|464|785|660|567|464|218|234|4760|1837|3109|1124|1651|987|11718|2511|10029|2184|1689|756|5150|2817|3624|1870|1526|1054|307|301|307|301|0|206|580|673|452|534|128|154|712|640|712|640|0|206|4971|2408|3611|1913|1360|871|1481|1154|1383|1157|98|99|14|29|14|29|0|206|280|205|280|205|0|206
04000C2US51|4976173|10092|3906085|19425|471415|12323|275169|10477|196246|10398|18142|3007|14724|2470|3418|1484|2411|1278|2356|1270|55|96|4674|1548|4314|1543|360|239|8875|2391|6828|1870|2047|876|14308|2192|12694|1904|1614|675|3386|1418|2980|1276|406|343|3832|1612|3098|1247|734|627|15357|4514|11233|3726|4124|1492|1791|790|1398|713|393|248|2374|1351|1640|1121|734|415|5520|1971|4462|1715|1058|681|831|868|831|868|0|216|37284|7186|23443|4607|13841|3805|7560|2687|4757|1317|2803|1928|29603|4573|25609|4246|3994|1098|39038|6225|26888|4348|12150|3214|8738|3039|6226|2374|2512|1224|13846|3938|8443|2278|5403|2177|17400|3895|11387|3068|6013|2060|14479|3465|10960|2637|3519|1199|22579|3912|20023|3782|2556|875|9812|2538|8071|2197|1741|811|6284|2047|5602|1834|682|521|44593|5192|25989|3531|18604|2798|7574|2191|5195|1657|2379|862|41581|4962|19146|3177|22435|3265|180|175|180|175|0|216|37725|6094|16122|3898|21603|3376|4461|1407|2141|880|2320|1096|9413|2306|6138|1959|3275|1059|16138|4493|9712|2418|6426|3547|23809|3517|17689|2813|6120|1427|6154|2397|4411|2053|1743|719|54291|7604|38287|6547|16004|2879|238|288|238|288|0|216|35672|6122|24871|4568|10801|2538|19698|3138|16090|2384|3608|1627|4897|2298|3960|1762|937|884|71|39|21|38|50|4|133|159|76|131|57|94|3921|1317|2359|748|1562|939
04000C2US53|3799753|8468|3001152|21949|349394|15227|215695|10445|133699|9109|10021|2219|7725|1833|2296|953|368|338|217|219|151|258|3414|1426|2621|1141|793|704|7895|2504|6576|2088|1319|678|10900|2167|9805|2049|1095|521|2615|1224|2399|1144|216|209|1542|844|1215|677|327|291|33786|5793|19043|3948|14743|3222|1722|894|1110|500|612|565|4082|2520|2317|1463|1765|1347|18424|5236|8546|2345|9878|3972|581|453|369|289|212|351|11052|3149|8466|2734|2586|986|3496|1786|2691|1416|805|756|18590|3436|15806|2919|2784|1165|5314|2428|4473|1960|841|614|10439|2910|6856|2297|3583|1309|1965|1151|1383|826|582|526|6674|2281|5077|1841|1597|907|10010|1963|7822|1732|2188|778|10834|2995|9400|2740|1434|723|7654|2397|6528|2098|1126|658|6956|2102|6492|1956|464|375|60641|5033|34032|3598|26609|3044|11585|2226|7623|1713|3962|1180|27877|4418|13668|2779|14209|2766|1557|863|948|549|609|496|35461|6300|17477|3691|17984|3568|6853|2251|2988|1114|3865|1739|6771|2392|2913|1025|3858|1680|5778|2445|2757|1102|3021|2090|30432|4200|21719|3483|8713|1831|21502|4147|14799|3129|6703|1920|13936|4480|10774|3629|3162|1541|1629|1031|1479|975|150|182|20646|4842|12190|3528|8456|2151|2848|1222|2217|1006|631|592|8545|2482|6715|2305|1830|899|82|115|82|115|0|217|2529|1240|2414|1219|115|123|2201|754|1900|724|301|288
04000C2US55|2500233|5096|2323554|8811|71015|6220|48133|5011|22882|3266|4502|1484|3434|1090|1068|946|58|82|58|82|0|159|1657|773|1435|710|222|185|2938|1569|2374|1442|564|500|15400|2401|12008|2017|3392|941|3773|1381|3227|1307|546|239|2073|1625|2073|1625|0|159|2290|1046|1308|621|982|733|3407|1404|2416|1068|991|1017|1685|593|1298|550|387|317|2107|1065|1663|985|444|333|111|185|111|185|0|159|1296|870|857|627|439|401|1062|791|804|557|258|303|4842|1816|4153|1588|689|603|512|372|426|357|86|118|2264|1519|1804|1436|460|434|395|648|176|290|219|362|3498|1355|2778|1254|720|438|5757|1741|4510|1539|1247|572|1794|996|1673|972|121|166|1908|1278|1247|767|661|708|1803|958|1503|857|300|258|4001|1242|2575|898|1426|563|1408|821|1102|647|306|246|2011|1029|1288|831|723|398|16155|4092|10965|3732|5190|1848|1835|1157|989|750|846|638|60|111|0|159|60|111|632|409|263|211|369|315|1987|1108|1195|816|792|616|2887|996|1916|819|971|476|439|319|296|237|143|157|3602|1447|2569|1203|1033|518|499|415|499|415|0|159|802|532|427|293|375|313|1711|1219|1651|1194|60|109|549|451|464|420|85|165|0|159|0|159|0|159|634|340|599|321|35|49|1320|765|1058|651|262|243
04000H0US27|1198881|1800|1115694|5862|48571|3159|23290|2720|25281|2821|977|372|908|362|69|77|27|30|27|30|0|157|387|204|387|204|0|157|382|319|177|154|205|218|5334|1443|4473|1229|861|378|940|495|641|397|299|186|50|66|50|66|0|157|504|345|387|298|117|80|122|97|98|70|24|40|24|26|24|26|0|157|739|407|351|212|388|321|0|157|0|157|0|157|115|192|115|192|0|157|46|87|46|87|0|157|288|208|240|188|48|67|13|24|13|24|0|157|39|71|0|157|39|71|0|157|0|157|0|157|146|161|107|146|39|39|483|193|383|152|100|111|356|648|181|333|175|315|27|50|27|50|0|157|0|157|0|157|0|157|1095|452|792|421|303|215|554|254|512|233|42|105|330|200|298|199|32|52|1223|381|642|327|581|196|946|461|227|143|719|447|447|277|188|132|259|200|797|496|247|331|550|341|6705|2223|2377|956|4328|1512|617|276|431|231|186|122|1019|356|294|174|725|357|576|330|435|252|141|107|189|180|175|179|14|24|3483|1291|1001|785|2482|1276|844|413|424|248|420|223|545|504|84|139|461|420|0|157|0|157|0|157|3604|783|3066|820|538|309|643|278|478|192|165|202
04000H0US42|1674624|998|1567215|6384|44963|3517|27629|2564|17334|2305|2013|574|1711|564|302|198|663|613|460|436|203|203|1750|778|1211|721|539|393|2167|1166|1391|720|776|623|6824|1481|5190|1337|1634|473|21727|2827|15227|2367|6500|1338|653|412|548|351|105|122|4914|2724|3065|1686|1849|1350|1798|756|765|576|1033|491|210|154|148|121|62|74|2041|1032|1572|1014|469|437|0|190|0|190|0|190|26|41|26|41|0|190|600|840|424|556|176|293|342|313|334|313|8|19|685|511|563|473|122|163|48|89|48|89|0|190|0|190|0|190|0|190|318|154|156|113|162|74|1141|591|845|445|296|252|242|168|216|143|26|36|198|213|147|177|51|67|0|190|0|190|0|190|4810|1518|2299|980|2511|1221|394|240|249|187|145|146|908|578|678|528|230|222|0|190|0|190|0|190|452|442|420|441|32|45|132|150|71|126|61|84|314|372|300|372|14|23|927|741|605|538|322|246|1388|584|1083|541|305|238|227|272|111|174|116|161|2474|1703|2077|1655|397|276|268|212|161|146|107|109|13|28|13|28|0|190|651|416|637|416|14|14|405|266|361|256|44|83|0|190|0|190|0|190|29|58|0|190|29|58|694|403|377|270|317|263
040C201US01|2793409|21146|2586303|20426|118575|6426|66190|4537|52385|4890|4879|1585|4671|1544|208|283|684|579|641|570|43|61|1404|1203|929|852|475|765|2145|1296|1483|980|662|629|7489|1761|6081|1619|1408|592|1444|990|1208|938|236|283|436|388|349|285|87|145|1080|631|759|513|321|334|360|322|286|245|74|122|489|571|405|507|84|145|805|792|499|502|306|336|78|132|78|132|0|210|1196|1030|888|919|308|335|2369|1150|1666|793|703|535|3404|1774|2483|1241|921|721|2380|1345|2030|1204|350|339|1145|946|935|897|210|333|1130|791|612|417|518|611|1314|873|1147|784|167|176|1297|673|906|524|391|330|2110|910|1857|824|253|253|488|402|257|252|231|317|199|247|199|247|0|210|9367|2030|4387|1083|4980|1477|1474|584|745|444|729|446|10324|2145|3341|1096|6983|1944|0|210|0|210|0|210|7913|2204|4372|1496|3541|1259|554|524|176|321|378|415|729|422|461|309|268|259|1132|821|581|454|551|479|3255|1123|2043|941|1212|534|433|281|374|273|59|70|5254|2001|3766|1630|1488|1425|52|94|52|94|0|210|49|57|0|210|49|57|2297|1738|1633|1049|664|799|2540|1648|1218|753|1322|1100|0|210|0|210|0|210|67|60|67|60|0|210|4766|2531|3683|2202|1083|1051
040C201US04|6231961|20271|4610700|28854|1239208|24591|832501|20801|406707|15510|20774|5789|17539|5133|3235|1360|158|190|158|190|0|232|7836|2205|7103|2137|733|364|5533|1520|4841|1374|692|401|15856|2653|13595|2305|2261|959|4313|1267|4249|1255|64|104|2546|1156|2360|1120|186|186|7215|1929|4953|1515|2262|1080|5470|1816|4018|1497|1452|708|5927|1975|3140|1354|2787|1504|3946|2124|2750|1584|1196|846|2274|1565|1191|804|1083|1008|9078|3231|5937|2012|3141|1365|2690|1051|2160|838|530|394|14005|3579|12751|3334|1254|919|2025|1047|1775|974|250|208|2180|1477|1349|933|831|714|2250|1143|1974|1080|276|334|7347|3441|6037|2997|1310|745|14265|3913|10511|2721|3754|1649|11656|3896|9708|3485|1948|1364|8527|2797|7690|2652|837|445|4046|2017|3117|1564|929|621|31381|4497|17139|2590|14242|2905|9853|2704|6245|2122|3608|1431|13440|4031|8689|3483|4751|1536|605|659|406|390|199|302|23582|5697|10556|3302|13026|3021|2480|1107|1385|721|1095|720|5524|3512|3532|2681|1992|1100|5495|2252|3076|1590|2419|1293|27145|3809|20449|3089|6696|2077|6641|1757|3929|1197|2712|1403|25836|6390|16726|4886|9110|3256|2754|1115|2407|1066|347|297|11613|4448|8781|3354|2832|1645|5348|2794|4923|2717|425|368|22964|7242|13702|5190|9262|4488|19472|3260|15781|2956|3691|1394|4033|1384|3355|1247|678|537|3970|1630|2735|1394|1235|856
040C201US06|34735506|36617|18724379|68770|10134321|58046|6141437|46450|3992884|43288|123107|8354|105408|7460|17699|2543|8839|2761|6510|1989|2329|1575|48559|4842|39720|4285|8839|1888|94584|8692|68140|7531|26444|3696|87499|6687|76413|6297|11086|1721|21378|3641|19680|3539|1698|523|22142|3618|18709|3452|3433|1080|173367|11394|97661|7730|75706|7468|22267|3620|17822|3323|4445|1307|24043|6057|17707|4706|6336|2190|56161|7749|34095|5709|22066|3887|199262|12419|109605|8117|89657|8518|243450|15910|149968|11980|93482|7943|52180|5866|39156|4546|13024|2794|209492|14389|174007|13898|35485|4520|66940|9080|48763|7421|18177|3469|165827|13769|104515|10374|61312|6962|37420|5782|25333|3988|12087|3139|64937|7589|49108|6139|15829|3120|71507|8086|48724|5575|22783|4119|72221|8410|59907|7139|12314|2999|65860|6288|60179|5750|5681|1672|49929|7478|41047|6337|8882|2133|1282782|23158|610294|16188|672488|14795|127141|9689|76031|6983|51110|4850|348128|18528|156402|10612|191726|10418|68504|7983|35037|5009|33467|5638|561412|20436|233896|11691|327516|13436|69596|8519|33535|4949|36061|4909|76110|8404|35470|4161|40640|6183|80259|8352|44160|5243|36099|5185|758643|20755|512748|17201|245895|9855|127031|8852|85067|6743|41964|4528|201453|14623|135106|10872|66347|6633|44378|6333|36743|5682|7635|2243|55480|6256|34821|4805|20659|3461|36874|6374|31109|5929|5765|1724|15282|4343|11522|2815|3760|2776|720|416|565|371|155|140|5542|1677|4819|1649|723|405|36500|6313|19454|4237|17046|3826
040C201US08|4764399|18996|3960011|23850|549391|17679|353714|13663|195677|10538|15980|3386|12956|3067|3024|1088|298|464|298|464|0|220|2470|886|2152|773|318|292|6249|2485|5502|2246|747|611|14431|2286|13065|2229|1366|646|3380|1106|3200|1024|180|208|2549|1917|2417|1906|132|167|17587|3533|10223|2531|7364|2209|5781|1858|5224|1581|557|463|1400|684|1073|574|327|288|5660|2049|3277|1392|2383|1218|398|340|398|340|0|220|6545|2477|3448|1475|3097|1477|1876|896|1725|845|151|142|7424|1785|6213|1483|1211|631|1929|966|1383|826|546|505|1997|1973|768|541|1229|1661|1426|1225|828|716|598|591|5804|2312|2668|1066|3136|1663|7153|2045|5820|1675|1333|827|3818|1384|3400|1210|418|328|4130|1516|3696|1480|434|378|4203|1819|3942|1827|261|269|18978|2750|11339|2205|7639|1909|5780|1851|4013|1482|1767|767|12495|2563|8178|1952|4317|1170|1820|970|1398|864|422|261|19965|4735|8996|2353|10969|3184|1633|1220|972|831|661|620|3068|1267|1337|614|1731|1066|5956|3027|3399|1712|2557|1499|10819|2199|8138|1731|2681|1031|5282|1910|2785|1597|2497|1080|14585|3901|9408|2490|5177|2578|1905|1125|1878|1130|27|56|15157|3555|8610|2672|6547|1959|4142|1984|3233|1648|909|676|3324|1901|1827|936|1497|1672|1256|802|1180|794|76|53|988|440|890|428|98|117|5356|2873|4432|2186|924|1133
040C201US09|2959456|12556|2182517|21093|428023|12850|251370|10501|176653|10240|20961|4012|15887|3116|5074|1913|24866|5889|15104|4832|9762|2693|19724|3676|14292|3198|5432|1191|45527|6438|22050|3211|23477|4910|5010|926|4195|970|815|430|1056|460|986|433|70|112|5550|1547|4301|1300|1249|604|7259|1706|5317|1449|1942|796|27261|4452|15426|2921|11835|2809|5411|2098|3137|1414|2274|1417|8689|3223|5133|1929|3556|1790|48|81|48|81|0|222|2789|1442|2055|1094|734|543|3770|1525|2603|1175|1167|643|10704|2691|9355|2545|1349|587|9188|2608|6510|2166|2678|1326|1811|1030|1170|770|641|577|9436|3026|5693|1909|3743|1495|7074|2239|4529|1458|2545|1311|16311|3281|11759|2838|4552|1920|5588|2008|3599|1365|1989|1266|5032|1875|3001|1146|2031|1268|4196|1866|3759|1707|437|416|28120|4205|16703|2455|11417|2548|2095|929|1411|710|684|554|4975|1710|2724|1281|2251|847|22|50|0|222|22|50|9124|2539|4813|1626|4311|1588|3077|2215|1323|948|1754|1490|3652|1472|1073|799|2579|1093|5478|3268|3129|1912|2349|1493|8077|2179|4984|1314|3093|1167|922|658|846|600|76|133|12052|3485|7184|2316|4868|1825|2261|1130|2112|1113|149|144|998|652|744|517|254|321|7943|2970|6808|2850|1135|770|1981|1332|1214|886|767|978|0|222|0|222|0|222|1080|664|839|545|241|261|9798|4053|7192|3382|2606|1348
040C201US10|803108|11115|662330|12791|71814|4372|36356|3456|35458|3853|3231|1623|2223|1229|1008|849|5304|2906|3098|1771|2206|1451|1511|570|1125|540|386|276|866|538|552|411|314|278|1282|489|1170|480|112|137|1199|1318|1199|1318|0|204|573|637|352|377|221|289|2358|1407|1627|1276|731|523|1554|937|733|511|821|579|59|95|59|95|0|204|1117|865|880|831|237|247|35|58|35|58|0|204|221|336|126|185|95|154|4020|1948|2307|1281|1713|986|4166|1934|3682|1810|484|367|1581|843|1180|732|401|449|1643|1814|933|945|710|925|2631|1506|2341|1388|290|296|1410|1301|1353|1292|57|100|633|308|524|316|109|174|3147|1691|2493|1467|654|568|870|689|870|689|0|204|925|609|920|609|5|11|5043|1798|3031|1346|2012|911|796|598|504|455|292|371|873|631|380|289|493|374|0|204|0|204|0|204|1314|855|602|444|712|533|100|172|100|172|0|204|445|365|102|110|343|328|485|682|199|295|286|394|3309|1443|2467|1049|842|681|272|291|64|81|208|273|4518|2422|2617|1426|1901|1536|7|1|7|1|0|204|29|64|29|64|0|204|8039|3543|7124|3133|915|597|1747|1183|1586|1150|161|159|0|204|0|204|0|204|46|75|46|75|0|204|1605|918|1406|819|199|300
040C201US11|640460|5|516502|8164|56833|5385|37527|4737|19306|2700|11081|2557|9381|2132|1700|913|1743|1370|1720|1366|23|39|2038|794|1825|750|213|281|3190|1882|2894|1923|296|272|3052|1225|2900|1163|152|197|927|665|927|665|0|244|618|445|618|445|0|244|2189|869|2189|869|0|244|385|310|385|310|0|244|702|641|488|449|214|259|754|455|632|433|122|155|175|226|175|226|0|244|2002|862|1351|615|651|552|672|471|672|471|0|244|2042|844|1763|776|279|291|1381|922|1356|907|25|43|67|74|67|74|0|244|178|154|178|154|0|244|525|366|449|350|76|124|884|488|774|434|110|115|157|242|157|242|0|244|236|158|190|141|46|75|141|167|141|167|0|244|5300|1205|3764|968|1536|653|304|301|233|276|71|116|2800|1137|1953|1014|847|579|0|244|0|244|0|244|974|522|391|215|583|467|0|244|0|244|0|244|494|407|422|357|72|121|1936|1235|1277|854|659|466|1726|988|1381|977|345|397|912|784|409|386|503|535|1798|889|1798|889|0|244|591|390|545|386|46|76|7744|3113|5397|2484|2347|1433|4519|1821|4274|1870|245|267|1181|847|1076|717|105|172|0|244|0|244|0|244|0|244|0|244|0|244|1707|1316|946|828|761|890
040C201US12|19531123|36785|13175252|53332|4644776|29534|2580699|28462|2064077|22573|102767|7737|78594|6421|24173|3512|454328|20796|246101|13580|208227|13622|49040|4909|39486|4306|9554|1839|199131|13768|130470|10147|68661|6869|55482|5114|49519|4773|5963|1347|14009|2656|12498|2418|1511|999|17953|3098|13495|2563|4458|1323|77476|7947|45121|5598|32355|5133|26904|4587|19358|3863|7546|1821|17497|3336|11771|2384|5726|2113|32029|5214|19704|3706|12325|3357|1241|623|1022|630|219|199|12541|3793|10042|3016|2499|1391|25846|4504|18952|3293|6894|2145|29883|5046|24378|4270|5505|1681|23690|5487|17939|4213|5751|2162|4835|2598|3587|1911|1248|1018|13041|3342|8124|2075|4917|1867|11164|3438|8449|2601|2715|1646|34294|5258|24679|3991|9615|2497|16882|3918|14292|3386|2590|1095|13128|3671|11206|3243|1922|1538|16693|4519|14346|4038|2347|1032|73278|6943|36480|4582|36798|4555|13214|3411|8099|2361|5115|1876|14547|3440|7201|2331|7346|1969|8|15|8|15|0|243|69792|8067|30474|3926|39318|5687|4367|1603|2604|1104|1763|815|13951|3673|5587|1593|8364|2575|19836|4175|12911|3366|6925|1898|70155|5944|53577|4627|16578|2784|8627|2378|6050|1681|2577|1033|81847|10541|60459|8000|21388|4265|28641|5908|25600|5518|3041|1141|4994|2589|3925|2397|1069|685|11677|3706|10007|3252|1670|1234|4962|2267|4708|2047|254|322|39|87|39|87|0|243|430|307|407|308|23|26|40876|6569|32207|5886|8669|2202
040C201US13|7625519|27985|6183336|38893|757763|14187|427920|12522|329843|11156|34142|5363|26691|4092|7451|2523|19001|4612|15023|3605|3978|1837|5471|1516|4806|1373|665|519|29469|5906|19866|4354|9603|3355|16999|2617|14977|2529|2022|828|5050|2022|4853|2032|197|150|2015|862|1623|623|392|553|13157|2728|8628|1996|4529|1385|3319|1873|2615|1472|704|598|8028|3127|6297|2827|1731|742|6448|2014|3770|1263|2678|1060|357|359|357|359|0|226|15109|3420|9235|2240|5874|2267|26341|5246|18361|4297|7980|2015|34587|4824|29001|4370|5586|1822|13370|3061|9762|2321|3608|1251|3446|1896|1641|929|1805|1537|13774|3704|9143|2826|4631|1556|10701|3256|7499|2031|3202|2248|14656|3776|10381|2938|4275|1558|23843|3991|20089|3582|3754|1331|16779|3742|14154|3257|2625|1140|7851|2133|6411|1864|1440|890|60680|6874|31690|4741|28990|3506|8813|2167|5476|1632|3337|1090|48620|5124|22214|3282|26406|3131|676|621|296|257|380|447|53068|5074|17855|2974|35213|3754|2302|1259|1398|917|904|508|6831|2195|3794|1279|3037|1427|16906|3989|9934|2736|6972|2022|14745|2688|9298|1810|5447|1915|4812|2409|3776|1946|1036|699|22138|5799|16986|5049|5152|1555|4202|2069|3575|1773|627|577|32626|6909|20609|4932|12017|3732|52181|8202|44267|7222|7914|2327|18352|4491|13249|3595|5103|2545|0|226|0|226|0|226|604|367|491|349|113|153|12951|3441|10628|2668|2323|1509
040C201US17|10309542|20666|7493244|32105|1633453|18815|994247|17389|639206|16261|32826|5508|24590|4423|8236|2393|6797|2650|3706|1416|3091|1973|25232|2998|17737|2564|7495|1461|9804|2532|8198|2343|1606|745|23527|2798|21174|2704|2353|836|3401|1485|3191|1472|210|248|23218|2832|17602|2482|5616|1761|47234|6831|27162|4431|20072|4323|159061|9835|86903|7062|72158|5908|26176|4923|18444|4047|7732|1878|61381|7717|32851|4261|28530|5314|2785|1161|2061|916|724|541|10038|2446|6762|1890|3276|1101|52113|7246|29658|5058|22455|4392|45728|5284|37983|4647|7745|1983|61796|7499|45027|5492|16769|3598|3505|1618|2502|1373|1003|682|7993|2907|6754|2530|1239|1182|14363|4613|7819|1965|6544|3736|54601|7288|34941|5881|19660|3828|22816|4178|19716|3740|3100|1091|14150|2720|12057|2428|2093|885|20127|4187|14482|2864|5645|1854|107969|7991|49844|4828|58125|5700|11945|2578|7253|1676|4692|1650|36298|4698|19033|3191|17265|2935|139|168|73|122|66|114|19220|3599|9334|1976|9886|2342|3428|1518|1822|976|1606|782|10002|2563|5035|1328|4967|1717|22577|4486|12118|2770|10459|2859|85644|6264|64408|5805|21236|3569|9809|2930|6871|2469|2938|1281|74565|8889|49812|6727|24753|4024|6913|2186|6817|2176|96|92|18619|4855|12183|3719|6436|2179|32519|6788|25728|5987|6791|2234|6472|2583|5333|2433|1139|855|194|285|194|285|0|206|643|444|643|444|0|206|7217|2069|4625|1558|2592|1154
040C201US18|4590428|21959|4021369|25983|316664|11093|176970|9262|139694|8413|16811|4444|7167|2077|9644|3468|9170|4304|3585|2157|5585|3310|3580|2183|3111|2159|469|409|3825|1869|3436|1828|389|261|9477|2227|8286|2131|1191|589|5186|1876|4621|1655|565|501|2334|1080|1672|898|662|481|4640|1518|2539|1241|2101|992|4552|1529|3651|1289|901|599|4639|1575|2980|1354|1659|684|4686|1932|3010|1274|1676|918|262|320|72|123|190|284|1338|724|942|627|396|256|6367|2512|4525|1952|1842|1191|9633|2745|8287|2569|1346|636|6487|2536|4706|1758|1781|1161|14212|4153|7671|2948|6541|1850|2953|2237|2036|1700|917|640|4415|1720|3528|1337|887|617|4637|1808|3637|1508|1000|822|3968|2163|2045|1075|1923|1801|4009|1398|3867|1349|142|245|1055|647|867|518|188|260|19817|3491|12165|2489|7652|1993|5750|1893|2752|1238|2998|1400|7068|1563|3075|1060|3993|1174|343|551|168|267|175|292|8024|2291|3322|1289|4702|1632|1069|758|571|440|498|392|3575|1661|1371|734|2204|1190|21466|3851|5920|2010|15546|2954|11001|2582|7061|1524|3940|1724|2628|1656|1435|1054|1193|871|13549|3729|6989|2109|6560|2695|242|322|242|322|0|208|4470|1787|2667|1286|1803|1098|13766|3814|11357|3485|2409|1133|8258|2948|6214|2261|2044|1254|0|208|0|208|0|208|363|284|363|284|0|208|2770|1502|1982|1088|788|1007
040C201US19|1896306|17529|1678828|18616|113656|6313|60418|5178|53238|4762|7876|2016|3357|1195|4519|1666|531|627|531|627|0|172|413|295|365|237|48|85|1051|743|1004|744|47|81|4424|1607|4086|1631|338|303|1038|568|735|438|303|331|273|309|273|309|0|172|1684|938|1030|650|654|529|53|86|53|86|0|172|5496|2180|2346|1264|3150|1627|678|396|474|277|204|281|0|172|0|172|0|172|809|609|493|434|316|322|742|992|742|992|0|172|2307|1005|1758|914|549|479|583|447|304|365|279|290|651|503|348|310|303|398|1086|497|618|355|468|206|3664|1850|1971|1137|1693|1218|1727|1357|616|442|1111|1259|2677|1410|2613|1357|64|120|973|997|914|999|59|85|1223|793|1135|798|88|152|7133|1893|3832|1309|3301|1288|983|462|835|432|148|151|1943|1042|1466|794|477|388|0|172|0|172|0|172|7051|2046|2658|1095|4393|1622|444|485|139|203|305|344|4979|1592|2348|957|2631|1112|8804|3717|1772|1080|7032|3409|3341|964|1559|801|1782|809|1964|974|1168|681|796|528|6589|2728|3782|1394|2807|2248|207|184|207|184|0|172|5960|1969|3801|1496|2159|1036|3033|1313|2509|1250|524|376|8954|3924|4285|2608|4669|2352|0|172|0|172|0|172|296|247|254|241|42|69|2182|1135|1778|977|404|385
040C201US20|1986859|13840|1695948|17209|197649|7619|116956|6689|80693|4941|4123|1779|3221|1534|902|599|501|463|36|65|465|460|727|356|514|266|213|174|1448|723|916|422|532|544|4830|1293|4080|1153|750|408|984|779|775|664|209|357|259|249|259|249|0|185|1900|1091|982|636|918|971|615|836|615|836|0|185|631|522|282|299|349|348|1261|954|754|571|507|764|32|71|32|71|0|185|2201|2019|1513|1192|688|920|1028|688|818|684|210|229|2009|955|1849|912|160|164|2071|1096|1830|1024|241|205|549|413|480|403|69|120|2223|1433|994|696|1229|1143|3617|1886|1997|1150|1620|1033|1171|751|976|685|195|244|2677|1045|2174|944|503|399|1272|1070|1115|878|157|228|186|225|97|162|89|152|9714|2148|4456|1317|5258|1631|3076|1297|2501|1132|575|386|2366|937|1156|632|1210|550|1409|1036|1198|892|211|220|10401|1981|3702|1133|6699|1611|736|519|445|330|291|249|4514|1802|2101|969|2413|1063|4188|1880|1758|1437|2430|1014|2982|1136|2229|912|753|431|2000|1124|1674|1096|326|228|4493|1748|2705|1021|1788|1241|0|185|0|185|0|185|3919|1610|1944|936|1975|895|1493|829|1356|731|137|238|4155|2248|3112|1702|1043|785|103|158|103|158|0|185|218|159|173|159|45|4|1180|586|681|449|499|375
040C201US21|2481300|17676|2244211|20773|124836|5731|64777|5704|60059|5530|9164|2613|6002|1633|3162|1538|2073|1545|764|641|1309|1396|603|362|568|355|35|58|1594|719|1429|663|165|172|4684|1391|3841|1301|843|459|848|520|746|492|102|135|175|155|175|155|0|206|2462|1035|1873|926|589|471|362|408|310|441|52|88|4877|2586|2152|1389|2725|1486|2507|1191|1944|1102|563|487|81|138|0|206|81|138|1859|1071|1276|789|583|470|1827|1342|1176|942|651|493|2219|1151|1477|855|742|548|664|480|537|418|127|208|253|195|253|195|0|206|568|621|174|205|394|585|5335|2304|2120|1232|3215|1684|3281|1713|2377|1725|904|608|919|424|551|301|368|236|689|515|660|508|29|41|2170|1431|2011|1359|159|199|5873|1397|3219|817|2654|1015|3845|1540|1715|1092|2130|960|1904|994|1057|673|847|481|42|75|42|75|0|206|2607|1132|931|475|1676|921|1589|1219|192|222|1397|1200|1495|1044|726|646|769|497|5435|2377|2675|1451|2760|1508|4481|1431|3265|1255|1216|503|883|631|539|410|344|272|10744|3907|7739|3125|3005|1365|217|261|130|227|87|150|2036|1424|1519|1186|517|472|4490|3352|2801|1982|1689|1570|15041|6627|6786|4064|8255|4181|0|206|0|206|0|206|193|258|193|258|0|206|2164|1294|1564|1096|600|479
040C201US22|3044447|20712|2734248|22355|178499|8292|91145|6275|87354|6480|32457|2803|28990|2606|3467|839|3974|2667|1857|823|2117|2389|848|356|759|338|89|88|6151|4237|2666|1352|3485|4074|3553|1186|2540|824|1013|661|635|470|635|470|0|221|337|272|152|157|185|219|1348|1138|1200|1111|148|158|0|221|0|221|0|221|1149|1254|1142|1255|7|16|802|471|632|413|170|179|13|23|13|23|0|221|1994|882|1045|561|949|464|1470|969|1164|811|306|290|3065|1331|2182|918|883|771|2034|1147|1315|681|719|626|166|271|88|147|78|132|1117|786|362|306|755|621|1676|927|1400|848|276|188|879|920|781|850|98|111|1536|1153|1536|1153|0|221|968|792|931|785|37|61|406|648|296|435|110|239|7287|2250|4599|1590|2688|1126|1011|549|796|519|215|198|1541|752|656|423|885|593|0|221|0|221|0|221|21005|2932|7757|1869|13248|2207|30|56|19|34|11|22|2798|1099|1716|761|1082|683|824|498|737|412|87|102|7516|2488|5447|2020|2069|830|2068|1384|1430|1032|638|523|13768|4130|9789|3083|3979|1554|317|370|317|370|0|221|1745|1747|793|686|952|1542|2251|1345|2251|1345|0|221|1847|1005|1182|791|665|713|82|161|82|161|0|221|252|289|252|289|0|221|780|550|719|530|61|74
040C201US24|4965547|18238|3781896|25632|548330|15080|286364|11645|261966|12041|67925|9030|51068|7963|16857|3903|15844|5106|9455|2887|6389|3079|8055|1953|6013|1737|2042|860|14215|4096|9443|2379|4772|2318|9963|1842|9088|1737|875|562|2489|1177|2227|1130|262|354|6161|2429|5371|2320|790|394|16784|3114|9950|2189|6834|1715|2351|1180|1752|830|599|541|2300|1223|2139|1116|161|226|8053|3221|4775|2228|3278|2012|1373|736|1007|525|366|345|15499|3130|8599|2074|6900|1702|12096|3378|8482|2029|3614|1835|21780|3543|18322|3042|3458|1256|22085|3962|15938|3263|6147|1612|6587|2737|4623|2215|1964|1052|11842|3007|8979|2480|2863|1207|17421|3695|10776|2411|6645|2712|7638|2388|6603|2091|1035|557|9443|2167|8102|2027|1341|706|4433|1774|3690|1630|743|560|7219|2773|5552|2042|1667|1152|66088|5704|38265|3715|27823|3895|9474|2723|6603|2445|2871|946|34432|4642|15560|2542|18872|3353|232|291|232|291|0|225|21127|4233|9448|2274|11679|2939|2574|1798|1353|1248|1221|764|2014|765|1158|620|856|423|12931|3750|7275|2008|5656|2766|31446|4148|20789|3064|10657|2496|5714|1898|4521|1566|1193|661|24339|5076|16727|3815|7612|2415|5758|1345|4866|1102|892|669|38656|6599|25025|5452|13631|3455|61781|9271|50306|8270|11475|3120|17015|4459|14006|3778|3009|1446|0|225|0|225|0|225|427|364|358|328|69|117|9757|2917|7055|1916|2702|1683
040C201US25|6062475|15504|4429218|26560|630439|12025|356779|10927|273660|11506|38790|4915|31105|4084|7685|1740|81904|8427|50412|6470|31492|4082|23452|3514|17150|2939|6302|1704|233838|16446|120703|9451|113135|9993|13348|2416|12267|2152|1081|670|2631|1138|2313|1119|318|297|18275|3391|13789|2659|4486|1866|31902|4620|20289|3645|11613|2250|12011|2655|8549|2164|3462|1231|3405|1150|2667|1130|738|455|11495|2506|7175|1813|4320|1397|6077|1932|4694|1774|1383|685|10384|3027|7636|2240|2748|1299|10351|2542|7555|1912|2796|1070|33724|5469|29480|4760|4244|1682|9263|2384|7326|1771|1937|951|4343|2132|3292|1662|1051|856|7368|2214|5540|1765|1828|948|12086|2685|8708|2056|3378|1297|26060|4465|16697|3171|9363|2642|14577|3661|12199|3049|2378|1525|12215|3116|10120|2584|2095|1033|7000|2032|5579|1641|1421|942|140560|8264|76520|5348|64040|5700|7461|1699|5332|1447|2129|703|17471|3168|11182|2201|6289|1865|251|371|123|210|128|167|40486|5863|16529|3425|23957|3862|22129|4687|9628|2828|12501|2918|8798|3245|3605|2024|5193|1742|13476|3274|10058|2669|3418|2130|9407|2428|7386|2189|2021|904|3322|1821|1531|744|1791|1369|40750|6352|27251|4709|13499|3103|8927|3266|7782|2769|1145|771|12729|3911|8304|3004|4425|1904|20856|4031|16773|3517|4083|1553|23423|5077|17349|4008|6074|2114|0|225|0|225|0|225|247|184|247|184|0|225|8026|2812|5822|2257|2204|1082
040C201US26|6920591|25158|6027236|27652|264560|9766|172094|7983|92466|7732|15489|2969|11867|2505|3622|1103|1396|785|926|555|470|535|9909|1758|6113|1187|3796|1336|9754|2336|5822|1531|3932|1900|19584|3195|17644|2949|1940|659|3340|959|2363|738|977|579|5654|1494|4755|1416|899|398|10668|2798|6153|1548|4515|1801|15271|3563|12456|3154|2815|915|8194|2574|6096|2367|2098|750|14803|3583|7823|1615|6980|2571|1670|776|1207|600|463|293|5423|2530|2814|1168|2609|1684|9781|3139|6447|2167|3334|1404|17087|3214|14540|3087|2547|938|15799|3567|12546|3064|3253|1638|6756|2408|5097|2156|1659|838|34255|6001|20100|4433|14155|3568|12072|3221|8942|2441|3130|1385|35241|5016|21898|3563|13343|2765|16847|3530|11617|2571|5230|2123|11402|2587|8863|2012|2539|1065|9579|2673|7600|2040|1979|1253|40099|4566|20484|3099|19615|2543|11679|2750|4772|1326|6907|2165|15309|3295|8487|2062|6822|1785|4764|2109|3557|1733|1207|730|15764|3076|6401|1795|9363|2124|1081|745|730|508|351|372|2038|970|989|563|1049|676|7303|1966|2717|1063|4586|1280|13446|2739|8902|1962|4544|1833|4121|1409|2873|1111|1248|712|170011|11651|89638|8996|80373|8449|1721|834|1295|603|426|370|27232|5148|15375|3270|11857|3177|11394|3017|9431|2811|1963|1152|8872|3680|3753|1550|5119|2868|0|184|0|184|0|184|743|416|611|406|132|141|3244|1092|2690|895|554|492
040C201US27|3840924|24654|3231149|26530|201720|8834|126548|7471|75172|6424|12351|2764|9031|2068|3320|2099|3377|3301|2512|2264|865|1254|1477|601|967|446|510|402|1909|689|1426|501|483|350|10001|2291|8665|2182|1336|593|1652|749|1502|711|150|157|584|473|548|461|36|61|10232|2383|6589|2025|3643|1379|2231|1019|1294|690|937|665|2761|1290|2197|1091|564|336|5469|1723|2878|945|2591|1206|78|139|78|139|0|157|1888|772|1352|517|536|425|4248|1766|3229|1633|1019|458|8195|2232|7027|2033|1168|656|742|574|617|484|125|177|1901|1548|1633|1300|268|376|2929|1252|2299|1031|630|511|6391|2248|5111|1874|1280|771|4996|1948|3067|1002|1929|1737|6791|2412|5782|2289|1009|589|5243|2057|4300|1632|943|925|4810|2705|4464|2646|346|384|24278|4184|15813|2931|8465|1777|4560|1952|2083|1044|2477|1240|4432|1278|2903|1008|1529|720|64434|5767|37034|4335|27400|3727|20507|3773|9433|2315|11074|2060|6058|1946|3008|1263|3050|1082|6388|1845|4415|1500|1973|786|16032|3824|6478|1764|9554|2643|10697|2788|7842|2338|2855|1036|2090|1017|1384|664|706|469|13312|4023|9117|3219|4195|1360|1019|650|1019|650|0|157|89790|9685|49018|6525|40772|6379|23339|5938|16255|4582|7084|2590|13384|2702|8411|2277|4973|1688|0|157|0|157|0|157|2703|933|2245|818|458|387|4776|1674|3399|1256|1377|964
040C201US29|4043822|19149|3697880|20291|144432|8935|90602|7244|53830|5439|10163|2442|7463|1889|2700|1196|2688|1352|2156|1269|532|456|2613|841|1800|667|813|408|2785|1249|1942|860|843|590|10391|2334|9354|2157|1037|403|1653|760|1607|755|46|74|1490|642|1368|607|122|201|6941|3206|3554|1501|3387|2075|2110|911|1533|607|577|517|15483|4247|9459|3010|6024|1838|3381|1527|2208|1060|1173|699|351|378|230|299|121|197|3687|1747|1381|724|2306|1348|1946|1071|1604|911|342|420|6956|1780|5425|1707|1531|630|3388|1300|2337|1070|1051|514|1000|791|585|464|415|401|1410|931|1196|718|214|301|3799|1611|2919|1636|880|619|6373|2794|4203|1866|2170|1174|6202|2101|4480|1461|1722|1191|2628|1148|2423|1063|205|211|1474|729|1205|550|269|269|19115|3288|9439|2146|9676|2213|5337|2075|3522|1448|1815|1044|5086|1450|2548|874|2538|1060|958|787|937|787|21|51|13275|2691|5173|1210|8102|2249|616|515|317|418|299|294|2623|1512|1398|661|1225|1028|3432|1914|2352|1833|1080|730|6996|1865|4839|1515|2157|1014|5349|1427|3714|1276|1635|580|9166|3586|5824|2137|3342|1770|1141|692|935|655|206|216|6746|4053|3911|2843|2835|1641|8180|2750|7222|2612|958|608|12614|4159|7549|2901|5065|2278|5|9|0|197|5|9|200|119|200|119|0|197|1759|757|1508|691|251|188
040C201US31|1334863|11178|1128861|12191|137788|6251|79311|5723|58477|3711|5679|1634|4281|1482|1398|787|30|53|0|174|30|53|137|120|94|118|43|12|726|684|726|684|0|174|1459|618|1226|535|233|220|1675|879|1675|879|0|174|254|271|184|241|70|118|2281|1181|1498|678|783|645|248|208|172|168|76|121|702|537|515|438|187|182|875|501|759|435|116|182|80|126|80|126|0|174|2568|1599|1231|744|1337|1037|0|174|0|174|0|174|1524|833|952|582|572|549|811|546|487|467|324|264|111|120|57|81|54|91|276|261|136|150|140|229|2343|1127|1135|795|1208|565|3119|1625|2234|1209|885|645|1226|791|1064|728|162|172|2551|1664|1761|973|790|812|389|278|301|235|88|98|4224|1307|3101|1126|1123|748|514|372|288|283|226|196|1198|647|570|434|628|399|0|174|0|174|0|174|9835|3082|5564|2157|4271|1592|54|74|0|174|54|74|1215|777|595|511|620|566|5566|2199|2245|987|3321|1594|1820|920|978|630|842|605|579|403|373|322|206|223|6684|2739|2959|1474|3725|1985|167|144|167|144|0|174|2962|1524|1383|1171|1579|979|1087|676|991|666|96|161|2549|1347|1836|1104|713|783|0|174|0|174|0|174|328|233|328|233|0|174|368|258|368|258|0|174
040C201US32|2833944|7526|1946938|19313|609170|10990|361664|10355|247506|10273|8403|2142|7136|2029|1267|672|587|472|412|420|175|242|2931|1508|1465|673|1466|1372|4694|1931|3702|1727|992|846|8602|2498|7443|2096|1159|701|1740|1064|1709|1062|31|51|1253|657|1028|521|225|227|5447|2096|3391|1119|2056|1374|2212|840|1636|793|576|488|3016|1650|1924|1497|1092|596|4281|1634|2342|873|1939|1018|2648|1265|1946|1084|702|520|5738|2456|3725|1743|2013|983|1495|1498|835|773|660|801|2307|1197|1939|1155|368|373|4256|3084|2911|2364|1345|1223|1771|1232|1274|982|497|424|1839|1190|1310|1020|529|512|1713|846|876|612|837|651|5311|2041|3756|1402|1555|1126|1057|707|926|681|131|143|337|351|294|297|43|71|544|525|481|504|63|101|34788|4677|16209|2561|18579|3047|5149|1533|2960|1064|2189|1024|15337|3377|7966|2151|7371|2421|88|147|0|232|88|147|12648|4029|5004|1693|7644|3221|1858|1411|811|558|1047|1057|6317|1708|3113|1179|3204|1028|3042|2182|1993|1332|1049|970|86516|8466|59523|6300|26993|3897|11121|2227|7580|1606|3541|1195|4798|1706|3113|1158|1685|820|2784|1174|2227|1076|557|499|13364|4348|9733|3380|3631|1622|1911|1251|1777|1159|134|194|1850|1656|762|737|1088|1462|512|606|455|599|57|94|585|393|475|340|110|172|2986|1773|2565|1693|421|338
040C201US34|8214565|17899|5360903|38135|1490359|21348|767628|17199|722731|16640|34496|5788|25884|4180|8612|2735|64601|8548|36678|6041|27923|5601|46047|4536|29796|3221|16251|2512|95776|8606|51261|5477|44515|5708|15492|2425|13202|2219|2290|751|20695|5393|17880|5030|2815|1525|14969|3110|11631|2544|3338|1021|44948|5132|28421|3598|16527|2890|55124|7032|35114|4949|20010|3418|13535|3437|9259|2891|4276|1784|26794|4515|14261|2578|12533|2793|4089|1573|3229|1271|860|519|7753|2525|4230|1414|3523|1576|87935|8103|57021|6284|30914|3909|81993|7754|70323|6879|11670|2103|34696|5528|27740|4547|6956|2083|15492|3965|10014|2736|5478|1894|27087|4880|15814|3095|11273|2640|26933|4063|23743|3874|3190|1005|27533|4858|19954|4013|7579|2158|37168|5044|29894|4275|7274|2602|28843|4843|24337|3976|4506|1779|22037|4005|18171|3567|3866|1386|125870|8455|73823|5465|52047|4815|13789|2949|7936|2101|5853|1665|73916|6916|33203|4058|40713|4633|0|225|0|225|0|225|22466|4616|8429|1920|14037|3584|637|646|362|439|275|273|2368|1141|976|760|1392|790|20455|3361|12027|2643|8428|1700|81863|6589|60223|5760|21640|2842|8094|2587|4887|2027|3207|1470|78144|9427|52727|7410|25417|4187|22906|4305|20640|4062|2266|858|4017|2102|3064|1915|953|706|48742|8677|43794|8518|4948|1635|4713|1932|3746|1473|967|757|0|225|0|225|0|225|520|452|411|393|109|132|20767|3738|16414|3340|4353|1399
040C201US35|1510999|12815|1053712|15875|378998|14118|269591|12561|109407|8356|3067|1170|2871|1116|196|136|342|375|170|251|172|280|1215|704|897|560|318|350|1703|761|1345|585|358|350|3092|953|2763|913|329|291|427|246|427|246|0|211|98|113|98|113|0|211|1101|672|704|511|397|363|297|291|180|235|117|153|143|212|126|208|17|32|284|317|284|317|0|211|0|211|0|211|0|211|1686|942|1396|792|290|248|576|462|449|337|127|197|1101|980|905|951|196|185|196|294|95|145|101|149|0|211|0|211|0|211|276|288|276|288|0|211|1601|1025|1410|957|191|220|403|386|339|302|64|104|487|475|460|449|27|49|538|612|371|377|167|291|281|470|281|470|0|211|5267|1960|3010|1315|2257|1033|860|639|483|366|377|328|2093|934|1317|687|776|488|0|211|0|211|0|211|2836|1245|1368|660|1468|761|0|211|0|211|0|211|1355|1306|995|952|360|423|43|70|43|70|0|211|6315|2049|5713|1960|602|401|775|415|440|259|335|273|5185|3292|3775|2815|1410|831|409|458|409|458|0|211|334|390|185|184|149|228|1539|1459|1539|1459|0|211|2583|1784|2456|1679|127|216|24508|3554|19481|3083|5027|1392|4915|1152|4157|1131|758|521|358|314|116|105|242|299
040C201US36|16140030|26356|10566503|56134|2669093|29839|1439038|26054|1230055|25703|124899|10042|97442|7794|27457|4377|170399|11851|104970|9018|65429|7066|110906|7405|79886|5703|31020|3379|57112|8129|40780|5738|16332|3786|36609|5067|34235|4857|2374|756|194321|14369|91579|10192|102742|8856|61650|6999|45845|6101|15805|2688|209604|15993|88647|9521|120957|10566|61647|8185|38224|6128|23423|3919|27846|4646|18014|3707|9832|2345|46651|7010|23689|4695|22962|4072|6063|1917|4525|1513|1538|771|29581|5212|18138|2900|11443|3235|22002|4163|16672|3675|5330|1636|63921|8978|48198|7024|15723|3331|77937|9664|47235|6476|30702|4790|26812|4617|16003|3162|10809|2253|164339|13364|73606|8504|90733|7890|28445|4507|15779|2881|12666|2733|85301|7940|57241|6344|28060|3515|10707|2688|8923|2216|1784|958|12063|3406|9027|3199|3036|1317|22748|3980|15776|2978|6972|2157|586876|17304|211386|8960|375490|13223|28400|4008|17159|2911|11241|2274|91220|7859|42867|4074|48353|5616|0|218|0|218|0|218|22138|3933|8559|2319|13579|2417|3086|1129|1135|617|1951|874|10916|2377|6122|1876|4794|1216|57869|6736|27610|4661|30259|3878|75508|7132|58768|5487|16740|2482|8001|2244|3973|1155|4028|1878|129080|14157|83812|10550|45268|6842|61302|8360|52458|8026|8844|2271|15740|3673|10509|2778|5231|1769|97725|11014|68267|8681|29458|4986|14023|3323|8941|2524|5082|1813|0|218|0|218|0|218|876|469|829|460|47|79|50111|6624|30680|4718|19431|4035
040C201US37|6813141|32980|5695115|38234|663788|19113|377658|16262|286130|11267|26601|4110|19996|3624|6605|1688|8441|3098|6281|2582|2160|1083|7272|2159|6146|1983|1126|585|14061|2880|9501|2277|4560|2008|18135|3268|15559|2657|2576|1549|3672|1206|3463|1172|209|175|4261|1353|3807|1245|454|304|11971|3641|6384|2193|5587|2157|3199|996|2912|907|287|224|3445|1860|2212|1196|1233|730|9145|2837|4343|1308|4802|2520|229|389|229|389|0|222|4444|1904|3348|1463|1096|661|13412|2765|8282|2138|5130|1429|25342|3705|21232|3301|4110|1107|9482|4061|7693|3733|1789|1008|1567|1031|1233|836|334|380|6599|2184|5015|1537|1584|922|15874|4148|10823|2845|5051|2553|12489|3156|9051|2100|3438|1961|28931|5210|22042|4175|6889|2502|9736|2895|7667|2310|2069|1330|6377|1945|5658|1716|719|488|38172|4085|22037|2979|16135|2167|7696|2141|5455|1844|2241|851|12826|2834|5648|1646|7178|1899|6204|1790|4686|1590|1518|702|23763|4183|9380|2423|14383|3150|4208|2020|2256|1233|1952|1013|5902|1806|2348|972|3554|1428|9585|2572|4558|1360|5027|1760|16908|3041|13434|2710|3474|1092|5017|1850|3230|1384|1787|711|26563|6163|18914|4638|7649|2100|1397|936|1300|900|97|120|14080|6982|7957|4797|6123|2872|15713|4883|12739|3880|2974|1799|12677|5185|8926|3864|3751|2614|152|189|34|57|118|179|1125|668|1015|667|110|109|7565|3087|5318|2394|2247|1158
040C201US39|8459473|24527|7687174|29273|278266|9830|166519|8074|111747|6617|25744|5382|15873|3217|9871|3145|6473|3057|2254|1515|4219|2077|9904|2042|7454|1819|2450|1013|7424|2414|5039|1714|2385|1604|16522|2637|14086|2368|2436|928|5627|1615|4458|1382|1169|753|7016|1603|5603|1502|1413|628|16871|3261|9451|2005|7420|2106|3972|1103|2814|870|1158|689|8530|2318|5646|2203|2884|901|15354|3563|6875|1801|8479|2564|243|325|195|248|48|81|7308|3213|4540|2949|2768|920|6763|2059|4269|1628|2494|871|17806|3608|14939|3344|2867|1194|7820|2400|5745|1806|2075|888|5523|3055|3505|2130|2018|1399|6562|2046|5176|1923|1386|750|35286|6379|16454|4214|18832|4099|13991|2957|9398|2137|4593|1574|16646|3471|12271|3110|4375|1377|7995|2542|5935|1965|2060|1313|5423|1746|4634|1532|789|665|38692|4721|22508|3757|16184|2541|10290|2085|4851|1280|5439|1778|10927|2461|5821|1435|5106|1598|186|187|186|187|0|208|14253|3178|7574|2318|6679|1532|3585|1907|1090|751|2495|1443|5403|1706|2844|998|2559|1126|12811|3932|7191|3086|5620|2240|16245|3352|10152|2127|6093|1900|2384|990|1904|882|480|426|47945|8205|31573|6093|16372|3801|3397|1277|3028|1222|369|492|31386|5682|18488|3870|12898|3543|25938|6613|19888|5307|6050|2269|7899|2514|4191|1581|3708|1797|0|208|0|208|0|208|515|392|372|229|143|214|7374|2015|4188|1269|3186|1477
040C201US40|2439627|14925|2079976|14980|253580|7577|153084|7024|100496|5934|3930|1167|3717|1148|213|196|1606|1103|1106|969|500|499|641|385|302|231|339|232|1805|853|1304|636|501|457|5821|1397|5084|1291|737|359|596|492|596|492|0|165|610|377|610|377|0|165|2853|1210|2027|979|826|546|143|137|143|137|0|165|280|246|280|246|0|165|1147|803|871|640|276|262|137|183|102|170|35|65|3533|1609|1830|954|1703|946|148|161|75|84|73|135|2963|1267|2327|903|636|771|1901|843|1470|817|431|387|358|319|358|319|0|165|1822|818|1237|539|585|448|1967|1196|877|512|1090|972|1876|724|1322|640|554|519|1295|1145|1116|1101|179|216|989|789|881|786|108|119|1970|726|777|365|1193|566|8241|1532|3752|939|4489|1210|1902|675|1267|516|635|373|2992|947|1868|826|1124|412|4939|1557|3844|1253|1095|723|17351|2828|7258|1474|10093|2051|0|165|0|165|0|165|1700|780|845|494|855|420|6201|1633|3122|950|3079|1047|3821|1172|2857|980|964|461|4221|2483|3264|2411|957|416|7006|2388|4575|1686|2431|1087|147|153|62|104|85|109|63|106|1|1|62|106|2659|1116|2056|943|603|417|1772|1123|1425|875|347|353|227|185|152|143|75|115|3915|927|3639|872|276|204|523|340|431|302|92|113
040C201US41|3235544|17337|2692028|19820|331223|11911|203326|8639|127897|8671|7828|1696|7539|1736|289|251|81|92|27|3|54|92|2024|1038|1399|622|625|624|2998|1188|2399|1108|599|342|10825|2044|9311|1865|1514|637|1928|1055|1928|1055|0|217|727|453|634|392|93|108|14588|4074|8991|2879|5597|1714|1725|1103|1463|1068|262|257|1440|1237|658|473|782|835|5762|1956|1897|823|3865|1535|958|1092|895|1054|63|102|3654|1418|2413|973|1241|782|255|321|255|321|0|217|5365|1990|4988|1922|377|314|1385|790|1316|728|69|113|2299|1292|1200|758|1099|685|3136|1238|2487|982|649|491|4399|1983|3293|1540|1106|885|6933|1772|5827|1516|1106|487|2361|1191|2037|1056|324|301|2610|1129|2410|986|200|238|1489|783|1428|789|61|101|33408|5054|17077|3032|16331|3680|8736|2067|5964|1405|2772|1097|7935|1978|4239|1272|3696|1284|2458|1167|1432|829|1026|643|21785|3594|9934|2030|11851|2529|2688|1876|2006|1770|682|726|5845|2552|3169|1459|2676|1666|3485|1212|2343|819|1142|608|10113|2670|7545|2066|2568|1343|8245|1641|5072|1205|3173|1165|8254|3020|5203|1958|3051|1412|1383|807|1227|793|156|270|7406|3264|5280|2728|2126|1076|523|493|354|419|169|208|2260|1455|1957|1317|303|249|491|631|491|631|0|217|1063|827|987|817|76|92|1445|676|1394|643|51|83
040C201US42|9382470|28649|7972625|36467|667885|15282|379107|12016|288778|11259|30373|4962|21160|3125|9213|3248|22731|5512|13968|4108|8763|2666|24819|2905|18094|2173|6725|1526|26043|6502|13723|3498|12320|4702|22759|2654|20485|2469|2274|578|12306|2866|10877|2693|1429|686|11122|2093|8079|1737|3043|1015|48483|7819|22913|4468|25570|5484|14911|2764|9503|2144|5408|1503|5594|1843|4089|1582|1505|693|24333|6184|12462|3511|11871|4152|2291|959|1782|773|509|320|5977|1831|4338|1593|1639|713|21021|3661|13820|2672|7201|1803|26861|3553|21284|3021|5577|1711|13008|3670|9422|2643|3586|1476|5225|2359|4056|1972|1169|570|15186|4211|8500|2254|6686|2788|27564|4703|14991|2490|12573|3745|14881|3496|10405|2629|4476|1438|16475|3553|12576|2903|3899|1383|13899|3456|12350|3159|1549|700|14366|4238|8884|2789|5482|1907|94859|7066|45142|4746|49717|4624|6983|1918|5167|1684|1816|676|24089|3840|10504|1834|13585|2594|455|514|228|245|227|284|32604|5073|14944|2595|17660|3213|6336|2011|2406|1000|3930|1587|5956|2288|2111|1019|3845|1775|17256|5180|9338|3469|7918|2669|16166|2908|12124|2360|4042|1268|4249|1720|2026|995|2223|1227|48093|7485|31111|5993|16982|3412|4450|1845|4057|1616|393|362|8506|2588|4312|1638|4194|1837|32369|7346|21449|5700|10920|3455|8719|2388|6068|1999|2651|1160|76|121|76|121|0|190|387|252|328|227|59|102|10179|2684|7012|2163|3167|1386
040C201US45|3460706|24863|3119736|23475|207466|10242|115203|7570|92263|7990|9669|2010|7731|1584|1938|1119|2032|1702|783|616|1249|1611|4343|1432|3483|1178|860|659|7539|2924|4014|1716|3525|1938|13842|3345|12676|3285|1166|489|1503|616|1476|611|27|45|1028|604|761|475|267|282|5698|1962|3938|1582|1760|697|1810|869|1177|617|633|539|247|255|205|264|42|69|3564|2011|2015|924|1549|1472|329|544|56|93|273|452|302|271|135|181|167|175|7383|2751|4953|1819|2430|1511|1894|999|1894|999|0|225|1295|1048|1295|1048|0|225|1057|878|966|858|91|155|923|755|765|683|158|190|1374|1153|846|587|528|669|4246|1423|3263|1234|983|568|3699|1772|3288|1649|411|375|3801|2322|2508|1597|1293|924|2664|1693|2071|1430|593|562|6086|1949|3043|1103|3043|1379|2575|1183|2043|1045|532|641|4771|2681|3276|1869|1495|975|1776|1703|1257|1323|519|521|7738|2700|2714|1146|5024|2049|1196|772|440|374|756|611|1950|881|960|512|990|481|1841|1620|1418|1449|423|457|9363|2348|7498|2132|1865|1008|1753|761|1406|751|347|247|4474|1797|3705|1619|769|615|396|346|338|329|58|99|1545|1796|1133|1230|412|594|1884|1105|1780|1098|104|186|3378|2489|1548|914|1830|1881|0|225|0|225|0|225|154|189|115|167|39|51|2382|1292|2193|1255|189|221
040C201US47|4370636|21192|3875108|25050|299889|10161|147903|9413|151986|7784|9360|2880|7533|2490|1827|712|3522|2528|1443|1101|2079|2073|1518|704|1080|519|438|471|4087|1737|2481|1081|1606|1345|7905|1878|6935|1835|970|438|610|342|574|339|36|59|829|532|645|406|184|250|4009|1603|3293|1456|716|590|1764|930|1446|828|318|299|1112|763|1018|737|94|107|6351|3745|3439|2360|2912|1729|0|226|0|226|0|226|3643|1626|2024|939|1619|1346|8627|2664|4621|1805|4006|1548|5225|1926|4492|1596|733|915|2057|1191|1602|1039|455|453|459|502|318|318|141|225|4074|2091|3391|1728|683|557|2834|1361|1692|924|1142|862|6245|2278|3594|1593|2651|1526|5560|2458|3976|2018|1584|910|1962|1214|1507|920|455|491|1808|1058|1262|818|546|426|15600|3053|8486|1807|7114|2428|2899|930|1924|710|975|478|3957|1456|1774|758|2183|900|80|106|60|107|20|36|8251|1806|4514|1280|3737|1137|2284|1088|1609|942|675|668|5569|1791|2863|1218|2706|1052|5719|2419|2717|1229|3002|1556|6668|1811|4906|1614|1762|770|1464|875|1096|704|368|400|29387|6677|15523|4544|13864|3707|1910|1691|1810|1659|100|168|10565|6763|4903|3575|5662|4190|7261|2623|5012|1842|2249|2067|6918|2979|3895|1884|3023|1677|0|226|0|226|0|226|111|137|111|137|0|226|3435|1343|1186|590|2249|1223
040C201US48|23684882|44372|14661736|66304|7083755|49349|4314440|44125|2769315|45691|70761|7533|58268|6995|12493|2642|11154|2797|9217|2476|1937|1181|9377|1762|7864|1679|1513|617|48302|8094|39603|7250|8699|2521|45723|4431|40900|3864|4823|1442|10143|2671|9106|2700|1037|570|6029|1980|5034|1841|995|591|32193|5398|22400|4204|9793|2474|8140|2068|6572|1919|1568|720|14531|4273|12277|3965|2254|881|14795|2714|10111|2426|4684|1470|2098|1349|1707|1286|391|386|51452|8590|30584|5339|20868|4804|43210|6658|29371|4540|13839|3109|117285|9778|98015|8596|19270|3963|90837|10850|65802|8050|25035|4832|9661|3105|5978|1914|3683|1879|30348|5209|22027|3833|8321|2433|60378|7668|43128|6003|17250|3419|33365|6105|22405|3997|10960|3782|87583|8885|74150|8467|13433|3045|57046|7719|47071|6704|9975|2574|59337|7615|43230|5505|16107|3648|188995|10109|99786|5926|89209|7808|21539|3768|14477|3086|7062|1594|66744|5817|35642|4328|31102|3850|952|715|795|674|157|265|245656|17635|104734|10447|140922|12322|8247|2368|3746|1379|4501|1491|19475|4235|10774|2980|8701|2251|31213|6182|16307|3460|14906|3759|97151|8268|73929|7058|23222|3441|25416|6692|20555|6584|4861|1521|111464|11580|80326|9722|31138|4863|5992|1910|5575|1905|417|420|48275|8226|28557|5569|19718|4310|97172|10331|84655|9273|12517|3201|42291|7888|33330|7005|8961|2895|416|571|416|571|0|236|3031|1281|2504|1058|527|400|11614|3693|9072|3231|2542|1418
040C201US49|2841296|11688|2370161|16040|327910|10211|204692|9333|123218|8287|8502|2325|7547|2077|955|630|431|461|431|461|0|206|3016|1187|2572|1032|444|524|12980|3068|10324|2178|2656|1410|7321|1339|6562|1393|759|481|2449|1079|2315|1086|134|164|1099|570|798|421|301|253|3976|1201|3115|1097|861|419|833|488|654|391|179|211|2082|1460|1100|1076|982|559|695|388|484|289|211|199|577|361|527|357|50|86|3305|1679|2429|1216|876|672|141|232|31|54|110|182|3126|1641|3023|1638|103|114|1181|1023|869|975|312|268|1596|1123|1112|808|484|358|292|304|249|275|43|72|3562|2888|2332|2113|1230|860|4183|1414|2848|916|1335|912|337|277|282|263|55|95|1919|972|1569|866|350|359|1055|793|773|651|282|377|17088|2822|9922|1986|7166|1716|4816|1231|3521|1071|1295|562|3890|1185|2789|927|1101|532|169|196|64|108|105|165|6150|1650|2583|843|3567|1147|1528|930|561|410|967|651|2074|894|1121|743|953|510|3236|1967|2052|1382|1184|1004|7274|2525|5311|2039|1963|1014|15601|2813|11951|2249|3650|1168|6190|3006|4550|2072|1640|1063|734|751|734|751|0|206|580|673|452|534|128|154|1089|720|1089|720|0|206|5453|2405|3796|1904|1657|988|1831|1124|1516|1134|315|153|186|262|186|262|0|206|678|431|655|430|23|39
040C201US51|6170890|20765|4822898|24310|595569|14008|353839|12758|241730|12329|31448|4188|24850|3310|6598|1916|4109|1650|3842|1578|267|249|6802|2053|6052|1748|750|546|13380|3012|10164|2320|3216|1201|18293|2691|15711|2238|2582|1056|4598|1556|3977|1376|621|432|6843|2115|6136|1845|707|627|17145|3862|12063|2789|5082|1507|3063|969|2630|934|433|272|3587|1400|2576|1159|1011|471|7726|2077|5658|1817|2068|1072|1691|1054|1309|962|382|387|44559|7459|28583|4889|15976|3945|10811|3244|6992|1680|3819|2090|32266|4653|28321|4251|3945|1048|41463|6521|28629|4516|12834|3275|8486|2951|6148|2326|2338|1117|16769|4205|10422|2485|6347|2358|18651|4092|12608|3249|6043|2030|19935|4034|15340|3271|4595|1232|22692|4057|19906|3793|2786|933|11569|2714|9593|2338|1976|902|7430|2421|6415|2019|1015|753|58415|6003|33990|3864|24425|3590|11203|2390|7600|1747|3603|1111|49230|5243|23197|3245|26033|3797|341|273|282|231|59|78|45013|6093|19588|3922|25425|3489|5227|1552|2456|947|2771|1185|9618|2209|5677|1695|3941|1323|18565|4603|11135|2419|7430|3618|46698|5035|33291|4053|13407|2018|7311|2298|5344|2100|1967|705|61637|7699|42870|6717|18767|3071|754|538|584|461|170|246|48789|6385|32072|4801|16717|3043|23830|3255|20068|2685|3762|1679|6624|2608|5687|2136|937|884|71|39|21|38|50|4|186|179|129|154|57|94|5595|1401|3612|1004|1983|852
040C201US53|6155344|21579|4714230|31810|576165|13752|360548|11222|215617|11452|18568|2902|15497|2572|3071|887|517|369|301|242|216|284|6107|1794|4993|1582|1114|681|11743|2977|9606|2324|2137|978|18754|2576|17246|2453|1508|575|2596|825|2444|753|152|180|2074|871|1677|715|397|297|58861|7954|31344|5016|27517|4893|4659|1630|3404|1306|1255|597|6900|2676|4460|1773|2440|1416|34330|7055|15513|3648|18817|4821|1303|819|641|390|662|677|15651|3127|11423|2802|4228|1148|6125|2154|4859|1756|1266|847|45050|6248|40013|5883|5037|1370|7296|2648|6250|2207|1046|629|17778|4533|11723|3280|6055|1996|5189|1670|4140|1347|1049|788|12249|3139|9705|2655|2544|1159|20109|3565|15634|3050|4475|1582|20278|4453|16794|3782|3484|1368|13284|3130|10663|2596|2621|1346|9388|2299|8582|2151|806|552|137317|8548|75445|5674|61872|5359|23377|3358|15609|2578|7768|1642|50065|5894|24565|3718|25500|3420|1979|1090|1076|653|903|673|71370|7283|33131|4286|38239|4764|14459|3665|7234|2542|7225|2171|12969|3337|5408|1496|7561|2460|14922|3438|8388|1999|6534|2459|63842|6845|44348|5338|19494|2797|36432|5042|24264|3986|12168|2661|24421|6850|17849|4919|6572|2469|4949|2095|4695|2046|254|250|41211|6803|24660|4949|16551|3044|5672|1825|4780|1648|892|654|16467|3688|12590|3202|3877|1441|224|202|96|123|128|154|2841|1572|2490|1526|351|452|3623|961|2818|814|805|450
040C201US55|3719394|22659|3289917|21653|240860|8660|147548|6791|93312|6406|6989|1674|5809|1416|1180|842|239|260|170|224|69|128|2865|1232|2280|1116|585|445|4585|1919|3498|1676|1087|664|15695|2087|13113|1853|2582|862|1816|757|1816|757|0|159|2497|1713|2456|1710|41|68|4531|1419|3020|940|1511|847|3097|1015|2380|759|717|490|2701|860|1774|660|927|497|2623|1169|1809|948|814|496|111|185|111|185|0|159|3791|1818|1800|849|1991|1470|1722|914|1325|663|397|344|5468|1924|4831|1759|637|491|1898|899|1812|894|86|118|3046|1345|2471|1310|575|460|1116|757|749|454|367|407|8500|2535|5717|1916|2783|1425|6743|1971|5304|1639|1439|701|2803|1293|2422|1229|381|313|2536|1297|1875|840|661|708|2023|987|1771|901|252|240|11878|2499|6265|1345|5613|1697|3296|1596|2363|1151|933|557|4196|1217|2859|1103|1337|545|40069|4675|22467|3888|17602|3028|4019|1888|2821|1541|1198|803|1490|1193|723|665|767|957|2828|1048|1520|799|1308|686|7169|2767|2196|999|4973|2399|5022|1302|3440|1185|1582|679|822|640|776|614|46|76|6791|2063|4415|1702|2376|887|911|545|911|545|0|159|3965|1973|2451|1428|1514|832|3558|1612|3270|1547|288|276|2324|1297|1642|923|682|551|0|159|0|159|0|159|1126|497|1060|492|66|81|1758|858|1451|744|307|252
040C243US06|2142867|36408|1549629|28499|471523|21393|299681|15483|171842|9977|6171|1395|5516|1307|655|505|134|148|47|88|87|117|2021|1013|1677|935|344|368|7620|2156|5650|1603|1970|848|5019|1308|4221|1263|798|446|1555|829|1555|829|0|221|417|315|299|290|118|123|2400|925|2086|854|314|337|531|370|196|176|335|277|257|215|203|194|54|92|2078|1705|1741|1587|337|438|1558|1304|1075|859|483|527|3458|2129|3090|2084|368|284|188|218|101|168|87|144|3860|1460|3424|1378|436|377|1025|919|1023|919|2|5|5557|2263|3429|1726|2128|1185|932|936|835|847|97|160|415|459|310|313|105|160|2783|1692|2108|1132|675|895|2449|1324|1909|1053|540|476|1391|1101|1298|1006|93|133|1178|1307|1155|1305|23|39|17844|3696|8045|1922|9799|2537|2054|923|1590|872|464|216|6419|2216|3105|1498|3314|1373|2494|1512|1154|854|1340|863|6462|2593|3951|1701|2511|1242|900|494|479|321|421|347|2438|1610|1448|1476|990|582|1238|799|633|466|605|486|13314|3267|9538|2921|3776|1581|2028|862|1208|652|820|495|6790|3589|4939|2632|1851|1267|957|1020|957|1020|0|221|225|253|225|253|0|221|1317|1433|1309|1433|8|7|354|337|348|338|6|13|282|209|146|128|136|161|1737|773|1358|667|379|392|1865|1648|1140|818|725|1091
040C243US26|2587211|25214|2481013|24438|48269|4385|32704|3481|15565|2140|3564|787|2812|628|752|447|165|124|137|103|28|48|1927|933|1552|934|375|195|1732|1363|1650|1365|82|140|14134|2859|10834|2168|3300|1218|12563|3308|7294|2159|5269|1876|132|156|106|128|26|42|817|368|626|292|191|226|2337|646|1449|429|888|509|522|385|450|359|72|89|1784|801|1125|507|659|489|137|170|115|144|22|35|59|67|24|29|35|60|29|50|0|184|29|50|601|451|581|444|20|38|989|924|635|714|354|346|292|282|40|67|252|241|0|184|0|184|0|184|185|210|185|210|0|184|2419|931|1614|661|805|399|1066|908|943|875|123|131|0|184|0|184|0|184|190|214|190|214|0|184|1670|718|1358|654|312|193|605|280|474|230|131|98|682|397|340|257|342|281|729|724|656|712|73|135|1027|676|750|516|277|254|185|190|43|76|142|171|408|291|350|261|58|62|202|193|27|37|175|189|1378|457|1127|384|251|163|419|294|243|214|176|169|1720|932|1319|871|401|208|152|136|148|136|4|2|1032|1138|764|739|268|429|129|177|129|177|0|184|187|103|152|104|35|4|0|184|0|184|0|184|755|337|544|245|211|198|1005|292|878|246|127|105
040C243US27|1569996|25128|1502594|23992|34189|3336|20327|2698|13862|1472|1351|641|1289|637|62|60|93|113|66|72|27|46|152|132|152|132|0|157|414|342|209|164|205|218|7634|1709|6502|1503|1132|375|1345|487|898|427|447|212|50|66|50|66|0|157|1268|604|1053|593|215|127|327|170|235|148|92|89|141|148|141|148|0|157|1527|1112|700|443|827|716|0|157|0|157|0|157|45|49|35|46|10|18|46|87|46|87|0|157|377|262|345|252|32|35|60|60|47|49|13|22|0|157|0|157|0|157|0|157|0|157|0|157|296|314|266|307|30|38|878|280|724|245|154|131|356|648|181|333|175|315|152|157|152|157|0|157|0|157|0|157|0|157|1228|711|1034|685|194|125|989|749|913|746|76|85|191|100|142|94|49|59|2772|984|1722|720|1050|391|505|230|193|123|312|215|258|163|192|146|66|79|1050|555|339|261|711|399|615|554|319|405|296|184|987|384|649|311|338|214|994|357|269|174|725|357|317|207|237|146|80|77|64|66|33|35|31|41|738|625|738|625|0|157|349|184|184|187|165|57|806|580|580|523|226|315|0|157|0|157|0|157|3920|914|3452|863|468|230|918|311|600|217|318|234
040C243US36|2395478|26941|2230484|23711|68261|5467|43739|3845|24522|3215|7400|1968|6355|1938|1045|419|1563|1007|1126|871|437|399|6886|1642|5512|1340|1374|790|2337|857|2012|754|325|308|10811|2522|7957|2209|2854|1051|20101|3273|13105|2812|6996|1440|2130|875|1658|859|472|242|5869|2076|3740|1766|2129|1339|5133|1482|3459|1205|1674|856|1145|942|877|922|268|167|4179|1699|2486|1137|1693|963|158|191|98|160|60|103|161|177|161|177|0|218|520|542|149|193|371|418|1429|531|1376|534|53|36|569|468|442|431|127|128|46|61|17|35|29|50|711|654|261|268|450|453|638|648|244|229|394|435|3065|899|2885|885|180|159|459|406|358|316|101|119|75|97|75|97|0|218|733|780|649|781|84|8|7597|1783|2790|691|4807|1342|672|273|500|240|172|109|2453|1222|1381|1056|1072|554|0|218|0|218|0|218|508|394|199|164|309|318|572|507|132|145|440|442|520|371|94|111|426|336|858|657|736|545|122|132|2542|804|1432|622|1110|539|286|139|151|132|135|98|1234|669|925|563|309|197|760|380|745|382|15|27|95|104|19|26|76|103|639|661|532|664|107|110|229|242|213|234|16|30|0|218|0|218|0|218|844|388|753|362|91|93|806|387|553|276|253|201
040C243US37|3427611|32967|3133943|33646|231822|12474|139691|9542|92131|7416|5900|1772|4218|1445|1682|1028|1119|858|419|353|700|675|1429|818|1369|805|60|69|917|566|784|523|133|137|5268|1492|4434|1420|834|426|2570|1294|2351|1214|219|191|187|199|187|199|0|222|2305|1089|1491|775|814|584|604|510|454|354|150|229|215|366|215|366|0|222|806|675|630|665|176|185|79|132|79|132|0|222|748|593|491|386|257|340|1060|881|269|266|791|673|2507|1802|1714|1288|793|907|621|684|450|463|171|275|17|30|17|30|0|222|71|113|71|113|0|222|1327|1169|1283|1162|44|56|628|398|505|381|123|148|1041|717|891|643|150|182|572|395|408|383|164|165|60|122|60|122|0|222|4389|1112|3262|1010|1127|531|1429|1017|1040|741|389|376|2421|924|1428|668|993|581|3257|1012|1797|739|1460|578|1540|940|293|208|1247|894|430|531|143|131|287|436|1390|903|484|427|906|623|1555|821|810|571|745|541|4267|1600|3270|1276|997|581|1345|810|598|464|747|659|3669|1581|2384|1050|1285|644|572|790|572|790|0|222|66|118|66|118|0|222|1762|2255|1685|2254|77|102|1379|832|1251|806|128|170|0|222|0|222|0|222|1849|912|1357|731|492|629|475|264|475|264|0|222
040C243US42|2915874|28654|2727311|26026|59621|5366|36677|4010|22944|3418|2976|712|2665|678|311|182|1325|941|729|497|596|805|3669|1310|2883|1134|786|435|2953|1154|2089|867|864|647|14231|2666|10115|2114|4116|1527|65618|8868|44059|6673|21559|4409|885|453|831|443|54|89|6244|2674|3859|1501|2385|1425|3326|1410|2041|1126|1285|583|678|475|608|444|70|85|1931|802|1594|690|337|294|0|190|0|190|0|190|529|381|343|259|186|293|1729|1238|1137|910|592|627|2280|2412|1505|1320|775|1130|504|338|358|297|146|158|258|327|192|247|66|110|175|287|175|287|0|190|543|406|281|268|262|265|1494|598|1270|567|224|165|528|661|528|661|0|190|228|202|228|202|0|190|281|365|281|365|0|190|4294|1219|2885|1003|1409|530|853|431|638|377|215|176|1547|740|1191|621|356|260|155|264|41|73|114|195|896|528|533|445|363|261|460|543|85|101|375|535|177|165|0|190|177|165|1541|994|1039|729|502|313|1968|754|1470|628|498|338|400|322|247|208|153|223|1455|498|791|345|664|356|325|199|164|131|161|154|353|588|353|588|0|190|312|259|298|258|14|14|897|874|853|870|44|83|0|190|0|190|0|190|29|58|0|190|29|58|895|511|794|488|101|117
040C243US48|4904828|44123|3805280|38686|984215|32692|634866|25044|349349|18110|5215|1584|4515|1425|700|567|274|259|197|217|77|169|964|475|857|439|107|178|4043|2080|3533|1821|510|429|18278|3453|12964|2579|5314|1973|1605|804|1545|790|60|102|149|173|125|165|24|41|5687|2961|3574|1974|2113|2113|772|458|735|443|37|64|376|362|365|352|11|21|3013|1389|2205|966|808|529|358|354|358|354|0|236|2282|1998|1760|1850|522|604|1095|814|622|473|473|507|3585|1281|2819|1045|766|414|1784|963|1512|826|272|200|364|465|300|385|64|148|2609|1450|1976|1169|633|589|4388|2655|2354|1656|2034|1825|2472|1666|1624|1051|848|907|3561|1694|3429|1651|132|155|1574|1336|1275|1036|299|364|1454|1067|1243|937|211|343|10952|4265|6375|3685|4577|2059|2273|1830|1384|978|889|896|3232|1142|1963|824|1269|660|0|236|0|236|0|236|6945|2454|3442|1422|3503|1369|731|649|396|517|335|349|1694|867|813|524|881|653|248|260|241|260|7|26|7207|2125|5147|1641|2060|1056|1520|618|945|453|575|360|5180|2069|4634|1824|546|393|182|200|182|200|0|236|448|438|448|438|0|236|6080|3243|3960|2068|2120|1852|940|622|781|593|159|178|51|75|51|75|0|236|402|289|395|288|7|16|1346|966|1038|968|308|287
0500000US04013|4332930|-555555555|3201031|23104|829273|21306|561170|19015|268103|12458|16301|5250|13549|4605|2752|1359|158|190|158|190|0|232|6209|2187|5702|2126|507|305|4131|1484|3695|1317|436|346|9432|2093|8475|1896|957|536|2773|953|2709|947|64|104|2006|1081|1870|1061|136|167|4819|1566|3422|1334|1397|763|4030|1496|2857|1349|1173|656|4446|1628|2846|1323|1600|1096|2294|1004|1603|842|691|643|2083|1559|1000|769|1083|1008|7493|2914|4805|1785|2688|1267|2326|1007|1924|809|402|344|12707|3430|11611|3206|1096|910|1758|1012|1579|888|179|213|1717|1414|1100|900|617|618|2137|1128|1875|1070|262|333|5846|3271|4875|2839|971|658|13261|3937|9868|2833|3393|1603|10755|3780|8866|3357|1889|1359|8104|2754|7267|2611|837|445|3608|1926|2883|1534|725|534|25633|4340|13991|2478|11642|2811|7057|2387|4648|2010|2409|1346|11144|3729|7479|3232|3665|1462|506|647|307|364|199|302|20322|5192|9247|3079|11075|2764|1848|940|1195|655|653|563|5308|3531|3534|2681|1774|1133|4496|2179|2351|1501|2145|1290|19475|3356|14167|2571|5308|1973|5677|1664|3159|1054|2518|1360|20727|5901|13222|4531|7505|3084|1838|846|1582|805|256|268|10624|4088|8109|2953|2515|1650|5291|2789|4866|2709|425|368|20399|6904|11775|4949|8624|4356|9691|2439|7234|2018|2457|1259|2003|854|1742|785|261|211|2193|1209|1591|1047|602|471
0500000US04019|1013018|220|742029|11033|218965|9418|157006|7243|61959|6053|2969|1601|2738|1558|231|285|0|232|0|232|0|232|1228|626|1137|602|91|148|936|667|795|607|141|181|4145|1169|3393|1050|752|524|496|380|496|380|0|232|432|266|382|248|50|86|1162|603|796|531|366|342|1431|1001|950|646|481|414|1199|1093|50|84|1149|1090|1433|1808|961|1269|472|561|191|243|191|243|0|232|1213|972|935|620|278|424|115|143|88|109|27|45|1390|829|1298|759|92|113|196|321|196|321|0|232|463|435|249|272|214|328|0|232|0|232|0|232|1034|690|695|509|339|417|636|386|455|305|181|222|499|474|499|474|0|232|801|652|801|652|0|232|307|453|103|180|204|282|5013|1589|2698|1144|2315|881|2496|1188|1525|902|971|536|1840|1023|1064|830|776|478|0|232|0|232|0|232|2397|1250|1145|758|1252|888|438|398|2|1|436|398|596|507|368|414|228|226|600|755|345|438|255|342|3326|1091|2869|957|457|408|674|451|480|329|194|213|3948|2189|2694|1673|1254|801|705|635|705|635|0|232|1007|1271|785|968|222|329|214|361|214|361|0|232|1591|1366|1263|1228|328|295|1749|844|1552|834|197|254|2546|959|2219|823|327|421|608|418|498|333|110|187
0500000US06001|1540014|371|796272|13983|255293|8897|139794|6827|115499|7981|10655|2200|8906|1805|1749|1154|332|429|285|360|47|75|2958|1114|2762|1098|196|194|6998|2355|4348|1326|2650|1636|5339|2182|4644|1845|695|454|825|601|825|601|0|221|2254|1337|2080|1295|174|179|4619|1386|2847|949|1772|705|786|588|525|427|261|221|3234|2911|1814|1601|1420|1352|2522|1045|1817|830|705|493|1242|830|926|438|316|503|14404|4655|8775|3077|5629|2344|7958|2464|6817|2182|1141|690|40048|4756|33184|4346|6864|2530|5500|2247|4706|2102|794|392|18747|4852|12339|4008|6408|2232|3781|1526|3381|1435|400|358|9698|2643|7484|2216|2214|974|4694|2091|3095|1334|1599|1365|18674|4369|15395|3540|3279|1702|17266|3562|16148|3392|1118|579|7022|1761|6213|1601|809|449|149126|9239|68456|6247|80670|6733|6492|1810|4060|1358|2432|1150|14844|2928|9253|2318|5591|1534|128|149|128|149|0|221|24946|4054|10975|2516|13971|2440|3360|1997|1959|1477|1401|692|2634|1126|1120|587|1514|935|9545|3175|6011|2221|3534|1389|49176|6047|33713|4180|15463|3200|9590|2648|6697|2322|2893|1355|9922|3079|6863|2411|3059|1655|2348|1105|2288|1081|60|100|5907|2101|3518|1444|2389|1025|5640|2700|5157|2608|483|398|891|614|891|614|0|221|0|221|0|221|0|221|637|562|550|456|87|145|3707|2237|1159|825|2548|1710
0500000US06013|1094251|474|669875|11621|215906|8084|118875|6396|97031|6373|4266|1429|2328|917|1938|987|511|672|511|672|0|221|2652|1332|2021|1184|631|425|3763|1567|3158|1427|605|510|2511|1033|2067|981|444|267|469|329|469|329|0|221|1249|1127|1249|1127|0|221|8222|2415|5078|1779|3144|1327|2153|1214|1338|1129|815|614|536|577|484|573|52|86|3647|2017|2856|1476|791|667|349|304|349|304|0|221|14751|4101|8817|2918|5934|2153|1604|1326|1116|773|488|678|10682|2611|8543|2308|2139|1006|6429|2654|3650|1406|2779|1858|8266|2914|5103|1998|3163|1714|700|603|605|547|95|113|5756|3183|2567|1558|3189|1940|3238|1801|2345|1464|893|605|7700|2574|5960|2254|1740|818|4095|1907|3771|1878|324|354|2850|1443|1878|838|972|746|37997|4433|18817|3055|19180|2536|3106|1131|2306|981|800|384|6196|1665|3360|1214|2836|847|0|221|0|221|0|221|7705|2793|3246|1606|4459|1865|1699|1683|703|784|996|994|5449|3824|2197|1356|3252|3069|5199|2031|2747|1193|2452|1277|29889|3864|21378|3515|8511|2025|4895|2029|3915|1775|980|546|4205|2046|2356|1162|1849|1165|2186|1658|1908|1566|278|354|673|422|309|264|364|257|1809|1157|1574|1125|235|164|969|774|815|644|154|261|0|221|0|221|0|221|0|221|0|221|0|221|94|115|94|115|0|221
0500000US06019|946982|430|540056|11142|307900|11310|197086|9324|110814|7350|2174|1073|1822|886|352|400|0|221|0|221|0|221|352|231|246|180|106|108|1516|1106|1230|879|286|279|895|618|835|609|60|215|40|67|0|221|40|67|67|112|0|221|67|112|732|622|619|485|113|178|110|183|110|183|0|221|39|65|39|65|0|221|326|367|140|185|186|211|5258|2563|3802|1777|1456|1240|496|403|295|266|201|210|196|323|196|323|0|221|1750|943|1200|799|550|504|357|357|228|212|129|164|21635|6545|13409|4496|8226|2656|0|221|0|221|0|221|1228|1122|1054|947|174|288|666|826|621|819|45|74|156|261|79|133|77|130|275|323|275|323|0|221|1607|1929|622|588|985|1452|4363|1592|1828|889|2535|1130|1562|834|971|667|591|323|1910|1399|951|701|959|804|21473|4472|11157|3190|10316|2275|2869|1220|1183|558|1686|901|3280|1792|1071|587|2209|1561|4709|2048|2360|1669|2349|830|960|606|609|536|351|302|8545|2716|6034|2023|2511|1074|2280|1568|1723|1483|557|346|4497|3074|2765|1852|1732|1361|143|180|143|180|0|221|595|896|369|531|226|386|501|501|491|501|10|1|103|107|103|107|0|221|0|221|0|221|0|221|230|298|230|298|0|221|1131|1445|449|381|682|1089
0500000US06037|9188375|852|4121257|36105|3461694|23473|1973762|25479|1487932|26764|39422|4789|33833|4326|5589|1492|4714|2083|3433|1462|1281|1150|13026|2230|11214|2010|1812|904|19918|3665|15660|3262|4258|1201|17006|2389|15601|2318|1405|613|5805|2102|5371|2085|434|264|6054|1918|4396|1650|1658|772|54392|6720|28394|4899|25998|3732|5112|1566|3837|1277|1275|626|6224|2699|4963|2282|1261|709|8266|1988|5602|1317|2664|1228|175539|11653|95374|7379|80165|7615|72784|7796|46718|5837|26066|4227|7086|1999|5437|1961|1649|855|30680|5151|25797|4779|4883|1545|7901|2580|4971|1608|2930|1629|11490|3392|8480|2549|3010|1616|14551|3611|7524|2254|7027|2341|9029|2309|6397|1713|2632|960|11554|2868|8597|2029|2957|1702|6778|2738|5522|2450|1256|788|6687|2150|5913|1842|774|500|3799|1303|3258|1102|541|428|391051|12245|164539|8114|226512|9058|45733|5520|27052|3874|18681|2475|151899|10622|58221|5886|93678|7164|659|557|434|325|225|334|74474|7956|30167|4446|44307|4794|25288|5296|11055|3176|14233|3136|24197|4020|9706|1828|14491|2913|16289|3896|7277|1786|9012|3166|213157|10448|147453|8436|65704|5674|22589|3798|14098|2878|8491|1927|46061|6606|31398|5614|14663|2630|18045|3979|13760|3100|4285|1780|8842|2241|5842|1891|3000|1237|11782|3338|10040|3038|1742|838|5122|3723|2761|1683|2361|2675|295|355|262|340|33|56|1530|962|1374|991|156|149|10594|3243|6291|2405|4303|2158
0500000US06059|2979343|458|1581071|20924|726257|14939|465899|12294|260358|10708|7776|1941|7211|1890|565|343|62|108|62|108|0|221|4251|1255|3662|1141|589|385|6163|2404|4903|1996|1260|676|10236|2643|9004|2648|1232|628|2060|864|1929|854|131|122|1645|1118|1370|1076|275|212|11843|3893|6456|2437|5387|2508|2940|1357|2270|1237|670|529|2471|1966|1852|1422|619|592|5216|2373|3029|1283|2187|1462|3408|1379|2668|1380|740|427|38781|5147|24186|3599|14595|2772|10252|3105|6605|2160|3647|1521|12815|3815|10952|3517|1863|909|12827|6241|10939|5749|1888|1346|4531|2028|3128|1475|1403|990|2996|2123|2426|1680|570|693|4214|1588|3652|1419|562|368|7198|2113|5287|1437|1911|1193|2329|1684|1818|1026|511|814|5064|2168|3788|1310|1276|1072|2003|1096|1870|1025|133|157|104988|9412|58198|5851|46790|5905|17661|3414|10496|2901|7165|1543|80533|8871|38394|5564|42139|4715|1166|1394|339|272|827|1294|188931|10827|76503|6908|112428|7560|5519|2276|2339|1170|3180|1424|7830|3051|4725|1952|3105|1970|5557|2161|3367|1374|2190|1193|47202|6189|35833|4980|11369|2523|9455|2888|6328|1772|3127|1671|30557|6474|23765|5443|6792|1989|3128|1665|2687|1651|441|323|4304|3092|3547|2992|757|570|667|557|511|464|156|179|1090|1138|1090|1138|0|221|0|221|0|221|0|221|231|273|97|162|134|223|2115|1063|1915|1038|200|192
0500000US06065|2350464|304|1309592|20923|861610|19454|570342|14590|291268|10943|5181|1456|4553|1474|628|518|264|319|165|273|99|166|1523|713|1290|682|233|213|2478|1322|1672|669|806|916|4172|897|3492|814|680|361|1541|771|1291|759|250|150|98|118|98|118|0|221|923|612|663|484|260|212|1271|997|870|824|401|465|461|335|461|335|0|221|1744|1348|1148|759|596|643|2156|1292|1009|629|1147|796|6211|2259|3402|1307|2809|1401|2740|1174|1444|636|1296|668|6483|3168|4368|2520|2115|989|4454|1610|3354|1337|1100|656|3864|1905|2324|1332|1540|860|143|185|40|53|103|133|1160|665|676|392|484|379|3819|2205|2607|1791|1212|801|1033|706|967|647|66|111|1251|898|1251|898|0|221|793|648|450|367|343|557|25087|5295|11420|2675|13667|3170|4600|1699|3351|1468|1249|608|7512|2226|3050|1035|4462|1399|195|222|195|222|0|221|14797|3345|7418|1854|7379|2210|1826|1129|1332|998|494|342|3161|1367|1042|532|2119|1179|1051|1006|537|425|514|645|40010|6013|25470|3304|14540|4078|5863|2132|4396|2116|1467|874|14862|4488|9671|2931|5191|2148|346|219|227|163|119|143|1524|995|1146|848|378|477|3165|2365|2608|2035|557|453|366|339|329|319|37|62|198|213|129|179|69|114|235|176|160|152|75|100|701|684|701|684|0|221
0500000US06067|1492600|367|975153|14960|205572|8966|134385|7139|71187|5745|2582|1002|2065|687|517|484|211|344|211|344|0|221|1213|779|721|453|492|599|2765|1604|1462|812|1303|984|3967|1244|3453|1131|514|279|357|229|317|223|40|67|1855|1498|1670|1485|185|132|27137|6028|11975|2969|15162|4287|1068|696|755|603|313|359|2012|1256|1773|1127|239|234|16464|4245|7011|2909|9453|2524|4195|2917|724|626|3471|2544|22888|6113|10335|3415|12553|4132|889|705|662|523|227|284|10572|3127|7691|2429|2881|1461|5696|2807|3219|1453|2477|1684|17901|4543|10724|3062|7177|2538|740|523|456|323|284|215|3216|1793|2711|1644|505|302|11441|4482|6560|2815|4881|2148|5203|2262|3299|1327|1904|1288|1253|832|1106|782|147|173|617|590|477|493|140|177|37320|4564|15703|2726|21617|3153|2885|1019|1775|889|1110|526|5468|2233|2949|1362|2519|1168|24323|4743|12495|3017|11828|3433|27479|4734|10919|2256|16560|3434|2745|1940|1896|1323|849|833|4204|2054|1618|1078|2586|1283|4161|1409|1849|702|2312|1033|27428|3502|19426|2896|8002|1631|15015|3726|10330|2732|4685|1898|8690|2647|5344|1718|3346|1248|223|361|119|192|104|169|3471|2032|2755|1891|716|543|1425|989|1085|953|340|535|2006|1315|1765|1143|241|308|0|221|0|221|0|221|431|420|431|420|0|221|359|242|253|223|106|103
0500000US06071|2060951|552|1118213|18622|759553|15904|516529|13031|243024|9846|1863|947|1672|829|191|192|40|70|40|70|0|221|1681|961|1360|827|321|322|1889|1384|1279|1298|610|394|3271|1362|2662|1231|609|518|1126|679|1084|677|42|64|0|221|0|221|0|221|2548|1377|1390|720|1158|1039|772|595|671|628|101|163|0|221|0|221|0|221|970|1180|665|932|305|301|3194|2022|1533|1127|1661|1374|3309|2826|2208|1869|1101|1013|2842|1896|1349|739|1493|1307|4572|1533|3787|1343|785|503|1710|1244|1483|1023|227|271|3823|1560|2119|1079|1704|693|1855|1640|1061|760|794|1022|1574|1008|1428|955|146|146|1879|673|1328|574|551|410|1630|1069|1338|988|292|293|837|751|837|751|0|221|226|246|180|189|46|75|45027|5198|19327|3127|25700|3923|1890|982|935|757|955|597|10938|2748|4852|1578|6086|1650|200|168|165|149|35|77|10141|2768|3550|1138|6591|2117|3337|1644|2386|1288|951|596|5112|2567|3211|2040|1901|985|515|343|165|167|350|294|32803|3864|22811|3267|9992|1821|7872|1846|4946|1459|2926|1102|17825|4939|10958|3844|6867|2507|709|977|709|977|0|221|981|1173|531|731|450|489|2890|1318|2203|1124|687|737|684|475|446|345|238|243|145|169|47|67|98|119|0|221|0|221|0|221|505|414|423|403|82|99
0500000US06073|3090942|-555555555|1897550|19278|774033|13808|505000|12751|269033|11089|12778|2746|11545|2597|1233|644|1057|1134|274|297|783|1094|5833|2392|4266|1662|1567|1149|11978|3766|8954|3241|3024|1431|10161|2254|8785|2071|1376|683|2414|842|2389|844|25|40|955|435|903|428|52|89|15089|3695|10031|2533|5058|1867|2364|1294|2038|1264|326|266|1834|1033|1259|696|575|509|4680|2398|2846|1546|1834|1202|905|716|751|715|154|181|19051|3760|10803|2385|8248|2740|1890|752|1684|681|206|173|9530|2405|8310|2076|1220|725|2098|1241|1603|961|495|477|637|617|637|617|0|221|3450|1413|2623|1184|827|667|3552|2245|3228|2296|324|269|7171|3366|3946|1869|3225|1746|3232|1215|3002|1180|230|200|3046|1541|2791|1506|255|318|1534|695|1376|650|158|207|52359|5365|28657|3186|23702|3467|11446|2935|6309|1667|5137|1679|16588|3630|7531|1983|9057|2449|1313|1430|826|772|487|713|50176|6632|20751|3684|29425|4210|4597|2629|2148|1360|2449|1509|6776|2071|3091|1179|3685|1339|5098|1728|3103|1029|1995|1211|83034|7151|53149|5148|29885|3979|10105|2647|7738|2290|2367|1223|31549|5557|18454|3378|13095|3490|3225|1729|2865|1742|360|529|12209|3468|6175|1734|6034|2468|1446|953|1078|709|368|379|1533|677|945|583|588|459|239|204|172|168|67|112|156|126|156|126|0|221|2271|1303|1265|900|1006|760
0500000US06075|776792|231|435426|7196|89104|4641|59038|4577|30066|4367|10460|2635|8840|2480|1620|812|333|278|333|278|0|221|2840|1379|2568|1296|272|254|3183|1181|2886|1103|297|248|4008|1016|3725|978|283|224|834|553|755|543|79|129|518|402|470|363|48|78|11234|2637|6484|2189|4750|1296|1222|672|1222|672|0|221|374|328|374|328|0|221|593|426|464|389|129|152|465|421|465|421|0|221|3231|1432|3156|1428|75|89|842|492|842|492|0|221|6286|1742|5840|1880|446|440|2723|1795|1688|1294|1035|776|1284|801|1167|776|117|202|1949|1240|1428|804|521|697|1497|967|883|515|614|550|1263|558|1209|555|54|89|999|618|970|601|29|47|1227|874|1227|874|0|221|1227|707|941|601|286|381|136159|6429|54394|4082|81765|5600|6371|1638|3579|1102|2792|1148|6641|1736|3696|1068|2945|1271|865|995|180|216|685|1046|8060|2160|3459|1146|4601|1553|401|298|309|209|92|155|2305|1288|1184|781|1121|812|3216|1476|1455|963|1761|1067|20791|3715|11946|2497|8845|2349|3092|1725|2077|1340|1015|620|2436|1077|1534|781|902|590|1740|915|1689|906|51|85|652|662|560|644|92|152|224|199|224|199|0|221|179|247|179|247|0|221|0|221|0|221|0|221|0|221|0|221|0|221|538|406|377|234|161|260
0500000US06077|750132|332|412408|10570|209017|8534|125211|7614|83806|5738|755|553|711|498|44|79|318|466|318|466|0|221|212|190|163|173|49|79|3603|1845|2185|1359|1418|883|1830|1980|1344|1298|486|733|463|345|397|280|66|111|590|437|590|437|0|221|636|730|501|694|135|158|0|221|0|221|0|221|0|221|0|221|0|221|0|221|0|221|0|221|211|351|111|185|100|167|4941|2725|3775|2245|1166|856|1345|1306|1235|1153|110|180|4963|2076|3888|1815|1075|771|4583|1795|3019|1314|1564|839|20251|4101|11860|2657|8391|2321|0|221|0|221|0|221|511|558|395|419|116|145|1993|1022|826|622|1167|675|2975|1383|2394|1134|581|519|2865|1604|2566|1398|299|346|4300|2530|3856|2301|444|439|6353|1622|2319|726|4034|1179|288|257|236|205|52|91|755|535|324|291|431|272|5813|1793|3363|1350|2450|1145|7999|2398|3671|1655|4328|1610|8794|3262|4416|1964|4378|1646|2117|884|1128|691|989|525|1417|969|396|378|1021|796|27539|4580|16333|3314|11206|2728|5597|2731|3215|1649|2382|1428|1497|1209|908|780|589|480|0|221|0|221|0|221|950|636|587|582|363|388|1566|1101|1265|933|301|280|303|303|246|283|57|102|33|3|33|3|0|221|26|45|26|45|0|221|315|274|41|69|274|301
0500000US06081|690438|276|378226|9572|121150|5724|64141|3957|57009|5035|3511|1213|3250|1186|261|250|0|221|0|221|0|221|1559|704|1349|725|210|196|5762|2228|2425|1224|3337|1642|2578|985|2123|835|455|385|605|438|568|423|37|63|1409|743|834|575|575|452|6285|1589|4187|1418|2098|713|1249|1188|1249|1188|0|221|259|315|189|262|70|118|608|495|208|182|400|421|591|559|567|557|24|40|3604|1250|2654|1092|950|464|1962|1546|1809|1484|153|256|10071|2938|8670|2714|1401|904|1318|1027|1280|1025|38|66|1290|1265|541|424|749|865|852|522|805|528|47|76|826|582|826|582|0|221|1274|681|1120|671|154|140|699|399|642|385|57|96|1502|862|1426|836|76|126|611|350|611|350|0|221|65573|5161|38189|3556|27384|2903|4276|1505|2423|924|1853|1022|5219|1820|2926|1211|2293|988|0|221|0|221|0|221|3313|1274|2341|1028|972|484|185|176|0|221|185|176|1072|586|518|333|554|356|7778|2864|3872|2015|3906|1432|42795|3809|25682|3285|17113|3205|5229|2041|3905|1491|1324|818|4419|1864|3128|1346|1291|715|557|292|380|252|177|176|269|454|205|343|64|115|526|629|0|221|526|629|112|116|48|81|64|84|0|221|0|221|0|221|0|221|0|221|0|221|1314|1767|743|887|571|893
0500000US06085|1783620|386|790565|14298|298218|9556|170655|8912|127563|8181|9134|1908|7417|1739|1717|695|389|329|389|329|0|221|4845|1723|3433|1471|1412|744|9679|3060|6634|2411|3045|1291|6074|1655|5268|1540|806|466|1311|741|1261|738|50|85|1766|1222|1678|1206|88|150|15000|2915|10549|2390|4451|1273|1371|775|1230|760|141|165|3588|1738|2665|1418|923|911|2657|1172|2150|1037|507|464|469|374|469|374|0|221|22497|5802|15600|3570|6897|3568|9822|2749|8200|2636|1622|632|47908|5280|42608|4695|5300|1621|5794|1911|4674|1661|1120|546|12165|3582|7324|2267|4841|2026|5866|2380|4530|1856|1336|850|16799|3573|14465|3081|2334|1131|3509|1166|2880|1112|629|485|17874|3701|15862|3263|2012|1059|20657|3975|19250|3751|1407|677|20852|5683|17857|4902|2995|1590|192679|9985|108326|7353|84353|5925|13206|3113|8072|2297|5134|1432|30388|4261|16128|3279|14260|2646|584|527|541|479|43|71|117357|8805|49646|5413|67711|5409|4893|2120|1983|981|2910|1360|1496|676|796|458|700|361|6046|1613|3945|1222|2101|804|50038|6114|34838|5133|15200|2478|11063|2739|7423|1878|3640|1419|7545|1997|6212|1885|1333|693|10232|3094|8937|2850|1295|659|4391|1456|2728|1226|1663|881|1253|855|1253|855|0|221|657|621|657|621|0|221|0|221|0|221|0|221|1431|918|1254|769|177|290|1552|969|1397|940|155|191
0500000US09110|926181|124|696620|8854|115308|5678|80154|5050|35154|3986|6400|1530|5158|1500|1242|527|2492|1211|2004|1018|488|408|6671|2336|4983|2157|1688|790|8270|2276|5407|1585|2863|1038|1381|659|1258|610|123|146|351|210|351|210|0|222|1169|469|1003|452|166|176|2776|1123|1785|789|991|616|14549|3217|7265|1951|7284|2237|1759|1070|848|570|911|1000|2991|2244|1862|1281|1129|1063|48|81|48|81|0|222|648|641|604|636|44|72|2416|1162|1684|843|732|439|3938|1730|3297|1683|641|360|3824|1772|2788|1699|1036|533|1002|792|881|733|121|142|2642|1208|1605|828|1037|566|2986|1546|2087|1025|899|778|5897|2017|4898|1681|999|747|4409|1773|2683|1149|1726|1198|3693|1609|1877|889|1816|1201|3100|1827|2752|1696|348|393|4557|1551|2765|1189|1792|742|670|553|470|499|200|207|1432|848|601|595|831|510|0|222|0|222|0|222|3887|1981|2121|1474|1766|1019|226|266|151|241|75|125|639|524|161|271|478|355|2174|2834|1008|1674|1166|1229|1249|652|910|508|339|302|118|198|118|198|0|222|4206|2453|1926|1456|2280|1411|655|659|655|659|0|222|522|478|522|478|0|222|3627|2007|3122|1908|505|509|1812|1072|1247|837|565|637|0|222|0|222|0|222|894|638|653|514|241|261|4173|3376|3235|2828|938|808
0500000US09190|590742|5|407428|8837|96823|4794|48925|4079|47898|5077|4979|2120|4430|2059|549|475|7561|3150|4088|2279|3473|1639|3783|1353|2787|1027|996|655|16061|4058|7256|1798|8805|3121|1898|700|1673|695|225|190|489|358|419|335|70|112|2084|1185|1524|768|560|504|3409|1229|2683|1099|726|530|4781|2095|2829|1426|1952|890|1358|1110|824|613|534|519|4249|2329|2218|1314|2031|1385|0|222|0|222|0|222|803|682|753|666|50|87|484|389|484|389|0|222|3024|1170|2469|1018|555|418|403|474|403|474|0|222|0|222|0|222|0|222|2652|1664|2003|1250|649|556|975|736|726|531|249|291|3684|1460|3020|1505|664|449|570|489|393|401|177|314|355|512|355|512|0|222|527|420|438|348|89|114|9109|3038|6243|1995|2866|1463|919|605|498|310|421|456|1301|1113|1019|1069|282|277|0|222|0|222|0|222|1313|824|777|516|536|442|392|425|278|331|114|145|295|427|141|187|154|251|756|600|663|561|93|104|2468|1414|1447|724|1021|817|156|210|156|210|0|222|2386|1433|1299|792|1087|854|666|382|576|344|90|105|0|222|0|222|0|222|539|487|481|482|58|100|0|222|0|222|0|222|0|222|0|222|0|222|75|127|75|127|0|222|1987|1260|1202|725|785|975
0500000US11001|640460|5|516502|8164|56833|5385|37527|4737|19306|2700|11081|2557|9381|2132|1700|913|1743|1370|1720|1366|23|39|2038|794|1825|750|213|281|3190|1882|2894|1923|296|272|3052|1225|2900|1163|152|197|927|665|927|665|0|244|618|445|618|445|0|244|2189|869|2189|869|0|244|385|310|385|310|0|244|702|641|488|449|214|259|754|455|632|433|122|155|175|226|175|226|0|244|2002|862|1351|615|651|552|672|471|672|471|0|244|2042|844|1763|776|279|291|1381|922|1356|907|25|43|67|74|67|74|0|244|178|154|178|154|0|244|525|366|449|350|76|124|884|488|774|434|110|115|157|242|157|242|0|244|236|158|190|141|46|75|141|167|141|167|0|244|5300|1205|3764|968|1536|653|304|301|233|276|71|116|2800|1137|1953|1014|847|579|0|244|0|244|0|244|974|522|391|215|583|467|0|244|0|244|0|244|494|407|422|357|72|121|1936|1235|1277|854|659|466|1726|988|1381|977|345|397|912|784|409|386|503|535|1798|889|1798|889|0|244|591|390|545|386|46|76|7744|3113|5397|2484|2347|1433|4519|1821|4274|1870|245|267|1181|847|1076|717|105|172|0|244|0|244|0|244|0|244|0|244|0|244|1707|1316|946|828|761|890
0500000US12011|1857258|266|1035026|19714|535021|8644|313742|9526|221279|10469|17715|3360|11065|2422|6650|2092|108414|13266|63485|8831|44929|7337|4783|1168|3092|960|1691|675|43548|7535|25125|4294|18423|4452|5416|1393|5213|1372|203|161|1482|1008|1023|685|459|727|1479|912|1180|746|299|306|14662|3642|6521|1972|8141|2701|3193|1193|2441|1105|752|506|666|573|666|573|0|243|6951|3100|3431|1903|3520|2352|27|45|27|45|0|243|491|546|466|535|25|43|3304|2081|2604|1531|700|999|3106|1651|3106|1651|0|243|4890|2666|3689|2052|1201|902|159|197|159|197|0|243|1631|1297|515|437|1116|1034|402|369|402|369|0|243|4825|1742|3247|1225|1578|861|2320|1693|1924|1494|396|464|290|377|290|377|0|243|5826|3045|4895|2761|931|841|9960|2853|5442|1821|4518|1504|1552|918|1141|779|411|424|1364|1031|418|513|946|630|0|243|0|243|0|243|3554|1552|818|454|2736|1409|0|243|0|243|0|243|839|681|207|249|632|523|1574|1023|1301|812|273|358|5566|1808|4546|1539|1020|862|1015|750|897|661|118|109|6560|3143|5124|2548|1436|1085|8177|2805|7152|2561|1025|745|135|225|0|243|135|225|1041|639|987|674|54|92|1111|832|1111|832|0|243|0|243|0|243|0|243|25|20|13|14|12|16|9158|2652|8052|2503|1106|758
0500000US12057|1449309|281|993614|14211|337270|10565|186147|10458|151123|8746|5710|1975|4907|1926|803|481|12708|3839|6911|2388|5797|2612|1962|689|1839|688|123|151|9838|3085|6864|2198|2974|1443|3304|1400|2974|1359|330|244|248|259|248|259|0|243|521|397|473|372|48|80|6193|2674|3374|1571|2819|1978|2885|2113|2271|1684|614|532|513|566|339|483|174|288|2208|1154|1184|716|1024|661|87|144|87|144|0|243|720|766|564|725|156|199|3808|1203|2878|873|930|582|5306|2609|4043|1943|1263|834|2764|1685|2140|1247|624|578|67|112|67|112|0|243|1260|1070|1044|854|216|265|1515|823|1410|777|105|183|2659|1474|1578|802|1081|900|3694|1853|3255|1792|439|331|2659|1689|2057|1568|602|524|2472|1117|1683|814|789|401|7879|2688|4330|1608|3549|1487|1597|1268|925|784|672|506|1965|1376|772|600|1193|911|0|243|0|243|0|243|8839|2735|3752|1374|5087|1996|105|171|105|171|0|243|939|566|508|394|431|326|1126|729|687|567|439|383|3584|1483|2748|1346|836|528|445|401|445|401|0|243|14659|5248|10082|3632|4577|2529|251|251|251|251|0|243|833|727|481|465|352|328|1006|1410|818|1088|188|331|129|183|129|183|0|243|0|243|0|243|0|243|0|243|0|243|0|243|1967|1258|1452|1098|515|556
0500000US12086|2543042|70|633308|16079|1685024|11351|845065|15374|839959|14543|20280|3936|15881|3607|4399|1335|91612|9742|51646|8135|39966|4371|7822|2690|5891|2269|1931|1183|29113|4755|20965|3900|8148|1987|3184|783|2769|787|415|381|2082|923|1639|774|443|294|638|641|638|641|0|243|9621|2427|5169|1428|4452|1811|635|406|463|339|172|217|340|310|340|310|0|243|2448|989|2059|906|389|368|27|45|27|45|0|243|1554|1802|978|950|576|934|1984|1441|1914|1451|70|119|1938|1027|1840|1023|98|124|2589|1633|2081|1403|508|408|1419|1449|807|715|612|889|483|441|369|319|114|164|1409|1576|1277|1567|132|227|2810|1214|2465|1051|345|312|59|100|59|100|0|243|919|834|919|834|0|243|496|421|438|352|58|96|8654|2150|4110|1159|4544|1882|644|458|497|408|147|186|669|393|411|344|258|218|0|243|0|243|0|243|2431|1347|549|419|1882|1127|108|183|108|183|0|243|643|447|382|361|261|221|3466|1837|2641|1552|825|578|2904|1310|2194|1150|710|560|544|352|396|319|148|178|4434|1592|3417|1420|1017|534|11717|4006|10986|3901|731|500|881|830|881|830|0|243|992|784|992|784|0|243|291|504|291|504|0|243|47|94|47|94|0|243|140|201|140|201|0|243|2683|1267|1399|637|1284|871
0500000US12095|1389867|155|846922|14888|363176|10527|216174|9441|147002|8985|3339|1246|3045|1176|294|266|49267|8977|24199|5374|25068|5495|2334|823|2019|739|315|244|35548|7897|21264|4752|14284|3840|3437|2693|3352|2682|85|104|451|382|451|382|0|243|684|666|684|666|0|243|2928|1142|2158|940|770|532|522|440|468|385|54|89|1459|1372|1282|1234|177|291|1252|691|944|538|308|321|0|243|0|243|0|243|2418|1386|1696|1106|722|552|2207|1049|1770|1012|437|545|3933|1837|2885|1422|1048|917|5746|3109|4411|2374|1335|1209|1234|1210|917|803|317|443|2030|1018|1659|860|371|432|1656|1144|1094|697|562|642|2476|1795|2204|1579|272|306|1439|884|1299|804|140|165|96|169|96|169|0|243|1019|695|927|653|92|116|8125|2320|3982|1373|4143|1561|2865|1698|1084|618|1781|1317|1883|974|1185|771|698|439|8|15|8|15|0|243|12415|3266|5599|1660|6816|2445|264|280|176|234|88|146|2225|1323|433|358|1792|1195|1019|780|725|600|294|337|5428|1409|4520|1261|908|586|339|451|294|448|45|76|10530|4223|8253|3915|2277|1289|776|534|776|534|0|243|621|775|431|733|190|299|1863|1948|887|977|976|1127|575|532|575|532|0|243|0|243|0|243|0|243|0|243|0|243|0|243|5358|3906|4798|3640|560|580
0500000US12099|1459144|218|960630|16232|292385|6576|153540|8580|138845|8118|10655|2304|6495|1587|4160|1425|88456|10808|41644|5835|46812|8301|5170|1781|4176|1453|994|578|25509|5644|16795|4348|8714|2627|5220|1741|4652|1563|568|410|2051|977|1496|816|555|695|1400|844|1170|766|230|259|8852|2910|4974|2252|3878|1805|2395|1033|1973|948|422|359|875|675|758|649|117|193|3468|2157|2538|1411|930|983|351|452|260|428|91|149|1820|1461|1753|1456|67|94|1367|975|908|720|459|549|1592|1022|1115|831|477|460|922|716|922|716|0|243|352|381|352|381|0|243|2657|1845|1418|1153|1239|870|969|691|609|600|360|362|3972|1620|2821|1313|1151|653|832|694|637|637|195|339|1000|931|1000|931|0|243|619|660|619|660|0|243|5702|2112|3176|1169|2526|1420|126|158|49|86|77|127|312|348|102|169|210|287|0|243|0|243|0|243|4662|1812|2546|1242|2116|913|126|162|0|243|126|162|2071|2027|896|637|1175|1572|1940|1549|1105|924|835|687|4090|1567|3346|1293|744|665|181|235|181|235|0|243|6211|1922|4782|1426|1429|729|5522|2517|4634|2451|888|649|0|243|0|243|0|243|337|421|337|421|0|243|79|131|79|131|0|243|0|243|0|243|0|243|0|243|0|243|0|243|4266|1736|2827|1393|1439|865
0500000US12103|925312|249|774071|6727|72138|4335|42977|3281|29161|3316|4291|1058|3827|1111|464|354|750|413|512|389|238|66|3543|1179|2545|930|998|626|2293|939|1656|868|637|391|3466|1424|3203|1271|263|229|311|195|311|195|0|243|4972|1826|3121|1295|1851|1119|3951|1453|2373|1103|1578|761|4271|2500|2526|1541|1745|1231|5893|2216|2981|1185|2912|1593|3845|1159|2283|851|1562|772|128|212|0|243|128|212|1093|816|848|765|245|253|1996|1177|1372|1044|624|465|2770|1907|2208|1282|562|787|736|940|460|523|276|444|0|243|0|243|0|243|1139|1045|522|602|617|531|500|735|420|601|80|138|3401|1327|1862|778|1539|946|358|332|358|332|0|243|183|203|151|176|32|52|237|196|237|196|0|243|1683|794|797|381|886|579|221|209|198|193|23|39|551|444|106|107|445|403|0|243|0|243|0|243|9326|2083|3894|1425|5432|1330|759|683|360|388|399|327|1557|819|451|360|1106|673|1866|1320|946|777|920|1041|3489|1705|2719|1506|770|507|591|422|308|269|283|284|5252|2533|3316|1466|1936|1275|286|301|286|301|0|243|0|243|0|243|0|243|0|243|0|243|0|243|1377|1707|1185|1420|192|309|0|243|0|243|0|243|0|243|0|243|0|243|2018|1823|1756|1804|262|237
0500000US13067|733753|52|572598|8159|88535|4557|51318|4222|37217|3911|2704|1430|1840|1002|864|856|2882|1366|2219|1122|663|512|355|288|355|288|0|226|10124|3508|6768|2798|3356|1798|1316|733|1281|720|35|59|754|491|683|465|71|85|250|266|250|266|0|226|1313|760|1165|607|148|186|662|645|464|606|198|236|852|1055|852|1055|0|226|2302|1435|1283|863|1019|687|0|226|0|226|0|226|2300|1418|1741|1250|559|461|3961|1675|3369|1605|592|497|4684|2265|4468|2169|216|239|802|621|543|364|259|325|194|238|144|189|50|61|709|635|602|628|107|155|1639|1028|1506|974|133|140|281|257|281|257|0|226|1229|1056|1048|860|181|288|2559|1728|1797|1271|762|568|601|392|568|369|33|55|4065|1250|2382|814|1683|809|1175|743|688|409|487|427|2184|907|947|622|1237|798|0|226|0|226|0|226|3320|1261|1348|541|1972|851|0|226|0|226|0|226|431|352|231|212|200|188|2056|1886|1438|1610|618|762|2607|1078|1150|432|1457|968|264|211|225|180|39|67|1376|652|1312|641|64|103|350|307|246|175|104|165|930|686|830|671|100|178|7016|2802|5852|2429|1164|766|3635|1532|3242|1513|393|350|0|226|0|226|0|226|128|219|128|219|0|226|610|443|448|316|162|268
0500000US13089|714980|4|567933|8004|63758|3204|29716|3478|34042|3172|3487|1285|2700|1071|787|538|1542|1069|1181|851|361|324|1005|826|911|747|94|147|1264|712|1129|659|135|170|1670|848|1508|852|162|161|140|143|100|120|40|79|222|208|222|208|0|226|377|333|165|137|212|292|92|111|92|111|0|226|944|860|583|701|361|270|831|821|384|337|447|532|0|226|0|226|0|226|4455|2319|1892|886|2563|2016|1131|655|948|581|183|187|4627|1775|3463|1536|1164|658|866|699|823|679|43|67|41|79|0|226|41|79|4948|2175|2673|1455|2275|1069|1714|1841|447|338|1267|1828|1899|1450|990|714|909|944|277|236|210|207|67|112|523|417|440|374|83|138|275|255|275|255|0|226|6135|2167|3693|1249|2442|1621|1269|1101|1152|1056|117|198|3271|1206|2057|899|1214|543|0|226|0|226|0|226|4779|2265|2185|1432|2594|1120|80|136|0|226|80|136|303|266|129|135|174|186|2512|1393|1322|885|1190|842|1300|799|1214|735|86|145|57|95|57|95|0|226|3640|2628|2302|1892|1338|902|636|621|249|225|387|544|15910|4772|8846|3188|7064|2472|5069|2299|4237|1933|832|765|2642|1869|1605|1333|1037|730|0|226|0|226|0|226|0|226|0|226|0|226|3356|1633|2987|1532|369|401
0500000US13121|1022320|129|839187|8063|65553|5038|44260|4513|21293|3838|6822|2249|6428|2193|394|282|2045|1422|1884|1392|161|243|1412|683|1337|671|75|90|6982|2967|4257|1833|2725|2140|3375|1698|2736|1550|639|557|2077|1627|2077|1627|0|226|682|270|631|223|51|84|4134|1442|2952|1172|1182|589|360|388|360|388|0|226|337|265|337|265|0|226|1111|661|803|559|308|278|275|336|275|336|0|226|2270|998|1549|763|721|424|2316|989|1557|626|759|674|8691|2326|7981|2193|710|547|1303|741|1192|679|111|168|674|767|575|736|99|200|1373|1033|983|941|390|366|2214|934|1666|718|548|675|1618|1144|1300|813|318|502|7556|2042|6945|2022|611|349|5219|1874|4342|1550|877|534|1457|737|1399|691|58|97|14996|2584|8742|1815|6254|1423|2591|1418|1407|988|1184|779|8560|2191|4686|1732|3874|1066|0|226|0|226|0|226|2526|1292|866|454|1660|1052|0|226|0|226|0|226|94|125|94|125|0|226|1303|750|982|679|321|284|1287|500|1065|447|222|263|652|805|551|644|101|173|4551|1666|2877|1183|1674|893|1164|629|1028|540|136|161|701|526|562|462|139|243|10783|3635|8657|2765|2126|1499|2151|1309|2057|1268|94|155|0|226|0|226|0|226|261|228|230|234|31|54|1657|1187|1657|1187|0|226
0500000US13135|924961|152|564041|12572|185701|5601|93606|5223|92095|5277|8330|2694|6431|2301|1899|987|4632|2518|3247|1509|1385|1269|296|295|296|295|0|226|2240|1828|1771|1755|469|354|1624|762|1324|679|300|336|236|274|236|274|0|226|451|441|451|441|0|226|2346|1236|1210|588|1136|951|1542|1620|1036|1125|506|546|4106|2505|3115|2342|991|601|656|441|428|275|228|300|0|226|0|226|0|226|2508|1259|1498|951|1010|701|7154|2610|4836|2221|2318|1093|6131|2540|4892|2211|1239|788|6982|2242|4565|1548|2417|981|1096|864|599|528|497|491|4991|2203|3418|1923|1573|712|1786|1113|1160|757|626|546|6869|2749|4708|2201|2161|1088|1303|726|733|551|570|485|345|317|345|317|0|226|2316|1551|1486|1259|830|770|19215|4022|7524|2131|11691|2390|979|467|367|271|612|397|22749|3187|9132|1848|13617|2079|391|569|143|170|248|419|22083|3966|7974|1812|14109|2927|653|800|472|598|181|212|2082|1492|1306|1169|776|505|5062|2598|2141|1398|2921|1464|1432|770|858|492|574|525|273|309|197|200|76|122|6605|3865|5572|3447|1033|658|1081|1405|1081|1405|0|226|12953|5426|8627|3549|4326|2709|8538|2522|7414|2377|1124|661|1730|1212|1514|1020|216|333|0|226|0|226|0|226|0|226|0|226|0|226|1453|806|1377|794|76|140
0500000US17031|4821455|267|3093579|22639|1012950|14836|608178|14406|404772|13661|16113|3843|12312|2890|3801|1895|6027|2505|3195|1394|2832|1917|13198|2323|8872|1908|4326|1195|4588|1473|3650|1340|938|558|10677|2048|9899|1946|778|519|1524|1002|1524|1002|0|206|15878|2538|12735|2426|3143|1064|32400|5277|17213|3366|15187|3435|106544|8536|55611|6103|50933|5003|17577|4089|11628|3082|5949|1713|40085|6435|20852|3668|19233|4238|2015|972|1551|858|464|384|6429|2053|4715|1757|1714|769|29459|5104|16466|3801|12993|3648|21539|4156|17938|3636|3601|1539|30282|6562|21732|4918|8550|2874|2314|1401|1742|1267|572|514|4723|2230|3484|1738|1239|1182|8005|4653|3531|1632|4474|3751|32197|5599|20381|4412|11816|3198|6842|2430|5964|2154|878|643|4676|1889|3930|1743|746|474|9824|3030|6743|1865|3081|1611|69188|7436|30159|3895|39029|5489|7139|1946|4225|1253|2914|1265|23031|3549|11752|2477|11279|2337|73|122|73|122|0|206|10816|2733|5756|1645|5060|1574|819|623|431|339|388|362|4104|1487|2278|991|1826|754|14254|3834|8646|2632|5608|1974|50525|5465|36603|4363|13922|3334|6112|2436|3910|1899|2202|1229|53721|8545|36241|6736|17480|3593|5503|2154|5472|2155|31|52|17061|4870|11207|3743|5854|2124|24385|6279|18801|5601|5584|2179|1945|887|1913|883|32|41|23|36|23|36|0|206|0|206|0|206|0|206|3311|1382|2300|1157|1011|679
0500000US17043|870944|131|610903|8277|103298|4910|67233|4284|36065|3520|1239|746|642|399|597|542|0|206|0|206|0|206|5107|1548|3272|1122|1835|742|685|471|577|392|108|129|1940|768|1822|737|118|137|400|442|400|442|0|206|3133|1551|1893|842|1240|1311|2140|976|1628|745|512|412|19814|4302|10877|2853|8937|2339|4161|1507|3120|1259|1041|548|9270|3173|5473|2158|3797|1594|433|640|206|270|227|379|1487|897|710|481|777|586|13012|3865|7537|2441|5475|2028|9567|2649|7678|2383|1889|912|16804|3822|12737|3119|4067|1525|559|375|309|234|250|190|634|560|634|560|0|206|2028|1064|1197|726|831|602|7999|2503|5171|1700|2828|1522|4942|1764|4101|1525|841|455|3138|1307|2700|1184|438|256|3243|1587|2330|1133|913|646|9403|2214|5005|1356|4398|1341|1157|732|438|269|719|685|3851|1337|2179|867|1672|676|0|206|0|206|0|206|3140|1533|1436|822|1704|960|940|588|200|185|740|555|1256|802|710|413|546|519|3402|1902|1321|878|2081|1447|9422|2158|7813|2029|1609|633|1819|1471|1543|1386|276|252|6755|2322|4540|1848|2215|1057|180|244|180|244|0|206|197|207|87|101|110|184|1479|862|1339|867|140|175|1285|1566|1285|1566|0|206|0|206|0|206|0|206|126|205|126|205|0|206|596|499|431|410|165|168
0500000US17097|672288|39|454172|7756|133020|5257|77838|5062|55182|5234|2672|2029|2595|2024|77|130|199|238|199|238|0|206|1387|714|1143|712|244|195|1366|1600|1366|1600|0|206|1683|672|1470|616|213|230|207|215|207|215|0|206|1511|962|846|521|665|724|8595|2520|5995|1917|2600|1132|9454|3254|5586|1695|3868|1944|1827|869|1574|857|253|211|4415|1606|2515|950|1900|1057|337|397|304|387|33|55|345|458|176|225|169|235|1197|761|894|609|303|244|5411|1582|5088|1562|323|179|2408|1667|2134|1443|274|285|44|79|44|79|0|206|1247|839|1247|839|0|206|1798|1063|1626|1006|172|156|3966|2132|2979|1707|987|636|2292|1348|2100|1282|192|250|3029|1442|2525|1139|504|589|2778|1403|2042|1032|736|501|7623|1896|4118|1198|3505|1137|1315|826|1015|689|300|293|3900|1061|1880|739|2020|814|66|114|0|206|66|114|785|541|305|237|480|410|335|306|212|256|123|157|465|580|101|120|364|529|1751|1357|524|427|1227|1133|6983|1739|5814|1682|1169|513|209|270|47|84|162|256|861|623|676|581|185|182|589|502|552|486|37|61|128|215|128|215|0|206|348|312|348|312|0|206|294|328|294|328|0|206|0|206|0|206|0|206|61|97|61|97|0|206|1215|824|1031|714|184|186
0500000US24005|796961|169|664394|9343|42940|4427|26236|3250|16704|3351|8459|3125|5533|2659|2926|1986|429|386|398|401|31|54|1620|793|850|500|770|612|805|659|583|491|222|274|1719|937|1420|753|299|435|657|763|657|763|0|225|1767|1148|1608|1111|159|161|5197|1717|2842|1266|2355|864|597|718|269|264|328|531|96|169|96|169|0|225|550|481|411|441|139|170|59|100|59|100|0|225|1750|1099|739|540|1011|719|1618|1412|964|760|654|785|1594|800|1135|634|459|339|5264|2199|3449|1721|1815|760|1478|1207|952|1097|526|513|1924|996|1234|718|690|670|6561|2522|2686|1473|3875|2411|950|607|868|576|82|103|657|640|461|459|196|279|405|475|322|416|83|136|225|235|225|235|0|225|8106|2304|4381|1859|3725|1488|1096|730|1030|716|66|89|3384|1327|1127|660|2257|944|0|225|0|225|0|225|3002|1804|1412|1053|1590|1435|0|225|0|225|0|225|207|167|0|225|207|167|1128|960|647|573|481|455|4940|1780|3073|1103|1867|1100|712|655|712|655|0|225|5041|2626|2897|1608|2144|1761|1034|509|755|385|279|339|1070|806|588|499|482|365|12550|3394|10925|3017|1625|928|2494|1289|2382|1283|112|125|0|225|0|225|0|225|117|113|117|113|0|225|365|269|293|253|72|109
0500000US24031|999108|217|565801|11290|176883|5410|94925|7218|81958|6985|27936|5033|21312|4208|6624|2329|4614|3033|3328|2065|1286|1182|1960|880|1444|728|516|336|7513|3275|4799|1845|2714|1957|3942|1245|3864|1238|78|132|974|492|974|492|0|225|1783|1137|1514|949|269|303|9047|2400|5530|1690|3517|1220|1136|688|949|648|187|186|404|429|404|429|0|225|4357|2945|2389|1693|1968|1911|887|642|751|505|136|174|7645|1857|4209|1116|3436|1262|3343|2073|2052|1074|1291|1214|10334|2324|9224|2152|1110|664|3044|1503|2052|919|992|837|2970|2140|2184|1676|786|696|6095|2430|4780|2013|1315|796|5630|2039|4357|1726|1273|776|4125|1751|3350|1382|775|527|3456|1819|3120|1727|336|308|1730|1019|1348|884|382|485|3715|1747|2942|1431|773|558|34908|4399|20235|2894|14673|2617|5006|2481|3653|2283|1353|700|13921|3326|7096|1976|6825|1978|0|225|0|225|0|225|9218|2314|3964|1220|5254|1571|2333|1794|1226|1243|1107|759|1179|646|795|548|384|289|4015|1991|2947|1583|1068|788|12041|2350|7749|1982|4292|1942|2699|1351|1969|1139|730|517|6937|2152|4985|1819|1952|1395|3166|1087|3020|993|146|193|26138|5043|17928|4111|8210|2301|9213|2809|6898|2267|2315|1155|6020|2838|4961|2362|1059|1031|0|225|0|225|0|225|59|94|59|94|0|225|2931|1328|2461|1173|470|500
0500000US24033|891481|258|621121|9319|172348|5009|71987|5139|100361|5613|14272|3819|10683|3459|3589|1644|3703|2532|2556|1340|1147|1483|1466|1215|1275|1251|191|184|671|415|192|193|479|363|547|434|494|416|53|90|0|225|0|225|0|225|380|399|380|399|0|225|622|317|436|288|186|115|78|130|78|130|0|225|451|651|322|446|129|213|156|184|121|143|35|60|0|225|0|225|0|225|2902|1673|1297|766|1605|1020|746|457|632|429|114|125|3088|1276|1782|743|1306|747|1548|885|804|423|744|719|551|600|278|282|273|360|2233|1354|1614|1213|619|493|544|455|514|456|30|52|448|331|370|299|78|108|737|566|706|550|31|49|712|500|592|396|120|184|295|219|226|166|69|99|5712|1746|3135|1220|2577|1123|680|410|366|344|314|295|2485|1174|1000|624|1485|780|0|225|0|225|0|225|2136|1159|734|465|1402|803|199|193|85|122|114|137|138|165|138|165|0|225|742|389|501|308|241|245|5170|1253|3843|1118|1327|529|467|490|7|12|460|490|2771|1947|2006|1495|765|696|5|2|5|2|0|225|6486|2977|3851|2468|2635|1353|25936|7176|20543|6187|5393|2054|3695|2064|3105|2072|590|446|0|225|0|225|0|225|0|225|0|225|0|225|5240|2722|3506|1617|1734|1610
0500000US25017|1543192|62|1094200|14131|96732|4724|62393|4419|34339|4381|10339|2074|8473|1837|1866|1088|12153|2790|6444|2072|5709|1673|9103|2468|6484|2147|2619|988|69804|10138|32858|5655|36946|6198|4650|1479|4343|1282|307|317|1056|547|738|469|318|297|7485|2493|5344|1641|2141|1678|14065|3079|9466|2392|4599|1533|2364|929|2140|917|224|195|419|396|244|265|175|295|4238|1612|2610|1108|1628|861|4009|1435|2860|1188|1149|645|3887|1264|2775|1087|1112|493|7135|2208|5328|1681|1807|942|16570|3718|14614|3234|1956|1007|2712|1275|1998|879|714|622|2299|1878|1701|1475|598|752|3325|1369|2771|1221|554|510|6918|2096|5514|1676|1404|732|5049|2412|3163|1422|1886|1493|8090|2829|7089|2483|1001|986|5929|1960|5085|1744|844|524|4441|1683|3725|1433|716|432|60646|5507|37176|3576|23470|3444|4027|1418|3063|1235|964|496|8698|2233|5058|1358|3640|1420|218|371|123|210|95|162|8835|2800|4720|1813|4115|1733|12986|3000|5026|1571|7960|2109|2710|1161|1424|744|1286|772|6477|2283|5743|2042|734|588|2050|1058|1781|922|269|263|681|432|522|314|159|187|12746|3616|8677|2695|4069|1676|4535|2449|4146|2114|389|393|5499|2885|3782|2328|1717|1090|2897|1442|2306|1284|591|650|11259|3561|8239|2913|3020|1773|0|225|0|225|0|225|122|160|122|160|0|225|1834|679|1798|661|36|61
0500000US25021|690371|157|521596|6952|28695|2836|20054|2474|8641|2063|5105|1507|4016|1391|1089|546|16836|3410|12752|2901|4084|1240|3696|1744|2689|1327|1007|676|14479|3698|8814|2825|5665|1625|1233|747|1194|739|39|65|247|325|247|325|0|225|1653|696|1157|511|496|380|4112|1418|2962|1118|1150|659|2302|1149|1924|944|378|362|214|259|214|259|0|225|1714|1133|1278|879|436|393|0|225|0|225|0|225|742|462|742|462|0|225|714|610|642|542|72|118|3921|1608|3829|1594|92|162|1167|761|965|668|202|182|679|649|564|555|115|203|1226|862|793|576|433|543|1192|817|919|642|273|276|5213|1906|3720|1387|1493|796|3870|2241|2707|1870|1163|1194|1648|1547|1034|984|614|683|1142|886|513|406|629|782|36850|4778|17983|2923|18867|3231|1028|500|619|348|409|342|2314|832|1511|738|803|543|0|225|0|225|0|225|7555|3316|4277|2234|3278|1398|268|452|166|277|102|177|562|432|202|211|360|320|2066|1044|1715|879|351|347|2037|1181|1728|1066|309|284|359|331|317|317|42|72|5705|2569|4971|2471|734|440|3738|2078|3205|1704|533|463|0|225|0|225|0|225|1498|1110|1344|1033|154|152|2549|2102|2497|2087|52|98|0|225|0|225|0|225|0|225|0|225|0|225|446|427|395|401|51|83
0500000US25025|732046|4|456555|8532|141661|4208|69371|4528|72290|4256|4613|1300|3354|927|1259|782|16517|4235|9462|3105|7055|2201|4078|1484|2844|1096|1234|869|17046|4565|8307|2390|8739|3500|3027|1388|2538|1208|489|492|893|782|893|782|0|225|2260|1564|1920|1469|340|508|4954|1543|2649|1087|2305|1083|372|294|372|294|0|225|701|602|545|468|156|196|1728|1242|1288|1018|440|392|289|242|289|242|0|225|1291|595|1095|551|196|204|303|241|258|227|45|76|3516|1289|3056|1288|460|324|644|499|504|409|140|179|737|580|567|387|170|293|680|543|382|286|298|332|652|565|204|207|448|516|2718|1288|1896|899|822|858|700|412|700|412|0|225|771|430|771|430|0|225|654|611|654|611|0|225|24435|3264|12234|1986|12201|2192|1346|732|875|606|471|462|3444|1292|2639|992|805|573|0|225|0|225|0|225|10504|3371|2607|1226|7897|2636|315|218|315|218|0|225|920|810|160|197|760|759|2512|1421|1931|1253|581|629|1918|1396|1467|1366|451|418|2021|1679|556|532|1465|1339|5874|2044|4211|1701|1663|796|197|202|197|202|0|225|4903|2362|3482|1745|1421|948|3113|1391|2263|1184|850|755|1926|1582|1690|1577|236|167|0|225|0|225|0|225|0|225|0|225|0|225|1258|834|943|664|315|355
0500000US25027|822672|124|630019|8591|79960|3984|47283|3375|32677|3604|4386|1260|3631|1123|755|435|2117|1408|996|858|1121|708|1209|451|850|354|359|248|31220|7076|13123|3245|18097|4975|942|624|895|608|47|78|233|267|233|267|0|225|2082|993|1264|660|818|517|1874|1296|926|668|948|775|2722|1637|1654|1264|1068|586|380|320|275|284|105|142|609|587|454|461|155|190|898|1155|745|1130|153|188|3509|2318|2115|1250|1394|1172|1794|1389|845|851|949|696|6226|1917|4845|1618|1381|1060|1674|1298|1552|1265|122|211|159|163|159|163|0|225|1371|1018|1122|891|249|258|1403|709|904|497|499|379|5175|1874|3936|1609|1239|519|2327|1027|1828|823|499|387|1278|702|1185|645|93|119|519|408|492|402|27|44|6158|1794|2928|1027|3230|1089|544|413|430|329|114|133|1712|1310|958|787|754|629|0|225|0|225|0|225|6954|2305|2422|1014|4532|1793|268|279|200|239|68|110|931|828|184|182|747|817|92|97|92|97|0|225|540|395|294|254|246|311|62|105|62|105|0|225|6463|2479|3303|1350|3160|1650|339|419|261|299|78|130|578|481|487|372|91|149|9795|2953|7754|2511|2041|1127|3739|1588|2258|1123|1481|800|0|225|0|225|0|225|0|225|0|225|0|225|411|348|311|291|100|161
0500000US26099|830483|137|702551|7732|13804|2529|8930|2088|4874|1264|1080|566|649|422|431|412|209|265|209|265|0|184|4405|1592|2042|793|2363|1187|982|513|350|285|632|377|2543|809|2398|792|145|139|164|183|164|183|0|184|751|588|710|583|41|68|634|563|209|150|425|523|6129|2410|4653|2209|1476|709|3880|1925|3093|1871|787|437|5408|1608|2343|859|3065|1098|152|246|152|246|0|184|238|401|60|100|178|301|720|669|353|403|367|521|1855|886|1582|803|273|296|1852|1317|1447|1112|405|446|466|408|466|408|0|184|18029|4084|9934|3359|8095|2244|441|417|441|417|0|184|10065|2424|6126|1817|3939|1339|257|421|174|293|83|131|506|520|241|305|265|361|1132|934|573|499|559|484|2030|1012|1162|695|868|615|206|255|109|179|97|110|305|303|58|105|247|284|2550|1588|1698|1313|852|609|3816|1555|1966|1165|1850|719|50|79|0|184|50|79|179|178|144|141|35|61|0|184|0|184|0|184|3873|1345|3138|1213|735|545|585|477|218|209|367|376|20231|4002|10106|2809|10125|2255|35|57|35|57|0|184|17012|4237|9385|2961|7627|2422|683|532|597|461|86|147|149|239|0|184|149|239|0|184|0|184|0|184|0|184|0|184|0|184|526|610|526|610|0|184
0500000US26125|1206009|178|1012459|8049|36946|3709|25924|3033|11022|2099|4187|1323|3152|1097|1035|577|0|184|0|184|0|184|2910|1343|2207|1239|703|374|2772|1287|2399|1216|373|244|5615|2415|5472|2374|143|143|871|468|573|405|298|345|666|411|513|327|153|158|4400|1436|2283|930|2117|996|1889|938|1594|888|295|206|952|564|552|326|400|334|5070|3206|2120|1092|2950|2345|1137|699|732|458|405|313|1901|1959|706|492|1195|1518|3297|1092|2373|874|924|547|6002|1831|5808|1815|194|161|3849|1544|3261|1420|588|472|1287|771|994|651|293|347|825|795|825|795|0|184|4699|1986|4091|1913|608|573|10224|2693|6593|2080|3631|1168|10395|2842|6821|2224|3574|1505|7358|2315|5846|1786|1512|926|6104|2446|4831|1812|1273|1169|15455|2923|7736|1951|7719|1649|6208|1836|1960|703|4248|1689|7688|2853|4588|1790|3100|1486|994|888|942|848|52|88|1699|955|1045|696|654|529|0|184|0|184|0|184|629|583|230|247|399|394|133|128|99|118|34|56|2355|987|1649|822|706|392|618|607|261|334|357|361|22988|4620|14875|3391|8113|2774|910|488|790|457|120|154|6627|1934|3987|1308|2640|1321|2952|1443|2428|1311|524|522|200|229|200|229|0|184|0|184|0|184|0|184|0|184|0|184|0|184|738|338|694|334|44|76
0500000US26163|1644073|-555555555|1375990|10483|72699|4088|43593|3640|29106|3742|4003|1717|3167|1350|836|493|293|389|57|93|236|380|1840|713|1292|486|548|307|676|299|459|240|217|145|3608|1545|3340|1311|268|328|166|165|166|165|0|184|2302|824|1678|684|624|361|807|495|684|416|123|193|3092|1204|2735|1118|357|245|988|657|524|374|464|400|1981|927|1530|773|451|289|279|369|221|357|58|96|1013|827|529|560|484|425|5004|2560|3187|1817|1817|1023|3987|1573|3189|1472|798|496|5119|2201|4243|1988|876|503|3689|2009|2918|1863|771|474|12782|3784|7412|3090|5370|2297|2048|1514|1082|707|966|934|9369|2253|5614|1926|3755|1224|3051|1740|2149|868|902|1159|814|500|663|432|151|198|1161|726|1078|666|83|136|3573|1284|2196|849|1377|776|2532|1112|1425|852|1107|650|1372|790|542|462|830|605|102|176|102|176|0|184|1588|849|723|476|865|737|0|184|0|184|0|184|221|257|92|147|129|212|226|206|98|84|128|156|4259|2018|2263|1023|1996|1673|401|292|294|246|107|130|106310|9220|50728|7048|55582|7730|505|675|316|373|189|312|437|372|259|327|178|220|3770|2402|3410|2358|360|393|1400|1225|805|669|595|1008|0|184|0|184|0|184|292|203|160|168|132|141|324|244|218|202|106|136
0500000US27053|1186676|-555555555|976307|10862|71364|5221|47051|4848|24313|3801|4784|1950|2945|945|1839|1727|195|329|195|329|0|157|252|177|193|163|59|73|759|456|543|251|216|276|2597|868|2306|812|291|329|781|648|728|616|53|87|212|212|176|196|36|61|4838|1628|2504|1126|2334|1233|735|600|414|303|321|519|1208|849|942|700|266|244|2506|1251|1309|771|1197|882|78|139|78|139|0|157|727|445|645|404|82|134|3055|1589|2342|1492|713|414|4181|1713|3807|1643|374|363|497|462|372|363|125|177|843|1077|614|724|229|370|1057|690|812|565|245|268|3901|2028|3093|1612|808|667|1695|664|1559|657|136|191|2746|1391|1919|1215|827|541|3013|1527|2155|951|858|975|3750|2615|3404|2554|346|384|9164|2987|5694|2018|3470|1279|2778|1835|1667|1155|1111|968|1738|757|651|501|1087|591|10741|2280|6651|1755|4090|1460|5618|1733|3101|1132|2517|1016|563|565|317|314|246|258|2360|1219|1914|1052|446|332|3598|1884|1594|722|2004|1355|3614|1246|2150|796|1464|861|885|554|742|490|143|154|1548|800|872|517|676|420|569|600|569|600|0|157|33085|7336|18795|5021|14290|4258|10665|4003|7323|3363|3342|2089|4887|1998|3651|1752|1236|934|0|157|0|157|0|157|684|467|563|427|121|137|2098|1205|1273|778|825|726
0500000US29189|933036|56|825626|7628|28002|3827|17136|3714|10866|1988|1744|712|1328|604|416|434|289|410|289|410|0|197|879|420|514|296|365|295|887|598|592|507|295|255|2852|931|2581|981|271|232|244|231|244|231|0|197|790|429|668|383|122|201|1631|905|961|620|670|620|986|803|485|402|501|507|13766|3932|7993|2625|5773|1819|1123|743|909|673|214|294|296|350|175|291|121|197|1145|876|595|554|550|543|1338|815|996|598|342|420|2944|1333|2761|1335|183|165|1999|1237|1799|1125|200|220|285|488|151|261|134|234|731|593|670|541|61|105|1483|1179|1190|1083|293|360|2879|1756|1810|997|1069|917|3739|1686|2753|1291|986|909|1182|790|1126|778|56|91|1196|710|981|524|215|255|9151|2219|4580|1569|4571|1292|1827|1151|654|528|1173|920|1437|766|701|429|736|477|0|197|0|197|0|197|1643|686|825|413|818|519|258|406|258|406|0|197|1555|1464|702|581|853|991|1660|1839|1498|1812|162|191|3794|1734|2505|1400|1289|960|190|221|0|197|190|221|3773|2968|2802|1884|971|1192|454|374|350|332|104|172|416|433|126|154|290|354|3709|2306|3351|2248|358|384|4798|2448|4041|2229|757|780|5|9|0|197|5|9|0|197|0|197|0|197|330|275|249|237|81|131
0500000US32003|2208399|-555555555|1456071|15106|504364|10017|297618|10043|206746|10231|6890|2119|5725|2012|1165|655|412|420|412|420|0|232|2485|1497|1142|641|1343|1363|4202|1842|3403|1647|799|830|7441|2311|6434|1921|1007|682|1632|1059|1632|1059|0|232|1041|585|816|463|225|227|4533|1987|2747|992|1786|1350|2463|900|1840|856|623|433|2947|1644|2021|1508|926|517|3963|1513|2342|873|1621|856|2648|1265|1946|1084|702|520|4078|2307|2671|1649|1407|886|1495|1498|835|773|660|801|1530|1024|1295|1003|235|305|4160|3079|2815|2357|1345|1223|1336|1206|1020|978|316|344|866|905|537|737|329|466|817|539|352|320|465|434|4052|1910|2552|1160|1500|1110|983|711|926|681|57|95|337|351|294|297|43|71|163|196|100|116|63|101|29240|4271|13266|2392|15974|2779|5180|1740|3244|1387|1936|1006|15211|3444|7768|2147|7443|2499|88|147|0|232|88|147|12064|3965|4447|1559|7617|3232|1858|1411|811|558|1047|1057|6018|1660|2921|1158|3097|1016|2779|2162|1811|1309|968|963|77931|8052|53279|5900|24652|3772|9337|1847|6660|1486|2677|931|4706|1702|3053|1153|1653|815|2614|1144|2057|1043|557|499|13430|4364|9740|3361|3690|1680|1716|1208|1582|1110|134|194|1819|1655|731|734|1088|1462|508|604|451|597|57|94|327|321|327|321|0|232|2664|1757|2283|1680|381|332
0500000US34003|909440|97|512176|10387|168492|6004|105444|6133|63048|5374|2323|1308|1984|1147|339|522|286|249|159|200|127|207|8384|2102|5044|1420|3340|1232|8128|3646|5557|2411|2571|1518|1413|736|1157|647|256|321|582|329|540|321|42|57|4812|1578|3733|1309|1079|684|14966|3228|9421|2214|5545|1845|13005|3026|7474|2183|5531|1374|5449|2276|3729|1990|1720|966|5094|2073|2738|1320|2356|1175|2549|1123|2049|992|500|366|1532|955|457|429|1075|804|5566|2490|3722|1704|1844|1128|5179|1910|3644|1619|1535|756|4578|2040|3691|1791|887|581|2121|1566|1644|1191|477|415|719|599|493|435|226|267|2210|1166|1978|1089|232|245|7859|2982|5618|2115|2241|1317|692|515|606|452|86|123|1436|1046|1229|1002|207|204|3775|1869|3068|1628|707|584|22123|3708|11123|2159|11000|2396|6327|2041|3211|1444|3116|1208|47226|5517|21306|3380|25920|3595|0|225|0|225|0|225|1810|1302|777|680|1033|1259|0|225|0|225|0|225|130|226|130|226|0|225|4569|1447|2780|1221|1789|817|16431|3151|12079|2652|4352|1366|2127|1764|1631|1651|496|549|11913|3838|9138|3561|2775|1291|6659|2155|5853|2026|806|608|793|700|432|415|361|435|3524|1821|2828|1583|696|958|170|256|150|257|20|7|0|225|0|225|0|225|0|225|0|225|0|225|2312|1165|2079|1114|233|242
0500000US34013|799336|187|500143|13876|155269|6523|73288|5518|81981|7497|5228|2108|3227|1607|2001|1220|26463|6013|14188|4163|12275|4087|4396|1666|3466|1363|930|620|26486|4550|8052|1790|18434|3987|1106|853|1020|825|86|150|308|233|308|233|0|225|775|789|724|787|51|86|2589|1253|2024|1024|565|420|2686|2129|2052|1725|634|717|1234|1298|876|851|358|508|2388|2012|1013|707|1375|1458|0|225|0|225|0|225|711|535|310|257|401|636|3273|1824|2567|1523|706|653|4176|1444|3154|1009|1022|976|1570|1177|1200|924|370|434|0|225|0|225|0|225|1786|1126|1272|995|514|417|1279|1000|1154|947|125|204|1006|576|909|575|97|120|864|735|864|735|0|225|482|350|482|350|0|225|671|752|126|152|545|727|11617|2316|8021|1820|3596|961|1501|1076|1402|1083|99|121|2541|1324|860|515|1681|1108|0|225|0|225|0|225|202|228|119|188|83|147|0|225|0|225|0|225|646|718|434|660|212|246|508|454|315|280|193|253|5960|1719|4723|1337|1237|729|874|817|630|507|244|405|4161|2076|3284|1754|877|705|2125|1322|1930|1129|195|321|1778|1770|1689|1747|89|150|17662|5744|15945|5346|1717|791|155|207|155|207|0|225|0|225|0|225|0|225|0|225|0|225|0|225|4717|2074|3842|1849|875|621
0500000US34017|663167|375|300962|8285|221476|6351|114552|6256|106924|5442|4619|1351|3795|1146|824|649|1612|1092|775|630|837|817|2825|1133|1968|829|857|467|7638|2717|3909|1508|3729|1597|1088|457|954|408|134|142|277|350|202|323|75|129|449|389|224|227|225|222|2955|1253|2078|958|877|539|2769|1265|2157|1077|612|344|389|384|245|290|144|242|885|631|757|515|128|209|389|443|389|443|0|225|318|376|242|352|76|135|8600|2557|5666|2103|2934|1186|14729|3061|13179|2964|1550|766|3049|1295|2328|981|721|549|2462|1600|1413|769|1049|1046|1503|802|1318|799|185|159|1932|964|1587|862|345|311|1881|1261|1773|1266|108|130|5512|2119|4362|1755|1150|1065|1418|839|1238|779|180|302|3314|1869|3197|1802|117|196|19701|3422|14541|2904|5160|1608|1244|724|887|635|357|323|4799|1960|3065|1420|1734|1087|0|225|0|225|0|225|2581|1753|1449|1062|1132|978|0|225|0|225|0|225|0|225|0|225|0|225|1494|861|800|418|694|689|16363|2902|12221|2613|4142|1498|940|609|565|420|375|366|17824|4338|10347|2708|7477|2332|564|398|495|373|69|118|286|353|107|177|179|305|2247|1218|2203|1218|44|83|1495|1401|1068|937|427|580|0|225|0|225|0|225|60|102|60|102|0|225|518|353|415|306|103|171
0500000US34021|360638|8|228772|6399|68740|3669|26878|4765|41862|5064|4790|2408|2567|1363|2223|1536|1950|1346|1476|1153|474|423|2052|987|1085|700|967|633|874|548|546|453|328|320|1461|746|1176|577|285|365|177|139|151|113|26|44|759|721|463|550|296|475|847|489|690|416|157|193|3091|1343|1547|753|1544|985|233|185|226|185|7|2|1633|806|1342|760|291|232|64|84|64|84|0|225|418|446|382|415|36|61|4827|1722|2939|1075|1888|1014|5362|1686|5109|1689|253|293|1512|722|1442|662|70|106|1081|831|395|299|686|772|1248|627|1075|553|173|241|1720|907|1520|799|200|227|872|705|656|643|216|318|3647|1320|3091|1131|556|463|2634|1321|2413|1211|221|261|2436|1418|2105|1293|331|357|8090|1664|5391|1334|2699|870|949|725|422|367|527|533|662|330|429|237|233|219|0|225|0|225|0|225|459|382|368|271|91|161|308|520|237|400|71|120|19|38|19|38|0|225|960|744|562|397|398|480|1814|1018|1747|999|67|112|55|88|51|88|4|8|1980|1526|934|573|1046|1044|600|746|319|392|281|372|332|573|332|573|0|225|1664|1093|1279|966|385|381|227|249|213|246|14|28|0|225|0|225|0|225|0|225|0|225|0|225|1319|836|864|487|455|600
0500000US34023|818554|261|420403|10909|155855|6003|72482|5125|83373|5902|3359|2178|2465|1552|894|742|5757|2915|3468|1665|2289|1634|2573|1236|1765|1113|808|536|6156|2188|4613|1705|1543|846|1508|667|1029|421|479|311|284|275|284|275|0|225|1939|981|1554|857|385|391|5674|1626|3000|1170|2674|1009|7152|2782|3271|1300|3881|2080|233|286|228|286|5|1|3761|2062|1926|1110|1835|1150|220|374|117|199|103|176|907|909|907|909|0|225|35011|4749|22802|3847|12209|2130|28112|4632|24536|4172|3576|1257|14632|3976|10635|3238|3997|1939|5065|2292|3045|1329|2020|1320|2627|1023|1988|749|639|525|9666|2987|8329|2684|1337|755|3402|2208|2714|2144|688|374|17979|3423|14221|3014|3758|2009|15217|3630|12061|2751|3156|1516|6229|1954|5120|1705|1109|725|22003|3120|10724|1942|11279|2114|1036|506|736|431|300|215|5245|1524|1638|557|3607|1263|0|225|0|225|0|225|3187|2051|854|521|2333|1706|0|225|0|225|0|225|75|126|75|126|0|225|1879|1539|1231|1160|648|529|8707|2210|5581|1338|3126|1422|1736|1121|808|624|928|853|9522|2741|6559|2039|2963|1484|942|600|942|600|0|225|112|154|112|154|0|225|6758|2604|6018|2398|740|666|797|715|638|688|159|206|0|225|0|225|0|225|255|351|209|342|46|79|2579|1201|2213|1062|366|295
0500000US34027|489195|409|364199|5018|57233|3248|34806|3437|22427|3101|2005|932|1562|839|443|264|518|527|351|413|167|173|1785|863|1680|816|105|127|3232|1442|2414|1173|818|656|1182|625|1182|625|0|225|384|456|384|456|0|225|682|501|640|485|42|69|2000|1093|1359|935|641|501|5171|1858|3329|1372|1842|817|146|144|146|144|0|225|1366|840|906|683|460|311|128|156|128|156|0|225|1331|1025|844|731|487|401|6496|2082|3848|1357|2648|1036|7372|2138|6740|1946|632|462|2024|1146|1839|1073|185|226|828|742|361|422|467|644|1286|1051|267|273|1019|1023|3414|1812|2977|1719|437|381|1617|798|860|509|757|578|2880|1387|1804|983|1076|741|922|733|790|561|132|218|2500|1222|1732|1076|768|514|8418|1943|4878|1381|3540|1162|446|359|249|226|197|188|1581|803|860|664|721|449|0|225|0|225|0|225|787|743|572|515|215|303|0|225|0|225|0|225|0|225|0|225|0|225|1303|829|939|625|364|362|1076|585|774|452|302|267|548|746|91|146|457|724|2729|1362|1943|1046|786|638|102|118|59|97|43|69|394|611|156|254|238|377|351|378|250|283|101|131|288|378|55|97|233|367|0|225|0|225|0|225|0|225|0|225|0|225|471|389|316|282|155|130
0500000US36005|1270469|240|542251|14852|577147|11016|302211|10033|274936|10597|19588|6575|13712|5411|5876|2379|5571|1957|3519|1289|2052|1516|4474|1366|2918|1085|1556|649|1352|1025|900|635|452|446|368|272|368|272|0|218|645|495|438|329|207|234|2042|1352|1449|1153|593|488|3236|1287|1183|742|2053|1055|99|119|0|218|99|119|1300|1166|591|658|709|684|750|510|394|361|356|370|0|218|0|218|0|218|368|396|320|337|48|81|330|390|330|390|0|218|310|252|258|252|52|2|3171|1705|2067|1231|1104|616|1084|1292|534|729|550|581|22998|3713|9898|2262|13100|2549|134|162|134|162|0|218|6034|2094|2768|1025|3266|1566|305|405|107|136|198|316|111|134|111|134|0|218|76|123|0|218|76|123|4743|1606|1617|747|3126|1253|431|429|176|176|255|268|829|506|255|246|574|389|0|218|0|218|0|218|2050|933|465|426|1585|664|645|658|128|181|517|637|0|218|0|218|0|218|411|460|72|89|339|447|4401|1768|3637|1591|764|418|253|286|0|218|253|286|10341|4736|6650|3730|3691|1835|1283|1264|1126|1045|157|253|4129|1973|2414|1439|1715|926|42010|7891|27273|6473|14737|4004|743|785|581|721|162|198|0|218|0|218|0|218|149|211|149|211|0|218|4307|1796|2277|867|2030|1538
0500000US36029|897245|142|797280|6821|29116|3541|20268|2827|8848|2163|3650|2505|3350|2149|300|427|360|368|314|355|46|56|2447|826|1936|826|511|359|1528|2000|1288|1619|240|387|1342|791|1224|782|118|133|214|150|154|151|60|8|529|361|406|333|123|196|2730|1688|1758|1579|972|489|2185|918|1963|917|222|203|809|500|418|349|391|311|1525|928|1046|656|479|386|3|6|3|6|0|218|2095|2387|1410|1508|685|923|778|808|397|394|381|468|2062|1095|1128|709|934|506|1714|1183|643|510|1071|774|759|564|265|254|494|476|10404|2568|4182|1339|6222|1612|1442|917|563|366|879|663|1948|1468|847|739|1101|913|566|466|349|401|217|230|1451|1892|1412|1895|39|65|862|744|280|258|582|597|6565|1816|3106|990|3459|1368|180|257|180|257|0|218|689|357|639|354|50|81|0|218|0|218|0|218|1219|638|468|317|751|465|0|218|0|218|0|218|244|294|244|294|0|218|2886|1302|1385|627|1501|843|855|579|539|365|316|303|110|188|110|188|0|218|8827|3038|6195|2484|2632|1357|976|692|695|501|281|471|727|967|432|513|295|461|2444|2039|1704|1444|740|695|2057|1168|750|671|1307|935|0|218|0|218|0|218|208|207|172|197|36|58|1459|1380|1367|1380|92|91
0500000US36047|2405195|235|1319416|18181|352940|8316|189495|9163|163445|9665|24694|4473|19335|3551|5359|1675|64218|6934|36283|5280|27935|4591|14091|2839|9648|2187|4443|1396|7503|2412|6296|2032|1207|693|3610|1118|3497|1078|113|138|95024|12271|45492|7838|49532|9038|7368|2003|5056|1572|2312|943|112438|10502|31553|4749|80885|7838|13812|4744|8017|4389|5795|1723|2121|1084|1645|906|476|391|17914|4488|6068|2056|11846|3349|535|483|317|386|218|200|6112|2436|1998|782|4114|2038|1251|736|1251|736|0|218|2229|1341|1723|1038|506|562|15622|3925|5947|1775|9675|2880|844|778|555|494|289|319|31187|6014|12778|3122|18409|4354|549|374|328|269|221|254|13324|3509|7243|2061|6081|2084|277|281|277|281|0|218|880|541|605|502|275|276|1115|603|831|600|284|270|159275|8063|44893|4025|114382|7346|5433|1641|4163|1437|1270|650|7182|1894|4779|1466|2403|1115|0|218|0|218|0|218|1979|855|788|484|1191|685|136|224|51|84|85|140|841|505|452|275|389|316|17115|4359|6993|2803|10122|3338|5334|1461|4134|1236|1200|592|606|391|65|71|541|403|36777|7067|18532|3512|18245|5393|19947|4018|14257|3290|5690|2083|400|274|400|274|0|218|21783|6945|14323|4888|7460|2715|958|763|695|674|263|340|0|218|0|218|0|218|47|79|0|218|47|79|18308|4348|9397|2328|8911|3052
0500000US36055|709955|50|624635|5379|38045|3027|22171|2124|15874|2131|1295|606|1056|495|239|252|314|316|109|131|205|239|3809|1220|2441|1112|1368|507|783|488|538|342|245|256|957|647|900|652|57|76|732|651|694|646|38|66|1079|549|507|335|572|370|2566|1088|1850|914|716|420|1137|568|1073|552|64|70|1412|1007|1175|982|237|170|3525|1222|1585|695|1940|899|0|218|0|218|0|218|893|501|473|335|420|500|554|481|346|312|208|278|1734|872|1552|796|182|234|804|707|784|704|20|39|1022|907|795|808|227|218|447|343|170|199|277|246|1368|660|547|317|821|487|837|396|723|373|114|149|371|345|305|307|66|90|330|284|177|207|153|208|485|463|424|388|61|98|4708|1806|2112|788|2596|1292|566|333|467|289|99|115|2034|922|1491|769|543|357|0|218|0|218|0|218|1779|887|593|443|1186|638|153|161|70|86|83|134|1282|606|701|396|581|451|1961|1305|1300|1125|661|594|954|567|772|460|182|246|87|117|0|218|87|117|1723|1289|1247|997|476|365|423|297|303|226|120|194|2941|1832|1577|1096|1364|896|1364|1382|1007|948|357|468|619|513|100|167|519|478|0|218|0|218|0|218|0|218|0|218|0|218|227|193|125|179|102|121
0500000US36059|1309652|172|897058|12290|186389|8113|105342|7984|81047|6448|7423|3430|5613|2137|1810|1573|20462|4311|13635|3731|6827|2404|12333|2224|9602|1938|2731|831|6230|2524|4226|2203|2004|956|2600|1087|2234|962|366|312|717|441|698|432|19|32|8876|2627|7196|2409|1680|690|6030|2180|5250|2132|780|403|7024|3019|5113|2102|1911|1123|1056|676|511|329|545|429|1325|927|922|668|403|339|1130|1107|690|695|440|485|6845|2569|4712|1687|2133|1378|5896|2938|5034|2829|862|614|16833|5655|10824|3798|6009|2563|14571|4273|9673|3016|4898|2190|6777|2390|4836|1743|1941|885|7928|2776|5443|1882|2485|1432|836|494|669|469|167|164|7471|4507|6003|3603|1468|994|57|97|57|97|0|218|1152|713|1152|713|0|218|5243|1945|3573|1432|1670|722|33579|4746|17217|3115|16362|2907|1392|1093|1095|1122|297|257|12231|2551|4862|1394|7369|1633|0|218|0|218|0|218|1376|971|507|441|869|709|0|218|0|218|0|218|272|243|173|166|99|115|2770|1771|1457|983|1313|1055|7431|2622|6664|2604|767|452|444|303|357|311|87|101|4844|2444|3505|1850|1339|774|7802|2974|7017|2765|785|732|115|195|0|218|115|195|2353|1107|2353|1107|0|218|348|554|348|554|0|218|0|218|0|218|0|218|0|218|0|218|0|218|2433|1240|1817|982|616|420
0500000US36061|1535333|345|956001|17650|288969|8367|166928|8625|122041|8974|31891|5955|26572|5088|5319|2157|4970|2932|3823|2581|1147|1019|11730|2935|10434|2445|1296|1078|10042|3261|7761|2374|2281|1569|7395|2190|7343|2184|52|38|3870|1739|3789|1692|81|112|6050|3130|5857|3077|193|234|17059|5610|10981|4918|6078|2243|2403|2217|1239|1112|1164|1154|2048|1947|1018|994|1030|1667|5061|3153|4384|3062|677|428|698|410|698|410|0|218|3917|1476|3472|1310|445|638|3051|1242|2704|1235|347|328|13800|3952|12648|3792|1152|716|1449|1038|1362|1029|87|143|518|517|518|517|0|218|5338|2271|3435|1567|1903|1599|1082|623|1082|623|0|218|5556|2103|4847|1794|709|612|935|622|935|622|0|218|1385|680|1385|680|0|218|579|560|527|544|52|140|78854|7633|37076|4826|41778|5185|9186|2118|5354|1549|3832|1193|11354|3037|7281|2042|4073|2016|0|218|0|218|0|218|1201|855|824|728|377|460|38|65|0|218|38|65|1001|495|767|431|234|202|3953|1443|3253|1229|700|558|5666|2055|4861|1819|805|654|652|387|539|369|113|159|9570|4287|7296|3374|2274|1319|15467|4495|15245|4478|222|244|827|643|675|604|152|211|4805|2939|3710|2340|1095|887|3256|2450|2038|1603|1218|1162|0|218|0|218|0|218|0|218|0|218|0|218|3706|2272|2463|1642|1243|855
0500000US36081|2136221|589|952640|20916|490801|9051|226743|9958|264058|10092|12166|2852|7963|2184|4203|1502|32507|5460|18798|3985|13709|2731|17821|3934|11677|2984|6144|1820|7809|2294|4590|1453|3219|1334|3948|1416|3586|1335|362|370|1794|1537|1227|824|567|908|22535|4047|15026|3109|7509|2157|28876|5245|14353|3937|14523|2999|19389|3996|10668|2548|8721|2314|9057|3449|5921|3062|3136|1242|5312|1986|3486|1498|1826|1041|1773|839|1487|756|286|232|3075|1528|1632|997|1443|1158|4913|1973|2055|860|2858|1260|14677|3151|9543|2381|5134|1459|20424|4914|12636|3549|7788|2245|10494|2954|5469|1706|5025|1750|75766|8913|31616|5469|44150|5728|14259|3152|6880|1793|7379|2089|21923|3925|16082|3174|5841|1646|1380|1083|883|731|497|586|2044|1381|840|939|1204|948|2895|1791|1748|1373|1147|1082|213636|10062|66161|5017|147475|7831|4121|1400|1222|578|2899|1190|37562|6267|13918|2906|23644|4282|0|218|0|218|0|218|5081|2995|2164|1620|2917|1612|636|489|277|311|359|381|4770|1954|2145|1479|2625|1136|12903|2508|5837|1834|7066|1450|29129|4281|21417|3391|7712|1655|3826|1863|1492|954|2334|1537|22005|7323|14221|5726|7784|2701|4875|1572|3944|1410|931|547|467|537|436|526|31|52|8459|2653|6588|2324|1871|1120|740|843|621|668|119|197|0|218|0|218|0|218|103|163|103|163|0|218|9630|3033|5597|1861|4033|1849
0500000US36103|1443021|143|1070752|13560|239639|9097|132792|7897|106847|6370|5972|2317|5425|2061|547|399|14964|5206|11032|4295|3932|1831|12807|2224|8793|1755|4014|1013|4997|1812|4229|1700|768|380|3681|1370|3465|1303|216|173|1382|618|1336|612|46|77|5676|2352|4522|2111|1154|657|4837|2005|2949|1292|1888|968|8654|3005|5696|1857|2958|1546|542|292|367|242|175|111|1181|660|786|507|395|312|711|474|316|249|395|368|1535|1132|1090|754|445|530|1867|1101|1709|1031|158|202|3246|1368|2510|980|736|565|9265|2794|6183|1969|3082|1106|815|566|398|336|417|465|1867|903|1028|525|839|504|2010|1382|1347|1099|663|551|3118|1539|2659|1480|459|332|545|346|455|318|90|112|1202|560|921|431|281|331|2100|1294|1332|742|768|626|13481|2242|6813|1153|6668|1718|1401|784|1058|668|343|300|4237|1589|1757|832|2480|1075|0|218|0|218|0|218|859|504|367|248|492|367|0|218|0|218|0|218|451|279|364|272|87|108|4920|2055|2515|1384|2405|906|4698|2055|3108|1352|1590|1100|63|96|63|96|0|218|2552|1426|2086|1133|466|364|1711|1535|1679|1536|32|54|130|215|60|99|70|117|3765|1567|3201|1381|564|415|501|552|363|367|138|231|0|218|0|218|0|218|0|218|0|218|0|218|887|595|783|580|104|111
0500000US36119|938992|140|619200|10325|193204|7338|111909|7519|81295|6806|6209|1603|4837|1345|1372|739|5205|2534|4383|2211|822|525|12624|2269|9112|1925|3512|1108|9442|2597|6346|1905|3096|1436|5677|2857|5180|2822|497|302|2326|2084|919|620|1407|2094|3301|1079|2749|1044|552|320|5326|2325|4160|1893|1166|769|2879|1727|1775|1271|1104|731|2957|1617|2379|1388|578|590|3734|2283|2043|1115|1691|1505|262|377|215|368|47|81|1945|1479|943|648|1002|1083|1245|919|1199|914|46|78|3919|1291|3334|1231|585|381|2666|1746|2082|1342|584|566|138|142|84|99|54|94|2010|1207|600|407|1410|1086|352|266|306|232|46|79|8445|2426|6384|1915|2061|938|830|591|738|521|92|109|1395|827|933|646|462|407|3646|1516|2856|1244|790|716|10726|2102|6648|1625|4078|1166|3957|1396|2083|932|1874|825|4709|1658|2712|1322|1997|781|0|218|0|218|0|218|271|266|206|214|65|110|67|113|67|113|0|218|253|261|103|127|150|159|1265|874|1024|731|241|297|5233|1636|4309|1463|924|507|298|381|238|283|60|103|5173|2017|3847|1824|1326|899|1805|836|1751|817|54|87|800|900|486|450|314|514|2364|1106|1435|880|929|613|113|193|113|193|0|218|0|218|0|218|0|218|0|218|0|218|0|218|3021|1598|2145|1442|876|697
0500000US37119|1090108|103|842738|10061|146051|5725|66433|5422|79618|5072|6865|2231|4157|1664|2708|1534|906|658|677|507|229|308|1799|1237|1272|1002|527|472|4071|1508|2381|1043|1690|1135|4094|2283|3122|1271|972|1369|918|541|823|502|95|114|1430|734|1188|597|242|232|3201|1580|1058|547|2143|1361|766|565|635|531|131|163|699|681|429|397|270|329|1918|1109|1184|627|734|674|229|389|229|389|0|222|1038|837|725|555|313|324|3311|1432|2033|1093|1278|583|5607|1768|5038|1745|569|340|1125|714|943|718|182|211|0|222|0|222|0|222|1218|795|1142|817|76|131|1829|1061|864|628|965|718|3241|2222|1509|775|1732|1752|7994|2327|5308|1711|2686|1222|2218|1509|1194|722|1024|1192|1088|568|1088|568|0|222|6054|1999|3706|1336|2348|1017|1300|945|881|853|419|312|889|872|792|735|97|163|1067|704|887|582|180|222|8652|2219|2457|928|6195|2016|2525|1709|1372|1078|1153|844|1366|956|477|440|889|717|3416|1639|1965|1114|1451|845|3375|1266|2566|1128|809|563|390|270|216|224|174|150|3832|1769|2707|1468|1125|701|465|374|416|333|49|80|8183|7009|4808|5080|3375|2498|1374|795|919|597|455|519|1334|974|1026|926|308|244|0|222|0|222|0|222|618|638|618|638|0|222|914|830|712|656|202|252
0500000US37183|1122715|163|900942|9201|98142|5634|59334|5467|38808|4366|5043|2069|3704|1673|1339|778|1394|1441|1040|1081|354|476|866|573|770|573|96|162|4241|1942|3777|1893|464|341|2289|1216|1905|864|384|427|337|342|267|323|70|115|359|369|278|283|81|133|1876|909|1066|591|810|614|634|351|634|351|0|222|417|344|289|256|128|157|1673|868|1007|649|666|418|0|222|0|222|0|222|2041|1573|1595|1175|446|476|5261|1739|4283|1470|978|593|11001|3033|8986|2462|2015|1161|3773|3030|3557|2989|216|263|758|645|758|645|0|222|3500|1824|2635|1276|865|734|5729|2117|5056|2059|673|314|3042|1203|2625|1106|417|446|10178|3255|7696|2212|2482|1751|5476|2083|4622|1976|854|652|3466|1579|2839|1298|627|507|12020|2551|6871|1828|5149|1480|994|649|635|567|359|308|6359|1963|2356|1120|4003|1548|254|428|254|428|0|222|4786|2290|2469|1554|2317|1447|0|222|0|222|0|222|783|985|162|262|621|969|2055|1226|1226|814|829|630|1792|865|1411|724|381|449|1062|1073|733|764|329|334|11443|4218|8168|3096|3275|1420|0|222|0|222|0|222|799|515|602|501|197|111|5594|2644|5526|2623|68|111|1175|968|1045|944|130|213|118|179|0|222|118|179|203|252|203|252|0|222|840|623|700|567|140|228
0500000US39035|1167963|133|1025793|7698|52102|5062|30083|3617|22019|3544|3235|1437|2553|1312|682|532|0|208|0|208|0|208|2991|958|2289|900|702|369|338|248|201|168|137|151|3212|1108|2986|1083|226|191|326|281|194|292|132|167|2300|679|1561|614|739|535|6465|2107|3721|1624|2744|1249|1663|841|822|491|841|630|3869|1783|2850|1673|1019|470|7327|2584|2888|1093|4439|2163|0|208|0|208|0|208|755|683|326|336|429|372|1893|1025|1688|961|205|180|3913|2105|2794|2021|1119|752|580|473|513|432|67|103|2211|2265|1879|1828|332|505|968|854|670|487|298|494|1474|1170|1022|773|452|446|6090|1891|3988|1398|2102|814|1241|694|538|399|703|579|129|168|129|168|0|208|624|698|624|698|0|208|8613|2049|3934|1233|4679|1378|1009|785|514|361|495|709|1524|771|962|587|562|456|0|208|0|208|0|208|2411|990|1202|581|1209|576|788|806|369|377|419|438|210|183|94|117|116|134|744|597|310|269|434|380|2664|1319|1495|871|1169|724|329|297|221|197|108|180|11013|2909|7425|2369|3588|1303|2136|1114|1807|1078|329|489|526|493|282|268|244|412|2973|1623|2476|1497|497|379|1408|1060|433|411|975|750|0|208|0|208|0|208|211|179|201|175|10|19|1905|755|1505|658|400|290
0500000US39049|1241309|95|1030864|12157|65268|5003|34002|3749|31266|3614|10674|3840|6004|2184|4670|2321|3956|2362|1940|1392|2016|1221|649|401|479|422|170|253|3959|1760|2205|1308|1754|1515|1719|952|1383|812|336|304|186|184|186|184|0|208|898|538|898|538|0|208|2693|1381|1082|501|1611|1187|156|257|112|184|44|75|617|709|526|568|91|149|1439|984|554|498|885|759|0|208|0|208|0|208|3466|2812|2561|2709|905|646|1947|1054|1091|849|856|457|4309|1983|3880|1876|429|461|1600|1101|1096|793|504|441|0|208|0|208|0|208|3010|1789|2387|1629|623|511|11879|3813|4709|1607|7170|3174|1909|1117|1045|749|864|812|4258|1948|3366|1638|892|772|996|615|666|564|330|523|862|816|550|607|312|526|9497|2323|5973|1774|3524|1203|3854|1343|1916|901|1938|1105|3593|1506|2122|953|1471|846|0|208|0|208|0|208|1172|630|271|229|901|548|1330|1030|298|280|1032|805|1509|845|707|524|802|565|2294|1302|1256|866|1038|759|3348|2434|2140|1297|1208|1324|523|311|523|311|0|208|12955|3644|6989|2273|5966|2494|453|357|453|357|0|208|27677|5608|16323|3797|11354|3392|12483|5111|8380|3800|4103|1917|2454|1602|1463|1213|991|992|0|208|0|208|0|208|227|363|94|157|133|212|626|490|567|492|59|100
0500000US40143|639061|67|533258|3459|72989|2973|40411|2752|32578|2243|1191|413|1081|416|110|123|547|450|377|359|170|277|256|201|181|185|75|75|432|340|378|291|54|89|1473|626|1251|541|222|183|0|165|0|165|0|165|0|165|0|165|0|165|1312|648|1100|619|212|189|143|137|143|137|0|165|0|165|0|165|0|165|313|249|174|166|139|133|0|165|0|165|0|165|415|323|314|282|101|113|75|84|75|84|0|165|309|269|220|220|89|152|994|563|688|447|306|355|51|91|51|91|0|165|729|492|421|248|308|346|292|347|163|160|129|208|980|560|426|324|554|519|378|463|303|365|75|119|108|119|0|165|108|119|384|276|167|160|217|222|2001|669|875|456|1126|538|550|302|489|332|61|113|614|351|264|177|350|228|3394|1108|2804|1001|590|358|2916|1083|933|440|1983|810|0|165|0|165|0|165|385|319|297|259|88|91|5664|1672|2861|907|2803|1080|1349|693|1103|592|246|213|800|370|385|196|415|259|2288|927|1523|663|765|475|123|145|62|104|61|101|0|165|0|165|0|165|1099|660|779|450|320|314|375|242|375|242|0|165|112|129|112|129|0|165|511|336|511|336|0|165|251|219|196|160|55|89
0500000US41051|754555|444|616053|6926|67635|4142|38309|4269|29326|4140|2466|1083|2466|1083|0|217|27|3|27|3|0|217|406|329|220|268|186|222|1015|681|908|621|107|130|2314|744|1865|680|449|345|585|543|585|543|0|217|327|347|284|287|43|70|5521|2200|2911|1576|2610|1211|558|489|558|489|0|217|888|1095|419|369|469|757|1860|1172|744|537|1116|699|279|454|216|353|63|102|1263|851|924|624|339|296|0|217|0|217|0|217|1056|757|819|665|237|249|703|578|703|578|0|217|0|217|0|217|0|217|107|172|107|172|0|217|657|832|291|296|366|614|1747|924|1346|723|401|322|106|177|106|177|0|217|233|303|233|303|0|217|155|229|155|229|0|217|10511|2733|4362|1393|6149|2287|3165|1049|2527|1014|638|409|1071|505|624|419|447|321|1429|981|666|620|763|642|12596|2952|4989|1658|7607|1997|432|429|384|403|48|82|2050|1120|1547|1016|503|508|1898|1022|1197|630|701|514|2411|1172|1654|866|757|563|1478|814|1288|699|190|246|3788|2748|2477|1871|1311|1047|532|316|376|290|156|270|5903|3063|3777|2486|2126|1076|0|217|0|217|0|217|1030|1097|974|1094|56|87|0|217|0|217|0|217|0|217|0|217|0|217|300|286|300|286|0|217
0500000US41067|568297|230|426980|6180|71317|4190|42325|3261|28992|4487|1672|818|1618|813|54|89|14|3|14|3|0|217|616|409|483|370|133|129|914|529|486|431|428|340|2268|1157|1803|974|465|376|393|409|393|409|0|217|197|238|197|238|0|217|2443|1440|2174|1391|269|229|232|274|79|129|153|246|88|148|0|217|88|148|1335|777|361|328|974|767|679|992|679|992|0|217|1862|965|1035|622|827|715|183|295|183|295|0|217|4409|1939|4269|1906|140|182|452|551|383|457|69|113|832|577|516|418|316|326|2102|964|1727|755|375|391|2979|1716|2710|1513|269|375|1769|1497|1237|1147|532|419|2202|1172|1878|1032|324|301|1917|1085|1717|926|200|238|1067|703|1006|707|61|101|10747|2343|7524|1896|3223|1204|2742|1049|1653|803|1089|476|3893|1586|1880|988|2013|872|834|926|792|916|42|70|5790|1733|2517|848|3273|1424|1869|1837|1282|1685|587|702|1374|1558|600|785|774|824|944|650|573|380|371|358|3594|1608|3268|1555|326|261|2015|1167|1499|1027|516|517|2686|1223|1375|791|1311|805|621|577|621|577|0|217|0|217|0|217|0|217|360|448|314|411|46|79|812|805|674|659|138|190|355|566|355|566|0|217|285|430|285|430|0|217|454|402|454|402|0|217
0500000US42003|1164659|97|1059385|6425|23748|3420|16243|2387|7505|1998|4748|2517|3538|1796|1210|869|228|265|173|224|55|91|5272|1602|4164|1501|1108|504|1520|867|1332|822|188|180|3131|1059|2984|1026|147|146|162|132|162|132|0|190|1351|761|797|505|554|484|4253|2352|2968|1796|1285|729|1212|698|893|532|319|285|983|825|910|815|73|105|899|658|427|273|472|442|0|190|0|190|0|190|1548|1236|1449|1142|99|163|2051|1465|858|729|1193|1168|5348|2408|3622|1430|1726|1146|713|558|576|470|137|178|1037|935|797|873|240|227|1255|612|1008|525|247|235|2144|1344|1282|997|862|768|1630|1012|1262|610|368|469|4375|1782|3038|1414|1337|803|2997|1914|2997|1914|0|190|805|488|453|336|352|315|11119|2397|7638|1776|3481|1110|1724|936|1168|717|556|389|1540|830|930|489|610|460|56|101|56|101|0|190|1630|937|866|613|764|559|0|190|0|190|0|190|584|527|345|470|239|220|4087|1965|2094|1267|1993|1011|1642|851|1088|526|554|526|51|61|23|38|28|48|5476|2267|3392|1487|2084|1017|1381|903|1233|792|148|242|256|324|256|324|0|190|2053|963|1776|918|277|380|1513|1002|1125|841|388|317|0|190|0|190|0|190|209|182|209|182|0|190|543|523|518|522|25|41
0500000US42017|615728|234|524199|8460|26197|3372|18060|2620|8137|1594|1583|762|1332|729|251|224|1804|1586|1103|1020|701|649|3249|1322|2625|1217|624|482|1235|1023|912|775|323|308|2175|959|1931|908|244|161|298|296|298|296|0|190|484|596|300|302|184|306|14978|5001|6893|2293|8085|3909|1333|689|901|470|432|368|485|577|243|231|242|422|6252|4268|3761|3095|2491|1968|0|190|0|190|0|190|1727|1254|1279|1122|448|357|4194|1518|2348|979|1846|822|2686|1163|2580|1136|106|188|1457|1036|1046|812|411|393|0|190|0|190|0|190|1708|1163|1077|594|631|727|744|558|553|531|191|195|967|540|752|411|215|243|145|251|41|71|104|184|384|365|176|225|208|256|1099|563|695|380|404|365|4565|1540|3025|1298|1540|609|860|633|580|534|280|246|1835|1052|983|615|852|652|0|190|0|190|0|190|583|464|328|289|255|297|57|96|57|96|0|190|68|119|0|190|68|119|2254|1910|1187|1316|1067|689|1307|936|1019|818|288|332|48|80|48|80|0|190|1721|1087|961|683|760|657|409|497|409|497|0|190|338|408|338|408|0|190|1371|1314|1371|1314|0|190|57|105|57|105|0|190|0|190|0|190|0|190|61|112|61|112|0|190|811|614|645|428|166|287
0500000US42045|544236|156|469945|5850|17412|2387|10309|1722|7103|2129|2275|986|1703|746|572|543|2893|2160|1432|1022|1461|1230|1583|798|1087|602|496|346|615|702|425|627|190|314|764|372|764|372|0|190|1083|741|1083|741|0|190|2280|1051|1735|716|545|408|861|600|506|494|355|289|835|488|591|432|244|245|240|400|164|275|76|126|777|670|777|670|0|190|767|712|491|507|276|274|204|244|204|244|0|190|56|72|17|32|39|65|1447|806|1180|659|267|258|840|920|313|378|527|592|1432|1588|1106|1285|326|373|3069|1542|1746|1163|1323|1018|740|495|450|350|290|283|656|556|314|260|342|426|1774|1408|1671|1395|103|135|497|450|497|450|0|190|1492|1158|1016|732|476|567|8403|1935|4152|1370|4251|1373|282|245|246|215|36|59|730|381|400|278|330|261|0|190|0|190|0|190|2708|1175|1452|851|1256|596|939|922|201|259|738|884|688|916|71|112|617|915|661|661|210|214|451|552|1160|609|961|519|199|185|76|130|76|130|0|190|3455|2363|2591|2155|864|855|0|190|0|190|0|190|281|349|117|139|164|219|8131|3270|4593|2434|3538|1751|979|802|785|544|194|310|0|190|0|190|0|190|0|190|0|190|0|190|1206|812|685|488|521|447
0500000US42091|823734|147|698691|6730|36589|3802|20221|2754|16368|2589|4268|1652|4020|1602|248|274|1538|1229|1199|958|339|338|1983|813|1606|700|377|299|3462|2055|3007|2073|455|402|2293|994|2205|983|88|145|709|484|624|415|85|144|1077|776|677|581|400|496|2330|1108|1516|978|814|489|1845|942|1276|748|569|419|723|506|234|263|489|442|3675|1740|1504|930|2171|1083|626|384|568|353|58|69|377|247|337|236|40|66|4096|2074|2600|1317|1496|1007|3189|1213|2809|1151|380|339|1009|908|1009|908|0|190|447|373|447|373|0|190|3734|1887|2363|1132|1371|1233|2854|1841|2147|1453|707|720|1942|984|1227|749|715|555|2898|1442|2442|1236|456|332|1825|1476|1725|1430|100|167|772|446|506|406|266|212|11069|2217|6394|1605|4675|1487|688|596|560|462|128|145|9021|2639|3435|1327|5586|1650|0|190|0|190|0|190|5519|2089|2726|1038|2793|1335|1653|1015|861|608|792|560|635|455|277|248|358|314|1097|903|574|415|523|810|1761|1068|1583|1017|178|221|388|294|219|195|169|205|3116|1710|2229|1234|887|575|505|561|457|555|48|81|1960|1215|740|688|1220|826|2193|1573|2029|1559|164|209|470|616|470|616|0|190|0|190|0|190|0|190|0|190|0|190|0|190|707|447|707|447|0|190
0500000US42101|1460109|186|1097615|13949|161379|7812|100154|6513|61225|5849|8342|2582|4925|1438|3417|2062|9887|4163|7417|3489|2470|1264|5927|2058|3659|1365|2268|1160|9624|4372|2207|1181|7417|3910|3509|1091|2987|980|522|325|1221|469|1221|469|0|190|1099|592|822|528|277|350|16480|4757|4814|1799|11666|4226|2839|1400|1703|757|1136|1069|241|234|241|234|0|190|6941|3402|2023|905|4918|3172|252|365|138|183|114|192|231|281|61|104|170|258|1352|832|1264|793|88|149|4155|2054|2802|1441|1353|895|2932|2245|1796|1416|1136|984|588|584|256|251|332|371|2869|2790|1367|1291|1502|1542|3517|3306|1461|1009|2056|2625|3308|1332|2028|1022|1280|618|976|743|727|642|249|276|1361|741|1203|744|158|167|6927|3240|3484|1828|3443|1594|37180|4225|12070|2394|25110|3113|1578|1016|1175|919|403|301|5215|1996|2403|974|2812|1460|300|485|134|218|166|270|12679|3246|5178|1480|7501|2259|2704|1260|869|594|1835|1105|1550|1334|676|636|874|865|6517|3777|3453|2268|3064|1983|2482|997|1658|673|824|683|1568|1157|448|553|1120|924|14676|4827|9622|3388|5054|2266|970|579|913|565|57|98|3379|1645|964|744|2415|1421|11694|6409|5947|4312|5747|3133|1289|1319|1128|1385|161|204|76|121|76|121|0|190|0|190|0|190|0|190|2680|1178|1532|832|1148|857
0500000US48029|1955324|224|1217545|18489|650177|17032|444300|14175|205877|11921|3083|1171|2869|1118|214|328|1004|901|902|875|102|175|923|570|923|570|0|236|4383|2168|3156|1609|1227|937|4277|1264|3818|1139|459|441|1525|1270|1525|1270|0|236|66|110|66|110|0|236|691|561|500|474|191|204|1208|885|1139|879|69|114|310|280|310|280|0|236|946|638|604|487|342|311|0|236|0|236|0|236|3937|2078|1675|1123|2262|1729|750|665|397|436|353|377|2280|2208|1995|2115|285|418|2967|1939|1931|1544|1036|935|0|236|0|236|0|236|1838|2048|1171|1410|667|692|1103|1017|494|423|609|907|3246|2517|355|335|2891|2494|3015|2368|2794|2349|221|353|2180|1478|1765|1184|415|419|350|425|303|413|47|81|5606|2362|1875|937|3731|1843|1068|668|889|582|179|214|3726|1440|1896|820|1830|1025|0|236|0|236|0|236|7962|2708|3025|1062|4937|2355|267|344|267|344|0|236|1554|941|816|792|738|560|1090|813|741|725|349|407|9052|2956|7340|2661|1712|901|2685|1011|1969|813|716|451|7001|4292|5019|3405|1982|1715|173|181|173|181|0|236|1570|1637|875|968|695|898|3955|1701|3419|1495|536|471|1021|1091|453|517|568|916|48|87|48|87|0|236|0|236|0|236|0|236|742|613|211|219|531|564
0500000US48085|1127153|-555555555|766644|13404|116680|7952|77955|6371|38725|5674|4442|2074|3561|1904|881|809|0|236|0|236|0|236|725|596|686|593|39|65|5053|2974|3328|1993|1725|1144|1236|584|1137|539|99|132|536|491|536|491|0|236|143|156|143|156|0|236|6280|2513|5012|2206|1268|624|593|564|498|441|95|158|1574|1211|1191|1133|383|255|715|533|558|433|157|224|147|192|147|192|0|236|11989|4489|6822|2739|5167|2619|8112|2666|5104|1988|3008|1250|28482|4578|23781|4005|4701|1545|13075|3886|10684|3218|2391|1117|473|460|376|393|97|153|5378|2127|3856|1526|1522|1020|4965|2437|3406|1628|1559|1142|3590|1823|2616|1273|974|780|25684|4666|21235|4433|4449|1480|15885|3871|14003|3467|1882|923|8718|2618|7187|2418|1531|849|28295|5404|17893|4570|10402|2230|4612|2189|2318|1176|2294|1189|6444|2144|3578|1669|2866|1108|0|236|0|236|0|236|12209|2773|5969|1656|6240|1739|568|456|263|324|305|319|946|939|684|592|262|419|1986|1185|1194|834|792|531|7258|2846|5742|2557|1516|771|508|375|348|268|160|262|12322|3794|9337|3003|2985|1282|809|592|809|592|0|236|7683|4005|5617|3229|2066|1200|5970|2952|5520|2860|450|734|4808|2583|2875|1622|1933|1604|0|236|0|236|0|236|994|740|942|698|52|86|622|437|536|412|86|148
0500000US48113|2431305|-555555555|1381147|17555|826284|13107|445879|12294|380405|13834|6729|2380|6266|2313|463|349|891|650|891|650|0|236|1230|572|932|483|298|278|2168|1174|1639|934|529|486|3817|1203|3447|1101|370|329|853|841|761|823|92|157|387|301|387|301|0|236|1274|815|876|628|398|350|151|132|65|78|86|107|4052|3255|3697|3219|355|355|858|522|520|389|338|343|0|236|0|236|0|236|3722|1612|2332|956|1390|951|6602|2468|5215|1883|1387|912|12396|2740|11309|2663|1087|572|9754|3196|7659|2901|2095|903|1342|821|816|592|526|442|6367|2709|4230|1895|2137|1409|6691|2214|5714|2113|977|462|3203|1467|2651|1309|552|416|17948|3961|15632|3608|2316|1333|4978|1896|4141|1690|837|469|10562|3191|7709|2295|2853|1300|14495|2936|7300|1868|7195|1922|1441|753|829|490|612|473|5266|1552|2514|950|2752|985|0|236|0|236|0|236|32070|5604|12395|2610|19675|4372|973|604|189|205|784|555|2077|1104|1166|917|911|578|3088|1525|1812|1064|1276|794|7558|2137|5486|1534|2072|1360|4662|5444|3943|5415|719|546|11329|3605|6899|2625|4430|2677|1087|633|1087|633|0|236|15738|4050|7484|2376|8254|2968|13824|4212|12315|3953|1509|1162|3479|1689|2886|1406|593|761|0|236|0|236|0|236|38|68|0|236|38|68|774|594|737|589|37|62
0500000US48121|950261|241|696055|9106|131934|7251|88983|4822|42951|6109|4508|1983|3658|1847|850|587|455|430|256|341|199|270|206|269|186|259|20|35|3212|1464|2734|1328|478|403|2963|1179|2848|1168|115|133|728|611|577|509|151|257|202|312|202|312|0|236|1445|1177|1336|1156|109|141|334|349|134|164|200|238|507|571|443|560|64|107|1294|1122|1110|872|184|310|489|409|326|323|163|196|1753|976|742|605|1011|773|3009|1255|2024|1018|985|606|8885|2504|8180|2426|705|361|5449|1879|4376|1642|1073|526|247|249|194|200|53|86|1889|941|1725|919|164|272|6005|2178|4938|1891|1067|667|2495|1563|2240|1466|255|307|8268|2334|7292|2111|976|435|9880|4293|8115|3880|1765|1179|6516|2624|4132|1727|2384|1340|7612|2185|4179|1258|3433|1303|1457|1025|758|640|699|537|14509|3364|7569|2056|6940|2108|0|236|0|236|0|236|7050|1998|3502|1204|3548|1212|948|782|341|273|607|627|901|674|640|552|261|284|2256|1545|1499|974|757|652|3133|1499|2593|1171|540|480|378|365|299|324|79|134|2297|1142|1594|935|703|619|287|398|287|398|0|236|378|320|314|286|64|76|5502|2505|4448|1978|1054|808|4415|2308|3878|2175|537|511|0|236|0|236|0|236|0|236|0|236|0|236|410|464|410|464|0|236
0500000US48201|4511175|193|2466180|24692|1602913|19043|854291|18596|748622|19867|21350|4552|17975|4392|3375|1387|5425|2255|5267|2266|158|261|1411|603|1184|504|227|235|11570|3352|9011|2716|2559|1718|7010|1628|6490|1497|520|493|2095|807|1701|706|394|332|1271|566|1037|539|234|275|8604|3505|5461|2406|3143|1608|1550|676|850|412|700|483|2750|1451|2402|1267|348|340|3290|1181|2174|791|1116|710|339|301|302|283|37|61|11649|3196|6425|2278|5224|2207|8108|4047|4812|2195|3296|2156|15110|3739|12146|3285|2964|1528|14637|3645|9089|2303|5548|2325|4150|2731|2716|1721|1434|1279|3258|1498|1920|891|1338|864|9925|2998|7049|2417|2876|1383|8547|3103|4970|1720|3577|2073|6642|2703|5688|2602|954|743|3403|1761|2989|1556|414|386|10183|2733|7126|2213|3057|1627|52807|6051|26628|3580|26179|4080|3266|1284|1583|774|1683|786|12297|3103|6378|2198|5919|1579|0|236|0|236|0|236|90826|12060|39435|8828|51391|6274|1029|634|335|305|694|543|3974|1879|1556|705|2418|1787|6984|2730|3173|1525|3811|1968|23912|5059|18837|4032|5075|1793|3197|1440|2863|1457|334|446|32076|7746|22382|5848|9694|2874|1153|932|918|871|235|284|11707|4309|6328|2621|5379|2258|24668|5582|22003|5335|2665|1066|6189|2876|5122|2605|1067|698|0|236|0|236|0|236|274|272|274|272|0|236|5446|3198|3778|2668|1668|1342
0500000US48439|2044795|327|1422942|14358|439274|10742|272501|10610|166773|10086|8421|3617|5727|2765|2694|1457|240|399|240|399|0|236|723|449|723|449|0|236|4635|3147|4635|3147|0|236|3410|1265|3155|1225|255|302|738|641|648|608|90|150|239|240|190|198|49|81|2078|1200|1304|924|774|620|624|811|624|811|0|236|1442|1035|1199|907|243|287|1633|1111|936|632|697|946|731|1190|731|1190|0|236|4203|2518|2319|1562|1884|1250|3914|1774|2486|1243|1428|794|6132|2009|5225|1674|907|529|6186|2492|4322|2150|1864|926|958|738|727|596|231|231|2704|1280|2061|1099|643|428|13754|4176|6628|2503|7126|2580|4338|2207|3362|1923|976|641|4421|2176|3668|2162|753|451|683|428|362|325|321|407|512|334|512|334|0|236|6947|1933|4036|1094|2911|1291|1601|671|1033|506|568|440|2380|1096|1238|676|1142|636|418|381|261|281|157|265|31211|4910|12842|3648|18369|3875|901|749|513|533|388|357|5966|2810|3861|2068|2105|1098|4408|2473|2928|1762|1480|1161|5113|1600|3233|1141|1880|1059|4139|1602|2853|1148|1286|1109|19225|6463|15017|5826|4208|1572|209|232|209|232|0|236|1655|1027|403|370|1252|1029|13567|3637|11304|3181|2263|1228|11069|4233|8759|3962|2310|1243|0|236|0|236|0|236|562|755|371|455|191|315|489|549|489|549|0|236
0500000US48453|1261611|245|878014|12826|258333|11234|165911|8892|92422|9868|7078|2221|6496|2163|582|503|0|236|0|236|0|236|629|478|594|481|35|64|6282|3192|5655|3003|627|589|3281|1147|2995|883|286|444|722|523|722|523|0|236|558|514|558|514|0|236|2645|1316|1864|1139|781|585|822|571|780|522|42|69|572|512|572|512|0|236|1491|1117|861|723|630|831|191|333|0|236|191|333|2298|1116|1836|999|462|361|2014|1013|1631|788|383|383|7912|1957|7474|1902|438|364|6455|2361|5356|2150|1099|646|56|87|56|87|0|236|3120|2519|2316|1765|804|909|5336|2300|4563|2136|773|728|3339|1785|2065|837|1274|1441|6702|2528|6058|2291|644|625|5703|2077|4605|1499|1098|1237|2436|2149|1162|818|1274|1956|16541|2861|10724|2057|5817|2021|3983|2101|3454|2005|529|334|4346|1533|3636|1428|710|438|384|627|384|627|0|236|9613|2661|3276|975|6337|2367|168|264|168|264|0|236|1029|793|396|377|633|607|1329|778|1022|611|307|292|1898|1043|1501|823|397|483|517|423|517|423|0|236|5653|2177|4363|1688|1290|936|1684|1123|1502|1075|182|290|4634|2384|3782|1964|852|703|2174|1514|1844|1181|330|372|666|646|666|646|0|236|0|236|0|236|0|236|576|502|428|397|148|181|427|367|427|367|0|236
0500000US49035|1113178|-555555555|873112|9373|156091|7300|88301|7073|67790|6581|4690|2158|4213|1920|477|440|117|197|117|197|0|206|1331|874|1016|691|315|504|5117|1762|3524|1199|1593|1057|3360|959|3052|1007|308|316|1000|466|866|476|134|164|851|519|605|369|246|234|2557|1028|1973|899|584|383|354|331|275|230|79|134|1952|1454|1044|1076|908|551|301|273|237|208|64|107|294|223|244|208|50|86|3094|1611|2218|1132|876|672|0|206|0|206|0|206|3104|1638|3001|1635|103|114|366|295|54|91|312|268|871|710|577|478|294|282|90|143|90|143|0|206|2888|2726|2021|2045|867|739|1158|598|1121|573|37|61|115|139|60|102|55|95|1603|860|1253|744|350|359|911|754|629|603|282|377|10539|2133|5732|1350|4807|1414|2063|907|1716|817|347|245|1613|818|1113|677|500|313|64|108|64|108|0|206|4432|1527|1813|790|2619|1054|713|452|443|316|270|276|1440|839|715|658|725|488|2275|1681|1362|1083|913|932|3916|2081|2612|1809|1304|709|8807|2124|7200|1927|1607|739|4926|2775|3548|1875|1378|1007|143|231|143|231|0|206|580|673|452|534|128|154|588|502|588|502|0|206|5154|2350|3497|1805|1657|988|231|204|105|124|126|101|210|273|210|273|0|206|157|151|157|151|0|206
0500000US51059|1077101|154|647104|10718|149308|5791|89911|5835|59397|6350|8296|2454|7008|2108|1288|720|581|437|581|437|0|216|2060|1129|2060|1129|0|216|2716|1273|1819|829|897|669|4234|1136|3506|1045|728|409|1307|932|1107|822|200|207|2989|1703|2307|1304|682|627|6950|2800|5130|1949|1820|1053|526|362|349|299|177|203|597|433|365|289|232|243|2586|1513|1766|1025|820|899|733|853|693|852|40|66|15380|3719|11011|2922|4369|1478|1969|973|1352|703|617|498|14527|3336|12444|3022|2083|759|18731|4753|12280|3084|6451|2360|3819|1787|2697|1533|1122|786|5177|2175|3222|1396|1955|1182|7475|2429|4818|1645|2657|1560|5935|2189|4233|1626|1702|746|5531|1638|4756|1482|775|445|5175|1855|4651|1736|524|312|2149|1223|2017|1186|132|156|26024|3260|15438|2287|10586|1971|4664|1743|3774|1319|890|624|29371|4499|12402|2677|16969|2958|135|159|135|159|0|216|24454|5434|10613|3518|13841|3014|1676|967|1138|739|538|440|2669|1197|1120|614|1549|829|9259|3625|6195|2339|3064|2430|8241|2293|6379|1874|1862|755|3073|1816|2270|1533|803|521|24037|4455|17148|3625|6889|1682|154|252|154|252|0|216|18571|4097|12622|2671|5949|1985|6601|1990|5342|1720|1259|839|1369|876|1369|876|0|216|0|216|0|216|0|216|57|94|0|216|57|94|891|492|891|492|0|216
0500000US51107|409994|85|263686|7585|43472|3877|22600|3114|20872|3518|2005|1007|1669|888|336|294|149|227|149|227|0|216|428|349|428|349|0|216|614|763|520|748|94|150|578|492|578|492|0|216|415|453|415|453|0|216|393|479|393|479|0|216|1623|849|1072|558|551|498|258|265|209|256|49|83|767|1244|609|986|158|261|735|493|556|439|179|208|86|141|86|141|0|216|9703|3933|5506|2530|4197|2585|1635|776|1362|654|273|211|9483|2602|8394|2433|1089|562|9459|3137|8022|2848|1437|911|2587|1321|1751|923|836|570|3600|1930|2221|1179|1379|878|4660|2533|3728|2190|932|685|1222|962|963|847|259|259|13016|3517|11979|3454|1037|655|2447|1235|1991|1056|456|405|1582|1014|1443|880|139|205|4924|2035|3321|1586|1603|696|629|508|372|325|257|261|2993|1362|1853|845|1140|803|0|216|0|216|0|216|3537|1844|1688|1165|1849|940|904|730|242|207|662|697|1219|646|1013|615|206|183|3336|2598|1562|1095|1774|2286|2431|1161|1558|745|873|660|847|705|439|513|408|306|9119|3712|7299|3277|1820|1008|84|143|84|143|0|216|1845|1375|1599|1138|246|390|2558|1362|2312|1264|246|321|607|439|607|439|0|216|0|216|0|216|0|216|76|131|76|131|0|216|282|336|282|336|0|216
0500000US51153|457172|79|283419|7647|96721|4880|53261|4888|43460|4356|1565|859|1460|829|105|123|459|444|404|411|55|96|191|215|191|215|0|216|930|807|704|548|226|370|1419|896|1034|691|385|363|53|81|53|81|0|216|456|392|456|392|0|216|378|431|202|339|176|278|156|156|156|156|0|216|0|216|0|216|0|216|1318|951|1076|887|242|290|52|87|52|87|0|216|6832|2482|4503|2285|2329|1136|1011|687|665|458|346|335|1283|696|1154|627|129|155|6709|3075|3950|1414|2759|2089|1353|1032|1183|957|170|230|3870|1967|1819|993|2051|1229|2540|1296|1631|1023|909|580|3029|1495|2324|1094|705|547|356|405|322|369|34|59|0|216|0|216|0|216|118|139|78|89|40|67|1487|776|878|585|609|417|509|417|134|139|375|322|5329|1661|2695|1093|2634|1111|0|216|0|216|0|216|1709|771|611|349|1098|564|521|437|85|98|436|452|1995|1363|1687|1396|308|265|2074|1299|1025|815|1049|729|5394|1504|4143|1361|1251|594|471|320|382|290|89|116|6054|2204|4363|1639|1691|839|0|216|0|216|0|216|11201|4562|8135|3470|3066|1702|4700|1798|4195|1595|505|455|189|192|146|181|43|73|0|216|0|216|0|216|0|216|0|216|0|216|1321|1058|789|677|532|539
0500000US53033|2156941|-555555555|1493083|18684|154566|7110|91368|5582|63198|5835|9703|2317|8685|2196|1018|479|279|301|63|108|216|284|2597|994|2143|890|454|303|7978|2622|6474|1932|1504|867|6513|1538|6044|1482|469|319|1705|827|1489|692|216|209|1372|651|1110|490|262|252|22243|5040|12555|3510|9688|2572|2249|981|1713|785|536|435|2326|1202|1870|1116|456|302|17967|5462|9732|3375|8235|3120|957|741|412|322|545|667|9279|2834|6651|2209|2628|1158|4644|2130|3465|1685|1179|835|34982|5525|31604|5297|3378|1285|2702|1256|2318|1030|384|377|8974|3632|5443|2505|3531|1544|3945|1509|3386|1326|559|572|9100|3305|7694|2836|1406|910|12051|2970|9890|2673|2161|1032|14435|3449|11735|2894|2700|1201|8507|2704|6624|2198|1883|1298|5556|1949|4883|1742|673|565|108536|7891|59699|5243|48837|4916|13090|2115|8829|1621|4261|1214|26419|4720|14152|2860|12267|2781|636|670|535|529|101|166|40113|4785|17675|3020|22438|3223|3592|1045|1943|753|1649|664|5753|2046|2305|917|3448|1672|7686|2635|4781|1498|2905|1719|31275|4829|21277|3758|9998|2249|13531|3087|9196|2213|4335|1399|14457|5222|10664|4018|3793|1836|4614|2131|4360|2083|254|250|33885|6297|20321|4579|13564|2955|2236|1000|1916|955|320|331|8823|2877|6928|2601|1895|991|138|148|96|123|42|74|2406|1834|2055|1796|351|452|2038|696|1854|643|184|153
0500000US53061|795148|768|591784|10811|59091|5751|35931|4833|23160|3570|3732|1179|2846|969|886|497|0|217|0|217|0|217|159|194|159|194|0|217|2470|1124|1958|998|512|443|1559|752|1559|752|0|217|507|411|507|411|0|217|417|414|337|396|80|133|12081|3975|5630|2178|6451|3090|840|743|651|667|189|219|1948|2117|864|884|1084|1280|6536|3343|2402|1375|4134|2491|83|140|83|140|0|217|3864|1635|2874|1452|990|631|1056|802|969|775|87|145|6901|1964|6018|1778|883|452|3944|2215|3330|1874|614|500|2309|1225|1168|983|1141|764|733|822|365|362|368|484|2090|1206|1664|1005|426|382|2810|1096|2243|898|567|435|5277|2081|4751|1839|526|462|3261|1529|2635|1228|626|533|3143|1272|3033|1200|110|136|14856|2869|8166|1923|6690|1698|3451|1666|1940|1148|1511|832|7473|1997|3546|1206|3927|1188|588|564|150|189|438|531|15615|4870|8015|3021|7600|2472|3768|1664|1662|829|2106|1262|3922|2109|1458|765|2464|1496|1982|990|1248|688|734|620|6359|2122|4651|1786|1708|754|5239|1832|2826|1170|2413|1093|4976|2117|3826|1697|1150|714|75|121|75|121|0|217|6673|2463|3933|1508|2740|1378|1075|933|749|560|326|519|2282|1236|1992|1145|290|282|0|217|0|217|0|217|49|58|49|58|0|217|170|137|129|116|41|67
0500000US55079|858866|363|695067|5779|105633|4259|65499|3958|40134|2954|2107|1083|1804|1029|303|262|0|159|0|159|0|159|1700|1029|1570|1028|130|155|517|376|220|209|297|311|3430|940|2790|901|640|361|732|511|732|511|0|159|1268|1210|1227|1208|41|68|1332|662|783|482|549|476|1121|525|696|353|425|364|1256|606|749|413|507|423|468|245|295|210|173|163|111|185|111|185|0|159|1037|817|540|539|497|455|312|271|298|270|14|28|1645|1148|1516|1201|129|211|245|226|185|207|60|108|2015|1256|1734|1219|281|291|64|115|0|159|64|115|3784|2301|1969|1495|1815|1325|2631|1473|2029|1304|602|450|245|283|110|182|135|219|305|511|239|402|66|112|530|478|314|278|216|232|1626|1095|933|591|693|694|407|446|352|367|55|92|843|676|590|594|253|230|9612|2679|5215|1819|4397|1492|806|579|361|318|445|479|141|210|141|210|0|159|1409|697|480|287|929|621|3867|2224|861|549|3006|1874|2004|1008|1381|937|623|382|56|72|56|72|0|159|4479|1795|2657|1373|1822|828|460|415|460|415|0|159|1987|1147|1194|819|793|539|2132|1150|1961|1154|171|226|557|503|390|430|167|283|0|159|0|159|0|159|366|319|366|319|0|159|559|300|454|272|105|130
0600000US1703114000|2525684|5730|1650072|20147|573602|19437|339058|13761|234544|13053|10179|3108|8086|2666|2093|1015|4084|1964|1404|955|2680|1901|3993|1299|3178|1101|815|400|2805|946|2397|902|408|367|6816|1780|6430|1718|386|267|864|795|864|795|0|206|4496|1435|3673|1367|823|396|11641|3731|6436|1887|5205|2949|33045|4879|16132|3256|16913|3099|5655|2542|3928|1714|1727|1044|12657|2762|7008|1995|5649|2095|646|584|439|476|207|277|2520|1219|1826|1038|694|441|7747|3043|5861|2590|1886|960|9761|3037|8251|2892|1510|1081|9398|4254|5519|2768|3879|2049|1063|1164|1063|1164|0|206|1779|1338|1526|1313|253|235|5551|4560|1521|1105|4030|3750|10075|3808|7362|3389|2713|1597|2673|1471|2608|1479|65|110|1891|1545|1782|1540|109|131|2883|1645|1743|833|1140|1161|52225|6883|19907|2896|32318|5551|2749|1096|1919|974|830|434|7562|2176|5464|1803|2098|904|73|122|73|122|0|206|5151|2073|3333|1421|1818|928|106|180|106|180|0|206|3046|1413|1798|972|1248|685|7788|2492|3759|1431|4029|1712|25512|4108|18572|3517|6940|2045|3959|2234|3105|1791|854|757|15351|5740|11930|4948|3421|1611|2697|1266|2697|1266|0|206|6041|2639|3861|2038|2180|1246|15490|4846|11506|4412|3984|1756|1095|700|1063|704|32|41|0|206|0|206|0|206|0|206|0|206|0|206|943|547|577|413|366|290
0600000US2502507000|622877|4867|409550|8322|96713|5770|52082|4487|44631|3616|4239|1270|3075|911|1164|761|16454|4226|9399|3102|7055|2201|2070|876|1717|769|353|340|10977|2625|6314|1843|4663|1639|2942|1363|2453|1174|489|492|893|782|893|782|0|225|2142|1549|1835|1458|307|509|4161|1440|2205|960|1956|1042|326|280|326|280|0|225|185|200|185|200|0|225|1728|1242|1288|1018|440|392|289|242|289|242|0|225|1291|595|1095|551|196|204|185|139|140|117|45|76|3460|1259|3000|1257|460|324|644|499|504|409|140|179|737|580|567|387|170|293|680|543|382|286|298|332|450|510|55|78|395|513|2561|1227|1739|875|822|858|700|412|700|412|0|225|672|378|672|378|0|225|654|611|654|611|0|225|24271|3250|12202|1982|12069|2205|1346|732|875|606|471|462|3292|1273|2527|981|765|564|0|225|0|225|0|225|10201|3349|2586|1237|7615|2592|240|166|240|166|0|225|790|781|160|197|630|727|2414|1412|1931|1253|483|609|1343|1231|903|1176|440|418|1884|1682|556|532|1328|1337|3178|1398|2620|1297|558|345|163|197|163|197|0|225|4100|2462|2887|1794|1213|986|3066|1391|2216|1183|850|755|710|554|522|535|188|139|0|225|0|225|0|225|0|225|0|225|0|225|1176|854|861|666|315|355
0600000US3600508510|1270469|240|542251|14852|577147|11016|302211|10033|274936|10597|19588|6575|13712|5411|5876|2379|5571|1957|3519|1289|2052|1516|4474|1366|2918|1085|1556|649|1352|1025|900|635|452|446|368|272|368|272|0|218|645|495|438|329|207|234|2042|1352|1449|1153|593|488|3236|1287|1183|742|2053|1055|99|119|0|218|99|119|1300|1166|591|658|709|684|750|510|394|361|356|370|0|218|0|218|0|218|368|396|320|337|48|81|330|390|330|390|0|218|310|252|258|252|52|2|3171|1705|2067|1231|1104|616|1084|1292|534|729|550|581|22998|3713|9898|2262|13100|2549|134|162|134|162|0|218|6034|2094|2768|1025|3266|1566|305|405|107|136|198|316|111|134|111|134|0|218|76|123|0|218|76|123|4743|1606|1617|747|3126|1253|431|429|176|176|255|268|829|506|255|246|574|389|0|218|0|218|0|218|2050|933|465|426|1585|664|645|658|128|181|517|637|0|218|0|218|0|218|411|460|72|89|339|447|4401|1768|3637|1591|764|418|253|286|0|218|253|286|10341|4736|6650|3730|3691|1835|1283|1264|1126|1045|157|253|4129|1973|2414|1439|1715|926|42010|7891|27273|6473|14737|4004|743|785|581|721|162|198|0|218|0|218|0|218|149|211|149|211|0|218|4307|1796|2277|867|2030|1538
0600000US3604710022|2405195|235|1319416|18181|352940|8316|189495|9163|163445|9665|24694|4473|19335|3551|5359|1675|64218|6934|36283|5280|27935|4591|14091|2839|9648|2187|4443|1396|7503|2412|6296|2032|1207|693|3610|1118|3497|1078|113|138|95024|12271|45492|7838|49532|9038|7368|2003|5056|1572|2312|943|112438|10502|31553|4749|80885|7838|13812|4744|8017|4389|5795|1723|2121|1084|1645|906|476|391|17914|4488|6068|2056|11846|3349|535|483|317|386|218|200|6112|2436|1998|782|4114|2038|1251|736|1251|736|0|218|2229|1341|1723|1038|506|562|15622|3925|5947|1775|9675|2880|844|778|555|494|289|319|31187|6014|12778|3122|18409|4354|549|374|328|269|221|254|13324|3509|7243|2061|6081|2084|277|281|277|281|0|218|880|541|605|502|275|276|1115|603|831|600|284|270|159275|8063|44893|4025|114382|7346|5433|1641|4163|1437|1270|650|7182|1894|4779|1466|2403|1115|0|218|0|218|0|218|1979|855|788|484|1191|685|136|224|51|84|85|140|841|505|452|275|389|316|17115|4359|6993|2803|10122|3338|5334|1461|4134|1236|1200|592|606|391|65|71|541|403|36777|7067|18532|3512|18245|5393|19947|4018|14257|3290|5690|2083|400|274|400|274|0|218|21783|6945|14323|4888|7460|2715|958|763|695|674|263|340|0|218|0|218|0|218|47|79|0|218|47|79|18308|4348|9397|2328|8911|3052
0600000US3605934000|741957|2288|510668|12183|124736|8831|70424|7257|54312|5632|5803|3375|4358|2059|1445|1543|18553|4166|12427|3667|6126|2306|5052|1223|3631|1026|1421|668|2769|1925|2336|1856|433|357|1451|855|1398|823|53|87|408|403|408|403|0|218|3061|1436|2463|1367|598|416|3459|1793|3208|1775|251|250|3919|2598|2931|1830|988|952|305|260|161|195|144|166|541|628|352|423|189|249|449|529|386|474|63|104|591|561|591|561|0|218|896|743|810|699|86|106|7643|4693|4368|2898|3275|2298|7743|3235|5196|2509|2547|1286|3217|1714|2130|1157|1087|638|4798|2348|3062|1532|1736|1289|524|387|392|368|132|153|5225|4074|4367|3375|858|724|57|97|57|97|0|218|146|169|146|169|0|218|1936|1052|1243|649|693|475|7191|2333|2534|833|4657|2039|867|1101|842|1103|25|44|2916|1555|905|624|2011|1167|0|218|0|218|0|218|529|521|105|125|424|431|0|218|0|218|0|218|218|230|119|143|99|115|1178|936|519|454|659|576|4620|2274|4013|2249|607|429|170|139|83|100|87|101|2225|1215|1817|1022|408|333|4023|2051|3536|1886|487|614|0|218|0|218|0|218|2263|1101|2263|1101|0|218|348|554|348|554|0|218|0|218|0|218|0|218|0|218|0|218|0|218|1459|943|1020|677|439|358
0600000US3606144919|1535333|345|956001|17650|288969|8367|166928|8625|122041|8974|31891|5955|26572|5088|5319|2157|4970|2932|3823|2581|1147|1019|11730|2935|10434|2445|1296|1078|10042|3261|7761|2374|2281|1569|7395|2190|7343|2184|52|38|3870|1739|3789|1692|81|112|6050|3130|5857|3077|193|234|17059|5610|10981|4918|6078|2243|2403|2217|1239|1112|1164|1154|2048|1947|1018|994|1030|1667|5061|3153|4384|3062|677|428|698|410|698|410|0|218|3917|1476|3472|1310|445|638|3051|1242|2704|1235|347|328|13800|3952|12648|3792|1152|716|1449|1038|1362|1029|87|143|518|517|518|517|0|218|5338|2271|3435|1567|1903|1599|1082|623|1082|623|0|218|5556|2103|4847|1794|709|612|935|622|935|622|0|218|1385|680|1385|680|0|218|579|560|527|544|52|140|78854|7633|37076|4826|41778|5185|9186|2118|5354|1549|3832|1193|11354|3037|7281|2042|4073|2016|0|218|0|218|0|218|1201|855|824|728|377|460|38|65|0|218|38|65|1001|495|767|431|234|202|3953|1443|3253|1229|700|558|5666|2055|4861|1819|805|654|652|387|539|369|113|159|9570|4287|7296|3374|2274|1319|15467|4495|15245|4478|222|244|827|643|675|604|152|211|4805|2939|3710|2340|1095|887|3256|2450|2038|1603|1218|1162|0|218|0|218|0|218|0|218|0|218|0|218|3706|2272|2463|1642|1243|855
0600000US3608160323|2136221|589|952640|20916|490801|9051|226743|9958|264058|10092|12166|2852|7963|2184|4203|1502|32507|5460|18798|3985|13709|2731|17821|3934|11677|2984|6144|1820|7809|2294|4590|1453|3219|1334|3948|1416|3586|1335|362|370|1794|1537|1227|824|567|908|22535|4047|15026|3109|7509|2157|28876|5245|14353|3937|14523|2999|19389|3996|10668|2548|8721|2314|9057|3449|5921|3062|3136|1242|5312|1986|3486|1498|1826|1041|1773|839|1487|756|286|232|3075|1528|1632|997|1443|1158|4913|1973|2055|860|2858|1260|14677|3151|9543|2381|5134|1459|20424|4914|12636|3549|7788|2245|10494|2954|5469|1706|5025|1750|75766|8913|31616|5469|44150|5728|14259|3152|6880|1793|7379|2089|21923|3925|16082|3174|5841|1646|1380|1083|883|731|497|586|2044|1381|840|939|1204|948|2895|1791|1748|1373|1147|1082|213636|10062|66161|5017|147475|7831|4121|1400|1222|578|2899|1190|37562|6267|13918|2906|23644|4282|0|218|0|218|0|218|5081|2995|2164|1620|2917|1612|636|489|277|311|359|381|4770|1954|2145|1479|2625|1136|12903|2508|5837|1834|7066|1450|29129|4281|21417|3391|7712|1655|3826|1863|1492|954|2334|1537|22005|7323|14221|5726|7784|2701|4875|1572|3944|1410|931|547|467|537|436|526|31|52|8459|2653|6588|2324|1871|1120|740|843|621|668|119|197|0|218|0|218|0|218|103|163|103|163|0|218|9630|3033|5597|1861|4033|1849
0600000US3904918000|831175|2787|668979|12089|51423|5856|26995|3872|24428|4104|8516|3671|5239|2145|3277|2078|3019|2089|1692|1234|1327|1054|603|393|433|413|170|253|2988|1623|1234|767|1754|1515|1071|637|735|421|336|304|130|159|130|159|0|208|345|243|345|243|0|208|1852|1152|732|379|1120|1130|156|257|112|184|44|75|79|97|79|97|0|208|529|535|190|168|339|490|0|208|0|208|0|208|2939|2769|2529|2708|410|402|1426|899|872|702|554|371|3142|1911|2713|1808|429|461|1278|1035|854|739|424|420|0|208|0|208|0|208|2548|1700|2027|1557|521|499|10440|3502|3853|1333|6587|3031|1286|848|502|389|784|799|2666|1778|2370|1678|296|491|471|467|471|467|0|208|446|546|134|128|312|526|6526|1880|4230|1384|2296|1020|1491|924|628|382|863|777|2545|1050|1564|742|981|585|0|208|0|208|0|208|968|555|101|144|867|530|960|923|255|266|705|697|1088|761|497|440|591|497|1106|795|508|477|598|630|1631|958|1335|815|296|331|376|231|376|231|0|208|11305|3460|6132|2199|5173|2338|368|335|368|335|0|208|22865|5431|13053|3718|9812|3271|10954|4672|7113|3456|3841|1843|2209|1546|1409|1199|800|955|0|208|0|208|0|208|0|208|0|208|0|208|451|524|392|515|59|100
0600000US4210160000|1460109|186|1097615|13949|161379|7812|100154|6513|61225|5849|8342|2582|4925|1438|3417|2062|9887|4163|7417|3489|2470|1264|5927|2058|3659|1365|2268|1160|9624|4372|2207|1181|7417|3910|3509|1091|2987|980|522|325|1221|469|1221|469|0|190|1099|592|822|528|277|350|16480|4757|4814|1799|11666|4226|2839|1400|1703|757|1136|1069|241|234|241|234|0|190|6941|3402|2023|905|4918|3172|252|365|138|183|114|192|231|281|61|104|170|258|1352|832|1264|793|88|149|4155|2054|2802|1441|1353|895|2932|2245|1796|1416|1136|984|588|584|256|251|332|371|2869|2790|1367|1291|1502|1542|3517|3306|1461|1009|2056|2625|3308|1332|2028|1022|1280|618|976|743|727|642|249|276|1361|741|1203|744|158|167|6927|3240|3484|1828|3443|1594|37180|4225|12070|2394|25110|3113|1578|1016|1175|919|403|301|5215|1996|2403|974|2812|1460|300|485|134|218|166|270|12679|3246|5178|1480|7501|2259|2704|1260|869|594|1835|1105|1550|1334|676|636|874|865|6517|3777|3453|2268|3064|1983|2482|997|1658|673|824|683|1568|1157|448|553|1120|924|14676|4827|9622|3388|5054|2266|970|579|913|565|57|98|3379|1645|964|744|2415|1421|11694|6409|5947|4312|5747|3133|1289|1319|1128|1385|161|204|76|121|76|121|0|190|0|190|0|190|0|190|2680|1178|1532|832|1148|857
1600000US0455000|1557518|5605|1006697|19493|439127|17878|282660|13092|156467|10327|5369|2377|3849|1910|1520|899|0|232|0|232|0|232|652|394|596|381|56|95|672|403|622|382|50|77|2201|840|1938|739|263|330|574|508|574|508|0|232|352|353|216|281|136|167|1775|827|1279|745|496|329|1261|924|1198|911|63|105|3176|1491|1913|1178|1263|1058|1578|882|971|708|607|668|559|729|345|412|214|354|2083|1262|1294|780|789|565|362|283|362|283|0|232|7029|2651|6198|2491|831|826|0|232|0|232|0|232|179|219|179|219|0|232|1039|988|972|965|67|112|200|241|96|167|104|172|6167|2930|4587|1891|1580|1228|2330|1284|2199|1229|131|220|4142|2112|3795|2017|347|354|423|421|248|311|175|290|7450|2336|3995|1526|3455|1389|2238|1377|1493|1137|745|604|1591|838|858|511|733|535|0|232|0|232|0|232|7303|2793|2861|1588|4442|1553|1314|923|689|624|625|562|3296|3322|2351|2534|945|985|2263|1748|973|993|1290|1080|6622|2459|4348|1652|2274|1661|1524|935|1108|813|416|446|4975|2892|2447|1530|2528|2523|440|373|322|308|118|141|6213|2381|5272|2162|941|752|2241|2112|2087|2057|154|193|15671|6150|7975|3763|7696|4379|4576|1668|4041|1607|535|366|1031|682|839|596|192|188|823|755|774|757|49|83
1600000US0644000|3635143|6828|1590094|22528|1418399|22399|743763|18308|674636|17107|21845|3059|18638|2894|3207|973|3427|1810|2382|1177|1045|1074|7687|1790|6549|1598|1138|660|9087|2239|6945|1803|2142|836|9362|1746|8660|1711|702|349|3457|1829|3231|1810|226|182|3627|1647|2506|1308|1121|763|32937|4066|16893|2966|16044|2579|2446|937|2016|787|430|292|3263|1514|2307|1177|956|660|4818|1524|3433|1052|1385|943|81375|9344|49138|6397|32237|4797|51486|6191|30930|4476|20556|3704|3103|1426|2658|1304|445|367|15775|3731|13970|3500|1805|1068|3537|1566|1796|682|1741|1438|6990|2337|5422|1974|1568|873|9697|3334|4307|1606|5390|2352|3495|1559|2401|1242|1094|582|6478|2072|4421|1339|2057|1463|3229|1848|2296|1685|933|732|1955|973|1733|864|222|306|2319|1160|1843|941|476|419|64437|6128|39553|4252|24884|3671|15790|3302|9072|2480|6718|1421|78887|7049|29152|4133|49735|5232|297|280|297|280|0|221|19253|4021|8795|2074|10458|2944|2410|1432|1193|764|1217|722|9676|2494|3449|1003|6227|1942|4612|1528|3017|1243|1595|865|86940|7393|59050|5772|27890|3981|5811|1676|3607|1097|2204|941|16906|3036|11278|2487|5628|1607|12971|3579|9398|2732|3573|1700|5031|1697|2882|1491|2149|795|4492|1797|3528|1523|964|714|1375|860|935|640|440|556|0|221|0|221|0|221|287|352|287|352|0|221|6080|2257|2595|1042|3485|2016
1600000US0664000|496521|2464|312823|9392|86626|6810|54174|4856|32452|4235|767|473|601|339|166|266|211|344|211|344|0|221|319|267|316|267|3|2|1064|1166|426|385|638|845|1497|799|1446|764|51|84|40|67|0|221|40|67|1219|1427|1161|1424|58|95|5006|2048|2219|1069|2787|1510|406|435|216|266|190|322|0|221|0|221|0|221|273|190|203|153|70|121|62|100|59|100|3|2|4834|2132|2797|1411|2037|1353|510|607|283|332|227|284|4234|2312|2991|1589|1243|1266|1478|836|920|690|558|417|6668|2444|4227|2031|2441|1248|93|155|48|79|45|76|1696|1475|1411|1391|285|209|2812|1961|1710|1294|1102|775|1024|880|500|471|524|729|0|221|0|221|0|221|42|70|0|221|42|70|17244|3098|7059|1944|10185|2081|1458|824|879|763|579|380|1455|1079|1067|877|388|318|13804|3775|6840|2227|6964|2864|7093|2738|2005|826|5088|2282|1809|1687|1027|997|782|779|2719|1489|1265|986|1454|796|1765|897|675|395|1090|694|6222|1752|4060|1637|2162|791|6574|3339|4032|2304|2542|1622|125|123|98|114|27|46|0|221|0|221|0|221|1045|783|653|645|392|344|449|554|109|127|340|535|832|735|832|735|0|221|0|221|0|221|0|221|0|221|0|221|0|221|223|196|144|174|79|94
1600000US0666000|1318910|4668|786691|15341|290011|14559|190991|10338|99020|9140|9216|2313|8233|2198|983|633|260|307|234|288|26|60|3087|1229|2379|1194|708|543|7118|2742|5099|2271|2019|1049|4752|1718|4332|1616|420|322|1416|785|1416|785|0|221|227|214|227|214|0|221|10795|3325|6954|2111|3841|1719|1202|847|1108|843|94|112|1003|564|922|563|81|132|2506|1349|1257|620|1249|1016|438|260|284|252|154|181|9899|2368|6152|1607|3747|1382|1455|694|1297|635|158|161|7706|2366|6655|2018|1051|694|1370|953|1011|692|359|418|316|326|316|326|0|221|3077|1402|2250|1103|827|667|2376|2209|2144|2280|232|257|2378|997|1339|596|1039|722|2486|1126|2256|1085|230|200|2587|1501|2535|1490|52|76|995|491|995|491|0|221|37130|4921|20442|3003|16688|3047|6280|2520|3468|1389|2812|1346|11884|2768|5657|1620|6227|1936|377|439|328|401|49|59|34949|6198|14452|3406|20497|3774|2592|1444|1103|767|1489|951|4053|1646|1751|922|2302|1004|3297|1443|1821|759|1476|1167|38035|5344|22459|3548|15576|2910|5639|2142|4248|1892|1391|1097|10577|3321|7221|2619|3356|1690|2124|1228|1764|1220|360|529|5132|2653|2601|1394|2531|1955|948|816|618|508|330|370|1171|605|687|484|484|462|36|62|36|62|0|221|80|109|80|109|0|221|1239|801|638|678|601|584
1600000US0667000|776792|231|435426|7196|89104|4641|59038|4577|30066|4367|10460|2635|8840|2480|1620|812|333|278|333|278|0|221|2840|1379|2568|1296|272|254|3183|1181|2886|1103|297|248|4008|1016|3725|978|283|224|834|553|755|543|79|129|518|402|470|363|48|78|11234|2637|6484|2189|4750|1296|1222|672|1222|672|0|221|374|328|374|328|0|221|593|426|464|389|129|152|465|421|465|421|0|221|3231|1432|3156|1428|75|89|842|492|842|492|0|221|6286|1742|5840|1880|446|440|2723|1795|1688|1294|1035|776|1284|801|1167|776|117|202|1949|1240|1428|804|521|697|1497|967|883|515|614|550|1263|558|1209|555|54|89|999|618|970|601|29|47|1227|874|1227|874|0|221|1227|707|941|601|286|381|136159|6429|54394|4082|81765|5600|6371|1638|3579|1102|2792|1148|6641|1736|3696|1068|2945|1271|865|995|180|216|685|1046|8060|2160|3459|1146|4601|1553|401|298|309|209|92|155|2305|1288|1184|781|1121|812|3216|1476|1455|963|1761|1067|20791|3715|11946|2497|8845|2349|3092|1725|2077|1340|1015|620|2436|1077|1534|781|902|590|1740|915|1689|906|51|85|652|662|560|644|92|152|224|199|224|199|0|221|179|247|179|247|0|221|0|221|0|221|0|221|0|221|0|221|0|221|538|406|377|234|161|260
1600000US0668000|922578|3197|373814|11378|201106|10851|113381|8285|87725|6976|3078|1262|2733|1245|345|293|135|218|135|218|0|221|2809|1589|1877|1451|932|613|5017|2327|3576|1942|1441|737|1164|572|950|522|214|179|378|309|328|298|50|85|1194|1053|1106|1029|88|150|5224|1787|3525|1343|1699|817|511|446|511|446|0|221|2183|1685|1421|1403|762|900|898|588|748|545|150|190|234|239|234|239|0|221|10737|3333|7208|2593|3529|1602|4924|2568|4081|2529|843|424|15435|3141|14342|3062|1093|674|2704|1487|2278|1361|426|355|7382|2632|4042|1496|3340|1775|3308|1634|2230|1135|1078|808|7308|2789|5738|2292|1570|1059|1211|691|922|619|289|303|8298|1859|7147|1647|1151|616|9031|2882|8718|2884|313|243|11034|3837|9887|3375|1147|1118|76444|6910|39677|4321|36767|4391|5376|1817|3521|1383|1855|1008|14401|2944|8374|2202|6027|1854|267|333|267|333|0|221|91117|7135|38303|4388|52814|4583|4544|2094|1846|961|2698|1339|816|461|500|371|316|202|2692|1168|1819|941|873|560|29527|4621|21055|3733|8472|1805|8099|3492|5336|2437|2763|1442|4319|1493|3663|1505|656|421|1557|837|1270|770|287|285|2156|1152|1261|1153|895|494|541|515|541|515|0|221|383|500|383|500|0|221|0|221|0|221|0|221|378|362|378|362|0|221|844|769|689|732|155|191
1600000US1150000|640460|5|516502|8164|56833|5385|37527|4737|19306|2700|11081|2557|9381|2132|1700|913|1743|1370|1720|1366|23|39|2038|794|1825|750|213|281|3190|1882|2894|1923|296|272|3052|1225|2900|1163|152|197|927|665|927|665|0|244|618|445|618|445|0|244|2189|869|2189|869|0|244|385|310|385|310|0|244|702|641|488|449|214|259|754|455|632|433|122|155|175|226|175|226|0|244|2002|862|1351|615|651|552|672|471|672|471|0|244|2042|844|1763|776|279|291|1381|922|1356|907|25|43|67|74|67|74|0|244|178|154|178|154|0|244|525|366|449|350|76|124|884|488|774|434|110|115|157|242|157|242|0|244|236|158|190|141|46|75|141|167|141|167|0|244|5300|1205|3764|968|1536|653|304|301|233|276|71|116|2800|1137|1953|1014|847|579|0|244|0|244|0|244|974|522|391|215|583|467|0|244|0|244|0|244|494|407|422|357|72|121|1936|1235|1277|854|659|466|1726|988|1381|977|345|397|912|784|409|386|503|535|1798|889|1798|889|0|244|591|390|545|386|46|76|7744|3113|5397|2484|2347|1433|4519|1821|4274|1870|245|267|1181|847|1076|717|105|172|0|244|0|244|0|244|0|244|0|244|0|244|1707|1316|946|828|761|890
1600000US1714000|2525684|5730|1650072|20147|573602|19437|339058|13761|234544|13053|10179|3108|8086|2666|2093|1015|4084|1964|1404|955|2680|1901|3993|1299|3178|1101|815|400|2805|946|2397|902|408|367|6816|1780|6430|1718|386|267|864|795|864|795|0|206|4496|1435|3673|1367|823|396|11641|3731|6436|1887|5205|2949|33045|4879|16132|3256|16913|3099|5655|2542|3928|1714|1727|1044|12657|2762|7008|1995|5649|2095|646|584|439|476|207|277|2520|1219|1826|1038|694|441|7747|3043|5861|2590|1886|960|9761|3037|8251|2892|1510|1081|9398|4254|5519|2768|3879|2049|1063|1164|1063|1164|0|206|1779|1338|1526|1313|253|235|5551|4560|1521|1105|4030|3750|10075|3808|7362|3389|2713|1597|2673|1471|2608|1479|65|110|1891|1545|1782|1540|109|131|2883|1645|1743|833|1140|1161|52225|6883|19907|2896|32318|5551|2749|1096|1919|974|830|434|7562|2176|5464|1803|2098|904|73|122|73|122|0|206|5151|2073|3333|1421|1818|928|106|180|106|180|0|206|3046|1413|1798|972|1248|685|7788|2492|3759|1431|4029|1712|25512|4108|18572|3517|6940|2045|3959|2234|3105|1791|854|757|15351|5740|11930|4948|3421|1611|2697|1266|2697|1266|0|206|6041|2639|3861|2038|2180|1246|15490|4846|11506|4412|3984|1756|1095|700|1063|704|32|41|0|206|0|206|0|206|0|206|0|206|0|206|943|547|577|413|366|290
1600000US2507000|622877|4867|409550|8322|96713|5770|52082|4487|44631|3616|4239|1270|3075|911|1164|761|16454|4226|9399|3102|7055|2201|2070|876|1717|769|353|340|10977|2625|6314|1843|4663|1639|2942|1363|2453|1174|489|492|893|782|893|782|0|225|2142|1549|1835|1458|307|509|4161|1440|2205|960|1956|1042|326|280|326|280|0|225|185|200|185|200|0|225|1728|1242|1288|1018|440|392|289|242|289|242|0|225|1291|595|1095|551|196|204|185|139|140|117|45|76|3460|1259|3000|1257|460|324|644|499|504|409|140|179|737|580|567|387|170|293|680|543|382|286|298|332|450|510|55|78|395|513|2561|1227|1739|875|822|858|700|412|700|412|0|225|672|378|672|378|0|225|654|611|654|611|0|225|24271|3250|12202|1982|12069|2205|1346|732|875|606|471|462|3292|1273|2527|981|765|564|0|225|0|225|0|225|10201|3349|2586|1237|7615|2592|240|166|240|166|0|225|790|781|160|197|630|727|2414|1412|1931|1253|483|609|1343|1231|903|1176|440|418|1884|1682|556|532|1328|1337|3178|1398|2620|1297|558|345|163|197|163|197|0|225|4100|2462|2887|1794|1213|986|3066|1391|2216|1183|850|755|710|554|522|535|188|139|0|225|0|225|0|225|0|225|0|225|0|225|1176|854|861|666|315|355
1600000US3651000|7812471|789|4065039|42468|1762011|21291|915409|20095|846602|19932|88631|9571|67874|7437|20757|4143|108244|9390|63086|6710|45158|5769|55513|6489|39640|5026|15873|2871|26908|4480|19749|3231|7159|2119|15518|2736|14991|2658|527|403|104414|13477|53627|9461|50787|8993|38674|5779|27905|5092|10769|2410|180356|15451|68788|8740|111568|10342|37336|6801|20747|5202|16589|3239|14569|4244|9218|3292|5351|2264|31291|5989|15275|4141|16016|3476|3206|1068|2550|883|656|349|13934|3413|7686|1842|6248|2604|9842|2373|6517|1599|3325|1320|31555|5866|24626|5016|6929|1625|43116|6402|23979|4328|19137|3593|14500|3266|7989|1986|6511|1824|136155|12091|58288|7468|77867|7382|18357|3648|9921|2226|8436|2171|55454|6594|35951|4839|19503|3393|2897|1312|2202|1021|695|673|4529|1774|3050|1409|1479|978|5315|1975|3393|1477|1922|1258|494867|15571|163688|7221|331179|12624|19171|3302|10915|2386|8256|1842|58452|7471|26625|3699|31827|5109|0|218|0|218|0|218|12507|3570|5126|2044|7381|2027|1580|882|581|432|999|740|6701|1915|3453|1421|3248|1188|35747|5852|16305|3592|19442|3618|46731|5491|35811|4330|10920|1912|5564|2014|2256|1005|3308|1701|91373|13024|57370|9807|34003|6240|43573|7448|36484|6917|7089|2097|5954|2327|4056|1849|1898|971|80424|10374|54404|8082|26020|4834|6213|2770|4451|2110|1762|1207|0|218|0|218|0|218|299|291|252|275|47|79|35951|6075|19734|3622|16217|3894
1600000US3712000|856204|3038|647026|11109|128149|7269|57344|5541|70805|5830|5373|1874|3823|1581|1550|1064|731|598|502|431|229|308|1651|1217|1124|982|527|472|3436|1469|2177|1049|1259|1051|2073|960|2031|950|42|70|790|517|695|475|95|114|869|612|791|540|78|128|1951|1138|822|485|1129|905|523|526|392|489|131|163|377|589|186|288|191|302|1635|1057|901|523|734|674|229|389|229|389|0|222|906|824|593|534|313|324|2028|1027|1223|800|805|544|3666|1193|3133|1146|533|336|999|685|817|690|182|211|0|222|0|222|0|222|826|707|750|738|76|131|1829|1061|864|628|965|718|1959|1962|749|472|1210|1676|7434|2294|4748|1647|2686|1222|2077|1486|1053|679|1024|1192|857|542|857|542|0|222|4919|1715|3078|1333|1841|832|951|859|663|810|288|285|834|869|737|731|97|163|900|671|720|539|180|222|7183|2061|1550|842|5633|1973|2242|1575|1089|987|1153|844|1193|927|343|374|850|720|2934|1468|1704|1073|1230|725|2739|1189|2139|1068|600|452|200|185|109|125|91|125|3280|1701|2269|1376|1011|681|330|304|330|304|0|222|7885|6964|4707|5072|3178|2410|1174|725|719|492|455|519|792|704|532|641|260|250|0|222|0|222|0|222|618|638|618|638|0|222|636|695|524|579|112|203
1600000US3918000|852291|4064|684649|12747|52243|5794|27086|3890|25157|4093|8516|3671|5239|2145|3277|2078|3019|2089|1692|1234|1327|1054|603|393|433|413|170|253|2988|1623|1234|767|1754|1515|1071|637|735|421|336|304|130|159|130|159|0|208|345|243|345|243|0|208|2449|1364|732|379|1717|1339|156|257|112|184|44|75|79|97|79|97|0|208|644|568|190|168|454|525|0|208|0|208|0|208|2939|2769|2529|2708|410|402|1668|1100|1114|937|554|371|3142|1911|2713|1808|429|461|1278|1035|854|739|424|420|0|208|0|208|0|208|2789|1745|2167|1572|622|549|11237|3628|3975|1336|7262|3146|1286|848|502|389|784|799|2886|1862|2590|1768|296|491|1392|1143|1128|888|264|425|446|546|134|128|312|526|6526|1880|4230|1384|2296|1020|1491|924|628|382|863|777|2545|1050|1564|742|981|585|0|208|0|208|0|208|968|555|101|144|867|530|960|923|255|266|705|697|1236|742|645|434|591|497|1106|795|508|477|598|630|1631|958|1335|815|296|331|376|231|376|231|0|208|11305|3460|6132|2199|5173|2338|368|335|368|335|0|208|23051|5403|13097|3714|9954|3263|12113|4814|7893|3549|4220|1896|2209|1546|1409|1199|800|955|0|208|0|208|0|208|0|208|0|208|0|208|451|524|392|515|59|100
1600000US4260000|1460109|186|1097615|13949|161379|7812|100154|6513|61225|5849|8342|2582|4925|1438|3417|2062|9887|4163|7417|3489|2470|1264|5927|2058|3659|1365|2268|1160|9624|4372|2207|1181|7417|3910|3509|1091|2987|980|522|325|1221|469|1221|469|0|190|1099|592|822|528|277|350|16480|4757|4814|1799|11666|4226|2839|1400|1703|757|1136|1069|241|234|241|234|0|190|6941|3402|2023|905|4918|3172|252|365|138|183|114|192|231|281|61|104|170|258|1352|832|1264|793|88|149|4155|2054|2802|1441|1353|895|2932|2245|1796|1416|1136|984|588|584|256|251|332|371|2869|2790|1367|1291|1502|1542|3517|3306|1461|1009|2056|2625|3308|1332|2028|1022|1280|618|976|743|727|642|249|276|1361|741|1203|744|158|167|6927|3240|3484|1828|3443|1594|37180|4225|12070|2394|25110|3113|1578|1016|1175|919|403|301|5215|1996|2403|974|2812|1460|300|485|134|218|166|270|12679|3246|5178|1480|7501|2259|2704|1260|869|594|1835|1105|1550|1334|676|636|874|865|6517|3777|3453|2268|3064|1983|2482|997|1658|673|824|683|1568|1157|448|553|1120|924|14676|4827|9622|3388|5054|2266|970|579|913|565|57|98|3379|1645|964|744|2415|1421|11694|6409|5947|4312|5747|3133|1289|1319|1128|1385|161|204|76|121|76|121|0|190|0|190|0|190|0|190|2680|1178|1532|832|1148|857
1600000US4805000|930185|4163|636652|11899|193790|11447|121336|8995|72454|9338|5203|1890|4634|1837|569|504|0|236|0|236|0|236|461|428|426|428|35|64|4298|2224|3750|1960|548|575|2593|1142|2307|850|286|444|623|496|623|496|0|236|435|343|435|343|0|236|1938|1165|1308|985|630|525|682|581|640|532|42|69|254|323|254|323|0|236|1072|763|861|723|211|250|0|236|0|236|0|236|2137|1081|1552|918|585|422|1573|806|1433|715|140|226|8090|2205|7762|2167|328|314|5916|2429|4837|2144|1079|777|56|87|56|87|0|236|1274|839|1274|839|0|236|4483|1880|3823|1806|660|720|2619|1707|1506|743|1113|1425|5084|2176|4949|2153|135|166|4813|1530|4415|1520|398|450|2976|2187|1702|1096|1274|1956|15306|2731|10279|2137|5027|1805|4280|2113|3691|1956|589|426|4552|1663|4014|1621|538|421|384|627|384|627|0|236|4959|1685|2592|873|2367|1168|168|264|168|264|0|236|713|511|372|375|341|392|1107|715|800|545|307|292|1402|799|927|565|475|521|454|409|454|409|0|236|4194|2049|3436|1652|758|658|1008|826|1008|826|0|236|2923|1812|2123|1331|800|698|346|299|346|299|0|236|443|584|443|584|0|236|0|236|0|236|0|236|576|502|428|397|148|181|348|341|348|341|0|236
1600000US4819000|1211891|5127|726695|17358|415874|17964|207620|11148|208254|13348|5602|2400|5152|2355|450|373|338|302|338|302|0|236|642|402|598|428|44|74|1517|1079|1034|838|483|462|1537|649|1459|632|78|93|0|236|0|236|0|236|199|197|199|197|0|236|936|626|766|603|170|153|250|256|198|240|52|86|516|499|516|499|0|236|212|253|76|131|136|216|0|236|0|236|0|236|3619|1623|2146|941|1473|956|1774|1095|1607|1068|167|171|4769|2464|4577|2437|192|252|1305|837|979|740|326|323|245|397|245|397|0|236|1209|939|984|755|225|295|795|615|581|442|214|219|1658|928|1460|888|198|239|2246|1245|1863|1124|383|600|435|395|142|126|293|356|586|562|586|562|0|236|6459|1580|3515|1182|2944|1105|907|550|754|522|153|165|1475|679|802|462|673|402|0|236|0|236|0|236|4698|1642|3065|1228|1633|869|307|352|62|114|245|331|363|260|179|153|184|221|300|270|251|254|49|79|2165|985|2096|951|69|114|3685|5441|3637|5441|48|78|1734|834|1293|617|441|386|947|608|947|608|0|236|7019|2497|2765|1503|4254|1778|4421|2018|3563|1740|858|949|3542|2133|2110|1333|1432|1609|0|236|0|236|0|236|119|201|119|201|0|236|791|635|791|635|0|236
1600000US4835000|2158265|7374|1154444|25655|794469|22312|387319|15180|407150|16758|14360|3937|12403|3832|1957|1082|3725|2056|3567|2056|158|261|1067|529|884|410|183|220|5036|2242|4562|2177|474|346|2772|1006|2504|940|268|338|1011|501|877|445|134|226|749|362|594|308|155|255|3749|1469|2016|895|1733|1227|840|635|523|386|317|360|1036|849|937|825|99|120|1894|807|1442|598|452|385|211|206|174|177|37|61|8106|2702|3915|1778|4191|2056|2385|1099|1556|717|829|657|8346|2632|6612|2149|1734|920|5037|2047|2726|1138|2311|1492|165|157|165|157|0|236|1340|885|848|557|492|442|2092|1036|1573|788|519|613|5298|2364|2800|1140|2498|1755|2448|1039|1999|1005|449|531|2149|1319|1972|1258|177|232|5051|1916|3894|1630|1157|833|32389|5001|16891|2767|15498|3604|2073|1014|1029|704|1044|528|3846|1749|1856|1133|1990|961|0|236|0|236|0|236|29158|5030|12396|2687|16762|3088|310|333|85|158|225|301|1586|1044|745|481|841|928|4604|2413|2272|1579|2332|1629|9921|2695|8896|2513|1025|616|2303|1079|2036|1094|267|432|13269|3126|8706|2445|4563|1641|1090|968|855|909|235|284|7533|3135|3960|1909|3573|1814|16171|3628|14207|3568|1964|824|2683|2709|2383|2573|300|395|0|236|0|236|0|236|56|95|56|95|0|236|3493|2758|2521|2427|972|1144
1600000US5363000|723966|3142|566059|8323|35348|5080|23641|3263|11707|3296|4195|1306|4121|1293|74|121|0|217|0|217|0|217|1255|709|997|621|258|250|2535|1345|2002|985|533|533|2790|939|2551|904|239|232|373|309|373|309|0|217|530|347|460|288|70|116|2873|869|2115|662|758|492|656|499|402|318|254|343|1122|723|897|618|225|215|1555|756|1357|731|198|187|153|179|153|179|0|217|1909|870|1796|868|113|124|1068|963|887|753|181|282|9489|2673|8982|2686|507|374|968|733|968|733|0|217|680|424|633|420|47|76|1980|1178|1635|951|345|526|2580|1817|2258|1391|322|532|2593|1026|2548|1021|45|74|2666|1042|2580|1025|86|140|1015|718|565|403|450|581|878|605|663|488|215|356|31894|4534|18495|3525|13399|2451|4372|1222|3314|924|1058|591|4825|1469|3577|1253|1248|778|147|238|147|238|0|217|9607|2561|3846|1186|5761|1937|737|526|611|407|126|212|1114|628|674|454|440|326|2552|1381|1903|1111|649|451|7364|2053|5387|1882|1977|921|1454|635|1311|644|143|167|1408|873|573|410|835|686|404|400|300|278|104|172|9302|4169|6310|2707|2992|1890|594|431|438|330|156|261|2004|1286|1853|1265|151|265|32|55|32|55|0|217|0|217|0|217|0|217|886|474|806|404|80|132
2500000US5620|788243|4961|688065|5472|63295|3693|37178|3019|26117|2188|1470|442|1360|462|110|123|547|450|377|359|170|277|227|197|181|185|46|59|605|413|457|312|148|185|1680|518|1403|466|277|207|777|700|757|694|20|33|96|151|96|151|0|165|1900|814|1557|760|343|293|143|137|143|137|0|165|0|165|0|165|0|165|313|249|174|166|139|133|0|165|0|165|0|165|415|323|314|282|101|113|75|84|75|84|0|165|309|269|220|220|89|152|1022|557|716|442|306|355|51|91|51|91|0|165|729|492|421|248|308|346|292|347|163|160|129|208|980|560|426|324|554|519|378|463|303|365|75|119|108|119|0|165|108|119|384|276|167|160|217|222|2111|687|931|466|1180|540|496|292|435|321|61|113|501|310|213|153|288|214|4167|1284|3453|1174|714|448|3077|1101|1021|451|2056|805|0|165|0|165|0|165|525|357|297|259|228|186|5443|1734|2723|946|2720|1089|1455|684|1126|592|329|261|551|324|204|157|347|277|2622|933|1857|719|765|475|123|145|62|104|61|101|0|165|0|165|0|165|1132|653|812|452|320|314|339|235|339|235|0|165|61|99|61|99|0|165|1502|526|1334|502|168|123|277|247|222|198|55|89
310M700US10580|862357|1343|770536|6756|26732|2992|18020|2298|8712|2041|5047|1375|4207|1248|840|485|3267|1995|2324|1288|943|817|3983|955|3135|882|848|325|1919|1405|924|578|995|1281|1747|687|1519|658|228|195|1070|648|1070|648|0|218|909|631|737|572|172|162|1502|747|1047|610|455|354|1219|620|1120|609|99|112|1081|846|575|500|506|472|835|591|447|313|388|533|555|875|555|875|0|218|851|514|641|421|210|210|924|972|721|918|203|291|908|509|848|509|60|84|3142|1745|2143|1098|999|749|688|655|513|484|175|186|2338|1292|1816|1013|522|458|1200|762|680|401|520|476|2232|1087|1442|739|790|572|3877|2087|3295|1847|582|496|786|808|555|497|231|340|396|514|396|514|0|218|6934|1957|3505|1356|3429|1137|342|257|239|253|103|102|1679|846|1101|571|578|493|0|218|0|218|0|218|559|470|48|92|511|462|337|378|109|187|228|263|345|341|87|113|258|312|1608|983|904|663|704|443|1599|656|1207|541|392|338|672|536|324|274|348|459|4832|2734|3733|2443|1099|671|212|300|212|300|0|218|425|363|374|308|51|90|1455|762|1097|716|358|262|1147|1111|791|620|356|547|0|218|0|218|0|218|0|218|0|218|0|218|2467|1333|1859|1149|608|376
310M700US10900|831504|826|662788|7260|117700|5966|56422|5404|61278|5475|1499|686|1428|671|71|89|877|666|764|603|113|169|1373|703|898|534|475|410|3243|1030|2385|899|858|435|2010|664|1593|607|417|218|915|759|893|755|22|37|1000|582|737|462|263|235|1315|889|848|756|467|420|2813|1542|1877|1238|936|492|318|369|213|218|105|188|1258|672|960|561|298|248|183|302|183|302|0|210|843|645|301|365|542|498|4802|2027|3193|1488|1609|907|2050|1005|1789|935|261|305|2256|1489|1718|1074|538|486|151|194|119|185|32|59|230|381|0|210|230|381|1325|777|888|585|437|404|1293|863|999|610|294|431|529|489|276|322|253|303|1497|1016|1159|773|338|359|414|387|69|94|345|355|3050|1058|1996|770|1054|524|282|237|237|193|45|68|459|294|117|143|342|259|0|210|0|210|0|210|812|575|338|276|474|428|59|108|0|210|59|108|142|200|142|200|0|210|248|284|90|124|158|192|1669|856|1375|801|294|276|265|315|0|210|265|315|7257|2702|4732|2175|2525|1211|756|899|502|613|254|317|0|210|0|210|0|210|2014|972|1502|834|512|603|895|778|457|631|438|402|0|210|0|210|0|210|0|210|0|210|0|210|914|733|776|695|138|218
310M700US12060|5948486|4355|4743561|26258|589585|12794|333596|10128|255989|10670|30024|5213|23473|3925|6551|2478|16202|3902|12733|3283|3469|1515|4333|1366|3699|1170|634|518|26134|5726|17868|4257|8266|3159|12877|2913|11189|2683|1688|871|4852|1951|4718|1955|134|124|1700|682|1649|650|51|84|11768|2553|7657|1900|4111|1322|3054|1793|2231|1347|823|616|7591|3184|5887|2876|1704|731|6754|2446|3992|1457|2762|1172|357|359|357|359|0|226|13977|3425|8191|2165|5786|2254|21235|4328|14531|3424|6704|1857|33454|4901|28220|4331|5234|1764|11705|2698|8641|1956|3064|1116|3277|1893|1472|932|1805|1537|12984|3703|8472|2832|4512|1554|10058|2943|7060|1932|2998|2125|13282|3728|9034|2860|4248|1639|23766|3923|20108|3530|3658|1342|16225|3795|13777|3270|2448|1137|6629|1811|5199|1534|1430|853|53118|6138|27499|4150|25619|3262|7621|2125|4682|1577|2939|1050|43027|4621|19439|3078|23588|2633|1905|1240|768|596|1137|1031|49984|4715|16338|2515|33646|3857|2118|1200|1262|897|856|490|4959|2193|2158|1236|2801|1405|15000|3966|8530|2684|6470|2035|9744|2294|6134|1568|3610|1490|2593|1626|1936|1127|657|561|19176|5765|14480|5061|4696|1533|3410|1916|2783|1597|627|577|31236|6850|19305|4709|11931|3722|52577|8426|44701|7586|7876|2317|15679|4408|12355|3508|3324|2038|0|226|0|226|0|226|444|337|413|348|31|54|10511|2982|8464|2280|2047|1548
310M700US12420|2332967|1205|1672682|17472|452940|14090|298829|11842|154111|11708|9491|2326|8362|2127|1129|728|210|262|210|262|0|236|703|498|668|500|35|64|8740|3446|7685|3241|1055|745|4890|1256|4487|1007|403|461|1070|626|988|602|82|148|708|583|708|583|0|236|4183|1638|2508|1268|1675|977|1550|907|1508|877|42|69|1905|1370|1267|757|638|712|3129|1256|2051|896|1078|885|191|333|0|236|191|333|3382|1254|2452|1027|930|473|3771|1497|3084|1242|687|510|15353|2741|14087|2663|1266|541|9454|3030|7274|2524|2180|959|291|282|212|257|79|132|5805|2872|4813|2309|992|968|10098|2888|8129|2604|1969|1179|3693|1830|2419|877|1274|1441|16571|3650|13852|3156|2719|1669|10221|2810|8201|2320|2020|1523|4378|2344|2839|1312|1539|1969|26993|3689|17375|2716|9618|2540|5439|2246|4726|2083|713|436|8235|2305|5870|1880|2365|894|384|627|384|627|0|236|14240|2928|5937|1293|8303|2456|223|279|168|264|55|95|1135|798|427|384|708|624|1862|888|1342|708|520|339|5659|1610|3915|1300|1744|764|1892|1452|1576|1137|316|391|7841|2693|5782|1983|2059|1145|1903|1084|1721|1032|182|290|6437|2757|5123|2311|1314|827|2890|1648|2560|1364|330|372|820|686|820|686|0|236|0|236|0|236|0|236|576|502|428|397|148|181|1029|995|1007|993|22|37
310M700US12580|2673601|598|2267244|16007|154255|9548|91206|6933|63049|6667|22883|5023|17010|4440|5873|2367|1376|832|1017|656|359|527|4218|1299|2901|979|1317|752|5423|2069|4463|1712|960|579|5711|1381|5041|1254|670|506|1257|943|1041|872|216|348|4260|2224|3722|2188|538|275|6655|1894|3702|1349|2953|1027|1845|1445|1410|1255|435|545|1445|936|1413|929|32|53|2731|1458|1867|1126|864|903|486|426|256|249|230|300|5415|1875|3750|1488|1665|813|5704|2243|4036|1580|1668|1151|7421|2288|6334|2045|1087|644|16022|3985|11458|3102|4564|1275|4030|1846|2955|1686|1075|723|4012|1934|2844|1402|1168|838|10556|3378|5250|1841|5306|2691|3246|1450|3064|1433|182|199|5288|1337|4515|1118|773|610|1696|1271|1502|1244|194|183|2739|2086|1970|1286|769|974|25241|3211|14739|2711|10502|2267|3550|1391|2432|1061|1118|708|17392|3283|7352|1508|10040|2352|232|291|232|291|0|225|8024|2939|4051|1692|3973|2082|42|72|42|72|0|225|381|237|47|81|334|217|7204|3243|3257|1313|3947|2565|11722|2786|7288|1702|4434|1856|1172|761|1130|760|42|72|13073|3428|8668|2434|4405|1941|2710|1104|1964|891|746|633|5280|2410|3376|1891|1904|943|23447|4048|19742|3813|3705|1560|5905|2369|4563|1881|1342|978|0|225|0|225|0|225|299|303|299|303|0|225|2009|1229|1217|602|792|808
310M700US14460|4673382|977|3452686|18835|437687|9194|244360|8545|193327|9118|30734|4322|24062|3401|6672|1730|72125|7852|44473|5855|27652|3940|22130|3610|16252|3114|5878|1653|142244|13652|72530|7961|69714|8697|12675|2592|11770|2370|905|620|2217|1036|1899|998|318|297|14935|3038|11297|2279|3638|1895|28519|3973|18348|3305|10171|2060|7306|1908|5995|1584|1311|848|3273|1244|2650|1197|623|432|9595|2226|6602|1819|2993|973|4902|1555|3672|1312|1230|659|6109|1444|4755|1337|1354|519|8732|2252|6808|1783|1924|933|26429|4937|23586|4368|2843|1233|4797|1539|3701|1124|1096|685|4184|2115|3133|1649|1051|856|5981|1839|4323|1430|1658|914|9265|2265|6888|1765|2377|988|20000|3601|12751|2497|7249|2397|12795|3715|10564|3009|2231|1544|9599|2730|7767|2143|1832|995|6282|1965|4937|1564|1345|938|130246|7806|71475|5037|58771|5451|7270|1781|4981|1472|2289|762|15999|3099|9874|2149|6125|1834|251|371|123|210|128|167|29753|5175|12926|3221|16827|3022|18759|4636|8443|2773|10316|2629|7470|3111|3361|1999|4109|1536|12185|3180|9977|2714|2208|1298|7957|2336|6263|2116|1694|836|4028|1875|1543|753|2485|1428|30547|4959|22320|4051|8227|2077|8869|3461|7947|3001|922|583|11206|3681|8068|3037|3138|1341|9341|2306|7746|2059|1595|1052|18127|4332|14142|3727|3985|1765|0|210|0|210|0|210|122|160|122|160|0|210|6051|2591|5279|2235|772|502
310M700US14860|900727|14|612894|11713|159244|6550|80586|5088|78658|6446|7176|2837|5248|2101|1928|1676|13630|3769|7585|2696|6045|2069|4995|1454|3647|1129|1348|765|28578|5898|12135|2391|16443|4778|2069|713|1769|702|300|195|664|451|594|428|70|112|2375|1241|1815|843|560|504|3708|1301|2867|1107|841|574|6410|2235|3463|1483|2947|1053|1593|1134|1014|648|579|526|4871|2450|2840|1557|2031|1385|0|222|0|222|0|222|965|725|915|709|50|87|484|389|484|389|0|222|5026|1878|4471|1713|555|418|618|519|618|519|0|222|0|222|0|222|0|222|4418|2726|3174|1834|1244|995|1716|1032|1204|789|512|492|4946|1568|3712|1447|1234|803|1204|1005|1027|968|177|314|482|547|482|547|0|222|678|472|589|414|89|114|11641|3393|7961|2239|3680|1609|1005|613|554|328|451|456|1933|1246|1363|1118|570|403|0|222|0|222|0|222|2858|1354|1270|713|1588|915|659|587|492|463|167|166|712|683|141|187|571|592|1148|811|955|670|193|205|3584|1608|1919|781|1665|993|156|210|156|210|0|222|3915|1805|2152|1199|1763|918|795|394|646|344|149|144|0|222|0|222|0|222|723|467|665|459|58|100|0|222|0|222|0|222|0|222|0|222|0|222|122|152|122|152|0|222|2732|1288|1755|756|977|988
310M700US15380|1096923|441|984931|8046|33634|4324|23615|3421|10019|2237|3998|2478|3553|2124|445|469|360|368|314|355|46|56|3991|1151|2642|896|1349|793|1992|2009|1362|1621|630|615|2222|1340|2051|1331|171|158|822|923|762|924|60|8|529|361|406|333|123|196|3197|1747|1970|1603|1227|558|2358|928|2072|916|286|229|809|500|418|349|391|311|1525|928|1046|656|479|386|3|6|3|6|0|218|2141|2388|1456|1510|685|923|778|808|397|394|381|468|2413|1188|1479|868|934|506|2120|1311|859|574|1261|850|759|564|265|254|494|476|10819|2610|4340|1334|6479|1665|1442|917|563|366|879|663|2027|1435|926|700|1101|913|673|417|402|364|271|244|1451|1892|1412|1895|39|65|1008|745|280|258|728|598|6741|1813|3106|990|3635|1349|218|275|218|275|0|218|883|427|639|354|244|294|0|218|0|218|0|218|1566|836|468|317|1098|713|0|218|0|218|0|218|244|294|244|294|0|218|3003|1352|1502|720|1501|843|855|579|539|365|316|303|110|188|110|188|0|218|9351|3002|6479|2510|2872|1295|976|692|695|501|281|471|727|967|432|513|295|461|2444|2039|1704|1444|740|695|2057|1168|750|671|1307|935|0|218|0|218|0|218|208|207|172|197|36|58|1538|1386|1446|1387|92|91
310M700US16740|2642582|1836|2203351|14108|261329|9201|136294|8921|125035|6546|11059|2570|7344|2086|3715|1682|1382|790|934|605|448|423|3440|1573|2686|1311|754|520|5380|1634|3503|1170|1877|1159|8098|2741|6755|2016|1343|1407|2787|1311|2692|1268|95|114|2440|1003|2131|902|309|261|6900|2302|3145|1253|3755|1676|1629|758|1447|692|182|187|1841|1769|1203|1136|638|673|3205|1330|1812|816|1393|785|229|389|229|389|0|210|1327|885|916|585|411|351|7245|2014|4649|1506|2596|1055|11293|2690|9959|2474|1334|671|2265|1260|1818|1190|447|386|490|756|490|756|0|210|1797|1185|1395|976|402|354|4848|1915|3483|1445|1365|816|5969|2240|3916|1539|2053|1622|17818|3829|13873|3220|3945|1740|5514|2561|3580|1610|1934|1413|3236|1543|3090|1529|146|238|9448|2112|5906|1483|3542|1165|2122|1204|1279|981|843|472|2576|1276|1684|948|892|576|2344|1223|1712|996|632|402|11716|2812|3889|1322|7827|2271|2590|1690|1437|1054|1153|844|2154|1041|1036|666|1118|718|4134|1809|2217|1169|1917|1085|5488|1618|3994|1373|1494|746|1497|926|630|441|867|681|5414|2409|3842|1868|1572|880|1059|878|952|857|107|128|8642|6993|4980|5088|3662|2435|4460|2411|3932|2424|528|536|1659|1017|1351|947|308|244|0|210|0|210|0|210|1160|888|676|647|484|628|1247|932|976|751|271|278
310M700US16980|8770955|1951|6065500|27969|1590396|18246|970489|17691|619907|15247|24856|4741|19016|4045|5840|2058|6723|2660|3806|1449|2917|1981|23620|2809|16281|2412|7339|1455|7819|2347|6575|2145|1244|632|20603|2695|18970|2637|1633|657|3878|1612|3878|1612|0|210|25078|3107|18857|2744|6221|1737|46434|6795|26688|4467|19746|4239|158300|10017|86516|7112|71784|5913|27917|5091|19868|4184|8049|1822|61699|7816|32730|4253|28969|5362|2785|1161|2061|916|724|541|8648|2171|5949|1752|2699|1004|50730|7099|29130|5075|21600|4299|40588|5109|34344|4458|6244|1678|59983|7720|43582|5627|16401|3616|4241|1892|3071|1682|1170|710|6899|2586|5575|2171|1324|1187|13247|4628|7236|1930|6011|3822|51514|7494|33722|5963|17792|3676|19504|3965|17071|3615|2433|959|12095|2289|10407|2034|1688|795|19034|3959|13811|2766|5223|1776|95285|7804|43858|4291|51427|5717|11077|2361|6991|1627|4086|1548|33188|4523|17145|3158|16043|2773|139|168|73|122|66|114|18281|3672|9591|2141|8690|2286|3606|1503|1877|966|1729|780|7773|2121|4326|1280|3447|1319|20133|4141|11034|2661|9099|2596|80666|6237|61386|5380|19280|3480|9743|2898|6645|2435|3098|1284|72104|9246|47564|6812|24540|4145|6699|2188|6631|2186|68|80|18370|4896|12198|3732|6172|2171|30165|6715|24047|6026|6118|2180|4115|1930|4083|1930|32|41|23|36|23|36|0|210|378|320|378|320|0|210|7119|2131|5055|1797|2064|994
310M700US17140|2139380|3564|1973350|9877|64147|4689|37832|3614|26315|3384|7829|3119|4456|1681|3373|1923|815|931|258|390|557|870|1822|843|1423|719|399|428|1608|1008|1274|877|334|260|5185|1429|3946|1135|1239|806|1674|923|1074|711|600|642|1056|701|1056|701|0|210|4060|1630|2023|1021|2037|985|416|408|416|408|0|210|985|927|535|782|450|511|956|921|410|320|546|858|0|210|0|210|0|210|681|525|114|134|567|513|657|574|386|451|271|288|4182|1633|3457|1476|725|391|3068|1492|2459|1340|609|426|961|1074|717|703|244|405|1104|698|982|687|122|153|5609|2605|3216|1613|2393|1355|2221|1334|1440|672|781|937|3017|1492|2285|1301|732|539|2691|1340|2303|1326|388|488|1842|1002|1595|831|247|279|9088|2395|6074|1789|3014|1065|2445|1069|1205|713|1240|687|2200|1103|1321|665|879|594|52|82|52|82|0|210|4827|1864|2535|1249|2292|1060|897|894|383|519|514|696|719|541|399|444|320|285|4950|3527|3772|3014|1178|975|3242|1293|2489|1015|753|488|350|271|268|211|82|98|9436|3651|6322|3140|3114|1374|197|191|197|191|0|210|2177|1327|1514|1167|663|694|5297|2147|4273|1919|1024|660|2054|1271|2016|1271|38|64|0|210|0|210|0|210|0|210|0|210|0|210|1513|1028|710|539|803|782
310M700US17410|2046432|1612|1831702|9662|84302|5905|50609|4391|33693|4135|4007|1513|3154|1391|853|563|0|208|0|208|0|208|4003|1005|3197|930|806|394|466|313|329|253|137|151|8669|2794|6969|1853|1700|1300|12199|4010|7795|2806|4404|2320|2590|706|1825|637|765|526|7742|2119|4998|1749|2744|1249|2533|940|1595|653|938|649|6670|2286|4309|1936|2361|849|10759|3017|4848|1480|5911|2317|47|77|47|77|0|208|932|807|326|336|606|542|2369|1163|1996|1032|373|251|4010|2106|2891|2023|1119|752|580|473|513|432|67|103|2211|2265|1879|1828|332|505|1003|849|705|483|298|494|2427|1418|1870|1057|557|481|8199|2546|5956|2215|2243|832|1714|864|940|644|774|579|452|391|452|391|0|208|715|711|715|711|0|208|10191|2271|4681|1359|5510|1719|1263|803|514|361|749|769|2018|884|1146|630|872|571|0|208|0|208|0|208|2942|1030|1468|615|1474|607|1318|1041|369|377|949|788|911|498|665|374|246|195|824|608|310|269|514|399|3475|1395|2085|920|1390|755|381|310|273|214|108|180|12357|3042|8502|2478|3855|1331|2136|1114|1807|1078|329|489|526|493|282|268|244|412|2973|1623|2476|1497|497|379|1408|1060|433|411|975|750|12|22|12|22|0|208|225|190|215|186|10|19|3171|1195|2460|1023|711|392
310M700US18140|2047543|1060|1784869|13058|76421|5168|41734|4052|34687|3682|12333|4011|7608|2397|4725|2324|3997|2359|1940|1392|2057|1219|760|497|590|517|170|253|4231|1773|2425|1317|1806|1518|2881|1183|2538|1062|343|306|1013|515|544|293|469|411|1000|550|1000|550|0|208|3546|1595|1245|520|2301|1411|278|297|234|235|44|75|690|713|599|574|91|149|2236|1054|1134|688|1102|750|0|208|0|208|0|208|4377|3002|2779|2780|1598|876|2324|1224|1333|1046|991|480|7010|2213|6018|1968|992|727|2063|1207|1517|905|546|444|587|716|293|327|294|487|3903|1893|3145|1705|758|561|18361|4103|7243|1903|11118|3401|2611|1362|1612|1080|999|823|8721|2592|6822|2391|1899|904|4185|1969|2513|1283|1672|1227|1575|960|1263|817|312|526|12808|2659|7698|2141|5110|1650|4420|1427|2128|910|2292|1171|4581|1684|2628|1063|1953|991|0|208|0|208|0|208|3197|1444|1444|944|1753|852|1394|1014|362|284|1032|805|2034|905|1117|605|917|595|2518|1298|1408|880|1110|759|4056|2480|2574|1303|1482|1363|855|424|639|357|216|279|13675|3685|7675|2418|6000|2475|669|457|629|431|40|68|28519|5581|16789|3814|11730|3384|14684|5334|10122|3993|4562|1997|2790|1646|1753|1267|1037|997|0|208|0|208|0|208|500|555|270|328|230|256|871|558|812|558|59|100
310M700US19100|7590454|1032|5105283|27010|1679305|19398|994685|18238|684620|17552|25565|4980|20510|4605|5055|1586|1727|871|1528|835|199|270|3090|991|2685|897|405|308|17207|4619|14164|4055|3043|1314|13362|2275|12421|2157|941|531|3191|1418|2858|1336|333|340|1219|651|1109|593|110|130|11471|3236|8796|2845|2675|908|1702|1049|1321|939|381|306|7575|3654|6530|3589|1045|506|5177|1812|3417|1146|1760|1246|1367|1202|1204|1176|163|196|24429|6048|14483|3723|9946|3402|21637|4120|14829|3228|6808|1701|56443|6529|49043|6094|7400|1849|35070|6140|27366|5145|7704|1976|3020|1322|2113|1026|907|520|16379|4081|11872|3003|4507|1841|31698|5706|20842|4037|10856|2917|13855|3915|11098|3271|2757|1219|56366|6610|47872|6120|8494|2153|31522|6203|26717|5503|4805|1585|27085|5170|19987|3950|7098|2074|58513|6486|34004|5020|24509|3645|9454|2621|5169|1440|4285|1504|29475|4044|15550|2784|13925|2520|418|381|261|281|157|265|86110|9553|36746|5162|49364|6668|3809|1331|1575|771|2234|993|9957|3360|6389|2558|3568|1250|11874|3645|7530|2496|4344|1606|25188|4554|18953|3736|6235|1919|9928|5334|7573|5643|2355|1261|48117|8005|34984|6977|13133|3502|2482|879|2482|879|0|236|26345|6154|14452|4087|11893|3487|44231|7958|37382|6971|6849|2414|25580|6016|20092|5333|5488|2299|0|236|0|236|0|236|1594|1061|1313|834|281|333|2634|1134|2439|1116|195|202
310M700US19740|2844171|956|2287764|15456|371180|14632|233441|11542|137739|9565|10387|2970|8310|2743|2077|935|288|463|288|463|0|220|1307|573|1189|557|118|152|3508|1983|3191|1886|317|276|8502|1839|7782|1810|720|397|2078|896|1898|818|180|208|1985|1886|1985|1886|0|220|15015|3338|8169|2346|6846|2121|3713|1379|3430|1328|283|250|843|524|709|482|134|169|3945|1720|1921|1037|2024|1268|281|282|281|282|0|220|4977|2206|2381|1269|2596|1362|1258|785|1128|726|130|141|6240|1639|5198|1377|1042|592|1807|958|1261|817|546|505|1848|1941|619|466|1229|1661|1086|1223|728|696|358|558|3927|1865|1513|745|2414|1535|4508|1557|3518|1307|990|684|3090|1212|2745|1056|345|289|2617|1515|2183|1467|434|378|2421|1313|2160|1245|261|269|12993|2162|7569|1276|5424|1847|3463|1555|2481|1260|982|517|8645|2391|5348|1716|3297|1100|876|619|722|575|154|133|16162|4267|7003|2165|9159|2905|1541|1198|928|822|613|611|2365|1052|1007|520|1358|921|4659|2886|2379|1547|2280|1501|5955|1828|4977|1564|978|561|4308|1642|2380|1418|1928|931|13152|3898|8450|2504|4702|2539|1088|574|1061|577|27|56|14776|3206|7986|2340|6790|1948|3630|1931|2820|1603|810|670|865|656|701|615|164|204|155|111|79|96|76|53|639|296|581|278|58|89|4324|2999|3375|2326|949|1129
310M700US19820|4105413|886|3501293|16211|129021|6148|81816|5677|47205|4699|9627|2348|7325|1928|2302|823|502|453|266|278|236|380|9388|1827|5677|1312|3711|1286|4508|1349|3208|1252|1300|485|13326|2896|12553|2760|773|421|1296|505|998|449|298|345|3719|1062|2901|919|818|392|5986|1502|3262|926|2724|1123|11648|2727|9422|2481|2226|823|5909|2250|4258|2034|1651|692|13550|3567|6519|1537|7031|2507|1568|766|1105|593|463|293|3245|2206|1342|800|1903|1610|9320|3120|5986|2147|3334|1404|11844|2706|10579|2722|1265|534|11171|2795|9058|2728|2113|721|5442|2269|4378|2084|1064|600|31764|5748|18299|4365|13465|3448|7268|2583|5694|2073|1574|1135|30012|4419|18687|3472|11325|2332|13953|3200|9394|2377|4559|1876|8678|2426|6750|1908|1928|990|8501|2622|6586|1951|1915|1245|21152|3464|11094|2443|10058|1871|9056|2386|3604|1222|5452|1916|9430|2935|5253|1893|4177|1515|3744|1858|2786|1560|958|648|7535|2118|3991|1474|3544|1325|93|112|43|76|50|79|1029|695|466|319|563|475|359|241|197|145|162|163|10755|2456|7226|1783|3529|1741|1604|821|773|465|831|564|150521|10888|76663|8662|73858|8001|1501|834|1192|592|309|351|24794|4835|14081|3235|10713|2957|7405|2662|6435|2675|970|650|1764|1308|1020|750|744|1040|0|184|0|184|0|184|292|203|160|168|132|141|1840|786|1690|725|150|156
310M700US23420|1099168|711|623923|12316|371709|12579|238479|10432|133230|8212|2233|1076|1881|892|352|400|0|221|0|221|0|221|419|235|280|200|139|121|1859|1147|1573|925|286|279|895|618|835|609|60|215|40|67|0|221|40|67|67|112|0|221|67|112|1146|788|871|629|275|324|110|183|110|183|0|221|39|65|39|65|0|221|326|367|140|185|186|211|5258|2563|3802|1777|1456|1240|517|417|316|283|201|210|196|323|196|323|0|221|2258|1098|1511|947|747|605|357|357|228|212|129|164|21956|6511|13583|4501|8373|2653|0|221|0|221|0|221|1285|1125|1054|947|231|300|666|826|621|819|45|74|156|261|79|133|77|130|275|323|275|323|0|221|1607|1929|622|588|985|1452|4423|1593|1888|891|2535|1130|1562|834|971|667|591|323|1910|1399|951|701|959|804|21473|4472|11157|3190|10316|2275|3098|1237|1369|595|1729|899|3333|1762|1071|587|2262|1530|4709|2048|2360|1669|2349|830|960|606|609|536|351|302|9323|2756|6571|2029|2752|1114|2539|1578|1818|1486|721|384|5447|3204|3377|1927|2070|1443|143|180|143|180|0|221|595|896|369|531|226|386|501|501|491|501|10|1|270|328|270|328|0|221|0|221|0|221|0|221|230|298|230|298|0|221|1355|1471|555|405|800|1117
310M700US24660|747591|815|632040|7714|60129|3633|35821|3453|24308|2827|2392|1054|2108|1010|284|256|2944|2041|2741|1897|203|316|885|673|885|673|0|222|1406|1347|310|245|1096|1301|1228|938|1031|927|197|138|950|732|847|716|103|131|351|342|351|342|0|222|474|409|192|149|282|372|248|303|248|303|0|222|480|417|215|366|265|201|459|624|369|612|90|138|0|222|0|222|0|222|80|141|80|141|0|222|682|903|427|695|255|285|857|436|516|305|341|275|2972|2070|1928|1528|1044|888|222|379|79|141|143|245|46|79|46|79|0|222|3246|2652|631|536|2615|2246|1948|1423|1440|953|508|551|605|545|388|365|217|225|179|220|72|125|107|178|387|402|387|402|0|222|2245|1328|1329|890|916|679|2374|1472|2045|1291|329|385|1070|774|609|534|461|329|102|147|102|147|0|222|2775|1386|818|644|1957|984|865|977|409|467|456|564|664|715|225|297|439|439|1686|1420|571|556|1115|989|1389|834|1389|834|0|222|1388|757|619|457|769|484|2848|1657|2080|1303|768|592|0|222|0|222|0|222|2870|2540|1268|1270|1602|1402|5271|3646|3688|2523|1583|1555|4298|3249|2219|1947|2079|2272|0|222|0|222|0|222|49|86|49|86|0|222|2487|1912|1674|1598|813|833
310M700US25540|1095596|350|844332|9705|123511|5846|86039|4965|37472|4205|7284|1528|5905|1500|1379|536|3303|1622|2004|1018|1299|1034|7763|2387|5753|2159|2010|895|9003|2317|5925|1662|3078|1049|1652|695|1499|630|153|156|507|325|507|325|0|222|1512|720|1305|695|207|192|2776|1123|1785|789|991|616|15328|3189|7655|1958|7673|2260|2640|1705|1539|1210|1101|1040|3211|2277|1960|1293|1251|1083|48|81|48|81|0|222|648|641|604|636|44|72|2416|1162|1684|843|732|439|4134|1714|3493|1667|641|360|4806|1828|3770|1822|1036|533|1002|792|881|733|121|142|3375|1312|1879|772|1496|795|3775|1651|2467|1158|1308|870|6115|2037|5116|1703|999|747|4409|1773|2683|1149|1726|1198|3870|1647|2054|907|1816|1201|3100|1827|2752|1696|348|393|5885|1698|3465|1267|2420|839|703|557|470|499|233|215|1577|807|676|608|901|523|0|222|0|222|0|222|4263|1999|2272|1512|1991|1019|226|266|151|241|75|125|639|524|161|271|478|355|2319|2855|1060|1680|1259|1243|1412|635|939|510|473|291|118|198|118|198|0|222|4840|2536|2274|1419|2566|1524|819|841|819|841|0|222|676|508|676|508|0|222|4261|2103|3681|1997|580|534|2223|1327|1247|837|976|1017|0|222|0|222|0|222|894|638|653|514|241|261|4221|3367|3283|2815|938|808
310M700US26420|7023525|1121|4176991|27993|2103315|21273|1169746|23198|933569|23601|28804|5725|24141|5212|4663|1737|6634|2128|6169|2249|465|595|3150|837|2503|785|647|450|17590|4299|14215|3595|3375|1896|9884|1731|9069|1567|815|549|4446|2160|3824|2232|622|476|2773|1093|1998|919|775|578|16003|4997|9291|3246|6712|2649|2514|1002|1514|699|1000|622|4336|2098|3795|1778|541|458|5231|1935|3766|1642|1465|749|603|463|566|452|37|61|20380|5423|12580|3923|7800|2774|14394|4703|8825|2834|5569|2351|39564|6116|30237|5010|9327|3075|41460|6671|28115|4854|13345|3889|5771|3080|3325|1839|2446|1786|6034|2081|4194|1590|1840|995|18952|5105|13990|3815|4962|2023|12344|3701|7861|2347|4483|2212|13685|3484|11900|3322|1785|1069|12204|4184|9452|3714|2752|1822|27508|5315|19911|4246|7597|2349|96901|9159|46189|5021|50712|6309|3736|1314|1897|835|1839|786|16513|3625|8048|2428|8465|2351|0|236|0|236|0|236|124062|12747|53045|9034|71017|7335|3028|1409|1662|946|1366|779|4982|2108|1837|791|3145|1938|11592|3648|5467|1934|6125|2694|42248|6133|33423|5258|8825|2118|5124|1846|4365|1834|759|608|44384|8968|32092|6774|12292|3338|1337|957|1102|906|235|284|13709|4522|7916|2877|5793|2270|43527|7993|38920|7292|4607|1884|11057|4166|9259|3585|1798|1030|0|236|0|236|0|236|422|336|422|336|0|236|6333|3253|4607|2738|1726|1350
310M700US26900|2006175|2902|1739614|10387|134939|7437|66487|5508|68452|6483|12802|4187|4681|1729|8121|3301|8240|4205|2983|2005|5257|3291|254|254|254|254|0|208|2098|1722|1942|1701|156|179|4089|1487|3521|1353|568|456|609|446|497|318|112|197|165|199|165|199|0|208|1940|967|638|482|1302|884|488|456|331|384|157|253|531|610|437|456|94|172|2058|1626|1751|1234|307|509|0|208|0|208|0|208|904|548|580|395|324|231|5239|2320|3776|1857|1463|1088|4471|2308|4081|2184|390|382|3155|1763|1957|1270|1198|968|10516|3254|5019|2206|5497|1742|2134|2175|1651|1651|483|559|2485|1469|2048|1205|437|384|2411|1736|2287|1594|124|214|3351|2097|1470|1021|1881|1792|1042|848|900|680|142|245|516|551|347|397|169|257|6714|2328|4133|1689|2581|1075|965|684|383|288|582|550|3110|1288|1293|795|1817|958|472|584|168|267|304|359|1719|1002|647|469|1072|788|683|630|455|392|228|304|524|437|104|120|420|389|13275|3040|3901|1756|9374|2162|5917|2146|3612|1225|2305|1524|1758|1632|927|998|831|868|5134|2581|2835|1216|2299|2232|182|304|182|304|0|208|4191|1734|2606|1282|1585|1059|11057|3533|8800|3194|2257|1118|5105|2420|3749|2083|1356|1003|0|208|0|208|0|208|102|167|102|167|0|208|1216|1128|540|480|676|993
310M700US27260|1617158|1459|1388917|10941|118277|6649|78093|5771|40184|5007|5382|2031|4115|1422|1267|950|8430|3434|4189|2073|4241|2487|1955|800|1808|739|147|175|7097|3681|3841|2761|3256|2361|3771|1277|3257|1231|514|463|563|462|563|462|0|243|138|154|116|141|22|36|5844|2413|3826|1681|2018|1242|825|608|683|580|142|174|3760|1536|2231|1139|1529|1120|2196|1792|1817|1747|379|320|0|243|0|243|0|243|1827|1592|1760|1568|67|116|1422|899|1350|871|72|123|2180|1300|2029|1260|151|182|1212|1149|916|913|296|362|192|327|192|327|0|243|438|477|312|341|126|186|876|667|876|667|0|243|5163|2622|3407|1753|1756|1420|3771|1828|3073|1575|698|592|2902|1817|2050|1045|852|1172|850|819|850|819|0|243|5609|2423|3115|1571|2494|1226|1643|862|761|597|882|472|1883|1446|1349|974|534|591|0|243|0|243|0|243|7329|3029|4052|1999|3277|1525|1836|1069|1079|723|757|514|1449|1388|672|720|777|864|2973|1626|954|657|2019|1266|14302|3124|10970|2598|3332|1344|914|604|691|522|223|237|6159|2062|4492|1716|1667|719|275|234|275|234|0|243|641|673|521|609|120|158|2238|1666|2238|1666|0|243|743|672|681|602|62|103|0|243|0|243|0|243|122|191|122|191|0|243|1054|663|945|665|109|178
310M700US28140|2090237|1930|1858185|11213|141023|7989|85636|5789|55387|5633|5681|1990|4658|1675|1023|598|663|881|577|870|86|143|1061|470|699|302|362|287|1403|782|874|555|529|396|4849|1659|4130|1434|719|363|1574|1012|1574|1012|0|210|335|266|335|266|0|210|2196|1053|1186|662|1010|976|1255|1029|1068|988|187|203|970|666|653|619|317|334|255|378|24|43|231|375|87|110|87|110|0|210|2216|2079|1451|1217|765|943|675|539|465|443|210|229|1734|1080|1555|1042|179|211|2080|1018|1647|915|433|291|602|416|480|403|122|151|1174|1109|463|390|711|1029|2208|1407|1330|909|878|676|2701|1910|2133|1447|568|545|2934|1152|2004|925|930|731|588|479|588|479|0|210|97|162|97|162|0|210|8120|1807|3977|1194|4143|1294|1992|917|1394|805|598|395|1798|758|830|501|968|462|1867|1096|1377|931|490|412|7670|1678|2839|979|4831|1537|374|323|71|118|303|298|2128|1213|1095|725|1033|635|3736|1774|1621|1280|2115|963|2358|864|1520|538|838|483|3601|1202|3305|1105|296|271|3538|1946|1965|920|1573|1341|0|210|0|210|0|210|7478|4100|3977|2646|3501|1747|2006|1021|1845|970|161|264|6038|3016|3437|2047|2601|1662|0|210|0|210|0|210|46|59|46|59|0|210|941|520|876|514|65|108
310M700US29820|2208399|-555555555|1456071|15106|504364|10017|297618|10043|206746|10231|6890|2119|5725|2012|1165|655|412|420|412|420|0|232|2485|1497|1142|641|1343|1363|4202|1842|3403|1647|799|830|7441|2311|6434|1921|1007|682|1632|1059|1632|1059|0|232|1041|585|816|463|225|227|4533|1987|2747|992|1786|1350|2463|900|1840|856|623|433|2947|1644|2021|1508|926|517|3963|1513|2342|873|1621|856|2648|1265|1946|1084|702|520|4078|2307|2671|1649|1407|886|1495|1498|835|773|660|801|1530|1024|1295|1003|235|305|4160|3079|2815|2357|1345|1223|1336|1206|1020|978|316|344|866|905|537|737|329|466|817|539|352|320|465|434|4052|1910|2552|1160|1500|1110|983|711|926|681|57|95|337|351|294|297|43|71|163|196|100|116|63|101|29240|4271|13266|2392|15974|2779|5180|1740|3244|1387|1936|1006|15211|3444|7768|2147|7443|2499|88|147|0|232|88|147|12064|3965|4447|1559|7617|3232|1858|1411|811|558|1047|1057|6018|1660|2921|1158|3097|1016|2779|2162|1811|1309|968|963|77931|8052|53279|5900|24652|3772|9337|1847|6660|1486|2677|931|4706|1702|3053|1153|1653|815|2614|1144|2057|1043|557|499|13430|4364|9740|3361|3690|1680|1716|1208|1582|1110|134|194|1819|1655|731|734|1088|1462|508|604|451|597|57|94|327|321|327|321|0|232|2664|1757|2283|1680|381|332
310M700US31080|12167718|1037|5702328|40760|4187951|27914|2439661|28701|1748290|27538|47198|5315|41044|4865|6154|1549|4776|2078|3495|1457|1281|1150|17277|2681|14876|2449|2401|1012|26081|4152|20563|3500|5518|1337|27242|3505|24605|3394|2637|913|7865|2250|7300|2220|565|286|7699|2421|5766|2157|1933|836|66235|7798|34850|5376|31385|4465|8052|2061|6107|1760|1945|813|8695|3424|6815|2723|1880|972|13482|3163|8631|1851|4851|1937|178947|11761|98042|7770|80905|7624|111565|8818|70904|6684|40661|5050|17338|3906|12042|2941|5296|1829|43495|6974|36749|6327|6746|1765|20728|7449|15910|6488|4818|2054|16021|3868|11608|2892|4413|1885|17547|4247|9950|2888|7597|2482|13243|2973|10049|2434|3194|1033|18752|3480|13884|2550|4868|2019|9107|3529|7340|2866|1767|1129|11751|3185|9701|2339|2050|1179|5802|1696|5128|1418|674|502|496039|16683|222737|10176|273302|11614|63394|7066|37548|5084|25846|3205|232432|15261|96615|8966|135817|8725|1825|1506|773|418|1052|1341|263405|13896|106670|7777|156735|9315|30807|5252|13394|3134|17413|3323|32027|5388|14431|2538|17596|3887|21846|4711|10644|2275|11202|3405|260359|12614|183286|10128|77073|6231|32044|4372|20426|3296|11618|2286|76618|9627|55163|7963|21455|3497|21173|4422|16447|3752|4726|1838|13146|3585|9389|3310|3757|1324|12449|3410|10551|3061|1898|894|6212|3904|3851|2018|2361|2675|295|355|262|340|33|56|1761|1000|1471|1000|290|265|12709|3456|8206|2476|4503|2190
310M700US33100|5859444|331|2628964|28341|2512430|13873|1312347|20629|1200083|18347|48650|5773|33441|4512|15209|2900|288482|17351|156775|12301|131707|11528|17775|3673|13159|2948|4616|1479|98170|10615|62885|7531|35285|5385|13820|2309|12634|2133|1186|596|5615|1424|4158|1200|1457|996|3517|1443|2988|1335|529|414|33135|5316|16664|3358|16471|3807|6223|1549|4877|1519|1346|644|1881|956|1764|914|117|193|12867|3825|8028|2387|4839|2654|405|465|314|435|91|149|3865|2394|3197|1825|668|941|6655|2449|5426|2069|1229|1186|6636|2149|6061|2078|575|459|8401|2977|6692|2349|1709|967|1930|1473|1318|781|612|889|4771|2303|2302|1292|2469|1366|2780|1799|2288|1743|492|435|11607|2686|8533|2111|3074|1149|3211|1857|2620|1644|591|571|2209|1273|2209|1273|0|243|6941|3291|5952|2942|989|848|24316|4013|12728|2455|11588|2678|2322|1008|1687|834|635|520|2345|1241|931|639|1414|762|0|243|0|243|0|243|10647|2843|3913|1425|6734|2165|234|250|108|183|126|162|3553|2249|1485|786|2068|1693|6980|2567|5047|1943|1933|915|12560|2815|10086|2388|2474|1196|1740|877|1474|779|266|213|17205|3952|13323|3264|3882|1357|25416|5890|22772|5571|2644|1074|1016|841|881|830|135|225|2370|1086|2316|1109|54|92|1481|1004|1481|1004|0|243|47|94|47|94|0|243|165|202|153|201|12|16|16107|3827|12278|3212|3829|1420
310M700US33340|1472025|850|1263527|7577|119599|4731|74578|4331|45021|3130|3799|1201|3487|1212|312|263|69|128|0|159|69|128|2016|1089|1755|1058|261|198|983|735|686|673|297|311|8490|1647|7020|1541|1470|661|952|635|952|635|0|159|2174|1671|2133|1667|41|68|2425|1082|1327|684|1098|725|1739|863|1314|751|425|364|1563|603|1003|454|560|431|1186|811|939|753|247|203|111|185|111|185|0|159|1117|846|620|571|497|455|941|622|801|503|140|180|3105|1427|2928|1438|177|222|528|333|442|312|86|118|2133|1226|1776|1231|357|335|64|115|0|159|64|115|6524|2398|4292|1637|2232|1381|4075|1673|3293|1505|782|474|1143|779|905|685|238|287|1524|1211|863|644|661|708|1976|992|1676|890|300|258|3322|1318|2072|807|1250|781|867|559|671|422|196|206|1248|876|950|806|298|229|11413|2819|6178|1926|5235|1601|1526|904|837|519|689|569|141|210|141|210|0|159|1549|727|620|341|929|621|4861|2319|1463|785|3398|1904|2846|1093|2116|1070|730|380|223|243|177|175|46|76|5598|1962|3612|1613|1986|862|596|455|596|455|0|159|1987|1147|1194|819|793|539|2132|1150|1961|1154|171|226|557|503|390|430|167|283|0|159|0|159|0|159|414|336|414|336|0|159|982|577|720|404|262|243
310M700US33460|3496054|1550|2968748|15567|169313|7119|111988|6360|57325|5455|11894|2883|8432|2136|3462|2110|3328|3256|2436|2244|892|1231|572|341|513|335|59|73|1703|683|1266|501|437|337|9128|2299|8459|2263|669|403|1669|735|1572|709|97|123|292|244|256|230|36|61|9835|2346|6294|1944|3541|1371|1998|842|1259|595|739|590|2347|1202|1853|980|494|321|5922|1906|2892|991|3030|1355|78|139|78|139|0|210|1619|760|1083|482|536|425|4248|1766|3229|1633|1019|458|6747|1973|5802|1801|945|594|577|501|439|391|138|178|1756|1485|1527|1244|229|370|2290|1120|1660|905|630|511|6425|2276|5176|1917|1249|771|4596|1957|2795|970|1801|1736|6692|2448|5683|2329|1009|589|5145|1974|4202|1534|943|925|4670|2684|4324|2627|346|384|21762|4060|14286|2939|7476|1656|4490|2049|2356|1278|2134|1180|3699|1149|2207|839|1492|712|65342|6009|37802|4454|27540|3713|16914|3306|8611|2182|8303|1712|4336|1602|2402|1134|1934|777|5695|1782|3561|1366|2134|848|9359|3061|4153|1589|5206|1955|9856|2568|7348|2193|2508|956|2065|1017|1359|660|706|469|9019|2814|5706|2288|3313|1037|848|623|831|619|17|32|73506|9658|42993|6597|30513|5581|19414|5116|13513|4072|5901|2343|11624|2335|7523|2058|4101|1546|0|210|0|210|0|210|2087|754|1807|758|280|182|4446|1611|3075|1190|1371|965
310M700US34980|1979079|2812|1721589|11901|148625|6162|66293|6541|82332|5990|4709|2063|3656|1630|1053|774|1552|1718|313|394|1239|1671|588|467|556|454|32|53|2434|1457|1460|743|974|1244|2232|1044|2097|1010|135|199|326|444|93|160|233|413|553|522|495|450|58|107|1184|771|654|579|530|492|793|714|793|714|0|226|828|676|734|648|94|107|2103|2495|1580|1999|523|609|0|226|0|226|0|226|2640|1294|1328|935|1312|1081|3917|1436|1981|971|1936|799|2046|1030|1825|1007|221|193|1082|903|772|703|310|362|0|226|0|226|0|226|1605|1167|1484|1134|121|145|2160|1212|1403|870|757|738|4361|2279|2492|1406|1869|1487|2948|1777|2106|1381|842|681|1193|915|1070|843|123|242|862|692|625|523|237|216|6454|1466|4262|1186|2192|715|994|531|907|493|87|118|1329|655|838|452|491|375|60|107|60|107|0|226|4046|1430|2600|1017|1446|758|1917|933|1539|839|378|489|5163|1769|2600|1198|2563|1008|4781|2479|2040|1250|2741|1533|1996|1116|1321|992|675|448|357|368|357|368|0|226|19994|5685|8967|2973|11027|3749|1577|1620|1477|1586|100|168|10116|6675|4692|3528|5424|4167|4628|2509|3007|1761|1621|1948|3762|2355|2122|1351|1640|1288|0|226|0|226|0|226|57|95|57|95|0|226|1518|1120|175|271|1343|1010
310M700US35620|18423457|1466|10975656|59839|3689590|31333|1944045|30759|1745545|28841|135309|10650|104940|7930|30369|4867|219564|13568|131544|10424|88020|8580|134716|7309|94383|5930|40333|3822|138120|10557|82539|7267|55581|6646|39750|5718|36611|5320|3139|841|171872|14565|91597|10952|80275|9073|69157|7490|52721|6486|16436|2808|241091|14615|108932|9132|132159|10126|108120|11205|67725|8153|40395|5152|32526|5772|21603|5032|10923|3013|61609|8321|31534|5271|30075|4889|8981|2021|6737|1589|2244|886|30747|4872|18291|2800|12456|3258|94864|8303|65005|6759|29859|4000|129002|12025|104453|9601|24549|3819|102455|9779|68141|7136|34314|4388|35570|6103|22150|4118|13420|2985|165106|12812|75708|7861|89398|7939|46727|5517|34597|4370|12130|2379|100341|7890|70093|6384|30248|4021|38135|5071|30538|4285|7597|2700|33422|5442|27317|4484|6105|1744|40937|5279|31328|4580|9609|2355|665363|19064|261119|10298|404244|14017|38087|4430|22506|3440|15581|2587|150521|10839|67718|5760|82803|7562|0|210|0|210|0|210|28172|5228|11330|2870|16842|3344|1647|886|648|446|999|740|9707|2261|4984|1673|4723|1415|63370|6856|33255|4816|30115|3865|138079|8689|104321|6945|33758|3639|13608|3492|7031|2386|6577|2329|175915|17200|116049|12378|59866|8568|79979|8744|69831|8370|10148|2462|10616|3143|7266|2537|3350|1401|131681|14436|99988|11905|31693|5266|11914|3440|8563|2495|3351|1673|0|210|0|210|0|210|819|580|663|527|156|153|60612|6996|38844|4989|21768|4399
310M700US36740|2666863|713|1726439|18483|679781|14343|406873|14493|272908|14557|7361|1974|6732|1937|629|348|64946|10189|33020|6057|31926|5972|3599|1012|3037|913|562|357|49668|9423|31084|6213|18584|4262|6892|2578|6556|2555|336|261|1535|773|1535|773|0|243|1090|785|1007|758|83|135|4797|1378|3405|1105|1392|643|1314|845|1124|776|190|238|1459|1372|1282|1234|177|291|1902|906|1278|631|624|485|0|243|0|243|0|243|2738|1455|1850|1136|888|589|4280|1499|3708|1391|572|606|5152|2026|3957|1641|1195|923|7460|3232|5490|2488|1970|1517|2134|1742|1817|1486|317|443|3173|1250|2542|1033|631|496|3082|2035|1436|786|1646|1493|3228|1749|2802|1620|426|303|2765|1440|2382|1316|383|356|1651|1239|1357|967|294|422|2341|1217|2100|1145|241|220|11984|2619|6003|1655|5981|1826|3211|1723|1430|687|1781|1317|3383|1579|2114|1143|1269|695|8|15|8|15|0|243|14910|3673|6646|1916|8264|2669|610|570|522|546|88|146|2916|1466|838|643|2078|1230|2100|1654|1510|1281|590|495|10734|2416|8934|2018|1800|794|2429|2181|1621|1379|808|900|14370|4554|10961|4111|3409|1665|1049|573|1049|573|0|243|621|775|431|733|190|299|2378|2211|1402|1442|976|1127|726|558|726|558|0|243|0|243|0|243|0|243|0|243|0|243|0|243|6647|3969|5827|3692|820|668
310M700US37980|5906414|1099|4861909|22185|431698|12214|250385|9423|181313|8963|23608|4236|17551|2981|6057|2450|21646|5594|14761|4255|6885|2269|18867|2848|13235|2155|5632|1566|23247|5995|11776|3107|11471|4141|13840|2291|12281|2113|1559|572|12300|5134|9006|3289|3294|2829|8185|1933|6022|1462|2163|906|40400|6603|17749|3449|22651|5670|11212|2419|6657|1657|4555|1433|1951|965|1048|553|903|627|20183|5890|9817|3484|10366|3877|1945|861|1497|642|448|327|4525|1961|2679|1187|1846|1094|19636|4236|12382|2835|7254|2011|22684|3758|18221|3283|4463|1610|8556|3245|6144|2380|2412|1275|5775|2707|3807|1865|1968|1194|17999|4853|11388|3201|6611|2620|11958|3947|8501|2336|3457|2767|11274|3334|7888|2687|3386|1102|14325|3288|11405|2809|2920|1098|9576|2866|8351|2600|1225|728|12823|3890|8126|2446|4697|1808|82741|6923|37320|4708|45421|4105|5002|1780|3579|1483|1423|652|24203|4056|10216|2014|13987|2646|300|485|134|218|166|270|29890|4186|13221|2183|16669|3067|5846|1923|2393|960|3453|1540|3752|1947|1118|757|2634|1494|13967|4571|6653|2774|7314|2609|18672|3090|14192|2573|4480|1304|3171|1627|1745|1059|1426|966|31973|6818|20971|5121|11002|3191|3249|1408|3025|1343|224|189|6503|2176|2704|1067|3799|1789|32922|7685|22390|6061|10532|3408|5958|2202|5256|2148|702|602|76|121|76|121|0|210|102|136|102|136|0|210|7965|2114|5754|1610|2211|1098
310M700US38060|4790878|488|3571101|23346|901832|21709|611436|19955|290396|13425|16807|5285|13978|4604|2829|1367|182|196|182|196|0|232|6308|2193|5801|2133|507|305|4291|1465|3783|1318|508|362|10094|2143|9064|1948|1030|547|3123|947|3059|941|64|104|2006|1081|1870|1061|136|167|5526|1724|3684|1327|1842|1023|4030|1496|2857|1349|1173|656|4560|1690|2861|1325|1699|1170|3189|1364|2498|1235|691|643|2083|1559|1000|769|1083|1008|7588|2940|4900|1807|2688|1267|2326|1007|1924|809|402|344|13012|3535|11916|3314|1096|910|1758|1012|1579|888|179|213|1717|1414|1100|900|617|618|2164|1126|1902|1068|262|333|6313|3407|5342|2957|971|658|13504|3968|9986|2832|3518|1619|10983|3844|9094|3439|1889|1359|8104|2754|7267|2611|837|445|3608|1926|2883|1534|725|534|26157|4341|14305|2427|11852|2867|7057|2387|4648|2010|2409|1346|11207|3726|7542|3228|3665|1462|506|647|307|364|199|302|21018|5304|9424|3140|11594|2813|2036|984|1383|720|653|563|5365|3538|3534|2681|1831|1137|5321|2390|3012|1678|2309|1340|22435|3796|16435|3000|6000|2124|5813|1646|3248|1076|2565|1357|21277|5909|13475|4542|7802|3129|1992|904|1645|860|347|297|10684|4092|8109|2953|2575|1654|5495|2772|5070|2699|425|368|21653|6934|12589|4993|9064|4423|10149|2401|7692|1997|2457|1259|4174|1837|3913|1792|261|211|2330|1231|1591|1047|739|520
310M700US38300|2307900|816|2164946|8006|38370|4323|26493|2938|11877|2412|5574|2591|4105|1863|1469|901|1133|896|571|415|562|792|6603|1663|5177|1572|1426|532|3447|1966|1834|1062|1613|1961|6216|1188|5584|1115|632|458|1029|673|414|235|615|597|1890|808|1233|587|657|478|4539|2353|3190|1798|1349|742|2677|960|1927|831|750|348|1913|1471|1797|1459|116|131|1936|900|1336|673|600|458|0|190|0|190|0|190|1659|1239|1560|1147|99|163|2339|1504|1106|765|1233|1173|6029|2459|4303|1478|1726|1146|713|558|576|470|137|178|1037|935|797|873|240|227|1353|628|1106|546|247|235|3438|1543|1694|1038|1744|976|1923|1074|1511|686|412|470|4489|1782|3152|1418|1337|803|2997|1914|2997|1914|0|190|805|488|453|336|352|315|13835|2426|8851|1796|4984|1367|1966|974|1349|761|617|405|2145|975|1181|537|964|628|56|101|56|101|0|190|2416|1178|1246|700|1170|718|0|190|0|190|0|190|799|575|408|477|391|296|4430|1910|2243|1237|2187|1026|2078|946|1387|572|691|577|51|61|23|38|28|48|6418|2396|3958|1573|2460|1088|1381|903|1233|792|148|242|256|324|256|324|0|190|2331|971|2054|920|277|380|1613|1033|1225|869|388|317|0|190|0|190|0|190|209|182|209|182|0|190|861|601|836|600|25|41
310M700US38900|2387602|1862|1959739|12687|217245|7855|136156|7056|81089|6875|5819|1509|5682|1490|137|162|95|92|41|4|54|92|1888|966|1230|564|658|626|3040|1139|2458|1045|582|382|8462|2033|7027|1843|1435|594|1869|1190|1869|1190|0|210|685|445|642|400|43|70|18987|4135|11462|2948|7525|2049|1174|648|917|600|257|296|2124|1380|1171|721|953|897|8171|2240|3325|1183|4846|1395|1148|1116|968|1064|180|218|3788|1400|2485|950|1303|791|290|319|290|319|0|210|6008|2096|5631|2038|377|314|1404|855|1335|799|69|113|1138|755|623|468|515|443|2444|1117|2069|945|375|391|3977|1960|3001|1526|976|884|6159|1398|4861|1131|1298|590|2617|1235|2216|1075|401|318|2491|1128|2291|977|200|238|1411|793|1350|795|61|101|31679|4958|16537|2704|15142|3544|8236|2019|5553|1323|2683|1100|8426|1882|4186|1219|4240|1187|3055|1514|2057|1233|998|672|23785|3823|10346|2061|13439|2583|3156|1941|1964|1756|1192|847|5576|2165|3297|1470|2279|1144|4458|1763|2589|993|1869|1060|9508|2399|7575|2091|1933|868|7220|1600|5321|1459|1899|824|7249|2968|4330|1899|2919|1406|1153|699|997|685|156|270|7284|3342|5078|2775|2206|1114|360|448|314|411|46|79|2188|1312|1994|1207|194|210|355|566|355|566|0|210|409|446|409|446|0|210|1332|667|1281|629|51|83
310M700US39300|1596253|821|1231778|11822|186760|6159|109666|6703|77094|5689|9793|1979|7850|1831|1943|907|13949|4872|9238|3613|4711|2461|4321|1203|3347|1065|974|610|83473|7627|53148|5119|30325|4575|1778|806|1597|763|181|179|203|248|203|248|0|210|1526|692|1252|574|274|226|2993|1674|2320|1624|673|585|2504|1048|1708|764|796|538|95|161|47|79|48|84|466|479|103|173|363|444|1803|1211|516|593|1287|1039|391|462|391|462|0|210|998|858|830|790|168|309|2379|1305|1817|1129|562|605|2133|1473|1758|1188|375|371|404|547|404|547|0|210|0|210|0|210|0|210|442|442|377|474|65|109|1082|648|877|610|205|210|1717|1346|1717|1346|0|210|2147|1150|1714|1064|433|412|146|98|146|98|0|210|11382|2604|5912|1499|5470|1763|211|171|88|123|123|118|785|508|242|202|543|465|0|210|0|210|0|210|2396|1245|1520|982|876|587|7425|2442|2875|1144|4550|1944|1932|1121|927|578|1005|797|293|308|176|235|117|203|2423|1311|979|616|1444|1038|501|415|501|415|0|210|3920|1687|2405|1243|1515|854|366|368|366|368|0|210|0|210|0|210|0|210|6064|2395|3942|1813|2122|1034|1250|919|655|565|595|589|0|210|0|210|0|210|446|409|446|409|0|210|3578|2387|1098|770|2480|2209
310M700US39580|1422871|607|1156767|9979|135116|6651|80599|6957|54517|5615|5328|2090|3989|1708|1339|778|1394|1441|1040|1081|354|476|1215|743|1119|741|96|162|4241|1942|3777|1893|464|341|4012|1617|3477|1409|535|446|568|424|498|411|70|115|359|369|278|283|81|133|1876|909|1066|591|810|614|980|524|910|440|70|118|417|344|289|256|128|157|3148|2114|1007|649|2141|2135|79|132|79|132|0|222|2041|1573|1595|1175|446|476|5261|1739|4283|1470|978|593|11190|3081|9175|2501|2015|1161|3773|3030|3557|2989|216|263|758|645|758|645|0|222|3500|1824|2635|1276|865|734|5729|2117|5056|2059|673|314|3340|1264|2923|1192|417|446|10327|3306|7845|2280|2482|1751|5724|2086|4622|1976|1102|644|3466|1579|2839|1298|627|507|12020|2551|6871|1828|5149|1480|994|649|635|567|359|308|6551|1988|2548|1151|4003|1548|254|428|254|428|0|222|5273|2202|2543|1572|2730|1438|0|222|0|222|0|222|783|985|162|262|621|969|2104|1233|1275|824|829|630|2180|912|1654|813|526|533|1248|1097|842|791|406|368|11922|4220|8546|3094|3376|1422|0|222|0|222|0|222|799|515|602|501|197|111|5643|2660|5526|2623|117|137|1309|983|1045|944|264|309|118|179|0|222|118|179|224|255|224|255|0|222|840|623|700|567|140|228
310M700US40060|1276319|5697|1120981|8012|76532|5257|41798|3667|34734|3933|2785|1209|1709|912|1076|824|22|36|22|36|0|216|709|416|593|405|116|169|2280|881|1686|687|594|391|5296|1601|4335|1121|961|801|883|777|727|629|156|248|398|332|373|325|25|41|2639|1574|1885|1505|754|445|239|300|154|168|85|141|724|554|443|427|281|266|677|581|358|263|319|467|0|216|0|216|0|216|2523|1529|793|591|1730|1178|2676|1978|1357|845|1319|1553|3765|1480|3139|1259|626|445|2749|1659|1895|1198|854|720|464|487|286|441|178|217|711|885|672|886|39|72|1535|1704|487|315|1048|1625|1571|1027|1113|712|458|419|3090|1607|2645|1476|445|479|1975|1129|1214|752|761|574|1828|1284|1737|1267|91|114|6944|2383|3593|1388|3351|1516|604|518|296|323|308|386|2012|771|1069|501|943|547|0|216|0|216|0|216|4958|1845|1986|920|2972|1342|1112|922|492|557|620|637|536|561|395|407|141|181|1206|891|947|741|259|251|4352|1414|3739|1335|613|432|795|787|670|731|125|154|8388|2483|5739|2016|2649|1026|138|231|138|231|0|216|2834|1514|1693|809|1141|802|2579|1395|1398|673|1181|1061|2389|1987|2081|1583|308|473|0|216|0|216|0|216|0|216|0|216|0|216|420|269|331|214|89|169
310M700US40140|4411415|630|2427805|29114|1621163|25911|1086871|18954|534292|15036|7044|1684|6225|1612|819|573|304|328|205|283|99|166|3204|1155|2650|1044|554|405|4367|1903|2951|1445|1416|1017|7443|1650|6154|1373|1289|646|2667|978|2375|965|292|169|98|118|98|118|0|221|3471|1541|2053|898|1418|1068|2043|1257|1541|1078|502|488|461|335|461|335|0|221|2714|1893|1813|1307|901|724|5350|2536|2542|1343|2808|1620|9520|3593|5610|2316|3910|1706|5582|2579|2793|1119|2789|1695|11055|3396|8155|2689|2900|1126|6164|2106|4837|1749|1327|708|7687|2365|4443|1617|3244|1121|1998|1652|1101|764|897|1030|2734|1281|2104|1062|630|428|5698|2287|3935|1889|1763|893|2663|1288|2305|1205|358|313|2088|1249|2088|1249|0|221|1019|712|630|422|389|564|70114|7285|30747|4179|39367|4755|6490|1828|4286|1619|2204|816|18450|3566|7902|1856|10548|2242|395|286|360|275|35|77|24938|4014|10968|1931|13970|2838|5163|1911|3718|1501|1445|697|8273|2868|4253|2093|4020|1564|1566|1068|702|456|864|714|72813|6748|48281|4530|24532|4111|13735|2972|9342|2752|4393|1404|32687|7045|20629|5167|12058|3308|1055|990|936|983|119|143|2505|1501|1677|1091|828|683|6055|2902|4811|2459|1244|891|1050|583|775|472|275|251|343|295|176|194|167|194|235|176|160|152|75|100|1206|775|1124|773|82|99
310M700US40380|999156|776|895337|6276|47399|3399|26552|2427|20847|2498|2023|754|1573|593|450|325|333|318|128|138|205|239|4199|1236|2803|1121|1396|504|885|522|640|381|245|256|2728|1477|2319|1320|409|521|2302|1225|1373|1037|929|732|1319|637|687|456|632|371|2899|1137|2074|989|825|392|1284|613|1134|564|150|120|1412|1007|1175|982|237|170|4032|1398|1686|712|2346|1092|0|218|0|218|0|218|893|501|473|335|420|500|628|483|420|320|208|278|1734|872|1552|796|182|234|841|707|793|704|48|68|1022|907|795|808|227|218|447|343|170|199|277|246|1368|660|547|317|821|487|1176|615|1017|544|159|166|371|345|305|307|66|90|330|284|177|207|153|208|485|463|424|388|61|98|5896|1794|2432|791|3464|1318|978|490|839|462|139|138|2745|1046|2014|868|731|416|0|218|0|218|0|218|1854|897|668|463|1186|638|227|202|144|150|83|134|1403|630|759|402|644|458|1996|1305|1335|1126|661|594|1121|663|886|547|235|256|87|117|0|218|87|117|1723|1289|1247|997|476|365|423|297|303|226|120|194|2941|1832|1577|1096|1364|896|1364|1382|1007|948|357|468|724|528|177|203|547|484|0|218|0|218|0|218|0|218|0|218|0|218|227|193|125|179|102|121
310M700US40900|2290872|813|1608711|16770|283489|11465|188639|9220|94850|6557|4591|1330|3946|1129|645|491|211|344|211|344|0|221|2176|774|1580|619|596|604|4080|1725|2224|881|1856|1143|6342|1524|5401|1384|941|401|902|537|862|534|40|67|2544|1599|2240|1563|304|197|35447|6655|16599|3846|18848|4614|1153|710|840|619|313|359|3227|1702|2389|1357|838|853|21700|4927|11189|3800|10511|2583|4287|2925|816|644|3471|2544|27167|6413|12775|3630|14392|4323|1074|743|847|568|227|284|12955|3135|9627|2512|3328|1445|7708|3195|4750|1849|2958|1732|23599|5204|15411|3618|8188|2625|878|561|594|369|284|215|4648|1952|3510|1704|1138|519|14211|4648|8325|2910|5886|2271|6258|2528|4189|1589|2069|1316|1859|905|1614|854|245|207|2441|1278|1761|923|680|564|49905|5059|22085|2945|27820|3837|4185|1246|2739|1032|1446|613|8310|2437|4473|1461|3837|1297|24344|4743|12516|3017|11828|3433|31426|4839|14002|2599|17424|3456|2745|1940|1896|1323|849|833|5154|1933|2082|1045|3072|1257|7950|2385|4402|1616|3548|1264|37500|4411|26689|3445|10811|2059|16018|3748|11005|2702|5013|1904|11415|3334|7884|2492|3531|1340|289|333|119|192|170|152|4304|2147|3519|1980|785|555|1425|989|1085|953|340|535|2006|1315|1765|1143|241|308|0|221|0|221|0|221|436|419|436|419|0|221|1802|1699|1487|1370|315|362
310M700US41180|2646151|2296|2444961|10874|68266|5034|42859|4940|25407|3103|5709|1525|3905|1257|1804|998|806|671|467|454|339|402|2311|733|1755|625|556|341|1937|948|1544|865|393|281|6245|1262|5373|1235|872|455|841|474|735|427|106|174|1027|572|905|530|122|201|2971|1268|1873|901|1098|761|1499|856|985|514|514|507|15144|4265|9120|2960|6024|1838|2173|842|1739|735|434|368|296|350|175|291|121|197|2996|1599|972|623|2024|1296|1903|933|1422|757|481|466|4677|1655|3993|1555|684|472|2402|1212|2202|1098|200|220|792|729|430|389|362|366|1113|904|899|677|214|301|2273|1307|1926|1231|347|334|4046|1878|2701|1076|1345|989|5729|2043|4597|1652|1132|919|1818|1006|1666|977|152|160|1514|730|1245|551|269|269|14879|2765|6917|1740|7962|1970|3204|1552|1777|905|1427|961|3509|1072|1518|587|1991|944|0|210|0|210|0|210|6445|1836|2636|779|3809|1341|465|460|315|421|150|179|2297|1562|982|658|1315|1079|2479|1839|1872|1842|607|420|6197|2055|4452|1804|1745|1013|461|316|233|225|228|222|7145|3267|5150|2332|1995|1337|950|706|846|675|104|172|1648|1360|1226|1285|422|422|5365|2568|5007|2553|358|384|6475|2746|4778|2225|1697|1305|176|287|171|283|5|9|0|210|0|210|0|210|1007|667|763|529|244|270
310M700US41620|1189417|310|939171|9562|163656|7203|94346|6872|69310|6566|4925|2242|4401|2000|524|445|117|197|117|197|0|206|1331|874|1016|691|315|504|5300|1745|3684|1184|1616|1056|3644|991|3336|1044|308|316|1000|466|866|476|134|164|851|519|605|369|246|234|2768|1069|2093|931|675|390|354|331|275|230|79|134|1952|1454|1044|1076|908|551|301|273|237|208|64|107|294|223|244|208|50|86|3094|1611|2218|1132|876|672|0|206|0|206|0|206|3104|1638|3001|1635|103|114|366|295|54|91|312|268|871|710|577|478|294|282|90|143|90|143|0|206|2888|2726|2021|2045|867|739|1210|586|1173|560|37|61|115|139|60|102|55|95|1603|860|1253|744|350|359|911|754|629|603|282|377|11155|2229|6160|1520|4995|1431|2063|907|1716|817|347|245|1750|847|1250|703|500|313|64|108|64|108|0|206|4495|1512|1876|773|2619|1054|713|452|443|316|270|276|1637|897|912|735|725|488|2275|1681|1362|1083|913|932|3916|2081|2612|1809|1304|709|9386|2163|7670|1942|1716|752|4926|2775|3548|1875|1378|1007|143|231|143|231|0|206|580|673|452|534|128|154|588|502|588|502|0|206|5154|2350|3497|1805|1657|988|289|232|163|167|126|101|210|273|210|273|0|206|157|151|157|151|0|206
310M700US41700|2540940|1866|1685650|21149|757068|20361|525969|16477|231099|12634|3710|1235|3432|1168|278|345|1004|901|902|875|102|175|1000|596|1000|596|0|236|4754|2278|3527|1751|1227|937|6904|1545|5964|1371|940|608|1538|1269|1538|1269|0|236|66|110|66|110|0|236|831|609|640|526|191|204|1431|905|1325|887|106|133|424|344|394|317|30|54|1184|708|667|496|517|379|102|165|102|165|0|236|3978|2079|1716|1124|2262|1729|1595|1115|1046|775|549|470|2758|2270|2473|2178|285|418|3119|1941|2051|1547|1068|931|0|236|0|236|0|236|1838|2048|1171|1410|667|692|1103|1017|494|423|609|907|3321|2520|355|335|2966|2497|3015|2368|2794|2349|221|353|2818|1706|2217|1337|601|478|677|819|630|810|47|81|6274|2345|2254|1010|4020|1802|1342|736|998|583|344|293|4018|1443|2082|827|1936|1064|0|236|0|236|0|236|8281|2765|3098|1079|5183|2383|267|344|267|344|0|236|1764|984|881|800|883|614|1150|815|801|727|349|407|9787|3000|8075|2693|1712|901|3206|1309|2192|911|1014|599|7042|4290|5060|3404|1982|1715|173|181|173|181|0|236|1570|1637|875|968|695|898|3955|1701|3419|1495|536|471|1393|1179|825|716|568|916|48|87|48|87|0|236|40|7|40|7|0|236|742|613|211|219|531|564
310M700US41740|3090942|-555555555|1897550|19278|774033|13808|505000|12751|269033|11089|12778|2746|11545|2597|1233|644|1057|1134|274|297|783|1094|5833|2392|4266|1662|1567|1149|11978|3766|8954|3241|3024|1431|10161|2254|8785|2071|1376|683|2414|842|2389|844|25|40|955|435|903|428|52|89|15089|3695|10031|2533|5058|1867|2364|1294|2038|1264|326|266|1834|1033|1259|696|575|509|4680|2398|2846|1546|1834|1202|905|716|751|715|154|181|19051|3760|10803|2385|8248|2740|1890|752|1684|681|206|173|9530|2405|8310|2076|1220|725|2098|1241|1603|961|495|477|637|617|637|617|0|221|3450|1413|2623|1184|827|667|3552|2245|3228|2296|324|269|7171|3366|3946|1869|3225|1746|3232|1215|3002|1180|230|200|3046|1541|2791|1506|255|318|1534|695|1376|650|158|207|52359|5365|28657|3186|23702|3467|11446|2935|6309|1667|5137|1679|16588|3630|7531|1983|9057|2449|1313|1430|826|772|487|713|50176|6632|20751|3684|29425|4210|4597|2629|2148|1360|2449|1509|6776|2071|3091|1179|3685|1339|5098|1728|3103|1029|1995|1211|83034|7151|53149|5148|29885|3979|10105|2647|7738|2290|2367|1223|31549|5557|18454|3378|13095|3490|3225|1729|2865|1742|360|529|12209|3468|6175|1734|6034|2468|1446|953|1078|709|368|379|1533|677|945|583|588|459|239|204|172|168|67|112|156|126|156|126|0|221|2271|1303|1265|900|1006|760
310M700US41860|4344946|781|2461503|24696|718223|17247|402990|11420|315233|13146|30458|4006|24706|3414|5752|1823|1427|991|1265|879|162|219|10912|2702|9398|2507|1514|711|22619|4083|15299|3163|7320|2072|16875|3104|14322|2730|2553|765|3213|1234|2998|1103|215|216|5710|2042|4913|1927|797|500|30996|4504|19017|3803|11979|2038|5527|1945|4451|1854|1076|682|4403|2966|2861|1716|1542|1360|7557|2528|5532|1940|2025|922|3045|1329|2705|1087|340|504|37740|6053|24515|4199|13225|3294|12727|2949|10754|2630|1973|1058|68086|6142|57236|6212|10850|2859|16220|4036|11473|2879|4747|2133|30428|5445|19718|4659|10710|2745|7282|2203|6219|1860|1063|780|17907|4237|11890|2814|6017|2297|12040|2926|9214|2303|2826|1434|28072|5209|22967|4204|5105|1991|24090|4480|22572|4386|1518|657|11710|2368|9643|1936|2067|951|391783|12463|181828|8839|209955|8488|20809|3034|12611|2235|8198|2075|33706|4147|19624|2764|14082|2587|1031|997|346|266|685|1046|44670|5310|20302|3291|24368|3295|5729|2828|3055|1731|2674|1353|11507|4473|5019|1764|6488|3343|26228|4926|14575|3159|11653|2727|143874|8496|93632|6546|50242|5433|23499|4850|16897|3648|6602|2110|21089|4464|13988|3073|7101|2374|7216|2186|6650|2066|566|456|8129|2384|4592|1622|3537|1298|8351|2949|7029|2818|1322|807|2226|954|2008|830|218|275|0|221|0|221|0|221|637|562|550|456|87|145|5692|2851|2373|1240|3319|1941
310M700US41940|1847747|511|825260|14174|325249|10162|186161|9154|139088|8886|9134|1908|7417|1739|1717|695|389|329|389|329|0|221|4845|1723|3433|1471|1412|744|9747|3079|6702|2428|3045|1291|6183|1660|5377|1544|806|466|1311|741|1261|738|50|85|1766|1222|1678|1206|88|150|15000|2915|10549|2390|4451|1273|1371|775|1230|760|141|165|3588|1738|2665|1418|923|911|2657|1172|2150|1037|507|464|469|374|469|374|0|221|22649|5801|15752|3562|6897|3568|9822|2749|8200|2636|1622|632|47908|5280|42608|4695|5300|1621|5794|1911|4674|1661|1120|546|12330|3615|7403|2286|4927|2032|5866|2380|4530|1856|1336|850|16799|3573|14465|3081|2334|1131|3626|1176|2997|1120|629|485|17874|3701|15862|3263|2012|1059|20657|3975|19250|3751|1407|677|20852|5683|17857|4902|2995|1590|192679|9985|108326|7353|84353|5925|13206|3113|8072|2297|5134|1432|30388|4261|16128|3279|14260|2646|584|527|541|479|43|71|117357|8805|49646|5413|67711|5409|4893|2120|1983|981|2910|1360|1496|676|796|458|700|361|6194|1624|4093|1248|2101|804|51603|6170|36285|5165|15318|2499|11063|2739|7423|1878|3640|1419|7581|1994|6212|1885|1369|690|10232|3094|8937|2850|1295|659|4416|1458|2753|1230|1663|881|1269|854|1269|854|0|221|657|621|657|621|0|221|0|221|0|221|0|221|1431|918|1254|769|177|290|1552|969|1397|940|155|191
310M700US42660|3825849|768|2819138|23628|275324|8677|169436|6014|105888|7637|15099|2834|12411|2396|2688|1012|391|345|175|199|216|284|3306|1091|2724|970|582|346|10622|2853|8606|2215|2016|918|11511|2025|10457|1892|1054|468|2231|885|2015|769|216|209|1966|860|1624|703|342|283|41637|6898|22549|4590|19088|4063|3877|1412|2729|1054|1148|643|4356|2317|2816|1337|1540|1336|28211|7016|13725|3642|14486|4578|1040|798|495|354|545|667|14643|3313|10742|2898|3901|1113|5718|2152|4452|1737|1266|847|42170|5923|37853|5678|4317|1309|6697|2629|5699|2166|998|640|13458|4229|8076|2943|5382|1927|4678|1707|3751|1341|927|793|11862|3145|9541|2680|2321|1095|16355|3298|13511|3014|2844|1065|19926|4334|16608|3679|3318|1350|12122|2974|9613|2417|2509|1331|9006|2317|8185|2176|821|553|127232|8526|69874|5760|57358|5243|18179|3039|11854|2202|6325|1577|43775|5689|21310|3322|22465|3563|1726|994|940|591|786|650|62217|6945|28424|4194|33793|4368|12710|3562|6404|2488|6306|2079|10661|3136|4261|1284|6400|2360|9900|2795|6138|1728|3762|1869|47024|5719|32606|4759|14418|2345|27333|4392|19073|3448|8260|1832|20458|5655|14922|4168|5536|2079|4777|2138|4523|2089|254|250|40558|6784|24254|4960|16304|3045|4246|1631|3399|1370|847|646|14209|3432|11066|3102|3143|1173|138|148|96|123|42|74|2548|1797|2197|1759|351|452|2814|824|2354|702|460|326
310M700US44700|750132|332|412408|10570|209017|8534|125211|7614|83806|5738|755|553|711|498|44|79|318|466|318|466|0|221|212|190|163|173|49|79|3603|1845|2185|1359|1418|883|1830|1980|1344|1298|486|733|463|345|397|280|66|111|590|437|590|437|0|221|636|730|501|694|135|158|0|221|0|221|0|221|0|221|0|221|0|221|0|221|0|221|0|221|211|351|111|185|100|167|4941|2725|3775|2245|1166|856|1345|1306|1235|1153|110|180|4963|2076|3888|1815|1075|771|4583|1795|3019|1314|1564|839|20251|4101|11860|2657|8391|2321|0|221|0|221|0|221|511|558|395|419|116|145|1993|1022|826|622|1167|675|2975|1383|2394|1134|581|519|2865|1604|2566|1398|299|346|4300|2530|3856|2301|444|439|6353|1622|2319|726|4034|1179|288|257|236|205|52|91|755|535|324|291|431|272|5813|1793|3363|1350|2450|1145|7999|2398|3671|1655|4328|1610|8794|3262|4416|1964|4378|1646|2117|884|1128|691|989|525|1417|969|396|378|1021|796|27539|4580|16333|3314|11206|2728|5597|2731|3215|1649|2382|1428|1497|1209|908|780|589|480|0|221|0|221|0|221|950|636|587|582|363|388|1566|1101|1265|933|301|280|303|303|246|283|57|102|33|3|33|3|0|221|26|45|26|45|0|221|315|274|41|69|274|301
310M700US45060|619251|230|557827|5840|19275|1918|12950|1754|6325|1294|1683|657|1464|650|219|119|903|710|623|522|280|269|1270|487|849|373|421|324|730|862|730|862|0|218|1840|688|1625|648|215|218|1954|996|1738|913|216|178|806|463|417|322|389|344|2124|2201|1528|1408|596|813|269|195|269|195|0|218|1362|809|862|602|500|406|1235|784|83|129|1152|738|88|155|88|155|0|218|662|531|662|531|0|218|60|113|60|113|0|218|1870|745|1699|700|171|143|519|499|474|460|45|95|124|128|60|98|64|85|675|597|263|224|412|444|1917|1159|881|599|1036|936|417|341|417|341|0|218|207|268|172|219|35|61|125|207|125|207|0|218|471|356|278|249|193|210|3089|839|1164|623|1925|641|252|308|161|237|91|100|1151|542|792|436|359|248|0|218|0|218|0|218|1028|669|381|320|647|403|376|368|135|216|241|207|94|110|0|218|94|110|3021|1162|1473|758|1548|638|1509|1062|1050|902|459|264|155|103|28|43|127|96|3744|1930|1975|1018|1769|1121|0|218|0|218|0|218|3450|1854|2766|1603|684|480|402|372|299|336|103|131|2099|1570|1637|1175|462|528|0|218|0|218|0|218|136|153|127|152|9|16|332|283|278|245|54|68
310M700US45300|3180663|452|2423833|18083|504713|13538|288988|11911|215725|10745|11958|2212|10072|2247|1886|708|16228|4109|9618|2814|6610|2592|7063|1565|5512|1295|1551|699|15785|3413|11973|2634|3812|1517|9249|2257|8299|2114|950|470|1453|1130|1453|1130|0|243|9679|2561|6512|1893|3167|1283|12985|3551|7429|2094|5556|2528|9263|3275|6268|2360|2995|1369|7592|2472|4405|1629|3187|1630|6506|1585|3696|1027|2810|994|215|179|87|144|128|212|1901|1125|1500|1069|401|315|8980|2252|6018|1664|2962|1034|8951|3283|6861|2416|2090|1178|4096|1902|3196|1403|900|715|67|112|67|112|0|243|2462|1583|1566|1126|896|593|2203|1063|1843|982|360|316|6763|2074|3921|1194|2842|1358|5406|2072|4760|1946|646|429|3961|2153|3185|2006|776|604|3506|1227|2540|895|966|481|11464|3108|5936|1870|5528|1774|2575|1767|1836|1401|739|516|3091|1524|968|636|2123|1116|0|243|0|243|0|243|22555|3568|10632|2363|11923|2248|864|698|465|422|399|327|2571|1103|959|537|1612|785|3523|1532|2001|1028|1522|1127|9931|2916|7612|2578|2319|841|1252|665|883|510|369|315|28546|7290|20132|5534|8414|3053|586|377|566|377|20|3|907|737|555|484|352|328|1940|1732|1549|1325|391|443|1532|1731|1340|1445|192|309|0|243|0|243|0|243|68|106|68|106|0|243|4440|1856|3575|1741|865|629
310M700US45940|360638|8|228772|6399|68740|3669|26878|4765|41862|5064|4790|2408|2567|1363|2223|1536|1950|1346|1476|1153|474|423|2052|987|1085|700|967|633|874|548|546|453|328|320|1461|746|1176|577|285|365|177|139|151|113|26|44|759|721|463|550|296|475|847|489|690|416|157|193|3091|1343|1547|753|1544|985|233|185|226|185|7|2|1633|806|1342|760|291|232|64|84|64|84|0|225|418|446|382|415|36|61|4827|1722|2939|1075|1888|1014|5362|1686|5109|1689|253|293|1512|722|1442|662|70|106|1081|831|395|299|686|772|1248|627|1075|553|173|241|1720|907|1520|799|200|227|872|705|656|643|216|318|3647|1320|3091|1131|556|463|2634|1321|2413|1211|221|261|2436|1418|2105|1293|331|357|8090|1664|5391|1334|2699|870|949|725|422|367|527|533|662|330|429|237|233|219|0|225|0|225|0|225|459|382|368|271|91|161|308|520|237|400|71|120|19|38|19|38|0|225|960|744|562|397|398|480|1814|1018|1747|999|67|112|55|88|51|88|4|8|1980|1526|934|573|1046|1044|600|746|319|392|281|372|332|573|332|573|0|225|1664|1093|1279|966|385|381|227|249|213|246|14|28|0|225|0|225|0|225|0|225|0|225|0|225|1319|836|864|487|455|600
310M700US46060|1013018|220|742029|11033|218965|9418|157006|7243|61959|6053|2969|1601|2738|1558|231|285|0|232|0|232|0|232|1228|626|1137|602|91|148|936|667|795|607|141|181|4145|1169|3393|1050|752|524|496|380|496|380|0|232|432|266|382|248|50|86|1162|603|796|531|366|342|1431|1001|950|646|481|414|1199|1093|50|84|1149|1090|1433|1808|961|1269|472|561|191|243|191|243|0|232|1213|972|935|620|278|424|115|143|88|109|27|45|1390|829|1298|759|92|113|196|321|196|321|0|232|463|435|249|272|214|328|0|232|0|232|0|232|1034|690|695|509|339|417|636|386|455|305|181|222|499|474|499|474|0|232|801|652|801|652|0|232|307|453|103|180|204|282|5013|1589|2698|1144|2315|881|2496|1188|1525|902|971|536|1840|1023|1064|830|776|478|0|232|0|232|0|232|2397|1250|1145|758|1252|888|438|398|2|1|436|398|596|507|368|414|228|226|600|755|345|438|255|342|3326|1091|2869|957|457|408|674|451|480|329|194|213|3948|2189|2694|1673|1254|801|705|635|705|635|0|232|1007|1271|785|968|222|329|214|361|214|361|0|232|1591|1366|1263|1228|328|295|1749|844|1552|834|197|254|2546|959|2219|823|327|421|608|418|498|333|110|187
310M700US46140|981266|1194|856937|4123|83639|3210|47670|2890|35969|2410|1421|439|1311|459|110|123|547|450|377|359|170|277|419|323|271|230|148|139|612|403|464|303|148|185|1812|647|1590|567|222|183|440|600|440|600|0|165|0|165|0|165|0|165|2034|859|1667|805|367|301|143|137|143|137|0|165|0|165|0|165|0|165|313|249|174|166|139|133|0|165|0|165|0|165|415|323|314|282|101|113|75|84|75|84|0|165|309|269|220|220|89|152|1022|557|716|442|306|355|51|91|51|91|0|165|729|492|421|248|308|346|351|354|163|160|188|225|980|560|426|324|554|519|378|463|303|365|75|119|108|119|0|165|108|119|591|372|204|172|387|296|2342|798|1079|496|1263|584|569|304|489|332|80|118|614|351|264|177|350|228|5791|1457|4448|1324|1343|652|3060|1100|1004|449|2056|805|0|165|0|165|0|165|516|352|348|269|168|134|5777|1683|2974|934|2803|1080|1643|744|1294|658|349|266|998|402|521|245|477|273|2596|928|1831|711|765|475|123|145|62|104|61|101|0|165|0|165|0|165|1190|657|870|461|320|314|375|242|375|242|0|165|155|144|155|144|0|165|1899|632|1701|606|198|142|292|224|214|163|78|97
310M700US47260|1678720|4417|1517385|8538|70946|4426|55060|3816|15886|3079|7091|2054|5440|1700|1651|722|1264|927|1264|927|0|210|1884|1420|1480|1015|404|495|2109|978|1813|867|296|188|4277|1039|3647|935|630|420|972|605|927|603|45|74|2065|1026|2038|1029|27|45|3011|1313|2142|946|869|545|908|661|768|584|140|182|696|609|515|491|181|222|990|765|856|624|134|229|0|210|0|210|0|210|951|673|789|570|162|139|1900|1152|1359|840|541|388|743|564|698|550|45|59|749|623|457|400|292|308|123|128|34|45|89|99|498|384|283|238|215|256|377|282|242|209|135|155|1209|614|1154|589|55|90|1142|974|1070|942|72|121|736|694|736|694|0|210|976|1121|643|625|333|529|8457|2182|4290|1286|4167|1440|2076|891|1319|588|757|515|4336|1511|2845|1137|1491|594|161|220|102|157|59|78|5272|2130|2494|1066|2778|1358|369|424|184|273|185|229|1256|676|737|538|519|304|659|418|343|278|316|279|21518|3013|14819|2581|6699|1433|1117|542|910|489|207|240|4649|2239|3100|1544|1549|1179|65|84|65|84|0|210|1964|1139|1484|872|480|412|1915|942|1915|942|0|210|1085|723|1085|723|0|210|21|38|21|38|0|210|53|87|53|87|0|210|745|683|636|661|109|184
310M700US47900|5938569|2691|4055889|21302|866582|12756|476922|12814|389660|12963|74050|7724|58429|6650|15621|3512|12953|4235|10218|2905|2735|1990|9993|2378|8806|2205|1187|528|19353|4506|13633|3240|5720|2449|18663|2807|16679|2527|1984|817|4206|1285|3706|1127|500|468|6909|1917|5958|1563|951|683|25372|4366|17747|2970|7625|1971|3097|979|2684|855|413|287|3372|1692|2639|1325|733|492|11825|3759|8149|2618|3676|2074|2584|1326|2235|1166|349|295|52689|7640|33012|4844|19677|4141|11383|3078|8350|2156|3033|1432|44492|5119|38420|4757|6072|1437|45828|6987|32311|5022|13517|3453|12087|3721|8636|2782|3451|1579|24116|5248|15966|3549|8150|2455|23042|4229|16931|3451|6111|1808|20976|3705|16410|2991|4566|1167|24626|4521|22156|4315|2470|917|11288|2496|9686|2242|1602|731|9238|2566|7749|2243|1489|745|86826|6028|52206|4046|34620|3893|13896|3146|10070|2891|3826|979|62285|6190|29659|3737|32626|4267|180|175|180|175|0|210|46988|6967|19994|4287|26994|4029|5706|2175|2849|1435|2857|1213|11040|2432|7349|2005|3691|1253|23488|4599|14668|2801|8820|3554|42490|4471|29836|3768|12654|2374|9955|2692|6540|2099|3415|1159|60813|7481|43810|6454|17003|2883|4517|1157|4155|1031|362|325|85427|8669|56119|6918|29308|4681|60362|8234|49337|7102|11025|2648|15496|4538|13234|3957|2262|1363|50|4|0|210|50|4|261|218|135|159|126|148|14176|3250|9350|2010|4826|2141
310M700US49340|822672|124|630019|8591|79960|3984|47283|3375|32677|3604|4386|1260|3631|1123|755|435|2117|1408|996|858|1121|708|1209|451|850|354|359|248|31220|7076|13123|3245|18097|4975|942|624|895|608|47|78|233|267|233|267|0|225|2082|993|1264|660|818|517|1874|1296|926|668|948|775|2722|1637|1654|1264|1068|586|380|320|275|284|105|142|609|587|454|461|155|190|898|1155|745|1130|153|188|3509|2318|2115|1250|1394|1172|1794|1389|845|851|949|696|6226|1917|4845|1618|1381|1060|1674|1298|1552|1265|122|211|159|163|159|163|0|225|1371|1018|1122|891|249|258|1403|709|904|497|499|379|5175|1874|3936|1609|1239|519|2327|1027|1828|823|499|387|1278|702|1185|645|93|119|519|408|492|402|27|44|6158|1794|2928|1027|3230|1089|544|413|430|329|114|133|1712|1310|958|787|754|629|0|225|0|225|0|225|6954|2305|2422|1014|4532|1793|268|279|200|239|68|110|931|828|184|182|747|817|92|97|92|97|0|225|540|395|294|254|246|311|62|105|62|105|0|225|6463|2479|3303|1350|3160|1650|339|419|261|299|78|130|578|481|487|372|91|149|9795|2953|7754|2511|2041|1127|3739|1588|2258|1123|1481|800|0|225|0|225|0|225|0|225|0|225|0|225|411|348|311|291|100|161
312M700US124204805000|930185|4163|636652|11899|193790|11447|121336|8995|72454|9338|5203|1890|4634|1837|569|504|0|236|0|236|0|236|461|428|426|428|35|64|4298|2224|3750|1960|548|575|2593|1142|2307|850|286|444|623|496|623|496|0|236|435|343|435|343|0|236|1938|1165|1308|985|630|525|682|581|640|532|42|69|254|323|254|323|0|236|1072|763|861|723|211|250|0|236|0|236|0|236|2137|1081|1552|918|585|422|1573|806|1433|715|140|226|8090|2205|7762|2167|328|314|5916|2429|4837|2144|1079|777|56|87|56|87|0|236|1274|839|1274|839|0|236|4483|1880|3823|1806|660|720|2619|1707|1506|743|1113|1425|5084|2176|4949|2153|135|166|4813|1530|4415|1520|398|450|2976|2187|1702|1096|1274|1956|15306|2731|10279|2137|5027|1805|4280|2113|3691|1956|589|426|4552|1663|4014|1621|538|421|384|627|384|627|0|236|4959|1685|2592|873|2367|1168|168|264|168|264|0|236|713|511|372|375|341|392|1107|715|800|545|307|292|1402|799|927|565|475|521|454|409|454|409|0|236|4194|2049|3436|1652|758|658|1008|826|1008|826|0|236|2923|1812|2123|1331|800|698|346|299|346|299|0|236|443|584|443|584|0|236|0|236|0|236|0|236|576|502|428|397|148|181|348|341|348|341|0|236
312M700US144602507000|622877|4867|409550|8322|96713|5770|52082|4487|44631|3616|4239|1270|3075|911|1164|761|16454|4226|9399|3102|7055|2201|2070|876|1717|769|353|340|10977|2625|6314|1843|4663|1639|2942|1363|2453|1174|489|492|893|782|893|782|0|225|2142|1549|1835|1458|307|509|4161|1440|2205|960|1956|1042|326|280|326|280|0|225|185|200|185|200|0|225|1728|1242|1288|1018|440|392|289|242|289|242|0|225|1291|595|1095|551|196|204|185|139|140|117|45|76|3460|1259|3000|1257|460|324|644|499|504|409|140|179|737|580|567|387|170|293|680|543|382|286|298|332|450|510|55|78|395|513|2561|1227|1739|875|822|858|700|412|700|412|0|225|672|378|672|378|0|225|654|611|654|611|0|225|24271|3250|12202|1982|12069|2205|1346|732|875|606|471|462|3292|1273|2527|981|765|564|0|225|0|225|0|225|10201|3349|2586|1237|7615|2592|240|166|240|166|0|225|790|781|160|197|630|727|2414|1412|1931|1253|483|609|1343|1231|903|1176|440|418|1884|1682|556|532|1328|1337|3178|1398|2620|1297|558|345|163|197|163|197|0|225|4100|2462|2887|1794|1213|986|3066|1391|2216|1183|850|755|710|554|522|535|188|139|0|225|0|225|0|225|0|225|0|225|0|225|1176|854|861|666|315|355
312M700US167403712000|856204|3038|647026|11109|128149|7269|57344|5541|70805|5830|5373|1874|3823|1581|1550|1064|731|598|502|431|229|308|1651|1217|1124|982|527|472|3436|1469|2177|1049|1259|1051|2073|960|2031|950|42|70|790|517|695|475|95|114|869|612|791|540|78|128|1951|1138|822|485|1129|905|523|526|392|489|131|163|377|589|186|288|191|302|1635|1057|901|523|734|674|229|389|229|389|0|222|906|824|593|534|313|324|2028|1027|1223|800|805|544|3666|1193|3133|1146|533|336|999|685|817|690|182|211|0|222|0|222|0|222|826|707|750|738|76|131|1829|1061|864|628|965|718|1959|1962|749|472|1210|1676|7434|2294|4748|1647|2686|1222|2077|1486|1053|679|1024|1192|857|542|857|542|0|222|4919|1715|3078|1333|1841|832|951|859|663|810|288|285|834|869|737|731|97|163|900|671|720|539|180|222|7183|2061|1550|842|5633|1973|2242|1575|1089|987|1153|844|1193|927|343|374|850|720|2934|1468|1704|1073|1230|725|2739|1189|2139|1068|600|452|200|185|109|125|91|125|3280|1701|2269|1376|1011|681|330|304|330|304|0|222|7885|6964|4707|5072|3178|2410|1174|725|719|492|455|519|792|704|532|641|260|250|0|222|0|222|0|222|618|638|618|638|0|222|636|695|524|579|112|203
312M700US169801714000|2525684|5730|1650072|20147|573602|19437|339058|13761|234544|13053|10179|3108|8086|2666|2093|1015|4084|1964|1404|955|2680|1901|3993|1299|3178|1101|815|400|2805|946|2397|902|408|367|6816|1780|6430|1718|386|267|864|795|864|795|0|206|4496|1435|3673|1367|823|396|11641|3731|6436|1887|5205|2949|33045|4879|16132|3256|16913|3099|5655|2542|3928|1714|1727|1044|12657|2762|7008|1995|5649|2095|646|584|439|476|207|277|2520|1219|1826|1038|694|441|7747|3043|5861|2590|1886|960|9761|3037|8251|2892|1510|1081|9398|4254|5519|2768|3879|2049|1063|1164|1063|1164|0|206|1779|1338|1526|1313|253|235|5551|4560|1521|1105|4030|3750|10075|3808|7362|3389|2713|1597|2673|1471|2608|1479|65|110|1891|1545|1782|1540|109|131|2883|1645|1743|833|1140|1161|52225|6883|19907|2896|32318|5551|2749|1096|1919|974|830|434|7562|2176|5464|1803|2098|904|73|122|73|122|0|206|5151|2073|3333|1421|1818|928|106|180|106|180|0|206|3046|1413|1798|972|1248|685|7788|2492|3759|1431|4029|1712|25512|4108|18572|3517|6940|2045|3959|2234|3105|1791|854|757|15351|5740|11930|4948|3421|1611|2697|1266|2697|1266|0|206|6041|2639|3861|2038|2180|1246|15490|4846|11506|4412|3984|1756|1095|700|1063|704|32|41|0|206|0|206|0|206|0|206|0|206|0|206|943|547|577|413|366|290
312M700US181403918000|852291|4064|684649|12747|52243|5794|27086|3890|25157|4093|8516|3671|5239|2145|3277|2078|3019|2089|1692|1234|1327|1054|603|393|433|413|170|253|2988|1623|1234|767|1754|1515|1071|637|735|421|336|304|130|159|130|159|0|208|345|243|345|243|0|208|2449|1364|732|379|1717|1339|156|257|112|184|44|75|79|97|79|97|0|208|644|568|190|168|454|525|0|208|0|208|0|208|2939|2769|2529|2708|410|402|1668|1100|1114|937|554|371|3142|1911|2713|1808|429|461|1278|1035|854|739|424|420|0|208|0|208|0|208|2789|1745|2167|1572|622|549|11237|3628|3975|1336|7262|3146|1286|848|502|389|784|799|2886|1862|2590|1768|296|491|1392|1143|1128|888|264|425|446|546|134|128|312|526|6526|1880|4230|1384|2296|1020|1491|924|628|382|863|777|2545|1050|1564|742|981|585|0|208|0|208|0|208|968|555|101|144|867|530|960|923|255|266|705|697|1236|742|645|434|591|497|1106|795|508|477|598|630|1631|958|1335|815|296|331|376|231|376|231|0|208|11305|3460|6132|2199|5173|2338|368|335|368|335|0|208|23051|5403|13097|3714|9954|3263|12113|4814|7893|3549|4220|1896|2209|1546|1409|1199|800|955|0|208|0|208|0|208|0|208|0|208|0|208|451|524|392|515|59|100
312M700US191004819000|1211891|5127|726695|17358|415874|17964|207620|11148|208254|13348|5602|2400|5152|2355|450|373|338|302|338|302|0|236|642|402|598|428|44|74|1517|1079|1034|838|483|462|1537|649|1459|632|78|93|0|236|0|236|0|236|199|197|199|197|0|236|936|626|766|603|170|153|250|256|198|240|52|86|516|499|516|499|0|236|212|253|76|131|136|216|0|236|0|236|0|236|3619|1623|2146|941|1473|956|1774|1095|1607|1068|167|171|4769|2464|4577|2437|192|252|1305|837|979|740|326|323|245|397|245|397|0|236|1209|939|984|755|225|295|795|615|581|442|214|219|1658|928|1460|888|198|239|2246|1245|1863|1124|383|600|435|395|142|126|293|356|586|562|586|562|0|236|6459|1580|3515|1182|2944|1105|907|550|754|522|153|165|1475|679|802|462|673|402|0|236|0|236|0|236|4698|1642|3065|1228|1633|869|307|352|62|114|245|331|363|260|179|153|184|221|300|270|251|254|49|79|2165|985|2096|951|69|114|3685|5441|3637|5441|48|78|1734|834|1293|617|441|386|947|608|947|608|0|236|7019|2497|2765|1503|4254|1778|4421|2018|3563|1740|858|949|3542|2133|2110|1333|1432|1609|0|236|0|236|0|236|119|201|119|201|0|236|791|635|791|635|0|236
312M700US264204835000|2158265|7374|1154444|25655|794469|22312|387319|15180|407150|16758|14360|3937|12403|3832|1957|1082|3725|2056|3567|2056|158|261|1067|529|884|410|183|220|5036|2242|4562|2177|474|346|2772|1006|2504|940|268|338|1011|501|877|445|134|226|749|362|594|308|155|255|3749|1469|2016|895|1733|1227|840|635|523|386|317|360|1036|849|937|825|99|120|1894|807|1442|598|452|385|211|206|174|177|37|61|8106|2702|3915|1778|4191|2056|2385|1099|1556|717|829|657|8346|2632|6612|2149|1734|920|5037|2047|2726|1138|2311|1492|165|157|165|157|0|236|1340|885|848|557|492|442|2092|1036|1573|788|519|613|5298|2364|2800|1140|2498|1755|2448|1039|1999|1005|449|531|2149|1319|1972|1258|177|232|5051|1916|3894|1630|1157|833|32389|5001|16891|2767|15498|3604|2073|1014|1029|704|1044|528|3846|1749|1856|1133|1990|961|0|236|0|236|0|236|29158|5030|12396|2687|16762|3088|310|333|85|158|225|301|1586|1044|745|481|841|928|4604|2413|2272|1579|2332|1629|9921|2695|8896|2513|1025|616|2303|1079|2036|1094|267|432|13269|3126|8706|2445|4563|1641|1090|968|855|909|235|284|7533|3135|3960|1909|3573|1814|16171|3628|14207|3568|1964|824|2683|2709|2383|2573|300|395|0|236|0|236|0|236|56|95|56|95|0|236|3493|2758|2521|2427|972|1144
312M700US310800644000|3635143|6828|1590094|22528|1418399|22399|743763|18308|674636|17107|21845|3059|18638|2894|3207|973|3427|1810|2382|1177|1045|1074|7687|1790|6549|1598|1138|660|9087|2239|6945|1803|2142|836|9362|1746|8660|1711|702|349|3457|1829|3231|1810|226|182|3627|1647|2506|1308|1121|763|32937|4066|16893|2966|16044|2579|2446|937|2016|787|430|292|3263|1514|2307|1177|956|660|4818|1524|3433|1052|1385|943|81375|9344|49138|6397|32237|4797|51486|6191|30930|4476|20556|3704|3103|1426|2658|1304|445|367|15775|3731|13970|3500|1805|1068|3537|1566|1796|682|1741|1438|6990|2337|5422|1974|1568|873|9697|3334|4307|1606|5390|2352|3495|1559|2401|1242|1094|582|6478|2072|4421|1339|2057|1463|3229|1848|2296|1685|933|732|1955|973|1733|864|222|306|2319|1160|1843|941|476|419|64437|6128|39553|4252|24884|3671|15790|3302|9072|2480|6718|1421|78887|7049|29152|4133|49735|5232|297|280|297|280|0|221|19253|4021|8795|2074|10458|2944|2410|1432|1193|764|1217|722|9676|2494|3449|1003|6227|1942|4612|1528|3017|1243|1595|865|86940|7393|59050|5772|27890|3981|5811|1676|3607|1097|2204|941|16906|3036|11278|2487|5628|1607|12971|3579|9398|2732|3573|1700|5031|1697|2882|1491|2149|795|4492|1797|3528|1523|964|714|1375|860|935|640|440|556|0|221|0|221|0|221|287|352|287|352|0|221|6080|2257|2595|1042|3485|2016
312M700US356203651000|7812471|789|4065039|42468|1762011|21291|915409|20095|846602|19932|88631|9571|67874|7437|20757|4143|108244|9390|63086|6710|45158|5769|55513|6489|39640|5026|15873|2871|26908|4480|19749|3231|7159|2119|15518|2736|14991|2658|527|403|104414|13477|53627|9461|50787|8993|38674|5779|27905|5092|10769|2410|180356|15451|68788|8740|111568|10342|37336|6801|20747|5202|16589|3239|14569|4244|9218|3292|5351|2264|31291|5989|15275|4141|16016|3476|3206|1068|2550|883|656|349|13934|3413|7686|1842|6248|2604|9842|2373|6517|1599|3325|1320|31555|5866|24626|5016|6929|1625|43116|6402|23979|4328|19137|3593|14500|3266|7989|1986|6511|1824|136155|12091|58288|7468|77867|7382|18357|3648|9921|2226|8436|2171|55454|6594|35951|4839|19503|3393|2897|1312|2202|1021|695|673|4529|1774|3050|1409|1479|978|5315|1975|3393|1477|1922|1258|494867|15571|163688|7221|331179|12624|19171|3302|10915|2386|8256|1842|58452|7471|26625|3699|31827|5109|0|218|0|218|0|218|12507|3570|5126|2044|7381|2027|1580|882|581|432|999|740|6701|1915|3453|1421|3248|1188|35747|5852|16305|3592|19442|3618|46731|5491|35811|4330|10920|1912|5564|2014|2256|1005|3308|1701|91373|13024|57370|9807|34003|6240|43573|7448|36484|6917|7089|2097|5954|2327|4056|1849|1898|971|80424|10374|54404|8082|26020|4834|6213|2770|4451|2110|1762|1207|0|218|0|218|0|218|299|291|252|275|47|79|35951|6075|19734|3622|16217|3894
312M700US379804260000|1460109|186|1097615|13949|161379|7812|100154|6513|61225|5849|8342|2582|4925|1438|3417|2062|9887|4163|7417|3489|2470|1264|5927|2058|3659|1365|2268|1160|9624|4372|2207|1181|7417|3910|3509|1091|2987|980|522|325|1221|469|1221|469|0|190|1099|592|822|528|277|350|16480|4757|4814|1799|11666|4226|2839|1400|1703|757|1136|1069|241|234|241|234|0|190|6941|3402|2023|905|4918|3172|252|365|138|183|114|192|231|281|61|104|170|258|1352|832|1264|793|88|149|4155|2054|2802|1441|1353|895|2932|2245|1796|1416|1136|984|588|584|256|251|332|371|2869|2790|1367|1291|1502|1542|3517|3306|1461|1009|2056|2625|3308|1332|2028|1022|1280|618|976|743|727|642|249|276|1361|741|1203|744|158|167|6927|3240|3484|1828|3443|1594|37180|4225|12070|2394|25110|3113|1578|1016|1175|919|403|301|5215|1996|2403|974|2812|1460|300|485|134|218|166|270|12679|3246|5178|1480|7501|2259|2704|1260|869|594|1835|1105|1550|1334|676|636|874|865|6517|3777|3453|2268|3064|1983|2482|997|1658|673|824|683|1568|1157|448|553|1120|924|14676|4827|9622|3388|5054|2266|970|579|913|565|57|98|3379|1645|964|744|2415|1421|11694|6409|5947|4312|5747|3133|1289|1319|1128|1385|161|204|76|121|76|121|0|190|0|190|0|190|0|190|2680|1178|1532|832|1148|857
312M700US380600455000|1557518|5605|1006697|19493|439127|17878|282660|13092|156467|10327|5369|2377|3849|1910|1520|899|0|232|0|232|0|232|652|394|596|381|56|95|672|403|622|382|50|77|2201|840|1938|739|263|330|574|508|574|508|0|232|352|353|216|281|136|167|1775|827|1279|745|496|329|1261|924|1198|911|63|105|3176|1491|1913|1178|1263|1058|1578|882|971|708|607|668|559|729|345|412|214|354|2083|1262|1294|780|789|565|362|283|362|283|0|232|7029|2651|6198|2491|831|826|0|232|0|232|0|232|179|219|179|219|0|232|1039|988|972|965|67|112|200|241|96|167|104|172|6167|2930|4587|1891|1580|1228|2330|1284|2199|1229|131|220|4142|2112|3795|2017|347|354|423|421|248|311|175|290|7450|2336|3995|1526|3455|1389|2238|1377|1493|1137|745|604|1591|838|858|511|733|535|0|232|0|232|0|232|7303|2793|2861|1588|4442|1553|1314|923|689|624|625|562|3296|3322|2351|2534|945|985|2263|1748|973|993|1290|1080|6622|2459|4348|1652|2274|1661|1524|935|1108|813|416|446|4975|2892|2447|1530|2528|2523|440|373|322|308|118|141|6213|2381|5272|2162|941|752|2241|2112|2087|2057|154|193|15671|6150|7975|3763|7696|4379|4576|1668|4041|1607|535|366|1031|682|839|596|192|188|823|755|774|757|49|83
312M700US409000664000|496521|2464|312823|9392|86626|6810|54174|4856|32452|4235|767|473|601|339|166|266|211|344|211|344|0|221|319|267|316|267|3|2|1064|1166|426|385|638|845|1497|799|1446|764|51|84|40|67|0|221|40|67|1219|1427|1161|1424|58|95|5006|2048|2219|1069|2787|1510|406|435|216|266|190|322|0|221|0|221|0|221|273|190|203|153|70|121|62|100|59|100|3|2|4834|2132|2797|1411|2037|1353|510|607|283|332|227|284|4234|2312|2991|1589|1243|1266|1478|836|920|690|558|417|6668|2444|4227|2031|2441|1248|93|155|48|79|45|76|1696|1475|1411|1391|285|209|2812|1961|1710|1294|1102|775|1024|880|500|471|524|729|0|221|0|221|0|221|42|70|0|221|42|70|17244|3098|7059|1944|10185|2081|1458|824|879|763|579|380|1455|1079|1067|877|388|318|13804|3775|6840|2227|6964|2864|7093|2738|2005|826|5088|2282|1809|1687|1027|997|782|779|2719|1489|1265|986|1454|796|1765|897|675|395|1090|694|6222|1752|4060|1637|2162|791|6574|3339|4032|2304|2542|1622|125|123|98|114|27|46|0|221|0|221|0|221|1045|783|653|645|392|344|449|554|109|127|340|535|832|735|832|735|0|221|0|221|0|221|0|221|0|221|0|221|0|221|223|196|144|174|79|94
312M700US417400666000|1318910|4668|786691|15341|290011|14559|190991|10338|99020|9140|9216|2313|8233|2198|983|633|260|307|234|288|26|60|3087|1229|2379|1194|708|543|7118|2742|5099|2271|2019|1049|4752|1718|4332|1616|420|322|1416|785|1416|785|0|221|227|214|227|214|0|221|10795|3325|6954|2111|3841|1719|1202|847|1108|843|94|112|1003|564|922|563|81|132|2506|1349|1257|620|1249|1016|438|260|284|252|154|181|9899|2368|6152|1607|3747|1382|1455|694|1297|635|158|161|7706|2366|6655|2018|1051|694|1370|953|1011|692|359|418|316|326|316|326|0|221|3077|1402|2250|1103|827|667|2376|2209|2144|2280|232|257|2378|997|1339|596|1039|722|2486|1126|2256|1085|230|200|2587|1501|2535|1490|52|76|995|491|995|491|0|221|37130|4921|20442|3003|16688|3047|6280|2520|3468|1389|2812|1346|11884|2768|5657|1620|6227|1936|377|439|328|401|49|59|34949|6198|14452|3406|20497|3774|2592|1444|1103|767|1489|951|4053|1646|1751|922|2302|1004|3297|1443|1821|759|1476|1167|38035|5344|22459|3548|15576|2910|5639|2142|4248|1892|1391|1097|10577|3321|7221|2619|3356|1690|2124|1228|1764|1220|360|529|5132|2653|2601|1394|2531|1955|948|816|618|508|330|370|1171|605|687|484|484|462|36|62|36|62|0|221|80|109|80|109|0|221|1239|801|638|678|601|584
312M700US418600667000|776792|231|435426|7196|89104|4641|59038|4577|30066|4367|10460|2635|8840|2480|1620|812|333|278|333|278|0|221|2840|1379|2568|1296|272|254|3183|1181|2886|1103|297|248|4008|1016|3725|978|283|224|834|553|755|543|79|129|518|402|470|363|48|78|11234|2637|6484|2189|4750|1296|1222|672|1222|672|0|221|374|328|374|328|0|221|593|426|464|389|129|152|465|421|465|421|0|221|3231|1432|3156|1428|75|89|842|492|842|492|0|221|6286|1742|5840|1880|446|440|2723|1795|1688|1294|1035|776|1284|801|1167|776|117|202|1949|1240|1428|804|521|697|1497|967|883|515|614|550|1263|558|1209|555|54|89|999|618|970|601|29|47|1227|874|1227|874|0|221|1227|707|941|601|286|381|136159|6429|54394|4082|81765|5600|6371|1638|3579|1102|2792|1148|6641|1736|3696|1068|2945|1271|865|995|180|216|685|1046|8060|2160|3459|1146|4601|1553|401|298|309|209|92|155|2305|1288|1184|781|1121|812|3216|1476|1455|963|1761|1067|20791|3715|11946|2497|8845|2349|3092|1725|2077|1340|1015|620|2436|1077|1534|781|902|590|1740|915|1689|906|51|85|652|662|560|644|92|152|224|199|224|199|0|221|179|247|179|247|0|221|0|221|0|221|0|221|0|221|0|221|0|221|538|406|377|234|161|260
312M700US419400668000|922578|3197|373814|11378|201106|10851|113381|8285|87725|6976|3078|1262|2733|1245|345|293|135|218|135|218|0|221|2809|1589|1877|1451|932|613|5017|2327|3576|1942|1441|737|1164|572|950|522|214|179|378|309|328|298|50|85|1194|1053|1106|1029|88|150|5224|1787|3525|1343|1699|817|511|446|511|446|0|221|2183|1685|1421|1403|762|900|898|588|748|545|150|190|234|239|234|239|0|221|10737|3333|7208|2593|3529|1602|4924|2568|4081|2529|843|424|15435|3141|14342|3062|1093|674|2704|1487|2278|1361|426|355|7382|2632|4042|1496|3340|1775|3308|1634|2230|1135|1078|808|7308|2789|5738|2292|1570|1059|1211|691|922|619|289|303|8298|1859|7147|1647|1151|616|9031|2882|8718|2884|313|243|11034|3837|9887|3375|1147|1118|76444|6910|39677|4321|36767|4391|5376|1817|3521|1383|1855|1008|14401|2944|8374|2202|6027|1854|267|333|267|333|0|221|91117|7135|38303|4388|52814|4583|4544|2094|1846|961|2698|1339|816|461|500|371|316|202|2692|1168|1819|941|873|560|29527|4621|21055|3733|8472|1805|8099|3492|5336|2437|2763|1442|4319|1493|3663|1505|656|421|1557|837|1270|770|287|285|2156|1152|1261|1153|895|494|541|515|541|515|0|221|383|500|383|500|0|221|0|221|0|221|0|221|378|362|378|362|0|221|844|769|689|732|155|191
312M700US426605363000|723966|3142|566059|8323|35348|5080|23641|3263|11707|3296|4195|1306|4121|1293|74|121|0|217|0|217|0|217|1255|709|997|621|258|250|2535|1345|2002|985|533|533|2790|939|2551|904|239|232|373|309|373|309|0|217|530|347|460|288|70|116|2873|869|2115|662|758|492|656|499|402|318|254|343|1122|723|897|618|225|215|1555|756|1357|731|198|187|153|179|153|179|0|217|1909|870|1796|868|113|124|1068|963|887|753|181|282|9489|2673|8982|2686|507|374|968|733|968|733|0|217|680|424|633|420|47|76|1980|1178|1635|951|345|526|2580|1817|2258|1391|322|532|2593|1026|2548|1021|45|74|2666|1042|2580|1025|86|140|1015|718|565|403|450|581|878|605|663|488|215|356|31894|4534|18495|3525|13399|2451|4372|1222|3314|924|1058|591|4825|1469|3577|1253|1248|778|147|238|147|238|0|217|9607|2561|3846|1186|5761|1937|737|526|611|407|126|212|1114|628|674|454|440|326|2552|1381|1903|1111|649|451|7364|2053|5387|1882|1977|921|1454|635|1311|644|143|167|1408|873|573|410|835|686|404|400|300|278|104|172|9302|4169|6310|2707|2992|1890|594|431|438|330|156|261|2004|1286|1853|1265|151|265|32|55|32|55|0|217|0|217|0|217|0|217|886|474|806|404|80|132
312M700US479001150000|640460|5|516502|8164|56833|5385|37527|4737|19306|2700|11081|2557|9381|2132|1700|913|1743|1370|1720|1366|23|39|2038|794|1825|750|213|281|3190|1882|2894|1923|296|272|3052|1225|2900|1163|152|197|927|665|927|665|0|244|618|445|618|445|0|244|2189|869|2189|869|0|244|385|310|385|310|0|244|702|641|488|449|214|259|754|455|632|433|122|155|175|226|175|226|0|244|2002|862|1351|615|651|552|672|471|672|471|0|244|2042|844|1763|776|279|291|1381|922|1356|907|25|43|67|74|67|74|0|244|178|154|178|154|0|244|525|366|449|350|76|124|884|488|774|434|110|115|157|242|157|242|0|244|236|158|190|141|46|75|141|167|141|167|0|244|5300|1205|3764|968|1536|653|304|301|233|276|71|116|2800|1137|1953|1014|847|579|0|244|0|244|0|244|974|522|391|215|583|467|0|244|0|244|0|244|494|407|422|357|72|121|1936|1235|1277|854|659|466|1726|988|1381|977|345|397|912|784|409|386|503|535|1798|889|1798|889|0|244|591|390|545|386|46|76|7744|3113|5397|2484|2347|1433|4519|1821|4274|1870|245|267|1181|847|1076|717|105|172|0|244|0|244|0|244|0|244|0|244|0|244|1707|1316|946|828|761|890
314M700US1206012054|4630717|4576|3652692|22926|458770|10299|257214|8404|201556|9083|26642|4836|20993|3798|5649|2182|12866|3829|10060|3104|2806|1441|3233|1105|2876|985|357|261|12698|3947|8841|2972|3857|2211|10715|2751|9109|2532|1606|864|3475|1761|3412|1775|63|92|1450|587|1399|568|51|84|9718|2399|5990|1713|3728|1310|2392|1703|1767|1231|625|561|6367|2992|4727|2665|1640|724|4123|1770|2426|1011|1697|960|357|359|357|359|0|226|11241|3170|6187|1794|5054|2208|14613|3256|9911|2619|4702|1471|28300|4741|23374|4142|4926|1784|10792|2531|7987|1840|2805|1063|3083|1882|1328|922|1755|1534|12275|3702|7870|2756|4405|1518|8419|2874|5554|1816|2865|2117|12822|3766|8574|2913|4248|1639|21691|3715|18740|3477|2951|1113|13466|3420|11780|3061|1686|977|6028|1809|4631|1523|1397|852|48414|6053|24772|3909|23642|3233|6066|2074|3921|1594|2145|936|40115|4367|18182|2952|21933|2393|1905|1240|768|596|1137|1031|44965|4868|13985|2341|30980|4014|1782|1126|1207|892|575|378|4447|2182|1927|1242|2520|1385|12806|3789|7041|2316|5765|1941|5872|1610|4461|1277|1411|759|2276|1639|1658|1118|618|574|17522|5562|12982|4878|4540|1527|3060|1789|2537|1525|523|551|30296|6837|18475|4672|11821|3726|44348|7417|37636|6740|6712|2151|9906|3707|7224|2645|2682|1907|0|226|0|226|0|226|316|259|285|272|31|54|8393|2347|7521|2146|872|872
314M700US1206031924|1317769|2384|1090869|10464|130815|6088|76382|5424|54433|4891|3382|1487|2480|1102|902|858|3336|1473|2673|1254|663|512|1100|751|823|482|277|474|13436|4158|9027|3002|4409|2178|2162|1003|2080|984|82|91|1377|676|1306|655|71|85|250|266|250|266|0|226|2050|921|1667|723|383|296|662|645|464|606|198|236|1224|1176|1160|1159|64|103|2631|1523|1566|973|1065|695|0|226|0|226|0|226|2736|1407|2004|1196|732|495|6622|2212|4620|1743|2002|1144|5154|2346|4846|2219|308|278|913|651|654|415|259|325|194|238|144|189|50|61|709|635|602|628|107|155|1639|1028|1506|974|133|140|460|312|460|312|0|226|2075|1501|1368|1060|707|665|2759|1732|1997|1287|762|568|601|392|568|369|33|55|4704|1409|2727|910|1977|844|1555|826|761|406|794|559|2912|1195|1257|768|1655|916|0|226|0|226|0|226|5019|1908|2353|938|2666|1219|336|371|55|79|281|318|512|373|231|212|281|220|2194|1837|1489|1613|705|780|3872|1527|1673|846|2199|1289|317|231|278|203|39|67|1654|806|1498|717|156|181|350|307|246|175|104|165|940|686|830|671|110|178|8229|2916|7065|2552|1164|766|5773|2152|5131|2085|642|458|0|226|0|226|0|226|128|219|128|219|0|226|2118|1719|943|621|1175|1210
314M700US1446014454|1929980|572|1409655|12608|186786|5286|98736|5432|88050|5331|13629|2636|10108|1904|3521|1233|51771|5752|32245|4407|19526|3078|9365|2586|6757|1918|2608|1245|52679|7722|27501|4510|25178|5054|4776|1760|4178|1587|598|522|1140|857|1140|857|0|225|4930|1830|3633|1600|1297|906|10172|2400|6150|1711|4022|1458|3600|1494|2639|1047|961|825|915|704|759|583|156|196|3649|1642|2773|1318|876|567|538|435|538|435|0|225|2033|796|1837|770|196|204|1017|639|900|586|117|142|7595|2191|7002|2121|593|360|1811|914|1469|792|342|251|1416|874|1131|670|285|360|1906|1039|1175|665|731|630|1844|980|1123|667|721|591|8368|2064|5915|1580|2453|1024|4570|2233|3407|1893|1163|1194|2419|1578|1805|1038|614|683|1796|1091|1167|741|629|782|63989|5819|31378|3467|32611|3961|2558|841|1529|699|1029|507|5848|1604|4240|1363|1608|844|33|49|0|225|33|49|19312|4793|7772|2859|11540|2700|673|515|571|370|102|177|1482|956|362|283|1120|836|4707|1761|3775|1572|932|707|5035|1959|3757|1725|1278|803|2380|1728|873|607|1507|1343|12877|3539|10035|3141|2842|1065|3935|2071|3402|1698|533|463|4903|2362|3482|1745|1421|948|5208|2024|4204|1794|1004|776|5105|2535|4551|2494|554|321|0|225|0|225|0|225|0|225|0|225|0|225|3555|2331|2964|1985|591|486
314M700US1446015764|2310024|140|1638014|14886|242828|7651|139601|7282|103227|6792|14099|2815|11251|2376|2848|1260|20332|4634|12228|3248|8104|2402|12424|2630|9154|2332|3270|1036|86499|11254|42915|6827|43584|6790|6276|1677|5969|1521|307|317|1056|547|738|469|318|297|9801|2686|7460|1954|2341|1677|17063|3240|11223|2497|5840|1669|2975|1068|2708|1049|267|208|1953|995|1486|897|467|436|5515|1721|3552|1295|1963|871|4314|1459|3084|1210|1230|659|4064|1256|2906|1084|1158|478|7369|2227|5562|1705|1807|942|18331|3773|16099|3200|2232|1109|2835|1284|2081|880|754|626|2768|1937|2002|1528|766|767|3812|1586|2992|1285|820|642|7172|2144|5664|1716|1508|753|10334|3068|5849|1799|4485|2235|8158|2833|7157|2488|1001|986|7180|2281|5962|1907|1218|708|4441|1683|3725|1433|716|432|65434|5601|39531|3583|25903|3700|4676|1502|3452|1264|1224|612|9040|2235|5109|1346|3931|1435|218|371|123|210|95|162|10335|2806|5048|1793|5287|1803|17899|4545|7685|2692|10214|2593|5372|2805|2689|1911|2683|1299|6757|2319|5967|2067|790|601|2674|1204|2401|1090|273|263|811|452|613|335|198|197|16907|3721|11770|2938|5137|1659|4824|2466|4435|2134|389|393|6303|3007|4586|2474|1717|1090|4077|1514|3486|1364|591|650|12751|3692|9496|2948|3255|1765|0|225|0|225|0|225|122|160|122|160|0|225|2211|711|2030|673|181|109
314M700US1698016984|6702938|692|4498091|26517|1244062|16780|755688|15667|488374|13730|20113|4282|15096|3317|5017|1978|6337|2657|3420|1423|2917|1981|20361|2899|13785|2300|6576|1398|6430|1785|5186|1541|1244|632|14711|2270|13486|2163|1225|606|2180|1291|2180|1291|0|206|20760|2944|15925|2676|4835|1660|36522|5662|19643|3493|16879|3930|143431|9801|77004|6954|66427|5741|23111|4537|15899|3672|7212|1810|52591|7292|28014|4077|24577|5090|2448|1148|1757|892|691|537|8230|2091|5739|1720|2491|973|45867|7040|26081|4974|19786|4377|34106|4867|28467|4320|5639|1624|54643|7775|39226|5635|15417|3571|3307|1584|2304|1347|1003|682|5357|2332|4118|1850|1239|1182|10803|4850|5211|1761|5592|3870|45707|6692|29444|5456|16263|3564|14473|3675|12583|3400|1890|802|9001|2279|7817|2096|1184|556|15406|3833|10974|2612|4432|1768|84687|7621|38554|4249|46133|5624|8821|2105|5126|1310|3695|1478|28131|4308|14722|2980|13409|2541|73|122|73|122|0|206|14642|3340|7584|1798|7058|2094|1915|883|742|383|1173|675|5587|1618|3215|1010|2372|901|18099|4083|10277|2696|7822|2346|67067|6089|49948|5159|17119|3392|9022|2827|6404|2405|2618|1237|66346|8986|44704|6865|21642|3799|5860|2192|5829|2193|31|52|18034|4944|12070|3811|5964|2138|28498|6618|22616|5915|5882|2148|3690|1883|3658|1884|32|41|23|36|23|36|0|206|265|305|265|305|0|206|4130|1546|2954|1297|1176|729
314M700US1698029404|672288|39|454172|7756|133020|5257|77838|5062|55182|5234|2672|2029|2595|2024|77|130|199|238|199|238|0|206|1387|714|1143|712|244|195|1366|1600|1366|1600|0|206|1683|672|1470|616|213|230|207|215|207|215|0|206|1511|962|846|521|665|724|8595|2520|5995|1917|2600|1132|9454|3254|5586|1695|3868|1944|1827|869|1574|857|253|211|4415|1606|2515|950|1900|1057|337|397|304|387|33|55|345|458|176|225|169|235|1197|761|894|609|303|244|5411|1582|5088|1562|323|179|2408|1667|2134|1443|274|285|44|79|44|79|0|206|1247|839|1247|839|0|206|1798|1063|1626|1006|172|156|3966|2132|2979|1707|987|636|2292|1348|2100|1282|192|250|3029|1442|2525|1139|504|589|2778|1403|2042|1032|736|501|7623|1896|4118|1198|3505|1137|1315|826|1015|689|300|293|3900|1061|1880|739|2020|814|66|114|0|206|66|114|785|541|305|237|480|410|335|306|212|256|123|157|465|580|101|120|364|529|1751|1357|524|427|1227|1133|6983|1739|5814|1682|1169|513|209|270|47|84|162|256|861|623|676|581|185|182|589|502|552|486|37|61|128|215|128|215|0|206|348|312|348|312|0|206|294|328|294|328|0|206|0|206|0|206|0|206|61|97|61|97|0|206|1215|824|1031|714|184|186
314M700US1910019124|5119003|732|3323887|24417|1181246|16695|684068|15054|497178|14993|16623|4070|14386|3775|2237|1186|1487|803|1288|763|199|270|2349|847|1944|739|405|308|11823|3498|8972|2676|2851|1302|8980|1910|8396|1839|584|383|2453|1352|2210|1278|243|303|980|551|919|529|61|103|9297|2947|7446|2554|1851|742|1078|669|697|469|381|306|6133|3474|5331|3432|802|424|3544|1440|2481|1018|1063|738|636|447|473|373|163|196|18263|4981|10267|2825|7996|2919|17723|3810|12343|3011|5380|1611|50041|6176|43548|5785|6493|1735|28490|5716|22719|4862|5771|1700|2062|1098|1386|840|676|474|13675|3742|9811|2688|3864|1856|17887|3820|14157|3165|3730|1341|9355|2740|7574|2310|1781|916|51945|6432|44204|5925|7741|2130|30789|6278|26305|5548|4484|1522|26481|5149|19383|3931|7098|2074|51424|5959|29879|4739|21545|3369|7713|2474|4046|1348|3667|1408|26322|4020|13675|2746|12647|2474|0|236|0|236|0|236|54595|6982|23747|3523|30848|4925|2908|1121|1062|497|1846|955|3953|1679|2490|1292|1463|803|7427|2580|4602|1779|2825|1150|18927|3978|14799|3320|4128|1603|5548|5484|4590|5451|958|516|28301|5007|19421|3938|8880|3266|2273|903|2273|903|0|236|24690|6113|14049|4013|10641|3420|30310|6516|25724|5600|4586|2291|14208|3871|11030|3299|3178|1794|0|236|0|236|0|236|1032|741|942|698|90|112|2145|1031|1950|1008|195|202
314M700US1910023104|2471451|791|1781396|13943|498059|10887|310617|10285|187442|10597|8942|3686|6124|2855|2818|1499|240|399|240|399|0|236|741|451|741|451|0|236|5384|3130|5192|3105|192|255|4382|1363|4025|1329|357|330|738|641|648|608|90|150|239|240|190|198|49|81|2174|1219|1350|931|824|632|624|811|624|811|0|236|1442|1035|1199|907|243|287|1633|1111|936|632|697|946|731|1190|731|1190|0|236|6166|3320|4216|2610|1950|1261|3914|1774|2486|1243|1428|794|6402|2056|5495|1729|907|529|6580|2524|4647|2171|1933|930|958|738|727|596|231|231|2704|1280|2061|1099|643|428|13811|4173|6685|2503|7126|2580|4500|2196|3524|1920|976|641|4421|2176|3668|2162|753|451|733|438|412|339|321|407|604|386|604|386|0|236|7089|1963|4125|1111|2964|1284|1741|711|1123|535|618|455|3153|1314|1875|914|1278|671|418|381|261|281|157|265|31515|4923|12999|3652|18516|3895|901|749|513|533|388|357|6004|2814|3899|2072|2105|1098|4447|2472|2928|1762|1519|1161|6261|1669|4154|1205|2107|1089|4380|1629|2983|1153|1397|1122|19816|6658|15563|6024|4253|1580|209|232|209|232|0|236|1655|1027|403|370|1252|1029|13921|3676|11658|3183|2263|1228|11372|4204|9062|3956|2310|1243|0|236|0|236|0|236|562|755|371|455|191|315|489|549|489|549|0|236
314M700US1982019804|1644073|-555555555|1375990|10483|72699|4088|43593|3640|29106|3742|4003|1717|3167|1350|836|493|293|389|57|93|236|380|1840|713|1292|486|548|307|676|299|459|240|217|145|3608|1545|3340|1311|268|328|166|165|166|165|0|184|2302|824|1678|684|624|361|807|495|684|416|123|193|3092|1204|2735|1118|357|245|988|657|524|374|464|400|1981|927|1530|773|451|289|279|369|221|357|58|96|1013|827|529|560|484|425|5004|2560|3187|1817|1817|1023|3987|1573|3189|1472|798|496|5119|2201|4243|1988|876|503|3689|2009|2918|1863|771|474|12782|3784|7412|3090|5370|2297|2048|1514|1082|707|966|934|9369|2253|5614|1926|3755|1224|3051|1740|2149|868|902|1159|814|500|663|432|151|198|1161|726|1078|666|83|136|3573|1284|2196|849|1377|776|2532|1112|1425|852|1107|650|1372|790|542|462|830|605|102|176|102|176|0|184|1588|849|723|476|865|737|0|184|0|184|0|184|221|257|92|147|129|212|226|206|98|84|128|156|4259|2018|2263|1023|1996|1673|401|292|294|246|107|130|106310|9220|50728|7048|55582|7730|505|675|316|373|189|312|437|372|259|327|178|220|3770|2402|3410|2358|360|393|1400|1225|805|669|595|1008|0|184|0|184|0|184|292|203|160|168|132|141|324|244|218|202|106|136
314M700US1982047664|2461340|886|2125303|12520|56322|4959|38223|4060|18099|2662|5624|1444|4158|1208|1466|688|209|265|209|265|0|184|7548|1681|4385|1243|3163|1235|3832|1330|2749|1251|1083|461|9718|2608|9213|2560|505|278|1130|503|832|454|298|345|1417|713|1223|662|194|172|5179|1521|2578|921|2601|1124|8556|2605|6687|2348|1869|762|4921|2086|3734|1961|1187|569|11569|3577|4989|1424|6580|2537|1289|720|884|497|405|313|2232|2008|813|509|1419|1552|4316|1335|2799|905|1517|804|7857|2110|7390|2035|467|335|6052|1829|4815|1740|1237|615|1753|861|1460|763|293|347|18982|4169|10887|3497|8095|2244|5220|1997|4612|1916|608|573|20643|3629|13073|2808|7570|1826|10902|2842|7245|2231|3657|1505|7864|2359|6087|1823|1777|976|7340|2546|5508|1854|1832|1237|17579|3126|8898|2182|8681|1729|6524|1864|2179|738|4345|1686|8058|2883|4711|1788|3347|1536|3642|1842|2684|1542|958|648|5947|1831|3268|1325|2679|936|93|112|43|76|50|79|808|654|374|303|434|418|133|128|99|118|34|56|6496|1478|4963|1404|1533|708|1203|753|479|390|724|531|44211|5724|25935|4236|18276|3500|996|504|876|473|120|154|24357|4738|13822|3158|10535|2918|3635|1565|3025|1396|610|553|364|323|215|229|149|239|0|184|0|184|0|184|0|184|0|184|0|184|1516|702|1472|697|44|76
314M700US3108011244|2979343|458|1581071|20924|726257|14939|465899|12294|260358|10708|7776|1941|7211|1890|565|343|62|108|62|108|0|221|4251|1255|3662|1141|589|385|6163|2404|4903|1996|1260|676|10236|2643|9004|2648|1232|628|2060|864|1929|854|131|122|1645|1118|1370|1076|275|212|11843|3893|6456|2437|5387|2508|2940|1357|2270|1237|670|529|2471|1966|1852|1422|619|592|5216|2373|3029|1283|2187|1462|3408|1379|2668|1380|740|427|38781|5147|24186|3599|14595|2772|10252|3105|6605|2160|3647|1521|12815|3815|10952|3517|1863|909|12827|6241|10939|5749|1888|1346|4531|2028|3128|1475|1403|990|2996|2123|2426|1680|570|693|4214|1588|3652|1419|562|368|7198|2113|5287|1437|1911|1193|2329|1684|1818|1026|511|814|5064|2168|3788|1310|1276|1072|2003|1096|1870|1025|133|157|104988|9412|58198|5851|46790|5905|17661|3414|10496|2901|7165|1543|80533|8871|38394|5564|42139|4715|1166|1394|339|272|827|1294|188931|10827|76503|6908|112428|7560|5519|2276|2339|1170|3180|1424|7830|3051|4725|1952|3105|1970|5557|2161|3367|1374|2190|1193|47202|6189|35833|4980|11369|2523|9455|2888|6328|1772|3127|1671|30557|6474|23765|5443|6792|1989|3128|1665|2687|1651|441|323|4304|3092|3547|2992|757|570|667|557|511|464|156|179|1090|1138|1090|1138|0|221|0|221|0|221|0|221|231|273|97|162|134|223|2115|1063|1915|1038|200|192
314M700US3108031084|9188375|852|4121257|36105|3461694|23473|1973762|25479|1487932|26764|39422|4789|33833|4326|5589|1492|4714|2083|3433|1462|1281|1150|13026|2230|11214|2010|1812|904|19918|3665|15660|3262|4258|1201|17006|2389|15601|2318|1405|613|5805|2102|5371|2085|434|264|6054|1918|4396|1650|1658|772|54392|6720|28394|4899|25998|3732|5112|1566|3837|1277|1275|626|6224|2699|4963|2282|1261|709|8266|1988|5602|1317|2664|1228|175539|11653|95374|7379|80165|7615|72784|7796|46718|5837|26066|4227|7086|1999|5437|1961|1649|855|30680|5151|25797|4779|4883|1545|7901|2580|4971|1608|2930|1629|11490|3392|8480|2549|3010|1616|14551|3611|7524|2254|7027|2341|9029|2309|6397|1713|2632|960|11554|2868|8597|2029|2957|1702|6778|2738|5522|2450|1256|788|6687|2150|5913|1842|774|500|3799|1303|3258|1102|541|428|391051|12245|164539|8114|226512|9058|45733|5520|27052|3874|18681|2475|151899|10622|58221|5886|93678|7164|659|557|434|325|225|334|74474|7956|30167|4446|44307|4794|25288|5296|11055|3176|14233|3136|24197|4020|9706|1828|14491|2913|16289|3896|7277|1786|9012|3166|213157|10448|147453|8436|65704|5674|22589|3798|14098|2878|8491|1927|46061|6606|31398|5614|14663|2630|18045|3979|13760|3100|4285|1780|8842|2241|5842|1891|3000|1237|11782|3338|10040|3038|1742|838|5122|3723|2761|1683|2361|2675|295|355|262|340|33|56|1530|962|1374|991|156|149|10594|3243|6291|2405|4303|2158
314M700US3310022744|1857258|266|1035026|19714|535021|8644|313742|9526|221279|10469|17715|3360|11065|2422|6650|2092|108414|13266|63485|8831|44929|7337|4783|1168|3092|960|1691|675|43548|7535|25125|4294|18423|4452|5416|1393|5213|1372|203|161|1482|1008|1023|685|459|727|1479|912|1180|746|299|306|14662|3642|6521|1972|8141|2701|3193|1193|2441|1105|752|506|666|573|666|573|0|243|6951|3100|3431|1903|3520|2352|27|45|27|45|0|243|491|546|466|535|25|43|3304|2081|2604|1531|700|999|3106|1651|3106|1651|0|243|4890|2666|3689|2052|1201|902|159|197|159|197|0|243|1631|1297|515|437|1116|1034|402|369|402|369|0|243|4825|1742|3247|1225|1578|861|2320|1693|1924|1494|396|464|290|377|290|377|0|243|5826|3045|4895|2761|931|841|9960|2853|5442|1821|4518|1504|1552|918|1141|779|411|424|1364|1031|418|513|946|630|0|243|0|243|0|243|3554|1552|818|454|2736|1409|0|243|0|243|0|243|839|681|207|249|632|523|1574|1023|1301|812|273|358|5566|1808|4546|1539|1020|862|1015|750|897|661|118|109|6560|3143|5124|2548|1436|1085|8177|2805|7152|2561|1025|745|135|225|0|243|135|225|1041|639|987|674|54|92|1111|832|1111|832|0|243|0|243|0|243|0|243|25|20|13|14|12|16|9158|2652|8052|2503|1106|758
314M700US3310033124|2543042|70|633308|16079|1685024|11351|845065|15374|839959|14543|20280|3936|15881|3607|4399|1335|91612|9742|51646|8135|39966|4371|7822|2690|5891|2269|1931|1183|29113|4755|20965|3900|8148|1987|3184|783|2769|787|415|381|2082|923|1639|774|443|294|638|641|638|641|0|243|9621|2427|5169|1428|4452|1811|635|406|463|339|172|217|340|310|340|310|0|243|2448|989|2059|906|389|368|27|45|27|45|0|243|1554|1802|978|950|576|934|1984|1441|1914|1451|70|119|1938|1027|1840|1023|98|124|2589|1633|2081|1403|508|408|1419|1449|807|715|612|889|483|441|369|319|114|164|1409|1576|1277|1567|132|227|2810|1214|2465|1051|345|312|59|100|59|100|0|243|919|834|919|834|0|243|496|421|438|352|58|96|8654|2150|4110|1159|4544|1882|644|458|497|408|147|186|669|393|411|344|258|218|0|243|0|243|0|243|2431|1347|549|419|1882|1127|108|183|108|183|0|243|643|447|382|361|261|221|3466|1837|2641|1552|825|578|2904|1310|2194|1150|710|560|544|352|396|319|148|178|4434|1592|3417|1420|1017|534|11717|4006|10986|3901|731|500|881|830|881|830|0|243|992|784|992|784|0|243|291|504|291|504|0|243|47|94|47|94|0|243|140|201|140|201|0|243|2683|1267|1399|637|1284|871
314M700US3310048424|1459144|218|960630|16232|292385|6576|153540|8580|138845|8118|10655|2304|6495|1587|4160|1425|88456|10808|41644|5835|46812|8301|5170|1781|4176|1453|994|578|25509|5644|16795|4348|8714|2627|5220|1741|4652|1563|568|410|2051|977|1496|816|555|695|1400|844|1170|766|230|259|8852|2910|4974|2252|3878|1805|2395|1033|1973|948|422|359|875|675|758|649|117|193|3468|2157|2538|1411|930|983|351|452|260|428|91|149|1820|1461|1753|1456|67|94|1367|975|908|720|459|549|1592|1022|1115|831|477|460|922|716|922|716|0|243|352|381|352|381|0|243|2657|1845|1418|1153|1239|870|969|691|609|600|360|362|3972|1620|2821|1313|1151|653|832|694|637|637|195|339|1000|931|1000|931|0|243|619|660|619|660|0|243|5702|2112|3176|1169|2526|1420|126|158|49|86|77|127|312|348|102|169|210|287|0|243|0|243|0|243|4662|1812|2546|1242|2116|913|126|162|0|243|126|162|2071|2027|896|637|1175|1572|1940|1549|1105|924|835|687|4090|1567|3346|1293|744|665|181|235|181|235|0|243|6211|1922|4782|1426|1429|729|5522|2517|4634|2451|888|649|0|243|0|243|0|243|337|421|337|421|0|243|79|131|79|131|0|243|0|243|0|243|0|243|0|243|0|243|0|243|4266|1736|2827|1393|1439|865
314M700US3562029484|2371353|526|1654343|17602|289163|9331|149627|7526|139536|7738|6733|2722|5092|1910|1641|1026|10109|3323|5486|1959|4623|1924|13332|2488|8761|2029|4571|1272|19414|3641|11717|2451|7697|2251|4449|1128|3574|970|875|396|17011|5287|14939|4990|2072|1461|4106|1469|3369|1288|737|541|14788|2819|8452|1771|6336|1664|14695|3560|8814|2028|5881|2397|710|558|539|501|171|239|8695|2960|4223|1406|4472|2102|288|384|185|220|103|176|1831|1238|1389|1009|442|648|41819|5628|27943|4399|13876|2444|37067|5308|32803|4902|4264|1197|17747|4286|13498|3592|4249|1940|6865|2935|4613|2145|2252|1341|3751|1197|2997|942|754|550|14369|3377|12775|3136|1594|805|7069|2796|5847|2656|1222|524|23556|4165|19201|3689|4355|2127|19414|4060|16218|3299|3196|1521|9432|2459|8081|2197|1351|790|40791|4015|21402|2570|19389|2680|2034|732|1462|616|572|358|10187|2472|4287|1331|5900|1564|0|225|0|225|0|225|6678|2413|1409|739|5269|2049|0|225|0|225|0|225|975|781|218|216|757|744|4601|2643|3265|2134|1336|745|21285|4070|14488|2865|6797|1965|2104|1208|899|697|1205|906|16360|3841|10900|2767|5460|1921|9503|3277|9272|3314|231|225|366|256|280|260|86|150|9355|3006|8376|2798|979|682|1279|837|1068|778|211|222|0|225|0|225|0|225|415|430|306|370|109|132|4664|1731|3210|1229|1454|800
314M700US3562035004|2752673|238|1967810|18803|426028|12691|238134|11763|187894|9012|13395|4290|11038|3101|2357|1626|35426|6877|24667|5717|10759|3021|25140|3132|18395|2638|6745|1247|11227|3302|8455|2895|2772|1081|6281|1747|5699|1652|582|344|2099|757|2034|749|65|85|14552|3587|11718|3289|2834|896|10867|2845|8199|2347|2668|1103|15678|4220|10809|2832|4869|2007|1598|770|878|427|720|448|2506|1050|1708|770|798|462|1841|1257|1006|718|835|672|8380|2661|5802|1763|2578|1464|7763|3091|6743|3017|1020|660|20079|5898|13334|3931|6745|2688|23836|4696|15856|3380|7980|2324|7592|2412|5234|1723|2358|993|9795|2972|6471|1992|3324|1522|2846|1478|2016|1186|830|567|10589|4969|8662|4104|1927|1030|602|344|512|313|90|112|2354|877|2073|813|281|331|7343|2243|4905|1547|2438|931|47060|5164|24030|3413|23030|3417|2793|1319|2153|1283|640|398|16468|2943|6619|1626|9849|1867|0|218|0|218|0|218|2235|1086|874|480|1361|792|0|218|0|218|0|218|723|364|537|309|186|157|7690|2785|3972|1771|3718|1363|12129|3329|9772|2847|2357|1204|507|318|420|322|87|101|7396|2874|5591|2161|1805|872|9513|3480|8696|3288|817|732|245|305|60|99|185|239|6118|1912|5554|1766|564|415|849|765|711|653|138|231|0|218|0|218|0|218|0|218|0|218|0|218|3320|1364|2600|1130|720|437
314M700US3562035084|2089478|949|1374641|17724|384368|9161|189442|8141|194926|9340|11858|3452|9353|2861|2505|1280|45508|7170|25616|5212|19892|4458|9865|2263|7212|1759|2653|1062|52564|6295|25024|4417|27540|4693|4055|1300|3860|1266|195|230|2116|946|1757|787|359|338|1908|1072|1808|1064|100|113|8125|2223|5237|1740|2888|919|15649|4511|11172|3630|4477|1498|2640|1812|1917|1148|723|744|6586|2776|3501|1418|3085|1971|128|156|128|156|0|225|2600|1585|1674|969|926|754|12964|3358|8807|2348|4157|1531|14534|2561|12153|2188|2381|1176|6581|2461|6026|2297|555|491|1649|997|987|625|662|679|3968|1540|2072|1144|1896|1072|6395|2237|5748|2145|647|434|4032|1222|2735|854|1297|759|4009|1540|2880|1158|1129|757|2492|1120|2273|943|219|272|3480|1503|2167|1180|1313|908|25385|3147|16335|2345|9050|1600|2293|1188|1651|1102|642|446|5772|1848|2203|917|3569|1401|0|225|0|225|0|225|1782|1071|1235|827|547|399|0|225|0|225|0|225|925|790|543|670|382|327|3314|1602|2072|1184|1242|780|14039|2527|11438|2163|2601|853|1689|1157|765|548|924|844|10688|3051|7860|2364|2828|1276|3802|1682|3352|1480|450|419|2172|1852|1845|1766|327|400|26513|6559|24052|6236|2461|1069|1090|622|807|455|283|401|0|225|0|225|0|225|0|225|0|225|0|225|7299|2053|5946|1893|1353|618
314M700US3562035614|11209953|944|5978862|48262|2590031|23655|1366842|24395|1223189|22934|103323|10107|79457|7806|23866|4339|128521|11067|75775|7729|52746|6418|86379|6798|60015|5477|26364|3323|54915|7127|37343|4670|17572|3806|24965|4113|23478|3986|1487|560|150646|13240|72867|9574|77779|8697|48591|6043|35826|5339|12765|2619|207311|14739|87044|8692|120267|9961|62098|8418|36930|6154|25168|3908|27578|5790|18269|5144|9309|2992|43822|7349|22102|4830|21720|4207|6724|1710|5418|1445|1306|614|17936|3614|9426|1992|8510|2814|32318|4482|21512|3277|10806|2618|57322|7406|46163|6441|11159|1942|54291|7070|32761|5175|21530|3824|19464|4070|11316|2384|8148|2293|147592|12184|64168|7659|83424|7496|23117|3977|14058|2754|9059|2186|78651|7458|52849|5403|25802|4004|9968|2678|7945|2118|2023|1256|9162|2354|6753|2084|2409|1085|20682|3871|16175|3527|4507|1728|552127|16989|199352|8093|352775|13207|30967|4131|17240|3058|13727|2426|118094|10151|54609|5598|63485|6910|0|210|0|210|0|210|17477|4291|7812|2462|9665|2708|1647|886|648|446|999|740|7084|1973|3686|1473|3398|1186|47765|6041|23946|3940|23819|3665|90626|6977|68623|5614|22003|3068|9308|3073|4947|2262|4361|1803|141471|16448|91698|12568|49773|7608|57161|7878|48511|7561|8650|2274|7833|2531|5081|1891|2752|1183|89695|10394|62006|8389|27689|4848|8696|3182|5977|2386|2719|1563|0|210|0|210|0|210|404|315|357|301|47|79|45329|6307|27088|4139|18241|4094
314M700US3798015804|1233473|433|1037175|9020|101524|5584|54210|4799|47314|4832|3790|1741|2928|1240|862|694|4250|2249|2777|1689|1473|1269|3992|1184|2649|669|1343|772|5806|2487|3309|1593|2497|1328|1989|930|1664|896|325|218|340|310|340|310|0|225|1524|837|1050|635|474|316|2445|1109|1835|874|610|455|2431|1115|1485|797|946|642|203|336|107|177|96|159|781|496|206|190|575|431|0|225|0|225|0|225|1242|1019|280|289|962|947|5263|2317|2929|1311|2334|1232|4000|1338|2834|1169|1166|716|1094|814|787|711|307|283|1352|914|752|541|600|578|3800|2155|2306|1241|1494|1153|430|296|319|256|111|178|1728|1073|1267|812|461|370|1688|1016|1279|815|409|367|1734|1297|1251|997|483|546|451|525|451|525|0|225|10124|3238|5060|2477|5064|1615|600|556|107|110|493|526|4822|2102|1815|1062|3007|1366|0|225|0|225|0|225|5626|2054|1835|812|3791|1518|213|359|125|214|88|153|275|238|0|225|275|238|2865|1270|942|521|1923|1049|7624|1951|5365|1424|2259|995|711|691|574|659|137|169|4461|2419|3003|1760|1458|1167|1028|788|909|704|119|138|68|68|68|68|0|225|3582|1581|3393|1538|189|116|622|631|622|631|0|225|0|225|0|225|0|225|0|225|0|225|0|225|1820|1164|1496|995|324|348
314M700US3798033874|1960038|275|1659548|11101|95769|5052|57117|4379|38652|3802|6742|1720|6166|1655|576|369|3674|2040|2479|1390|1195|766|6211|1629|5035|1440|1176|625|6214|2606|5142|2463|1072|594|6305|1531|5667|1436|638|304|8439|4883|5145|2946|3294|2829|2791|1230|2087|1029|704|549|18381|5253|9181|2736|9200|3926|3898|1496|2278|858|1620|1094|1208|777|477|368|731|595|10649|4710|5917|3295|4732|2279|891|452|833|427|58|69|2642|1281|2023|1163|619|367|9168|3100|5704|2040|3464|1405|10417|2445|8964|2235|1453|1028|3121|1437|2710|1302|411|393|760|540|760|540|0|190|5801|2169|3799|1254|2002|1426|5861|2212|4918|1926|943|765|5032|2401|3838|2153|1194|656|6864|2219|5359|1842|1505|855|4721|2067|4137|2008|584|420|3120|1066|2342|992|778|470|22033|3334|13007|2454|9026|2115|2106|1152|1664|1005|442|309|12553|3014|5139|1514|7414|1970|0|190|0|190|0|190|7216|2433|3985|1560|3231|1399|1824|1034|1032|648|792|560|954|626|277|248|677|537|3351|2186|1761|1384|1590|1212|4356|1365|3607|1345|749|479|595|368|426|296|169|205|5856|2249|3765|1597|2091|1009|1158|814|1110|810|48|81|2746|1372|1526|974|1220|826|3652|1973|3488|1969|164|209|1738|1157|1509|1092|229|381|0|190|0|190|0|190|102|136|102|136|0|190|1571|773|1405|645|166|287
314M700US3798037964|2004345|269|1567560|14976|178791|8223|110463|6523|68328|6432|10617|2974|6628|1631|3989|2162|12780|4828|8849|3711|3931|1750|7510|2119|4746|1377|2764|1211|10239|4513|2632|1276|7607|3907|4273|1150|3751|1026|522|325|2304|900|2304|900|0|190|3379|1115|2557|838|822|524|17341|4672|5320|1874|12021|4180|3674|1452|2294|876|1380|1094|481|469|405|365|76|126|7718|3329|2800|1035|4918|3172|1019|804|629|550|390|328|435|369|265|265|170|258|1408|833|1281|792|127|164|5602|2112|3982|1583|1620|889|3772|2424|2109|1467|1663|1137|2020|1712|1362|1336|658|511|5938|3202|3113|1754|2825|1809|4257|3383|1911|1073|2346|2668|3964|1426|2342|1043|1622|749|2750|1576|2398|1554|352|257|1858|866|1700|874|158|167|8419|3891|4500|2304|3919|1776|45583|4985|16222|2905|29361|3426|1860|1057|1421|967|439|304|5945|1971|2803|926|3142|1430|300|485|134|218|166|270|15387|3498|6630|1742|8757|2349|3643|1544|1070|682|2573|1377|2238|1669|747|678|1491|1296|7178|3825|3663|2269|3515|2056|3642|1099|2619|785|1023|693|1644|1153|524|560|1120|924|18131|5778|12213|4379|5918|2567|970|579|913|565|57|98|3660|1710|1081|771|2579|1447|19825|7027|10540|5127|9285|3400|2268|1279|1913|1320|355|437|76|121|76|121|0|190|0|190|0|190|0|190|3886|1470|2217|961|1669|999
314M700US4186036084|2634265|604|1466147|19203|471199|12812|258669|9375|212530|9365|14921|2566|11234|1990|3687|1500|843|796|796|762|47|75|5610|1779|4783|1667|827|464|10761|2767|7506|2064|3255|1643|7850|2455|6711|2094|1139|510|1294|707|1294|707|0|221|3503|1793|3329|1758|174|179|12841|2929|7925|2226|4916|1499|2939|1389|1863|1198|1076|682|3770|2950|2298|1687|1472|1355|6169|2275|4673|1725|1496|828|1591|869|1275|515|316|503|29155|6061|17592|4173|11563|3159|9562|2775|7933|2343|1629|997|50730|4932|41727|4595|9003|2489|11929|3545|8356|2595|3573|1893|27013|5292|17442|4531|9571|2656|4481|1602|3986|1518|495|362|15454|4039|10051|2655|5403|2199|7932|2760|5440|2070|2492|1410|26374|5289|21355|4250|5019|1996|21361|3936|19919|3864|1442|670|9872|2268|8091|1762|1781|863|187123|9982|87273|6934|99850|7090|9598|2095|6366|1604|3232|1274|21040|3299|12613|2518|8427|1866|128|149|128|149|0|221|32651|5335|14221|3168|18430|3216|5059|2827|2662|1724|2397|1349|8083|4027|3317|1460|4766|3192|14744|3640|8758|2587|5986|1810|79065|6616|55091|5076|23974|3728|14485|3481|10612|3030|3873|1531|14127|3917|9219|2714|4908|2199|4534|1977|4196|1911|338|363|6580|2249|3827|1504|2753|1087|7449|2865|6731|2781|718|436|1860|938|1706|829|154|261|0|221|0|221|0|221|637|562|550|456|87|145|3801|2247|1253|841|2548|1710
314M700US4186041884|1467230|354|813652|12723|210254|7437|123179|6301|87075|7096|13971|3026|12090|2829|1881|874|333|278|333|278|0|221|4399|1584|3917|1490|482|321|8945|2282|5311|1659|3634|1598|6586|1484|5848|1353|738|438|1439|661|1323|642|116|144|1927|830|1304|671|623|457|17519|3131|10671|2649|6848|1499|2471|1484|2471|1484|0|221|633|447|563|414|70|118|1201|656|672|435|529|446|1056|698|1032|696|24|40|6835|1688|5810|1591|1025|478|2804|1583|2651|1517|153|256|16357|3742|14510|3675|1847|1017|4041|2176|2968|1682|1073|780|2574|1429|1708|892|866|798|2801|1444|2233|1084|568|664|2323|1110|1709|757|614|550|2537|847|2329|850|208|169|1698|746|1612|727|86|106|2729|1456|2653|1438|76|126|1838|742|1552|650|286|381|201732|8103|92583|5679|109149|5654|10647|2198|6002|1472|4645|1477|11860|2324|6622|1600|5238|1453|865|995|180|216|685|1046|11373|2401|5800|1388|5573|1591|586|304|309|209|277|195|3377|1607|1702|886|1675|1067|10994|3429|5327|2172|5667|1881|63586|5509|37628|4220|25958|3922|8321|2747|5982|2045|2339|1132|6855|2226|4662|1659|2193|917|2297|953|2069|932|228|220|921|850|765|769|156|191|750|688|224|199|526|629|291|275|227|260|64|84|0|221|0|221|0|221|0|221|0|221|0|221|1852|1812|1120|913|732|931
314M700US4266021794|795148|768|591784|10811|59091|5751|35931|4833|23160|3570|3732|1179|2846|969|886|497|0|217|0|217|0|217|159|194|159|194|0|217|2470|1124|1958|998|512|443|1559|752|1559|752|0|217|507|411|507|411|0|217|417|414|337|396|80|133|12081|3975|5630|2178|6451|3090|840|743|651|667|189|219|1948|2117|864|884|1084|1280|6536|3343|2402|1375|4134|2491|83|140|83|140|0|217|3864|1635|2874|1452|990|631|1056|802|969|775|87|145|6901|1964|6018|1778|883|452|3944|2215|3330|1874|614|500|2309|1225|1168|983|1141|764|733|822|365|362|368|484|2090|1206|1664|1005|426|382|2810|1096|2243|898|567|435|5277|2081|4751|1839|526|462|3261|1529|2635|1228|626|533|3143|1272|3033|1200|110|136|14856|2869|8166|1923|6690|1698|3451|1666|1940|1148|1511|832|7473|1997|3546|1206|3927|1188|588|564|150|189|438|531|15615|4870|8015|3021|7600|2472|3768|1664|1662|829|2106|1262|3922|2109|1458|765|2464|1496|1982|990|1248|688|734|620|6359|2122|4651|1786|1708|754|5239|1832|2826|1170|2413|1093|4976|2117|3826|1697|1150|714|75|121|75|121|0|217|6673|2463|3933|1508|2740|1378|1075|933|749|560|326|519|2282|1236|1992|1145|290|282|0|217|0|217|0|217|49|58|49|58|0|217|170|137|129|116|41|67
314M700US4266042644|2156941|-555555555|1493083|18684|154566|7110|91368|5582|63198|5835|9703|2317|8685|2196|1018|479|279|301|63|108|216|284|2597|994|2143|890|454|303|7978|2622|6474|1932|1504|867|6513|1538|6044|1482|469|319|1705|827|1489|692|216|209|1372|651|1110|490|262|252|22243|5040|12555|3510|9688|2572|2249|981|1713|785|536|435|2326|1202|1870|1116|456|302|17967|5462|9732|3375|8235|3120|957|741|412|322|545|667|9279|2834|6651|2209|2628|1158|4644|2130|3465|1685|1179|835|34982|5525|31604|5297|3378|1285|2702|1256|2318|1030|384|377|8974|3632|5443|2505|3531|1544|3945|1509|3386|1326|559|572|9100|3305|7694|2836|1406|910|12051|2970|9890|2673|2161|1032|14435|3449|11735|2894|2700|1201|8507|2704|6624|2198|1883|1298|5556|1949|4883|1742|673|565|108536|7891|59699|5243|48837|4916|13090|2115|8829|1621|4261|1214|26419|4720|14152|2860|12267|2781|636|670|535|529|101|166|40113|4785|17675|3020|22438|3223|3592|1045|1943|753|1649|664|5753|2046|2305|917|3448|1672|7686|2635|4781|1498|2905|1719|31275|4829|21277|3758|9998|2249|13531|3087|9196|2213|4335|1399|14457|5222|10664|4018|3793|1836|4614|2131|4360|2083|254|250|33885|6297|20321|4579|13564|2955|2236|1000|1916|955|320|331|8823|2877|6928|2601|1895|991|138|148|96|123|42|74|2406|1834|2055|1796|351|452|2038|696|1854|643|184|153
314M700US4530041304|925312|249|774071|6727|72138|4335|42977|3281|29161|3316|4291|1058|3827|1111|464|354|750|413|512|389|238|66|3543|1179|2545|930|998|626|2293|939|1656|868|637|391|3466|1424|3203|1271|263|229|311|195|311|195|0|243|4972|1826|3121|1295|1851|1119|3951|1453|2373|1103|1578|761|4271|2500|2526|1541|1745|1231|5893|2216|2981|1185|2912|1593|3845|1159|2283|851|1562|772|128|212|0|243|128|212|1093|816|848|765|245|253|1996|1177|1372|1044|624|465|2770|1907|2208|1282|562|787|736|940|460|523|276|444|0|243|0|243|0|243|1139|1045|522|602|617|531|500|735|420|601|80|138|3401|1327|1862|778|1539|946|358|332|358|332|0|243|183|203|151|176|32|52|237|196|237|196|0|243|1683|794|797|381|886|579|221|209|198|193|23|39|551|444|106|107|445|403|0|243|0|243|0|243|9326|2083|3894|1425|5432|1330|759|683|360|388|399|327|1557|819|451|360|1106|673|1866|1320|946|777|920|1041|3489|1705|2719|1506|770|507|591|422|308|269|283|284|5252|2533|3316|1466|1936|1275|286|301|286|301|0|243|0|243|0|243|0|243|0|243|0|243|0|243|1377|1707|1185|1420|192|309|0|243|0|243|0|243|0|243|0|243|0|243|2018|1823|1756|1804|262|237
314M700US4530045294|2255351|355|1649762|16368|432575|12555|246011|11451|186564|10083|7667|2005|6245|1966|1422|609|15478|4078|9106|2748|6372|2603|3520|949|2967|823|553|357|13492|3261|10317|2481|3175|1460|5783|1501|5096|1469|687|417|1142|1117|1142|1117|0|243|4707|1887|3391|1426|1316|692|9034|3548|5056|1834|3978|2483|4992|2651|3742|2123|1250|712|1699|1541|1424|1467|275|336|2661|1250|1413|719|1248|723|87|144|87|144|0|243|808|778|652|739|156|199|6984|2051|4646|1333|2338|998|6181|2656|4653|1967|1528|908|3360|1743|2736|1353|624|578|67|112|67|112|0|243|1323|1074|1044|854|279|286|1703|871|1423|778|280|335|3362|1527|2059|825|1303|966|5048|2072|4402|1953|646|429|3778|2115|3034|1965|744|601|3269|1188|2303|846|966|481|9781|2889|5139|1774|4642|1596|2354|1725|1638|1365|716|516|2540|1482|862|617|1678|1078|0|243|0|243|0|243|13229|3152|6738|1967|6491|2028|105|171|105|171|0|243|1014|565|508|394|506|326|1657|868|1055|641|602|450|6442|2236|4893|1985|1549|633|661|503|575|443|86|142|23294|7058|16816|5495|6478|2832|300|254|280|254|20|3|907|737|555|484|352|328|1940|1732|1549|1325|391|443|155|187|155|187|0|243|0|243|0|243|0|243|68|106|68|106|0|243|2422|1289|1819|1137|603|572
314M700US4790011694|2969412|2607|1986801|16740|421825|10644|247137|10462|174688|9925|18336|3525|14863|2851|3473|1365|1706|827|1651|818|55|96|4335|1602|4105|1569|230|230|7024|2152|5136|1601|1888|1078|9951|1992|8492|1756|1459|665|1864|1040|1664|945|200|207|4013|1680|3331|1303|682|627|12711|3687|8935|2607|3776|1440|1452|525|1226|458|226|217|1815|1348|1425|1080|390|357|5722|2003|4390|1659|1332|995|1522|1055|1309|962|213|235|39803|7069|26012|4612|13791|3686|4877|1429|3641|1110|1236|583|27760|3918|24459|3734|3301|962|37684|6473|26033|4392|11651|3268|8499|3069|6107|2363|2392|1224|14786|3970|8731|2126|6055|2343|15719|3798|11023|3058|4696|1767|15392|3426|11789|2767|3603|1051|19582|4123|17680|3947|1902|778|8315|2073|7308|1902|1007|511|4566|1752|3975|1597|591|493|39695|4262|24269|3083|15426|2570|7553|2042|5525|1543|2028|772|41773|5050|19024|2935|22749|3687|180|175|180|175|0|210|33662|6006|14504|3910|19158|3240|3174|1245|1538|772|1636|905|8788|2366|5773|1926|3015|1189|16043|4515|9423|2419|6620|3571|20738|3482|14889|2679|5849|1315|5071|1968|3485|1623|1586|725|47447|6821|33244|6019|14203|2525|551|415|381|323|170|246|44087|6208|28905|4489|15182|3161|17206|2866|14625|2493|2581|1165|3042|1328|2559|1098|483|708|50|4|0|210|50|4|133|159|76|131|57|94|4159|1402|2383|774|1776|1022
314M700US4790023224|1275118|217|786635|11771|207888|5815|114697|7191|93191|7298|29638|5184|22903|4382|6735|2336|5305|3224|3795|2170|1510|1257|2117|897|1601|755|516|336|8177|3367|5120|1874|3057|2031|4773|1353|4563|1336|210|202|1044|492|998|496|46|74|1898|1133|1629|951|269|303|9707|2379|6044|1693|3663|1239|1182|694|995|654|187|186|404|429|404|429|0|225|5038|3013|2884|1800|2154|1903|887|642|751|505|136|174|7982|1815|4352|1097|3630|1247|5088|2460|3405|1538|1683|1278|11492|2563|10306|2372|1186|696|5174|2057|4077|1751|1097|855|2970|2140|2184|1676|786|696|6878|2546|5402|2146|1476|788|6088|2082|4779|1803|1309|766|4217|1753|3442|1387|775|527|4150|1885|3613|1749|537|376|2025|1088|1596|961|429|500|3913|1785|3084|1454|829|566|35958|4484|20877|2956|15081|2626|5323|2463|3910|2287|1413|695|15077|3380|7605|1999|7472|2015|0|225|0|225|0|225|10053|2492|4365|1308|5688|1627|2333|1794|1226|1243|1107|759|1482|701|1016|570|466|316|4767|2044|3467|1587|1300|841|12885|2336|8195|1973|4690|1940|2994|1413|2264|1224|730|517|8134|2382|6099|2066|2035|1398|3331|1093|3185|1000|146|193|27066|5216|17966|4101|9100|2823|11538|3050|8732|2426|2806|1310|6348|2831|5264|2334|1084|1034|0|225|0|225|0|225|128|152|59|94|69|117|3031|1361|2515|1187|516|509
314M700US4790047764|1694039|315|1282453|12608|236869|6358|115088|6234|121781|5818|26076|4782|20663|4029|5413|1942|5942|2952|4772|1982|1170|1480|3541|1434|3100|1429|441|324|4152|1902|3377|1935|775|447|3939|1363|3624|1271|315|301|1298|846|1044|676|254|425|998|591|998|591|0|210|2954|940|2768|929|186|115|463|337|463|337|0|210|1153|915|810|645|343|330|1065|577|875|509|190|182|175|226|175|226|0|210|4904|1964|2648|1068|2256|1158|1418|604|1304|584|114|125|5240|1438|3655|920|1585|864|2970|1135|2201|995|769|721|618|604|345|293|273|360|2452|1357|1833|1236|619|493|1235|658|1129|670|106|135|1367|599|1179|536|188|159|894|603|863|588|31|49|948|535|782|426|166|197|759|520|690|500|69|99|11173|2173|7060|1553|4113|1335|1020|507|635|427|385|309|5435|1616|3030|1225|2405|933|0|210|0|210|0|210|3273|1305|1125|513|2148|983|199|193|85|122|114|137|770|466|560|391|210|255|2678|1318|1778|928|900|519|8867|2116|6752|1831|2115|766|1890|1019|791|535|1099|743|5232|2301|4467|1924|765|696|635|397|589|394|46|76|14274|4127|9248|3292|5026|2104|31618|7309|25980|6364|5638|2062|6106|2777|5411|2816|695|453|0|210|0|210|0|210|0|210|0|210|0|210|6986|3067|4452|1836|2534|1853
330M700US104|1136430|1570|1029558|6881|33368|3217|22468|2551|10900|2155|5688|1434|4708|1298|980|509|3267|1995|2324|1288|943|817|4414|1048|3566|979|848|325|3071|1923|1399|760|1672|1517|3446|1291|2611|985|835|669|1502|792|1290|703|212|221|1054|681|868|618|186|162|1691|764|1200|626|491|354|1841|823|1429|668|412|372|1099|847|593|501|506|472|1234|711|690|424|544|542|555|875|555|875|0|218|851|514|641|421|210|210|924|972|721|918|203|291|954|526|894|528|60|84|3183|1741|2184|1094|999|749|688|655|513|484|175|186|2338|1292|1816|1013|522|458|1200|762|680|401|520|476|2873|1202|2068|1004|805|573|3877|2087|3295|1847|582|496|786|808|555|497|231|340|396|514|396|514|0|218|7399|2016|3672|1371|3727|1176|363|260|260|255|103|102|1826|908|1248|660|578|493|0|218|0|218|0|218|690|523|48|92|642|516|337|378|109|187|228|263|375|361|104|118|271|321|1629|985|925|665|704|443|1986|659|1594|566|392|338|765|543|417|285|348|459|5247|2689|3963|2413|1284|651|327|318|327|318|0|218|455|368|374|308|81|104|1455|762|1097|716|358|262|1147|1111|791|620|356|547|0|218|0|218|0|218|0|218|0|218|0|218|2571|1333|1963|1155|608|376
330M700US106|990814|995|793395|7650|134610|6212|68687|5620|65923|5662|2265|866|2084|865|181|144|1470|998|1188|801|282|265|1899|831|1186|582|713|534|4510|1509|3183|1101|1327|753|2323|690|1883|641|440|221|1542|856|1520|855|22|37|1293|666|976|553|317|250|1984|1050|1051|854|933|508|3510|1625|2256|1364|1254|535|318|369|213|218|105|188|1775|914|1025|551|750|515|183|302|183|302|0|210|843|645|301|365|542|498|5338|2248|3553|1623|1785|964|2264|1009|2003|927|261|305|2311|1477|1773|1062|538|486|151|194|119|185|32|59|230|381|0|210|230|381|1407|775|888|585|519|402|1675|887|1225|625|450|477|529|489|276|322|253|303|1593|1011|1255|778|338|359|414|387|69|94|345|355|4578|1565|2318|792|2260|1236|282|237|237|193|45|68|827|562|407|466|420|292|0|210|0|210|0|210|1155|740|681|522|474|428|59|108|0|210|59|108|142|200|142|200|0|210|1002|795|641|547|361|300|1880|885|1586|836|294|276|265|315|0|210|265|315|7570|2712|4984|2181|2586|1209|756|899|502|613|254|317|0|210|0|210|0|210|2238|1015|1726|888|512|603|1040|791|602|645|438|402|0|210|0|210|0|210|0|210|0|210|0|210|1188|791|896|702|292|306
330M700US122|6808184|4801|5472825|27613|692576|12960|390064|11300|302512|11129|31771|5036|24565|3752|7206|2511|16255|3898|12786|3279|3469|1515|4569|1396|3935|1203|634|518|26382|5697|18116|4229|8266|3159|14325|2798|12457|2663|1868|902|5098|1955|4964|1960|134|124|1700|682|1649|650|51|84|12607|2613|8111|1916|4496|1348|3225|1859|2402|1439|823|616|8382|3377|6451|2955|1931|846|7287|2457|4357|1504|2930|1173|357|359|357|359|0|210|14757|3498|8971|2282|5786|2254|21994|4398|15202|3482|6792|1862|34177|4876|28913|4286|5264|1758|12377|2796|8966|2013|3411|1233|3277|1893|1472|932|1805|1537|13334|3752|8765|2871|4569|1559|10172|2976|7174|1972|2998|2125|15534|4106|10015|2873|5519|2048|24106|3909|20352|3529|3754|1331|16402|3759|13777|3270|2625|1140|7159|1883|5686|1619|1473|859|56068|6216|29081|4197|26987|3457|8034|2128|5021|1604|3013|1061|45119|4689|20655|3149|24464|2690|2816|1341|1374|823|1442|1082|51412|4831|17013|2549|34399|3919|2155|1200|1299|898|856|490|5963|2305|2619|1252|3344|1493|16378|3950|9480|2691|6898|2061|11096|2330|7202|1655|3894|1496|2693|1640|2036|1140|657|561|19610|5715|14841|5016|4769|1520|3442|1915|2815|1596|627|577|31418|6850|19487|4710|11931|3722|52661|8422|44785|7581|7876|2317|16242|4408|12841|3544|3401|2034|0|210|0|210|0|210|506|346|475|356|31|54|11923|3243|9567|2507|2356|1590
330M700US148|7936083|1670|6063092|24805|733943|13111|420024|11894|313919|12003|55267|4521|44086|4190|11181|1871|89206|8957|55302|6467|33904|4624|28272|3933|20898|3223|7374|1874|269818|17856|145006|10457|124812|10600|18921|2984|17760|2915|1161|699|3041|1277|2723|1250|318|297|20438|3352|15173|2709|5265|1802|35676|5005|23249|4197|12427|2391|12913|2398|9691|1826|3222|1202|4153|1264|3209|1231|944|512|11765|2507|8014|2024|3751|1125|7989|2388|5319|2034|2670|1174|10724|2910|7471|1998|3253|1364|11654|2642|8613|2025|3041|1122|36035|5774|30960|5014|5075|1796|9500|2498|7735|2027|1765|883|4747|2274|3696|1812|1051|856|8005|2283|6098|1951|1907|954|13640|2988|10187|2467|3453|1256|27167|4525|18117|3339|9050|2567|17813|4187|15033|3567|2780|1595|13370|3010|11012|2548|2358|1035|8339|2172|6685|1775|1654|988|151395|9010|81988|5501|69407|6081|8548|1742|6022|1454|2526|788|20071|3528|11643|2304|8428|2184|251|371|123|210|128|167|40304|6030|17118|3649|23186|3821|26633|4789|11699|2978|14934|3068|10752|3406|4534|2058|6218|1954|13049|3243|10582|2743|2467|1335|12713|3189|9025|2592|3688|1370|4684|1895|2199|860|2485|1428|45330|7074|31268|5150|14062|3292|9574|3495|8574|3021|1000|607|12736|3886|9027|3110|3709|1474|26106|4712|20348|4031|5758|1740|26859|5138|19847|4127|7012|2394|0|210|0|210|0|210|609|424|609|424|0|210|10981|4241|7108|2394|3873|2540
330M700US160|1168562|537|1052709|8060|34309|4337|24092|3445|10217|2236|4097|2482|3636|2124|461|472|360|368|314|355|46|56|4054|1155|2705|901|1349|793|1992|2009|1362|1621|630|615|2366|1334|2068|1332|298|214|2727|1578|1820|1210|907|594|529|361|406|333|123|196|3197|1747|1970|1603|1227|558|2391|932|2087|917|304|231|809|500|418|349|391|311|1525|928|1046|656|479|386|3|6|3|6|0|218|2141|2388|1456|1510|685|923|782|808|397|394|385|468|2413|1188|1479|868|934|506|2120|1311|859|574|1261|850|759|564|265|254|494|476|10819|2610|4340|1334|6479|1665|1442|917|563|366|879|663|2084|1435|983|703|1101|913|677|416|406|362|271|244|1451|1892|1412|1895|39|65|1008|745|280|258|728|598|6741|1813|3106|990|3635|1349|218|275|218|275|0|218|883|427|639|354|244|294|0|218|0|218|0|218|1615|846|517|334|1098|713|0|218|0|218|0|218|476|458|363|346|113|163|3003|1352|1502|720|1501|843|1147|590|725|411|422|308|110|188|110|188|0|218|9351|3002|6479|2510|2872|1295|1026|676|745|484|281|471|727|967|432|513|295|461|2444|2039|1704|1444|740|695|2057|1168|750|671|1307|935|0|218|0|218|0|218|462|298|380|274|82|92|1538|1386|1446|1387|92|91
330M700US172|3195495|2396|2712759|14463|292120|9610|156596|9170|135524|6980|11315|2579|7509|2097|3806|1689|1490|815|1042|647|448|423|3642|1568|2888|1319|754|520|5380|1634|3503|1170|1877|1159|8765|2718|7362|2047|1403|1404|2787|1311|2692|1268|95|114|2440|1003|2131|902|309|261|7055|2291|3145|1253|3910|1677|1629|758|1447|692|182|187|1841|1769|1203|1136|638|673|3205|1330|1812|816|1393|785|229|389|229|389|0|210|1327|885|916|585|411|351|7501|1980|4649|1506|2852|1128|11370|2701|9959|2474|1411|665|2405|1268|1958|1193|447|386|490|756|490|756|0|210|1886|1210|1484|999|402|354|4848|1915|3483|1445|1365|816|6072|2260|4019|1557|2053|1622|17818|3829|13873|3220|3945|1740|5514|2561|3580|1610|1934|1413|3236|1543|3090|1529|146|238|10156|2096|6282|1577|3874|1185|2122|1204|1279|981|843|472|2641|1295|1684|948|957|605|8152|1617|5444|1494|2708|797|12529|2875|4051|1335|8478|2340|3037|1885|1623|1094|1414|1047|3018|1275|1356|749|1662|878|4280|1876|2307|1188|1973|1118|6125|1718|4530|1453|1595|761|2251|1045|1188|687|1063|656|5565|2459|3957|1921|1608|881|1059|878|952|857|107|128|8642|6993|4980|5088|3662|2435|4460|2411|3932|2424|528|536|1836|1052|1521|990|315|240|0|210|0|210|0|210|1160|888|676|647|484|628|1338|945|1067|766|271|278
330M700US176|9275502|2612|6518037|27939|1627659|18340|991963|17220|635696|15557|25278|4798|19394|4117|5884|2064|6897|2657|3806|1449|3091|1973|24487|2882|16877|2499|7610|1515|8407|2378|7104|2180|1303|642|22396|2757|20664|2680|1732|659|5217|1852|5217|1852|0|210|25388|3088|19167|2718|6221|1737|47042|6751|26998|4436|20044|4238|159931|10044|87250|7171|72681|5935|28103|5054|20054|4147|8049|1822|62295|7946|33121|4340|29174|5363|2785|1161|2061|916|724|541|9071|2222|6372|1812|2699|1004|51217|7206|29485|5163|21732|4313|40597|5105|34353|4454|6244|1678|60092|7734|43691|5641|16401|3616|4818|1886|3648|1699|1170|710|6899|2586|5575|2171|1324|1187|13247|4628|7236|1930|6011|3822|51848|7502|33943|5955|17905|3682|19504|3965|17071|3615|2433|959|12095|2289|10407|2034|1688|795|19040|3959|13817|2766|5223|1776|95603|7818|44060|4319|51543|5726|11419|2353|7191|1642|4228|1512|33555|4492|17349|3159|16206|2748|139|168|73|122|66|114|18982|3653|9660|2135|9322|2309|3606|1503|1877|966|1729|780|7773|2121|4326|1280|3447|1319|20142|4142|11043|2661|9099|2596|81972|6222|62435|5348|19537|3517|10034|2970|6830|2495|3204|1299|72787|9179|47931|6786|24856|4118|6754|2178|6686|2176|68|80|18419|4909|12198|3732|6221|2192|30165|6715|24047|6026|6118|2180|4207|1926|4175|1926|32|41|23|36|23|36|0|210|453|339|453|339|0|210|7119|2131|5055|1797|2064|994
330M700US178|2179085|3563|2011646|9938|65125|4780|38351|3659|26774|3428|7829|3119|4456|1681|3373|1923|815|931|258|390|557|870|1822|843|1423|719|399|428|1608|1008|1274|877|334|260|5233|1437|3994|1145|1239|806|1674|923|1074|711|600|642|1263|741|1263|741|0|210|4060|1630|2023|1021|2037|985|416|408|416|408|0|210|985|927|535|782|450|511|1049|926|503|357|546|858|0|210|0|210|0|210|681|525|114|134|567|513|657|574|386|451|271|288|4182|1633|3457|1476|725|391|3068|1492|2459|1340|609|426|961|1074|717|703|244|405|1104|698|982|687|122|153|5609|2605|3216|1613|2393|1355|2221|1334|1440|672|781|937|3017|1492|2285|1301|732|539|2691|1340|2303|1326|388|488|1842|1002|1595|831|247|279|9088|2395|6074|1789|3014|1065|2528|1073|1288|728|1240|687|2200|1103|1321|665|879|594|52|82|52|82|0|210|4827|1864|2535|1249|2292|1060|897|894|383|519|514|696|719|541|399|444|320|285|4950|3527|3772|3014|1178|975|3242|1293|2489|1015|753|488|350|271|268|211|82|98|9436|3651|6322|3140|3114|1374|197|191|197|191|0|210|2177|1327|1514|1167|663|694|5297|2147|4273|1919|1024|660|2054|1271|2016|1271|38|64|0|210|0|210|0|210|0|210|0|210|0|210|1513|1028|710|539|803|782
330M700US184|3537712|2555|3227216|12166|108179|5922|64794|5121|43385|3970|5691|1672|4527|1474|1164|636|679|1069|0|208|679|1069|5498|1272|4461|1229|1037|425|1031|527|894|486|137|151|14186|3097|11080|2174|3106|1473|34208|5449|24352|4310|9856|2890|3261|845|2286|706|975|585|8351|2311|5444|1809|2907|1294|2953|972|1975|750|978|657|7507|2376|4916|2120|2591|868|11955|3137|5508|1552|6447|2354|47|77|47|77|0|208|1961|1344|1231|1077|730|574|2977|1367|2090|1053|887|577|5935|2409|4258|2147|1677|1000|1515|1402|1015|891|500|556|3702|2632|2409|1940|1293|1175|1034|851|736|485|298|494|9040|4061|5083|3062|3957|1670|9586|2765|6988|2415|2598|884|2271|1197|1380|944|891|615|975|550|975|550|0|208|1885|874|1655|851|230|306|13130|2603|7057|1904|6073|1776|1815|941|813|451|1002|891|3497|1558|1614|774|1883|1235|0|208|0|208|0|208|3948|1284|2099|861|1849|703|1318|1041|369|377|949|788|1371|738|665|374|706|549|4275|2340|1497|1139|2778|1796|5294|1998|3496|1375|1798|879|816|531|414|308|402|416|16211|3935|10554|2889|5657|1737|2136|1114|1807|1078|329|489|526|493|282|268|244|412|3939|2029|3442|1922|497|379|2704|1655|999|594|1705|1223|12|22|12|22|0|208|225|190|215|186|10|19|4852|1491|2874|1084|1978|1010
330M700US198|2488810|1501|2206436|13986|81095|5326|45139|4120|35956|3793|12761|4041|7848|2411|4913|2344|4056|2360|1999|1393|2057|1219|969|532|799|548|170|253|4400|1886|2594|1300|1806|1518|5108|1905|4098|1551|1010|767|7758|3360|6019|3034|1739|856|1030|559|1000|550|30|53|3656|1631|1355|543|2301|1411|317|306|273|247|44|75|690|713|599|574|91|149|2499|1101|1314|741|1185|750|0|208|0|208|0|208|4410|2994|2812|2773|1598|876|2324|1224|1333|1046|991|480|7041|2213|6049|1969|992|727|2063|1207|1517|905|546|444|587|716|293|327|294|487|3903|1893|3145|1705|758|561|18548|4172|7364|1964|11184|3409|2660|1369|1661|1075|999|823|8870|2591|6843|2388|2027|913|4185|1969|2513|1283|1672|1227|1575|960|1263|817|312|526|13447|2668|7913|2174|5534|1584|4754|1402|2432|934|2322|1172|4706|1692|2753|1064|1953|991|0|208|0|208|0|208|4570|1825|2393|1359|2177|841|1394|1014|362|284|1032|805|2034|905|1117|605|917|595|2518|1298|1408|880|1110|759|4344|2493|2596|1307|1748|1376|855|424|639|357|216|279|15133|4100|8568|2653|6565|2555|669|457|629|431|40|68|28519|5581|16789|3814|11730|3384|14765|5340|10203|4002|4562|1997|2790|1646|1753|1267|1037|997|0|208|0|208|0|208|500|555|270|328|230|256|871|558|812|558|59|100
330M700US206|8113143|1811|5561321|27082|1739676|20261|1032621|18955|707055|18248|26023|4972|20935|4585|5088|1593|1729|871|1530|834|199|270|3135|997|2730|903|405|308|17752|4649|14537|4049|3215|1368|14001|2321|13002|2206|999|538|3191|1418|2858|1336|333|340|1219|651|1109|593|110|130|11908|3249|9233|2839|2675|908|1756|1062|1375|953|381|306|7620|3647|6575|3582|1045|506|5227|1812|3419|1147|1808|1253|1367|1202|1204|1176|163|196|24429|6048|14483|3723|9946|3402|21734|4112|14892|3219|6842|1706|56461|6527|49061|6092|7400|1849|35107|6145|27403|5151|7704|1976|3035|1325|2128|1030|907|520|16379|4081|11872|3003|4507|1841|31803|5704|20947|4045|10856|2917|13947|3928|11190|3277|2757|1219|56439|6610|47945|6116|8494|2153|31549|6211|26744|5510|4805|1585|27085|5170|19987|3950|7098|2074|58600|6480|34004|5020|24596|3643|9526|2621|5241|1449|4285|1504|29988|4099|15904|2835|14084|2539|418|381|261|281|157|265|86156|9546|36792|5162|49364|6668|3809|1331|1575|771|2234|993|10147|3380|6389|2558|3758|1269|11874|3645|7530|2496|4344|1606|25609|4534|19181|3748|6428|1876|10648|5371|7960|5646|2688|1328|49127|8127|35835|7052|13292|3535|2563|922|2563|922|0|210|26345|6154|14452|4087|11893|3487|44311|7941|37462|6952|6849|2414|25599|6004|20102|5327|5497|2295|11|21|11|21|0|210|1752|1093|1437|865|315|339|2767|1131|2439|1116|328|272
330M700US216|3495422|1050|2835773|17011|443159|16603|283636|13087|159523|9788|13418|2991|11049|2822|2369|974|288|463|288|463|0|220|1809|842|1691|794|118|152|4549|2211|3998|2025|551|587|9983|1920|9156|1877|827|418|2688|1016|2508|948|180|208|2423|1897|2338|1896|85|144|17317|3891|9066|2554|8251|2531|4616|1387|4260|1349|356|282|1094|669|848|538|246|252|4476|1859|2298|1115|2178|1303|398|340|398|340|0|220|5748|2618|3152|1773|2596|1362|1421|826|1291|771|130|141|6995|1713|5784|1424|1211|631|1916|976|1370|833|546|505|1971|1971|742|537|1229|1661|1359|1223|919|732|440|527|5643|2255|2407|1012|3236|1643|5603|1676|4613|1466|990|684|3683|1351|3265|1165|418|328|3431|1598|2997|1558|434|378|3007|1495|2746|1491|261|269|16620|2364|10173|1821|6447|1961|4568|1695|3038|1349|1530|669|9850|2626|6494|2001|3356|1099|1726|975|1386|864|340|260|18103|4329|7655|2192|10448|3042|1541|1198|928|822|613|611|2831|1213|1176|557|1655|1010|4991|2888|2561|1559|2430|1489|6641|1931|5558|1668|1083|577|4515|1644|2587|1420|1928|931|13854|3912|8775|2495|5079|2586|1941|1120|1914|1125|27|56|15365|3401|8575|2521|6790|1948|3673|1937|2863|1611|810|670|1138|797|974|755|164|204|215|139|79|96|136|102|707|303|609|277|98|117|4375|2977|3426|2316|949|1129
330M700US220|5075129|988|4388402|17185|151759|6641|97197|5730|54562|5375|11542|2502|8910|2046|2632|916|554|433|318|252|236|380|10091|1790|6224|1300|3867|1299|5202|1438|3902|1346|1300|485|17358|3162|15948|2947|1410|599|1749|588|1270|482|479|387|4346|1195|3502|1066|844|400|9279|2857|5071|1500|4208|1807|12817|2939|10348|2700|2469|823|6214|2234|4563|2015|1651|692|14125|3572|6921|1542|7204|2512|1670|776|1207|600|463|293|4137|2338|2110|989|2027|1618|9513|3118|6179|2134|3334|1404|12544|2682|11201|2721|1343|539|13493|3361|10149|2914|3344|1661|5995|2324|4931|2145|1064|600|33280|5877|19704|4399|13576|3464|7644|2581|5941|2071|1703|1140|32931|4852|20357|3588|12574|2616|15042|3363|10399|2544|4643|1891|9535|2488|7386|1954|2149|1022|8761|2612|6782|1964|1979|1253|31953|4214|16074|2838|15879|2478|10514|2563|4189|1249|6325|2082|12788|3301|7195|2095|5593|1702|3776|1844|2786|1560|990|647|9094|2420|4756|1582|4338|1606|543|548|361|347|182|253|1358|748|736|397|622|488|407|240|197|145|210|181|12159|2726|8137|1946|4022|1863|2571|1207|1471|894|1100|686|161855|11597|85521|9330|76334|8064|1662|847|1232|597|430|370|26262|5125|14601|3299|11661|3201|7997|2632|6850|2655|1147|739|1858|1305|1114|749|744|1040|0|184|0|184|0|184|292|203|160|168|132|141|2057|809|1907|751|150|156
330M700US260|1241466|850|704282|13067|428032|13187|271384|10988|156648|9422|2403|1070|1983|878|420|415|0|221|0|221|0|221|419|235|280|200|139|121|3486|1583|2756|1277|730|519|895|618|835|609|60|215|58|75|18|33|40|67|67|112|0|221|67|112|1201|791|926|635|275|324|110|183|110|183|0|221|97|104|97|104|0|221|346|372|160|194|186|211|5258|2563|3802|1777|1456|1240|517|417|316|283|201|210|562|565|350|326|212|361|2258|1098|1511|947|747|605|357|357|228|212|129|164|21956|6511|13583|4501|8373|2653|0|221|0|221|0|221|1320|1123|1089|946|231|300|666|826|621|819|45|74|156|261|79|133|77|130|275|323|275|323|0|221|1607|1929|622|588|985|1452|4560|1573|1924|878|2636|1141|1730|882|1139|747|591|323|1910|1399|951|701|959|804|21473|4472|11157|3190|10316|2275|3553|1322|1429|616|2124|979|3419|1764|1071|587|2348|1533|5030|2058|2681|1715|2349|830|960|606|609|536|351|302|11019|2837|8004|2147|3015|1108|2564|1577|1818|1486|746|388|5785|3214|3689|1934|2096|1447|143|180|143|180|0|221|595|896|369|531|226|386|542|499|491|501|51|79|270|328|270|328|0|221|0|221|0|221|0|221|230|298|230|298|0|221|1355|1471|555|405|800|1117
330M700US266|1417058|722|1280138|6955|86040|5837|53150|4843|32890|4218|2137|934|1436|711|701|482|507|554|273|291|234|391|190|139|190|139|0|184|2024|1750|376|282|1648|1725|3503|911|2917|848|586|289|4712|1573|3051|1267|1661|686|160|202|160|202|0|184|755|483|606|429|149|225|1182|548|801|361|381|380|1823|1162|1475|1118|348|290|704|494|453|391|251|283|0|184|0|184|0|184|133|178|45|75|88|157|15|32|15|32|0|184|1239|1142|666|662|573|696|89|105|89|105|0|184|264|369|103|154|161|278|399|645|97|155|302|494|2756|1582|1590|902|1166|753|1321|605|1000|551|321|242|1329|952|1089|914|240|236|577|523|246|243|331|310|0|184|0|184|0|184|2984|1125|1477|780|1507|622|330|315|194|226|136|208|530|392|257|274|273|254|734|734|734|734|0|184|5117|1700|1377|813|3740|1400|723|558|412|447|311|336|837|507|516|371|321|366|3014|1704|1260|894|1754|955|683|404|404|278|279|231|545|508|310|310|235|280|3060|1821|1718|1183|1342|1306|109|184|109|184|0|184|780|1084|780|1084|0|184|521|431|443|414|78|88|4829|2799|1503|987|3326|2438|0|184|0|184|0|184|67|115|67|115|0|184|198|155|198|155|0|184
330M700US268|1644023|1471|1405160|9550|156017|5732|93117|5477|62900|5197|5582|2294|4682|1923|900|600|2944|2041|2741|1897|203|316|1507|832|1399|807|108|178|2483|1626|846|479|1637|1437|3082|1666|2577|1507|505|390|1047|789|933|774|114|134|723|513|707|510|16|25|1455|997|571|423|884|884|509|445|509|445|0|222|868|553|466|446|402|244|845|685|653|659|192|188|0|222|0|222|0|222|224|233|224|233|0|222|849|936|594|744|255|285|2020|876|1443|628|577|487|3207|2085|2163|1554|1044|888|222|379|79|141|143|245|46|79|46|79|0|222|3921|2802|1306|1061|2615|2246|2515|1408|1922|997|593|554|1494|897|1072|680|422|337|433|373|326|325|107|178|471|363|471|363|0|222|4675|1826|2507|1074|2168|1144|2668|1532|2323|1346|345|387|1258|782|797|557|461|329|102|147|102|147|0|222|4544|1759|1535|1037|3009|1089|1515|1226|793|626|722|677|1859|1124|512|404|1347|843|2078|1416|703|577|1375|983|4829|1476|4172|1272|657|515|1428|764|659|467|769|484|3188|1651|2420|1287|768|592|137|139|137|139|0|222|2952|2551|1268|1270|1684|1422|5271|3646|3688|2523|1583|1555|6587|4283|4482|3376|2105|2272|0|222|0|222|0|222|159|146|102|110|57|75|3149|1961|2112|1623|1037|864
330M700US276|1250518|1009|1110135|7613|71317|4631|39285|3736|32032|3881|2994|1636|1431|643|1563|1350|1576|967|428|372|1148|825|1634|727|1061|555|573|387|639|400|425|370|214|175|2934|925|2388|864|546|326|7372|2991|5699|2606|1673|788|920|688|817|674|103|119|1494|964|1299|867|195|231|1058|1043|851|1016|207|272|1343|703|993|575|350|255|514|381|312|281|202|260|104|132|43|78|61|105|569|460|285|257|284|337|2837|1937|2342|1542|495|484|1962|980|1384|861|578|438|1730|984|1233|818|497|420|848|720|730|594|118|165|1613|1777|616|485|997|1425|7267|2239|2857|1160|4410|1702|1409|1180|910|711|499|630|705|441|649|447|56|96|2050|1592|1859|1468|191|250|1740|1365|1652|1314|88|167|3193|1332|1769|934|1424|898|611|504|337|317|274|290|1182|813|412|332|770|557|0|190|0|190|0|190|3102|1057|1381|565|1721|642|598|620|178|208|420|425|816|737|76|133|740|723|1159|998|936|837|223|196|2375|1041|1838|829|537|473|421|420|123|156|298|314|5370|2123|2752|1470|2618|1314|151|163|80|111|71|122|310|407|253|388|57|99|3101|1715|2705|1623|396|438|929|886|738|856|191|228|0|190|0|190|0|190|59|102|0|190|59|102|377|278|370|277|7|11
330M700US288|7210253|2013|4323501|28315|2138680|21714|1194080|23174|944600|23786|28857|5733|24194|5222|4663|1737|6858|2147|6393|2261|465|595|3150|837|2503|785|647|450|17976|4314|14560|3601|3416|1897|10092|1725|9277|1565|815|549|4446|2160|3824|2232|622|476|2864|1114|2065|933|799|581|16003|4997|9291|3246|6712|2649|2514|1002|1514|699|1000|622|4431|2103|3890|1783|541|458|5567|1941|3931|1655|1636|779|603|463|566|452|37|61|20380|5423|12580|3923|7800|2774|14566|4654|8997|2795|5569|2351|39663|6108|30237|5010|9426|3077|41504|6671|28159|4857|13345|3889|5771|3080|3325|1839|2446|1786|6073|2081|4194|1590|1879|998|19154|5068|13990|3815|5164|2033|12395|3700|7912|2349|4483|2212|13685|3484|11900|3322|1785|1069|12204|4184|9452|3714|2752|1822|27627|5299|20030|4193|7597|2349|96979|9151|46202|5021|50777|6300|3807|1332|1968|851|1839|786|16647|3630|8182|2428|8465|2351|0|236|0|236|0|236|124062|12747|53045|9034|71017|7335|3028|1409|1662|946|1366|779|4982|2108|1837|791|3145|1938|12004|3681|5580|1931|6424|2739|42756|6107|33905|5234|8851|2117|5124|1846|4365|1834|759|608|44436|8981|32092|6774|12344|3341|1337|957|1102|906|235|284|14160|4572|8367|2951|5793|2270|44309|8121|39526|7344|4783|1921|11303|4136|9505|3550|1798|1030|0|236|0|236|0|236|422|336|422|336|0|236|6333|3253|4607|2738|1726|1350
330M700US294|2492911|2990|2198506|10126|149074|7195|75847|5739|73227|6387|13246|4167|4971|1736|8275|3317|8370|4227|3113|2018|5257|3291|289|284|289|284|0|208|2402|1635|2209|1613|193|187|4840|1513|4234|1382|606|460|1278|867|964|615|314|338|165|199|165|199|0|208|2063|1018|761|592|1302|884|924|778|625|572|299|327|531|610|437|456|94|172|2178|1645|1751|1234|427|555|198|286|0|208|198|286|904|548|580|395|324|231|5480|2381|3776|1857|1704|1166|5170|2448|4749|2342|421|366|3245|1763|2047|1272|1198|968|10640|3243|5143|2205|5497|1742|2134|2175|1651|1651|483|559|3108|1654|2413|1270|695|591|3289|1934|2370|1602|919|816|3351|2097|1470|1021|1881|1792|2381|1201|2239|1096|142|245|516|551|347|397|169|257|7680|2498|4181|1699|3499|1369|2392|1190|555|321|1837|1099|3590|1338|1407|813|2183|1039|472|584|168|267|304|359|2708|1157|842|494|1866|914|683|630|455|392|228|304|618|486|151|150|467|408|13275|3040|3901|1756|9374|2162|6678|2239|4173|1290|2505|1565|1758|1632|927|998|831|868|5845|2567|3338|1305|2507|2233|182|304|182|304|0|208|4191|1734|2606|1282|1585|1059|11669|3553|9412|3252|2257|1118|5223|2420|3867|2090|1356|1003|0|208|0|208|0|208|197|199|197|199|0|208|1468|1125|725|497|743|1007
330M700US300|1743823|1746|1504262|10891|126657|6682|83988|5792|42669|5157|5408|2031|4141|1420|1267|950|9017|3451|4536|2115|4481|2480|2136|796|1989|735|147|175|7175|3665|3919|2761|3256|2361|3914|1291|3400|1235|514|463|563|462|563|462|0|210|138|154|116|141|22|36|5880|2416|3862|1691|2018|1242|825|608|683|580|142|174|3760|1536|2231|1139|1529|1120|2196|1792|1817|1747|379|320|0|210|0|210|0|210|2001|1604|1934|1587|67|116|1422|899|1350|871|72|123|2180|1300|2029|1260|151|182|1212|1149|916|913|296|362|192|327|192|327|0|210|438|477|312|341|126|186|876|667|876|667|0|210|5163|2622|3407|1753|1756|1420|3771|1828|3073|1575|698|592|2902|1817|2050|1045|852|1172|850|819|850|819|0|210|5609|2423|3115|1571|2494|1226|1731|878|849|621|882|472|1883|1446|1349|974|534|591|0|210|0|210|0|210|7448|3033|4093|1995|3355|1536|2096|1079|1291|719|805|523|1791|1476|778|762|1013|914|2973|1626|954|657|2019|1266|14574|3135|11242|2602|3332|1344|1317|869|1094|785|223|237|6159|2062|4492|1716|1667|719|275|234|275|234|0|210|641|673|521|609|120|158|2391|1651|2391|1651|0|210|743|672|681|602|62|103|0|210|0|210|0|210|122|191|122|191|0|210|1132|676|1023|675|109|178
330M700US312|2409086|2738|2159577|11343|147956|8000|90735|5728|57221|5675|5919|2022|4896|1714|1023|598|663|881|577|870|86|143|1102|473|740|310|362|287|1618|822|1089|610|529|396|5938|1680|4965|1491|973|445|1729|1024|1729|1024|0|210|446|313|446|313|0|210|2427|1073|1320|670|1107|984|1255|1029|1068|988|187|203|970|666|653|619|317|334|297|388|66|88|231|375|87|110|87|110|0|210|2216|2079|1451|1217|765|943|675|539|465|443|210|229|1955|1126|1776|1088|179|211|2186|1025|1753|921|433|291|602|416|480|403|122|151|1292|1123|547|422|745|1029|2850|1569|1416|930|1434|978|2701|1910|2133|1447|568|545|3253|1201|2160|938|1093|767|1323|1086|1166|896|157|228|97|162|97|162|0|210|8765|1896|4208|1270|4557|1327|3755|1541|2951|1302|804|482|2236|843|1138|584|1098|550|1867|1096|1377|931|490|412|8258|1748|3222|1019|5036|1577|374|323|71|118|303|298|2374|1277|1195|742|1179|685|3977|1833|1862|1351|2115|963|2479|876|1641|569|838|483|4135|1342|3673|1250|462|328|3952|1922|2227|908|1725|1356|0|210|0|210|0|210|7478|4100|3977|2646|3501|1747|2500|1045|2181|987|319|270|6321|3000|3539|2046|2782|1679|130|170|130|170|0|210|310|180|310|180|0|210|1041|498|922|518|119|142
330M700US332|2261755|904|1503818|15194|508444|10068|300353|9922|208091|10160|6956|2109|5791|2010|1165|655|412|420|412|420|0|232|2485|1497|1142|641|1343|1363|4395|1859|3403|1647|992|846|7637|2333|6630|1948|1007|682|1632|1059|1632|1059|0|232|1041|585|816|463|225|227|4637|1979|2795|990|1842|1346|2463|900|1840|856|623|433|2947|1644|2021|1508|926|517|4025|1486|2342|873|1683|831|2648|1265|1946|1084|702|520|4078|2307|2671|1649|1407|886|1495|1498|835|773|660|801|1530|1024|1295|1003|235|305|4160|3079|2815|2357|1345|1223|1336|1206|1020|978|316|344|866|905|537|737|329|466|817|539|352|320|465|434|4103|1932|2603|1188|1500|1110|983|711|926|681|57|95|337|351|294|297|43|71|163|196|100|116|63|101|29667|4339|13693|2405|15974|2779|5180|1740|3244|1387|1936|1006|15258|3413|7768|2147|7490|2466|88|147|0|232|88|147|12064|3965|4447|1559|7617|3232|1858|1411|811|558|1047|1057|6018|1660|2921|1158|3097|1016|2779|2162|1811|1309|968|963|78256|8037|53604|5900|24652|3772|9381|1858|6704|1498|2677|931|4706|1702|3053|1153|1653|815|2614|1144|2057|1043|557|499|13430|4364|9740|3361|3690|1680|1716|1208|1582|1110|134|194|1819|1655|731|734|1088|1462|508|604|451|597|57|94|341|321|341|321|0|232|2664|1757|2283|1680|381|332
330M700US348|17365965|1523|8605851|53230|6057928|38479|3670343|32323|2387585|31279|56386|5697|49306|5199|7080|1743|5151|2096|3771|1487|1380|1162|21157|2866|18058|2605|3099|1108|30984|4455|23796|3648|7188|1757|36247|3904|32237|3773|4010|1102|10782|2415|9925|2389|857|325|9340|2566|7279|2389|2061|823|70672|7785|37511|5409|33161|4603|10095|2397|7648|2017|2447|959|9399|3588|7519|2897|1880|972|16393|3381|10641|2179|5752|2004|185268|11952|101382|7645|83886|8164|125821|10133|79357|7448|46464|5479|23126|4915|15041|3260|8085|2619|57437|7519|47329|6718|10108|2159|27448|8110|21077|7151|6371|2195|24217|4621|16424|3443|7793|2307|19687|4802|11157|3011|8530|2835|17263|3732|13102|2900|4161|1278|25667|3878|18700|3042|6967|2133|13728|3965|11490|3340|2238|1143|13916|3309|11866|2588|2050|1179|7422|1843|6359|1556|1063|752|572765|17090|257836|10488|314929|12009|71990|7187|42803|5197|29187|3455|252705|15282|105533|8795|147172|8974|2300|1530|1177|461|1123|1373|293153|14108|119847|8204|173306|9825|36045|5311|17112|3397|18933|3323|41060|6640|19142|3885|21918|4147|24589|4921|12068|2313|12521|3552|345232|14723|239834|11379|105398|7517|47369|5575|30540|4320|16829|2768|110382|11408|76702|9395|33680|4542|22874|4570|17937|3897|4937|1843|16300|3770|11588|3503|4712|1517|21120|4977|17902|4483|3218|1158|7540|3942|4904|2065|2636|2682|638|431|438|351|200|203|2030|1004|1665|999|365|280|16488|3943|9634|2644|6854|2524
330M700US350|1408315|3187|1283372|7352|67693|2905|32916|3554|34777|3764|4312|2128|2148|1013|2164|1419|1026|1218|216|339|810|1155|356|331|356|331|0|210|783|444|662|431|121|187|3145|1214|2695|1112|450|311|317|281|317|281|0|210|232|153|175|155|57|92|1037|610|654|396|383|436|52|88|0|210|52|88|2605|1998|850|747|1755|1404|588|362|314|218|274|289|0|210|0|210|0|210|1042|664|707|546|335|314|142|161|142|161|0|210|1024|860|898|810|126|125|887|867|726|647|161|262|83|149|83|149|0|210|394|585|0|210|394|585|4232|2256|1815|1138|2417|1569|1073|928|565|570|508|555|391|301|259|244|132|150|136|187|136|187|0|210|2006|1481|1847|1413|159|199|2160|919|1241|595|919|587|1077|973|910|912|167|217|1668|1014|842|608|826|553|42|75|42|75|0|210|1793|833|710|366|1083|619|423|474|96|159|327|410|954|937|491|539|463|451|2789|1891|1701|1352|1088|884|2419|1068|1832|967|587|367|154|106|89|65|65|75|6932|3385|4997|2539|1935|1204|130|227|130|227|0|210|1230|1039|838|714|392|409|3077|3171|1683|1761|1394|1541|5632|3330|1686|1346|3946|2743|0|210|0|210|0|210|145|249|145|249|0|210|762|508|333|268|429|435
330M700US370|6653197|2435|3260371|30211|2626016|14646|1381823|20147|1244193|17731|52274|5812|36381|4469|15893|3050|307499|18202|167331|12779|140168|11651|21511|4019|16312|3275|5199|1555|101157|10674|64790|7602|36367|5463|15258|2403|13876|2201|1382|648|6622|1669|5165|1474|1457|996|4043|1412|3346|1321|697|472|34465|5227|17781|3230|16684|3841|6918|1596|5250|1531|1668|686|2497|1073|2029|956|468|502|14773|4263|9354|2675|5419|2775|472|468|314|435|158|187|3975|2362|3307|1782|668|941|6655|2449|5426|2069|1229|1186|6636|2149|6061|2078|575|459|8856|3061|6886|2370|1970|1041|1978|1473|1366|788|612|889|4771|2303|2302|1292|2469|1366|3050|1875|2397|1768|653|499|12479|2766|9216|2073|3263|1246|3211|1857|2620|1644|591|571|2209|1273|2209|1273|0|243|7036|3301|6047|2951|989|848|25818|4105|13199|2440|12619|2748|2443|1049|1808|878|635|520|2513|1253|1030|642|1483|780|0|243|0|243|0|243|11958|3016|4222|1449|7736|2330|355|307|229|264|126|162|3908|2302|1666|852|2242|1720|7392|2598|5395|1971|1997|916|13693|2944|11030|2560|2663|1137|2146|1002|1642|858|504|430|19316|4610|14769|3658|4547|1547|25767|5897|23123|5543|2644|1074|1016|841|881|830|135|225|2370|1086|2316|1109|54|92|1481|1004|1481|1004|0|243|47|94|47|94|0|243|165|202|153|201|12|16|18077|4079|13423|3412|4654|1596
330M700US376|1925141|1040|1680233|8538|149792|5855|93626|4966|56166|4373|3863|1201|3538|1210|325|267|69|128|0|159|69|128|2119|1092|1858|1068|261|198|1129|845|812|769|317|314|10103|1772|8515|1662|1588|643|1077|648|1037|648|40|49|2408|1712|2367|1705|41|68|2500|1091|1402|685|1098|725|2051|984|1548|859|503|404|1926|669|1079|465|847|485|1238|818|939|753|299|224|111|185|111|185|0|159|1117|846|620|571|497|455|941|622|801|503|140|180|3553|1602|3250|1538|303|294|699|452|613|435|86|118|2387|1208|1990|1226|397|325|64|115|0|159|64|115|6620|2405|4370|1652|2250|1382|4461|1744|3620|1546|841|479|1143|779|905|685|238|287|1649|1226|988|676|661|708|1976|992|1676|890|300|258|3506|1348|2256|836|1250|781|902|566|706|432|196|206|1507|893|1148|819|359|254|11625|2813|6378|1941|5247|1601|1944|953|1110|578|834|581|141|210|141|210|0|159|1549|727|620|341|929|621|4861|2319|1463|785|3398|1904|3100|1096|2370|1089|730|380|223|243|177|175|46|76|5627|1964|3641|1614|1986|862|616|456|616|456|0|159|1987|1147|1194|819|793|539|2132|1150|1961|1154|171|226|642|524|475|451|167|283|0|159|0|159|0|159|414|336|414|336|0|159|1136|598|874|436|262|243
330M700US378|3866563|1745|3301403|16619|184285|7342|119820|6846|64465|5327|12105|2873|8643|2135|3462|2110|3328|3256|2436|2244|892|1231|644|347|585|343|59|73|1886|761|1350|538|536|362|10845|2238|9787|2211|1058|465|1674|734|1577|708|97|123|292|244|256|230|36|61|10600|2431|7059|2097|3541|1371|2032|850|1293|591|739|590|2353|1202|1859|980|494|321|6181|1914|2989|988|3192|1369|78|139|78|139|0|210|1696|782|1160|503|536|425|4248|1766|3229|1633|1019|458|6984|1992|5991|1816|993|598|591|501|453|391|138|178|1756|1485|1527|1244|229|370|2290|1120|1660|905|630|511|6449|2282|5200|1921|1249|771|4968|1969|3075|971|1893|1737|6791|2412|5782|2289|1009|589|5269|2027|4326|1599|943|925|4670|2684|4324|2627|346|384|23215|4114|15360|2935|7855|1687|4746|2048|2449|1307|2297|1151|3822|1182|2330|874|1492|712|65342|6009|37802|4454|27540|3713|18600|3593|8927|2283|9673|1861|4504|1631|2482|1150|2022|775|5818|1826|3684|1396|2134|848|9359|3061|4153|1589|5206|1955|9862|2568|7354|2193|2508|956|2080|1022|1374|664|706|469|11269|3681|7383|2915|3886|1297|862|624|845|621|17|32|84592|9949|46145|6529|38447|6471|19897|5119|13766|4065|6131|2391|12196|2349|7592|2077|4604|1521|0|210|0|210|0|210|2440|897|1897|772|543|394|4541|1617|3117|1197|1424|965
330M700US400|2211947|2672|1938021|12066|160609|6370|74874|6577|85735|6056|4816|2051|3763|1624|1053|774|1552|1718|313|394|1239|1671|588|467|556|454|32|53|2434|1457|1460|743|974|1244|2433|1077|2298|1041|135|199|1236|1360|567|673|669|775|585|520|495|450|90|124|1259|767|693|577|566|493|793|714|793|714|0|226|858|683|749|652|109|110|2103|2495|1580|1999|523|609|0|226|0|226|0|226|2640|1294|1328|935|1312|1081|5258|1749|2537|1111|2721|1056|2046|1030|1825|1007|221|193|1082|903|772|703|310|362|0|226|0|226|0|226|1605|1167|1484|1134|121|145|2160|1212|1403|870|757|738|4603|2305|2734|1439|1869|1487|2948|1777|2106|1381|842|681|1193|915|1070|843|123|242|862|692|625|523|237|216|6838|1564|4262|1186|2576|862|994|531|907|493|87|118|1329|655|838|452|491|375|60|107|60|107|0|226|4046|1430|2600|1017|1446|758|1917|933|1539|839|378|489|5877|1874|2600|1198|3277|1193|4853|2469|2112|1231|2741|1533|2076|1116|1395|993|681|447|473|427|357|368|116|217|20097|5701|9070|2978|11027|3749|1577|1620|1477|1586|100|168|10116|6675|4692|3528|5424|4167|4673|2509|3052|1761|1621|1948|3762|2355|2122|1351|1640|1288|0|226|0|226|0|226|57|95|57|95|0|226|1518|1120|175|271|1343|1010
330M700US405|2535888|830|2003338|13422|287899|8915|185452|8011|102447|6671|17093|2858|13287|2494|3806|1070|11764|4406|7982|3656|3782|1938|17010|3579|12547|3033|4463|1195|18699|3741|11341|2380|7358|1969|4237|906|3575|849|662|409|715|359|715|359|0|222|3466|1068|2777|1009|689|366|4026|1176|2874|879|1152|645|22687|3917|13159|2568|9528|2596|3818|1869|2123|1271|1695|1378|4654|2421|3101|1611|1553|1038|48|81|48|81|0|222|2360|1440|1637|1074|723|558|3518|1425|2290|1044|1228|653|5980|2092|5186|1959|794|449|8778|2678|6100|2220|2678|1326|2062|1095|1361|827|701|581|5068|1774|2569|939|2499|1290|5769|1906|3627|1226|2142|1193|12815|2919|9216|2544|3599|1817|5018|1934|3206|1271|1812|1211|4604|1790|2519|1006|2085|1274|3518|1812|3170|1678|348|393|19033|2826|10101|1726|8932|1984|1539|923|1306|853|233|215|3710|1203|1727|740|1983|796|22|50|0|222|22|50|6503|2117|3735|1457|2768|1195|2545|2150|831|810|1714|1528|3503|1466|1424|926|2079|917|4582|3202|2426|1835|2156|1469|5374|1502|3780|1029|1594|752|918|670|842|624|76|133|8484|3218|5379|2159|3105|1621|1536|1061|1536|1061|0|222|1090|671|836|535|254|321|7264|2932|6187|2812|1077|760|2472|1358|1496|875|976|1017|0|222|0|222|0|222|958|637|717|513|241|261|7411|3838|5782|3198|1629|988
330M700US408|20656995|1568|12562512|63758|4037811|33697|2125946|31832|1911865|30349|151379|11906|115959|8428|35420|5649|240393|14816|144031|11051|96362|8901|147032|7648|103560|6260|43472|3874|168872|12014|96340|7475|72532|8362|46389|5921|42362|5613|4027|948|213004|15531|107607|11429|105397|9177|73327|7611|55797|6500|17530|2963|251827|14501|115204|9208|136623|10120|119124|11411|73190|8103|45934|5272|35187|5924|23522|5099|11665|3095|70552|8537|37206|5328|33346|5188|9045|2030|6801|1603|2244|886|32334|4860|19703|2747|12631|3282|100697|8512|68579|6915|32118|4230|140766|12512|115364|10150|25402|3829|105065|9880|70570|7210|34495|4377|37049|6103|22591|4098|14458|3071|172042|13147|80855|8041|91187|8055|50287|5651|37383|4443|12904|2440|109065|8273|76359|6596|32706|4257|43133|5121|34803|4439|8330|2655|36866|5383|30335|4521|6531|1769|44138|5556|34109|4902|10029|2319|694486|18992|278251|10087|416235|14050|40347|4528|23631|3466|16716|2655|155822|11018|70970|5854|84852|7602|0|210|0|210|0|210|32258|5566|13522|3090|18736|3501|2817|1184|1417|764|1400|804|10957|2502|5449|1770|5508|1566|65647|6974|34902|4850|30745|3921|146717|8936|110355|7102|36362|3889|14376|3521|7717|2418|6659|2349|185485|17404|121578|12376|63907|8720|82331|8797|71686|8411|10645|2468|11464|3353|8114|2728|3350|1401|136183|14510|103779|12007|32404|5231|12570|3476|9205|2505|3365|1689|0|210|0|210|0|210|980|598|824|549|156|153|66659|7263|43085|5139|23574|4381
330M700US412|1109823|1346|918361|8627|113451|5634|64689|5527|48762|4787|6689|2001|5081|1717|1608|982|10313|4130|6005|3213|4308|2424|4106|1204|3742|1072|364|323|5229|2192|3651|1682|1578|859|6148|1444|5441|1376|707|584|780|538|780|538|0|243|730|376|602|337|128|155|9738|2925|6173|2024|3565|1319|5153|1836|3217|1518|1936|1010|877|493|709|449|168|203|3788|1350|2075|976|1713|820|204|279|204|279|0|243|537|566|345|321|192|279|299|296|250|250|49|78|220|232|220|232|0|243|57|106|57|106|0|243|0|243|0|243|0|243|209|252|209|252|0|243|444|366|388|314|56|103|1875|852|1688|889|187|223|221|267|221|267|0|243|300|420|300|420|0|243|500|403|500|403|0|243|4066|1421|1523|531|2543|1115|217|194|39|90|178|174|617|459|397|335|220|190|0|243|0|243|0|243|3237|1318|1265|782|1972|988|361|483|214|262|147|233|783|673|438|381|345|345|1063|884|889|740|174|170|1863|829|1401|673|462|346|927|639|785|608|142|172|2336|1208|1943|922|393|463|283|286|283|286|0|243|239|369|0|243|239|369|97|171|97|171|0|243|0|243|0|243|0|243|0|243|0|243|0|243|0|243|0|243|0|243|3505|1964|2841|1895|664|555
330M700US422|4279432|1556|2994051|20777|949967|15384|582546|16559|367421|15354|15744|3525|14616|3506|1128|477|78166|11469|40384|7172|37782|6715|6537|1624|5732|1490|805|472|60050|10237|37751|6545|22299|4778|9480|2674|8783|2598|697|474|2504|899|2504|899|0|243|1653|840|1570|821|83|135|8812|2036|6237|1731|2575|973|2385|985|1782|840|603|420|2011|1512|1727|1333|284|338|2950|1135|1804|754|1146|615|417|355|417|355|0|243|3288|1530|2340|1246|948|601|6624|2665|5368|2073|1256|1006|5945|2213|4617|1807|1328|946|8506|3489|6460|2769|2046|1514|2228|1735|1911|1480|317|443|3428|1329|2797|1124|631|496|3501|2178|1855|1053|1646|1493|4779|2393|4251|2328|528|309|2876|1446|2493|1320|383|356|1941|1326|1647|1079|294|422|2903|1507|2511|1342|392|325|14784|2761|7697|1892|7087|2025|4797|2087|2254|1048|2543|1490|3849|1649|2299|1172|1550|841|8|15|8|15|0|243|17613|4131|7808|2262|9805|2815|702|604|548|551|154|189|3431|1548|984|669|2447|1307|2245|1660|1586|1304|659|471|15980|3048|12448|2576|3532|1271|2643|2194|1790|1387|853|906|17009|4873|13329|4381|3680|1696|1145|591|1145|591|0|243|887|836|697|772|190|299|3737|2374|2761|1752|976|1127|920|625|920|625|0|243|0|243|0|243|0|243|0|243|0|243|0|243|8936|4293|7519|3944|1417|911
330M700US428|6990062|1693|5710833|23829|600861|15199|345368|11963|255493|10851|26137|4401|18980|3107|7157|2582|27102|6120|17739|4527|9363|2794|22456|2963|15820|2267|6636|1702|24713|6101|12526|3223|12187|4121|16443|2588|14631|2413|1812|634|15771|5038|11406|3414|4365|2975|9418|1885|6862|1527|2556|980|41998|6576|18612|3471|23386|5688|12385|2556|7217|1704|5168|1508|1951|965|1048|553|903|627|22490|5935|11222|3549|11268|3871|2466|1121|1804|729|662|494|4564|1961|2718|1187|1846|1094|23276|4454|13925|2816|9351|2502|24369|3769|19665|3330|4704|1601|10197|3447|7251|2578|2946|1412|6507|2803|4262|1894|2245|1272|23492|4984|13941|3265|9551|2845|12544|3993|8856|2360|3688|2782|13520|3632|9664|2884|3856|1234|14593|3240|11673|2760|2920|1098|9576|2866|8351|2600|1225|728|12823|3890|8126|2446|4697|1808|84892|6945|38481|4732|46411|4110|5491|1874|3716|1469|1775|772|25027|4131|10639|2063|14388|2671|455|556|175|229|280|337|35489|4944|15379|2384|20110|3653|6007|1920|2393|960|3614|1548|4611|2108|1247|775|3364|1659|14529|4608|7074|2810|7455|2641|21357|3247|15936|2663|5421|1339|3617|1676|1983|1090|1634|1001|34158|6947|22563|5160|11595|3312|3264|1407|3040|1342|224|189|6503|2176|2704|1067|3799|1789|37228|8207|26186|6531|11042|3446|6481|2295|5701|2207|780|640|76|121|76|121|0|210|257|251|148|155|109|171|10135|2692|7510|2235|2625|1226
330M700US429|4843670|623|3615677|23241|906452|21480|615464|20024|290988|13253|16807|5285|13978|4604|2829|1367|182|196|182|196|0|232|6466|2213|5959|2153|507|305|4291|1465|3783|1318|508|362|10289|2154|9259|1962|1030|547|3123|947|3059|941|64|104|2114|1096|1978|1076|136|167|5526|1724|3684|1327|1842|1023|4030|1496|2857|1349|1173|656|4560|1690|2861|1325|1699|1170|3189|1364|2498|1235|691|643|2083|1559|1000|769|1083|1008|7588|2940|4900|1807|2688|1267|2326|1007|1924|809|402|344|13012|3535|11916|3314|1096|910|1758|1012|1579|888|179|213|1717|1414|1100|900|617|618|2164|1126|1902|1068|262|333|6313|3407|5342|2957|971|658|13504|3968|9986|2832|3518|1619|10983|3844|9094|3439|1889|1359|8104|2754|7267|2611|837|445|3608|1926|2883|1534|725|534|26157|4341|14305|2427|11852|2867|7057|2387|4648|2010|2409|1346|11256|3730|7591|3236|3665|1462|506|647|307|364|199|302|21018|5304|9424|3140|11594|2813|2036|984|1383|720|653|563|5365|3538|3534|2681|1831|1137|5321|2390|3012|1678|2309|1340|22546|3788|16546|3008|6000|2124|5850|1648|3248|1076|2602|1361|21277|5909|13475|4542|7802|3129|1992|904|1645|860|347|297|10684|4092|8109|2953|2575|1654|5495|2772|5070|2699|425|368|21653|6934|12589|4993|9064|4423|10544|2442|8087|2038|2457|1259|6717|1953|5907|1885|810|445|2330|1231|1591|1047|739|520
330M700US430|2599890|2365|2446128|9313|40776|4552|27952|3047|12824|2639|5666|2591|4180|1859|1486|903|1133|896|571|415|562|792|7260|1788|5678|1650|1582|627|3523|1968|1910|1066|1613|1961|7770|1282|6483|1213|1287|543|3791|1242|2108|955|1683|765|1987|821|1330|601|657|478|4625|2356|3276|1798|1349|742|2801|992|1986|843|815|351|1979|1472|1863|1460|116|131|1936|900|1336|673|600|458|0|210|0|210|0|210|1659|1239|1560|1147|99|163|2339|1504|1106|765|1233|1173|6041|2462|4315|1481|1726|1146|713|558|576|470|137|178|1085|932|845|869|240|227|1353|628|1106|546|247|235|3438|1543|1694|1038|1744|976|2024|1067|1597|678|427|469|4489|1782|3152|1418|1337|803|2997|1914|2997|1914|0|210|805|488|453|336|352|315|13961|2385|8895|1777|5066|1361|1966|974|1349|761|617|405|2145|975|1181|537|964|628|56|101|56|101|0|210|2464|1190|1294|706|1170|718|56|125|56|125|0|210|799|575|408|477|391|296|4430|1910|2243|1237|2187|1026|2582|918|1809|598|773|599|211|195|92|108|119|159|8177|2901|5580|2217|2597|1143|1381|903|1233|792|148|242|256|324|256|324|0|210|2391|976|2114|923|277|380|1613|1033|1225|869|388|317|0|210|0|210|0|210|209|182|209|182|0|210|875|601|850|601|25|41
330M700US440|3126109|2128|2575668|13493|312097|9911|186370|8535|125727|8185|7038|1565|6841|1570|197|191|95|92|41|4|54|92|2212|1022|1537|664|675|627|3040|1139|2458|1045|582|382|10505|1962|8765|1734|1740|673|2005|1195|2005|1195|0|210|685|445|642|400|43|70|23236|4599|13817|3209|9419|2278|1174|648|917|600|257|296|2124|1380|1171|721|953|897|9144|2547|3505|1235|5639|1788|1148|1116|968|1064|180|218|4308|1567|2789|1010|1519|865|362|356|362|356|0|210|6242|2126|5765|2058|477|337|1404|855|1335|799|69|113|1775|1127|927|628|848|640|3070|1247|2421|989|649|491|4362|1991|3293|1540|1069|890|6892|1514|5594|1281|1298|590|2617|1235|2216|1075|401|318|2914|1128|2602|979|312|275|1678|849|1617|853|61|101|35514|5265|18149|2893|17365|3775|8915|2044|5950|1345|2965|1100|8920|1973|4297|1253|4623|1284|3463|1569|2241|1263|1222|726|24871|4013|11142|2242|13729|2678|3294|1949|2102|1766|1192|847|6274|2503|3481|1485|2793|1606|4835|1801|2811|1014|2024|1087|11579|2611|8689|2087|2890|1374|10552|1753|6819|1443|3733|1138|7993|3019|5074|1963|2919|1406|1153|699|997|685|156|270|7514|3343|5308|2796|2206|1114|523|493|354|419|169|208|2485|1347|2291|1250|194|210|355|566|355|566|0|210|497|457|421|448|76|92|1577|695|1424|649|153|187
330M700US450|2236563|2051|1829350|12928|228630|9385|135881|8396|92749|6853|9032|2632|7100|2326|1932|858|1676|1469|1226|1126|450|484|2006|960|1878|978|128|177|5055|2013|4591|1964|464|341|5333|1668|4664|1492|669|435|1473|738|1335|695|138|163|359|369|278|283|81|133|2433|996|1381|653|1052|682|1064|539|994|457|70|118|629|481|436|346|193|190|3471|2139|1048|651|2423|2166|79|132|79|132|0|222|2782|1693|2138|1273|644|560|6125|1890|4510|1499|1615|858|13399|3150|11047|2673|2352|1178|4021|3038|3805|2998|216|263|1345|974|1154|832|191|294|4642|1963|3497|1355|1145|821|6846|2451|6150|2356|696|320|3843|1379|3249|1234|594|495|11597|3445|9022|2529|2575|1712|6087|2142|4985|2024|1102|644|3690|1638|3063|1363|627|507|20070|2905|12382|2307|7688|1605|2513|1358|1583|993|930|662|7877|2201|3215|1288|4662|1618|254|428|254|428|0|222|6386|2340|3174|1664|3212|1571|34|65|34|65|0|222|1064|1082|425|516|639|963|3217|1512|1732|969|1485|745|5333|1898|4436|1725|897|695|1651|1163|1119|878|532|406|16378|4717|11725|3592|4653|1609|217|279|169|202|48|92|1649|1480|1231|1137|418|390|7235|3118|6500|2885|735|602|4628|2376|3346|1774|1282|1162|118|179|0|222|118|179|363|299|302|285|61|80|2609|2072|1991|1617|618|539
330M700US464|1084291|854|976693|6622|49030|3572|27560|2453|21470|2588|2156|788|1706|630|450|325|333|318|128|138|205|239|4462|1226|3052|1096|1410|507|907|532|640|381|267|267|3032|1516|2623|1368|409|521|3301|1391|1917|1149|1384|761|1337|636|687|456|650|369|2899|1137|2074|989|825|392|1300|619|1150|570|150|120|1412|1007|1175|982|237|170|4032|1398|1686|712|2346|1092|0|218|0|218|0|218|893|501|473|335|420|500|628|483|420|320|208|278|1760|870|1578|793|182|234|908|717|793|704|115|125|1022|907|795|808|227|218|447|343|170|199|277|246|1368|660|547|317|821|487|1176|615|1017|544|159|166|371|345|305|307|66|90|330|284|177|207|153|208|515|467|454|393|61|98|5896|1794|2432|791|3464|1318|978|490|839|462|139|138|2745|1046|2014|868|731|416|0|218|0|218|0|218|1919|909|668|463|1251|651|227|202|144|150|83|134|1403|630|759|402|644|458|1996|1305|1335|1126|661|594|1121|663|886|547|235|256|87|117|0|218|87|117|1740|1289|1247|997|493|365|423|297|303|226|120|194|2941|1832|1577|1096|1364|896|1364|1382|1007|948|357|468|724|528|177|203|547|484|0|218|0|218|0|218|0|218|0|218|0|218|415|274|247|237|168|163
330M700US472|2561978|1595|1814678|17305|325110|11625|215520|9471|109590|7209|5065|1386|4420|1180|645|491|211|344|211|344|0|221|2548|835|1836|671|712|669|4453|1815|2597|1029|1856|1143|6778|1541|5800|1404|978|406|1093|581|942|551|151|190|2544|1599|2240|1563|304|197|36294|6664|17094|3869|19200|4608|1153|710|840|619|313|359|3239|1700|2401|1356|838|853|21715|4930|11204|3803|10511|2583|4287|2925|816|644|3471|2544|27762|6488|12808|3632|14954|4417|1074|743|847|568|227|284|13217|3201|9864|2587|3353|1449|8160|3252|4750|1849|3410|1864|33235|6095|20967|4311|12268|2963|878|561|594|369|284|215|4648|1952|3510|1704|1138|519|16838|5140|10071|3241|6767|2476|6606|2541|4537|1588|2069|1316|1859|905|1614|854|245|207|2441|1278|1761|923|680|564|50556|5139|22251|3021|28305|3837|4333|1235|2792|1027|1541|655|8665|2487|4608|1481|4057|1328|26953|4834|13729|3064|13224|3542|31481|4835|14002|2599|17479|3462|2943|1955|1896|1323|1047|892|5205|1963|2133|1058|3072|1257|7950|2385|4402|1616|3548|1264|39285|4422|27596|3406|11689|2086|16315|3795|11220|2715|5095|1926|11739|3396|8043|2518|3696|1375|289|333|119|192|170|152|4304|2147|3519|1980|785|555|1617|1053|1277|1027|340|535|2006|1315|1765|1143|241|308|0|221|0|221|0|221|562|404|516|423|46|79|1889|1702|1574|1374|315|362
330M700US476|2744449|2306|2541080|10837|69170|5059|43452|4948|25718|3125|5784|1521|3980|1258|1804|998|806|671|467|454|339|402|2311|733|1755|625|556|341|1937|948|1544|865|393|281|6344|1297|5472|1271|872|455|841|474|735|427|106|174|1027|572|905|530|122|201|2989|1268|1891|901|1098|761|1967|1000|1453|689|514|507|15144|4265|9120|2960|6024|1838|2173|842|1739|735|434|368|296|350|175|291|121|197|2996|1599|972|623|2024|1296|1903|933|1422|757|481|466|4677|1655|3993|1555|684|472|2402|1212|2202|1098|200|220|792|729|430|389|362|366|1113|904|899|677|214|301|2273|1307|1926|1231|347|334|4046|1878|2701|1076|1345|989|5768|2061|4636|1654|1132|919|1818|1006|1666|977|152|160|1514|730|1245|551|269|269|14960|2764|6917|1740|8043|1981|3224|1550|1797|903|1427|961|3567|1079|1518|587|2049|949|0|210|0|210|0|210|6445|1836|2636|779|3809|1341|465|460|315|421|150|179|2297|1562|982|658|1315|1079|2479|1839|1872|1842|607|420|6209|2058|4452|1804|1757|1018|591|346|302|246|289|240|7303|3263|5308|2332|1995|1337|950|706|846|675|104|172|1648|1360|1226|1285|422|422|5365|2568|5007|2553|358|384|6490|2745|4793|2223|1697|1305|176|287|171|283|5|9|102|170|102|170|0|210|1007|667|763|529|244|270
330M700US482|2616902|1895|2173276|11848|305184|9668|188868|8542|116316|8167|8390|2370|7510|2135|880|617|431|461|431|461|0|210|2705|1123|2242|954|463|524|12522|2999|9964|2134|2558|1395|7053|1327|6527|1407|526|368|2270|1061|2136|1065|134|164|1060|545|709|390|351|246|4044|1223|3183|1118|861|419|644|439|565|364|79|134|2096|1461|1114|1077|982|559|596|391|385|289|211|199|577|361|527|357|50|86|3209|1651|2333|1174|876|672|141|232|31|54|110|182|3104|1638|3001|1635|103|114|1181|1023|869|975|312|268|1596|1123|1112|808|484|358|182|208|139|165|43|72|3469|2890|2332|2113|1137|855|3056|1138|2511|887|545|402|753|599|698|593|55|95|1765|942|1415|839|350|359|1055|793|773|651|282|377|16456|2641|9350|1867|7106|1678|4424|1190|3313|1005|1111|532|4033|1160|2932|907|1101|532|169|196|64|108|105|165|6117|1633|2622|833|3495|1145|1140|850|561|410|579|532|2157|924|1263|776|894|503|3236|1967|2052|1382|1184|1004|7585|2575|5686|2134|1899|1009|14674|2645|11116|2053|3558|1158|6176|2993|4582|2063|1594|1061|734|751|734|751|0|210|580|673|452|534|128|154|1089|720|1089|720|0|210|5453|2405|3796|1904|1657|988|1750|1137|1541|1138|209|134|210|273|210|273|0|210|560|456|517|433|43|56
330M700US484|2618828|1967|1750971|21251|767858|20389|532470|16373|235388|13012|3785|1256|3507|1189|278|345|1004|901|902|875|102|175|1000|596|1000|596|0|236|4754|2278|3527|1751|1227|937|7832|1692|6774|1527|1058|621|1538|1269|1538|1269|0|236|66|110|66|110|0|236|831|609|640|526|191|204|1431|905|1325|887|106|133|424|344|394|317|30|54|1184|708|667|496|517|379|102|165|102|165|0|236|3978|2079|1716|1124|2262|1729|1595|1115|1046|775|549|470|2918|2272|2553|2178|365|422|3119|1941|2051|1547|1068|931|0|236|0|236|0|236|1876|2050|1209|1414|667|692|1103|1017|494|423|609|907|3321|2520|355|335|2966|2497|3054|2370|2833|2352|221|353|2818|1706|2217|1337|601|478|677|819|630|810|47|81|6372|2351|2313|1019|4059|1800|1342|736|998|583|344|293|4018|1443|2082|827|1936|1064|0|236|0|236|0|236|8368|2767|3098|1079|5270|2384|267|344|267|344|0|236|1764|984|881|800|883|614|1150|815|801|727|349|407|9822|3013|8110|2704|1712|901|3492|1342|2478|959|1014|599|7042|4290|5060|3404|1982|1715|173|181|173|181|0|236|1570|1637|875|968|695|898|3955|1701|3419|1495|536|471|1393|1179|825|716|568|916|48|87|48|87|0|236|40|7|40|7|0|236|773|617|242|231|531|564
330M700US488|8530702|1811|4646093|30417|1734918|25127|1004144|18581|730774|19532|43122|4510|35226|3917|7896|1911|2456|1173|2294|1084|162|219|17522|3365|14269|2981|3253|1048|45199|5387|30873|4546|14326|2698|29436|4640|25173|4178|4263|1092|5803|1552|5416|1405|387|277|8261|2427|7339|2338|922|529|48238|5632|31169|4400|17069|2457|7176|2070|5756|1979|1420|709|8997|3696|6225|2564|2772|1653|12919|3751|9318|2644|3601|1592|4208|1389|3490|1105|718|575|70708|8813|47286|5762|23422|5283|24206|4020|20385|3606|3821|1302|127122|8392|108328|8109|18794|3879|27837|4699|20300|3457|7537|2379|78498|9637|48147|7015|30351|4824|13663|3419|11168|2707|2495|1224|37203|5526|27690|3917|9513|2645|19429|3719|14107|2854|5322|1870|49983|6331|41841|5393|8142|2432|47919|5855|44695|5644|3224|1013|37238|6957|31458|5984|5780|1834|599208|15617|296317|11390|302891|10018|35733|4532|22029|3222|13704|2656|67837|6895|37496|4633|30341|4030|12193|2769|7813|2329|4380|1689|176215|11579|76232|7018|99983|7097|21507|5605|10976|3336|10531|2842|17781|4730|8938|2242|8843|3369|37253|5613|21140|3656|16113|3135|268189|11261|177348|9368|90841|5857|44769|6401|30615|4339|14154|3132|36222|5740|25086|4573|11136|2675|17998|3674|15859|3533|2139|784|20701|4082|12084|3067|8617|1907|12243|3454|10620|3204|1623|867|3948|1481|3673|1391|275|294|57|42|33|3|24|42|2620|1260|2311|1182|309|265|8074|2909|4192|1572|3882|1944
330M700US500|4727252|1234|3614139|25035|332132|9480|203128|6618|129004|8226|17038|2932|14128|2482|2910|1022|517|369|301|242|216|284|4187|1295|3220|1084|967|576|11205|2894|9189|2276|2016|918|14900|2252|13518|2062|1382|521|2694|939|2431|795|263|237|2132|878|1735|719|397|297|42563|6997|23153|4692|19410|4062|4543|1652|3395|1314|1148|643|4940|2427|3299|1496|1641|1336|29511|6923|14011|3640|15500|4590|1040|798|495|354|545|667|15049|3302|11026|2916|4023|1132|5902|2150|4636|1748|1266|847|42692|5956|38315|5721|4377|1295|6814|2630|5816|2176|998|640|14108|4336|8382|2983|5726|1980|4895|1750|3788|1338|1107|904|12158|3178|9760|2714|2398|1108|17078|3352|14234|3079|2844|1065|20015|4346|16608|3679|3407|1355|12781|3052|10272|2507|2509|1331|9118|2301|8297|2156|821|553|130119|8575|71275|5863|58844|5151|20995|3244|13925|2398|7070|1587|47978|6185|22996|3565|24982|3807|1797|979|1011|575|786|650|64965|7083|29630|4169|35335|4595|13810|3654|6972|2530|6838|2117|11358|3205|4261|1284|7097|2408|10930|3157|6346|1807|4584|2221|58787|6580|40921|5191|17866|2709|30275|4658|20738|3549|9537|2073|22630|6129|16483|4418|6147|2309|4941|2101|4687|2051|254|250|40753|6799|24312|4975|16441|3057|4752|1768|3905|1522|847|646|14462|3411|11162|3092|3300|1257|156|150|114|126|42|74|3000|1779|2649|1747|351|452|3393|861|2918|772|475|331
330M700US521|662325|504|521203|7071|84672|5489|50233|4957|34439|3823|4083|1346|3800|1287|283|191|1553|1122|1017|718|536|529|1232|802|974|706|258|224|8171|2536|5980|2323|2191|1010|1078|596|992|556|86|125|32|43|32|43|0|225|1096|733|964|705|132|145|3350|1851|1933|1237|1417|1106|3469|1713|1988|1273|1481|875|10|17|0|225|10|17|2458|1366|1027|733|1431|931|227|193|227|193|0|225|941|1121|941|1121|0|225|1084|1044|886|855|198|267|1383|503|1333|500|50|68|2047|1611|1439|1097|608|547|0|225|0|225|0|225|245|279|217|275|28|46|1197|936|613|415|584|789|2157|1589|906|590|1251|1089|425|329|425|329|0|225|241|182|241|182|0|225|244|246|195|207|49|82|3529|841|2134|626|1395|635|176|125|171|125|5|8|633|351|618|355|15|28|0|225|0|225|0|225|2927|987|932|405|1995|877|260|289|177|271|83|93|562|784|310|493|252|302|1866|1993|251|246|1615|2020|550|442|479|409|71|131|226|206|23|32|203|200|3056|1494|1503|959|1553|1170|1092|1013|652|500|440|659|1411|1344|215|170|1196|1315|1204|871|830|698|374|534|1765|1244|1144|911|621|712|0|225|0|225|0|225|38|40|38|40|0|225|432|610|14|25|418|607
330M700US532|690449|431|625874|5964|20955|2196|13915|1909|7040|1408|1977|721|1662|666|315|189|903|710|623|522|280|269|1449|503|1012|393|437|326|730|862|730|862|0|218|1965|697|1724|650|241|226|2436|1018|2138|936|298|201|806|463|417|322|389|344|2189|2254|1528|1408|661|872|293|197|293|197|0|218|1362|809|862|602|500|406|1243|782|91|130|1152|738|88|155|88|155|0|218|662|531|662|531|0|218|60|113|60|113|0|218|1870|745|1699|700|171|143|519|499|474|460|45|95|124|128|60|98|64|85|675|597|263|224|412|444|1917|1159|881|599|1036|936|417|341|417|341|0|218|207|268|172|219|35|61|125|207|125|207|0|218|471|356|278|249|193|210|3203|846|1202|625|2001|644|252|308|161|237|91|100|1151|542|792|436|359|248|0|218|0|218|0|218|1028|669|381|320|647|403|376|368|135|216|241|207|94|110|0|218|94|110|3021|1162|1473|758|1548|638|1556|1066|1050|902|506|280|155|103|28|43|127|96|3747|1931|1978|1018|1769|1121|0|218|0|218|0|218|3450|1854|2766|1603|684|480|532|418|429|389|103|131|2099|1570|1637|1175|462|528|0|218|0|218|0|218|136|153|127|152|9|16|332|283|278|245|54|68
330M700US536|1059341|265|752964|10939|254031|9432|175635|7590|78396|6509|2969|1601|2738|1558|231|285|0|232|0|232|0|232|1228|626|1137|602|91|148|936|667|795|607|141|181|4351|1259|3502|1094|849|559|496|380|496|380|0|232|432|266|382|248|50|86|1162|603|796|531|366|342|1431|1001|950|646|481|414|1199|1093|50|84|1149|1090|1433|1808|961|1269|472|561|191|243|191|243|0|232|1213|972|935|620|278|424|115|143|88|109|27|45|1390|829|1298|759|92|113|196|321|196|321|0|232|463|435|249|272|214|328|0|232|0|232|0|232|1034|690|695|509|339|417|636|386|455|305|181|222|499|474|499|474|0|232|801|652|801|652|0|232|307|453|103|180|204|282|5013|1589|2698|1144|2315|881|2496|1188|1525|902|971|536|1840|1023|1064|830|776|478|0|232|0|232|0|232|2397|1250|1145|758|1252|888|438|398|2|1|436|398|596|507|368|414|228|226|600|755|345|438|255|342|3326|1091|2869|957|457|408|674|451|480|329|194|213|4064|2187|2810|1694|1254|801|705|635|705|635|0|232|1007|1271|785|968|222|329|214|361|214|361|0|232|1591|1366|1263|1228|328|295|1749|844|1552|834|197|254|2546|959|2219|823|327|421|608|418|498|333|110|187
330M700US538|1093901|1217|965088|4110|86669|3190|49907|2871|36762|2406|1471|451|1311|459|160|171|547|450|377|359|170|277|419|323|271|230|148|139|612|403|464|303|148|185|2107|608|1828|573|279|190|440|600|440|600|0|165|96|151|96|151|0|165|2034|859|1667|805|367|301|143|137|143|137|0|165|0|165|0|165|0|165|313|249|174|166|139|133|0|165|0|165|0|165|460|346|359|308|101|113|75|84|75|84|0|165|609|491|461|395|148|176|1022|557|716|442|306|355|51|91|51|91|0|165|729|492|421|248|308|346|351|354|163|160|188|225|980|560|426|324|554|519|378|463|303|365|75|119|108|119|0|165|108|119|591|372|204|172|387|296|2481|822|1157|479|1324|616|647|320|489|332|158|168|614|351|264|177|350|228|5876|1467|4511|1331|1365|657|3060|1100|1004|449|2056|805|0|165|0|165|0|165|516|352|348|269|168|134|5777|1683|2974|934|2803|1080|1643|744|1294|658|349|266|1045|408|550|250|495|276|2658|932|1893|715|765|475|123|145|62|104|61|101|0|165|0|165|0|165|1190|657|870|461|320|314|375|242|375|242|0|165|155|144|155|144|0|165|2078|650|1782|604|296|201|370|260|292|213|78|97
330M700US545|1754913|4717|1590533|8860|73304|4571|57036|3881|16268|3157|7107|2052|5440|1700|1667|721|1264|927|1264|927|0|210|1884|1420|1480|1015|404|495|2194|988|1898|880|296|188|4328|1048|3698|946|630|420|994|608|949|606|45|74|2065|1026|2038|1029|27|45|3011|1313|2142|946|869|545|908|661|768|584|140|182|795|591|614|470|181|222|1181|799|999|655|182|233|0|210|0|210|0|210|951|673|789|570|162|139|1900|1152|1359|840|541|388|743|564|698|550|45|59|749|623|457|400|292|308|123|128|34|45|89|99|498|384|283|238|215|256|377|282|242|209|135|155|1261|610|1206|584|55|90|1142|974|1070|942|72|121|736|694|736|694|0|210|976|1121|643|625|333|529|8457|2182|4290|1286|4167|1440|2076|891|1319|588|757|515|4439|1509|2845|1137|1594|640|161|220|102|157|59|78|5272|2130|2494|1066|2778|1358|369|424|184|273|185|229|1256|676|737|538|519|304|659|418|343|278|316|279|21571|3019|14872|2581|6699|1433|1117|542|910|489|207|240|4664|2239|3115|1543|1549|1179|65|84|65|84|0|210|1964|1139|1484|872|480|412|1915|942|1915|942|0|210|1085|723|1085|723|0|210|21|38|21|38|0|210|53|87|53|87|0|210|745|683|636|661|109|184
330M700US548|9490766|3281|7126881|27981|1067915|17013|596830|14039|471085|15403|99561|9986|76969|8466|22592|4561|15599|4414|11447|2924|4152|2326|14734|2772|11981|2431|2753|1025|25551|4931|18671|3524|6880|2562|25771|3417|22880|3046|2891|1086|8296|2495|7189|2352|1107|669|11518|2713|9926|2516|1592|761|32613|5038|22031|3622|10582|2178|5143|1724|4130|1446|1013|643|5101|1970|4138|1632|963|612|15017|3975|10133|3012|4884|2165|3070|1387|2491|1176|579|420|58288|7960|36946|5280|21342|4048|18108|4001|13015|2541|5093|2016|52072|5412|44913|5025|7159|1552|62242|7728|44089|5669|18153|3768|16212|4065|11686|3116|4526|1753|28446|5471|19128|3748|9318|2580|33788|4806|22181|3606|11607|3213|25948|4795|21200|4302|4748|1168|30304|4601|27061|4296|3243|1065|12984|2766|11188|2480|1796|740|11977|3024|9719|2467|2258|1240|114614|6969|68837|4653|45777|4902|17792|3426|12775|3043|5017|1153|80034|7109|37191|3911|42843|5407|412|328|412|328|0|210|56346|7486|24986|4552|31360|4501|5748|2176|2891|1438|2857|1213|11978|2325|7702|1962|4276|1260|30692|5164|17925|2932|12767|4297|55630|5227|38049|4108|17581|2715|12131|3096|8415|2473|3716|1236|74605|8175|53197|7017|21408|3428|7227|1468|6119|1236|1108|696|91175|9086|59593|7274|31582|4746|86291|9525|71180|8242|15111|3310|21401|4854|17797|4102|3604|1635|50|4|0|210|50|4|637|398|511|363|126|148|16864|3533|10988|2125|5876|2353
400C200US00970|573893|6949|494748|8989|21963|2916|14376|1958|7587|2086|3880|1233|3168|1138|712|475|3267|1995|2324|1288|943|817|3458|937|2704|869|754|303|1813|1397|818|554|995|1281|1194|617|1025|578|169|156|568|517|568|517|0|218|741|621|614|562|127|144|1270|785|832|645|438|360|765|553|718|551|47|80|1065|843|559|500|506|472|358|290|294|286|64|107|555|875|555|875|0|218|851|514|641|421|210|210|924|972|721|918|203|291|853|494|793|495|60|84|3077|1742|2078|1094|999|749|688|655|513|484|175|186|1934|1174|1661|985|273|315|1001|664|592|368|409|427|1696|976|972|612|724|541|3634|1981|3094|1753|540|500|786|808|555|497|231|340|396|514|396|514|0|218|6741|1938|3412|1355|3329|1124|334|254|239|253|95|105|1486|781|947|499|539|480|0|218|0|218|0|218|559|470|48|92|511|462|337|378|109|187|228|263|161|247|35|65|126|229|1467|971|904|663|563|398|1243|623|1093|521|150|181|591|518|243|246|348|459|4605|2700|3506|2417|1099|671|177|290|177|290|0|218|408|362|357|308|51|90|1455|762|1097|716|358|262|1065|1117|709|618|356|547|0|218|0|218|0|218|0|218|0|218|0|218|1779|1219|1366|1092|413|331
400C200US03817|4912163|17773|3784248|29338|541277|11681|304607|10142|236670|9425|28583|5221|22430|3912|6153|2495|13423|3336|10570|2806|2853|1411|4124|1326|3490|1130|634|518|25367|5844|17313|4322|8054|3156|11898|2754|10413|2581|1485|794|4461|1891|4350|1898|111|114|1605|662|1554|629|51|84|11379|2538|7324|1846|4055|1322|2705|1767|2001|1322|704|598|7219|3185|5579|2881|1640|724|5309|1961|3084|1148|2225|988|357|359|357|359|0|226|13838|3436|8086|2171|5752|2258|20738|4327|14034|3393|6704|1857|31978|4544|26880|4013|5098|1760|11705|2698|8641|1956|3064|1116|3277|1893|1472|932|1805|1537|12984|3703|8472|2832|4512|1554|10058|2943|7060|1932|2998|2125|11678|3534|7938|2789|3740|1536|22706|3897|19048|3472|3658|1342|16225|3795|13777|3270|2448|1137|6367|1809|5037|1525|1330|875|51167|6070|27012|4172|24155|2917|7466|2104|4566|1569|2900|1043|42022|4527|18958|2976|23064|2633|602|601|222|214|380|447|48055|4629|15808|2505|32247|3730|1418|889|812|709|606|364|4848|2175|2066|1232|2782|1408|14774|3954|8443|2689|6331|2000|8830|2185|5527|1405|3303|1491|1600|970|1278|748|322|275|18768|5750|14221|5053|4547|1526|3410|1916|2783|1597|627|577|30982|6838|19105|4711|11877|3716|48965|7898|41320|6879|7645|2351|15447|4409|12123|3500|3324|2038|0|226|0|226|0|226|389|318|358|324|31|54|9911|2972|8048|2270|1863|1442
400C200US04384|1812049|12320|1296898|16571|324455|13171|219031|10939|105424|10391|7703|2228|6692|2018|1011|713|127|224|127|224|0|236|584|463|549|463|35|64|7675|3295|6643|3087|1032|744|4113|1202|3741|939|372|456|1070|626|988|602|82|148|708|583|708|583|0|236|3969|1688|2441|1253|1528|937|1305|845|1263|812|42|69|1683|1460|1045|793|638|712|2734|1205|1798|859|936|860|191|333|0|236|191|333|2854|1244|2106|1049|748|445|3638|1496|2951|1233|687|510|13875|2663|12982|2611|893|456|9129|3040|6949|2517|2180|959|291|282|212|257|79|132|4549|2704|3745|2037|804|909|9839|2890|7870|2593|1969|1179|3424|1823|2199|884|1225|1435|14468|3627|11826|3149|2642|1673|9779|2749|7872|2288|1907|1513|4319|2344|2780|1312|1539|1969|26149|3683|16687|2700|9462|2535|5368|2226|4655|2065|713|436|8058|2251|5740|1844|2318|895|384|627|384|627|0|236|12727|2842|4622|1144|8105|2465|223|279|168|264|55|95|834|516|396|377|438|417|1711|851|1191|660|520|339|5288|1613|3644|1300|1644|762|1608|1457|1378|1125|230|368|7588|2653|5583|1896|2005|1144|1903|1084|1721|1032|182|290|6269|2827|4955|2363|1314|827|2736|1642|2406|1353|330|372|820|686|820|686|0|236|0|236|0|236|0|236|576|502|428|397|148|181|427|367|427|367|0|236
400C200US04843|2062143|10821|1712288|15735|132412|8929|77958|6480|54454|6212|20001|4752|14487|4249|5514|2365|1265|807|906|632|359|527|3500|1286|2214|910|1286|751|4707|1905|3822|1595|885|555|3120|975|2538|734|582|497|967|856|751|777|216|348|2793|1336|2298|1279|495|266|6079|1805|3425|1338|2654|941|968|775|582|363|386|539|1226|841|1194|831|32|53|2190|1388|1326|1017|864|903|486|426|256|249|230|300|4782|1671|3117|1272|1665|813|5388|2229|3846|1597|1542|1108|6583|2145|5496|1889|1087|644|14352|3476|10222|2775|4130|1137|3024|1613|2119|1367|905|675|2799|1164|1978|843|821|714|10342|3391|5036|1830|5306|2691|2833|1401|2651|1371|182|199|4687|1233|3914|1093|773|610|1472|1219|1278|1189|194|183|2662|2080|1893|1280|769|974|21499|3020|12638|2457|8861|2180|3458|1390|2340|1056|1118|708|14795|2993|5900|1227|8895|2257|232|291|232|291|0|225|7360|2915|3555|1664|3805|2050|42|72|42|72|0|225|381|237|47|81|334|217|6800|3243|2914|1300|3886|2564|10258|2529|6625|1690|3633|1631|841|701|841|701|0|225|11549|3182|7347|2050|4202|1923|2422|1027|1676|791|746|633|4165|1714|2796|1488|1369|795|20904|4074|17738|3849|3166|1556|5039|2212|4018|1772|1021|911|0|225|0|225|0|225|299|303|299|303|0|225|1173|550|897|461|276|356
400C200US09271|4135871|13840|2938860|20687|435185|8815|242009|8355|193176|8726|27343|4107|20859|3174|6484|1737|72480|7991|44519|5950|27961|4026|20860|3311|15148|2859|5712|1582|147221|14438|75149|8433|72072|8685|10709|2390|9874|2117|835|612|2171|1034|1853|996|318|297|14069|2880|10787|2152|3282|1814|26195|3748|16678|2918|9517|2105|5359|1503|4859|1432|500|268|3164|1170|2541|1134|623|432|8814|2140|5908|1765|2906|949|4961|1582|3677|1328|1284|667|5939|1425|4631|1316|1308|534|8353|2320|6429|1785|1924|933|25659|4905|22782|4304|2877|1240|4732|1534|3636|1109|1096|685|4099|2113|3048|1645|1051|856|5718|1823|4167|1417|1551|904|8458|2143|6229|1641|2229|943|19053|3589|12107|2466|6946|2407|11639|3512|9760|2854|1879|1460|9311|2850|7479|2238|1832|995|6073|1913|4771|1532|1302|935|128681|7771|69991|4978|58690|5527|6718|1643|4703|1393|2015|695|15149|2911|9403|2082|5746|1796|251|371|123|210|128|167|30043|5155|13089|3242|16954|3012|18572|4648|8256|2748|10316|2629|7316|3101|3264|2001|4052|1533|11821|3109|9613|2623|2208|1298|7715|2327|6164|2091|1551|833|3075|1791|1370|732|1705|1345|29182|4767|20801|3796|8381|2113|7298|2984|6762|2679|536|395|10740|3642|7602|2983|3138|1341|9321|2317|7726|2076|1595|1052|17747|4335|13867|3722|3880|1814|0|210|0|210|0|210|206|173|206|173|0|210|5611|2529|4839|2164|772|502
400C200US10162|875166|8978|604787|14615|148914|8294|80082|6729|68832|6303|6733|2767|4831|2048|1902|1668|14294|4106|8249|3095|6045|2069|6394|2039|4884|1877|1510|557|18370|4525|9186|2178|9184|3518|1827|695|1698|698|129|115|303|313|303|313|0|210|2520|1198|1753|768|767|551|3077|1142|2654|1053|423|299|9202|2910|5035|2025|4167|1351|1309|1085|651|453|658|767|4727|2490|2808|1617|1919|1380|0|210|0|210|0|210|468|391|418|368|50|87|784|640|647|530|137|234|5221|1896|4777|1670|444|391|1254|904|1133|765|121|205|424|468|86|134|338|378|4424|2733|3041|1806|1383|1034|1708|1017|1196|778|512|492|4943|1807|3820|1653|1123|763|329|343|152|159|177|314|232|259|232|259|0|210|560|418|503|369|57|101|12100|3864|7937|2341|4163|1754|1434|844|609|471|825|561|1224|697|640|427|584|453|0|210|0|210|0|210|2310|1243|873|588|1437|904|267|434|214|348|53|87|1704|1236|681|704|1023|719|910|754|810|637|100|174|3888|1637|2111|812|1777|1016|220|227|220|227|0|210|4669|1886|2885|1454|1784|939|573|310|424|250|149|144|0|210|0|210|0|210|1054|661|924|642|130|155|0|210|0|210|0|210|0|210|0|210|0|210|164|164|164|164|0|210|1845|790|1472|704|373|259
400C200US11350|900099|6478|796927|9942|29914|4059|20435|3228|9479|2227|3762|2503|3350|2149|412|463|360|368|314|355|46|56|3498|1111|2175|817|1323|792|1992|2009|1362|1621|630|615|1478|834|1360|825|118|133|214|150|154|151|60|8|463|354|340|319|123|196|1890|936|944|718|946|474|2075|909|1878|887|197|175|809|500|418|349|391|311|1183|799|831|575|352|357|3|6|3|6|0|218|2141|2388|1456|1510|685|923|778|808|397|394|381|468|2413|1188|1479|868|934|506|2120|1311|859|574|1261|850|759|564|265|254|494|476|10819|2610|4340|1334|6479|1665|1442|917|563|366|879|663|1911|1424|835|678|1076|917|566|466|349|401|217|230|1451|1892|1412|1895|39|65|924|743|280|258|644|597|6741|1813|3106|990|3635|1349|180|257|180|257|0|218|689|357|639|354|50|81|0|218|0|218|0|218|1481|833|468|317|1013|711|0|218|0|218|0|218|244|294|244|294|0|218|2893|1351|1392|702|1501|843|855|579|539|365|316|303|110|188|110|188|0|218|9351|3002|6479|2510|2872|1295|976|692|695|501|281|471|727|967|432|513|295|461|2444|2039|1704|1444|740|695|2057|1168|750|671|1307|935|0|218|0|218|0|218|0|218|0|218|0|218|1459|1380|1367|1380|92|91
400C200US15670|1348344|9631|1055896|15679|173038|7648|82253|6485|90785|6175|7240|2154|4851|1704|2389|1295|906|658|677|507|229|308|1981|1262|1402|1021|579|478|4542|1613|2852|1156|1690|1135|5501|2314|4409|1470|1092|1385|1072|575|977|538|95|114|2081|954|1829|842|252|245|4115|1636|1597|717|2518|1410|1223|603|1041|540|182|187|699|681|429|397|270|329|3008|1327|1812|816|1196|755|229|389|229|389|0|210|1075|834|762|553|313|324|4359|1541|2786|1117|1573|754|6386|1811|5704|1802|682|361|1379|831|1007|730|372|365|0|210|0|210|0|210|1358|811|1187|820|171|206|4160|1785|2879|1322|1281|802|4222|2438|2490|1217|1732|1752|10224|2616|7487|2136|2737|1222|2571|1531|1547|773|1024|1192|1257|608|1257|608|0|210|7936|1976|4786|1338|3150|1130|1300|945|881|853|419|312|1432|1054|995|816|437|374|900|671|720|539|180|222|8773|2272|2358|879|6415|2097|2525|1709|1372|1078|1153|844|1489|985|600|495|889|717|3760|1765|1895|1106|1865|1080|4226|1461|3010|1203|1216|685|390|270|216|224|174|150|3969|1758|2781|1456|1188|694|523|388|416|333|107|128|8304|7014|4899|5084|3405|2502|1296|755|768|501|528|536|1388|974|1080|926|308|244|0|210|0|210|0|210|618|638|618|638|0|210|993|838|722|657|271|278
400C200US16264|8038414|10911|5436919|31031|1522703|19283|925505|17825|597198|15854|23743|4684|18038|4008|5705|2021|6553|2639|3636|1425|2917|1981|22319|2835|15142|2381|7177|1464|6827|1822|5583|1575|1244|632|19452|2674|17963|2621|1489|606|3610|1541|3610|1541|0|210|24386|3024|18165|2649|6221|1737|45027|6635|25870|4353|19157|4147|151752|9954|82538|7026|69214|5888|26302|4988|18789|4090|7513|1866|60742|7797|32225|4249|28517|5346|2785|1161|2061|916|724|541|8383|2122|5822|1732|2561|985|49465|6957|28412|4956|21053|4347|40110|5026|33894|4410|6216|1683|58565|7743|42600|5658|15965|3588|3466|1591|2348|1350|1118|701|6899|2586|5575|2171|1324|1187|13103|4606|7117|1904|5986|3820|51061|7369|33269|5860|17792|3676|19504|3965|17071|3615|2433|959|11630|2233|9942|1960|1688|795|17856|3714|12817|2591|5039|1728|94025|7592|43309|4289|50716|5604|10898|2371|6812|1631|4086|1548|32099|4468|16516|3084|15583|2800|139|168|73|122|66|114|17178|3604|9225|2133|7953|2189|3456|1484|1790|954|1666|765|7511|2097|4064|1230|3447|1319|19450|4038|10890|2647|8560|2451|76263|6322|57753|5473|18510|3459|9428|2885|6492|2412|2936|1271|70149|9241|46668|6888|23481|4121|6699|2188|6631|2186|68|80|17777|4824|11605|3655|6172|2171|29623|6709|23697|6027|5926|2131|3452|1787|3420|1790|32|41|23|36|23|36|0|210|317|305|317|305|0|210|6765|2040|4777|1721|1988|986
400C200US16885|1601043|10562|1457286|12421|54705|5082|31158|3524|23547|3510|6965|3076|3720|1609|3245|1927|815|931|258|390|557|870|1577|776|1178|623|399|428|1608|1008|1274|877|334|260|3886|1341|2844|1028|1042|790|853|571|758|601|95|163|502|324|502|324|0|210|3709|1555|1696|931|2013|985|370|394|370|394|0|210|985|927|535|782|450|511|924|921|378|311|546|858|0|210|0|210|0|210|681|525|114|134|567|513|657|574|386|451|271|288|4182|1633|3457|1476|725|391|2572|1378|1963|1213|609|426|961|1074|717|703|244|405|773|610|651|596|122|153|5372|2585|3046|1565|2326|1371|1453|670|1292|637|161|205|2903|1489|2171|1298|732|539|2691|1340|2303|1326|388|488|1842|1002|1595|831|247|279|7460|2134|5032|1613|2428|996|2240|1028|1045|656|1195|676|2167|1100|1288|658|879|594|52|82|52|82|0|210|3646|1597|1871|1101|1775|965|873|895|359|520|514|696|494|472|399|444|95|160|3439|2587|2261|1827|1178|975|2678|1241|2144|947|534|455|269|240|187|165|82|98|8701|3735|5587|3222|3114|1374|197|191|197|191|0|210|2177|1327|1514|1167|663|694|4882|2142|4056|1909|826|681|2054|1271|2016|1271|38|64|0|210|0|210|0|210|0|210|0|210|0|210|1442|1026|639|532|803|782
400C200US17668|1590477|8724|1416833|11800|64947|5514|38495|4029|26452|3799|4046|1604|3208|1423|838|583|0|208|0|208|0|208|3801|1052|2995|1014|806|394|531|412|394|364|137|151|4014|1284|3788|1265|226|191|1001|557|869|552|132|167|2363|683|1624|622|739|535|7728|2207|4901|1770|2827|1297|2031|868|1182|551|849|630|5940|1970|3904|1817|2036|702|9249|3010|3778|1352|5471|2336|0|208|0|208|0|208|755|683|326|336|429|372|2778|1373|2052|1049|726|580|4381|2138|3262|2067|1119|752|580|473|513|432|67|103|3302|2546|2156|1873|1146|1157|968|854|670|487|298|494|2639|1486|2082|1151|557|481|6681|1888|4519|1421|2162|825|1745|893|982|657|763|596|452|391|452|391|0|208|715|711|715|711|0|208|9007|2103|4246|1273|4761|1364|1197|807|702|425|495|709|2820|1468|1365|764|1455|1141|0|208|0|208|0|208|2291|799|1162|448|1129|536|1318|1041|369|377|949|788|330|225|94|117|236|185|898|626|310|269|588|426|3552|1402|2313|1015|1239|710|381|310|273|214|108|180|11325|2926|7710|2360|3615|1309|2136|1114|1807|1078|329|489|526|493|282|268|244|412|2973|1623|2476|1497|497|379|1408|1060|433|411|975|750|0|208|0|208|0|208|211|179|201|175|10|19|2624|1188|2106|1031|518|325
400C200US19234|1478558|6607|1233782|14042|69549|5266|37126|4014|32423|3664|11359|3878|6634|2240|4725|2324|3967|2361|1910|1392|2057|1219|649|401|479|422|170|253|4065|1775|2311|1322|1754|1515|2107|1020|1771|883|336|304|186|184|186|184|0|208|947|544|947|544|0|208|3379|1578|1171|505|2208|1393|210|275|166|206|44|75|617|709|526|568|91|149|1432|977|519|476|913|770|0|208|0|208|0|208|4377|3002|2779|2780|1598|876|2271|1223|1333|1046|938|474|6358|2088|5645|1943|713|574|1852|1175|1306|859|546|444|428|677|134|203|294|487|3764|1859|3040|1684|724|558|17622|4123|6804|1877|10818|3396|2127|1130|1128|760|999|823|8359|2539|6510|2328|1849|908|3950|1955|2278|1230|1672|1227|1516|950|1204|808|312|526|12272|2543|7525|2133|4747|1553|4163|1361|2068|910|2095|1125|4303|1650|2453|1008|1850|984|0|208|0|208|0|208|2843|1450|1236|951|1607|832|1394|1014|362|284|1032|805|2034|905|1117|605|917|595|1912|1076|1048|737|864|702|3745|2444|2490|1294|1255|1331|578|320|578|320|0|208|13513|3683|7513|2430|6000|2475|453|357|453|357|0|208|28519|5581|16789|3814|11730|3384|14314|5327|9752|3978|4562|1997|2744|1645|1753|1267|991|992|0|208|0|208|0|208|227|363|94|157|133|212|671|481|612|483|59|100
400C200US19504|498113|6148|346760|9494|45225|5758|28302|4095|16923|3063|3059|1286|1321|723|1738|973|86|144|86|144|0|221|2040|1305|1490|1158|550|421|1720|990|1554|938|166|273|1313|637|1183|599|130|99|352|291|352|291|0|221|1132|1111|1132|1111|0|221|6711|2201|4454|1711|2257|917|1394|1177|1279|1164|115|152|484|573|484|573|0|221|3238|1918|2507|1439|731|582|259|260|259|260|0|221|10173|3317|5949|2367|4224|1937|645|564|645|564|0|221|7012|2072|5994|1966|1018|593|2772|1301|2379|1130|393|350|810|514|648|446|162|268|700|603|605|547|95|113|955|798|450|406|505|717|2425|1574|1905|1353|520|444|5270|2109|4217|1908|1053|695|3726|2040|3465|2008|261|332|2341|1402|1549|803|792|734|21022|3295|12220|2375|8802|1566|1646|709|1141|586|505|297|4714|1561|2776|1189|1938|718|0|221|0|221|0|221|2120|1399|474|326|1646|1307|212|349|0|221|212|349|2908|2885|1141|714|1767|2397|1132|915|791|840|341|243|7525|2177|6146|1996|1379|653|712|577|712|577|0|221|2740|1805|1474|961|1266|1052|2076|1652|1798|1559|278|354|119|144|46|77|73|120|205|180|70|113|135|140|286|370|286|370|0|221|0|221|0|221|0|221|0|221|0|221|0|221|94|115|94|115|0|221
400C200US22042|5482514|16618|3509362|25580|1377937|18173|797084|17282|580853|17567|19483|4521|15098|4105|4385|1445|1131|740|1131|740|0|236|2147|710|1934|672|213|192|10073|3688|8748|3521|1325|853|9798|2154|9023|2015|775|501|1664|1061|1482|1026|182|218|970|563|860|496|110|130|8360|2756|6332|2473|2028|812|1364|1001|1100|908|264|230|6392|3423|5411|3353|981|490|3280|1536|2012|879|1268|1158|731|1190|731|1190|0|236|17145|4918|9646|2702|7499|3033|15251|3484|10473|2796|4778|1487|34662|5138|30273|4577|4389|1311|27868|5718|21793|4697|6075|1880|2660|1288|1897|1013|763|510|11580|3141|8010|2202|3570|1583|21415|4484|13446|3097|7969|2301|11404|3465|8690|2736|2714|1209|33514|5622|28869|5124|4645|1727|17752|3954|15255|3590|2497|1108|21983|4697|15934|3532|6049|2044|42209|4626|24496|3389|17713|2864|5546|1713|2877|957|2669|1127|17626|3416|9097|2126|8529|2098|418|381|261|281|157|265|77575|8892|32708|4930|44867|6330|3039|1104|1279|665|1760|846|8566|3224|5486|2408|3080|1283|9467|3334|6021|2293|3446|1503|19483|4409|14111|3497|5372|1834|9294|5301|7129|5616|2165|1232|41803|7484|30652|6561|11151|3205|2164|781|2164|781|0|236|25293|6124|13569|4019|11724|3479|30892|6489|27117|5982|3775|1635|17637|5159|13644|4479|3993|2202|0|236|0|236|0|236|1414|985|1133|756|281|333|2162|1113|1967|1097|195|202
400C200US23500|428858|9161|307979|10344|70099|7004|46548|5243|23551|3707|2315|1052|1841|881|474|412|313|358|256|341|57|91|392|409|248|280|144|209|1492|1030|1492|1030|0|236|1623|708|1559|683|64|107|1018|833|867|753|151|257|0|236|0|236|0|236|705|749|676|747|29|49|157|212|40|67|117|202|0|236|0|236|0|236|690|586|539|530|151|249|200|222|114|165|86|148|241|222|127|104|114|197|1325|910|1070|745|255|225|3563|1669|3280|1656|283|266|2074|1483|1435|1165|639|428|194|329|103|175|91|155|2410|2041|2002|1678|408|481|3509|1976|2957|1725|552|551|317|303|274|247|43|70|3078|1835|2901|1792|177|169|1034|768|872|657|162|151|1542|1083|1113|951|429|399|4380|1472|2173|1004|2207|943|1149|905|611|576|538|515|6773|2362|3004|1188|3769|1532|0|236|0|236|0|236|1459|891|537|349|922|636|0|236|0|236|0|236|321|414|124|154|197|266|1869|1467|1112|843|757|652|943|620|715|432|228|282|145|169|66|106|79|134|967|710|297|232|670|644|287|398|287|398|0|236|283|271|219|230|64|76|1295|975|772|644|523|473|2586|1772|2049|1676|537|511|0|236|0|236|0|236|0|236|0|236|0|236|131|216|131|216|0|236
400C200US23527|2546983|10568|2017601|15509|353537|13926|220932|10711|132605|9363|9350|2887|7580|2704|1770|817|288|463|288|463|0|220|1135|559|1053|534|82|139|3117|1909|2703|1778|414|364|7846|1769|7160|1716|686|389|1802|840|1622|761|180|208|1985|1886|1985|1886|0|220|13844|3155|7532|2212|6312|2043|2859|1239|2693|1191|166|149|843|524|709|482|134|169|3666|1660|1726|942|1940|1263|206|247|206|247|0|220|4977|2206|2381|1269|2596|1362|1258|785|1128|726|130|141|5994|1595|4952|1332|1042|592|1617|929|1071|793|546|505|1848|1941|619|466|1229|1661|958|1206|600|669|358|558|4096|2027|1782|889|2314|1559|4203|1517|3213|1257|990|684|2887|1158|2627|1040|260|243|2617|1515|2183|1467|434|378|1674|1186|1413|1110|261|269|12480|2196|7042|1285|5438|1864|3273|1476|2344|1186|929|511|8523|2310|5355|1696|3168|1089|876|619|722|575|154|133|15914|4248|6908|2169|9006|2885|1541|1198|928|822|613|611|2251|1045|893|501|1358|921|3989|2677|2196|1519|1793|1280|5660|1768|4684|1492|976|557|4257|1643|2329|1420|1928|931|13109|3902|8407|2506|4702|2539|1020|567|993|570|27|56|14387|3279|7840|2428|6547|1959|3630|1931|2820|1603|810|670|865|656|701|615|164|204|155|111|79|96|76|53|573|297|515|279|58|89|4272|2996|3348|2320|924|1133
400C200US23824|3509034|8922|2934601|18301|119498|6220|75499|5324|43999|4619|8586|2266|6493|1893|2093|801|502|453|266|278|236|380|8197|1719|4707|1085|3490|1304|3754|1144|2643|986|1111|426|10533|2805|9977|2632|556|404|1058|447|818|402|240|294|3719|1062|2901|919|818|392|5796|1500|3131|916|2665|1119|11093|2750|9003|2503|2090|799|5820|2261|4169|2040|1651|692|12114|3527|5698|1445|6416|2545|1568|766|1105|593|463|293|3152|2202|1295|796|1857|1610|8954|2949|5846|2098|3108|1307|11423|2706|10158|2723|1265|534|10338|2751|8535|2587|1803|697|5309|2261|4338|2083|971|575|31636|5800|18171|4360|13465|3448|7174|2572|5600|2066|1574|1135|28354|4367|17522|3361|10832|2307|13117|3208|8970|2420|4147|1780|8678|2426|6750|1908|1928|990|8225|2654|6310|1959|1915|1245|20639|3456|10823|2427|9816|1859|8838|2344|3386|1188|5452|1916|7799|2070|4381|1620|3418|1051|3646|1843|2742|1557|904|631|6542|1940|3432|1354|3110|1246|50|79|0|184|50|79|967|684|404|299|563|475|359|241|197|145|162|163|10114|2431|6816|1766|3298|1723|1517|812|724|464|793|557|149075|10990|75416|8689|73659|8020|1450|827|1141|583|309|351|23916|4776|13471|3215|10445|2928|7340|2664|6370|2677|970|650|1703|1306|959|749|744|1040|0|184|0|184|0|184|292|203|160|168|132|141|1588|754|1438|692|150|156
400C200US37243|921006|6552|680908|12145|116033|6674|80615|5386|35418|4114|6739|1749|5325|1657|1414|528|2227|1116|1804|950|423|392|6964|2361|5039|2111|1925|889|8596|2325|5669|1698|2927|1050|1392|658|1269|597|123|146|302|200|302|200|0|222|1835|790|1429|748|406|263|2510|1090|1519|749|991|616|15832|2957|8309|1811|7523|2213|2640|1705|1539|1210|1101|1040|3376|2296|2125|1324|1251|1083|48|81|48|81|0|222|738|657|604|636|134|170|2438|1230|1548|882|890|552|4089|1694|3493|1667|596|380|5362|1921|3827|1753|1535|919|751|681|690|670|61|104|3947|1650|1796|750|2151|1275|3735|1654|2284|1110|1451|931|4900|2077|3901|1729|999|747|4249|1718|2683|1149|1566|1182|4067|1701|2054|907|2013|1267|3100|1827|2752|1696|348|393|5148|1627|3207|1195|1941|807|651|550|418|486|233|215|1507|836|676|608|831|510|0|222|0|222|0|222|4076|2018|2216|1519|1860|1031|1676|2112|644|763|1032|1400|529|399|51|91|478|355|2174|2834|1008|1674|1166|1229|1389|617|864|460|525|302|118|198|118|198|0|222|4423|2424|2024|1423|2399|1400|508|602|508|602|0|222|527|466|527|466|0|222|4261|2103|3681|1997|580|534|1732|1306|965|854|767|978|0|222|0|222|0|222|894|638|653|514|241|261|4615|3420|3677|2873|938|808
400C200US40429|5649344|20842|3149296|30366|1821470|21622|992093|21714|829377|23929|26366|5577|22110|5019|4256|1623|6634|2128|6169|2249|465|595|2426|782|1961|774|465|383|15135|4166|11938|3326|3197|1870|8534|1696|7898|1485|636|520|2884|1078|2262|953|622|476|1565|664|1172|579|393|383|9693|3549|5420|2047|4273|1950|2240|912|1334|652|906|589|3901|2057|3360|1730|541|458|4345|1904|3149|1639|1196|751|603|463|566|452|37|61|20020|5466|12220|3968|7800|2774|10660|2790|6293|1715|4367|1678|36592|6007|28063|4965|8529|2952|39147|6662|26047|4897|13100|3877|4900|2876|2824|1665|2076|1722|5073|1962|3580|1461|1493|894|18114|4984|13393|3728|4721|2005|8584|2819|5171|1644|3413|2001|12372|3426|10721|3311|1651|1039|11694|4149|9041|3701|2653|1819|26115|5387|18771|4267|7344|2315|88994|8557|42543|4783|46451|5799|3736|1314|1897|835|1839|786|15142|3524|7322|2356|7820|2290|0|236|0|236|0|236|120906|12688|52035|9019|68871|7373|2028|1109|950|658|1078|703|4534|1994|1715|767|2819|1866|10843|3574|4805|1811|6038|2685|38274|6200|30924|5227|7350|2023|4539|1705|3946|1714|593|548|41162|8718|29689|6647|11473|3235|1277|943|1042|891|235|284|13696|4522|7903|2878|5793|2270|39973|7433|35749|6912|4224|1608|10074|4100|8459|3498|1615|987|0|236|0|236|0|236|274|272|274|272|0|236|5529|3159|3861|2624|1668|1342
400C200US41212|1627548|8162|1379466|11837|120972|7580|58939|5564|62033|6147|12346|4168|4320|1712|8026|3291|8185|4204|2963|2005|5222|3291|254|254|254|254|0|208|1989|1719|1892|1696|97|159|3566|1411|3078|1283|488|449|468|400|356|251|112|197|165|199|165|199|0|208|1940|967|638|482|1302|884|488|456|331|384|157|253|531|610|437|456|94|172|2058|1626|1751|1234|307|509|0|208|0|208|0|208|904|548|580|395|324|231|4945|2212|3613|1840|1332|1058|4471|2308|4081|2184|390|382|3053|1770|1855|1277|1198|968|10516|3254|5019|2206|5497|1742|2134|2175|1651|1651|483|559|2485|1469|2048|1205|437|384|1955|1612|1831|1452|124|214|3351|2097|1470|1021|1881|1792|1005|843|863|673|142|245|516|551|347|397|169|257|6427|2272|3918|1663|2509|1038|846|658|353|287|493|530|3110|1288|1293|795|1817|958|343|551|168|267|175|292|1658|991|586|457|1072|788|683|630|455|392|228|304|481|434|104|120|377|385|12901|3041|3659|1716|9242|2184|5622|2093|3464|1207|2158|1498|1675|1627|844|991|831|868|4937|2557|2638|1189|2299|2232|182|304|182|304|0|208|4191|1734|2606|1282|1585|1059|11010|3536|8753|3202|2257|1118|4401|2394|3123|2063|1278|997|0|208|0|208|0|208|102|167|102|167|0|208|1216|1128|540|480|676|993
400C200US42346|1228292|12398|1030327|15594|99768|5983|62368|5259|37400|4917|3643|1573|2791|1067|852|805|7940|3397|3752|2022|4188|2476|1575|737|1428|665|147|175|6221|3515|3841|2761|2380|2064|2667|1093|2339|1003|328|340|324|256|324|256|0|243|75|87|53|61|22|36|5298|2358|3496|1635|1802|1180|452|412|452|412|0|243|3723|1545|2194|1155|1529|1120|2007|1771|1695|1741|312|290|0|243|0|243|0|243|1724|1583|1657|1560|67|116|1367|896|1295|869|72|123|2096|1300|1945|1257|151|182|911|1042|782|892|129|231|0|243|0|243|0|243|188|244|120|143|68|114|701|593|701|593|0|243|4856|2511|3407|1753|1449|1324|3771|1828|3073|1575|698|592|2763|1788|1911|1017|852|1172|850|819|850|819|0|243|5291|2326|2986|1495|2305|1158|1643|862|761|597|882|472|1800|1440|1266|964|534|591|0|243|0|243|0|243|6763|2980|3766|1982|2997|1471|1597|1119|988|718|609|592|1324|1320|672|720|652|770|2973|1626|954|657|2019|1266|12482|2557|9194|2089|3288|1332|780|559|607|465|173|226|5906|2035|4239|1681|1667|719|240|235|240|235|0|243|641|673|521|609|120|158|2238|1666|2238|1666|0|243|528|556|466|472|62|103|0|243|0|243|0|243|122|191|122|191|0|243|717|585|608|570|109|178
400C200US43912|1586470|8492|1372477|14553|130869|7941|79359|5593|51510|5508|5031|1896|4046|1560|985|595|663|881|577|870|86|143|772|371|540|294|232|196|1347|778|818|545|529|396|2743|1274|2262|1069|481|303|1097|819|1097|819|0|210|237|212|237|212|0|210|2113|1049|1103|648|1010|976|893|928|817|895|76|95|905|655|588|609|317|334|255|378|24|43|231|375|55|88|55|88|0|210|2216|2079|1451|1217|765|943|675|539|465|443|210|229|1669|1087|1490|1048|179|211|2080|1018|1647|915|433|291|602|416|480|403|122|151|1174|1109|463|390|711|1029|2208|1407|1330|909|878|676|2574|1904|2133|1447|441|510|2643|1070|1713|821|930|731|588|479|588|479|0|210|97|162|97|162|0|210|7673|1785|3818|1163|3855|1327|1457|905|1035|778|422|361|1618|726|745|492|873|450|1494|1049|1283|908|211|220|7498|1654|2812|984|4686|1518|374|323|71|118|303|298|1937|1210|985|721|952|621|3736|1774|1621|1280|2115|963|2183|875|1372|532|811|497|3308|1164|3039|1049|269|271|3246|1892|1888|912|1358|1301|0|210|0|210|0|210|7478|4100|3977|2646|3501|1747|1562|834|1401|782|161|264|6038|3016|3437|2047|2601|1662|0|210|0|210|0|210|46|59|46|59|0|210|839|510|774|504|65|108
400C200US47995|2130588|6215|1390549|15205|495770|10096|293326|10059|202444|10215|6657|2152|5492|1990|1165|655|412|420|412|420|0|232|2485|1497|1142|641|1343|1363|4168|1842|3369|1647|799|830|7326|2328|6319|1932|1007|682|1601|1054|1601|1054|0|232|1041|585|816|463|225|227|4477|1990|2691|992|1786|1350|2157|821|1636|793|521|459|2850|1628|1924|1497|926|517|3847|1511|2226|860|1621|856|2215|1001|1513|794|702|520|4078|2307|2671|1649|1407|886|1495|1498|835|773|660|801|1530|1024|1295|1003|235|305|4160|3079|2815|2357|1345|1223|1336|1206|1020|978|316|344|866|905|537|737|329|466|817|539|352|320|465|434|3998|1908|2552|1160|1446|1107|935|722|878|693|57|95|337|351|294|297|43|71|163|196|100|116|63|101|28840|4333|12940|2437|15900|2793|4611|1543|2675|1088|1936|1006|14871|3389|7619|2154|7252|2448|88|147|0|232|88|147|11765|3973|4337|1571|7428|3221|1858|1411|811|558|1047|1057|6018|1660|2921|1158|3097|1016|2779|2162|1811|1309|968|963|77752|8093|53157|5934|24595|3771|9337|1847|6660|1486|2677|931|4661|1703|3008|1148|1653|815|2614|1144|2057|1043|557|499|13093|4340|9628|3367|3465|1613|1716|1208|1582|1110|134|194|1819|1655|731|734|1088|1462|505|604|448|597|57|94|327|321|327|321|0|232|2664|1757|2283|1680|381|332
400C200US51445|11306729|17536|5100500|38879|4062867|32620|2362294|29492|1700573|28361|43811|4969|38215|4663|5596|1384|4540|2001|3495|1457|1045|1074|16736|2804|14352|2469|2384|1029|23240|3704|18082|3232|5158|1221|23459|3390|21393|3308|2066|785|7378|2184|6815|2151|563|290|6746|2067|4900|1764|1846|816|61019|7503|31117|4982|29902|4401|6312|1812|5002|1543|1310|617|7364|2996|5576|2274|1788|960|10578|2299|6872|1423|3706|1524|174692|11573|94678|7606|80014|7603|92167|8840|58807|6445|33360|4969|17366|3802|11912|2856|5454|1753|39595|6866|32934|6185|6661|1761|18703|7145|14120|6241|4583|2017|15192|3638|10786|2789|4406|1827|17594|4382|9355|2572|8239|2824|12398|2773|9348|2248|3050|1029|15338|3080|11202|2172|4136|1879|7672|2946|6247|2621|1425|797|9608|2885|8036|2183|1572|1007|5763|1677|5043|1394|720|502|480889|15757|213811|10119|267078|10464|60659|7305|35915|5277|24744|3352|217234|14393|88927|8431|128307|8523|1838|1494|815|407|1023|1332|258177|13900|103031|7643|155146|9502|30879|5222|13343|3129|17536|3326|29552|5555|12702|2407|16850|3938|21253|4603|10302|2224|10951|3348|239904|12230|168237|9354|71667|6041|31378|4504|19871|3366|11507|2316|70284|8287|48744|6863|21540|3475|19124|4198|14774|3466|4350|1834|12898|3581|9179|3304|3719|1326|12792|3404|10928|3080|1864|862|5607|3702|3261|1583|2346|2666|295|355|262|340|33|56|1524|977|1234|970|290|265|11804|3238|7271|2444|4533|2192
400C200US56602|5794999|8295|2593659|29003|2489741|14874|1299154|20648|1190587|17973|48367|5792|33259|4495|15108|2895|284740|17097|154733|12133|130007|11322|18064|3726|13448|2997|4616|1479|97926|10592|62689|7509|35237|5390|13751|2319|12565|2146|1186|596|5801|1462|4344|1253|1457|996|3517|1443|2988|1335|529|414|33030|5342|16559|3403|16471|3807|6223|1549|4877|1519|1346|644|1967|966|1850|924|117|193|12867|3825|8028|2387|4839|2654|405|465|314|435|91|149|3865|2394|3197|1825|668|941|5712|2328|4483|1784|1229|1186|6636|2149|6061|2078|575|459|8401|2977|6692|2349|1709|967|1930|1473|1318|781|612|889|4771|2303|2302|1292|2469|1366|2780|1799|2288|1743|492|435|11846|2639|8772|2058|3074|1149|2885|1768|2294|1543|591|571|2209|1273|2209|1273|0|243|6941|3291|5952|2942|989|848|24285|4013|12697|2463|11588|2678|2322|1008|1687|834|635|520|2345|1241|931|639|1414|762|0|243|0|243|0|243|10590|2818|3856|1402|6734|2165|126|162|0|243|126|162|3553|2249|1485|786|2068|1693|6980|2567|5047|1943|1933|915|12560|2815|10086|2388|2474|1196|1740|877|1474|779|266|213|16868|3978|13112|3286|3756|1349|24580|5601|21936|5260|2644|1074|1016|841|881|830|135|225|2370|1086|2316|1109|54|92|1481|1004|1481|1004|0|243|39|87|39|87|0|243|165|202|153|201|12|16|15945|3821|12180|3212|3765|1407
400C200US57466|1214748|5128|1016951|8428|116062|4477|72491|4223|43571|3065|3154|1227|2842|1204|312|263|69|128|0|159|69|128|2016|1089|1755|1058|261|198|983|735|686|673|297|311|6572|1288|5349|1222|1223|622|765|516|765|516|0|159|1373|1215|1332|1214|41|68|2131|989|1115|623|1016|701|1335|566|910|399|425|364|1541|603|981|455|560|431|1175|810|934|754|241|201|111|185|111|185|0|159|1117|846|620|571|497|455|626|411|569|393|57|80|3105|1427|2928|1438|177|222|528|333|442|312|86|118|2133|1226|1776|1231|357|335|64|115|0|159|64|115|6524|2398|4292|1637|2232|1381|3636|1599|2854|1429|782|474|976|728|841|680|135|219|1524|1211|863|644|661|708|1885|976|1633|884|252|240|3129|1316|1925|795|1204|783|693|509|587|411|106|121|939|684|641|605|298|229|11309|2794|6105|1908|5204|1596|1526|904|837|519|689|569|141|210|141|210|0|159|1549|727|620|341|929|621|4364|2323|1213|692|3151|1884|2550|1134|1927|1111|623|382|194|237|148|166|46|76|5434|1968|3612|1613|1822|828|537|436|537|436|0|159|1987|1147|1194|819|793|539|2132|1150|1961|1154|171|226|557|503|390|430|167|283|0|159|0|159|0|159|414|336|414|336|0|159|937|570|675|395|262|243
400C200US57628|2735810|8873|2244323|16652|153891|7103|100735|6160|53156|5329|10636|2702|7715|2010|2921|2076|3262|3304|2397|2269|865|1254|572|341|513|335|59|73|1618|707|1181|512|437|337|6834|2097|6227|2053|607|402|1315|731|1218|701|97|123|283|243|247|229|36|61|7895|1971|4405|1547|3490|1366|1504|826|985|589|519|573|2252|1199|1758|976|494|321|4724|1596|2286|890|2438|1186|78|139|78|139|0|157|1595|758|1059|478|536|425|4248|1766|3229|1633|1019|458|6712|1969|5783|1801|929|588|554|500|429|391|125|177|1756|1485|1527|1244|229|370|2152|1080|1660|905|492|448|6107|2236|4858|1860|1249|771|4142|1911|2373|877|1769|1736|6692|2448|5683|2329|1009|589|4842|1873|3899|1477|943|925|4670|2684|4324|2627|346|384|18960|3841|12396|2745|6564|1578|3765|1927|1678|1041|2087|1181|3605|1151|2130|845|1475|711|62955|5877|35979|4372|26976|3698|16895|3304|8592|2181|8303|1712|4184|1628|2275|1146|1909|769|5237|1684|3307|1321|1930|799|8279|2844|3430|1405|4849|1921|9411|2590|6903|2227|2508|956|1913|999|1309|653|604|455|8825|2809|5656|2279|3169|1054|805|617|805|617|0|157|73062|9534|42555|6441|30507|5582|18776|5121|12880|4055|5896|2342|10872|2430|7080|2047|3792|1452|0|157|0|157|0|157|1460|717|1265|712|195|179|4149|1586|2823|1150|1326|965
400C200US61273|1109487|9313|913961|14176|109397|7153|44325|5591|65072|6280|4071|1896|3253|1508|818|623|166|278|0|226|166|278|435|454|403|441|32|53|1658|1340|772|473|886|1237|1098|465|979|465|119|198|0|226|0|226|0|226|189|227|189|227|0|226|1118|763|588|565|530|492|793|714|793|714|0|226|828|676|734|648|94|107|1784|2453|1483|1994|301|466|0|226|0|226|0|226|2507|1285|1312|936|1195|1061|1921|1587|1203|989|718|719|1710|977|1554|965|156|154|961|874|711|692|250|348|0|226|0|226|0|226|1403|1099|1330|1086|73|124|1904|1137|1208|806|696|731|3293|1972|1765|1185|1528|1347|2326|1632|1484|1174|842|681|1193|915|1070|843|123|242|829|699|609|528|220|214|4749|1431|3409|1137|1340|674|561|393|561|393|0|226|1176|649|767|444|409|372|60|107|60|107|0|226|2102|1054|1064|625|1038|636|1137|790|759|675|378|489|3891|1714|1751|983|2140|1031|4713|2473|1999|1238|2714|1537|1505|1085|1098|956|407|452|317|369|317|369|0|226|14901|4861|6508|2324|8393|3441|1577|1620|1477|1586|100|168|10105|6676|4681|3529|5424|4167|4628|2509|3007|1761|1621|1948|3676|2342|2036|1343|1640|1288|0|226|0|226|0|226|57|95|57|95|0|226|787|794|175|271|612|649
400C200US63217|17786787|14493|10453359|61159|3625825|31636|1906478|29897|1719347|28098|132505|10561|102308|7771|30197|4853|218136|13521|130254|10497|87882|8565|130724|7321|91394|6046|39330|3767|134849|10369|80247|7000|54602|6580|37950|5290|34789|4924|3161|883|170779|14599|90572|10902|80207|9082|68601|7433|52275|6434|16326|2799|237150|14383|106239|9020|130911|10057|102555|11386|63929|8237|38626|5121|32324|5747|21401|5007|10923|3013|59679|8230|30383|5315|29296|4777|8966|2033|6782|1599|2184|881|30330|4863|17912|2778|12418|3259|93110|8356|63832|6822|29278|3932|128137|12041|103698|9581|24439|3834|100591|9514|66285|6875|34306|4404|34851|5859|21664|3973|13187|2924|164906|12833|75654|7867|89252|7967|46001|5498|33956|4337|12045|2382|97668|7696|67867|6260|29801|3976|37587|4985|29990|4178|7597|2700|32941|5404|26836|4462|6105|1744|39676|5151|30034|4499|9642|2346|661660|19117|259892|10146|401768|13974|37338|4309|22051|3351|15287|2487|149157|10745|67218|5729|81939|7361|0|210|0|210|0|210|27157|5175|11097|2801|16060|3359|1647|886|648|446|999|740|9537|2193|4921|1660|4616|1376|61560|6569|32130|4549|29430|3850|137555|8663|103880|6947|33675|3640|13546|3485|7082|2381|6464|2315|173424|17044|114256|12274|59168|8428|80203|8792|69855|8376|10348|2498|10616|3143|7266|2537|3350|1401|131422|14410|99856|11898|31566|5256|11677|3455|8316|2482|3361|1689|0|210|0|210|0|210|819|580|663|527|156|153|60269|7210|38202|5128|22067|4414
400C200US65863|1810371|13237|1223848|20045|387683|15448|234847|12480|152836|10161|5250|1594|4892|1550|358|272|53017|9101|26334|5555|26683|5441|2778|932|2307|825|471|341|36755|7689|23179|4741|13576|3695|4130|2730|3974|2696|156|193|989|626|989|626|0|243|859|688|859|688|0|243|4190|1357|2994|1084|1196|630|731|471|541|363|190|238|1459|1372|1282|1234|177|291|1320|717|971|567|349|327|0|243|0|243|0|243|2549|1397|1752|1117|797|560|2781|1360|2344|1257|437|545|4767|1993|3719|1590|1048|917|3552|1557|2981|1406|571|382|2134|1742|1817|1486|317|443|2650|1164|2217|1011|433|448|3082|2035|1436|786|1646|1493|2099|1244|1782|1244|317|290|2000|1249|1757|1183|243|304|755|845|755|845|0|243|1111|756|994|672|117|138|10194|2464|5033|1598|5161|1757|2458|1561|835|486|1623|1296|2703|1459|1876|1067|827|535|8|15|8|15|0|243|12017|3328|5438|1763|6579|2443|224|270|136|222|88|146|2786|1452|838|643|1948|1203|723|608|613|573|110|138|5715|1617|4491|1253|1224|661|1535|2095|878|1242|657|872|11031|4439|8529|3964|2502|1439|1049|573|1049|573|0|243|621|775|431|733|190|299|2378|2211|1402|1442|976|1127|666|549|666|549|0|243|0|243|0|243|0|243|0|243|0|243|0|243|5774|3921|5132|3644|642|595
400C200US69076|5384754|16323|4392848|26556|412782|12260|238359|9472|174423|8804|22710|4196|16869|2926|5841|2463|20930|5547|14470|4217|6460|2238|17214|2893|12058|2086|5156|1598|22687|6024|11335|3119|11352|4142|11630|2075|10531|1965|1099|476|5486|1735|5176|1690|310|251|7828|1930|5665|1433|2163|906|39643|6689|17131|3523|22512|5659|10746|2432|6426|1638|4320|1448|1951|965|1048|553|903|627|19566|5788|9331|3358|10235|3876|1945|861|1497|642|448|327|4298|1942|2452|1159|1846|1094|18551|3983|11805|2675|6746|1949|21492|3626|17127|3179|4365|1584|8089|3102|5677|2201|2412|1275|4410|2085|3152|1673|1258|717|17642|4841|11031|3174|6611|2620|10658|3741|7201|2101|3457|2767|10751|3300|7476|2650|3275|1092|11270|3182|8686|2696|2584|1076|8333|2479|7251|2279|1082|693|12495|3989|7814|2534|4681|1807|81318|6934|36151|4615|45167|4118|4940|1774|3551|1481|1389|645|23858|3974|10047|2001|13811|2579|300|485|134|218|166|270|29293|4176|12853|2175|16440|3053|5610|1903|2157|954|3453|1540|3752|1947|1118|757|2634|1494|13505|4591|6331|2805|7174|2605|17650|3045|13379|2512|4271|1285|2854|1612|1428|972|1426|966|31688|6804|20922|5121|10766|3197|3163|1392|2939|1326|224|189|6150|2213|2351|1082|3799|1789|31983|7730|21545|6108|10438|3401|4828|1923|4195|1914|633|592|76|121|76|121|0|210|102|136|102|136|0|210|7729|2093|5518|1589|2211|1098
400C200US69184|3849121|22792|2903999|25009|665149|20915|444042|17569|221107|11824|15185|5259|12887|4617|2298|1335|63|104|63|104|0|232|4863|1895|4470|1878|393|245|3696|1339|3260|1157|436|346|8866|2031|7937|1835|929|537|2648|895|2648|895|0|232|1595|1008|1459|996|136|167|4787|1573|3390|1329|1397|763|2768|1352|2198|1313|570|393|4334|1572|2734|1261|1600|1096|2439|1041|1789|886|650|637|2083|1559|1000|769|1083|1008|7260|2881|4695|1770|2565|1249|2232|979|1830|771|402|344|11949|3315|10903|3078|1046|909|1411|944|1232|807|179|213|720|555|504|506|216|254|2137|1128|1875|1070|262|333|5846|3271|4875|2839|971|658|12554|3940|9279|2817|3275|1587|10755|3780|8866|3357|1889|1359|8104|2754|7267|2611|837|445|3575|1924|2850|1532|725|534|24872|4314|13272|2449|11600|2840|6200|2310|3791|1727|2409|1346|10518|3717|7324|3238|3194|1387|506|647|307|364|199|302|19552|5261|8602|3069|10950|2813|1654|898|1093|636|561|547|4959|3506|3254|2667|1705|1107|4199|2121|2054|1406|2145|1290|17273|3211|12133|2506|5140|1951|5148|1731|2699|1056|2449|1330|18650|5690|12044|4368|6606|2974|1838|846|1582|805|256|268|10331|4098|7816|2965|2515|1650|4354|2674|4096|2629|258|256|17421|6227|10134|4299|7287|4041|9133|2384|7046|2011|2087|1168|1302|727|1110|661|192|188|2193|1209|1591|1047|602|471
400C200US69697|1629201|11102|1506249|13305|29276|3636|19861|2519|9415|2134|5188|2566|3839|1848|1349|887|524|426|469|404|55|91|5880|1664|4652|1535|1228|545|3447|1966|1834|1062|1613|1961|4462|1118|4315|1099|147|146|272|189|272|189|0|190|1802|809|1195|592|607|472|4424|2356|3090|1799|1334|741|1922|841|1379|701|543|352|1530|1340|1457|1333|73|105|1571|853|1026|662|545|453|0|190|0|190|0|190|1636|1235|1537|1143|99|163|2339|1504|1106|765|1233|1173|4179|1493|3220|1070|959|662|568|507|431|406|137|178|889|921|715|872|174|203|1353|628|1106|546|247|235|3234|1507|1694|1038|1540|931|1776|1112|1380|708|396|469|4489|1782|3152|1418|1337|803|2997|1914|2997|1914|0|190|805|488|453|336|352|315|13288|2372|8646|1789|4642|1328|1779|945|1176|725|603|405|1948|957|1006|498|942|627|56|101|56|101|0|190|2330|1182|1196|710|1134|716|0|190|0|190|0|190|741|565|408|477|333|273|4144|1969|2115|1267|2029|1014|1679|876|1093|540|586|542|51|61|23|38|28|48|5931|2366|3759|1570|2172|1040|1381|903|1233|792|148|242|256|324|256|324|0|190|2331|971|2054|920|277|380|1513|1002|1125|841|388|317|0|190|0|190|0|190|209|182|209|182|0|190|752|581|727|580|25|41
400C200US71317|1983400|9280|1598383|13556|187806|7407|114765|6830|73041|6744|5491|1519|5354|1502|137|162|81|92|27|3|54|92|1695|953|1070|546|625|624|2448|1099|1975|1040|473|323|6998|1913|5772|1741|1226|557|1380|870|1380|870|0|210|604|427|561|380|43|70|18154|4000|11026|2885|7128|2013|883|592|883|592|0|210|2011|1377|1171|721|840|861|7243|2132|2804|1105|4439|1386|1148|1116|968|1064|180|218|3740|1400|2485|950|1255|788|290|319|290|319|0|210|5501|1967|5124|1910|377|314|1404|855|1335|799|69|113|832|577|516|418|316|326|2444|1117|2069|945|375|391|3977|1960|3001|1526|976|884|5254|1387|3956|1079|1298|590|2617|1235|2216|1075|401|318|2491|1128|2291|977|200|238|1411|793|1350|795|61|101|29938|4751|15478|2672|14460|3429|7787|2018|5128|1302|2659|1105|8025|1868|3934|1222|4091|1167|2220|1189|1278|819|942|664|23469|3733|10223|2043|13246|2528|2877|1878|1855|1747|1022|786|5568|2165|3297|1470|2271|1144|4029|1726|2297|977|1732|1034|8585|2385|6746|2087|1839|833|6793|1607|4965|1400|1828|827|6930|3105|4011|2025|2919|1406|1153|699|997|685|156|270|7284|3342|5078|2775|2206|1114|360|448|314|411|46|79|2046|1306|1852|1200|194|210|355|566|355|566|0|210|395|445|395|445|0|210|1300|676|1249|639|51|83
400C200US72505|1208066|9783|911551|12892|165555|6305|96559|6111|68996|5879|8154|1919|6572|1772|1582|836|11643|4839|7980|3388|3663|2475|3290|1042|2460|842|830|595|49481|5972|31551|4254|17930|3552|1495|744|1314|699|181|179|203|248|203|248|0|210|997|560|723|408|274|226|2397|1127|1478|778|919|693|1909|902|1225|614|684|480|95|161|47|79|48|84|466|479|103|173|363|444|1803|1211|516|593|1287|1039|391|462|391|462|0|210|998|858|830|790|168|309|2627|1299|2065|1123|562|605|1628|1162|1407|1005|221|250|404|547|404|547|0|210|0|210|0|210|0|210|442|442|377|474|65|109|1095|688|799|584|296|296|2010|1382|2010|1382|0|210|2092|1139|1659|1049|433|412|146|98|146|98|0|210|9647|2564|4719|1384|4928|1771|138|122|15|31|123|118|671|449|242|202|429|388|0|210|0|210|0|210|1783|1155|1289|929|494|523|7082|2340|2626|1129|4456|1893|1716|1076|864|562|852|754|293|308|176|235|117|203|2328|1315|884|599|1444|1038|349|365|349|365|0|210|3156|1382|2129|1195|1027|588|374|347|283|330|91|109|0|210|0|210|0|210|5754|2398|3632|1805|2122|1034|998|857|548|545|450|519|0|210|0|210|0|210|200|253|200|253|0|210|2705|2173|931|728|1774|2076
400C200US73261|1084692|9550|870534|13058|91228|7582|55816|6163|35412|4792|4919|2060|3580|1663|1339|778|1394|1441|1040|1081|354|476|1118|703|1022|700|96|162|4241|1942|3777|1893|464|341|2317|1219|1872|865|445|438|267|323|267|323|0|222|359|369|278|283|81|133|1876|909|1066|591|810|614|676|348|676|348|0|222|362|329|234|236|128|157|1755|882|1089|657|666|418|0|222|0|222|0|222|1798|1608|1352|1216|446|476|5261|1739|4283|1470|978|593|10794|3008|9271|2510|1523|891|3773|3030|3557|2989|216|263|862|663|862|663|0|222|3500|1824|2635|1276|865|734|5729|2117|5056|2059|673|314|3302|1296|2758|1128|544|493|9859|3258|7474|2223|2385|1737|5476|2083|4622|1976|854|652|3466|1579|2839|1298|627|507|11510|2494|6480|1785|5030|1439|1059|693|700|614|359|308|6321|1969|2356|1120|3965|1547|254|428|254|428|0|222|4695|2283|2455|1570|2240|1445|0|222|0|222|0|222|783|985|162|262|621|969|2104|1233|1275|824|829|630|1752|858|1371|715|381|449|1012|1061|692|761|320|351|11647|4282|8320|3149|3327|1429|0|222|0|222|0|222|733|515|602|501|131|111|5594|2644|5526|2623|68|111|1309|983|1045|944|264|309|118|179|0|222|118|179|95|164|95|164|0|222|840|623|700|567|140|228
400C200US74746|1021395|8035|878772|9781|70253|5178|38340|3688|31913|3760|2418|1194|1342|894|1076|824|22|36|22|36|0|216|709|416|593|405|116|169|2108|879|1514|679|594|391|4132|1550|3237|982|895|805|883|777|727|629|156|248|398|332|373|325|25|41|1005|510|363|324|642|379|239|300|154|168|85|141|724|554|443|427|281|266|614|535|295|245|319|467|0|216|0|216|0|216|2099|1358|766|591|1333|979|2676|1978|1357|845|1319|1553|3765|1480|3139|1259|626|445|2749|1659|1895|1198|854|720|464|487|286|441|178|217|711|885|672|886|39|72|1376|1655|328|274|1048|1625|1571|1027|1113|712|458|419|3081|1609|2636|1478|445|479|1905|1124|1178|750|727|572|1828|1284|1737|1267|91|114|6868|2365|3549|1384|3319|1506|567|518|259|324|308|386|1939|768|996|480|943|547|0|216|0|216|0|216|4667|1845|1906|888|2761|1324|1112|922|492|557|620|637|536|561|395|407|141|181|1206|891|947|741|259|251|3850|1350|3337|1284|513|399|694|765|569|707|125|154|7817|2285|5238|1826|2579|1008|138|231|138|231|0|216|2111|1253|1242|686|869|655|2579|1395|1398|673|1181|1061|2389|1987|2081|1583|308|473|0|216|0|216|0|216|0|216|0|216|0|216|420|269|331|214|89|169
400C200US75340|2148596|16101|1048585|20041|899092|21267|595288|15286|303804|13071|1864|995|1667|925|197|192|99|166|0|221|99|166|1082|623|956|598|126|185|2671|1812|1787|1352|884|936|3448|1478|2911|1290|537|394|909|459|751|435|158|149|42|68|42|68|0|221|1486|1093|1135|785|351|399|532|466|504|459|28|48|0|221|0|221|0|221|251|285|156|162|95|157|729|791|268|291|461|515|6111|3258|3757|2133|2354|1358|2942|1730|1355|751|1587|1132|6797|2745|4975|2172|1822|983|4981|1818|3864|1546|1117|664|3579|1651|2293|1346|1286|765|793|682|565|533|228|224|1992|1153|1655|1017|337|256|3638|2108|2628|1858|1010|512|1983|1207|1917|1174|66|111|1371|954|1371|954|0|221|519|396|519|396|0|221|47520|6566|20125|3485|27395|4194|2507|1138|1496|860|1011|537|9829|2358|4129|1161|5700|1582|155|155|155|155|0|221|11558|2450|5921|1511|5637|1416|3442|1517|2587|1170|855|506|5434|2085|2449|1289|2985|1445|1015|998|476|413|539|645|40730|6064|26898|3555|13832|3829|6793|1493|4151|1179|2642|1116|17264|4849|11765|3543|5499|1974|0|221|0|221|0|221|1449|1268|999|883|450|489|4569|2568|3489|2204|1080|856|456|386|323|337|133|181|147|186|100|168|47|81|53|87|53|87|0|221|179|188|179|188|0|221
400C200US75664|658607|5191|576956|7500|37123|3157|21814|2188|15309|2145|1371|621|1132|511|239|252|314|316|109|131|205|239|2779|802|1575|590|1204|498|763|487|518|340|245|256|601|353|544|357|57|76|703|651|665|646|38|66|1138|620|687|456|451|329|2108|876|1514|762|594|383|1022|536|922|509|100|91|1412|1007|1175|982|237|170|3525|1222|1585|695|1940|899|0|218|0|218|0|218|893|501|473|335|420|500|628|483|420|320|208|278|1676|879|1494|800|182|234|784|704|784|704|0|218|1022|907|795|808|227|218|447|343|170|199|277|246|1011|665|437|313|574|491|744|390|630|367|114|149|214|249|195|261|19|38|278|270|125|189|153|208|485|463|424|388|61|98|4209|1609|1853|726|2356|1179|491|301|352|252|139|138|2500|1044|1911|867|589|381|0|218|0|218|0|218|1854|897|668|463|1186|638|153|161|70|86|83|134|1229|607|648|392|581|451|1920|1311|1300|1125|620|595|889|551|707|438|182|246|87|117|0|218|87|117|1723|1289|1247|997|476|365|423|297|303|226|120|194|2941|1832|1577|1096|1364|896|1364|1382|1007|948|357|468|619|513|100|167|519|478|0|218|0|218|0|218|0|218|0|218|0|218|208|192|125|179|83|116
400C200US77068|1852685|10202|1270251|16452|218649|9685|143419|7717|75230|5863|3688|1192|3043|934|645|491|211|344|211|344|0|221|1794|719|1230|538|564|607|3456|1617|2043|903|1413|997|4963|1292|4330|1182|633|343|680|511|640|506|40|67|2405|1587|2101|1555|304|197|34822|6656|15974|3828|18848|4614|1153|710|840|619|313|359|2806|1605|2012|1251|794|847|20694|4851|10183|3629|10511|2583|4246|2921|775|635|3471|2544|26502|6308|12538|3613|13964|4204|1006|718|779|543|227|284|12138|3142|8909|2453|3229|1452|7229|3130|4472|1823|2757|1709|21729|4907|13887|3430|7842|2530|740|523|456|323|284|215|3294|1825|2785|1656|509|314|13590|4614|7784|2892|5806|2260|5870|2486|3925|1558|1945|1299|1700|895|1487|840|213|212|2120|1202|1499|867|621|553|41329|4631|17901|2684|23428|3417|3101|1041|1991|913|1110|526|5936|2329|3174|1370|2762|1221|24344|4743|12516|3017|11828|3433|27688|4684|10825|2362|16863|3446|2685|1935|1861|1320|824|832|4698|2036|1830|1062|2868|1301|6166|2063|3118|1249|3048|1169|34024|4028|24015|3271|10009|1941|15778|3746|10875|2704|4903|1917|11263|3300|7732|2453|3531|1340|265|330|119|192|146|146|4304|2147|3519|1980|785|555|1425|989|1085|953|340|535|2006|1315|1765|1143|241|308|0|221|0|221|0|221|431|420|431|420|0|221|1506|1691|1191|1348|315|362
400C200US77770|2011656|10072|1828009|14556|58670|5234|36622|5070|22048|2889|5068|1449|3377|1124|1691|983|806|671|467|454|339|402|2043|659|1556|581|487|318|1762|917|1420|838|342|274|4726|1115|4138|1080|588|413|642|402|642|402|0|210|1027|572|905|530|122|201|2579|1188|1638|849|941|686|1138|639|810|433|328|414|14654|4194|8708|2887|5946|1834|1810|845|1376|705|434|368|296|350|175|291|121|197|2996|1599|972|623|2024|1296|1548|879|1206|681|342|420|4415|1637|3768|1538|647|468|2086|1154|1886|1028|200|220|792|729|430|389|362|366|1113|904|899|677|214|301|2273|1307|1926|1231|347|334|3777|1852|2501|1073|1276|977|5729|2043|4597|1652|1132|919|1782|999|1630|972|152|160|1474|729|1205|550|269|269|14042|2709|6662|1685|7380|1985|3019|1552|1671|895|1348|962|3421|1087|1484|584|1937|960|0|210|0|210|0|210|6445|1836|2636|779|3809|1341|408|449|258|406|150|179|2275|1557|982|658|1293|1075|2479|1839|1872|1842|607|420|5373|1819|3834|1597|1539|971|292|317|102|180|190|221|7145|3267|5150|2332|1995|1337|950|706|846|675|104|172|1620|1354|1198|1281|422|422|5365|2568|5007|2553|358|384|6424|2737|4727|2229|1697|1305|176|287|171|283|5|9|0|210|0|210|0|210|1007|667|763|529|244|270
400C200US78499|1097171|4194|859924|9285|153848|7482|86393|7120|67455|6573|4642|2155|4165|1917|477|440|117|197|117|197|0|206|1331|874|1016|691|315|504|5117|1762|3524|1199|1593|1057|3207|947|2922|963|285|324|985|467|851|478|134|164|851|519|605|369|246|234|2390|999|1806|868|584|383|354|331|275|230|79|134|1938|1452|1030|1075|908|551|301|273|237|208|64|107|294|223|244|208|50|86|3094|1611|2218|1132|876|672|0|206|0|206|0|206|3104|1638|3001|1635|103|114|366|295|54|91|312|268|871|710|577|478|294|282|90|143|90|143|0|206|2888|2726|2021|2045|867|739|1158|598|1121|573|37|61|115|139|60|102|55|95|1603|860|1253|744|350|359|911|754|629|603|282|377|10539|2133|5732|1350|4807|1414|2063|907|1716|817|347|245|1613|818|1113|677|500|313|64|108|64|108|0|206|4432|1527|1813|790|2619|1054|713|452|443|316|270|276|1440|839|715|658|725|488|2275|1681|1362|1083|913|932|3916|2081|2612|1809|1304|709|8756|2128|7149|1929|1607|739|4828|2773|3450|1869|1378|1007|143|231|143|231|0|206|580|673|452|534|128|154|588|502|588|502|0|206|5154|2350|3497|1805|1657|988|231|204|105|124|126|101|180|261|180|261|0|206|157|151|157|151|0|206
400C200US78661|2888969|11121|1743292|20502|737028|14537|480321|12371|256707|11371|12226|2751|11145|2622|1081|642|951|1125|234|288|717|1085|5833|2392|4266|1662|1567|1149|11915|3765|8954|3241|2961|1431|9501|2162|8181|1981|1320|672|2318|825|2293|827|25|40|858|429|858|429|0|221|14529|3626|9471|2458|5058|1867|2359|1294|2038|1264|321|265|1834|1033|1259|696|575|509|4603|2396|2769|1545|1834|1202|905|716|751|715|154|181|17330|3822|9390|2058|7940|2710|1890|752|1684|681|206|173|9292|2389|8163|2065|1129|699|2034|1220|1539|933|495|477|637|617|637|617|0|221|3450|1413|2623|1184|827|667|3497|2247|3177|2298|320|269|6975|3355|3908|1866|3067|1721|3156|1212|2926|1177|230|200|2945|1531|2704|1496|241|318|1289|576|1131|521|158|207|51750|5350|28382|3176|23368|3425|11191|2968|6146|1673|5045|1696|16462|3632|7405|1974|9057|2449|1313|1430|826|772|487|713|48746|6325|20051|3495|28695|4111|3778|2041|1861|1206|1917|1100|6626|2073|2984|1177|3642|1339|4881|1683|2975|1012|1906|1194|81733|7127|52299|5057|29434|4012|9924|2646|7566|2291|2358|1222|31110|5541|18239|3404|12871|3446|3123|1674|2763|1686|360|529|12209|3468|6175|1734|6034|2468|1446|953|1078|709|368|379|1533|677|945|583|588|459|109|129|109|129|0|221|117|124|117|124|0|221|2271|1303|1265|900|1006|760
400C200US78904|3206865|9098|1716439|18898|563906|15029|315813|10708|248093|11415|25610|3638|21736|3286|3874|1395|959|677|797|518|162|219|7498|2208|6821|2103|677|373|19158|3938|12330|2967|6828|2095|14202|2891|11920|2534|2282|736|2644|1180|2429|1043|215|216|3915|1705|3206|1527|709|482|21494|3330|13105|2926|8389|1563|3328|1565|3113|1533|215|207|3854|2927|2377|1633|1477|1356|3977|1325|2832|1068|1145|644|2786|1309|2446|1063|340|504|23059|4996|15984|3540|7075|2339|8813|2454|7685|2323|1128|626|50328|5778|41627|5819|8701|2698|10048|3283|7387|2590|2661|1374|21549|4557|13346|3677|8203|2409|4731|1716|3860|1338|871|747|13780|4133|9121|2486|4659|2122|8246|2070|6363|1497|1883|1329|14071|3500|11763|2810|2308|1417|15221|3570|14027|3388|1194|565|7103|1863|6040|1753|1063|571|344914|11545|156950|8052|187964|7804|17776|2732|10378|2033|7398|2005|25142|3519|14504|2453|10638|2289|961|1001|276|247|685|1046|37204|4802|17142|2884|20062|2902|5193|2778|2846|1723|2347|1298|8368|2731|3647|1517|4721|1725|22640|4580|12965|2982|9675|2432|117849|7550|75163|5914|42686|4759|19181|4166|13113|3080|6068|1972|15803|3624|10556|2655|5247|1904|5057|1482|4769|1456|288|235|8010|2362|4546|1619|3464|1292|5994|2563|4915|2377|1079|792|1222|642|1193|638|29|37|0|221|0|221|0|221|457|500|370|376|87|145|4375|2262|1627|869|2748|1715
400C200US79039|1683626|5634|737547|13967|259942|10540|150698|8969|109244|7879|9285|1894|7567|1742|1718|708|389|329|389|329|0|221|4867|1720|3455|1528|1412|744|9482|3059|6470|2429|3012|1288|6225|1675|5535|1571|690|428|869|551|819|542|50|85|1766|1222|1678|1206|88|150|15219|2940|10896|2434|4323|1207|1169|698|1028|681|141|165|3535|1715|2612|1417|923|911|2657|1172|2150|1037|507|464|469|374|469|374|0|221|21438|5767|14676|3511|6762|3560|9595|2659|8173|2600|1422|542|47818|5306|42561|4724|5257|1617|5398|1806|4413|1612|985|496|10545|2761|6328|1758|4217|1846|5866|2380|4530|1856|1336|850|16760|3574|14463|3079|2297|1125|3505|1166|2876|1112|629|485|17954|3681|15942|3243|2012|1059|20344|3951|19060|3744|1284|663|20935|5668|17940|4886|2995|1590|191465|10353|108019|7574|83446|6011|13061|3074|7952|2283|5109|1412|30280|4194|16011|3261|14269|2637|584|527|541|479|43|71|114811|8549|48372|5230|66439|5341|4760|2106|1888|963|2872|1360|1359|662|757|461|602|323|6435|1872|3972|1225|2463|1176|49717|6092|34678|5074|15039|2475|10821|2766|7311|1868|3510|1427|7409|1972|6076|1856|1333|693|10315|3084|9020|2843|1295|659|4291|1432|2628|1214|1663|881|991|761|991|761|0|221|688|627|653|621|35|76|0|221|0|221|0|221|1431|918|1254|769|177|290|1629|980|1474|950|155|191
400C200US80389|3361463|12659|2414170|22956|249507|9248|152499|6325|97008|7620|13581|2595|11524|2319|2057|805|391|345|175|199|216|284|3073|1019|2535|917|538|339|10243|2813|8227|2202|2016|918|10251|1909|9433|1778|818|419|1682|726|1530|661|152|180|1764|803|1422|627|342|283|39605|6796|21461|4519|18144|4003|3877|1412|2729|1054|1148|643|4182|2287|2642|1286|1540|1336|26917|6947|12876|3592|14041|4575|998|794|453|347|545|667|14262|3330|10361|2897|3901|1113|5567|2226|4301|1810|1266|847|40867|5743|36662|5479|4205|1303|6697|2629|5699|2166|998|640|12461|4098|7260|2794|5201|1926|4678|1707|3751|1341|927|793|10361|3062|8296|2573|2065|1028|15073|3121|12391|2891|2682|1025|17900|4015|14682|3288|3218|1351|11149|2883|8932|2386|2217|1319|8095|2221|7446|2091|649|518|124582|8423|68364|5632|56218|5221|16918|2739|11048|2114|5870|1435|41247|5434|20395|3349|20852|3114|1267|771|582|386|685|624|60328|6984|27247|4064|33081|4355|12275|3569|6258|2494|6017|2068|9951|3070|3844|1237|6107|2341|9900|2795|6138|1728|3762|1869|44678|5511|30709|4564|13969|2335|26902|4420|18810|3457|8092|1836|19070|5724|13878|4216|5192|2029|4777|2138|4523|2089|254|250|39459|6536|23686|4770|15773|3061|4246|1631|3399|1370|847|646|13767|3500|10817|3115|2950|1245|138|148|96|123|42|74|1846|1598|1495|1539|351|452|2761|816|2301|691|460|326
400C200US86599|2764145|12870|2073487|18946|453103|14780|254006|12874|199097|10372|11283|2265|9626|2277|1657|727|15348|4061|8950|2656|6398|2582|6437|1455|5058|1203|1379|679|15015|3352|11203|2520|3812|1517|7812|2031|7014|1907|798|430|860|387|860|387|0|243|9213|2520|6177|1872|3036|1274|12326|3459|6843|2016|5483|2515|9263|3275|6268|2360|2995|1369|7592|2472|4405|1629|3187|1630|6213|1533|3618|1022|2595|989|215|179|87|144|128|212|1901|1125|1500|1069|401|315|8290|2037|5552|1533|2738|990|8747|3268|6861|2416|1886|1117|3895|1909|2995|1412|900|715|67|112|67|112|0|243|2462|1583|1566|1126|896|593|2190|1063|1830|981|360|316|6131|2023|3511|1153|2620|1294|5406|2072|4760|1946|646|429|3720|2032|3021|1961|699|534|3032|1180|2243|908|789|401|10107|3089|5393|1862|4714|1666|2461|1749|1789|1393|672|506|2758|1478|968|636|1790|1023|0|243|0|243|0|243|21170|3428|9580|2203|11590|2261|864|698|465|422|399|327|2496|1103|959|537|1537|785|3075|1483|1716|996|1359|1103|9372|2887|7145|2547|2227|827|1189|648|820|489|369|315|27833|7356|19931|5568|7902|3043|557|375|537|376|20|3|907|737|555|484|352|328|1902|1730|1511|1322|391|443|1506|1714|1314|1429|192|309|0|243|0|243|0|243|0|243|0|243|0|243|3940|1760|3346|1704|594|431
400C200US88462|342008|5138|219003|7736|65982|4049|25714|4727|40268|4837|4429|2476|2191|1413|2238|1559|2173|1323|1361|1173|812|562|1407|831|750|582|657|618|538|380|377|373|161|261|698|597|636|512|62|104|71|88|71|88|0|225|672|706|376|535|296|475|877|554|720|483|157|193|2843|1336|1253|648|1590|988|233|185|226|185|7|2|1269|788|1052|745|217|219|19|38|19|38|0|225|278|375|278|375|0|225|5250|1809|3122|1147|2128|1027|5245|1843|4992|1849|253|293|1678|860|1608|810|70|106|563|405|364|295|199|196|1206|630|1033|556|173|241|1687|902|1487|794|200|227|720|688|534|626|186|317|3222|1291|2809|1122|413|390|3352|1533|2988|1327|364|349|2048|1420|1750|1291|298|352|6189|1635|3978|1206|2211|884|613|536|489|388|124|206|369|248|201|138|168|205|0|225|0|225|0|225|713|598|494|382|219|252|308|520|237|400|71|120|19|38|19|38|0|225|956|622|443|344|513|495|1925|1057|1858|1039|67|112|0|225|0|225|0|225|1738|1544|692|579|1046|1044|500|738|258|389|242|366|332|573|332|573|0|225|1966|1244|1584|1108|382|373|213|246|213|246|0|225|0|225|0|225|0|225|0|225|0|225|0|225|704|433|704|433|0|225
400C200US88948|693329|5083|582096|6134|75924|3312|42090|2875|33834|2368|1185|412|1075|415|110|123|547|450|377|359|170|277|390|321|271|230|119|132|506|392|358|287|148|185|1407|613|1232|534|175|167|59|89|59|89|0|165|0|165|0|165|0|165|1529|707|1186|629|343|293|143|137|143|137|0|165|0|165|0|165|0|165|313|249|174|166|139|133|0|165|0|165|0|165|415|323|314|282|101|113|75|84|75|84|0|165|309|269|220|220|89|152|1022|557|716|442|306|355|51|91|51|91|0|165|729|492|421|248|308|346|292|347|163|160|129|208|980|560|426|324|554|519|378|463|303|365|75|119|108|119|0|165|108|119|384|276|167|160|217|222|2224|777|1015|482|1209|581|550|302|489|332|61|113|501|310|213|153|288|214|4668|1544|3625|1251|1043|714|3015|1082|1004|449|2011|803|0|165|0|165|0|165|385|319|297|259|88|91|5664|1672|2861|907|2803|1080|1531|742|1202|655|329|261|744|338|329|176|415|259|2547|929|1782|713|765|475|123|145|62|104|61|101|0|165|0|165|0|165|1099|660|779|450|320|314|375|242|375|242|0|165|112|129|112|129|0|165|698|409|678|408|20|34|251|219|196|160|55|89
400C200US90892|1345001|7269|1202142|9482|64408|4046|50291|3642|14117|2712|6288|1899|4808|1611|1480|672|1264|927|1264|927|0|216|1380|1315|976|854|404|495|1899|954|1622|846|277|189|3804|950|3267|864|537|393|777|484|732|481|45|74|2002|1029|2002|1029|0|216|2151|1237|1542|896|609|496|375|353|304|281|71|118|696|609|515|491|181|222|828|740|694|600|134|229|0|216|0|216|0|216|780|645|618|536|162|139|1900|1152|1359|840|541|388|599|511|554|496|45|59|607|578|457|400|150|204|123|128|34|45|89|99|370|311|201|187|169|248|377|282|242|209|135|155|1062|567|1007|538|55|90|940|919|940|919|0|216|639|666|639|666|0|216|976|1121|643|625|333|529|7230|2064|3224|1100|4006|1428|1885|879|1291|594|594|473|2749|1190|1644|866|1105|511|161|220|102|157|59|78|4983|2094|2289|1043|2694|1350|369|424|184|273|185|229|1072|607|632|481|440|273|619|430|343|278|276|273|20148|2814|13507|2451|6641|1452|1043|533|836|470|207|240|3729|1937|2180|1058|1549|1179|65|84|65|84|0|216|1260|813|1086|771|174|119|1528|895|1528|895|0|216|974|719|974|719|0|216|21|38|21|38|0|216|53|87|53|87|0|216|725|682|616|659|109|184
400C200US92242|4844938|12837|3129673|23610|767790|12592|411571|12539|356219|12133|69516|7371|54383|6327|15133|3416|11272|4043|8761|2759|2511|1939|8855|2239|7829|2059|1026|492|16963|4498|11947|3221|5016|2372|15371|2445|13938|2325|1433|605|3718|1214|3518|1132|200|207|6593|1934|5642|1571|951|683|23180|4265|16384|2986|6796|1828|2972|956|2559|840|413|287|3351|1689|2618|1323|733|492|10112|3578|6794|2367|3318|2088|2584|1326|2235|1166|349|295|50331|7629|31189|4902|19142|4089|9443|2883|6845|1952|2598|1376|41172|5120|35599|4691|5573|1424|42690|6639|29372|4477|13318|3417|11470|3614|8340|2730|3130|1466|23134|5324|15247|3513|7887|2466|22418|4150|16343|3341|6075|1820|19706|3556|15406|2883|4300|1086|21842|4056|19702|3820|2140|884|10810|2520|9255|2277|1555|735|8459|2459|7256|2157|1203|638|83400|6072|49775|4014|33625|3893|12992|3075|9422|2858|3570|969|60204|6301|28874|3739|31330|4375|180|175|180|175|0|210|45208|6868|19309|4280|25899|3870|5706|2175|2849|1435|2857|1213|8875|2030|5743|1705|3132|1158|22586|4663|14076|2781|8510|3585|37791|4267|26786|3618|11005|2312|8565|2587|5730|2023|2835|1034|57064|7575|41144|6497|15920|2781|4313|1148|3951|1029|362|325|83587|8832|55266|6916|28321|4414|54680|7973|44704|6821|9976|2453|13169|4104|11379|3535|1790|1191|0|210|0|210|0|210|192|182|135|159|57|94|13001|3134|9107|1996|3894|1966
5001800US0603|751231|8041|626255|10285|49706|4988|36082|3817|13624|3042|1712|684|1584|643|128|151|0|221|0|221|0|221|1391|684|1252|668|139|163|592|420|442|354|150|194|2378|920|1901|830|477|279|465|437|465|437|0|221|337|465|337|465|0|221|6923|2760|4282|2190|2641|1523|367|481|367|481|0|221|859|880|298|271|561|813|5294|2877|3932|2519|1362|984|100|121|41|68|59|98|2794|1392|1631|979|1163|692|251|214|251|214|0|221|2497|1188|2140|994|357|320|2102|1500|1883|1286|219|287|3548|1739|3122|1615|426|361|647|499|408|314|239|199|1779|1061|1503|948|276|207|2936|1459|2258|1150|678|552|3773|1991|2590|1351|1183|951|1528|870|1380|814|148|184|790|670|790|670|0|221|7017|2208|3541|1186|3476|1637|651|388|585|377|66|85|2691|1301|1162|583|1529|963|252|339|252|339|0|221|2110|1304|1418|1265|692|505|0|221|0|221|0|221|296|291|106|133|190|257|1380|1098|820|760|560|510|10259|2397|7279|1823|2980|1316|1031|692|824|585|207|215|3113|1712|2750|1650|363|266|265|330|119|192|146|146|1205|850|1136|827|69|109|0|221|0|221|0|221|0|221|0|221|0|221|0|221|0|221|0|221|492|415|153|157|339|383|1445|1638|1236|1308|209|348
5001800US0604|725824|7850|504519|10807|158668|10182|96665|7682|62003|5820|1419|564|1106|520|313|300|91|154|0|221|91|154|811|389|748|365|63|88|1037|786|589|534|448|525|3173|1311|2880|1281|293|217|787|423|731|378|56|90|127|160|127|160|0|221|1532|1162|1146|835|386|451|580|554|447|624|133|216|646|460|602|446|44|75|520|362|367|274|153|242|242|162|57|103|185|127|904|611|237|280|667|525|68|81|68|81|0|221|1690|1049|1220|821|470|388|1054|780|853|697|201|201|4322|1967|3024|1661|1298|700|138|151|138|151|0|221|2110|972|794|434|1316|737|371|313|314|294|57|97|1088|1181|637|703|451|596|159|138|127|148|32|63|519|445|460|396|59|100|10669|1775|5511|1219|5158|1396|1674|565|1306|481|368|304|1558|608|1093|533|465|331|179|230|179|230|0|221|4538|2041|2144|1143|2394|1432|602|617|201|205|401|438|1277|821|681|512|596|428|2607|1501|1756|1288|851|694|12477|2946|8904|2773|3573|971|1472|984|917|692|555|372|633|492|633|492|0|221|92|101|68|90|24|47|542|522|270|376|272|332|352|392|352|392|0|221|20|34|0|221|20|34|26|17|26|17|0|221|5|11|5|11|0|221|526|357|526|357|0|221
5001800US0606|701614|14824|469178|12563|95277|9246|60162|6420|35115|5288|1827|914|1476|620|351|424|0|221|0|221|0|221|564|622|75|128|489|599|1324|1064|826|686|498|460|1826|733|1631|712|195|190|97|113|97|113|0|221|876|571|749|533|127|123|24177|5622|10115|2705|14062|4057|710|494|397|351|313|359|1310|926|1127|774|183|216|14430|4060|5707|2561|8723|2449|4074|2877|665|614|3409|2512|14089|4734|5157|2389|8932|3301|510|607|283|332|227|284|2852|2029|1436|839|1416|1289|1485|988|858|687|627|650|7678|2672|4978|2075|2700|1425|93|155|48|79|45|76|700|620|484|474|216|180|8400|3502|4952|2371|3448|1586|2134|1397|1248|813|886|903|172|215|107|183|65|107|42|70|0|221|42|70|6886|1975|3004|1032|3882|1596|1172|584|568|321|604|416|2553|1734|1181|921|1372|898|5322|2491|2283|1070|3039|2281|5380|1702|1722|668|3658|1200|654|879|351|418|303|500|2761|1810|1088|992|1673|1004|1833|969|801|627|1032|670|8471|1925|6206|1623|2265|689|4265|2652|3922|2536|343|286|5515|2085|3068|1366|2447|1010|0|221|0|221|0|221|1413|1408|1089|1351|324|429|302|413|302|413|0|221|629|691|388|408|241|308|0|221|0|221|0|221|410|418|410|418|0|221|223|206|196|201|27|44
5001800US0607|721567|14615|446924|13205|114093|9102|75661|6872|38432|4376|623|377|457|277|166|266|211|344|211|344|0|221|355|279|352|279|3|2|1440|1250|635|433|805|905|1548|734|1402|714|146|143|97|115|57|94|40|67|1136|1403|1027|1385|109|129|4292|1617|2084|1191|2208|936|76|129|76|129|0|221|465|755|465|755|0|221|573|552|147|137|426|511|113|138|110|137|3|2|9123|3319|5453|1704|3670|2650|245|403|245|403|0|221|7398|2393|5872|2215|1526|775|3642|2504|1731|1090|1911|1561|10587|4061|5859|2467|4728|2225|0|221|0|221|0|221|1552|1487|1434|1425|118|143|2702|2470|1111|1062|1591|1466|351|478|351|478|0|221|0|221|0|221|0|221|209|345|111|182|98|163|27849|3856|11662|2251|16187|2630|1355|821|915|788|440|338|2208|1134|1273|949|935|504|18770|4303|9981|2734|8789|2716|21858|4315|9164|2192|12694|3121|2091|1770|1545|1270|546|676|1679|897|674|475|1005|726|3222|1370|1584|807|1638|780|17484|3284|12171|2665|5313|1573|10506|4361|6153|2760|4353|1899|2447|1429|1726|942|721|604|0|221|0|221|0|221|1686|1276|1294|1203|392|344|1123|915|783|869|340|535|1377|1018|1377|1018|0|221|0|221|0|221|0|221|21|37|21|37|0|221|136|134|57|95|79|94
5001800US0608|710804|9240|385540|10597|204372|10087|111478|7351|92894|6561|1463|692|1117|597|346|263|43|75|43|75|0|221|448|297|406|269|42|65|2513|1409|1409|1017|1104|909|2147|1170|1686|1016|461|271|140|169|140|169|0|221|151|186|151|186|0|221|1455|769|1146|638|309|300|328|495|12|3|316|494|201|343|201|343|0|221|1741|1687|1179|1032|562|820|371|420|238|273|133|222|2770|1576|1442|782|1328|870|712|1097|301|432|411|669|2962|1590|1886|961|1076|827|1407|1113|497|436|910|915|6889|3479|4151|2361|2738|1468|0|221|0|221|0|221|5079|3163|2122|1491|2957|1888|1043|873|595|502|448|440|327|517|0|221|327|517|193|315|193|315|0|221|415|494|235|302|180|228|14354|3042|5565|1482|8789|2170|1512|717|1189|696|323|209|1668|722|816|497|852|418|90|149|90|149|0|221|7252|3367|3310|1813|3942|2656|1372|1644|703|784|669|905|3046|1825|1237|1137|1809|1171|4272|1942|2053|912|2219|1303|43516|4410|29659|3709|13857|2486|6386|2133|4632|1826|1754|819|2509|1450|1950|1193|559|427|174|216|174|216|0|221|855|604|564|483|291|227|758|672|705|673|53|3|330|498|330|498|0|221|0|221|0|221|0|221|0|221|0|221|0|221|0|221|0|221|0|221
5001800US0609|721807|5104|400449|10984|204931|8672|122049|7388|82882|5729|755|553|711|498|44|79|700|804|700|804|0|221|212|190|163|173|49|79|2781|1495|1384|827|1397|883|1846|1979|1344|1298|502|735|463|345|397|280|66|111|413|347|413|347|0|221|481|684|418|680|63|106|84|137|0|221|84|137|0|221|0|221|0|221|0|221|0|221|0|221|211|351|111|185|100|167|4214|2574|3291|2198|923|738|1109|1246|999|1083|110|180|4227|1938|3152|1608|1075|771|4744|2092|3209|1505|1535|821|18460|4230|11413|2612|7047|2250|0|221|0|221|0|221|511|558|395|419|116|145|1685|923|518|411|1167|675|2669|1213|2273|1101|396|337|2488|1432|2189|1204|299|346|4300|2530|3856|2301|444|439|6478|1629|2335|731|4143|1187|288|257|236|205|52|91|695|530|324|291|371|256|5813|1793|3363|1350|2450|1145|7167|2301|3075|1631|4092|1487|8794|3262|4416|1964|4378|1646|1977|875|988|669|989|525|1021|803|396|378|625|551|22414|4099|13183|2995|9231|2442|4737|2548|2771|1587|1966|1278|1497|1209|908|780|589|480|0|221|0|221|0|221|950|636|587|582|363|388|1566|1101|1265|933|301|280|303|303|246|283|57|102|33|3|33|3|0|221|26|45|26|45|0|221|315|274|41|69|274|301
5001800US0610|707595|9184|480287|11488|69507|6395|42162|4756|27345|3659|3513|1349|1735|786|1778|974|86|144|86|144|0|221|2492|1342|1903|1192|589|427|2017|965|1851|913|166|273|1834|943|1682|919|152|100|390|298|390|298|0|221|1271|1104|1271|1104|0|221|7620|2448|4730|1729|2890|1352|1753|1093|1338|1129|415|382|549|575|484|573|65|103|3238|1918|2507|1439|731|582|259|260|259|260|0|221|12793|3865|8053|2907|4740|1969|1521|942|1202|729|319|373|11513|2697|9928|2544|1585|711|4965|2084|3189|1304|1776|1404|5933|2412|4067|1876|1866|1191|914|672|819|620|95|113|2650|1241|1662|946|988|831|2425|1574|1905|1353|520|444|10044|3266|8038|3010|2006|1115|4947|2013|4623|1982|324|354|3114|1492|2322|935|792|734|29215|3995|16083|2785|13132|2378|2153|865|1454|661|699|380|5985|1739|3431|1315|2554|876|0|221|0|221|0|221|4262|1811|1454|681|2808|1480|327|408|0|221|327|408|2908|2885|1141|714|1767|2397|2389|1722|1307|968|1082|1045|15359|2758|12232|2438|3127|1080|1158|635|1025|604|133|145|3752|2088|2072|1214|1680|1160|2076|1652|1798|1559|278|354|119|144|46|77|73|120|1194|843|1012|799|182|164|969|774|815|644|154|261|0|221|0|221|0|221|0|221|0|221|0|221|94|115|94|115|0|221
5001800US0611|675444|7813|402052|7384|70609|6419|47609|4997|23000|4253|10208|2585|8613|2453|1595|812|333|278|333|278|0|221|2627|1354|2493|1293|134|171|3183|1181|2886|1103|297|248|3772|980|3489|948|283|224|648|450|569|436|79|129|518|402|470|363|48|78|10416|2617|5975|2120|4441|1333|1222|672|1222|672|0|221|374|328|374|328|0|221|593|426|464|389|129|152|465|421|465|421|0|221|3231|1432|3156|1428|75|89|842|492|842|492|0|221|6035|1715|5589|1854|446|440|2440|1720|1688|1294|752|579|1284|801|1167|776|117|202|1949|1240|1428|804|521|697|1032|616|701|418|331|321|1263|558|1209|555|54|89|999|618|970|601|29|47|1227|874|1227|874|0|221|1205|716|919|601|286|381|101116|6465|43762|4215|57354|5091|5925|1478|3302|989|2623|1122|6552|1738|3696|1068|2856|1273|865|995|180|216|685|1046|6300|1828|2856|990|3444|1310|401|298|309|209|92|155|2305|1288|1184|781|1121|812|3045|1481|1338|957|1707|1070|13738|3169|8830|2283|4908|1755|1780|800|994|597|786|499|1950|961|1289|726|661|493|1608|892|1557|883|51|85|652|662|560|644|92|152|224|199|224|199|0|221|179|247|179|247|0|221|0|221|0|221|0|221|0|221|0|221|0|221|277|204|277|204|0|221
5001800US0612|698959|5334|409427|9969|131797|8634|75259|6840|56538|5148|7088|1643|6351|1539|737|480|105|124|105|124|0|221|2192|1119|2039|1095|153|178|2898|1266|2372|932|526|549|4129|2097|3546|1756|583|450|774|563|774|563|0|221|1174|1141|1174|1141|0|221|957|499|827|460|130|173|333|311|279|289|54|91|1415|1256|920|828|495|439|1488|497|1118|318|370|359|1042|797|729|372|313|503|3853|2091|2656|1421|1197|1130|924|639|924|639|0|221|3060|1398|3060|1398|0|221|192|177|134|149|58|99|1335|725|1169|583|166|271|48|78|48|78|0|221|1479|759|1083|690|396|364|2191|967|1767|790|424|356|2116|1818|1473|1102|643|810|801|370|801|370|0|221|199|197|199|197|0|221|55944|5689|22203|3006|33741|4603|4641|1605|3096|1217|1545|1051|4975|1648|3922|1592|1053|649|58|96|58|96|0|221|11610|3258|4877|1733|6733|1949|3054|1996|1832|1473|1222|692|2081|1032|799|490|1282|918|4276|1276|2609|955|1667|660|8915|2858|5947|2358|2968|1504|2980|1655|1391|635|1589|1256|5526|2124|3680|1666|1846|1022|1961|1050|1961|1050|0|221|5112|2177|2850|1466|2262|1008|3695|2196|3278|2098|417|384|595|456|595|456|0|221|0|221|0|221|0|221|0|221|0|221|0|221|2519|1937|958|805|1561|1370
5001800US0614|686609|8318|323608|12606|109139|9142|55674|5383|53465|7341|3200|1983|2188|1182|1012|1053|227|401|180|328|47|75|517|375|474|334|43|74|3312|1754|1310|696|2002|1566|1069|576|957|542|112|134|51|84|51|84|0|221|1010|686|836|616|174|179|3046|1138|1497|648|1549|652|453|506|246|319|207|203|1806|2699|894|1414|912|1304|1034|890|699|729|335|332|200|208|197|208|3|12|9139|4078|5104|2778|4035|1947|4561|2118|4044|1987|517|406|26256|4473|21483|3749|4773|2223|2970|1249|2460|1049|510|310|14270|4670|8776|3567|5494|2246|2485|1371|2297|1285|188|224|5914|2328|4541|1897|1373|775|1900|1613|836|850|1064|1245|10417|2563|9045|2274|1372|619|11257|2910|10659|2833|598|406|4890|1515|4174|1384|716|437|70913|7236|33552|4432|37361|3984|1605|831|903|574|702|465|6522|2041|3658|1499|2864|1125|70|115|70|115|0|221|9812|2673|4624|1425|5188|1773|257|304|127|123|130|220|365|411|271|316|94|114|3105|1926|2206|1495|899|586|36027|5256|24796|3647|11231|2654|6062|2464|4951|2301|1111|754|3892|2090|2773|1577|1119|1316|387|427|327|344|60|100|795|707|668|666|127|209|1945|1513|1879|1479|66|112|296|370|296|370|0|221|0|221|0|221|0|221|637|562|550|456|87|145|1188|977|201|178|987|862
5001800US0615|686189|10335|333286|11494|128794|6175|69213|4659|59581|5153|2442|1132|2289|1114|153|209|0|221|0|221|0|221|1415|646|1067|551|348|271|4851|2104|1674|1072|3177|1646|1806|739|1362|557|444|373|572|484|535|470|37|63|1409|743|834|575|575|452|5966|1665|3807|1339|2159|743|1034|1141|1034|1141|0|221|259|315|189|262|70|118|520|470|120|107|400|421|591|559|567|557|24|40|3263|1252|2425|1084|838|430|984|742|831|615|153|256|9687|2909|8331|2684|1356|904|1601|1226|1280|1025|321|466|1290|1265|541|424|749|865|749|498|702|492|47|76|1244|928|961|642|283|431|862|687|753|672|109|117|618|378|561|364|57|96|1196|688|1120|657|76|126|633|351|633|351|0|221|96988|6839|46702|3982|50286|4804|4455|1515|2453|910|2002|1018|4965|1817|2768|1230|2197|963|0|221|0|221|0|221|4967|1655|2894|1085|2073|921|185|176|0|221|185|176|1072|586|518|333|554|356|7377|2903|3820|2024|3557|1411|48291|4200|27417|3448|20874|3375|6390|2592|4837|1942|1553|898|4750|1900|3218|1362|1532|781|403|282|270|256|133|155|269|454|205|343|64|115|526|629|0|221|526|629|112|116|48|81|64|84|0|221|0|221|0|221|0|221|0|221|0|221|367|381|206|180|161|260
5001800US0616|709059|13967|391970|10038|87762|8698|53849|5796|33913|4982|7124|1586|5685|1490|1439|645|135|218|135|218|0|221|2538|1530|1934|1441|604|523|4071|1895|2545|1177|1526|1062|4494|1541|4121|1430|373|278|486|332|436|334|50|85|991|756|903|748|88|150|7054|1728|5614|1622|1440|528|610|368|536|352|74|121|1867|1448|1774|1433|93|109|1615|953|1385|871|230|397|158|203|158|203|0|221|9914|3315|7772|3193|2142|919|2711|1516|2117|1412|594|487|13751|3313|12194|2736|1557|1087|748|583|557|417|191|221|2253|1375|1011|585|1242|1152|1233|591|1005|505|228|271|6373|2521|5164|2192|1209|1015|2462|1029|2136|981|326|299|2315|1134|2216|1090|99|166|5425|1831|5114|1732|311|286|5473|3451|4305|2964|1168|1064|64917|6052|40687|4589|24230|3072|4699|1451|3026|1027|1673|746|8812|1722|4539|1534|4273|1385|401|476|358|422|43|71|33087|4618|12945|2150|20142|3166|1485|1367|708|686|777|712|215|196|81|97|134|172|3175|1189|1984|853|1191|690|12459|2918|9629|2576|2830|1176|5540|2190|4255|1470|1285|864|2176|1257|1836|1159|340|415|4916|1978|4159|1837|757|417|1224|675|886|581|338|340|119|202|119|202|0|221|186|291|186|291|0|221|0|221|0|221|0|221|314|355|314|355|0|221|1801|1836|1230|1018|571|893
5001800US0617|707118|11339|261794|8841|66738|8727|39487|5401|27251|5315|2413|1003|2225|933|188|198|254|347|254|347|0|221|1592|905|1026|675|566|554|4022|1964|3466|1861|556|351|2027|1045|1699|992|328|318|549|478|549|478|0|221|80|132|80|132|0|221|7758|2401|4956|1863|2802|1125|487|521|420|513|67|111|1385|1033|677|431|708|903|838|612|711|577|127|147|237|279|237|279|0|221|8176|3186|5529|2119|2647|1473|8106|2607|7185|2510|921|464|33782|4812|28809|4413|4973|1443|4883|2255|4123|2102|760|457|6842|2166|4645|1865|2197|917|4601|2378|3710|1888|891|730|9231|2517|8137|2264|1094|547|1823|1016|1500|898|323|371|14529|3739|12527|3088|2002|1462|16248|3408|14952|3317|1296|685|13987|4509|12387|4229|1600|966|122600|7889|67169|5792|55431|4842|6502|2162|3905|1728|2597|929|18958|3411|9418|2448|9540|2054|183|217|183|217|0|221|39050|5663|16508|3338|22542|3273|685|656|168|228|517|479|771|573|332|308|439|324|2819|1971|1855|1476|964|656|28485|5348|18326|4204|10159|2382|3288|1530|2162|1283|1126|728|2973|1447|2395|1271|578|459|4840|2588|4297|2396|543|509|1553|1003|785|542|768|594|450|542|450|542|0|221|92|160|92|160|0|221|0|221|0|221|0|221|1032|848|855|682|177|290|455|500|403|480|52|85
5001800US0619|695339|16049|444105|10859|115534|11548|72068|8431|43466|5847|2277|854|2101|817|176|167|0|221|0|221|0|221|1584|533|1293|496|291|183|2993|1590|2070|1120|923|613|2583|799|2295|746|288|270|771|483|771|483|0|221|1240|1080|1240|1080|0|221|2458|1175|1543|602|915|758|660|826|660|826|0|221|517|425|342|339|175|181|1601|886|1000|582|601|489|147|240|0|221|147|240|4166|1472|3319|1331|847|502|2024|1057|1600|819|424|333|7420|1711|6159|1439|1261|905|2247|1294|2093|1290|154|240|3466|1595|2019|768|1447|1071|1099|601|960|529|139|154|1975|720|1695|635|280|240|996|536|599|388|397|272|4034|1344|3398|1118|636|422|2735|1043|2637|990|98|116|2222|852|1902|799|320|416|21933|3459|11921|1921|10012|2277|3120|1603|1969|1149|1151|872|5360|1792|2979|1272|2381|980|132|216|0|221|132|216|30674|4232|14800|2930|15874|2538|2031|1347|740|587|1291|1012|725|411|522|343|203|174|1617|863|1063|693|554|424|10175|2377|6529|1854|3646|1070|1744|1312|955|659|789|741|4025|1694|3486|1490|539|349|1099|700|782|540|317|432|1665|1032|1048|974|617|506|422|468|422|468|0|221|170|201|170|201|0|221|0|221|0|221|0|221|85|75|85|75|0|221|1508|1033|1109|894|399|563
5001800US0624|720849|6034|496557|10814|180322|8448|108244|6390|72078|6654|1751|831|1459|716|292|285|39|69|39|69|0|221|404|311|337|255|67|114|1504|729|1097|533|407|345|2534|1038|1871|733|663|615|172|178|86|103|86|144|633|470|534|371|99|170|968|629|572|438|396|265|46|76|46|76|0|221|486|457|268|297|218|350|768|591|724|575|44|74|747|731|747|731|0|221|490|328|357|304|133|142|78|132|78|132|0|221|663|317|403|229|260|237|79|132|0|221|79|132|637|393|519|364|118|157|0|221|0|221|0|221|144|174|28|3|116|173|792|438|676|391|116|144|1274|1151|1161|1106|113|186|0|221|0|221|0|221|470|332|346|249|124|199|7335|1712|4975|1296|2360|845|898|440|485|298|413|329|2069|1003|1268|651|801|530|501|519|359|326|142|229|2653|954|1284|559|1369|594|296|447|203|307|93|145|542|360|148|148|394|266|1228|1097|714|572|514|631|4568|1270|3402|943|1166|687|506|478|472|478|34|51|2155|1269|1446|765|709|814|310|235|310|235|0|221|934|841|807|734|127|212|151|176|75|114|76|129|0|221|0|221|0|221|0|221|0|221|0|221|135|8|135|8|0|221|5010|2278|1335|1059|3675|1807
5001800US0628|715155|12903|338046|11767|131904|10654|91624|7956|40280|5307|3192|1923|2696|1812|496|655|0|221|0|221|0|221|1544|997|1088|754|456|529|1911|1491|1608|1221|303|366|1875|709|1746|681|129|129|547|497|547|497|0|221|385|276|334|253|51|84|1540|747|1268|710|272|232|105|83|63|76|42|69|0|221|0|221|0|221|418|490|238|392|180|294|7418|2466|5008|1745|2410|1227|3221|2036|2866|1903|355|316|558|614|393|504|165|286|2603|1492|1801|1066|802|728|1200|966|1040|797|160|246|1225|850|464|401|761|785|646|550|601|542|45|78|1364|1124|998|752|366|407|693|389|634|382|59|99|709|610|498|452|211|251|1457|1228|1188|901|269|370|353|460|289|403|64|82|148682|8459|58080|5370|90602|5693|3656|907|2204|661|1452|513|12604|2863|6494|1927|6110|1638|91|104|91|104|0|221|18143|4072|7015|2004|11128|2763|2770|1454|764|625|2006|1101|2896|1449|1414|997|1482|746|2644|1133|942|584|1702|800|11072|2995|8176|2237|2896|1138|3203|1101|1507|603|1696|781|3738|1489|2619|1170|1119|748|415|403|337|336|78|131|144|139|100|119|44|73|402|434|353|460|49|85|157|206|104|131|53|86|225|335|225|335|0|221|709|824|709|824|0|221|690|847|185|189|505|827
5001800US0630|716205|13066|370352|11883|128534|9925|81685|6902|46849|4788|6178|1540|5529|1474|649|428|12|2|12|2|0|221|1883|1016|1796|990|87|106|2093|784|1557|590|536|408|1982|829|1637|827|345|211|1792|1600|1736|1595|56|92|314|296|314|296|0|221|16827|3600|6962|2337|9865|2564|1371|802|1291|747|80|133|1369|1213|1212|1153|157|136|1874|922|1209|576|665|760|99836|8477|46267|5425|53569|5968|5583|1645|3238|1217|2345|1139|195|146|195|146|0|221|4885|2129|3793|1756|1092|675|0|221|0|221|0|221|693|669|375|462|318|451|2220|1584|726|517|1494|1474|773|634|585|471|188|220|1951|847|1556|693|395|414|90|134|8|4|82|134|687|665|687|665|0|221|100|165|100|165|0|221|9519|2501|5821|1676|3698|1393|5613|2765|4315|2406|1298|765|13757|2796|5039|1276|8718|2169|0|221|0|221|0|221|1532|1274|593|394|939|1195|358|276|269|210|89|104|3175|1449|1215|759|1960|1134|1222|830|601|410|621|514|22311|3558|14780|2444|7531|2104|893|620|451|326|442|517|3036|1062|1605|724|1431|800|2039|912|1243|642|796|675|243|249|164|203|79|134|0|221|0|221|0|221|68|113|68|113|0|221|0|221|0|221|0|221|237|348|237|348|0|221|608|491|514|378|94|153
5001800US0632|722235|17222|407069|14931|140659|12134|87379|8891|53280|5757|5810|1445|4930|1364|880|457|298|420|298|420|0|221|1926|985|1415|835|511|564|2483|1241|2203|1205|280|210|3124|1327|3050|1320|74|128|243|278|148|252|95|112|998|658|886|655|112|131|11282|2875|6563|2180|4719|1432|757|501|644|457|113|136|257|366|209|288|48|80|1962|1100|1505|974|457|436|18094|3658|13090|2849|5004|1813|34095|4571|20390|3275|13705|3119|1343|933|1137|889|206|204|4820|2466|4604|2467|216|170|1504|776|695|435|809|585|2049|1274|1606|965|443|516|1504|1218|739|608|765|646|1232|1079|716|953|516|379|1885|824|1303|665|582|403|2266|1778|1581|1635|685|672|1025|815|852|641|173|289|1227|752|789|467|438|418|13392|3513|9186|2559|4206|1667|2640|971|1946|838|694|356|8236|2596|4798|1938|3438|1361|0|221|0|221|0|221|8257|2586|3157|1127|5100|1988|147|198|0|221|147|198|2434|1421|1122|619|1312|917|1470|979|1250|922|220|295|17963|3643|13496|2990|4467|1215|1283|793|824|560|459|352|6741|2017|4324|1353|2417|1164|7931|3192|5411|2528|2520|1515|1091|1111|918|1090|173|177|905|580|736|546|169|203|396|499|396|499|0|221|0|221|0|221|0|221|0|221|0|221|0|221|1437|929|371|303|1066|837
5001800US0636|711897|14192|487811|13648|73208|8185|54523|6434|18685|3484|9857|2584|8285|2421|1572|810|58|96|58|96|0|221|3532|1388|3341|1312|191|267|6246|2311|5497|2171|749|480|4455|1379|4294|1354|161|272|1589|1056|1487|1054|102|173|1036|607|686|469|350|269|6429|2545|2946|1207|3483|1690|956|628|760|521|196|217|904|566|621|418|283|255|1751|736|1089|529|662|425|3119|1489|2273|1182|846|614|16785|4173|12331|3479|4454|1446|673|457|673|457|0|221|5115|1932|4162|1899|953|952|2154|1793|1064|837|1090|1368|623|753|500|565|123|210|407|347|254|242|153|250|823|656|721|577|102|170|1502|774|1444|747|58|93|434|385|434|385|0|221|1095|570|1046|585|49|97|1099|810|1061|780|38|79|29498|3799|18320|2604|11178|2549|9686|2515|5269|1576|4417|1407|12025|3434|6954|2338|5071|1844|173|213|173|213|0|221|3617|1404|2781|1215|836|735|91|163|91|163|0|221|621|553|246|226|375|447|4835|2905|2254|1107|2581|2355|6461|1870|4982|1727|1479|849|1902|1483|1256|1328|646|611|4681|1635|4046|1463|635|364|3534|1334|3289|1272|245|233|947|548|727|530|220|232|946|915|946|915|0|221|525|342|335|258|190|232|0|221|0|221|0|221|50|94|50|94|0|221|644|414|508|349|136|234
5001800US0640|711433|10203|452380|13614|113042|11806|78281|7673|34761|6176|2505|1089|2378|1072|127|122|0|221|0|221|0|221|1316|764|1186|720|130|158|1513|1683|1146|1226|367|483|1748|780|1475|795|273|298|627|290|583|285|44|72|990|1009|903|997|87|142|3946|2269|1641|1000|2305|1677|404|299|278|209|126|156|1784|1896|1373|1380|411|537|1038|822|1038|822|0|221|572|357|403|260|169|163|14225|3261|8893|1999|5332|1612|4062|1816|2146|989|1916|1099|5069|1814|4278|1567|791|634|2003|1082|1675|939|328|252|819|561|639|428|180|214|218|363|218|363|0|221|1233|825|1091|753|142|169|1832|1151|1403|776|429|476|1194|1529|683|737|511|814|1359|1595|742|791|617|811|614|559|538|462|76|124|34364|5397|18118|3318|16246|3282|3539|1484|2563|1413|976|495|17210|4047|8642|2611|8568|2355|54|91|54|91|0|221|10453|2072|5033|1585|5420|1309|1662|836|557|398|1105|724|1596|937|864|622|732|545|730|592|512|464|218|364|13837|3509|9988|2396|3849|1627|1766|1316|1024|566|742|912|7742|2944|6855|2884|887|404|349|279|265|235|84|104|3218|3020|2907|2897|311|420|348|445|192|312|156|179|43|83|43|83|0|221|0|221|0|221|0|221|0|221|0|221|0|221|29|49|29|49|0|221
5001800US0647|717883|5280|453707|12270|73367|7395|52001|5771|21366|3329|2284|1068|2224|1066|60|84|62|108|62|108|0|221|1938|951|1715|850|223|275|2144|1201|1934|1095|210|211|4167|2086|3809|2130|358|295|700|489|700|489|0|221|357|335|263|318|94|110|5688|2421|3375|1852|2313|1139|483|427|352|386|131|160|441|388|306|254|135|221|2682|1549|1452|726|1230|1127|988|686|744|619|244|238|14219|3219|8761|2486|5458|1641|1729|1057|1197|882|532|480|5596|3164|5311|3091|285|403|7644|5587|6752|5413|892|749|684|537|496|357|188|216|971|1090|971|1090|0|221|1421|969|1306|902|115|142|1908|787|1606|664|302|350|963|701|963|701|0|221|2861|1421|2299|989|562|666|630|484|573|446|57|96|50962|7251|28542|4274|22420|4438|9099|2559|5042|2006|4057|1400|20095|5053|11688|3538|8407|2285|0|221|0|221|0|221|20229|3550|11865|2509|8364|1965|303|246|124|148|179|164|2198|1316|1919|1267|279|274|1760|1132|1132|706|628|676|8170|3088|7387|2876|783|419|2499|1316|2214|1282|285|238|10708|3603|7925|2969|2783|1238|1594|1582|1471|1578|123|149|683|755|683|755|0|221|246|329|246|329|0|221|860|1184|860|1184|0|221|0|221|0|221|0|221|134|223|0|221|134|223|709|657|709|657|0|221
5001800US0650|747581|17774|505830|13722|121071|12636|84572|8541|36499|5628|5392|1763|5042|1739|350|309|183|287|157|267|26|60|3641|2403|2529|1582|1112|1122|5441|2427|4067|2059|1374|1014|3027|1116|2817|1069|210|168|785|499|785|499|0|221|162|197|162|197|0|221|6704|2116|4288|1660|2416|1035|552|458|502|451|50|84|929|596|753|554|176|228|3249|2146|2009|1483|1240|1066|241|234|87|147|154|181|7493|2053|4995|1629|2498|1055|1242|622|1164|596|78|93|4179|1465|3743|1398|436|345|688|755|552|626|136|225|266|317|266|317|0|221|1820|1064|1820|1064|0|221|788|637|727|631|61|103|2364|1212|1673|930|691|527|1663|682|1433|633|230|200|2040|1396|2040|1396|0|221|306|222|306|222|0|221|25403|3649|16221|2706|9182|1973|2506|894|1495|649|1011|491|7940|2080|3580|1056|4360|1727|74|122|74|122|0|221|8862|2802|5232|1655|3630|1442|186|291|54|89|132|279|870|561|598|514|272|237|1931|994|1528|938|403|300|9826|2357|7778|1938|2048|864|2227|1584|2009|1516|218|362|4391|2089|2900|1595|1491|1008|1799|1235|1759|1226|40|67|591|610|356|364|235|302|0|221|0|221|0|221|220|228|151|204|69|102|73|114|73|114|0|221|39|81|39|81|0|221|587|593|394|567|193|175
5001800US0651|703881|15509|444529|14655|121281|11105|83824|8255|37457|6263|3100|1530|2974|1514|126|128|0|221|0|221|0|221|1069|705|786|555|283|232|1787|742|1223|571|564|335|3089|1721|2659|1543|430|353|1015|647|1015|647|0|221|214|193|214|193|0|221|5806|3025|3570|1832|2236|1476|863|648|748|677|115|140|130|154|130|154|0|221|765|457|471|311|294|239|606|703|606|703|0|221|6518|2580|2619|991|3899|2257|490|410|362|304|128|150|4244|1926|3580|1503|664|623|1179|934|820|664|359|418|50|82|50|82|0|221|1315|856|624|494|691|619|2076|2283|2046|2282|30|50|3608|3156|1670|1642|1938|1626|1082|990|1082|990|0|221|713|527|665|521|48|80|684|512|684|512|0|221|15172|3951|6068|2010|9104|2871|4422|2418|2494|1302|1928|1303|4954|1986|2583|1374|2371|1105|18|13|5|13|13|3|19776|4550|8263|2842|11513|2754|540|495|315|314|225|255|1750|950|534|415|1216|791|1982|1356|772|586|1210|1123|20735|4153|13608|3211|7127|1724|2741|1254|2121|1113|620|483|16720|3891|10167|2694|6553|2105|426|539|106|127|320|526|6716|2720|3599|1536|3117|1587|390|521|390|521|0|221|589|493|589|493|0|221|0|221|0|221|0|221|0|221|0|221|0|221|737|666|261|354|476|571
5001800US0901|681951|9926|510569|12948|84597|6713|57531|5358|27066|3579|4929|1383|3765|1311|1164|403|2354|1189|1758|980|596|427|5954|2327|4320|2102|1634|830|6522|1994|4170|1332|2352|962|1095|628|962|565|133|148|301|199|301|199|0|222|1845|845|1495|811|350|252|1480|693|1159|673|321|234|5383|1376|3290|958|2093|959|2068|1649|1014|1110|1054|1038|2488|2021|1150|1060|1338|1008|0|222|0|222|0|222|407|394|278|353|129|168|2383|1243|1493|886|890|552|2662|1169|2333|1176|329|305|4725|2352|3481|2054|1244|882|651|656|590|647|61|104|2801|1582|1163|702|1638|1193|2860|1561|1745|933|1115|848|4861|2072|3820|1720|1041|776|2828|1622|1592|1033|1236|1087|2254|1183|1160|717|1094|800|1721|1015|1542|857|179|280|3240|1348|1756|824|1484|745|536|532|336|469|200|207|622|570|479|507|143|246|0|222|0|222|0|222|2926|1791|1944|1429|982|837|1450|2096|493|721|957|1392|630|482|51|91|579|435|2086|2829|960|1670|1126|1228|1040|592|740|430|300|267|118|198|118|198|0|222|1585|992|598|591|987|563|578|634|578|634|0|222|42|80|42|80|0|222|3414|1959|2997|1879|417|475|1732|1306|965|854|767|978|0|222|0|222|0|222|894|638|653|514|241|261|3320|2119|2791|2054|529|493
5001800US0903|690705|6910|545701|9666|78793|6157|48778|4503|30015|4964|4140|1987|3189|1605|951|652|3192|1410|2181|1121|1011|846|4977|1818|3925|1623|1052|586|5696|2104|3504|1362|2192|1082|1305|591|908|597|397|352|106|98|106|98|0|222|480|283|315|141|165|200|671|276|643|273|28|46|4606|2170|3217|1630|1389|919|622|554|366|410|256|248|352|250|269|201|83|99|0|222|0|222|0|222|1190|1088|807|787|383|436|883|871|606|611|277|341|635|365|635|365|0|222|1925|1270|1473|963|452|477|975|751|395|359|580|560|1510|1163|866|658|644|653|1612|1159|735|640|877|816|3631|1900|2242|1929|1389|1225|292|235|292|235|0|222|271|304|253|299|18|31|111|148|111|148|0|222|8399|2557|4825|1399|3574|1496|576|676|543|671|33|59|1409|691|752|508|657|435|0|222|0|222|0|222|1511|626|777|423|734|485|950|940|401|521|549|744|1446|913|622|713|824|609|1465|1071|795|600|670|537|1713|969|834|445|879|661|606|522|530|472|76|133|3200|1908|2572|1575|628|583|594|636|594|636|0|222|301|391|83|105|218|315|3199|2092|2734|1996|465|513|249|307|249|307|0|222|0|222|0|222|0|222|42|70|42|70|0|222|1369|753|1053|622|316|354
5001800US0904|682042|6510|461441|10737|117316|6638|62045|5025|55271|5548|6474|2848|4847|2092|1627|1625|11995|3829|6276|2601|5719|2087|4505|1448|3157|1087|1348|765|15662|3665|7444|1927|8218|3053|1352|633|1133|621|219|143|303|313|303|313|0|222|2431|1220|1788|815|643|520|3048|1052|2353|938|695|510|6327|2261|3491|1509|2836|1061|971|745|651|453|320|340|4630|2444|2757|1554|1873|1378|0|222|0|222|0|222|631|478|581|456|50|87|323|327|323|327|0|222|4948|1920|4504|1697|444|391|618|519|618|519|0|222|0|222|0|222|0|222|4285|2708|3041|1806|1244|995|1716|1032|1204|789|512|492|4544|1602|3343|1497|1201|748|912|938|735|888|177|314|181|245|181|245|0|222|439|423|382|374|57|101|10274|3428|6994|2229|3280|1603|847|586|396|274|451|456|2242|1351|1491|1144|751|500|0|222|0|222|0|222|1719|1168|672|556|1047|839|127|226|0|222|127|226|1202|776|420|322|782|619|956|761|810|637|146|191|2954|1472|1699|768|1255|841|156|210|156|210|0|222|3274|1601|1748|1120|1526|814|559|294|410|234|149|144|0|222|0|222|0|222|651|449|593|444|58|100|0|222|0|222|0|222|0|222|0|222|0|222|122|152|122|152|0|222|1907|837|1611|765|296|236
5001800US0905|684230|10854|488724|13480|118353|9685|66300|7052|52053|6393|3815|1123|2944|924|871|527|4537|3546|3411|3263|1126|1342|4740|1963|3336|1558|1404|686|17038|3763|6546|1394|10492|3248|1214|428|1101|434|113|116|464|328|394|321|70|112|801|656|801|656|0|222|1957|1108|1008|707|949|638|10649|2954|5133|1650|5516|2027|1656|1125|1012|633|644|706|1591|1092|1348|1033|243|233|48|81|48|81|0|222|378|554|334|551|44|72|216|235|216|235|0|222|1947|1038|1416|838|531|476|498|869|0|222|498|869|0|222|0|222|0|222|400|393|303|312|97|122|209|290|209|290|0|222|2622|1360|1749|836|873|695|1384|1009|1113|929|271|375|1474|929|1206|783|268|303|1514|1499|1482|1497|32|56|3429|1390|1789|765|1640|908|585|430|585|430|0|222|807|660|206|317|601|495|0|222|0|222|0|222|2321|1238|1175|646|1146|840|677|461|429|398|248|161|485|449|174|178|311|287|581|549|362|382|219|188|1115|730|776|537|339|298|0|222|0|222|0|222|3562|1956|2048|1322|1514|1074|292|280|292|280|0|222|423|440|423|440|0|222|192|225|104|129|88|187|0|222|0|222|0|222|0|222|0|222|0|222|22|37|22|37|0|222|3510|2595|2082|1714|1428|1230
5001800US1000|977492|312|823118|6720|81938|3819|42114|3140|39824|3944|3344|1629|2336|1248|1008|849|5702|2967|3147|1766|2555|1539|1760|638|1241|594|519|352|866|538|552|411|314|278|1403|492|1291|483|112|137|1199|1318|1199|1318|0|204|573|637|352|377|221|289|2911|1533|2173|1454|738|523|1661|909|733|511|928|562|59|95|59|95|0|204|1164|867|927|834|237|247|35|58|35|58|0|204|221|336|126|185|95|154|4020|1948|2307|1281|1713|986|4166|1934|3682|1810|484|367|1581|843|1180|732|401|449|1643|1814|933|945|710|925|2631|1506|2341|1388|290|296|1506|1322|1430|1308|76|111|633|308|524|316|109|174|3147|1691|2493|1467|654|568|1263|958|1263|958|0|204|925|609|920|609|5|11|5064|1800|3052|1355|2012|911|796|598|504|455|292|371|1410|825|667|480|743|451|0|204|0|204|0|204|1453|900|692|473|761|543|166|211|166|211|0|204|456|365|102|110|354|328|485|682|199|295|286|394|3414|1440|2557|1045|857|683|298|290|90|86|208|273|4765|2463|2846|1504|1919|1535|7|1|7|1|0|204|29|64|29|64|0|204|8105|3565|7177|3148|928|600|1802|1202|1641|1169|161|159|0|204|0|204|0|204|54|76|54|76|0|204|1719|956|1432|823|287|352
5001800US1198|640460|5|516502|8164|56833|5385|37527|4737|19306|2700|11081|2557|9381|2132|1700|913|1743|1370|1720|1366|23|39|2038|794|1825|750|213|281|3190|1882|2894|1923|296|272|3052|1225|2900|1163|152|197|927|665|927|665|0|244|618|445|618|445|0|244|2189|869|2189|869|0|244|385|310|385|310|0|244|702|641|488|449|214|259|754|455|632|433|122|155|175|226|175|226|0|244|2002|862|1351|615|651|552|672|471|672|471|0|244|2042|844|1763|776|279|291|1381|922|1356|907|25|43|67|74|67|74|0|244|178|154|178|154|0|244|525|366|449|350|76|124|884|488|774|434|110|115|157|242|157|242|0|244|236|158|190|141|46|75|141|167|141|167|0|244|5300|1205|3764|968|1536|653|304|301|233|276|71|116|2800|1137|1953|1014|847|579|0|244|0|244|0|244|974|522|391|215|583|467|0|244|0|244|0|244|494|407|422|357|72|121|1936|1235|1277|854|659|466|1726|988|1381|977|345|397|912|784|409|386|503|535|1798|889|1798|889|0|244|591|390|545|386|46|76|7744|3113|5397|2484|2347|1433|4519|1821|4274|1870|245|267|1181|847|1076|717|105|172|0|244|0|244|0|244|0|244|0|244|0|244|1707|1316|946|828|761|890
5001800US1205|792165|13605|651249|14356|65489|6880|41893|5010|23596|4833|3629|1479|3014|1227|615|498|3819|2086|1698|1439|2121|1413|1108|588|1059|593|49|81|6469|3615|3414|2691|3055|2335|1833|799|1456|723|377|396|252|241|252|241|0|243|44|73|22|37|22|36|3339|1711|2347|1478|992|700|825|608|683|580|142|174|3631|1537|2140|1127|1491|1118|1673|1733|1405|1714|268|282|0|243|0|243|0|243|1827|1592|1760|1568|67|116|1027|916|1027|916|0|243|1784|1307|1633|1260|151|182|911|1042|782|892|129|231|192|327|192|327|0|243|305|400|179|222|126|186|876|667|876|667|0|243|4820|2586|3064|1713|1756|1420|3382|1766|2684|1499|698|592|2902|1817|2050|1045|852|1172|850|819|850|819|0|243|2824|1592|1787|1269|1037|490|1024|771|587|543|437|390|1608|1392|1074|916|534|591|0|243|0|243|0|243|3058|2183|1797|1435|1261|999|1508|997|751|630|757|514|1379|1398|628|713|751|871|2778|1576|877|636|1901|1244|8981|2299|7164|2261|1817|956|120|200|120|200|0|243|4966|1962|3627|1603|1339|681|240|235|240|235|0|243|340|561|303|501|37|61|315|272|315|272|0|243|283|470|221|367|62|103|0|243|0|243|0|243|122|191|122|191|0|243|383|311|383|311|0|243
5001800US1213|738744|7515|613562|8321|60742|4920|34364|3350|26378|3458|3163|1074|2969|1041|194|190|505|327|267|295|238|66|3137|1152|2167|873|970|624|1904|916|1410|806|494|356|3338|1402|3075|1252|263|229|311|195|311|195|0|243|4801|1806|2999|1270|1802|1124|3236|1377|1767|1015|1469|731|3821|2472|2321|1542|1500|1164|4029|1967|2245|1038|1784|1255|2769|1057|1533|682|1236|775|128|212|0|243|128|212|680|469|435|375|245|253|1741|1157|1218|1024|523|465|2285|1875|1723|1225|562|787|736|940|460|523|276|444|0|243|0|243|0|243|349|409|44|76|305|377|500|735|420|601|80|138|2543|1242|1371|697|1172|835|292|302|292|302|0|243|183|203|151|176|32|52|237|196|237|196|0|243|1276|726|560|340|716|544|221|209|198|193|23|39|260|339|0|243|260|339|0|243|0|243|0|243|7948|2068|3129|1289|4819|1370|482|595|262|346|220|261|982|617|394|351|588|442|1450|1120|530|403|920|1041|2965|1668|2392|1489|573|429|367|315|236|241|131|204|4467|2438|2571|1342|1896|1270|137|161|137|161|0|243|0|243|0|243|0|243|0|243|0|243|0|243|1377|1707|1185|1420|192|309|0|243|0|243|0|243|0|243|0|243|0|243|1820|1847|1558|1834|262|237
5001800US1304|717704|9807|566519|12432|71897|3779|34064|3564|37833|3666|3837|1650|3100|1324|737|522|1337|1023|976|794|361|324|833|781|739|694|94|147|955|673|820|617|135|170|1386|801|1341|801|45|4|100|120|100|120|0|226|128|156|128|156|0|226|389|325|130|123|259|296|92|111|92|111|0|226|1022|851|583|701|439|305|831|821|384|337|447|532|0|226|0|226|0|226|4166|2317|1639|897|2527|2015|1364|794|904|584|460|519|5023|1977|3859|1752|1164|658|866|699|823|679|43|67|0|226|0|226|0|226|4948|2175|2673|1455|2275|1069|1688|1842|421|340|1267|1828|1359|1263|897|701|462|609|193|197|126|165|67|112|443|425|360|367|83|138|186|220|186|220|0|226|4702|1845|2691|946|2011|1591|915|917|798|865|117|198|2783|1223|1758|996|1025|506|0|226|0|226|0|226|5121|2197|2247|1416|2874|1077|80|136|0|226|80|136|234|212|129|135|105|136|2142|1344|952|768|1190|842|1423|877|1337|833|86|145|0|226|0|226|0|226|3305|2627|2065|1877|1240|891|636|621|249|225|387|544|15589|4809|8648|3242|6941|2466|5197|2308|4365|1947|832|765|3139|1942|1826|1354|1313|788|0|226|0|226|0|226|0|226|0|226|0|226|2876|1613|2507|1440|369|401
5001800US1306|755588|9567|566834|11424|60324|4935|41336|4032|18988|2529|3375|1900|3212|1869|163|234|686|714|449|460|237|379|830|437|732|408|98|118|7244|2649|4263|1458|2981|2011|3554|1896|3299|1868|255|286|1120|765|1120|765|0|226|287|215|236|162|51|84|5250|1617|2956|1041|2294|1186|462|442|360|419|102|171|1488|1149|1158|890|330|317|1771|1226|1085|707|686|598|139|233|139|233|0|226|5362|2221|3805|1694|1557|766|3823|1562|2704|1165|1119|792|12937|3572|10883|3080|2054|1325|1789|925|1603|828|186|206|1827|1666|678|766|1149|1447|1946|1171|1467|1070|479|399|4372|1731|3657|1538|715|696|2639|1709|1969|1090|670|777|16604|3332|14434|3153|2170|970|10232|3142|8827|2818|1405|814|3270|1263|2390|945|880|845|9851|2012|5221|1265|4630|1228|1152|780|701|453|451|405|5967|1342|2063|764|3904|1104|136|162|79|131|57|95|2482|1113|1338|655|1144|674|0|226|0|226|0|226|69|85|23|40|46|76|4707|2418|3075|1688|1632|1128|2111|1103|1076|544|1035|848|87|107|87|107|0|226|3770|2040|3029|1836|741|608|647|483|598|429|49|81|331|419|321|419|10|3|2619|1749|1907|1084|712|1073|2651|1439|2651|1439|0|226|0|226|0|226|0|226|148|249|148|249|0|226|695|636|695|636|0|226
5001800US1307|730343|12397|422412|16108|155948|8613|76597|5796|79351|6120|5539|1745|4243|1553|1296|576|3894|2439|2777|1410|1117|1235|377|326|377|326|0|226|2522|1849|2336|1804|186|185|982|567|810|481|172|309|169|197|169|197|0|226|124|119|124|119|0|226|2311|1003|1495|673|816|535|47|81|0|226|47|81|3476|2450|2763|2336|713|519|543|328|377|263|166|141|0|226|0|226|0|226|2568|1223|1432|880|1136|749|5755|2367|3618|2061|2137|847|7883|2917|6718|2584|1165|755|5753|2094|3829|1408|1924|931|940|774|689|566|251|256|4437|2264|3131|1969|1306|673|1862|1014|1236|717|626|546|4815|2406|3249|1881|1566|996|2630|1104|2291|1060|339|378|1471|866|1273|730|198|334|1253|765|880|579|373|293|21136|4105|9281|2322|11855|2293|1058|703|323|349|735|579|16870|3503|7599|2331|9271|1938|334|564|86|146|248|419|16574|3654|5518|1407|11056|2872|204|201|121|121|83|96|392|336|332|283|60|104|4584|2529|2064|1328|2520|1445|1152|762|649|445|503|484|601|816|500|653|101|173|6892|3803|5698|3351|1194|693|587|550|500|481|87|145|12568|5386|8242|3494|4326|2709|6820|1999|6035|1792|785|459|1621|1205|1405|1012|216|333|0|226|0|226|0|226|74|128|43|76|31|54|1165|743|1089|728|76|140
5001800US1705|717206|15813|515406|13078|54934|7369|41618|5983|13316|3076|5143|2312|4650|2199|493|375|626|758|626|758|0|206|3545|1226|2402|1015|1143|724|1514|779|1416|718|98|169|2959|1096|2836|1077|123|143|273|310|273|310|0|206|4863|1707|4153|1602|710|357|10550|2745|6058|1843|4492|1832|26891|5411|14972|3658|11919|2616|3867|1636|2423|1195|1444|693|8739|3295|5193|2081|3546|1673|804|649|701|605|103|174|713|503|250|256|463|398|3664|1709|1710|998|1954|1033|2481|870|2052|784|429|408|4835|2790|3022|1738|1813|1321|491|544|429|452|62|101|719|598|719|598|0|206|177|122|177|122|0|206|5510|1643|3624|1420|1886|1121|1539|975|1262|795|277|326|1173|873|810|632|363|411|4139|1841|2505|1030|1634|1145|8717|3224|5514|1472|3203|2388|1436|700|799|468|637|414|6296|2464|3146|1466|3150|1730|0|206|0|206|0|206|1473|983|418|308|1055|808|0|206|0|206|0|206|598|451|500|422|98|114|4266|1938|2574|1227|1692|1054|12312|2889|9435|2573|2877|960|975|992|875|967|100|167|8341|4803|6687|3676|1654|1410|1365|1000|1365|1000|0|206|3253|1767|1722|1017|1531|1104|1769|1603|1746|1603|23|2|185|305|185|305|0|206|23|36|23|36|0|206|0|206|0|206|0|206|642|741|642|741|0|206
5001800US1708|692872|11222|390037|13234|150317|10245|88581|7809|61736|5962|2914|1577|1444|903|1470|1279|180|300|180|300|0|206|4407|1467|3235|1233|1172|604|1091|1082|813|945|278|353|2397|1116|2114|1069|283|256|388|405|388|405|0|206|3131|1346|1822|824|1309|868|2538|1148|1200|868|1338|689|23533|3996|14361|3201|9172|1824|2774|1409|2102|1335|672|441|14558|4037|6713|2029|7845|2607|751|776|524|522|227|379|1492|1075|1258|1017|234|240|19115|4380|8929|2539|10186|3065|8261|2372|6775|2063|1486|675|9364|3007|7832|2767|1532|724|620|584|360|391|260|283|589|690|430|519|159|189|1850|748|1198|602|652|496|7187|3060|4437|1916|2750|1498|2779|1473|2300|1226|479|540|2064|1316|1747|1082|317|309|1717|869|1259|696|458|301|3712|1464|1781|685|1931|1027|4103|1690|1904|844|2199|1340|3792|1582|1420|880|2372|1051|0|206|0|206|0|206|2327|1250|1189|719|1138|770|830|649|116|136|714|618|1956|1083|1114|713|842|524|4200|2195|2382|1797|1818|1016|6469|1663|5212|1644|1257|615|771|603|191|192|580|517|6029|2414|3774|1958|2255|819|89|145|89|145|0|206|2091|1780|941|836|1150|1128|429|530|429|530|0|206|1548|1618|1548|1618|0|206|0|206|0|206|0|206|126|205|126|205|0|206|346|337|65|82|281|330
5001800US1709|705989|16104|454818|13751|73036|9115|45941|6103|27095|4504|1617|1053|1161|620|456|612|167|167|97|119|70|113|3239|922|2273|769|966|650|1125|561|921|481|204|293|2896|940|2529|779|367|469|865|833|865|833|0|206|4122|1476|2750|1291|1372|623|10591|2323|6681|1896|3910|1269|14643|2570|8429|1935|6214|1493|6276|2248|3951|1415|2325|1136|4500|1451|2442|966|2058|809|793|540|530|431|263|300|1925|1207|1311|1049|614|519|5996|3104|3632|2124|2364|1709|6462|2792|4871|2283|1591|1144|16502|4394|11829|3412|4673|1892|443|493|160|192|283|456|2186|1764|1300|847|886|1207|7023|4453|2751|1442|4272|3749|11962|4282|7400|3195|4562|1976|1160|1022|1103|977|57|97|913|541|743|448|170|174|2914|1881|2144|1265|770|945|9456|2309|5450|1663|4006|1129|385|265|184|157|201|177|5700|1576|2427|851|3273|1260|0|206|0|206|0|206|4790|1977|2802|1334|1988|890|617|563|346|308|271|299|744|523|109|129|635|458|2715|1305|1313|742|1402|919|14742|4306|9419|2413|5323|2549|2343|1590|1385|1348|958|765|7516|3387|3594|2256|3922|1816|2704|1672|2673|1671|31|52|9807|3747|6786|2997|3021|1345|6470|3765|4629|3580|1841|1416|217|184|217|184|0|206|0|206|0|206|0|206|0|206|0|206|0|206|1609|932|991|696|618|637
5001800US1710|706184|7613|472108|10758|142569|6080|81988|5956|60581|5530|3031|2014|3031|2014|0|206|199|238|199|238|0|206|1561|801|1239|759|322|203|1084|1558|1084|1558|0|206|1551|637|1270|538|281|255|342|307|342|307|0|206|980|720|570|378|410|626|11913|3181|7172|2138|4741|1690|9535|3374|5576|1730|3959|2075|1989|931|1679|890|310|231|5837|1829|3577|1104|2260|1178|289|388|256|378|33|55|613|566|475|412|138|228|1530|902|867|587|663|473|5609|2620|4912|2124|697|674|1742|1473|1468|1221|274|285|80|100|80|100|0|206|879|836|879|836|0|206|1200|657|1028|565|172|156|3091|1343|1987|1034|1104|697|1530|1048|1338|955|192|250|2798|1279|2375|1016|423|582|2747|1459|2175|1052|572|513|8033|1841|4869|1306|3164|952|1381|843|1081|702|300|293|6209|1646|2741|929|3468|1285|66|114|0|206|66|114|970|759|569|553|401|376|335|306|212|256|123|157|465|580|101|120|364|529|2029|1392|683|462|1346|1143|7527|1894|6108|1729|1419|540|601|592|202|246|399|483|1033|648|729|587|304|268|670|500|633|492|37|61|128|215|128|215|0|206|348|312|348|312|0|206|294|328|294|328|0|206|0|206|0|206|0|206|61|97|61|97|0|206|1227|824|1043|714|184|186
5001800US1711|719883|10870|543770|11546|99251|7862|64202|6029|35049|4741|1253|657|962|506|291|350|0|206|0|206|0|206|969|462|581|430|388|284|647|481|647|481|0|206|1914|700|1743|674|171|157|280|263|280|263|0|206|543|282|505|258|38|61|2311|1808|1129|613|1182|1615|6924|2335|4284|1567|2640|1145|710|538|550|486|160|187|2960|1962|2024|1457|936|620|50|85|50|85|0|206|154|182|77|114|77|95|3841|1720|2774|1396|1067|686|5938|2225|5102|2162|836|432|8559|3319|6692|2864|1867|1048|423|332|233|220|190|244|787|634|787|634|0|206|543|510|355|269|188|282|5036|2455|2562|1015|2474|1897|4750|1846|4062|1621|688|413|1779|1026|1580|932|199|235|2032|1139|1661|981|371|274|6013|1883|3495|1139|2518|1058|591|492|544|489|47|79|1937|1068|1056|710|881|505|0|206|0|206|0|206|258|273|44|73|214|261|73|126|73|126|0|206|273|216|194|199|79|100|1059|793|427|444|632|622|7009|1958|5404|1542|1605|1027|1387|1407|1278|1338|109|181|3171|1667|2091|942|1080|873|31|2|31|2|0|206|550|635|550|635|0|206|1452|796|1341|778|111|137|150|186|150|186|0|206|0|206|0|206|0|206|16|31|16|31|0|206|489|668|93|104|396|656
5001800US1714|715118|7974|539679|10833|114703|7982|73427|5865|41276|4024|1182|696|1000|678|182|236|0|206|0|206|0|206|1674|723|1542|730|132|108|636|749|549|637|87|145|2010|1049|1961|1043|49|79|158|188|158|188|0|206|1191|862|1025|628|166|273|724|482|555|457|169|151|5299|2074|3829|1566|1470|831|566|636|566|636|0|206|4156|2464|2033|1129|2123|1956|0|206|0|206|0|206|314|511|314|511|0|206|2011|1112|1309|896|702|550|2783|964|2634|923|149|161|3801|1376|2675|1026|1126|656|219|225|181|212|38|67|0|206|0|206|0|206|768|512|422|341|346|323|2718|1917|2061|1555|657|579|4819|1418|4297|1352|522|512|837|483|837|483|0|206|2392|1239|2039|1090|353|322|5992|1864|3016|1160|2976|1258|241|253|241|253|0|206|386|458|204|237|182|279|0|206|0|206|0|206|796|602|316|311|480|447|1136|1081|852|810|284|283|529|409|341|311|188|276|292|352|256|299|36|62|5725|2609|4753|2326|972|652|674|634|619|568|55|95|2886|1339|1603|775|1283|905|278|323|278|323|0|206|226|347|226|347|0|206|2594|1170|2297|1150|297|220|165|164|165|164|0|206|0|206|0|206|0|206|139|226|139|226|0|206|419|379|351|348|68|114
5001800US2402|726392|13450|616302|12692|35587|5575|22535|3507|13052|3389|7479|2723|4513|2079|2966|2008|182|158|151|149|31|54|1455|781|648|359|807|634|804|669|582|491|222|274|1824|948|1568|773|256|429|947|860|947|860|0|225|1789|1147|1673|1123|116|142|5181|1723|2826|1266|2355|864|517|705|189|224|328|531|96|169|96|169|0|225|550|481|411|441|139|170|59|100|59|100|0|225|1402|932|739|540|663|534|1434|1434|780|762|654|785|1475|831|1067|701|408|330|3650|1811|2601|1479|1049|568|921|1028|549|923|372|472|2027|1605|1137|1085|890|720|5441|2336|2089|1257|3352|2422|685|532|603|494|82|103|705|647|509|471|196|279|290|415|290|415|0|225|221|232|221|232|0|225|7024|2246|3997|1849|3027|1431|808|667|772|663|36|69|2869|1218|1042|632|1827|893|0|225|0|225|0|225|2486|1657|1246|1033|1240|1344|0|225|0|225|0|225|129|152|0|225|129|152|887|823|573|476|314|429|4298|1871|2348|1083|1950|1139|667|493|667|493|0|225|4154|2313|2181|1052|1973|1745|948|501|716|382|232|329|561|509|313|273|248|267|7628|2717|6249|2325|1379|871|2393|1287|2317|1283|76|94|0|225|0|225|0|225|117|113|117|113|0|225|400|283|328|266|72|109
5001800US2403|733338|10198|583837|10894|52709|5261|29797|3982|22912|4593|3729|1495|2689|1133|1040|771|91|151|91|151|0|225|1480|842|1237|771|243|303|3260|1728|2738|1522|522|404|1019|644|1019|644|0|225|94|155|94|155|0|225|615|384|310|317|305|224|554|387|456|338|98|164|1048|1227|990|1211|58|97|454|394|422|375|32|53|1022|988|354|365|668|888|301|360|71|118|230|300|2906|1398|2344|1263|562|411|3567|1515|2709|1224|858|733|4214|2010|3944|1961|270|304|9374|3789|6835|2921|2539|1212|2319|1355|1770|1180|549|515|517|505|479|461|38|65|3817|1987|2386|1061|1431|1112|1085|704|985|647|100|171|3774|1061|3261|988|513|485|1011|854|900|834|111|134|976|860|931|853|45|81|11409|2538|7330|2081|4079|1222|1117|707|946|669|171|154|10476|2608|3704|1100|6772|1938|153|257|153|257|0|225|3708|2064|1755|1239|1953|1354|42|72|42|72|0|225|126|160|47|81|79|133|4418|2809|1794|1125|2624|2309|4067|1382|2697|995|1370|1016|129|149|129|149|0|225|5044|2059|3730|1508|1314|912|508|534|508|534|0|225|2028|1396|1614|1305|414|502|4568|1963|3876|1742|692|554|530|455|209|231|321|390|0|225|0|225|0|225|0|225|0|225|0|225|1242|1149|726|541|516|724
5001800US2404|678861|14645|429247|13506|160780|7892|65590|5601|95190|6515|13903|3619|10134|3161|3769|1587|4530|2499|3383|1527|1147|1483|1203|1247|1203|1247|0|225|435|315|146|181|289|251|527|436|474|418|53|90|48|83|48|83|0|225|159|208|159|208|0|225|713|377|354|245|359|264|383|511|383|511|0|225|66|105|66|105|0|225|74|117|74|117|0|225|0|225|0|225|0|225|2827|1666|1222|751|1605|1020|416|227|302|198|114|125|3447|1765|2472|1285|975|639|1287|877|684|400|603|706|642|611|328|286|314|366|2018|1301|1399|1170|619|493|742|536|627|494|115|110|448|331|370|299|78|108|737|566|706|550|31|49|712|500|592|396|120|184|314|236|299|236|15|25|4484|1486|2288|900|2196|1005|545|415|231|278|314|295|2253|1071|778|509|1475|793|0|225|0|225|0|225|2143|1214|891|485|1252|840|199|193|85|122|114|137|54|90|54|90|0|225|742|389|501|308|241|245|4274|1200|2943|991|1331|580|345|459|7|12|338|459|2359|1927|1606|1478|753|694|5|2|5|2|0|225|7435|2422|3707|1737|3728|1465|21274|6529|16773|5683|4501|1915|2012|949|1422|815|590|446|0|225|0|225|0|225|0|225|0|225|0|225|5079|2691|3557|1657|1522|1591
5001800US2406|753377|10627|562681|8926|94704|8349|53099|5380|41605|5743|8022|2930|5174|2259|2848|1426|1619|1323|711|664|908|943|595|404|422|254|173|226|2314|1095|1446|835|868|539|1823|598|1691|560|132|152|555|699|509|693|46|74|422|226|355|224|67|109|2745|1075|1423|677|1322|771|312|285|179|159|133|148|151|249|151|249|0|225|1071|825|658|534|413|380|216|247|216|247|0|225|2052|963|928|448|1124|697|4159|2399|2650|1510|1509|1237|5608|2028|5074|1926|534|394|3613|1863|2712|1611|901|830|918|798|409|420|509|540|2288|1388|1725|1124|563|419|2018|1146|1541|864|477|588|1640|1118|1402|942|238|295|3129|1707|2860|1656|269|249|1455|966|1076|832|379|494|272|365|216|275|56|100|10426|2429|5467|1403|4959|1406|478|412|418|404|60|98|5757|1807|2235|866|3522|1366|0|225|0|225|0|225|3477|1395|1732|1048|1745|669|907|1460|722|1166|185|297|759|494|525|422|234|222|1827|1338|1360|991|467|445|5545|1835|3507|1335|2038|1034|2306|882|1650|722|656|502|3463|1835|3137|1759|326|358|753|420|753|420|0|225|2935|2117|1656|1426|1279|1292|7622|2543|5927|2003|1695|1077|1817|1101|1762|1105|55|63|0|225|0|225|0|225|69|117|0|225|69|117|854|649|550|352|304|401
5001800US2408|730071|10858|428920|11535|120454|8889|64808|6815|55646|6490|20057|4425|16085|3733|3972|1830|3330|2789|2081|1737|1249|1181|1892|858|1376|723|516|336|6006|3242|3773|1803|2233|1935|3203|1209|3125|1201|78|132|883|445|883|445|0|225|1527|1094|1325|909|202|276|6989|2232|4821|1647|2168|970|622|468|542|433|80|134|253|355|253|355|0|225|4144|2929|2226|1673|1918|1910|671|602|535|459|136|174|6023|1666|3517|1065|2506|1090|929|513|755|462|174|290|5150|1733|4542|1614|608|506|1561|989|1365|823|196|210|1961|1900|1725|1569|236|385|4590|2141|3677|1801|913|726|3872|1807|3125|1552|747|454|2755|1126|2218|890|537|379|1021|605|753|461|268|286|642|434|592|409|50|81|3532|1716|2759|1396|773|558|25672|3753|15533|2629|10139|2203|4845|2473|3492|2272|1353|700|9252|3041|5400|1923|3852|1455|0|225|0|225|0|225|5544|2235|2150|1047|3394|1515|1426|1053|504|453|922|700|854|535|539|437|315|262|3408|1795|2407|1374|1001|786|7396|2223|4779|1610|2617|1883|1938|1169|1506|1070|432|354|4673|1968|2997|1088|1676|1350|2578|1040|2432|944|146|193|21164|4677|14473|3729|6691|2249|4068|1865|2959|1667|1109|837|4531|2475|3502|1910|1029|1034|0|225|0|225|0|225|59|94|59|94|0|225|1676|849|1464|813|212|313
5001800US2502|761973|12412|582112|13346|63280|6160|39379|4210|23901|4149|3847|1442|3308|1402|539|382|459|427|131|127|328|374|1219|596|905|523|314|248|27278|7083|11211|3381|16067|4759|1049|602|988|592|61|82|233|267|233|267|0|225|2475|1115|1693|857|782|500|3116|1775|2046|1312|1070|798|2035|1516|1349|1195|686|431|237|207|132|153|105|142|619|602|546|502|73|122|437|313|284|214|153|188|3742|2333|2187|1250|1555|1192|1184|799|455|384|729|594|8824|2466|7317|2189|1507|1118|1702|1297|1580|1265|122|211|244|217|244|217|0|225|1405|987|1175|884|230|243|2416|961|1917|919|499|379|4929|1890|3622|1590|1307|586|4544|1959|3760|1894|784|616|1906|853|1756|764|150|155|1337|740|1144|651|193|166|9025|1524|5140|1109|3885|919|677|429|563|350|114|133|1595|1135|999|657|596|579|0|225|0|225|0|225|7181|2308|2865|1081|4316|1756|130|167|62|70|68|110|721|811|51|89|670|804|124|83|78|76|46|46|580|373|580|373|0|225|153|161|48|53|105|149|6895|2543|3653|1471|3242|1563|523|394|445|294|78|130|475|348|475|348|0|225|8987|2696|6979|2317|2008|1134|3870|1561|2389|1070|1481|800|0|225|0|225|0|225|0|225|0|225|0|225|408|345|308|294|100|161
5001800US2503|727548|11376|494770|13155|126322|7686|64628|5493|61694|5841|3959|1023|3135|950|824|448|3824|1646|2246|1399|1578|829|1469|763|1236|728|233|242|25496|4970|13211|3569|12285|2845|783|461|783|461|0|225|229|278|229|278|0|225|3118|1642|2100|1060|1018|1144|2829|1624|2592|1584|237|256|674|490|614|482|60|72|0|225|0|225|0|225|552|420|517|423|35|59|559|445|104|171|455|372|730|559|582|442|148|196|2740|1664|2013|1253|727|680|3208|1244|2883|1186|325|309|468|560|110|187|358|472|772|1240|305|501|467|742|969|902|892|873|77|95|704|542|510|488|194|234|475|322|369|256|106|128|3127|1907|2464|1433|663|863|2311|1159|2240|1149|71|118|1253|876|985|716|268|258|10392|2471|5343|1453|5049|1482|631|411|403|260|228|278|1290|774|632|422|658|400|218|371|123|210|95|162|2391|1177|997|579|1394|750|14528|4427|6498|2709|8030|2336|1771|1146|852|658|919|719|2118|1308|2070|1293|48|80|393|399|389|399|4|1|62|105|62|105|0|225|4249|1975|3191|1679|1058|611|812|477|812|477|0|225|377|462|286|318|91|149|2262|1438|2177|1426|85|111|4674|2220|3179|1750|1495|1354|0|225|0|225|0|225|0|225|0|225|0|225|39|2|0|225|39|2
5001800US2504|745577|9030|583435|11252|37200|4947|24170|3743|13030|2896|6316|1553|5339|1437|977|482|6766|3060|4748|2363|2018|1714|3100|1597|2454|1257|646|605|40573|5093|24959|3485|15614|3155|1996|994|1709|866|287|261|62|108|62|108|0|225|1897|804|1651|722|246|218|6349|1870|4239|1470|2110|1023|831|634|766|596|65|96|279|327|279|327|0|225|1142|961|652|653|490|404|138|222|138|222|0|225|475|393|427|348|48|79|740|615|722|617|18|37|3606|1730|3416|1661|190|196|1899|1442|1504|1105|395|394|36|63|36|63|0|225|682|449|682|449|0|225|572|631|572|631|0|225|2903|1480|1838|1027|1065|1037|2905|1879|2736|1865|169|161|1828|1090|1598|1095|230|233|599|461|474|408|125|159|16408|3178|10218|2240|6190|1761|1053|543|851|498|202|267|1747|801|1350|720|397|271|0|225|0|225|0|225|783|580|319|259|464|454|3099|1337|1144|640|1955|1204|396|326|73|97|323|296|2148|1130|2148|1130|0|225|1104|719|913|632|191|220|47|78|47|78|0|225|3505|1741|2031|1233|1474|967|5790|3257|4969|2710|821|618|44|85|44|85|0|225|887|670|769|546|118|160|1406|1395|1280|1390|126|220|0|225|0|225|0|225|162|272|162|272|0|225|669|426|669|426|0|225
5001800US2505|737531|10543|497650|11762|62858|7346|36693|4404|26165|5115|5118|1460|4198|1156|920|1016|6115|2380|3343|1611|2772|1482|6178|2020|4100|1662|2078|1059|35714|6956|17233|3794|18481|4351|2340|982|2154|870|186|244|833|601|641|539|192|223|3157|1281|2271|1005|886|815|7449|2174|4475|1502|2974|1126|1542|904|1438|897|104|102|578|502|342|453|236|266|2798|1465|1878|1026|920|719|2650|1126|2119|957|531|436|1878|943|1335|765|543|393|1752|1022|1346|801|406|344|7828|3301|6641|2814|1187|911|1932|1166|1533|846|399|405|1046|1338|1046|1338|0|225|1697|1081|1391|733|306|448|2926|1918|2295|1653|631|520|3382|2067|2369|1260|1013|1122|1888|1203|1835|1192|53|89|2692|1484|2036|1307|656|470|1007|629|953|593|54|89|34826|3914|20949|2608|13877|2574|2378|1041|1762|882|616|408|5720|2040|2956|1102|2764|1351|0|225|0|225|0|225|4819|2027|2759|1603|2060|1092|451|499|303|370|148|176|710|445|359|310|351|321|2368|1317|1833|1095|535|562|1697|1308|1505|1184|192|225|563|440|339|276|224|261|8754|2919|5688|2106|3066|1282|1401|787|1300|769|101|167|2076|1337|1139|726|937|1008|1057|864|1057|864|0|225|6532|3140|5381|2772|1151|962|0|225|0|225|0|225|122|160|122|160|0|225|1049|514|1013|490|36|61
5001800US2506|745256|7944|599956|10343|62838|5872|37404|3990|25434|4102|3218|1441|2352|972|866|587|7878|3465|5405|2449|2473|1443|4129|1073|3289|952|840|399|16178|3716|9729|2783|6449|2175|1632|923|1632|923|0|225|0|225|0|225|0|225|2869|1187|2302|1056|567|490|3131|1073|1603|680|1528|590|789|559|686|536|103|170|1534|889|1242|830|292|304|1660|914|1245|777|415|383|967|696|723|551|244|302|635|469|520|440|115|130|1754|916|1240|656|514|503|2922|1277|2429|1072|493|397|123|208|83|139|40|71|469|643|301|502|168|184|395|625|159|257|236|377|368|356|317|338|51|84|5374|2298|2775|1521|2599|1474|526|396|526|396|0|225|1603|1217|1229|874|374|454|987|866|750|699|237|298|6480|1884|3691|1233|2789|1190|1041|720|756|618|285|341|243|298|51|87|192|229|0|225|0|225|0|225|1406|828|356|292|1050|808|2463|1523|881|703|1582|1172|2571|2616|1306|1829|1265|1081|463|520|402|440|61|98|812|621|735|608|77|124|312|245|201|199|111|138|2960|1445|2105|1142|855|717|289|292|289|292|0|225|734|793|734|793|0|225|940|624|940|624|0|225|2269|1403|1666|1265|603|626|0|225|0|225|0|225|0|225|0|225|0|225|338|333|232|245|106|114
5001800US2507|707212|10899|422687|10798|131745|7535|66101|5547|65644|4920|4675|1255|3538|938|1137|650|25215|4996|14836|3744|10379|2472|3780|1651|2773|1480|1007|585|23344|5107|8812|2426|14532|3878|2560|1215|2410|1199|150|164|1028|811|902|790|126|207|577|427|374|243|203|342|4576|1409|2311|818|2265|1069|455|321|455|321|0|225|357|332|262|271|95|162|1352|742|733|553|619|452|289|242|289|242|0|225|1304|528|1000|473|304|263|1282|924|1041|870|241|267|4889|1651|4463|1644|426|322|1046|580|877|498|169|183|917|681|616|417|301|338|1257|759|810|593|447|355|2866|1094|1786|720|1080|687|2346|953|1815|753|531|565|975|697|975|697|0|225|704|386|704|386|0|225|1011|663|1011|663|0|225|27491|3451|15294|2419|12197|2306|1397|656|969|569|428|315|4650|1365|3663|1261|987|562|0|225|0|225|0|225|6616|2178|2018|827|4598|1751|813|695|359|401|454|498|1080|868|322|344|758|791|3009|1738|2300|1547|709|658|1488|1285|1135|1233|353|385|632|634|121|127|511|627|5387|2079|3762|1546|1625|1129|104|141|104|141|0|225|8066|3697|5865|3044|2201|1103|3074|1313|1770|838|1304|1044|693|465|549|435|144|166|0|225|0|225|0|225|0|225|0|225|0|225|1475|906|1254|739|221|323
5001800US2508|751646|11658|553120|11989|40286|4426|26927|3277|13359|2616|6654|1713|4819|1217|1835|936|27795|5069|17022|3664|10773|2302|2215|908|1369|645|846|497|27941|5266|15786|3631|12155|2758|1779|984|1440|794|339|459|44|77|44|77|0|225|3333|1678|2848|1561|485|544|1928|898|1616|835|312|279|1992|1054|1640|835|352|354|263|235|263|235|0|225|1506|1293|1064|924|442|460|249|296|249|296|0|225|842|630|807|634|35|58|290|373|290|373|0|225|2406|1195|2372|1200|34|60|659|596|659|596|0|225|859|685|744|593|115|203|920|791|388|365|532|566|1067|799|794|615|273|276|4684|1711|3024|1190|1660|915|1515|1292|521|370|994|1179|1514|1517|900|935|614|683|689|790|145|175|544|760|32416|4263|13941|2661|18475|3038|683|513|241|189|442|422|1645|1132|817|670|828|645|0|225|0|225|0|225|14723|4826|6845|2861|7878|2730|455|478|353|321|102|177|501|431|269|257|232|221|1270|860|919|631|351|347|2533|1271|1687|978|846|640|1612|1668|753|597|859|1230|5866|2727|4975|2478|891|611|377|292|377|292|0|225|216|345|216|345|0|225|2244|1386|2050|1360|194|176|2126|1664|1831|1635|295|198|0|225|0|225|0|225|84|144|84|144|0|225|345|316|200|251|145|172
5001800US2606|728598|7055|608365|9253|21184|3043|15161|2465|6023|1872|1541|701|1213|568|328|288|52|89|52|89|0|184|707|419|603|373|104|180|1123|666|1025|644|98|123|4112|1322|3692|1167|420|388|93|147|37|78|56|91|1153|629|946|584|207|243|2044|939|1378|784|666|454|1312|830|1008|741|304|236|460|365|383|294|77|128|884|529|731|464|153|149|104|121|46|76|58|96|2257|2099|1142|724|1115|1503|4255|2467|2583|1643|1672|1017|3525|1297|3304|1296|221|204|5283|2985|3677|2147|1606|1572|3703|1850|2932|1639|771|474|2640|1291|2190|1083|450|381|2420|1312|1703|876|717|588|6239|1920|3603|1147|2636|1132|7108|2488|4952|1541|2156|1453|1779|799|1449|615|330|287|1745|1338|1045|580|700|894|13678|2532|7003|1696|6675|1690|5796|1878|1480|658|4316|1750|5732|2056|2843|1292|2889|1170|32|54|0|184|32|54|1691|1161|1090|634|601|904|172|219|172|219|0|184|285|245|226|233|59|89|48|79|0|184|48|79|3679|2045|1861|900|1818|1796|33|57|33|57|0|184|10681|2926|8418|2673|2263|631|161|147|40|66|121|131|1372|1223|352|560|1020|1046|567|470|379|332|188|217|143|132|143|132|0|184|0|184|0|184|0|184|0|184|0|184|0|184|440|297|363|274|77|126
5001800US2610|729758|6900|603045|9833|14223|3134|10173|2472|4050|1301|1254|543|724|433|530|392|209|265|209|265|0|184|3686|1280|1758|685|1928|869|1798|975|1251|898|547|330|1940|655|1795|624|145|139|211|193|142|170|69|98|391|259|350|249|41|68|607|539|246|175|361|517|4724|1611|3395|1385|1329|673|3209|1867|2672|1875|537|319|5254|1624|2327|867|2927|1058|152|246|152|246|0|184|347|424|143|143|204|305|949|731|452|409|497|569|2201|926|1928|840|273|296|2980|1548|2575|1397|405|446|977|679|784|601|193|312|17855|4181|9760|3436|8095|2244|713|530|713|530|0|184|8457|2278|4964|1494|3493|1277|644|550|561|460|83|131|1095|773|830|649|265|361|1120|896|583|482|537|474|3173|1407|2013|920|1160|719|186|190|0|184|186|190|1227|719|722|530|505|401|2313|1540|1637|1318|676|516|3478|1567|1879|1186|1599|684|0|184|0|184|0|184|179|178|144|141|35|61|80|93|46|76|34|56|3332|1290|2597|1151|735|545|498|448|169|192|329|366|20071|3806|9194|2101|10877|2708|35|57|35|57|0|184|15771|4112|8741|2964|7030|2313|696|532|597|461|99|148|152|239|3|2|149|239|0|184|0|184|0|184|0|184|0|184|0|184|526|610|526|610|0|184
5001800US2611|728725|6288|599370|11204|24572|3349|16609|2688|7963|1780|2436|953|1906|758|530|461|0|184|0|184|0|184|1288|696|1098|667|190|192|787|423|540|307|247|203|3557|2192|3450|2154|107|129|592|407|421|367|171|276|385|288|276|247|109|141|3733|1401|1839|875|1894|947|1585|930|1290|878|295|206|721|481|398|266|323|306|4146|3112|1302|911|2844|2344|1008|661|603|403|405|313|579|427|325|248|254|301|2059|862|1566|710|493|343|4248|1630|4054|1613|194|161|2462|1272|2045|1065|417|446|514|396|514|396|0|184|555|657|555|657|0|184|2470|1320|2049|1228|421|533|7236|2385|4311|1749|2925|1166|5145|2274|3398|1989|1747|1056|5822|2174|4512|1620|1310|907|4800|2070|4138|1743|662|709|10757|2359|5149|1497|5608|1565|2200|909|1022|578|1178|740|3115|1324|2034|1137|1081|566|994|888|942|848|52|88|749|691|537|532|212|233|0|184|0|184|0|184|468|554|122|204|346|383|53|91|53|91|0|184|1678|828|1044|685|634|373|384|529|261|334|123|200|18864|3991|12500|3072|6364|2127|774|467|654|421|120|154|6199|1921|3631|1282|2568|1303|1848|1125|1693|1078|155|180|74|88|74|88|0|184|0|184|0|184|0|184|0|184|0|184|0|184|498|296|498|296|0|184
5001800US2702|690073|3524|599309|6516|35880|3563|23350|3094|12530|2381|1602|780|1165|659|437|432|2215|2984|1350|1747|865|1254|50|77|50|77|0|157|105|114|105|114|0|157|2517|1089|2107|1048|410|281|298|228|298|228|0|157|43|73|43|73|0|157|1096|542|598|371|498|344|76|96|76|96|0|157|338|390|338|390|0|157|1359|756|674|403|685|476|0|157|0|157|0|157|266|276|116|140|150|179|242|406|242|406|0|157|819|628|468|418|351|303|57|108|57|108|0|157|0|157|0|157|0|157|523|514|452|440|71|120|1398|1041|1281|1032|117|189|94|121|94|121|0|157|2957|1771|2957|1771|0|157|971|865|886|845|85|153|865|824|865|824|0|157|4595|1488|2654|1066|1941|836|435|324|362|264|73|132|889|495|654|404|235|294|4242|1513|2409|1153|1833|824|4395|1521|2528|1247|1867|736|1668|946|891|726|777|478|937|576|398|368|539|453|118|199|72|126|46|76|2860|1262|2357|1164|503|340|91|153|41|74|50|83|1141|679|793|651|348|288|128|134|128|134|0|157|7741|2613|5266|1914|2475|1146|3204|1661|1930|1062|1274|921|2610|1266|1617|894|993|977|0|157|0|157|0|157|549|500|549|500|0|157|1390|850|1010|653|380|475
5001800US2703|658321|7254|551125|9577|25948|4675|16955|3426|8993|2507|2415|938|1854|754|561|463|0|157|0|157|0|157|31|45|31|45|0|157|430|432|274|218|156|257|1592|749|1386|696|206|297|671|622|618|590|53|87|74|92|74|92|0|157|3146|1169|1849|1012|1297|602|373|311|373|311|0|157|848|779|582|629|266|244|1893|1061|780|440|1113|876|78|139|78|139|0|157|402|332|320|306|82|134|3013|1578|2300|1482|713|414|2097|1013|2066|1002|31|48|497|462|372|363|125|177|742|1066|513|710|229|370|359|444|359|444|0|157|3282|1937|2686|1514|596|585|1670|1602|521|409|1149|1607|2340|1356|1620|1165|720|501|2735|1542|1877|976|858|975|3610|2615|3264|2555|346|384|4687|2259|2780|1412|1907|1071|1871|1719|1041|1052|830|923|1189|679|486|468|703|414|7593|2582|4864|1613|2729|1541|3940|1396|2250|985|1690|863|418|508|224|271|194|242|1386|1050|1069|864|317|329|1381|896|687|456|694|616|2608|1168|1474|756|1134|800|410|353|267|248|143|154|1451|804|936|519|515|388|35|61|35|61|0|157|10942|4355|6651|3297|4291|1861|7557|3844|6470|3721|1087|733|2868|1445|1851|1244|1017|780|0|157|0|157|0|157|69|111|69|111|0|157|545|501|273|288|272|417
5001800US3203|754885|17609|515032|16464|100173|9368|63908|6420|36265|5032|3056|1649|2576|1446|480|614|276|373|276|373|0|232|1796|1451|526|516|1270|1362|1729|1011|980|469|749|821|2122|915|1869|864|253|220|854|885|854|885|0|232|658|429|514|376|144|182|2527|1728|1242|659|1285|1288|1305|757|1033|709|272|325|2330|1498|1493|1358|837|500|2439|998|1474|628|965|538|1175|760|618|410|557|503|2048|1211|971|683|1077|698|779|1225|290|461|489|766|645|685|645|685|0|232|2568|2448|1690|1617|878|945|598|816|538|801|60|101|58|103|58|103|0|232|330|409|45|75|285|386|2479|1640|1439|958|1040|1021|457|507|457|507|0|232|40|65|40|65|0|232|55|90|55|90|0|232|23104|3852|9969|2201|13135|2471|2245|1080|941|507|1304|931|11001|3047|5310|1925|5691|2318|0|232|0|232|0|232|7068|3647|1799|828|5269|3092|822|987|473|484|349|531|2905|1102|1206|632|1699|765|1165|848|711|546|454|474|36522|5760|24242|4288|12280|2655|4537|1494|2762|1031|1775|803|2444|1422|1351|866|1093|712|2079|1067|1619|949|460|474|12016|4181|8658|3267|3358|1608|849|730|768|651|81|133|1278|1484|190|237|1088|1462|0|232|0|232|0|232|215|275|215|275|0|232|1106|740|963|669|143|242
5001800US3403|740722|7322|593970|10638|56996|5811|34378|4595|22618|3731|4224|2340|2042|1223|2182|1635|2741|1081|1823|776|918|563|4443|1357|2625|946|1818|901|3934|1515|2547|1223|1387|703|1095|585|876|543|219|192|486|379|486|379|0|225|976|759|680|605|296|475|5133|1693|3068|1166|2065|1157|4267|1628|2292|1099|1975|1003|281|201|251|189|30|38|1699|932|1065|589|634|430|59|97|59|97|0|225|59|99|59|99|0|225|7168|2380|3571|1285|3597|1511|5169|1535|4321|1351|848|627|2945|1469|2622|1402|323|276|1573|1092|755|644|818|823|2173|1881|1476|1061|697|1008|1016|722|992|710|24|41|2231|1402|2029|1301|202|191|3989|1620|3582|1493|407|367|1839|1229|1600|1010|239|270|1985|1427|1797|1300|188|299|11577|2912|7454|2575|4123|1246|293|266|88|60|205|258|2031|1229|987|762|1044|763|0|225|0|225|0|225|783|622|487|382|296|280|308|520|237|400|71|120|67|117|0|225|67|117|1513|648|705|389|808|579|4166|1418|3860|1360|306|233|183|246|7|2|176|246|3917|1990|2687|1352|1230|1003|1156|934|856|691|300|376|332|573|332|573|0|225|2610|1408|2389|1342|221|201|173|194|173|194|0|225|0|225|0|225|0|225|0|225|0|225|0|225|1162|829|1113|826|49|83
5001800US3405|730455|9017|474534|11241|100732|7884|62798|5588|37934|4974|3080|1771|2741|1668|339|522|884|882|715|658|169|267|5419|1795|3705|1241|1714|916|2556|1385|1773|1007|783|539|1726|879|1639|843|87|152|543|363|501|357|42|57|3422|1543|2826|1298|596|484|12371|2774|8168|2047|4203|1613|4603|2003|3540|1509|1063|647|1725|875|1048|621|677|408|2719|1756|1770|1331|949|873|2343|1045|1843|926|500|366|1021|788|445|458|576|634|3209|1747|2668|1498|541|414|4136|1735|2995|1411|1141|671|3584|1859|3146|1769|438|305|1392|1384|1024|1030|368|389|572|557|427|426|145|232|1818|1079|1712|1034|106|134|4309|1728|3508|1427|801|508|506|414|420|332|86|123|1334|1027|1127|984|207|204|2904|1548|2259|1293|645|545|14967|2807|7796|1706|7171|1658|4832|1773|2109|1158|2723|1161|38831|4930|17870|3320|20961|2969|0|225|0|225|0|225|1287|1177|346|395|941|1263|0|225|0|225|0|225|0|225|0|225|0|225|1993|1072|1087|671|906|610|12681|2941|9130|2356|3551|1343|852|691|453|355|399|524|2933|960|2767|909|166|120|6659|2155|5853|2026|806|608|488|479|322|372|166|285|1676|1157|980|772|696|958|24|6|0|225|24|6|0|225|0|225|0|225|0|225|0|225|0|225|1790|993|1557|934|233|242
5001800US3406|726957|8489|427311|11432|135620|6694|60368|4481|75252|6487|1487|794|1118|698|369|282|6109|2953|2779|1585|3330|1892|2900|1194|2185|1122|715|393|8638|2492|4240|1366|4398|1888|2019|760|1541|590|478|311|778|585|778|585|0|225|1650|937|1428|832|222|271|3611|1489|2184|1161|1427|932|4626|2127|2110|865|2516|1902|312|346|181|266|131|233|2808|1660|1049|640|1759|1105|0|225|0|225|0|225|907|909|907|909|0|225|23595|3726|15601|3013|7994|1848|20179|4015|17291|3742|2888|1159|9200|3317|6195|2467|3005|1827|4273|2235|2343|1271|1930|1312|1695|949|1080|645|615|524|6255|2122|5130|1783|1125|697|1367|672|943|475|424|278|11962|2981|9300|2787|2662|1876|7730|2724|5735|1904|1995|1148|2749|1052|2441|1058|308|277|13151|2548|5814|1419|7337|1790|589|410|374|266|215|244|3526|1390|1336|634|2190|991|0|225|0|225|0|225|2293|1778|736|507|1557|1337|0|225|0|225|0|225|75|126|75|126|0|225|463|343|177|179|286|296|6661|2058|3740|1082|2921|1545|1198|1045|454|464|744|857|3426|1482|1950|879|1476|845|693|583|693|583|0|225|112|154|112|154|0|225|4365|1908|3711|1585|654|643|788|734|629|678|159|206|0|225|0|225|0|225|255|351|209|342|46|79|1581|968|1439|930|142|148
5001800US3407|742795|10516|571775|11174|74975|6999|44486|5381|30489|3806|3299|1485|2982|1430|317|245|1471|1166|1291|1064|180|202|3100|951|1867|688|1233|603|9275|1886|6719|1406|2556|997|2126|825|2003|802|123|146|892|653|864|645|28|51|968|519|889|484|79|107|3911|1452|2225|1080|1686|773|7572|3434|5365|2645|2207|1188|776|660|560|459|216|268|3283|1600|2229|1216|1054|727|0|225|0|225|0|225|1288|1026|773|659|515|657|3728|1366|3145|1198|583|383|4595|1443|4050|1238|545|407|3031|1831|2891|1780|140|176|1347|967|701|558|646|693|1140|762|947|704|193|206|4443|1601|4321|1563|122|176|1321|652|1227|602|94|111|3157|1520|2555|1331|602|549|2684|1350|2557|1305|127|159|1363|738|1194|686|169|253|11187|2312|7685|1927|3502|925|639|498|316|360|323|347|3262|1502|1399|860|1863|1014|0|225|0|225|0|225|597|467|300|386|297|256|0|225|0|225|0|225|682|760|133|113|549|743|1413|1221|776|885|637|623|5595|1469|4388|1169|1207|600|473|285|135|162|338|242|2714|1422|1978|1208|736|423|1414|1039|1244|900|170|282|454|613|216|263|238|377|1403|1019|1302|975|101|131|272|378|264|378|8|2|0|225|0|225|0|225|160|248|97|149|63|102|1010|896|868|852|142|169
5001800US3408|702917|12064|262606|10340|305833|9239|142037|7939|163796|7736|4777|1627|4119|1491|658|472|4203|2020|1546|1213|2657|1428|2990|1185|1907|836|1083|626|27324|4736|10722|2533|16602|3640|1034|528|960|517|74|93|470|425|357|379|113|142|330|258|186|183|144|175|2709|1241|1883|942|826|532|2746|1251|2249|1096|497|286|837|1031|583|634|254|424|885|631|757|515|128|209|389|443|389|443|0|225|242|352|242|352|0|225|7199|2550|4779|2063|2420|1157|9909|2740|9091|2592|818|575|1549|855|1308|716|241|258|2009|1475|1063|640|946|1024|1785|867|1478|838|307|292|1500|846|1274|815|226|222|1561|953|1142|819|419|481|3631|1852|3225|1641|406|560|1123|727|943|666|180|302|2665|1722|2548|1651|117|196|16739|3065|13191|2772|3548|1159|1247|767|783|632|464|366|4075|1710|2465|970|1610|1073|0|225|0|225|0|225|1769|1556|884|744|885|917|0|225|0|225|0|225|0|225|0|225|0|225|1242|780|687|376|555|656|6176|1442|4704|1358|1472|776|343|368|225|223|118|203|16065|4501|9450|2793|6615|2513|1371|1029|952|710|419|418|107|177|107|177|0|225|1858|1291|1858|1291|0|225|180|174|180|174|0|225|0|225|0|225|0|225|60|102|60|102|0|225|1379|916|1000|685|379|388
5001800US3409|722928|11380|316702|12250|262434|8572|139559|6883|122875|6049|833|712|448|492|385|441|186|229|0|225|186|229|6484|1681|3202|894|3282|1304|10578|3521|6560|2282|4018|1582|633|444|404|307|229|302|130|158|130|158|0|225|1784|832|1171|558|613|536|4384|1741|2530|1147|1854|857|13539|3150|7641|2183|5898|1496|6872|2717|4461|2254|2411|1634|3735|1481|1492|780|2243|1061|206|247|206|247|0|225|814|602|235|201|579|517|9160|2720|4957|1498|4203|1632|3141|1166|2135|886|1006|590|1659|1098|1170|755|489|438|729|653|620|537|109|128|7045|2240|3430|1233|3615|1378|638|505|512|423|126|210|7416|2917|4124|1737|3292|1890|816|724|816|724|0|225|213|239|213|239|0|225|1680|1390|1571|1374|109|134|9341|2827|4795|1386|4546|2169|1495|967|1102|704|393|369|9578|2562|3855|1274|5723|1811|0|225|0|225|0|225|1095|1036|1003|961|92|150|0|225|0|225|0|225|130|226|130|226|0|225|6113|2191|3546|1511|2567|1028|6917|1864|5045|1619|1872|700|1807|1691|1435|1654|372|352|18888|5475|12399|4849|6489|1941|403|384|284|341|119|181|305|520|110|186|195|334|2125|1575|2125|1575|0|225|374|386|299|374|75|121|0|225|0|225|0|225|0|225|0|225|0|225|2546|1484|2165|1282|381|366
5001800US3410|721926|13186|449299|15831|123624|10021|63535|5936|60089|7131|4697|2065|3426|1755|1271|1088|39180|7238|22085|5017|17095|4438|2065|1393|1448|1037|617|574|18437|4090|9006|2730|9431|3083|883|761|774|729|109|178|933|739|640|593|293|328|227|368|220|368|7|1|1349|807|972|701|377|298|2792|1859|1814|1367|978|800|430|556|286|481|144|242|1312|1209|424|384|888|1098|0|225|0|225|0|225|76|135|0|225|76|135|2296|1414|1689|1128|607|627|5276|1784|4333|1591|943|515|1836|1049|1396|747|440|486|576|624|473|471|103|175|739|587|320|383|419|387|568|527|449|376|119|205|513|482|423|379|90|140|1251|1070|507|501|744|915|184|253|184|253|0|225|448|715|0|225|448|715|3825|1454|1835|637|1990|1121|212|224|172|210|40|67|1502|1119|1082|1039|420|358|0|225|0|225|0|225|612|564|310|405|302|318|0|225|0|225|0|225|214|222|46|78|168|212|42|70|42|70|0|225|15821|3283|11799|2803|4022|1274|528|458|460|411|68|116|7193|2709|5031|2066|2162|1405|817|683|760|677|57|84|1957|1798|1689|1747|268|345|25379|6494|23037|6202|2342|1038|1702|1412|1312|958|390|570|0|225|0|225|0|225|0|225|0|225|0|225|3131|1625|2658|1452|473|443
5001800US3411|735352|9109|520860|9478|85067|7086|50450|5562|34617|4776|3159|1350|2028|890|1131|725|2765|1655|1855|1415|910|743|6807|1876|5449|1432|1358|753|5224|1954|3617|1332|1607|1012|1437|527|1278|455|159|190|513|359|365|253|148|248|1800|1181|1616|1153|184|193|3766|1299|2811|1204|955|551|5962|2234|4418|1964|1544|730|2223|2169|1818|1919|405|511|3940|2034|1829|970|2111|1340|278|247|235|235|43|71|1885|1229|1090|761|795|736|9572|2780|6414|2123|3158|1190|11089|2602|9326|2237|1763|1112|3560|1707|2908|1441|652|506|219|357|163|269|56|90|2497|1541|1174|1017|1323|1076|4032|1768|3507|1676|525|396|2587|980|1710|739|877|594|3480|1421|2668|1094|812|637|1388|838|1256|689|132|218|2475|1229|1631|1051|844|563|18579|2716|11967|2143|6612|1405|2038|1162|1658|1100|380|269|3663|1387|1225|613|2438|1165|0|225|0|225|0|225|989|772|691|551|298|334|0|225|0|225|0|225|541|703|434|660|107|177|3173|1589|2498|1403|675|467|4979|1726|4038|1353|941|666|1247|1117|510|443|737|843|8804|3869|7348|3689|1456|688|1353|889|1280|891|73|95|0|225|0|225|0|225|143|188|143|188|0|225|327|383|94|113|233|367|0|225|0|225|0|225|45|72|45|72|0|225|2886|1698|2521|1593|365|295
5001800US3412|729376|8086|412728|12066|145278|8311|62600|6662|82678|5951|4782|2533|3417|1608|1365|1013|2181|1378|2150|1386|31|53|3071|1096|1785|839|1286|797|5007|2067|3722|1610|1285|839|1449|768|1163|570|286|364|427|237|401|220|26|44|1332|807|908|604|424|439|4949|1505|2667|857|2282|886|5782|2221|3722|1698|2060|911|47|96|47|96|0|225|3537|1647|2499|1250|1038|897|284|383|181|215|103|176|586|511|550|485|36|61|16985|4131|11591|2976|5394|1619|16443|3128|15349|2934|1094|606|7757|2685|6622|2279|1135|978|1279|667|1011|545|268|232|2097|780|2047|776|50|62|6683|2201|6136|2136|547|372|2763|2302|2283|2130|480|422|9982|2487|8157|2199|1825|885|11770|3089|10460|2802|1310|803|6604|2254|5604|1992|1000|708|21512|3181|12448|2480|9064|1700|1389|767|777|497|612|545|4190|1487|1954|833|2236|991|0|225|0|225|0|225|2606|1558|638|536|1968|1364|0|225|0|225|0|225|159|232|92|129|67|108|2526|1586|1714|1190|812|660|4770|1509|3839|1369|931|608|684|665|496|438|188|246|8270|2351|5776|1898|2494|1354|709|424|670|408|39|66|0|225|0|225|0|225|5603|2351|4984|2360|619|458|674|457|611|401|63|86|0|225|0|225|0|225|0|225|0|225|0|225|2481|1104|1604|767|877|653
5001800US3601|737368|10258|584518|12489|80029|8887|47122|5923|32907|5368|4234|2252|3743|1952|491|398|2691|2723|2435|2513|256|368|5891|1483|4224|1144|1667|685|3439|1398|2917|1233|522|398|2836|1233|2620|1179|216|173|820|490|820|490|0|218|3023|1246|2365|955|658|531|3930|1721|2722|1223|1208|703|3650|1444|2999|1228|651|375|195|168|146|147|49|82|793|524|674|487|119|145|451|335|267|237|184|255|903|776|529|420|374|510|1400|997|1330|976|70|95|2160|963|1682|754|478|416|4583|1857|2870|1363|1713|807|563|483|329|316|234|380|1428|809|750|445|678|479|867|799|478|467|389|445|2576|1449|2330|1429|246|297|462|328|372|297|90|112|885|453|695|399|190|232|901|515|739|429|162|164|11509|2198|5795|1200|5714|1615|868|561|678|515|190|163|3571|1499|1379|735|2192|1020|0|218|0|218|0|218|324|288|146|159|178|240|0|218|0|218|0|218|129|144|101|136|28|48|1779|949|687|528|1092|648|1893|1249|1437|1049|456|269|63|96|63|96|0|218|1596|1311|1315|1018|281|328|740|524|740|524|0|218|0|218|0|218|0|218|1068|775|723|698|345|347|233|277|233|277|0|218|0|218|0|218|0|218|0|218|0|218|0|218|367|411|271|384|96|111
5001800US3603|725166|16674|449716|13396|82257|8895|48994|5948|33263|5546|2088|1115|1716|1061|372|376|3129|1928|2089|1308|1040|941|11394|2751|8354|2003|3040|1353|4932|1604|2914|1130|2018|1050|1737|1041|1396|985|341|304|309|246|290|229|19|32|9034|2690|7016|2250|2018|1081|2878|1204|2301|1111|577|347|3037|1520|2112|1095|925|574|2188|1130|910|548|1278|752|899|664|626|514|273|240|1112|1074|633|665|479|505|6662|2486|4121|1486|2541|1447|8358|3372|5752|2828|2606|1272|10619|2887|6944|2281|3675|1504|9531|3439|6070|2087|3461|1989|7721|2823|4489|1532|3232|1589|5907|1704|3902|1211|2005|871|855|619|494|353|361|394|3721|2343|2648|1480|1073|914|0|218|0|218|0|218|1128|707|1128|707|0|218|4856|2274|2732|1457|2124|1216|51473|6210|23547|3453|27926|4064|525|411|253|202|272|250|21019|4621|8330|2355|12689|2988|0|218|0|218|0|218|1711|1057|599|457|1112|803|0|218|0|218|0|218|221|301|54|91|167|281|1987|1492|1166|907|821|899|5030|1918|4589|1845|441|226|525|302|438|311|87|101|2776|2073|1761|1508|1015|688|3628|1491|3275|1415|353|244|115|195|0|218|115|195|391|490|391|490|0|218|0|218|0|218|0|218|0|218|0|218|0|218|103|163|103|163|0|218|1594|1091|1246|887|348|355
5001800US3604|725447|5632|504263|13077|119052|9302|66983|7411|52069|5505|5863|3427|4418|2107|1445|1543|18328|4175|12202|3661|6126|2306|5036|1207|3661|1018|1375|669|2522|1906|2142|1846|380|347|1451|855|1398|823|53|87|408|403|408|403|0|218|2864|1415|2266|1342|598|416|3429|1792|3136|1777|293|271|4302|2656|3146|1851|1156|994|377|258|233|222|144|166|482|619|352|423|130|226|191|313|128|210|63|104|591|561|591|561|0|218|718|706|669|680|49|82|6905|4555|4368|2898|2537|1949|7743|3235|5196|2509|2547|1286|2793|1562|1898|1076|895|572|4234|2231|2583|1417|1651|1287|524|387|392|368|132|153|5225|4074|4367|3375|858|724|57|97|57|97|0|218|65|107|65|107|0|218|1855|1035|1162|630|693|475|5575|1973|1919|738|3656|1834|867|1101|842|1103|25|44|2602|1530|693|586|1909|1161|0|218|0|218|0|218|235|249|44|75|191|236|0|218|0|218|0|218|218|230|119|143|99|115|1216|941|557|469|659|576|4820|2316|4250|2294|570|421|0|218|0|218|0|218|2310|1225|1902|1033|408|333|4229|2086|3742|1924|487|614|0|218|0|218|0|218|2263|1101|2263|1101|0|218|348|554|348|554|0|218|0|218|0|218|0|218|0|218|0|218|0|218|1486|940|1047|676|439|358
5001800US3605|695782|16584|442685|15278|113252|11271|58482|6073|54770|7377|5525|1850|2422|1011|3103|1266|25544|4480|14281|3245|11263|2298|4127|2192|2993|1871|1134|821|1056|845|800|668|256|247|393|310|314|246|79|119|597|563|597|563|0|218|1581|1131|1012|1053|569|528|5696|1802|1651|891|4045|1579|1733|980|760|497|973|594|1559|1033|743|574|816|571|689|594|497|514|192|225|0|218|0|218|0|218|1006|898|1006|898|0|218|0|218|0|218|0|218|3346|1278|2181|936|1165|687|7314|2846|4410|1940|2904|1502|4894|1661|2662|1303|2232|910|36229|5824|12710|2649|23519|4514|1062|667|598|355|464|388|2776|1615|1369|956|1407|756|0|218|0|218|0|218|412|614|115|157|297|462|80|139|80|139|0|218|9203|3039|3503|1491|5700|1763|194|197|44|81|150|178|1784|1266|431|409|1353|972|0|218|0|218|0|218|435|457|155|186|280|388|0|218|0|218|0|218|316|249|88|143|228|263|1701|1099|1114|984|587|459|5974|1877|4027|1596|1947|896|227|254|155|153|72|119|2083|1028|953|517|1130|850|1592|1013|1262|918|330|315|65|108|34|56|31|52|7556|2292|5708|1912|1848|1117|167|272|167|272|0|218|0|218|0|218|0|218|0|218|0|218|0|218|2929|1175|1907|932|1022|902
5001800US3606|673281|22316|212126|11924|145331|12771|63345|7035|81986|8289|3061|1277|2317|964|744|583|2481|1278|1538|1029|943|696|3851|1236|2307|888|1544|722|1731|1229|925|722|806|600|909|485|839|477|70|82|1048|1456|481|595|567|908|5190|1761|3394|1242|1796|811|19778|4855|10835|4142|8943|2318|9101|2924|5494|2029|3607|1316|3394|2949|3113|2891|281|456|1552|1184|1214|1079|338|443|794|611|699|541|95|113|1495|1146|460|355|1035|1047|1333|799|631|527|702|544|6579|2078|3760|1690|2819|1078|6816|3239|3905|2367|2911|1438|633|476|419|335|214|318|14964|5156|7285|3718|7679|2510|7373|2486|3477|1457|3896|1540|6633|2459|5293|2079|1340|774|1219|1032|722|648|497|586|788|751|149|180|639|690|49|83|49|83|0|218|144842|8962|41365|4125|103477|6725|2306|1007|679|488|1627|844|20553|4041|7618|2040|12935|2684|0|218|0|218|0|218|2979|2775|1493|1568|1486|1332|584|485|225|300|359|381|2804|1342|1045|658|1759|1008|7364|1839|2692|1075|4672|1232|15660|2999|11661|2550|3999|1005|3402|1828|1204|933|2198|1505|7649|5347|4872|3866|2777|2160|2218|1032|1672|815|546|464|289|469|289|469|0|218|579|796|579|796|0|218|455|757|336|561|119|197|0|218|0|218|0|218|0|218|0|218|0|218|3368|1738|2252|1328|1116|772
5001800US3607|677676|20161|329050|14442|178326|12045|93553|8739|84773|7817|5850|1716|4909|1620|941|765|2327|1540|1509|1212|818|617|3292|1251|2004|929|1288|816|4812|1930|3377|1455|1435|1100|2822|965|2637|867|185|313|24044|6640|14307|4776|9737|2950|1488|863|1165|704|323|276|4723|1850|2537|1006|2186|1373|15621|5493|9514|4714|6107|2013|1477|838|1083|651|394|503|1830|860|1193|630|637|479|473|563|421|537|52|88|248|258|194|199|54|91|636|545|273|397|363|369|3124|1939|2055|1439|1069|637|687|504|356|286|331|338|875|889|492|561|383|368|23006|5843|10394|3339|12612|3225|3662|1510|1820|766|1842|1059|7304|2530|5640|2132|1664|967|161|271|161|271|0|218|194|320|191|319|3|1|1051|1310|1051|1310|0|218|26405|3714|12962|2431|13443|2422|2505|1111|1946|1039|559|360|5173|1752|3861|1512|1312|712|0|218|0|218|0|218|836|462|334|303|502|333|0|218|0|218|0|218|1342|1351|994|1299|348|327|3867|1997|2759|1942|1108|601|4178|2232|3115|1461|1063|1001|142|130|78|93|64|105|9425|3761|6006|2088|3419|1946|4222|2271|3112|1426|1110|1115|113|139|113|139|0|218|1271|1197|348|361|923|957|381|404|118|203|263|340|0|218|0|218|0|218|0|218|0|218|0|218|733|510|505|425|228|211
5001800US3608|699386|22306|394143|15593|94701|9708|55923|7771|38778|5015|6315|2393|4654|1897|1661|745|20095|4041|13156|3180|6939|2201|2493|1272|2105|1233|388|394|1070|816|649|622|421|318|309|420|309|420|0|218|8343|4023|5136|3118|3207|2278|250|238|138|162|112|139|70299|8911|18068|4691|52231|6232|1390|802|762|614|628|470|298|475|298|475|0|218|8024|3058|2910|1882|5114|1987|130|169|0|218|130|169|1710|1423|508|531|1202|989|264|313|264|313|0|218|648|660|369|309|279|464|6256|2660|1829|883|4427|2168|425|696|245|400|180|297|7238|3679|2221|1144|5017|3084|63|105|63|105|0|218|2192|1350|896|596|1296|910|0|218|0|218|0|218|354|305|158|147|196|234|193|254|79|132|114|143|24281|3326|8014|1880|16267|2148|1093|550|799|572|294|299|1487|828|269|176|1218|797|0|218|0|218|0|218|513|448|407|396|106|164|0|218|0|218|0|218|44|73|44|73|0|218|6239|2409|2152|1320|4087|1709|1179|570|931|521|248|212|262|262|0|218|262|262|11281|5601|4086|1842|7195|4947|6554|2787|4442|2410|2112|1007|0|218|0|218|0|218|13191|6512|8598|4405|4593|2408|398|465|398|465|0|218|0|218|0|218|0|218|0|218|0|218|0|218|5661|2466|2678|1459|2983|1662
5001800US3609|673316|19996|416666|17215|60641|7303|32713|4641|27928|5131|6077|2093|4233|1390|1844|1048|42195|6521|21729|4014|20466|4237|2844|939|1818|631|1026|572|1413|1344|979|837|434|535|677|393|608|335|69|114|36965|7788|15950|4049|21015|6817|265|181|137|117|128|134|22552|3822|5219|1559|17333|3077|818|578|341|320|477|407|867|746|530|493|337|344|5060|1856|1247|591|3813|1492|32|55|0|218|32|55|1909|999|789|479|1120|689|0|218|0|218|0|218|173|198|173|198|0|218|5701|2432|2313|950|3388|1834|0|218|0|218|0|218|12359|4009|5753|2639|6606|2178|226|257|135|209|91|149|3781|1412|1970|961|1811|816|161|217|161|217|0|218|299|316|220|356|79|126|330|519|330|519|0|218|14153|2993|5047|1675|9106|2257|52|87|52|87|0|218|695|469|265|166|430|368|0|218|0|218|0|218|184|278|41|70|143|209|0|218|0|218|0|218|169|238|92|115|77|129|7481|3304|2557|2118|4924|2456|1716|1003|1565|915|151|188|29|3|0|218|29|3|3366|1475|979|533|2387|1377|7981|2440|5823|1849|2158|1560|253|262|253|262|0|218|6044|2526|4473|2264|1571|950|297|484|297|484|0|218|0|218|0|218|0|218|0|218|0|218|0|218|8885|3037|4320|1684|4565|1938
5001800US3610|687232|21903|402416|18682|104560|9937|56672|7538|47888|6535|8943|2037|7707|1834|1236|772|689|704|554|580|135|162|4143|1465|3345|1469|798|549|3292|1318|2965|1263|327|275|2533|1104|2489|1106|44|74|26735|7614|11188|3939|15547|5729|3938|2453|3346|2377|592|642|4827|1302|2873|1077|1954|839|1769|784|790|533|979|661|50|84|50|84|0|218|2526|1109|1381|694|1145|788|111|186|111|186|0|218|483|436|223|233|260|312|1242|753|1231|750|11|22|4713|3218|4559|3182|154|196|1122|982|906|794|216|293|174|247|174|247|0|218|3883|2029|1279|844|2604|1724|45|73|45|73|0|218|3507|1823|2279|1114|1228|1013|202|223|202|223|0|218|36|58|36|58|0|218|546|352|376|356|170|222|80065|7551|19638|2844|60427|6255|3568|1309|2256|873|1312|769|3774|1737|3411|1766|363|208|0|218|0|218|0|218|999|754|562|571|437|507|136|224|51|84|85|140|286|343|161|196|125|156|753|376|701|404|52|86|1822|1044|1104|901|718|497|291|251|242|225|49|81|6564|2593|3984|1599|2580|1499|5042|2381|4593|2290|449|385|81|127|77|127|4|2|530|437|230|385|300|167|0|218|0|218|0|218|0|218|0|218|0|218|47|79|0|218|47|79|789|530|636|493|153|158
5001800US3611|714086|12150|382255|11370|83827|7417|47123|5119|36704|4987|1732|901|1375|759|357|348|1062|702|747|474|315|443|12312|2786|7963|1798|4349|1539|514|391|444|361|70|121|253|281|253|281|0|218|3120|3628|2694|3567|426|440|5590|1695|3958|1290|1632|842|31392|5801|15311|3822|16081|3525|3914|1565|1855|898|2059|913|430|357|291|278|139|184|5235|2439|1768|942|3467|1918|573|512|365|395|208|206|2338|1734|662|430|1676|1603|297|302|177|182|120|126|774|447|689|444|85|114|5086|2670|3186|2119|1900|854|1742|1254|1051|804|691|553|2293|1264|1249|740|1044|759|2346|1145|1510|844|836|504|12566|3310|6935|2490|5631|1874|0|218|0|218|0|218|109|176|109|176|0|218|650|561|287|289|363|341|105689|7557|32440|3801|73249|6176|574|660|367|606|207|221|2246|1012|478|426|1768|891|0|218|0|218|0|218|2784|1386|958|579|1826|1014|125|205|125|205|0|218|126|156|126|156|0|218|2337|1202|350|304|1987|1022|2849|1067|2358|1029|491|273|428|373|160|186|268|334|26404|5538|18587|4536|7817|2470|2240|1492|2151|1489|89|105|201|231|201|231|0|218|4442|2212|3414|1583|1028|843|516|685|516|685|0|218|0|218|0|218|0|218|0|218|0|218|0|218|2715|1665|1588|1212|1127|886
5001800US3612|704065|15578|496164|16690|57183|6040|43471|5361|13712|2930|15475|3869|13682|3689|1793|1247|2299|2003|2014|1922|285|331|7950|2385|7172|2071|778|707|6743|2729|5399|2181|1344|934|4831|1795|4816|1790|15|37|1506|825|1450|803|56|92|2703|1566|2613|1515|90|148|12390|5338|8202|4895|4188|1862|605|438|282|246|323|312|414|351|414|351|0|218|3366|3024|3124|2962|242|211|501|363|501|363|0|218|2254|1061|2075|1070|179|292|2195|1173|1950|1167|245|288|6632|2163|6334|2124|298|299|949|854|949|854|0|218|239|284|239|284|0|218|3008|1594|2365|1369|643|772|781|568|781|568|0|218|2818|1344|2650|1304|168|196|701|600|701|600|0|218|952|580|952|580|0|218|463|541|411|524|52|140|29959|5800|20045|4345|9914|2563|6120|1610|3376|1349|2744|918|8019|2567|4921|1620|3098|1652|0|218|0|218|0|218|263|270|154|207|109|177|38|65|0|218|38|65|500|245|347|204|153|172|1972|899|1378|751|594|473|2611|1168|2475|1074|136|229|375|320|262|282|113|159|6240|3760|4925|3006|1315|933|10585|4079|10502|4065|83|142|23|21|0|218|23|21|760|964|760|964|0|218|350|386|350|386|0|218|0|218|0|218|0|218|0|218|0|218|0|218|3128|2247|2228|1644|900|787
5001800US3613|690612|19453|308809|15520|298779|15093|148103|10553|150676|10675|14600|5004|11140|4082|3460|1746|2772|2350|1882|1876|890|1005|2729|1545|2036|1103|693|823|2532|1834|1647|938|885|1156|1503|807|1466|807|37|3|1262|1296|1237|1292|25|58|1893|1421|1719|1376|174|298|4034|2026|1901|924|2133|1343|1484|2155|643|1048|841|1121|1694|1951|604|938|1090|1706|691|517|491|387|200|271|86|12|86|12|0|218|1549|1133|1283|956|266|442|446|355|355|318|91|150|2525|1160|1791|821|734|629|180|215|93|159|87|143|252|418|252|418|0|218|2294|1577|1014|667|1280|1026|301|317|301|317|0|218|1671|1224|1128|1007|543|528|387|398|189|132|198|316|433|344|433|344|0|218|116|138|116|138|0|218|12789|3186|6281|1612|6508|2491|1188|698|839|497|349|335|1698|1210|838|470|860|985|0|218|0|218|0|218|365|401|248|367|117|156|0|218|0|218|0|218|468|432|420|414|48|103|1677|1035|1571|976|106|176|2336|1207|1694|985|642|602|222|264|74|96|148|241|2016|1396|1297|1216|719|681|1718|894|1718|894|0|218|992|783|867|748|125|210|8359|3217|6372|2582|1987|1285|2906|2478|1688|1615|1218|1162|0|218|0|218|0|218|0|218|0|218|0|218|856|503|331|254|525|412
5001800US3614|699417|24129|273941|16014|297480|18844|145958|11128|151522|11398|3711|1610|2679|1326|1032|973|3675|1544|2639|1233|1036|839|4873|1463|3449|1221|1424|607|1545|819|1123|669|422|295|395|366|395|366|0|218|294|316|294|316|0|218|11875|3028|7783|2359|4092|1688|2162|1525|1045|1116|1117|1056|487|416|161|231|326|340|1637|1032|869|553|768|645|1928|1454|1216|785|712|810|333|358|296|353|37|61|166|263|166|263|0|218|0|218|0|218|0|218|2154|1216|2049|1225|105|125|4711|2700|3333|2144|1378|936|1348|1247|868|765|480|513|23075|4635|10398|2369|12677|3114|1821|1305|840|605|981|786|6856|2109|5141|1836|1715|776|0|218|0|218|0|218|804|987|539|898|265|441|293|459|293|459|0|218|21942|4221|5302|1533|16640|3509|1335|1172|435|361|900|834|1150|679|243|200|907|614|0|218|0|218|0|218|1378|1042|512|434|866|733|348|344|180|201|168|280|479|479|136|132|343|391|1576|907|726|450|850|571|3899|1647|2850|1317|1049|584|0|218|0|218|0|218|9771|3775|7175|3011|2596|1535|83|100|83|100|0|218|583|521|583|521|0|218|7975|3319|5039|2494|2936|1647|0|218|0|218|0|218|0|218|0|218|0|218|149|211|149|211|0|218|3185|1905|1218|851|1967|1243
5001800US3616|726170|8524|461624|12027|163505|8303|95041|7787|68464|6922|4253|1387|3080|1087|1173|676|5307|2463|4615|2171|692|486|7713|1625|5814|1333|1899|757|6535|2066|4057|1308|2478|1373|4248|2318|3912|2287|336|278|744|640|601|562|143|205|2322|902|1876|854|446|316|4470|2199|3443|1762|1027|772|1892|1070|1018|677|874|676|2408|1588|1962|1352|446|537|2941|2089|1428|763|1513|1495|262|377|215|368|47|81|1945|1479|943|648|1002|1083|1158|903|1112|898|46|78|2574|1111|2118|1055|456|315|2190|1647|1662|1231|528|562|138|142|84|99|54|94|1978|1239|536|398|1442|1088|458|307|412|277|46|79|7766|2309|5742|1777|2024|934|633|566|577|500|56|91|887|617|459|338|428|404|2858|1321|1992|990|866|723|8211|1959|5251|1467|2960|1114|3721|1349|1990|906|1731|791|4521|1702|2559|1292|1962|817|0|218|0|218|0|218|191|228|126|156|65|110|67|113|67|113|0|218|184|244|61|104|123|152|879|732|802|707|77|124|4429|1573|3631|1386|798|436|260|377|200|277|60|103|4423|1899|3097|1689|1326|899|1415|760|1361|737|54|87|756|895|442|442|314|514|4515|1599|2436|1145|2079|868|198|231|113|193|85|142|0|218|0|218|0|218|0|218|0|218|0|218|1591|914|824|573|767|671
5001800US3617|721000|6026|489188|10048|109923|5745|59635|4560|50288|5017|3200|1249|2770|1150|430|331|12969|2700|7204|2014|5765|1493|7357|1951|4808|1521|2549|983|4011|1533|2886|1282|1125|531|2071|1498|1910|1466|161|156|44816|6496|18108|3416|26708|4827|1568|705|1462|706|106|14|2687|1553|1989|1246|698|461|2395|1869|1910|1620|485|433|650|491|417|407|233|281|1313|887|923|822|390|239|168|205|108|179|60|103|29|48|0|218|29|48|509|492|366|318|143|237|2373|1081|2154|1081|219|262|915|803|755|684|160|202|243|360|186|271|57|91|257|328|169|201|88|144|56|101|56|101|0|218|3163|1711|2818|1449|345|488|234|189|198|154|36|65|892|802|777|717|115|151|5336|1553|4412|1431|924|641|6839|2000|4052|1547|2787|1100|305|260|162|159|143|219|2152|1243|737|443|1415|977|0|218|0|218|0|218|315|333|261|331|54|91|0|218|0|218|0|218|69|82|42|69|27|45|477|598|275|320|202|289|4441|1286|3721|1216|720|488|85|107|85|107|0|218|1024|672|923|654|101|163|4487|2398|4004|2223|483|350|44|73|44|73|0|218|1223|961|1223|961|0|218|624|835|114|144|510|832|0|218|0|218|0|218|0|218|0|218|0|218|2592|1555|2118|1493|474|382
5001800US3619|734305|4866|667272|6017|24855|2545|17042|1964|7813|1829|2557|1024|2123|900|434|299|1058|960|740|822|318|377|1524|619|1117|438|407|320|1720|978|1492|952|228|211|1634|502|1164|373|470|328|2158|1013|1527|780|631|395|1772|856|1208|876|564|426|2208|946|1181|616|1027|563|1786|967|977|674|809|622|704|452|266|257|438|400|2347|1240|1745|1011|602|360|0|218|0|218|0|218|666|411|484|293|182|301|608|499|281|324|327|377|622|308|560|297|62|75|960|770|578|472|382|437|955|995|597|754|358|491|999|793|648|623|351|301|601|665|559|623|42|76|2300|1393|1129|781|1171|1160|1497|1041|1443|1010|54|95|289|239|184|192|105|123|228|186|228|186|0|218|5015|1166|3231|1016|1784|529|824|628|739|586|85|75|2432|696|1203|542|1229|500|0|218|0|218|0|218|763|731|163|184|600|697|0|218|0|218|0|218|271|258|13|21|258|260|158|133|158|133|0|218|532|333|351|278|181|167|138|150|131|148|7|13|1006|675|658|554|348|245|747|620|732|619|15|27|0|218|0|218|0|218|481|440|296|321|185|325|16|30|0|218|16|30|0|218|0|218|0|218|39|57|39|57|0|218|563|418|434|304|129|229
5001800US3620|746322|2627|659468|7010|24912|3017|16653|2178|8259|2086|4713|1376|3971|1267|742|470|3267|1995|2324|1288|943|817|3742|933|2894|863|848|325|1780|1384|785|538|995|1281|1546|663|1377|626|169|156|1042|647|1042|647|0|218|828|630|701|572|127|144|1413|754|975|607|438|360|1080|618|992|611|88|104|1065|843|559|500|506|472|835|591|447|313|388|533|555|875|555|875|0|218|851|514|641|421|210|210|708|893|661|912|47|64|908|509|848|509|60|84|3142|1745|2143|1098|999|749|688|655|513|484|175|186|1934|1174|1661|985|273|315|1200|762|680|401|520|476|1621|840|1182|660|439|406|3737|2064|3155|1822|582|496|786|808|555|497|231|340|396|514|396|514|0|218|6695|1913|3505|1356|3190|1079|334|254|239|253|95|105|1593|822|1054|559|539|480|0|218|0|218|0|218|559|470|48|92|511|462|337|378|109|187|228|263|345|341|87|113|258|312|1608|983|904|663|704|443|1588|656|1207|541|381|338|597|522|249|259|348|459|4778|2732|3679|2441|1099|671|177|290|177|290|0|218|425|363|374|308|51|90|1455|762|1097|716|358|262|1147|1111|791|620|356|547|0|218|0|218|0|218|0|218|0|218|0|218|2467|1333|1859|1149|608|376
5001800US3622|722469|507|640715|6621|25792|2825|17192|2461|8600|1758|1962|704|1697|700|265|130|1043|710|633|522|410|297|1625|678|1116|536|509|398|1180|1082|1180|1082|0|218|1867|683|1596|651|271|184|1346|977|1088|920|258|191|806|463|417|322|389|344|3134|2494|1734|1448|1400|1400|799|642|741|637|58|95|4686|2291|2937|1572|1749|862|1453|840|165|161|1288|742|88|155|88|155|0|218|565|512|565|512|0|218|60|113|60|113|0|218|1831|747|1660|702|171|143|257|322|212|239|45|95|124|128|60|98|64|85|798|627|386|303|412|444|2119|1278|731|592|1388|1142|727|443|631|399|96|102|74|110|74|110|0|218|125|207|125|207|0|218|471|356|278|249|193|210|3501|927|1227|624|2274|749|323|329|232|268|91|100|1393|639|1034|539|359|248|0|218|0|218|0|218|1411|808|432|375|979|586|983|714|326|369|657|450|405|402|311|392|94|110|6540|1680|2625|969|3915|1284|2038|1288|1253|958|785|490|198|141|71|88|127|134|4837|2237|2792|1375|2045|1186|154|182|154|182|0|218|3950|2065|2780|1620|1170|841|402|372|299|336|103|131|2187|1585|1725|1190|462|528|0|218|0|218|0|218|143|153|134|152|9|16|357|276|261|244|96|64
5001800US3625|726857|1546|640174|5613|38611|3080|22324|2135|16287|2190|1314|610|1075|499|239|252|314|316|109|131|205|239|3848|1221|2480|1112|1368|507|783|488|538|342|245|256|957|647|900|652|57|76|1098|814|783|664|315|515|1079|549|507|335|572|370|2566|1088|1850|914|716|420|1218|603|1104|562|114|110|1412|1007|1175|982|237|170|3608|1225|1668|710|1940|899|0|218|0|218|0|218|893|501|473|335|420|500|554|481|346|312|208|278|1734|872|1552|796|182|234|804|707|784|704|20|39|1022|907|795|808|227|218|447|343|170|199|277|246|1368|660|547|317|821|487|837|396|723|373|114|149|371|345|305|307|66|90|330|284|177|207|153|208|485|463|424|388|61|98|4895|1812|2144|790|2751|1297|566|333|467|289|99|115|2034|922|1491|769|543|357|0|218|0|218|0|218|1779|887|593|443|1186|638|153|161|70|86|83|134|1282|606|701|396|581|451|1961|1305|1300|1125|661|594|976|576|772|460|204|254|87|117|0|218|87|117|1723|1289|1247|997|476|365|423|297|303|226|120|194|2941|1832|1577|1096|1364|896|1364|1382|1007|948|357|468|619|513|100|167|519|478|0|218|0|218|0|218|0|218|0|218|0|218|227|193|125|179|102|121
5001800US3702|739217|11954|579413|13489|67735|6212|38932|4433|28803|4380|2941|1110|2437|961|504|578|1394|1441|1040|1081|354|476|682|556|682|556|0|222|2285|1474|1999|1435|286|329|1737|1172|1353|798|384|427|337|342|267|323|70|115|359|369|278|283|81|133|1126|842|488|362|638|640|471|310|471|310|0|222|417|344|289|256|128|157|1286|721|787|571|499|360|0|222|0|222|0|222|1487|1518|1041|1097|446|476|4285|1514|3661|1376|624|425|8022|2571|6775|2135|1247|858|3708|3035|3492|2994|216|263|357|443|357|443|0|222|2933|1711|2214|1203|719|685|5454|2131|4874|2051|580|325|1743|969|1491|765|252|368|8759|3199|6542|2163|2217|1681|3045|1648|2506|1576|539|499|2491|1316|1999|1030|492|496|10492|2447|5709|1717|4783|1415|732|567|511|525|221|225|5033|1906|1951|1065|3082|1536|254|428|254|428|0|222|4189|2204|2201|1533|1988|1407|0|222|0|222|0|222|783|985|162|262|621|969|804|665|509|441|295|288|843|532|692|480|151|201|914|1057|671|760|243|308|8082|4232|6025|3066|2057|1417|0|222|0|222|0|222|612|431|426|414|186|111|3253|2109|3253|2109|0|222|452|316|322|236|130|213|0|222|0|222|0|222|203|252|203|252|0|222|104|174|104|174|0|222
5001800US3714|736851|14068|595728|13741|78631|6777|40076|5266|38555|5016|3779|1635|2766|1451|1013|970|660|494|591|498|69|77|1561|1214|1034|979|527|472|3109|1379|1903|931|1206|1043|3458|2218|2430|1147|1028|1375|713|499|618|455|95|114|1484|717|1299|636|185|181|2101|1458|996|660|1105|998|596|540|465|504|131|163|53|92|53|92|0|222|1684|1109|849|601|835|697|229|389|229|389|0|222|826|809|559|523|267|320|2523|1490|1503|924|1020|814|3693|1402|3150|1227|543|383|977|739|943|718|34|58|0|222|0|222|0|222|697|606|697|606|0|222|1059|773|634|499|425|515|2454|2110|946|607|1508|1721|5359|2160|3983|1609|1376|708|2102|1484|1078|681|1024|1192|661|492|661|492|0|222|4740|1827|2988|1251|1752|846|570|416|185|218|385|311|857|927|625|708|232|290|313|380|313|380|0|222|5289|1965|1953|974|3336|1688|1152|1052|619|585|533|610|645|650|645|650|0|222|910|718|706|644|204|235|3089|1256|2524|1140|565|450|299|273|216|224|83|163|1174|905|1060|887|114|191|325|271|325|271|0|222|736|702|490|466|246|278|635|567|635|567|0|222|906|689|748|642|158|202|0|222|0|222|0|222|618|638|618|638|0|222|456|542|366|416|90|148
5001800US3903|737988|15199|608121|14189|38826|5696|21779|3660|17047|3354|7332|3357|4776|2013|2556|1972|3793|2363|1910|1392|1883|1231|603|393|433|413|170|253|3346|1749|1715|1243|1631|1502|1201|773|1058|751|143|183|146|174|146|174|0|208|697|473|697|473|0|208|669|345|492|275|177|184|156|257|112|184|44|75|190|201|190|201|0|208|467|580|358|470|109|129|0|208|0|208|0|208|752|551|588|486|164|204|715|648|302|311|413|390|1969|1338|1540|1203|429|461|437|372|326|336|111|148|0|208|0|208|0|208|2324|1715|1920|1602|404|428|10720|3834|4205|1504|6515|3133|1290|889|426|331|864|812|1756|1220|1432|961|324|494|61|103|61|103|0|208|226|193|226|193|0|208|8057|2152|5116|1668|2941|1097|1644|863|1163|721|481|519|2210|995|1382|745|828|528|0|208|0|208|0|208|933|565|227|215|706|481|338|413|57|97|281|382|960|678|255|321|705|557|435|448|130|129|305|406|1045|779|749|605|296|331|179|156|179|156|0|208|5097|1974|3069|1478|2028|1092|435|356|435|356|0|208|18310|4467|11657|3456|6653|1768|10799|5035|7349|3727|3450|1813|1123|913|779|685|344|391|0|208|0|208|0|208|0|208|0|208|0|208|626|490|567|492|59|100
5001800US3911|730195|8218|647393|8776|39330|4893|22408|3569|16922|3135|2491|1162|1809|1027|682|532|0|208|0|208|0|208|1394|703|1154|668|240|171|338|248|201|168|137|151|1671|896|1636|887|35|60|178|179|46|77|132|167|896|644|692|583|204|271|3629|1709|2171|1541|1458|747|544|465|44|73|500|456|1478|789|1153|685|325|270|1461|776|800|640|661|438|0|208|0|208|0|208|559|593|266|317|293|290|461|505|461|505|0|208|2609|1887|2053|1913|556|597|178|215|178|215|0|208|36|65|36|65|0|208|402|372|402|372|0|208|439|452|356|372|83|140|1130|559|681|444|449|280|819|499|514|398|305|191|129|168|129|168|0|208|127|217|127|217|0|208|5066|1682|2196|996|2870|1100|1009|785|514|361|495|709|1375|728|813|531|562|456|0|208|0|208|0|208|1287|621|586|323|701|434|0|208|0|208|0|208|125|152|53|91|72|119|331|370|99|121|232|301|1155|785|785|671|370|345|55|92|55|92|0|208|4883|1982|3119|1493|1764|907|2105|1114|1807|1078|298|489|421|450|177|174|244|412|1972|1488|1633|1410|339|292|1331|1052|433|411|898|738|0|208|0|208|0|208|189|174|189|174|0|208|1199|585|880|501|319|279
5001800US4001|761340|3001|646901|4410|78337|3219|43759|2854|34578|2395|1332|432|1222|441|110|123|547|450|377|359|170|277|419|323|271|230|148|139|554|399|406|297|148|185|1556|621|1334|537|222|183|59|89|59|89|0|165|0|165|0|165|0|165|1870|821|1527|765|343|293|143|137|143|137|0|165|0|165|0|165|0|165|313|249|174|166|139|133|0|165|0|165|0|165|415|323|314|282|101|113|75|84|75|84|0|165|309|269|220|220|89|152|1022|557|716|442|306|355|51|91|51|91|0|165|729|492|421|248|308|346|292|347|163|160|129|208|980|560|426|324|554|519|378|463|303|365|75|119|108|119|0|165|108|119|384|276|167|160|217|222|2001|669|875|456|1126|538|550|302|489|332|61|113|614|351|264|177|350|228|4621|1340|3925|1262|696|379|3060|1100|1004|449|2056|805|0|165|0|165|0|165|436|327|297|259|139|120|5664|1672|2861|907|2803|1080|1580|747|1251|663|329|261|815|370|391|196|424|259|2547|929|1782|713|765|475|123|145|62|104|61|101|0|165|0|165|0|165|1099|660|779|450|320|314|375|242|375|242|0|165|112|129|112|129|0|165|718|412|678|408|40|50|251|219|196|160|55|89
5001800US4101|680024|9568|539398|12163|69502|5773|42553|3810|26949|4936|2653|1147|2599|1144|54|89|14|3|14|3|0|217|673|438|540|405|133|129|1176|678|800|585|376|301|2912|1095|2252|855|660|467|588|418|588|418|0|217|127|151|127|151|0|217|1987|887|1445|752|542|465|232|274|79|129|153|246|208|204|120|145|88|148|859|794|126|97|733|783|595|979|595|979|0|217|1498|836|810|409|688|669|183|295|183|295|0|217|4151|1840|3968|1810|183|195|542|560|473|470|69|113|443|404|247|207|196|258|1933|957|1558|761|375|391|2728|1440|2687|1432|41|73|2132|1245|1705|1001|427|328|2308|1191|1984|1057|324|301|1869|1077|1669|913|200|238|1202|730|1141|733|61|101|11624|2630|8184|2064|3440|1174|3205|1019|2021|798|1184|484|4046|1611|2178|988|1868|922|901|919|859|915|42|70|5406|1670|2209|853|3197|1386|1869|1837|1282|1685|587|702|1209|1534|600|785|609|776|1020|672|649|387|371|358|3465|1562|3128|1497|337|320|1895|1187|1611|1100|284|269|2484|1218|1634|875|850|555|719|621|719|621|0|217|242|106|167|104|75|7|154|268|108|194|46|79|821|805|683|658|138|190|355|566|355|566|0|217|285|430|285|430|0|217|411|380|252|309|159|215
5001800US4201|727492|5908|619446|10985|30915|4243|21127|3098|9788|2061|2314|1071|2063|1058|251|224|1937|1605|1168|1025|769|661|3328|1298|2625|1217|703|479|1235|1023|912|775|323|308|2406|952|2162|904|244|161|415|330|415|330|0|190|614|613|430|336|184|306|14978|5001|6893|2293|8085|3909|1382|698|950|482|432|368|532|593|290|250|242|422|6252|4268|3761|3095|2491|1968|0|190|0|190|0|190|1727|1254|1279|1122|448|357|6285|2273|3406|1330|2879|1202|3418|1297|3223|1251|195|245|1457|1036|1046|812|411|393|237|299|237|299|0|190|2547|1485|1576|737|971|941|1392|947|1015|747|377|371|1104|554|889|430|215|243|265|320|123|153|142|195|434|371|226|240|208|256|1099|563|695|380|404|365|6614|2036|3958|1545|2656|1190|933|643|622|537|311|253|3930|2019|2065|1179|1865|1034|0|190|0|190|0|190|1126|853|578|456|548|481|57|96|57|96|0|190|68|119|0|190|68|119|2363|1922|1296|1331|1067|689|1374|945|1086|826|288|332|48|80|48|80|0|190|2034|1236|1159|879|875|683|409|497|409|497|0|190|338|408|338|408|0|190|1371|1314|1371|1314|0|190|57|105|57|105|0|190|0|190|0|190|0|190|61|112|61|112|0|190|990|645|824|481|166|287
5001800US4204|741824|8028|642806|9642|30928|6063|18435|3925|12493|3179|2824|1113|2623|1026|201|265|1620|1229|1202|954|418|359|1727|770|1355|652|372|295|3097|1940|2642|1964|455|402|1665|718|1577|701|88|145|1543|844|1167|574|376|432|585|582|185|183|400|496|2125|1070|1311|912|814|489|1533|878|906|712|627|427|573|480|187|249|386|416|3342|1686|1451|922|1891|1035|361|276|330|239|31|53|325|230|285|219|40|66|1540|1042|1213|884|327|388|2184|1059|1893|1001|291|308|1211|973|1062|910|149|250|92|105|92|105|0|190|2592|1651|1561|894|1031|1144|1673|1291|1521|1277|152|132|1717|964|1002|719|715|555|2096|1431|1775|1213|321|326|973|930|873|828|100|167|772|446|506|406|266|212|7698|1828|4726|1339|2972|1289|615|565|518|447|97|127|6353|1887|2083|812|4270|1385|0|190|0|190|0|190|4521|1805|2169|991|2352|1068|1304|955|763|604|541|496|641|467|277|248|364|323|988|888|465|369|523|810|1302|964|1045|868|257|257|317|238|215|193|102|164|2043|1436|1348|938|695|538|505|561|457|555|48|81|1960|1215|740|688|1220|826|1992|1649|1828|1638|164|209|470|616|470|616|0|190|0|190|0|190|0|190|0|190|0|190|0|190|1211|1036|1211|1036|0|190
5001800US4205|716834|8976|601718|9442|35754|4901|18605|2906|17149|3538|3078|1191|2459|971|619|549|2893|2160|1432|1022|1461|1230|2311|982|1463|702|848|540|1056|831|866|770|190|314|1358|991|1358|991|0|190|1289|810|1204|763|85|144|2642|1299|2097|987|545|408|1335|740|980|645|355|289|1156|566|912|530|244|245|343|428|164|275|179|205|1110|746|830|675|280|270|1032|793|729|598|303|279|256|260|256|260|0|190|612|569|437|399|175|235|1720|817|1453|704|267|258|840|920|313|378|527|592|1586|1602|1260|1303|326|373|3372|1611|2049|1266|1323|1018|1509|1102|768|493|741|704|846|590|504|340|342|426|2456|1583|2256|1515|200|207|1299|1266|1299|1266|0|190|1492|1158|1016|732|476|567|11073|2435|5356|1572|5717|1737|349|274|246|215|103|129|1303|677|670|418|633|397|0|190|0|190|0|190|5860|2068|2338|908|3522|1524|2716|1455|764|573|1952|1295|1002|993|134|152|868|958|661|661|210|214|451|552|1822|993|1623|889|199|185|259|248|111|144|148|175|4215|2373|3274|2251|941|807|0|190|0|190|0|190|1638|1182|117|139|1521|1149|9719|3321|5527|2609|4192|1758|1031|839|837|576|194|310|0|190|0|190|0|190|0|190|0|190|0|190|2123|1091|955|609|1168|774
5001800US4212|717510|10531|655740|10471|15900|3158|11329|2306|4571|1839|2968|2256|1978|1518|990|839|226|265|173|224|53|91|2350|1236|1882|1155|468|360|817|671|768|660|49|80|2915|1024|2811|985|104|167|112|112|112|112|0|190|276|255|193|216|83|137|1934|825|1336|701|598|384|753|462|656|448|97|120|311|245|264|232|47|78|530|415|485|431|45|74|0|190|0|190|0|190|1475|1270|1376|1172|99|163|1436|1201|735|715|701|861|2699|1006|2264|851|435|336|568|507|431|406|137|178|787|890|681|866|106|174|817|478|636|395|181|211|2045|1298|1183|926|862|768|989|928|794|627|195|332|1414|1039|1170|967|244|343|991|529|991|529|0|190|560|405|245|238|315|310|7118|1871|4591|1256|2527|1171|1252|658|748|516|504|380|1087|570|675|392|412|377|56|101|56|101|0|190|1010|699|620|544|390|386|0|190|0|190|0|190|621|541|337|470|284|250|824|605|583|397|241|268|1174|539|920|462|254|303|28|48|0|190|28|48|3101|1527|2042|1125|1059|584|623|577|475|382|148|242|60|66|60|66|0|190|823|501|602|373|221|363|780|672|434|444|346|308|0|190|0|190|0|190|130|132|130|132|0|190|210|191|185|186|25|41
5001800US4803|819039|11121|599840|12952|89621|8365|59265|6121|30356|4645|3419|1821|2806|1635|613|758|0|236|0|236|0|236|725|596|686|593|39|65|4233|2890|2911|1962|1322|1048|897|539|798|477|99|132|523|457|523|457|0|236|110|132|110|132|0|236|3548|1871|2946|1736|602|435|460|505|365|366|95|158|717|1013|660|999|57|98|432|390|275|237|157|224|0|236|0|236|0|236|8216|3730|4529|2505|3687|2251|3604|1758|1929|1074|1675|878|12099|3670|9652|2733|2447|1287|6489|2349|4984|1791|1505|866|473|460|376|393|97|153|3238|1503|2206|912|1032|803|2551|2166|1558|1164|993|1114|2066|1499|1589|1120|477|532|11185|3013|9306|2685|1879|1008|5837|1943|5340|1848|497|311|3789|1310|2702|992|1087|779|14217|3389|8528|2269|5689|1641|2476|1955|1302|1000|1174|1019|3202|1239|1443|799|1759|941|0|236|0|236|0|236|8104|2333|3182|1156|4922|1654|263|285|31|55|232|243|819|915|557|554|262|419|829|653|354|302|475|422|3971|1813|3114|1424|857|574|438|359|278|246|160|262|6414|2479|5133|2025|1281|763|468|512|468|512|0|236|6515|3591|4677|2890|1838|1157|3672|2198|3222|2094|450|734|2923|2482|2019|1584|904|997|0|236|0|236|0|236|326|390|326|390|0|236|330|314|244|280|86|148
5001800US4804|799017|12020|600338|14260|75340|6514|49916|5463|25424|3610|1900|837|1589|792|311|315|0|236|0|236|0|236|194|229|87|148|107|178|1157|854|617|504|540|498|1324|834|1266|827|58|63|198|318|198|318|0|236|259|290|198|232|61|103|3415|1562|2746|1258|669|442|184|250|184|250|0|236|1167|789|841|723|326|233|1139|769|633|434|506|513|147|192|147|192|0|236|4642|2562|2683|1394|1959|1335|3705|1943|3000|1672|705|487|16721|3781|14467|3478|2254|940|5694|2733|4888|2432|806|725|15|38|15|38|0|236|1548|1229|1306|1172|242|208|2658|1370|2135|1223|523|421|955|589|749|454|206|219|13852|3484|11360|3054|2492|1246|14002|4443|12139|4046|1863|1005|6203|2699|5343|2514|860|546|14286|4826|9399|4061|4887|1835|2288|954|1106|602|1182|575|3511|1786|2212|1427|1299|791|150|257|150|257|0|236|2784|1153|1449|715|1335|693|392|526|321|434|71|105|219|271|0|236|219|271|948|961|707|769|241|292|4060|2378|3685|2349|375|272|823|745|457|397|366|361|4968|2423|3563|1862|1405|1014|357|307|357|307|0|236|1565|2057|1185|1634|380|438|2743|2062|2743|2062|0|236|2026|1609|997|869|1029|1439|11|21|11|21|0|236|555|552|555|552|0|236|574|478|369|346|205|274
5001800US4807|760278|22012|366475|16370|204958|13231|93199|9992|111759|9700|7356|2422|5969|2222|1387|840|1433|1337|1126|1433|307|538|430|300|430|300|0|236|2896|1761|2623|1690|273|278|952|570|952|570|0|236|174|228|174|228|0|236|819|517|505|391|314|368|1810|873|1359|807|451|409|613|394|513|355|100|164|255|246|227|241|28|46|425|474|271|245|154|252|156|184|119|152|37|61|9489|4261|6030|3033|3459|1696|2503|1226|1659|950|844|537|9829|3345|7838|2947|1991|1130|14965|4745|9959|3482|5006|1876|263|302|206|215|57|97|1447|1185|1047|851|400|504|3641|2600|2600|1636|1041|1075|2516|1802|1153|635|1363|1428|3814|1754|2885|1681|929|810|3328|2207|1857|1216|1471|1754|6991|3202|4606|2033|2385|1945|26982|4845|13338|2835|13644|3302|693|460|342|333|351|213|2060|1117|1102|748|958|756|0|236|0|236|0|236|33670|8099|12341|2938|21329|5769|225|301|0|236|225|301|762|479|573|457|189|169|3521|2023|1402|969|2119|1531|3938|1850|3247|1647|691|412|406|318|352|327|54|87|11333|3416|8400|2708|2933|1315|751|885|751|885|0|236|5639|3133|2981|1898|2658|1577|15674|4165|14799|3945|875|610|4400|4107|3735|3666|665|720|0|236|0|236|0|236|0|236|0|236|0|236|2686|2408|1663|2126|1023|1142
5001800US4824|736818|14689|575267|15863|84131|8808|56722|6735|27409|4585|4785|2648|2615|1434|2170|1366|240|399|240|399|0|236|507|330|339|206|168|218|1031|874|1031|874|0|236|2353|869|2152|828|201|232|965|823|875|802|90|150|189|212|140|171|49|81|244|217|171|178|73|123|0|236|0|236|0|236|196|235|196|235|0|236|606|515|303|283|303|316|0|236|0|236|0|236|1005|743|568|441|437|596|2547|1455|1634|960|913|688|4322|1851|3881|1520|441|420|3084|1560|2056|1167|1028|509|853|709|693|587|160|190|2896|2233|1791|1556|1105|1280|5595|2703|3687|2122|1908|1237|2165|942|1729|703|436|340|4559|2148|4507|2141|52|87|933|564|757|497|176|138|626|781|626|781|0|236|7175|2139|3866|1205|3309|1400|1181|701|515|427|666|447|2244|873|1324|631|920|498|0|236|0|236|0|236|6993|2315|3794|1238|3199|1519|0|236|0|236|0|236|1160|577|988|531|172|201|1762|1740|1308|1294|454|492|1825|837|1214|564|611|453|1826|1329|1691|1327|135|181|8030|3786|6309|3305|1721|833|489|321|489|321|0|236|529|556|79|131|450|540|2496|1831|2305|1796|191|222|1934|1251|1784|1212|150|182|0|236|0|236|0|236|75|129|75|129|0|236|0|236|0|236|0|236
5001800US4826|803660|10382|594371|10174|111898|7381|75612|6388|36286|4590|3800|1783|3018|1588|782|572|199|270|0|236|199|270|53|90|33|54|20|35|2845|1503|2461|1391|384|367|2662|1142|2478|1119|184|181|728|611|577|509|151|257|202|312|202|312|0|236|985|831|876|798|109|141|334|349|134|164|200|238|242|225|178|197|64|107|937|1039|753|762|184|310|375|378|212|281|163|196|1480|936|634|591|846|752|2442|1147|1457|874|985|606|6783|1880|6097|1779|686|360|4870|1878|3870|1660|1000|513|247|249|194|200|53|86|1410|895|1410|895|0|236|5071|2200|4198|1908|873|651|2398|1560|2143|1464|255|307|6531|2160|5598|1954|933|430|4868|2529|3777|1927|1091|1101|5092|2281|3045|1444|2047|1288|4487|1602|2611|963|1876|898|1059|875|477|496|582|516|13575|3283|6771|1962|6804|2107|0|236|0|236|0|236|5829|1882|2881|1138|2948|1167|886|777|279|250|607|627|901|674|640|552|261|284|2211|1545|1454|975|757|652|2776|1435|2236|1083|540|480|378|365|299|324|79|134|2142|1126|1483|920|659|611|54|92|54|92|0|236|378|320|314|286|64|76|4637|2468|3839|1911|798|738|3245|1859|3024|1861|221|375|0|236|0|236|0|236|0|236|0|236|0|236|279|410|279|410|0|236
5001800US4837|732207|14117|528374|13306|121084|11507|81997|7593|39087|8363|3744|1843|3527|1767|217|218|0|236|0|236|0|236|259|272|224|271|35|64|2739|1693|2651|1686|88|151|2383|1197|2097|871|286|444|535|400|535|400|0|236|435|343|435|343|0|236|1479|1056|1107|949|372|316|296|337|296|337|0|236|254|323|254|323|0|236|718|561|507|502|211|250|0|236|0|236|0|236|1527|899|1232|862|295|267|1322|789|1182|694|140|226|6385|1780|6057|1756|328|314|5303|2259|4622|2123|681|525|0|236|0|236|0|236|1158|790|986|768|172|291|3647|1808|3256|1762|391|576|1633|831|1449|740|184|253|5576|2255|5441|2232|135|166|3702|1226|3179|1151|523|507|2976|2187|1702|1096|1274|1956|13574|2836|8274|1971|5300|2015|3368|1894|2989|1779|379|333|4226|1639|3550|1618|676|507|0|236|0|236|0|236|4006|1340|1700|678|2306|1068|0|236|0|236|0|236|699|520|396|377|303|378|888|622|690|518|198|230|1676|955|1204|712|472|508|454|409|454|409|0|236|3492|1840|2809|1373|683|626|1008|826|1008|826|0|236|1523|1049|1369|1034|154|188|618|802|532|661|86|150|257|314|257|314|0|236|0|236|0|236|0|236|576|502|428|397|148|181|313|300|313|300|0|236
5001800US5107|763071|8905|579389|8493|116276|8397|70147|6019|46129|5545|3948|1711|2853|1102|1095|972|1418|1150|1363|1138|55|96|393|395|393|395|0|216|1203|882|906|592|297|390|1758|924|1619|916|139|160|503|433|333|281|170|205|165|211|165|211|0|216|580|471|427|304|153|229|77|92|77|92|0|216|21|37|21|37|0|216|1441|1048|1376|1035|65|112|52|87|52|87|0|216|7230|2505|4979|2275|2251|1205|732|603|479|408|253|296|432|333|432|333|0|216|3191|1539|2029|1139|1162|792|443|557|397|536|46|69|2847|1511|1407|938|1440|924|460|469|195|292|265|344|2803|1513|2277|1218|526|520|242|319|186|301|56|105|183|290|183|290|0|216|348|397|78|89|270|385|1019|494|606|319|413|349|703|518|271|264|432|329|2360|1202|918|518|1442|825|0|216|0|216|0|216|1829|897|581|351|1248|707|245|409|0|216|245|409|2387|1391|1779|1407|608|442|541|411|158|193|383|367|4319|1306|2541|976|1778|594|503|426|176|191|327|390|5569|1733|3362|1221|2207|862|303|510|70|113|233|398|9000|3742|6758|3222|2242|1055|5068|1579|4579|1490|489|439|813|806|330|388|483|708|50|4|0|216|50|4|0|216|0|216|0|216|2227|1358|848|682|1379|946
5001800US5108|725596|12786|466101|9663|113135|8160|65084|6863|48051|5422|6358|1784|5199|1508|1159|699|185|227|185|227|0|216|1501|1106|1321|1061|180|218|2999|1277|2169|835|830|834|2923|949|2371|862|552|429|300|245|300|245|0|216|1856|1580|1380|1145|476|594|4033|1540|3054|1306|979|595|865|422|775|395|90|148|656|541|520|473|136|174|1883|1060|1558|817|325|308|1167|1062|994|957|173|224|8608|3041|5121|2233|3487|1554|584|358|507|320|77|130|5128|1987|4758|1689|370|462|7461|3004|4334|1700|3127|1853|718|618|561|524|157|190|3485|1987|1990|1123|1495|1135|2685|1491|1635|938|1050|728|5150|2095|3965|1780|1185|483|1164|1065|1164|1065|0|216|1389|770|1207|703|182|182|676|546|624|485|52|90|10972|2122|6624|1454|4348|1425|2034|807|1617|667|417|347|8109|1843|3567|996|4542|1538|0|216|0|216|0|216|13345|5190|6283|3501|7062|2297|1036|778|648|570|388|388|1629|928|545|265|1084|882|1898|765|1036|537|862|458|4881|1516|3385|1193|1496|772|1736|1763|1572|1542|164|238|13420|3174|9002|2393|4418|1284|313|337|143|234|170|246|19966|4422|11618|3070|8348|2323|3789|1645|3227|1525|562|475|650|801|650|801|0|216|0|216|0|216|0|216|0|216|0|216|0|216|808|517|411|329|397|477
5001800US5110|758612|10339|507748|13358|104323|8162|58208|5774|46115|5748|2496|1047|2106|909|390|325|149|227|149|227|0|216|596|404|596|404|0|216|793|782|692|768|101|149|1967|1043|1503|799|464|405|415|453|415|453|0|216|736|572|736|572|0|216|2364|1140|1410|769|954|721|337|299|288|292|49|83|767|1244|609|986|158|261|1174|632|818|526|356|340|86|141|86|141|0|216|12342|4513|6901|2665|5441|2820|1914|853|1548|695|366|251|10665|2673|9447|2506|1218|545|14309|4302|10956|3234|3353|1877|3497|1549|2537|1219|960|603|5035|2212|3045|1265|1990|1123|6907|2922|5215|2416|1692|949|3162|1483|2464|1154|698|489|13309|3581|12238|3506|1071|661|2447|1235|1991|1056|456|405|1889|1127|1700|973|189|220|6526|2183|4245|1712|2281|766|942|573|620|406|322|279|7647|2067|4012|1320|3635|1318|45|75|45|75|0|216|4717|1976|2293|1293|2424|981|1180|736|327|227|853|714|2361|1213|2155|1214|206|183|4947|2858|2429|1313|2518|2383|6001|2194|4482|1671|1519|824|1366|706|927|519|439|322|12992|4270|10025|3746|2967|1239|84|143|84|143|0|216|4655|3237|3195|1896|1460|1581|4612|1704|3952|1485|660|501|701|481|701|481|0|216|0|216|0|216|0|216|76|131|76|131|0|216|333|352|333|352|0|216
5001800US5111|739214|12466|450963|10723|87052|7785|53889|5362|33163|5134|5483|2222|4683|1913|800|561|581|437|581|437|0|216|1351|667|1301|672|50|79|2038|1192|1378|804|660|625|3108|984|2730|941|378|345|1049|882|849|769|200|207|1308|743|1102|721|206|215|5673|2708|4058|1899|1615|984|173|202|86|142|87|143|371|305|275|260|96|161|1270|985|684|508|586|854|217|220|177|210|40|66|11666|2988|9054|2473|2612|975|1647|901|1107|626|540|477|11621|2921|9908|2644|1713|647|12736|3786|8727|2470|4009|1903|3841|1918|2612|1484|1229|938|3680|1786|2599|1261|1081|726|5667|2081|3978|1411|1689|1401|4390|2168|3134|1630|1256|718|4710|1354|3935|1183|775|445|4296|1683|3927|1604|369|255|1653|1088|1573|1083|80|129|20901|2860|12517|2076|8384|1697|3861|1683|3004|1249|857|625|23726|4053|10596|2474|13130|2725|135|159|135|159|0|216|13691|3126|5176|1526|8515|2154|713|636|563|570|150|203|2221|1052|1143|612|1078|600|8657|3568|5800|2305|2857|2407|5756|2023|4656|1688|1100|581|1466|578|810|363|656|458|15338|3353|10887|2765|4451|1517|154|252|154|252|0|216|10466|2776|7334|1992|3132|1301|3938|1736|3014|1431|924|713|878|463|878|463|0|216|0|216|0|216|0|216|57|94|0|216|57|94|712|446|712|446|0|216
5001800US5301|742146|9983|507827|14073|47663|6239|30669|4659|16994|3046|2636|1337|2171|1096|465|377|63|108|63|108|0|217|452|497|442|496|10|17|4295|2187|3435|1767|860|590|1883|994|1789|987|94|156|494|424|406|345|88|144|337|396|337|396|0|217|11646|3147|7555|2317|4091|1295|762|530|659|456|103|164|693|574|562|550|131|154|5163|2813|3160|1602|2003|1678|160|192|160|192|0|217|5669|2352|3767|1986|1902|744|3487|1583|3035|1456|452|342|17086|4142|15699|4026|1387|710|3591|2276|3055|1919|536|480|2908|1619|1554|1117|1354|913|883|705|724|615|159|184|2595|1107|2192|1020|403|406|5057|1515|4255|1426|802|560|9451|2772|7692|2350|1759|913|7458|2656|5959|2107|1499|1231|4961|1831|4565|1675|396|358|36399|3700|21837|2596|14562|2395|4184|1677|2119|960|2065|918|8406|2306|4348|1388|4058|1344|355|380|150|189|205|333|12047|3774|6111|2186|5936|2072|2559|1379|941|541|1618|1229|3774|2115|1271|703|2503|1693|2732|1300|2233|1021|499|443|6031|2327|4492|1898|1539|1133|3183|1464|2242|986|941|901|4110|2239|3176|1885|934|647|2041|1467|2041|1467|0|217|4982|2487|2421|1508|2561|1330|863|888|537|479|326|519|1378|784|1110|674|268|195|0|217|0|217|0|217|1516|1626|1165|1561|351|452|366|252|304|236|62|88
5001800US5302|742062|7575|605202|9036|55946|5967|34133|4435|21813|4215|3216|932|2723|871|493|362|0|217|0|217|0|217|2002|1449|1442|1248|560|543|982|599|776|542|206|221|1844|707|1769|704|75|119|535|373|535|373|0|217|80|133|0|217|80|133|7634|3599|2821|1732|4813|3035|527|588|441|573|86|142|1514|2100|523|842|991|1267|4258|2720|847|852|3411|2255|0|217|0|217|0|217|1635|1141|1528|1052|107|180|0|217|0|217|0|217|2610|1237|2203|1043|407|370|722|649|644|639|78|127|3978|1587|3258|1489|720|546|463|743|176|280|287|465|552|711|509|709|43|73|658|371|495|321|163|194|186|315|186|315|0|217|13|21|13|21|0|217|106|175|106|175|0|217|8645|2567|4616|1563|4029|1493|2179|1145|1428|1035|751|410|3911|1454|1574|682|2337|979|304|434|71|115|233|414|6859|3161|3677|2105|3182|1553|1209|979|721|628|488|413|2713|1950|757|635|1956|1418|1118|728|654|368|464|573|7165|2156|4629|1403|2536|1174|4311|2114|2279|1156|2032|1326|3628|2169|2717|1867|911|814|115|141|115|141|0|217|3371|1637|2113|1227|1258|872|212|302|212|302|0|217|1382|974|1253|940|129|224|0|217|0|217|0|217|236|193|183|157|53|94|41|67|0|217|41|67
5001800US5307|741627|9646|587086|11756|43962|6334|26600|3515|17362|4274|4111|1314|4111|1314|0|217|0|217|0|217|0|217|993|522|664|421|329|272|2592|1352|2059|978|533|533|2608|918|2369|881|239|232|220|262|220|262|0|217|530|347|460|288|70|116|3060|909|2040|680|1020|561|616|495|362|311|254|343|1100|713|774|554|326|272|1964|888|1624|773|340|268|365|396|153|179|212|351|2036|902|1923|900|113|124|1171|983|938|763|233|293|8661|2584|8108|2603|553|374|836|680|734|571|102|172|680|424|633|420|47|76|1590|938|1530|932|60|102|2232|1797|1910|1360|322|532|2639|1044|2594|1039|45|74|2715|1062|2629|1045|86|140|1015|718|565|403|450|581|878|605|663|488|215|356|24057|3929|15529|2866|8528|1888|5515|1534|4142|1128|1373|679|5221|1513|3655|1266|1566|818|134|218|134|218|0|217|7799|2342|4141|1355|3658|1331|797|493|501|350|296|277|895|505|481|418|414|265|2115|988|1504|791|611|429|6955|2079|4747|1640|2208|953|2371|1206|1684|715|687|692|2340|1347|1683|1108|657|619|404|400|300|278|104|172|6594|2746|4258|2297|2336|1340|410|362|254|241|156|261|1492|1001|1142|865|350|428|32|55|32|55|0|217|0|217|0|217|0|217|836|504|756|440|80|132
5001800US5308|737036|14689|585521|13609|54144|6559|33878|5086|20266|3486|1719|718|1439|617|280|230|0|217|0|217|0|217|645|455|601|423|44|74|1529|883|1358|766|171|201|2941|1009|2665|1002|276|241|659|787|595|686|64|105|483|531|339|343|144|232|6411|2945|3838|2160|2573|1340|796|843|331|325|465|530|194|229|150|193|44|74|5195|2887|3242|2045|1953|1172|42|69|42|69|0|217|2127|998|1526|805|601|474|520|461|360|314|160|196|6870|2235|5784|1769|1086|934|239|279|239|279|0|217|3126|2445|2060|1827|1066|936|720|586|682|562|38|62|3805|2522|2936|2002|869|688|2896|1567|2529|1410|367|317|5431|2107|4743|2050|688|495|2722|1098|2337|1020|385|268|2126|1360|1954|1214|172|263|17664|3106|10975|2406|6689|1566|1637|734|1200|540|437|289|5830|2916|3254|1676|2576|1701|355|590|254|424|101|166|4710|2137|2138|1121|2572|1263|524|488|524|488|0|217|795|657|434|380|361|369|528|492|276|239|252|303|3722|925|2944|773|778|398|1886|1085|1638|1041|248|220|4607|3607|3878|2964|729|713|957|893|860|843|97|158|793|642|793|642|0|217|352|363|352|363|0|217|863|718|531|495|332|541|0|217|0|217|0|217|691|861|691|861|0|217|261|227|261|227|0|217
5001800US5309|720942|13723|435851|14212|74447|8551|40148|5061|34299|5580|3068|1565|2238|1409|830|495|216|284|0|217|216|284|870|602|799|590|71|116|1337|721|1048|599|289|308|1329|986|1329|986|0|217|576|391|512|348|64|108|400|293|352|255|48|79|7015|2581|2915|1450|4100|1618|1111|681|904|604|207|233|773|797|725|797|48|7|9510|4369|3689|2213|5821|2931|473|559|140|139|333|539|2683|1170|1604|808|1079|768|522|710|101|167|421|686|7334|2014|6475|1920|859|421|1487|1000|1205|813|282|335|4410|1774|2364|1211|2046|961|1108|981|725|694|383|539|2331|1310|1994|1168|337|382|4018|1937|2569|1367|1449|940|1929|1770|1236|1005|693|798|923|939|712|678|211|283|628|416|628|416|0|217|40348|5906|17097|3180|23251|4181|4169|1203|2649|821|1520|725|11680|2547|5452|1552|6228|1592|147|238|147|238|0|217|24778|4049|9949|2589|14829|2875|2552|936|1199|576|1353|655|2044|1011|891|480|1153|706|3315|1969|1502|842|1813|1570|18367|3672|12161|2679|6206|1855|8078|2183|5133|1582|2945|1098|6258|2975|4179|1971|2079|1452|1212|1092|1159|1083|53|89|24930|5769|14698|3896|10232|2723|1474|881|1310|856|164|197|6174|2735|5068|2472|1106|786|106|141|64|113|42|74|222|289|222|289|0|217|739|463|697|418|42|69
9600000US0611820|473151|13872|159411|9018|113198|8263|60392|5274|52806|6139|719|435|520|388|199|203|0|221|0|221|0|221|458|311|261|269|197|145|3602|2183|2311|1885|1291|616|556|368|441|338|115|140|102|121|102|121|0|221|111|135|111|135|0|221|1559|829|864|434|695|562|40|67|40|67|0|221|405|500|326|458|79|128|254|260|254|260|0|221|113|187|113|187|0|221|1650|828|1147|633|503|367|1893|1303|1448|1119|445|329|6110|1654|5315|1453|795|623|1896|1293|1701|1251|195|251|4647|1686|3295|1441|1352|642|807|551|595|388|212|231|2664|1627|2145|1196|519|530|274|324|173|279|101|165|3840|1553|3294|1347|546|402|4126|2160|3639|1757|487|546|4035|1940|3401|1589|634|810|40184|5793|18175|3487|22009|3537|1331|871|1056|765|275|326|4579|2028|2104|1207|2475|1335|94|156|94|156|0|221|82368|6855|32869|3832|49499|4661|3567|1916|1399|882|2168|1244|833|467|560|382|273|190|1302|816|764|632|538|450|19423|3616|12916|2646|6507|1764|2982|1441|1583|756|1399|963|1771|1032|1511|968|260|333|0|221|0|221|0|221|1012|893|790|938|222|210|422|468|422|468|0|221|72|103|72|103|0|221|0|221|0|221|0|221|135|151|135|151|0|221|606|690|451|648|155|191
9700000US0622710|4297016|16114|1800746|24797|1811611|23567|934747|19409|876864|20759|23716|3215|20046|3017|3670|1024|3448|1818|2382|1177|1066|1087|8134|1902|6948|1719|1186|656|9378|2325|7236|1854|2142|836|9891|1780|9028|1742|863|481|3457|1829|3231|1810|226|182|3763|1646|2642|1308|1121|763|35270|4247|17591|3068|17679|2715|2449|937|1987|786|462|292|3738|1558|2589|1199|1149|691|5327|1666|3888|1235|1439|949|82524|9254|49975|6308|32549|4815|52016|6187|31402|4468|20614|3704|3197|1456|2658|1304|539|395|16727|3931|14602|3672|2125|1107|3597|1570|1856|690|1741|1438|7299|2391|5731|2025|1568|873|9962|3331|4361|1598|5601|2371|3886|1621|2713|1294|1173|597|6622|2075|4565|1353|2057|1463|3411|1871|2478|1711|933|732|1955|973|1733|864|222|306|2592|1251|2116|1037|476|419|70041|6155|42639|4341|27402|3779|18396|3341|10507|2583|7889|1464|85919|7089|31158|4144|54761|5300|326|286|297|280|29|76|21457|4176|9124|2076|12333|3094|2457|1433|1193|764|1264|724|10811|2664|4073|1133|6738|2029|5085|1505|3268|1196|1817|911|104664|7231|71468|5888|33196|4398|7741|2043|5327|1637|2414|999|18855|3300|12440|2665|6415|1773|13731|3694|10158|2876|3573|1700|5078|1697|2929|1490|2149|795|6753|2314|5375|2045|1378|811|3728|3504|1435|1014|2293|2676|0|221|0|221|0|221|369|375|369|375|0|221|6889|2296|3268|1167|3621|2031
9700000US0634320|1025239|13369|641538|15727|210267|14240|139945|8809|70322|9093|7727|2111|7251|2059|476|360|260|307|234|288|26|60|2867|1217|2230|1187|637|529|5656|1749|3685|1177|1971|1042|3984|1671|3564|1557|420|322|1297|768|1297|768|0|221|227|214|227|214|0|221|7202|3031|4455|2005|2747|1497|1202|847|1108|843|94|112|777|531|696|494|81|132|1482|1092|697|394|785|908|239|242|239|242|0|221|5138|1507|3016|922|2122|1116|836|538|709|483|127|154|5198|2114|4483|1750|715|632|626|615|433|422|193|323|85|103|85|103|0|221|1983|923|1292|668|691|619|2038|2192|1867|2268|171|236|1989|892|1100|520|889|700|1754|991|1625|971|129|157|780|457|776|456|4|13|794|482|794|482|0|221|24680|4441|13823|2717|10857|2838|5125|2429|2906|1361|2219|1266|4672|1408|2904|1148|1768|689|216|333|203|333|13|3|27502|5117|10439|2725|17063|3418|2538|1425|1049|764|1489|951|4053|1646|1751|922|2302|1004|2667|1372|1331|702|1336|1135|25678|3971|15005|2992|10673|1972|5141|2155|3793|1883|1348|1097|7892|2790|5377|2207|2515|1556|952|728|592|483|360|529|5132|2653|2601|1394|2531|1955|524|439|405|377|119|135|1171|605|687|484|484|462|36|62|36|62|0|221|80|109|80|109|0|221|1234|801|633|677|601|584
9700000US0634410|776792|231|435426|7196|89104|4641|59038|4577|30066|4367|10460|2635|8840|2480|1620|812|333|278|333|278|0|221|2840|1379|2568|1296|272|254|3183|1181|2886|1103|297|248|4008|1016|3725|978|283|224|834|553|755|543|79|129|518|402|470|363|48|78|11234|2637|6484|2189|4750|1296|1222|672|1222|672|0|221|374|328|374|328|0|221|593|426|464|389|129|152|465|421|465|421|0|221|3231|1432|3156|1428|75|89|842|492|842|492|0|221|6286|1742|5840|1880|446|440|2723|1795|1688|1294|1035|776|1284|801|1167|776|117|202|1949|1240|1428|804|521|697|1497|967|883|515|614|550|1263|558|1209|555|54|89|999|618|970|601|29|47|1227|874|1227|874|0|221|1227|707|941|601|286|381|136159|6429|54394|4082|81765|5600|6371|1638|3579|1102|2792|1148|6641|1736|3696|1068|2945|1271|865|995|180|216|685|1046|8060|2160|3459|1146|4601|1553|401|298|309|209|92|155|2305|1288|1184|781|1121|812|3216|1476|1455|963|1761|1067|20791|3715|11946|2497|8845|2349|3092|1725|2077|1340|1015|620|2436|1077|1534|781|902|590|1740|915|1689|906|51|85|652|662|560|644|92|152|224|199|224|199|0|221|179|247|179|247|0|221|0|221|0|221|0|221|0|221|0|221|0|221|538|406|377|234|161|260
9700000US1100030|640460|5|516502|8164|56833|5385|37527|4737|19306|2700|11081|2557|9381|2132|1700|913|1743|1370|1720|1366|23|39|2038|794|1825|750|213|281|3190|1882|2894|1923|296|272|3052|1225|2900|1163|152|197|927|665|927|665|0|244|618|445|618|445|0|244|2189|869|2189|869|0|244|385|310|385|310|0|244|702|641|488|449|214|259|754|455|632|433|122|155|175|226|175|226|0|244|2002|862|1351|615|651|552|672|471|672|471|0|244|2042|844|1763|776|279|291|1381|922|1356|907|25|43|67|74|67|74|0|244|178|154|178|154|0|244|525|366|449|350|76|124|884|488|774|434|110|115|157|242|157|242|0|244|236|158|190|141|46|75|141|167|141|167|0|244|5300|1205|3764|968|1536|653|304|301|233|276|71|116|2800|1137|1953|1014|847|579|0|244|0|244|0|244|974|522|391|215|583|467|0|244|0|244|0|244|494|407|422|357|72|121|1936|1235|1277|854|659|466|1726|988|1381|977|345|397|912|784|409|386|503|535|1798|889|1798|889|0|244|591|390|545|386|46|76|7744|3113|5397|2484|2347|1433|4519|1821|4274|1870|245|267|1181|847|1076|717|105|172|0|244|0|244|0|244|0|244|0|244|0|244|1707|1316|946|828|761|890
9700000US1200180|1857258|266|1035026|19714|535021|8644|313742|9526|221279|10469|17715|3360|11065|2422|6650|2092|108414|13266|63485|8831|44929|7337|4783|1168|3092|960|1691|675|43548|7535|25125|4294|18423|4452|5416|1393|5213|1372|203|161|1482|1008|1023|685|459|727|1479|912|1180|746|299|306|14662|3642|6521|1972|8141|2701|3193|1193|2441|1105|752|506|666|573|666|573|0|243|6951|3100|3431|1903|3520|2352|27|45|27|45|0|243|491|546|466|535|25|43|3304|2081|2604|1531|700|999|3106|1651|3106|1651|0|243|4890|2666|3689|2052|1201|902|159|197|159|197|0|243|1631|1297|515|437|1116|1034|402|369|402|369|0|243|4825|1742|3247|1225|1578|861|2320|1693|1924|1494|396|464|290|377|290|377|0|243|5826|3045|4895|2761|931|841|9960|2853|5442|1821|4518|1504|1552|918|1141|779|411|424|1364|1031|418|513|946|630|0|243|0|243|0|243|3554|1552|818|454|2736|1409|0|243|0|243|0|243|839|681|207|249|632|523|1574|1023|1301|812|273|358|5566|1808|4546|1539|1020|862|1015|750|897|661|118|109|6560|3143|5124|2548|1436|1085|8177|2805|7152|2561|1025|745|135|225|0|243|135|225|1041|639|987|674|54|92|1111|832|1111|832|0|243|0|243|0|243|0|243|25|20|13|14|12|16|9158|2652|8052|2503|1106|758
9700000US1200390|2543042|70|633308|16079|1685024|11351|845065|15374|839959|14543|20280|3936|15881|3607|4399|1335|91612|9742|51646|8135|39966|4371|7822|2690|5891|2269|1931|1183|29113|4755|20965|3900|8148|1987|3184|783|2769|787|415|381|2082|923|1639|774|443|294|638|641|638|641|0|243|9621|2427|5169|1428|4452|1811|635|406|463|339|172|217|340|310|340|310|0|243|2448|989|2059|906|389|368|27|45|27|45|0|243|1554|1802|978|950|576|934|1984|1441|1914|1451|70|119|1938|1027|1840|1023|98|124|2589|1633|2081|1403|508|408|1419|1449|807|715|612|889|483|441|369|319|114|164|1409|1576|1277|1567|132|227|2810|1214|2465|1051|345|312|59|100|59|100|0|243|919|834|919|834|0|243|496|421|438|352|58|96|8654|2150|4110|1159|4544|1882|644|458|497|408|147|186|669|393|411|344|258|218|0|243|0|243|0|243|2431|1347|549|419|1882|1127|108|183|108|183|0|243|643|447|382|361|261|221|3466|1837|2641|1552|825|578|2904|1310|2194|1150|710|560|544|352|396|319|148|178|4434|1592|3417|1420|1017|534|11717|4006|10986|3901|731|500|881|830|881|830|0|243|992|784|992|784|0|243|291|504|291|504|0|243|47|94|47|94|0|243|140|201|140|201|0|243|2683|1267|1399|637|1284|871
9700000US1200870|1449309|281|993614|14211|337270|10565|186147|10458|151123|8746|5710|1975|4907|1926|803|481|12708|3839|6911|2388|5797|2612|1962|689|1839|688|123|151|9838|3085|6864|2198|2974|1443|3304|1400|2974|1359|330|244|248|259|248|259|0|243|521|397|473|372|48|80|6193|2674|3374|1571|2819|1978|2885|2113|2271|1684|614|532|513|566|339|483|174|288|2208|1154|1184|716|1024|661|87|144|87|144|0|243|720|766|564|725|156|199|3808|1203|2878|873|930|582|5306|2609|4043|1943|1263|834|2764|1685|2140|1247|624|578|67|112|67|112|0|243|1260|1070|1044|854|216|265|1515|823|1410|777|105|183|2659|1474|1578|802|1081|900|3694|1853|3255|1792|439|331|2659|1689|2057|1568|602|524|2472|1117|1683|814|789|401|7879|2688|4330|1608|3549|1487|1597|1268|925|784|672|506|1965|1376|772|600|1193|911|0|243|0|243|0|243|8839|2735|3752|1374|5087|1996|105|171|105|171|0|243|939|566|508|394|431|326|1126|729|687|567|439|383|3584|1483|2748|1346|836|528|445|401|445|401|0|243|14659|5248|10082|3632|4577|2529|251|251|251|251|0|243|833|727|481|465|352|328|1006|1410|818|1088|188|331|129|183|129|183|0|243|0|243|0|243|0|243|0|243|0|243|0|243|1967|1258|1452|1098|515|556
9700000US1201440|1389867|155|846922|14888|363176|10527|216174|9441|147002|8985|3339|1246|3045|1176|294|266|49267|8977|24199|5374|25068|5495|2334|823|2019|739|315|244|35548|7897|21264|4752|14284|3840|3437|2693|3352|2682|85|104|451|382|451|382|0|243|684|666|684|666|0|243|2928|1142|2158|940|770|532|522|440|468|385|54|89|1459|1372|1282|1234|177|291|1252|691|944|538|308|321|0|243|0|243|0|243|2418|1386|1696|1106|722|552|2207|1049|1770|1012|437|545|3933|1837|2885|1422|1048|917|5746|3109|4411|2374|1335|1209|1234|1210|917|803|317|443|2030|1018|1659|860|371|432|1656|1144|1094|697|562|642|2476|1795|2204|1579|272|306|1439|884|1299|804|140|165|96|169|96|169|0|243|1019|695|927|653|92|116|8125|2320|3982|1373|4143|1561|2865|1698|1084|618|1781|1317|1883|974|1185|771|698|439|8|15|8|15|0|243|12415|3266|5599|1660|6816|2445|264|280|176|234|88|146|2225|1323|433|358|1792|1195|1019|780|725|600|294|337|5428|1409|4520|1261|908|586|339|451|294|448|45|76|10530|4223|8253|3915|2277|1289|776|534|776|534|0|243|621|775|431|733|190|299|1863|1948|887|977|976|1127|575|532|575|532|0|243|0|243|0|243|0|243|0|243|0|243|0|243|5358|3906|4798|3640|560|580
9700000US1201500|1459144|218|960630|16232|292385|6576|153540|8580|138845|8118|10655|2304|6495|1587|4160|1425|88456|10808|41644|5835|46812|8301|5170|1781|4176|1453|994|578|25509|5644|16795|4348|8714|2627|5220|1741|4652|1563|568|410|2051|977|1496|816|555|695|1400|844|1170|766|230|259|8852|2910|4974|2252|3878|1805|2395|1033|1973|948|422|359|875|675|758|649|117|193|3468|2157|2538|1411|930|983|351|452|260|428|91|149|1820|1461|1753|1456|67|94|1367|975|908|720|459|549|1592|1022|1115|831|477|460|922|716|922|716|0|243|352|381|352|381|0|243|2657|1845|1418|1153|1239|870|969|691|609|600|360|362|3972|1620|2821|1313|1151|653|832|694|637|637|195|339|1000|931|1000|931|0|243|619|660|619|660|0|243|5702|2112|3176|1169|2526|1420|126|158|49|86|77|127|312|348|102|169|210|287|0|243|0|243|0|243|4662|1812|2546|1242|2116|913|126|162|0|243|126|162|2071|2027|896|637|1175|1572|1940|1549|1105|924|835|687|4090|1567|3346|1293|744|665|181|235|181|235|0|243|6211|1922|4782|1426|1429|729|5522|2517|4634|2451|888|649|0|243|0|243|0|243|337|421|337|421|0|243|79|131|79|131|0|243|0|243|0|243|0|243|0|243|0|243|0|243|4266|1736|2827|1393|1439|865
9700000US1201560|925312|249|774071|6727|72138|4335|42977|3281|29161|3316|4291|1058|3827|1111|464|354|750|413|512|389|238|66|3543|1179|2545|930|998|626|2293|939|1656|868|637|391|3466|1424|3203|1271|263|229|311|195|311|195|0|243|4972|1826|3121|1295|1851|1119|3951|1453|2373|1103|1578|761|4271|2500|2526|1541|1745|1231|5893|2216|2981|1185|2912|1593|3845|1159|2283|851|1562|772|128|212|0|243|128|212|1093|816|848|765|245|253|1996|1177|1372|1044|624|465|2770|1907|2208|1282|562|787|736|940|460|523|276|444|0|243|0|243|0|243|1139|1045|522|602|617|531|500|735|420|601|80|138|3401|1327|1862|778|1539|946|358|332|358|332|0|243|183|203|151|176|32|52|237|196|237|196|0|243|1683|794|797|381|886|579|221|209|198|193|23|39|551|444|106|107|445|403|0|243|0|243|0|243|9326|2083|3894|1425|5432|1330|759|683|360|388|399|327|1557|819|451|360|1106|673|1866|1320|946|777|920|1041|3489|1705|2719|1506|770|507|591|422|308|269|283|284|5252|2533|3316|1466|1936|1275|286|301|286|301|0|243|0|243|0|243|0|243|0|243|0|243|0|243|1377|1707|1185|1420|192|309|0|243|0|243|0|243|0|243|0|243|0|243|2018|1823|1756|1804|262|237
9700000US1301290|674522|1321|528188|8185|79600|5472|46673|4087|32927|4366|2403|1301|1539|852|864|856|2609|1361|1946|1113|663|512|355|288|355|288|0|226|9157|3386|6591|2789|2566|1369|1316|733|1281|720|35|59|754|491|683|465|71|85|250|266|250|266|0|226|1313|760|1165|607|148|186|662|645|464|606|198|236|852|1055|852|1055|0|226|2302|1435|1283|863|1019|687|0|226|0|226|0|226|1607|1010|1173|866|434|407|3708|1662|3182|1585|526|485|4537|2251|4321|2156|216|239|802|621|543|364|259|325|194|238|144|189|50|61|709|635|602|628|107|155|1639|1028|1506|974|133|140|221|240|221|240|0|226|1139|1050|958|852|181|288|2559|1728|1797|1271|762|568|538|371|505|347|33|55|3830|1168|2221|800|1609|755|1175|743|688|409|487|427|1815|841|578|397|1237|798|0|226|0|226|0|226|2791|1064|1108|463|1683|747|0|226|0|226|0|226|431|352|231|212|200|188|2056|1886|1438|1610|618|762|2607|1078|1150|432|1457|968|264|211|225|180|39|67|1228|615|1164|603|64|103|350|307|246|175|104|165|815|651|715|636|100|178|6984|2808|5820|2435|1164|766|2261|1223|2020|1177|241|224|0|226|0|226|0|226|128|219|128|219|0|226|373|325|373|325|0|226
9700000US1301740|654217|1284|514588|7981|61707|3297|27796|3383|33911|3189|2918|1160|2437|1050|481|373|1500|1068|1139|848|361|324|1005|826|911|747|94|147|1065|687|930|633|135|170|1156|730|1111|730|45|4|100|120|100|120|0|226|128|156|128|156|0|226|342|330|130|123|212|292|92|111|92|111|0|226|944|860|583|701|361|270|831|821|384|337|447|532|0|226|0|226|0|226|4256|2307|1729|887|2527|2015|1087|663|904|584|183|187|4523|1776|3359|1533|1164|658|866|699|823|679|43|67|0|226|0|226|0|226|4948|2175|2673|1455|2275|1069|1714|1841|447|338|1267|1828|1772|1445|863|701|909|944|193|197|126|165|67|112|443|425|360|367|83|138|186|220|186|220|0|226|4671|1958|2552|934|2119|1600|1269|1101|1152|1056|117|198|2477|1043|1452|761|1025|506|0|226|0|226|0|226|4670|2250|2129|1410|2541|1117|80|136|0|226|80|136|303|266|129|135|174|186|2142|1344|952|768|1190|842|1226|778|1140|715|86|145|0|226|0|226|0|226|3583|2626|2245|1889|1338|902|636|621|249|225|387|544|15796|4791|8732|3204|7064|2472|5069|2299|4237|1933|832|765|2642|1869|1605|1333|1037|730|0|226|0|226|0|226|0|226|0|226|0|226|3289|1616|2920|1514|369|401
9700000US1302280|574717|2563|449367|6958|43761|4697|30053|4120|13708|2533|4526|2059|4318|2015|208|246|632|650|622|649|10|5|817|491|817|491|0|226|5385|2679|2740|1334|2645|2138|2167|1411|1898|1367|269|288|970|691|970|691|0|226|216|204|165|146|51|84|2333|902|1447|683|886|461|26|45|26|45|0|226|280|247|280|247|0|226|749|493|597|444|152|130|139|233|139|233|0|226|1855|969|1239|742|616|415|1742|908|983|517|759|674|6454|2310|5744|2065|710|547|1162|727|1051|660|111|168|575|736|575|736|0|226|1152|1027|762|927|390|366|1236|865|814|554|422|656|1548|1094|1230|780|318|502|6232|2055|5743|2036|489|306|4096|1611|3219|1250|877|534|1355|739|1297|691|58|97|10976|2368|5533|1535|5443|1360|1825|1161|971|895|854|673|6379|1952|3113|1459|3266|1104|0|226|0|226|0|226|1314|823|409|286|905|743|0|226|0|226|0|226|67|118|67|118|0|226|917|654|671|592|246|254|698|413|664|400|34|56|565|783|464|617|101|173|3021|1403|1998|1099|1023|647|1008|576|872|475|136|161|280|325|280|325|0|226|6301|3319|4687|2455|1614|1359|919|800|825|745|94|155|0|226|0|226|0|226|261|228|230|234|31|54|1411|1108|1411|1108|0|226
9700000US1302550|906681|4140|551141|12679|181737|6152|91235|5452|90502|5394|8180|2635|6281|2225|1899|987|4559|2503|3247|1509|1312|1263|296|295|296|295|0|226|2240|1828|1771|1755|469|354|1583|755|1283|671|300|336|236|274|236|274|0|226|451|441|451|441|0|226|2346|1236|1210|588|1136|951|1542|1620|1036|1125|506|546|4106|2505|3115|2342|991|601|656|441|428|275|228|300|0|226|0|226|0|226|2508|1259|1498|951|1010|701|7154|2610|4836|2221|2318|1093|6131|2540|4892|2211|1239|788|6982|2242|4565|1548|2417|981|1096|864|599|528|497|491|4913|2211|3375|1927|1538|709|1786|1113|1160|757|626|546|6869|2749|4708|2201|2161|1088|1303|726|733|551|570|485|345|317|345|317|0|226|2316|1551|1486|1259|830|770|19030|4015|7488|2130|11542|2385|979|467|367|271|612|397|22154|3230|8694|1899|13460|2075|391|569|143|170|248|419|21836|3957|7853|1807|13983|2924|653|800|472|598|181|212|1826|1429|1050|1100|776|505|5062|2598|2141|1398|2921|1464|1432|770|858|492|574|525|273|309|197|200|76|122|6814|3867|5682|3441|1132|674|1081|1405|1081|1405|0|226|12953|5426|8627|3549|4326|2709|8538|2522|7414|2377|1124|661|1730|1212|1514|1020|216|333|0|226|0|226|0|226|0|226|0|226|0|226|1453|806|1377|794|76|140
9700000US1709930|2525684|5730|1650072|20147|573602|19437|339058|13761|234544|13053|10179|3108|8086|2666|2093|1015|4084|1964|1404|955|2680|1901|3993|1299|3178|1101|815|400|2805|946|2397|902|408|367|6816|1780|6430|1718|386|267|864|795|864|795|0|206|4496|1435|3673|1367|823|396|11641|3731|6436|1887|5205|2949|33045|4879|16132|3256|16913|3099|5655|2542|3928|1714|1727|1044|12657|2762|7008|1995|5649|2095|646|584|439|476|207|277|2520|1219|1826|1038|694|441|7747|3043|5861|2590|1886|960|9761|3037|8251|2892|1510|1081|9398|4254|5519|2768|3879|2049|1063|1164|1063|1164|0|206|1779|1338|1526|1313|253|235|5551|4560|1521|1105|4030|3750|10075|3808|7362|3389|2713|1597|2673|1471|2608|1479|65|110|1891|1545|1782|1540|109|131|2883|1645|1743|833|1140|1161|52225|6883|19907|2896|32318|5551|2749|1096|1919|974|830|434|7562|2176|5464|1803|2098|904|73|122|73|122|0|206|5151|2073|3333|1421|1818|928|106|180|106|180|0|206|3046|1413|1798|972|1248|685|7788|2492|3759|1431|4029|1712|25512|4108|18572|3517|6940|2045|3959|2234|3105|1791|854|757|15351|5740|11930|4948|3421|1611|2697|1266|2697|1266|0|206|6041|2639|3861|2038|2180|1246|15490|4846|11506|4412|3984|1756|1095|700|1063|704|32|41|0|206|0|206|0|206|0|206|0|206|0|206|943|547|577|413|366|290
9700000US2400120|796961|169|664394|9343|42940|4427|26236|3250|16704|3351|8459|3125|5533|2659|2926|1986|429|386|398|401|31|54|1620|793|850|500|770|612|805|659|583|491|222|274|1719|937|1420|753|299|435|657|763|657|763|0|225|1767|1148|1608|1111|159|161|5197|1717|2842|1266|2355|864|597|718|269|264|328|531|96|169|96|169|0|225|550|481|411|441|139|170|59|100|59|100|0|225|1750|1099|739|540|1011|719|1618|1412|964|760|654|785|1594|800|1135|634|459|339|5264|2199|3449|1721|1815|760|1478|1207|952|1097|526|513|1924|996|1234|718|690|670|6561|2522|2686|1473|3875|2411|950|607|868|576|82|103|657|640|461|459|196|279|405|475|322|416|83|136|225|235|225|235|0|225|8106|2304|4381|1859|3725|1488|1096|730|1030|716|66|89|3384|1327|1127|660|2257|944|0|225|0|225|0|225|3002|1804|1412|1053|1590|1435|0|225|0|225|0|225|207|167|0|225|207|167|1128|960|647|573|481|455|4940|1780|3073|1103|1867|1100|712|655|712|655|0|225|5041|2626|2897|1608|2144|1761|1034|509|755|385|279|339|1070|806|588|499|482|365|12550|3394|10925|3017|1625|928|2494|1289|2382|1283|112|125|0|225|0|225|0|225|117|113|117|113|0|225|365|269|293|253|72|109
9700000US2400480|999108|217|565801|11290|176883|5410|94925|7218|81958|6985|27936|5033|21312|4208|6624|2329|4614|3033|3328|2065|1286|1182|1960|880|1444|728|516|336|7513|3275|4799|1845|2714|1957|3942|1245|3864|1238|78|132|974|492|974|492|0|225|1783|1137|1514|949|269|303|9047|2400|5530|1690|3517|1220|1136|688|949|648|187|186|404|429|404|429|0|225|4357|2945|2389|1693|1968|1911|887|642|751|505|136|174|7645|1857|4209|1116|3436|1262|3343|2073|2052|1074|1291|1214|10334|2324|9224|2152|1110|664|3044|1503|2052|919|992|837|2970|2140|2184|1676|786|696|6095|2430|4780|2013|1315|796|5630|2039|4357|1726|1273|776|4125|1751|3350|1382|775|527|3456|1819|3120|1727|336|308|1730|1019|1348|884|382|485|3715|1747|2942|1431|773|558|34908|4399|20235|2894|14673|2617|5006|2481|3653|2283|1353|700|13921|3326|7096|1976|6825|1978|0|225|0|225|0|225|9218|2314|3964|1220|5254|1571|2333|1794|1226|1243|1107|759|1179|646|795|548|384|289|4015|1991|2947|1583|1068|788|12041|2350|7749|1982|4292|1942|2699|1351|1969|1139|730|517|6937|2152|4985|1819|1952|1395|3166|1087|3020|993|146|193|26138|5043|17928|4111|8210|2301|9213|2809|6898|2267|2315|1155|6020|2838|4961|2362|1059|1031|0|225|0|225|0|225|59|94|59|94|0|225|2931|1328|2461|1173|470|500
9700000US2400510|891481|258|621121|9319|172348|5009|71987|5139|100361|5613|14272|3819|10683|3459|3589|1644|3703|2532|2556|1340|1147|1483|1466|1215|1275|1251|191|184|671|415|192|193|479|363|547|434|494|416|53|90|0|225|0|225|0|225|380|399|380|399|0|225|622|317|436|288|186|115|78|130|78|130|0|225|451|651|322|446|129|213|156|184|121|143|35|60|0|225|0|225|0|225|2902|1673|1297|766|1605|1020|746|457|632|429|114|125|3088|1276|1782|743|1306|747|1548|885|804|423|744|719|551|600|278|282|273|360|2233|1354|1614|1213|619|493|544|455|514|456|30|52|448|331|370|299|78|108|737|566|706|550|31|49|712|500|592|396|120|184|295|219|226|166|69|99|5712|1746|3135|1220|2577|1123|680|410|366|344|314|295|2485|1174|1000|624|1485|780|0|225|0|225|0|225|2136|1159|734|465|1402|803|199|193|85|122|114|137|138|165|138|165|0|225|742|389|501|308|241|245|5170|1253|3843|1118|1327|529|467|490|7|12|460|490|2771|1947|2006|1495|765|696|5|2|5|2|0|225|6486|2977|3851|2468|2635|1353|25936|7176|20543|6187|5393|2054|3695|2064|3105|2072|590|446|0|225|0|225|0|225|0|225|0|225|0|225|5240|2722|3506|1617|1734|1610
9700000US2502790|622877|4867|409550|8322|96713|5770|52082|4487|44631|3616|4239|1270|3075|911|1164|761|16454|4226|9399|3102|7055|2201|2070|876|1717|769|353|340|10977|2625|6314|1843|4663|1639|2942|1363|2453|1174|489|492|893|782|893|782|0|225|2142|1549|1835|1458|307|509|4161|1440|2205|960|1956|1042|326|280|326|280|0|225|185|200|185|200|0|225|1728|1242|1288|1018|440|392|289|242|289|242|0|225|1291|595|1095|551|196|204|185|139|140|117|45|76|3460|1259|3000|1257|460|324|644|499|504|409|140|179|737|580|567|387|170|293|680|543|382|286|298|332|450|510|55|78|395|513|2561|1227|1739|875|822|858|700|412|700|412|0|225|672|378|672|378|0|225|654|611|654|611|0|225|24271|3250|12202|1982|12069|2205|1346|732|875|606|471|462|3292|1273|2527|981|765|564|0|225|0|225|0|225|10201|3349|2586|1237|7615|2592|240|166|240|166|0|225|790|781|160|197|630|727|2414|1412|1931|1253|483|609|1343|1231|903|1176|440|418|1884|1682|556|532|1328|1337|3178|1398|2620|1297|558|345|163|197|163|197|0|225|4100|2462|2887|1794|1213|986|3066|1391|2216|1183|850|755|710|554|522|535|188|139|0|225|0|225|0|225|0|225|0|225|0|225|1176|854|861|666|315|355
9700000US3200060|2208399|-555555555|1456071|15106|504364|10017|297618|10043|206746|10231|6890|2119|5725|2012|1165|655|412|420|412|420|0|232|2485|1497|1142|641|1343|1363|4202|1842|3403|1647|799|830|7441|2311|6434|1921|1007|682|1632|1059|1632|1059|0|232|1041|585|816|463|225|227|4533|1987|2747|992|1786|1350|2463|900|1840|856|623|433|2947|1644|2021|1508|926|517|3963|1513|2342|873|1621|856|2648|1265|1946|1084|702|520|4078|2307|2671|1649|1407|886|1495|1498|835|773|660|801|1530|1024|1295|1003|235|305|4160|3079|2815|2357|1345|1223|1336|1206|1020|978|316|344|866|905|537|737|329|466|817|539|352|320|465|434|4052|1910|2552|1160|1500|1110|983|711|926|681|57|95|337|351|294|297|43|71|163|196|100|116|63|101|29240|4271|13266|2392|15974|2779|5180|1740|3244|1387|1936|1006|15211|3444|7768|2147|7443|2499|88|147|0|232|88|147|12064|3965|4447|1559|7617|3232|1858|1411|811|558|1047|1057|6018|1660|2921|1158|3097|1016|2779|2162|1811|1309|968|963|77931|8052|53279|5900|24652|3772|9337|1847|6660|1486|2677|931|4706|1702|3053|1153|1653|815|2614|1144|2057|1043|557|499|13430|4364|9740|3361|3690|1680|1716|1208|1582|1110|134|194|1819|1655|731|734|1088|1462|508|604|451|597|57|94|327|321|327|321|0|232|2664|1757|2283|1680|381|332
9700000US3620580|7812471|789|4065039|42468|1762011|21291|915409|20095|846602|19932|88631|9571|67874|7437|20757|4143|108244|9390|63086|6710|45158|5769|55513|6489|39640|5026|15873|2871|26908|4480|19749|3231|7159|2119|15518|2736|14991|2658|527|403|104414|13477|53627|9461|50787|8993|38674|5779|27905|5092|10769|2410|180356|15451|68788|8740|111568|10342|37336|6801|20747|5202|16589|3239|14569|4244|9218|3292|5351|2264|31291|5989|15275|4141|16016|3476|3206|1068|2550|883|656|349|13934|3413|7686|1842|6248|2604|9842|2373|6517|1599|3325|1320|31555|5866|24626|5016|6929|1625|43116|6402|23979|4328|19137|3593|14500|3266|7989|1986|6511|1824|136155|12091|58288|7468|77867|7382|18357|3648|9921|2226|8436|2171|55454|6594|35951|4839|19503|3393|2897|1312|2202|1021|695|673|4529|1774|3050|1409|1479|978|5315|1975|3393|1477|1922|1258|494867|15571|163688|7221|331179|12624|19171|3302|10915|2386|8256|1842|58452|7471|26625|3699|31827|5109|0|218|0|218|0|218|12507|3570|5126|2044|7381|2027|1580|882|581|432|999|740|6701|1915|3453|1421|3248|1188|35747|5852|16305|3592|19442|3618|46731|5491|35811|4330|10920|1912|5564|2014|2256|1005|3308|1701|91373|13024|57370|9807|34003|6240|43573|7448|36484|6917|7089|2097|5954|2327|4056|1849|1898|971|80424|10374|54404|8082|26020|4834|6213|2770|4451|2110|1762|1207|0|218|0|218|0|218|299|291|252|275|47|79|35951|6075|19734|3622|16217|3894
9700000US3702970|1090108|103|842738|10061|146051|5725|66433|5422|79618|5072|6865|2231|4157|1664|2708|1534|906|658|677|507|229|308|1799|1237|1272|1002|527|472|4071|1508|2381|1043|1690|1135|4094|2283|3122|1271|972|1369|918|541|823|502|95|114|1430|734|1188|597|242|232|3201|1580|1058|547|2143|1361|766|565|635|531|131|163|699|681|429|397|270|329|1918|1109|1184|627|734|674|229|389|229|389|0|222|1038|837|725|555|313|324|3311|1432|2033|1093|1278|583|5607|1768|5038|1745|569|340|1125|714|943|718|182|211|0|222|0|222|0|222|1218|795|1142|817|76|131|1829|1061|864|628|965|718|3241|2222|1509|775|1732|1752|7994|2327|5308|1711|2686|1222|2218|1509|1194|722|1024|1192|1088|568|1088|568|0|222|6054|1999|3706|1336|2348|1017|1300|945|881|853|419|312|889|872|792|735|97|163|1067|704|887|582|180|222|8652|2219|2457|928|6195|2016|2525|1709|1372|1078|1153|844|1366|956|477|440|889|717|3416|1639|1965|1114|1451|845|3375|1266|2566|1128|809|563|390|270|216|224|174|150|3832|1769|2707|1468|1125|701|465|374|416|333|49|80|8183|7009|4808|5080|3375|2498|1374|795|919|597|455|519|1334|974|1026|926|308|244|0|222|0|222|0|222|618|638|618|638|0|222|914|830|712|656|202|252
9700000US3704720|1122715|163|900942|9201|98142|5634|59334|5467|38808|4366|5043|2069|3704|1673|1339|778|1394|1441|1040|1081|354|476|866|573|770|573|96|162|4241|1942|3777|1893|464|341|2289|1216|1905|864|384|427|337|342|267|323|70|115|359|369|278|283|81|133|1876|909|1066|591|810|614|634|351|634|351|0|222|417|344|289|256|128|157|1673|868|1007|649|666|418|0|222|0|222|0|222|2041|1573|1595|1175|446|476|5261|1739|4283|1470|978|593|11001|3033|8986|2462|2015|1161|3773|3030|3557|2989|216|263|758|645|758|645|0|222|3500|1824|2635|1276|865|734|5729|2117|5056|2059|673|314|3042|1203|2625|1106|417|446|10178|3255|7696|2212|2482|1751|5476|2083|4622|1976|854|652|3466|1579|2839|1298|627|507|12020|2551|6871|1828|5149|1480|994|649|635|567|359|308|6359|1963|2356|1120|4003|1548|254|428|254|428|0|222|4786|2290|2469|1554|2317|1447|0|222|0|222|0|222|783|985|162|262|621|969|2055|1226|1226|814|829|630|1792|865|1411|724|381|449|1062|1073|733|764|329|334|11443|4218|8168|3096|3275|1420|0|222|0|222|0|222|799|515|602|501|197|111|5594|2644|5526|2623|68|111|1175|968|1045|944|130|213|118|179|0|222|118|179|203|252|203|252|0|222|840|623|700|567|140|228
9700000US4218990|1460109|186|1097615|13949|161379|7812|100154|6513|61225|5849|8342|2582|4925|1438|3417|2062|9887|4163|7417|3489|2470|1264|5927|2058|3659|1365|2268|1160|9624|4372|2207|1181|7417|3910|3509|1091|2987|980|522|325|1221|469|1221|469|0|190|1099|592|822|528|277|350|16480|4757|4814|1799|11666|4226|2839|1400|1703|757|1136|1069|241|234|241|234|0|190|6941|3402|2023|905|4918|3172|252|365|138|183|114|192|231|281|61|104|170|258|1352|832|1264|793|88|149|4155|2054|2802|1441|1353|895|2932|2245|1796|1416|1136|984|588|584|256|251|332|371|2869|2790|1367|1291|1502|1542|3517|3306|1461|1009|2056|2625|3308|1332|2028|1022|1280|618|976|743|727|642|249|276|1361|741|1203|744|158|167|6927|3240|3484|1828|3443|1594|37180|4225|12070|2394|25110|3113|1578|1016|1175|919|403|301|5215|1996|2403|974|2812|1460|300|485|134|218|166|270|12679|3246|5178|1480|7501|2259|2704|1260|869|594|1835|1105|1550|1334|676|636|874|865|6517|3777|3453|2268|3064|1983|2482|997|1658|673|824|683|1568|1157|448|553|1120|924|14676|4827|9622|3388|5054|2266|970|579|913|565|57|98|3379|1645|964|744|2415|1421|11694|6409|5947|4312|5747|3133|1289|1319|1128|1385|161|204|76|121|76|121|0|190|0|190|0|190|0|190|2680|1178|1532|832|1148|857
9700000US4823640|1398562|24260|765153|22520|508106|18594|258174|11770|249932|14888|9400|3191|8115|3067|1285|869|1729|1407|1571|1375|158|261|644|330|644|330|0|236|3823|1848|3431|1774|392|313|2227|1035|2169|1019|58|96|662|377|662|377|0|236|829|521|674|487|155|255|2763|1047|1650|781|1113|758|998|645|714|420|284|357|592|431|493|388|99|120|1019|582|793|391|226|264|211|206|174|177|37|61|5530|2093|3110|1580|2420|1322|1957|1263|1650|1028|307|345|6298|2261|5421|1983|877|554|1835|772|1120|564|715|463|216|178|216|178|0|236|1115|889|735|595|380|380|1822|936|1582|821|240|253|3694|1778|2271|1080|1423|1187|2690|1387|2161|1370|529|553|1857|1229|1815|1233|42|72|2595|1169|2281|1061|314|294|20982|3689|13695|2531|7287|2022|1550|901|895|647|655|369|2327|1027|1308|738|1019|665|0|236|0|236|0|236|9111|2322|4773|1304|4338|1626|225|301|0|236|225|301|985|925|359|278|626|892|2204|1486|964|824|1240|1000|5893|2420|5277|2071|616|522|888|756|888|756|0|236|7012|2034|4424|1549|2588|1118|1090|968|855|909|235|284|8079|3449|4268|2090|3811|1862|7083|2569|6438|2543|645|480|585|467|585|467|0|236|0|236|0|236|0|236|0|236|0|236|0|236|2783|2629|2107|2369|676|1112
9700000US4835100|351667|6284|224240|9554|39288|5758|26231|4146|13057|3502|1492|847|1060|709|432|364|0|236|0|236|0|236|0|236|0|236|0|236|2033|1783|1391|1319|642|596|526|373|451|295|75|125|198|318|198|318|0|236|33|56|33|56|0|236|2295|1115|1869|992|426|326|133|230|133|230|0|236|782|590|456|493|326|233|48|80|48|80|0|236|0|236|0|236|0|236|5286|2981|3010|1735|2276|2080|3199|1575|2175|1340|1024|798|8392|2836|7340|2463|1052|689|6070|2695|4930|2273|1140|701|0|236|0|236|0|236|2287|1057|1652|700|635|453|1164|893|827|848|337|327|1541|1127|1044|639|497|571|5811|2366|5349|2324|462|281|4223|1433|4127|1433|96|158|3107|1100|2550|936|557|391|11869|2216|7091|1725|4778|1092|1283|781|645|458|638|473|2157|1345|1234|877|923|696|0|236|0|236|0|236|5990|2016|3322|1469|2668|1047|396|427|180|305|216|291|163|215|163|215|0|236|456|431|214|215|242|293|3602|2330|2991|2240|611|445|260|308|100|165|160|262|6162|2714|4262|2123|1900|1087|778|589|778|589|0|236|1674|1994|1143|1586|531|498|1848|1907|1848|1907|0|236|1715|1717|625|792|1090|1461|0|236|0|236|0|236|814|635|762|607|52|86|352|354|266|320|86|148
9700000US5101260|1077101|154|647104|10718|149308|5791|89911|5835|59397|6350|8296|2454|7008|2108|1288|720|581|437|581|437|0|216|2060|1129|2060|1129|0|216|2716|1273|1819|829|897|669|4234|1136|3506|1045|728|409|1307|932|1107|822|200|207|2989|1703|2307|1304|682|627|6950|2800|5130|1949|1820|1053|526|362|349|299|177|203|597|433|365|289|232|243|2586|1513|1766|1025|820|899|733|853|693|852|40|66|15380|3719|11011|2922|4369|1478|1969|973|1352|703|617|498|14527|3336|12444|3022|2083|759|18731|4753|12280|3084|6451|2360|3819|1787|2697|1533|1122|786|5177|2175|3222|1396|1955|1182|7475|2429|4818|1645|2657|1560|5935|2189|4233|1626|1702|746|5531|1638|4756|1482|775|445|5175|1855|4651|1736|524|312|2149|1223|2017|1186|132|156|26024|3260|15438|2287|10586|1971|4664|1743|3774|1319|890|624|29371|4499|12402|2677|16969|2958|135|159|135|159|0|216|24454|5434|10613|3518|13841|3014|1676|967|1138|739|538|440|2669|1197|1120|614|1549|829|9259|3625|6195|2339|3064|2430|8241|2293|6379|1874|1862|755|3073|1816|2270|1533|803|521|24037|4455|17148|3625|6889|1682|154|252|154|252|0|216|18571|4097|12622|2671|5949|1985|6601|1990|5342|1720|1259|839|1369|876|1369|876|0|216|0|216|0|216|0|216|57|94|0|216|57|94|891|492|891|492|0|216
9700000US5102250|409994|85|263686|7585|43472|3877|22600|3114|20872|3518|2005|1007|1669|888|336|294|149|227|149|227|0|216|428|349|428|349|0|216|614|763|520|748|94|150|578|492|578|492|0|216|415|453|415|453|0|216|393|479|393|479|0|216|1623|849|1072|558|551|498|258|265|209|256|49|83|767|1244|609|986|158|261|735|493|556|439|179|208|86|141|86|141|0|216|9703|3933|5506|2530|4197|2585|1635|776|1362|654|273|211|9483|2602|8394|2433|1089|562|9459|3137|8022|2848|1437|911|2587|1321|1751|923|836|570|3600|1930|2221|1179|1379|878|4660|2533|3728|2190|932|685|1222|962|963|847|259|259|13016|3517|11979|3454|1037|655|2447|1235|1991|1056|456|405|1582|1014|1443|880|139|205|4924|2035|3321|1586|1603|696|629|508|372|325|257|261|2993|1362|1853|845|1140|803|0|216|0|216|0|216|3537|1844|1688|1165|1849|940|904|730|242|207|662|697|1219|646|1013|615|206|183|3336|2598|1562|1095|1774|2286|2431|1161|1558|745|873|660|847|705|439|513|408|306|9119|3712|7299|3277|1820|1008|84|143|84|143|0|216|1845|1375|1599|1138|246|390|2558|1362|2312|1264|246|321|607|439|607|439|0|216|0|216|0|216|0|216|76|131|76|131|0|216|282|336|282|336|0|216
9700000US5103130|451142|1276|278821|7794|95667|4844|52207|4843|43460|4356|1565|859|1460|829|105|123|459|444|404|411|55|96|168|209|168|209|0|216|930|807|704|548|226|370|1419|896|1034|691|385|363|53|81|53|81|0|216|456|392|456|392|0|216|378|431|202|339|176|278|156|156|156|156|0|216|0|216|0|216|0|216|1318|951|1076|887|242|290|52|87|52|87|0|216|6832|2482|4503|2285|2329|1136|1011|687|665|458|346|335|1283|696|1154|627|129|155|6709|3075|3950|1414|2759|2089|1353|1032|1183|957|170|230|3870|1967|1819|993|2051|1229|2540|1296|1631|1023|909|580|3029|1495|2324|1094|705|547|356|405|322|369|34|59|0|216|0|216|0|216|118|139|78|89|40|67|1487|776|878|585|609|417|465|410|106|131|359|320|5260|1663|2642|1092|2618|1110|0|216|0|216|0|216|1709|771|611|349|1098|564|521|437|85|98|436|452|1995|1363|1687|1396|308|265|2074|1299|1025|815|1049|729|5394|1504|4143|1361|1251|594|413|302|382|290|31|50|6054|2204|4363|1639|1691|839|0|216|0|216|0|216|11047|4519|7981|3409|3066|1702|4670|1794|4165|1598|505|455|189|192|146|181|43|73|0|216|0|216|0|216|0|216|0|216|0|216|1321|1058|789|677|532|539
9700000US5307710|724132|3106|566225|8282|35348|5080|23641|3263|11707|3296|4195|1306|4121|1293|74|121|0|217|0|217|0|217|1255|709|997|621|258|250|2535|1345|2002|985|533|533|2790|939|2551|904|239|232|373|309|373|309|0|217|530|347|460|288|70|116|2873|869|2115|662|758|492|656|499|402|318|254|343|1122|723|897|618|225|215|1555|756|1357|731|198|187|153|179|153|179|0|217|1909|870|1796|868|113|124|1068|963|887|753|181|282|9489|2673|8982|2686|507|374|968|733|968|733|0|217|680|424|633|420|47|76|1980|1178|1635|951|345|526|2580|1817|2258|1391|322|532|2593|1026|2548|1021|45|74|2666|1042|2580|1025|86|140|1015|718|565|403|450|581|878|605|663|488|215|356|31894|4534|18495|3525|13399|2451|4372|1222|3314|924|1058|591|4825|1469|3577|1253|1248|778|147|238|147|238|0|217|9607|2561|3846|1186|5761|1937|737|526|611|407|126|212|1114|628|674|454|440|326|2552|1381|1903|1111|649|451|7364|2053|5387|1882|1977|921|1454|635|1311|644|143|167|1408|873|573|410|835|686|404|400|300|278|104|172|9302|4169|6310|2707|2992|1890|594|431|438|330|156|261|2004|1286|1853|1265|151|265|32|55|32|55|0|217|0|217|0|217|0|217|886|474|806|404|80|132
