GEO_ID|B16001_E001|B16001_M001|B16001_E002|B16001_M002|B16001_E003|B16001_M003|B16001_E004|B16001_M004|B16001_E005|B16001_M005|B16001_E006|B16001_M006|B16001_E007|B16001_M007|B16001_E008|B16001_M008|B16001_E009|B16001_M009|B16001_E010|B16001_M010|B16001_E011|B16001_M011|B16001_E012|B16001_M012|B16001_E013|B16001_M013|B16001_E014|B16001_M014|B16001_E015|B16001_M015|B16001_E016|B16001_M016|B16001_E017|B16001_M017|B16001_E018|B16001_M018|B16001_E019|B16001_M019|B16001_E020|B16001_M020|B16001_E021|B16001_M021|B16001_E022|B16001_M022|B16001_E023|B16001_M023|B16001_E024|B16001_M024|B16001_E025|B16001_M025|B16001_E026|B16001_M026|B16001_E027|B16001_M027|B16001_E028|B16001_M028|B16001_E029|B16001_M029|B16001_E030|B16001_M030|B16001_E031|B16001_M031|B16001_E032|B16001_M032|B16001_E033|B16001_M033|B16001_E034|B16001_M034|B16001_E035|B16001_M035|B16001_E036|B16001_M036|B16001_E037|B16001_M037|B16001_E038|B16001_M038|B16001_E039|B16001_M039|B16001_E040|B16001_M040|B16001_E041|B16001_M041|B16001_E042|B16001_M042|B16001_E043|B16001_M043|B16001_E044|B16001_M044|B16001_E045|B16001_M045|B16001_E046|B16001_M046|B16001_E047|B16001_M047|B16001_E048|B16001_M048|B16001_E049|B16001_M049|B16001_E050|B16001_M050|B16001_E051|B16001_M051|B16001_E052|B16001_M052|B16001_E053|B16001_M053|B16001_E054|B16001_M054|B16001_E055|B16001_M055|B16001_E056|B16001_M056|B16001_E057|B16001_M057|B16001_E058|B16001_M058|B16001_E059|B16001_M059|B16001_E060|B16001_M060|B16001_E061|B16001_M061|B16001_E062|B16001_M062|B16001_E063|B16001_M063|B16001_E064|B16001_M064|B16001_E065|B16001_M065|B16001_E066|B16001_M066|B16001_E067|B16001_M067|B16001_E068|B16001_M068|B16001_E069|B16001_M069|B16001_E070|B16001_M070|B16001_E071|B16001_M071|B16001_E072|B16001_M072|B16001_E073|B16001_M073|B16001_E074|B16001_M074|B16001_E075|B16001_M075|B16001_E076|B16001_M076|B16001_E077|B16001_M077|B16001_E078|B16001_M078|B16001_E079|B16001_M079|B16001_E080|B16001_M080|B16001_E081|B16001_M081|B16001_E082|B16001_M082|B16001_E083|B16001_M083|B16001_E084|B16001_M084|B16001_E085|B16001_M085|B16001_E086|B16001_M086|B16001_E087|B16001_M087|B16001_E088|B16001_M088|B16001_E089|B16001_M089|B16001_E090|B16001_M090|B16001_E091|B16001_M091|B16001_E092|B16001_M092|B16001_E093|B16001_M093|B16001_E094|B16001_M094|B16001_E095|B16001_M095|B16001_E096|B16001_M096|B16001_E097|B16001_M097|B16001_E098|B16001_M098|B16001_E099|B16001_M099|B16001_E100|B16001_M100|B16001_E101|B16001_M101|B16001_E102|B16001_M102|B16001_E103|B16001_M103|B16001_E104|B16001_M104|B16001_E105|B16001_M105|B16001_E106|B16001_M106|B16001_E107|B16001_M107|B16001_E108|B16001_M108|B16001_E109|B16001_M109|B16001_E110|B16001_M110|B16001_E111|B16001_M111|B16001_E112|B16001_M112|B16001_E113|B16001_M113|B16001_E114|B16001_M114|B16001_E115|B16001_M115|B16001_E116|B16001_M116|B16001_E117|B16001_M117|B16001_E118|B16001_M118|B16001_E119|B16001_M119|B16001_E120|B16001_M120|B16001_E121|B16001_M121|B16001_E122|B16001_M122|B16001_E123|B16001_M123|B16001_E124|B16001_M124|B16001_E125|B16001_M125|B16001_E126|B16001_M126|B16001_E127|B16001_M127|B16001_E128|B16001_M128
0100000US|314929363|18306|245687577|202380|42032538|138905|25274672|105652|16757866|107271|1222970|30598|964753|24343|258217|12251|910380|34323|572320|23907|338060|18227|521786|13018|393668|12087|128118|7609|997882|26762|631121|18572|366761|17580|876103|20747|740485|17924|135618|7586|620027|23141|416556|20093|203471|11024|262630|11945|201669|10391|60961|5121|974829|30538|583052|22333|391777|15957|482519|17975|302366|13243|180153|9035|246740|16496|168275|12539|78465|6156|433854|20404|264073|13746|169781|11269|239731|13449|147828|11221|91903|7567|514547|21867|319040|16327|195507|12664|456887|20156|310934|14262|145953|8941|881242|26885|734763|22031|146479|10174|518759|24062|375294|17937|143465|10680|342635|21362|209065|14935|133570|9726|416062|18671|245121|11470|170941|11393|510267|23915|345942|17675|164325|12394|652080|23900|443865|18143|208215|12807|506033|20200|413507|17584|92526|7719|341204|15541|287364|13653|53840|5549|294033|14688|233881|13232|60152|5160|3507304|42952|1715209|29946|1792095|30250|431996|14850|260496|11121|171500|8564|1110875|29203|543851|17066|567024|18991|234119|11405|143533|8544|90586|6168|1537826|36493|660474|19173|877352|24199|198275|13058|90561|7425|107714|8536|301544|15171|153393|10337|148151|9075|503224|17826|266361|11054|236863|11436|1757649|33446|1225111|25149|532538|16751|485099|19419|314587|14055|170512|10440|1428025|40350|950212|30282|477813|19415|221173|12225|185203|10558|35970|4477|623546|27868|380507|19920|243039|14771|673386|29534|538204|24619|135182|11090|342318|18661|236146|13636|106172|10285|143142|6152|108398|5275|34744|2951|168543|8798|144365|7303|24178|3061|318004|17558|224612|13612|93392|7844
0100089US|969889|30755|726077|24276|60600|4912|40913|3761|19687|2355|1907|1196|929|347|978|1109|518|339|409|285|109|103|257|188|187|161|70|69|260|275|67|72|193|248|2276|593|1804|489|472|243|838|550|643|423|195|205|116|91|64|58|52|76|638|362|511|311|127|116|229|147|156|111|73|96|361|274|304|268|57|60|2093|1226|977|781|1116|778|0|210|0|210|0|210|595|611|88|147|507|507|0|210|0|210|0|210|327|403|327|403|0|210|55|91|55|91|0|210|117|102|42|45|75|70|374|491|235|393|139|175|20|27|20|27|0|210|615|453|510|388|105|93|53|89|30|47|23|43|31|48|31|48|0|210|275|332|183|213|92|144|1604|610|909|477|695|357|665|356|420|243|245|161|1173|601|285|205|888|505|695|651|135|144|560|611|1370|529|475|224|895|387|298|182|100|123|198|118|553|446|262|199|291|274|207|129|48|62|159|117|3583|1109|2485|736|1098|571|1193|692|797|477|396|312|134|117|76|79|58|58|86|62|54|60|32|11|54|81|0|210|54|81|59|71|38|66|21|25|817|516|613|421|204|212|88456|5025|66397|4380|22059|1887|69987|4870|58950|4165|11037|2019|323|221|305|216|18|30
0100091US|2475735|6715|2262748|7670|149476|4933|94811|3893|54665|3019|2058|673|1275|553|783|456|23|44|23|44|0|165|573|341|437|298|136|188|1519|835|955|508|564|419|4852|896|4240|866|612|313|1029|575|887|546|142|152|362|279|283|246|79|92|1445|802|1003|695|442|354|720|495|612|369|108|176|185|121|167|118|18|24|379|222|274|190|105|102|179|299|139|231|40|68|557|368|319|214|238|288|742|492|541|403|201|166|492|344|433|302|59|98|44|51|0|165|44|51|0|165|0|165|0|165|28|35|28|35|0|165|551|370|336|233|215|222|1730|1011|1111|638|619|798|1314|810|1026|642|288|236|70|113|49|79|21|35|1072|679|516|383|556|434|2646|866|991|441|1655|688|939|591|771|519|168|156|1959|599|917|335|1042|467|6587|1380|4345|1041|2242|801|7050|1894|1860|580|5190|1640|172|136|70|86|102|116|1006|481|658|398|348|253|3934|1310|1396|711|2538|955|2623|827|1777|742|846|340|1925|720|1347|568|578|257|2330|1045|1795|866|535|309|476|361|402|315|74|89|221|208|221|208|0|165|1194|799|1048|792|146|163|1015|735|577|342|438|584|0|165|0|165|0|165|9043|1323|8089|1176|954|330|467|374|378|348|89|103
01000A0US|297870224|30143|229852325|197588|41274153|136385|24788415|106502|16485738|104136|1181361|29859|930126|23932|251235|12048|906290|34280|569472|23770|336818|18335|515411|13401|388303|12337|127108|7615|991899|26959|626119|18704|365780|17616|782923|19979|673768|17181|109155|6604|542692|21727|364385|18916|178307|10669|259967|11810|199613|10255|60354|5065|967717|30876|577751|22398|389966|16122|476900|17836|298467|13230|178433|9009|244194|16646|166868|12546|77326|6179|427039|20223|258975|13646|168064|11282|239584|13445|147694|11216|91890|7562|513437|21826|318293|16330|195144|12564|454951|19972|309703|14144|145248|8880|878957|26886|733102|22145|145855|10104|517579|24133|374152|17980|143427|10668|341669|21255|208607|14904|133062|9658|415252|18655|244663|11463|170589|11409|508036|23908|344280|17653|163756|12389|642510|23992|435901|17989|206609|12906|505171|20230|412904|17595|92267|7735|340856|15498|287048|13622|53808|5553|293756|14701|233604|13259|60152|5160|3495904|42892|1709542|30063|1786362|30041|426658|14767|256528|11202|170130|8469|1106745|29009|541301|16972|565444|19031|231700|11379|142092|8481|89608|6104|1528944|36183|656802|19024|872142|24003|196543|12920|90020|7442|106523|8403|296602|15087|150329|10241|146273|9006|499094|17527|263948|10952|235146|11363|1737883|33485|1212010|25051|525873|16696|475302|18975|308024|13669|167278|10247|1417695|39867|943495|30229|474200|18950|218963|12226|183335|10594|35628|4441|620363|27871|379616|19975|240747|14689|670533|29374|535880|24585|134653|10984|339621|18677|233953|13568|105668|10286|106484|5606|79643|4579|26841|2869|115053|7974|96068|6473|18985|2848|311508|17420|220683|13421|90825|8057
01000C0US|271882339|23695|206355491|187041|39516478|129045|23678373|103346|15838105|97961|1129453|29007|888362|22990|241091|11882|896834|34201|563776|23645|333058|18230|501752|13650|377038|12484|124714|7612|974916|26962|615540|18614|359376|17667|692965|18545|605440|16543|87525|5583|452143|19052|300208|16851|151935|10063|256316|11627|197038|10154|59278|4875|952437|30382|565869|22446|386568|15949|467799|17921|291979|13302|175820|8963|241523|16693|164897|12554|76626|6180|415510|20850|250708|14222|164802|11233|238884|13433|147066|11239|91818|7550|509175|21690|315608|16290|193567|12595|447948|20009|305975|14228|141973|8812|871845|26547|727370|22066|144475|9991|512783|23771|370944|17851|141839|10505|338191|20689|206680|14687|131511|9472|411465|18773|242421|11396|169044|11548|497544|23619|337013|17739|160531|12224|623850|23684|421424|17787|202426|12793|501452|20205|409872|17585|91580|7697|339108|15488|285774|13663|53334|5443|292428|14697|232659|13283|59769|5175|3458695|41688|1692474|29793|1766221|29310|411984|14746|246685|11063|165299|8413|1091640|29506|532656|16943|558984|19197|224357|11521|137514|8677|86843|5980|1506943|36594|647750|18930|859193|24421|192984|12533|88651|7464|104333|8087|284192|15182|144478|10154|139714|9124|484138|17645|257078|10908|227060|11317|1698883|32681|1184629|24283|514254|16755|433409|18161|279028|12963|154381|10069|1396016|39532|929748|30310|466268|18222|217440|12026|182208|10458|35232|4416|611255|27141|375412|19728|235843|14337|662635|29724|528565|24853|134070|11022|331182|18993|227190|13682|103992|10344|64399|5059|46881|4113|17518|2317|76693|7167|65008|6085|11685|2271|297204|17376|209710|13021|87494|8298
01000C1US|102303186|47483|72312643|110652|18235983|95124|10756545|73339|7479438|73022|537796|21016|419251|16362|118545|9829|324247|21769|197599|14745|126648|10920|182465|8245|137240|6885|45225|4870|334970|17893|212559|11983|122411|9896|256772|11017|231820|10809|24952|2852|159618|11721|103319|10382|56299|6964|95339|7522|70927|6246|24412|3320|470502|19503|257666|13595|212836|12138|142970|11513|92021|8183|50949|5234|101975|9146|67885|6876|34090|4108|152942|11024|92840|7991|60102|6078|186683|11770|106100|9578|80583|6741|254467|15734|153867|10830|100600|9583|139699|11689|99196|9008|40503|4998|381470|18588|317797|15964|63673|6541|198610|13818|141478|10705|57132|6089|134467|10879|79157|6982|55310|5892|238647|13643|128330|8715|110317|8351|212060|14490|143489|10475|68571|7525|265672|15652|173143|11467|92529|9119|190215|12195|156725|10227|33490|4391|142350|11536|118900|10036|23450|3951|105944|9083|85630|7831|20314|3265|1825390|29017|861247|21101|964143|20841|213280|9955|125665|7681|87615|5330|481239|17776|237369|9394|243870|13054|120721|10567|74021|7946|46700|4789|692386|23626|290574|12800|401812|15842|86754|7601|38338|4738|48416|4994|126571|8487|62336|5156|64235|6101|266124|15681|131427|9393|134697|9488|779567|20977|525906|15562|253661|11394|209629|12987|134067|9249|75562|7992|648700|28201|420569|18557|228131|15014|113558|9140|93116|7476|20442|3559|312902|19517|186459|13924|126443|10534|313391|20740|244291|17276|69100|8583|184409|14570|112930|9213|71479|9095|20902|3352|15761|3141|5141|1290|27791|4496|22841|3976|4950|1634|121366|10721|80176|7870|41190|5735
01000C2US|169579153|52450|134042848|148635|21280495|105887|12921828|80948|8358667|65036|591657|18946|469111|16237|122546|8752|572587|28870|366177|18094|206410|16188|319287|11705|239798|9677|79489|6074|639946|24249|402981|16178|236965|13904|436193|13835|373620|12217|62573|4899|292525|16980|196889|15179|95636|5786|160977|10271|126111|8471|34866|3895|481935|21352|308203|16032|173732|10533|324829|15112|199958|10722|124871|8271|139548|12492|97012|9458|42536|5463|262568|15647|157868|10861|104700|8874|52201|5774|40966|5112|11235|2105|254708|14879|161741|10747|92967|8715|308249|15814|206779|12313|101470|6516|490375|17408|409573|14938|80802|6945|314173|16093|229466|12357|84707|7349|203724|18024|127523|13069|76201|7349|172818|12443|114091|8270|58727|6953|285484|18062|193524|13107|91960|9481|358178|18209|248281|13214|109897|9775|311237|16481|253147|13982|58090|6731|196758|10777|166874|10068|29884|3681|186484|11882|147029|10619|39455|4388|1633305|30518|831227|18572|802078|21443|198704|10674|121020|8484|77684|5678|610401|20749|295287|12844|315114|12850|103636|8098|63493|6130|40143|4477|814557|28022|357176|16533|457381|17585|106230|10551|50313|6391|55917|6144|157621|11852|82142|8274|75479|6070|218014|12468|125651|7928|92363|7432|919316|21587|658723|17163|260593|12044|223780|13784|144961|10227|78819|6504|747316|32544|509179|25214|238137|13395|103882|8074|89092|7663|14790|2369|298353|18406|188953|14980|109400|8080|349244|18948|284274|15071|64970|7355|146773|13424|114260|10727|32513|5971|43497|4136|31120|3138|12377|2084|48902|6131|42167|5412|6735|1584|175838|13007|129534|9783|46304|5888
01000E0US|25987885|22549|23496834|33168|1757675|22694|1110042|20434|647633|14700|51908|4145|41764|3473|10144|1577|9456|2845|5696|1859|3760|1482|13659|2152|11265|2048|2394|719|16983|4573|10579|2294|6404|3112|89958|5541|68328|4845|21630|2806|90549|10549|64177|7885|26372|4321|3651|1388|2575|1047|1076|759|15280|2584|11882|2291|3398|1005|9101|2021|6488|1379|2613|1055|2671|795|1971|670|700|332|11529|3041|8267|2569|3262|1152|700|560|628|527|72|118|4262|1179|2685|819|1577|793|7003|1793|3728|1374|3275|1094|7112|1517|5732|1341|1380|795|4796|1793|3208|1159|1588|1034|3478|2249|1927|1251|1551|1159|3787|1217|2242|857|1545|774|10492|2449|7267|1936|3225|1041|18660|2818|14477|2322|4183|1128|3719|1141|3032|1002|687|404|1748|804|1274|626|474|385|1328|528|945|461|383|284|37209|5290|17068|2529|20141|4019|14674|2309|9843|1738|4831|1235|15105|3076|8645|2500|6460|1707|7343|1612|4578|1209|2765|817|22001|4192|9052|1798|12949|3463|3559|2212|1369|752|2190|1955|12410|2257|5851|1184|6559|1592|14956|3357|6870|1894|8086|1984|39000|4013|27381|3382|11619|1891|41893|5079|28996|4344|12897|2428|21679|4258|13747|2749|7932|2714|1523|595|1127|495|396|290|9108|2689|4204|1583|4904|1795|7898|2352|7315|2331|583|350|8439|2265|6763|2013|1676|646|42085|2612|32762|2528|9323|1582|38360|3408|31060|3020|7300|1554|14304|3836|10973|2860|3331|1235
01000E1US|8700083|101762|7626177|87040|814744|23658|505861|16748|308883|14304|20009|2320|15581|1932|4428|1004|5384|2251|2702|1115|2682|1341|4247|991|3405|933|842|464|6338|2003|4606|1549|1732|808|20418|2720|16448|2676|3970|897|5240|1208|4300|1147|940|627|868|704|728|684|140|166|5638|1160|4102|1073|1536|694|2110|1125|1511|703|599|554|1102|475|884|452|218|177|3388|1535|3033|1333|355|325|206|249|134|164|72|118|2044|794|1211|625|833|525|4118|1459|2039|1171|2079|808|4729|1298|3806|1162|923|701|2595|1566|1264|822|1331|1028|1317|1177|588|391|729|851|2949|1181|1684|846|1265|730|7728|2323|6132|1881|1596|761|6421|1808|4858|1457|1563|819|3081|1106|2466|953|615|395|1485|764|1026|590|459|385|548|449|460|448|88|120|19653|3924|9718|2207|9935|2389|6808|1757|3690|1151|3118|1083|7830|2858|4504|2284|3326|1521|3864|1206|2512|805|1352|711|10342|2059|3835|1267|6507|1751|3032|2185|950|736|2082|1947|4880|1714|1905|818|2975|1216|12066|3251|5444|1946|6622|1784|18183|2995|12635|2415|5548|1544|14628|2311|9682|1915|4946|1414|11386|3691|6483|2090|4903|2466|499|359|308|267|191|220|8180|2641|3424|1387|4756|1783|6119|2225|5740|2222|379|291|5226|1844|3797|1537|1429|640|4589|1929|4441|1929|148|189|4146|1143|3725|1131|421|355|5768|2217|4353|1677|1415|763
01000E2US|17287802|98991|15870657|98030|942931|19336|604181|16016|338750|13257|31899|3235|26183|2606|5716|1272|4072|1649|2994|1350|1078|679|9412|1916|7860|1790|1552|517|10645|3636|5973|1484|4672|2990|69540|4809|51880|4015|17660|2586|85309|10321|59877|7724|25432|4286|2783|1183|1847|745|936|693|9642|2377|7780|2033|1862|739|6991|1791|4977|1280|2014|897|1569|556|1087|411|482|258|8141|2625|5234|2115|2907|1123|494|503|494|503|0|210|2218|1022|1474|663|744|642|2885|1260|1689|830|1196|838|2383|923|1926|757|457|446|2201|963|1944|869|257|170|2161|1951|1339|1192|822|799|838|382|558|251|280|254|2764|1005|1135|477|1629|763|12239|2313|9619|1878|2620|848|638|383|566|366|72|123|263|259|248|259|15|3|780|460|485|287|295|253|17556|3790|7350|1297|10206|3268|7866|1500|6153|1314|1713|636|7275|1501|4141|1253|3134|903|3479|1099|2066|822|1413|702|11659|3496|5217|1383|6442|2932|527|305|419|285|108|126|7530|1546|3946|966|3584|1050|2890|1142|1426|571|1464|907|20817|3782|14746|2803|6071|1632|27265|4797|19314|3811|7951|2088|10293|2270|7264|1746|3029|1396|1024|532|819|464|205|200|928|720|780|693|148|140|1779|691|1575|571|204|249|3213|1357|2966|1351|247|182|37496|2531|28321|2298|9175|1581|34214|3058|27335|2629|6879|1509|8536|2890|6620|2188|1916|970
01000G0US|17059139|24841|15835252|30637|758385|15589|486257|13193|272128|10256|41609|2880|34627|2608|6982|1303|4090|1286|2848|937|1242|713|6375|1408|5365|1293|1010|525|5983|1384|5002|1212|981|462|93180|7272|66717|5574|26463|3256|77335|5892|52171|4859|25164|3027|2663|869|2056|735|607|361|7112|1686|5301|1447|1811|587|5619|1184|3899|915|1720|745|2546|1145|1407|588|1139|763|6815|1632|5098|1481|1717|588|147|115|134|112|13|22|1110|561|747|376|363|341|1936|1191|1231|682|705|694|2285|900|1661|581|624|559|1180|623|1142|620|38|52|966|530|458|320|508|398|810|557|458|380|352|270|2231|927|1662|779|569|315|9570|2193|7964|2087|1606|485|862|416|603|353|259|239|348|279|316|268|32|49|277|245|277|245|0|210|11400|2118|5667|1159|5733|1716|5338|1083|3968|977|1370|518|4130|947|2550|801|1580|448|2419|470|1441|388|978|326|8882|1770|3672|923|5210|1397|1732|1157|541|343|1191|986|4942|1173|3064|1051|1878|677|4130|1438|2413|987|1717|711|19766|2303|13101|1931|6665|1228|9797|1839|6563|1799|3234|769|10330|2537|6717|1687|3613|1259|2210|1277|1868|1019|342|358|3183|1223|891|414|2292|969|2853|1418|2324|1250|529|405|2697|817|2193|760|504|303|36658|1775|28755|1671|7903|1065|53490|3827|48297|3714|5193|1143|6496|1539|3929|1095|2567|1103
01000H0US|43047024|20237|39332086|40472|2516060|28674|1596299|23906|919761|19180|93517|5223|76391|4501|17126|1984|13546|3091|8544|2199|5002|1480|20034|2605|16630|2388|3404|917|22966|4567|15581|2426|7385|3094|183138|9489|135045|7355|48093|4714|167884|12304|116348|9871|51536|4923|6314|1613|4631|1258|1683|830|22392|2857|17183|2546|5209|1080|14720|2407|10387|1829|4333|1216|5217|1384|3378|853|1839|807|18344|3491|13365|2936|4979|1330|847|579|762|543|85|120|5372|1405|3432|941|1940|905|8939|2137|4959|1503|3980|1298|9397|1785|7393|1401|2004|985|5976|1942|4350|1386|1626|1028|4444|2269|2385|1255|2059|1263|4597|1304|2700|946|1897|791|12723|2593|8929|1996|3794|1135|28230|3357|22441|2910|5789|1255|4581|1165|3635|999|946|476|2096|867|1590|680|506|385|1605|556|1222|484|383|284|48609|5753|22735|2757|25874|4326|20012|2458|13811|1990|6201|1406|19235|3213|11195|2565|8040|1769|9762|1679|6019|1275|3743|882|30883|4819|12724|1998|18159|3770|5291|2581|1910|829|3381|2227|17352|2729|8915|1711|8437|1782|19086|3631|9283|2181|9803|2085|58766|4628|40482|3928|18284|2196|51690|5370|35559|4701|16131|2589|32009|5055|20464|3282|11545|3013|3733|1417|2995|1177|738|421|12291|3076|5095|1674|7196|2099|10751|2691|9639|2596|1112|505|11136|2456|8956|2251|2180|750|78743|3197|61517|3010|17226|1774|91850|5095|79357|4769|12493|1926|20800|4275|14902|3131|5898|1645
010C201US|251147733|286665|187113279|243982|38621419|145676|23071218|112098|15550201|104734|1078417|28237|842221|22616|236196|12101|894441|33734|560607|23130|333834|18542|477209|13930|357552|12548|119657|7614|945416|26159|590657|17764|354759|17118|626419|17458|548890|15956|77529|5527|343366|17847|222638|16108|120728|9102|250032|11873|191541|10327|58491|5010|917386|29560|542265|21472|375121|15999|447895|17600|279317|12901|168578|8938|236110|16611|160892|12445|75218|6226|404804|19834|244680|13166|160124|11175|236399|13227|145116|11112|91283|7476|501955|21402|309744|16340|192211|12318|441830|19805|299950|14031|141880|8803|861108|26941|718191|21816|142917|10068|506244|24100|365074|17878|141170|10695|330263|20468|200940|14135|129323|9743|408109|18499|239373|11442|168736|11374|496991|23646|337330|17520|159661|12203|605478|23561|405709|17213|199769|12690|496200|20036|405579|17420|90621|7712|334096|15533|280737|13501|53359|5561|288813|14763|230050|13371|58763|5069|3422933|42022|1668112|29766|1754821|29637|404877|14314|240578|10763|164299|8607|1072045|28871|522311|16400|549734|18891|213446|11832|130999|8961|82447|6011|1498030|35737|640556|18820|857474|23461|191777|12931|87714|7399|104063|8353|276387|15034|140257|9882|136130|9164|489893|17673|258583|11037|231310|11382|1685411|33441|1171971|25015|513440|16637|443857|19126|285303|13805|158554|10140|1378130|38739|911133|28844|466997|18755|210345|11878|176342|10315|34003|4347|615672|27955|376489|20035|239183|14589|656844|29612|524272|24753|132572|10973|327064|18344|224027|13537|103037|10253|50888|5535|38603|4422|12285|2439|59672|6407|49963|5253|9709|2077|286783|16840|201454|12642|85329|8391
010C243US|63781630|294340|58574298|284204|3411119|52837|2203454|32637|1207665|31611|144553|6583|122532|5791|22021|3194|15939|4024|11713|3727|4226|1456|44577|3982|36116|3406|8461|1635|52466|5473|40464|4519|12002|2388|249684|11041|191595|8794|58089|5001|276661|16304|193918|13388|82743|6859|12598|1929|10128|1594|2470|730|57443|5609|40787|4453|16656|2880|34624|3940|23049|2888|11575|2366|10630|2227|7383|1595|3247|1030|29050|4097|19393|2973|9657|2259|3332|1216|2712|1045|620|554|12592|2528|9296|1862|3296|1014|15057|3265|10984|2625|4073|1331|20134|3217|16572|2987|3562|1247|12515|3019|10220|2619|2295|859|12372|4054|8125|2776|4247|1751|7953|2222|5748|1536|2205|997|13276|2486|8612|1789|4664|1552|46602|5314|38156|4915|8446|1459|9833|2261|7928|1887|1905|803|7108|2498|6627|2419|481|364|5220|1536|3831|1249|1389|676|84371|7546|47097|5135|37274|4013|27119|2747|19918|2151|7201|1465|38830|5520|21540|3943|17290|2914|20673|3513|12534|2443|8139|2371|39796|5529|19918|2675|19878|4024|6498|1945|2847|987|3651|1574|25157|3767|13136|2561|12021|2063|13331|2381|7778|1429|5553|1306|72238|6651|53140|5262|19098|2290|41242|5208|29284|4554|11958|1791|49895|7692|39079|6680|10816|2278|10828|2504|8861|2027|1967|910|7874|2003|4018|1604|3856|1125|16542|3413|13932|3015|2610|1221|15254|3719|12119|2810|3135|1592|92254|4511|69795|3918|22459|1972|108871|5572|94402|5027|14469|2128|31221|4658|23158|3929|8063|1803
0200000US1|54078665|4189|41115095|65499|6137627|40799|3390591|33058|2747036|35313|330368|16766|263250|13191|67118|6614|313684|21016|196324|14405|117360|10577|265338|10151|188730|8988|76608|5982|493827|20491|276428|13395|217399|12874|141558|7021|121553|6199|20005|2353|320566|15196|183469|12282|137097|10234|122422|9148|89858|7929|32564|3448|366253|16800|200494|12792|165759|10292|176166|10191|105908|6482|70258|6611|56514|6152|37783|4417|18731|3387|119480|8850|70417|6805|49063|5512|21057|3995|15682|3120|5375|2279|50898|5058|34605|4284|16293|2596|146083|11596|99794|8559|46289|4543|200618|12110|165134|10320|35484|4482|134819|11114|89631|7641|45188|5898|75664|9039|42243|5578|33421|5033|209029|13316|112003|8143|97026|7909|126354|9948|77662|7511|48692|5725|186958|14569|126011|10790|60947|7334|82283|6489|66142|6135|16141|3403|66668|7079|55615|6176|11053|2696|78536|7668|59549|6338|18987|3136|1020745|22361|441641|15900|579104|14461|67738|5258|38885|4182|28853|2720|233844|12286|117261|8494|116583|7148|3039|1803|1696|1023|1343|1135|138213|11018|59046|5432|79167|7401|55868|7299|25487|4061|30381|4844|34373|4392|16129|2821|18244|2900|135528|11095|75396|6471|60132|6112|199783|10442|147175|8462|52608|4827|31146|4460|21773|3774|9373|1969|323225|23265|213264|16565|109961|10625|96934|9448|78786|8245|18148|3520|46315|7102|29598|5644|16717|3302|192716|15352|148410|12616|44306|5912|59827|9293|45344|7592|14483|3024|1462|1409|1290|1391|172|192|7628|1737|7196|1726|432|240|92416|9677|64578|7368|27838|3862
0200000US2|64946490|9203|57199943|58073|3663179|37296|2235485|29134|1427694|25758|163959|9836|117578|7289|46381|6726|24159|5309|13170|3183|10989|3400|66163|5088|51250|4085|14913|2516|46861|4892|35503|3978|11358|2426|236643|9988|188630|8739|48013|4446|161103|12226|113143|10493|47960|4864|49592|5732|37067|4476|12525|2397|105950|8806|65754|6634|40196|4099|203714|11216|123406|8870|80308|5527|87099|9098|57488|6973|29611|3686|100531|8102|62220|6675|38311|4433|4269|1547|3419|1279|850|557|37168|6386|23813|4661|13355|3350|83220|9377|55875|7101|27345|3911|120328|8667|100278|6953|20050|3719|103125|9151|78117|7173|25008|3635|46170|7324|30406|4768|15764|3723|58615|7594|31256|4573|27359|4376|105814|10397|67400|7292|38414|5923|149559|10272|98244|7457|51315|5564|87016|6593|69132|5868|17884|3388|53345|6731|43973|5501|9372|2313|47982|5290|38467|4648|9515|1815|295038|11635|158114|8095|136924|7715|51948|4821|29954|3340|21994|2761|95566|7565|51032|5219|44534|4845|117516|7926|72490|5989|45026|4535|118899|7654|50692|4944|68207|5094|21768|4075|9634|1825|12134|2895|48443|5922|26162|3676|22281|3711|117408|9452|54177|5834|63231|6630|171425|10147|122565|8092|48860|5336|36668|5439|23359|3851|13309|3190|359912|18210|224298|14120|135614|9808|16591|3350|14499|2842|2092|962|219777|15363|127580|11315|92197|8899|108004|11636|81845|9944|26159|4856|92152|11800|55220|7740|36932|7202|1253|663|1243|661|10|18|30979|3297|28231|3188|2748|798|37636|5023|26522|4024|11114|2296
0200000US3|121429753|13610|96900745|100027|17077610|77364|10201002|69439|6876608|63995|487405|18694|380473|15932|106932|7625|553233|31022|349224|21214|204009|15598|108260|7581|85063|6261|23197|3586|307078|15547|206789|12216|100289|8919|289376|13631|247055|11539|42321|4875|91101|13137|78220|12089|12881|3739|56499|5440|45966|4888|10533|2318|199710|13352|135405|10147|64305|6694|53553|5508|37650|3951|15903|2919|52071|7013|36397|5745|15674|2450|91926|8135|63164|6502|28762|4741|8847|2471|6429|2052|2418|985|136144|10955|82290|7121|53854|6295|151640|11429|99240|8878|52400|5727|264062|13470|220231|10669|43831|5949|206836|14977|151287|11649|55549|5851|41854|7488|29392|5391|12462|3170|96971|8393|63080|5205|33891|5397|165249|12492|117324|9373|47925|6105|175298|12785|115829|8433|59469|8535|212104|13854|174248|11859|37856|5043|122685|10379|103748|9338|18937|3469|102683|9158|82048|7825|20635|3159|585689|18506|320832|11711|264857|12262|90419|7168|54677|5240|35742|4421|296552|15914|152291|9731|144261|9855|23616|3113|15791|2329|7825|1855|530357|21225|238865|12905|291492|12932|34873|5026|14680|2393|20193|3660|90894|8315|47583|5485|43311|4727|132340|11372|72208|7297|60132|6505|336958|14455|257439|11038|79519|6111|90794|9131|59201|6901|31593|4792|424913|22839|291761|18227|133152|10689|47627|4781|41007|4506|6620|1434|209708|15700|135618|11920|74090|8443|307462|17428|259867|13632|47595|6805|128649|11194|90601|8726|38048|5784|1152|502|990|486|162|156|31634|3660|26265|2943|5369|1637|113176|9061|85280|7060|27896|4792
0200000US4|74474455|7171|50471794|90571|15154122|67525|9447594|62000|5706528|47401|241238|11712|203452|10013|37786|4854|19304|4840|13602|3120|5702|2797|82025|5490|68625|4874|13400|2252|150116|10229|112401|8032|37715|5261|208526|9229|183247|8741|25279|2512|47257|4839|41724|4559|5533|1463|34117|4833|28778|4465|5339|1129|302916|14222|181399|10160|121517|8070|49086|7724|35402|5843|13684|3411|51056|6587|36607|5531|14449|2389|121917|12768|68272|7293|53645|8108|205558|12096|122298|9870|83260|6824|290337|18206|178332|12669|112005|10162|75944|7924|56025|5698|19919|3608|296234|17573|249120|15227|47114|4887|73979|7349|56259|6279|17720|3066|178947|14580|107024|9464|71923|6574|51447|6340|38782|4618|12665|2971|112850|10115|83556|7529|29294|4724|140265|10776|103781|8760|36484|4558|124630|9220|103985|8312|20645|3465|98506|8886|84028|7785|14478|2512|64832|7337|53817|6308|11015|2429|1605832|30421|794622|19210|811210|21061|221891|12268|136980|8525|84911|6261|484913|16287|223267|9208|261646|11830|89948|8057|53556|6039|36392|3898|750357|24548|311871|13149|438486|17199|85766|7870|40760|5116|45006|4448|127834|8348|63519|5845|64315|5289|117948|10131|64580|6007|53368|6554|1049483|26438|697932|18452|351551|14359|326491|13077|210254|9449|116237|7925|319975|20654|220889|14988|99086|9377|60021|6025|50911|5569|9110|1815|147746|14798|87711|10735|60035|7344|65204|9705|48082|6891|17122|4194|61690|7965|44981|5973|16709|4216|139275|6226|104875|5280|34400|2936|98302|6119|82673|5326|15629|2243|74776|7261|48232|5225|26544|4903
02000A0US1|52712895|5382|39829512|66225|6111950|40022|3373027|32774|2738923|34948|313955|16587|249144|13024|64811|6619|313353|20999|196028|14376|117325|10577|263131|10236|187152|9034|75979|5967|492815|20409|275624|13346|217191|12884|135339|6969|116553|6228|18786|2241|312738|15368|177489|12314|135249|10158|121606|9109|89169|7873|32437|3452|364782|16882|199627|12814|165155|10335|174236|10049|104718|6494|69518|6519|55025|6096|37092|4423|17933|3269|118509|8880|69767|6835|48742|5493|21016|3992|15654|3119|5362|2278|50831|5074|34538|4305|16293|2596|146054|11586|99765|8547|46289|4543|200215|12130|164916|10326|35299|4484|134766|11112|89578|7642|45188|5898|75158|9015|42185|5576|32973|4978|208998|13314|111972|8146|97026|7909|126072|9927|77507|7493|48565|5730|185057|14567|124563|10802|60494|7319|82047|6453|66072|6156|15975|3392|66629|7074|55576|6173|11053|2696|78422|7653|59435|6333|18987|3136|1017886|22216|439613|15901|578273|14371|67244|5166|38512|4130|28732|2701|233199|12251|116897|8481|116302|7145|3039|1803|1696|1023|1343|1135|137715|10998|58825|5423|78890|7376|55868|7299|25487|4061|30381|4844|34121|4399|15910|2841|18211|2900|135435|11068|75303|6442|60132|6112|199311|10443|146910|8461|52401|4828|30834|4452|21538|3754|9296|1969|322727|23214|212880|16498|109847|10633|95634|9477|77692|8329|17942|3479|46244|7080|29527|5625|16717|3302|191925|15158|147814|12477|44111|5875|59640|9306|45157|7602|14483|3024|1462|1409|1290|1391|172|192|6948|1753|6540|1736|408|234|91447|9683|64126|7348|27321|3929
02000A0US2|59050069|11654|51629086|58610|3516174|37092|2148387|29181|1367787|25283|158271|9859|113179|7357|45092|6739|23820|5329|12831|3185|10989|3400|64812|5111|50131|4110|14681|2542|45622|4780|34565|3911|11057|2400|184390|9622|150688|8744|33702|3732|102025|11147|75197|9434|26828|4181|48970|5777|36620|4518|12350|2398|105019|8859|64984|6674|40035|4095|201264|11187|121430|8829|79834|5535|86838|9130|57283|6990|29555|3693|98231|8066|60364|6635|37867|4456|4249|1552|3399|1284|850|557|37008|6417|23703|4698|13305|3335|82825|9337|55571|7053|27254|3912|120022|8668|99981|6939|20041|3719|102693|9174|77685|7187|25008|3635|45982|7278|30224|4717|15758|3722|58381|7612|31116|4581|27265|4392|105465|10388|67159|7282|38306|5917|145243|10131|94457|7272|50786|5548|86799|6560|68949|5826|17850|3388|53247|6719|43875|5489|9372|2313|47852|5286|38337|4640|9515|1815|293045|11525|157136|8043|135909|7575|50291|4799|28762|3356|21529|2731|94476|7522|50380|5160|44096|4800|116211|7889|71778|5972|44433|4515|116805|7531|49757|4898|67048|5096|21583|4080|9460|1838|12123|2896|45848|5882|24440|3675|21408|3673|116157|9410|53473|5820|62684|6608|166297|10124|118860|7980|47437|5436|34789|5307|22393|3772|12396|3066|357007|18368|223070|14221|133937|9709|16392|3338|14300|2821|2092|962|218456|15413|127412|11322|91044|8881|107400|11608|81290|9932|26110|4843|90893|11750|54246|7691|36647|7164|1123|626|1123|626|0|210|14015|2684|12657|2645|1358|673|34993|5081|25030|4068|9963|2268
02000A0US3|113588240|23599|89620587|102552|16633100|76934|9914127|69623|6718973|62631|471967|18547|367866|15776|104101|7642|549853|31046|347027|21140|202826|15765|106926|7643|83780|6355|23146|3586|304381|15829|204534|12499|99847|8881|266858|13109|233057|11338|33801|3979|82020|12584|71017|11605|11003|3488|55665|5308|45326|4806|10339|2257|197611|13413|133846|10150|63765|6672|52934|5505|37269|3957|15665|2876|51521|6941|36035|5680|15486|2441|90355|8033|61877|6401|28478|4731|8847|2471|6429|2052|2418|985|135543|10962|81925|7106|53618|6243|150255|11298|98469|8792|51786|5711|263313|13489|219537|10698|43776|5959|206141|14995|150630|11645|55511|5847|41767|7482|29359|5390|12408|3162|96520|8419|62809|5213|33711|5405|163805|12403|116195|9251|47610|6067|173552|12784|114216|8482|59336|8530|211819|13845|174022|11855|37797|5035|122474|10366|103569|9342|18905|3475|102650|9170|82015|7835|20635|3159|581277|18467|319156|11748|262121|12262|88165|7290|52933|5329|35232|4395|294863|15758|151087|9641|143776|9839|22610|3073|15143|2261|7467|1816|525404|20785|237095|12811|288309|12713|33417|4788|14371|2393|19046|3466|89758|8285|46927|5529|42831|4685|130180|11332|70872|7260|59308|6551|331767|14291|253810|10977|77957|6024|86876|8912|56540|6698|30336|4639|418947|22335|287345|17929|131602|10586|47220|4772|40600|4493|6620|1434|208397|15643|135129|11854|73268|8459|306237|17443|258927|13710|47310|6733|127891|11137|89852|8660|38039|5784|1019|491|857|474|162|156|22819|3360|18481|2586|4338|1577|110929|8940|83822|6874|27107|4705
02000A0US4|72519020|11464|48773140|86430|15012929|67824|9352874|61934|5660055|47257|237168|11705|199937|10122|37231|4792|19264|4839|13586|3123|5678|2794|80542|5548|67240|4973|13302|2243|149081|10281|111396|8068|37685|5257|196336|9001|173470|8641|22866|2484|45909|4793|40682|4565|5227|1471|33726|4873|28498|4474|5228|1154|300305|14385|179294|10256|121011|8065|48466|7694|35050|5838|13416|3388|50810|6559|36458|5525|14352|2372|119944|12798|66967|7374|52977|8122|205472|12093|122212|9868|83260|6824|290055|18210|178127|12672|111928|10168|75817|7918|55898|5691|19919|3608|295407|17574|248668|15290|46739|4847|73979|7349|56259|6279|17720|3066|178762|14521|106839|9428|71923|6574|51353|6340|38766|4619|12587|2975|112694|10120|83419|7553|29275|4720|138658|10705|102665|8662|35993|4578|124506|9218|103861|8310|20645|3465|98506|8886|84028|7785|14478|2512|64832|7337|53817|6308|11015|2429|1603696|30355|793637|19222|810059|20987|220958|12203|136321|8452|84637|6250|484207|16264|222937|9229|261270|11855|89840|8075|53475|6055|36365|3901|749020|24573|311125|13152|437895|17170|85675|7890|40702|5128|44973|4451|126875|8346|63052|5848|63823|5295|117322|10118|64300|6012|53022|6521|1040508|26391|692430|18325|348078|14322|322803|12825|207553|9315|115250|7825|319014|20654|220200|14989|98814|9316|59717|6094|50743|5563|8974|1801|147266|14747|87548|10750|59718|7281|64971|9698|47849|6872|17122|4194|61197|7915|44698|5975|16499|4204|102880|5683|76373|4548|26507|2849|71271|5791|58390|4916|12881|2031|74139|7304|47705|5196|26434|4929
02000C0US1|49785771|6527|37081797|65544|6055244|40434|3336089|32887|2719155|35083|297421|16709|235894|13097|61527|6665|312915|20971|195690|14348|117225|10578|258540|10385|183298|9148|75242|5961|485945|20653|272221|13204|213724|13046|124612|6755|109107|6258|15505|2002|278370|15505|155192|12086|123178|10262|120469|9062|88443|7872|32026|3365|361422|16843|196847|12903|164575|10281|171722|9986|102575|6430|69147|6484|54118|6017|36397|4400|17721|3232|115930|8985|68030|6908|47900|5614|20585|4021|15295|3135|5290|2282|50637|5050|34344|4289|16293|2596|145448|11619|99208|8584|46240|4549|198714|12239|163450|10407|35264|4489|134202|11103|89060|7656|45142|5891|72684|8640|40912|5480|31772|4758|208611|13297|111852|8143|96759|7879|125079|9807|76875|7426|48204|5702|180663|14476|121226|10678|59437|7351|81692|6426|65836|6157|15856|3385|66457|7086|55404|6183|11053|2696|78303|7671|59316|6354|18987|3136|1012351|22582|436128|15968|576223|14613|65927|5145|37596|4103|28331|2672|231544|12261|115746|8558|115798|7121|3039|1803|1696|1023|1343|1135|135858|10988|57471|5362|78387|7394|55158|7021|25476|4062|29682|4508|32655|4422|15505|2824|17150|2819|134022|11051|74360|6380|59662|6184|195915|10026|144452|8260|51463|4608|29613|4306|20688|3672|8925|1933|319450|23159|211030|16270|108420|10664|95390|9444|77605|8319|17785|3482|45330|6910|28613|5401|16717|3302|191368|15146|147257|12458|44111|5875|58914|9228|44732|7558|14182|2972|1324|1388|1184|1374|140|184|6177|1758|5816|1732|361|228|90156|9779|63181|7346|26975|3957
02000C0US2|50876055|10163|43982739|54400|3206281|33306|1960118|27624|1246163|23924|147021|9606|104585|7256|42436|6555|21532|5053|11501|3043|10031|3308|62482|4923|48250|3941|14232|2507|42937|4606|32625|3712|10312|2400|138090|8443|116804|7805|21286|2683|58483|6958|43968|6157|14515|3262|47980|5727|35896|4460|12084|2349|101335|8587|62394|6499|38941|3988|198952|11174|119592|8806|79360|5519|86182|9094|56824|6959|29358|3675|94439|7903|58210|6629|36229|4282|4134|1559|3284|1292|850|557|36499|6372|23336|4625|13163|3328|81085|9355|55008|7021|26077|3923|117591|8300|98272|6741|19319|3622|101390|9167|76963|7211|24427|3533|45688|7257|30024|4679|15664|3733|56461|7587|29914|4592|26547|4331|101058|10405|63820|7305|37238|5869|139795|9986|90208|7242|49587|5459|85372|6552|67895|5829|17477|3313|52656|6748|43424|5513|9232|2325|47459|5261|38088|4606|9371|1833|284144|11792|153779|8081|130365|7540|46704|4716|26640|3181|20064|2765|92279|7394|49577|5120|42702|4655|110378|7780|68161|5988|42217|4385|112282|7211|48372|4739|63910|4744|20721|4020|8832|1803|11889|2871|41881|5560|22374|3546|19507|3346|105895|9616|49538|5858|56357|6372|159516|9876|114303|7791|45213|5437|30384|5169|20294|3640|10090|2996|349045|17516|217721|13541|131324|9502|16181|3329|14089|2823|2092|962|212112|15115|125346|11405|86766|8504|105915|11684|80088|10024|25827|4796|85841|11204|50533|6970|35308|7229|824|526|824|526|0|210|11075|2451|10037|2447|1038|586|33237|4895|23525|3812|9712|2266
02000C0US3|103280681|17518|80321351|99828|15793350|74772|9391492|66427|6401858|61075|456762|18286|354930|15372|101832|7648|543802|30624|343497|20967|200305|15580|103737|7676|81517|6338|22220|3662|301076|15786|202205|12358|98871|8834|248803|12480|219111|11002|29692|3426|73159|12374|63972|11644|9187|3140|54488|5171|44548|4704|9940|2276|192985|13207|130443|10288|62542|6579|51286|5453|36225|3900|15061|2909|50780|6950|35455|5681|15325|2457|89157|8115|60945|6421|28212|4742|8769|2455|6351|2039|2418|985|133775|10865|80936|7017|52839|6217|146257|11296|96410|8891|49847|5667|260961|13188|217751|10478|43210|5877|203851|14945|149142|11630|54709|5884|41304|7449|28995|5365|12309|3158|95289|8399|62138|5224|33151|5338|160222|12292|113901|9294|46321|5947|168612|13031|110604|8607|58008|8413|210784|13713|173125|11740|37659|5027|121854|10290|103283|9309|18571|3442|101868|9093|81472|7799|20396|3142|572354|18688|314833|11854|257521|12231|84840|7200|50812|5122|34028|4285|288232|15555|147334|9402|140898|9749|21945|3135|14676|2278|7269|1805|512902|21017|232326|12779|280576|12733|31614|4484|13729|2351|17885|3237|85660|8317|45212|5516|40448|4731|128136|11358|69555|7264|58581|6579|321110|14255|245219|10966|75891|6065|82836|8477|53221|6225|29615|4581|410224|22132|281796|17918|128428|9873|46935|4801|40322|4518|6613|1436|206841|15577|134117|11807|72724|8426|301491|17644|254435|13941|47056|6705|125997|11268|87994|8744|38003|5786|749|432|587|419|162|156|18007|3135|14344|2331|3663|1582|106526|8774|80694|6719|25832|4709
02000C0US4|67939832|7462|44969604|84390|14461603|64073|8990674|58165|5470929|46212|228249|11323|192953|9948|35296|4706|18585|4742|13088|3072|5497|2759|76993|5241|63973|4659|13020|2227|144958|10355|108489|7950|36469|5351|181460|8252|160418|8084|21042|2490|42131|4881|37076|4686|5055|1442|33379|4820|28151|4406|5228|1154|296695|14223|176185|10164|120510|8035|45839|7582|33587|5849|12252|3163|50443|6578|36221|5527|14222|2372|115984|12961|63523|7600|52461|8195|205396|12066|122136|9846|83260|6824|288264|17884|176992|12518|111272|10117|75158|7970|55349|5739|19809|3612|294579|17634|247897|15416|46682|4839|73340|7230|55779|6183|17561|3058|178515|14509|106749|9448|71766|6522|51104|6302|38517|4580|12587|2975|111185|10082|82417|7591|28768|4680|134780|10676|99386|8652|35394|4555|123604|9289|103016|8430|20588|3451|98141|8900|83663|7792|14478|2512|64798|7342|53783|6313|11015|2429|1589846|29302|787734|19103|802112|20109|214513|12207|131637|8667|82876|6129|479585|16570|219999|9367|259586|11847|88995|8094|52981|6058|36014|3903|745901|24559|309581|13047|436320|17100|85491|7875|40614|5134|44877|4440|123996|8488|61387|5884|62609|5272|116085|10018|63625|5969|52460|6383|1022342|25664|680655|17942|341687|13972|290576|11903|184825|8553|105751|7531|317297|20520|219201|14949|98096|9235|58934|6000|50192|5463|8742|1783|146972|14710|87336|10723|59636|7270|63861|9818|46785|6968|17076|4207|60430|7930|43931|5954|16499|4204|61502|5231|44286|4116|17216|2301|41434|5119|34811|4459|6623|1396|67285|6550|42310|4693|24975|4859
02000C1US1|15743170|15704|9698051|42031|3084414|28981|1632444|23426|1451970|25866|151519|11854|116549|9326|34970|5578|149296|12487|95876|8970|53420|6727|84302|7433|56821|5416|27481|4157|131983|12503|69629|7128|62354|7917|30691|3774|28746|3606|1945|585|114307|11183|63733|9537|50574|6645|44823|5019|30964|3894|13859|2279|214723|14482|100105|10126|114618|8512|52094|6712|29279|3831|22815|3850|24647|3741|16232|2828|8415|2215|46150|6349|23375|4166|22775|4105|8284|3300|4825|1916|3459|2216|20699|3889|13818|3282|6881|1932|24960|4256|18617|3417|6343|1548|62208|6938|48623|6120|13585|2844|54424|6922|29926|4140|24498|4497|29762|5274|14322|2641|15440|3346|144011|10411|68230|6686|75781|6198|41192|5929|23066|4004|18126|3208|85006|10933|51862|7568|33144|6019|8811|2024|7618|1872|1193|602|12500|2482|11226|2338|1274|607|18319|3793|12360|3095|5959|1913|630864|17882|228465|11525|402399|11840|28524|3797|16731|2765|11793|2108|85703|8610|45593|5485|40110|4938|1111|932|959|860|152|197|62872|6674|24877|3791|37995|4555|16726|3935|6226|2005|10500|2942|12738|2685|5248|1277|7490|1999|66094|8050|32029|4562|34065|5005|77127|6439|54195|4655|22932|3720|16441|3707|10747|2868|5694|1855|145616|16791|90935|11320|54681|7953|46774|6552|36329|5176|10445|3095|30455|6180|18901|5040|11554|2904|110173|10754|80954|8902|29219|5380|31857|7083|23324|5635|8533|2541|101|105|101|105|0|210|2115|1404|2115|1404|0|210|40703|6165|26872|4729|13831|3010
02000C1US2|18175593|22772|14910078|45392|1637303|30276|963862|19748|673441|23048|75024|7614|49991|5165|25033|5554|13763|4264|6289|2209|7474|3260|19578|3405|15231|2780|4347|1724|21496|3715|15798|3149|5698|1829|41359|3358|35515|3237|5844|1262|8334|2185|6749|1426|1585|1540|12939|2914|9093|2121|3846|1523|35245|5344|22162|3856|13083|2579|53867|6039|34322|5320|19545|2329|29123|4837|17816|3484|11307|2328|24506|4136|16555|2902|7951|2092|1194|795|687|505|507|486|18231|4814|12075|3759|6156|1847|28102|5564|19394|4154|8708|2630|55516|6285|45412|5303|10104|2675|46264|6902|34065|5215|12199|2700|12918|3866|8271|2408|4647|2129|30050|6322|15516|3488|14534|3822|48828|7537|30526|4336|18302|4768|47953|5733|29325|3559|18628|3469|36964|5331|29379|4402|7585|2268|20073|3989|16907|3607|3166|1084|14863|2316|12683|2104|2180|814|153747|8945|81838|5870|71909|5669|23411|3711|12849|2213|10562|2169|40051|4420|21781|2540|18270|3196|55236|6494|31343|4743|23893|3626|56589|4850|22319|2640|34270|3978|9349|2676|3991|1148|5358|1864|15439|3352|7934|2085|7505|1922|71264|8063|30330|4839|40934|5374|66131|6420|44344|5023|21787|3714|16094|4086|10907|2908|5187|2530|161578|10817|95427|7875|66151|6605|7433|2051|6740|1919|693|417|123956|11696|72907|9105|51049|6798|59218|7930|44513|7267|14705|3469|53592|7999|29565|4900|24027|5332|128|127|128|127|0|210|5953|2129|5197|2131|756|542|12853|3308|8547|2489|4306|1551
02000C1US3|36776139|36034|27465336|64898|6679243|59723|3952957|49583|2726286|43882|178676|10745|140259|9268|38417|4998|151186|17732|89079|12679|62107|8772|38254|3470|31626|3027|6628|1533|113183|10745|75318|8378|37865|4951|96162|7152|88022|7047|8140|1765|15180|2743|13760|2656|1420|696|18926|3060|15055|2527|3871|1786|63193|6257|45119|5058|18074|3299|17687|3104|13024|2391|4663|1757|21997|4992|14650|3732|7347|2197|28801|4374|21111|3665|7690|2326|3817|1511|2664|1132|1153|611|55251|6974|31129|4472|24122|4711|45179|6677|31027|4890|14152|3274|96133|7444|82594|7157|13539|2635|57244|8017|43582|6622|13662|2640|8765|2615|6572|2006|2193|1032|32606|4681|21066|3249|11540|2740|60899|7037|43597|5744|17302|3138|67152|8544|42880|6079|24272|6260|74347|7070|61144|6339|13203|2763|47241|7068|37993|5743|9248|3082|30050|5369|25280|4944|4770|1597|230676|10518|131359|6659|99317|7792|34362|4455|20252|3203|14110|2471|91811|7384|49379|4267|42432|5365|7130|1971|4659|1440|2471|1156|178355|12336|81015|7790|97340|7798|8661|2232|4103|1347|4558|1578|35297|4674|19145|3136|16152|2779|62828|8460|31764|4680|31064|5180|130356|10512|98225|8470|32131|4186|44079|6528|27549|4899|16530|3994|176591|12413|115476|9355|61115|7416|18203|3441|16208|3144|1995|870|76602|10708|45351|6957|31251|6523|109513|12614|94978|11527|14535|3290|64724|7702|37175|5247|27549|5764|608|421|502|402|106|132|5340|1952|3380|976|1960|1308|34495|4459|25765|3554|8730|2695
02000C1US4|31608284|21220|20239178|59784|6835023|52470|4207282|41990|2627741|34014|132577|8302|112452|6987|20125|3669|10002|3151|6355|1867|3647|2072|40331|3545|33562|3223|6769|1607|68308|7336|51814|6414|16494|3126|88560|5793|79537|5365|9023|1791|21797|3115|19077|2976|2720|884|18651|3625|15815|3389|2836|849|157341|11093|90280|6377|67061|7221|19322|3885|15396|3462|3926|1261|26208|4134|19187|3883|7021|1479|53485|7373|31799|4939|21686|4006|173388|11498|97924|9249|75464|6438|160286|11999|96845|9046|63441|6924|41458|6043|30158|4293|11300|2587|167613|11649|141168|10437|26445|3220|40678|6247|33905|5714|6773|1596|83022|9448|49992|5914|33030|4714|31980|4756|23518|3396|8462|2403|61141|7448|46300|5365|14841|4160|65561|6354|49076|4560|16485|3091|70093|6712|58584|6358|11509|3081|62536|6971|52774|6254|9762|2295|42712|6132|35307|5077|7405|2350|810103|19408|419585|14024|390518|13353|126983|9229|75833|6601|51150|4408|263674|12710|120616|7306|143058|8667|57244|7794|37060|5832|20184|3343|394570|17432|162363|8909|232207|12321|52018|6045|24018|4078|28000|3516|63097|6328|30009|3765|33088|4203|65938|7734|37304|5116|28634|4369|505953|17643|329142|12859|176811|9774|133015|9795|84864|7275|48151|5130|164915|14357|118731|11063|46184|5969|41148|4636|33839|3882|7309|1777|81889|10591|49300|7733|32589|5855|34487|7767|23846|5321|10641|3796|34236|6533|22866|4706|11370|3618|20065|3318|15030|3075|5035|1246|14383|2911|12149|2759|2234|798|33315|4877|18992|3498|14323|3556
02000C2US1|34042601|17047|27383746|52194|2970830|31657|1703645|22916|1267185|21927|145902|8459|119345|7171|26557|3265|163619|14333|99814|9186|63805|7905|174238|8345|126477|7572|47761|4388|353962|18601|202592|11666|151370|10858|93921|5995|80361|5415|13560|1977|164063|11820|91459|8783|72604|6209|75646|7610|57479|6512|18167|2647|146699|10247|96742|7857|49957|6085|119628|8557|73296|5744|46332|5411|29471|4648|20165|3314|9306|2424|69780|7317|44655|5102|25125|4199|12301|2776|10470|2506|1831|733|29938|4201|20526|3268|9412|2054|120488|11018|80591|8084|39897|4434|136506|9859|114827|8307|21679|3414|79778|7868|59134|6241|20644|3155|42922|7200|26590|5013|16332|3235|64600|6943|43622|4784|20978|3765|83887|8674|53809|6660|30078|4991|95657|9448|69364|7775|26293|3819|72881|6303|58218|6052|14663|3152|53957|6773|44178|5876|9779|2641|59984|6411|46956|5445|13028|2611|381487|13388|207663|9533|173824|8661|37403|4406|20865|3155|16538|2710|145841|8365|70153|5581|75688|5196|1928|1514|737|527|1191|1100|72986|7753|32594|4563|40392|4660|38432|6462|19250|4166|19182|3367|19917|3957|10257|2621|9660|2123|67928|8030|42331|4883|25597|4097|118788|7218|90257|6604|28531|2971|13172|2508|9941|2502|3231|801|173834|15770|120095|11716|53739|6944|48616|6441|41276|5950|7340|1655|14875|3684|9712|2487|5163|1949|81195|9519|66303|8645|14892|2428|27057|4191|21408|3731|5649|1773|1223|1375|1083|1360|140|184|4062|1321|3701|1251|361|228|49453|6909|36309|5554|13144|2724
02000C2US2|32700462|24689|29072661|47236|1568978|27043|996256|21063|572722|15806|71997|5949|54594|5180|17403|3339|7769|2242|5212|1762|2557|1318|42904|4139|33019|3576|9885|1762|21441|2920|16827|2219|4614|1609|96731|7631|81289|7049|15442|2414|50149|6854|37219|6446|12930|2760|35041|4686|26803|3894|8238|1732|66090|6692|40232|5171|25858|3111|145085|10132|85270|7401|59815|5283|57059|6982|39008|5494|18051|3281|69933|6998|41655|6121|28278|3782|2940|1295|2597|1198|343|272|18268|3533|11261|2233|7007|2624|52983|6900|35614|5071|17369|3002|62075|6250|52860|5350|9215|2061|55126|5864|42898|4802|12228|2132|32770|5435|21753|3789|11017|2597|26411|4558|14398|3040|12013|2524|52230|7803|33294|5456|18936|3973|91842|8597|60883|6666|30959|4271|48408|5874|38516|4940|9892|2456|32583|5756|26517|4446|6066|2147|32596|4893|25405|4095|7191|1765|130397|8675|71941|6261|58456|5030|23293|2977|13791|2272|9502|1577|52228|5493|27796|3953|24432|2927|55142|6262|36818|4677|18324|3068|55693|6163|26053|3596|29640|3741|11372|2908|4841|1275|6531|2264|26442|4196|14440|3017|12002|2648|34631|5482|19208|3308|15423|3369|93385|7292|69959|6541|23426|3318|14290|2792|9387|1818|4903|1522|187467|13725|122294|10422|65173|6668|8748|2528|7349|2000|1399|906|88156|11114|52439|8001|35717|5582|46697|7789|35575|6094|11122|3137|32249|7436|20968|4390|11281|5127|696|524|696|524|0|210|5122|2375|4840|2372|282|181|20384|3705|14978|2810|5406|1816
02000C2US3|66504542|39973|52856015|93846|9114107|64245|5438535|53275|3675572|43926|278086|14705|214671|12921|63415|6947|392616|25398|254418|16416|138198|12919|65483|6900|49891|5501|15592|3389|187893|12342|126887|9059|61006|7184|152641|9589|131089|8316|21552|3046|57979|11738|50212|11163|7767|3203|35562|4862|29493|4331|6069|1443|129792|11519|85324|8848|44468|5462|33599|4562|23201|3105|10398|2365|28783|5357|20805|4293|7978|1829|60356|7058|39834|5300|20522|3954|4952|1813|3687|1602|1265|762|78524|7536|49807|5075|28717|4047|101078|9311|65383|7534|35695|4202|164828|10670|135157|8119|29671|4604|146607|11745|105560|8673|41047|5549|32539|6620|22423|4762|10116|2806|62683|7616|41072|5050|21611|4333|99323|9977|70304|7162|29019|4948|101460|10018|67724|6417|33736|5712|136437|12931|111981|10651|24456|4064|74613|8316|65290|8134|9323|1928|71818|7639|56192|6399|15626|2752|341678|16789|183474|9815|158204|10848|50478|6211|30560|4291|19918|3533|196421|13324|97955|8821|98466|7411|14815|2339|10017|1744|4798|1509|334547|18498|151311|11106|183236|11549|22953|3850|9626|2015|13327|2801|50363|6985|26067|4775|24296|3582|65308|8151|37791|5241|27517|4542|190754|10196|146994|7632|43760|4650|38757|5441|25672|3983|13085|2566|233633|18634|166320|15125|67313|7613|28732|4231|24114|3707|4618|1371|130239|11885|88766|10210|41473|4667|191978|13449|159457|10417|32521|5577|61273|8921|50819|7453|10454|2889|141|132|85|97|56|82|12667|2502|10964|2149|1703|773|72031|7027|54929|5848|17102|3126
02000C2US4|36331548|21649|24730426|71897|7626580|57940|4783392|46517|2843188|39508|95672|7845|80501|6965|15171|3133|8583|3974|6733|2766|1850|1822|36662|3748|30411|3256|6251|1569|76650|7845|56675|5621|19975|4189|92900|6255|80881|5757|12019|2192|20334|3555|17999|3371|2335|1175|14728|3170|12336|2860|2392|756|139354|11732|85905|9023|53449|5662|26517|5819|18191|3968|8326|2860|24235|5178|17034|3796|7201|1989|62499|9251|31724|4575|30775|6749|32008|4810|24212|4232|7796|1848|127978|12072|80147|7908|47831|6997|33700|5153|25191|3785|8509|2270|126966|12135|106729|10663|20237|3466|32662|5364|21874|3641|10788|2651|95493|11072|56757|7264|38736|5032|19124|4236|14999|3566|4125|1532|50044|7052|36117|5530|13927|3139|69219|8328|50310|6668|18909|3621|53511|6971|44432|6024|9079|2140|35605|4861|30889|4559|4716|1244|22086|3454|18476|3061|3610|1154|779743|22256|368149|14121|411594|14696|87530|5946|55804|4722|31726|3323|215911|11462|99383|6392|116528|8142|31751|4308|15921|2925|15830|2726|351331|18935|147218|10009|204113|12201|33473|5237|16596|3417|16877|2716|60899|6914|31378|4978|29521|3427|50147|6408|26321|3897|23826|4115|516389|17386|351513|12704|164876|9519|157561|10548|99961|7933|57600|5878|152382|14779|100470|10326|51912|6560|17786|3675|16353|3591|1433|548|65083|9584|38036|7141|27047|4254|29374|5734|22939|4443|6435|1987|26194|4940|21065|4264|5129|1482|41437|4229|29256|3151|12181|2097|27051|4111|22662|3441|4389|1188|33970|5351|23318|3693|10652|3576
02000E0US1|2927124|6183|2747715|9721|56706|3768|36938|3109|19768|3145|16534|2347|13250|2036|3284|851|438|174|338|176|100|14|4591|1140|3854|1012|737|359|6870|3635|3403|1182|3467|2935|10727|1907|7446|1292|3281|1058|34368|5391|22297|3970|12071|2643|1137|676|726|481|411|477|3360|1035|2780|952|580|359|2514|905|2143|812|371|222|907|540|695|511|212|199|2579|1336|1737|1066|842|562|431|498|359|458|72|118|194|252|194|252|0|210|606|373|557|363|49|35|1501|720|1466|715|35|62|564|431|518|429|46|54|2474|2091|1273|1116|1201|1099|387|352|120|129|267|283|993|675|632|466|361|367|4394|1497|3337|1108|1057|644|355|330|236|242|119|143|172|237|172|237|0|210|119|109|119|109|0|210|5535|1452|3485|906|2050|993|1317|545|916|508|401|213|1655|710|1151|558|504|310|0|210|0|210|0|210|1857|942|1354|671|503|378|710|998|11|18|699|999|1466|727|405|273|1061|652|1413|692|943|552|470|412|3396|1421|2458|1194|938|599|1221|687|850|466|371|332|3277|1316|1850|928|1427|911|244|240|87|103|157|160|914|1003|914|1003|0|210|557|337|557|337|0|210|726|550|425|404|301|352|138|117|106|106|32|47|771|466|724|465|47|62|1291|556|945|376|346|420
02000E0US2|8174014|8326|7646347|16409|309893|9384|188269|7597|121624|7026|11250|1868|8594|1665|2656|830|2288|1116|1330|655|958|562|2330|696|1881|645|449|254|2685|1519|1940|1164|745|441|46300|5028|33884|4198|12416|2454|43542|7115|31229|5805|12313|3031|990|399|724|378|266|182|3684|1000|2590|805|1094|489|2312|681|1838|621|474|243|656|285|459|240|197|140|3792|1356|2154|774|1638|824|115|160|115|160|0|210|509|348|367|291|142|182|1740|669|563|329|1177|577|2431|902|1709|711|722|588|1303|864|722|357|581|706|294|295|200|266|94|132|1920|859|1202|541|718|537|4407|1743|3339|1437|1068|680|5448|1636|4249|1259|1199|755|1427|675|1054|561|373|342|591|483|451|373|140|175|393|280|249|186|144|148|8901|1741|3357|877|5544|1444|3587|1173|2122|880|1465|646|2197|1004|803|386|1394|946|5833|1464|3617|1061|2216|733|4523|1751|1385|765|3138|1589|862|729|628|487|234|277|3967|1391|2066|823|1901|829|10262|3210|3935|1812|6327|1893|6781|1313|4557|1089|2224|916|4405|1090|2099|729|2306|826|7962|2993|5349|2118|2613|1623|211|182|211|182|0|210|6344|2273|2066|1031|4278|1692|1485|502|1202|448|283|213|5052|1876|3713|1650|1339|535|299|321|299|321|0|210|2940|910|2620|918|320|190|1756|664|1505|618|251|232
02000E0US3|10307559|15234|9299236|21160|839750|14895|522635|13600|317115|10415|15205|2445|12936|2039|2269|782|6051|2596|3530|1678|2521|1281|3189|918|2263|786|926|515|3305|1261|2329|874|976|653|18055|2999|13946|2124|4109|1361|8861|3768|7045|2945|1816|1114|1177|984|778|560|399|490|4626|1703|3403|1474|1223|640|1648|808|1044|489|604|581|741|419|580|306|161|180|1198|536|932|400|266|264|78|138|78|138|0|210|1768|748|989|512|779|524|3998|1424|2059|978|1939|928|2352|858|1786|647|566|570|2290|1319|1488|811|802|769|463|577|364|431|99|158|1231|710|671|477|560|535|3583|1964|2294|1503|1289|628|4940|1725|3612|1358|1328|682|1035|790|897|649|138|179|620|495|286|266|334|342|782|541|543|468|239|231|8923|2011|4323|1330|4600|1191|3325|1295|2121|918|1204|696|6631|2343|3753|1974|2878|1138|665|454|467|339|198|192|12502|3474|4769|1164|7733|2954|1803|1633|642|536|1161|1477|4098|1554|1715|728|2383|1079|2044|652|1317|443|727|315|10657|1713|8591|1684|2066|735|4040|1740|3319|1533|721|403|8723|3171|5549|1799|3174|2206|285|233|278|233|7|12|1556|1152|1012|626|544|609|4746|2406|4492|2381|254|266|1894|971|1858|975|36|45|270|206|270|206|0|210|4812|1145|4137|1050|675|327|4403|1675|3128|1368|1275|482
02000E0US4|4579188|9559|3803536|18424|551326|12736|362200|11955|189126|8589|8919|2079|6984|1676|1935|909|679|494|498|493|181|283|3549|1348|3267|1326|282|216|4123|1464|2907|1087|1216|688|14876|2965|13052|2698|1824|646|3778|1666|3606|1643|172|207|347|472|347|472|0|210|3610|1384|3109|1171|501|315|2627|1580|1463|756|1164|917|367|187|237|148|130|110|3960|2182|3444|2125|516|353|76|135|76|135|0|210|1791|947|1135|546|656|603|659|612|549|577|110|89|828|585|771|580|57|69|639|706|480|561|159|170|247|309|90|131|157|272|249|310|249|310|0|210|1509|838|1002|577|507|438|3878|1246|3279|1056|599|409|902|854|845|812|57|99|365|393|365|393|0|210|34|63|34|63|0|210|13850|4204|5903|1768|7947|3320|6445|1363|4684|1179|1761|760|4622|1456|2938|1219|1684|709|845|390|494|185|351|334|3119|1121|1544|837|1575|743|184|129|88|81|96|101|2879|1158|1665|828|1214|570|1237|798|675|404|562|689|18166|3082|11775|2351|6391|1366|32227|4469|22728|3828|9499|2246|1717|914|999|507|718|574|783|477|551|408|232|254|294|268|212|250|82|86|1110|738|1064|728|46|92|767|430|767|430|0|210|41378|2483|32087|2422|9291|1584|29837|2686|23579|2417|6258|1447|6854|2977|5395|2213|1459|928
02000E1US2|3064346|55023|2786944|49557|187175|9341|109623|6953|77552|6151|6069|1457|4518|1194|1551|720|2138|1085|1268|656|870|522|893|479|750|424|143|167|1847|1477|1472|1168|375|358|7701|1356|5974|1349|1727|579|1312|545|1001|489|311|204|208|188|68|86|140|166|1703|814|1373|691|330|305|306|248|236|233|70|96|114|145|114|145|0|210|1158|662|835|471|323|320|0|210|0|210|0|210|325|279|287|265|38|60|1265|677|193|178|1072|607|1576|652|1134|563|442|401|753|842|242|229|511|708|200|266|200|266|0|210|1805|861|1087|540|718|537|3086|1488|2974|1395|112|188|2307|1170|1895|916|412|632|1142|621|769|496|373|342|539|473|399|367|140|175|145|165|57|81|88|120|6081|1743|2467|859|3614|1227|2570|961|1220|614|1350|630|1202|770|391|255|811|715|3665|1171|2313|743|1352|711|4154|1768|1242|757|2912|1609|606|707|429|495|177|230|2293|1083|1067|634|1226|723|9498|3192|3644|1818|5854|1849|3811|1125|2454|914|1357|866|2617|707|1291|521|1326|438|5508|2778|3212|1877|2296|1612|103|147|103|147|0|210|6091|2225|1879|972|4212|1688|1075|395|864|355|211|180|2959|1337|1767|1078|1192|553|279|321|279|321|0|210|735|391|639|379|96|146|388|274|345|238|43|79
02000E1US3|3395176|41679|2945388|38259|375606|15801|230213|12026|145393|9535|4516|1258|3655|1225|861|411|2847|1946|1216|908|1631|1182|875|491|487|341|388|416|1877|873|1373|659|504|528|6297|1497|4725|1288|1572|554|1249|700|933|481|316|522|10|1|10|1|0|210|1535|655|736|386|799|540|302|247|254|231|48|83|225|132|188|132|37|5|399|277|399|277|0|210|78|138|78|138|0|210|1356|710|577|431|779|524|2387|1218|1481|1006|906|519|1560|811|1079|551|481|560|1658|1267|885|728|773|768|94|87|94|87|0|210|793|642|382|429|411|491|2923|1920|2122|1495|801|544|1278|772|688|510|590|456|871|776|733|633|138|179|581|488|262|256|319|342|367|440|367|440|0|210|4610|1605|2038|885|2572|1035|1329|729|513|334|816|581|3837|2305|2044|1997|1793|1079|132|194|132|194|0|210|4090|1064|1553|576|2537|871|1629|1617|468|509|1161|1477|757|750|353|434|404|401|1142|544|733|338|409|291|6063|1614|4935|1580|1128|503|1393|516|1073|460|320|248|4557|2614|2622|1083|1935|1973|195|222|195|222|0|210|1556|1152|1012|626|544|609|3710|2306|3588|2311|122|162|1348|892|1312|896|36|45|151|149|151|149|0|210|873|416|825|400|48|82|2732|1573|2169|1269|563|379
02000E1US4|1663749|23742|1366499|21905|229168|13948|150606|10450|78562|6101|3979|1147|3143|1009|836|464|295|330|114|202|181|283|1145|606|1049|562|96|119|2375|1217|1670|812|705|611|4931|1444|4478|1456|453|268|1369|761|1369|761|0|210|310|467|310|467|0|210|1543|746|1365|711|178|150|952|1067|559|569|393|531|183|117|88|66|95|94|1324|897|1292|895|32|55|0|210|0|210|0|210|193|205|177|192|16|30|145|191|93|137|52|60|680|557|680|557|0|210|47|78|0|210|47|78|247|309|90|131|157|272|215|303|215|303|0|210|1216|783|709|507|507|438|1924|965|1515|805|409|324|890|853|833|811|57|99|365|393|365|393|0|210|0|210|0|210|0|210|7301|2791|3904|1585|3397|1643|2467|913|1668|744|799|523|2479|1256|1838|997|641|572|67|102|67|102|0|210|1720|908|839|551|881|569|98|103|53|78|45|70|745|546|338|292|407|351|366|320|362|320|4|1|7304|1879|4391|1199|2913|1063|9744|2168|6715|1669|3029|1375|1120|867|448|390|672|589|110|189|4|3|106|189|0|210|0|210|0|210|1066|761|1020|751|46|92|453|409|453|409|0|210|4159|1856|4011|1857|148|189|2538|961|2261|969|277|281|2017|1240|1503|916|514|431
02000E2US1|2350312|15020|2220369|15082|33911|3364|21519|2479|12392|2178|11089|1579|8985|1434|2104|690|334|156|234|157|100|14|3257|1037|2735|879|522|318|6631|3621|3312|1178|3319|2924|9238|1874|6175|1228|3063|1022|33058|5370|21300|3917|11758|2675|797|535|386|260|411|477|2503|934|2152|906|351|278|1964|893|1681|773|283|196|327|216|201|183|126|114|2072|1196|1230|839|842|562|303|446|303|446|0|210|24|41|24|41|0|210|285|205|285|205|0|210|588|351|553|346|35|62|427|398|381|397|46|54|1698|1852|1069|1089|629|790|251|244|120|129|131|145|490|425|305|321|185|277|3482|1494|2577|1108|905|629|177|156|105|97|72|123|172|237|172|237|0|210|83|93|83|93|0|210|3874|1309|2176|653|1698|946|875|512|627|481|248|171|1343|737|920|605|423|288|0|210|0|210|0|210|1479|882|1153|649|326|306|11|18|11|18|0|210|381|279|258|198|123|196|353|310|238|260|115|150|2391|1178|1603|959|788|587|347|234|247|197|100|83|3076|1298|1649|904|1427|911|153|214|81|101|72|118|381|572|381|572|0|210|289|273|289|273|0|210|260|226|160|148|100|111|138|117|106|106|32|47|771|466|724|465|47|62|660|392|609|380|51|72
02000E2US2|5109668|53872|4859403|53429|122718|7358|78646|5531|44072|4321|5181|1093|4076|1010|1105|485|150|150|62|66|88|136|1437|541|1131|495|306|200|838|442|468|260|370|248|38599|4828|27910|3982|10689|2319|42230|7014|30228|5701|12002|3035|782|379|656|374|126|85|1981|773|1217|547|764|441|2006|660|1602|590|404|239|542|266|345|212|197|140|2634|1273|1319|683|1315|786|115|160|115|160|0|210|184|212|80|119|104|172|475|413|370|310|105|125|855|618|575|437|280|404|550|308|480|281|70|40|94|132|0|210|94|132|115|59|115|59|0|210|1321|806|365|244|956|640|3141|1101|2354|771|787|450|285|281|285|281|0|210|52|90|52|90|0|210|248|238|192|170|56|97|2820|981|890|351|1930|916|1017|455|902|435|115|131|995|630|412|276|583|606|2168|945|1304|718|864|598|369|314|143|100|226|262|256|189|199|177|57|103|1674|794|999|522|675|368|764|587|291|297|473|432|2970|844|2103|690|867|382|1788|879|808|507|980|696|2454|914|2137|847|317|196|108|98|108|98|0|210|253|259|187|215|66|110|410|289|338|263|72|111|2093|1279|1946|1269|147|154|20|30|20|30|0|210|2205|875|1981|859|224|135|1368|581|1160|544|208|230
02000E2US3|6912383|40800|6353848|41180|464144|14403|292422|11640|171722|8206|10689|2117|9281|1740|1408|649|3204|1594|2314|1267|890|669|2314|865|1776|756|538|331|1428|679|956|492|472|326|11758|2507|9221|1729|2537|1245|7612|3535|6112|2850|1500|916|1167|984|768|560|399|490|3091|1560|2667|1442|424|328|1346|753|790|433|556|578|516|379|392|263|124|181|799|495|533|324|266|264|0|210|0|210|0|210|412|409|412|409|0|210|1611|969|578|438|1033|830|792|533|707|528|85|112|632|442|603|441|29|50|369|571|270|422|99|158|438|307|289|229|149|204|660|388|172|123|488|307|3662|1519|2924|1251|738|448|164|170|164|170|0|210|39|48|24|49|15|3|415|347|176|183|239|231|4313|1386|2285|1048|2028|756|1996|1095|1608|893|388|372|2794|991|1709|846|1085|410|533|415|335|292|198|192|8412|3218|3216|1082|5196|2825|174|181|174|181|0|210|3341|1232|1362|542|1979|924|902|483|584|322|318|217|4594|1155|3656|1011|938|551|2647|1613|2246|1407|401|317|4166|1848|2927|1447|1239|1004|90|87|83|86|7|12|0|210|0|210|0|210|1036|626|904|489|132|217|546|274|546|274|0|210|119|141|119|141|0|210|3939|1058|3312|955|627|318|1671|806|959|681|712|364
02000E2US4|2915439|24171|2437037|22263|322158|12282|211594|10462|110564|7972|4940|1396|3841|1021|1099|733|384|430|384|430|0|210|2404|1172|2218|1163|186|182|1748|716|1237|596|511|452|9945|2396|8574|2148|1371|611|2409|1545|2237|1521|172|207|37|49|37|49|0|210|2067|1096|1744|878|323|278|1675|1195|904|565|771|736|184|141|149|130|35|59|2636|1899|2152|1854|484|339|76|135|76|135|0|210|1598|929|958|528|640|602|514|585|456|561|58|69|148|141|91|123|57|69|592|701|480|561|112|152|0|210|0|210|0|210|34|60|34|60|0|210|293|292|293|292|0|210|1954|731|1764|664|190|223|12|21|12|21|0|210|0|210|0|210|0|210|34|63|34|63|0|210|6549|2878|1999|664|4550|2763|3978|1144|3016|1014|962|489|2143|733|1100|557|1043|536|778|359|427|125|351|334|1399|693|705|579|694|478|86|87|35|48|51|69|2134|1020|1327|755|807|466|871|740|313|242|558|689|10862|2930|7384|2087|3478|1302|22483|4320|16013|3473|6470|1899|597|378|551|378|46|54|673|434|547|408|126|165|294|268|212|250|82|86|44|65|44|65|0|210|314|116|314|116|0|210|37219|2512|28076|2289|9143|1583|27299|2504|21318|2139|5981|1429|4837|2714|3892|1967|945|858
02000G0US1|1365770|3795|1285583|6403|25677|2716|17564|2192|8113|1395|16413|1750|14106|1729|2307|614|331|221|296|216|35|43|2207|819|1578|666|629|473|1012|644|804|554|208|311|6219|1560|5000|1224|1219|626|7828|2145|5980|1799|1848|757|816|616|689|559|127|132|1471|627|867|375|604|383|1930|845|1190|544|740|676|1489|1062|691|449|798|764|971|584|650|376|321|297|41|58|28|53|13|22|67|89|67|89|0|210|29|50|29|50|0|210|403|207|218|188|185|93|53|65|53|65|0|210|506|457|58|88|448|393|31|57|31|57|0|210|282|246|155|172|127|161|1901|1151|1448|1015|453|305|236|262|70|147|166|223|39|61|39|61|0|210|114|110|114|110|0|210|2859|858|2028|729|831|484|494|343|373|295|121|137|645|281|364|223|281|156|0|210|0|210|0|210|498|328|221|212|277|240|0|210|0|210|0|210|252|152|219|141|33|32|93|132|93|132|0|210|472|249|265|159|207|171|312|255|235|231|77|102|498|275|384|233|114|117|1300|1260|1094|1000|206|279|71|128|71|128|0|210|791|952|596|724|195|244|187|172|187|172|0|210|0|210|0|210|0|210|680|252|656|261|24|42|969|596|452|294|517|500
02000G0US2|5896421|7433|5570857|10826|147005|5079|87098|4174|59907|3871|5688|1119|4399|907|1289|576|339|354|339|354|0|210|1351|473|1119|393|232|208|1239|469|938|405|301|199|52253|4324|37942|3901|14311|1894|59078|4876|37946|3684|21132|2856|622|304|447|283|175|171|931|290|770|288|161|98|2450|603|1976|556|474|227|261|218|205|197|56|57|2300|914|1856|857|444|206|20|33|20|33|0|210|160|153|110|132|50|76|395|382|304|298|91|101|306|199|297|199|9|2|432|288|432|288|0|210|188|262|182|259|6|14|234|139|140|89|94|126|349|234|241|141|108|108|4316|1558|3787|1523|529|232|217|186|183|179|34|28|98|119|98|119|0|210|130|193|130|193|0|210|1993|641|978|406|1015|504|1657|544|1192|461|465|262|1090|448|652|350|438|257|1305|352|712|251|593|232|2094|740|935|491|1159|557|185|140|174|136|11|19|2595|848|1722|847|873|435|1251|585|704|426|547|312|5128|1017|3705|837|1423|430|1879|703|966|654|913|331|2905|960|1228|503|1677|892|199|153|199|153|0|210|1321|541|168|114|1153|518|604|370|555|340|49|68|1259|694|974|672|285|219|130|147|120|137|10|18|16964|2606|15574|2506|1390|552|2643|780|1492|540|1151|554
02000G0US3|7841513|19991|7280158|23057|444510|11309|286875|9747|157635|7594|15438|2015|12607|1569|2831|1005|3380|1214|2197|869|1183|704|1334|481|1283|477|51|37|2697|1064|2255|983|442|305|22518|4036|13998|2194|8520|2591|9081|2803|7203|2408|1878|1062|834|534|640|374|194|239|2099|802|1559|675|540|274|619|415|381|233|238|255|550|217|362|198|188|74|1571|709|1287|577|284|265|0|210|0|210|0|210|601|419|365|253|236|307|1385|1011|771|596|614|648|749|452|694|449|55|105|695|524|657|515|38|52|87|103|33|44|54|84|451|538|271|375|180|194|1444|756|1129|640|315|268|1746|670|1613|652|133|150|285|286|226|263|59|71|211|250|179|237|32|49|33|67|33|67|0|210|4412|1486|1676|651|2736|1240|2254|760|1744|724|510|365|1689|668|1204|557|485|261|1006|293|648|244|358|227|4953|1737|1770|706|3183|1326|1456|1159|309|296|1147|988|1136|614|656|438|480|342|2160|1243|1336|900|824|519|5191|1447|3629|1123|1562|804|3918|1242|2661|1119|1257|456|5966|1955|4416|1412|1550|877|407|189|407|189|0|210|1311|1028|489|388|822|711|1225|790|940|724|285|344|758|378|749|378|9|5|133|120|133|120|0|210|8815|1126|7784|1272|1031|467|2247|898|1458|725|789|642
02000G0US4|1955435|9496|1698654|11830|141193|7484|94720|6001|46473|4269|4070|983|3515|923|555|384|40|49|16|28|24|40|1483|867|1385|867|98|97|1035|530|1005|521|30|45|12190|2524|9777|1620|2413|1234|1348|534|1042|448|306|255|391|280|280|209|111|117|2611|1194|2105|1106|506|329|620|415|352|268|268|324|246|280|149|179|97|129|1973|779|1305|699|668|351|86|82|86|82|0|210|282|272|205|194|77|109|127|146|127|146|0|210|827|652|452|394|375|534|0|210|0|210|0|210|185|223|185|223|0|210|94|142|16|7|78|142|156|212|137|212|19|47|1607|634|1116|501|491|290|124|14|124|14|0|210|0|210|0|210|0|210|0|210|0|210|0|210|2136|1005|985|561|1151|676|933|419|659|389|274|200|706|451|330|306|376|255|108|130|81|102|27|47|1337|820|746|621|591|418|91|173|58|117|33|59|959|588|467|432|492|356|626|356|280|177|346|284|8975|1720|5502|1492|3473|775|3688|1258|2701|1037|987|574|961|608|689|464|272|329|304|316|168|221|136|232|480|358|163|190|317|308|233|254|233|254|0|210|493|309|283|182|210|244|36395|1751|28502|1655|7893|1067|27031|2025|24283|1984|2748|927|637|415|527|417|110|139
02000H0US1|4292894|5459|4033298|11394|82383|4617|54502|3712|27881|3473|32947|3019|27356|2753|5591|1095|769|296|634|292|135|44|6798|1430|5432|1156|1366|611|7882|3631|4207|1259|3675|2867|16946|2357|12446|1633|4500|1303|42196|5790|28277|4510|13919|2729|1953|912|1415|741|538|488|4831|1149|3647|966|1184|518|4444|1285|3333|1076|1111|711|2396|1184|1386|681|1010|778|3550|1457|2387|1142|1163|664|472|508|387|465|85|120|261|266|261|266|0|210|635|379|586|369|49|35|1904|782|1684|768|220|115|617|437|571|435|46|54|2980|2171|1331|1118|1649|1199|418|355|151|136|267|283|1275|689|787|447|488|409|6295|2068|4785|1639|1510|749|591|414|306|266|285|271|211|215|211|215|0|210|233|155|233|155|0|210|8394|1681|5513|1157|2881|1141|1811|614|1289|549|522|251|2300|706|1515|593|785|334|0|210|0|210|0|210|2355|982|1575|673|780|454|710|998|11|18|699|999|1718|753|624|306|1094|654|1506|695|1036|550|470|412|3868|1447|2723|1211|1145|611|1533|730|1085|513|448|346|3775|1334|2234|931|1541|971|1544|1274|1181|1003|363|320|985|1004|985|1004|0|210|1348|1008|1153|794|195|244|913|559|612|451|301|352|138|117|106|106|32|47|1451|540|1380|542|71|78|2260|814|1397|445|863|652
02000H0US2|14070435|7713|13217204|19097|456898|11077|275367|8779|181531|8487|16938|2250|12993|1866|3945|1078|2627|1180|1669|747|958|562|3681|881|3000|806|681|332|3924|1602|2878|1217|1046|516|98553|6840|71826|5650|26727|3360|102620|8482|69175|7283|33445|3808|1612|524|1171|502|441|235|4615|1011|3360|820|1255|506|4762|899|3814|832|948|312|917|360|664|306|253|149|6092|1631|4010|1085|2082|819|135|162|135|162|0|210|669|387|477|328|192|198|2135|789|867|417|1268|596|2737|887|2006|726|731|588|1735|927|1154|454|581|706|482|399|382|368|100|133|2154|896|1342|556|812|566|4756|1757|3580|1441|1176|685|9764|2318|8036|1980|1728|793|1644|671|1237|566|407|347|689|489|549|385|140|175|523|351|379|275|144|148|10894|1853|4335|996|6559|1501|5244|1232|3314|932|1930|701|3287|1046|1455|529|1832|962|7138|1553|4329|1125|2809|787|6617|1938|2320|873|4297|1706|1047|733|802|494|245|277|6562|1730|3788|1259|2774|872|11513|3228|4639|1873|6874|1889|11909|1838|8262|1561|3647|1011|6284|1355|3065|996|3219|887|10867|3074|6577|2193|4290|1826|410|230|410|230|0|210|7665|2382|2234|1034|5431|1796|2089|636|1757|567|332|220|6311|2101|4687|1885|1624|596|429|354|419|351|10|18|19904|2722|18194|2658|1710|575|4399|950|2997|767|1402|585
02000H0US3|18149072|14785|16579394|24453|1284260|18200|809510|16507|474750|13559|30643|3165|25543|2718|5100|1150|9431|2806|5727|1928|3704|1314|4523|1017|3546|910|977|516|6002|1554|4584|1282|1418|717|40573|5146|27944|3181|12629|2885|17942|4945|14248|4010|3694|1511|2011|1135|1418|694|593|543|6725|1867|4962|1611|1763|685|2267|914|1425|547|842|644|1291|465|942|358|349|190|2769|940|2219|704|550|402|78|138|78|138|0|210|2369|850|1354|569|1015|626|5383|1646|2830|1049|2553|1094|3101|960|2480|767|621|575|2985|1397|2145|952|840|767|550|587|397|435|153|180|1682|804|942|609|740|549|5027|2097|3423|1615|1604|720|6686|1889|5225|1572|1461|699|1320|803|1123|672|197|182|831|543|465|338|366|343|815|524|576|460|239|231|13335|2308|5999|1486|7336|1519|5579|1363|3865|1119|1714|767|8320|2373|4957|1999|3363|1150|1671|533|1115|401|556|321|17455|4037|6539|1343|10916|3316|3259|2039|951|620|2308|1789|5234|1712|2371|940|2863|1088|4204|1388|2653|1008|1551|619|15848|2142|12220|1968|3628|981|7958|2139|5980|1911|1978|624|14689|3673|9965|2290|4724|2349|692|280|685|280|7|12|2867|1547|1501|739|1366|927|5971|2466|5432|2445|539|426|2652|1007|2607|1009|45|44|403|247|403|247|0|210|13627|1572|11921|1575|1706|567|6650|1913|4586|1567|2064|771
02000H0US4|6534623|7805|5502190|21834|692519|15061|456920|13018|235599|10297|12989|2412|10499|1988|2490|1048|719|491|514|492|205|288|5032|1651|4652|1630|380|227|5158|1521|3912|1184|1246|691|27066|3774|22829|3055|4237|1378|5126|1763|4648|1721|478|331|738|532|627|495|111|117|6221|1891|5214|1638|1007|481|3247|1649|1815|808|1432|965|613|330|386|233|227|165|5933|2428|4749|2323|1184|517|162|159|162|159|0|210|2073|1016|1340|612|733|599|786|639|676|598|110|89|1655|829|1223|697|432|535|639|706|480|561|159|170|432|362|275|232|157|272|343|356|265|310|78|142|1665|853|1139|587|526|439|5485|1350|4395|1137|1090|506|1026|852|969|810|57|99|365|393|365|393|0|210|34|63|34|63|0|210|15986|4438|6888|1890|9098|3401|7378|1396|5343|1245|2035|792|5328|1476|3268|1244|2060|766|953|426|575|219|378|337|4456|1448|2290|1018|2166|861|275|207|146|144|129|108|3838|1213|2132|791|1706|712|1863|966|955|466|908|832|27141|3748|17277|2915|9864|1684|35915|4781|25429|3978|10486|2385|2678|1240|1688|773|990|725|1087|536|719|449|368|323|774|422|375|297|399|314|1343|809|1297|796|46|92|1260|535|1050|472|210|244|77773|3048|60589|2908|17184|1781|56868|3148|47862|2955|9006|1721|7491|3006|5922|2238|1569|940
020C201US1|45329604|53063|32940207|79093|5957646|41043|3271449|33084|2686197|35238|282775|16299|222853|12753|59922|6664|310613|20596|193798|14056|116815|10560|245498|10423|172860|9144|72638|5896|475575|19763|262513|12690|213062|12675|102542|5893|91922|5708|10620|1434|222306|12312|115484|10576|106822|8881|118621|8928|86584|7730|32037|3456|349792|17039|188610|13175|161182|10025|160901|9737|95877|6337|65024|6274|52698|6192|35318|4392|17380|3406|113994|8795|65954|6765|48040|5480|20561|3957|15358|3102|5203|2277|48471|4993|32914|4287|15557|2526|140781|11265|95659|8228|45122|4610|195599|12097|160929|10201|34670|4374|130535|11247|86082|7617|44453|5887|74707|8743|41642|5229|33065|5032|206570|13380|110188|8223|96382|7908|122574|10112|75148|7616|47426|5840|173535|13953|115073|10084|58462|7275|80637|6374|64830|6063|15807|3398|65686|7154|54770|6188|10916|2668|76460|7636|57628|6267|18832|3131|998278|22180|428357|15878|569921|14523|62969|5074|35460|3998|27509|2666|228322|12087|113545|8315|114777|7071|2831|1782|1532|998|1299|1133|135379|11207|57189|5517|78190|7392|55217|7271|25135|4049|30082|4837|32232|4399|15262|2832|16970|2828|133877|11070|74466|6396|59411|6146|191783|10280|141673|8295|50110|4716|29611|4425|20553|3770|9058|1960|313332|22643|205147|16252|108185|10377|93086|9352|75736|8227|17350|3462|44916|6954|28962|5535|15954|3203|190011|15471|146093|12755|43918|5896|58025|9233|43834|7567|14191|3040|250|211|110|106|140|184|4934|1610|4712|1594|222|165|85267|9164|58858|6932|26409|3995
020C201US2|47989501|139919|41002875|123471|3345964|38961|2029855|28551|1316109|26542|149410|9382|105671|7048|43739|6616|23690|5304|12796|3178|10894|3364|59011|5191|45361|4348|13650|2409|41435|4625|31508|3917|9927|2163|118812|7199|99719|6468|19093|2551|25383|3628|20451|2643|4932|1995|47256|5746|35120|4460|12136|2415|98794|8520|61100|6474|37694|4074|193708|11020|116714|8762|76994|5272|84712|9212|55672|7070|29040|3669|92348|7638|56357|6190|35991|4289|4057|1532|3207|1260|850|557|36420|6401|23211|4679|13209|3338|81082|9281|54249|7032|26833|3862|117420|8461|97789|6897|19631|3624|102147|9148|77161|7177|24986|3633|45151|7282|29675|4734|15476|3723|56639|7255|30167|4413|26472|4217|102784|9971|65736|7032|37048|5842|136948|10058|87379|7053|49569|5477|84360|6460|66870|5735|17490|3312|52664|6714|43292|5476|9372|2313|47626|5270|38188|4619|9438|1828|284393|11513|152459|8026|131934|7561|47837|4734|26588|3285|21249|2778|91414|7526|48518|5110|42896|4780|109282|8060|67024|6025|42258|4584|113931|7378|47746|4843|66185|5059|20569|3925|8795|1678|11774|2857|41311|5578|21612|3426|19699|3496|114685|9428|52663|5907|62022|6488|159309|10030|114217|7750|45092|5352|32123|5175|20659|3640|11464|3016|353429|18139|219712|13960|133717|9816|15024|3141|13164|2612|1860|918|217189|15381|126235|11254|90954|8903|107018|11661|80903|9925|26115|4860|86847|11074|51335|7247|35512|6993|1099|625|1099|625|0|210|11165|2432|9972|2422|1193|627|32180|4774|22871|3690|9309|2271
020C201US3|91841446|116661|69728790|128190|15179030|78330|8969020|70451|6210010|64088|425622|17961|327277|15119|98345|7755|541478|30822|341031|20688|200447|15948|96870|7439|75979|5907|20891|3509|291172|15810|194300|11958|96872|9018|229144|12629|201628|11204|27516|3418|54961|10682|50706|10534|4255|1374|51513|4983|42254|4535|9259|2245|181803|12521|122656|9666|59147|6462|48850|5387|34321|3905|14529|2841|48953|6810|34169|5441|14784|2545|82954|7896|57364|6072|25590|4316|8298|2384|6165|2023|2133|868|131463|10673|78738|7034|52725|6208|145033|11486|94916|8977|50117|5670|256468|13408|213698|10601|42770|5840|200861|14351|146454|11199|54407|5796|37106|6831|25668|4823|11438|3033|94241|8338|60820|5255|33421|5417|160107|12437|113828|9185|46279|5973|161556|13078|105006|8609|56550|8488|209198|13824|172156|11837|37042|4996|119933|10264|101340|9197|18593|3467|100044|8948|80566|7728|19478|3008|556707|17602|304747|11185|251960|11948|80434|6889|47421|5033|33013|4333|279026|15614|141662|9294|137364|9733|16776|2893|11013|2255|5763|1530|508460|20232|229437|12482|279023|11904|30788|4602|13352|2388|17436|3198|80500|7904|42921|5226|37579|4686|125478|11138|68181|7188|57297|6486|308524|13777|235296|10963|73228|5545|81358|8836|52117|6467|29241|4688|398151|20595|270190|15933|127961|10377|44852|4616|38835|4406|6017|1367|207442|15596|134395|11946|73047|8322|296345|17721|250506|14161|45839|6657|122308|10639|85451|8422|36857|5727|916|470|754|454|162|156|14717|2992|11369|2153|3348|1458|103216|8833|78329|6756|24887|4639
020C201US4|65987182|62874|43441407|94612|14138779|67513|8800894|57811|5337885|47943|220610|10806|186420|9150|34190|4040|18660|4798|12982|3078|5678|2794|75830|5515|63352|4868|12478|2280|137234|10444|102336|8484|34898|4839|175921|8038|155621|7735|20300|2467|40716|4752|35997|4564|4719|1317|32642|4824|27583|4434|5059|1153|286997|14198|169899|9719|117098|8163|44436|7162|32405|5553|12031|3143|49747|6688|35733|5538|14014|2453|115508|12908|65005|7076|50503|8240|203483|12081|120386|9901|83097|6808|285601|18150|174881|12705|110720|10132|74934|7970|55126|5749|19808|3606|291621|17271|245775|14870|45846|4887|72701|7336|55377|6272|17324|3131|173299|14126|103955|9301|69344|6328|50659|6355|38198|4624|12461|2982|111526|10042|82618|7531|28908|4628|133439|10736|98251|8691|35188|4579|122005|9050|101723|8190|20282|3457|95813|8942|81335|7797|14478|2512|64683|7275|53668|6242|11015|2429|1583555|30401|782549|19155|801006|20881|213637|12156|131109|8518|82528|6228|473283|16263|218586|9313|254697|11485|84557|8164|51430|5955|33127|3772|740260|24492|306184|13192|434076|17002|85203|7933|40432|5152|44771|4473|122344|8555|60462|5692|61882|5452|115853|10115|63273|5947|52580|6472|1025795|26163|680785|18266|345010|14170|300765|12720|191974|9088|108791|7679|313218|20747|216084|15035|97134|9097|57383|6087|48607|5495|8776|1804|146125|14694|86897|10708|59228|7205|63470|9549|46770|6756|16700|4153|59884|7845|43407|5868|16477|4218|48623|5464|36640|4291|11983|2432|28856|4454|23910|3923|4946|1148|66120|6538|41396|4312|24724|4999
020C243US1|8749061|53595|8174888|51473|179981|11437|119142|8424|60839|5449|47593|3607|40397|3156|7196|1325|3071|1675|2526|1576|545|312|19840|2806|15870|2358|3970|1079|18252|3019|13915|2482|4337|1246|39016|4016|29631|2980|9385|1987|98260|9354|67985|6968|30275|4573|3801|1184|3274|1053|527|305|16461|3283|11884|2400|4577|1909|15265|2674|10031|2126|5234|1371|3816|1586|2465|1007|1351|727|5486|1662|4463|1408|1023|492|496|435|324|259|172|210|2427|999|1691|727|736|469|5302|2454|4135|2001|1167|717|5019|1420|4205|1425|814|571|4284|1958|3549|1717|735|466|957|892|601|792|356|377|2459|1326|1815|962|644|464|3780|1521|2514|1078|1266|1093|13423|2889|10938|2596|2485|834|1646|804|1312|612|334|347|982|657|845|585|137|221|2076|1191|1921|1112|155|202|22467|3113|13284|2193|9183|1629|4769|1241|3425|1030|1344|564|5522|1522|3716|1087|1806|754|208|179|164|158|44|56|2834|889|1857|750|977|381|651|516|352|229|299|438|2141|1334|867|413|1274|1085|1651|649|930|552|721|389|8000|1635|5502|1298|2498|721|1535|484|1220|444|315|174|9893|3230|8117|2714|1776|795|3848|1866|3050|1373|798|623|1399|936|636|633|763|707|2705|1352|2317|1217|388|380|1802|995|1510|919|292|256|1212|1377|1180|1377|32|47|2694|955|2484|893|210|197|7149|1830|5720|1745|1429|661
020C243US2|16956989|142577|16197068|140409|317215|11272|205630|9243|111585|5949|14549|1888|11907|1687|2642|773|469|329|374|287|95|136|7152|1433|5889|1321|1263|527|5426|1905|3995|1262|1431|1133|117831|8765|88911|7619|28920|3387|135720|11003|92692|9541|43028|4503|2336|739|1947|630|389|235|7156|1461|4654|1097|2502|802|10006|2508|6692|1501|3314|1915|2387|944|1816|800|571|395|8183|2148|5863|1771|2320|860|212|239|212|239|0|210|748|323|602|312|146|184|2138|1288|1626|983|512|438|2908|1722|2489|1604|419|351|978|549|956|543|22|38|1019|686|731|613|288|224|1976|1433|1089|636|887|901|3030|1412|1664|1131|1366|707|12611|3018|10865|2802|1746|644|2656|1205|2262|970|394|413|681|625|681|625|0|210|356|268|279|189|77|105|10645|2407|5655|1461|4990|1486|4111|959|3366|826|745|292|4152|1100|2514|773|1638|638|8234|2004|5466|1778|2768|884|4968|1317|2946|914|2022|752|1199|847|839|523|360|360|7132|1717|4550|1383|2582|742|2723|1231|1514|762|1209|631|12116|1974|8348|1551|3768|875|4545|1098|2700|955|1845|504|6483|1646|4586|1291|1897|841|1567|1091|1335|1007|232|260|2588|1426|1345|1350|1243|453|986|510|942|505|44|42|5305|2002|3885|1625|1420|956|154|145|144|136|10|18|19814|2723|18259|2642|1555|541|5456|940|3651|717|1805|615
020C243US3|29588307|119496|27171955|116880|1898580|37430|1231982|26490|666598|20902|61783|4200|53196|4064|8587|1388|11755|3589|8193|3297|3562|1495|11390|2052|9084|1626|2306|1136|15906|3264|12489|2624|3417|1392|60232|6341|45427|4326|14805|3108|36140|7703|27514|5890|8626|3294|4986|1511|3712|1185|1274|580|17907|2992|12749|2256|5158|1403|4703|1325|3329|1017|1374|626|3118|1360|2228|987|890|725|8972|2216|5800|1566|3172|1558|549|566|264|319|285|478|4681|1488|3552|1175|1129|534|6607|1952|4324|1431|2283|1066|7594|1934|6533|1764|1061|635|5975|1960|4833|1669|1142|590|4748|2839|3724|2196|1024|957|2730|1089|2260|968|470|306|5142|1548|3496|1143|1646|784|13742|2728|10823|2333|2919|1119|2906|1197|2092|1006|814|424|2752|1341|2408|1252|344|289|2639|1219|1482|803|1157|652|28982|4616|16085|3543|12897|2366|9985|1978|7256|1671|2729|971|17526|3513|10629|3172|6897|1382|6840|1808|4778|1483|2062|871|21897|4446|9428|2011|12469|3653|4085|1652|1328|741|2757|1430|10394|2000|4662|1308|5732|1431|6862|2042|4027|1235|2835|956|28434|4015|22143|3064|6291|1581|9436|2271|7084|2070|2352|629|26762|6138|21571|5493|5191|1567|2775|857|2172|687|603|432|2266|1079|1223|620|1043|631|11117|2913|9361|2605|1756|1032|6341|2756|5150|2025|1191|1042|236|172|236|172|0|210|16917|2060|14896|1976|2021|569|9960|2167|6951|2008|3009|1234
020C243US4|8487273|62668|7030387|52274|1015343|25771|646700|18480|368643|17412|20628|3620|17032|2753|3596|2201|644|361|620|359|24|40|6195|1501|5273|1369|922|421|12882|2406|10065|2036|2817|1105|32605|4268|27626|3419|4979|1501|6541|2011|5727|1878|814|503|1475|606|1195|544|280|207|15919|3375|11500|2544|4419|1572|4650|1745|2997|1205|1653|920|1309|746|874|478|435|376|6409|2078|3267|1302|3142|1378|2075|991|1912|977|163|121|4736|1409|3451|1054|1285|574|1010|681|899|643|111|92|4613|1887|3345|1370|1268|970|1278|769|882|472|396|440|5648|2283|3069|1278|2579|1173|788|460|584|359|204|222|1324|632|938|444|386|330|6826|1609|5530|1496|1296|581|2625|1285|2262|1182|363|271|2693|1645|2693|1645|0|210|149|251|149|251|0|210|22277|3293|12073|2201|10204|2090|8254|1888|5871|1442|2383|883|11630|3199|4681|1473|6949|2315|5391|2330|2126|745|3265|2027|10097|2876|5687|1674|4410|1596|563|276|328|191|235|156|5490|2285|3057|1496|2433|992|2095|866|1307|515|788|657|23688|3490|17147|2697|6541|1497|25726|4228|18280|3689|7446|1556|6757|2160|4805|1619|1952|1110|2638|1156|2304|1140|334|342|1621|657|814|500|807|513|1734|1069|1312|777|422|505|1806|947|1574|870|232|275|90652|4378|68235|3774|22417|1978|69446|4039|58763|3567|10683|1929|8656|3307|6836|2488|1820|1083
0300000US1|14405329|2823|11497123|32149|1261363|18524|716159|13126|545204|14691|123703|7301|101417|5860|22286|2933|98322|9897|58789|6149|39533|5744|58621|4956|44045|4197|14576|2524|321750|15774|176113|10782|145637|10420|34394|3544|30863|3362|3531|827|8729|2117|8331|2127|398|221|30272|4353|21880|3341|8392|2005|54860|6766|35253|5439|19607|3945|43483|5032|28542|3766|14941|2407|15142|3900|9700|2403|5442|2383|22882|4393|15437|3155|7445|2527|8098|3023|6170|2225|1928|1552|11838|2903|7683|2187|4155|1737|17586|3997|12862|2928|4724|1661|38532|4524|34110|4043|4422|1403|14688|3578|10542|2706|4146|1601|10249|4523|6387|2922|3862|2003|15473|3719|10722|2301|4751|1798|32920|4799|23951|4105|8969|1938|56710|6669|38571|5275|18139|3507|21190|3053|17279|2801|3911|2127|20165|3639|18058|3503|2107|1094|11144|2584|9793|2288|1351|673|190338|10322|100928|6435|89410|6688|15341|2993|10611|2343|4730|1209|34286|4376|19227|2881|15059|2724|2271|1679|1134|937|1137|1108|57751|7307|24511|4072|33240|4716|36582|5817|16698|3446|19884|3787|18708|3590|9053|2475|9655|2005|17913|4028|11732|2586|6181|2010|21462|3608|16117|2785|5345|1493|6847|1974|5364|1790|1483|603|62951|8128|40817|5506|22134|4358|16455|3185|14026|2842|2429|1262|12418|3032|7136|2248|5282|1973|37631|6224|30792|5580|6839|1923|26383|4367|21129|4211|5254|1448|41|74|0|210|41|74|1729|713|1705|715|24|42|16985|3510|13046|2996|3939|1553
0300000US2|39673336|3283|29617972|58944|4876264|35425|2674432|31403|2201832|30585|206665|13040|161833|9946|44832|5994|215362|17799|137535|12285|77827|9038|206717|9851|144685|8232|62032|5292|172077|13537|100315|7186|71762|9196|107164|7061|90690|6316|16474|2157|311837|15172|175138|12076|136699|10216|92150|7626|67978|6762|24172|2866|311393|16559|165241|12101|146152|9656|132683|8838|77366|5704|55317|5623|41372|5136|28083|4035|13289|2389|96598|7496|54980|5591|41618|5236|12959|2979|9512|2340|3447|1734|39060|4577|26922|3829|12138|2347|128497|11192|86932|8215|41565|4441|162086|10491|131024|9145|31062|4068|120131|10651|79089|7123|41042|5678|65415|9147|35856|5698|29559|4825|193556|12830|101281|8141|92275|7502|93434|8506|53711|5870|39723|5599|130248|12694|87440|9123|42808|6595|61093|6127|48863|5259|12230|2655|46503|6392|37557|5328|8946|2360|67392|7179|49756|5936|17636|2996|830407|20310|340713|13864|489694|13916|52397|4757|28274|3380|24123|2791|199558|11556|98034|7954|101524|6803|768|401|562|315|206|117|80462|8318|34535|4104|45927|5781|19286|4296|8789|2199|10497|2898|15665|2670|7076|1521|8589|1934|117615|9825|63664|5795|53951|5587|178321|10062|131058|8390|47263|4729|24299|4202|16409|3482|7890|1948|260274|19411|172447|14801|87827|8422|80479|8771|64760|7438|15719|3400|33897|6774|22462|5096|11435|2743|155085|14424|117618|11834|37467|5351|33444|6831|24215|5061|9229|2751|1421|1401|1290|1391|131|167|5899|1691|5491|1683|408|234|75431|9612|51532|7263|23899|3873
0300000US3|44517297|6154|38719604|44902|2781242|27615|1704435|24147|1076807|19950|117802|9157|84845|7070|32957|6123|20410|5025|10357|2893|10053|3259|57592|4998|44025|3923|13567|2515|32106|4404|23614|3601|8492|2291|158733|8305|126952|7225|31781|3569|137478|11714|97795|10300|39683|4345|46870|5589|34609|4370|12261|2380|76332|7855|45443|5675|30889|4071|199420|11156|120276|8830|79144|5514|63356|7850|42283|5990|21073|3579|84557|7139|50714|5378|33843|4097|3947|1523|3177|1263|770|539|24262|4837|17303|3914|6959|1851|76366|8845|51111|6769|25255|3666|99108|7568|82480|6116|16628|3298|92678|8603|70355|6854|22323|3298|41423|6892|27217|4505|14206|3559|48503|7178|24212|4380|24291|4123|79279|9041|48134|6312|31145|5193|124017|9702|80880|7379|43137|4672|62538|6065|50369|5344|12169|2716|37626|5126|31392|4254|6234|1956|40671|5148|31866|4675|8805|1739|234005|10390|123823|7538|110182|6820|42020|4499|23703|2981|18317|2678|74513|6592|39258|4675|35255|4133|44319|5340|29223|4657|15096|2406|57409|6009|27477|3459|29932|4096|10657|2889|4697|1044|5960|2314|25856|3679|13736|2391|12120|2750|71074|7601|35884|4445|35190|4956|138838|8752|100668|7257|38170|4615|20098|4063|13947|3219|6151|1992|305317|16517|187407|12897|117910|8873|13539|3136|12031|2660|1508|882|96127|10527|57412|8398|38715|4844|76677|10023|59282|8651|17395|3814|50351|9902|30717|5701|19634|6355|288|186|278|189|10|18|7466|2563|6760|2508|706|302|22823|3686|16319|3051|6504|1668
0300000US4|20429193|6215|18480339|31264|881937|18430|531050|12597|350887|12676|46157|4220|32733|3243|13424|2563|3749|1313|2813|1043|936|597|8571|2112|7225|1920|1346|583|14755|2752|11889|2302|2866|937|77910|6023|61678|4974|16232|2454|23625|3877|15348|2758|8277|2166|2722|961|2458|912|264|222|29618|4513|20311|3167|9307|2042|4294|1251|3130|957|1164|678|23743|3907|15205|2922|8538|1911|15974|3806|11506|3275|4468|1297|322|255|242|211|80|146|12906|4250|6510|2498|6396|2739|6854|2252|4764|1661|2090|920|21220|3949|17798|3657|3422|1279|10447|2757|7762|2188|2685|1147|4747|1548|3189|1126|1558|697|10112|2440|7044|1767|3068|1130|26535|4856|19266|3831|7269|2157|25542|4117|17364|2797|8178|2504|24478|3910|18763|3258|5715|1715|15719|3723|12581|3178|3138|1545|7311|2189|6601|2111|710|387|61033|5515|34291|3366|26742|3810|9928|1919|6251|1319|3677|1285|21053|2908|11774|1707|9279|1909|73197|6842|43267|4591|29930|3992|61490|4900|23215|3439|38275|3819|11111|2925|4937|1433|6174|2002|22587|3925|12426|2606|10161|2234|46334|6455|18293|3738|28041|4770|32587|3778|21897|2755|10690|2020|16570|3637|9412|1846|7158|2575|54595|7352|36891|5265|17704|3515|3052|1195|2468|1018|584|389|123650|11327|70168|7671|53482|7210|31327|5611|22563|4508|8764|2564|41801|6540|24503|4424|17298|4240|965|640|965|640|0|210|23513|3384|21471|3296|2042|721|14813|3972|10203|2987|4610|1602
0300000US5|63853109|8128|51356864|70386|7835300|39923|4505680|36601|3329620|33343|294134|14700|225607|12216|68527|6375|538842|30517|338908|20639|199934|15567|85476|6893|66211|5331|19265|3544|249222|14888|162173|10786|87049|8760|167471|10018|147461|9074|20010|2561|45065|7180|37621|5513|7444|3219|44802|4971|36359|4299|8443|2230|148978|11201|97437|7833|51541|6399|39513|4183|26793|2976|12720|2485|33970|5235|24565|4422|9405|1846|68911|6881|45795|5075|23116|4279|6848|2264|5136|1914|1712|893|88687|8291|54482|5957|34205|4754|90687|8816|57967|6447|32720|4601|149275|9171|124001|7481|25274|4633|96067|9034|66161|6523|29906|4073|24627|4916|17944|3711|6683|1928|64513|7448|42837|4554|21676|4709|85557|10082|59097|7305|26460|4610|120131|10428|81054|7705|39077|5847|110540|10201|89672|8431|20868|3772|64189|8460|54527|7218|9662|2375|48040|5600|40009|5089|8031|1886|334243|14677|181931|8984|152312|9314|52424|5811|32658|4419|19766|3190|187279|10963|94334|6402|92945|7801|14275|2719|9280|2029|4995|1468|234650|14788|101745|8015|132905|10033|17983|4011|7461|1763|10522|2663|49905|6442|25076|4124|24829|3689|75876|8679|44853|5734|31023|4857|209183|10943|158647|8532|50536|4866|42936|6734|26439|4374|16497|3948|228341|15352|160753|12177|67588|7506|36379|4528|31112|4061|5267|1397|161667|14720|106654|11040|55013|7281|189934|15370|157678|12153|32256|5644|63896|8677|49482|7057|14414|3282|785|437|717|422|68|113|9950|2454|7807|1576|2143|1374|85694|7979|65798|6442|19896|3667
0300000US6|18461987|6871|17299219|22571|646343|13651|357514|12851|288829|11445|29751|4277|21243|3073|8508|2213|3621|1435|2692|1150|929|740|5382|1330|4388|1014|994|639|12082|3767|8930|3341|3152|1078|39382|4986|32139|3932|7243|2259|24544|6131|20060|5213|4484|1832|3142|1579|2211|986|931|699|8642|2390|6901|2175|1741|753|3300|1672|2236|1069|1064|760|9042|2784|6352|2438|2690|956|5183|1896|4108|1571|1075|610|459|435|304|314|155|256|8558|3459|5118|1792|3440|2182|7848|2075|4509|1432|3339|1102|12672|2698|10295|2501|2377|1169|5037|1637|4146|1421|891|469|4585|2318|2944|1610|1641|1009|4515|1661|2295|798|2220|1233|13402|2693|7925|1766|5477|1541|9475|2484|7349|1922|2126|1060|11653|2822|9242|2166|2411|1150|5339|2221|4267|1776|1072|781|3201|1543|2564|1256|637|478|34882|3309|18962|2620|15920|2443|12395|2238|6712|1798|5683|1658|26231|3685|13800|2773|12431|2141|670|474|587|427|83|114|28415|5221|13143|3484|15272|2760|1702|912|968|559|734|482|10133|2416|6269|2251|3864|1223|14475|4007|5749|1892|8726|2817|21612|3223|16235|2869|5377|1290|6254|1893|3550|1125|2704|1289|62943|10433|37829|7561|25114|5671|1426|723|1320|627|106|150|12481|3401|7011|2030|5470|1958|16069|4188|12738|3763|3331|1564|21169|4646|9137|2482|12032|3456|0|210|0|210|0|210|6174|926|5194|1061|980|462|8579|2478|6044|1915|2535|1361
0300000US7|39114657|7647|28244662|68646|8595967|59240|5337808|52065|3258159|47633|163520|14460|133623|12617|29897|4682|10770|3649|7624|2825|3146|1559|17402|3014|14464|2915|2938|1121|45774|6202|35686|5280|10088|2297|82523|7664|67455|6472|15068|3114|21492|8842|20539|8738|953|453|8555|2375|7396|2227|1159|508|42090|7186|31067|6332|11023|2173|10740|1994|8621|1755|2119|899|9059|2053|5480|1395|3579|1218|17832|4191|13261|3339|4571|1886|1540|1001|989|609|551|510|38899|5098|22690|2870|16209|3341|53105|7803|36764|6053|16341|3681|102115|9161|85935|7670|16180|3245|105732|12285|80980|9972|24752|4146|12642|3912|8504|2878|4138|1784|27943|5208|17948|3447|9995|3203|66290|8350|50302|7289|15988|3137|45692|6925|27426|3745|18266|5298|89911|7726|75334|6279|14577|3310|53157|6337|44954|5676|8203|2420|51442|6879|39475|5709|11967|2650|216564|12669|119939|8877|96625|7055|25600|3717|15307|2483|10293|2137|83042|9010|44157|6206|38885|5038|8671|1587|5924|1166|2747|1016|267292|14896|123977|9527|143315|8913|15188|3665|6251|1982|8937|2616|30856|4883|16238|2997|14618|3231|41989|5836|21606|3331|20383|4025|106163|7959|82557|6331|23606|3452|41604|5992|29212|5463|12392|2415|133629|14146|93179|10227|40450|6098|9822|2639|8575|2558|1247|737|35560|6126|21953|4278|13607|3502|101459|10242|89451|9815|12008|2739|43584|6978|31982|5721|11602|3991|367|232|273|238|94|103|15510|2167|13264|1992|2246|750|18903|4203|13438|3258|5465|1963
0300000US8|24110527|4451|19090514|45131|3628175|39601|2393687|33055|1234488|22936|67211|6431|53005|5274|14206|3431|5743|2244|3803|1812|1940|1140|17717|2890|14714|2583|3003|1123|37443|4878|30513|4117|6930|1617|77571|5474|67673|4723|9898|1682|11077|2261|10067|2074|1010|525|7221|1990|5734|1759|1487|658|48038|6275|34172|5242|13866|2471|15421|3428|10910|2840|4511|1689|20803|5018|13897|3533|6906|2005|19394|4203|11773|2414|7621|3065|5430|2141|3975|1547|1455|986|30085|5279|18664|3665|11421|3045|9027|3056|6450|2052|2577|1273|31809|5023|27095|4328|4714|1358|9103|2517|8189|2388|914|433|7252|2685|5545|2051|1707|1166|5229|2128|3427|1413|1802|1134|22388|4452|16321|3589|6067|1819|28518|3859|22439|3149|6079|1607|14929|3332|12380|2975|2549|899|15062|3185|12460|2714|2602|1446|6629|2366|5829|2098|800|520|118639|7502|66802|6502|51837|4052|29013|3669|21637|3009|7376|1660|48189|4955|25952|3260|22237|3031|5930|2138|4003|1872|1927|926|71930|7990|32806|4400|39124|5012|5103|1612|2541|1157|2562|930|21868|3323|11893|2321|9975|1968|21634|4215|13067|2634|8567|2064|147130|9627|106918|7585|40212|4542|45292|4949|34009|3851|11283|2279|64114|8281|43175|6000|20939|4127|7358|2152|5946|2069|1412|623|45500|8410|25625|5498|19875|4758|17753|5515|12220|4315|5533|2389|20290|5192|12257|3454|8033|3086|137930|6233|103607|5305|34323|2925|59460|4717|49114|4141|10346|1970|11605|2135|9522|1933|2083|752
0300000US9|50363928|4550|31381280|78242|11525947|57542|7053907|53458|4472040|43389|174027|10748|150447|9356|23580|3651|13561|4524|9799|2874|3762|2521|64308|4802|53911|4330|10397|1812|112673|8927|81888|6646|30785|5052|130955|7762|115574|7324|15381|2131|36180|4848|31657|4563|4523|1324|26896|4033|23044|3819|3852|928|254878|13467|147227|9945|107651|7669|33665|6418|24492|4709|9173|2740|30253|4725|22710|4415|7543|1593|102523|11454|56499|6381|46024|7357|200128|11425|118323|9541|81805|6699|260252|17233|159668|11968|100584|9822|66917|7319|49575|5516|17342|3223|264425|16765|222025|14798|42400|4629|64876|7303|48070|6182|16806|3016|171695|14761|101479|9533|70216|6626|46218|5714|35355|4345|10863|2545|90462|9053|67235|6367|23227|4530|111747|10043|81342|7870|30405|4463|109701|8689|91605|7754|18096|3415|83444|8815|71568|7828|11876|2072|58203|6982|47988|5929|10215|2386|1487193|29555|727820|18012|759373|21021|192878|11786|115343|7815|77535|5895|436724|16121|197315|9037|239409|11539|84018|7761|49553|5745|34465|3724|678427|22287|279065|12048|399362|15575|80663|7846|38219|5112|42444|4440|105966|7630|51626|5098|54340|5021|96314|9948|51513|5640|44801|6528|902353|26448|591014|17866|311339|14677|281199|12826|176245|9526|104954|7620|255861|18110|177714|13371|78147|7954|52663|5344|44965|5009|7698|1772|102246|11027|62086|8510|40160|5279|47451|7819|35862|5249|11589|3509|41400|5308|32724|4685|8676|2210|1345|621|1268|614|77|64|38842|3883|33559|3329|5283|1176|63171|7317|38710|4656|24461|4912
03000A0US1|13760436|4642|10885865|31950|1254924|18312|711056|12923|543868|14672|109162|7084|88889|5710|20273|2883|98282|9897|58749|6149|39533|5744|58163|4982|43600|4214|14563|2524|321330|15731|175894|10802|145436|10419|32320|3475|29039|3262|3281|800|7175|1587|6777|1546|398|221|29863|4377|21471|3369|8392|2005|54276|6752|34854|5428|19422|3958|42929|5026|28099|3757|14830|2414|14294|3615|9299|2350|4995|2133|22392|4326|15117|3118|7275|2504|8070|3019|6142|2222|1928|1552|11789|2909|7634|2199|4155|1737|17586|3997|12862|2928|4724|1661|38314|4561|33892|4081|4422|1403|14675|3578|10529|2707|4146|1601|10249|4523|6387|2922|3862|2003|15442|3721|10691|2301|4751|1798|32897|4806|23939|4112|8958|1938|55988|6770|38088|5296|17900|3549|21190|3053|17279|2801|3911|2127|20165|3639|18058|3503|2107|1094|11116|2580|9765|2284|1351|673|188924|10219|99944|6413|88980|6618|15043|2980|10385|2331|4658|1189|34138|4382|19117|2893|15021|2715|2271|1679|1134|937|1137|1108|57386|7250|24310|4034|33076|4679|36582|5817|16698|3446|19884|3787|18560|3604|8918|2490|9642|2008|17853|4037|11672|2601|6181|2010|21269|3583|16017|2779|5252|1491|6710|1963|5288|1782|1422|591|62823|8110|40689|5500|22134|4358|16455|3185|14026|2842|2429|1262|12347|3021|7065|2240|5282|1973|37440|6234|30661|5601|6779|1900|26351|4363|21097|4208|5254|1448|41|74|0|210|41|74|1219|701|1219|701|0|210|16568|3511|12763|2993|3805|1539
03000A0US2|38952459|3335|28943647|59398|4857026|35007|2661971|31387|2195055|30180|204793|13095|160255|10006|44538|5983|215071|17786|137279|12262|77792|9038|204968|9897|143552|8237|61416|5254|171485|13398|99730|7072|71755|9193|103019|7038|87514|6345|15505|2114|305563|15135|170712|12004|134851|10139|91743|7561|67698|6704|24045|2861|310506|16508|164773|12075|145733|9617|131307|8724|76619|5682|54688|5545|40731|5190|27793|4070|12938|2411|96117|7531|54650|5629|41467|5244|12946|2979|9512|2340|3434|1733|39042|4580|26904|3833|12138|2347|128468|11189|86903|8208|41565|4441|161901|10507|131024|9145|30877|4073|120091|10652|79049|7127|41042|5678|64909|9099|35798|5692|29111|4777|193556|12830|101281|8141|92275|7502|93175|8490|53568|5837|39607|5603|129069|12523|86475|8970|42594|6594|60857|6123|48793|5269|12064|2655|46464|6389|37518|5326|8946|2360|67306|7162|49670|5931|17636|2996|828962|20245|339669|13844|489293|13859|52201|4715|28127|3348|24074|2782|199061|11515|97780|7926|101281|6801|768|401|562|315|206|117|80329|8363|34515|4107|45814|5822|19286|4296|8789|2199|10497|2898|15561|2649|6992|1521|8569|1930|117582|9823|63631|5791|53951|5587|178042|10099|130893|8409|47149|4738|24124|4180|16250|3459|7874|1946|259904|19409|172191|14781|87713|8426|79179|8734|63666|7454|15513|3369|33897|6774|22462|5096|11435|2743|154485|14227|117153|11658|37332|5346|33289|6838|24060|5068|9229|2751|1421|1401|1290|1391|131|167|5729|1697|5321|1687|408|234|74879|9675|51363|7285|23516|3944
03000A0US3|41667602|8601|36027042|45022|2725143|27569|1669392|24122|1055751|19860|114605|9143|82546|7093|32059|6153|20410|5025|10357|2893|10053|3259|56981|5001|43485|3947|13496|2517|31671|4398|23263|3589|8408|2273|128465|7761|105778|6973|22687|2888|90230|10854|66276|9380|23954|3948|46385|5615|34286|4387|12099|2384|75950|7899|45148|5681|30802|4075|197439|11179|118738|8858|78701|5519|63182|7894|42131|6020|21051|3579|83449|7070|49779|5250|33670|4129|3927|1528|3157|1268|770|539|24216|4850|17275|3921|6941|1851|75998|8808|50826|6725|25172|3667|98951|7579|82332|6120|16619|3298|92473|8625|70150|6865|22323|3298|41423|6892|27217|4505|14206|3559|48287|7208|24090|4388|24197|4145|79053|9039|48016|6314|31037|5189|122621|9753|79636|7402|42985|4680|62538|6065|50369|5344|12169|2716|37586|5107|31352|4242|6234|1956|40671|5148|31866|4675|8805|1739|233437|10381|123561|7548|109876|6810|41318|4468|23238|2983|18080|2661|73965|6595|38961|4682|35004|4118|43787|5354|28832|4654|14955|2391|56719|6008|27038|3472|29681|4092|10646|2892|4686|1047|5960|2314|25391|3688|13588|2398|11803|2760|70655|7607|35669|4459|34986|4968|136230|8820|98778|7257|37452|4696|19916|4071|13823|3215|6093|1992|304000|16625|186599|12993|117401|8842|13423|3137|11915|2655|1508|882|95374|10591|57350|8399|38024|4884|76323|9968|58971|8627|17352|3792|49988|9855|30547|5690|19441|6324|277|188|277|188|0|210|5936|2502|5399|2452|537|281|21521|3623|15508|3036|6013|1676
03000A0US4|17382467|7691|15602044|31302|791031|18340|478995|12358|312036|12480|43666|4182|30633|3229|13033|2514|3410|1221|2474|954|936|597|7831|2139|6646|1916|1185|535|13951|2689|11302|2269|2649|916|55925|5263|44910|4504|11015|2169|11795|1986|8921|1850|2874|913|2585|970|2334|918|251|218|29069|4526|19836|3194|9233|2034|3825|1177|2692|865|1133|670|23656|3889|15152|2915|8504|1905|14782|3744|10585|3239|4197|1300|322|255|242|211|80|146|12792|4251|6428|2505|6364|2730|6827|2239|4745|1649|2082|919|21071|3961|17649|3667|3422|1279|10220|2783|7535|2211|2685|1147|4559|1621|3007|1181|1552|699|10094|2440|7026|1768|3068|1130|26412|4849|19143|3814|7269|2157|22622|3818|14821|2541|7801|2455|24261|3913|18580|3253|5681|1710|15661|3723|12523|3176|3138|1545|7181|2176|6471|2097|710|387|59608|5474|33575|3351|26033|3768|8973|1857|5524|1299|3449|1270|20511|2908|11419|1682|9092|1882|72424|6826|42946|4601|29478|3983|60086|4808|22719|3407|37367|3820|10937|2928|4774|1433|6163|2000|20457|3907|10852|2613|9605|2188|45502|6457|17804|3700|27698|4767|30067|3718|20082|2670|9985|2056|14873|3568|8570|1877|6303|2470|53007|7218|36471|5257|16536|3416|2969|1193|2385|1013|584|389|123082|11288|70062|7656|53020|7190|31077|5582|22319|4475|8758|2565|40905|6536|23699|4360|17206|4237|846|600|846|600|0|210|8079|2407|7258|2435|821|559|13472|3954|9522|2985|3950|1510
03000A0US5|60865902|14593|48538883|72330|7706138|39312|4427520|36731|3278618|34032|289991|14625|222458|12079|67533|6377|535932|30560|337181|20618|198751|15720|84393|6978|65152|5448|19241|3544|247969|14924|161076|10885|86893|8769|163184|9978|143545|9013|19639|2552|40518|6608|34417|5224|6101|2898|44307|4873|36058|4267|8249|2168|147971|11304|96691|7878|51280|6399|39288|4185|26638|2977|12650|2482|33769|5179|24364|4364|9405|1846|68445|6851|45329|5042|23116|4279|6848|2264|5136|1914|1712|893|88485|8254|54280|5914|34205|4754|90447|8845|57772|6469|32675|4605|149023|9183|123749|7476|25274|4633|95635|9041|65743|6527|29892|4070|24611|4918|17928|3713|6683|1928|64513|7448|42837|4554|21676|4709|84653|10034|58411|7227|26242|4567|119058|10553|80081|7809|38977|5850|110255|10188|89446|8417|20809|3766|64010|8435|54357|7210|9653|2376|48040|5600|40009|5089|8031|1886|332452|14587|181459|8955|150993|9304|51076|5900|31651|4467|19425|3194|186833|10967|94051|6396|92782|7808|14217|2705|9222|2013|4995|1468|232432|14489|101095|7979|131337|9795|17856|3989|7361|1737|10495|2669|49505|6416|24819|4168|24686|3646|75436|8658|44584|5733|30852|4852|206906|10829|157161|8484|49745|4810|42258|6707|26084|4373|16174|3914|226388|15219|159381|12148|67007|7450|36129|4533|30862|4060|5267|1397|160465|14577|106254|10974|54211|7266|189543|15303|157572|12135|31971|5583|63513|8669|49099|7051|14414|3282|688|433|620|414|68|113|9503|2445|7375|1568|2128|1374|84336|7764|64870|6353|19466|3539
03000A0US6|16134790|12507|15037592|23155|608320|12952|333587|12432|274733|11163|27507|4329|19646|2992|7861|2288|3379|1462|2450|1128|929|740|5166|1337|4199|1020|967|642|11537|3730|8573|3275|2964|1077|33131|4049|28048|3832|5083|1329|21255|5663|17193|4932|4062|1871|3005|1545|2074|955|931|699|8160|2412|6461|2211|1699|747|2998|1604|2102|1053|896|690|9019|2776|6329|2433|2690|956|5156|1900|4081|1573|1075|610|459|435|304|314|155|256|8558|3459|5118|1792|3440|2182|7641|2095|4302|1441|3339|1102|12537|2685|10160|2489|2377|1169|4976|1640|4085|1424|891|469|4585|2318|2944|1610|1641|1009|4469|1659|2249|799|2220|1233|13296|2724|7819|1783|5477|1541|9410|2485|7284|1929|2126|1060|11653|2822|9242|2166|2411|1150|5339|2221|4267|1776|1072|781|3168|1536|2531|1248|637|478|33226|3151|18151|2619|15075|2309|12054|2274|6474|1806|5580|1633|25601|3628|13262|2721|12339|2125|670|474|587|427|83|114|28052|5135|12928|3362|15124|2794|1596|906|968|559|628|471|9923|2337|6135|2218|3788|1205|13410|3910|4898|1693|8512|2793|20131|3089|15169|2804|4962|1211|6045|1834|3369|1073|2676|1294|61025|10338|36665|7517|24360|5616|1394|722|1288|627|106|150|12445|3404|6995|2030|5450|1960|15883|4201|12552|3786|3331|1564|20992|4608|8968|2456|12024|3456|0|210|0|210|0|210|1771|552|1589|508|182|139|8256|2420|5762|1865|2494|1361
03000A0US7|36587548|13353|26044112|67680|8318642|59764|5153020|51592|3165622|46398|154469|14303|125762|12373|28707|4750|10542|3646|7396|2821|3146|1559|17367|3010|14429|2914|2938|1121|44875|6270|34885|5322|9990|2281|70543|6929|61464|6193|9079|2108|20247|8810|19407|8712|840|419|8353|2389|7194|2238|1159|508|41480|7185|30694|6336|10786|2147|10648|2000|8529|1761|2119|899|8733|2059|5342|1393|3391|1219|16754|4151|12467|3313|4287|1879|1540|1001|989|609|551|510|38500|5156|22527|2901|15973|3351|52167|7671|36395|6018|15772|3577|101753|9146|85628|7643|16125|3256|105530|12331|80802|10012|24728|4142|12571|3906|8487|2874|4084|1782|27538|5229|17723|3459|9815|3203|65856|8300|49965|7251|15891|3132|45084|6888|26851|3699|18233|5297|89911|7726|75334|6279|14577|3310|53125|6334|44945|5674|8180|2421|51442|6879|39475|5709|11967|2650|215599|12636|119546|8856|96053|6991|25035|3711|14808|2490|10227|2120|82429|8940|43774|6172|38655|5023|7723|1553|5334|1136|2389|963|264920|14486|123072|9426|141848|8676|13965|3440|6042|1985|7923|2363|30330|4837|15973|2978|14357|3224|41334|5797|21390|3339|19944|4014|104730|7928|81480|6376|23250|3400|38573|5714|27087|5238|11486|2317|131534|14081|91299|10165|40235|6061|9697|2655|8450|2570|1247|737|35487|6138|21880|4272|13607|3502|100811|10259|88803|9829|12008|2739|43386|6969|31785|5695|11601|3991|331|216|237|224|94|103|11545|1943|9517|1786|2028|754|18337|4182|13190|3221|5147|1919
03000A0US8|22882019|9583|18005312|44484|3551610|40190|2337995|33801|1213615|22684|64911|6238|51199|5173|13712|3402|5719|2242|3803|1812|1916|1139|16654|2731|13732|2458|2922|1131|37069|4878|30169|4130|6900|1610|68301|5132|60033|4421|8268|1700|10108|2165|9339|2035|769|452|7108|1988|5657|1754|1451|661|47466|6110|33609|5118|13857|2474|15233|3437|10879|2842|4354|1676|20803|5018|13897|3533|6906|2005|19021|4178|11400|2443|7621|3065|5344|2137|3889|1539|1455|986|30040|5280|18619|3661|11421|3045|9027|3056|6450|2052|2577|1273|30982|5017|26643|4335|4339|1238|9103|2517|8189|2388|914|433|7067|2661|5360|2027|1707|1166|5229|2128|3427|1413|1802|1134|22322|4434|16274|3588|6048|1806|27850|3911|21911|3155|5939|1605|14929|3332|12380|2975|2549|899|15062|3185|12460|2714|2602|1446|6629|2366|5829|2098|800|520|117954|7392|66305|6439|51649|4028|28754|3685|21441|3015|7313|1666|47841|4894|25737|3229|22104|2991|5930|2138|4003|1872|1927|926|71477|7872|32626|4367|38851|4951|5103|1612|2541|1157|2562|930|21540|3307|11792|2309|9748|1954|21415|4198|12925|2638|8490|2055|145175|9666|105451|7571|39724|4564|44724|4947|33455|3851|11269|2280|63861|8274|42922|5988|20939|4127|7230|2129|5818|2048|1412|623|45318|8360|25595|5500|19723|4709|17720|5514|12187|4316|5533|2389|20084|5199|12142|3473|7942|3089|101617|5705|75187|4606|26430|2839|52195|4395|42987|3920|9208|1681|11182|2123|9099|1905|2083|752
03000A0US9|49637001|5950|30767828|76468|11461319|56945|7014879|52733|4446440|43215|172257|10864|148738|9485|23519|3661|13545|4526|9783|2877|3762|2521|63888|4819|53508|4341|10380|1812|112012|8915|81227|6634|30785|5052|128035|7454|113437|7225|14598|2055|35801|4825|31343|4554|4458|1319|26618|4051|22841|3823|3777|935|252839|13567|145685|9937|107154|7673|33233|6398|24171|4681|9062|2744|30007|4707|22561|4415|7446|1589|100923|11506|55567|6467|45356|7345|200128|11425|118323|9541|81805|6699|260015|17232|159508|11966|100507|9829|66790|7316|49448|5513|17342|3223|264425|16765|222025|14798|42400|4629|64876|7303|48070|6182|16806|3016|171695|14761|101479|9533|70216|6626|46124|5722|35339|4347|10785|2554|90372|9056|67145|6379|23227|4530|110808|9973|80754|7812|30054|4466|109577|8687|91481|7751|18096|3415|83444|8815|71568|7828|11876|2072|58203|6982|47988|5929|10215|2386|1485742|29463|727332|18026|758410|20947|192204|11686|114880|7716|77324|5890|436366|16119|197200|9042|239166|11554|83910|7775|49472|5758|34438|3727|677543|22323|278499|12051|399044|15571|80572|7863|38161|5119|42411|4444|105335|7620|51260|5107|54075|5005|95907|9925|51375|5649|44532|6508|895333|26273|586979|17667|308354|14578|278079|12535|174098|9357|103981|7509|255153|18170|177278|13398|77875|7919|52487|5408|44925|5007|7562|1738|101948|11021|61953|8534|39995|5266|47251|7805|35662|5230|11589|3509|41113|5279|32556|4689|8557|2181|1263|605|1186|598|77|64|19076|3586|15403|2908|3673|1102|62957|7314|38606|4641|24351|4938
03000C0US1|12762135|5713|9950871|32152|1238622|18390|700307|12955|538315|14733|98318|7025|80206|5735|18112|2872|98148|9896|58715|6150|39433|5744|56361|4967|42183|4202|14178|2464|315002|15212|172832|10478|142170|10093|30058|3459|27209|3256|2849|694|6177|1631|5884|1611|293|175|29644|4376|21252|3369|8392|2005|52738|6707|33495|5404|19243|3951|42004|5121|27394|3814|14610|2432|13873|3580|8927|2339|4946|2123|20885|4271|13970|2918|6915|2551|7811|3004|5883|2185|1928|1552|11789|2909|7634|2199|4155|1737|17411|4060|12687|2972|4724|1661|37486|4592|33064|4097|4422|1403|14556|3560|10410|2669|4146|1601|8095|3812|5376|2641|2719|1536|15407|3712|10656|2290|4751|1798|32013|4750|23395|4067|8618|1897|53140|6859|35915|5321|17225|3595|20914|3076|17122|2811|3792|2131|20020|3622|17913|3486|2107|1094|11116|2580|9765|2284|1351|673|186522|10320|98677|6484|87845|6602|14447|2936|9991|2260|4456|1195|33600|4331|18681|2838|14919|2699|2271|1679|1134|937|1137|1108|56822|7255|23838|4021|32984|4705|35872|5624|16687|3447|19185|3581|17262|3619|8592|2443|8670|1939|17010|3969|11132|2540|5878|1998|19336|3214|14282|2426|5054|1474|5704|1841|4581|1738|1123|469|61924|7981|39831|5373|22093|4361|16449|3182|14020|2839|2429|1262|11814|3016|6532|2108|5282|1973|37440|6234|30661|5601|6779|1900|25873|4376|20832|4227|5041|1406|41|74|0|210|41|74|1192|708|1192|708|0|210|16097|3567|12310|3066|3787|1542
03000C0US2|37023636|3066|27130926|58749|4816622|35278|2635782|31801|2180840|30345|199103|13453|155688|10164|43415|6082|214767|17751|136975|12231|77792|9038|202179|9916|141115|8248|61064|5277|170943|13315|99389|7050|71554|9150|94554|6873|81898|6373|12656|1930|272193|15261|149308|11743|122885|10262|90825|7475|67191|6651|23634|2780|308684|16424|163352|12066|145332|9543|129718|8557|75181|5470|54537|5536|40245|5161|27470|4047|12775|2389|95045|7591|54060|5667|40985|5318|12774|2987|9412|2336|3362|1741|38848|4561|26710|3828|12138|2347|128037|11190|86521|8200|41516|4448|161228|10551|130386|9153|30842|4081|119646|10643|78650|7128|40996|5673|64589|9066|35536|5640|29053|4794|193204|12802|101196|8135|92008|7469|93066|8490|53480|5838|39586|5603|127523|12510|85311|8965|42212|6609|60778|6124|48714|5265|12064|2655|46437|6395|37491|5334|8946|2360|67187|7178|49551|5952|17636|2996|825829|20391|337451|13866|488378|13902|51480|4733|27605|3402|23875|2770|197944|11501|97065|7975|100879|6784|768|401|562|315|206|117|79036|8428|33633|4074|45403|5852|19286|4296|8789|2199|10497|2898|15393|2619|6913|1548|8480|1890|117012|9780|63228|5751|53784|5593|176579|9992|130170|8395|46409|4562|23909|4183|16107|3467|7802|1947|257526|19524|171199|14679|86327|8465|78941|8710|63585|7444|15356|3377|33516|6700|22081|5042|11435|2743|153928|14215|116596|11628|37332|5346|33041|6805|23900|5039|9141|2738|1283|1383|1184|1374|99|159|4985|1699|4624|1680|361|228|74059|9779|50871|7293|23188|3946
03000C0US3|36476111|7514|31105004|43696|2590153|25277|1583378|23307|1006775|19747|107666|8951|76780|7020|30886|6106|18728|4870|9333|2797|9395|3234|55243|4879|41995|3815|13248|2486|29602|4239|21776|3375|7826|2285|94753|6692|80783|6068|13970|1965|51040|7199|38168|6373|12872|3238|45487|5558|33619|4317|11868|2347|74260|7793|43692|5576|30568|4068|195184|11150|116915|8831|78269|5487|62733|7879|41848|6015|20885|3574|82067|7098|48887|5299|33180|4139|3915|1528|3145|1268|770|539|24080|4863|17139|3922|6941|1851|74990|8794|50361|6691|24629|3685|96639|7180|80693|5924|15946|3199|92021|8601|69753|6872|22268|3281|41329|6902|27217|4505|14112|3576|47352|7304|23406|4425|23946|4179|77550|8955|47444|6328|30106|5116|119396|9566|77416|7329|41980|4524|61591|6030|49640|5292|11951|2686|36995|5131|30901|4261|6094|1965|40403|5107|31681|4631|8722|1750|227551|10371|121656|7529|105895|6729|38845|4334|21711|2863|17134|2656|73340|6585|38538|4670|34802|4112|39603|5316|26578|4686|13025|2183|56477|6012|26915|3469|29562|4097|10135|2800|4283|988|5852|2287|24219|3738|12686|2343|11533|2762|70103|7639|35360|4444|34743|4979|132394|8624|96196|7017|36198|4752|18960|4071|13233|3175|5727|1938|297849|16049|182598|12532|115251|8630|13222|3137|11714|2657|1508|882|94718|10602|56851|8411|37867|4900|75801|9988|58621|8645|17180|3774|49270|9785|29932|5630|19338|6328|257|185|257|185|0|210|4978|2429|4631|2404|347|251|20208|3393|14291|2827|5917|1674
03000C0US4|14399944|5720|12877735|26985|616128|15754|376740|10668|239388|10183|39355|3913|27805|2990|11550|2421|2804|1107|2168|905|636|529|7239|2042|6255|1873|984|477|13335|2720|10849|2295|2486|901|43337|4824|36021|4145|7316|1918|7443|1442|5800|1289|1643|567|2493|983|2277|932|216|207|27075|4316|18702|3149|8373|1890|3768|1162|2677|865|1091|661|23449|3855|14976|2883|8473|1912|12372|3451|9323|3211|3049|1040|219|273|139|230|80|146|12419|4244|6197|2493|6222|2728|6095|2223|4647|1658|1448|841|20952|3968|17579|3667|3373|1282|9369|2742|7210|2217|2159|908|4359|1603|2807|1153|1552|699|9109|2184|6508|1656|2601|951|23508|4944|16376|3777|7132|2143|20399|3785|12792|2280|7607|2466|23781|3921|18255|3255|5526|1692|15661|3723|12523|3176|3138|1545|7056|2190|6407|2107|649|407|56593|5385|32123|3343|24470|3573|7859|1720|4929|1256|2930|1178|18939|2627|11039|1664|7900|1680|70775|6683|41583|4652|29192|3881|55805|4707|21457|3294|34348|3497|10586|2936|4549|1444|6037|1994|17662|3612|9688|2479|7974|1954|35792|6063|14178|3461|21614|4399|27122|3654|18107|2659|9015|2028|11424|3193|7061|1769|4363|2336|51196|7300|35123|5263|16073|3464|2959|1188|2375|1008|584|389|117394|11047|68495|7797|48899|6811|30114|5600|21467|4525|8647|2542|36571|6095|20601|3765|15970|4223|567|503|567|503|0|210|6097|2170|5406|2172|691|526|13029|3960|9234|2983|3795|1477
03000C0US5|57221505|12343|45185510|72307|7476812|38987|4295558|36862|3181254|33461|285542|14719|218544|12084|66998|6420|530789|30186|334375|20398|196414|15579|82441|6910|63671|5382|18770|3530|246066|14890|159685|10818|86381|8777|158817|9755|139808|8798|19009|2563|39824|6617|33802|5238|6022|2892|43948|4860|35699|4243|8249|2168|145704|11175|95182|7900|50522|6309|38482|4223|26176|2968|12306|2524|33614|5194|24209|4374|9405|1846|67832|6851|44857|5025|22975|4289|6848|2264|5136|1914|1712|893|87996|8218|53897|5889|34099|4752|88151|8944|56610|6617|31541|4596|148448|9107|123330|7452|25118|4560|95287|9071|65483|6540|29804|4085|24553|4922|17870|3715|6683|1928|64122|7462|42595|4537|21527|4736|84413|10049|58344|7222|26069|4550|116147|10640|77818|7831|38329|5811|110206|10197|89397|8432|20809|3766|63919|8432|54357|7210|9562|2373|47904|5571|40009|5089|7895|1859|328071|14671|179372|9047|148699|9245|49360|5851|30688|4399|18672|3153|184393|10929|93420|6366|90973|7679|13865|2737|8939|2019|4926|1458|228142|14597|98901|8051|129241|9759|17856|3989|7361|1737|10495|2669|46979|6415|23851|4160|23128|3626|74794|8656|44127|5707|30667|4864|202867|10730|153789|8384|49078|4742|40262|6289|24517|4007|15745|3793|223399|15311|157558|12178|65841|7261|36100|4532|30833|4059|5267|1397|159497|14476|105677|10913|53820|7213|188166|15369|156406|12236|31760|5552|62727|8628|48313|6992|14414|3282|418|387|350|372|68|113|7739|2349|5624|1432|2115|1377|83495|7719|64425|6344|19070|3500
03000C0US6|12779345|9671|11825624|22008|513734|11937|281531|11913|232203|9488|23805|4338|17029|2820|6776|2306|2634|1307|1889|971|745|696|4486|1154|3826|942|660|531|10699|3815|8199|3246|2500|1022|26671|3912|23400|3787|3271|1104|14684|4038|12302|4021|2382|1304|2303|978|1771|733|532|369|6312|1721|4830|1551|1482|744|2438|1579|1802|1054|636|624|8722|2850|6130|2462|2592|989|4711|1826|3761|1506|950|596|381|416|226|293|155|256|8528|3456|5088|1791|3440|2182|6270|1890|3594|1330|2676|1072|11256|2710|9248|2473|2008|1011|4506|1581|3644|1361|862|464|4274|2241|2732|1543|1542|1000|3962|1410|2118|721|1844|1088|12242|2541|7137|1610|5105|1524|8380|2296|6556|1804|1824|978|11571|2836|9160|2175|2411|1150|5089|2176|4243|1777|846|652|2989|1521|2352|1228|637|478|31484|3244|17281|2608|14203|2273|10916|2161|5621|1630|5295|1590|22474|3437|10685|2133|11789|2120|670|474|587|427|83|114|25999|5048|11920|3199|14079|2792|1461|850|856|518|605|461|9300|2261|5926|2141|3374|1212|12786|3907|4524|1700|8262|2786|17868|2980|13614|2722|4254|1222|5198|1749|2695|1002|2503|1268|57796|10303|35048|7649|22748|5301|1229|697|1123|596|106|150|12445|3404|6995|2030|5450|1960|15553|4175|12227|3764|3326|1565|20613|4623|8589|2465|12024|3456|0|210|0|210|0|210|1068|422|987|400|81|97|6214|2234|4150|1694|2064|1331
03000C0US7|33279831|8211|23310217|66338|7802804|58723|4814403|48816|2988401|45191|147415|14112|119357|12155|28058|4764|10379|3650|7233|2831|3146|1559|16810|3056|14020|2951|2790|1106|44311|6248|34321|5282|9990|2281|63315|6722|55903|6180|7412|1634|18651|8818|17868|8721|783|436|8237|2394|7078|2243|1159|508|40969|7213|30431|6340|10538|2157|10366|1957|8247|1726|2119|899|8444|2065|5116|1390|3328|1220|16614|4132|12327|3291|4287|1879|1540|1001|989|609|551|510|37251|5137|21951|2855|15300|3391|51836|7616|36206|5989|15630|3559|101257|9068|85173|7558|16084|3270|104058|12191|80015|9969|24043|4089|12477|3908|8393|2880|4084|1782|27205|5229|17425|3450|9780|3192|63567|8177|48420|7285|15147|3048|44085|6891|26230|3714|17855|5267|89007|7546|74568|6132|14439|3290|52846|6305|44683|5652|8163|2420|50975|6850|39111|5663|11864|2656|212799|12651|118180|8861|94619|7008|24564|3666|14503|2441|10061|2125|81365|9012|43229|6192|38136|5105|7410|1503|5150|1100|2260|947|258761|14591|121505|9416|137256|8736|12297|3067|5512|2001|6785|1931|29381|4821|15435|2978|13946|3185|40556|5751|20904|3306|19652|3998|100375|8014|77816|6425|22559|3433|37376|5479|26009|4975|11367|2318|129029|13932|89190|9892|39839|6058|9606|2656|8366|2570|1240|736|34899|6137|21445|4280|13454|3496|97772|9700|85802|9233|11970|2757|42657|6907|31092|5723|11565|3999|331|216|237|224|94|103|9200|1874|7733|1787|1467|786|16817|4039|12119|3094|4698|1883
03000C0US8|20300822|6498|15910033|44447|3186838|37110|2092141|31471|1094697|21587|60361|6042|47599|5072|12762|3323|5103|2121|3368|1714|1735|1039|14229|2356|11474|2034|2755|1093|34263|4757|28169|4033|6094|1678|58702|4227|51457|3821|7245|1569|9243|2113|8535|1992|708|442|6761|1870|5310|1609|1451|661|46229|6036|32506|5038|13723|2504|14270|3235|10254|2744|4016|1596|20588|5023|13721|3541|6867|1999|17748|4045|10341|2263|7407|3048|5344|2137|3889|1539|1455|986|29783|5284|18433|3635|11350|3061|9027|3056|6450|2052|2577|1273|30711|4976|26372|4283|4339|1238|8464|2360|7709|2277|755|402|7045|2658|5338|2023|1707|1166|4981|2109|3179|1376|1802|1134|21161|4347|15620|3564|5541|1715|25969|3895|20372|3082|5597|1610|14039|3296|11547|2937|2492|891|14791|3055|12189|2607|2602|1446|6629|2366|5829|2098|800|520|113318|7189|63664|6294|49654|3919|26832|3541|19872|2956|6960|1626|45483|4825|23972|3161|21511|2927|5863|2118|3936|1852|1927|926|70381|7847|32176|4359|38205|4933|5103|1612|2541|1157|2562|930|20824|3330|11391|2299|9433|1967|20760|4177|12612|2624|8148|1987|139419|9412|101329|7448|38090|4482|42082|5056|31314|3914|10768|2276|62993|8216|42340|5939|20653|4110|6876|2089|5590|2024|1286|620|45267|8372|25544|5512|19723|4709|17228|5558|11741|4362|5487|2383|19595|5218|11653|3432|7942|3089|60405|5241|43266|4163|17139|2286|25590|3574|22371|3309|3219|928|10491|2134|8531|1855|1960|748
03000C0US9|47639010|4278|29059571|72827|11274765|54731|6898533|50988|4376232|43121|167888|10603|145354|9334|22534|3625|13482|4516|9720|2864|3762|2521|62764|4842|52499|4338|10265|1828|110695|8880|80320|6551|30375|5042|122758|7375|108961|7141|13797|2095|32888|4700|28541|4445|4347|1303|26618|4051|22841|3823|3777|935|250466|13482|143679|9904|106787|7649|31569|6156|23333|4562|8236|2601|29855|4722|22500|4416|7355|1600|98236|11621|53182|6675|45054|7385|200052|11404|118247|9525|81805|6699|258481|16939|158559|11841|99922|9774|66131|7363|48899|5553|17232|3226|263868|16781|221525|14873|42343|4620|64876|7303|48070|6182|16806|3016|171470|14744|101411|9550|70059|6575|46123|5722|35338|4347|10785|2554|90024|9098|66797|6406|23227|4530|108811|9869|79014|7727|29797|4444|109565|8690|91469|7754|18096|3415|83350|8795|71474|7802|11876|2072|58169|6984|47954|5931|10215|2386|1476528|28559|724070|17899|752458|20067|187681|11479|111765|7712|75916|5751|434102|16251|196027|9155|238075|11588|83132|7792|49045|5767|34087|3735|675520|22366|277405|12062|398115|15471|80388|7839|38073|5119|42315|4433|103172|7725|49996|5118|53176|5044|95325|9823|51013|5614|44312|6422|882923|25687|579326|17257|303597|14314|248494|11373|153511|8455|94983|7239|254304|18143|176861|13406|77443|7828|52058|5367|44602|4966|7456|1698|101705|11019|61792|8526|39913|5265|46633|7878|35044|5268|11589|3509|40835|5256|32278|4667|8557|2181|1097|502|1020|496|77|64|15844|3386|12440|2775|3404|1076|56794|6534|33779|4156|23015|4863
03000C1US1|2965741|7801|2000946|19953|522681|14892|283092|10731|239589|11604|29460|3929|23290|3230|6170|1653|33336|5555|20376|3697|12960|2865|13810|2886|9455|1947|4355|1731|70283|8826|35465|5220|34818|5902|5919|1421|5543|1386|376|275|1513|764|1417|744|96|115|5398|1340|4089|1080|1309|664|11981|2428|7349|1931|4632|1239|6288|1874|4445|1380|1843|846|5034|2006|3540|1403|1494|842|6046|1689|4403|1373|1643|659|3100|2473|1871|1526|1229|1473|4270|1528|3136|1148|1134|848|4138|1523|3474|1285|664|507|9355|2001|8049|1881|1306|687|3393|1396|2511|996|882|642|562|582|426|466|136|173|6444|2764|3689|1461|2755|1471|7610|2198|5148|1561|2462|1162|17036|3884|10398|2752|6638|2277|3550|1570|3145|1527|405|284|4343|1516|4194|1480|149|166|2524|1122|2117|985|407|288|58747|5488|31782|3189|26965|3576|5129|1582|3702|1339|1427|565|10147|2068|6941|1519|3206|1124|760|879|671|822|89|177|23190|4217|9511|2736|13679|2800|5130|2616|1960|1415|3170|1691|4705|1666|1884|808|2821|1093|3660|1359|2492|960|1168|664|6441|1601|4963|1431|1478|682|1775|945|1422|810|353|249|18589|4696|11667|3350|6922|2280|5332|1721|4045|1332|1287|900|8022|2496|4214|1914|3808|1496|16768|4435|12850|3834|3918|1645|11635|3402|9319|3002|2316|900|0|210|0|210|0|210|198|271|198|271|0|210|6493|2194|5126|1975|1367|982
03000C1US2|12777429|13810|7697105|39851|2561733|25020|1349352|21507|1212381|22956|122059|10514|93259|8155|28800|5309|115960|11461|75500|8053|40460|6225|70492|7079|47366|5248|23126|3788|61700|8230|34164|4463|27536|5408|24772|3633|23203|3439|1569|529|112794|11133|62316|9472|50478|6649|39425|4873|26875|3814|12550|2127|202742|14697|92756|10130|109986|8525|45806|6193|24834|3458|20972|3652|19613|3452|12692|2714|6921|2044|40104|5910|18972|3972|21132|4018|5184|2306|2954|1295|2230|1680|16429|3636|10682|3046|5747|1748|20822|3912|15143|3193|5679|1359|52853|6670|40574|5835|12279|2799|51031|6816|27415|4089|23616|4354|29200|5279|13896|2657|15304|3349|137567|9859|64541|6555|73026|5831|33582|5542|17918|3558|15664|3107|67970|9994|41464|6874|26506|5751|5261|1265|4473|1032|788|558|8157|1970|7032|1862|1125|603|15795|3497|10243|2722|5552|1885|572117|16875|196683|10723|375434|11534|23395|3448|13029|2542|10366|2097|75556|8291|38652|5141|36904|4881|351|274|288|231|63|75|39682|5591|15366|2757|24316|3817|11596|3378|4266|1539|7330|2647|8033|1964|3364|1116|4669|1513|62434|7988|29537|4458|32897|5040|70686|6469|49232|4558|21454|3716|14666|3682|9325|2922|5341|1838|127027|15221|79268|10538|47759|7330|41442|6647|32284|5207|9158|3107|22433|5902|14687|4476|7746|2508|93405|9142|68104|7662|25301|4642|20222|5867|14005|4214|6217|2502|101|105|101|105|0|210|1917|1368|1917|1368|0|210|34210|5955|21746|4310|12464|3031
03000C1US3|12281597|20661|9863178|39497|1264435|26675|741332|17076|523103|21422|53684|6697|34842|4632|18842|5363|12090|4196|5069|1977|7021|3191|15490|2900|11601|2170|3889|1698|14410|3234|10083|2744|4327|1696|26312|3086|22347|2891|3965|1024|6280|2203|4963|1302|1317|1532|11550|2697|7800|1843|3750|1513|24261|4561|14500|3168|9761|2314|52513|5954|33237|5272|19276|2295|21716|3831|13309|2816|8407|1944|21726|4125|14420|2799|7306|2019|1114|773|687|505|427|469|10829|3739|7553|3037|3276|1289|26118|5323|17556|3900|8562|2622|44648|5869|37092|4906|7556|2427|41631|6863|30441|5271|11190|2551|11103|3673|7224|2297|3879|2112|25366|6172|12231|3288|13135|3746|34673|6580|20694|3993|13979|4261|37704|5115|22309|3173|15395|3154|24417|4389|19900|3817|4517|1619|14771|3479|12800|2999|1971|931|12400|2223|10461|2049|1939|735|125565|8193|64348|5298|61217|5451|19412|3454|10569|2078|8843|2044|30636|3959|15942|2268|14694|2903|25230|4395|16573|3803|8657|1816|22573|3394|10466|2060|12107|2610|3970|1571|2004|743|1966|1111|7798|2011|4408|1153|3390|1243|43952|6013|20537|3338|23415|4101|51822|5956|35103|4410|16719|3333|9189|3018|7194|2631|1995|1159|132716|9074|74791|6471|57925|6093|6040|1981|5641|1871|399|289|45689|7886|27329|6313|18360|3387|46419|7207|34547|6284|11872|3380|29291|7012|18225|4451|11066|4096|88|106|88|106|0|210|1559|774|1365|735|194|214|7229|2224|5038|1933|2191|924
03000C1US4|5893996|10420|5046900|25704|372868|12993|222530|9541|150338|8464|21340|3197|15149|2413|6191|1824|1673|916|1220|796|453|450|4088|1654|3630|1477|458|356|7086|2196|5715|1760|1371|745|15047|1798|13168|1828|1879|734|2054|810|1786|735|268|247|1389|755|1293|744|96|151|10984|2512|7662|1993|3322|1188|1354|696|1085|594|269|366|7407|2260|4507|1435|2900|1298|2780|864|2135|717|645|527|80|146|0|210|80|146|7402|3302|4522|2383|2880|1350|1984|995|1838|934|146|134|10868|2276|8320|1899|2548|1028|4633|1542|3624|1310|1009|648|1815|1059|1047|604|768|545|4684|1498|3285|1193|1399|744|14155|3224|9832|2251|4323|1540|10249|2536|7016|1716|3233|1431|12547|3046|9479|2239|3068|1339|5302|1749|4107|1623|1195|715|2463|912|2222|890|241|275|28182|3512|17490|2628|10692|1798|3999|1274|2280|742|1719|954|9415|1994|5839|1291|3576|1218|30006|4396|14770|2902|15236|2966|34016|3465|11853|1855|22163|2920|5379|2069|1987|922|3392|1480|7641|2208|3526|1382|4115|1447|27312|5281|9793|3051|17519|3871|14309|2476|9241|2046|5068|1450|6905|2821|3713|1271|3192|2300|28862|5285|20636|4067|8226|2143|1393|648|1099|550|294|284|78267|9264|45578|6672|32689|5832|12799|3669|9966|3431|2833|1190|24301|4852|11340|2524|12961|3895|40|68|40|68|0|210|4394|2001|3832|2040|562|510|5624|2600|3509|1819|2115|1186
03000C1US5|16183130|25551|12832381|44947|2014168|32004|1169493|24610|844675|22945|96262|7732|76342|6894|19920|3221|143873|17735|84165|12599|59708|8693|27062|2662|22044|2215|5018|1343|85791|9006|55006|6998|30785|4175|54652|5270|50276|5136|4376|1187|7741|1682|6796|1586|945|583|13887|2627|10565|2080|3322|1753|42912|5245|29576|4099|13336|2854|13203|2602|9568|1933|3635|1465|12306|3259|8229|2535|4077|1337|20212|3591|14441|2848|5771|1850|2525|1216|1953|1002|572|392|24819|3999|15710|3225|9109|2446|22557|4614|14290|3285|8267|2406|41325|4773|36378|4643|4947|1679|16082|3375|11233|2492|4849|1544|3397|1640|2579|1243|818|566|16510|3223|10890|1958|5620|1897|17353|3114|13054|2279|4299|1631|32122|5517|23018|4625|9104|2413|31768|5367|25003|4321|6765|2333|18550|4713|14570|3665|3980|1807|10993|2744|9968|2606|1025|513|94671|6591|55235|4766|39436|3688|16191|3166|10258|2111|5933|1884|43094|5164|24298|3239|18796|3631|4278|1521|2355|894|1923|1087|59961|7996|28484|5178|31477|4389|3825|1551|1686|756|2139|1039|14453|3065|7151|1944|7302|1834|30097|5899|16614|3046|13483|3636|71601|7152|53325|5684|18276|2892|17392|4448|8777|2533|8615|2977|74764|7688|52274|6531|22490|3829|10566|2261|9077|1906|1489|794|46368|8944|25590|5438|20778|5666|47869|8326|40989|7469|6880|2137|20941|4502|13436|3116|7505|2817|333|379|265|363|68|113|1993|1750|927|672|1066|1185|22282|3113|17474|2924|4808|1548
03000C1US6|5035095|10310|4515438|18896|273245|11257|138163|9201|135082|8791|13672|3750|9638|2340|4034|2110|2263|1180|1737|938|526|624|2488|736|2340|698|148|156|5703|3597|4575|3015|1128|716|11546|3028|10788|3001|758|429|1917|758|1717|737|200|204|1219|710|1105|577|114|179|3103|1020|2384|868|719|593|363|247|286|240|77|129|4769|2321|3613|2043|1156|775|2303|1414|1936|1178|367|291|193|317|38|62|155|256|6251|3242|3102|1468|3149|2148|2440|1173|1207|660|1233|819|6552|2244|5431|2058|1121|808|2543|1124|2154|955|389|301|1423|846|1251|809|172|241|2995|1333|1351|640|1644|1055|9568|2326|5335|1463|4233|1378|5144|1981|4105|1482|1039|719|6088|2588|4751|1869|1337|969|1847|1165|1440|764|407|528|1543|1147|1023|813|520|449|17430|2877|9906|2084|7524|1857|4987|1685|2686|1254|2301|1011|11669|2990|4868|1570|6801|1921|340|352|340|352|0|210|13141|3127|6688|2021|6453|1770|1036|798|596|472|440|424|4961|1686|3079|1409|1882|854|10183|3775|3495|1552|6688|2729|7891|1891|5923|1739|1968|864|3099|1513|1680|835|1419|1115|38754|8293|20831|4732|17923|5187|567|376|567|376|0|210|8866|2870|5335|1833|3531|1562|7580|3403|6117|3005|1463|1077|15178|4079|4418|1674|10760|3397|0|210|0|210|0|210|379|287|298|276|81|97|4418|2092|2907|1614|1511|1201
03000C1US7|15557914|22547|10117517|51200|4391830|48612|2645301|39522|1746529|38095|68742|8433|54279|7321|14463|3397|5050|1840|3177|1303|1873|1090|8704|1846|7242|1844|1462|1017|21689|3987|15737|3300|5952|1751|29964|4358|26958|3990|3006|1086|5522|1776|5247|1752|275|248|3820|1677|3385|1540|435|265|17178|3355|13159|2720|4019|1381|4121|1359|3170|1043|951|796|4922|1695|2808|1046|2114|1157|6286|1990|4734|1629|1552|1354|1099|910|673|491|426|486|24181|4407|12317|2292|11864|3122|20182|4026|15530|3095|4652|1523|48256|5846|40785|5115|7471|1807|38619|6893|30195|5747|8424|2159|3945|1701|2742|1273|1203|787|13101|3341|8825|2699|4276|1528|33978|6804|25208|5789|8770|2372|29886|5677|15757|2836|14129|5304|36491|4558|31390|4159|5101|1507|26844|5149|21983|4232|4861|2256|17514|3951|14289|3626|3225|1332|118575|7696|66218|5195|52357|5249|13184|2671|7308|1739|5876|1604|37048|4834|20213|2928|16835|3123|2512|970|1964|889|548|355|105253|8364|45843|4919|59410|5857|3800|1721|1821|1149|1979|1134|15883|3408|8915|2228|6968|2121|22548|4075|11655|2531|10893|3004|50864|5992|38977|4811|11887|2703|23588|4738|17092|4357|6496|2143|63073|8538|42371|5967|20702|4257|7070|2626|6564|2603|506|329|21368|4662|14426|3410|6942|2415|54064|7547|47872|7345|6192|1844|28605|5672|19321|4376|9284|3852|275|230|237|224|38|64|2968|1108|2155|837|813|656|7795|2214|5384|1253|2411|1669
03000C1US8|9794757|13526|7446572|38808|1721866|35516|1130903|27495|590963|17283|34403|4519|26378|3609|8025|2224|3730|1713|2092|1297|1638|1031|7682|1896|6162|1762|1520|738|15223|3523|12573|3011|2650|1108|29581|3298|25985|2995|3596|961|4978|1682|4715|1544|263|259|4574|1618|3878|1464|696|485|20710|4031|14495|3492|6215|1958|7964|2253|5898|1874|2066|937|10536|2703|6339|1901|4197|1429|7583|1836|5796|1688|1787|575|3009|1570|2194|981|815|835|14473|3362|8645|2576|5828|1875|6211|2670|4102|1681|2109|1200|19003|4590|16471|3935|2532|1080|4814|1582|4371|1448|443|310|4024|2210|2956|1409|1068|1033|4137|2008|2512|1284|1625|1102|11127|2920|8101|2525|3026|1069|12015|2374|10040|1968|1975|838|8549|2499|7140|2293|1409|624|11893|3084|9902|2578|1991|1430|4186|1947|3633|1639|553|491|57738|6122|32443|5004|25295|3066|14710|2469|11036|2040|3674|1167|24389|3799|13217|2552|11172|2210|1543|1401|1416|1375|127|149|39377|5039|16793|2651|22584|3801|2750|1276|1290|849|1460|823|9056|1976|5096|1326|3960|1239|14989|3963|8730|2524|6259|1775|60783|6985|44969|5570|15814|2816|19714|3911|15066|3087|4648|1635|42721|7267|29195|4939|13526|3853|4432|1468|3559|1331|873|573|26360|5604|15337|3955|11023|3693|13800|5186|9354|4149|4446|2322|12452|3900|6334|1978|6118|2881|19459|3308|14472|3072|4987|1238|6731|2212|6108|2091|623|355|4910|1698|4030|1564|880|523
03000C1US9|21813527|16319|12792606|53704|5113157|44555|3076379|37269|2036778|29771|98174|8086|86074|7111|12100|3024|6272|2651|4263|1349|2009|1786|32649|3241|27400|2825|5249|1297|53085|6046|39241|5277|13844|2853|58979|5105|53552|4786|5427|1429|16819|3047|14362|2861|2457|855|14077|3065|11937|2968|2140|761|136631|10847|75785|6660|60846|7086|11358|2923|9498|2732|1860|748|15672|3595|12848|3530|2824|957|45902|6727|26003|4259|19899|3899|170379|11190|95730|9160|74649|6327|145813|11838|88200|8710|57613|6925|35247|5225|26056|3873|9191|2154|148610|10337|124697|9312|23913|3123|35864|6094|29534|5572|6330|1537|78998|9597|47036|6168|31962|4565|27843|4152|21006|3122|6837|1923|50014|6809|38199|4488|11815|4145|53546|5833|39036|3988|14510|3056|61544|6197|51444|5928|10100|2922|50643|6584|42872|6029|7771|1676|38526|5724|31674|4699|6852|2318|752365|19757|387142|14102|365223|12907|112273|8671|64797|5962|47476|4253|239285|12109|107399|6822|131886|8626|55701|7577|35644|5643|20057|3354|355193|16527|145570|8479|209623|11482|49268|6171|22728|4047|26540|3570|54041|5863|24913|3582|29128|3949|50949|6891|28574|4279|22375|4331|445170|18296|284173|12831|160997|9733|113301|9408|69798|6933|43503|4885|122194|11204|89536|9409|32658|4847|36716|4350|30280|3607|6436|1711|55529|8094|33963|5965|21566|4388|20687|6141|14492|3946|6195|2985|21784|4477|16532|3890|5252|1758|606|429|558|429|48|35|7652|1717|6041|1601|1611|768|28405|4534|14962|2766|13443|3484
03000C2US1|9796394|10383|7949925|27455|715941|15741|417215|13219|298726|9895|68858|5402|56916|4613|11942|2136|64812|9123|38339|5736|26473|5017|42551|4416|32728|3799|9823|1887|244719|14390|137367|9494|107352|8713|24139|2918|21666|2727|2473|636|4664|1381|4467|1374|197|133|24246|4165|17163|3256|7083|1859|40757|6208|26146|5005|14611|3708|35716|4614|22949|3428|12767|2312|8839|2921|5387|1721|3452|1983|14839|3801|9567|2590|5272|2447|4711|1670|4012|1429|699|582|7519|2346|4498|1652|3021|1512|13273|3196|9213|2351|4060|1443|28131|3958|25015|3519|3116|1333|11163|3124|7899|2450|3264|1406|7533|3764|4950|2598|2583|1520|8963|2400|6967|1843|1996|829|24403|4707|18247|4006|6156|1682|36104|5944|25517|4875|10587|2523|17364|3355|13977|2854|3387|2093|15677|3441|13719|3260|1958|1099|8592|2253|7648|2019|944|606|127775|8957|66895|5747|60880|5681|9318|2405|6289|1801|3029|1015|23453|3657|11740|2336|11713|2272|1511|1473|463|463|1048|1095|33632|5540|14327|3009|19305|3349|30742|5504|14727|3385|16015|3194|12557|3485|6708|2335|5849|1787|13350|3454|8640|2165|4710|1853|12895|2916|9319|2026|3576|1368|3929|1521|3159|1441|770|380|43335|6641|28164|4241|15171|3737|11117|2663|9975|2549|1142|669|3792|1751|2318|1122|1474|1101|20672|4425|17811|4075|2861|1069|14238|3012|11513|3123|2725|1252|41|74|0|210|41|74|994|619|994|619|0|210|9604|3000|7184|2523|2420|1101
03000C2US2|24246207|14947|19433821|46319|2254889|30108|1286430|22625|968459|19377|77044|5901|62429|4790|14615|2560|98807|10363|61475|7053|37332|5926|131687|7386|93749|6395|37938|4030|109243|11112|65225|6959|44018|6740|69782|5654|58695|5108|11087|1965|159399|11664|86992|8604|72407|6192|51400|5417|40316|4818|11084|1960|105942|8974|70596|6939|35346|4395|83912|7517|50347|5212|33565|4491|20632|3488|14778|2717|5854|1420|54941|6812|35088|4436|19853|3927|7590|2172|6458|1990|1132|487|22419|3435|16028|2765|6391|1607|107215|10718|71378|7729|35837|4338|108375|8677|89812|7525|18563|2989|68615|8029|51235|6055|17380|3112|35389|7108|21640|4764|13749|3220|55637|6834|36655|4777|18982|3657|59484|6727|35562|4546|23922|4866|59553|7259|43847|5600|15706|3119|55517|5966|44241|5148|11276|2588|38280|5979|30459|4962|7821|2330|51392|6045|39308|5223|12084|2386|253712|10914|140768|7547|112944|7190|28085|4087|14576|2497|13509|2617|122388|7883|58413|5519|63975|4693|417|288|274|212|143|93|39354|5323|18267|3032|21087|3583|7690|2677|4523|1915|3167|1123|7360|1821|3549|1053|3811|1096|54578|6906|33691|4346|20887|3623|105893|7056|80938|6506|24955|2865|9243|1997|6782|1908|2461|709|130499|12694|91931|10401|38568|4901|37499|5755|31301|5168|6198|1673|11083|3069|7394|2341|3689|1393|60523|8618|48492|7524|12031|2320|12819|2833|9895|2332|2924|1194|1182|1369|1083|1360|99|159|3068|1169|2707|1099|361|228|39849|6985|29125|5729|10724|2689
03000C2US3|24194514|21108|21241826|43707|1325718|24425|842046|18922|483672|15488|53982|5205|41938|4670|12044|3049|6638|2163|4264|1701|2374|1271|39753|3993|30394|3495|9359|1740|15192|2727|11693|1956|3499|1528|68441|5841|58436|5345|10005|1820|44760|6881|33205|6500|11555|2734|33937|4729|25819|3934|8118|1736|49999|6209|29192|4536|20807|3213|142671|10109|83678|7342|58993|5305|41017|6091|28539|4832|12478|2922|60341|6369|34467|4920|25874|3775|2801|1273|2458|1172|343|272|13251|2871|9586|2271|3665|1355|48872|6494|32805|4831|16067|2780|51991|5556|43601|4759|8390|1879|50390|5129|39312|4297|11078|1952|30226|5258|19993|3696|10233|2531|21986|4311|11175|2808|10811|2485|42877|6577|26750|4512|16127|3682|81692|8241|55107|6609|26585|3650|37174|4957|29740|4255|7434|2091|22224|4024|18101|3337|4123|1740|28003|4729|21220|4079|6783|1691|101986|8404|57308|6047|44678|4524|19433|2631|11142|2020|8291|1502|42704|4873|22596|3606|20108|2603|14373|3001|10005|2553|4368|1295|33904|4890|16449|2660|17455|3185|6165|2459|2279|773|3886|2025|16421|3253|8278|2082|8143|2510|26151|5061|14823|3139|11328|2990|80572|6535|61093|6029|19479|2968|9771|2452|6039|1524|3732|1437|165133|12863|107807|10288|57326|5796|7182|2279|6073|1756|1109|851|49029|7928|29522|6285|19507|3652|29382|5826|24074|4942|5308|1788|19979|6056|11707|2939|8272|4812|169|169|169|169|0|210|3419|2249|3266|2249|153|121|12979|2629|9253|2053|3726|1488
03000C2US4|8505948|12515|7830835|22765|243260|9761|154210|6843|89050|6411|18015|3081|12656|2181|5359|1783|1131|717|948|566|183|257|3151|1125|2625|1086|526|351|6249|1548|5134|1434|1115|473|28290|4302|22853|3640|5437|1694|5389|1349|4014|1104|1375|638|1104|432|984|352|120|140|16091|3658|11040|2564|5051|1517|2414|946|1592|622|822|568|16042|3282|10469|2497|5573|1667|9592|3247|7188|3012|2404|888|139|230|139|230|0|210|5017|2440|1675|728|3342|2253|4111|2040|2809|1418|1302|825|10084|3034|9259|3009|825|522|4736|2371|3586|1860|1150|725|2544|1183|1760|931|784|455|4425|1671|3223|1232|1202|608|9353|3389|6544|2744|2809|1333|10150|2599|5776|1556|4374|1859|11234|2970|8776|2491|2458|1016|10359|3227|8416|2586|1943|1272|4593|2189|4185|2090|408|331|28411|4221|14633|2104|13778|3170|3860|1248|2649|1013|1211|609|9524|2115|5200|1256|4324|1256|40769|5859|26813|4186|13956|2713|21789|3683|9604|2376|12185|2321|5207|1613|2562|940|2645|1162|10021|2655|6162|2043|3859|1079|8480|3028|4385|1522|4095|2219|12813|2398|8866|1808|3947|1109|4519|1538|3348|1215|1171|592|22334|5535|14487|3244|7847|3083|1566|978|1276|821|290|283|39127|7342|22917|5322|16210|3624|17315|4222|11501|2852|5814|2325|12270|3456|9261|2708|3009|1396|527|502|527|502|0|210|1703|841|1574|795|129|130|7405|2629|5725|2041|1680|969
03000C2US5|41038375|28467|32353129|66917|5462644|33880|3126065|35392|2336579|30611|189280|11897|142202|9863|47078|5540|386916|24824|250210|15881|136706|13013|55379|6199|41627|4685|13752|3309|160275|12409|104679|8827|55596|7303|104165|8107|89532|7005|14633|2450|32083|6043|27006|4718|5077|2947|30061|4578|25134|4121|4927|1313|102792|9476|65606|6567|37186|5252|25279|3862|16608|2529|8671|2213|21308|4289|15980|3706|5328|1499|47620|6016|30416|4146|17204|3677|4323|1820|3183|1583|1140|780|63177|6851|38187|4317|24990|4177|65594|6897|42320|5328|23274|3220|107123|8580|86952|6581|20171|3845|79205|8948|54250|6517|24955|3925|21156|4530|15291|3409|5865|1916|47612|6638|31705|4433|15907|3953|67060|9055|45290|6122|21770|4491|84025|9379|54800|6093|29225|5355|78438|9400|64394|7756|14044|3103|45369|6211|39787|5959|5582|1486|36911|5232|30041|4634|6870|1719|233400|13124|124137|7554|109263|8421|33169|4868|20430|3616|12739|2564|141299|9348|69122|5835|72177|6335|9587|2144|6584|1643|3003|1206|168181|13187|70417|6692|97764|9062|14031|3554|5675|1600|8356|2311|32526|5578|16700|3770|15826|3005|44697|5656|27513|4308|17184|2935|131266|8225|100464|6143|30802|3692|22870|4351|15740|3122|7130|2035|148635|14097|105284|11338|43351|5894|25534|4192|21756|3661|3778|1288|113129|11708|80087|9697|33042|4211|140297|12968|115417|9983|24880|5007|41786|7285|34877|6275|6909|2233|85|97|85|97|0|210|5746|1775|4697|1371|1049|637|61213|6470|46951|5488|14262|2884
03000C2US6|7744250|13393|7310186|20122|240489|10121|143368|8220|97121|7574|10133|1921|7391|1377|2742|1009|371|428|152|143|219|296|1998|883|1486|647|512|510|4996|1874|3624|1438|1372|872|15125|2614|12612|2514|2513|1025|12767|3903|10585|3869|2182|1295|1084|658|666|454|418|318|3209|1335|2446|1255|763|506|2075|1536|1516|1003|559|612|3953|1600|2517|1145|1436|712|2408|1066|1825|927|583|481|188|290|188|290|0|210|2277|1041|1986|969|291|283|3830|1582|2387|1183|1443|858|4704|1611|3817|1347|887|677|1963|893|1490|737|473|339|2851|2164|1481|1324|1370|979|967|505|767|448|200|222|2674|980|1802|743|872|545|3236|1094|2451|906|785|583|5483|1699|4409|1431|1074|640|3242|1804|2803|1647|439|356|1446|901|1329|859|117|158|14054|2711|7375|1744|6679|1885|5929|1634|2935|1068|2994|1209|10805|2363|5817|1714|4988|1310|330|294|247|227|83|114|12858|3296|5232|1801|7626|2095|425|296|260|233|165|139|4339|1954|2847|1836|1492|819|2603|1986|1029|860|1574|1257|9977|2383|7691|2100|2286|986|2099|877|1015|543|1084|602|19042|6700|14217|5618|4825|1885|662|614|556|483|106|150|3579|1805|1660|958|1919|1051|7973|3279|6110|2631|1863|1343|5435|2584|4171|1889|1264|1031|0|210|0|210|0|210|689|266|689|266|0|210|1796|773|1243|604|553|462
03000C2US7|17721917|23164|13192700|52032|3410974|48214|2169102|36393|1241872|28977|78673|10697|65078|10067|13595|3087|5329|2936|4056|2446|1273|1119|8106|2621|6778|2424|1328|673|22622|4206|18584|3572|4038|1528|33351|4727|28945|4310|4406|1267|13129|8638|12621|8596|508|366|4417|1628|3693|1526|724|450|23791|6658|17272|6081|6519|1758|6245|1615|5077|1568|1168|489|3522|1533|2308|1078|1214|756|10328|3818|7593|3086|2735|1321|441|393|316|342|125|155|13070|3060|9634|2315|3436|1288|31654|7207|20676|5579|10978|3314|53001|6928|44388|5748|8613|2589|65439|8569|49820|6693|15619|3487|8532|3289|5651|2490|2881|1428|14104|3938|8600|2288|5504|2607|29589|4649|23212|4132|6377|1960|14199|3402|10473|2780|3726|1454|52516|6936|43178|5563|9338|2731|26002|4754|22700|4493|3302|1138|33461|5579|24822|4297|8639|2327|94224|10084|51962|6685|42262|5451|11380|2720|7195|1761|4185|1614|44317|7390|23016|5416|21301|3427|4898|1388|3186|877|1712|873|153508|12338|75662|8264|77846|7518|8497|2271|3691|1601|4806|1505|13498|3389|6520|2112|6978|2175|18008|4401|9249|2373|8759|2513|49511|6245|38839|5176|10672|2407|13788|3132|8917|2370|4871|1563|65956|10190|46819|7658|19137|4353|2536|1200|1802|839|734|624|13531|4082|7019|3107|6512|2395|43708|7159|37930|6427|5778|1891|14052|3799|11771|3185|2281|1346|56|82|0|210|56|82|6232|1686|5578|1608|654|394|9022|3196|6735|2747|2287|1023
03000C2US8|10506065|15332|8463461|37288|1464972|30789|961238|25431|503734|14172|25958|4182|21221|3670|4737|2401|1373|1100|1276|1079|97|181|6547|1458|5312|1076|1235|803|19040|3343|15596|2689|3444|1328|29121|3196|25472|2689|3649|1267|4265|1314|3820|1245|445|375|2187|866|1432|645|755|408|25519|4624|18011|3606|7508|1971|6306|2210|4356|1833|1950|1132|10052|3981|7382|2895|2670|1350|10165|3383|4545|1260|5620|2929|2335|1558|1695|1266|640|480|15310|4572|9788|3243|5522|2335|2816|1483|2348|1137|468|429|11708|3069|9901|2511|1807|876|3650|2002|3338|1942|312|292|3021|1754|2382|1538|639|566|844|549|667|416|177|214|10034|3548|7519|2674|2515|1335|13954|2844|10332|2147|3622|1383|5490|2014|4407|1713|1083|644|2898|1471|2287|1321|611|469|2443|1178|2196|1160|247|203|55580|5178|31221|3872|24359|2701|12122|2365|8836|1906|3286|1053|21094|3354|10755|2301|10339|2000|4320|1867|2520|1494|1800|899|31004|5384|15383|3429|15621|3057|2353|922|1251|620|1102|565|11768|2556|6295|1844|5473|1484|5771|1844|3882|1311|1889|887|78636|7550|56360|5630|22276|3712|22368|3908|16248|2949|6120|1668|20272|4383|13145|2944|7127|2151|2444|1592|2031|1578|413|304|18907|6571|10207|3892|8700|2975|3428|1522|2387|1105|1041|699|7143|3039|5319|2852|1824|883|40946|4181|28794|3100|12152|2092|18859|2656|16263|2422|2596|826|5581|1270|4501|1109|1080|498
03000C2US9|25825483|16222|16266965|61464|6161608|53958|3822154|42790|2339454|34959|69714|6921|59280|5823|10434|2233|7210|3884|5457|2601|1753|1813|30115|3516|25099|3213|5016|1372|57610|6537|41079|4457|16531|3933|63779|5160|55409|4823|8370|1913|16069|3228|14179|3080|1890|1014|12541|2867|10904|2685|1637|632|113835|10597|67894|8072|45941|5518|20211|5003|13835|3273|6376|2514|14183|3299|9652|2562|4531|1454|52334|8057|27179|4242|25155|5879|29673|4412|22517|4035|7156|1773|112668|11334|70359|7723|42309|6600|30884|4983|22843|3667|8041|2219|115258|11224|96828|9912|18430|3309|29012|4898|18536|3085|10476|2640|92472|10789|54375|7079|38097|4996|18280|4170|14332|3534|3948|1482|40010|5949|28598|4460|11412|2930|55265|7460|39978|5933|15287|3363|48021|6733|40025|5705|7996|2091|32707|4723|28602|4344|4105|1135|19643|3469|16280|3058|3363|1112|724163|21038|336928|13353|387235|14649|75408|5608|46968|4209|28440|3231|194817|10767|88628|6028|106189|7702|27431|3874|13401|2540|14030|2446|320327|17233|131835|9078|188492|11147|31120|5105|15345|3286|15775|2634|49131|6369|25083|4433|24048|3341|44376|6273|22439|3711|21937|4114|437753|16490|295153|11886|142600|9017|135193|10063|83713|7904|51480|5824|132110|14289|87325|9818|44785|6291|15342|3400|14322|3300|1020|484|46176|7673|27829|6047|18347|3411|25946|5529|20552|4294|5394|1864|19051|3805|15746|3373|3305|1184|491|275|462|265|29|50|8192|2850|6399|2305|1793|757|28389|5330|18817|3416|9572|3564
03000E0US2|1928823|1270|1812721|6793|40404|2797|26189|2654|14215|2444|5690|1907|4567|1601|1123|507|304|176|304|176|0|210|2789|865|2437|841|352|206|542|340|341|176|201|269|8465|1790|5616|1170|2849|993|33370|5311|21404|3932|11966|2607|918|654|507|450|411|477|1822|714|1421|641|401|304|1589|706|1438|684|151|128|486|391|323|338|163|168|1072|611|590|350|482|447|172|219|100|112|72|118|194|252|194|252|0|210|431|229|382|216|49|35|673|421|638|418|35|62|445|398|399|396|46|54|320|269|262|262|58|123|352|351|85|123|267|283|109|93|88|80|21|38|1546|555|1164|473|382|216|79|97|79|97|0|210|27|50|27|50|0|210|119|109|119|109|0|210|3133|834|2218|731|915|415|721|380|522|335|199|156|1117|523|715|364|402|293|0|210|0|210|0|210|1293|877|882|613|411|341|0|210|0|210|0|210|168|173|79|91|89|151|570|400|403|370|167|176|1463|670|723|360|740|587|215|181|143|140|72|57|2378|1127|992|495|1386|914|238|239|81|101|157|160|381|572|381|572|0|210|557|337|557|337|0|210|248|227|160|148|88|112|138|117|106|106|32|47|744|462|697|461|47|62|820|494|492|230|328|418
03000E0US3|5191491|5440|4922038|11804|134990|6878|86014|5637|48976|3896|6939|1351|5766|1219|1173|459|1682|978|1024|614|658|462|1738|604|1490|531|248|193|2069|1500|1487|1145|582|412|33712|4287|24995|3600|8717|2066|39190|6959|28108|5783|11082|2917|898|399|667|381|231|176|1690|722|1456|695|234|171|2255|675|1823|622|432|243|449|261|283|209|166|131|1382|569|892|361|490|491|12|20|12|20|0|210|136|158|136|158|0|210|1008|536|465|308|543|406|2312|881|1639|698|673|588|452|252|397|266|55|117|94|132|0|210|94|132|935|631|684|429|251|272|1503|837|572|348|931|650|3225|1229|2220|745|1005|748|947|624|729|517|218|270|591|483|451|373|140|175|268|250|185|164|83|108|5886|1418|1905|726|3981|1130|2473|1069|1527|819|946|546|625|326|423|269|202|177|4184|1132|2254|650|1930|694|242|152|123|107|119|103|511|533|403|380|108|187|1172|646|902|559|270|200|552|349|309|209|243|287|3836|988|2582|823|1254|498|956|474|590|399|366|276|6151|2802|4001|1915|2150|1631|201|174|201|174|0|210|656|465|499|342|157|189|522|283|350|236|172|183|718|407|615|399|103|106|20|30|20|30|0|210|958|394|768|380|190|127|1313|605|1217|579|96|108
03000E0US4|2982523|6400|2724309|10142|174903|6851|102255|5308|72648|5603|4311|1189|2828|989|1483|708|606|494|306|246|300|276|592|427|391|386|201|196|616|339|453|268|163|166|12588|2119|8889|1659|3699|988|4352|1531|3121|1300|1231|772|92|98|57|80|35|62|1994|773|1134|494|860|454|57|50|15|17|42|49|207|130|176|125|31|55|2410|1187|1262|656|1148|681|103|157|103|157|0|210|373|304|231|239|142|182|732|467|98|135|634|416|119|162|70|97|49|71|851|806|325|186|526|688|200|266|200|266|0|210|985|677|518|364|467|495|2904|1551|2767|1458|137|197|2223|1023|2029|964|194|166|480|305|325|219|155|225|0|210|0|210|0|210|125|141|64|88|61|108|3015|1135|1452|514|1563|901|1114|461|595|310|519|318|1572|943|380|255|1192|912|1649|1046|1363|851|286|316|4281|1749|1262|760|3019|1570|351|484|225|299|126|193|2795|1217|1164|646|1631|800|9710|3161|3626|1802|6084|1830|2945|1077|1975|772|970|797|3449|888|1509|568|1940|705|1811|1150|1348|912|463|270|10|19|10|19|0|210|5688|2238|1567|938|4121|1703|963|460|852|426|111|123|4334|1745|3098|1516|1236|547|279|321|279|321|0|210|1982|863|1852|877|130|167|443|281|288|205|155|208
03000E0US5|3644397|8877|3353373|12243|229326|7504|131962|6525|97364|5700|4449|1557|3914|1312|535|411|5143|2590|2806|1638|2337|1260|1952|791|1481|745|471|335|1903|887|1391|626|512|401|4367|1212|3737|1058|630|391|694|494|615|473|79|122|359|305|359|305|0|210|2267|947|1509|612|758|549|806|619|462|325|344|516|155|177|155|177|0|210|613|496|472|361|141|217|0|210|0|210|0|210|489|407|383|364|106|178|2296|1164|1162|840|1134|803|575|446|419|316|156|213|348|348|260|251|88|119|58|91|58|91|0|210|391|315|242|203|149|204|240|253|67|45|173|244|2911|1597|2263|1286|648|492|49|73|49|73|0|210|91|119|0|210|91|119|136|188|0|210|136|188|4381|1543|2087|953|2294|925|1716|852|963|565|753|494|2440|1124|631|354|1809|1101|352|311|283|279|69|105|4290|1261|2194|912|2096|688|0|210|0|210|0|210|2526|1191|968|486|1558|878|642|434|457|294|185|219|4039|1055|3372|1008|667|388|1996|1544|1567|1324|429|355|2989|1703|1823|1015|1166|1037|29|29|29|29|0|210|968|1150|577|627|391|600|1377|741|1166|578|211|251|786|456|786|456|0|210|270|206|270|206|0|210|1764|783|1751|785|13|28|841|421|445|366|396|199
03000E0US7|3307717|10672|2733895|14592|515838|11053|338617|12024|177221|8054|7054|1304|6405|1205|649|271|163|102|163|102|0|210|557|348|409|284|148|147|564|474|564|474|0|210|7228|2213|5561|1503|1667|1070|1596|862|1539|863|57|87|116|189|116|189|0|210|511|338|263|168|248|285|282|294|282|294|0|210|289|146|226|147|63|7|140|118|140|118|0|210|0|210|0|210|0|210|1249|649|576|359|673|493|331|336|189|213|142|137|496|481|455|465|41|87|1472|1009|787|479|685|749|94|87|94|87|0|210|333|346|298|345|35|80|2289|1687|1545|1362|744|467|999|602|621|461|378|306|904|777|766|635|138|179|279|275|262|256|17|29|467|481|364|423|103|130|2800|850|1366|608|1434|573|471|462|305|262|166|389|1064|343|545|286|519|298|313|314|184|178|129|157|6159|2964|1567|668|4592|2668|1668|1630|530|514|1138|1479|949|817|538|483|411|427|778|494|486|323|292|225|4355|1508|3664|1414|691|469|1197|589|1078|588|119|81|2505|1462|2109|1437|396|250|91|96|84|99|7|12|588|152|435|125|153|97|3039|2275|3001|2287|38|94|729|726|693|730|36|45|0|210|0|210|0|210|2345|619|1784|542|561|307|1520|945|1071|789|449|337
03000E0US8|2581197|9064|2095279|12764|364772|9923|245854|10152|118918|7277|4550|1428|3600|1121|950|744|616|467|435|474|181|283|2425|1344|2258|1317|167|144|2806|1299|2000|955|806|595|9599|2501|8576|2269|1023|555|865|461|804|451|61|76|347|472|347|472|0|210|1237|604|1103|570|134|132|963|1076|625|597|338|529|215|138|176|106|39|76|1273|819|1059|796|214|253|0|210|0|210|0|210|257|202|186|170|71|106|0|210|0|210|0|210|271|370|271|370|0|210|639|706|480|561|159|170|22|48|22|48|0|210|248|310|248|310|0|210|1161|725|654|430|507|438|1881|784|1539|668|342|313|890|853|833|811|57|99|271|372|271|372|0|210|0|210|0|210|0|210|4636|1501|2641|1080|1995|876|1922|819|1569|776|353|264|2358|1122|1765|1016|593|472|67|102|67|102|0|210|1096|708|450|458|646|454|0|210|0|210|0|210|716|469|401|361|315|313|655|620|313|304|342|549|5756|1448|4122|1051|1634|735|2642|1456|2141|1205|501|441|868|522|582|347|286|368|354|292|228|259|126|165|51|94|51|94|0|210|492|475|446|459|46|92|489|412|489|412|0|210|41212|2507|31921|2459|9291|1584|26605|2568|20616|2317|5989|1396|691|469|568|449|123|115
03000E0US9|1997991|3945|1708257|13094|186554|7830|116346|6789|70208|5766|4369|1279|3384|1036|985|531|63|107|63|107|0|210|1124|442|1009|430|115|135|1317|573|907|497|410|363|5277|1202|4476|1075|801|334|2913|1614|2802|1596|111|191|0|210|0|210|0|210|2373|1210|2006|995|367|287|1664|1183|838|538|826|735|152|153|61|104|91|108|2687|1958|2385|1903|302|254|76|135|76|135|0|210|1534|918|949|510|585|592|659|612|549|577|110|89|557|435|500|431|57|69|0|210|0|210|0|210|225|306|68|122|157|272|1|5|1|5|0|210|348|372|348|372|0|210|1997|914|1740|789|257|231|12|21|12|21|0|210|94|155|94|155|0|210|34|63|34|63|0|210|9214|3812|3262|1191|5952|3188|4523|1351|3115|1071|1408|728|2264|858|1173|572|1091|554|778|359|427|125|351|334|2023|864|1094|679|929|552|184|129|88|81|96|101|2163|1160|1264|791|899|507|582|402|362|242|220|295|12410|2831|7653|2214|4757|1125|29585|4398|20587|3710|8998|2229|849|796|417|387|432|483|429|375|323|323|106|189|243|255|161|233|82|86|618|615|618|615|0|210|278|148|278|148|0|210|166|244|166|244|0|210|3232|1084|2963|1049|269|217|6163|2942|4827|2162|1336|918
03000E2US2|1558005|11152|1468988|11451|24851|2536|15274|1800|9577|1668|3426|1086|2769|1014|657|353|200|157|200|157|0|210|1823|749|1632|717|191|159|394|233|341|176|53|89|7709|1790|5048|1154|2661|969|32169|5282|20516|3874|11653|2638|578|499|167|173|411|477|1705|701|1364|654|341|276|1336|664|1252|646|84|76|278|201|201|183|77|78|1003|603|521|327|482|447|44|57|44|57|0|210|24|41|24|41|0|210|285|205|285|205|0|210|330|298|295|291|35|62|427|398|381|397|46|54|320|269|262|262|58|123|216|249|85|123|131|145|109|93|88|80|21|38|1100|527|798|435|302|199|79|97|79|97|0|210|27|50|27|50|0|210|83|93|83|93|0|210|1948|727|1299|526|649|338|380|281|334|269|46|81|805|495|484|350|321|267|0|210|0|210|0|210|1128|847|811|590|317|307|0|210|0|210|0|210|79|91|79|91|0|210|166|183|51|89|115|150|1408|672|668|355|740|587|180|171|108|127|72|57|2177|1109|791|451|1386|914|153|214|81|101|72|118|381|572|381|572|0|210|289|273|289|273|0|210|248|227|160|148|88|112|138|117|106|106|32|47|744|462|697|461|47|62|277|168|244|146|33|65
03000E2US3|3649409|28604|3469294|29828|81139|5784|53581|4632|27558|3188|3889|1010|3146|908|743|350|30|56|30|56|0|210|1261|529|1013|468|248|193|685|372|341|225|344|235|30321|4338|22036|3619|8285|2067|38180|6862|27317|5705|10863|2920|716|384|625|382|91|64|704|395|557|371|147|134|1949|651|1587|592|362|231|405|257|239|204|166|131|1218|545|798|318|420|488|12|20|12|20|0|210|66|111|66|111|0|210|475|413|370|310|105|125|834|618|554|437|280|404|260|212|260|212|0|210|94|132|0|210|94|132|84|15|84|15|0|210|1178|806|247|161|931|650|2499|1063|1837|725|662|448|285|281|285|281|0|210|52|90|52|90|0|210|184|219|128|144|56|97|2313|840|695|303|1618|810|866|437|818|436|48|47|387|245|254|173|133|157|1422|755|569|301|853|599|159|114|64|60|95|86|188|162|139|148|49|102|494|327|302|219|192|171|38|48|18|22|20|45|2088|685|1381|553|707|337|684|420|321|316|363|277|2210|912|1946|833|264|201|98|85|98|85|0|210|248|260|182|216|66|110|189|151|117|91|72|111|395|306|348|297|47|80|20|30|20|30|0|210|793|355|613|339|180|126|1003|533|950|523|53|79
03000G0US3|2849695|4770|2692562|7309|56099|2612|35043|2467|21056|1994|3197|978|2299|748|898|469|0|210|0|210|0|210|611|244|540|232|71|68|435|277|351|261|84|88|30268|3951|21174|3269|9094|1689|47248|4396|31519|3570|15729|2178|485|255|323|250|162|168|382|194|295|195|87|70|1981|520|1538|458|443|228|174|191|152|185|22|37|1108|647|935|614|173|134|20|33|20|33|0|210|46|60|28|52|18|33|368|380|285|296|83|101|157|146|148|146|9|2|205|251|205|251|0|210|0|210|0|210|0|210|216|132|122|76|94|126|226|215|118|108|108|108|1396|578|1244|518|152|156|0|210|0|210|0|210|40|86|40|86|0|210|0|210|0|210|0|210|568|289|262|199|306|212|702|367|465|311|237|189|548|245|297|173|251|187|532|263|391|207|141|107|690|437|439|383|251|172|11|19|11|19|0|210|465|351|148|175|317|309|419|292|215|189|204|226|2608|780|1890|687|718|333|182|150|124|131|58|58|1317|523|808|461|509|237|116|117|116|117|0|210|753|284|62|64|691|271|354|337|311|304|43|68|363|237|170|155|193|200|11|18|1|3|10|18|1530|500|1361|469|169|106|1302|594|811|401|491|359
03000G0US4|3046726|6966|2878295|9683|90906|4403|52055|3456|38851|3028|2491|641|2100|569|391|338|339|354|339|354|0|210|740|378|579|296|161|196|804|404|587|337|217|179|21985|2428|16768|2198|5217|820|11830|2901|6427|1595|5403|1915|137|124|124|124|13|28|549|223|475|217|74|67|469|322|438|321|31|42|87|90|53|53|34|43|1192|570|921|535|271|162|0|210|0|210|0|210|114|145|82|129|32|72|27|34|19|25|8|13|149|131|149|131|0|210|227|167|227|167|0|210|188|262|182|259|6|14|18|35|18|35|0|210|123|83|123|83|0|210|2920|1481|2543|1459|377|194|217|186|183|179|34|28|58|79|58|79|0|210|130|193|130|193|0|210|1425|556|716|329|709|439|955|412|727|371|228|174|542|373|355|318|187|159|773|212|321|128|452|190|1404|576|496|285|908|494|174|138|163|135|11|19|2130|799|1574|839|556|293|832|489|489|365|343|194|2520|659|1815|532|705|295|1697|659|842|618|855|319|1588|828|420|246|1168|842|83|96|83|96|0|210|568|439|106|96|462|412|250|184|244|184|6|2|896|668|804|650|92|94|119|138|119|138|0|210|15434|2546|14213|2451|1221|542|1341|533|681|316|660|442
03000G0US5|2987207|12764|2817981|13212|129162|5331|78160|4515|51002|4204|4143|996|3149|753|994|595|2910|1178|1727|826|1183|704|1083|439|1059|438|24|5|1253|822|1097|777|156|181|4287|1197|3916|1183|371|164|4547|2350|3204|1747|1343|968|495|475|301|285|194|239|1007|498|746|381|261|211|225|179|155|135|70|118|201|199|201|199|0|210|466|421|466|421|0|210|0|210|0|210|0|210|202|195|202|195|0|210|240|329|195|306|45|86|252|215|252|215|0|210|432|350|418|342|14|30|16|31|16|31|0|210|0|210|0|210|0|210|904|773|686|670|218|239|1073|551|973|555|100|136|285|286|226|263|59|71|179|243|170|238|9|15|0|210|0|210|0|210|1791|1028|472|349|1319|788|1348|655|1007|628|341|280|446|193|283|101|163|146|58|168|58|168|0|210|2218|1138|650|416|1568|969|127|180|100|141|27|55|400|397|257|259|143|206|440|345|269|223|171|181|2277|995|1486|823|791|525|678|335|355|209|323|218|1953|1138|1372|804|581|576|250|158|250|158|0|210|1202|1011|400|361|802|710|391|357|106|117|285|344|383|319|383|319|0|210|97|97|97|97|0|210|447|448|432|450|15|28|1358|796|928|625|430|505
03000G0US7|2527109|11349|2200550|13142|277325|9082|184788|7816|92537|5981|9051|1448|7861|1301|1190|577|228|196|228|196|0|210|35|47|35|47|0|210|899|579|801|581|98|119|11980|2666|5991|1415|5989|2114|1245|632|1132|589|113|141|202|138|202|138|0|210|610|389|373|346|237|181|92|105|92|105|0|210|326|85|138|40|188|74|1078|546|794|361|284|265|0|210|0|210|0|210|399|420|163|171|236|307|938|884|369|370|569|641|362|330|307|324|55|105|202|304|178|302|24|41|71|103|17|30|54|84|405|539|225|374|180|194|434|396|337|310|97|104|608|352|575|336|33|58|0|210|0|210|0|210|32|65|9|18|23|48|0|210|0|210|0|210|965|476|393|262|572|375|565|283|499|260|66|124|613|337|383|252|230|181|948|256|590|180|358|227|2372|1291|905|558|1467|848|1223|1116|209|264|1014|963|526|347|265|220|261|251|655|454|216|152|439|396|1433|605|1077|531|356|278|3031|1198|2125|1127|906|348|2095|964|1880|939|215|167|125|132|125|132|0|210|73|121|73|121|0|210|648|661|648|661|0|210|198|209|197|209|1|1|36|55|36|55|0|210|3965|720|3747|715|218|106|566|410|248|283|318|328
03000H0US1|1643194|5297|1546252|8478|22741|2840|15852|2262|6889|1665|25385|2456|21211|2402|4174|812|174|61|74|60|100|14|2260|816|1862|668|398|309|6748|3566|3281|1170|3467|2853|4336|1027|3654|888|682|413|2552|1470|2447|1513|105|135|628|507|628|507|0|210|2122|892|1758|763|364|317|1479|604|1148|469|331|231|1269|963|773|551|496|653|1997|1381|1467|1054|530|493|287|447|287|447|0|210|49|84|49|84|0|210|175|274|175|274|0|210|1046|588|1046|588|0|210|132|197|132|197|0|210|2154|2055|1011|1096|1143|1066|66|85|66|85|0|210|907|662|556|453|351|364|3570|1661|2656|1252|914|686|276|312|157|218|119|143|145|232|145|232|0|210|28|64|28|64|0|210|3816|1397|2251|678|1565|1092|894|444|620|388|274|192|686|484|546|437|140|136|0|210|0|210|0|210|929|483|673|366|256|228|710|998|11|18|699|999|1446|713|461|271|985|638|903|628|600|482|303|370|2126|1185|1835|1113|291|224|1143|695|783|478|360|343|1027|721|986|701|41|67|6|11|6|11|0|210|604|856|604|856|0|210|191|216|131|151|60|91|510|526|297|417|213|332|0|210|0|210|0|210|537|206|513|217|24|42|888|436|736|398|152|122
03000H0US2|2649700|1305|2487046|7914|59642|3596|38650|2992|20992|2815|7562|1912|6145|1652|1417|550|595|296|560|289|35|43|4538|1140|3570|1002|968|494|1134|674|926|608|208|271|12610|2255|8792|1520|3818|1190|39644|5673|25830|4404|13814|2691|1325|756|787|553|538|488|2709|816|1889|656|820|427|2965|1087|2185|912|780|671|1127|620|613|365|514|465|1553|621|920|377|633|473|185|220|100|112|85|120|212|253|212|253|0|210|460|240|411|227|49|35|858|425|638|418|220|115|485|402|439|401|46|54|826|533|320|279|506|425|352|351|85|123|267|283|368|261|231|177|137|170|2725|1169|2129|993|596|299|315|262|149|164|166|223|66|77|66|77|0|210|205|163|205|163|0|210|4578|1038|3262|889|1316|464|917|400|669|346|248|183|1614|570|969|413|645|326|0|210|0|210|0|210|1426|894|902|613|524|375|0|210|0|210|0|210|272|209|163|126|109|154|603|401|436|371|167|176|1742|675|888|363|854|590|390|272|302|243|88|62|2748|1168|1248|515|1500|974|1538|1274|1175|1003|363|320|381|572|381|572|0|210|1157|981|1022|790|135|214|403|225|315|193|88|112|138|117|106|106|32|47|914|498|867|498|47|62|1372|746|661|290|711|644
03000H0US3|8041186|5500|7614600|14575|191089|7583|121057|6411|70032|4127|10136|1702|8065|1387|2071|701|1682|978|1024|614|658|462|2349|710|2030|624|319|207|2504|1542|1838|1169|666|439|63980|5664|46169|4644|17811|2771|86438|8064|59627|7080|26811|3189|1383|505|990|476|393|234|2072|738|1751|714|321|181|4236|844|3361|752|875|317|623|321|435|275|188|137|2490|945|1827|669|663|513|32|37|32|37|0|210|182|157|164|164|18|33|1376|656|750|404|626|420|2469|850|1787|682|682|587|657|332|602|351|55|117|94|132|0|210|94|132|1151|680|806|454|345|336|1729|875|690|361|1039|666|4621|1280|3464|869|1157|755|947|624|729|517|218|270|631|485|491|379|140|175|268|250|185|164|83|108|6454|1450|2167|766|4287|1123|3175|1091|1992|833|1183|566|1173|427|720|336|453|275|4716|1186|2645|731|2071|715|932|447|562|381|370|200|522|536|414|383|108|187|1637|736|1050|594|587|382|971|417|524|293|447|328|6444|1393|4472|1151|1972|660|1138|483|714|404|424|287|7468|2925|4809|2002|2659|1693|317|214|317|214|0|210|1409|545|561|333|848|339|876|442|661|372|215|198|1081|486|785|430|296|241|31|34|21|30|10|18|2488|573|2129|532|359|159|2615|788|2028|650|587|347
03000H0US4|6029249|6317|5602604|12804|265809|8782|154310|6555|111499|6856|6802|1350|4928|1140|1874|798|945|593|645|414|300|276|1332|600|970|517|362|287|1420|526|1040|444|380|255|34573|3366|25657|2820|8916|1296|16182|3552|9548|2283|6634|2129|229|147|181|142|48|66|2543|817|1609|548|934|469|526|330|453|322|73|67|294|161|229|135|65|74|3602|1341|2183|848|1419|695|103|157|103|157|0|210|487|334|313|272|174|196|759|467|117|134|642|416|268|204|219|160|49|71|1078|839|552|259|526|688|388|370|382|368|6|14|1003|677|536|365|467|495|3027|1562|2890|1470|137|197|5143|1709|4572|1647|571|247|697|356|508|277|189|231|58|79|58|79|0|210|255|233|194|212|61|108|4440|1294|2168|653|2272|1009|2069|656|1322|480|747|359|2114|1010|735|420|1379|930|2422|1071|1684|855|738|354|5685|1892|1758|790|3927|1678|525|492|388|316|137|194|4925|1565|2738|1133|2187|806|10542|3185|4115|1830|6427|1838|5465|1273|3790|1026|1675|755|5146|1187|2351|900|2795|759|3399|1379|1768|913|1631|896|93|97|93|97|0|210|6256|2328|1673|942|4583|1778|1213|494|1096|459|117|123|5230|1937|3902|1726|1328|547|398|351|398|351|0|210|17416|2668|16065|2586|1351|594|1784|612|969|381|815|487
03000H0US5|6631604|11268|6171354|15232|358488|8753|210122|7672|148366|6988|8592|1690|7063|1394|1529|700|8053|2823|4533|1915|3520|1286|3035|903|2540|875|495|333|3156|1189|2488|1001|668|439|8654|1715|7653|1621|1001|443|5241|2323|3819|1749|1422|973|854|571|660|427|194|239|3274|1057|2255|717|1019|586|1031|661|617|367|414|533|356|270|356|270|0|210|1079|664|938|567|141|217|0|210|0|210|0|210|691|441|585|422|106|178|2536|1203|1357|899|1179|802|827|504|671|387|156|213|780|488|678|418|102|122|74|95|74|95|0|210|391|315|242|203|149|204|1144|782|753|674|391|342|3984|1778|3236|1480|748|515|334|293|275|269|59|71|270|269|170|238|100|118|136|188|0|210|136|188|6172|1866|2559|976|3613|1251|3064|982|1970|816|1094|547|2886|1111|914|365|1972|1086|410|360|341|332|69|105|6508|1906|2844|981|3664|1257|127|180|100|141|27|55|2926|1237|1225|565|1701|866|1082|557|726|384|356|288|6316|1432|4858|1282|1458|634|2674|1621|1922|1365|752|420|4942|2094|3195|1332|1747|1171|279|163|279|163|0|210|2170|1518|977|724|1193|919|1768|857|1272|617|496|413|1169|540|1169|540|0|210|367|227|367|227|0|210|2211|868|2183|870|28|39|2199|903|1373|728|826|548
03000H0US6|5682642|8454|5473595|11602|132609|5825|75983|5039|56626|4759|5946|1487|4214|1229|1732|736|987|690|803|626|184|229|896|521|562|363|334|372|1383|802|731|550|652|570|12711|3113|8739|1633|3972|2025|9860|4281|7758|3480|2102|1127|839|955|440|493|399|490|2330|1351|2071|1311|259|204|862|600|434|315|428|409|320|341|222|196|98|180|472|331|347|272|125|166|78|138|78|138|0|210|30|52|30|52|0|210|1578|696|915|487|663|417|1416|778|1047|547|369|544|531|570|502|560|29|50|311|531|212|381|99|158|553|527|177|264|376|476|1160|885|788|591|372|315|1095|641|793|517|302|377|82|139|82|139|0|210|250|323|24|49|226|317|212|209|212|209|0|210|3398|1448|1681|835|1717|1032|1479|799|1091|673|388|374|3757|2044|3115|2019|642|281|0|210|0|210|0|210|2416|1063|1223|631|1193|662|241|222|112|152|129|175|833|479|343|307|490|330|1689|1074|1225|891|464|295|3744|1158|2621|862|1123|641|1056|467|855|410|201|203|5147|2523|2781|1098|2366|2016|197|212|197|212|0|210|36|60|16|27|20|34|516|404|511|404|5|11|556|461|548|459|8|4|0|210|0|210|0|210|5106|789|4207|919|899|476|2365|1335|1894|1114|471|338
03000H0US7|5834826|6394|4934445|15071|793163|14155|523405|15186|269758|10387|16105|2031|14266|1942|1839|623|391|221|391|221|0|210|592|363|444|295|148|147|1463|739|1365|743|98|119|19208|3438|11552|1926|7656|2382|2841|1115|2671|1108|170|162|318|243|318|243|0|210|1121|502|636|371|485|352|374|315|374|315|0|210|615|166|364|155|251|75|1218|564|934|382|284|265|0|210|0|210|0|210|1648|734|739|363|909|566|1269|936|558|421|711|650|858|545|762|546|96|139|1674|1080|965|628|709|747|165|135|111|93|54|84|738|643|523|529|215|209|2723|1751|1882|1386|841|499|1607|722|1196|606|411|311|904|777|766|635|138|179|311|288|271|258|40|57|467|481|364|423|103|130|3765|942|1759|608|2006|693|1036|521|804|368|232|394|1677|463|928|358|749|345|1261|409|774|247|487|281|8531|3372|2472|960|6059|2841|2891|1980|739|560|2152|1765|1475|902|803|537|672|508|1433|653|702|358|731|451|5788|1605|4741|1528|1047|536|4228|1326|3203|1279|1025|370|4600|1622|3989|1651|611|292|216|161|209|163|7|12|661|193|508|170|153|97|3687|2340|3649|2351|38|94|927|742|890|744|37|45|36|55|36|55|0|210|6310|961|5531|857|779|330|2086|1082|1319|853|767|497
03000H0US8|3809705|7164|3180481|15431|441337|11567|301546|10944|139791|7983|6850|1756|5406|1443|1444|861|640|467|435|474|205|288|3488|1668|3240|1632|248|165|3180|1315|2344|958|836|599|18869|2995|16216|2601|2653|945|1834|719|1532|664|302|267|460|506|424|485|36|70|1809|992|1666|975|143|133|1151|1104|656|599|495|586|215|138|176|106|39|76|1646|925|1432|877|214|253|86|82|86|82|0|210|302|222|231|193|71|106|0|210|0|210|0|210|1098|705|723|534|375|534|639|706|480|561|159|170|207|231|207|231|0|210|248|310|248|310|0|210|1227|733|701|434|526|439|2549|892|2067|738|482|359|890|853|833|811|57|99|271|372|271|372|0|210|0|210|0|210|0|210|5321|1610|3138|1153|2183|925|2181|835|1765|789|416|289|2706|1158|1980|1057|726|486|67|102|67|102|0|210|1549|824|630|503|919|518|0|210|0|210|0|210|1044|514|502|394|542|351|874|636|455|332|419|546|7711|1653|5589|1299|2122|805|3210|1455|2695|1215|515|442|1121|580|835|446|286|368|482|361|356|329|126|165|233|199|81|116|152|175|525|487|479|471|46|92|695|477|604|445|91|181|77525|3059|60341|2928|17184|1781|33870|2889|26743|2608|7127|1659|1114|642|991|620|123|115
03000H0US9|2724918|2893|2321709|13155|251182|8040|155374|7764|95808|6079|6139|1361|5093|1189|1046|533|79|110|79|110|0|210|1544|484|1412|475|132|135|1978|770|1568|728|410|363|8197|2424|6613|1654|1584|973|3292|1668|3116|1639|176|230|278|243|203|188|75|99|4412|1471|3548|1198|864|455|2096|1260|1159|614|937|747|398|320|210|209|188|168|4287|2148|3317|2057|970|403|76|135|76|135|0|210|1771|986|1109|575|662|589|786|639|676|598|110|89|557|435|500|431|57|69|0|210|0|210|0|210|225|306|68|122|157|272|95|142|17|9|78|142|438|389|438|389|0|210|2936|973|2328|817|608|342|136|25|136|25|0|210|94|155|94|155|0|210|34|63|34|63|0|210|10665|3996|3750|1266|6915|3277|5197|1387|3578|1077|1619|771|2622|925|1288|594|1334|614|886|400|508|174|378|337|2907|1245|1660|900|1247|671|275|207|146|144|129|108|2794|1194|1630|760|1164|599|989|579|500|304|489|465|19430|3348|11688|2631|7742|1414|32705|4698|22734|3818|9971|2364|1557|1107|853|606|704|658|605|419|363|321|242|283|541|369|294|276|247|263|818|655|818|655|0|210|565|262|446|189|119|166|248|267|248|267|0|210|22998|1789|21119|1831|1879|477|6377|2954|4931|2176|1446|932
030C201US1|11481411|29062|8736179|42155|1219828|18397|684692|13231|535136|14740|89574|6481|72719|5200|16855|2836|96450|9423|57262|5705|39188|5750|53158|4871|39336|4058|13822|2464|309049|15267|166913|10393|142136|10351|27248|3140|24536|2960|2712|675|5850|1566|5576|1560|274|159|28959|4239|20703|3188|8256|2008|48653|6326|29949|5078|18704|3904|37085|4545|23977|3298|13108|2196|13431|3662|8500|2225|4931|2326|21559|4408|14271|3075|7288|2540|7888|3007|6009|2206|1879|1551|10894|2878|7148|2190|3746|1696|17207|3926|12483|2842|4724|1661|37039|4271|32617|3742|4422|1403|13990|3523|9936|2657|4054|1598|10249|4523|6387|2922|3862|2003|14657|3615|10090|2232|4567|1762|32085|4916|23196|4209|8889|1941|52361|6193|34851|4922|17510|3340|20879|3012|16968|2759|3911|2127|20051|3629|17944|3491|2107|1094|10251|2355|8900|2018|1351|673|179965|9681|94646|6084|85319|6356|13948|2825|9458|2167|4490|1180|33483|4388|18659|2895|14824|2697|2194|1672|1057|928|1137|1108|56361|7364|23641|4129|32720|4697|35984|5815|16399|3460|19585|3769|17166|3548|8544|2482|8622|1788|17562|4016|11381|2593|6181|2010|19191|3567|14336|2776|4855|1408|5841|1897|4523|1707|1318|595|59651|7730|38068|5284|21583|4237|15313|3167|13061|2851|2252|1240|11894|2953|6908|2214|4986|1809|36505|6300|29935|5641|6570|1910|25661|4338|20447|4155|5214|1448|41|74|0|210|41|74|1165|711|1165|711|0|210|14912|3554|11246|2987|3666|1546
030C201US2|33848193|41555|24204028|61918|4737818|34728|2586757|31248|2151061|30076|193201|13299|150134|10117|43067|6075|214163|17769|136536|12226|77627|9028|192340|9871|133524|8242|58816|5119|166526|13326|95600|6883|70926|9082|75294|5894|67386|5720|7908|1325|216456|12058|109908|10205|106548|8869|89662|7580|65881|6726|23781|2863|301139|16394|158661|12203|142478|9558|123816|8558|71900|5395|51916|5456|39267|5224|26818|4101|12449|2426|92435|7324|51683|5523|40752|5200|12673|2918|9349|2312|3324|1718|37577|4583|25766|3816|11811|2313|123574|10828|83176|7886|40398|4480|158560|10533|128312|9136|30248|3978|116545|10654|76146|7065|40399|5639|64458|8855|35255|5357|29203|4838|191913|12805|100098|8170|91815|7488|90489|8564|51952|5756|38537|5692|121174|11954|80222|8313|40952|6540|59758|6149|47862|5290|11896|2672|45635|6443|36826|5323|8809|2331|66209|7132|48728|5917|17481|2987|818313|20283|333711|13891|484602|13995|49021|4648|26002|3360|23019|2719|194839|11451|94886|7783|99953|6793|637|366|475|289|162|109|79018|8532|33548|4244|45470|5809|19233|4293|8736|2191|10497|2898|15066|2637|6718|1528|8348|1927|116315|9838|63085|5768|53230|5629|172592|9984|127337|8236|45255|4675|23770|4233|16030|3533|7740|1944|253681|19211|167079|14668|86602|8373|77773|8692|62675|7420|15098|3364|33022|6678|22054|5044|10968|2726|153506|14480|116158|11842|37348|5373|32364|6784|23387|5030|8977|2764|209|192|110|106|99|159|3769|1557|3547|1549|222|165|70355|9163|47612|6949|22743|3943
030C201US3|33973248|75206|28660471|73614|2597095|28746|1581344|24004|1015751|20798|108067|8809|76951|6983|31116|6017|20342|5023|10289|2896|10053|3259|51510|4963|39006|4031|12504|2398|28884|4334|21561|3661|7323|2004|81558|6030|69468|5617|12090|1765|21267|3536|17081|2490|4186|2010|44953|5597|33068|4358|11885|2395|72943|7745|43130|5573|29813|4034|190252|10906|114258|8715|75994|5258|61838|7832|41227|5988|20611|3548|80376|6984|47550|5012|32826|4137|3735|1510|2965|1247|770|539|23830|4822|16871|3896|6959|1851|74796|8830|49771|6733|25025|3640|96524|7310|80232|5956|16292|3263|91971|8567|69648|6828|22323|3298|41223|6900|27217|4505|14006|3577|46680|6906|23276|4259|23404|3965|76475|8594|46671|5998|29804|5105|116060|9587|74003|7156|42057|4590|60397|6034|48544|5277|11853|2665|37292|5166|31058|4295|6234|1956|40484|5121|31735|4643|8749|1751|226050|10431|120044|7555|106006|6729|39199|4428|21431|2875|17768|2696|71670|6626|37303|4612|34367|4146|41260|5368|27375|4596|13885|2422|54887|6031|25585|3510|29302|4027|10127|2912|4324|1002|5803|2345|23242|3494|12207|2213|11035|2650|69861|7607|35075|4395|34786|4968|131166|8776|95366|7046|35800|4661|19006|4049|13355|3198|5651|1938|300899|16489|183970|12769|116929|8891|12477|3036|11026|2526|1451|878|94852|10600|57156|8419|37696|4902|76448|10004|59053|8637|17395|3814|48489|9750|29453|5639|19036|6297|257|185|257|185|0|210|5006|2391|4649|2361|357|252|19329|3488|14051|2898|5278|1587
030C201US4|14016253|73913|12342404|66350|748869|19047|448511|12697|300358|12743|41343|4146|28720|3143|12623|2521|3348|1242|2507|975|841|566|7501|2104|6355|1865|1146|529|12551|2531|9947|2119|2604|913|37254|4009|30251|3145|7003|1738|4116|930|3370|889|746|410|2303|945|2052|879|251|218|25851|4136|17970|3071|7881|1842|3456|1164|2456|838|1000|644|22874|3977|14445|3028|8429|1913|11972|3331|8807|2939|3165|1115|322|255|242|211|80|146|12590|4270|6340|2513|6250|2739|6286|2128|4478|1630|1808|822|20896|3981|17557|3698|3339|1218|10176|2774|7513|2206|2663|1146|3928|1421|2458|945|1470|699|9959|2426|6891|1754|3068|1130|26309|4820|19065|3786|7244|2155|20888|3821|13376|2426|7512|2479|23963|3866|18326|3219|5637|1706|15372|3767|12234|3188|3138|1545|7142|2193|6453|2117|689|386|58343|5591|32415|3407|25928|3808|8638|1812|5157|1219|3481|1287|19744|2873|11215|1717|8529|1845|68022|6732|39649|4565|28373|3917|59044|4707|22161|3273|36883|3816|10442|2786|4471|1293|5971|1972|18069|3714|9405|2424|8664|2116|44824|6569|17588|3766|27236|4790|28143|3537|18851|2580|9292|1984|13117|3335|7304|1723|5813|2428|52530|7093|35742|5208|16788|3429|2547|1066|2138|957|409|307|122337|11198|69079|7419|53258|7170|30570|5708|21850|4518|8720|2566|38358|6028|21882|3932|16476|4101|842|599|842|599|0|210|6159|2227|5323|2255|836|572|12851|3966|8820|2965|4031|1546
030C201US5|50372839|69619|38833529|88771|7131130|43114|4065322|37094|3065808|34156|273043|14076|207395|11564|65648|6563|528384|30316|331927|20093|196457|15924|76604|6685|59159|5029|17445|3403|239263|14869|153935|10657|85328|8733|143606|9620|126472|8642|17134|2470|32784|5132|29800|4903|2984|1087|41097|4456|33547|3833|7550|2161|137810|10465|90251|7379|47559|6112|37426|4205|25092|3000|12334|2489|32464|5052|23059|4183|9405|1846|63083|6679|42405|4860|20678|3926|6487|2192|5060|1898|1427|779|85519|8022|52128|5865|33391|4644|87374|8788|56260|6429|31114|4563|144704|9185|120057|7412|24647|4630|92916|8395|63662|6039|29254|3960|21878|4718|15357|3349|6521|1897|62610|7559|41293|4620|21317|4737|83131|10193|57253|7379|25878|4529|111054|10465|74134|7574|36920|5794|109379|10103|88875|8362|20504|3763|61707|8323|52352|7039|9355|2391|46574|5500|39247|5054|7327|1806|315613|14556|171314|9103|144299|8968|47243|5697|28693|4499|18550|3026|178674|10588|90337|6115|88337|7590|10944|2554|6756|1868|4188|1380|226742|14083|97966|7885|128776|9387|16380|3998|6831|1765|9549|2562|44812|6195|22681|3974|22131|3606|71771|8489|42616|5615|29155|4826|195858|10771|147894|8458|47964|4770|38803|6292|23102|4018|15701|3796|216531|14288|152100|11600|64431|7282|34975|4372|30138|3962|4837|1313|160269|14562|105859|11006|54410|7185|184334|14913|152946|11898|31388|5457|60651|8694|46498|7185|14153|3246|585|414|517|394|68|113|5776|2316|3927|1297|1849|1353|79322|7927|61781|6422|17541|3445
030C201US6|10913266|44135|9994232|41723|502335|13205|267558|11429|234777|10415|23322|4280|16462|2808|6860|2312|2863|1332|1966|981|897|727|3923|1166|3226|868|697|599|9965|3602|7699|3202|2266|1044|24929|4045|21537|3714|3392|1091|4818|1718|4131|1536|687|596|2458|1037|1908|767|550|402|5894|1621|4546|1444|1348|670|2280|1462|1708|1011|572|550|8580|2895|6122|2480|2458|960|4290|1648|3440|1355|850|553|271|351|116|154|155|256|7973|3364|4533|1686|3440|2182|6998|1960|3748|1318|3250|1074|12417|2663|10040|2463|2377|1169|4252|1504|3471|1286|781|429|2657|1025|1824|1005|833|518|4257|1680|2037|817|2220|1233|12755|2689|7705|1810|5050|1442|8102|2297|5976|1736|2126|1060|11427|2838|9080|2168|2347|1150|5339|2221|4267|1776|1072|781|3201|1543|2564|1256|637|478|30624|3138|16865|2629|13759|2356|9680|1895|5243|1591|4437|1613|20414|3346|9244|1990|11170|2021|670|474|587|427|83|114|25294|4799|11694|3136|13600|2695|1435|882|863|528|572|476|8797|2175|5673|2130|3124|1154|12878|3890|4599|1698|8279|2783|16694|2885|12776|2691|3918|1165|5262|1761|2883|1012|2379|1241|57113|9294|32858|5855|24255|5586|936|488|922|488|14|20|12148|3293|6899|2014|5249|1867|14012|4013|10859|3613|3153|1582|19634|4384|8233|2272|11401|3436|0|210|0|210|0|210|791|386|662|362|129|127|7346|2408|4901|1809|2445|1363
030C201US7|30555341|62002|20901029|80179|7545565|62113|4636140|52810|2909425|46845|129257|14193|103420|12249|25837|4818|10231|3565|7138|2761|3093|1550|16343|2946|13594|2868|2749|1121|41944|5846|32666|5109|9278|2030|60609|6651|53619|6063|6990|1695|17359|8604|16775|8506|584|381|7958|2358|6799|2205|1159|508|38099|6582|27859|5797|10240|2133|9144|1998|7521|1716|1623|899|7909|2108|4988|1390|2921|1242|15581|4036|11519|3213|4062|1867|1540|1001|989|609|551|510|37971|5186|22077|2893|15894|3386|50661|7856|34908|6108|15753|3657|99347|8937|83601|7470|15746|3159|103693|12194|79321|9846|24372|4184|12571|3906|8487|2874|4084|1782|27374|5168|17490|3397|9884|3198|64221|8177|48870|7106|15351|3056|42400|6738|24896|3517|17504|5318|88392|7650|74201|6171|14191|3273|52887|6327|44721|5670|8166|2415|50269|6778|38755|5638|11514|2574|210470|12174|116568|8189|93902|7161|23511|3755|13485|2471|10026|2167|79938|8853|42081|6166|37857|5011|5162|1297|3670|1081|1492|691|256424|14545|119777|9338|136647|8750|12973|3272|5658|1903|7315|2226|26891|4386|14567|2851|12324|2956|40829|5742|20966|3338|19863|3960|95972|7614|74626|6483|21346|2967|37293|5709|26132|5134|11161|2365|124507|13694|85232|9795|39275|6082|8941|2592|7775|2523|1166|732|35025|6171|21637|4268|13388|3560|97999|10432|86701|9924|11298|2748|42023|6873|30720|5593|11303|3995|331|216|237|224|94|103|8150|1837|6780|1728|1370|743|16548|3756|11647|2769|4901|1916
030C201US8|20215087|37634|15793807|49816|3241581|41364|2137143|33624|1104438|20915|58381|5527|46836|4740|11545|2587|5367|2216|3451|1786|1916|1139|15583|2731|12770|2473|2813|1108|34468|4713|27835|3996|6633|1636|59461|4621|52103|4001|7358|1609|8519|1929|7789|1791|730|448|6625|2060|5343|1815|1282|641|44644|5802|31583|4854|13061|2296|14304|3431|9950|2778|4354|1676|20765|5036|13859|3552|6906|2005|18573|4108|11011|2386|7562|3059|5160|2138|3753|1524|1407|1000|29317|5403|18056|3775|11261|3066|9018|3058|6441|2054|2577|1273|30561|4910|25929|4219|4632|1348|8878|2504|7964|2372|914|433|7067|2661|5360|2027|1707|1166|5195|2124|3393|1409|1802|1134|22083|4438|16132|3601|5951|1797|26698|3826|20827|3113|5871|1611|14614|3285|12126|2945|2488|888|14237|2973|11635|2426|2602|1446|6629|2366|5829|2098|800|520|113399|7734|64279|6503|49120|3897|27123|3607|19999|2914|7124|1652|46325|4971|24883|3195|21442|3087|5856|2140|4003|1872|1853|927|70166|7921|31658|4429|38508|4939|5071|1615|2541|1157|2530|924|20275|3197|10793|2261|9482|1931|20600|4101|12457|2544|8143|1987|141334|9602|102291|7564|39043|4542|41636|4943|31247|3929|10389|2189|61586|8167|41479|5910|20107|4012|7301|2148|5932|2066|1369|617|45097|8310|25442|5436|19655|4702|17404|5521|11978|4331|5426|2386|19332|5080|11299|3312|8033|3086|47642|5475|35736|4328|11906|2422|13653|2945|12112|2763|1541|590|9752|2013|8001|1829|1751|697
030C201US9|45772095|45724|27647600|81954|10897198|58226|6663751|49013|4233447|44752|162229|10441|139584|8952|22645|3587|13293|4512|9531|2857|3762|2521|60247|4739|50582|4212|9665|1811|102766|8726|74501|6868|28265|4611|116460|7274|103518|6932|12942|2052|32197|4551|28208|4357|3989|1203|26017|3974|22240|3740|3777|935|242353|13300|138316|9425|104037|7764|30132|5890|22455|4359|7677|2559|28982|4705|21874|4413|7108|1574|96935|11709|53994|6299|42941|7453|198323|11439|116633|9556|81690|6688|256284|17033|156825|11808|99459|9789|65916|7379|48685|5570|17231|3223|261060|16630|219846|14571|41214|4646|63823|7257|47413|6134|16410|3081|166232|14323|98595|9362|67637|6351|45464|5748|34805|4368|10659|2567|89443|8998|66486|6360|22957|4461|106741|9955|77424|7698|29317|4465|107391|8569|89597|7705|17794|3400|81576|8734|69700|7699|11876|2072|58054|6926|47839|5870|10215|2386|1470156|29235|718270|17905|751886|20616|186514|11617|111110|7744|75404|5865|426958|15822|193703|9062|233255|11149|78701|7821|47427|5677|31274|3572|670094|22253|274526|12078|395568|15395|80132|7900|37891|5140|42241|4463|102069|7884|49669|5016|52400|5156|95253|9953|50816|5655|44437|6510|884461|26160|578494|17513|305967|14471|259129|12575|160727|9139|98402|7425|251632|18334|174605|13583|77027|7837|50082|5372|42675|4915|7407|1716|101028|11047|61455|8573|39573|5196|46066|7635|34792|5071|11274|3475|40552|5260|32108|4657|8444|2200|981|497|904|491|77|64|15203|3393|11798|2721|3405|1098|56368|6598|33395|3893|22973|4955
030C243US1|2923918|29265|2760944|29483|41535|5568|31467|4668|10068|2343|34129|2971|28698|2615|5431|1028|1872|1470|1527|1405|345|275|5463|1570|4709|1434|754|471|12701|2568|9200|2025|3501|1192|7146|1139|6327|1047|819|437|2879|1530|2755|1578|124|158|1313|560|1177|506|136|167|6207|2264|5304|2048|903|528|6398|1840|4565|1565|1833|723|1711|1308|1200|843|511|556|1323|769|1166|746|157|171|210|199|161|172|49|85|944|534|535|333|409|348|379|374|379|374|0|210|1493|1095|1493|1095|0|210|698|640|606|546|92|113|0|210|0|210|0|210|816|843|632|630|184|244|835|542|755|502|80|116|4349|1643|3720|1479|629|495|311|351|311|351|0|210|114|203|114|203|0|210|893|898|893|898|0|210|10373|2373|6282|1748|4091|1209|1393|703|1153|700|240|169|803|406|568|358|235|183|77|128|77|128|0|210|1390|737|870|577|520|325|598|522|299|239|299|438|1542|1296|509|320|1033|1062|351|325|351|325|0|210|2271|857|1781|756|490|279|1006|442|841|423|165|119|3300|1804|2749|1387|551|556|1142|920|965|842|177|202|524|517|228|235|296|461|1126|886|857|700|269|364|722|825|682|823|40|47|0|210|0|210|0|210|564|213|540|223|24|42|2073|672|1800|663|273|192
030C243US2|5825143|42085|5413944|40414|138446|8609|87675|5915|50771|4787|13464|2129|11699|1913|1765|691|1199|647|999|531|200|188|14377|2507|11161|1907|3216|1159|5551|1464|4715|1359|836|434|31870|3843|23304|2854|8566|1873|95381|9348|65230|6893|30151|4545|2488|1060|2097|960|391|261|10254|2276|6580|1317|3674|1839|8867|1947|5466|1482|3401|1119|2105|672|1265|470|840|435|4163|1476|3297|1148|866|468|286|391|163|208|123|191|1483|917|1156|691|327|334|4923|2501|3756|2035|1167|717|3526|1191|2712|1017|814|571|3586|1780|2943|1535|643|460|957|892|601|792|356|377|1643|1011|1183|709|460|399|2945|1475|1759|1003|1186|1112|9074|2318|7218|2092|1856|626|1335|808|1001|608|334|347|868|605|731|530|137|221|1183|700|1028|587|155|202|12094|1940|7002|1288|5092|1296|3376|1037|2272|743|1104|508|4719|1433|3148|1058|1571|723|131|125|87|90|44|56|1444|655|987|560|457|263|53|69|53|69|0|210|599|289|358|218|241|167|1300|556|579|393|721|389|5729|1395|3721|1050|2008|664|529|317|379|275|150|122|6593|2563|5368|2222|1225|590|2706|1625|2085|1092|621|582|875|781|408|581|467|521|1579|991|1460|964|119|123|1080|565|828|395|252|252|1212|1377|1180|1377|32|47|2130|931|1944|872|186|189|5076|1696|3920|1573|1156|619
030C243US3|10544049|75509|10059133|75865|184147|9602|123091|7388|61056|4604|9735|1586|7894|1405|1841|627|68|96|68|96|0|210|6082|1388|5019|1232|1063|555|3222|1567|2053|756|1169|1118|77175|7134|57484|6133|19691|3086|116211|10443|80714|9470|35497|3693|1917|672|1541|558|376|232|3389|816|2313|679|1076|447|9168|2473|6018|1416|3150|1926|1518|689|1056|473|462|392|4181|1371|3164|1070|1017|618|212|239|212|239|0|210|432|286|432|286|0|210|1570|909|1340|837|230|185|2584|1670|2248|1563|336|277|707|474|707|474|0|210|200|191|0|210|200|191|1823|1416|936|620|887|901|2804|1419|1463|1125|1341|716|7957|2604|6877|2416|1080|566|2141|1135|1825|898|316|402|334|348|334|348|0|210|187|219|131|144|56|97|7955|2298|3779|1381|4176|1446|2821|908|2272|796|549|266|2843|947|1955|741|888|476|3059|1059|1848|731|1211|610|2522|1068|1892|852|630|460|530|489|373|323|157|192|2614|1204|1529|835|1085|494|1213|959|809|644|404|378|7672|1676|5302|1310|2370|673|1092|401|592|320|500|282|4418|1408|3437|1172|981|445|1062|899|1005|897|57|94|1275|511|256|220|1019|439|229|159|229|159|0|210|1862|966|1264|720|598|483|31|34|21|30|10|18|2460|612|2111|564|349|159|3494|945|2268|685|1226|538
030C243US4|6412940|75745|6137935|73220|133068|6316|82539|4873|50529|3980|4814|1103|4013|987|801|478|401|314|306|269|95|136|1070|456|870|425|200|195|2204|1009|1942|929|262|215|40656|4556|31427|3930|9229|1420|19509|3595|11978|2328|7531|2181|419|239|406|238|13|28|3767|1080|2341|741|1426|709|838|464|674|426|164|160|869|660|760|614|109|102|4002|1692|2699|1313|1303|657|0|210|0|210|0|210|316|233|170|134|146|184|568|822|286|437|282|390|324|287|241|247|83|188|271|201|249|181|22|38|819|652|731|613|88|113|153|132|153|132|0|210|226|208|201|207|25|37|4654|1555|3988|1508|666|320|515|362|437|352|78|77|347|538|347|538|0|210|169|137|148|112|21|35|2690|806|1876|553|814|465|1290|450|1094|433|196|93|1309|537|559|334|750|433|5175|1703|3618|1559|1557|606|2446|914|1054|484|1392|544|669|561|466|347|203|244|4518|1249|3021|1094|1497|551|1510|734|705|436|805|458|4444|981|3046|797|1398|487|3453|1008|2108|853|1345|426|2065|928|1149|510|916|729|505|492|330|282|175|245|1313|1291|1089|1264|224|170|757|515|713|508|44|42|3443|1627|2621|1295|822|868|123|137|123|137|0|210|17354|2691|16148|2593|1206|548|1962|570|1383|436|579|326
030C243US5|13480270|70630|12523335|70163|704170|21800|440358|17019|263812|11774|21091|3085|18212|2849|2879|1015|10458|3507|6981|3184|3477|1475|8872|1868|7052|1453|1820|1111|9959|2511|8238|2076|1721|939|23865|3118|20989|2947|2876|745|12281|4774|7821|2412|4460|2860|3705|1376|2812|1141|893|453|11168|2592|7186|1717|3982|1297|2087|841|1701|743|386|266|1506|886|1506|886|0|210|5828|1955|3390|1243|2438|1516|361|487|76|127|285|478|3168|1161|2354|949|814|443|3313|1129|1707|724|1606|903|4571|1935|3944|1748|627|400|3151|1465|2499|1289|652|510|2749|1881|2587|1842|162|150|1903|1019|1544|877|359|299|2426|1143|1844|950|582|453|9077|2509|6920|2123|2157|813|1161|543|797|471|364|194|2482|1293|2175|1209|307|288|1466|877|762|530|704|503|18630|3300|10617|2244|8013|1936|5181|1555|3965|1244|1216|674|8605|1816|3997|1201|4608|1316|3331|1475|2524|1286|807|617|7908|2369|3779|1137|4129|1620|1603|1072|630|570|973|805|5093|1631|2395|955|2698|1128|4105|1700|2237|880|1868|912|13325|2319|10753|2061|2572|896|4133|1813|3337|1557|796|417|11810|3455|8653|2434|3157|1364|1404|596|974|441|430|390|1398|774|795|513|603|453|5600|2045|4732|1805|868|664|3245|1640|2984|1413|261|381|200|158|200|158|0|210|4174|1501|3880|1320|294|324|6372|1622|4017|1244|2355|1106
030C243US6|7548721|44152|7304987|43614|144008|7379|89956|5651|54052|4933|6429|1134|4781|1021|1648|727|758|605|726|611|32|58|1459|556|1162|504|297|262|2117|1023|1231|733|886|445|14453|3536|10602|1993|3851|2082|19726|5966|15929|5116|3797|1700|684|902|303|445|381|467|2748|1584|2355|1501|393|311|1020|568|528|291|492|453|462|484|230|215|232|295|893|695|668|595|225|218|188|290|188|290|0|210|585|442|585|442|0|210|850|696|761|668|89|171|255|244|255|244|0|210|785|636|675|560|110|140|1928|2168|1120|1267|808|928|258|182|258|182|0|210|647|416|220|173|427|314|1373|606|1373|606|0|210|226|247|162|212|64|122|0|210|0|210|0|210|0|210|0|210|0|210|4258|1626|2097|976|2161|1018|2715|1097|1469|867|1246|706|5817|2360|4556|2370|1261|675|0|210|0|210|0|210|3121|1261|1449|630|1672|812|267|233|105|153|162|184|1336|662|596|445|740|454|1597|1109|1150|902|447|370|4918|1217|3459|935|1459|675|992|443|667|372|325|282|5830|4255|4971|3971|859|855|490|579|398|437|92|149|333|553|112|189|221|366|2057|1111|1879|1069|178|148|1535|1741|904|893|631|891|0|210|0|210|0|210|5383|832|4532|972|851|463|1233|754|1143|748|90|132
030C243US7|8559316|63131|7343633|56749|1050402|31951|701668|23441|348734|16873|34263|2872|30203|2919|4060|839|539|345|486|336|53|92|1059|546|870|481|189|182|3830|1615|3020|1158|810|773|21914|3716|13836|2183|8078|2497|4133|1252|3764|1177|369|255|597|377|597|377|0|210|3991|1823|3208|1511|783|451|1596|630|1100|530|496|264|1150|900|492|394|658|643|2251|681|1742|568|509|357|0|210|0|210|0|210|928|740|613|506|315|299|2444|1282|1856|1052|588|407|2768|1143|2334|1059|434|484|2039|1178|1659|1080|380|268|71|103|17|30|54|84|569|492|458|441|111|124|2069|977|1432|729|637|404|3292|1392|2530|1132|762|744|1519|1059|1133|940|386|328|270|272|233|248|37|54|1173|897|720|613|453|430|6094|3479|3371|2739|2723|1044|2089|847|1822|783|267|216|3104|844|2076|764|1028|460|3509|1153|2254|761|1255|599|10868|3631|4200|1653|6668|3046|2215|1303|593|497|1622|1157|3965|1409|1671|738|2294|998|1160|621|640|300|520|402|10191|3206|7931|2195|2260|1253|4311|1854|3080|1726|1231|460|9122|3354|7947|2925|1175|692|881|490|800|463|81|89|535|670|316|396|219|285|3460|1601|2750|1400|710|725|1561|842|1262|758|299|305|36|55|36|55|0|210|7360|1249|6484|1168|876|335|2355|1121|1791|1152|564|410
030C243US8|3895440|38096|3296707|35091|386594|16625|256544|13805|130050|9464|8830|2738|6169|1567|2661|2137|376|301|352|299|24|40|2134|946|1944|932|190|127|2975|1026|2678|973|297|215|18110|3032|15570|2662|2540|920|2558|1044|2278|976|280|271|596|406|391|281|205|178|3394|1464|2589|1199|805|768|1117|696|960|617|157|255|38|52|38|52|0|210|821|560|762|559|59|44|270|259|222|243|48|75|768|392|608|353|160|154|9|23|9|23|0|210|1248|719|1166|711|82|113|225|231|225|231|0|210|185|223|185|223|0|210|34|60|34|60|0|210|305|308|189|224|116|165|1820|728|1612|683|208|181|315|410|254|328|61|85|825|1187|825|1187|0|210|0|210|0|210|0|210|5240|1471|2523|683|2717|1413|1890|919|1638|892|252|178|1864|1054|1069|684|795|443|74|125|0|210|74|125|1764|1047|1148|843|616|378|32|52|0|210|32|52|1593|1195|1100|848|493|407|1034|649|610|340|424|546|5796|1559|4627|1400|1169|515|3656|1597|2762|1177|894|645|2528|1484|1696|914|832|890|57|83|14|27|43|80|403|352|183|283|220|211|349|264|242|205|107|124|958|840|958|840|0|210|90288|4335|67871|3738|22417|1978|45807|3829|37002|3230|8805|1829|1853|1004|1521|803|332|365
030C243US9|4591833|45541|3733680|37010|628749|23010|390156|16432|238593|13291|11798|2344|10863|2346|935|458|268|195|268|195|0|210|4061|1057|3329|940|732|396|9907|2174|7387|1782|2520|1034|14495|2845|12056|2063|2439|1187|3983|1863|3449|1701|534|463|879|520|804|505|75|99|12525|3073|8911|2270|3614|1426|3533|1722|2037|1138|1496|875|1271|746|836|475|435|376|5588|2008|2505|1107|3083|1374|1805|1015|1690|1002|115|96|3968|1344|2843|964|1125|559|1001|688|890|649|111|92|3365|1747|2179|1191|1186|960|1053|711|657|373|396|440|5463|2242|2884|1236|2579|1173|754|458|550|352|204|222|1019|535|749|377|270|283|5006|1507|3918|1399|1088|519|2310|1200|2008|1129|302|246|1868|1269|1868|1269|0|210|149|251|149|251|0|210|17037|3232|9550|2084|7487|1781|6364|1543|4233|1037|2131|840|9766|2982|3612|1313|6154|2243|5317|2332|2126|745|3191|2030|8333|2917|4539|1685|3794|1553|531|285|328|191|203|168|3897|1864|1957|1185|1940|888|1061|585|697|382|364|314|17892|3146|12520|2418|5372|1436|22070|3854|15518|3409|6552|1471|4229|1596|3109|1368|1120|634|2581|1156|2290|1141|291|333|1218|659|631|444|587|462|1385|1037|1070|753|315|490|848|387|616|234|232|275|364|289|364|289|0|210|23639|2042|21761|2101|1878|541|6803|3190|5315|2358|1488|1045
0400000US01|4790232|3192|4514008|11041|169279|7169|101497|6669|67782|5748|5203|1438|4050|1333|1153|546|634|548|482|508|152|218|1653|645|1402|566|251|259|2133|1050|1377|666|756|536|10306|2034|8184|1567|2122|942|1721|990|1721|990|0|208|917|924|572|496|345|461|1643|755|1404|673|239|227|275|217|198|170|77|129|1106|1317|1001|1276|105|174|1208|727|1035|664|173|197|0|208|0|208|0|208|1016|521|741|380|275|290|2570|1296|903|592|1667|925|1546|772|1048|499|498|427|2055|989|1693|844|362|310|666|556|589|505|77|100|2487|1140|983|528|1504|990|3159|1629|2172|1211|987|802|1664|782|1353|667|311|391|1929|1059|1482|955|447|387|115|203|115|203|0|208|379|391|379|391|0|208|10328|2150|5235|1487|5093|1589|3018|1310|1290|901|1728|962|10737|2569|5313|2143|5424|1508|537|411|537|411|0|208|6688|1547|2578|831|4110|1053|290|259|143|168|147|138|2549|997|1462|728|1087|567|1331|1027|990|859|341|283|5222|1487|3170|1022|2052|1086|1248|707|829|526|419|313|9038|4229|4973|2042|4065|2744|344|316|344|316|0|208|696|591|256|247|440|548|4878|2186|3738|1549|1140|1083|2722|1526|1729|845|993|1309|0|208|0|208|0|208|561|145|561|145|0|208|2373|1728|1889|1604|484|572
0400000US04|6965784|1595|5142837|23941|1380201|23101|931805|19968|448396|14658|18573|2872|15475|2719|3098|1293|2659|1768|1599|1239|1060|891|5292|1748|4538|1604|754|526|6616|2052|5676|1862|940|569|15099|2112|13120|2060|1979|683|3234|1154|3128|1133|106|129|3170|1232|2655|1116|515|326|8934|2472|6579|1876|2355|1330|5552|2390|4189|2268|1363|779|7661|2317|5266|1854|2395|909|4445|1421|3381|1279|1064|499|1306|837|1056|753|250|235|7849|2698|5526|2284|2323|1086|3286|1447|2436|1124|850|544|14549|3709|12956|3190|1593|900|3555|1900|3205|1805|350|273|1906|1342|1793|1300|113|135|2274|1587|1559|1022|715|749|7383|2344|5686|2090|1697|1019|8452|2480|5813|1441|2639|1409|6940|2482|5755|2266|1185|608|10665|2853|8732|2309|1933|1431|3410|1812|3087|1682|323|285|30417|4169|17371|3348|13046|2684|7626|1677|4859|1319|2767|975|10816|2637|5349|1650|5467|1630|966|1301|966|1301|0|228|29413|5034|14444|2893|14969|3323|2305|1170|1186|744|1119|787|5544|1794|3449|1294|2095|952|6706|2533|3881|1601|2825|1288|28522|3746|22181|3339|6341|1348|7103|2108|5075|1432|2028|1023|34157|6401|23278|4636|10879|3414|2334|1126|1831|1027|503|454|6962|2233|4788|1802|2174|813|6783|2473|4038|1487|2745|1979|9170|3991|5784|2651|3386|2769|75970|4781|58103|4027|17867|2375|23228|3053|19883|2794|3345|1014|1914|746|1431|599|483|412
0400000US06|36910956|3120|20540480|70238|10461392|53880|6392104|49643|4069288|42971|129585|9195|111849|8116|17736|3318|9668|3585|7607|2588|2061|1806|54575|4486|45651|3987|8924|1692|94762|8191|69088|5995|25674|4560|86732|6273|76644|5817|10088|1833|25559|3588|22017|3439|3542|1148|23062|3953|19397|3663|3665|928|166465|10697|91273|6958|75192|7212|24475|5449|18072|3452|6403|2625|19971|4190|15352|3598|4619|1486|52320|7563|30676|4969|21644|4635|197308|11478|116121|9575|81187|6697|239633|15808|147558|11313|92075|9130|58708|7120|42725|5363|15983|3091|214984|14139|178557|12574|36427|4007|55515|6560|40841|5607|14674|2728|154917|14153|92302|9347|62615|6043|38964|5293|28794|3750|10170|2525|69542|7945|53329|6022|16213|3667|80565|7999|56642|5860|23923|3794|83920|7995|71267|7498|12653|2098|69500|8267|59305|7498|10195|1844|45251|5285|37013|4389|8238|2157|1275479|27099|614164|15717|661315|19577|121619|9698|68977|6678|52642|4756|357077|14662|160626|8329|196451|10134|74009|7099|44236|5219|29773|3497|569306|20642|231366|10568|337940|15261|66884|7288|32377|4784|34507|4024|80348|6210|39350|4168|40998|4113|71712|6753|38360|4140|33352|4550|760215|22953|506250|16567|253965|11975|107387|7844|72112|6072|35275|3930|218600|17660|150497|13055|68103|7213|46260|5328|39392|4763|6868|1668|58698|7290|36259|4877|22439|4143|35360|6069|27657|4572|7703|2464|22816|4669|19279|4194|3537|1234|836|360|759|348|77|64|8365|2901|6839|2317|1526|754|38132|5604|19181|3122|18951|4095
0400000US08|5534863|2237|4639472|19574|608758|17096|395709|11525|213049|10911|24969|4537|19067|3680|5902|2186|1132|702|1101|688|31|54|4055|1665|3464|1493|591|498|7358|2168|6202|2047|1156|567|26116|3940|23430|3489|2686|1134|1592|595|1592|595|0|218|1214|571|894|477|320|247|17269|4364|11540|3446|5729|1795|5709|1742|4441|1595|1268|612|2148|1242|1614|965|534|472|6175|1873|3677|1215|2498|1286|205|252|205|252|0|218|7904|2571|5288|1826|2616|1397|3376|1696|2465|1274|911|624|8871|2484|7317|2015|1554|868|1914|864|1766|790|148|202|1643|1968|922|1006|721|976|754|564|662|481|92|162|6570|1924|4139|1431|2431|937|9422|2169|7634|1899|1788|691|4098|1677|3306|1430|792|583|1539|813|1303|696|236|271|1790|1055|1405|854|385|317|24516|3843|13929|2726|10587|2190|7471|1713|6641|1606|830|438|15228|2867|7196|1938|8032|1818|3392|1445|1611|892|1781|916|16520|2805|6934|1620|9586|2022|1120|655|666|507|454|372|4039|1162|1880|690|2159|865|4538|1502|2920|1070|1618|733|9417|2178|6818|1633|2599|960|2818|1069|2219|790|599|454|9614|3237|6186|2310|3428|1442|2078|823|1803|767|275|225|21848|5651|11461|3630|10387|3699|8869|4797|6635|4090|2234|1130|3594|1697|1892|832|1702|1146|936|669|386|312|550|700|1245|587|820|426|425|365|3567|1253|3019|1101|548|401
0400000US09|3447752|1296|2645184|16514|439720|11105|259001|9197|180719|8938|20545|2591|17510|2286|3035|835|17455|4751|13712|4060|3743|1513|25325|3653|18931|3019|6394|1777|52070|6858|30269|5225|21801|3673|8131|1711|7298|1549|833|461|3009|1292|2916|1268|93|109|5535|2210|4028|1803|1507|713|10693|2716|7074|2175|3619|1191|24421|3737|14438|2674|9983|1844|6373|2686|4320|1841|2053|1018|8127|2599|4822|1825|3305|1850|675|675|671|677|4|8|2388|1066|1561|867|827|650|4023|1524|2948|1216|1075|525|7732|1611|7004|1539|728|375|6627|2823|4429|1961|2198|1306|4039|2965|2192|1583|1847|1479|6802|2850|4328|1622|2474|1401|8627|2579|6723|2259|1904|805|17110|4100|10597|2919|6513|2446|4419|1363|3988|1276|431|381|5419|2409|4876|2363|543|371|2902|1360|2313|1235|589|506|36494|3918|18713|2320|17781|2779|2346|833|1831|688|515|384|8602|2089|4369|1346|4233|1730|49|64|49|64|0|224|7801|2586|4113|1787|3688|1230|1094|899|222|223|872|710|4519|1839|1604|904|2915|1153|4046|1837|1752|881|2294|1128|8568|2657|5979|1970|2589|1206|2087|1200|1404|985|683|415|12419|3479|8235|2431|4184|1798|2138|1110|1963|1085|175|196|2106|1283|1522|1008|584|645|10930|3615|9746|3413|1184|748|2047|1101|1796|953|251|274|0|224|0|224|0|224|251|309|251|309|0|224|4904|1737|4171|1674|733|373
0400000US10|964338|409|834032|6058|68718|3828|41858|3547|26860|2902|4560|2346|3206|1452|1354|1097|2909|1734|1578|1496|1331|884|862|386|757|340|105|124|584|400|392|334|192|220|1689|677|1320|562|369|317|1286|778|657|376|629|659|669|401|591|380|78|98|1124|584|868|525|256|267|1256|739|879|574|377|337|0|203|0|203|0|203|953|693|757|483|196|331|0|203|0|203|0|203|177|177|125|152|52|87|3332|1996|2227|1638|1105|592|2669|1063|2583|1035|86|96|2391|1371|1532|1165|859|632|0|203|0|203|0|203|1851|814|1514|717|337|336|1550|840|1234|703|316|276|343|322|287|281|56|79|1749|1095|1393|848|356|358|1534|1050|1380|955|154|209|1691|897|1476|725|215|313|6768|1703|3874|1250|2894|1169|1334|1229|814|792|520|479|2322|1103|1285|699|1037|707|0|203|0|203|0|203|1221|828|736|636|485|329|91|107|91|107|0|203|300|287|107|159|193|233|2699|2203|1361|1105|1338|1190|1112|601|964|586|148|138|1086|1477|229|309|857|1176|2479|1216|1220|689|1259|849|211|186|160|165|51|84|354|371|264|268|90|161|4548|2462|3769|1935|779|690|2443|1100|2097|980|346|374|0|203|0|203|0|203|110|131|110|131|0|203|1331|787|1107|700|224|270
0400000US12|21143473|3679|14758852|44936|4687222|25960|2657882|31746|2029340|28238|104481|7138|78357|5644|26124|3316|473273|28565|292068|19033|181205|15094|43321|4561|30961|3338|12360|2989|177213|13992|112704|9158|64509|8236|61912|5024|54311|4535|7601|1503|15503|3737|13783|3602|1720|902|20418|3707|15989|2927|4429|2117|64696|7234|39167|4792|25529|4487|22383|3248|13153|2034|9230|2259|16648|3899|11888|3179|4760|1490|30185|4519|20054|3258|10131|2629|2181|1047|1284|789|897|695|12671|3476|8910|2781|3761|1392|20896|4083|14063|2898|6833|2232|32021|5864|26879|5056|5142|1907|19284|5103|14073|4018|5211|1767|3311|1969|2331|1317|980|741|18544|4456|12604|3180|5940|1835|10339|3288|5815|2078|4524|2049|44771|6642|30091|4878|14680|3239|19533|3801|15644|3384|3889|1540|10050|2780|8336|2091|1714|1215|13981|2910|10506|2144|3475|1388|68275|6953|32397|4080|35878|4977|11894|3067|8549|2793|3345|1147|17549|3514|8275|2450|9274|2343|917|576|508|317|409|402|70152|8857|29873|4392|40279|6184|3978|1324|1003|557|2975|1087|16012|3723|7920|2684|8092|2195|16840|3091|10481|2129|6359|1736|80209|7025|59352|5443|20857|2844|9015|2176|6746|1757|2269|1126|80430|11164|58427|8967|22003|4436|22033|3649|18038|3270|3995|1256|6036|3342|3853|2155|2183|2144|12481|4316|10201|3556|2280|1275|5661|2551|4227|1762|1434|1258|153|146|85|97|68|113|2526|1810|1616|879|910|1130|35623|5277|26967|4089|8656|2267
0400000US13|10291750|4268|8761133|24891|830335|12471|486217|13273|344118|11688|45029|6783|34573|5376|10456|2830|30824|6439|23598|5404|7226|2649|5617|1472|5121|1339|496|309|21399|4209|14393|3149|7006|2542|25224|3590|23068|3414|2156|727|5786|1849|5335|1750|451|294|2977|1089|2440|978|537|343|13267|2980|9787|2550|3480|961|2455|1126|1539|779|916|586|7514|2427|5678|2149|1836|880|4346|1470|2480|986|1866|990|289|435|196|283|93|154|9111|2388|6364|1878|2747|1218|26816|4387|16784|3145|10032|2506|30646|4866|24846|3992|5800|1705|14802|3407|10556|2545|4246|1520|4256|1848|3304|1586|952|804|10309|2880|6314|1912|3995|1326|8660|2376|6261|1949|2399|1068|18143|3974|12796|3482|5347|2007|23461|3986|19915|3679|3546|1301|15038|3327|13120|3138|1918|840|8877|2449|6868|2131|2009|844|63795|7616|33485|4400|30310|4892|9619|2201|5452|1489|4167|1755|54959|5699|27027|3446|27932|3477|1665|885|1581|857|84|157|60453|7834|23800|4669|36653|4582|4340|2051|1992|1081|2348|1148|7531|1871|3678|1173|3853|1219|9396|3194|4453|1807|4943|1924|14745|2631|11337|2146|3408|1271|7190|2849|4070|1801|3120|1528|22313|6378|16296|4937|6017|2585|4368|1513|4210|1457|158|213|31815|6168|22714|5254|9101|2277|46023|8658|38404|6881|7619|2796|13673|4081|12152|3747|1521|925|223|353|223|353|0|228|1283|796|1078|688|205|221|12045|2968|9758|2518|2287|1286
0400000US16|1827217|1274|1626135|8965|146999|5558|95713|5382|51286|3942|2755|886|2305|756|450|293|0|195|0|195|0|195|453|418|397|341|56|95|3424|1394|2489|969|935|645|5320|2606|4477|2161|843|637|798|403|737|412|61|76|0|195|0|195|0|195|5961|2835|4797|2249|1164|742|88|120|88|120|0|195|1507|916|804|626|703|513|3809|3029|1119|656|2690|2702|0|195|0|195|0|195|1440|1568|637|697|803|919|0|195|0|195|0|195|331|481|331|481|0|195|0|195|0|195|0|195|247|421|247|421|0|195|0|195|0|195|0|195|865|513|358|294|507|435|1420|855|1091|567|329|383|609|437|512|353|97|114|404|461|357|452|47|84|447|521|447|521|0|195|3973|1064|2340|815|1633|720|1241|704|928|648|313|221|1661|855|855|599|806|435|0|195|0|195|0|195|1174|579|441|301|733|404|32|52|0|195|32|52|2080|1363|1357|857|723|588|1263|848|650|508|613|437|1952|583|1302|505|650|336|1433|674|905|501|528|305|4498|2267|1960|1278|2538|1366|51|85|51|85|0|195|521|453|324|380|197|183|556|535|428|435|128|204|809|440|432|366|377|286|126|128|126|128|0|195|1473|530|1229|506|244|276|1362|672|1125|620|237|188
0400000US17|11907821|2225|9067296|33960|1638808|20166|997917|18714|640891|16623|34573|5365|25541|3676|9032|3547|4504|1977|3034|1548|1470|1262|27939|3853|20962|2994|6977|2070|10783|2460|7578|2195|3205|1227|24463|3088|20318|2535|4145|1200|8664|2388|5708|1395|2956|1761|26594|4299|19311|3211|7283|1926|39587|6163|22036|4153|17551|3376|168680|10538|97597|8089|71083|5206|32260|4996|21926|4237|10334|1964|49035|6478|28301|4043|20734|4270|1547|877|1200|734|347|298|9077|2486|6079|1748|2998|1265|53679|7154|34114|4995|19565|3577|43968|5716|35364|4573|8604|2583|59723|7787|44597|5744|15126|3171|8850|3026|7161|2352|1689|928|9257|3354|6310|2284|2947|1611|19063|4258|13423|3043|5640|3211|55551|6528|34413|4568|21138|3821|23354|4037|19519|3752|3835|1582|15723|3362|13882|3197|1841|775|21549|4386|16814|4026|4735|1124|109679|8361|56290|5533|53389|5265|13946|2342|8500|1776|5446|1214|38959|4845|18629|3280|20330|3038|119|139|55|87|64|104|22907|4279|11084|2348|11823|2969|2695|1414|1060|504|1635|1080|9100|1985|4445|944|4655|1632|16821|3388|9736|2540|7085|2132|88061|7876|64966|6354|23095|3881|9562|3361|7504|2990|2058|1218|74284|9309|54920|7738|19364|3458|5514|1737|4875|1427|639|597|20150|4085|11535|2948|8615|2367|26600|4946|21308|4362|5292|1577|8310|2842|6044|2450|2266|1161|179|166|169|169|10|18|831|537|831|537|0|206|5577|1632|4014|1395|1563|619
0400000US18|6434006|2404|5789288|17494|327175|12016|200930|9980|126245|8039|19818|5252|12893|3295|6925|3423|9525|4054|4189|1861|5336|2731|1043|505|855|450|188|166|5631|1462|5045|1384|586|341|35185|5836|27884|4929|7301|1985|33174|4847|24208|4354|8966|2028|1900|876|1594|842|306|253|3271|1334|2312|986|959|693|6684|2714|4710|1968|1974|1815|8677|3264|5568|2408|3109|1894|3788|1397|2895|1235|893|603|91|154|91|154|0|207|3311|2368|2547|2219|764|761|4657|1642|3716|1380|941|554|8041|1878|7413|1791|628|419|4481|1842|3525|1528|956|573|14501|3809|8061|2693|6440|2228|2333|1378|1764|1021|569|497|5784|2555|4591|2028|1193|844|5549|2214|4011|1509|1538|1414|4822|1692|3714|1214|1108|756|4299|1860|4183|1827|116|144|1814|940|988|576|826|776|21122|3027|10369|1925|10753|2052|4357|1435|2450|1081|1907|862|6734|2553|4210|1808|2524|1039|92|104|75|111|17|30|4327|1566|2304|941|2023|1067|183|209|176|209|7|17|2346|947|1110|746|1236|610|26394|4345|12231|2790|14163|2820|9908|2315|6388|1503|3520|1496|2421|1062|1600|782|821|638|11940|3182|8197|2789|3743|1532|481|432|333|366|148|235|5711|3094|1613|1015|4098|2539|16981|4647|13478|4174|3503|2282|12654|4840|7282|3521|5372|2395|0|207|0|207|0|207|389|319|249|190|140|182|3124|1304|2378|1198|746|501
0400000US19|3020507|2294|2750479|9932|133460|6170|78851|5363|54609|4601|7263|2099|3567|1192|3696|1407|309|339|165|236|144|243|1432|1096|1186|1044|246|257|1778|702|1283|525|495|367|11174|2453|8823|2185|2351|818|6272|2211|3178|1254|3094|1544|175|145|175|145|0|170|2203|1063|1671|1065|532|431|517|448|513|448|4|7|7222|1968|4735|1397|2487|1042|1717|1161|1543|1149|174|129|183|212|103|157|80|146|989|768|675|647|314|246|653|634|421|536|232|224|2015|1046|1686|891|329|285|1026|787|808|609|218|363|802|727|736|712|66|111|1207|726|832|593|375|333|4365|2128|2661|1665|1704|1113|3766|1825|2508|969|1258|1160|2344|1335|1766|1015|578|506|3282|1832|2465|1493|817|980|2184|1836|2184|1836|0|170|7928|1827|5142|1506|2786|817|856|455|419|265|437|356|3458|1305|1856|730|1602|971|376|407|245|314|131|144|7031|1916|2477|1000|4554|1450|817|874|385|439|432|493|5923|2044|2806|1339|3117|1151|8570|2279|3248|1365|5322|1856|3110|1184|2606|1031|504|420|5077|2286|1738|676|3339|2149|11517|3623|8030|2984|3487|1343|296|220|296|220|0|170|3413|1877|1564|1127|1849|1001|2669|1386|2026|938|643|603|9904|3420|3308|1372|6596|3383|0|170|0|170|0|170|1353|565|1278|551|75|77|1392|863|993|638|399|340
0400000US20|2760477|2108|2438059|12004|216384|8592|130444|6960|85940|5886|4884|1443|3896|1137|988|657|896|648|596|473|300|276|498|288|498|288|0|185|3293|1416|2826|1301|467|422|8945|1981|7893|1736|1052|480|1459|725|1299|697|160|241|197|247|134|159|63|103|2163|1111|1289|832|874|474|239|267|231|267|8|4|643|491|520|441|123|203|975|614|796|538|179|299|0|185|0|185|0|185|1059|728|467|433|592|544|386|401|264|281|122|176|4498|1950|3312|1578|1186|852|1333|821|986|598|347|372|852|920|438|480|414|455|2453|1090|2023|921|430|266|2214|1140|1922|1016|292|375|1935|1493|685|358|1250|1397|5539|1881|4401|1485|1138|716|656|479|555|421|101|177|696|534|540|475|156|244|8908|2221|4959|1343|3949|1187|1528|718|643|309|885|652|3116|1229|1911|896|1205|641|1768|1396|1298|1288|470|355|12254|2214|3919|1120|8335|1691|272|214|140|135|132|136|3509|2017|1611|1419|1898|1108|2532|1098|666|463|1866|897|5220|1502|3871|1294|1349|568|1946|1035|1237|765|709|623|4463|1215|3309|993|1154|644|187|308|100|167|87|142|2504|1251|1465|871|1039|746|2199|1085|1947|990|252|242|5520|1867|3125|1106|2395|1253|104|127|104|127|0|185|594|354|543|314|51|107|3597|2247|2478|1679|1119|893
0400000US21|4251877|2023|3999356|9477|118720|5749|66950|4636|51770|3617|8158|2072|5221|1492|2937|1259|640|597|137|159|503|574|459|271|459|271|0|204|2835|1264|1778|1105|1057|754|12949|3339|9720|2301|3229|1878|14690|4726|11280|4133|3410|1638|331|274|227|209|104|128|2424|1014|2043|901|381|302|892|623|419|355|473|423|4853|1887|3115|1429|1738|856|1726|1291|1436|1077|290|276|0|204|0|204|0|204|1472|1139|913|659|559|560|771|549|669|523|102|175|2969|1431|2156|1022|813|760|890|935|781|905|109|178|881|613|573|508|308|356|159|199|159|199|0|204|5498|1778|2110|922|3388|1178|1245|587|1075|568|170|171|4147|1663|2981|1204|1166|717|1619|1430|1144|1055|475|583|573|383|538|355|35|60|5844|1448|3663|1246|2181|974|4780|1513|2798|1290|1982|784|5696|1611|3027|1180|2669|856|133|172|50|88|83|114|5236|2036|2230|1272|3006|1357|823|728|442|406|381|387|1109|610|474|387|635|434|4800|2017|1813|1116|2987|1308|4439|1154|3530|1026|909|576|1767|944|1388|728|379|395|10235|3151|5897|1958|4338|2117|141|124|127|120|14|20|3013|1454|1385|873|1628|940|2283|1950|2029|1917|254|299|11203|3694|3442|1621|7761|2748|0|204|0|204|0|204|476|263|302|212|174|170|1642|869|1485|756|157|249
0400000US22|4319304|3377|3988908|12173|157029|7467|87522|6329|69507|5765|64302|4280|56083|3932|8219|1422|2425|1602|2313|1603|112|143|2155|823|1872|750|283|360|4382|2188|3767|1957|615|468|4229|1662|3768|1494|461|387|452|304|452|304|0|220|1376|1169|1067|960|309|313|2329|1128|1496|936|833|565|491|746|491|746|0|220|798|464|512|362|286|245|957|600|399|365|558|492|209|243|94|154|115|186|1149|824|526|302|623|753|2670|1345|822|556|1848|1165|2949|1409|2181|1206|768|645|2952|1607|2061|1321|891|799|594|518|204|185|390|478|1689|1150|686|454|1003|878|2175|1276|1705|1037|470|422|2633|1237|1787|988|846|843|2320|1379|2077|1341|243|328|691|477|674|469|17|29|232|270|232|270|0|220|11071|2636|5465|1573|5606|1714|1860|1063|981|714|879|610|3662|1587|2207|1089|1455|787|291|401|291|401|0|220|22270|4059|12247|3001|10023|2278|741|842|0|220|741|842|2077|746|861|446|1216|463|1444|1125|1331|1126|113|115|6006|1941|4940|1716|1066|521|501|448|473|445|28|48|11469|3211|5688|1893|5781|2369|53|72|53|72|0|220|1764|2393|1572|2101|192|307|2359|1769|1814|1133|545|746|578|356|344|275|234|224|0|220|0|220|0|220|499|360|470|359|29|49|2563|1208|1708|987|855|590
0400000US24|5815467|2404|4611882|23549|519045|9147|274491|8509|244554|8798|52848|6559|37946|5188|14902|3253|14226|4623|10693|3920|3533|1814|7866|1671|5257|1187|2609|1035|16623|4391|11137|2976|5486|2334|14496|2385|11975|1861|2521|1028|8363|3630|5943|1821|2420|2443|6212|1634|4900|1269|1312|691|25402|4851|17082|3951|8320|1958|4618|1393|3510|1126|1108|777|1799|776|1082|580|717|594|9323|2514|6080|2028|3243|1689|1317|889|898|625|419|325|17969|3111|10831|2353|7138|1883|6956|2261|4874|1938|2082|837|19122|3166|15743|2644|3379|1350|18324|4165|12683|3011|5641|1761|5012|1815|3861|1459|1151|686|11111|3238|6913|1918|4198|1803|20630|4932|13253|2668|7377|3229|10819|3084|8124|2511|2695|1704|12473|4412|9978|3726|2495|1573|7538|2622|5732|2086|1806|1159|7044|2045|6229|1965|815|384|76605|7000|40365|4449|36240|4234|7859|2788|4658|1920|3201|1306|34399|4530|16681|2623|17718|3072|0|224|0|224|0|224|19398|3478|8689|2051|10709|2460|1034|777|503|517|531|425|5910|2094|3105|1204|2805|1356|11097|2813|7496|2442|3601|1371|37003|5410|28853|4438|8150|1743|5235|2187|3107|1087|2128|1892|18277|3805|13137|2628|5140|2024|4848|1331|4242|1159|606|427|55189|10163|39668|8258|15521|3449|71087|9059|60762|7665|10325|2962|20922|6878|16414|5452|4508|2521|0|224|0|224|0|224|864|456|734|420|130|172|14722|4960|11797|4264|2925|1569
0400000US25|6639722|1173|4978950|22648|634281|11322|350232|10817|284049|9138|44129|4827|35540|3876|8589|1949|76992|8803|42929|5240|34063|5683|26544|3336|19554|2887|6990|1584|227610|14773|122242|9113|105368|9434|15395|2141|14089|2040|1306|547|2717|939|2561|924|156|114|22280|3582|15954|2849|6326|1778|35519|4582|21564|3652|13955|3651|14663|2902|10443|2127|4220|1420|6448|2813|3982|1601|2466|2100|12406|2923|8442|2042|3964|1406|6294|2840|4419|1892|1875|1550|8141|2272|5033|1567|3108|1443|12619|3297|9253|2425|3366|1364|26729|4100|23128|3677|3601|1304|7343|2186|5395|1721|1948|1057|5820|3414|4092|2440|1728|1281|8397|1981|6234|1499|2163|888|18894|3384|13436|2993|5458|1378|32764|5616|22234|4261|10530|2692|13481|2985|10534|2441|2947|2039|10820|2257|9827|2270|993|659|6815|2125|6103|1860|712|437|136325|8772|73391|6014|62934|5071|10149|2366|6586|1769|3563|1016|21347|3402|12565|2259|8782|1866|1516|1470|468|461|1048|1095|45497|6431|18692|3290|26805|4627|28708|4687|13365|2806|15343|3205|9314|3021|5097|2054|4217|1543|10728|2680|8055|1958|2673|1116|6068|1662|4845|1362|1223|673|2772|1056|2479|1013|293|235|41471|6021|26328|4112|15143|3595|12824|3131|10570|2729|2254|1247|9519|2708|5183|2001|4336|1739|18526|4098|14368|3690|4158|1448|18846|3913|15288|3899|3558|1227|41|74|0|222|41|74|666|517|666|517|0|222|9354|3007|6508|2366|2846|1530
0400000US26|9497313|2214|8530898|20144|284645|9347|184182|8096|100463|6747|24852|3961|19948|3241|4904|1790|1361|1100|1263|1073|98|117|12654|2045|9510|1763|3144|810|5319|1800|4128|1460|1191|590|27834|3357|23577|2951|4257|1272|17289|3252|13889|2785|3400|1100|8797|2470|6411|2190|2386|831|12759|2813|8169|2202|4590|1379|12642|2201|9387|1616|3255|1220|9426|2567|5636|1538|3790|1700|12727|2324|8086|1704|4641|1434|1862|1064|1539|951|323|412|5408|1503|3726|1206|1682|850|7797|2361|6177|1899|1620|714|21795|3174|18792|2832|3003|961|13389|3466|10594|3006|2795|949|8967|2736|6890|2376|2077|1120|30900|5757|11259|3173|19641|3696|10339|2741|8039|2131|2300|1088|38305|6165|26031|5453|12274|2530|17824|3982|12723|2981|5101|2153|8846|2206|7159|1800|1687|781|8901|2320|7354|2018|1547|696|46799|4745|27296|3116|19503|3234|12844|2460|6211|1515|6633|1790|15780|2865|8047|1976|7733|1894|5571|2243|3927|1668|1644|838|12876|2969|6266|2209|6610|1471|2198|925|1187|593|1011|565|4781|1792|2834|1256|1947|829|7818|2304|4099|1540|3719|1714|21234|3228|15754|2574|5480|1497|2074|622|1509|544|565|323|171604|11824|90178|8617|81426|7459|3072|1162|3013|1155|59|59|32446|6089|19641|4850|12805|3415|6077|2344|4995|2144|1082|761|9558|4247|4293|1397|5265|3949|4|8|4|8|0|184|2753|2032|2614|2028|139|117|4288|1194|3420|1051|868|433
0400000US27|5389089|2440|4732769|14514|203771|7196|118740|6348|85031|5546|16229|2674|11773|2048|4456|1509|635|532|468|484|167|236|1629|875|1311|823|318|245|4461|1451|3930|1342|531|350|17322|2607|12571|1822|4751|1467|2491|692|1604|509|887|456|802|437|767|435|35|62|16397|3417|11069|2684|5328|1451|1776|722|1418|596|358|277|1667|828|874|544|793|596|4402|1876|2288|1150|2114|1039|0|157|0|157|0|157|5275|2582|1784|737|3491|2429|2978|1827|2245|1357|733|721|7329|1814|6247|1693|1082|584|2248|1136|1588|747|660|492|610|518|291|329|319|249|3479|1348|2648|1023|831|467|7511|2635|5776|2093|1735|1091|6399|1524|4952|1163|1447|805|6563|2529|4481|1669|2082|1120|7474|2657|6401|2499|1073|963|1573|1093|1494|1084|79|103|18475|3359|9952|1955|8523|2245|3051|1212|2575|1141|476|240|4845|1420|2971|1030|1874|707|69541|6538|40657|4434|28884|3854|23712|3463|9949|2160|13763|2328|7139|2160|3220|1046|3919|1548|10091|2403|6060|1897|4031|1008|24513|4962|9830|2864|14683|3629|7710|1633|6026|1389|1684|572|2320|860|1422|620|898|469|14503|4609|10045|2695|4458|2537|1075|621|693|406|382|342|104558|9930|60611|7177|43947|6178|18341|4406|12551|3217|5790|2252|12262|3159|8579|2455|3683|1455|265|317|265|317|0|157|4551|1897|4293|1886|258|152|6347|2214|4153|1716|2194|957
0400000US29|5828309|2298|5456017|14600|155827|7667|102257|5620|53570|4917|10769|2055|8253|1511|2516|1127|1247|939|922|711|325|383|4001|1813|3519|1571|482|413|3674|1449|2941|1182|733|536|19305|2916|14590|2596|4715|1310|11251|2612|7279|1972|3972|1308|1110|578|957|546|153|178|5106|1777|3499|1188|1607|846|1153|626|698|391|455|475|11730|2832|7345|2026|4385|1487|5457|2626|4074|2296|1383|820|139|230|139|230|0|195|2527|1221|1534|914|993|632|2690|1183|1695|755|995|635|5577|2520|4945|2484|632|451|5317|2432|3907|1931|1410|956|1744|998|1190|725|554|496|1020|583|708|418|312|246|3515|1539|3011|1298|504|417|8298|2903|5840|2327|2458|1066|7843|2434|6156|2267|1687|709|3056|1622|2778|1493|278|301|2124|987|1710|839|414|326|19598|3072|10986|2159|8612|1839|2574|1087|1493|545|1081|819|8253|1862|4301|1073|3952|1362|1216|718|921|610|295|173|8770|2069|3739|1436|5031|1496|2812|1371|1121|669|1691|1016|1539|789|1213|661|326|270|3265|1259|1056|463|2209|1065|9047|1963|4691|1004|4356|1466|4826|1367|3240|1125|1586|628|14126|3866|8896|2568|5230|1842|1212|788|1212|788|0|195|7656|4206|5046|2814|2610|2187|4098|1460|3369|1140|729|612|7538|2639|5319|2146|2219|1648|124|163|124|163|0|195|558|373|498|362|60|69|600|387|600|387|0|195
0400000US31|1846816|1317|1633928|8227|134605|6754|76922|4499|57683|4838|3663|1189|2685|966|978|586|508|541|508|541|0|174|845|484|574|355|271|229|759|395|391|213|368|274|5557|1112|4920|1088|637|439|406|236|360|224|46|65|438|427|425|429|13|28|2409|1449|1658|1185|751|632|461|400|122|110|339|388|1113|985|921|932|192|190|2531|1571|2049|1292|482|614|0|174|0|174|0|174|2602|2796|1621|2057|981|835|16|25|8|13|8|13|1085|649|1085|649|0|174|124|173|124|173|0|174|389|369|268|273|121|112|503|472|183|214|320|304|4250|1291|2183|819|2067|844|2870|1162|1522|741|1348|895|1995|1149|1765|997|230|262|1181|824|365|308|816|659|673|432|673|432|0|174|4103|1215|2275|721|1828|842|1269|549|913|472|356|201|673|590|274|217|399|551|0|174|0|174|0|174|7746|1851|2601|962|5145|1326|0|174|0|174|0|174|716|562|288|250|428|341|5677|2489|2975|1611|2702|1338|3720|1424|2899|1236|821|427|1255|684|924|585|331|272|7219|2232|4844|1685|2375|1013|282|219|167|183|115|140|2046|1520|289|401|1757|1453|1499|1373|1443|1385|56|94|4414|1883|2958|1267|1456|756|417|489|417|489|0|174|774|542|664|524|110|130|2095|1612|1287|950|808|863
0400000US32|3005197|1687|2107939|16981|620424|12726|386026|12128|234398|9707|7769|1921|7009|1882|760|445|1436|1320|792|1022|644|754|3167|912|2196|787|971|619|3904|1266|3176|1018|728|576|6174|1412|5922|1425|252|251|1619|1360|1364|1203|255|286|1521|911|1197|770|324|460|6985|2166|4790|1815|2195|819|2061|946|1303|774|758|519|5493|3414|3264|2482|2229|1182|1840|731|1109|526|731|392|3508|1980|2486|1382|1022|947|8462|2771|4418|1860|4044|1801|1756|2188|1063|1239|693|961|2497|1153|2205|1057|292|224|2014|1287|1908|1273|106|128|2700|1438|1827|1076|873|649|815|799|303|341|512|491|1946|869|1186|560|760|533|4339|1263|3608|1130|731|475|746|492|660|471|86|104|702|585|545|466|157|194|217|270|217|270|0|228|33360|3919|16298|2985|17062|2432|4706|1423|3040|1117|1666|605|11778|2310|6717|1664|5061|1242|351|425|280|407|71|117|10337|2832|4173|1337|6164|2175|670|587|137|174|533|489|6514|1976|3192|1262|3322|1294|1037|734|715|542|322|366|93337|7524|66066|5911|27271|3694|13013|3288|7990|1994|5023|1884|8234|2984|5495|1907|2739|1387|2279|1573|1684|1550|595|452|10270|2982|4835|1728|5435|1749|665|681|285|343|380|603|3320|2569|1942|1718|1378|1089|577|559|577|559|0|228|1858|636|1801|624|57|49|2857|1280|2277|1125|580|340
0400000US33|1332565|780|1228997|6461|36485|3637|22103|3143|14382|2440|15231|2980|12971|2811|2260|660|262|402|66|126|196|333|1205|480|983|393|222|193|5713|2738|3937|1645|1776|1487|2892|823|2503|753|389|218|207|188|207|188|0|198|1020|584|776|497|244|339|2013|906|1541|770|472|293|1377|761|1219|733|158|165|1035|876|477|363|558|542|1228|837|1228|837|0|198|229|231|180|218|49|85|145|148|145|148|0|198|709|857|426|480|283|421|1861|779|1819|769|42|71|111|180|111|180|0|198|220|314|103|174|117|150|274|363|160|185|114|194|2858|1584|1975|1218|883|708|956|651|734|516|222|233|2513|1505|2168|1420|345|316|1839|1428|1839|1428|0|198|869|718|819|700|50|88|6334|2086|3048|1234|3286|1195|1028|636|760|547|268|213|1523|802|901|546|622|460|0|198|0|198|0|198|1647|1049|629|476|1018|825|51|89|51|89|0|198|955|725|285|232|670|683|976|672|708|532|268|357|1993|1014|1607|789|386|398|863|585|746|581|117|97|2990|1702|2410|1543|580|446|902|715|902|715|0|198|202|340|99|171|103|177|368|506|91|167|277|458|1786|1062|1140|1120|646|573|0|198|0|198|0|198|0|198|0|198|0|198|698|350|615|345|83|125
0400000US34|8748366|1322|5921644|25018|1456842|18925|778572|17623|678270|15886|29201|5001|25400|4373|3801|1694|59696|9198|37337|6473|22359|4547|50838|4622|36582|3991|14256|2477|100631|9686|53322|5443|47309|7321|17746|2598|15922|2519|1824|662|11603|3209|10729|3127|874|496|22630|3722|16544|3113|6086|1619|57837|6633|38596|5719|19241|3055|55665|6413|33529|4171|22136|3780|9241|2065|6789|1719|2452|835|24740|3944|14954|2919|9786|2396|4320|1732|3799|1571|521|402|7752|2399|5399|1700|2353|1062|83064|8612|54335|6160|28729|3888|90309|8544|75137|7371|15172|2906|35021|5675|26128|4122|8893|2269|15330|4816|9622|3252|5708|2215|30690|4666|20125|3424|10565|2462|25072|3757|20420|3372|4652|1656|22232|3841|15865|2790|6367|1743|39855|5519|31724|4717|8131|2226|29264|5718|24242|4708|5022|1988|19926|3777|16905|3553|3021|1127|123283|7580|70847|5082|52436|4376|12545|2754|5892|1784|6653|1868|74414|5773|34248|4214|40166|3430|1|1|1|1|0|225|20130|4304|9349|2660|10781|2595|3292|2075|1956|1383|1336|851|2070|973|1231|666|839|577|29687|5930|18924|3886|10763|2845|78852|7379|57615|6141|21237|2970|5367|1916|4616|1817|751|433|80840|9832|56108|7217|24732|4140|20989|4281|17023|3404|3966|1522|5291|2212|2740|1274|2551|1478|41066|6542|33735|5631|7331|1856|8472|3164|7751|3234|721|540|0|225|0|225|0|225|1249|831|1205|806|44|75|19669|4180|14387|3665|5282|1657
0400000US35|2008350|2120|1386902|14720|497719|15141|343056|11930|154663|9274|2066|770|1720|692|346|330|241|288|60|15|181|283|1062|589|811|464|251|215|733|650|648|635|85|145|3639|946|2832|749|807|486|724|438|724|438|0|216|689|552|563|503|126|154|1740|975|1226|874|514|474|942|1072|588|590|354|530|451|319|451|319|0|216|1050|1018|959|901|91|153|52|86|52|86|0|216|1142|957|614|596|528|652|405|571|282|399|123|203|2754|1598|1895|1101|859|752|1046|886|934|771|112|152|220|252|220|252|0|216|1130|961|647|480|483|713|1776|989|1502|907|274|202|749|421|749|421|0|216|373|320|340|296|33|57|1050|786|1050|786|0|216|0|216|0|216|0|216|2925|1179|1946|840|979|761|2115|883|1797|816|318|247|2677|1223|2001|1122|676|488|486|685|486|685|0|216|4425|1421|2313|954|2112|774|0|216|0|216|0|216|204|311|80|118|124|196|1220|1064|691|711|529|607|4578|1667|3448|1555|1130|534|753|376|556|336|197|230|2610|1653|1955|1223|655|811|499|447|460|447|39|11|485|777|485|777|0|216|349|364|303|347|46|92|1035|915|805|836|230|370|52313|3519|38465|3151|13848|1545|22572|3023|17365|2812|5207|1158|449|294|342|288|107|109
0400000US36|18621696|2096|12908942|46293|2724702|22657|1503903|22756|1220799|21622|142480|11091|111011|8930|31469|4758|142042|12385|93170|8172|48872|7240|128014|9232|87939|7356|40075|4568|48148|5849|34014|4532|14134|2567|48296|4927|41788|4422|6508|1476|218437|13056|106886|9976|111551|9049|59036|5930|42870|5055|16166|2272|213614|14976|103561|10119|110053|8768|62315|6948|33850|4193|28465|4055|26905|4505|17236|3489|9669|2000|51577|6449|29101|4819|22476|3884|6471|2305|3938|1269|2533|1681|25088|4011|16832|3431|8256|1972|16562|2776|12542|2281|4020|1188|51114|6295|39306|5660|11808|2530|75261|10211|45514|6584|29747|5309|45063|7124|23304|4400|21759|3756|145845|10038|71940|6510|73905|5963|40959|6562|20693|3668|20266|4150|87644|10049|59151|7593|28493|5290|7069|1515|5720|1253|1349|719|9207|2238|7132|1999|2075|916|29326|4646|20312|3426|9014|2093|607713|16976|221874|10848|385839|12058|33462|3266|18620|2690|14842|1980|94761|8293|47916|5243|46845|5091|253|236|193|179|60|75|23139|4198|10486|2163|12653|2939|4770|2065|2522|1196|2248|1174|10158|2224|4300|1337|5858|1599|69331|7788|34797|4645|34534|4361|82295|6651|61885|5400|20410|2605|14188|3264|9316|2788|4872|1648|135861|16173|88397|11369|47464|7003|54825|7529|43573|5789|11252|3319|19813|5609|14695|4534|5118|1813|94941|10009|70930|7729|24011|4803|15809|4091|10705|3065|5104|1884|360|229|261|169|99|159|3634|1432|3290|1414|344|238|42266|7141|28472|5330|13794|3257
0400000US37|10114481|3748|8825135|22006|802686|12718|472668|10684|330018|11081|32522|5210|26097|4496|6425|1819|7548|2602|4536|1645|3012|1570|7266|1804|6008|1616|1258|681|12352|2622|8467|2045|3885|1443|25895|4411|22495|4161|3400|1043|4831|1828|4340|1645|491|428|5555|1650|4886|1529|669|460|17376|3530|11979|2977|5397|1546|4005|1534|3684|1520|321|256|3878|2238|2858|1752|1020|658|8389|3449|4914|1910|3475|2027|195|230|195|230|0|221|7265|2615|4964|1879|2301|1198|14838|3491|7993|2476|6845|1954|23349|3679|19287|3448|4062|1732|8173|2543|5893|1914|2280|1194|1156|802|846|631|310|390|3770|1306|2984|1049|786|642|11382|3120|8278|2369|3104|1394|14447|3914|8817|2371|5630|2729|22772|5024|17912|3930|4860|2190|10924|3277|9084|2823|1840|1084|7290|2486|6776|2439|514|376|40611|4761|23549|3313|17062|2695|8086|2150|4520|1363|3566|1309|15282|2910|7074|2095|8208|2038|9597|2436|5685|1689|3912|1445|26104|6355|12512|4085|13592|3203|1468|1121|645|606|823|720|8513|2490|4225|1722|4288|1301|16136|5021|8628|2966|7508|2676|16187|3187|12838|2837|3349|1267|10246|3033|5498|2195|4748|1766|30725|7301|19815|5344|10910|3171|2079|903|1680|810|399|336|10133|3265|6012|2099|4121|1772|19103|6395|16308|6046|2795|1441|6275|2374|4464|1855|1811|1190|409|234|409|234|0|221|3023|1168|2686|1051|337|419|7505|2200|4840|1832|2665|1373
0400000US39|11094862|3419|10236131|20795|271951|9489|165831|8204|106120|6538|30013|5094|18980|3655|11033|3773|4806|2004|1657|915|3149|1552|11924|2054|9341|1715|2583|909|7112|2352|3916|1168|3196|1829|42926|4194|32686|3529|10240|1923|64915|8839|45115|8127|19800|3160|7210|1936|6029|1809|1181|676|16913|2926|10302|2507|6611|1741|4804|1707|4134|1551|670|387|10329|2622|7747|2393|2582|824|15320|2909|9128|2169|6192|1943|405|403|347|354|58|94|4851|1893|3629|1718|1222|665|9265|2533|6526|2162|2739|1157|18743|3305|15298|2654|3445|1565|12308|3667|9344|2986|2964|1204|7491|3324|4173|1709|3318|1840|4076|1783|3701|1685|375|377|41505|6100|20040|4110|21465|3799|14974|3444|10011|2389|4963|2090|10875|2473|9569|2274|1306|627|7467|2412|5061|1441|2406|1463|4338|1490|3570|1372|768|453|38239|4775|21124|3404|17115|2995|8484|2159|4733|1380|3751|1221|9487|2218|5802|1419|3685|1350|402|430|245|306|157|165|11734|2737|5271|1549|6463|2007|5134|2494|2062|826|3072|1957|6085|1882|4076|1406|2009|963|12597|3848|7013|2166|5584|2235|11968|2089|8665|1856|3303|1217|4313|1593|2160|1010|2153|1035|40769|6692|29045|5379|11724|2543|3259|1787|2736|1552|523|687|32314|5794|20578|5216|11736|2413|24854|4949|18052|4092|6802|1995|14880|5463|10109|3441|4771|3167|88|106|88|106|0|208|1076|762|1043|764|33|60|8527|2156|5596|1546|2931|1402
0400000US40|3779627|1583|3365023|8960|293264|7663|183467|6910|109797|4959|3867|954|2926|1016|941|467|23|44|23|44|0|165|959|421|727|360|232|212|2151|994|1563|741|588|422|7411|1112|6602|1130|809|348|1220|617|1078|586|142|152|516|347|437|319|79|92|1772|943|1304|868|468|358|872|524|734|401|138|184|185|121|167|118|18|24|735|363|630|346|105|102|179|299|139|231|40|68|2496|934|1258|629|1238|595|1362|701|1161|639|201|166|1462|664|1308|626|154|127|2063|1564|1682|1274|381|399|488|772|213|323|275|459|1826|1356|748|519|1078|956|1649|819|1076|630|573|431|2700|1261|1686|733|1014|955|1773|906|1485|772|288|236|307|253|286|236|21|35|3383|1549|1811|996|1572|1109|11495|2309|6873|1540|4622|1389|1461|685|1041|579|420|277|3083|727|1818|527|1265|488|7165|1504|4679|1056|2486|884|15549|2650|4954|1105|10595|2121|524|357|293|296|231|235|3141|1171|1694|843|1447|830|4505|1413|1752|864|2753|971|4353|1252|2944|1103|1409|567|3420|1149|2526|828|894|446|6557|2134|4840|1545|1717|858|497|363|423|317|74|89|1580|641|1355|584|225|149|3807|1421|3611|1411|196|184|2248|1119|1481|1014|767|593|94|103|0|165|94|103|10445|1549|8986|1326|1459|535|2017|1135|1618|922|399|376
0400000US41|4040553|1813|3421719|14537|363810|10768|227970|9861|135840|8960|12163|2067|10947|1958|1216|768|121|201|121|201|0|214|2535|846|2296|822|239|196|2458|1015|2041|841|417|296|13875|2968|12329|2832|1546|672|2731|1074|2620|1061|111|140|1510|1730|1510|1730|0|214|18376|4057|11819|3481|6557|1719|1789|1182|956|568|833|756|2271|1098|1243|623|1028|639|10079|3882|4468|1904|5611|2520|571|590|338|309|233|329|4166|1483|2481|946|1685|862|567|306|416|263|151|94|6950|2207|5937|1993|1013|547|978|670|821|591|157|187|626|587|477|509|149|272|2065|996|1787|889|278|275|8565|3168|4689|1733|3876|2300|10178|2529|8236|2006|1942|1057|4809|2180|4093|1937|716|715|2864|1547|2322|1336|542|462|2638|1319|2176|1000|462|658|29377|4088|15203|2301|14174|3007|9922|1751|8121|1606|1801|634|9870|2329|5850|1591|4020|1280|1435|916|1004|653|431|331|25968|4100|10837|2163|15131|3301|2029|1405|709|401|1320|1340|5138|1939|2417|1160|2721|1162|4737|1921|2025|853|2712|1881|12829|2534|9422|2181|3407|1055|10849|2089|6434|2170|4415|1519|8368|2566|5936|2102|2432|969|1500|800|1236|668|264|284|6493|2899|3799|2161|2694|1289|3333|2022|1850|938|1483|1795|2200|1240|1420|860|780|669|236|268|236|268|0|214|2103|891|2093|888|10|22|5752|1999|4362|1692|1390|918
0400000US42|12303274|2228|10787386|23906|694720|13526|391957|13714|302763|11614|34984|5012|25422|3445|9562|3471|13624|5118|7028|3021|6596|2607|27865|3109|20164|2528|7701|1598|23298|5693|12979|3469|10319|3876|41122|4510|32980|3823|8142|1686|81797|8632|57523|6937|24274|3799|10484|2559|8564|2198|1920|877|39942|5382|23084|3706|16858|2945|14703|2306|9987|2153|4716|1149|5226|1655|4058|1324|1168|709|20281|3527|10925|2101|9356|2721|2168|854|1775|788|393|269|6220|1814|4691|1297|1529|919|28871|5143|20055|3981|8816|2119|20663|3858|16581|3446|4082|1188|9849|2577|7447|2069|2402|979|5022|1991|2930|1264|2092|1208|17021|4651|9216|2557|7805|2702|27403|4646|12598|2902|14805|3758|20372|4161|12424|2711|7948|2302|14169|3004|11419|2640|2750|992|8032|1978|6183|1711|1849|828|18140|3689|12539|2761|5601|2008|99411|8169|47992|4906|51419|5675|6390|1202|3762|835|2628|885|30383|5405|15870|3637|14513|2749|514|318|368|254|146|94|37193|5470|14700|2548|22493|3897|11224|3318|4311|1420|6913|2554|3437|1235|1545|651|1892|798|18597|4475|9943|2391|8654|2915|17174|3110|11558|2509|5616|1465|4744|1641|2477|1057|2267|1030|43573|7724|27942|5376|15631|4312|4665|1734|4164|1617|501|367|8793|2987|5027|1805|3766|1721|19078|4159|12953|3428|6125|2234|9163|3524|5759|1974|3404|2078|1061|1352|1029|1352|32|47|1016|776|996|781|20|36|13496|3625|8673|2411|4823|2028
0400000US44|1041779|1060|812960|8197|132546|5955|69619|4481|62927|5306|6896|1927|5822|1602|1074|834|3366|1582|1935|1118|1431|737|4235|1433|3413|1312|822|481|30425|5114|16486|3205|13939|3463|2312|1017|2033|972|279|282|256|314|212|305|44|74|785|534|544|324|241|405|2372|1815|1856|1768|516|440|2275|944|1866|812|409|314|109|154|109|154|0|242|394|314|329|311|65|108|730|530|730|530|0|242|425|461|290|399|135|220|46|80|46|80|0|242|1669|1241|1618|1236|51|84|573|504|573|504|0|242|170|278|0|242|170|278|0|242|0|242|0|242|789|743|789|743|0|242|2042|1099|1604|925|438|440|777|733|589|546|188|231|1973|1617|1402|1078|571|690|382|479|382|479|0|242|5837|1584|2763|780|3074|1232|1243|728|1079|689|164|198|1849|1117|727|556|1122|854|706|906|617|849|89|177|455|388|151|145|304|317|6095|2764|2807|1409|3288|1741|2128|1020|1176|620|952|613|1478|1155|842|746|636|865|1700|894|960|549|740|507|196|208|147|198|49|61|3687|1847|2708|1215|979|879|421|339|421|339|0|242|108|185|108|185|0|242|5423|2222|4939|2015|484|457|929|694|676|510|253|305|0|242|0|242|0|242|118|143|118|143|0|242|899|611|810|580|89|153
0400000US45|5001208|2696|4612961|13196|235588|9217|143273|8063|92315|5998|10143|1964|8918|1739|1225|623|1390|693|1276|651|114|169|5776|1872|5353|1862|423|367|5946|1888|4210|1702|1736|730|14874|2876|12617|2468|2257|1107|2110|890|2110|890|0|222|2192|1274|1776|1115|416|310|8747|2554|5275|1814|3472|1720|1931|980|1599|813|332|278|795|542|567|409|228|376|7759|2742|5194|2217|2565|1121|377|356|377|356|0|222|2086|1161|1282|847|804|609|8114|2329|4754|1541|3360|1269|5964|2199|5324|1921|640|500|1692|1105|1208|789|484|556|2407|1616|1952|1423|455|376|1323|848|908|678|415|450|4136|1957|3475|1797|661|436|6110|1939|4391|1449|1719|927|3012|1501|2026|1123|986|889|1260|951|1260|951|0|222|1837|1300|1359|1114|478|464|9903|2326|7553|2139|2350|956|2168|913|1325|538|843|623|3554|1283|2185|998|1369|629|1572|784|982|560|590|473|4915|1615|2264|956|2651|1167|1606|1016|828|571|778|666|1962|796|871|530|1091|526|1836|1319|1310|1362|526|469|8983|2010|6732|1684|2251|849|1221|634|782|453|439|308|3923|1358|3023|1043|900|608|603|540|603|540|0|222|62|115|62|115|0|222|4165|2026|3385|1940|780|544|1983|1030|1049|713|934|703|0|222|0|222|0|222|722|861|385|437|337|457|3500|1303|2640|1326|860|524
0400000US47|6649124|3532|6129297|18159|292376|8969|150429|8834|141947|7957|12798|3853|9290|2350|3508|1892|1857|1000|1615|894|242|307|2327|758|2133|737|194|154|6017|3407|4805|3030|1212|715|12262|2738|10920|2564|1342|614|7352|3573|6278|2907|1074|837|1664|951|1329|711|335|318|3829|1862|2869|1704|960|659|1994|1442|1480|995|514|520|3044|1621|2197|1416|847|536|2063|912|1451|714|612|485|459|435|304|314|155|256|6070|3078|3464|1573|2606|2025|4338|1691|2857|1280|1481|781|5908|2131|5302|2096|606|533|1109|690|864|537|245|219|602|665|593|666|9|16|1270|950|681|535|589|556|3833|1777|2868|1287|965|737|5758|2256|4509|1677|1249|816|4731|1796|4189|1497|542|469|3252|1594|2881|1444|371|292|2249|1306|1647|1043|602|472|15915|2710|8405|1865|7510|1671|2959|1281|1746|835|1213|776|8815|2453|4880|1649|3935|1308|0|225|0|225|0|225|13147|3533|6773|2364|6374|2088|483|457|383|372|100|163|5896|2032|4071|2032|1825|937|7860|3187|2620|1152|5240|2378|9411|2631|7746|2449|1665|770|2504|1307|1000|537|1504|1137|38740|8824|24633|6923|14107|4683|793|634|701|515|92|149|8483|2899|5081|1705|3402|1592|8162|3447|6230|2873|1932|1288|6017|2664|2739|1243|3278|1901|0|225|0|225|0|225|273|268|262|267|11|20|3207|1512|1898|1070|1309|1134
0400000US48|28147854|5476|18256559|61426|7973826|53822|4959846|46977|3013980|44632|92675|13594|72244|11788|20431|4342|7598|3148|5159|2402|2439|1479|14061|3110|11760|2916|2301|1127|36766|5619|28103|4742|8663|2133|65703|7165|52392|5847|13311|2965|18180|8629|17637|8528|543|359|6184|1943|5493|1889|691|430|36832|6978|27277|6196|9555|2052|9038|1769|7156|1555|1882|871|8013|2042|4738|1401|3275|1186|15770|4134|12022|3264|3748|1798|1152|759|756|493|396|373|34577|4928|20271|2760|14306|3187|48297|7593|34225|5919|14072|3422|96075|8897|80991|7522|15084|3159|98503|11804|75129|9448|23374|4059|11117|3597|7793|2774|3324|1514|23568|4765|15770|3266|7798|2936|61892|8162|46947|7128|14945|3057|38160|6433|21974|3507|16186|5182|83752|7508|69936|6135|13816|3259|50088|5825|42247|5271|7841|2353|47759|6547|37364|5341|10395|2531|189073|11469|104937|8118|84136|6395|21561|3623|12798|2410|8763|2059|75305|9137|39744|6201|35561|4935|699|466|672|463|27|45|226568|13578|105223|8606|121345|8467|13320|3406|5690|2000|7630|2350|21455|4373|11370|2766|10085|2800|35191|5596|18127|2971|17064|3998|92169|7471|72034|6132|20135|3266|28118|5326|21469|4611|6649|1789|113525|13885|80970|10176|32555|5514|9116|2570|7943|2498|1173|733|32138|6089|18948|3988|13190|3529|94602|9657|83511|9403|11091|2532|40328|6739|29857|5554|10471|3787|273|238|273|238|0|237|4312|1649|3620|1579|692|445|13956|3623|9911|2684|4045|1857
0400000US49|3152336|1362|2653546|14077|332752|10096|211694|8820|121058|6807|7570|1486|6000|1210|1570|862|251|316|251|316|0|204|2276|665|2059|661|217|196|14749|3485|11830|2864|2919|1331|9188|1973|8154|1852|1034|573|2093|834|1746|753|347|300|547|468|381|447|166|140|4969|1807|3954|1612|1015|539|854|916|270|231|584|896|3467|1906|2422|1357|1045|933|1550|777|1046|618|504|429|359|414|176|210|183|220|3121|2290|2014|2063|1107|920|204|256|204|256|0|204|2807|1484|2391|1169|416|470|574|580|376|517|198|239|351|501|351|501|0|204|256|231|256|231|0|204|3686|2586|3307|2148|379|552|2639|883|2225|783|414|325|1273|1098|974|991|299|286|702|654|473|419|229|293|765|536|673|533|92|114|20357|3599|13278|2740|7079|1751|5713|1799|4345|1274|1368|862|5741|2186|3698|1751|2043|818|735|887|660|884|75|123|9352|2835|4097|1752|5255|2039|976|677|552|448|424|382|3297|1242|1805|927|1492|650|6506|3119|3855|1769|2651|1627|8284|2180|6370|1738|1914|938|19026|2933|16181|2690|2845|1015|4858|2341|4158|2023|700|584|14|27|14|27|0|204|5337|5445|3662|3296|1675|2191|341|297|341|297|0|204|1755|1287|999|936|756|662|7664|1084|5606|1092|2058|393|762|322|762|322|0|204|1069|487|955|455|114|112
0400000US51|8201937|3609|6805548|21407|611831|11765|370621|11777|241210|11178|30101|4491|23949|3925|6152|1494|8163|2939|4907|2148|3256|1828|11870|3211|10250|2626|1620|930|11529|2751|8121|1890|3408|1551|18772|2316|17478|2192|1294|474|6110|2191|4713|1602|1397|887|5770|1601|4851|1465|919|485|16902|3340|12262|2592|4640|1434|2243|693|1807|540|436|302|3028|1249|2236|1072|792|571|6111|1865|4562|1503|1549|686|2292|1556|2007|1452|285|478|37886|5296|20658|3478|17228|3313|8946|2634|6682|2057|2264|988|33305|4416|27322|3384|5983|2533|29967|5577|18998|3977|10969|2780|8406|3042|5571|2207|2835|1311|16769|4317|10936|2555|5833|3146|28165|4934|20086|3794|8079|1962|23129|5181|14562|3494|8567|2649|26544|4645|21827|3958|4717|1396|16538|4424|14900|4223|1638|714|7255|2226|6730|2031|525|469|61532|5540|36406|3807|25126|3629|9740|2069|6100|1469|3640|1085|56116|5005|29320|3333|26796|3482|478|401|478|401|0|214|50373|6029|22602|3803|27771|3655|5346|1933|2319|955|3027|1273|9010|2323|4729|1066|4281|1682|16138|3434|9634|2231|6504|1952|46440|4569|35105|3686|11335|2174|7987|1969|5715|1521|2272|952|65958|7890|45547|6044|20411|3944|1924|808|1866|795|58|97|42414|6049|28021|4777|14393|3111|28493|4909|21131|3466|7362|2809|12042|3688|8228|2206|3814|2257|0|214|0|214|0|214|1396|1047|1172|790|224|315|9370|2458|7175|2253|2195|999
0400000US53|7364064|2384|5807468|25958|647707|15156|392256|11480|255451|12340|27400|4419|23798|3947|3602|1382|3602|2819|1901|1215|1701|1729|5774|1827|4931|1616|843|444|12284|2960|8179|2464|4105|1776|24754|3577|21471|3430|3283|917|5593|1755|4916|1587|677|515|2213|864|2084|843|129|156|64225|7974|40061|5939|24164|3451|6526|2754|4727|2530|1799|1004|7479|2544|5648|2293|1831|672|36069|7977|18252|4214|17817|5569|2249|1372|1864|1193|385|481|14711|3204|7983|2032|6728|2083|7572|1925|6364|1751|1208|672|41669|5309|36883|4905|4786|1455|7878|2215|5903|1547|1975|996|16152|3956|8700|2173|7452|2462|4952|2045|4615|1973|337|305|12007|3105|8977|2613|3030|1245|17176|3805|13028|3082|4148|1571|20723|4730|16207|3497|4516|2412|10898|2827|9759|2454|1139|647|10163|3199|8648|3009|1515|619|141935|8137|81668|6095|60267|5076|25636|3508|17624|2884|8012|1450|54990|6163|24893|3582|30097|4180|3366|1901|1575|898|1791|1842|74548|7647|33269|4465|41279|4676|11389|3156|4980|2065|6409|1820|15713|3867|7785|2299|7928|2497|19378|5934|10736|3542|8642|3417|60294|5619|40245|4048|20049|2942|35011|3871|23469|3115|11542|2425|27282|6236|19942|4502|7340|2788|4059|1887|3594|1859|465|369|36789|7093|21927|5557|14862|3431|8500|3623|6097|2674|2403|1420|15618|3651|11376|2739|4242|1783|273|357|273|357|0|214|5020|1496|4450|1348|570|493|7019|3297|4357|1171|2662|2607
0400000US55|5583295|2162|5095991|12411|258663|8394|155575|6369|103088|5546|8546|2653|7483|2436|1063|807|214|238|214|238|0|159|4032|1043|3357|1020|675|466|3261|1226|2947|1109|314|234|28325|3891|22487|3390|5838|1369|13436|2453|8875|1903|4561|1238|2369|739|1264|442|1105|470|3802|1172|2624|925|1178|609|6610|1504|4448|1022|2162|960|2664|1055|1406|597|1258|629|3687|1143|2304|829|1383|588|42|71|0|159|42|71|1615|815|1322|666|293|327|968|650|578|399|390|344|6561|2880|5613|2681|948|686|2777|1122|2295|1024|482|440|1614|1031|932|639|682|456|1937|1384|1178|712|759|886|2588|1321|2041|1176|547|423|9638|2679|6414|1697|3224|1275|5663|2295|4844|2005|819|669|1291|751|1107|681|184|154|4069|1586|3140|1414|929|630|18166|3087|8744|1655|9422|2265|2389|672|1809|558|580|297|3553|1504|2570|1402|983|605|38135|4752|24921|4242|13214|2266|5565|1978|2552|839|3013|1497|447|520|212|282|235|253|3544|1469|1271|648|2273|1109|7444|2900|2805|1597|4639|2155|7667|1755|4895|1270|2772|995|1728|591|1174|460|554|306|6720|2013|5067|1467|1653|869|1213|628|1074|601|139|175|5506|2497|4045|2155|1461|498|2165|1115|1449|777|716|584|4949|2671|2989|1975|1960|1536|17|30|17|30|0|159|2417|669|2023|612|394|173|1307|558|911|411|396|383
04000A0US01|4412814|5033|4151457|10670|158203|6827|94489|6689|63714|5510|4843|1394|3819|1285|1024|517|634|548|482|508|152|218|1653|645|1402|566|251|259|1850|1003|1094|596|756|536|10136|2043|8014|1577|2122|942|1712|989|1712|989|0|208|917|924|572|496|345|461|1610|754|1371|673|239|227|268|216|191|169|77|129|1083|1313|978|1272|105|174|1208|727|1035|664|173|197|0|208|0|208|0|208|1016|521|741|380|275|290|2403|1251|736|485|1667|925|1546|772|1048|499|498|427|2002|985|1640|838|362|310|666|556|589|505|77|100|2441|1130|937|527|1504|990|3057|1633|2070|1209|987|802|1664|782|1353|667|311|391|1929|1059|1482|955|447|387|115|203|115|203|0|208|379|391|379|391|0|208|9983|2074|5163|1461|4820|1549|3018|1310|1290|901|1728|962|10482|2549|5113|2143|5369|1499|537|411|537|411|0|208|6688|1547|2578|831|4110|1053|290|259|143|168|147|138|2549|997|1462|728|1087|567|363|284|236|216|127|164|4628|1354|2876|969|1752|996|1248|707|829|526|419|313|8918|4193|4853|2011|4065|2744|344|316|344|316|0|208|660|590|240|243|420|547|4733|2168|3593|1542|1140|1083|2647|1525|1654|825|993|1309|0|208|0|208|0|208|561|145|561|145|0|208|2373|1728|1889|1604|484|572
04000A0US04|6879680|1349|5097747|23967|1372213|22999|926413|19812|445800|14728|18564|2873|15466|2721|3098|1293|2659|1768|1599|1239|1060|891|4734|1638|3980|1515|754|526|6592|2052|5652|1863|940|569|14955|2096|12976|2044|1979|683|3234|1154|3128|1133|106|129|3170|1232|2655|1116|515|326|8934|2472|6579|1876|2355|1330|5552|2390|4189|2268|1363|779|7661|2317|5266|1854|2395|909|4445|1421|3381|1279|1064|499|1306|837|1056|753|250|235|7849|2698|5526|2284|2323|1086|3286|1447|2436|1124|850|544|14312|3707|12719|3176|1593|900|3555|1900|3205|1805|350|273|1906|1342|1793|1300|113|135|2274|1587|1559|1022|715|749|7383|2344|5686|2090|1697|1019|8452|2480|5813|1441|2639|1409|6940|2482|5755|2266|1185|608|10665|2853|8732|2309|1933|1431|3410|1812|3087|1682|323|285|30364|4163|17318|3334|13046|2684|7572|1671|4859|1319|2713|970|10816|2637|5349|1650|5467|1630|966|1301|966|1301|0|228|29413|5034|14444|2893|14969|3323|2305|1170|1186|744|1119|787|5544|1794|3449|1294|2095|952|6706|2533|3881|1601|2825|1288|28129|3690|21878|3290|6251|1359|7103|2108|5075|1432|2028|1023|33997|6381|23118|4604|10879|3414|2334|1126|1831|1027|503|454|6962|2233|4788|1802|2174|813|6783|2473|4038|1487|2745|1979|9170|3991|5784|2651|3386|2769|45988|4288|33638|3365|12350|2351|21816|2987|18568|2692|3248|1031|1914|746|1431|599|483|412
04000A0US06|36645271|3090|20320317|69238|10424582|53962|6369650|49409|4054932|42817|129072|9253|111336|8177|17736|3318|9668|3585|7607|2588|2061|1806|54394|4508|45487|4012|8907|1692|94718|8191|69044|5995|25674|4560|84885|5999|75468|5707|9417|1763|25470|3570|21993|3435|3477|1141|22930|3936|19340|3646|3590|935|166136|10698|90971|6922|75165|7212|24475|5449|18072|3452|6403|2625|19971|4190|15352|3598|4619|1486|52320|7563|30676|4969|21644|4635|197308|11478|116121|9575|81187|6697|239567|15806|147511|11315|92056|9128|58604|7125|42621|5370|15983|3091|214984|14139|178557|12574|36427|4007|55515|6560|40841|5607|14674|2728|154917|14153|92302|9347|62615|6043|38964|5293|28794|3750|10170|2525|69542|7945|53329|6022|16213|3667|80360|7986|56437|5846|23923|3794|83796|7994|71143|7496|12653|2098|69500|8267|59305|7498|10195|1844|45251|5285|37013|4389|8238|2157|1275017|27066|614079|15714|660938|19557|121619|9698|68977|6678|52642|4756|356854|14671|160542|8327|196312|10162|73901|7114|44155|5230|29746|3500|568881|20675|230960|10543|337921|15258|66884|7288|32377|4784|34507|4024|80190|6184|39292|4152|40898|4108|71517|6701|38339|4141|33178|4519|758779|22875|505062|16479|253717|11994|106551|7817|71337|6064|35214|3924|218322|17664|150219|13082|68103|7213|46246|5328|39378|4764|6868|1668|58612|7307|36173|4905|22439|4143|35160|6034|27457|4527|7703|2464|22781|4654|19274|4194|3507|1223|829|360|752|349|77|64|7765|2991|6341|2398|1424|751|38117|5604|19181|3122|18936|4094
04000A0US08|5241265|3991|4379630|19664|581172|16637|375973|11629|205199|10811|24224|4546|18475|3694|5749|2188|1132|702|1101|688|31|54|3960|1659|3421|1483|539|490|7289|2166|6133|2047|1156|567|24543|3549|22007|3145|2536|1139|1512|566|1512|566|0|218|1181|576|861|480|320|247|16711|4178|10991|3340|5720|1796|5552|1776|4441|1595|1111|606|2148|1242|1614|965|534|472|6104|1864|3606|1210|2498|1286|205|252|205|252|0|218|7904|2571|5288|1826|2616|1397|3376|1696|2465|1274|911|624|8871|2484|7317|2015|1554|868|1914|864|1766|790|148|202|1643|1968|922|1006|721|976|754|564|662|481|92|162|6570|1924|4139|1431|2431|937|9278|2164|7532|1888|1746|688|4098|1677|3306|1430|792|583|1539|813|1303|696|236|271|1790|1055|1405|854|385|317|24095|3762|13650|2630|10445|2182|7372|1716|6542|1610|830|438|15024|2840|7069|1932|7955|1792|3392|1445|1611|892|1781|916|16520|2805|6934|1620|9586|2022|1120|655|666|507|454|372|4014|1165|1879|689|2135|862|4538|1502|2920|1070|1618|733|8698|1922|6367|1498|2331|877|2710|1076|2111|795|599|454|9605|3237|6177|2310|3428|1442|2078|823|1803|767|275|225|21818|5659|11431|3632|10387|3699|8836|4794|6602|4086|2234|1130|3503|1686|1892|832|1611|1121|202|221|202|221|0|218|1147|581|761|424|386|360|3493|1238|2945|1084|548|401
04000A0US09|3447752|1296|2645184|16514|439720|11105|259001|9197|180719|8938|20545|2591|17510|2286|3035|835|17455|4751|13712|4060|3743|1513|25325|3653|18931|3019|6394|1777|52070|6858|30269|5225|21801|3673|8131|1711|7298|1549|833|461|3009|1292|2916|1268|93|109|5535|2210|4028|1803|1507|713|10693|2716|7074|2175|3619|1191|24421|3737|14438|2674|9983|1844|6373|2686|4320|1841|2053|1018|8127|2599|4822|1825|3305|1850|675|675|671|677|4|8|2388|1066|1561|867|827|650|4023|1524|2948|1216|1075|525|7732|1611|7004|1539|728|375|6627|2823|4429|1961|2198|1306|4039|2965|2192|1583|1847|1479|6802|2850|4328|1622|2474|1401|8627|2579|6723|2259|1904|805|17110|4100|10597|2919|6513|2446|4419|1363|3988|1276|431|381|5419|2409|4876|2363|543|371|2902|1360|2313|1235|589|506|36494|3918|18713|2320|17781|2779|2346|833|1831|688|515|384|8602|2089|4369|1346|4233|1730|49|64|49|64|0|224|7801|2586|4113|1787|3688|1230|1094|899|222|223|872|710|4519|1839|1604|904|2915|1153|4046|1837|1752|881|2294|1128|8568|2657|5979|1970|2589|1206|2087|1200|1404|985|683|415|12419|3479|8235|2431|4184|1798|2138|1110|1963|1085|175|196|2106|1283|1522|1008|584|645|10930|3615|9746|3413|1184|748|2047|1101|1796|953|251|274|0|224|0|224|0|224|251|309|251|309|0|224|4904|1737|4171|1674|733|373
04000A0US10|964338|409|834032|6058|68718|3828|41858|3547|26860|2902|4560|2346|3206|1452|1354|1097|2909|1734|1578|1496|1331|884|862|386|757|340|105|124|584|400|392|334|192|220|1689|677|1320|562|369|317|1286|778|657|376|629|659|669|401|591|380|78|98|1124|584|868|525|256|267|1256|739|879|574|377|337|0|203|0|203|0|203|953|693|757|483|196|331|0|203|0|203|0|203|177|177|125|152|52|87|3332|1996|2227|1638|1105|592|2669|1063|2583|1035|86|96|2391|1371|1532|1165|859|632|0|203|0|203|0|203|1851|814|1514|717|337|336|1550|840|1234|703|316|276|343|322|287|281|56|79|1749|1095|1393|848|356|358|1534|1050|1380|955|154|209|1691|897|1476|725|215|313|6768|1703|3874|1250|2894|1169|1334|1229|814|792|520|479|2322|1103|1285|699|1037|707|0|203|0|203|0|203|1221|828|736|636|485|329|91|107|91|107|0|203|300|287|107|159|193|233|2699|2203|1361|1105|1338|1190|1112|601|964|586|148|138|1086|1477|229|309|857|1176|2479|1216|1220|689|1259|849|211|186|160|165|51|84|354|371|264|268|90|161|4548|2462|3769|1935|779|690|2443|1100|2097|980|346|374|0|203|0|203|0|203|110|131|110|131|0|203|1331|787|1107|700|224|270
04000A0US12|20843365|4694|14479828|45260|4670451|25751|2647121|31506|2023330|27959|104376|7154|78252|5658|26124|3316|472353|28583|291553|19000|180800|15131|43128|4541|30792|3348|12336|2989|176463|14031|112069|9264|64394|8249|61527|5034|54055|4547|7472|1484|15462|3729|13742|3597|1720|902|20387|3712|15958|2933|4429|2117|64438|7257|38957|4808|25481|4492|22383|3248|13153|2034|9230|2259|16648|3899|11888|3179|4760|1490|30185|4519|20054|3258|10131|2629|2181|1047|1284|789|897|695|12633|3477|8872|2786|3761|1392|20851|4066|14063|2898|6788|2226|32021|5864|26879|5056|5142|1907|19284|5103|14073|4018|5211|1767|3311|1969|2331|1317|980|741|18544|4456|12604|3180|5940|1835|9959|3215|5435|1940|4524|2049|44681|6678|30001|4918|14680|3239|19533|3801|15644|3384|3889|1540|10050|2780|8336|2091|1714|1215|13981|2910|10506|2144|3475|1388|68275|6953|32397|4080|35878|4977|11806|3060|8461|2786|3345|1147|17549|3514|8275|2450|9274|2343|917|576|508|317|409|402|69927|8830|29798|4375|40129|6182|3978|1324|1003|557|2975|1087|16012|3723|7920|2684|8092|2195|16840|3091|10481|2129|6359|1736|80096|7042|59253|5450|20843|2842|8914|2169|6645|1750|2269|1126|80346|11159|58376|8955|21970|4437|21935|3636|17940|3254|3995|1256|6017|3355|3834|2158|2183|2144|12452|4312|10201|3556|2251|1266|5661|2551|4227|1762|1434|1258|153|146|85|97|68|113|2396|1781|1501|831|895|1129|35433|5248|26860|4081|8573|2245
04000A0US13|9552307|8279|8069175|24172|792279|11787|461942|12908|330337|11660|43681|6693|33386|5287|10295|2802|30824|6439|23598|5404|7226|2649|5320|1433|4824|1302|496|309|21366|4203|14360|3142|7006|2542|23356|3334|21234|3127|2122|725|5115|1854|4664|1758|451|294|2826|1071|2326|963|500|337|13015|3002|9576|2562|3439|963|2455|1126|1539|779|916|586|7461|2436|5625|2158|1836|880|4288|1467|2422|975|1866|990|289|435|196|283|93|154|9111|2388|6364|1878|2747|1218|26816|4387|16784|3145|10032|2506|30493|4855|24693|3972|5800|1705|14802|3407|10556|2545|4246|1520|4256|1848|3304|1586|952|804|10309|2880|6314|1912|3995|1326|8614|2364|6215|1939|2399|1068|17906|4009|12620|3514|5286|2015|23461|3986|19915|3679|3546|1301|15038|3327|13120|3138|1918|840|8877|2449|6868|2131|2009|844|62867|7388|33316|4360|29551|4755|9178|2166|5011|1433|4167|1755|54724|5687|26845|3441|27879|3480|1665|885|1581|857|84|157|59326|7665|23475|4659|35851|4460|4213|2013|1892|1035|2321|1151|7531|1871|3678|1173|3853|1219|9366|3191|4453|1807|4913|1918|14436|2621|11100|2128|3336|1282|6971|2846|4048|1803|2923|1521|21881|6375|15864|4955|6017|2585|4309|1518|4151|1462|158|213|31815|6168|22714|5254|9101|2277|45971|8650|38352|6870|7619|2796|13500|4062|11979|3735|1521|925|223|353|223|353|0|228|1283|796|1078|688|205|221|11915|2954|9628|2503|2287|1286
04000A0US16|1688190|5341|1497147|9493|138823|6490|90577|5717|48246|4175|2190|777|1740|617|450|293|0|195|0|195|0|195|453|418|397|341|56|95|3358|1404|2423|981|935|645|4936|2602|4093|2159|843|637|783|395|722|404|61|76|0|195|0|195|0|195|5961|2835|4797|2249|1164|742|88|120|88|120|0|195|1507|916|804|626|703|513|3809|3029|1119|656|2690|2702|0|195|0|195|0|195|1440|1568|637|697|803|919|0|195|0|195|0|195|331|481|331|481|0|195|0|195|0|195|0|195|247|421|247|421|0|195|0|195|0|195|0|195|865|513|358|294|507|435|1420|855|1091|567|329|383|609|437|512|353|97|114|404|461|357|452|47|84|447|521|447|521|0|195|3909|1031|2298|806|1611|708|1241|704|928|648|313|221|1661|855|855|599|806|435|0|195|0|195|0|195|1174|579|441|301|733|404|32|52|0|195|32|52|2080|1363|1357|857|723|588|1186|848|650|508|536|433|1681|581|1155|478|526|304|1433|674|905|501|528|305|4498|2267|1960|1278|2538|1366|51|85|51|85|0|195|369|427|324|380|45|53|556|535|428|435|128|204|806|439|429|365|377|286|73|83|73|83|0|195|1394|519|1150|494|244|276|1228|638|991|585|237|188
04000A0US17|11342855|4490|8523230|34421|1626975|20106|991012|18583|635963|16749|33812|5430|25218|3689|8594|3568|4504|1977|3034|1548|1470|1262|27872|3853|20895|2994|6977|2070|10657|2467|7452|2181|3205|1227|22426|3061|18797|2562|3629|1055|5928|2219|3857|1278|2071|1668|26584|4303|19301|3214|7283|1926|39561|6153|22010|4137|17551|3376|168286|10508|97338|8071|70948|5222|32260|4996|21926|4237|10334|1964|48872|6479|28138|4040|20734|4270|1547|877|1200|734|347|298|9077|2486|6079|1748|2998|1265|53397|7144|33915|4975|19482|3579|43862|5725|35267|4574|8595|2583|59518|7832|44392|5785|15126|3171|8850|3026|7161|2352|1689|928|9222|3363|6275|2292|2947|1611|19053|4258|13413|3043|5640|3211|55398|6542|34260|4574|21138|3821|23354|4037|19519|3752|3835|1582|15723|3362|13882|3197|1841|775|21549|4386|16814|4026|4735|1124|109623|8354|56246|5534|53377|5268|13774|2324|8484|1770|5290|1193|38870|4835|18540|3279|20330|3038|119|139|55|87|64|104|22683|4300|10975|2341|11708|2976|2695|1414|1060|504|1635|1080|9076|1985|4445|944|4631|1629|16663|3407|9708|2536|6955|2134|87510|7878|64577|6358|22933|3881|9562|3361|7504|2990|2058|1218|74193|9306|54842|7730|19351|3462|5486|1733|4847|1424|639|597|20150|4085|11535|2948|8615|2367|26393|4920|21101|4334|5292|1577|8177|2842|5939|2455|2238|1150|169|169|169|169|0|206|831|537|831|537|0|206|5364|1629|3952|1397|1412|582
04000A0US18|6049153|3605|5436151|17042|319061|11722|195614|10013|123447|7957|19702|5221|12815|3294|6887|3425|9525|4054|4189|1861|5336|2731|1005|505|817|451|188|166|5507|1466|4988|1384|519|327|28145|5310|22698|4638|5447|1857|18597|3967|14100|3558|4497|1609|1900|876|1594|842|306|253|3271|1334|2312|986|959|693|6594|2705|4671|1967|1923|1812|8677|3264|5568|2408|3109|1894|3788|1397|2895|1235|893|603|91|154|91|154|0|207|3311|2368|2547|2219|764|761|4571|1608|3630|1348|941|554|7994|1878|7366|1791|628|419|4481|1842|3525|1528|956|573|14501|3809|8061|2693|6440|2228|2333|1378|1764|1021|569|497|5784|2555|4591|2028|1193|844|5250|2166|3797|1500|1453|1412|4822|1692|3714|1214|1108|756|4299|1860|4183|1827|116|144|1814|940|988|576|826|776|21013|3020|10260|1921|10753|2052|4260|1424|2434|1080|1826|848|6675|2553|4152|1808|2523|1039|92|104|75|111|17|30|4309|1561|2298|938|2011|1069|183|209|176|209|7|17|2346|947|1110|746|1236|610|26394|4345|12231|2790|14163|2820|9593|2277|6118|1484|3475|1476|2405|1070|1600|782|805|646|11552|3193|7969|2804|3583|1531|481|432|333|366|148|235|5711|3094|1613|1015|4098|2539|16981|4647|13478|4174|3503|2282|12654|4840|7282|3521|5372|2395|0|207|0|207|0|207|258|260|118|94|140|182|3072|1296|2378|1198|694|498
04000A0US19|2309522|2826|2082119|9146|107010|6161|66098|5202|40912|4315|6968|2084|3366|1179|3602|1399|309|339|165|236|144|243|1228|1139|1060|1089|168|189|1543|662|1190|507|353|350|6149|1600|4991|1516|1158|596|1365|563|1092|490|273|191|64|81|64|81|0|170|2061|1070|1545|1076|516|427|513|448|513|448|0|170|7222|1968|4735|1397|2487|1042|1534|1145|1422|1141|112|82|183|212|103|157|80|146|989|768|675|647|314|246|642|633|410|534|232|224|2004|1046|1675|891|329|285|953|778|735|594|218|363|802|727|736|712|66|111|1207|726|832|593|375|333|4259|2134|2555|1663|1704|1113|3517|1809|2306|927|1211|1157|2284|1336|1727|1016|557|506|3275|1834|2458|1494|817|980|2171|1838|2171|1838|0|170|7445|1811|4755|1497|2690|821|748|445|311|248|437|356|3426|1306|1824|731|1602|971|376|407|245|314|131|144|6555|1895|2222|964|4333|1436|817|874|385|439|432|493|5053|1909|2012|1137|3041|1151|8345|2251|3171|1379|5174|1836|2442|1139|1960|999|482|417|4869|2321|1673|672|3196|2142|11273|3633|7857|2996|3416|1337|256|203|256|203|0|170|3373|1872|1564|1127|1809|992|2547|1372|1904|914|643|603|9769|3425|3211|1373|6558|3381|0|170|0|170|0|170|640|507|619|499|21|48|1217|863|972|637|245|280
04000A0US20|2402092|3138|2101301|12118|200003|8710|120350|6864|79653|5763|4478|1423|3490|1105|988|657|814|623|514|440|300|276|366|251|366|251|0|185|3216|1411|2771|1300|445|419|6545|1888|5918|1666|627|448|1192|710|1167|709|25|50|197|247|134|159|63|103|2130|1098|1256|818|874|474|146|232|138|233|8|4|643|491|520|441|123|203|975|614|796|538|179|299|0|185|0|185|0|185|1059|728|467|433|592|544|386|401|264|281|122|176|4393|1959|3207|1589|1186|852|1333|821|986|598|347|372|852|920|438|480|414|455|2453|1090|2023|921|430|266|2214|1140|1922|1016|292|375|1865|1493|615|354|1250|1397|5526|1881|4388|1484|1138|716|656|479|555|421|101|177|696|534|540|475|156|244|8756|2201|4831|1310|3925|1192|1430|714|570|293|860|653|3106|1226|1911|896|1195|641|1768|1396|1298|1288|470|355|12110|2234|3912|1120|8198|1704|272|214|140|135|132|136|3415|2034|1611|1419|1804|1115|2532|1098|666|463|1866|897|4862|1422|3624|1231|1238|570|1946|1035|1237|765|709|623|4455|1216|3301|993|1154|644|187|308|100|167|87|142|2504|1251|1465|871|1039|746|2199|1085|1947|990|252|242|5455|1866|3066|1109|2389|1252|40|68|40|68|0|185|232|220|181|144|51|107|3384|2235|2420|1681|964|871
04000A0US21|3403042|6634|3172278|10750|109474|5541|60833|4532|48641|3516|7031|1975|4612|1472|2419|1123|640|597|137|159|503|574|459|271|459|271|0|204|2713|1261|1778|1105|935|707|7904|2148|6625|2073|1279|648|11978|4166|8867|3834|3111|1663|223|161|119|96|104|128|2280|1001|1941|899|339|292|716|490|344|315|372|360|4853|1887|3115|1429|1738|856|1726|1291|1436|1077|290|276|0|204|0|204|0|204|1472|1139|913|659|559|560|731|532|629|508|102|175|2868|1416|2055|998|813|760|890|935|781|905|109|178|881|613|573|508|308|356|159|199|159|199|0|204|5494|1777|2106|922|3388|1178|1180|601|1010|582|170|171|4147|1663|2981|1204|1166|717|1619|1430|1144|1055|475|583|540|373|505|345|35|60|5399|1411|3237|1231|2162|971|4636|1522|2688|1282|1948|792|5564|1595|2932|1157|2632|847|133|172|50|88|83|114|5195|2015|2193|1255|3002|1356|823|728|442|406|381|387|985|564|426|373|559|411|4744|2026|1757|1121|2987|1308|4096|1136|3187|987|909|576|1639|925|1288|706|351|401|9198|3038|5388|1887|3810|2019|109|108|95|104|14|20|3013|1454|1385|873|1628|940|2283|1950|2029|1917|254|299|11195|3695|3442|1621|7753|2748|0|204|0|204|0|204|372|227|302|212|70|96|1402|806|1245|683|157|249
04000A0US22|4054955|3591|3740658|12042|151721|7355|84949|6253|66772|5565|56732|4165|49432|3816|7300|1452|2197|1612|2085|1614|112|143|2155|823|1872|750|283|360|4367|2188|3767|1957|600|468|4153|1665|3700|1495|453|387|452|304|452|304|0|220|1376|1169|1067|960|309|313|2071|1091|1462|933|609|535|491|746|491|746|0|220|798|464|512|362|286|245|957|600|399|365|558|492|209|243|94|154|115|186|1149|824|526|302|623|753|2326|1174|822|556|1504|1016|2949|1409|2181|1206|768|645|2750|1587|1883|1286|867|797|544|510|187|183|357|472|1625|1185|686|454|939|911|2175|1276|1705|1037|470|422|2472|1244|1659|990|813|837|2320|1379|2077|1341|243|328|691|477|674|469|17|29|232|270|232|270|0|220|11041|2634|5465|1573|5576|1719|1794|1061|981|714|813|606|3630|1585|2175|1084|1455|787|291|401|291|401|0|220|22224|4055|12201|2993|10023|2278|18|32|0|220|18|32|2050|752|861|446|1189|468|1341|1126|1331|1126|10|19|5961|1936|4940|1716|1021|526|473|445|473|445|0|220|11011|3204|5360|1891|5651|2364|53|72|53|72|0|220|1764|2393|1572|2101|192|307|2359|1769|1814|1133|545|746|578|356|344|275|234|224|0|220|0|220|0|220|264|251|235|249|29|49|2533|1209|1678|986|855|590
04000A0US24|5739131|2318|4540402|23271|516163|9051|273623|8587|242540|8727|52764|6567|37887|5190|14877|3253|14226|4623|10693|3920|3533|1814|7866|1671|5257|1187|2609|1035|16623|4391|11137|2976|5486|2334|14404|2369|11896|1846|2508|1030|7253|3495|4833|1621|2420|2443|6212|1634|4900|1269|1312|691|25387|4854|17082|3951|8305|1959|4618|1393|3510|1126|1108|777|1651|760|934|558|717|594|9323|2514|6080|2028|3243|1689|1317|889|898|625|419|325|17969|3111|10831|2353|7138|1883|6956|2261|4874|1938|2082|837|19122|3166|15743|2644|3379|1350|18324|4165|12683|3011|5641|1761|5012|1815|3861|1459|1151|686|11111|3238|6913|1918|4198|1803|20514|4927|13233|2667|7281|3224|10488|3115|7793|2559|2695|1704|12473|4412|9978|3726|2495|1573|7538|2622|5732|2086|1806|1159|7044|2045|6229|1965|815|384|76605|7000|40365|4449|36240|4234|7859|2788|4658|1920|3201|1306|34361|4530|16643|2622|17718|3072|0|224|0|224|0|224|19398|3478|8689|2051|10709|2460|1034|777|503|517|531|425|5894|2085|3105|1204|2789|1352|11097|2813|7496|2442|3601|1371|37003|5410|28853|4438|8150|1743|5235|2187|3107|1087|2128|1892|18253|3811|13137|2628|5116|2029|4848|1331|4242|1159|606|427|55189|10163|39668|8258|15521|3449|71087|9059|60762|7665|10325|2962|20922|6878|16414|5452|4508|2521|0|224|0|224|0|224|864|456|734|420|130|172|14722|4960|11797|4264|2925|1569
04000A0US25|6625669|3803|4966598|22996|634120|11303|350071|10793|284049|9138|44073|4838|35484|3887|8589|1949|76992|8803|42929|5240|34063|5683|26544|3336|19554|2887|6990|1584|227452|14778|122242|9113|105210|9450|15395|2141|14089|2040|1306|547|2717|939|2561|924|156|114|22280|3582|15954|2849|6326|1778|35519|4582|21564|3652|13955|3651|14583|2928|10363|2149|4220|1420|5808|2553|3737|1537|2071|1912|12132|2921|8317|2049|3815|1388|6294|2840|4419|1892|1875|1550|8141|2272|5033|1567|3108|1443|12619|3297|9253|2425|3366|1364|26723|4100|23122|3677|3601|1304|7343|2186|5395|1721|1948|1057|5820|3414|4092|2440|1728|1281|8397|1981|6234|1499|2163|888|18894|3384|13436|2993|5458|1378|32623|5657|22234|4261|10389|2700|13481|2985|10534|2441|2947|2039|10820|2257|9827|2270|993|659|6815|2125|6103|1860|712|437|136140|8780|73391|6014|62749|5042|10149|2366|6586|1769|3563|1016|21347|3402|12565|2259|8782|1866|1516|1470|468|461|1048|1095|45497|6431|18692|3290|26805|4627|28708|4687|13365|2806|15343|3205|9314|3021|5097|2054|4217|1543|10728|2680|8055|1958|2673|1116|6068|1662|4845|1362|1223|673|2772|1056|2479|1013|293|235|41471|6021|26328|4112|15143|3595|12824|3131|10570|2729|2254|1247|9519|2708|5183|2001|4336|1739|18526|4098|14368|3690|4158|1448|18846|3913|15288|3899|3558|1227|41|74|0|222|41|74|666|517|666|517|0|222|9354|3007|6508|2366|2846|1530
04000A0US26|8722937|1942|7790210|20296|267655|9342|172589|8094|95066|6706|23799|3938|19135|3254|4664|1776|1361|1100|1263|1073|98|117|12411|2040|9328|1748|3083|821|5208|1802|4017|1456|1191|590|24508|3339|20896|2912|3612|1198|11884|2247|9936|2092|1948|730|8482|2441|6235|2173|2247|815|12533|2807|7987|2196|4546|1378|11806|2173|8607|1599|3199|1223|9305|2569|5515|1528|3790|1700|12338|2275|7735|1683|4603|1431|1842|1064|1519|951|323|412|5390|1503|3726|1206|1664|849|7797|2361|6177|1899|1620|714|21795|3174|18792|2832|3003|961|13389|3466|10594|3006|2795|949|8967|2736|6890|2376|2077|1120|30719|5767|11172|3162|19547|3710|10123|2743|7931|2132|2192|1090|37903|6115|25667|5386|12236|2528|17824|3982|12723|2981|5101|2153|8846|2206|7159|1800|1687|781|8901|2320|7354|2018|1547|696|46591|4746|27208|3110|19383|3253|12643|2460|6010|1494|6633|1790|15544|2834|7916|1966|7628|1856|5545|2240|3916|1668|1629|835|12447|2939|5942|2179|6505|1456|2198|925|1187|593|1011|565|4760|1792|2834|1256|1926|827|7731|2303|4012|1540|3719|1714|20517|3263|15221|2575|5296|1531|2023|635|1495|544|528|332|171053|11798|89837|8579|81216|7452|2984|1158|2925|1151|59|59|32399|6084|19594|4848|12805|3415|6062|2336|4980|2134|1082|761|9509|4240|4265|1395|5244|3940|3|7|3|7|0|184|2318|2029|2179|2025|139|117|3614|1137|2865|1030|749|425
04000A0US27|4896786|2464|4266145|14450|188532|7149|110539|6097|77993|5478|15852|2657|11481|2046|4371|1506|635|532|468|484|167|236|1572|857|1254|806|318|245|4401|1454|3870|1342|531|350|14851|2596|10445|1793|4406|1430|1711|575|1202|456|509|378|789|436|754|434|35|62|16199|3418|10905|2687|5294|1449|1535|652|1177|516|358|277|1601|798|842|534|759|584|4268|1865|2263|1151|2005|1033|0|157|0|157|0|157|5228|2575|1769|738|3459|2422|2978|1827|2245|1357|733|721|7329|1814|6247|1693|1082|584|2157|1123|1497|732|660|492|578|511|265|324|313|248|3479|1348|2648|1023|831|467|7511|2635|5776|2093|1735|1091|5886|1460|4573|1125|1313|779|6563|2529|4481|1669|2082|1120|7474|2657|6401|2499|1073|963|1573|1093|1494|1084|79|103|18318|3339|9867|1948|8451|2233|2930|1193|2466|1124|464|240|4761|1425|2899|1038|1862|704|68820|6534|40346|4439|28474|3864|23625|3473|9901|2165|13724|2327|7047|2157|3128|1041|3919|1548|8965|2398|5320|1881|3645|989|24352|4951|9703|2836|14649|3628|7430|1624|5846|1377|1584|575|1621|785|1192|593|429|412|14412|4630|9971|2712|4441|2539|1068|621|686|406|382|342|104520|9929|60580|7166|43940|6178|18296|4402|12506|3214|5790|2252|12164|3172|8493|2458|3671|1460|265|317|265|317|0|157|3520|1829|3291|1822|229|147|5825|2202|3750|1691|2075|955
04000A0US29|5048341|4351|4705520|14410|142104|7390|93134|5500|48970|4713|9859|2023|7526|1497|2333|1070|1247|939|922|711|325|383|3833|1833|3420|1576|413|414|3425|1393|2692|1115|733|536|15431|2827|12174|2698|3257|985|6310|1748|4346|1526|1964|874|1110|578|957|546|153|178|5062|1784|3455|1192|1607|846|1081|627|626|381|455|475|11730|2832|7345|2026|4385|1487|5457|2626|4074|2296|1383|820|139|230|139|230|0|195|2511|1221|1518|914|993|632|2690|1183|1695|755|995|635|5577|2520|4945|2484|632|451|5317|2432|3907|1931|1410|956|1744|998|1190|725|554|496|1002|582|690|417|312|246|3498|1531|2994|1291|504|417|7075|2237|4617|1591|2458|1066|7820|2435|6146|2268|1674|705|3056|1622|2778|1493|278|301|2124|987|1710|839|414|326|19121|3039|10949|2158|8172|1758|2190|1038|1237|503|953|803|7973|1853|4125|1046|3848|1344|1164|711|911|609|253|157|8448|2090|3628|1428|4820|1479|2801|1368|1121|669|1680|1014|1525|787|1199|660|326|270|2819|1183|771|397|2048|1052|8684|1959|4605|1000|4079|1467|4189|1328|2735|986|1454|621|13698|3819|8791|2553|4907|1750|1176|784|1176|784|0|195|7536|4194|4991|2808|2545|2185|4098|1460|3369|1140|729|612|7135|2618|4916|2006|2219|1648|124|163|124|163|0|195|357|342|342|341|15|34|581|388|581|388|0|195
04000A0US31|1524444|2220|1329713|8118|121577|6102|69215|4234|52362|4629|3492|1182|2530|969|962|582|385|476|385|476|0|174|803|484|546|357|257|223|661|367|346|209|315|257|4509|1042|4003|1035|506|426|164|151|127|137|37|63|425|429|425|429|0|174|2307|1437|1556|1174|751|632|434|396|122|110|312|383|1092|981|900|930|192|190|1974|1508|1531|1225|443|611|0|174|0|174|0|174|2602|2796|1621|2057|981|835|0|174|0|174|0|174|1085|649|1085|649|0|174|61|112|61|112|0|174|389|369|268|273|121|112|503|472|183|214|320|304|4250|1291|2183|819|2067|844|2664|1116|1377|726|1287|875|1995|1149|1765|997|230|262|1147|819|331|298|816|659|556|380|556|380|0|174|4009|1188|2196|697|1813|839|1167|546|861|468|306|201|589|591|199|189|390|551|0|174|0|174|0|174|7443|1802|2553|959|4890|1280|0|174|0|174|0|174|716|562|288|250|428|341|5677|2489|2975|1611|2702|1338|3565|1429|2771|1243|794|424|1175|679|897|584|278|264|6494|2147|4784|1668|1710|797|282|219|167|183|115|140|2046|1520|289|401|1757|1453|1484|1375|1428|1387|56|94|4339|1882|2919|1260|1420|760|417|489|417|489|0|174|449|528|449|528|0|174|1804|1524|1228|952|576|776
04000A0US32|2978888|2923|2084073|16918|618632|12513|384822|12253|233810|9593|7769|1921|7009|1882|760|445|1436|1320|792|1022|644|754|3167|912|2196|787|971|619|3904|1266|3176|1018|728|576|6174|1412|5922|1425|252|251|1619|1360|1364|1203|255|286|1521|911|1197|770|324|460|6985|2166|4790|1815|2195|819|2061|946|1303|774|758|519|5493|3414|3264|2482|2229|1182|1840|731|1109|526|731|392|3422|1981|2400|1382|1022|947|8462|2771|4418|1860|4044|1801|1756|2188|1063|1239|693|961|2497|1153|2205|1057|292|224|2014|1287|1908|1273|106|128|2700|1438|1827|1076|873|649|815|799|303|341|512|491|1946|869|1186|560|760|533|4339|1263|3608|1130|731|475|746|492|660|471|86|104|702|585|545|466|157|194|217|270|217|270|0|228|33360|3919|16298|2985|17062|2432|4706|1423|3040|1117|1666|605|11778|2310|6717|1664|5061|1242|351|425|280|407|71|117|10337|2832|4173|1337|6164|2175|670|587|137|174|533|489|6414|1957|3092|1249|3322|1294|1037|734|715|542|322|366|93256|7514|65985|5906|27271|3694|12861|3292|7838|1979|5023|1884|8196|2981|5457|1904|2739|1387|2279|1573|1684|1550|595|452|10270|2982|4835|1728|5435|1749|665|681|285|343|380|603|3320|2569|1942|1718|1378|1089|577|559|577|559|0|228|1664|631|1619|627|45|42|2857|1280|2277|1125|580|340
04000A0US33|1282013|769|1180796|6301|35245|3464|21162|3013|14083|2403|14784|2933|12524|2768|2260|660|262|402|66|126|196|333|1116|471|907|378|209|193|5713|2738|3937|1645|1776|1487|2795|827|2406|758|389|218|207|188|207|188|0|198|1020|584|776|497|244|339|2013|906|1541|770|472|293|1234|739|1076|712|158|165|973|870|447|361|526|540|1228|837|1228|837|0|198|229|231|180|218|49|85|145|148|145|148|0|198|709|857|426|480|283|421|1861|779|1819|769|42|71|111|180|111|180|0|198|220|314|103|174|117|150|243|355|129|173|114|194|2858|1584|1975|1218|883|708|956|651|734|516|222|233|2513|1505|2168|1420|345|316|1839|1428|1839|1428|0|198|869|718|819|700|50|88|6334|2086|3048|1234|3286|1195|988|633|720|544|268|213|1507|796|885|543|622|460|0|198|0|198|0|198|1647|1049|629|476|1018|825|51|89|51|89|0|198|955|725|285|232|670|683|976|672|708|532|268|357|1993|1014|1607|789|386|398|863|585|746|581|117|97|2990|1702|2410|1543|580|446|902|715|902|715|0|198|202|340|99|171|103|177|368|506|91|167|277|458|1782|1063|1136|1121|646|573|0|198|0|198|0|198|0|198|0|198|0|198|516|266|473|273|43|73
04000A0US34|8748366|1322|5921644|25018|1456842|18925|778572|17623|678270|15886|29201|5001|25400|4373|3801|1694|59696|9198|37337|6473|22359|4547|50838|4622|36582|3991|14256|2477|100631|9686|53322|5443|47309|7321|17746|2598|15922|2519|1824|662|11603|3209|10729|3127|874|496|22630|3722|16544|3113|6086|1619|57837|6633|38596|5719|19241|3055|55665|6413|33529|4171|22136|3780|9241|2065|6789|1719|2452|835|24740|3944|14954|2919|9786|2396|4320|1732|3799|1571|521|402|7752|2399|5399|1700|2353|1062|83064|8612|54335|6160|28729|3888|90309|8544|75137|7371|15172|2906|35021|5675|26128|4122|8893|2269|15330|4816|9622|3252|5708|2215|30690|4666|20125|3424|10565|2462|25072|3757|20420|3372|4652|1656|22232|3841|15865|2790|6367|1743|39855|5519|31724|4717|8131|2226|29264|5718|24242|4708|5022|1988|19926|3777|16905|3553|3021|1127|123283|7580|70847|5082|52436|4376|12545|2754|5892|1784|6653|1868|74414|5773|34248|4214|40166|3430|1|1|1|1|0|225|20130|4304|9349|2660|10781|2595|3292|2075|1956|1383|1336|851|2070|973|1231|666|839|577|29687|5930|18924|3886|10763|2845|78852|7379|57615|6141|21237|2970|5367|1916|4616|1817|751|433|80840|9832|56108|7217|24732|4140|20989|4281|17023|3404|3966|1522|5291|2212|2740|1274|2551|1478|41066|6542|33735|5631|7331|1856|8472|3164|7751|3234|721|540|0|225|0|225|0|225|1249|831|1205|806|44|75|19669|4180|14387|3665|5282|1657
04000A0US35|1950579|4088|1345252|13705|482952|14822|331418|12090|151534|8270|1870|738|1618|680|252|268|241|288|60|15|181|283|1062|589|811|464|251|215|733|650|648|635|85|145|3328|915|2521|712|807|486|724|438|724|438|0|216|689|552|563|503|126|154|1740|975|1226|874|514|474|942|1072|588|590|354|530|451|319|451|319|0|216|1050|1018|959|901|91|153|52|86|52|86|0|216|1142|957|614|596|528|652|405|571|282|399|123|203|2379|1537|1895|1101|484|570|1046|886|934|771|112|152|220|252|220|252|0|216|1130|961|647|480|483|713|1776|989|1502|907|274|202|749|421|749|421|0|216|373|320|340|296|33|57|1050|786|1050|786|0|216|0|216|0|216|0|216|2925|1179|1946|840|979|761|2115|883|1797|816|318|247|2629|1216|2001|1122|628|460|486|685|486|685|0|216|4425|1421|2313|954|2112|774|0|216|0|216|0|216|204|311|80|118|124|196|1220|1064|691|711|529|607|4502|1651|3372|1540|1130|534|753|376|556|336|197|230|2610|1653|1955|1223|655|811|371|383|332|383|39|11|485|777|485|777|0|216|349|364|303|347|46|92|1035|915|805|836|230|370|52144|3520|38296|3149|13848|1545|22521|3023|17365|2812|5156|1159|449|294|342|288|107|109
04000A0US36|18248153|2036|12567354|46471|2710096|22460|1494236|22590|1215860|21478|140834|11124|109625|8966|31209|4749|141941|12381|93087|8157|48854|7242|126804|9288|87323|7350|39481|4546|47571|5829|33444|4544|14127|2569|47097|4999|40930|4472|6167|1430|215061|12849|104728|9801|110333|9032|58629|5886|42590|5018|16039|2271|212895|14913|103231|10110|109664|8717|61272|6778|33322|4100|27950|3932|26373|4523|17024|3496|9349|2024|51189|6493|28834|4865|22355|3873|6471|2305|3938|1269|2533|1681|25070|4017|16814|3436|8256|1972|16533|2761|12513|2269|4020|1188|50929|6298|39306|5660|11623|2526|75227|10209|45480|6585|29747|5309|44568|7106|23246|4401|21322|3731|145845|10038|71940|6510|73905|5963|40897|6565|20693|3668|20204|4164|86666|9884|58325|7454|28341|5285|6833|1536|5650|1281|1183|692|9168|2232|7093|1991|2075|916|29326|4646|20312|3426|9014|2093|606932|17023|221318|10857|385614|12034|33294|3223|18483|2661|14811|1973|94358|8299|47756|5234|46602|5112|253|236|193|179|60|75|23029|4205|10474|2165|12555|2930|4770|2065|2522|1196|2248|1174|10143|2216|4285|1327|5858|1599|69298|7786|34764|4641|34534|4361|82164|6674|61779|5424|20385|2608|14148|3258|9292|2787|4856|1646|135802|16172|88354|11365|47448|7004|53773|7359|42727|5720|11046|3266|19813|5609|14695|4534|5118|1813|94341|9860|70465|7653|23876|4776|15726|4076|10622|3055|5104|1884|360|229|261|169|99|159|3548|1437|3204|1417|344|238|41752|7191|28303|5345|13449|3294
04000A0US37|9579509|6173|8336229|22526|761743|12479|448595|10527|313148|10909|32200|5195|25775|4478|6425|1819|6773|2541|4140|1629|2633|1464|7185|1793|5927|1607|1258|681|12325|2621|8440|2045|3885|1443|25502|4428|22137|4187|3365|1037|4600|1732|4317|1646|283|249|5509|1648|4886|1529|623|425|17336|3516|11939|2973|5397|1546|3892|1521|3641|1518|251|201|3878|2238|2858|1752|1020|658|8327|3462|4852|1923|3475|2027|195|230|195|230|0|221|7265|2615|4964|1879|2301|1198|14838|3491|7993|2476|6845|1954|23349|3679|19287|3448|4062|1732|8173|2543|5893|1914|2280|1194|1156|802|846|631|310|390|3770|1306|2984|1049|786|642|11360|3119|8256|2363|3104|1394|14447|3914|8817|2371|5630|2729|22763|5023|17912|3930|4851|2189|10924|3277|9084|2823|1840|1084|7290|2486|6776|2439|514|376|40297|4738|23465|3318|16832|2673|7940|2149|4413|1340|3527|1310|15282|2910|7074|2095|8208|2038|9539|2427|5627|1686|3912|1445|25496|6186|12434|4090|13062|3047|1468|1121|645|606|823|720|8474|2503|4225|1722|4249|1308|15812|5029|8445|2965|7367|2681|15891|3163|12692|2854|3199|1224|10207|3042|5498|2195|4709|1772|30725|7301|19815|5344|10910|3171|1986|895|1587|808|399|336|10058|3265|6012|2099|4046|1768|19103|6395|16308|6046|2795|1441|6275|2374|4464|1855|1811|1190|312|219|312|219|0|221|2706|1152|2369|1023|337|419|6909|2097|4591|1790|2318|1175
04000A0US39|10679254|3374|9853231|20457|267065|9286|162475|7939|104590|6481|29222|5034|18359|3620|10863|3770|4806|2004|1657|915|3149|1552|11913|2053|9330|1715|2583|909|7112|2352|3916|1168|3196|1829|33794|3327|27456|3062|6338|1347|48293|8585|34365|7653|13928|3051|7179|1942|5998|1819|1181|676|16899|2925|10288|2507|6611|1741|4804|1707|4134|1551|670|387|10329|2622|7747|2393|2582|824|14978|2945|8842|2161|6136|1980|405|403|347|354|58|94|4851|1893|3629|1718|1222|665|9265|2533|6526|2162|2739|1157|18743|3305|15298|2654|3445|1565|12308|3667|9344|2986|2964|1204|7491|3324|4173|1709|3318|1840|4076|1783|3701|1685|375|377|41505|6100|20040|4110|21465|3799|14837|3443|9874|2381|4963|2090|10875|2473|9569|2274|1306|627|7427|2386|5021|1432|2406|1463|4338|1490|3570|1372|768|453|38125|4771|21124|3404|17001|2993|8484|2159|4733|1380|3751|1221|9448|2227|5787|1426|3661|1349|402|430|245|306|157|165|11734|2737|5271|1549|6463|2007|5134|2494|2062|826|3072|1957|6085|1882|4076|1406|2009|963|12532|3842|6948|2153|5584|2235|11733|2048|8442|1827|3291|1220|4293|1600|2140|1011|2153|1035|40659|6694|29041|5379|11618|2540|3259|1787|2736|1552|523|687|32314|5794|20578|5216|11736|2413|24854|4949|18052|4092|6802|1995|14880|5463|10109|3441|4771|3167|88|106|88|106|0|208|1076|762|1043|764|33|60|8408|2151|5596|1546|2812|1398
04000A0US40|3263586|3173|2881468|9061|269289|7811|167130|7073|102159|4928|3690|941|2851|1008|839|479|23|44|23|44|0|165|924|418|692|355|232|212|2138|995|1550|742|588|422|6723|1070|6021|1083|702|348|1043|606|976|582|67|83|516|347|437|319|79|92|1772|943|1304|868|468|358|872|524|734|401|138|184|167|118|167|118|0|165|683|380|578|364|105|102|179|299|139|231|40|68|2289|903|1225|624|1064|564|1362|701|1161|639|201|166|1462|664|1308|626|154|127|2063|1564|1682|1274|381|399|488|772|213|323|275|459|1826|1356|748|519|1078|956|1645|819|1076|630|569|430|2700|1261|1686|733|1014|955|1773|906|1485|772|288|236|307|253|286|236|21|35|3383|1549|1811|996|1572|1109|11206|2254|6778|1528|4428|1336|1266|624|846|506|420|277|2828|742|1676|530|1152|471|6217|1496|4089|1041|2128|849|14960|2537|4843|1111|10117|2012|482|348|293|296|189|214|2903|1161|1666|841|1237|801|4459|1414|1706|863|2753|971|4217|1225|2865|1091|1352|545|3144|1135|2400|825|744|426|6203|2095|4486|1494|1717|858|470|366|396|321|74|89|1580|641|1355|584|225|149|3807|1421|3611|1411|196|184|2248|1119|1481|1014|767|593|94|103|0|165|94|103|6822|1345|5572|1134|1250|542|1895|1078|1618|922|277|295
04000A0US41|3941874|3110|3333064|14806|355554|10652|222532|9551|133022|9108|12098|2062|10882|1951|1216|768|121|201|121|201|0|214|2318|843|2079|816|239|196|2458|1015|2041|841|417|296|13651|2964|12105|2826|1546|672|2716|1073|2605|1060|111|140|1432|1728|1432|1728|0|214|18376|4057|11819|3481|6557|1719|1789|1182|956|568|833|756|2271|1098|1243|623|1028|639|9977|3857|4366|1899|5611|2520|571|590|338|309|233|329|4166|1483|2481|946|1685|862|544|303|393|258|151|94|6950|2207|5937|1993|1013|547|978|670|821|591|157|187|626|587|477|509|149|272|2049|996|1771|889|278|275|8565|3168|4689|1733|3876|2300|10006|2497|8182|1994|1824|1034|4809|2180|4093|1937|716|715|2864|1547|2322|1336|542|462|2638|1319|2176|1000|462|658|29263|4079|15203|2301|14060|3004|9922|1751|8121|1606|1801|634|9870|2329|5850|1591|4020|1280|1435|916|1004|653|431|331|25968|4100|10837|2163|15131|3301|2029|1405|709|401|1320|1340|4741|1885|2125|1098|2616|1158|4737|1921|2025|853|2712|1881|12736|2554|9422|2181|3314|1048|10822|2089|6434|2170|4388|1527|8368|2566|5936|2102|2432|969|1500|800|1236|668|264|284|6493|2899|3799|2161|2694|1289|3333|2022|1850|938|1483|1795|2200|1240|1420|860|780|669|182|247|182|247|0|214|1932|859|1922|856|10|22|5752|1999|4362|1692|1390|918
04000A0US42|11955940|2268|10454649|24095|690088|13590|389163|13714|300925|11606|34758|5003|25230|3441|9528|3462|13434|5091|6855|3008|6579|2602|27326|3042|19647|2448|7679|1593|23283|5697|12964|3475|10319|3876|38176|4451|30662|3828|7514|1640|78899|8756|55255|7115|23644|3668|10484|2559|8564|2198|1920|877|39774|5365|22946|3711|16828|2933|14370|2279|9768|2139|4602|1136|5117|1662|3980|1329|1137|706|20188|3512|10862|2095|9326|2717|2155|856|1775|788|380|269|6220|1814|4691|1297|1529|919|28871|5143|20055|3981|8816|2119|20663|3858|16581|3446|4082|1188|9843|2580|7441|2072|2402|979|5011|1990|2930|1264|2081|1209|17021|4651|9216|2557|7805|2702|27206|4673|12455|2903|14751|3766|20171|4188|12285|2719|7886|2316|14169|3004|11419|2640|2750|992|8032|1978|6183|1711|1849|828|18054|3690|12453|2769|5601|2008|98747|8170|47504|4886|51243|5672|6362|1200|3752|836|2610|880|30289|5407|15776|3636|14513|2749|514|318|368|254|146|94|37170|5471|14692|2552|22478|3895|11224|3318|4311|1420|6913|2554|3348|1226|1476|649|1872|796|18597|4475|9943|2391|8654|2915|17026|3060|11499|2489|5527|1458|4609|1628|2342|1041|2267|1030|43262|7720|27729|5379|15533|4295|4417|1749|3916|1634|501|367|8793|2987|5027|1805|3766|1721|19078|4159|12953|3428|6125|2234|9091|3513|5687|1955|3404|2078|1061|1352|1029|1352|32|47|932|772|912|776|20|36|13458|3624|8673|2411|4785|2028
04000A0US44|1041779|1060|812960|8197|132546|5955|69619|4481|62927|5306|6896|1927|5822|1602|1074|834|3366|1582|1935|1118|1431|737|4235|1433|3413|1312|822|481|30425|5114|16486|3205|13939|3463|2312|1017|2033|972|279|282|256|314|212|305|44|74|785|534|544|324|241|405|2372|1815|1856|1768|516|440|2275|944|1866|812|409|314|109|154|109|154|0|242|394|314|329|311|65|108|730|530|730|530|0|242|425|461|290|399|135|220|46|80|46|80|0|242|1669|1241|1618|1236|51|84|573|504|573|504|0|242|170|278|0|242|170|278|0|242|0|242|0|242|789|743|789|743|0|242|2042|1099|1604|925|438|440|777|733|589|546|188|231|1973|1617|1402|1078|571|690|382|479|382|479|0|242|5837|1584|2763|780|3074|1232|1243|728|1079|689|164|198|1849|1117|727|556|1122|854|706|906|617|849|89|177|455|388|151|145|304|317|6095|2764|2807|1409|3288|1741|2128|1020|1176|620|952|613|1478|1155|842|746|636|865|1700|894|960|549|740|507|196|208|147|198|49|61|3687|1847|2708|1215|979|879|421|339|421|339|0|242|108|185|108|185|0|242|5423|2222|4939|2015|484|457|929|694|676|510|253|305|0|242|0|242|0|242|118|143|118|143|0|242|899|611|810|580|89|153
04000A0US45|4739358|3450|4357664|13009|232161|9139|141682|8101|90479|5949|9888|1988|8788|1749|1100|593|1245|664|1231|656|14|26|5776|1872|5353|1862|423|367|5819|1891|4124|1706|1695|738|14477|2845|12235|2436|2242|1110|2059|883|2059|883|0|222|1925|1209|1620|1086|305|270|8678|2565|5267|1814|3411|1724|1931|980|1599|813|332|278|795|542|567|409|228|376|7489|2690|4924|2167|2565|1121|377|356|377|356|0|222|2086|1161|1282|847|804|609|8114|2329|4754|1541|3360|1269|5964|2199|5324|1921|640|500|1692|1105|1208|789|484|556|2407|1616|1952|1423|455|376|1323|848|908|678|415|450|4136|1957|3475|1797|661|436|6056|1938|4376|1450|1680|924|2875|1553|1889|1142|986|889|1260|951|1260|951|0|222|1837|1300|1359|1114|478|464|9889|2329|7539|2141|2350|956|2078|909|1235|539|843|623|3554|1283|2185|998|1369|629|1572|784|982|560|590|473|4880|1613|2264|956|2616|1164|1606|1016|828|571|778|666|1893|785|802|509|1091|526|1836|1319|1310|1362|526|469|8363|1832|6363|1574|2000|741|1043|599|674|432|369|300|3891|1352|2996|1040|895|607|603|540|603|540|0|222|62|115|62|115|0|222|3982|2000|3385|1940|597|438|1861|1018|927|699|934|703|0|222|0|222|0|222|722|861|385|437|337|457|3489|1305|2629|1328|860|524
04000A0US47|6072432|6187|5565577|18246|284040|8773|144356|8841|139684|7909|12322|3828|8814|2339|3508|1892|1644|941|1402|831|242|307|2111|741|1944|725|167|154|5877|3400|4731|3022|1146|704|11438|2689|10306|2540|1132|514|6916|3539|5965|2877|951|827|1635|946|1300|707|335|318|3684|1913|2724|1757|960|659|1875|1437|1428|996|447|511|3044|1621|2197|1416|847|536|2048|921|1436|718|612|485|459|435|304|314|155|256|6070|3078|3464|1573|2606|2025|4338|1691|2857|1280|1481|781|5874|2135|5268|2100|606|533|1101|688|856|535|245|219|602|665|593|666|9|16|1270|950|681|535|589|556|3833|1777|2868|1287|965|737|5758|2256|4509|1677|1249|816|4731|1796|4189|1497|542|469|3252|1594|2881|1444|371|292|2249|1306|1647|1043|602|472|15131|2603|8092|1808|7039|1641|2762|1246|1618|830|1144|747|8572|2448|4637|1645|3935|1308|0|225|0|225|0|225|13085|3529|6739|2367|6346|2080|483|457|383|372|100|163|5810|2015|3985|2018|1825|937|7860|3187|2620|1152|5240|2378|9071|2631|7492|2433|1579|768|2504|1307|1000|537|1504|1137|38654|8820|24547|6913|14107|4683|793|634|701|515|92|149|8483|2899|5081|1705|3402|1592|8162|3447|6230|2873|1932|1288|5923|2649|2645|1242|3278|1901|0|225|0|225|0|225|267|268|256|266|11|20|3124|1504|1856|1058|1268|1135
04000A0US48|26858706|10585|17219606|60941|7744814|54683|4806001|46683|2938813|43438|91708|13424|71406|11610|20302|4340|7598|3148|5159|2402|2439|1479|14061|3110|11760|2916|2301|1127|36314|5657|27687|4761|8627|2125|55209|6318|47765|5598|7444|2017|17271|8620|16728|8523|543|359|6040|1949|5349|1894|691|430|36480|6979|26938|6186|9542|2052|8946|1772|7064|1558|1882|871|7705|2040|4600|1400|3105|1187|15054|4097|11430|3248|3624|1784|1152|759|756|493|396|373|34385|5014|20141|2792|14244|3228|47872|7609|33956|5935|13916|3410|95828|8913|80799|7517|15029|3172|98503|11804|75129|9448|23374|4059|11096|3597|7793|2774|3303|1511|23568|4765|15770|3266|7798|2936|61494|8133|46642|7107|14852|3053|37853|6392|21667|3453|16186|5182|83752|7508|69936|6135|13816|3259|50056|5822|42238|5269|7818|2354|47759|6547|37364|5341|10395|2531|188800|11477|104762|8130|84038|6397|21375|3605|12612|2394|8763|2059|74984|9061|39540|6148|35444|4927|699|466|672|463|27|45|225130|13296|104626|8548|120504|8283|12862|3402|5481|1999|7381|2343|21297|4354|11212|2759|10085|2800|34970|5580|18010|2988|16960|3996|91183|7502|71113|6190|20070|3255|27590|5404|21062|4630|6528|1800|112458|13812|79903|10062|32555|5514|9018|2586|7845|2508|1173|733|32065|6098|18875|3979|13190|3529|93954|9703|82863|9433|11091|2532|40183|6737|29713|5540|10470|3787|237|224|237|224|0|237|4205|1632|3522|1561|683|447|13572|3652|9693|2639|3879|1855
04000A0US49|3013753|1537|2528774|13950|326293|10073|206770|8711|119523|6896|7477|1483|5907|1197|1570|862|251|316|251|316|0|204|2229|654|2012|650|217|196|14580|3483|11691|2864|2889|1327|9031|1964|7997|1842|1034|573|2071|836|1724|756|347|300|547|468|381|447|166|140|4969|1807|3954|1612|1015|539|854|916|270|231|584|896|3467|1906|2422|1357|1045|933|1338|701|834|519|504|429|359|414|176|210|183|220|3121|2290|2014|2063|1107|920|204|256|204|256|0|204|2592|1485|2176|1169|416|470|574|580|376|517|198|239|351|501|351|501|0|204|256|231|256|231|0|204|3639|2577|3260|2138|379|552|2605|891|2191|790|414|325|1273|1098|974|991|299|286|702|654|473|419|229|293|765|536|673|533|92|114|20319|3600|13240|2741|7079|1751|5637|1803|4269|1285|1368|862|5741|2186|3698|1751|2043|818|735|887|660|884|75|123|9269|2828|4064|1747|5205|2038|976|677|552|448|424|382|3133|1229|1805|927|1328|631|6401|3117|3750|1766|2651|1627|8063|2206|6149|1746|1914|938|18813|2953|15968|2709|2845|1015|4812|2340|4112|2022|700|584|14|27|14|27|0|204|5337|5445|3662|3296|1675|2191|341|297|341|297|0|204|1755|1287|999|936|756|662|2407|1012|2175|1024|232|270|609|312|609|312|0|204|1069|487|955|455|114|112
04000A0US51|7441344|6828|6083847|22344|587174|11913|355416|11798|231758|11312|28409|4537|22940|3882|5469|1412|7093|3011|4136|2206|2957|1807|11380|3138|9760|2557|1620|930|11213|2722|7805|1867|3408|1551|17725|2305|16520|2157|1205|479|3982|1223|3405|984|577|462|5770|1601|4851|1465|919|485|16529|3236|11985|2513|4544|1421|2131|693|1695|529|436|302|3028|1249|2236|1072|792|571|6035|1865|4486|1504|1549|686|2292|1556|2007|1452|285|478|37722|5294|20494|3473|17228|3313|8751|2602|6487|2017|2264|988|33206|4437|27223|3404|5983|2533|29535|5559|18580|3973|10955|2779|8390|3050|5555|2214|2835|1311|16769|4317|10936|2555|5833|3146|27878|4924|19921|3797|7957|1946|22773|5179|14206|3511|8567|2649|26405|4658|21738|3967|4667|1398|16359|4392|14730|4197|1629|714|7255|2226|6730|2031|525|469|61004|5413|36208|3794|24796|3549|9358|2000|5906|1439|3452|1064|55960|5024|29274|3343|26686|3489|478|401|478|401|0|214|50201|6043|22430|3818|27771|3655|5346|1933|2319|955|3027|1273|8815|2288|4622|1066|4193|1653|16052|3434|9548|2250|6504|1952|45740|4580|34700|3702|11040|2152|7863|1962|5591|1511|2272|952|64577|7753|44685|6008|19892|3817|1924|808|1866|795|58|97|41306|5871|27640|4757|13666|2936|28366|4910|21077|3463|7289|2793|11954|3607|8140|2154|3814|2257|0|214|0|214|0|214|1396|1047|1172|790|224|315|9353|2458|7158|2253|2195|999
04000A0US53|7182817|3034|5645933|26016|632270|15277|384115|11318|248155|12294|26570|4407|23021|3926|3549|1388|3586|2820|1885|1217|1701|1729|5774|1827|4931|1616|843|444|11986|2907|7881|2395|4105|1776|24455|3591|21264|3455|3191|903|5364|1715|4687|1543|677|515|2145|853|2016|831|129|156|64033|7966|39892|5939|24141|3444|6407|2757|4659|2527|1748|1004|7363|2546|5564|2292|1799|677|36009|7973|18192|4218|17817|5569|2249|1372|1864|1193|385|481|14679|3210|7951|2038|6728|2083|7572|1925|6364|1751|1208|672|41669|5309|36883|4905|4786|1455|7878|2215|5903|1547|1975|996|16152|3956|8700|2173|7452|2462|4952|2045|4615|1973|337|305|11917|3080|8887|2589|3030|1245|16944|3770|12893|3067|4051|1555|20723|4730|16207|3497|4516|2412|10898|2827|9759|2454|1139|647|10163|3199|8648|3009|1515|619|141592|8134|81651|6092|59941|5028|25182|3473|17340|2830|7842|1485|54928|6162|24862|3577|30066|4184|3366|1901|1575|898|1791|1842|74462|7633|33209|4467|41253|4669|11389|3156|4980|2065|6409|1820|15713|3867|7785|2299|7928|2497|19341|5932|10699|3545|8642|3417|60149|5594|40127|4033|20022|2948|34952|3882|23440|3126|11512|2430|27196|6226|19856|4493|7340|2788|3923|1934|3594|1859|329|287|36789|7093|21927|5557|14862|3431|8500|3623|6097|2674|2403|1420|15618|3651|11376|2739|4242|1783|252|356|252|356|0|214|4836|1511|4266|1363|570|493|6938|3284|4276|1151|2662|2607
04000A0US55|4873403|2354|4424220|12124|244387|8172|147702|6311|96685|5388|8070|2655|7019|2443|1051|807|214|238|214|238|0|159|3780|1019|3115|1004|665|466|3187|1226|2890|1106|297|236|19592|3458|15931|2952|3661|1190|5528|1906|4018|1519|1510|960|2240|743|1158|429|1082|470|3686|1171|2551|921|1135|610|5949|1489|3988|1019|1961|968|2611|1051|1375|591|1236|633|3473|1171|2169|845|1304|586|42|71|0|159|42|71|1587|808|1294|660|293|327|968|650|578|399|390|344|6557|2879|5609|2680|948|686|2777|1122|2295|1024|482|440|1614|1031|932|639|682|456|1937|1384|1178|712|759|886|2588|1321|2041|1176|547|423|9233|2693|6038|1711|3195|1279|5663|2295|4844|2005|819|669|1291|751|1107|681|184|154|4069|1586|3140|1414|929|630|18085|3076|8723|1655|9362|2254|2157|666|1577|550|580|297|3428|1522|2566|1403|862|593|37629|4750|24541|4220|13088|2257|5546|1976|2552|839|2994|1496|436|521|201|283|235|253|3124|1417|1123|634|2001|1055|7335|2887|2770|1597|4565|2138|6877|1752|4420|1238|2457|1010|1633|567|1084|436|549|306|6543|2008|4910|1463|1633|864|1213|628|1074|601|139|175|4800|2564|4030|2152|770|507|2033|1088|1360|772|673|571|4768|2658|2952|1975|1816|1536|17|30|17|30|0|159|1453|535|1228|492|225|140|1063|562|717|422|346|378
04000C0US01|3675607|4248|3459121|10382|124698|6413|75419|6159|49279|5034|4095|1361|3290|1239|805|507|388|483|388|483|0|208|1640|646|1402|566|238|259|1850|1003|1094|596|756|536|7200|1736|6199|1503|1001|652|1619|980|1619|980|0|208|290|212|269|210|21|35|1539|742|1322|668|217|218|236|209|159|162|77|129|1083|1313|978|1272|105|174|1121|699|1021|662|100|128|0|208|0|208|0|208|986|520|711|379|275|290|2114|1249|702|481|1412|933|1471|764|973|498|498|427|2002|985|1640|838|362|310|666|556|589|505|77|100|2192|996|937|527|1255|852|3057|1633|2070|1209|987|802|1557|744|1246|617|311|391|1929|1059|1482|955|447|387|115|203|115|203|0|208|379|391|379|391|0|208|8879|2001|4831|1457|4048|1436|2786|1290|1290|901|1496|930|8345|1994|3284|1226|5061|1502|537|411|537|411|0|208|6461|1550|2449|821|4012|1035|290|259|143|168|147|138|2356|952|1462|728|894|508|363|284|236|216|127|164|4038|1266|2650|901|1388|914|1120|708|716|526|404|311|8635|4157|4570|1967|4065|2744|344|316|344|316|0|208|660|590|240|243|420|547|4733|2168|3593|1542|1140|1083|2535|1512|1542|814|993|1309|0|208|0|208|0|208|310|124|310|124|0|208|1867|1667|1383|1556|484|572
04000C0US04|6643888|900|4944937|24580|1323803|22833|897455|19797|426348|14612|18363|2842|15374|2732|2989|1293|2659|1768|1599|1239|1060|891|4734|1638|3980|1515|754|526|6560|2050|5620|1861|940|569|13948|2004|12158|1991|1790|679|2879|1161|2773|1141|106|129|3170|1232|2655|1116|515|326|8934|2472|6579|1876|2355|1330|5420|2398|4057|2272|1363|779|7661|2317|5266|1854|2395|909|4445|1421|3381|1279|1064|499|1306|837|1056|753|250|235|7778|2698|5526|2284|2252|1087|3286|1447|2436|1124|850|544|14312|3707|12719|3176|1593|900|3555|1900|3205|1805|350|273|1906|1342|1793|1300|113|135|2274|1587|1559|1022|715|749|7383|2344|5686|2090|1697|1019|8452|2480|5813|1441|2639|1409|6940|2482|5755|2266|1185|608|10665|2853|8732|2309|1933|1431|3410|1812|3087|1682|323|285|30364|4163|17318|3334|13046|2684|7572|1671|4859|1319|2713|970|10816|2637|5349|1650|5467|1630|966|1301|966|1301|0|228|29413|5034|14444|2893|14969|3323|2305|1170|1186|744|1119|787|5544|1794|3449|1294|2095|952|6663|2536|3838|1602|2825|1288|27212|3556|21085|3201|6127|1331|6578|2082|4781|1441|1797|968|33911|6367|23032|4593|10879|3414|2334|1126|1831|1027|503|454|6962|2233|4788|1802|2174|813|6783|2473|4038|1487|2745|1979|9170|3991|5784|2651|3386|2769|27355|3809|21027|2909|6328|1919|9284|2014|8313|1999|971|505|1876|740|1393|590|483|412
04000C0US06|36099202|2834|19852806|68234|10363996|52506|6331034|49052|4032962|43402|127899|9256|110388|8188|17511|3328|9668|3585|7607|2588|2061|1806|53611|4493|44759|3975|8852|1680|94033|8157|68691|5950|25342|4541|84010|6055|74678|5773|9332|1751|24953|3650|21476|3546|3477|1141|22930|3936|19340|3646|3590|935|165303|10676|90231|6975|75072|7207|24096|5307|17779|3377|6317|2575|19971|4190|15352|3598|4619|1486|52220|7591|30608|4961|21612|4662|197232|11457|116045|9559|81187|6697|239031|15722|147142|11269|91889|9118|58604|7125|42621|5370|15983|3091|214984|14139|178557|12574|36427|4007|55515|6560|40841|5607|14674|2728|154849|14175|92234|9368|62615|6043|38964|5293|28794|3750|10170|2525|69327|7970|53114|6052|16213|3667|80021|7998|56165|5824|23856|3801|83796|7994|71143|7496|12653|2098|69500|8267|59305|7498|10195|1844|45251|5285|37013|4389|8238|2157|1272418|26856|612661|15676|659757|19440|121332|9647|68722|6634|52610|4751|356242|14638|160421|8317|195821|10155|73298|7148|43728|5240|29570|3512|568103|20695|230485|10550|337618|15236|66805|7290|32298|4789|34507|4024|78593|6229|38265|4134|40328|4130|71263|6687|38112|4131|33151|4522|757542|22798|504133|16401|253409|12016|105561|7731|70670|5987|34891|3952|218307|17661|150204|13079|68103|7213|46090|5289|39328|4747|6762|1623|58612|7307|36173|4905|22439|4143|34569|6114|26866|4550|7703|2464|22728|4654|19221|4194|3507|1223|815|357|738|346|77|64|6582|2946|5182|2322|1400|744|37772|5600|18836|3094|18936|4094
04000C0US08|4851266|1368|4054785|19319|525343|15860|344278|11008|181065|9869|22362|4323|17074|3551|5288|2013|697|503|666|486|31|54|2574|1032|2074|763|500|491|6990|2139|5954|2015|1036|523|22774|3476|20395|3058|2379|1136|1429|556|1429|556|0|218|1181|576|861|480|320|247|16635|4130|10915|3284|5720|1796|5480|1747|4369|1563|1111|606|2104|1245|1570|966|534|472|5883|1859|3540|1206|2343|1253|205|252|205|252|0|218|7869|2548|5253|1809|2616|1397|3376|1696|2465|1274|911|624|8804|2482|7250|2012|1554|868|1914|864|1766|790|148|202|1643|1968|922|1006|721|976|754|564|662|481|92|162|6570|1924|4139|1431|2431|937|8891|2152|7298|1865|1593|676|4098|1677|3306|1430|792|583|1539|813|1303|696|236|271|1790|1055|1405|854|385|317|23645|3750|13310|2645|10335|2191|7038|1703|6229|1595|809|436|15008|2838|7053|1931|7955|1792|3392|1445|1611|892|1781|916|16449|2793|6915|1622|9534|2028|1120|655|666|507|454|372|3772|1147|1666|596|2106|870|4538|1502|2920|1070|1618|733|8053|1867|5928|1480|2125|808|2515|1039|1916|751|599|454|9605|3237|6177|2310|3428|1442|1897|791|1741|769|156|150|21767|5664|11380|3637|10387|3699|8836|4794|6602|4086|2234|1130|3503|1686|1892|832|1611|1121|170|216|170|216|0|218|775|481|389|315|386|360|3493|1238|2945|1084|548|401
04000C0US09|3270389|5046|2491188|17003|431380|11022|254236|9252|177144|8969|18872|2402|16018|2121|2854|816|17455|4751|13712|4060|3743|1513|23954|3524|17921|2906|6033|1728|50896|6684|29713|5193|21183|3658|7857|1695|7218|1548|639|419|2729|1293|2636|1270|93|109|5422|2215|3915|1804|1507|713|10055|2539|6436|1958|3619|1191|23891|3777|14086|2711|9805|1848|6001|2654|3948|1788|2053|1018|7829|2673|4649|1777|3180|1919|416|493|412|493|4|8|2388|1066|1561|867|827|650|4023|1524|2948|1216|1075|525|7659|1613|6931|1542|728|375|6508|2796|4310|1906|2198|1306|1885|1678|1181|994|704|728|6802|2850|4328|1622|2474|1401|8279|2545|6539|2214|1740|761|15749|4099|9689|2886|6060|2396|4419|1363|3988|1276|431|381|5419|2409|4876|2363|543|371|2902|1360|2313|1235|589|506|35517|3978|18428|2358|17089|2685|2172|754|1657|579|515|384|8551|2087|4318|1347|4233|1730|49|64|49|64|0|224|7714|2540|4026|1744|3688|1230|1083|898|211|221|872|710|4379|1819|1512|890|2867|1145|3904|1816|1610|821|2294|1128|7626|2357|5153|1657|2473|1187|1660|1043|1181|922|479|309|12230|3499|8046|2435|4184|1798|2138|1110|1963|1085|175|196|1573|986|989|589|584|645|10930|3615|9746|3413|1184|748|2047|1101|1796|953|251|274|0|224|0|224|0|224|251|309|251|309|0|224|4587|1743|3854|1668|733|373
04000C0US10|964338|409|834032|6058|68718|3828|41858|3547|26860|2902|4560|2346|3206|1452|1354|1097|2909|1734|1578|1496|1331|884|862|386|757|340|105|124|584|400|392|334|192|220|1689|677|1320|562|369|317|1286|778|657|376|629|659|669|401|591|380|78|98|1124|584|868|525|256|267|1256|739|879|574|377|337|0|203|0|203|0|203|953|693|757|483|196|331|0|203|0|203|0|203|177|177|125|152|52|87|3332|1996|2227|1638|1105|592|2669|1063|2583|1035|86|96|2391|1371|1532|1165|859|632|0|203|0|203|0|203|1851|814|1514|717|337|336|1550|840|1234|703|316|276|343|322|287|281|56|79|1749|1095|1393|848|356|358|1534|1050|1380|955|154|209|1691|897|1476|725|215|313|6768|1703|3874|1250|2894|1169|1334|1229|814|792|520|479|2322|1103|1285|699|1037|707|0|203|0|203|0|203|1221|828|736|636|485|329|91|107|91|107|0|203|300|287|107|159|193|233|2699|2203|1361|1105|1338|1190|1112|601|964|586|148|138|1086|1477|229|309|857|1176|2479|1216|1220|689|1259|849|211|186|160|165|51|84|354|371|264|268|90|161|4548|2462|3769|1935|779|690|2443|1100|2097|980|346|374|0|203|0|203|0|203|110|131|110|131|0|203|1331|787|1107|700|224|270
04000C0US12|20491131|4117|14198936|45444|4608530|25985|2613416|31223|1995114|27096|103660|7249|77557|5725|26103|3309|469437|28456|290211|18926|179226|15056|42424|4450|30207|3218|12217|2982|175909|13937|111633|9199|64276|8233|61208|5029|53766|4560|7442|1479|15242|3777|13522|3646|1720|902|20256|3704|15827|2921|4429|2117|64157|7314|38792|4865|25365|4489|21797|3252|12904|1997|8893|2280|16648|3899|11888|3179|4760|1490|30082|4513|19951|3232|10131|2629|2181|1047|1284|789|897|695|12386|3460|8625|2768|3761|1392|20716|4055|13928|2898|6788|2226|32021|5864|26879|5056|5142|1907|19284|5103|14073|4018|5211|1767|3311|1969|2331|1317|980|741|18334|4489|12543|3177|5791|1885|9959|3215|5435|1940|4524|2049|44043|6751|29611|4960|14432|3248|19533|3801|15644|3384|3889|1540|10050|2780|8336|2091|1714|1215|13981|2910|10506|2144|3475|1388|68232|6962|32397|4080|35835|4979|11736|3057|8461|2786|3275|1153|17394|3472|8275|2450|9119|2322|917|576|508|317|409|402|69850|8834|29721|4361|40129|6182|3978|1324|1003|557|2975|1087|15371|3673|7645|2679|7726|2118|16840|3091|10481|2129|6359|1736|79484|6987|58711|5368|20773|2832|8914|2169|6645|1750|2269|1126|80314|11162|58376|8955|21938|4444|21935|3636|17940|3254|3995|1256|6017|3355|3834|2158|2183|2144|12452|4312|10201|3556|2251|1266|5661|2551|4227|1762|1434|1258|153|146|85|97|68|113|2365|1773|1483|823|882|1129|35433|5248|26860|4081|8573|2245
04000C0US13|8566695|6825|7165011|24080|728122|12295|422861|12742|305261|11113|43076|6635|32848|5215|10228|2784|30244|6404|23018|5348|7226|2649|4766|1366|4363|1240|403|264|20628|4265|13879|3130|6749|2547|21943|3299|20053|3068|1890|664|4942|1858|4570|1758|372|281|2826|1071|2326|963|500|337|12548|2940|9444|2559|3104|820|2455|1126|1539|779|916|586|7378|2425|5542|2155|1836|880|4288|1467|2422|975|1866|990|289|435|196|283|93|154|9016|2354|6269|1843|2747|1218|25738|4316|16063|3005|9675|2483|30218|4886|24574|3978|5644|1723|14622|3395|10428|2531|4194|1527|4256|1848|3304|1586|952|804|10271|2884|6276|1915|3995|1326|8599|2363|6200|1938|2399|1068|17338|3732|12096|3310|5242|2010|23461|3986|19915|3679|3546|1301|15023|3327|13120|3138|1903|840|8741|2423|6868|2131|1873|821|61036|7087|32299|4213|28737|4681|8669|2148|4569|1378|4100|1762|52909|5605|26607|3415|26302|3387|1495|836|1411|807|84|157|57933|7743|22818|4674|35115|4494|4213|2013|1892|1035|2321|1151|6873|1798|3338|1138|3535|1176|9234|3185|4421|1808|4813|1903|13220|2489|10038|1980|3182|1266|6582|2797|3771|1727|2811|1505|21706|6375|15689|4950|6017|2585|4280|1515|4122|1460|158|213|31017|6001|22307|5211|8710|2139|45556|8640|37937|6874|7619|2796|13217|4048|11696|3715|1521|925|223|353|223|353|0|228|1230|796|1025|690|205|221|11503|2918|9355|2459|2148|1297
04000C0US17|10578038|3693|7796364|34143|1600984|20161|973604|18684|627380|16743|32778|5387|24282|3678|8496|3534|4504|1977|3034|1548|1470|1262|27634|3882|20675|3020|6959|2068|10516|2476|7371|2180|3145|1243|20715|3012|17520|2582|3195|970|4526|2229|2762|1078|1764|1664|26492|4315|19209|3219|7283|1926|39119|6156|21662|4128|17457|3375|167787|10474|96877|8053|70910|5223|32107|4981|21882|4219|10225|1960|48653|6463|27960|4046|20693|4271|1547|877|1200|734|347|298|9077|2486|6079|1748|2998|1265|52708|7129|33545|4966|19163|3563|43544|5721|34967|4576|8577|2581|59371|7820|44245|5772|15126|3171|8850|3026|7161|2352|1689|928|9222|3363|6275|2292|2947|1611|18972|4278|13332|3043|5640|3211|54873|6543|33744|4597|21129|3821|23354|4037|19519|3752|3835|1582|15600|3372|13759|3210|1841|775|21549|4386|16814|4026|4735|1124|108173|8314|56006|5529|52167|5189|13647|2322|8406|1773|5241|1191|38589|4842|18333|3274|20256|3023|119|139|55|87|64|104|22593|4310|10906|2351|11687|2982|2637|1414|1002|504|1635|1080|8984|1992|4445|944|4539|1635|16594|3398|9708|2536|6886|2105|86785|7763|63936|6211|22849|3885|9445|3365|7387|3000|2058|1218|73607|9236|54292|7658|19315|3481|5458|1733|4819|1424|639|597|19759|4107|11301|2959|8458|2371|26340|4934|21048|4347|5292|1577|8171|2842|5933|2455|2238|1150|169|169|169|169|0|206|758|522|758|522|0|206|5364|1629|3952|1397|1412|582
04000C0US18|5049255|4646|4504270|16752|280969|10234|172381|8505|108588|7493|17842|5148|11513|3246|6329|3374|8329|3903|3571|1732|4758|2713|929|456|817|451|112|111|5320|1490|4855|1403|465|320|12647|3563|11457|3418|1190|570|13781|3433|10055|3245|3726|1478|1842|860|1536|832|306|253|3103|1311|2144|961|959|693|6499|2705|4576|1967|1923|1812|8677|3264|5568|2408|3109|1894|3618|1367|2725|1208|893|603|91|154|91|154|0|207|3311|2368|2547|2219|764|761|4359|1558|3630|1348|729|437|7762|1869|7134|1782|628|419|4382|1818|3426|1500|956|573|14501|3809|8061|2693|6440|2228|1838|1257|1416|953|422|446|5784|2555|4591|2028|1193|844|5025|2176|3610|1522|1415|1412|4822|1692|3714|1214|1108|756|4182|1894|4066|1862|116|144|1814|940|988|576|826|776|19434|2991|9668|1925|9766|2014|3318|1234|2029|946|1289|720|6495|2555|3982|1808|2513|1043|92|104|75|111|17|30|4261|1551|2290|940|1971|1054|176|209|176|209|0|207|2291|969|1055|738|1236|610|26367|4341|12206|2785|14161|2821|8892|2252|5606|1503|3286|1412|2282|1064|1561|759|721|631|11431|3188|7864|2797|3567|1530|481|432|333|366|148|235|5624|3052|1526|995|4098|2539|16981|4647|13478|4174|3503|2282|12538|4862|7238|3532|5300|2406|0|207|0|207|0|207|258|260|118|94|140|182|2637|1141|1986|1047|651|496
04000C0US19|1865032|1863|1674554|8228|81953|5697|51693|4527|30260|3762|6127|1916|3093|1125|3034|1219|298|340|154|236|144|243|1228|1139|1060|1089|168|189|1475|661|1122|503|353|350|5722|1564|4665|1482|1057|575|992|450|870|427|122|130|33|56|33|56|0|170|1995|1064|1479|1069|516|427|513|448|513|448|0|170|7156|1968|4669|1397|2487|1042|1340|1130|1228|1126|112|82|80|146|0|170|80|146|989|768|675|647|314|246|501|633|410|534|91|120|2004|1046|1675|891|329|285|953|778|735|594|218|363|765|727|699|712|66|111|1176|727|801|593|375|333|4259|2134|2555|1663|1704|1113|2868|1751|1657|796|1211|1157|2284|1336|1727|1016|557|506|3275|1834|2458|1494|817|980|2171|1838|2171|1838|0|170|7303|1802|4726|1499|2577|812|535|365|292|244|243|275|2912|1035|1786|729|1126|685|173|203|114|170|59|113|6085|1845|1931|925|4154|1430|757|871|325|432|432|493|3912|1578|1580|901|2332|1052|6605|2217|2704|1395|3901|1834|2241|1113|1794|973|447|409|3444|2339|1150|622|2294|2245|10372|3660|7201|2923|3171|1394|246|199|246|199|0|170|2636|1860|1353|1154|1283|880|2358|1372|1715|917|643|603|9019|3273|2546|1068|6473|3384|0|170|0|170|0|170|506|488|485|480|21|48|1217|863|972|637|245|280
04000C0US20|1930722|2317|1703031|10853|136200|7631|82434|5891|53766|4745|4017|1397|3135|1074|882|643|304|381|304|381|0|185|310|231|310|231|0|185|3007|1402|2655|1296|352|387|4844|1244|4464|1209|380|311|614|507|589|491|25|50|197|247|134|159|63|103|2043|1094|1200|829|843|464|146|232|138|233|8|4|643|491|520|441|123|203|975|614|796|538|179|299|0|185|0|185|0|185|998|715|444|432|554|537|248|283|206|252|42|73|4393|1959|3207|1589|1186|852|1290|796|943|568|347|372|852|920|438|480|414|455|2081|990|1694|833|387|260|1798|1119|1506|986|292|375|1812|1490|579|347|1233|1400|5468|1868|4330|1475|1138|716|656|479|555|421|101|177|696|534|540|475|156|244|8582|2156|4714|1279|3868|1194|1268|716|408|296|860|653|2952|1170|1867|902|1085|578|1768|1396|1298|1288|470|355|11307|2218|3809|1112|7498|1657|272|214|140|135|132|136|2862|1810|1611|1419|1251|850|1927|1017|666|463|1261|813|4483|1372|3262|1185|1221|569|1122|769|990|709|132|143|4123|1158|3035|955|1088|638|187|308|100|167|87|142|2504|1251|1465|871|1039|746|2140|1078|1888|982|252|242|5174|1862|3018|1107|2156|1236|40|68|40|68|0|185|185|210|134|128|51|107|3203|2233|2356|1693|847|848
04000C0US21|2539120|4900|2330997|9697|95940|5253|53069|4315|42871|3336|6429|1927|4221|1457|2208|1102|517|573|14|20|503|574|431|271|431|271|0|204|2625|1260|1768|1106|857|702|6827|2158|5725|2086|1102|641|8665|3651|6468|3557|2197|1332|223|161|119|96|104|128|2197|990|1858|879|339|292|259|265|147|177|112|187|4589|1979|2949|1472|1640|897|1587|1261|1321|1047|266|269|0|204|0|204|0|204|1472|1139|913|659|559|560|677|519|575|497|102|175|2868|1416|2055|998|813|760|890|935|781|905|109|178|881|613|573|508|308|356|159|199|159|199|0|204|5448|1774|2060|918|3388|1178|1107|596|977|579|130|163|4065|1678|2899|1221|1166|717|1595|1428|1120|1054|475|583|361|308|326|267|35|60|5327|1414|3208|1229|2119|968|4188|1466|2240|1198|1948|792|5460|1582|2932|1157|2528|821|133|172|50|88|83|114|5067|2003|2193|1255|2874|1344|688|677|330|356|358|382|905|564|346|363|559|411|4593|2043|1664|1155|2929|1301|3510|1085|2699|930|811|586|1381|880|1045|657|336|401|8930|3043|5120|1890|3810|2019|98|106|84|101|14|20|3013|1454|1385|873|1628|940|2283|1950|2029|1917|254|299|11180|3685|3427|1611|7753|2748|0|204|0|204|0|204|336|216|266|200|70|96|1219|787|1077|665|142|240
04000C0US22|3652820|3441|3355933|11593|142143|6823|79734|5783|62409|5433|52201|4086|45147|3759|7054|1427|2087|1614|1975|1616|112|143|2131|824|1848|753|283|360|4349|2188|3749|1958|600|468|3932|1664|3501|1496|431|382|349|254|349|254|0|220|1376|1169|1067|960|309|313|2071|1091|1462|933|609|535|491|746|491|746|0|220|746|459|460|353|286|245|892|591|334|351|558|492|209|243|94|154|115|186|1056|815|433|268|623|753|2326|1174|822|556|1504|1016|2949|1409|2181|1206|768|645|2584|1580|1768|1282|816|795|450|505|93|160|357|472|1556|1175|617|430|939|911|2175|1276|1705|1037|470|422|2472|1244|1659|990|813|837|2320|1379|2077|1341|243|328|609|458|609|458|0|220|232|270|232|270|0|220|10771|2609|5300|1557|5471|1714|1632|1022|981|714|651|507|3526|1582|2105|1085|1421|784|291|401|291|401|0|220|21615|4069|11995|3024|9620|2237|0|220|0|220|0|220|2022|748|833|448|1189|468|1326|1127|1326|1127|0|220|5762|1929|4766|1691|996|530|473|445|473|445|0|220|10544|3198|4945|1862|5599|2372|53|72|53|72|0|220|1764|2393|1572|2101|192|307|2352|1769|1807|1133|545|746|578|356|344|275|234|224|0|220|0|220|0|220|236|248|207|245|29|49|2236|1156|1381|917|855|590
04000C0US24|5671116|2389|4478225|23136|511910|8926|271866|8609|240044|8586|52553|6566|37697|5169|14856|3253|14226|4623|10693|3920|3533|1814|7866|1671|5257|1187|2609|1035|16623|4391|11137|2976|5486|2334|14313|2361|11823|1840|2490|1033|7236|3497|4816|1624|2420|2443|6093|1641|4781|1264|1312|691|25142|4857|16837|3964|8305|1959|4523|1386|3422|1118|1101|777|1651|760|934|558|717|594|9323|2514|6080|2028|3243|1689|1317|889|898|625|419|325|17863|3133|10831|2353|7032|1887|6956|2261|4874|1938|2082|837|19122|3166|15743|2644|3379|1350|18324|4165|12683|3011|5641|1761|5012|1815|3861|1459|1151|686|11111|3238|6913|1918|4198|1803|20514|4927|13233|2667|7281|3224|10462|3118|7767|2563|2695|1704|12473|4412|9978|3726|2495|1573|7538|2622|5732|2086|1806|1159|7044|2045|6229|1965|815|384|76605|7000|40365|4449|36240|4234|7859|2788|4658|1920|3201|1306|34319|4537|16643|2622|17676|3069|0|224|0|224|0|224|19320|3473|8611|2051|10709|2460|1034|777|503|517|531|425|5743|2101|2954|1193|2789|1352|11059|2813|7458|2442|3601|1371|36768|5350|28658|4390|8110|1725|5235|2187|3107|1087|2128|1892|18253|3811|13137|2628|5116|2029|4848|1331|4242|1159|606|427|55189|10163|39668|8258|15521|3449|70956|9067|60631|7680|10325|2962|20922|6878|16414|5452|4508|2521|0|224|0|224|0|224|864|456|734|420|130|172|14722|4960|11797|4264|2925|1569
04000C0US25|6605605|1173|4951258|22365|633913|11343|349904|10846|284009|9138|43942|4832|35353|3880|8589|1949|76992|8803|42929|5240|34063|5683|26544|3336|19554|2887|6990|1584|224386|14442|121648|9059|102738|9111|15395|2141|14089|2040|1306|547|2717|939|2561|924|156|114|22280|3582|15954|2849|6326|1778|35519|4582|21564|3652|13955|3651|14583|2928|10363|2149|4220|1420|5808|2553|3737|1537|2071|1912|11582|2822|7912|1984|3670|1354|6294|2840|4419|1892|1875|1550|8141|2272|5033|1567|3108|1443|12619|3297|9253|2425|3366|1364|26723|4100|23122|3677|3601|1304|7343|2186|5395|1721|1948|1057|5820|3414|4092|2440|1728|1281|8397|1981|6234|1499|2163|888|18894|3384|13436|2993|5458|1378|32623|5657|22234|4261|10389|2700|13455|2985|10508|2441|2947|2039|10820|2257|9827|2270|993|659|6815|2125|6103|1860|712|437|136140|8780|73391|6014|62749|5042|10149|2366|6586|1769|3563|1016|21347|3402|12565|2259|8782|1866|1516|1470|468|461|1048|1095|45497|6431|18692|3290|26805|4627|28009|4505|13365|2806|14644|2982|9314|3021|5097|2054|4217|1543|10728|2680|8055|1958|2673|1116|6068|1662|4845|1362|1223|673|2772|1056|2479|1013|293|235|41471|6021|26328|4112|15143|3595|12824|3131|10570|2729|2254|1247|9519|2708|5183|2001|4336|1739|18526|4098|14368|3690|4158|1448|18846|3913|15288|3899|3558|1227|41|74|0|222|41|74|639|521|639|521|0|222|9336|3008|6508|2366|2828|1532
04000C0US26|7763847|1729|6879037|20445|244937|9114|156592|7907|88345|6704|22406|3860|18010|3215|4396|1760|1333|1099|1235|1072|98|117|12203|2016|9147|1719|3056|819|3988|1182|3074|963|914|520|19107|2415|16535|2228|2572|951|7926|1927|6811|1843|1115|555|8289|2446|6171|2174|2118|814|12185|2799|7639|2153|4546|1378|11336|2130|8249|1558|3087|1211|9305|2569|5515|1528|3790|1700|11787|2252|7587|1659|4200|1340|1830|1064|1507|951|323|412|5320|1498|3656|1208|1664|849|7702|2359|6082|1893|1620|714|20912|3081|18284|2785|2628|925|13333|3456|10538|2994|2795|949|8967|2736|6890|2376|2077|1120|30368|5740|10925|3143|19443|3690|10123|2743|7931|2132|2192|1090|37081|6123|25206|5355|11875|2404|17217|3909|12303|2925|4914|2130|8846|2206|7159|1800|1687|781|8862|2322|7315|2021|1547|696|45091|4627|26551|3018|18540|3189|12135|2436|5527|1430|6608|1788|15426|2840|7916|1966|7510|1840|5487|2260|3865|1683|1622|835|12436|2936|5936|2178|6500|1455|2053|890|1042|572|1011|565|4557|1783|2669|1247|1888|823|7572|2259|3853|1467|3719|1714|19807|3187|14609|2540|5198|1515|1827|600|1447|542|380|287|167412|11314|87634|8174|79778|7321|2811|1166|2752|1159|59|59|32399|6084|19594|4848|12805|3415|5826|2343|4916|2153|910|742|9351|4231|4113|1383|5238|3940|0|184|0|184|0|184|2050|2012|1921|2008|129|116|3207|1080|2476|961|731|424
04000C0US27|4193080|1852|3613382|13725|163986|6724|95236|5831|68750|5295|15228|2658|11184|2037|4044|1508|570|526|403|475|167|236|1464|850|1194|804|270|231|4231|1447|3726|1334|505|348|11788|2464|8238|1690|3550|1338|1350|514|950|408|400|327|728|432|728|432|0|157|15573|3367|10415|2685|5158|1417|1527|652|1169|517|358|277|1570|793|842|534|728|582|3634|1753|1971|1118|1663|963|0|157|0|157|0|157|5208|2574|1762|738|3446|2422|2978|1827|2245|1357|733|721|7308|1815|6226|1689|1082|584|2157|1123|1497|732|660|492|578|511|265|324|313|248|3479|1348|2648|1023|831|467|6865|2601|5155|2066|1710|1092|5535|1481|4309|1130|1226|793|6563|2529|4481|1669|2082|1120|7474|2657|6401|2499|1073|963|1573|1093|1494|1084|79|103|17766|3273|9465|1905|8301|2217|2663|1136|2223|1072|440|237|4592|1415|2813|1039|1779|692|67670|6485|39260|4465|28410|3867|23178|3419|9781|2134|13397|2323|6756|2130|2963|1017|3793|1543|8143|2376|4825|1843|3318|1005|17945|4584|6947|2500|10998|3276|7144|1625|5712|1380|1432|577|1224|698|892|490|332|341|14304|4637|9884|2716|4420|2544|1068|621|686|406|382|342|99680|9657|59229|7274|40451|5730|17994|4392|12283|3213|5711|2232|10300|2968|7415|2296|2885|1391|4|8|4|8|0|157|2163|1636|2017|1628|146|124|5737|2212|3662|1699|2075|955
04000C0US29|4395274|4094|4085592|12687|126635|7136|83809|5709|42826|4501|8787|1926|6875|1385|1912|964|1247|939|922|711|325|383|3463|1726|3145|1512|318|330|3372|1377|2639|1095|733|536|12525|2777|10728|2669|1797|735|3707|1287|2648|1071|1059|517|1110|578|957|546|153|178|4211|1501|3106|1100|1105|706|1081|627|626|381|455|475|11696|2828|7311|2022|4385|1487|4244|2446|3592|2280|652|504|139|230|139|230|0|195|2362|1200|1460|909|902|603|2237|1153|1655|753|582|559|5489|2529|4896|2491|593|446|4509|2334|3625|1939|884|653|1589|978|1035|690|554|496|1002|582|690|417|312|246|2620|1279|2228|1097|392|381|6454|2031|4065|1398|2389|1059|7499|2444|5980|2266|1519|673|3056|1622|2778|1493|278|301|2060|976|1646|827|414|326|18300|2989|10433|2115|7867|1678|1966|1015|1077|474|889|793|7305|1716|3980|1039|3325|1232|1164|711|911|609|253|157|8107|2041|3287|1311|4820|1479|2801|1368|1121|669|1680|1014|1403|740|1077|596|326|270|2819|1183|771|397|2048|1052|7954|1915|3914|938|4040|1481|3398|1155|2296|835|1102|540|13563|3819|8721|2566|4842|1746|1176|784|1176|784|0|195|7536|4194|4991|2808|2545|2185|3906|1409|3177|1089|729|612|6231|2523|4012|1847|2219|1648|106|157|106|157|0|195|272|316|272|316|0|195|581|388|581|388|0|195
04000C0US31|1216020|1696|1057362|7451|88762|5470|51082|3882|37680|3914|3346|1180|2384|963|962|582|385|476|385|476|0|174|774|489|546|357|228|217|661|367|346|209|315|257|3521|1002|3219|965|302|368|115|117|78|101|37|63|425|429|425|429|0|174|2307|1437|1556|1174|751|632|385|379|115|110|270|366|1016|973|824|921|192|190|1974|1508|1531|1225|443|611|0|174|0|174|0|174|2602|2796|1621|2057|981|835|0|174|0|174|0|174|1085|649|1085|649|0|174|61|112|61|112|0|174|389|369|268|273|121|112|417|424|124|165|293|295|4250|1291|2183|819|2067|844|2516|1109|1241|704|1275|874|1967|1146|1737|993|230|262|1147|819|331|298|816|659|556|380|556|380|0|174|3267|1005|1922|681|1345|668|1034|532|850|468|184|163|589|591|199|189|390|551|0|174|0|174|0|174|6878|1778|2446|921|4432|1267|0|174|0|174|0|174|702|564|288|250|414|343|5677|2489|2975|1611|2702|1338|3495|1405|2723|1227|772|416|1175|679|897|584|278|264|6472|2148|4762|1672|1710|797|282|219|167|183|115|140|1940|1501|289|401|1651|1436|1484|1375|1428|1387|56|94|4332|1882|2919|1260|1413|759|417|489|417|489|0|174|449|528|449|528|0|174|1804|1524|1228|952|576|776
04000C0US32|2723665|1963|1864616|16912|589557|12584|364752|11875|224805|9215|7264|1879|6504|1808|760|445|1436|1320|792|1022|644|754|2843|835|1872|678|971|619|3822|1269|3094|1020|728|576|5642|1244|5390|1256|252|251|1619|1360|1364|1203|255|286|1484|912|1160|772|324|460|6976|2160|4790|1815|2186|815|2061|946|1303|774|758|519|5454|3413|3264|2482|2190|1176|1763|743|1057|521|706|392|3422|1981|2400|1382|1022|947|8462|2771|4418|1860|4044|1801|1756|2188|1063|1239|693|961|2497|1153|2205|1057|292|224|1967|1296|1908|1273|59|97|2700|1438|1827|1076|873|649|815|799|303|341|512|491|1786|846|1026|513|760|533|3991|1297|3369|1124|622|503|746|492|660|471|86|104|702|585|545|466|157|194|217|270|217|270|0|228|32498|3874|16067|2979|16431|2360|4454|1352|2839|1051|1615|595|11640|2304|6579|1661|5061|1242|351|425|280|407|71|117|10290|2834|4126|1350|6164|2175|670|587|137|174|533|489|6199|1896|3047|1243|3152|1237|1037|734|715|542|322|366|92454|7504|65293|5914|27161|3713|11840|3227|6981|1863|4859|1889|8149|2975|5410|1895|2739|1387|2127|1564|1532|1528|595|452|10270|2982|4835|1728|5435|1749|665|681|285|343|380|603|3320|2569|1942|1718|1378|1089|573|559|573|559|0|228|846|506|846|506|0|228|2684|1260|2136|1103|548|333
04000C0US34|8748366|1322|5921644|25018|1456842|18925|778572|17623|678270|15886|29201|5001|25400|4373|3801|1694|59696|9198|37337|6473|22359|4547|50838|4622|36582|3991|14256|2477|100631|9686|53322|5443|47309|7321|17746|2598|15922|2519|1824|662|11603|3209|10729|3127|874|496|22630|3722|16544|3113|6086|1619|57837|6633|38596|5719|19241|3055|55665|6413|33529|4171|22136|3780|9241|2065|6789|1719|2452|835|24740|3944|14954|2919|9786|2396|4320|1732|3799|1571|521|402|7752|2399|5399|1700|2353|1062|83064|8612|54335|6160|28729|3888|90309|8544|75137|7371|15172|2906|35021|5675|26128|4122|8893|2269|15330|4816|9622|3252|5708|2215|30690|4666|20125|3424|10565|2462|25072|3757|20420|3372|4652|1656|22232|3841|15865|2790|6367|1743|39855|5519|31724|4717|8131|2226|29264|5718|24242|4708|5022|1988|19926|3777|16905|3553|3021|1127|123283|7580|70847|5082|52436|4376|12545|2754|5892|1784|6653|1868|74414|5773|34248|4214|40166|3430|1|1|1|1|0|225|20130|4304|9349|2660|10781|2595|3292|2075|1956|1383|1336|851|2070|973|1231|666|839|577|29687|5930|18924|3886|10763|2845|78852|7379|57615|6141|21237|2970|5367|1916|4616|1817|751|433|80840|9832|56108|7217|24732|4140|20989|4281|17023|3404|3966|1522|5291|2212|2740|1274|2551|1478|41066|6542|33735|5631|7331|1856|8472|3164|7751|3234|721|540|0|225|0|225|0|225|1249|831|1205|806|44|75|19669|4180|14387|3665|5282|1657
04000C0US36|17329971|1887|11715416|45749|2685757|22370|1477844|22587|1207913|21447|136544|11415|106362|9063|30182|4816|141786|12358|92932|8144|48854|7242|125205|9132|85975|7160|39230|4563|47107|5751|33181|4550|13926|2500|42765|4778|37975|4448|4790|1154|200316|12458|94498|9399|105818|8944|58117|5799|42149|4954|15968|2275|211723|14897|102393|10105|109330|8665|60207|6547|32384|3886|27823|3926|25986|4522|16769|3504|9217|2002|50405|6470|28396|4881|22009|3897|6330|2301|3869|1260|2461|1685|24907|4012|16651|3429|8256|1972|16102|2733|12131|2246|3971|1186|50621|6337|38998|5684|11623|2526|74901|10209|45171|6595|29730|5308|44409|7081|23145|4358|21264|3747|145636|9994|71927|6508|73709|5912|40820|6559|20616|3669|20204|4164|85701|9875|57607|7469|28094|5294|6766|1534|5583|1270|1183|692|9141|2235|7066|1995|2075|916|29302|4647|20288|3426|9014|2093|604461|17007|219514|10836|384947|12044|32648|3223|18036|2716|14612|1956|93650|8243|47302|5238|46348|5073|253|236|193|179|60|75|22131|4109|9870|2078|12261|2918|4770|2065|2522|1196|2248|1174|10010|2175|4241|1328|5769|1557|68840|7738|34473|4606|34367|4339|81076|6712|61282|5438|19794|2588|14102|3242|9254|2774|4848|1648|134931|16234|88076|11375|46855|6938|53633|7366|42659|5717|10974|3283|19432|5555|14314|4474|5118|1813|94014|9856|70138|7617|23876|4776|15623|4064|10519|3034|5104|1884|254|200|155|125|99|159|2827|1414|2530|1380|297|230|41346|7246|28192|5347|13154|3253
04000C0US37|8279621|3698|7132521|20732|686770|11644|405175|9809|281595|10077|31173|5186|24892|4490|6281|1819|5140|2220|3256|1534|1884|1116|6833|1821|5621|1615|1212|677|11956|2608|8104|2013|3852|1438|23832|4169|20691|3975|3141|1016|4316|1689|4033|1602|283|249|5465|1641|4842|1522|623|425|16989|3520|11592|2977|5397|1546|3804|1516|3553|1516|251|201|3878|2238|2858|1752|1020|658|7883|3489|4549|1962|3334|2049|195|230|195|230|0|221|7265|2615|4964|1879|2301|1198|13841|3555|7773|2496|6068|1926|23164|3663|19102|3441|4062|1732|8097|2576|5817|1956|2280|1194|1156|802|846|631|310|390|3770|1306|2984|1049|786|642|11318|3118|8235|2363|3083|1393|13417|3569|8044|2234|5373|2622|22714|5014|17863|3929|4851|2189|10848|3266|9084|2823|1764|1065|7290|2486|6776|2439|514|376|38905|4649|22750|3253|16155|2671|7407|2069|4286|1321|3121|1182|15068|2904|6860|2084|8208|2038|9357|2450|5514|1709|3843|1433|23472|5981|11533|4074|11939|2887|1468|1121|645|606|823|720|7515|2537|4023|1685|3492|1354|15575|5006|8293|2959|7282|2672|14735|3096|11663|2736|3072|1187|8848|2512|4397|1750|4451|1669|29272|7543|18728|5461|10544|3215|1986|895|1587|808|399|336|9898|3242|5852|2081|4046|1768|18703|6373|15992|6026|2711|1449|6010|2357|4199|1836|1811|1190|42|70|42|70|0|221|1153|763|816|623|337|419|6572|2087|4494|1784|2078|1163
04000C0US39|8934947|2456|8183094|18570|242289|8547|145354|7763|96935|6259|27502|4934|16842|3474|10660|3747|4524|1963|1455|884|3069|1538|11178|2002|8677|1670|2501|904|6674|2358|3643|1118|3031|1820|25734|2963|21636|2788|4098|960|21683|4713|16369|4336|5314|1831|6838|1914|5657|1781|1181|676|16527|2881|10003|2462|6524|1738|4557|1661|3898|1509|659|388|10194|2610|7612|2388|2582|824|14931|2953|8795|2170|6136|1980|405|403|347|354|58|94|4851|1893|3629|1718|1222|665|9253|2532|6526|2162|2727|1157|17940|3134|14775|2547|3165|1489|12158|3644|9249|2979|2909|1202|7491|3324|4173|1709|3318|1840|4076|1783|3701|1685|375|377|40127|5992|19593|4118|20534|3730|14380|3412|9693|2375|4687|2066|10683|2445|9408|2246|1275|611|7303|2407|4935|1458|2368|1474|4109|1446|3424|1346|685|435|37366|4828|20834|3400|16532|2952|7829|2113|4364|1353|3465|1195|9402|2227|5741|1424|3661|1349|402|430|245|306|157|165|11641|2718|5231|1548|6410|1995|4833|2439|1862|747|2971|1945|5468|1801|3540|1327|1928|955|12407|3849|6823|2157|5584|2235|10586|2090|7893|1846|2693|1149|3819|1530|1789|955|2030|968|38982|6547|28024|5371|10958|2380|3259|1787|2736|1552|523|687|32136|5772|20400|5190|11736|2413|24686|4968|17884|4113|6802|1995|14554|5443|9783|3387|4771|3167|88|106|88|106|0|208|875|732|842|731|33|60|8113|2119|5336|1499|2777|1394
04000C0US40|2556182|1727|2228769|8107|228531|6728|141768|6441|86763|4215|3295|888|2456|944|839|479|0|165|0|165|0|165|825|402|634|347|191|202|2053|988|1465|735|588|422|5325|1048|4801|1033|524|285|971|598|904|575|67|83|516|347|437|319|79|92|1477|922|1257|864|220|215|872|524|734|401|138|184|40|66|40|66|0|165|665|379|560|364|105|102|179|299|139|231|40|68|1305|704|866|531|439|363|1160|654|1040|608|120|141|1139|523|985|472|154|127|2063|1564|1682|1274|381|399|488|772|213|323|275|459|1597|1320|519|419|1078|956|1286|766|856|603|430|397|2466|1231|1480|694|986|954|1372|707|1190|649|182|179|110|130|89|102|21|35|2916|1493|1447|936|1469|1119|9996|2094|6553|1523|3443|1196|1151|591|735|466|416|275|2246|674|1234|455|1012|447|5904|1440|3905|1005|1999|826|14075|2443|4395|1076|9680|1949|439|337|250|287|189|214|2672|1161|1522|843|1150|799|4431|1412|1678|861|2753|971|3863|1167|2553|1033|1310|544|2879|1146|2170|831|709|425|5689|1983|4132|1422|1557|817|470|366|396|321|74|89|992|648|920|583|72|121|3801|1422|3605|1412|196|184|2153|1114|1386|1011|767|593|94|103|0|165|94|103|4967|1272|4121|1148|846|542|940|545|920|544|20|32
04000C0US41|3375512|1640|2835054|13088|298967|9241|186498|8681|112469|8499|11368|1971|10223|1858|1145|763|121|201|121|201|0|214|2140|818|1961|802|179|169|2355|1009|1938|827|417|296|11829|2841|10543|2728|1286|605|2477|1045|2366|1032|111|140|1432|1728|1432|1728|0|214|18136|4067|11589|3478|6547|1721|898|525|672|448|226|225|2215|1110|1243|623|972|654|9642|3806|4031|1819|5611|2520|571|590|338|309|233|329|4166|1483|2481|946|1685|862|313|261|272|231|41|69|6893|2202|5937|1993|956|537|978|670|821|591|157|187|477|509|477|509|0|214|2048|996|1770|889|278|275|8500|3183|4624|1738|3876|2300|8897|2339|7263|1866|1634|1006|4809|2180|4093|1937|716|715|2864|1547|2322|1336|542|462|2604|1336|2142|1006|462|658|27322|3837|14500|2253|12822|2764|9760|1715|7986|1578|1774|627|9533|2304|5654|1576|3879|1280|1435|916|1004|653|431|331|25683|4063|10658|2117|15025|3294|2029|1405|709|401|1320|1340|4561|1871|2043|1086|2518|1152|4697|1921|1985|853|2712|1881|12115|2473|8922|2112|3193|1036|10557|2040|6247|2147|4310|1508|8183|2636|5769|2184|2414|967|1500|800|1236|668|264|284|6350|2894|3656|2147|2694|1289|3333|2022|1850|938|1483|1795|2020|1231|1240|855|780|669|30|39|30|39|0|214|1193|693|1183|690|10|22|5457|1965|4199|1704|1258|913
04000C0US42|10945299|2219|9493866|24722|674023|13525|379366|13609|294657|11523|33358|4985|23926|3360|9432|3461|13285|5093|6706|3011|6579|2602|26136|3016|18558|2406|7578|1575|23205|5699|12886|3480|10319|3876|34043|4446|28001|3816|6042|1512|60274|8907|44081|7486|16193|3390|10078|2460|8498|2189|1580|654|39124|5323|22363|3687|16761|2914|13846|2294|9268|2128|4578|1137|5018|1657|3912|1328|1106|701|19900|3519|10710|2101|9190|2715|2124|855|1744|788|380|269|6189|1821|4660|1305|1529|919|28871|5143|20055|3981|8816|2119|20298|3889|16251|3472|4047|1191|9724|2595|7351|2087|2373|980|4850|1975|2769|1241|2081|1209|16878|4633|9144|2543|7734|2698|27174|4664|12444|2899|14730|3764|19590|4221|11839|2725|7751|2334|14157|2998|11407|2635|2750|992|8032|1978|6183|1711|1849|828|17959|3696|12358|2781|5601|2008|98085|8109|47090|4872|50995|5619|6287|1202|3677|837|2610|880|29880|5309|15515|3591|14365|2711|514|318|368|254|146|94|36775|5527|14414|2544|22361|3923|11224|3318|4311|1420|6913|2554|3313|1232|1441|655|1872|796|18485|4463|9831|2380|8654|2915|16651|3070|11273|2500|5378|1445|4440|1606|2237|1017|2203|1029|41755|7631|27015|5320|14740|4230|4319|1750|3903|1631|416|358|8793|2987|5027|1805|3766|1721|18848|4175|12723|3425|6125|2234|8946|3494|5630|1951|3316|2063|1029|1352|1029|1352|0|190|909|759|889|764|20|36|13044|3660|8292|2398|4752|2048
04000C0US44|1041779|1060|812960|8197|132546|5955|69619|4481|62927|5306|6896|1927|5822|1602|1074|834|3366|1582|1935|1118|1431|737|4235|1433|3413|1312|822|481|30425|5114|16486|3205|13939|3463|2312|1017|2033|972|279|282|256|314|212|305|44|74|785|534|544|324|241|405|2372|1815|1856|1768|516|440|2275|944|1866|812|409|314|109|154|109|154|0|242|394|314|329|311|65|108|730|530|730|530|0|242|425|461|290|399|135|220|46|80|46|80|0|242|1669|1241|1618|1236|51|84|573|504|573|504|0|242|170|278|0|242|170|278|0|242|0|242|0|242|789|743|789|743|0|242|2042|1099|1604|925|438|440|777|733|589|546|188|231|1973|1617|1402|1078|571|690|382|479|382|479|0|242|5837|1584|2763|780|3074|1232|1243|728|1079|689|164|198|1849|1117|727|556|1122|854|706|906|617|849|89|177|455|388|151|145|304|317|6095|2764|2807|1409|3288|1741|2128|1020|1176|620|952|613|1478|1155|842|746|636|865|1700|894|960|549|740|507|196|208|147|198|49|61|3687|1847|2708|1215|979|879|421|339|421|339|0|242|108|185|108|185|0|242|5423|2222|4939|2015|484|457|929|694|676|510|253|305|0|242|0|242|0|242|118|143|118|143|0|242|899|611|810|580|89|153
04000C0US45|4315146|2936|3954484|12295|216701|8452|132348|7547|84353|5769|8470|1538|7589|1423|881|464|1231|656|1231|656|0|222|5776|1872|5353|1862|423|367|5577|1848|3986|1667|1591|735|13830|2790|11691|2411|2139|1098|2059|883|2059|883|0|222|1860|1216|1555|1091|305|270|8247|2569|4846|1776|3401|1724|1894|974|1562|808|332|278|743|536|515|397|228|376|7489|2690|4924|2167|2565|1121|377|356|377|356|0|222|2086|1161|1282|847|804|609|8028|2346|4668|1551|3360|1269|5964|2199|5324|1921|640|500|1692|1105|1208|789|484|556|2407|1616|1952|1423|455|376|1323|848|908|678|415|450|3953|1941|3444|1790|509|374|5562|1872|3882|1347|1680|924|2875|1553|1889|1142|986|889|1260|951|1260|951|0|222|1837|1300|1359|1114|478|464|9528|2320|7393|2146|2135|914|2051|906|1208|532|843|623|3473|1271|2108|992|1365|629|1572|784|982|560|590|473|4649|1559|2257|957|2392|1089|1606|1016|828|571|778|666|1776|780|802|509|974|510|1732|1320|1206|1358|526|469|8017|1765|6017|1509|2000|741|932|587|622|426|310|300|3805|1312|2940|1019|865|599|603|540|603|540|0|222|62|115|62|115|0|222|3594|2008|3124|1951|470|399|1861|1018|927|699|934|703|0|222|0|222|0|222|677|854|340|427|337|457|3483|1305|2629|1328|854|525
04000C0US47|5210843|5457|4748698|16206|254373|8510|128909|8153|125464|7140|11353|3783|8121|2237|3232|1878|1644|941|1402|831|242|307|1735|707|1599|688|136|145|5399|3561|4586|3005|813|707|9376|2516|8673|2401|703|412|3796|1856|3611|1791|185|217|1635|946|1300|707|335|318|2350|1078|1459|867|891|657|1875|1437|1428|996|447|511|3011|1621|2164|1415|847|536|1950|902|1366|701|584|482|381|416|226|293|155|256|6070|3078|3464|1573|2606|2025|3354|1529|2281|1193|1073|709|5747|2140|5141|2105|606|533|1054|673|838|530|216|207|593|666|593|666|0|225|1270|950|681|535|589|556|3068|1436|2338|1051|730|665|5349|2139|4100|1591|1249|816|4731|1796|4189|1497|542|469|3252|1594|2881|1444|371|292|2249|1306|1647|1043|602|472|14994|2546|8012|1766|6982|1633|2509|1150|1418|784|1091|734|8144|2283|4236|1486|3908|1305|0|225|0|225|0|225|12076|3467|6446|2321|5630|2020|483|457|383|372|100|163|5712|2005|3936|1999|1776|940|7682|3174|2536|1152|5146|2369|8552|2544|7069|2405|1483|725|2177|1248|746|472|1431|1105|38045|8876|23969|6958|14076|4677|682|616|590|488|92|149|8483|2899|5081|1705|3402|1592|8061|3431|6129|2856|1932|1288|5883|2647|2605|1241|3278|1901|0|225|0|225|0|225|267|268|256|266|11|20|2780|1444|1512|944|1268|1135
04000C0US48|25228340|6056|16063741|59390|7300050|53566|4510583|43499|2789467|42562|90328|13429|70283|11555|20045|4362|7598|3148|5159|2402|2439|1479|13694|3127|11500|2934|2194|1111|36220|5658|27593|4760|8627|2125|51081|6182|44830|5600|6251|1628|16664|8624|16131|8530|533|359|5924|1944|5233|1890|691|430|36356|6988|26814|6192|9542|2052|8736|1722|6854|1507|1882|871|7595|2044|4553|1401|3042|1188|14997|4098|11373|3249|3624|1784|1152|759|756|493|396|373|34213|5001|20017|2776|14196|3224|47743|7590|33888|5917|13855|3412|95655|8838|80667|7442|14988|3184|97197|11712|74457|9447|22740|4007|11096|3597|7793|2774|3303|1511|23533|4749|15770|3266|7763|2924|59564|7943|45317|7099|14247|2969|37313|6374|21378|3448|15935|5147|83488|7488|69672|6104|13816|3259|50056|5822|42238|5269|7818|2354|47759|6547|37364|5341|10395|2531|187723|11495|103857|8095|83866|6422|21317|3597|12554|2386|8763|2059|74822|9067|39507|6146|35315|4950|699|466|672|463|27|45|220523|13308|103771|8492|116752|8175|11296|3006|5035|2005|6261|1881|20744|4348|10978|2760|9766|2763|34235|5520|17557|2946|16678|3976|88201|7537|68755|6152|19446|3271|26973|5319|20471|4533|6502|1798|111102|13585|78731|9701|32371|5521|8978|2584|7812|2503|1166|732|32065|6098|18875|3979|13190|3529|90966|9110|79913|8815|11053|2548|39564|6662|29115|5558|10449|3792|237|224|237|224|0|237|3743|1594|3217|1552|526|411|13399|3692|9617|2640|3782|1884
04000C0US49|2825235|1500|2359672|13840|311810|10002|198731|8952|113079|6660|6782|1319|5444|1154|1338|754|251|316|251|316|0|204|2069|622|1924|607|145|176|14517|3459|11674|2862|2843|1318|8420|1822|7582|1750|838|554|2021|824|1674|742|347|300|547|468|381|447|166|140|4852|1780|3837|1596|1015|539|854|916|270|231|584|896|3467|1906|2422|1357|1045|933|1207|685|703|482|504|429|359|414|176|210|183|220|3041|2280|1934|2051|1107|920|204|256|204|256|0|204|2582|1484|2166|1168|416|470|574|580|376|517|198|239|351|501|351|501|0|204|228|219|228|219|0|204|3639|2577|3260|2138|379|552|2571|891|2157|790|414|325|1273|1098|974|991|299|286|702|654|473|419|229|293|765|536|673|533|92|114|19771|3572|12999|2730|6772|1640|5228|1698|3860|1190|1368|862|5644|2171|3601|1743|2043|818|735|887|660|884|75|123|9269|2828|4064|1747|5205|2038|976|677|552|448|424|382|3067|1228|1805|927|1262|619|6368|3116|3717|1765|2651|1627|7268|2160|5621|1723|1647|841|18147|2811|15302|2588|2845|1015|4812|2340|4112|2022|700|584|0|204|0|204|0|204|5337|5445|3662|3296|1675|2191|341|297|341|297|0|204|1755|1287|999|936|756|662|2237|999|2005|1017|232|270|472|296|472|296|0|204|1050|491|936|460|114|112
04000C0US51|7200106|6357|5854055|22156|579722|11845|351502|11585|228220|11378|28257|4531|22788|3876|5469|1412|7093|3011|4136|2206|2957|1807|11380|3138|9760|2557|1620|930|11213|2722|7805|1867|3408|1551|17647|2289|16442|2142|1205|479|3982|1223|3405|984|577|462|5770|1601|4851|1465|919|485|16431|3235|11903|2516|4528|1421|2131|693|1695|529|436|302|3028|1249|2236|1072|792|571|5969|1865|4420|1506|1549|686|2292|1556|2007|1452|285|478|37722|5294|20494|3473|17228|3313|8751|2602|6487|2017|2264|988|33091|4443|27108|3411|5983|2533|29443|5546|18524|3964|10919|2773|8390|3050|5555|2214|2835|1311|16626|4320|10793|2547|5833|3146|27878|4924|19921|3797|7957|1946|22674|5179|14206|3511|8468|2646|26405|4658|21738|3967|4667|1398|16359|4392|14730|4197|1629|714|7255|2226|6730|2031|525|469|60650|5499|36208|3794|24442|3517|8853|1858|5611|1375|3242|1012|55867|5021|29181|3341|26686|3489|478|401|478|401|0|214|50156|6059|22385|3842|27771|3655|5346|1933|2319|955|3027|1273|8815|2288|4622|1066|4193|1653|16008|3433|9504|2251|6504|1952|45361|4604|34579|3719|10782|2152|7726|1936|5454|1488|2272|952|63334|7855|44180|6021|19154|3697|1924|808|1866|795|58|97|41296|5872|27630|4758|13666|2936|28323|4920|21034|3473|7289|2793|11798|3588|7984|2119|3814|2257|0|214|0|214|0|214|1340|1036|1116|778|224|315|9267|2426|7083|2219|2184|1001
04000C0US53|6605037|2287|5147135|24929|570108|14231|348356|10203|221752|11594|25306|4389|22151|3856|3155|1372|3523|2814|1822|1211|1701|1729|5673|1833|4830|1622|843|444|11593|2918|7566|2400|4027|1765|22569|3450|19762|3346|2807|884|4962|1676|4285|1509|677|515|2145|853|2016|831|129|156|63471|7895|39458|5886|24013|3431|6175|2745|4482|2501|1693|1008|7267|2554|5503|2286|1764|697|35149|7876|17551|4099|17598|5536|2249|1372|1864|1193|385|481|14019|3089|7693|2026|6326|1993|7144|1896|5936|1675|1208|672|41276|5283|36490|4870|4786|1455|7878|2215|5903|1547|1975|996|16144|3956|8700|2173|7444|2461|4952|2045|4615|1973|337|305|11849|3092|8819|2590|3030|1245|16492|3727|12441|3028|4051|1555|20723|4730|16207|3497|4516|2412|10898|2827|9759|2454|1139|647|10163|3199|8648|3009|1515|619|139819|7983|81128|6097|58691|4655|24694|3426|16870|2752|7824|1486|54155|6141|24306|3589|29849|4177|3191|1883|1575|898|1616|1829|73674|7610|32834|4463|40840|4612|11321|3164|4971|2065|6350|1815|15567|3866|7743|2296|7824|2495|19053|5876|10604|3528|8449|3374|57786|5399|38707|3929|19079|2853|34219|3864|22753|3079|11466|2433|26547|6125|19621|4490|6926|2639|3881|1929|3552|1855|329|287|36707|7099|21927|5557|14780|3438|8473|3617|6070|2671|2403|1420|15573|3652|11331|2740|4242|1783|252|356|252|356|0|214|4468|1535|3948|1378|520|476|6794|3301|4276|1151|2518|2617
04000C0US55|4150024|1643|3742239|11354|220974|7940|135447|6322|85527|5011|7138|2593|6133|2371|1005|778|38|79|38|79|0|159|3299|959|2679|938|620|461|3104|1224|2833|1106|271|230|16550|3424|13635|2939|2915|1097|3124|1349|2171|817|953|772|2026|724|1046|427|980|469|3326|1144|2244|893|1082|602|5005|1426|3315|956|1690|962|2450|1046|1271|594|1179|631|3078|1125|1820|795|1258|582|42|71|0|159|42|71|1521|804|1228|654|293|327|968|650|578|399|390|344|6481|2867|5533|2669|948|686|2777|1122|2295|1024|482|440|1520|1044|932|639|588|446|1848|1329|1089|662|759|886|2544|1330|1997|1178|547|423|8037|2431|5163|1481|2874|1243|5515|2295|4696|2006|819|669|1064|716|982|668|82|126|4069|1586|3140|1414|929|630|17487|3066|8597|1656|8890|2245|1916|662|1385|550|531|285|3428|1522|2566|1403|862|593|33503|4665|22338|4200|11165|2022|5546|1976|2552|839|2994|1496|436|521|201|283|235|253|2919|1401|977|612|1942|1041|7163|2846|2770|1597|4393|2096|6324|1733|4152|1219|2172|1024|1587|560|1049|434|538|305|6417|1990|4784|1438|1633|864|1213|628|1074|601|139|175|4800|2564|4030|2152|770|507|1968|1092|1295|773|673|571|4656|2660|2865|1977|1791|1535|0|159|0|159|0|159|1037|458|992|450|45|56|887|506|541|350|346|378
04000C1US04|3687786|6811|2611693|22657|842796|22492|564325|18724|278471|12809|10724|2447|8504|2068|2220|1172|2437|1751|1377|1219|1060|891|2724|1375|2323|1337|401|324|3129|1414|2784|1296|345|390|7570|1652|6701|1656|869|445|1604|760|1553|758|51|86|2366|1061|2251|1043|115|144|4233|1634|3023|1109|1210|1061|3414|1478|2751|1351|663|579|6255|2046|4157|1544|2098|875|2175|867|1757|876|418|241|1058|778|859|706|199|217|5192|2319|3671|1988|1521|993|2401|1177|1752|927|649|489|10564|3251|9653|2930|911|608|1688|1057|1454|897|234|240|547|434|547|434|0|228|1895|1557|1265|982|630|740|5092|2173|4417|2078|675|501|3036|1016|2525|875|511|413|6208|2413|5173|2203|1035|578|9031|2888|7305|2349|1726|1396|2300|1655|2031|1509|269|268|22006|3708|12496|3124|9510|2276|5064|1537|3363|1107|1701|913|7133|2121|3873|1445|3260|1269|919|1299|919|1299|0|228|17697|3781|7612|1686|10085|3021|2002|1141|1010|741|992|743|3651|1235|2202|779|1449|791|5313|2685|3063|1753|2250|1264|15820|3131|12034|2849|3786|1088|4609|1915|3227|1302|1382|864|23356|5388|15573|3631|7783|3183|1956|1092|1528|1004|428|436|4966|2029|3557|1578|1409|755|5546|2304|3053|1234|2493|1997|6723|3226|3573|1352|3150|2709|7328|1994|6013|1898|1315|640|2520|1529|2308|1506|212|194|1045|617|647|483|398|386
04000C1US06|16744240|13276|8861399|49290|4709685|39245|2817293|32976|1892392|27469|76511|7379|66649|6592|9862|2746|5334|2546|3570|1117|1764|1769|27467|3038|23045|2575|4422|1097|45621|5569|33990|4815|11631|2622|39870|3603|36042|3372|3828|1121|14113|2865|12041|2691|2072|820|11617|2868|9606|2622|2011|741|99457|8631|54331|5014|45126|6217|7330|1640|5971|1405|1359|584|10626|2827|8730|2755|1896|687|24623|4459|15105|3299|9518|2320|168876|11192|94555|9233|74321|6358|137419|11263|83231|8377|54188|6779|31753|5217|23219|3881|8534|2014|120539|9061|100095|8105|20444|2811|31241|5755|25690|5210|5551|1425|72065|9338|42964|6030|29101|4436|25238|4005|18761|2837|6477|1943|38840|6289|30533|3937|8307|3536|41412|5112|29148|3275|12264|2844|49699|6040|42762|5759|6937|2001|44729|6544|37525|6020|7204|1636|32795|5168|26927|4165|5868|2218|623710|18620|318441|12232|305269|11698|71960|7437|39627|5170|32333|3599|204688|11336|90700|6005|113988|8147|49046|6782|31624|4974|17422|3255|294478|16004|120555|7907|173923|11359|42176|5895|20597|3862|21579|3198|40290|4363|19401|3033|20889|3074|36870|4737|21148|2962|15722|3060|385110|16491|250471|12294|134639|8146|46777|5302|33148|4188|13629|2224|102987|11637|75899|9511|27088|4379|33633|4438|27723|3718|5910|1644|34916|5891|21350|3841|13566|3501|13488|4042|10115|2996|3373|1802|11104|3139|8785|2819|2319|997|361|243|313|241|48|35|2164|959|1856|891|308|201|22223|4289|9623|2097|12600|3414
04000C1US08|2418910|4611|1955083|16780|304170|15120|190330|10464|113840|8582|13744|3275|9609|2384|4135|1925|502|465|471|447|31|54|1160|647|1028|635|132|122|3271|1245|2670|1140|601|470|11890|2492|11128|2410|762|445|789|417|789|417|0|218|795|521|668|460|127|125|8729|2958|5141|2274|3588|1572|3198|1513|2520|1386|678|436|630|550|451|489|179|189|2910|1200|2215|1087|695|492|0|218|0|218|0|218|3406|1341|2286|902|1120|886|1785|1123|1141|768|644|539|4403|1834|3387|1271|1016|769|1382|723|1234|661|148|202|1643|1968|922|1006|721|976|492|445|492|445|0|218|3336|1318|1746|784|1590|846|4696|1588|3794|1242|902|548|998|680|833|591|165|169|912|474|798|441|114|198|1191|915|907|693|284|297|13236|2890|6792|1929|6444|1794|3690|1135|3132|1038|558|356|8983|1961|3788|1149|5195|1410|308|266|181|206|127|149|11136|2245|4550|1241|6586|1765|563|439|280|315|283|219|1620|638|941|461|679|435|2954|1160|1636|701|1318|673|4646|1632|3351|1242|1295|653|1424|738|1064|547|360|351|7145|3054|4745|2060|2400|1359|1522|744|1407|733|115|134|19186|5506|9914|3483|9272|3694|7114|4593|5541|3985|1573|976|2686|1524|1271|649|1415|1093|46|81|46|81|0|218|154|66|27|47|127|46|1382|881|1210|804|172|190
04000C1US09|893223|3662|563529|12040|215394|10034|116333|7520|99061|8025|5463|1489|4584|1302|879|456|11636|3443|8986|2940|2650|1033|7079|2065|4475|1258|2604|1425|24420|5292|11926|3388|12494|3208|630|242|572|223|58|95|309|395|309|395|0|224|1554|821|1038|596|516|435|2639|1187|1693|861|946|620|2944|1297|1963|907|981|636|2787|1918|1872|1284|915|725|2580|1177|1518|897|1062|583|0|224|0|224|0|224|851|781|312|288|539|705|1297|767|984|715|313|221|1843|808|1662|772|181|193|1254|1193|766|664|488|673|254|431|162|276|92|158|4210|2530|2242|1298|1968|1290|1678|1130|1051|874|627|512|4312|1571|3061|1429|1251|746|513|473|418|451|95|169|738|652|600|576|138|165|641|503|482|476|159|178|9210|2044|4918|1092|4292|1314|471|289|471|289|0|224|1271|619|907|485|364|286|19|5|19|5|0|224|4358|2272|2585|1574|1773|1021|275|493|46|84|229|413|2276|1420|608|615|1668|926|1024|870|371|437|653|540|3085|1388|2470|1236|615|474|634|593|381|446|253|186|3267|2009|2291|1714|976|918|471|536|296|381|175|196|606|570|433|365|173|291|4133|2166|3640|1914|493|449|1637|987|1386|853|251|274|0|224|0|224|0|224|163|266|163|266|0|224|1768|841|1424|812|344|257
04000C1US12|6039738|19427|4276038|33077|1223495|25949|694438|20558|529057|16414|30720|3935|24811|3188|5909|1654|131356|17018|75465|12052|55891|8433|12777|1940|9802|1508|2975|1156|66661|8273|40373|6009|26288|4111|21724|3371|20109|3057|1615|735|3206|1191|2806|1122|400|455|5714|2042|3745|1038|1969|1798|19030|3891|12076|2824|6954|2341|6076|1826|3622|1178|2454|1244|7642|2558|5175|2076|2467|1107|9087|2587|6648|1936|2439|996|1046|769|737|658|309|323|5950|2364|4892|2219|1058|608|8293|2983|5632|2122|2661|1622|9629|2512|8753|2437|876|620|4748|1838|2788|1154|1960|998|1075|1156|628|702|447|508|4469|2177|2524|1320|1945|1244|1650|814|1214|680|436|328|15207|4069|10879|3623|4328|1449|7347|2064|5812|1917|1535|897|3782|2243|2422|1225|1360|1144|3450|1219|3041|1138|409|375|19737|3476|9729|2219|10008|2142|2140|837|1605|685|535|375|7119|2614|3007|1320|4112|1833|64|136|64|136|0|239|22114|5177|10069|2902|12045|3454|2143|985|646|444|1497|752|6337|1721|2833|1097|3504|1441|7192|1868|3843|1067|3349|1215|32436|5106|23607|4042|8829|1969|3401|1491|2363|1190|1038|635|30272|5913|22538|4591|7734|2867|5090|1540|3925|1244|1165|795|3370|2522|2263|1844|1107|1107|6963|3518|5794|2857|1169|930|2547|1532|2144|1442|403|449|68|113|0|239|68|113|1343|1675|592|635|751|1105|7230|1921|5659|1621|1571|771
04000C1US13|1831133|5563|1600964|11518|123569|9319|72354|6985|51215|6130|8061|1975|6041|1730|2020|1008|3064|1710|2545|1615|519|508|1014|594|863|516|151|156|4615|1791|3745|1628|870|545|6598|1880|6271|1839|327|279|531|405|531|405|0|228|778|495|730|478|48|80|2032|978|1527|762|505|427|640|506|422|344|218|262|619|478|467|434|152|226|378|372|241|241|137|228|0|228|0|228|0|228|2345|1082|1829|885|516|459|2570|1322|1824|888|746|658|4466|1473|4064|1434|402|398|1392|765|1173|658|219|184|616|678|616|678|0|228|2422|1354|1745|926|677|575|1820|1138|1113|602|707|874|1605|818|1569|793|36|60|4347|1870|3734|1774|613|563|3598|1865|3196|1784|402|352|832|634|675|490|157|224|9496|2321|6038|1766|3458|1150|3085|1546|1505|792|1580|1420|8563|2355|4979|1823|3584|1152|403|529|403|529|0|228|7107|2276|3186|1382|3921|1443|0|228|0|228|0|228|1400|809|899|595|501|491|1946|1717|1127|819|819|1084|2255|1038|1734|869|521|439|2439|1882|1013|941|1426|1191|2738|1261|2267|1225|471|281|1609|908|1581|906|28|47|2660|2250|1838|1534|822|857|5709|1931|4681|1838|1028|866|900|634|900|634|0|228|223|353|223|353|0|228|76|58|76|58|0|228|1648|809|1177|661|471|410
04000C1US17|3914662|10860|2667230|28604|754924|19391|448377|14652|306547|15025|20693|4874|14256|3149|6437|3360|2016|1064|1444|910|572|750|9863|2509|7045|1835|2818|1515|6933|2333|4675|2025|2258|1075|7058|1518|5907|1453|1151|534|2246|1776|1228|529|1018|1525|7473|2189|4983|1463|2490|1266|13196|3066|7058|2140|6138|1923|45175|5407|27276|4694|17899|2146|16634|3597|10077|2535|6557|1869|15255|4032|10426|2751|4829|1928|283|214|179|231|104|177|5142|2304|3343|1576|1799|993|18738|4262|12097|3220|6641|2274|20978|4440|16808|3703|4170|2010|26382|6192|18578|4254|7804|2514|2197|1029|2016|967|181|239|5067|2687|2886|1487|2181|1627|10853|3693|6277|2237|4576|3012|19318|4327|11046|2636|8272|2846|11004|3106|9095|2780|1909|1197|6050|1924|5537|1811|513|420|6335|1889|5535|1794|800|493|71223|7002|33967|4106|37256|4461|6508|1690|4222|1183|2286|927|16244|3140|8135|1925|8109|2100|55|87|55|87|0|206|9938|2375|4038|1176|5900|1893|1246|1244|472|382|774|943|3362|1082|2278|674|1084|668|7508|2139|4583|1774|2925|1123|34469|5468|23972|3930|10497|2921|4442|2646|4000|2552|442|558|22489|5424|17662|4606|4827|1375|3769|1361|3453|1180|316|311|11772|3174|6499|2320|5273|1592|13760|3329|10614|2916|3146|1232|4221|2052|3281|2029|940|703|0|206|0|206|0|206|483|476|483|476|0|206|2130|1169|1833|1172|297|219
04000C1US18|2075090|13525|1781891|16788|152863|8345|85014|5973|67849|7166|10822|3985|5548|1894|5274|3247|5359|3562|1802|1419|3557|2535|462|301|350|279|112|111|2962|1266|2497|1205|465|320|4301|1324|3926|1251|375|371|1041|662|908|528|133|215|198|142|169|134|29|50|1551|962|880|609|671|608|1509|803|1213|727|296|265|864|591|540|433|324|340|904|692|432|317|472|519|0|207|0|207|0|207|2325|2198|1803|2097|522|700|1938|1005|1891|1006|47|60|6108|1717|5795|1642|313|288|1989|1377|1731|1227|258|260|3531|2246|1689|1138|1842|1451|1087|1066|665|692|422|446|2443|1316|2186|1235|257|267|2359|1306|2055|1170|304|370|3263|1225|2933|1063|330|371|2588|1533|2588|1533|0|207|1015|617|695|524|320|294|11798|2595|6753|1712|5045|1303|2633|1096|1632|822|1001|656|2699|845|1817|667|882|422|75|111|75|111|0|207|1440|896|848|582|592|477|176|209|176|209|0|207|1329|711|711|640|618|417|23433|4415|10498|2749|12935|2879|6240|1968|4170|1322|2070|1226|1160|649|986|622|174|117|5663|1950|3569|1439|2094|1117|190|333|190|333|0|207|2170|1558|226|248|1944|1494|12707|4148|10306|3777|2401|2052|8592|3844|5581|3069|3011|2048|0|207|0|207|0|207|202|248|62|76|140|182|1210|558|889|473|321|401
04000C1US19|922520|6208|790264|9491|58252|4906|34938|3509|23314|3662|4288|1861|2582|1132|1706|1019|291|344|154|236|137|249|873|1068|834|1066|39|66|1056|447|808|396|248|294|2311|764|1812|690|499|451|358|285|268|264|90|111|0|170|0|170|0|170|1532|1082|1100|1024|432|401|426|431|426|431|0|170|3857|1809|2395|1097|1462|988|292|270|243|236|49|81|80|146|0|170|80|146|982|769|668|647|314|246|0|170|0|170|0|170|1432|974|1103|817|329|285|862|772|644|576|218|363|164|234|164|234|0|170|581|339|294|180|287|298|2366|1430|1106|648|1260|865|1583|1200|1181|671|402|593|770|648|566|481|204|330|1207|957|1155|964|52|82|408|500|408|500|0|170|5402|1756|3341|1377|2061|771|322|257|265|245|57|102|2060|837|1183|570|877|549|148|195|89|161|59|113|4655|1685|1340|688|3315|1397|593|828|325|432|268|408|2345|1301|520|487|1825|979|5785|2104|2105|1166|3680|1790|2063|1113|1640|975|423|409|3350|2315|1128|620|2222|2227|7948|3274|5700|2693|2248|1218|198|177|198|177|0|170|2629|1860|1353|1154|1276|880|1699|1133|1142|652|557|576|8484|3258|2229|997|6255|3366|0|170|0|170|0|170|482|491|461|482|21|48|122|168|122|168|0|170
04000C1US20|1017752|4541|854376|11212|103329|7432|61944|5929|41385|4306|2452|788|2169|807|283|201|299|382|299|382|0|185|201|169|201|169|0|185|1625|864|1563|848|62|101|2370|931|2092|877|278|291|150|165|150|165|0|185|0|185|0|185|0|185|811|700|642|670|169|196|146|232|138|233|8|4|643|491|520|441|123|203|243|274|243|274|0|185|0|185|0|185|0|185|449|429|117|163|332|349|248|283|206|252|42|73|3551|1518|2365|1172|1186|852|1214|773|867|539|347|372|311|493|164|267|147|234|1191|714|1106|680|85|147|1672|1105|1466|987|206|341|379|358|317|329|62|112|5023|1840|3923|1449|1100|715|500|429|399|360|101|177|696|534|540|475|156|244|5925|1790|3591|1158|2334|868|632|559|143|186|489|513|1636|843|1056|666|580|416|1768|1396|1298|1288|470|355|9395|2178|3171|997|6224|1639|93|130|39|76|54|104|1214|985|443|337|771|692|1910|1021|649|465|1261|813|2245|941|1646|765|599|392|742|624|610|546|132|143|2791|855|2285|805|506|326|187|308|100|167|87|142|735|616|575|565|160|154|1069|658|948|606|121|147|2752|1405|1350|747|1402|1060|40|68|40|68|0|185|36|62|36|62|0|185|2703|2173|1856|1606|847|848
04000C1US24|1075972|10427|866282|12118|82480|7398|46306|4736|36174|5230|9965|2382|7048|1885|2917|1558|2926|2206|1096|878|1830|1582|2015|739|1322|605|693|448|3063|1553|2647|1442|416|368|3797|1417|3510|1292|287|366|466|370|405|353|61|105|1236|683|855|505|381|402|4058|1313|2651|971|1407|796|1877|982|1121|586|756|743|435|333|290|283|145|175|1756|1094|894|515|862|888|773|784|528|565|245|250|4624|1863|2231|1102|2393|1056|1094|837|724|591|370|436|2767|1293|2463|1155|304|306|1188|584|918|446|270|246|760|514|588|513|172|196|2246|1405|1207|736|1039|825|3373|1436|2916|1259|457|355|3635|2159|2590|1887|1045|1175|4285|3167|3514|2741|771|1033|1897|1612|1334|1203|563|630|878|503|822|472|56|95|18618|3545|9696|2124|8922|2199|2229|1930|1651|1508|578|518|5876|1804|3536|1062|2340|1353|0|224|0|224|0|224|2761|1155|1358|907|1403|718|43|73|43|73|0|224|893|793|157|173|736|737|3092|1596|1951|995|1141|747|5204|2046|4158|1656|1046|638|2304|1961|1107|809|1197|1794|3243|1683|1949|897|1294|1088|1385|648|1257|568|128|164|3277|1566|2082|1307|1195|787|9300|2726|8066|2410|1234|894|5894|3385|3912|2246|1982|1807|0|224|0|224|0|224|66|90|66|90|0|224|3911|2084|3201|1807|710|631
04000C1US25|1372862|4853|896876|11537|217243|9507|121469|7220|95774|7028|11516|2255|9378|1968|2138|842|21354|4681|11240|2791|10114|2666|5129|1861|3714|1377|1415|801|38857|6796|19539|3310|19318|4893|4268|1217|4171|1224|97|112|1094|608|998|584|96|115|2999|1061|2280|865|719|536|8066|1951|4411|1495|3655|1110|2380|1031|1664|788|716|496|1155|753|1155|753|0|222|2849|1183|2268|914|581|402|2669|2441|1440|1467|1229|1473|3089|1185|2714|1109|375|369|2569|1267|2255|1003|314|475|5793|1564|4668|1424|1125|662|1742|970|1348|682|394|412|308|381|264|371|44|73|2234|940|1447|609|787|624|3998|1438|2524|931|1474|866|11694|3294|6799|2214|4895|2015|1385|1050|1301|1012|84|101|1945|627|1934|628|11|21|1401|799|1203|696|198|185|43878|4727|24325|2955|19553|2870|3673|1265|2513|1010|1160|559|7139|1682|5412|1393|1727|695|35|63|35|63|0|222|17168|3856|6434|2020|10734|2996|1705|1351|935|1131|770|712|955|529|291|240|664|483|2226|839|1751|684|475|394|1111|474|1075|468|36|60|1000|664|936|645|64|111|11360|3719|7074|2404|4286|1780|4451|1596|3339|1213|1112|876|6972|2344|3677|1829|3295|1446|8248|2672|6006|2461|2242|1319|6539|2841|5675|2615|864|460|0|222|0|222|0|222|24|43|24|43|0|222|3765|1924|2922|1657|843|971
04000C1US26|2253536|5915|1889015|15304|104058|7864|64926|5471|39132|4873|7213|1916|5865|1585|1348|728|596|893|554|894|42|68|2058|755|1557|634|501|412|1019|490|847|415|172|213|4776|1146|3618|967|1158|643|1018|575|1018|575|0|184|2429|1318|1533|967|896|754|4807|1888|3250|1467|1557|843|4106|1400|3299|1077|807|565|3099|1506|1859|1030|1240|881|2891|1052|1922|795|969|510|831|642|508|428|323|412|1092|589|522|374|570|459|3668|2067|2832|1666|836|522|10828|2468|9636|2310|1192|564|5976|2630|4657|2131|1319|649|3561|1852|2460|1453|1101|989|16259|5003|6699|2681|9560|3153|3326|1790|2111|1033|1215|978|8394|2165|5223|1467|3171|1219|6381|2114|4492|1521|1889|1110|5154|1977|3940|1516|1214|703|3633|1467|3166|1312|467|384|22111|2896|13669|2072|8442|2045|6586|2012|2302|949|4284|1594|5733|1664|2541|886|3192|1226|2542|1718|1472|1076|1070|721|5607|2264|3263|1707|2344|1021|360|378|323|342|37|62|490|356|365|273|125|151|4282|1784|1862|1146|2420|1273|6172|2174|3713|1339|2459|1206|1028|497|706|404|322|270|86310|7377|41750|4637|44560|5488|1181|788|1147|788|34|41|7350|3323|3818|2146|3532|2201|3729|2098|2891|1911|838|730|2956|2007|1647|1023|1309|1372|0|184|0|184|0|184|21|37|0|184|21|37|890|747|529|619|361|343
04000C1US27|1365422|3398|1104216|13021|69915|5340|41026|3827|28889|4359|7149|2031|5205|1590|1944|1104|178|243|38|65|140|233|239|204|141|170|98|115|1717|1028|1540|933|177|215|3812|1016|3193|926|619|375|550|411|421|350|129|215|492|396|492|396|0|157|4770|1731|2912|1304|1858|795|288|197|288|197|0|157|265|338|76|86|189|331|765|501|534|386|231|313|0|157|0|157|0|157|2066|1258|1048|571|1018|939|1257|932|1210|885|47|79|3651|1341|2903|1209|748|435|1269|847|875|570|394|370|424|567|265|324|159|266|1385|914|1027|759|358|237|1775|836|1486|822|289|321|2343|1110|1769|822|574|688|3919|2183|2706|1429|1213|952|1996|1169|1823|1169|173|203|533|382|533|382|0|157|7655|1851|4885|1541|2770|776|1232|602|980|533|252|190|2356|993|1632|789|724|443|28090|4157|13383|2692|14707|2961|9789|2155|3753|1022|6036|1820|2519|1301|884|508|1635|979|2598|1149|1760|1140|838|504|11954|3813|4267|2103|7687|2775|2727|995|2280|935|447|259|232|203|232|203|0|157|4027|1487|3586|1306|441|320|621|392|414|306|207|245|66548|8162|38889|6208|27659|5130|4483|2348|3774|2094|709|550|2850|1404|1773|1068|1077|731|0|157|0|157|0|157|1170|1569|1102|1559|68|107|1597|855|957|697|640|467
04000C1US29|1297348|4321|1173540|9112|58630|5380|36711|4011|21919|3345|3286|1147|2673|986|613|437|520|571|344|484|176|289|2354|1508|2114|1298|240|306|1805|1259|1320|918|485|461|1932|691|1819|663|113|134|806|624|757|559|49|85|472|477|376|450|96|151|1110|601|843|444|267|235|52|91|52|91|0|195|847|544|418|313|429|360|302|291|302|291|0|195|0|195|0|195|0|195|1212|900|908|792|304|326|348|272|291|250|57|78|860|487|758|477|102|134|828|783|828|783|0|195|741|760|329|352|412|449|379|330|248|297|131|149|1322|807|1322|807|0|195|2857|1521|2035|1043|822|584|1574|889|1139|897|435|365|524|418|524|418|0|195|606|435|521|419|85|132|5344|1397|3257|1114|2087|677|1013|837|328|265|685|766|2710|1338|1510|729|1200|924|0|195|0|195|0|195|4139|1301|1446|748|2693|1041|2174|1291|739|539|1435|1000|737|641|540|455|197|247|1713|1050|228|244|1485|947|3594|1251|1449|620|2145|1134|1419|820|919|587|500|400|6352|2714|3558|1532|2794|1421|220|262|220|262|0|195|4130|2746|3538|2579|592|490|1897|838|1698|836|199|162|4639|2276|2649|1539|1990|1643|0|195|0|195|0|195|201|305|201|305|0|195|159|186|159|186|0|195
04000C1US32|1421867|10657|1018305|13792|284393|13638|172264|9929|112129|7880|5017|1760|4308|1692|709|436|601|753|54|92|547|738|1812|717|1213|594|599|446|2670|1094|2120|852|550|541|3311|923|3059|921|252|251|1311|1331|1140|1180|171|240|1136|785|812|611|324|460|2753|1586|2062|1499|691|407|983|607|486|385|497|458|1002|778|201|201|801|732|1145|682|873|508|272|232|1899|1403|1283|744|616|803|3893|1599|1740|844|2153|1104|1620|2183|927|1229|693|961|1704|968|1566|902|138|163|937|742|937|742|0|228|1093|728|746|545|347|346|815|799|303|341|512|491|1273|737|786|420|487|453|2864|1241|2449|1040|415|458|532|421|486|412|46|78|590|552|486|453|104|174|145|243|145|243|0|228|12370|2869|6739|2148|5631|1381|2526|845|1581|640|945|446|5223|1598|3294|1142|1929|778|244|404|244|404|0|228|4553|1790|2103|1014|2450|1173|185|314|0|228|185|314|2181|939|1146|456|1035|621|492|436|464|441|28|51|35129|5583|25315|4288|9814|2268|5894|2276|4006|1428|1888|1257|4412|1878|3382|1419|1030|627|615|441|285|296|330|345|1329|611|994|526|335|227|665|681|285|343|380|603|2198|2117|1163|1366|1035|952|222|112|222|112|0|228|235|241|235|241|0|228|1590|1213|1432|1189|158|188
04000C1US34|987078|8187|545086|14381|265369|11531|128517|7836|136852|8426|7821|2882|6596|2321|1225|1174|8299|3144|5288|2068|3011|1572|3037|1006|1957|726|1080|697|25362|4745|11385|2729|13977|3389|792|396|792|396|0|225|5829|3094|5608|3057|221|288|493|441|493|441|0|225|2298|1237|1647|1169|651|466|2039|1272|1535|892|504|493|546|380|546|380|0|225|1344|996|897|775|447|613|0|225|0|225|0|225|1133|860|785|582|348|388|7010|2312|4871|2210|2139|887|16584|3611|14288|3408|2296|1165|4224|1660|2907|1235|1317|699|1332|949|601|524|731|629|3420|1859|1736|886|1684|1222|2820|1022|2455|945|365|388|710|477|565|342|145|236|1512|1022|1181|743|331|430|1656|1047|1269|855|387|414|950|604|765|507|185|182|18267|3030|11344|2485|6923|1842|448|396|372|330|76|129|3543|1181|2248|903|1295|566|0|225|0|225|0|225|5990|2468|2133|1147|3857|1717|75|124|75|124|0|225|59|95|59|95|0|225|771|566|314|241|457|514|13948|3216|7518|2044|6430|1939|596|358|522|352|74|88|11874|3707|8354|2969|3520|1379|3230|1943|2656|1702|574|575|2249|1529|894|554|1355|1147|8879|2627|7714|2296|1165|710|4210|2620|3993|2587|217|346|0|225|0|225|0|225|0|225|0|225|0|225|3273|1539|1283|970|1990|1313
04000C1US36|9149572|7189|5135190|36793|1932747|18005|1033121|19130|899626|18855|99874|10263|76574|7920|23300|4568|101307|10388|67406|7451|33901|5689|62155|6817|41728|4893|20427|3637|23134|3946|17334|3354|5800|1543|18788|3108|17527|2929|1261|459|105150|10250|55276|8368|49874|6729|36669|4700|24724|3697|11945|2113|183875|14318|83476|9752|100399|8209|39787|5479|20779|3012|19008|3428|17146|3481|10753|2657|6393|1934|31608|5740|15527|3895|16081|3653|4660|2159|2512|1048|2148|1675|12477|3223|7947|2738|4530|1488|9029|2394|6510|1850|2519|1057|31258|5434|22948|4706|8310|2341|45181|7154|23416|4152|21765|4390|26182|4832|12239|2428|13943|2978|128583|9668|60372|6441|68211|5537|26490|5031|13280|3063|13210|2973|58388|8910|36572|6302|21816|5003|2256|824|1990|751|266|185|4832|1735|4144|1669|688|467|8831|2840|6491|2317|2340|931|510074|15412|168834|9780|341240|10863|21104|3115|11767|2335|9337|2028|63453|7815|32102|5030|31351|4305|146|207|86|139|60|75|15458|3603|6480|1702|8978|2628|3177|1417|1333|682|1844|1005|6943|1864|2707|1040|4236|1455|51448|6819|24362|4038|27086|4159|52125|5173|38904|4252|13221|2131|11958|3184|7794|2726|4164|1564|97160|15119|59612|10135|37548|6812|36935|6380|28436|4849|8499|3125|16160|5245|11805|4238|4355|1729|76262|8354|55126|6658|21136|4496|11490|3629|7163|2625|4327|1844|101|105|101|105|0|217|1701|1307|1701|1307|0|217|28280|5142|18653|3657|9627|2693
04000C1US37|3381685|8072|2771383|18834|331509|12675|189022|10255|142487|8926|22100|5164|17486|4479|4614|1742|3325|2060|2626|1608|699|600|3493|1217|3029|1177|464|335|5680|1888|4028|1474|1652|1022|11168|2699|9856|2807|1312|711|1192|831|947|738|245|239|3742|1252|3164|1158|578|389|9346|2392|6773|2155|2573|991|2278|1158|2230|1147|48|80|2129|1860|1385|1310|744|614|2936|1788|1512|1100|1424|1285|105|174|105|174|0|221|3712|1499|2913|1397|799|588|6215|2476|3187|1963|3028|1312|15328|2831|12993|2807|2335|1257|5329|2069|4066|1604|1263|906|717|632|649|562|68|115|3159|1174|2456|944|703|625|8133|2757|5848|1934|2285|1309|4834|1612|3000|1195|1834|909|12429|3399|9407|2854|3022|1744|6626|2335|5636|2026|990|955|4735|2171|4365|2092|370|325|23929|3683|14931|2761|8998|1845|4279|1470|2432|890|1847|937|9436|2612|4418|1730|5018|1716|2932|1327|1304|653|1628|1017|17224|5338|8597|3874|8627|2294|1017|1057|462|571|555|659|4088|2183|2498|1516|1590|852|11522|4089|5889|2256|5633|2362|7861|2162|6121|1834|1740|967|5496|2331|2168|1426|3328|1607|18110|5547|11975|4230|6135|1939|1038|703|928|684|110|134|7951|2825|4514|1569|3437|1670|15968|6228|14068|5962|1900|1179|4897|2309|3086|1799|1811|1190|42|70|42|70|0|221|466|446|151|153|315|412|3826|1652|2834|1371|992|918
04000C1US39|2482558|6819|2198323|12877|111350|7670|61188|5363|50162|5647|11787|3669|6424|2051|5363|2989|4119|1936|1269|829|2850|1543|1988|651|1632|573|356|298|2296|1382|918|562|1378|1178|5023|1286|4259|1208|764|508|986|637|906|562|80|136|1093|505|1008|480|85|98|3120|1110|1994|846|1126|628|974|605|700|504|274|289|678|407|522|408|156|196|1560|705|902|468|658|442|0|208|0|208|0|208|1412|807|1247|684|165|206|1221|1054|397|457|824|722|4533|1433|3290|1033|1243|1000|6013|2533|4490|2184|1523|842|1775|1546|1020|794|755|919|1319|734|1106|678|213|276|16788|4318|9001|3018|7787|2434|4321|2050|2156|731|2165|1869|2194|1200|1984|1108|210|272|860|514|616|450|244|233|670|430|455|357|215|218|10110|1822|4823|1250|5287|1452|2475|1252|1428|836|1047|667|4354|1873|2389|1013|1965|1105|92|153|92|153|0|208|4227|1747|1335|710|2892|1492|1812|991|863|621|949|584|1754|1064|848|507|906|666|3615|1795|2063|877|1552|1221|1916|743|1529|656|387|291|1948|1163|1010|787|938|716|15489|3760|9646|3135|5843|1807|289|330|289|330|0|208|21467|4560|14243|3860|7224|1953|14851|3998|9829|3258|5022|1800|10646|4832|6631|2601|4015|3116|88|106|88|106|0|208|212|235|179|223|33|60|2810|1279|1609|841|1201|745
04000C1US40|1164334|4040|937699|8196|166365|6396|100614|5486|65751|4636|1945|706|1124|653|821|479|0|165|0|165|0|165|362|242|307|225|55|93|1401|836|983|572|418|377|2896|959|2645|937|251|186|352|240|285|238|67|83|218|191|179|177|39|65|598|517|423|386|175|204|693|493|585|364|108|176|0|165|0|165|0|165|448|340|448|340|0|165|179|299|139|231|40|68|628|401|356|289|272|221|715|434|595|362|120|141|798|418|703|390|95|109|420|370|368|341|52|89|488|772|213|323|275|459|1483|1307|428|404|1055|953|526|463|331|284|195|233|2096|1191|1110|630|986|954|1254|728|1072|675|182|179|110|130|89|102|21|35|2284|1339|1123|891|1161|1086|4813|1479|3042|1071|1771|787|453|293|308|223|145|141|1541|583|838|398|703|361|1664|746|1143|639|521|350|9642|2397|2675|946|6967|1933|236|263|107|154|129|214|1808|1094|1071|784|737|720|2913|1127|1173|717|1740|752|3021|1041|1953|904|1068|547|2598|1121|1936|803|662|422|4255|1787|2966|1302|1289|740|361|336|329|311|32|54|674|534|602|456|72|121|2435|1224|2239|1201|196|184|1609|1087|990|943|619|560|38|64|0|165|38|64|1575|721|1072|514|503|465|740|467|720|466|20|32
04000C1US41|1590641|5438|1317520|14680|142139|9986|93227|7936|48912|6396|6958|1459|6479|1412|479|423|0|214|0|214|0|214|1260|619|1099|592|161|163|1225|557|1181|542|44|73|6444|2414|6000|2361|444|333|873|429|873|429|0|214|1266|1703|1266|1703|0|214|6680|2089|3600|1384|3080|1148|763|494|537|410|226|225|914|727|603|432|311|366|3520|1350|1456|702|2064|1180|571|590|338|309|233|329|2049|916|1170|525|879|539|163|192|122|152|41|69|2359|1021|1731|838|628|450|458|438|358|403|100|167|477|509|477|509|0|214|353|357|255|217|98|160|3820|1904|2044|945|1776|1781|4786|1527|3898|1163|888|719|2076|1476|1607|994|469|682|590|519|515|497|75|95|1034|665|1034|665|0|214|15940|2686|7728|1710|8212|2279|6031|1546|4943|1469|1088|480|4491|1487|2921|1106|1570|808|964|818|693|579|271|278|17022|3660|7027|1809|9995|2866|1464|1347|282|204|1182|1335|3433|1890|1111|939|2322|1160|3643|1891|1471|786|2172|1836|5247|1781|3524|1405|1723|896|7484|2029|4262|1947|3222|1617|3876|1556|2690|1186|1186|689|977|668|713|497|264|284|4501|2712|3312|2095|1189|777|3007|2031|1524|861|1483|1795|1023|964|783|688|240|316|19|32|19|32|0|214|877|599|877|599|0|214|2344|1307|1954|1254|390|355
04000C1US42|2640779|8667|2016829|21089|363617|11443|187714|9934|175903|10921|14364|3974|10089|2569|4275|2962|6354|3899|2806|1981|3548|2201|5300|1389|3681|1163|1619|629|13204|4693|5445|2261|7759|3617|5192|2062|4884|2022|308|284|1815|869|1432|702|383|486|2263|1142|1658|944|605|390|16569|2831|7633|1794|8936|1905|3980|1340|2520|931|1460|748|1921|1046|1393|848|528|511|7152|2442|2548|1029|4604|2197|524|468|442|453|82|140|2819|1769|1950|1113|869|867|4783|1948|3762|1455|1021|831|5011|1583|3338|1247|1673|686|1626|816|1092|470|534|559|1686|1324|1056|715|630|863|5564|2704|2433|1199|3131|1882|4272|1858|2183|1189|2089|1021|8872|2749|4327|1645|4545|2080|1493|612|1302|579|191|196|1669|777|1619|747|50|83|6014|2031|2987|1167|3027|1529|43776|5744|16505|2508|27271|4749|1843|733|890|482|953|508|8560|3121|4302|1535|4258|2020|205|195|202|195|3|6|18234|3761|6753|1675|11481|2609|8344|3163|2858|1350|5486|2413|1031|676|598|436|433|362|10215|3630|4861|1616|5354|2570|4613|2115|2810|1458|1803|1298|2112|1133|1009|700|1103|852|17993|5724|11302|4096|6691|3227|1277|676|1192|662|85|141|4024|2202|1988|1222|2036|1542|8264|2763|5264|2295|3000|1733|4522|2980|2849|1560|1673|1712|0|190|0|190|0|190|216|362|216|362|0|190|2657|1220|1810|967|847|721
04000C1US47|2263929|4576|1991734|14744|153034|8538|71173|6782|81861|6645|7386|3464|5345|1961|2041|1742|1316|830|1264|816|52|90|1010|505|899|474|111|141|3574|3442|2929|2901|645|644|4044|1113|3793|1062|251|222|855|608|770|595|85|139|981|707|867|573|114|179|1038|620|629|387|409|532|209|225|209|225|0|225|931|823|931|823|0|225|662|458|630|434|32|57|193|317|38|62|155|256|4317|2940|2002|1305|2315|1994|763|497|606|477|157|218|2714|1403|2472|1427|242|323|388|402|287|282|101|159|237|388|237|388|0|225|1198|945|609|527|589|556|2223|1397|1651|999|572|662|3492|1943|2534|1372|958|710|2616|1424|2430|1220|186|307|866|658|807|632|59|98|1305|1077|785|758|520|449|8301|2217|4464|1460|3837|1448|1161|765|384|304|777|684|3527|1753|2006|1101|1521|818|0|225|0|225|0|225|6810|2331|3656|1467|3154|1422|483|457|383|372|100|163|3260|1455|1950|1215|1310|726|5486|3155|1734|963|3752|2379|3830|1565|2987|1466|843|576|1427|1101|428|361|999|1030|24744|7087|13797|4129|10947|4532|262|256|262|256|0|225|6283|2298|3866|1477|2417|1276|3946|2522|3010|2065|936|888|4912|2629|1706|1107|3206|1907|0|225|0|225|0|225|169|231|158|230|11|20|2242|1366|1121|848|1121|1123
04000C1US48|12295917|20252|7317228|46132|4087850|44352|2461417|36220|1626433|35293|53056|7752|41036|6801|12020|3136|3644|1542|2425|1123|1219|941|7032|1776|5802|1721|1230|984|16369|3083|11298|2489|5071|1614|24420|4078|21665|3680|2755|1057|4774|1717|4566|1702|208|215|2409|1117|2210|1108|199|180|15589|2992|12051|2450|3538|1218|3428|1208|2585|936|843|766|4358|1702|2416|1054|1942|1144|5689|1881|4259|1506|1430|1346|711|642|440|336|271|341|22074|4345|11089|2272|10985|2985|17377|3609|13901|2887|3476|1109|44610|5457|37551|4791|7059|1764|34767|6660|26837|5403|7930|2062|2564|1321|2142|1118|422|376|10366|2968|7587|2571|2779|1189|32205|6685|23662|5674|8543|2374|25415|5708|13042|2584|12373|5121|32112|4669|27410|4231|4702|1458|24324|4836|19755|3931|4569|2230|14930|3809|12866|3308|2064|956|104470|6954|57977|4704|46493|4753|12266|2701|6812|1796|5454|1566|33002|4826|18147|2825|14855|2958|454|487|427|485|27|45|84244|7447|37123|4323|47121|5180|3175|1516|1487|1060|1688|1043|10313|2958|5516|1821|4797|1879|18642|3829|9596|2281|9046|2914|44359|5802|34629|4667|9730|2481|14308|4151|12412|3962|1896|759|52537|8351|36726|6083|15811|3419|6656|2580|6182|2556|474|332|20403|4830|13533|3529|6870|2429|50484|7311|44488|7134|5996|1823|26224|5348|17908|4116|8316|3624|237|224|237|224|0|237|1134|853|919|755|215|307|5708|2136|3926|1216|1782|1650
04000C1US51|2056218|6257|1743437|10059|140754|6841|89299|5298|51455|4525|9852|2341|7278|1954|2574|944|2536|1996|2142|1701|394|413|3843|883|3459|847|384|253|3237|1958|2397|1388|840|745|5779|1477|5291|1323|488|339|1323|629|1105|553|218|216|1123|419|900|425|223|235|6233|1857|4667|1423|1566|847|942|518|840|411|102|172|1040|597|699|516|341|377|2539|1313|1891|977|648|435|323|364|323|364|0|214|6434|2173|2468|807|3966|2043|2148|1478|1553|926|595|642|6286|2050|5438|1769|848|505|2191|982|1446|745|745|461|107|101|44|53|63|106|2392|1163|1667|770|725|572|1011|549|744|392|267|325|4122|1118|2601|915|1521|617|2614|1546|1790|952|824|745|1260|803|1187|790|73|132|1000|597|1000|597|0|214|14594|2593|8680|1537|5914|1685|2940|1149|1847|745|1093|617|8273|1719|5507|1398|2766|949|389|370|389|370|0|214|7691|2118|3292|1273|4399|1203|376|373|376|373|0|214|1254|663|612|386|642|570|4357|1970|2415|1071|1942|1215|18074|2208|13612|1844|4462|1202|2639|1501|1660|911|979|799|16160|3660|9820|1965|6340|2623|971|497|913|486|58|97|13784|3795|9171|2929|4613|1864|4777|1439|3740|1200|1037|748|4562|2674|1828|944|2734|2158|0|214|0|214|0|214|42|64|42|64|0|214|2809|1101|2015|939|794|435
04000C1US53|2798841|8345|2114358|18101|239615|11626|149568|8222|90047|7151|12725|2890|11389|2578|1336|755|799|826|554|618|245|295|3180|1237|2827|1117|353|273|5195|1854|3267|1307|1928|1130|10890|2271|9791|2175|1099|561|1407|610|1104|556|303|302|1141|524|1012|478|129|156|28895|4624|16961|3489|11934|2350|3121|2343|2846|2307|275|358|3946|2125|3329|1965|617|453|17315|4749|9145|2939|8170|2673|932|970|837|828|95|164|5493|1803|2947|1017|2546|1165|3261|1446|2645|1302|616|469|25190|4283|22478|4031|2712|1188|3660|1434|2981|1264|679|494|6456|2003|3595|1147|2861|1207|2093|1640|1831|1555|262|292|7032|2358|5382|2014|1650|1070|5144|1320|4002|1101|1142|660|9558|2822|7075|1977|2483|1892|5292|1881|4800|1648|492|494|4649|1831|3665|1704|984|544|85328|7426|51042|5634|34286|3978|13465|2518|8807|1925|4658|1354|20366|3642|10008|2140|10358|2353|1290|865|982|597|308|511|39103|5626|16347|2986|22756|3730|5628|2019|1849|807|3779|1501|7456|2492|3241|1067|4215|2026|10379|4318|5898|2674|4481|2392|26695|3516|16807|2756|9888|1624|17300|4317|10785|3220|6515|1860|14404|4979|10020|3153|4384|2385|1814|1157|1653|1090|161|234|16112|4786|9301|3506|6811|2247|4192|2906|2853|1911|1339|1130|9143|2867|6478|2218|2665|1533|226|355|226|355|0|214|1789|990|1648|944|141|227|2804|965|2483|887|321|336
04000C1US55|1555751|6283|1326719|11835|141240|7814|81827|4761|59413|4855|3169|2115|2749|2078|420|277|0|159|0|159|0|159|1119|631|1017|617|102|169|1200|649|1146|646|54|92|5154|1380|4637|1349|517|305|989|674|903|665|86|104|357|535|107|193|250|351|1587|805|1318|757|269|211|749|493|749|493|0|159|441|293|311|197|130|217|1116|746|738|550|378|336|0|159|0|159|0|159|858|669|638|516|220|303|553|502|339|321|214|226|2201|1112|1563|710|638|653|1271|666|985|613|286|398|39|72|39|72|0|159|1634|1278|875|553|759|886|1263|968|1119|886|144|242|3312|1621|1829|893|1483|933|1575|717|1396|691|179|178|119|153|119|153|0|159|747|605|610|475|137|167|10323|2124|5136|1278|5187|1788|1210|548|985|503|225|192|1606|1090|1060|966|546|548|22466|4154|14879|3676|7587|1750|1361|844|982|601|379|374|376|509|170|273|206|251|863|612|206|216|657|540|5114|2587|1531|872|3583|2126|3025|1319|1719|824|1306|893|611|457|492|383|119|175|2765|1208|2164|1057|601|426|611|533|562|526|49|81|2930|2120|2543|1753|387|392|1372|956|907|701|465|527|2876|1980|1085|1217|1791|1535|0|159|0|159|0|159|641|447|641|447|0|159|189|218|178|218|11|2
04000C2US04|2956102|6787|2333244|17786|481007|18395|333130|14650|147877|9883|7639|1891|6870|1858|769|413|222|261|222|261|0|228|2010|813|1657|694|353|416|3431|1247|2836|1142|595|406|6378|1305|5457|1204|921|393|1275|828|1220|823|55|95|804|604|404|380|400|299|4701|1780|3556|1416|1145|796|2006|1361|1306|1227|700|454|1406|940|1109|907|297|238|2270|1032|1624|858|646|463|248|220|197|169|51|85|2586|1317|1855|1160|731|471|885|782|684|580|201|241|3748|1797|3066|1315|682|642|1867|1595|1751|1561|116|138|1359|1303|1246|1271|113|135|379|363|294|286|85|138|2291|1287|1269|618|1022|910|5416|1965|3288|1150|2128|1194|732|543|582|406|150|179|1634|1379|1427|1303|207|332|1110|830|1056|809|54|91|8358|2030|4822|1356|3536|1304|2508|951|1496|770|1012|485|3683|1351|1476|552|2207|1056|47|78|47|78|0|228|11716|3574|6832|2437|4884|1571|303|275|176|173|127|216|1893|1246|1247|912|646|453|1350|778|775|449|575|474|11392|2012|9051|1766|2341|775|1969|797|1554|686|415|326|10555|3268|7459|2357|3096|1419|378|342|303|262|75|128|1996|1008|1231|779|765|452|1237|732|985|623|252|313|2447|2319|2211|2247|236|394|20027|3140|15014|2251|5013|1722|6764|1303|6005|1193|759|425|831|425|746|419|85|144
04000C2US06|19354962|13181|10991407|56677|5654311|51637|3513741|41404|2140570|35175|51388|5420|43739|4503|7649|1785|4334|2362|4037|2202|297|351|26144|3357|21714|3084|4430|1332|48412|5807|34701|4190|13711|3443|44140|4850|38636|4511|5504|1507|10840|2181|9435|2200|1405|874|11313|2682|9734|2507|1579|624|65846|7536|35900|4643|29946|4983|16766|4904|11808|3073|4958|2472|9345|2942|6622|2325|2723|1262|27597|5142|15503|3107|12094|3761|28356|4342|21490|3930|6866|1716|101612|10845|63911|7397|37701|6248|26851|4531|19402|3254|7449|2179|94445|9950|78462|8828|15983|3078|24274|4423|15151|2780|9123|2419|82784|10535|49270|7110|33514|4486|13726|3485|10033|2598|3693|1462|30487|4821|22581|4070|7906|2198|38609|6516|27017|4979|11592|2844|34097|6036|28381|5204|5716|1386|24771|4221|21780|3856|2991|975|12456|2422|10086|2235|2370|832|648708|19070|294220|12290|354488|13679|49372|4730|29095|3462|20277|2810|151554|10178|69721|5931|81833|6518|24252|3996|12104|2513|12148|2293|273625|14237|109930|7616|163695|9720|24629|4695|11701|2891|12928|2456|38303|5181|18864|3541|19439|2895|34393|4650|16964|2954|17429|3250|372432|15449|253662|11412|118770|7904|58784|6026|37522|4878|21262|3105|115320|13706|74305|9458|41015|5944|12457|3024|11605|2950|852|447|23696|4579|14823|3391|8873|2371|21081|5129|16751|3907|4330|1641|11624|3360|10436|3076|1188|679|454|272|425|262|29|50|4418|2552|3326|1996|1092|647|15549|3342|9213|2201|6336|2134
04000C2US08|2432356|4908|2099702|16110|221173|12000|153948|8470|67225|6298|8618|2660|7465|2561|1153|729|195|177|195|177|0|218|1414|809|1046|518|368|470|3719|1785|3284|1587|435|343|10884|2547|9267|1831|1617|1061|640|445|640|445|0|218|386|281|193|159|193|206|7906|2967|5774|2364|2132|1149|2282|1078|1849|879|433|435|1474|1070|1119|775|355|416|2973|1459|1325|632|1648|1153|205|252|205|252|0|218|4463|2275|2967|1618|1496|1131|1591|1284|1324|996|267|354|4401|1655|3863|1488|538|462|532|516|532|516|0|218|0|218|0|218|0|218|262|383|170|228|92|162|3234|1542|2393|1235|841|544|4195|1544|3504|1362|691|476|3100|1510|2473|1279|627|555|627|654|505|519|122|183|599|473|498|445|101|138|10409|2731|6518|2110|3891|1282|3348|1281|3097|1240|251|212|6025|2010|3265|1473|2760|1103|3084|1420|1430|864|1654|886|5313|1653|2365|1073|2948|1092|557|446|386|347|171|287|2152|859|725|394|1427|730|1584|1137|1284|1003|300|272|3407|950|2577|784|830|421|1091|704|852|489|239|302|2460|1205|1432|753|1028|729|375|390|334|367|41|70|2581|1350|1466|920|1115|613|1722|1238|1061|845|661|549|817|844|621|599|196|329|124|203|124|203|0|218|621|452|362|315|259|321|2111|903|1735|711|376|377
04000C2US09|2377166|6619|1927659|14770|215986|10484|137903|7864|78083|5974|13409|2032|11434|1773|1975|608|5819|3643|4726|2952|1093|1091|16875|2789|13446|2385|3429|1053|26476|4556|17787|3691|8689|1965|7227|1707|6646|1562|581|401|2420|1170|2327|1158|93|109|3868|2097|2877|1689|991|618|7416|2388|4743|1738|2673|1118|20947|3422|12123|2511|8824|1716|3214|1700|2076|1085|1138|721|5249|2274|3131|1485|2118|1805|416|493|412|493|4|8|1537|907|1249|838|288|250|2726|1288|1964|999|762|493|5816|1379|5269|1320|547|343|5254|2431|3544|1748|1710|1067|1631|1645|1019|964|612|723|2592|1189|2086|1004|506|352|6601|2393|5488|2070|1113|659|11437|3666|6628|2526|4809|2214|3906|1341|3570|1257|336|333|4681|2415|4276|2349|405|372|2261|1203|1831|1070|430|479|26307|3946|13510|2289|12797|2575|1701|723|1186|563|515|384|7280|2065|3411|1249|3869|1736|30|64|30|64|0|224|3356|1307|1441|773|1915|824|808|772|165|202|643|603|2103|1098|904|605|1199|717|2880|1441|1239|600|1641|936|4541|1998|2683|1147|1858|1110|1026|792|800|744|226|238|8963|2566|5755|1628|3208|1346|1667|1064|1667|1064|0|224|967|856|556|469|411|588|6797|2999|6106|2924|691|533|410|353|410|353|0|224|0|224|0|224|0|224|88|151|88|151|0|224|2819|1486|2430|1438|389|264
04000C2US10|860829|1361|743152|6387|62070|4310|38450|3580|23620|2897|4139|2350|2937|1470|1202|1081|2637|1682|1578|1496|1059|796|631|345|526|285|105|124|470|354|278|297|192|220|1494|619|1257|554|237|227|1286|778|657|376|629|659|604|385|526|366|78|98|1028|564|772|495|256|267|1056|635|679|429|377|337|0|203|0|203|0|203|953|693|757|483|196|331|0|203|0|203|0|203|177|177|125|152|52|87|3332|1996|2227|1638|1105|592|2669|1063|2583|1035|86|96|1989|1260|1453|1157|536|411|0|203|0|203|0|203|1721|773|1384|668|337|336|1440|823|1124|683|316|276|343|322|287|281|56|79|1670|1048|1314|812|356|358|1534|1050|1380|955|154|209|1691|897|1476|725|215|313|6474|1737|3662|1272|2812|1176|1150|1225|674|787|476|470|1701|898|1148|660|553|313|0|203|0|203|0|203|1140|813|736|636|404|293|91|107|91|107|0|203|194|215|107|159|87|141|2699|2203|1361|1105|1338|1190|743|298|595|287|148|138|1086|1477|229|309|857|1176|2003|1156|962|681|1041|807|51|84|0|203|51|84|354|371|264|268|90|161|3466|2103|2726|1514|740|689|2150|1043|1982|975|168|219|0|203|0|203|0|203|110|131|110|131|0|203|1331|787|1107|700|224|270
04000C2US12|14451393|19472|9922898|45034|3385035|28418|1918978|28397|1466057|25005|72940|6539|52746|5139|20194|3158|338081|23219|214746|14800|123335|12327|29647|4181|20405|2923|9242|2876|109248|11199|71260|7616|37988|6498|39484|3824|33657|3343|5827|1236|12036|3535|10716|3420|1320|827|14542|3283|12082|2922|2460|1040|45127|5966|26716|3900|18411|3550|15721|3264|9282|1926|6439|2009|9006|3034|6713|2467|2293|1109|20995|3894|13303|2700|7692|2432|1135|720|547|420|588|616|6436|1964|3733|1278|2703|1215|12423|3004|8296|2354|4127|1262|22392|5149|18126|4176|4266|1788|14536|5141|11285|4122|3251|1474|2236|1615|1703|1140|533|524|13865|3658|10019|2838|3846|1263|8309|3060|4221|1732|4088|2048|28836|5327|18732|3427|10104|2887|12186|3205|9832|2667|2354|1179|6268|1982|5914|1909|354|404|10531|2710|7465|1864|3066|1335|48495|5976|22668|3409|25827|4270|9596|2907|6856|2634|2740|1111|10275|2353|5268|1921|5007|1491|853|570|444|302|409|402|47736|7552|19652|3767|28084|5105|1835|900|357|321|1478|816|9034|3206|4812|2460|4222|1491|9648|2476|6638|1848|3010|1200|47048|4979|35104|3642|11944|2155|5513|1451|4282|1307|1231|739|50042|9240|35838|7741|14204|3111|16845|3346|14015|2980|2830|1115|2647|1538|1571|891|1076|1229|5489|2360|4407|2027|1082|783|3114|1993|2083|1102|1031|1165|85|97|85|97|0|239|1022|639|891|560|131|168|28203|4781|21201|3891|7002|2082
04000C2US13|6735562|8826|5564047|23176|604553|12220|350507|11343|254046|11045|35015|6195|26807|4890|8208|2499|27180|6058|20473|4909|6707|2611|3752|1280|3500|1190|252|217|16013|4240|10134|2771|5879|2540|15345|2643|13782|2378|1563|598|4411|1766|4039|1653|372|281|2048|987|1596|858|452|349|10516|2654|7917|2349|2599|748|1815|900|1117|651|698|528|6759|2401|5075|2087|1684|866|3910|1435|2181|948|1729|968|289|435|196|283|93|154|6671|2097|4440|1640|2231|1188|23168|4155|14239|2988|8929|2311|25752|4669|20510|3832|5242|1634|13230|3417|9255|2580|3975|1530|3640|1719|2688|1408|952|804|7849|2376|4531|1561|3318|1116|6779|1938|5087|1782|1692|675|15733|3789|10527|3231|5206|2012|19114|3674|16181|3255|2933|1219|11425|2666|9924|2536|1501|773|7909|2341|6193|2080|1716|758|51540|6657|26261|3749|25279|4551|5584|1531|3064|1021|2520|973|44346|4862|21628|2887|22718|3067|1092|667|1008|633|84|157|50826|7055|19632|4453|31194|4094|4213|2013|1892|1035|2321|1151|5473|1641|2439|1017|3034|1035|7288|2665|3294|1625|3994|1553|10965|2407|8304|1797|2661|1263|4143|1960|2758|1372|1385|844|18968|6227|13422|4819|5546|2571|2671|1217|2541|1148|130|207|28357|5921|20469|5101|7888|2195|39847|8328|33256|6427|6591|2670|12317|4043|10796|3699|1521|925|0|228|0|228|0|228|1154|799|949|688|205|221|9855|2710|8178|2452|1677|1170
04000C2US17|6663376|10819|5129134|28048|846060|17914|525227|13561|320833|12443|12085|2324|10026|2095|2059|830|2488|1670|1590|1290|898|1005|17771|2857|13630|2616|4141|1342|3583|1140|2696|1048|887|523|13657|2631|11613|2202|2044|817|2280|1394|1534|972|746|597|19019|3636|14226|2961|4793|1406|25923|4710|14604|3306|11319|2419|122612|9680|69601|6927|53011|4990|15473|3809|11805|3644|3668|1118|33398|5553|17534|3520|15864|3770|1264|868|1021|717|243|244|3935|1295|2736|1129|1199|709|33970|5441|21448|3730|12522|2674|22566|3840|18159|3078|4407|1335|32989|4342|25667|3537|7322|1727|6653|2662|5145|1999|1508|922|4155|2081|3389|1691|766|556|8119|2224|7055|2082|1064|714|35555|4892|22698|3552|12857|2812|12350|2781|10424|2471|1926|953|9550|2865|8222|2752|1328|667|15214|3840|11279|3357|3935|1184|36950|5214|22039|3835|14911|2966|7139|1613|4184|1313|2955|686|22345|3618|10198|2451|12147|2088|64|104|0|206|64|104|12655|3373|6868|2119|5787|2203|1391|775|530|379|861|520|5622|1803|2167|774|3455|1492|9086|2600|5125|1828|3961|1665|52316|5832|39964|5099|12352|2461|5003|1904|3387|1443|1616|949|51118|7698|36630|6341|14488|3033|1689|961|1366|645|323|530|7987|2503|4802|1848|3185|1359|12580|3442|10434|2861|2146|1135|3950|1558|2652|1064|1298|807|169|169|169|169|0|206|275|223|275|223|0|206|3234|1334|2119|989|1115|571
04000C2US18|2974165|15094|2722379|18956|128106|8333|87367|6054|40739|5004|7020|2603|5965|2279|1055|802|2970|1541|1769|1088|1201|796|467|297|467|297|0|207|2358|1044|2358|1044|0|207|8346|3393|7531|3333|815|433|12740|3331|9147|3126|3593|1485|1644|864|1367|841|277|231|1552|874|1264|768|288|337|4990|2416|3363|1687|1627|1725|7813|3264|5028|2387|2785|1921|2714|1224|2293|1194|421|338|91|154|91|154|0|207|986|951|744|672|242|408|2421|1199|1739|949|682|433|1654|985|1339|865|315|306|2393|1203|1695|882|698|506|10970|3379|6372|2530|4598|1763|751|639|751|639|0|207|3341|2126|2405|1541|936|785|2666|1472|1555|811|1111|1223|1559|1047|781|514|778|622|1594|1064|1478|1000|116|144|799|666|293|324|506|703|7636|1910|2915|951|4721|1657|685|442|397|345|288|253|3796|2300|2165|1530|1631|976|17|30|0|207|17|30|2821|1363|1442|830|1379|882|0|207|0|207|0|207|962|688|344|341|618|513|2934|1679|1708|1118|1226|782|2652|1005|1436|626|1216|659|1122|792|575|450|547|625|5768|2536|4295|2332|1473|1038|291|270|143|137|148|235|3454|2754|1300|965|2154|2150|4274|2205|3172|2104|1102|751|3946|3903|1657|1680|2289|2305|0|207|0|207|0|207|56|49|56|49|0|207|1427|1005|1097|918|330|303
04000C2US24|4595144|10527|3611943|24530|429430|12065|225560|9197|203870|9104|42588|6478|30649|5017|11939|2888|11300|4043|9597|3788|1703|966|5851|1477|3935|1050|1916|869|13560|4155|8490|2530|5070|2288|10516|1888|8313|1458|2203|908|6770|3488|4411|1603|2359|2437|4857|1599|3926|1261|931|577|21084|4560|14186|3817|6898|1906|2646|900|2301|854|345|258|1216|689|644|496|572|564|7567|2215|5186|1943|2381|1262|544|411|370|264|174|203|13239|2799|8600|2103|4639|1728|5862|2216|4150|1924|1712|732|16355|2722|13280|2239|3075|1343|17136|4095|11765|2950|5371|1757|4252|1811|3273|1443|979|667|8865|2843|5706|1749|3159|1549|17141|4872|10317|2610|6824|3210|6827|2243|5177|1638|1650|1207|8188|2352|6464|1906|1724|1130|5641|1959|4398|1611|1243|1014|6166|2026|5407|1935|759|376|57987|5593|30669|3853|27318|3282|5630|1854|3007|1042|2623|1189|28443|4311|13107|2287|15336|2878|0|224|0|224|0|224|16559|3071|7253|1692|9306|2260|991|777|460|517|531|425|4850|1973|2797|1165|2053|1125|7967|2574|5507|2356|2460|1058|31564|4880|24500|4081|7064|1611|2931|1002|2000|765|931|526|15010|3514|11188|2558|3822|1642|3463|1214|2985|1045|478|393|51912|9695|37586|7902|14326|3206|61656|8405|52565|7012|9091|2786|15028|5513|12502|4552|2526|1800|0|224|0|224|0|224|798|463|668|423|130|172|10811|4105|8596|3411|2215|1400
04000C2US25|5232743|5120|4054382|20237|416670|11543|228435|10593|188235|7994|32426|4065|25975|3257|6451|1767|55638|7555|31689|4660|23949|4732|21415|3258|15840|2679|5575|1545|185529|12800|102109|8397|83420|7430|11127|1741|9918|1567|1209|536|1623|606|1563|605|60|4|19281|3460|13674|2732|5607|1710|27453|4261|17153|3296|10300|3455|12203|2788|8699|2031|3504|1321|4653|2515|2582|1294|2071|1912|8733|2518|5644|1796|3089|1252|3625|1476|2979|1208|646|574|5052|1726|2319|836|2733|1368|10050|2531|6998|1869|3052|1172|20930|3692|18454|3285|2476|1205|5601|1913|4047|1565|1554|941|5512|3385|3828|2408|1684|1280|6163|1971|4787|1512|1376|672|14896|3347|10912|3050|3984|1263|20929|5118|15435|3996|5494|1694|12070|3008|9207|2494|2863|2031|8875|2260|7893|2264|982|660|5414|1780|4900|1585|514|372|92262|7460|49066|5253|43196|4269|6476|2077|4073|1505|2403|884|14208|3007|7153|1729|7055|1791|1481|1469|433|458|1048|1095|28329|5121|12258|2809|16071|3155|26304|4632|12430|2920|13874|2868|8359|3037|4806|2040|3553|1473|8502|2556|6304|1854|2198|1049|4957|1584|3770|1296|1187|671|1772|801|1543|762|229|210|30111|5326|19254|3347|10857|3431|8373|2559|7231|2395|1142|669|2547|1443|1506|943|1041|894|10278|2768|8362|2482|1916|863|12307|2920|9613|2954|2694|1252|41|74|0|222|41|74|615|523|615|523|0|222|5571|2572|3586|1940|1985|1119
04000C2US26|5510311|5887|4990022|17214|140879|8698|91666|7505|49213|5535|15193|3434|12145|2776|3048|1562|737|671|681|622|56|93|10145|1833|7590|1599|2555|689|2969|959|2227|783|742|416|14331|2129|12917|2120|1414|726|6908|2008|5793|1935|1115|555|5860|1793|4638|1722|1222|458|7378|1853|4389|1548|2989|1036|7230|1652|4950|1089|2280|1069|6206|2140|3656|1309|2550|1421|8896|1982|5665|1498|3231|1212|999|856|999|856|0|184|4228|1372|3134|1152|1094|727|4034|1144|3250|993|784|438|10084|2544|8648|2321|1436|746|7357|2311|5881|2121|1476|766|5406|1823|4430|1718|976|433|14109|2929|4226|1371|9883|2378|6797|2047|5820|1913|977|512|28687|5803|19983|5187|8704|1973|10836|3070|7811|2380|3025|1767|3692|1178|3219|1067|473|355|5229|1977|4149|1648|1080|563|22980|3616|12882|2381|10098|2299|5549|1242|3225|970|2324|884|9693|2073|5375|1560|4318|1271|2945|1489|2393|1272|552|475|6829|1963|2673|1130|4156|1317|1693|797|719|455|974|562|4067|1734|2304|1208|1763|817|3290|1515|1991|883|1299|1031|13635|2524|10896|2218|2739|927|799|329|741|326|58|99|81102|8489|45884|6392|35218|4847|1630|887|1605|877|25|41|25049|5453|15776|4411|9273|2420|2097|1001|2025|982|72|116|6395|3865|2466|1022|3929|3782|0|184|0|184|0|184|2029|2013|1921|2008|108|107|2317|778|1947|714|370|281
04000C2US27|2827658|3683|2509166|13484|94071|5715|54210|4608|39861|3790|8079|1532|5979|1283|2100|1011|392|475|365|474|27|42|1225|823|1053|789|172|196|2514|1085|2186|1034|328|249|7976|2132|5045|1305|2931|1247|800|332|529|223|271|261|236|166|236|166|0|157|10803|2686|7503|2076|3300|1191|1239|624|881|482|358|277|1305|712|766|526|539|472|2869|1600|1437|976|1432|912|0|157|0|157|0|157|3142|2211|714|453|2428|2157|1721|1632|1035|1089|686|712|3657|1376|3323|1324|334|346|888|704|622|436|266|310|154|204|0|157|154|204|2094|1155|1621|872|473|410|5090|2473|3669|1936|1421|1048|3192|925|2540|776|652|374|2644|1467|1775|1061|869|687|5478|2368|4578|2172|900|870|1040|970|961|963|79|103|10111|2797|4580|1248|5531|2183|1431|938|1243|881|188|177|2236|1005|1181|697|1055|552|39580|5780|25877|4126|13703|2682|13389|2989|6028|1837|7361|1911|4237|1525|2079|840|2158|1138|5545|2015|3065|1349|2480|882|5991|2547|2680|1279|3311|1874|4417|1432|3432|1133|985|504|992|677|660|455|332|341|10277|4324|6298|2227|3979|2524|447|485|272|266|175|245|33132|6603|20340|5207|12792|2814|13511|3835|8509|2445|5002|2304|7450|2607|5642|2023|1808|1197|4|8|4|8|0|157|993|494|915|487|78|63|4140|1918|2705|1382|1435|862
04000C2US29|3097926|5605|2912052|10314|68005|5156|47098|4046|20907|2685|5501|1708|4202|1154|1299|861|727|780|578|554|149|252|1109|561|1031|569|78|128|1567|713|1319|660|248|194|10593|2681|8909|2601|1684|725|2901|1083|1891|853|1010|519|638|365|581|321|57|96|3101|1430|2263|1058|838|657|1029|618|574|369|455|475|10849|2801|6893|1997|3956|1488|3942|2453|3290|2288|652|504|139|230|139|230|0|195|1150|762|552|469|598|450|1889|1118|1364|707|525|556|4629|2399|4138|2352|491|422|3681|2227|2797|1779|884|653|848|613|706|574|142|188|623|527|442|378|181|194|1298|933|906|679|392|381|3597|1363|2030|839|1567|967|5925|2287|4841|2033|1084|621|2532|1528|2254|1402|278|301|1454|880|1125|689|329|310|12956|2677|7176|1740|5780|1589|953|510|749|410|204|182|4595|1369|2470|887|2125|826|1164|711|911|609|253|157|3968|1724|1841|1091|2127|1077|627|576|382|386|245|249|666|423|537|387|129|131|1106|610|543|334|563|508|4360|1286|2465|696|1895|810|1979|906|1377|740|602|322|7211|2529|5163|1911|2048|1154|956|740|956|740|0|195|3406|3124|1453|1218|1953|2043|2009|1191|1479|777|530|583|1592|1027|1363|967|229|188|106|157|106|157|0|195|71|94|71|94|0|195|422|353|422|353|0|195
04000C2US32|1301798|11244|846311|17066|305164|12805|192488|11502|112676|6878|2247|806|2196|801|51|79|835|1043|738|1018|97|181|1031|548|659|340|372|452|1152|546|974|490|178|159|2331|958|2331|958|0|228|308|284|224|249|84|139|348|395|348|395|0|228|4223|1471|2728|1094|1495|735|1078|765|817|659|261|248|4452|3332|3063|2478|1389|946|618|375|184|195|434|317|1523|1441|1117|1204|406|455|4569|2414|2678|1783|1891|1352|136|165|136|165|0|228|793|613|639|579|154|157|1030|1058|971|1032|59|97|1607|1191|1081|888|526|549|0|228|0|228|0|228|513|435|240|272|273|293|1127|537|920|465|207|229|214|243|174|216|40|72|112|183|59|96|53|88|72|117|72|117|0|228|20128|3183|9328|2259|10800|2026|1928|924|1258|702|670|373|6417|1743|3285|1283|3132|956|107|128|36|57|71|117|5737|2041|2023|843|3714|1805|485|478|137|174|348|354|4018|1610|1901|1160|2117|991|545|594|251|328|294|366|57325|7035|39978|5340|17347|3445|5946|2468|2975|1266|2971|1420|3737|2055|2028|1156|1709|1199|1512|1515|1247|1507|265|264|8941|2918|3841|1653|5100|1713|0|228|0|228|0|228|1122|1288|779|1053|343|343|351|536|351|536|0|228|611|437|611|437|0|228|1094|628|704|549|390|282
04000C2US34|7761288|8617|5376558|25654|1191473|21695|650055|17023|541418|15096|21380|3717|18804|3441|2576|1001|51397|8823|32049|6200|19348|4366|47801|4579|34625|4018|13176|2336|75269|8489|41937|5054|33332|6081|16954|2572|15130|2479|1824|662|5774|1562|5121|1440|653|437|22137|3684|16051|3062|6086|1619|55539|6375|36949|5342|18590|3064|53626|6553|31994|4325|21632|3762|8695|2035|6243|1679|2452|835|23396|4025|14057|2788|9339|2427|4320|1732|3799|1571|521|402|6619|2033|4614|1508|2005|943|76054|8473|49464|5908|26590|3846|73725|7803|60849|6617|12876|2758|30797|5094|23221|3790|7576|1980|13998|4489|9021|3064|4977|2024|27270|4423|18389|3380|8881|2249|22252|3684|17965|3269|4287|1650|21522|3806|15300|2785|6222|1718|38343|5405|30543|4669|7800|2222|27608|5483|22973|4564|4635|1941|18976|3752|16140|3562|2836|1097|105016|7006|59503|4446|45513|4105|12097|2694|5520|1774|6577|1847|70871|5645|32000|3931|38871|3535|1|1|1|1|0|225|14140|3399|7216|2363|6924|1845|3217|2123|1881|1434|1336|851|2011|960|1172|653|839|577|28916|6031|18610|3904|10306|2899|64904|6559|50097|5469|14807|2349|4771|1892|4094|1794|677|415|68966|8788|47754|6478|21212|3710|17759|3835|14367|3021|3392|1361|3042|1575|1846|1125|1196|889|32187|5753|26021|4941|6166|1666|4262|1814|3758|1756|504|430|0|225|0|225|0|225|1249|831|1205|806|44|75|16396|4141|13104|3677|3292|1105
04000C2US36|8180399|7479|6580226|26067|753010|14238|444723|11008|308287|10922|36670|4209|29788|3646|6882|1685|40479|5681|25526|3766|14953|3820|63050|5567|44247|4213|18803|3379|23973|4564|15847|3193|8126|2018|23977|3372|20448|3159|3529|1075|95166|6940|39222|4360|55944|5101|21448|3451|17425|3121|4023|1126|27848|4878|18917|3466|8931|2330|20420|3898|11605|2638|8815|1852|8840|2583|6016|1823|2824|1089|18797|3873|12869|2940|5928|2001|1670|739|1357|645|313|245|12430|2729|8704|2201|3726|1224|7073|2095|5621|1788|1452|583|19363|3314|16050|3028|3313|922|29720|6582|21755|5048|7965|2375|18227|5094|10906|3438|7321|2329|17053|3809|11555|3012|5498|1611|14330|4057|7336|1976|6994|2722|27313|5174|21035|4416|6278|1863|4510|1503|3593|1188|917|659|4309|1340|2922|908|1387|820|20471|3592|13797|2495|6674|1859|94387|7559|50680|5167|43707|4394|11544|2471|6269|1608|5275|1585|30197|3743|15200|2307|14997|2345|107|114|107|114|0|217|6673|2106|3390|1331|3283|1128|1593|1422|1189|1081|404|424|3067|1171|1534|727|1533|731|17392|3591|10111|2408|7281|1751|28951|3834|22378|3023|6573|1637|2144|1080|1460|905|684|537|37771|7416|28464|6122|9307|2621|16698|4151|14223|3785|2475|1047|3272|1694|2509|1399|763|546|17752|5220|15012|4519|2740|1298|4133|1491|3356|1262|777|438|153|172|54|69|99|159|1126|685|829|535|297|230|13066|3669|9539|3132|3527|1359
04000C2US37|4897936|7902|4361138|18601|355261|10558|216153|7935|139108|8038|9073|2334|7406|1929|1667|850|1815|1150|630|560|1185|956|3340|1198|2592|1003|748|574|6276|2061|4076|1489|2200|971|12664|3224|10835|2902|1829|794|3124|1379|3086|1355|38|92|1723|1003|1678|993|45|57|7643|2517|4819|1926|2824|1164|1526|908|1323|886|203|183|1749|1291|1473|1172|276|281|4947|2661|3037|1587|1910|1445|90|154|90|154|0|221|3553|2199|2051|1357|1502|1046|7626|2637|4586|1666|3040|1230|7836|2911|6109|2492|1727|1122|2768|1545|1751|1098|1017|786|439|456|197|246|242|370|611|422|528|365|83|142|3185|1408|2387|1090|798|638|8583|3373|5044|1678|3539|2558|10285|3742|8456|2969|1829|1312|4222|2100|3448|1761|774|563|2555|1351|2411|1335|144|189|14976|3329|7819|1786|7157|2153|3128|1339|1854|905|1274|742|5632|1805|2442|1308|3190|1154|6425|1907|4210|1414|2215|1139|6248|2176|2936|1259|3312|1225|451|362|183|179|268|270|3427|1312|1525|786|1902|971|4053|2155|2404|1375|1649|968|6874|2127|5542|1946|1332|679|3352|1870|2229|1408|1123|731|11162|4514|6753|3175|4409|2242|948|618|659|524|289|315|1947|1431|1338|1291|609|580|2735|1598|1924|994|811|837|1113|722|1113|722|0|221|0|221|0|221|0|221|687|592|665|591|22|11|2746|1186|1660|846|1086|841
04000C2US39|6452389|6759|5984771|15889|130939|7304|84166|6105|46773|4863|15715|3332|10418|2638|5297|2044|405|444|186|236|219|356|9190|1782|7045|1512|2145|831|4378|1993|2725|1023|1653|1411|20711|2753|17377|2568|3334|952|20697|4664|15463|4319|5234|1831|5745|1872|4649|1722|1096|661|13407|2580|8009|2097|5398|1580|3583|1500|3198|1383|385|271|9516|2589|7090|2413|2426|814|13371|2931|7893|2192|5478|1907|405|403|347|354|58|94|3439|1612|2382|1395|1057|678|8032|2421|6129|2180|1903|870|13407|2772|11485|2313|1922|1044|6145|2022|4759|1690|1386|797|5716|2518|3153|1373|2563|1389|2757|1670|2595|1587|162|261|23339|4576|10592|2628|12747|3344|10059|2606|7537|2128|2522|874|8489|2073|7424|1926|1065|567|6443|2273|4319|1320|2124|1479|3439|1334|2969|1210|470|381|27256|4527|16011|3162|11245|2679|5354|1766|2936|1032|2418|1119|5048|1382|3352|1113|1696|654|310|384|153|252|157|165|7414|2208|3896|1371|3518|1288|3021|2210|999|514|2022|1843|3714|1482|2692|1238|1022|714|8792|3547|4760|2023|4032|1941|8670|1978|6364|1709|2306|1076|1871|1196|779|602|1092|695|23493|5545|18378|4550|5115|1739|2970|1766|2447|1533|523|687|10669|4195|6157|3659|4512|1591|9835|3477|8055|2846|1780|1025|3908|2119|3152|2114|756|506|0|208|0|208|0|208|663|721|663|721|0|208|5303|1787|3727|1216|1576|1230
04000C2US41|1784871|5593|1517534|12364|156828|9788|93271|7671|63557|6415|4410|1349|3744|1159|666|643|121|201|121|201|0|214|880|504|862|510|18|30|1130|796|757|580|373|289|5385|1365|4543|1243|842|524|1604|912|1493|898|111|140|166|204|166|204|0|214|11456|3692|7989|3202|3467|1349|135|156|135|156|0|214|1301|856|640|455|661|539|6122|3435|2575|1623|3547|2140|0|214|0|214|0|214|2117|1037|1311|725|806|617|150|172|150|172|0|214|4534|1805|4206|1758|328|245|520|423|463|375|57|94|0|214|0|214|0|214|1695|913|1515|839|180|213|4680|2616|2580|1371|2100|1708|4111|1983|3365|1637|746|694|2733|1638|2486|1630|247|220|2274|1454|1807|1267|467|449|1570|1114|1108|699|462|658|11382|2756|6772|1641|4610|1679|3729|1232|3043|1128|686|420|5042|1605|2733|1043|2309|990|471|395|311|300|160|186|8661|2340|3631|1189|5030|1729|565|411|427|362|138|166|1128|613|932|626|196|154|1054|624|514|377|540|416|6868|1870|5398|1590|1470|616|3073|1650|1985|1062|1088|775|4307|2158|3079|1840|1228|751|523|432|523|432|0|214|1849|1318|344|473|1505|1104|326|419|326|419|0|214|997|783|457|488|540|596|11|20|11|20|0|214|316|287|306|280|10|22|3113|1482|2245|1200|868|830
04000C2US42|8304520|8966|7477037|21469|310406|11744|191652|9475|118754|7199|18994|3034|13837|2237|5157|1691|6931|3031|3900|2047|3031|1516|20836|2809|14877|2193|5959|1357|10001|2502|7441|2255|2560|1097|28851|3949|23117|3133|5734|1572|58459|9046|42649|7492|15810|3412|7815|2097|6840|1844|975|554|22555|3812|14730|2827|7825|1928|9866|2189|6748|1978|3118|1012|3097|1364|2519|1145|578|461|12748|2732|8162|1823|4586|1647|1600|740|1302|676|298|224|3370|984|2710|917|660|391|24088|4465|16293|3529|7795|1853|15287|3684|12913|3235|2374|974|8098|2380|6259|1981|1839|772|3164|1489|1713|1001|1451|859|11314|3991|6711|2378|4603|2000|22902|4381|10261|2557|12641|3633|10718|2464|7512|1963|3206|1047|12664|2897|10105|2517|2559|980|6363|1838|4564|1521|1799|823|11945|2947|9371|2495|2574|1125|54309|5312|30585|4107|23724|2957|4444|1026|2787|730|1657|725|21320|4193|11213|2905|10107|2221|309|248|166|163|143|93|18541|3354|7661|1727|10880|2398|2880|1257|1453|765|1427|832|2282|1038|843|511|1439|697|8270|2828|4970|1841|3300|1481|12038|1972|8463|1763|3575|852|2328|1117|1228|648|1100|639|23762|5234|15713|3683|8049|2594|3042|1539|2711|1406|331|332|4769|1955|3039|1388|1730|918|10584|2708|7459|2185|3125|1346|4424|1867|2781|1169|1643|1066|1029|1352|1029|1352|0|190|693|856|673|859|20|36|10387|3242|6482|2151|3905|1920
04000C2US45|3487689|6473|3199581|13134|174349|7911|105077|5949|69272|5601|6232|1438|5427|1327|805|431|1192|665|1192|665|0|222|4467|1672|4214|1699|253|230|4820|1794|3631|1617|1189|698|11766|2596|9842|2260|1924|1077|1797|867|1797|867|0|222|1640|1206|1375|1080|265|260|7185|2433|3949|1639|3236|1714|1274|867|999|690|275|260|410|373|410|373|0|222|5753|2406|3358|1671|2395|1103|296|308|296|308|0|222|1766|1064|1165|809|601|535|6399|2030|3788|1427|2611|1059|5191|2110|4551|1839|640|500|1619|1108|1135|800|484|556|2306|1602|1919|1423|387|347|325|375|269|319|56|82|3339|1721|2977|1579|362|360|5016|1813|3336|1301|1680|924|2875|1553|1889|1142|986|889|1069|902|1069|902|0|222|1804|1295|1359|1114|445|457|6707|2082|5213|1936|1494|808|1976|892|1133|503|843|623|2691|1157|1657|918|1034|495|1128|713|833|536|295|234|2776|1176|1115|576|1661|937|1440|990|749|549|691|669|1736|769|802|509|934|504|1112|1295|986|1373|126|212|5421|1660|4299|1422|1122|485|727|502|417|311|310|300|2691|1240|1826|911|865|599|603|540|603|540|0|222|62|115|62|115|0|222|3133|2058|2848|2013|285|303|642|810|59|95|583|802|0|222|0|222|0|222|677|854|340|427|337|457|1696|766|1028|646|668|486
04000C2US47|2946914|7247|2756964|13936|101339|7517|57736|5210|43603|5156|3967|1344|2776|891|1191|746|328|434|138|149|190|292|725|486|700|482|25|45|1825|936|1657|855|168|275|5332|2250|4880|2173|452|350|2941|1735|2841|1667|100|172|654|620|433|420|221|265|1312|902|830|790|482|394|1666|1411|1219|960|447|511|2080|1186|1233|891|847|536|1288|737|736|543|552|476|188|290|188|290|0|225|1753|970|1462|897|291|283|2591|1331|1675|1035|916|658|3033|1384|2669|1326|364|410|666|503|551|432|115|117|356|551|356|551|0|225|72|121|72|121|0|225|845|490|687|431|158|151|1857|941|1566|816|291|387|2115|1036|1759|867|356|374|2386|1477|2074|1324|312|279|944|770|862|738|82|143|6693|1890|3548|1183|3145|1204|1348|738|1034|683|314|242|4617|1705|2230|1129|2387|1097|0|225|0|225|0|225|5266|2283|2790|1412|2476|1414|0|225|0|225|0|225|2452|2024|1986|1990|466|588|2196|1980|802|831|1394|1262|4722|1728|4082|1629|640|340|750|639|318|328|432|445|13301|5852|10172|5109|3129|1576|420|570|328|426|92|149|2200|1459|1215|846|985|707|4115|2473|3119|2093|996|939|971|885|899|871|72|142|0|225|0|225|0|225|98|121|98|121|0|225|538|448|391|370|147|159
04000C2US48|12932423|20938|8746513|46627|3212200|45422|2049166|33857|1163034|29018|37272|10371|29247|9648|8025|2882|3954|2592|2734|2018|1220|1115|6662|2682|5698|2406|964|685|19851|4297|16295|3620|3556|1397|26661|4477|23165|4005|3496|1308|11890|8450|11565|8406|325|305|3515|1512|3023|1452|492|384|20767|6374|14763|5854|6004|1685|5308|1424|4269|1344|1039|463|3237|1454|2137|1049|1100|755|9308|3837|7114|3127|2194|1202|441|393|316|342|125|155|12139|2939|8928|2283|3211|1191|30366|7124|19987|5543|10379|3243|51045|6977|43116|5791|7929|2520|62430|8537|47620|6619|14810|3470|8532|3289|5651|2490|2881|1428|13167|3842|8183|2236|4984|2570|27359|4389|21655|3926|5704|1787|11898|2845|8336|2144|3562|1413|51376|6741|42262|5397|9114|2784|25732|4777|22483|4523|3249|1128|32829|5387|24498|4214|8331|2262|83253|9629|45880|6416|37373|5120|9051|2523|5742|1643|3309|1508|41820|7400|21360|5368|20460|3401|245|211|245|211|0|237|136279|11769|66648|7803|69631|7111|8121|2308|3548|1595|4573|1528|10431|3077|5462|1993|4969|1929|15593|4190|7961|2210|7632|2396|43842|6004|34126|5013|9716|2363|12665|3143|8059|2336|4606|1575|58565|9487|42005|7335|16560|4014|2322|1172|1630|824|692|618|11662|3236|5342|1978|6320|2394|40482|6877|35425|6265|5057|1782|13340|3776|11207|3197|2133|1314|0|237|0|237|0|237|2609|1316|2298|1295|311|279|7691|2957|5691|2405|2000|1073
04000C2US49|2173115|4198|1844762|14596|221225|10177|137076|7805|84149|6235|4173|1066|3359|960|814|557|90|162|90|162|0|204|1497|568|1411|554|86|107|8920|2590|7085|2027|1835|1194|6048|1677|5323|1601|725|532|1707|784|1401|692|306|292|401|445|284|420|117|117|3164|1483|2213|1223|951|559|718|910|178|203|540|893|2185|1643|1556|1008|629|784|546|432|344|289|202|259|359|414|176|210|183|220|2491|2264|1611|2038|880|896|204|256|204|256|0|204|2422|1513|2006|1208|416|470|176|244|39|68|137|234|55|93|55|93|0|204|203|214|203|214|0|204|3575|2577|3196|2137|379|552|2331|899|1917|798|414|325|1067|1047|898|966|169|213|525|599|296|314|229|293|536|449|444|440|92|114|13304|2771|8442|1841|4862|1549|3802|1648|2458|1016|1344|860|3783|1498|2049|948|1734|780|663|879|588|875|75|123|7332|2565|3790|1693|3542|1566|976|677|552|448|424|382|2019|912|1260|699|759|470|2151|1287|1431|777|720|555|5480|2088|3956|1620|1524|851|12366|2561|10189|2245|2177|804|2150|1179|1769|924|381|454|0|204|0|204|0|204|5078|5472|3403|3311|1675|2191|187|202|187|202|0|204|1692|1286|936|934|756|662|1614|831|1425|787|189|247|431|289|431|289|0|204|707|395|638|384|69|84
04000C2US51|5143888|8538|4110618|19128|438968|10658|262203|9839|176765|10172|18405|3390|15510|2973|2895|1015|4557|2082|1994|1150|2563|1735|7537|2958|6301|2423|1236|849|7976|2594|5408|1555|2568|1589|11868|1755|11151|1716|717|340|2659|1032|2300|744|359|428|4647|1447|3951|1338|696|386|10198|2526|7236|1957|2962|1093|1189|559|855|413|334|255|1988|1024|1537|838|451|433|3430|1255|2529|1085|901|531|1969|1499|1684|1398|285|478|31288|4945|18026|3397|13262|2732|6603|2003|4934|1724|1669|697|26805|4152|21670|3288|5135|2465|27252|5697|17078|3979|10174|2864|8283|3028|5511|2202|2772|1312|14234|3983|9126|2379|5108|3035|26867|4912|19177|3750|7690|1976|18552|5023|11605|3328|6947|2558|23791|4402|19948|3864|3843|1175|15099|4202|13543|4017|1556|702|6255|2198|5730|1985|525|469|46056|5027|27528|3564|18528|3012|5913|1525|3764|1090|2149|900|47594|4873|23674|3228|23920|3367|89|150|89|150|0|214|42465|6069|19093|3753|23372|3591|4970|1951|1943|933|3027|1273|7561|2126|4010|1028|3551|1487|11651|2911|7089|1967|4562|1544|27287|4038|20967|3243|6320|1823|5087|1575|3794|1274|1293|673|47174|7118|34360|5485|12814|2944|953|584|953|584|0|214|27512|4994|18459|3771|9053|2234|23546|4836|17294|3336|6252|2759|7236|2221|6156|1970|1080|665|0|214|0|214|0|214|1298|1028|1074|769|224|315|6458|2206|5068|2063|1390|845
04000C2US53|3806196|8758|3032777|24133|330493|13807|198788|10274|131705|9592|12581|2835|10762|2343|1819|1199|2724|3035|1268|1312|1456|1780|2493|1017|2003|901|490|305|6398|2042|4299|1665|2099|1430|11679|2123|9971|2021|1708|661|3555|1586|3181|1475|374|418|1004|614|1004|614|0|214|34576|6913|22497|5192|12079|2795|3054|1461|1636|940|1418|930|3321|1533|2174|1185|1147|600|17834|5694|8406|2448|9428|4555|1317|1006|1027|909|290|453|8526|2635|4746|1915|3780|1569|3883|1501|3291|1343|592|444|16086|3164|14012|2635|2074|970|4218|1979|2922|1266|1296|923|9688|3281|5105|1662|4583|2141|2859|1859|2784|1853|75|91|4817|1817|3437|1505|1380|709|11348|3661|8439|2949|2909|1367|11165|3694|9132|2933|2033|1420|5606|1829|4959|1690|647|435|5514|2295|4983|2200|531|338|54491|5141|30086|3320|24405|3524|11229|2549|8063|1933|3166|1113|33789|5136|14298|2866|19491|3587|1901|1674|593|556|1308|1746|34571|6595|16487|3941|18084|3572|5693|2240|3122|1867|2571|1034|8111|2953|4502|1907|3609|1450|8674|3933|4706|2145|3968|2308|31091|4882|21900|3557|9191|2224|16919|3777|11968|2739|4951|2100|12143|3593|9601|3192|2542|1135|2067|1500|1899|1458|168|170|20595|6159|12626|5045|7969|2620|4281|1905|3217|1714|1064|862|6430|2093|4853|1752|1577|749|26|32|26|32|0|214|2679|1301|2300|1214|379|416|3990|3290|1793|823|2197|2590
04000C2US55|2594273|6327|2415520|10121|79734|6394|53620|5360|26114|3300|3969|1376|3384|1062|585|711|38|79|38|79|0|159|2180|775|1662|652|518|435|1904|1004|1687|863|217|213|11396|2970|8998|2430|2398|1038|2135|1149|1268|504|867|769|1669|580|939|418|730|323|1739|639|926|375|813|514|4256|1402|2566|872|1690|962|2009|986|960|581|1049|569|1962|1020|1082|642|880|572|42|71|0|159|42|71|663|520|590|423|73|120|415|439|239|244|176|266|4280|2655|3970|2549|310|303|1506|938|1310|839|196|200|1481|1042|893|636|588|446|214|372|214|372|0|159|1281|831|878|638|403|360|4725|1840|3334|1202|1391|829|3940|2010|3300|1692|640|663|945|673|863|622|82|126|3322|1499|2530|1369|792|585|7164|2031|3461|987|3703|1380|706|312|400|207|306|226|1822|881|1506|815|316|250|11037|2404|7459|2080|3578|1187|4185|1818|1570|667|2615|1436|60|113|31|58|29|56|2056|1203|771|571|1285|879|2049|1522|1239|1314|810|640|3299|1086|2433|995|866|416|976|402|557|288|419|247|3652|1466|2620|931|1032|784|602|338|512|305|90|152|1870|1378|1487|1179|383|322|596|399|388|321|208|218|1780|1566|1780|1566|0|159|0|159|0|159|0|159|396|213|351|201|45|56|698|487|363|247|335|377
04000H0US27|1196009|1794|1119387|4336|39785|2678|23504|2149|16281|1980|1001|485|589|286|412|365|65|94|65|94|0|157|165|142|117|118|48|82|230|163|204|154|26|34|5534|1134|4333|1021|1201|404|1141|440|654|277|487|291|74|77|39|48|35|62|824|450|654|389|170|194|249|270|249|270|0|157|97|103|32|38|65|74|768|504|317|200|451|333|0|157|0|157|0|157|67|84|22|28|45|77|0|157|0|157|0|157|21|39|21|39|0|157|91|75|91|75|0|157|32|44|26|33|6|14|0|157|0|157|0|157|646|564|621|573|25|37|864|277|643|237|221|123|0|157|0|157|0|157|0|157|0|157|0|157|0|157|0|157|0|157|709|331|487|258|222|148|388|307|352|293|36|51|253|176|158|110|95|87|1871|732|1397|703|474|226|534|367|168|119|366|343|383|485|257|300|126|193|1948|566|1235|496|713|335|6568|3145|2883|1751|3685|1925|566|194|314|147|252|128|1096|461|530|348|566|259|199|109|161|98|38|46|7|12|7|12|0|157|4878|2218|1382|930|3496|1650|347|234|268|204|79|102|1962|1149|1164|894|798|377|261|317|261|317|0|157|2388|858|2276|859|112|104|610|289|491|282|119|95
04000H0US36|1291725|1081|1193526|6779|38945|2795|26059|2689|12886|2214|5936|1726|4649|1451|1287|531|256|160|238|155|18|32|2809|871|1964|745|845|494|1041|651|833|583|208|271|5531|1571|3813|942|1718|898|18121|5007|12388|3677|5733|1913|919|613|721|541|198|155|1891|750|1168|539|723|411|2108|1084|1466|867|642|664|919|591|467|359|452|455|1172|616|705|376|467|469|141|216|69|102|72|118|181|244|181|244|0|217|460|240|411|227|49|35|493|337|308|328|185|93|360|386|343|392|17|37|654|497|159|140|495|426|209|253|13|27|196|253|139|139|77|80|62|114|1943|1098|1544|951|399|249|303|261|137|165|166|223|66|77|66|77|0|217|24|47|24|47|0|217|3252|848|2360|728|892|350|814|400|584|347|230|175|1111|489|614|345|497|288|0|217|0|217|0|217|1008|812|616|520|392|335|0|217|0|217|0|217|148|163|59|80|89|151|491|394|324|350|167|176|1219|629|603|317|616|552|86|80|62|72|24|31|930|996|321|273|609|928|1192|1263|914|989|278|300|381|572|381|572|0|217|927|970|792|777|135|214|186|169|186|169|0|217|106|106|106|106|0|217|807|499|760|499|47|62|920|698|280|211|640|639
040C201US01|2788813|25993|2586279|26126|119535|6313|70434|5637|49101|5286|3707|1141|3037|1100|670|461|540|527|388|483|152|218|1058|515|1021|499|37|61|992|714|748|523|244|322|7343|2077|5356|1506|1987|937|1066|682|1066|682|0|208|276|210|269|210|7|11|1061|544|914|547|147|165|207|189|130|136|77|129|1083|1313|978|1272|105|174|814|659|814|659|0|208|0|208|0|208|0|208|861|501|586|347|275|290|2403|1251|736|485|1667|925|1439|777|941|504|498|427|2055|989|1693|844|362|310|666|556|589|505|77|100|2441|1130|937|527|1504|990|2994|1527|2129|1211|865|637|1548|788|1237|676|311|391|1929|1059|1482|955|447|387|115|203|115|203|0|208|379|391|379|391|0|208|8423|2009|4608|1491|3815|1404|1820|1058|826|750|994|804|7463|1838|2853|1007|4610|1384|537|411|537|411|0|208|5054|1357|1904|693|3150|931|252|277|143|168|109|149|2009|829|1403|729|606|366|307|267|180|191|127|164|3567|1110|2044|753|1523|936|890|670|573|486|317|282|8701|4175|4645|1997|4056|2746|280|274|280|274|0|208|660|590|240|243|420|547|3410|2129|2387|1406|1023|1077|2523|1513|1530|815|993|1309|0|208|0|208|0|208|103|56|103|56|0|208|2023|1685|1539|1571|484|572
040C201US04|6201900|18373|4584878|29424|1264216|23944|855038|19641|409178|14562|17862|2856|14827|2732|3035|1285|2432|1751|1372|1215|1060|891|4428|1620|3734|1498|694|521|5728|1876|4788|1685|940|569|13256|2056|11589|1993|1667|674|2169|869|2063|839|106|129|3061|1225|2583|1111|478|321|8316|2410|5961|1761|2355|1330|5076|2321|3713|2197|1363|779|7630|2318|5235|1856|2395|909|4303|1380|3239|1247|1064|499|1306|837|1056|753|250|235|7695|2738|5443|2329|2252|1087|3286|1447|2436|1124|850|544|13888|3653|12295|3114|1593|900|3389|1879|3039|1786|350|273|1906|1342|1793|1300|113|135|2274|1587|1559|1022|715|749|7383|2344|5686|2090|1697|1019|8195|2428|5556|1390|2639|1409|6885|2472|5700|2256|1185|608|9840|2756|7907|2112|1933|1431|3410|1812|3087|1682|323|285|28218|3930|16694|3256|11524|2204|7378|1674|4704|1322|2674|970|10656|2617|5189|1651|5467|1630|966|1301|966|1301|0|228|29206|5071|14303|2905|14903|3339|2305|1170|1186|744|1119|787|4821|1423|2895|960|1926|916|6590|2551|3774|1621|2816|1288|26841|3582|20679|3177|6162|1343|6141|2020|4444|1409|1697|928|33109|6350|22239|4525|10870|3414|2334|1126|1831|1027|503|454|6894|2249|4788|1802|2106|831|6783|2473|4038|1487|2745|1979|9115|3994|5729|2653|3386|2769|20645|3943|16045|3153|4600|1936|5287|2018|4821|1973|466|360|1799|751|1316|577|483|412
040C201US06|34766224|34380|18961160|72368|10004651|53709|6103324|46150|3901327|42634|125067|9093|107393|8070|17674|3315|9479|3575|7418|2578|2061|1806|51113|4335|42843|3808|8270|1636|85879|7807|62524|6095|23355|4066|79471|5803|70399|5460|9072|1734|24362|3558|20917|3447|3445|1143|22496|3865|18906|3561|3590|935|160817|10590|86869|6755|73948|7159|22272|5022|16512|3068|5760|2544|19959|4189|15352|3598|4607|1482|51768|7491|30272|4966|21496|4614|195755|11465|114683|9607|81072|6686|236383|15528|145165|11166|91218|9109|58216|7132|42286|5388|15930|3084|212046|14068|176736|12395|35310|4040|54564|6522|40286|5589|14278|2779|150520|14015|89782|9314|60738|5917|38628|5262|28492|3715|10136|2544|68639|7916|52696|6010|15943|3629|78602|8016|55081|5768|23521|3818|82609|7946|70148|7472|12461|2105|67632|8144|57437|7353|10195|1844|45251|5285|37013|4389|8238|2157|1263216|26838|607123|15499|656093|19291|119984|9736|68151|6688|51833|4751|350489|14610|158440|8367|192049|9966|70406|7053|42396|5125|28010|3441|565052|20551|228893|10524|336159|15221|66684|7298|32246|4794|34438|4024|76924|6370|37543|4083|39381|4188|70928|6744|37845|4140|33083|4527|750547|22820|498368|16344|252179|11915|105676|7867|70920|6067|34756|3951|215848|17746|148519|13206|67329|7154|44331|5318|37618|4705|6713|1652|57935|7330|35836|4953|22099|4056|34550|5988|27149|4497|7401|2423|22478|4645|19084|4187|3394|1222|728|348|651|337|77|64|5581|2847|4319|2219|1262|764|37528|5647|19010|3167|18518|4136
040C201US08|4730019|16367|3909617|22790|552227|17042|355826|12473|196401|10431|22142|4227|16603|3312|5539|2142|1018|683|987|669|31|54|3749|1679|3188|1501|561|493|6922|2121|5767|2005|1155|567|23176|3524|20808|3110|2368|1125|1412|557|1412|557|0|218|1049|574|816|487|233|224|16144|4115|10465|3258|5679|1787|5424|1783|4313|1595|1111|606|2148|1242|1614|965|534|472|6070|1863|3572|1212|2498|1286|69|117|69|117|0|218|7649|2611|5078|1886|2571|1408|3367|1695|2456|1272|911|624|8612|2516|7058|2036|1554|868|1855|859|1707|783|148|202|1643|1968|922|1006|721|976|754|564|662|481|92|162|6425|1878|4091|1421|2334|894|8780|2211|7065|1922|1715|696|3987|1658|3220|1417|767|580|1539|813|1303|696|236|271|1790|1055|1405|854|385|317|23235|3595|13159|2604|10076|2145|6695|1557|5920|1437|775|426|14310|2743|6629|1754|7681|1864|3318|1448|1611|892|1707|917|15490|2743|6202|1518|9288|2012|1120|655|666|507|454|372|3697|1132|1762|669|1935|859|4376|1460|2758|1024|1618|733|8478|1908|6258|1494|2220|849|2546|1038|1978|750|568|451|9117|3156|5923|2285|3194|1382|2042|821|1803|767|239|208|21848|5651|11461|3630|10387|3699|8655|4789|6528|4090|2127|1129|3594|1697|1892|832|1702|1146|900|668|350|300|550|700|466|289|287|266|179|101|2564|1051|2225|955|339|267
040C201US09|2964671|13432|2205556|21480|421572|11342|246118|9074|175454|8969|18418|2519|15777|2220|2641|800|16543|4306|12810|3547|3733|1514|22935|3437|16887|2890|6048|1733|50248|6701|29158|5185|21090|3639|6759|1526|5966|1358|793|453|2596|1247|2557|1255|39|64|5218|2235|3755|1801|1463|721|8541|2335|5158|1700|3383|1195|21899|3254|12858|2222|9041|1674|5642|2502|3805|1729|1837|943|7691|2598|4386|1784|3305|1850|675|675|671|677|4|8|2255|1105|1519|851|736|699|3773|1466|2698|1144|1075|525|7678|1611|6950|1544|728|375|6165|2692|4029|1861|2136|1298|4039|2965|2192|1583|1847|1479|6693|2853|4219|1620|2474|1401|8183|2639|6279|2325|1904|805|15625|4006|9228|2780|6397|2413|4134|1317|3703|1231|431|381|5419|2409|4876|2363|543|371|2181|938|1592|800|589|506|34530|3793|17546|2247|16984|2690|2033|743|1518|561|515|384|8412|2078|4258|1330|4154|1744|49|64|49|64|0|224|7176|2544|3628|1701|3548|1244|1083|898|211|221|872|710|4412|1817|1560|894|2852|1142|4000|1836|1706|882|2294|1128|8091|2565|5620|1914|2471|1136|1824|1127|1141|906|683|415|11942|3522|7758|2427|4184|1798|2093|1121|1918|1092|175|196|1967|1237|1383|963|584|645|10053|3504|9035|3321|1018|679|2047|1101|1796|953|251|274|0|224|0|224|0|224|251|309|251|309|0|224|4270|1675|3639|1599|631|340
040C201US10|796053|8179|679402|9124|60221|4400|36861|3716|23360|3015|4031|2223|2685|1280|1346|1098|2603|1682|1364|1456|1239|873|840|386|757|340|83|116|508|402|344|329|164|228|1259|540|904|443|355|314|520|376|520|376|0|203|669|401|591|380|78|98|1124|584|868|525|256|267|1213|735|844|568|369|337|0|203|0|203|0|203|732|634|536|398|196|331|0|203|0|203|0|203|177|177|125|152|52|87|3332|1996|2227|1638|1105|592|2576|1081|2490|1053|86|96|2391|1371|1532|1165|859|632|0|203|0|203|0|203|1851|814|1514|717|337|336|1550|840|1234|703|316|276|216|259|216|259|0|203|1749|1095|1393|848|356|358|1534|1050|1380|955|154|209|1623|882|1408|709|215|313|5805|1544|3459|1079|2346|1058|1334|1229|814|792|520|479|1987|999|1091|629|896|679|0|203|0|203|0|203|1129|805|696|613|433|320|91|107|91|107|0|203|228|241|35|61|193|233|2312|1948|1204|1025|1108|1020|1082|600|964|586|118|125|1086|1477|229|309|857|1176|2479|1216|1220|689|1259|849|211|186|160|165|51|84|354|371|264|268|90|161|4411|2463|3690|1938|721|685|2443|1100|2097|980|346|374|0|203|0|203|0|203|67|109|67|109|0|203|913|678|830|626|83|134
040C201US12|19301554|32840|13162341|52648|4482928|27378|2530527|31700|1952401|26428|100749|7026|75360|5407|25389|3495|469940|28580|290347|18874|179593|15228|40742|4508|29457|3343|11285|2873|174021|13923|109812|9112|64209|8237|59043|5074|51846|4621|7197|1478|14848|3697|13238|3585|1610|868|19807|3576|15478|2772|4329|2101|63151|7253|37885|4845|25266|4465|21974|3229|12777|1980|9197|2261|16032|3773|11272|3041|4760|1490|29545|4571|19829|3264|9716|2571|2181|1047|1284|789|897|695|12147|3435|8469|2756|3678|1376|20378|4008|13737|2851|6641|2230|31796|5816|26654|5001|5142|1907|19023|5092|13812|4016|5211|1767|3311|1969|2331|1317|980|741|18318|4496|12482|3189|5836|1865|9800|3215|5276|1950|4524|2049|43059|6799|29186|4944|13873|3213|19454|3796|15579|3389|3875|1535|10050|2780|8336|2091|1714|1215|13796|2911|10367|2136|3429|1389|66939|6964|31564|4045|35375|4987|10999|2988|7867|2733|3132|1146|17178|3500|8275|2450|8903|2325|917|576|508|317|409|402|68410|8690|29300|4391|39110|6008|3234|1263|1003|557|2231|947|14921|3686|7250|2678|7671|2130|16529|3051|10305|2108|6224|1719|75990|7132|55832|5468|20158|2790|8550|2152|6376|1755|2174|1089|77257|10814|55894|8621|21363|4484|21835|3597|17872|3227|3963|1239|5702|3344|3519|2137|2183|2144|12452|4312|10201|3556|2251|1266|5582|2543|4152|1751|1430|1257|114|136|46|75|68|113|2258|1776|1376|815|882|1129|34253|5242|25790|4032|8463|2234
040C201US13|7586133|28709|6228766|37353|698809|12216|399721|12059|299088|10638|42075|6842|32072|5424|10003|2772|28238|5591|21019|4522|7219|2648|4595|1336|4219|1206|376|265|19793|4173|13252|2986|6541|2534|20047|3306|18405|3076|1642|621|4753|1840|4473|1743|280|248|2336|904|1930|853|406|240|12685|3001|9400|2534|3285|957|2413|1128|1497|774|916|586|7120|2328|5284|2055|1836|880|4288|1467|2422|975|1866|990|289|435|196|283|93|154|9095|2387|6348|1874|2747|1218|25807|4376|16129|3105|9678|2538|30040|4945|24325|4046|5715|1705|13748|3180|9949|2444|3799|1401|3290|1431|2338|1067|952|804|10166|2874|6171|1900|3995|1326|8278|2275|5879|1826|2399|1068|17084|4076|11961|3519|5123|2034|23412|3992|19878|3682|3534|1301|14050|3263|12241|3075|1809|868|8741|2423|6868|2131|1873|821|59306|7100|31093|4176|28213|4715|8608|2185|4441|1420|4167|1755|53036|5496|25758|3233|27278|3472|1179|942|1095|898|84|157|58780|7727|23278|4648|35502|4492|3929|1985|1608|970|2321|1151|6053|1792|3446|1158|2607|998|8590|3062|4142|1777|4448|1848|12602|2273|9509|1961|3093|1237|6500|2815|3639|1735|2861|1519|21186|6387|15322|4931|5864|2577|4282|1515|4124|1460|158|213|31751|6155|22714|5254|9037|2275|45227|8624|37608|6839|7619|2796|12286|3868|10969|3631|1317|834|223|353|223|353|0|228|1142|796|937|689|205|221|11535|2912|9337|2457|2198|1296
040C201US17|10314175|25188|7537329|37256|1601628|21534|971471|19273|630157|16924|33466|5342|24665|3692|8801|3509|4504|1977|3034|1548|1470|1262|26064|3715|19191|2864|6873|2069|10495|2445|7441|2183|3054|1225|19770|2830|16830|2390|2940|971|3070|1819|1996|709|1074|1528|26442|4311|19159|3224|7283|1926|39252|6141|21776|4134|17476|3355|166070|10401|95908|7992|70162|5219|32149|4989|21827|4214|10322|1965|48588|6488|27987|4047|20601|4277|1547|877|1200|734|347|298|8920|2464|5922|1730|2998|1265|53232|7147|33758|4969|19474|3579|43612|5718|35008|4635|8604|2583|59586|7757|44460|5712|15126|3171|8842|3026|7161|2352|1681|930|8811|3190|5967|2103|2844|1607|18867|4270|13227|3039|5640|3211|54803|6526|33767|4557|21036|3802|23211|4042|19376|3762|3835|1582|15723|3362|13882|3197|1841|775|21549|4386|16814|4026|4735|1124|107736|8235|55646|5447|52090|5243|13185|2315|7932|1765|5253|1191|38318|4909|18075|3310|20243|3034|119|139|55|87|64|104|22686|4302|10925|2346|11761|2988|2695|1414|1060|504|1635|1080|8934|1986|4395|945|4539|1635|16816|3389|9736|2540|7080|2133|86746|7785|63980|6286|22766|3881|9516|3341|7458|2974|2058|1218|74020|9317|54669|7735|19351|3462|5458|1733|4819|1424|639|597|20003|4100|11501|2958|8502|2361|26513|4942|21221|4361|5292|1577|8165|2851|5907|2456|2258|1162|169|169|169|169|0|206|758|522|758|522|0|206|4808|1498|3735|1358|1073|466
040C201US18|4569890|19499|4028350|23425|293225|11654|176869|9262|116356|8048|17758|5067|11062|3111|6696|3408|9525|4054|4189|1861|5336|2731|929|456|817|451|112|111|4985|1472|4520|1378|465|320|9565|2128|8541|2022|1024|535|3177|1351|2819|1254|358|301|1692|820|1386|794|306|253|2858|1272|2137|974|721|613|4491|1718|3695|1657|796|459|8359|3229|5464|2399|2895|1850|3398|1301|2505|1128|893|603|91|154|91|154|0|207|3280|2346|2516|2197|764|761|4316|1590|3502|1342|814|532|7788|1846|7281|1752|507|359|4382|1818|3426|1500|956|573|14501|3809|8061|2693|6440|2228|2238|1380|1669|1022|569|497|5664|2563|4591|2028|1073|826|5007|2144|3592|1464|1415|1412|4822|1692|3714|1214|1108|756|4299|1860|4183|1827|116|144|1814|940|988|576|826|776|20333|2939|10019|1937|10314|1979|4274|1432|2424|1079|1850|864|6356|2528|4009|1817|2347|1020|75|111|75|111|0|207|3805|1483|1855|759|1950|1057|176|209|176|209|0|207|2171|940|990|728|1181|606|25731|4343|11836|2799|13895|2810|8999|2284|5735|1461|3264|1474|2164|1037|1537|772|627|615|11310|3187|7743|2797|3567|1530|398|411|250|341|148|235|5635|3056|1537|995|4098|2539|16981|4647|13478|4174|3503|2282|12078|4858|7125|3536|4953|2361|0|207|0|207|0|207|364|313|224|184|140|182|2526|1125|1855|1037|671|491
040C201US19|1889080|19210|1670395|18956|103926|5846|61404|4942|42522|4528|6699|2080|3052|1176|3647|1409|302|343|165|236|137|249|1260|1085|1124|1037|136|180|1626|667|1225|511|401|353|4691|1169|3671|1053|1020|562|683|413|449|314|234|178|128|135|128|135|0|170|1956|1075|1440|1075|516|427|505|449|501|449|4|7|6570|2008|4083|1412|2487|1042|1433|1162|1321|1156|112|82|183|212|103|157|80|146|982|769|668|647|314|246|618|630|421|536|197|219|2015|1046|1686|891|329|285|953|778|735|594|218|363|339|343|273|290|66|111|1101|696|726|547|375|333|4299|2122|2595|1659|1704|1113|3250|1785|2039|856|1211|1157|2284|1336|1727|1016|557|506|2952|1814|2135|1421|817|980|2171|1838|2171|1838|0|170|7473|1810|4772|1488|2701|823|679|441|284|250|395|354|3070|1198|1798|748|1272|837|351|392|220|300|131|144|6942|1910|2477|1000|4465|1446|757|871|325|432|432|493|4321|1737|1591|900|2730|1115|8296|2268|3163|1382|5133|1841|2675|1151|2202|1017|473|417|4686|2273|1533|668|3153|2143|10942|3394|7753|2972|3189|1239|286|216|286|216|0|170|3346|1875|1544|1130|1802|992|2632|1386|1989|938|643|603|9168|3297|2610|1120|6558|3381|0|170|0|170|0|170|932|543|911|536|21|48|1203|864|958|638|245|280
040C201US20|1988550|14713|1702810|18035|192027|8755|115123|7055|76904|5577|4153|1374|3178|1048|975|656|721|589|509|442|212|225|285|217|285|217|0|185|2379|1018|2013|941|366|394|4590|1338|4267|1313|323|296|515|481|515|481|0|185|132|217|69|114|63|103|1993|1093|1217|830|776|457|146|232|138|233|8|4|643|491|520|441|123|203|936|590|757|516|179|299|0|185|0|185|0|185|1014|728|422|432|592|544|386|401|264|281|122|176|4418|1946|3232|1575|1186|852|1333|821|986|598|347|372|852|920|438|480|414|455|2453|1090|2023|921|430|266|2214|1140|1922|1016|292|375|1848|1496|615|354|1233|1400|5353|1871|4215|1470|1138|716|656|479|555|421|101|177|696|534|540|475|156|244|8544|2177|4684|1279|3860|1188|1372|719|527|295|845|655|3106|1226|1911|896|1195|641|1768|1396|1298|1288|470|355|11542|2248|3584|1037|7958|1732|241|191|109|116|132|136|3238|2017|1475|1406|1763|1098|2532|1098|666|463|1866|897|4309|1325|3190|1106|1119|564|1867|1038|1158|765|709|623|4136|1157|3013|888|1123|642|187|308|100|167|87|142|2431|1242|1435|867|996|742|2194|1084|1942|989|252|242|5145|1827|2869|1019|2276|1268|40|68|40|68|0|185|83|97|83|97|0|185|3262|2251|2362|1697|900|861
040C201US21|2477205|18758|2278098|18997|96974|5447|53159|4117|43815|3601|6956|1961|4519|1515|2437|1080|640|597|137|159|503|574|380|266|380|266|0|204|2264|1257|1515|1084|749|692|5777|2072|5216|2072|561|330|1182|658|708|374|474|552|288|266|227|209|61|108|2085|990|1746|884|339|292|310|276|262|264|48|83|4447|1921|2941|1444|1506|866|1352|1188|1086|959|266|269|0|204|0|204|0|204|1358|1117|799|632|559|560|677|519|575|497|102|175|2868|1416|2055|998|813|760|555|653|446|601|109|178|846|616|547|509|299|357|122|198|122|198|0|204|5389|1751|2104|921|3285|1151|1180|601|1010|582|170|171|3921|1661|2819|1203|1102|705|1619|1430|1144|1055|475|583|573|383|538|355|35|60|5369|1338|3389|1190|1980|946|4252|1486|2339|1202|1913|807|4423|1513|1866|1023|2557|848|133|172|50|88|83|114|4993|1952|2193|1255|2800|1309|700|689|337|363|363|385|952|565|384|366|568|413|4593|2043|1664|1155|2929|1301|3582|1159|2763|1026|819|585|1711|946|1360|731|351|401|9755|3105|5530|1925|4225|2106|109|108|95|104|14|20|3013|1454|1385|873|1628|940|2161|1947|1907|1910|254|299|9961|3500|2831|1407|7130|2731|0|204|0|204|0|204|267|189|197|167|70|96|1370|803|1228|685|142|240
040C201US22|3092192|21539|2822747|24896|134974|6990|74340|5836|60634|5604|36500|3336|31203|3145|5297|1266|1984|1571|1925|1570|59|100|1929|798|1646|714|283|360|4012|2179|3412|1941|600|468|3628|1590|3257|1421|371|361|349|293|349|293|0|220|1275|1167|966|957|309|313|1705|997|1096|800|609|535|491|746|491|746|0|220|667|393|381|269|286|245|781|553|366|359|415|424|209|243|94|154|115|186|1101|824|526|302|575|753|2387|1293|772|554|1615|1118|2833|1364|2065|1151|768|645|2442|1485|1575|1223|867|797|544|510|187|183|357|472|1349|1118|443|287|906|906|2135|1269|1705|1037|430|410|2472|1244|1659|990|813|837|2320|1379|2077|1341|243|328|637|481|620|475|17|29|232|270|232|270|0|220|10887|2630|5409|1582|5478|1712|1323|960|444|449|879|610|3422|1577|2141|1069|1281|781|291|401|291|401|0|220|21305|3917|11846|2937|9459|2184|18|32|0|220|18|32|1367|640|525|353|842|461|1341|1126|1331|1126|10|19|5451|1880|4442|1653|1009|516|376|421|376|421|0|220|9663|2992|4181|1665|5482|2342|53|72|53|72|0|220|1764|2393|1572|2101|192|307|2310|1762|1765|1125|545|746|578|356|344|275|234|224|0|220|0|220|0|220|236|248|207|245|29|49|2104|1168|1249|791|855|590
040C201US24|4956836|17591|3814151|28321|493025|9473|258611|8279|234414|8893|50915|6207|36309|4899|14606|3225|13489|4650|9956|3840|3533|1814|7120|1672|4679|1183|2441|1031|15831|4363|10437|2930|5394|2371|12586|2423|10369|1877|2217|1001|3761|1304|3497|1309|264|218|4702|1273|3691|1011|1011|598|23450|4510|15522|3748|7928|1917|4206|1330|3105|1045|1101|777|1608|752|891|551|717|594|7837|2106|5265|1858|2572|1156|1241|906|822|635|419|325|16779|3154|9774|2409|7005|1883|6897|2282|4815|1965|2082|837|17833|3229|14710|2652|3123|1341|17299|3899|11658|2732|5641|1761|4675|1727|3588|1389|1087|676|11004|3232|6806|1914|4198|1803|20366|4911|13189|2657|7177|3212|10138|3118|7539|2547|2599|1705|12275|4440|9882|3733|2393|1581|6904|2555|5146|1980|1758|1153|6854|2046|6039|1962|815|384|74137|6885|38888|4396|35249|4191|7693|2775|4531|1919|3162|1305|32148|4297|15480|2545|16668|2955|0|224|0|224|0|224|18563|3296|8125|1882|10438|2441|1034|777|503|517|531|425|5596|2074|2856|1204|2740|1330|10839|2849|7287|2472|3552|1363|36302|5456|28243|4472|8059|1748|5180|2181|3052|1073|2128|1892|16730|3725|12158|2590|4572|1949|4569|1281|4072|1119|497|413|54979|10256|39496|8329|15483|3462|68725|8954|58400|7494|10325|2962|20795|6882|16340|5444|4455|2541|0|224|0|224|0|224|556|386|468|357|88|158|14044|4897|11286|4197|2758|1558
040C201US25|6057816|16488|4443561|26277|623802|11604|342013|11043|281789|9192|40421|4742|32044|3781|8377|1958|76241|8747|42413|5164|33828|5691|24655|3096|17975|2643|6680|1464|219821|14519|116606|8883|103215|9450|13730|2038|12692|1954|1038|508|2652|918|2496|903|156|114|21572|3498|15338|2772|6234|1755|33439|4448|19763|3390|13676|3629|12469|2639|8849|1850|3620|1356|6358|2793|3892|1568|2466|2100|12003|2946|8106|2037|3897|1405|6208|2835|4333|1889|1875|1550|7461|2190|4671|1530|2790|1415|12490|3296|9124|2416|3366|1364|25966|4001|22365|3560|3601|1304|7120|2198|5202|1716|1918|1056|5820|3414|4092|2440|1728|1281|7756|1856|5777|1420|1979|856|18515|3403|13137|3005|5378|1390|31899|5591|21518|4293|10381|2662|13455|2985|10508|2441|2947|2039|10820|2257|9827|2270|993|659|6643|2119|5931|1847|712|437|132468|8465|70726|5709|61742|5080|9971|2386|6501|1788|3470|997|21140|3387|12406|2207|8734|1870|1439|1460|391|435|1048|1095|45077|6481|18434|3354|26643|4649|28213|4723|13169|2823|15044|3217|8637|2866|4958|2048|3679|1321|10728|2680|8055|1958|2673|1116|5633|1603|4630|1354|1003|619|2658|1054|2365|1010|293|235|39132|5725|24499|4039|14633|3496|12337|3086|10260|2707|2077|1224|9245|2626|5183|2001|4062|1599|18468|4098|14353|3687|4115|1458|18210|3928|14680|3878|3530|1226|41|74|0|222|41|74|612|520|612|520|0|222|8930|3006|6121|2351|2809|1532
040C201US26|6931390|24178|6068928|28037|234498|9560|149750|7947|84748|6388|22245|3972|18108|3319|4137|1729|1361|1100|1263|1073|98|117|11435|1976|8566|1685|2869|838|4925|1850|3773|1461|1152|592|16611|2181|14598|2057|2013|830|5209|1399|4528|1338|681|406|8273|2516|6056|2231|2217|833|12046|2811|7591|2178|4455|1371|10737|2093|7913|1546|2824|1157|9144|2580|5369|1524|3775|1701|11096|2259|7022|1610|4074|1309|1650|1030|1327|914|323|412|5298|1517|3616|1209|1682|850|7702|2359|6082|1893|1620|714|21755|3170|18752|2827|3003|961|13176|3460|10381|2998|2795|949|8967|2736|6890|2376|2077|1120|30686|5728|11116|3164|19570|3677|9219|2620|7066|1920|2153|1089|34075|5670|22449|4833|11626|2437|17385|3940|12393|2967|4992|2127|8718|2239|7031|1826|1687|781|8862|2322|7315|2021|1547|696|44667|4551|26192|3013|18475|3106|11932|2409|5425|1422|6507|1790|14608|2882|7324|1969|7284|1853|5186|2246|3692|1677|1494|832|11625|2803|5301|2018|6324|1453|1775|928|885|547|890|602|3497|1460|1958|1002|1539|772|7574|2240|3855|1444|3719|1714|19487|3211|14820|2577|4667|1487|1962|623|1434|531|528|332|169294|11740|88470|8454|80824|7480|2947|1155|2888|1148|59|59|32184|6022|19574|4847|12610|3385|6062|2336|4980|2134|1082|761|9224|4252|3986|1436|5238|3940|0|184|0|184|0|184|2011|1963|1872|1958|139|117|3354|1139|2606|969|748|449
040C201US27|3837011|22158|3241527|23313|175122|7286|101443|6078|73679|5637|15184|2682|11105|2041|4079|1508|550|529|383|478|167|236|1499|868|1199|816|300|243|4305|1468|3788|1356|517|349|10652|2587|7549|1746|3103|1385|936|447|807|389|129|215|590|409|555|402|35|62|14318|3308|9750|2704|4568|1325|1331|621|1059|483|272|235|1580|800|843|537|737|586|3889|1820|2032|1118|1857|1025|0|157|0|157|0|157|5240|2581|1762|738|3478|2430|2964|1827|2231|1356|733|721|7225|1799|6226|1689|999|519|2157|1123|1497|732|660|492|578|511|265|324|313|248|3450|1350|2619|1026|831|467|7368|2636|5658|2099|1710|1092|5120|1441|3913|1096|1207|794|6438|2516|4400|1658|2038|1120|7474|2657|6401|2499|1073|963|1481|1059|1423|1058|58|98|17535|3340|9224|1978|8311|2227|2836|1176|2382|1113|454|238|4710|1419|2886|1039|1824|693|65353|6499|37731|4448|27622|3795|23012|3491|9623|2106|13389|2343|6956|2169|3100|1048|3856|1552|8152|2361|4805|1849|3347|964|23809|5022|9581|2864|14228|3619|6907|1652|5527|1399|1380|603|1523|772|1183|595|340|383|14077|4635|9759|2717|4318|2542|743|413|536|334|207|245|103571|9845|59652|6896|43919|6178|17821|4522|12069|3228|5752|2256|11483|3053|8429|2457|3054|1184|261|317|261|317|0|157|1851|1626|1729|1618|122|130|5433|2197|3407|1680|2026|964
040C201US29|4026208|21610|3713786|24737|133781|7344|88122|5644|45659|4710|9057|2068|6874|1468|2183|1065|1247|939|922|711|325|383|3720|1780|3238|1530|482|413|3045|1358|2312|1057|733|536|8929|1712|7061|1421|1868|711|1528|673|1182|625|346|278|1028|590|875|539|153|178|4101|1404|2831|1024|1270|713|1032|628|577|382|455|475|11696|2828|7311|2022|4385|1487|4088|2476|3436|2311|652|504|139|230|139|230|0|195|2349|1200|1489|917|860|595|2187|796|1431|600|756|476|5577|2520|4945|2484|632|451|5273|2425|3885|1930|1388|949|1744|998|1190|725|554|496|1002|582|690|417|312|246|3515|1539|3011|1298|504|417|6665|2200|4352|1545|2313|1042|7820|2435|6146|2268|1674|705|3056|1622|2778|1493|278|301|2060|976|1646|827|414|326|18795|3105|10522|2178|8273|1839|2304|1004|1244|478|1060|817|7605|1874|3952|1045|3653|1364|254|454|254|454|0|195|8364|2093|3587|1435|4777|1474|2488|1331|937|604|1551|1018|1390|738|1077|596|313|268|2819|1183|771|397|2048|1052|7518|1838|3737|919|3781|1406|2965|1071|1930|744|1035|564|13587|3823|8712|2566|4875|1745|1049|753|1049|753|0|195|7536|4194|4991|2808|2545|2185|4098|1460|3369|1140|729|612|6201|2546|3982|1876|2219|1648|124|163|124|163|0|195|255|316|255|316|0|195|431|343|431|343|0|195
040C201US31|1339722|11303|1151290|12190|117369|6713|65978|4624|51391|4736|3526|1193|2564|975|962|582|508|541|508|541|0|174|737|486|509|351|228|217|622|364|307|206|315|257|3701|976|3399|965|302|368|204|202|167|187|37|63|425|429|425|429|0|174|2409|1449|1658|1185|751|632|326|371|65|72|261|366|1033|978|894|930|139|168|1127|862|762|504|365|600|0|174|0|174|0|174|2602|2796|1621|2057|981|835|0|174|0|174|0|174|1085|649|1085|649|0|174|61|112|61|112|0|174|291|413|218|297|73|124|503|472|183|214|320|304|4250|1291|2183|819|2067|844|2528|1119|1253|727|1275|874|1995|1149|1765|997|230|262|1181|824|365|308|816|659|673|432|673|432|0|174|4041|1204|2240|709|1801|837|939|473|641|390|298|201|597|584|207|209|390|551|0|174|0|174|0|174|7326|1754|2387|881|4939|1319|0|174|0|174|0|174|360|369|165|188|195|202|5625|2493|2923|1608|2702|1338|3515|1423|2771|1243|744|413|1035|627|736|521|299|271|7137|2218|4762|1672|2375|1013|282|219|167|183|115|140|2046|1520|289|401|1757|1453|1484|1375|1428|1387|56|94|4352|1882|2932|1259|1420|760|417|489|417|489|0|174|45|76|45|76|0|174|2075|1616|1267|958|808|863
040C201US32|2816327|9141|1940145|17289|606103|12922|376142|12338|229961|9519|7572|1882|6812|1832|760|445|1436|1320|792|1022|644|754|3106|904|2135|775|971|619|3781|1280|3053|1035|728|576|5652|1250|5400|1263|252|251|1619|1360|1364|1203|255|286|1435|892|1111|742|324|460|6683|2135|4497|1776|2186|815|2061|946|1303|774|758|519|5493|3414|3264|2482|2229|1182|1763|743|1057|521|706|392|3422|1981|2400|1382|1022|947|8418|2755|4418|1860|4000|1796|1756|2188|1063|1239|693|961|2432|1149|2205|1057|227|197|2014|1287|1908|1273|106|128|2700|1438|1827|1076|873|649|815|799|303|341|512|491|1946|869|1186|560|760|533|4142|1247|3411|1115|731|475|746|492|660|471|86|104|702|585|545|466|157|194|217|270|217|270|0|228|32869|3881|16206|2990|16663|2372|4655|1397|3040|1117|1615|595|11451|2318|6564|1664|4887|1222|351|425|280|407|71|117|10290|2834|4126|1350|6164|2175|670|587|137|174|533|489|6369|1955|3047|1243|3322|1294|1037|734|715|542|322|366|92210|7612|65066|6063|27144|3719|11505|3055|6892|1797|4613|1810|8149|2975|5410|1895|2739|1387|2279|1573|1684|1550|595|452|10087|2971|4652|1698|5435|1749|665|681|285|343|380|603|3320|2569|1942|1718|1378|1089|577|559|577|559|0|228|1000|448|978|442|22|30|2684|1260|2136|1103|548|333
040C201US34|8198110|12512|5428350|25496|1436935|18895|765511|17821|671424|15567|27599|4918|23898|4338|3701|1691|59614|9188|37255|6471|22359|4547|47623|4542|34396|3995|13227|2212|97941|9714|51019|5324|46922|7264|16666|2585|15021|2522|1645|645|11093|3208|10219|3126|874|496|21774|3744|15797|3143|5977|1622|54916|6646|37295|5720|17621|2961|53636|6426|32539|4221|21097|3751|8818|2078|6424|1735|2394|824|23684|3715|14130|2700|9554|2396|4091|1670|3680|1560|411|307|7439|2285|5086|1586|2353|1062|80536|8461|52428|6074|28108|3922|88537|8483|73786|7354|14751|2846|34625|5656|25767|4107|8858|2264|14845|4319|9137|2795|5708|2215|29812|4647|19472|3447|10340|2448|23675|3547|19207|3210|4468|1642|21397|3777|15456|2795|5941|1665|39057|5446|31031|4684|8026|2217|28974|5698|23952|4675|5022|1988|19436|3751|16415|3508|3021|1127|120051|7315|69326|5031|50725|4222|12149|2699|5628|1755|6521|1860|73991|5698|33825|4132|40166|3430|0|225|0|225|0|225|19889|4318|9285|2650|10604|2619|3269|2076|1933|1383|1336|851|1842|951|1108|647|734|563|29268|5870|18637|3847|10631|2834|77415|7363|56470|6112|20945|2950|5287|1946|4553|1844|734|430|78948|9956|54398|7327|24550|4127|20834|4265|16868|3386|3966|1522|5291|2212|2740|1274|2551|1478|40718|6508|33449|5593|7269|1869|8472|3164|7751|3234|721|540|0|225|0|225|0|225|578|437|534|417|44|75|19035|4191|13823|3632|5212|1662
040C201US35|1503030|12570|1065364|15695|367441|13206|258108|10987|109333|7792|1531|639|1477|638|54|85|230|287|49|10|181|283|989|595|738|472|251|215|674|636|648|635|26|44|2898|887|2120|712|778|492|674|431|674|431|0|216|533|510|452|482|81|134|1740|975|1226|874|514|474|815|1060|461|569|354|530|444|319|444|319|0|216|1050|1018|959|901|91|153|52|86|52|86|0|216|1142|957|614|596|528|652|405|571|282|399|123|203|2704|1592|1862|1097|842|751|1046|886|934|771|112|152|220|252|220|252|0|216|1124|962|641|481|483|713|1776|989|1502|907|274|202|735|421|735|421|0|216|373|320|340|296|33|57|1050|786|1050|786|0|216|0|216|0|216|0|216|2755|1155|1776|803|979|761|1721|771|1432|696|289|247|2577|1218|1929|1127|648|483|486|685|486|685|0|216|4425|1421|2313|954|2112|774|0|216|0|216|0|216|196|310|72|117|124|196|887|933|691|711|196|255|3872|1650|2893|1512|979|576|688|378|491|326|197|230|1758|1151|1692|1151|66|97|492|447|460|447|32|11|485|777|485|777|0|216|332|364|286|347|46|92|363|391|133|138|230|370|22178|3413|15654|2888|6524|1475|4426|1536|3809|1443|617|434|379|271|272|262|107|109
040C201US36|16210242|21175|10669696|48837|2658745|21656|1460901|22943|1197844|21287|134301|10948|103792|8739|30509|4767|141364|12415|92663|8215|48701|7231|120461|8860|81943|7042|38518|4478|46098|5725|32331|4476|13767|2511|37996|4355|34104|4050|3892|1004|192002|11813|89583|9283|102419|8769|57622|5833|41713|4969|15909|2280|209077|14809|100416|10099|108661|8611|58348|6600|31317|3798|27031|3981|25467|4534|16549|3477|8918|2046|49550|6448|27359|4833|22191|3867|6458|2303|3925|1265|2533|1681|24142|4111|16198|3491|7944|1931|16279|2742|12303|2242|3976|1194|49876|6287|38319|5631|11557|2529|72923|10233|43571|6615|29352|5261|44686|7126|23236|4400|21450|3763|145203|10102|71533|6547|73670|5986|40817|6565|20602|3665|20215|4157|81628|9714|54107|7095|27521|5288|6762|1539|5579|1280|1183|692|8799|2188|6861|1977|1938|868|28855|4612|19944|3377|8911|2106|601935|17095|218421|10950|383514|12140|31726|3341|17362|2697|14364|1990|92153|8252|46404|5271|45749|5011|182|225|143|168|39|65|22903|4203|10369|2162|12534|2930|4770|2065|2522|1196|2248|1174|9939|2230|4197|1333|5742|1605|68575|7807|34515|4623|34060|4402|80179|6435|60336|5236|19843|2549|14027|3276|9224|2801|4803|1647|132988|15778|86163|11030|46825|6964|52639|7282|41999|5672|10640|3248|19247|5572|14287|4476|4960|1812|94083|9955|70072|7655|24011|4803|14925|4073|10073|3037|4852|1885|209|192|110|106|99|159|2319|1358|2161|1350|158|139|40288|7134|27332|5276|12956|3276
040C201US37|6755197|25048|5732446|28522|588081|15012|340179|11593|247902|11500|28405|5191|22391|4474|6014|1867|5415|2247|3756|1617|1659|1013|5347|1536|4436|1370|911|620|11060|2486|7254|1876|3806|1426|19619|3746|17004|3666|2615|947|2980|1432|2697|1349|283|249|5450|1632|4872|1529|578|389|15505|3185|10905|2761|4600|1407|3555|1475|3366|1480|189|195|3702|2221|2682|1726|1020|658|7505|3503|4375|1931|3130|2044|195|230|195|230|0|221|6969|2616|4904|1875|2065|1188|13873|3529|7712|2461|6161|1911|22811|3697|18790|3506|4021|1728|7862|2582|5773|1960|2089|1172|1156|802|846|631|310|390|3592|1297|2806|1042|786|642|11360|3119|8256|2363|3104|1394|12215|3492|6981|1956|5234|2652|22647|5020|17858|3924|4789|2196|10357|3146|8658|2766|1699|1048|6922|2509|6552|2470|370|325|36590|4470|21535|3119|15055|2500|7015|2048|3673|1276|3342|1248|13844|2875|6487|2073|7357|1950|7306|2204|4065|1419|3241|1302|24868|6158|12041|4055|12827|3024|1330|1092|645|606|685|673|7262|2475|3682|1606|3580|1330|14677|4825|7832|2871|6845|2581|13622|2885|11130|2656|2492|1081|8710|2563|4217|1795|4493|1715|28941|7352|18547|5360|10394|3156|1419|740|1309|725|110|134|10030|3259|6012|2099|4018|1767|18135|6282|15489|5964|2646|1436|5873|2485|4062|1918|1811|1190|248|191|248|191|0|221|829|561|492|399|337|419|5469|1894|4277|1706|1192|930
040C201US39|8460738|26790|7729368|29581|248132|8819|148926|7675|99206|6482|27416|4942|16894|3546|10522|3694|4776|1992|1627|913|3149|1552|9796|1626|7725|1372|2071|737|5689|1852|3308|1060|2381|1484|21507|2670|17922|2468|3585|947|7414|2098|5882|1853|1532|895|6527|1812|5459|1729|1068|633|15592|2700|9321|2318|6271|1734|4200|1600|3541|1450|659|388|9900|2636|7400|2389|2500|852|14168|2860|8047|1979|6121|1979|405|403|347|354|58|94|4790|1899|3568|1715|1222|665|8578|2491|5851|2086|2727|1157|17945|3311|14602|2654|3343|1569|12050|3638|9086|2964|2964|1204|7410|3318|4173|1709|3237|1830|4016|1757|3641|1666|375|377|40137|6004|19746|4092|20391|3739|14132|3440|9188|2378|4944|2087|10488|2454|9182|2258|1306|627|7426|2412|5020|1441|2406|1463|4190|1461|3478|1356|712|440|35718|4476|19653|3209|16065|2792|7961|2172|4219|1379|3742|1220|9303|2238|5618|1430|3685|1350|402|430|245|306|157|165|11478|2689|5044|1505|6434|1997|5105|2494|2033|826|3072|1957|5358|1789|3702|1350|1656|908|12405|3840|6878|2159|5527|2227|10022|2003|6974|1678|3048|1218|3992|1510|1959|975|2033|968|39730|6712|28176|5394|11554|2542|2549|1558|2083|1257|466|683|32314|5794|20578|5216|11736|2413|24788|4952|17986|4095|6802|1995|14659|5447|9888|3417|4771|3167|88|106|88|106|0|208|928|743|895|743|33|60|7886|2150|5164|1541|2722|1399
040C201US40|2432925|15919|2091090|16363|241506|7168|148899|5804|92607|4945|3366|909|2545|978|821|479|23|44|23|44|0|165|883|406|692|355|191|202|2045|969|1479|713|566|421|5658|1061|5147|1077|511|271|385|247|318|243|67|83|493|334|414|305|79|92|1124|586|753|563|371|330|872|524|734|401|138|184|167|118|167|118|0|165|576|362|497|349|79|93|179|299|139|231|40|68|2463|930|1225|624|1238|595|1355|699|1154|637|201|166|1336|620|1182|585|154|127|2019|1569|1682|1274|337|400|488|772|213|323|275|459|1812|1356|734|520|1078|956|1475|833|940|636|535|425|2544|1256|1558|723|986|954|1691|881|1485|772|206|196|307|253|286|236|21|35|3168|1549|1699|981|1469|1119|10563|2299|6530|1541|4033|1343|1041|536|698|451|343|256|2367|695|1301|500|1066|423|4009|1298|2544|992|1465|698|14518|2480|4517|1060|10001|1993|379|340|250|287|129|214|2393|1100|1360|798|1033|789|4433|1412|1685|862|2748|971|3917|1179|2675|1069|1242|533|2949|1136|2205|819|744|426|5865|2102|4242|1508|1623|847|329|311|329|311|0|165|1361|510|1208|516|153|97|3540|1371|3344|1356|196|184|2170|1088|1403|979|767|593|94|103|0|165|94|103|4337|1242|3588|1093|749|544|1635|1003|1442|863|193|219
040C201US41|3260453|15800|2705824|18314|316155|10836|197905|9737|118250|9016|10547|1801|9473|1791|1074|752|121|201|121|201|0|214|2223|821|2062|806|161|163|2283|1002|1941|817|342|277|11436|2719|10450|2687|986|430|2388|1020|2277|1016|111|140|1370|1730|1370|1730|0|214|17421|3986|11332|3414|6089|1640|955|525|729|451|226|225|2130|1054|1243|623|887|584|9569|3839|4468|1904|5101|2428|571|590|338|309|233|329|3880|1419|2389|943|1491|793|486|318|393|258|93|94|6632|2184|5676|1988|956|537|978|670|821|591|157|187|626|587|477|509|149|272|1865|972|1679|897|186|194|8500|3183|4624|1738|3876|2300|8915|2252|7105|1765|1810|1012|4190|2096|3497|1830|693|715|2864|1547|2322|1336|542|462|2489|1298|2027|972|462|658|28574|4104|14611|2304|13963|3006|9560|1685|7959|1610|1601|580|9579|2276|5672|1603|3907|1261|1435|916|1004|653|431|331|25588|4122|10555|2111|15033|3333|1923|1391|676|392|1247|1333|5008|1946|2364|1165|2644|1161|4737|1921|2025|853|2712|1881|11922|2496|8778|2170|3144|1086|10561|2060|6192|2150|4369|1510|8049|2617|5617|2174|2432|969|1391|793|1127|659|264|284|6350|2894|3656|2147|2694|1289|3333|2022|1850|938|1483|1795|2020|1231|1240|855|780|669|19|32|19|32|0|214|1107|681|1107|681|0|214|4879|1834|3541|1570|1338|910
040C201US42|9439841|31157|8105982|32924|642138|14478|360345|13750|281793|11822|31301|4941|22444|3357|8857|3463|13185|5010|6618|2891|6567|2604|24256|3100|17185|2470|7071|1572|22487|5790|12250|3455|10237|3869|20632|2974|18261|2890|2371|720|13361|3672|10106|3155|3255|1421|10266|2540|8371|2167|1895|876|37146|5226|20950|3619|16196|2859|11832|2252|8044|2075|3788|1025|4982|1611|3845|1284|1137|706|19201|3431|10194|1961|9007|2712|2124|855|1744|788|380|269|5996|1845|4482|1322|1514|919|26759|4711|18445|3577|8314|2053|20147|3924|16207|3441|3940|1210|8997|2445|6808|1938|2189|979|4927|1995|2882|1271|2045|1206|16898|4657|9093|2561|7805|2702|25997|4517|12143|2890|13854|3660|18149|3826|10659|2500|7490|2325|13939|2970|11252|2624|2687|981|7862|1989|6013|1711|1849|828|17918|3643|12369|2728|5549|2012|96327|8129|45964|4784|50363|5654|5146|1128|3012|833|2134|793|28695|5228|14657|3511|14038|2667|455|297|332|241|123|87|36226|5625|13894|2692|22332|3886|11194|3314|4281|1410|6913|2554|3285|1225|1413|643|1872|796|18472|4497|9933|2393|8539|2928|14998|2918|10531|2391|4467|1445|4456|1597|2253|1021|2203|1029|41745|7714|26518|5389|15227|4273|4300|1745|3808|1631|492|367|8484|2877|5027|1805|3457|1620|18705|4203|12637|3458|6068|2236|8967|3499|5563|1934|3404|2078|0|190|0|190|0|190|872|768|852|772|20|36|11032|3142|6457|1810|4575|2060
040C201US44|949713|6938|724392|10115|131440|5926|68946|4501|62494|5209|6238|1688|5266|1432|972|818|3366|1582|1935|1118|1431|737|4188|1429|3366|1308|822|481|30100|5034|16374|3193|13726|3380|2312|1017|2033|972|279|282|256|314|212|305|44|74|785|534|544|324|241|405|2372|1815|1856|1768|516|440|1618|753|1317|683|301|264|109|154|109|154|0|242|348|316|283|299|65|108|683|506|683|506|0|242|425|461|290|399|135|220|46|80|46|80|0|242|1390|964|1339|956|51|84|573|504|573|504|0|242|170|278|0|242|170|278|0|242|0|242|0|242|789|743|789|743|0|242|2042|1099|1604|925|438|440|777|733|589|546|188|231|1973|1617|1402|1078|571|690|382|479|382|479|0|242|5658|1611|2642|797|3016|1242|1243|728|1079|689|164|198|1849|1117|727|556|1122|854|706|906|617|849|89|177|455|388|151|145|304|317|6095|2764|2807|1409|3288|1741|2012|1036|1107|630|905|599|1478|1155|842|746|636|865|1700|894|960|549|740|507|196|208|147|198|49|61|3687|1847|2708|1215|979|879|421|339|421|339|0|242|108|185|108|185|0|242|5423|2222|4939|2015|484|457|929|694|676|510|253|305|0|242|0|242|0|242|118|143|118|143|0|242|861|608|772|577|89|153
040C201US45|3409110|22999|3095844|24284|185517|9840|113916|8151|71601|5986|7463|1567|6658|1476|805|466|1154|656|1154|656|0|222|4710|1672|4287|1653|423|367|4653|1550|3083|1336|1570|714|11128|2505|9335|2125|1793|1057|1749|759|1749|759|0|222|1594|1022|1370|954|224|237|6330|2205|4063|1633|2267|1421|1641|921|1476|800|165|196|743|536|515|397|228|376|6255|2812|4560|2203|1695|934|377|356|377|356|0|222|2006|1142|1235|838|771|603|7612|2331|4579|1552|3033|1228|5860|2199|5220|1925|640|500|1667|1107|1183|795|484|556|1206|874|849|548|357|362|1323|848|908|678|415|450|4059|1958|3398|1795|661|436|4984|1691|3470|1207|1514|905|2875|1553|1889|1142|986|889|1260|951|1260|951|0|222|1757|1296|1359|1114|398|439|8948|2272|6915|2120|2033|893|1608|767|953|445|655|575|3305|1241|2035|980|1270|627|1051|556|597|402|454|454|4468|1529|1909|866|2559|1173|1296|860|582|416|714|653|1572|708|519|375|1053|531|1797|1313|1271|1357|526|469|7528|1749|5367|1454|2161|826|889|572|578|405|311|278|3123|1071|2471|957|652|481|486|494|486|494|0|222|62|115|62|115|0|222|3781|1980|3184|1916|597|438|1976|1030|1042|713|934|703|0|222|0|222|0|222|665|859|328|430|337|457|2788|1352|2220|1317|568|408
040C201US47|4381169|23599|3934291|27033|247245|8534|121294|8104|125951|7582|10262|3734|7183|2180|3079|1893|1598|938|1356|831|242|307|1579|648|1468|640|111|141|5810|3402|4664|3024|1146|704|9274|2481|8591|2398|683|336|2293|1372|2080|1255|213|223|1664|951|1329|711|335|318|2189|931|1488|749|701|604|1667|1426|1220|984|447|511|3011|1621|2164|1415|847|536|1950|902|1366|701|584|482|271|351|116|154|155|256|5754|3063|3148|1544|2606|2025|3874|1648|2393|1188|1481|781|5861|2137|5255|2101|606|533|1101|688|856|535|245|219|602|665|593|666|9|16|1270|950|681|535|589|556|3703|1776|2803|1282|900|739|4735|2056|3486|1475|1249|816|4731|1796|4189|1497|542|469|3252|1594|2881|1444|371|292|2249|1306|1647|1043|602|472|14920|2633|7800|1775|7120|1716|2227|1094|1307|724|920|737|7775|2244|4175|1479|3600|1255|0|225|0|225|0|225|12298|3534|6273|2312|6025|2083|483|457|383|372|100|163|5555|2012|3750|1996|1805|936|7642|3185|2577|1152|5065|2369|8223|2521|6918|2368|1305|678|2071|1227|762|460|1309|1093|34509|7695|20953|5020|13556|4633|442|342|442|342|0|225|8186|2737|4985|1660|3201|1494|7741|3426|5865|2852|1876|1298|5923|2649|2645|1242|3278|1901|0|225|0|225|0|225|267|268|256|266|11|20|2671|1439|1362|930|1309|1134
040C201US48|23441053|49306|14582369|65585|7032560|56789|4329248|48457|2703312|43809|87793|13564|68152|11680|19641|4396|7530|3123|5091|2374|2439|1479|13304|3037|11151|2872|2153|1128|33617|5164|25624|4468|7993|1869|48436|6185|42345|5565|6091|1676|16242|8548|15725|8455|517|357|5769|1917|5078|1861|691|430|34979|6543|25719|5776|9260|2043|7573|1748|6128|1491|1445|877|7012|2083|4377|1402|2635|1207|13854|3975|10446|3117|3408|1802|1152|759|756|493|396|373|33730|5001|19691|2775|14039|3223|46143|7638|32426|5962|13717|3419|93697|8757|79047|7363|14650|3087|97174|11816|74112|9426|23062|4093|11096|3597|7793|2774|3303|1511|23353|4771|15569|3252|7784|2937|60231|8069|45845|7042|14386|2996|35926|6285|20342|3286|15584|5186|82474|7423|68962|6017|13512|3224|49872|5824|42068|5277|7804|2347|46801|6427|36756|5265|10045|2452|185172|11310|102299|7649|82873|6557|20694|3592|11988|2405|8706|2061|73350|8980|38256|6139|35094|4880|699|466|672|463|27|45|218285|13330|102042|8413|116243|8206|11973|3214|5140|1896|6833|2205|19918|4194|10706|2721|9212|2711|34535|5536|17702|2992|16833|3962|83992|7030|65666|6119|18326|2849|25871|5251|19453|4380|6418|1807|107063|13338|75290|9625|31773|5474|8474|2556|7308|2482|1166|732|31822|6098|18779|3943|13043|3584|91496|9718|81115|9410|10381|2487|38898|6641|28726|5426|10172|3797|237|224|237|224|0|237|3323|1509|2797|1441|526|392|12564|3476|8782|2452|3782|1884
040C201US49|2810096|11920|2339589|17763|314752|10819|200279|8661|114473|7423|6628|1535|5058|1194|1570|862|251|316|251|316|0|204|2190|657|1988|648|202|198|14623|3474|11734|2857|2889|1327|8728|1913|7735|1783|993|571|2044|836|1697|754|347|300|547|468|381|447|166|140|4704|1762|3790|1576|914|522|676|900|92|117|584|896|3467|1906|2422|1357|1045|933|1207|685|703|482|504|429|311|409|176|210|135|209|2976|2275|1869|2045|1107|920|204|256|204|256|0|204|2594|1484|2178|1169|416|470|574|580|376|517|198|239|351|501|351|501|0|204|228|219|228|219|0|204|3686|2586|3307|2148|379|552|2539|891|2148|790|391|324|1273|1098|974|991|299|286|702|654|473|419|229|293|765|536|673|533|92|114|20034|3548|13047|2709|6987|1741|5385|1740|4017|1240|1368|862|5674|2190|3643|1751|2031|824|735|887|660|884|75|123|9173|2843|4037|1751|5136|2039|976|677|552|448|424|382|3185|1216|1762|926|1423|618|6283|3118|3632|1768|2651|1627|7840|2121|5977|1687|1863|922|18554|2943|15709|2730|2845|1015|4812|2340|4112|2022|700|584|0|204|0|204|0|204|5337|5445|3662|3296|1675|2191|223|245|223|245|0|204|1639|1322|883|958|756|662|3156|1214|2924|1216|232|270|431|280|431|280|0|204|1050|491|936|460|114|112
040C201US51|6173159|21690|4882624|29394|550952|10918|332187|10330|218765|11566|25891|4178|20218|3487|5673|1495|7036|3015|4079|2216|2957|1807|10619|3074|8999|2479|1620|930|10748|2718|7421|1863|3327|1552|16284|2215|15108|2082|1176|447|3412|1126|2886|886|526|456|5566|1585|4725|1442|841|461|14244|2857|10602|2321|3642|1223|1854|634|1457|476|397|296|2971|1255|2179|1082|792|571|5141|1745|3729|1366|1412|625|2007|1452|2007|1452|0|214|36871|5203|19972|3430|16899|3288|8686|2589|6471|2015|2215|968|31589|4272|25851|3330|5738|2505|29492|5561|18537|3966|10955|2779|8161|3052|5326|2197|2835|1311|15520|4412|9942|2610|5578|3148|27076|5041|19379|3912|7697|1917|21185|5059|12948|3487|8237|2604|25971|4524|21419|3847|4552|1390|16245|4379|14616|4182|1629|714|6816|2108|6589|2005|227|245|58145|5599|33929|3844|24216|3535|8410|1925|5261|1364|3149|1046|54458|4960|28833|3344|25625|3441|445|390|445|390|0|214|48919|5932|21777|3775|27142|3578|5346|1933|2319|955|3027|1273|8553|2190|4492|1047|4061|1594|15471|3420|9263|2238|6208|1954|44988|4700|34120|3778|10868|2171|6932|1803|4719|1309|2213|948|62836|7517|43457|5864|19379|3734|1860|799|1802|786|58|97|41727|5887|27732|4718|13995|3025|27742|4731|20801|3398|6941|2632|10881|3399|7067|1925|3814|2257|0|214|0|214|0|214|259|273|259|273|0|214|9226|2443|7031|2247|2195|999
040C201US53|6127506|23190|4725251|29652|532391|16281|328069|11729|204322|10875|23588|3752|20413|3194|3175|1381|3523|2814|1822|1211|1701|1729|5634|1742|4791|1535|843|444|11917|2906|7812|2386|4105|1776|21625|3444|18895|3341|2730|895|4470|1508|4119|1454|351|309|2040|855|1911|832|129|156|61263|7901|38357|5862|22906|3434|6329|2743|4638|2530|1691|966|6557|2483|4943|2267|1614|629|32907|7884|16710|4005|16197|5565|1997|1333|1612|1147|385|481|14653|3194|7925|2015|6728|2083|7144|1896|5936|1675|1208|672|41560|5303|36786|4899|4774|1453|7776|2205|5801|1524|1975|996|15086|3663|8336|2143|6750|2197|4812|2000|4475|1930|337|305|11956|3123|8926|2626|3030|1245|15779|3517|12049|2935|3730|1436|20343|4639|15914|3432|4429|2407|10898|2827|9759|2454|1139|647|10163|3199|8648|3009|1515|619|138886|8268|80427|6079|58459|5111|23823|3443|16050|2787|7773|1496|52580|5925|23874|3541|28706|4013|2329|1224|1575|898|754|649|71401|7497|31657|4365|39744|4629|11255|3164|4874|2059|6381|1823|15536|3875|7752|2316|7784|2497|19276|5933|10634|3549|8642|3417|58703|5538|39154|4027|19549|2910|33324|3768|22452|3098|10872|2279|26468|6224|19202|4485|7266|2784|3836|1934|3507|1859|329|287|36707|7099|21927|5557|14780|3438|7947|3548|5557|2574|2390|1415|15587|3651|11345|2739|4242|1783|234|356|234|356|0|214|3131|1287|2710|1073|421|458|6821|3290|4170|1164|2651|2607
040C201US55|3697055|22045|3296496|21507|219612|8260|134328|6094|85284|5311|7182|2613|6222|2401|960|780|176|216|176|216|0|159|3286|984|2707|989|579|447|2790|1129|2519|1014|271|230|14105|3268|11577|2873|2528|996|2397|1371|1856|892|541|738|2019|717|1008|409|1011|471|3195|1138|2305|917|890|470|4754|1354|3201|901|1553|889|2286|1001|1167|555|1119|615|3126|1130|1989|810|1137|588|42|71|0|159|42|71|1542|817|1249|668|293|327|968|650|578|399|390|344|5424|2360|4589|2228|835|696|2777|1122|2295|1024|482|440|1503|1044|932|639|571|446|929|633|883|617|46|77|2588|1321|2041|1176|547|423|8043|2599|5007|1629|3036|1254|4491|2125|3879|1889|612|602|1126|712|942|643|184|154|4069|1586|3140|1414|929|630|17596|3058|8534|1659|9062|2257|1847|681|1431|567|416|270|3085|1369|2277|1233|808|604|35478|4837|23308|4216|12170|2288|5293|1912|2460|834|2833|1431|376|509|170|273|206|251|3282|1452|1162|636|2120|1088|7335|2887|2770|1597|4565|2138|5912|1704|3857|1184|2055|1016|1372|557|967|444|405|288|6545|1992|4912|1455|1633|864|1125|614|986|585|139|175|4716|2572|3966|2156|750|509|2104|1110|1388|774|716|584|4363|2537|2547|1899|1816|1536|0|159|0|159|0|159|945|498|900|489|45|56|755|429|691|416|64|103
040C243US06|2144732|34513|1579320|25778|456741|18804|288780|13720|167961|10827|4518|1336|4456|1320|62|132|189|173|189|173|0|218|3462|1070|2808|960|654|382|8883|2129|6564|1698|2319|1031|7261|2365|6245|1696|1016|949|1197|453|1100|432|97|108|566|483|491|456|75|99|5648|2283|4404|1746|1244|800|2203|1324|1560|1051|643|494|12|20|0|218|12|20|552|430|404|285|148|176|1553|923|1438|909|115|96|3250|1265|2393|915|857|508|492|318|439|300|53|62|2938|1648|1821|1069|1117|937|951|698|555|340|396|440|4397|1905|2520|1148|1877|945|336|275|302|260|34|57|903|535|633|363|270|283|1963|890|1561|837|402|282|1311|810|1119|756|192|179|1868|1269|1868|1269|0|218|0|218|0|218|0|218|12263|2948|7041|1890|5222|1541|1635|793|826|377|809|621|6588|2245|2186|1067|4402|1701|3603|1563|1840|703|1763|1155|4254|1660|2473|1175|1781|799|200|132|131|97|69|91|3424|1827|1807|1164|1617|851|784|522|515|315|269|292|9668|2093|7882|1885|1786|718|1711|844|1192|649|519|431|2752|1139|1978|997|774|516|1929|1134|1774|1124|155|222|763|582|423|382|340|398|810|826|508|424|302|489|338|253|195|153|143|199|108|117|108|117|0|218|2784|863|2520|851|264|215|604|546|171|185|433|522
040C243US13|2705617|29120|2532367|27618|131526|8817|86496|7932|45030|4769|2954|994|2501|915|453|337|2586|2928|2579|2926|7|13|1022|566|902|522|120|146|1606|849|1141|677|465|370|5177|1475|4663|1403|514|365|1033|593|862|546|171|191|641|470|510|391|131|168|582|423|387|347|195|157|42|72|42|72|0|228|394|473|394|473|0|228|58|95|58|95|0|228|0|228|0|228|0|228|16|28|16|28|0|228|1009|643|655|462|354|299|606|343|521|306|85|98|1054|876|607|498|447|399|966|1153|966|1153|0|228|143|195|143|195|0|228|382|499|382|499|0|228|1059|495|835|446|224|187|49|80|37|80|12|3|988|921|879|874|109|133|136|188|0|228|136|188|4489|2263|2392|1282|2097|1195|1011|659|1011|659|0|228|1923|829|1269|602|654|388|486|483|486|483|0|228|1673|889|522|311|1151|644|411|405|384|388|27|55|1478|812|232|197|1246|751|806|667|311|276|495|442|2143|967|1828|931|315|245|690|517|431|474|259|180|1127|588|974|556|153|144|86|67|86|67|0|228|64|125|0|228|64|125|796|410|796|410|0|228|1387|1196|1183|880|204|372|0|228|0|228|0|228|141|116|141|116|0|228|510|383|421|374|89|101
040C243US26|2565923|24127|2461970|24031|50147|4296|34432|3507|15715|2309|2607|665|1840|535|767|415|0|184|0|184|0|184|1219|483|944|444|275|181|394|439|355|414|39|48|11223|2339|8979|1943|2244|981|12080|2988|9361|2482|2719|1014|524|302|355|233|169|127|713|346|578|334|135|84|1905|611|1474|511|431|272|282|221|267|219|15|23|1631|870|1064|581|567|530|212|239|212|239|0|184|110|131|110|131|0|184|95|133|95|133|0|184|40|76|40|76|0|184|213|306|213|306|0|184|0|184|0|184|0|184|214|184|143|112|71|97|1120|1111|973|1094|147|117|4230|2305|3582|2123|648|534|439|454|330|334|109|189|128|221|128|221|0|184|39|84|39|84|0|184|2132|849|1104|570|1028|514|912|578|786|524|126|123|1172|634|723|353|449|346|385|445|235|280|150|180|1251|847|965|649|286|357|423|465|302|310|121|181|1284|980|876|730|408|311|244|319|244|319|0|184|1747|794|934|425|813|457|112|100|75|89|37|48|2310|1005|1708|818|602|324|125|105|125|105|0|184|262|335|67|63|195|334|15|41|15|41|0|184|334|193|307|184|27|42|4|8|4|8|0|184|742|288|742|288|0|184|934|337|814|310|120|95
040C243US36|2411454|21240|2239246|19503|65957|6055|43002|3725|22955|3353|8179|1911|7219|1783|960|447|678|589|507|463|171|190|7553|1819|5996|1586|1557|662|2050|884|1683|800|367|270|10300|1965|7684|1379|2616|1050|26435|5686|17303|4008|9132|2398|1414|671|1157|550|257|218|4537|1269|3145|1121|1392|654|3967|1334|2533|1083|1434|803|1438|558|687|344|751|441|2027|754|1742|670|285|198|13|21|13|21|0|217|946|782|634|511|312|334|283|255|239|243|44|78|1238|663|987|647|251|133|2338|1456|1943|1282|395|431|377|456|68|87|309|374|642|729|407|476|235|323|142|180|91|114|51|134|6016|2041|5044|1890|972|385|307|268|141|170|166|223|408|430|271|320|137|221|471|500|368|371|103|175|5778|1512|3453|1018|2325|854|1736|912|1258|696|478|340|2608|953|1512|707|1096|520|71|74|50|63|21|39|236|213|117|102|119|162|0|217|0|217|0|217|219|169|103|109|116|120|756|427|282|273|474|288|2116|925|1549|801|567|350|161|157|92|127|69|100|2873|1670|2234|1296|639|448|2186|1580|1574|1029|612|582|566|603|408|581|158|170|858|840|858|840|0|217|884|537|632|345|252|252|151|130|151|130|0|217|1315|680|1129|586|186|189|1978|756|1140|521|838|586
040C243US37|3359284|24874|3092689|25112|214605|10932|132489|7566|82116|6695|4117|1179|3706|1009|411|375|2133|1164|780|521|1353|1079|1919|926|1572|893|347|266|1292|729|1213|647|79|127|6276|2159|5491|1992|785|395|1851|1248|1643|1090|208|344|105|149|14|25|91|134|1871|955|1074|617|797|503|450|386|318|321|132|159|176|289|176|289|0|221|884|540|539|335|345|343|0|221|0|221|0|221|296|377|60|99|236|300|965|837|281|369|684|779|538|469|497|441|41|73|311|328|120|197|191|292|0|221|0|221|0|221|178|167|178|167|0|221|22|41|22|41|0|221|2232|1258|1836|971|396|366|125|183|54|93|71|93|567|649|426|490|141|236|368|463|224|285|144|189|4021|1562|2014|932|2007|1167|1071|534|847|513|224|227|1438|744|587|375|851|632|2291|1356|1620|1177|671|600|1236|633|471|289|765|519|138|236|0|221|138|236|1251|794|543|514|708|535|1459|1235|796|670|663|588|2565|968|1708|717|857|597|1536|1464|1281|1240|255|273|1784|974|1268|583|516|490|660|450|371|323|289|315|103|89|0|221|103|89|968|652|819|519|149|242|402|400|402|400|0|221|161|139|161|139|0|221|2194|995|2194|995|0|221|2036|1016|563|356|1473|975
040C243US42|2863433|30991|2681404|29401|52582|6177|31612|4077|20970|3462|3683|1109|2978|918|705|408|439|285|410|269|29|38|3609|1033|2979|944|630|318|811|423|729|415|82|77|20490|3205|14719|2422|5771|1644|68436|8112|47417|6181|21019|3782|218|180|193|175|25|42|2796|824|2134|605|662|440|2871|906|1943|712|928|425|244|193|213|175|31|55|1080|541|731|464|349|211|44|55|31|52|13|22|224|175|209|170|15|25|2112|1977|1610|1618|502|430|516|350|374|229|142|187|852|762|639|619|213|196|95|105|48|54|47|58|123|155|123|155|0|190|1406|1200|455|292|951|1034|2223|1004|1765|942|458|249|230|261|167|218|63|104|170|286|170|286|0|190|222|279|170|203|52|89|3084|1008|2028|848|1056|471|1244|461|750|327|494|329|1688|1023|1213|656|475|503|59|99|36|60|23|41|967|531|806|517|161|134|30|57|30|57|0|190|152|122|132|107|20|23|125|146|10|17|115|145|2176|790|1027|534|1149|494|288|219|224|183|64|56|1828|768|1424|658|404|289|365|203|356|203|9|2|309|485|0|190|309|485|373|391|316|320|57|96|196|196|196|196|0|190|1061|1352|1029|1352|32|47|144|100|144|100|0|190|2464|1535|2216|1488|248|189
040C243US48|4706801|49325|3674190|43562|941266|30293|630598|22011|310668|16578|4882|1390|4092|1336|790|352|68|119|68|119|0|237|757|421|609|359|148|173|3149|1629|2479|1209|670|743|17267|3543|10047|2007|7220|2418|1938|789|1912|786|26|33|415|334|415|334|0|237|1853|892|1558|710|295|286|1465|629|1028|518|437|259|1001|782|361|308|640|644|1916|647|1576|572|340|272|0|237|0|237|0|237|847|736|580|503|267|298|2154|1220|1799|1037|355|280|2378|1123|1944|1024|434|484|1329|882|1017|732|312|262|21|51|0|237|21|51|215|297|201|290|14|37|1661|899|1102|607|559|426|2234|1286|1632|1054|602|714|1278|1054|974|924|304|305|216|246|179|221|37|54|958|857|608|596|350|413|3901|3412|2638|2730|1263|784|867|435|810|430|57|85|1955|739|1488|702|467|276|0|237|0|237|0|237|8283|3496|3181|1566|5102|2954|1347|975|550|499|797|772|1537|866|664|405|873|699|656|470|425|249|231|286|8177|3037|6368|2078|1809|1186|2247|1667|2016|1626|231|221|6462|2962|5680|2635|782|620|642|438|635|438|7|12|316|540|169|295|147|253|3106|1625|2396|1412|710|725|1430|820|1131|729|299|305|36|55|36|55|0|237|989|748|823|714|166|211|1392|860|1129|875|263|329
040C243US51|2028778|20768|1922924|21852|60879|5554|38434|4875|22445|2739|4210|1564|3731|1534|479|313|1127|964|828|739|299|300|1251|777|1251|777|0|214|781|427|700|394|81|137|2488|740|2370|738|118|101|2698|1853|1827|1316|871|756|204|188|126|171|78|94|2658|1304|1660|841|998|616|389|324|350|279|39|63|57|106|57|106|0|214|970|728|833|656|137|230|285|478|0|214|285|478|1015|637|686|454|329|239|260|355|211|312|49|107|1716|1369|1471|1265|245|234|475|350|461|343|14|30|245|339|245|339|0|214|1249|967|994|847|255|253|1089|746|707|501|382|357|1944|1342|1614|1279|330|372|573|443|408|347|165|151|293|266|284|262|9|15|439|564|141|190|298|386|3387|1426|2477|1137|910|677|1330|854|839|538|491|434|1658|603|487|292|1171|561|33|83|33|83|0|214|1454|1165|825|475|629|800|0|214|0|214|0|214|457|430|237|240|220|360|667|507|371|324|296|301|1452|712|985|533|467|341|1055|778|996|749|59|103|3122|1730|2090|1110|1032|811|64|111|64|111|0|214|687|752|289|334|398|448|751|610|330|326|421|412|1161|863|1161|863|0|214|0|214|0|214|0|214|1137|1004|913|739|224|315|144|113|144|113|0|214
0500000US04013|4297888|438|3160437|20975|857946|18971|569050|15990|288896|11889|13013|2584|10842|2546|2171|1128|2268|1730|1299|1216|969|877|3735|1573|3095|1439|640|513|4300|1657|3845|1535|455|399|7955|1572|7023|1546|932|494|1476|829|1476|829|0|228|2849|1256|2556|1125|293|315|6882|2199|5163|1809|1719|1116|4212|2306|3142|2207|1070|648|7208|2296|4888|1816|2320|915|2721|1127|2119|989|602|393|1124|812|925|743|199|217|5622|2389|3953|2018|1669|1024|3050|1389|2286|1092|764|529|12842|3485|11488|3026|1354|848|2147|1193|1797|1026|350|273|1714|1355|1601|1324|113|135|2274|1587|1559|1022|715|749|6377|2290|5031|2097|1346|918|7056|2270|5001|1464|2055|1086|6838|2467|5653|2252|1185|608|9746|2780|7813|2115|1933|1431|2499|1084|2176|963|323|285|24383|4073|13720|3151|10663|2496|5619|1528|3451|1024|2168|1035|7515|2185|3350|1298|4165|1449|966|1301|966|1301|0|228|24617|4685|11523|2494|13094|3310|2203|1158|1084|731|1119|787|3755|1436|2187|824|1568|897|5848|2509|3446|1578|2402|1243|19115|3109|14816|2788|4299|1186|5165|1924|3750|1310|1415|866|28350|6320|19067|4573|9283|3324|1964|1075|1521|1005|443|441|6015|1958|4086|1580|1929|778|5745|2318|3439|1301|2306|1999|7898|3864|4644|2447|3254|2760|7886|2138|6676|1931|1210|606|3451|1651|3117|1666|334|265|1102|590|799|479|303|346
0500000US06001|1545169|433|836719|12363|243382|7030|140601|6320|102781|6280|11324|2324|9799|2125|1525|683|652|673|556|524|96|159|2359|977|1788|801|571|491|4315|1336|2877|848|1438|934|4926|1253|4112|1030|814|581|587|348|428|302|159|166|821|391|690|366|131|126|5467|1746|3214|1384|2253|734|1220|621|912|441|308|300|721|595|340|255|381|403|1843|1103|1261|957|582|377|231|180|231|180|0|218|13548|3760|9102|2704|4446|1505|8458|2569|6359|1946|2099|992|41168|5632|37075|5191|4093|1189|3407|1265|2871|1158|536|406|14544|4038|9073|2776|5471|1725|4255|1410|3303|1142|952|708|10618|3067|8674|2844|1944|807|7307|3507|6385|3247|922|613|21140|4197|17768|3862|3372|1227|14913|3006|13180|2644|1733|1066|6883|2408|5000|1790|1883|1718|147971|8831|71196|6035|76775|5406|5869|1712|4303|1476|1566|573|14221|2907|6884|1864|7337|1657|463|446|332|395|131|218|20913|4253|8875|2695|12038|2428|3261|1528|1563|915|1698|847|2319|993|1002|550|1317|622|7334|2360|4256|1761|3078|1065|53705|6175|35179|4951|18526|2958|7210|2247|4761|1705|2449|1168|7351|2669|5452|2194|1899|975|1481|813|1272|652|209|253|6156|2656|3835|1605|2321|1980|3512|2109|2100|1297|1412|1045|834|495|651|393|183|193|32|24|0|218|32|24|192|324|129|217|63|107|1537|846|771|591|766|759
0500000US06013|1095791|515|679286|13828|204442|8120|121352|7152|83090|5715|5351|1759|4401|1585|950|545|206|327|206|327|0|218|1080|479|954|464|126|151|5622|2406|2685|1055|2937|2045|3184|1278|2743|1253|441|272|481|411|481|411|0|218|983|506|983|506|0|218|8089|2861|3782|1665|4307|1836|3242|3345|2056|1699|1186|1764|833|598|577|451|256|264|2286|1116|1488|699|798|536|849|698|750|671|99|180|11218|3335|7923|2668|3295|1356|987|578|822|529|165|261|10110|2547|8927|2378|1183|525|1322|798|1196|715|126|148|5826|2462|3583|1385|2243|1165|1243|988|852|838|391|375|6644|3126|5366|2664|1278|1165|1848|1296|924|678|924|1087|5213|1839|4313|1521|900|643|5377|2828|3975|2357|1402|885|1873|968|1464|836|409|353|38458|5248|18048|2916|20410|3469|2622|935|1801|755|821|528|7430|2008|3893|1238|3537|1276|129|154|129|154|0|218|9316|2983|2959|1220|6357|2359|619|614|322|274|297|385|1449|655|1004|499|445|308|6793|2356|3257|1361|3536|1779|38081|5063|27224|4236|10857|2335|5793|2024|3862|1655|1931|1087|9514|4844|7645|4037|1869|994|714|630|659|580|55|88|2941|1871|1152|775|1789|1327|1482|1253|1315|1096|167|207|1733|1432|1583|1347|150|213|108|163|108|163|0|218|216|369|216|369|0|218|798|519|560|408|238|324
0500000US06037|9232745|-555555555|4169105|32655|3480588|21295|2012283|24665|1468305|22216|31136|3931|27010|3615|4126|1417|4061|1734|3492|1543|569|478|15404|2601|12860|2246|2544|922|15367|2984|11864|2540|3503|1299|16282|2425|15502|2370|780|380|4842|1578|3852|1395|990|705|4859|1634|3990|1550|869|416|51681|6249|26023|3605|25658|4466|4841|1293|3846|1148|995|421|5944|2578|4236|2195|1708|966|7396|1782|4545|1331|2851|1046|173320|10345|98910|8443|74410|6317|74498|8154|43517|5573|30981|4480|7364|2003|5162|1455|2202|916|28373|4597|22606|3919|5767|1987|9032|2682|5843|1639|3189|1436|8542|2850|6342|2382|2200|934|15031|4072|9383|2434|5648|2069|7478|2563|5225|1710|2253|1396|12329|2327|9268|2005|3061|1021|4165|1261|3825|1251|340|313|4788|1885|3855|1478|933|628|4371|1569|3060|1085|1311|857|369258|13171|157267|7720|211991|10338|44741|5740|23123|3546|21618|3449|164874|9229|68397|5265|96477|6670|769|640|769|640|0|218|85418|7904|32521|4077|52897|5714|27211|5613|12196|3356|15015|3081|20337|2883|7973|1579|12364|2223|16185|2988|7932|1921|8253|2111|205160|10011|136581|7195|68579|6024|27777|3316|17433|2301|10344|2010|46934|6968|34709|5671|12225|2476|23264|4377|18778|3851|4486|1289|9322|2572|6428|1710|2894|1610|14388|4020|11488|3263|2900|1619|4145|1428|3581|1321|564|394|260|171|260|171|0|218|991|593|723|427|268|244|10914|3028|5689|1857|5225|1802
0500000US06059|2988872|577|1585034|17718|738380|12436|462358|12313|276022|10765|9596|2077|8509|2028|1087|553|0|218|0|218|0|218|3413|1058|2796|959|617|420|4032|1579|3158|1326|874|723|8071|1973|7219|1804|852|506|2720|1232|2371|1245|349|198|3590|1741|3234|1610|356|288|7107|1981|4646|1479|2461|1168|2948|1687|1728|1013|1220|1296|2179|1702|2015|1640|164|271|3802|1573|2544|1280|1258|935|3528|1404|2727|1365|801|577|47591|6258|32444|5347|15147|2636|14245|4014|10102|2927|4143|1734|14336|3878|11808|3263|2528|1526|7282|2673|5723|2337|1559|752|1110|812|1073|776|37|62|2638|1423|1919|1164|719|563|9276|4640|5388|2024|3888|3225|10466|3035|7356|2312|3110|1254|4566|1849|4121|1690|445|349|7489|3822|7015|3798|474|423|1834|988|1722|977|112|150|95692|6397|54547|4406|41145|4133|17745|3042|9718|2026|8027|1782|73219|6306|30279|3592|42940|4528|439|415|342|320|97|113|193948|8949|80323|6075|113625|6414|4580|1611|2780|1259|1800|851|5465|2099|3192|1348|2273|1033|5951|2435|4011|2073|1940|750|52308|5499|38424|4399|13884|2229|5585|1897|4012|1463|1573|731|29662|5912|20971|4295|8691|2926|1578|740|1354|683|224|300|3530|1662|2601|1389|929|886|231|287|231|287|0|218|1556|903|1099|692|457|409|0|218|0|218|0|218|517|549|355|524|162|170|1633|753|1115|587|518|309
0500000US06065|2331936|409|1347264|18236|807274|16606|553335|14621|253939|11453|4432|1287|4212|1277|220|175|1798|1826|1559|1660|239|323|1772|964|1269|696|503|688|1878|981|1195|654|683|531|3622|1027|3005|961|617|387|1088|583|1088|583|0|218|548|420|495|410|53|90|1070|620|672|398|398|387|951|902|812|736|139|224|1265|1134|832|666|433|618|1380|827|955|646|425|406|746|720|591|623|155|179|4889|1658|2535|956|2354|975|2235|1548|1274|824|961|809|5971|3309|4559|2241|1412|1292|4841|2150|2958|1467|1883|1193|3477|2240|2265|1674|1212|867|745|529|407|283|338|273|1812|1983|1242|1269|570|752|2917|1679|2020|1527|897|580|948|653|901|650|47|79|1142|835|947|796|195|232|152|249|152|249|0|218|25417|4522|11439|2532|13978|2870|2183|941|1043|510|1140|742|9728|2328|4229|1146|5499|1670|560|500|90|102|470|457|16024|3779|7198|1934|8826|2420|892|508|423|396|469|308|4386|1975|2587|1510|1799|1073|953|637|541|398|412|309|34507|4652|23064|3098|11443|2542|3926|1616|2145|940|1781|979|21715|7683|13071|5395|8644|3986|1232|1398|1232|1398|0|218|1332|1145|1059|879|273|314|1495|643|1368|593|127|151|1644|1318|1644|1318|0|218|0|218|0|218|0|218|532|505|532|505|0|218|1193|667|1091|653|102|120
0500000US06067|1491474|-555555555|982360|13237|208812|9324|136998|7008|71814|6265|2819|1371|2294|902|525|624|66|93|66|93|0|218|1890|928|1620|845|270|279|2329|1127|1149|604|1180|701|3225|996|2671|849|554|501|312|393|312|393|0|218|615|427|615|427|0|218|29334|5418|12328|2370|17006|4202|293|251|186|158|107|128|1657|1930|1562|1918|95|159|16451|3959|7685|2893|8766|3304|3427|1855|2365|1397|1062|684|15156|4511|5752|2052|9404|3434|952|566|634|408|318|292|13327|3423|9353|2633|3974|1815|3115|1521|2578|1286|537|377|21153|5201|11838|3162|9315|2797|1720|1024|1200|805|520|608|1965|1091|1190|803|775|472|8073|2859|4549|1822|3524|1782|1908|1124|1818|1094|90|147|1501|907|1273|835|228|174|1372|723|837|544|535|414|39520|4987|16855|3468|22665|2827|3547|1156|1876|753|1671|735|4493|1460|2340|979|2153|1002|25388|4027|15145|3029|10243|2160|28257|4382|10417|2202|17840|2982|2674|1425|1575|980|1099|686|4046|1391|1614|807|2432|1134|7482|2190|3606|1163|3876|1587|28629|4547|18675|3476|9954|2152|6974|2203|5902|1983|1072|602|6772|2934|5337|2194|1435|906|815|925|815|925|0|218|1405|1082|986|790|419|376|1617|733|1416|686|201|257|3605|2414|3365|2258|240|326|0|218|0|218|0|218|1769|2263|1289|1732|480|558|649|476|512|431|137|206
0500000US06071|2055427|294|1116565|17133|769098|15236|530723|13717|238375|10631|955|422|858|425|97|116|0|218|0|218|0|218|1072|476|661|351|411|270|2143|962|1764|879|379|315|2585|884|2448|841|137|134|868|569|816|562|52|73|235|185|76|91|159|159|976|905|763|855|213|147|372|438|212|272|160|263|142|175|142|175|0|218|612|594|531|506|81|135|1667|1036|1587|1020|80|91|2786|1335|1570|725|1216|1061|2043|1338|1193|863|850|600|3925|1587|3339|1540|586|523|1839|872|1456|769|383|263|2793|1695|1121|744|1672|1237|926|659|813|629|113|158|2403|1297|1393|801|1010|712|2169|1043|1316|859|853|673|1246|1016|980|795|266|322|458|401|458|401|0|218|1114|854|608|543|506|486|43499|5528|21371|3246|22128|3339|1527|614|877|409|650|418|13452|4070|5904|1979|7548|2576|1379|1615|910|1022|469|630|13672|3182|4861|1528|8811|2519|1333|762|864|544|469|317|3497|1258|1702|746|1795|714|1732|1092|455|509|1277|906|25605|3393|17343|2711|8262|1789|6031|1934|3506|1571|2525|909|18008|4469|11266|3212|6742|2715|216|240|216|240|0|218|659|701|509|559|150|180|2849|1277|2440|1077|409|379|2013|1676|1951|1680|62|102|0|218|0|218|0|218|116|128|67|75|49|107|847|896|767|880|80|96
0500000US06073|3095692|511|1938325|19457|737607|15186|485409|14183|252198|9396|17288|4369|12956|3717|4332|2356|1753|2015|684|648|1069|1697|5000|1322|4226|1242|774|416|8480|3209|6506|2552|1974|1451|9166|1718|7920|1653|1246|591|3209|1062|2716|1009|493|420|1598|844|1309|737|289|283|11986|2798|7119|1725|4867|1665|4631|2630|3324|1916|1307|882|2099|907|1568|661|531|405|5001|2242|3171|1415|1830|1194|901|824|733|700|168|175|15849|3060|9251|2294|6598|1826|3587|1514|3231|1401|356|313|9472|2350|8543|2162|929|469|3790|2857|3481|2748|309|318|2296|1275|1862|1145|434|339|1567|957|1567|957|0|218|3559|1226|3117|1152|442|345|8716|2110|4850|1370|3866|1315|3774|1487|3458|1443|316|204|3752|1384|3541|1332|211|189|3889|2115|3599|2131|290|282|51975|5167|27840|3669|24135|3205|11786|3125|6865|2236|4921|1403|15952|2796|8194|1940|7758|1880|1222|967|851|774|371|396|44592|5913|20161|3351|24431|3546|4110|1707|1276|553|2834|1290|9459|2456|4685|1573|4774|1584|1987|1154|1388|843|599|545|84059|6747|53321|5524|30738|4211|7149|1967|5479|1801|1670|781|30738|6424|18512|4965|12226|2881|4745|1865|4475|1811|270|331|13777|3693|6930|2519|6847|2007|1124|721|1124|721|0|218|2384|1120|1598|784|786|733|82|112|82|112|0|218|504|537|358|375|146|226|2752|1161|1944|909|808|646
0500000US06075|775108|344|439702|7577|80639|4218|51896|3964|28743|4016|9860|2479|8659|2007|1201|796|284|336|284|336|0|218|3789|1112|3259|876|530|428|4290|1540|3848|1501|442|285|3566|1023|3105|1007|461|321|742|643|742|643|0|218|1415|1354|1367|1353|48|78|8939|2409|5645|1783|3294|1198|641|496|529|469|112|192|553|336|510|328|43|69|1530|797|861|499|669|515|824|610|774|579|50|82|3187|1451|2644|1249|543|760|1899|1310|1254|795|645|637|5069|1196|4385|1086|684|453|1405|1116|731|688|674|769|1112|799|942|643|170|282|536|371|536|371|0|218|912|678|912|678|0|218|2592|951|2017|773|575|522|1559|1226|1559|1226|0|218|1818|1375|1485|1241|333|398|1099|700|1041|703|58|103|140820|6759|55740|4340|85080|5040|4674|1650|2515|906|2159|1075|5674|1587|3311|1249|2363|759|496|553|496|553|0|218|7909|1757|3656|1003|4253|1312|899|737|262|219|637|632|2181|1080|891|485|1290|1003|2591|997|1419|672|1172|694|21792|4802|14240|3440|7552|2352|2197|1173|1229|697|968|733|4526|1562|2884|988|1642|952|1073|530|1031|518|42|68|988|849|739|721|249|265|349|294|266|264|83|131|443|356|393|354|50|9|0|218|0|218|0|218|37|71|37|71|0|218|497|493|497|493|0|218
0500000US06077|742018|543|419931|11102|206877|8375|123431|6625|83446|6634|1080|444|1028|433|52|87|0|218|0|218|0|218|857|586|555|413|302|407|2166|830|1881|855|285|236|675|291|612|290|63|107|141|183|141|183|0|218|863|601|548|537|315|299|944|695|518|503|426|481|186|308|186|308|0|218|62|105|0|218|62|105|0|218|0|218|0|218|0|218|0|218|0|218|2678|1622|2094|1443|584|477|540|559|321|340|219|341|3865|1708|3117|1565|748|490|6236|2485|3617|1606|2619|1244|16681|4954|9250|3469|7431|2070|448|385|340|274|108|138|571|460|358|351|213|304|1712|895|826|485|886|627|6944|2895|5656|2497|1288|791|1144|927|1027|869|117|143|1483|837|1483|837|0|218|7482|1849|2398|1078|5084|1390|325|232|259|207|66|113|218|241|45|76|173|229|4807|2119|3635|2020|1172|632|7544|2837|2870|1543|4674|1773|7733|2615|3043|1179|4690|1853|4060|2012|2534|1369|1526|842|926|810|439|448|487|385|23330|4864|13432|3093|9898|2311|2530|1151|1224|757|1306|791|3432|1845|1890|1319|1542|844|0|218|0|218|0|218|550|556|317|383|233|243|2370|1793|1466|1192|904|745|0|218|0|218|0|218|29|50|0|218|29|50|54|88|54|88|0|218|544|457|323|277|221|371
0500000US06081|693379|822|386159|9020|111082|6002|63276|4065|47806|4739|6237|2407|5081|1699|1156|973|0|218|0|218|0|218|2896|1025|2488|844|408|384|6380|2360|3400|1630|2980|1720|1874|798|1651|743|223|214|534|362|534|362|0|218|1494|692|1312|651|182|182|6615|1780|4534|1328|2081|832|689|687|689|687|0|218|686|539|562|530|124|115|2389|2033|1576|1150|813|942|904|608|755|541|149|177|3157|1185|2270|1083|887|386|1188|836|917|586|271|281|8571|2671|7531|2435|1040|635|768|607|565|392|203|253|749|722|220|282|529|474|624|404|449|367|175|174|1734|967|1510|892|224|263|2358|1616|2037|1599|321|292|345|269|345|269|0|218|811|546|584|435|227|278|200|221|200|221|0|218|76254|5664|42559|4072|33695|3428|3799|1083|2830|945|969|536|5229|1403|3290|1023|1939|828|44|75|44|75|0|218|2686|1178|1314|671|1372|884|1236|966|875|819|361|307|927|429|420|250|507|231|4062|1598|2043|930|2019|944|37583|4539|24808|3486|12775|1974|6575|1489|5204|1139|1371|776|3015|1393|2002|1172|1013|610|829|597|765|562|64|94|388|431|311|395|77|125|656|794|413|474|243|379|468|267|468|267|0|218|0|218|0|218|0|218|233|389|233|389|0|218|951|824|764|783|187|184
0500000US06085|1775579|531|798203|12520|303074|7854|183571|6732|119503|5370|8874|3198|8677|3171|197|144|430|218|430|218|0|218|2896|1097|2489|957|407|380|11983|2783|8858|2282|3125|1084|6796|1551|5840|1400|956|430|1403|837|1212|806|191|171|3337|1771|2847|1643|490|431|17447|3820|10860|2893|6587|1960|1353|914|1022|639|331|379|1823|758|1345|610|478|409|1861|791|1205|537|656|404|1072|860|753|598|319|312|18295|4008|11656|2901|6639|2099|10486|3019|8575|2875|1911|634|52433|5804|44089|5199|8344|1921|6220|2416|5529|2397|691|464|12348|3328|7861|2185|4487|2041|6696|2425|5854|2174|842|472|16602|3514|14752|3337|1850|679|3343|1001|2822|833|521|296|26309|5186|21950|4434|4359|1702|22134|4035|18139|3683|3995|1060|18540|3767|15718|3091|2822|1318|176171|8272|102399|6203|73772|5326|11174|2208|6626|1794|4548|1244|24028|3651|14231|2567|9797|1714|916|1153|35|58|881|1152|111304|7815|42564|3724|68740|6347|2983|1535|1631|1009|1352|842|4292|1669|2994|1412|1298|538|6151|2128|3545|1245|2606|1256|48181|5972|32655|4806|15526|2405|6736|2586|5109|2528|1627|768|8879|3184|7369|2862|1510|1005|6978|2025|6386|1842|592|386|9991|3123|5848|2297|4143|1503|698|572|648|557|50|80|1652|1467|1290|1202|362|320|116|180|116|180|0|218|286|287|259|276|27|45|1085|697|547|319|538|544
0500000US06111|789587|134|479367|7942|235010|7197|139852|6833|95158|7010|2550|962|2414|986|136|168|225|349|225|349|0|218|1490|712|1298|646|192|197|1065|851|931|653|134|223|3315|1047|3165|1039|150|186|1613|1182|1508|1174|105|170|343|347|165|194|178|222|1349|642|949|442|400|346|162|93|162|93|0|218|333|349|333|349|0|218|1568|1277|1273|1238|295|297|1492|646|1266|700|226|222|6321|2505|4101|2114|2220|1075|2070|1158|1365|846|705|562|2230|1241|2071|1243|159|194|473|563|382|424|91|149|1777|1262|1577|1198|200|182|627|586|627|586|0|218|584|529|493|496|91|91|967|591|729|474|238|212|715|473|674|437|41|70|1389|1073|1342|1064|47|78|764|787|666|660|98|161|6507|1829|3581|1235|2926|1002|800|493|635|453|165|132|2091|1127|1318|979|773|392|0|218|0|218|0|218|3669|1171|1681|749|1988|688|3|8|3|8|0|218|830|665|122|128|708|670|453|486|453|486|0|218|15563|2148|11013|1666|4550|1637|1492|1050|833|545|659|705|4661|2046|3359|1670|1302|969|562|511|562|511|0|218|121|174|121|174|0|218|20|40|20|40|0|218|0|218|0|218|0|218|0|218|0|218|0|218|0|218|0|218|0|218|5016|2489|900|631|4116|2114
0500000US08005|618932|380|476376|7682|77806|5679|42630|4196|35176|4492|3766|1387|2693|1074|1073|859|0|218|0|218|0|218|81|83|81|83|0|218|623|439|623|439|0|218|1406|568|1375|570|31|51|208|223|208|223|0|218|589|520|462|458|127|125|6409|2476|3819|2221|2590|928|786|703|487|400|299|373|339|471|284|462|55|97|1271|676|978|607|293|268|0|218|0|218|0|218|1890|1271|925|572|965|792|1137|1027|717|706|420|463|1931|969|1569|763|362|327|492|526|492|526|0|218|1468|1944|747|979|721|976|0|218|0|218|0|218|954|866|510|443|444|485|1887|1100|1494|815|393|391|641|611|570|557|71|113|383|398|269|285|114|198|659|855|482|641|177|223|5967|1992|3623|1697|2344|1035|975|661|894|615|81|136|2980|1276|1612|712|1368|928|45|75|45|75|0|218|2126|868|835|522|1291|548|159|230|76|128|83|109|1251|741|462|338|789|616|729|637|385|316|344|411|2813|1477|1960|1058|853|603|674|564|594|480|80|110|3773|2474|2290|1590|1483|1202|146|175|47|80|99|116|12136|3588|6464|2681|5672|2141|2638|1636|1819|1289|819|767|1089|779|735|540|354|423|0|218|0|218|0|218|29|50|29|50|0|218|300|216|164|141|136|156
0500000US09110|931579|132|708604|7648|113385|5419|69736|4300|43649|5144|7488|1296|6616|1230|872|389|2687|1466|2104|1484|583|659|6026|1678|5653|1603|373|260|5245|1230|3015|1029|2230|777|3284|1243|3014|1196|270|230|1140|955|1101|954|39|64|1200|642|744|470|456|414|2099|1074|884|432|1215|739|12940|2846|6298|1792|6642|1593|3782|2185|2333|1430|1449|863|1391|768|881|502|510|553|287|475|283|475|4|8|1167|778|915|693|252|221|1590|855|1091|629|499|418|3494|1024|3081|983|413|240|2600|1786|2238|1487|362|369|42|72|42|72|0|224|1726|1045|1365|886|361|332|3936|2199|3188|1952|748|573|2360|1102|1529|738|831|656|2845|1012|2461|939|384|372|3745|1824|3278|1742|467|366|1927|1204|1592|1060|335|466|11387|2376|5896|1258|5491|1773|830|615|522|434|308|299|3186|1720|1400|913|1786|1420|0|224|0|224|0|224|4561|2057|2785|1574|1776|742|0|224|0|224|0|224|972|800|368|316|604|553|805|502|414|288|391|304|1323|1070|853|572|470|552|553|412|441|372|112|186|3278|1755|2695|1707|583|413|203|228|161|219|42|70|413|441|364|395|49|88|6321|3219|5735|3049|586|510|582|566|468|446|114|184|0|224|0|224|0|224|0|224|0|224|0|224|2175|1334|1993|1323|182|183
0500000US09190|591927|1089|413260|7398|99063|4743|51618|4846|47445|4477|3749|1301|3245|1160|504|392|6736|2690|6066|2537|670|488|5937|1856|4118|1499|1819|765|17943|4110|9018|2716|8925|2683|2138|742|1854|633|284|291|479|274|479|274|0|224|1558|710|1257|609|301|237|3554|1415|2694|1189|860|408|2906|1487|2337|1309|569|410|256|276|206|203|50|83|2460|1228|1295|868|1165|600|289|444|289|444|0|224|278|270|235|261|43|72|1087|722|774|595|313|221|2249|802|1981|723|268|255|109|128|109|128|0|224|408|496|267|324|141|177|2609|1797|1472|956|1137|901|1341|761|977|684|364|240|3707|1583|3070|1501|637|441|333|293|333|293|0|224|641|624|565|560|76|130|293|307|259|294|34|58|8921|2101|4860|1343|4061|1362|452|356|268|224|184|235|1133|744|750|573|383|326|0|224|0|224|0|224|508|458|84|101|424|425|325|501|57|86|268|422|309|327|40|65|269|327|215|290|140|175|75|124|2550|1367|2159|1320|391|352|188|171|94|117|94|78|1352|1128|1094|886|258|313|471|257|425|241|46|79|0|224|0|224|0|224|834|1111|834|1111|0|224|317|398|317|398|0|224|0|224|0|224|0|224|0|224|0|224|0|224|969|861|867|790|102|117
0500000US12011|1842516|447|1031765|14091|525838|8704|311441|10706|214397|10165|23181|3976|16288|3271|6893|1648|107274|12044|63760|8196|43514|6880|4453|1207|3556|1043|897|504|36292|5787|21494|3748|14798|3158|4210|1355|3376|1156|834|540|3475|2659|3204|2684|271|386|1825|909|1606|784|219|265|10075|2513|5097|1417|4978|1774|2113|1121|916|513|1197|911|524|338|443|317|81|98|3020|1444|1959|955|1061|744|700|583|260|263|440|480|476|334|431|326|45|74|958|1022|821|991|137|231|3583|2331|2796|1856|787|659|5974|3254|4207|2401|1767|1227|173|297|173|297|0|239|3061|2003|1837|1324|1224|1239|1465|1073|706|703|759|660|5789|1993|3613|1202|2176|1164|3040|2170|2112|1620|928|836|1265|716|1194|700|71|117|3032|1334|2169|939|863|632|9090|2587|4267|1809|4823|1491|403|372|403|372|0|239|1268|674|543|386|725|562|0|239|0|239|0|239|6595|3624|2980|1849|3615|1997|104|174|52|91|52|84|831|628|388|392|443|428|2865|1905|1444|1163|1421|1017|5150|2229|3378|1623|1772|1047|257|275|160|228|97|159|9603|3541|7451|3154|2152|1000|9643|2792|8611|2553|1032|687|1487|1388|646|705|841|1190|1155|1056|992|860|163|261|373|371|191|224|182|242|0|239|0|239|0|239|273|368|171|214|102|159|9858|3431|8497|3008|1361|925
0500000US12057|1428033|135|991798|10666|324270|8786|177546|6868|146724|8326|4477|1761|3679|1377|798|568|15153|4652|9368|3672|5785|2184|2062|945|1697|792|365|337|6370|2588|3728|1449|2642|1357|3177|1120|2786|1052|391|271|183|189|183|189|0|239|1227|614|1176|607|51|86|2066|1026|1513|771|553|421|1158|723|576|357|582|680|809|1156|472|614|337|564|1121|761|776|592|345|359|246|416|91|155|155|261|1634|872|1324|725|310|317|3581|1409|2652|1056|929|506|6193|2507|5433|1905|760|897|490|341|411|295|79|128|1387|1376|820|770|567|644|2143|1306|1412|808|731|585|1747|1169|744|469|1003|872|3412|2549|1853|1030|1559|1850|6001|2708|4730|2293|1271|858|1803|1022|1606|963|197|194|2108|1021|1510|876|598|449|3062|1273|1688|813|1374|809|1235|1160|747|1059|488|440|1755|962|1447|876|308|247|97|156|97|156|0|239|9800|3433|4612|2112|5188|1971|0|239|0|239|0|239|1809|1524|120|134|1689|1502|551|393|505|375|46|81|4497|2309|3516|1703|981|803|1352|796|1289|794|63|127|10722|4144|7178|3500|3544|2155|1157|988|794|615|363|465|1583|2200|1114|1657|469|587|2188|1710|1713|1071|475|761|212|354|212|354|0|239|0|239|0|239|0|239|255|309|255|309|0|239|3142|1458|2177|1031|965|603
0500000US12086|2530515|274|633746|15998|1676193|10098|874523|16024|801670|14116|16553|3664|11734|2626|4819|1777|104501|11488|67487|8278|37014|5513|6824|1760|4823|1368|2001|867|25014|3977|19290|3293|5724|1780|4319|1270|3988|1239|331|216|1045|646|1045|646|0|239|2033|1041|1709|1014|324|345|6834|2093|4486|1476|2348|964|1233|600|987|598|246|245|1035|633|621|486|414|386|2577|1238|2195|1128|382|264|59|99|0|239|59|99|1976|1065|1852|1053|124|168|174|224|136|166|38|69|3062|1916|2699|1585|363|416|1618|1064|1114|936|504|468|129|222|87|155|42|70|1348|864|1167|770|181|214|276|281|240|276|36|61|2167|1178|1368|711|799|735|1119|1100|1119|1100|0|239|551|505|551|505|0|239|592|683|592|683|0|239|6640|1866|3932|1265|2708|933|446|378|245|236|201|193|2536|1912|1025|693|1511|1378|0|239|0|239|0|239|2090|1757|926|812|1164|1107|468|512|0|239|468|512|727|673|296|272|431|571|2782|1159|2108|983|674|474|6311|2014|5278|1678|1033|751|232|263|232|263|0|239|5625|2234|4635|1816|990|742|4565|1704|3224|1423|1341|753|510|486|510|486|0|239|449|560|310|370|139|240|211|244|211|244|0|239|68|113|0|239|68|113|0|239|0|239|0|239|1877|808|1628|759|249|250
0500000US12095|1371778|211|852735|14661|351309|10678|212294|10127|139015|9026|5250|1585|4263|1367|987|798|45000|8115|31644|6469|13356|4249|2094|1057|1540|813|554|625|33713|5763|18411|3795|15302|3485|3250|1449|3128|1448|122|145|452|345|412|340|40|66|353|597|94|162|259|436|4837|2191|3142|1434|1695|1049|711|723|446|423|265|351|1365|1088|1142|858|223|278|1217|918|854|733|363|433|243|400|0|239|243|400|1663|1175|583|438|1080|1074|1837|1027|1110|597|727|554|3979|1549|2930|1409|1049|678|2856|2435|2254|2045|602|598|668|1022|445|729|223|300|1945|1596|1798|1550|147|156|612|431|278|226|334|327|2913|2271|1690|1329|1223|1074|384|365|280|293|104|125|956|1169|846|1114|110|187|1928|1130|1676|1031|252|214|10852|3156|4624|1583|6228|2227|3395|2396|2674|2208|721|865|1488|790|725|671|763|399|73|91|73|91|0|239|9418|2830|3970|1420|5448|1943|0|239|0|239|0|239|2366|2140|2004|2119|362|358|3137|1657|2021|1132|1116|760|6319|1808|5083|1500|1236|690|378|331|303|291|75|125|8180|2959|4617|2009|3563|1989|397|369|331|345|66|115|546|568|460|521|86|140|1391|965|1324|961|67|114|138|156|138|156|0|239|0|239|0|239|0|239|150|226|150|226|0|239|1280|872|1195|842|85|128
0500000US12099|1444867|257|957113|15042|283480|6737|148485|7598|134995|7090|12425|2297|8868|1993|3557|1035|94238|12037|50294|7877|43944|7317|4732|1197|3445|1057|1287|656|18357|4176|11577|2892|6780|2828|6061|1722|5597|1495|464|448|1605|919|1518|873|87|144|1309|612|786|399|523|404|9035|2411|6087|2006|2948|1630|1469|589|690|379|779|433|1003|614|573|384|430|480|3105|1293|1852|825|1253|673|243|399|243|399|0|239|461|459|298|271|163|271|1561|1207|1086|942|475|365|1614|902|1507|914|107|116|2021|1885|1317|1158|704|794|0|239|0|239|0|239|2548|1446|1628|1017|920|572|397|421|260|257|137|192|3295|1245|1860|737|1435|883|1396|665|1258|601|138|174|886|750|886|750|0|239|812|677|777|658|35|63|4254|1314|1388|681|2866|965|1073|635|582|486|491|327|1381|813|103|98|1278|788|0|239|0|239|0|239|5530|2507|2371|921|3159|1925|0|239|0|239|0|239|680|433|343|323|337|230|1645|905|805|518|840|560|3623|1541|2863|1343|760|643|693|365|549|290|144|200|5504|2348|4303|2063|1201|1074|2852|1350|2432|1274|420|274|115|191|115|191|0|239|719|657|361|289|358|452|1932|2010|1234|1245|698|1134|0|239|0|239|0|239|0|239|0|239|0|239|5700|1912|2944|920|2756|1348
0500000US12103|924995|129|784586|7321|67695|4237|35992|2974|31703|4130|5732|1900|3741|1435|1991|1012|1993|1533|1705|1494|288|356|2473|754|2019|630|454|306|4013|2154|2732|1615|1281|753|4057|1180|3711|1126|346|264|1116|772|795|625|321|444|5241|2604|3193|1422|2048|1932|3715|1419|2349|980|1366|694|4157|1621|1790|709|2367|1206|3145|1516|2336|1053|809|690|1218|558|678|401|540|335|72|118|72|118|0|239|1091|803|440|464|651|516|1097|1057|447|388|650|942|1147|933|1105|919|42|72|38|63|38|63|0|239|41|70|41|70|0|239|387|445|354|442|33|64|74|112|11|19|63|110|3652|1734|1867|1011|1785|933|692|671|553|577|139|232|754|1034|482|653|272|393|489|387|362|334|127|164|1018|508|642|411|376|335|353|234|208|165|145|142|1275|1000|875|935|400|298|102|175|0|239|102|175|8965|2448|3756|1741|5209|2118|1128|784|477|358|651|483|2047|1082|1087|726|960|602|168|151|168|151|0|239|2989|1034|1821|653|1168|573|484|358|186|239|298|317|5588|2325|2888|1438|2700|1617|51|84|0|239|51|84|88|146|88|146|0|239|370|521|262|383|108|176|97|168|97|168|0|239|0|239|0|239|0|239|193|306|193|306|0|239|1404|799|1112|685|292|286
0500000US13067|729117|124|572507|7925|80203|4134|45594|3979|34609|4011|5175|1989|3762|1552|1413|1112|5801|3703|3807|2523|1994|1457|464|382|464|382|0|228|8166|3130|4110|1491|4056|2371|1567|840|1477|792|90|106|718|474|654|463|64|112|305|256|261|221|44|72|1851|1185|1361|869|490|445|561|371|281|240|280|239|390|269|367|261|23|37|680|441|597|421|83|143|0|228|0|228|0|228|1144|725|1092|691|52|87|3267|1159|2035|838|1232|594|4366|1729|4172|1651|194|212|1144|778|943|639|201|222|522|441|484|388|38|66|1272|1604|836|969|436|654|384|372|384|372|0|228|3824|2719|2531|2095|1293|1398|1796|1147|1557|944|239|287|1571|1052|1482|1048|89|84|353|388|303|320|50|83|5096|1740|3083|1008|2013|1032|850|607|724|489|126|204|1309|739|547|364|762|614|0|228|0|228|0|228|5538|1884|2397|1084|3141|1534|0|228|0|228|0|228|976|615|491|452|485|320|118|142|64|104|54|92|376|339|227|233|149|254|149|244|101|164|48|82|2061|987|1706|822|355|278|618|682|618|682|0|228|1162|807|688|613|474|441|7309|2774|7063|2772|246|205|3969|2127|3969|2127|0|228|0|228|0|228|0|228|0|228|0|228|0|228|1555|921|1118|800|437|480
0500000US13089|714008|227|578246|8668|45843|2920|24938|2988|20905|3357|8137|3151|5222|2250|2915|1748|1889|1842|1649|1764|240|240|522|313|447|300|75|89|1475|748|1265|798|210|344|1887|883|1717|841|170|234|807|624|807|624|0|228|632|644|553|631|79|96|732|449|500|385|232|218|167|171|167|171|0|228|307|296|206|180|101|121|128|157|87|102|41|68|0|228|0|228|0|228|746|353|539|307|207|187|3751|1974|2186|1304|1565|1524|4574|2427|3280|1842|1294|983|2277|1453|1346|1076|931|934|418|500|165|234|253|298|2448|1456|1091|611|1357|977|1674|1362|1595|1336|79|133|2581|1755|1178|856|1403|1135|1578|1219|1369|1097|209|233|912|733|635|539|277|449|768|607|581|507|187|220|6254|1699|4553|1401|1701|647|925|623|699|510|226|252|1954|1123|1480|808|474|516|0|228|0|228|0|228|4395|1935|2137|994|2258|1133|152|241|0|228|152|241|509|524|266|379|243|336|2703|1647|1110|899|1593|1107|1702|1356|874|714|828|908|0|228|0|228|0|228|3445|2601|1846|1339|1599|1559|1042|735|1042|735|0|228|19660|5498|13991|4652|5669|2040|3365|1360|3269|1305|96|173|2201|1536|1912|1450|289|423|0|228|0|228|0|228|48|70|48|70|0|228|3154|2188|3008|2113|146|179
0500000US13121|1017354|72|848887|8472|62149|3946|40977|3853|21172|2945|6521|1836|4800|1533|1721|981|4712|3794|2570|1831|2142|2603|1315|769|1274|761|41|75|4124|1545|3305|1390|819|423|3156|1206|2962|1187|194|201|503|416|503|416|0|228|585|448|585|448|0|228|2879|1534|2164|1224|715|487|376|445|262|309|114|188|619|478|467|434|152|226|945|788|684|706|261|287|0|228|0|228|0|228|3680|1642|2050|1144|1630|1083|2897|1309|2077|948|820|673|4628|1719|3726|1234|902|824|1979|1080|1631|888|348|252|276|235|276|235|0|228|2349|1426|1890|1168|459|473|2004|1145|1005|640|999|870|1688|1151|1485|1044|203|341|7106|2177|6272|2052|834|617|5155|2357|4528|2237|627|588|2240|1167|1959|1056|281|248|13283|2613|8461|2081|4822|1342|2575|1551|1325|775|1250|1370|10458|3261|6061|2262|4397|1468|283|480|283|480|0|228|1716|912|720|431|996|707|88|144|31|50|57|94|588|460|439|355|149|179|829|652|742|624|87|103|1763|1043|1450|912|313|329|1541|1412|868|827|673|702|1189|738|883|582|306|230|1365|837|1337|836|28|47|2419|2155|1356|1372|1063|948|5671|2032|3728|1324|1943|1122|1013|707|1013|707|0|228|0|228|0|228|0|228|76|58|76|58|0|228|1724|1155|1724|1155|0|228
0500000US13135|917064|45|578867|9149|172903|4068|90591|6007|82312|5644|7358|3291|6346|2732|1012|841|7158|2438|6005|2130|1153|705|484|316|484|316|0|228|1421|957|1127|786|294|300|1951|984|1813|916|138|170|54|92|54|92|0|228|95|115|95|115|0|228|2498|1314|1606|1036|892|540|694|610|288|359|406|459|3920|1749|2577|1257|1343|860|1522|1016|430|411|1092|840|263|432|170|278|93|154|2047|1149|1546|1026|501|348|5518|2210|3725|1729|1793|822|6073|2514|4764|2273|1309|636|4432|2054|3314|1528|1118|752|586|939|131|220|455|726|2798|1159|1523|743|1275|572|1398|774|784|527|614|453|6316|2459|4406|2235|1910|1165|1345|836|935|534|410|576|562|462|518|471|44|75|3137|1498|2033|1245|1104|685|20976|4142|7546|1568|13430|3658|1015|740|521|579|494|413|26285|3403|11753|2181|14532|2084|127|215|127|215|0|228|21841|4838|8692|3170|13149|2786|1937|1747|927|919|1010|863|862|547|511|456|351|223|2499|1742|1279|1071|1220|755|2894|1283|2520|1175|374|301|1194|584|795|477|399|319|4991|3204|3104|1864|1887|1472|79|137|79|137|0|228|5314|2043|4387|1892|927|513|11992|3440|9891|3138|2101|1165|217|251|217|251|0|228|0|228|0|228|0|228|0|228|0|228|0|228|1441|791|1145|633|296|492
0500000US17031|4833751|154|3103586|28450|1010316|16290|601128|14487|409188|13918|21360|4759|16205|3273|5155|3056|2805|1442|1994|1186|811|794|16524|3114|12487|2384|4037|1670|6620|2168|4857|2053|1763|976|8769|1662|7143|1444|1626|749|2205|1779|1222|611|983|1522|19160|3804|13263|2769|5897|1786|26518|5259|14709|3560|11809|2925|120855|9241|66929|6706|53926|4948|25913|4759|16792|3823|9121|1949|30792|5218|18019|3324|12773|3674|1270|816|923|659|347|298|4778|1783|2867|1142|1911|948|27977|5002|17696|3528|10281|2764|23200|4705|18463|3713|4737|1826|29019|6491|20502|4621|8517|2645|2132|1088|1778|985|354|425|3765|2516|2389|1488|1376|1417|8821|3735|5025|1932|3796|3063|30886|4738|19612|3365|11274|2925|7393|2422|5998|2110|1395|1249|5437|2679|5178|2686|259|276|13249|4023|9957|3457|3292|1068|68343|7082|33766|4495|34577|4228|8464|1967|5316|1478|3148|970|26145|4175|11704|2570|14441|2604|55|87|55|87|0|206|11181|2829|5413|1714|5768|1878|1981|1405|851|525|1130|999|5043|1432|2873|740|2170|1063|11284|2920|6287|2242|4997|1905|50122|6080|35634|5027|14488|3231|4670|2595|4186|2558|484|389|49026|7046|34503|5703|14523|3153|4374|1458|3735|1228|639|597|16616|4010|9065|2613|7551|2443|17159|4265|13951|3870|3208|1165|2822|1372|1991|1102|831|659|0|206|0|206|0|206|363|422|363|422|0|206|2753|1213|2181|1174|572|349
0500000US17043|871162|109|620357|9090|97463|4502|59128|3694|38335|3933|1689|616|1444|582|245|214|0|206|0|206|0|206|5720|1871|4066|1592|1654|998|952|506|731|416|221|262|2023|798|1822|778|201|146|319|271|319|271|0|206|4348|1535|3489|1274|859|529|1926|971|1224|790|702|418|15954|3200|8875|2197|7079|1612|2947|1543|2429|1417|518|394|7664|2736|3889|1361|3775|1664|142|174|142|174|0|206|966|542|707|521|259|221|12292|2629|7672|1925|4620|1272|8643|2396|7067|2057|1576|816|15443|3301|12610|2786|2833|1005|2088|1697|1744|1325|344|425|295|380|295|380|0|206|3682|1667|3082|1580|600|546|10798|3374|4751|1704|6047|2486|3079|1185|2938|1139|141|187|2802|1157|2448|1078|354|263|3917|1442|2628|1189|1289|782|13326|2573|7525|1916|5801|1458|1312|754|532|371|780|522|1655|684|939|489|716|383|0|206|0|206|0|206|3634|1733|1752|1066|1882|869|327|248|96|110|231|222|652|435|241|214|411|318|1571|897|563|492|1008|648|11806|2498|9011|2267|2795|745|732|823|339|416|393|464|8736|2964|7072|2594|1664|663|0|206|0|206|0|206|183|209|183|209|0|206|213|181|144|152|69|111|897|847|827|766|70|117|0|206|0|206|0|206|14|21|14|21|0|206|595|541|453|396|142|196
0500000US17097|671958|383|465559|8221|122181|6221|72072|5668|50109|4920|1129|535|1032|513|97|137|855|1033|196|224|659|970|1200|558|1084|552|116|141|550|486|459|423|91|154|2148|1162|1742|865|406|402|29|48|29|48|0|206|1055|537|753|437|302|309|6589|2041|3364|1437|3225|1040|10278|2676|7175|1955|3103|1468|992|865|936|860|56|75|2757|1599|1128|524|1629|1398|23|39|23|39|0|206|845|639|799|634|46|75|4850|2376|3585|1712|1265|956|5593|2307|4714|2004|879|544|2881|1192|2761|1139|120|204|461|479|461|479|0|206|1896|1521|1577|1276|319|344|2447|1605|2398|1599|49|87|2381|1118|1788|972|593|571|5559|1994|4646|1823|913|658|3111|1317|2445|1118|666|541|1370|828|1370|828|0|206|6730|1935|3854|1390|2876|998|2023|1227|1297|930|726|407|4306|1511|2148|938|2158|814|0|206|0|206|0|206|1010|753|1010|753|0|206|274|325|0|206|274|325|0|206|0|206|0|206|554|536|370|364|184|191|5457|1431|4389|1239|1068|540|1024|619|461|475|563|577|1136|654|855|482|281|299|373|311|373|311|0|206|185|310|0|206|185|310|231|370|231|370|0|206|876|941|259|279|617|675|0|206|0|206|0|206|0|206|0|206|0|206|1040|648|561|398|479|356
0500000US24005|798591|128|684927|8162|31838|4371|18551|3431|13287|3206|3009|1526|1373|690|1636|1364|204|234|135|214|69|118|946|513|612|381|334|299|1543|1061|1205|965|338|377|1521|682|1061|602|460|369|325|304|264|294|61|105|1298|578|1157|539|141|140|6130|2127|2651|1280|3479|1510|516|444|429|374|87|104|212|236|75|123|137|126|1092|854|777|795|315|344|0|224|0|224|0|224|2417|1267|1096|653|1321|891|1427|1170|1049|1095|378|388|2421|1184|1522|846|899|696|5345|2681|2730|1419|2615|1429|839|701|563|491|276|264|777|492|570|404|207|221|5371|2078|3299|1304|2072|1334|749|506|695|490|54|80|718|587|698|586|20|32|1522|1244|950|807|572|920|213|195|213|195|0|224|7157|2326|3832|1649|3325|1225|845|628|530|455|315|396|2454|892|995|464|1459|667|0|224|0|224|0|224|1733|875|750|510|983|699|181|291|0|224|181|291|33|57|33|57|0|224|1545|991|651|534|894|625|5276|1355|4070|1177|1206|517|219|188|58|107|161|200|3169|1537|1983|1201|1186|753|1414|925|993|694|421|382|1509|1496|1471|1478|38|65|10012|4050|7811|2735|2201|1848|7059|4384|5376|3451|1683|1687|0|224|0|224|0|224|0|224|0|224|0|224|625|491|552|484|73|100
0500000US24031|992793|228|564020|11812|171159|4547|93929|4735|77230|5143|19302|3674|15320|3172|3982|1356|2570|2099|2393|1955|177|281|2291|949|1319|536|972|672|9160|3604|5262|1869|3898|2147|4267|1443|3750|1200|517|470|995|639|906|624|89|150|2214|1119|1844|891|370|396|10113|2673|7041|2210|3072|983|826|497|715|482|111|133|780|633|256|226|524|580|4879|1965|4033|1868|846|563|1241|906|822|635|419|325|11573|2698|7486|1913|4087|1492|1839|1082|1263|660|576|628|7858|1865|7215|1778|643|414|2962|1442|2523|1320|439|331|986|652|807|606|179|160|5162|2457|3350|1493|1812|1355|8046|3438|5495|1935|2551|2190|5167|2393|4122|2145|1045|1232|6476|3805|4734|2976|1742|1521|2060|1110|1407|867|653|585|2921|1162|2674|1085|247|211|41442|5513|21361|2833|20081|3449|2758|1997|1514|1410|1244|903|13532|2635|7076|1477|6456|1659|0|224|0|224|0|224|8745|2405|3770|1407|4975|1491|626|684|394|515|232|262|2853|1517|1261|696|1592|973|3573|1302|2806|1125|767|599|9209|2501|7291|2200|1918|826|2655|1913|1056|572|1599|1829|3754|1609|2604|940|1150|962|1526|764|1526|764|0|224|35797|7840|25629|6324|10168|2693|11386|2798|9744|2434|1642|701|4238|2613|3529|2127|709|569|0|224|0|224|0|224|312|310|224|258|88|158|1520|993|1430|981|90|106
0500000US25009|763871|4|539525|7602|147019|4849|70807|5148|76212|5217|3236|1021|2477|877|759|449|6077|2198|4147|1761|1930|790|4036|1406|3215|1120|821|515|18532|4965|10682|3315|7850|2574|1256|539|915|473|341|278|131|164|131|164|0|222|4261|1545|3228|1257|1033|695|3021|1221|1553|719|1468|924|1619|1055|1191|727|428|443|195|255|195|255|0|222|346|285|97|140|249|250|0|222|0|222|0|222|797|751|390|371|407|659|127|208|127|208|0|222|571|453|571|453|0|222|992|541|784|519|208|238|1132|1064|677|680|455|407|104|163|104|163|0|222|1689|1337|677|610|1012|823|2208|1373|1615|959|593|463|310|270|310|270|0|222|665|834|329|396|336|533|196|320|97|154|99|171|3159|1141|1832|740|1327|604|754|550|434|417|320|265|2045|1484|1076|735|969|873|0|222|0|222|0|222|2345|1360|604|470|1741|1026|5297|2185|2036|1048|3261|1745|1007|984|603|622|404|534|563|384|309|231|254|256|508|354|353|282|155|153|406|406|406|406|0|222|4380|1842|3341|1595|1039|538|189|239|132|219|57|96|0|222|0|222|0|222|1571|986|1304|911|267|284|3373|1930|2199|1789|1174|1061|0|222|0|222|0|222|0|222|0|222|0|222|229|268|148|251|81|99
0500000US25017|1536503|87|1088943|11019|94794|4868|58306|3975|36488|3369|13615|2345|11694|2131|1921|728|14427|3443|7987|2055|6440|2058|9716|2174|7559|1905|2157|825|62968|6931|28919|3590|34049|5148|4065|1095|3838|1047|227|190|1079|530|963|521|116|93|6331|2110|5480|2031|851|502|12703|2778|9297|2539|3406|1122|3150|1685|2534|1300|616|625|3319|2546|1768|1135|1551|1905|3901|1431|3007|1182|894|528|5562|2792|3687|1833|1875|1550|3197|1403|2293|1075|904|624|7471|2199|5512|1794|1959|877|13338|3331|11507|2992|1831|1123|2287|1113|1822|920|465|415|4578|3294|3415|2410|1163|1187|2955|1011|2030|779|925|599|9376|2927|7869|2690|1507|788|10793|4145|8628|3592|2165|927|5740|1917|4951|1811|789|558|5110|1369|4613|1216|497|335|3232|1325|2975|1211|257|207|59268|5523|35422|3979|23846|3298|4707|1323|3087|1089|1620|664|8781|2228|5075|1425|3706|1258|77|128|77|128|0|222|9183|2252|4367|1374|4816|1657|18032|3868|8905|2627|9127|1992|4881|2286|2953|1760|1928|861|4199|1496|3681|1395|518|296|1683|672|1532|621|151|159|683|578|683|578|0|222|11892|4053|6739|2265|5153|2931|7465|2170|6115|1905|1350|893|5224|2131|2700|1566|2524|1387|3168|1602|2282|1301|886|621|3712|1416|3005|1216|707|484|0|222|0|222|0|222|127|159|127|159|0|222|771|589|733|585|38|73
0500000US25021|688694|4|523451|8028|26421|3439|18810|2949|7611|1962|4004|1285|3253|1090|751|492|12191|3384|6863|2006|5328|2419|4146|1294|2860|1009|1286|648|14812|3551|8865|2321|5947|2120|2027|989|1780|967|247|357|441|321|441|321|0|222|3121|1214|1805|756|1316|619|6942|2009|4979|1852|1963|608|610|531|610|531|0|222|446|734|446|734|0|222|1479|1020|1194|884|285|298|45|75|45|75|0|222|1354|1136|451|467|903|933|455|364|330|310|125|198|3010|1039|2747|960|263|277|252|208|222|178|30|51|0|222|0|222|0|222|2072|1357|1569|958|503|511|2151|1144|1579|819|572|684|4458|1584|3006|1052|1452|794|3599|2499|2133|1076|1466|2084|1568|1139|1470|1096|98|160|228|304|228|304|0|222|34708|4007|16836|2418|17872|3134|2051|1280|1305|882|746|505|3990|1535|2353|930|1637|795|33|56|33|56|0|222|9966|3215|3955|1507|6011|2141|815|670|224|211|591|550|544|640|386|408|158|255|1453|867|823|591|630|537|1547|963|1116|834|431|416|368|322|226|215|142|169|4151|2191|3183|1646|968|686|3231|1715|2814|1607|417|460|432|519|158|205|274|461|3464|1855|3323|1828|141|236|1296|1119|1057|957|239|364|0|222|0|222|0|222|0|222|0|222|0|222|1362|1937|1038|1526|324|427
0500000US25025|729178|207|449939|9086|145732|4346|70638|4271|75094|4721|5034|1528|4256|1309|778|505|17136|4163|8492|2404|8644|2579|3287|1224|1894|1004|1393|683|18687|4918|12032|3210|6655|2549|1237|641|1237|641|0|222|536|399|496|386|40|66|1488|622|1159|463|329|349|3496|936|1628|632|1868|778|745|449|438|354|307|295|1296|1003|812|631|484|536|1567|645|1228|504|339|320|201|197|201|197|0|222|1551|749|1234|603|317|377|1897|1053|1583|698|314|475|3211|979|2440|793|771|540|1716|1058|1017|646|699|801|44|73|0|222|44|73|1256|716|853|433|403|454|961|484|742|415|219|185|4239|2414|2579|1148|1660|1397|609|519|562|497|47|77|764|282|764|282|0|222|471|316|471|316|0|222|23274|3260|10777|2330|12497|1878|474|332|474|332|0|222|3417|1071|3033|1078|384|349|35|63|35|63|0|222|9936|2882|2924|1087|7012|2555|1039|790|142|188|897|764|140|104|37|45|103|104|1670|707|1235|532|435|390|974|870|724|554|250|349|459|335|395|287|64|111|8793|3062|4863|1679|3930|1601|870|518|742|413|128|223|3333|1777|1795|1230|1538|903|1409|977|1055|848|354|359|3065|2113|2517|2000|548|368|0|222|0|222|0|222|0|222|0|222|0|222|3190|1692|2452|1409|738|966
0500000US25027|819208|120|639912|8078|76705|3759|41921|4135|34784|3721|5535|1528|4222|1246|1313|885|3233|1500|1725|774|1508|1102|2200|1086|1818|954|382|421|18618|4100|7937|2210|10681|3027|2815|988|2738|985|77|95|16|34|16|34|0|222|1632|833|1168|577|464|328|2362|1067|787|538|1575|685|2959|1243|1823|820|1136|790|412|450|412|450|0|222|238|246|158|200|80|94|255|220|255|220|0|222|510|319|371|230|139|172|1843|1112|1246|781|597|501|3837|1404|3647|1321|190|195|1624|1292|1300|1120|324|310|0|222|0|222|0|222|236|230|190|215|46|77|1578|760|1116|637|462|457|7155|2532|3792|1772|3363|1678|2536|1640|2012|1248|524|532|2263|1322|2201|1311|62|101|2217|1393|1887|1231|330|283|5446|1375|2803|992|2643|854|709|743|468|524|241|239|1334|764|239|214|1095|659|394|555|34|59|360|553|6808|2224|3542|1504|3266|1195|1283|1209|1092|1176|191|197|1853|1301|495|369|1358|1101|234|228|178|183|56|68|431|309|431|309|0|222|272|313|185|186|87|149|6481|2794|3756|1897|2725|1438|381|439|381|439|0|222|172|173|172|173|0|222|6673|2138|4798|1892|1875|1113|4948|1977|4579|1961|369|442|41|74|0|222|41|74|148|213|148|213|0|222|909|890|692|822|217|233
0500000US26099|828723|122|704037|7527|10250|2310|6543|1945|3707|1297|1527|820|974|569|553|547|0|184|0|184|0|184|5632|1291|3983|1123|1649|541|718|586|565|476|153|204|2002|823|1805|789|197|163|1025|975|976|974|49|81|1490|761|984|526|506|339|433|327|242|240|191|220|4284|1542|2823|984|1461|961|3849|1583|2326|1058|1523|823|4353|1587|2583|1164|1770|972|50|84|50|84|0|184|0|184|0|184|0|184|828|671|560|453|268|286|843|718|843|718|0|184|1264|859|427|377|837|694|1807|1481|1735|1455|72|120|11269|2825|3852|1579|7417|1927|363|432|238|395|125|201|12925|3170|8043|2470|4882|1625|723|777|723|777|0|184|642|598|595|575|47|78|1554|953|1060|739|494|327|1983|934|1063|691|920|518|459|301|260|226|199|199|1244|755|597|486|647|491|3525|1987|2469|1469|1056|779|1552|978|485|404|1067|692|240|273|203|220|37|62|605|807|343|517|262|309|0|184|0|184|0|184|5857|1883|4386|1536|1471|791|131|179|131|179|0|184|23322|4576|13565|3090|9757|2271|0|184|0|184|0|184|16585|4265|9142|3065|7443|2230|571|479|571|479|0|184|527|590|527|590|0|184|0|184|0|184|0|184|0|184|0|184|0|184|254|278|72|123|182|247
0500000US26125|1205364|190|1012699|7264|36081|3353|24484|2820|11597|1970|5254|1738|4800|1636|454|437|280|451|280|451|0|184|1701|648|1399|570|302|256|882|469|719|335|163|201|4935|1298|4303|1186|632|525|903|474|604|389|299|305|2141|1627|1542|1492|599|695|6802|2153|4241|1684|2561|963|3078|1139|2222|763|856|554|833|686|641|499|192|262|3509|1289|2744|1005|765|441|770|563|447|328|323|412|1448|807|727|541|721|492|3799|2203|3065|1725|734|549|10690|2615|9706|2639|984|536|5089|2234|4362|1913|727|485|1273|898|1062|706|211|223|3078|2679|2243|1812|835|980|3197|1392|2889|1328|308|272|8260|2315|5788|1955|2472|883|7549|2513|5544|2099|2005|945|3702|1312|2968|1050|734|446|3459|1611|2984|1420|475|379|17136|3174|10057|2258|7079|2066|7192|2240|2505|1118|4687|1723|5153|1867|2406|1144|2747|1234|438|341|338|211|100|167|1813|909|788|422|1025|715|46|77|46|77|0|184|682|598|515|425|167|208|631|531|295|243|336|444|4549|1714|3025|1021|1524|973|177|173|177|173|0|184|19301|3321|12608|2433|6693|1728|2038|1064|1979|1061|59|59|9482|3452|6976|2836|2506|1635|2665|1864|2433|1780|232|365|160|206|81|134|79|149|0|184|0|184|0|184|1683|1955|1629|1952|54|89|806|425|765|429|41|67
0500000US26163|1647042|-555555555|1393131|11654|67289|4891|41123|3893|26166|3286|2746|811|1838|620|908|571|881|964|825|945|56|93|2522|1177|1960|955|562|479|813|469|481|260|332|386|1842|604|1674|560|168|208|51|85|51|85|0|184|3227|1280|2561|1135|666|362|1137|740|415|307|722|655|1797|727|1465|657|332|291|1193|956|705|535|488|655|2732|1019|1277|557|1455|752|151|202|151|202|0|184|1261|688|608|427|653|566|1907|1043|1446|957|461|371|4412|1375|3434|1111|978|527|4086|2041|3188|1950|898|498|2902|1711|2243|1552|659|536|14426|3818|3521|1680|10905|3021|1258|602|929|522|329|255|6773|2683|4102|2078|2671|1253|3148|1344|2530|1207|618|556|1554|695|1294|577|260|228|2198|1187|1674|977|524|480|4514|1554|2314|1037|2200|942|1435|757|798|391|637|540|1685|789|755|462|930|521|664|748|321|437|343|355|845|607|391|433|454|438|177|229|177|229|0|184|361|385|279|306|82|134|272|299|272|299|0|184|4185|1355|3303|1151|882|506|342|299|236|249|106|129|105812|9453|49498|6648|56314|6331|247|273|247|273|0|184|511|834|511|834|0|184|635|530|586|505|49|81|889|658|455|436|434|405|0|184|0|184|0|184|67|97|28|49|39|56|964|758|805|697|159|208
0500000US27053|1187799|383|973629|10126|58702|4255|33716|3163|24986|3506|7021|2015|5271|1690|1750|1020|167|236|0|157|167|236|199|198|199|198|0|157|2051|798|1791|703|260|196|3332|960|2459|800|873|651|652|431|523|370|129|215|339|413|339|413|0|157|5693|1833|3701|1414|1992|813|272|185|272|185|0|157|471|543|359|402|112|169|1033|931|859|740|174|217|0|157|0|157|0|157|2460|2323|731|437|1729|2232|1583|986|1511|926|72|92|4337|1505|3485|1365|852|490|789|785|590|533|199|307|578|511|265|324|313|248|2086|1266|1620|974|466|399|1058|670|988|643|70|116|2420|1074|2198|998|222|182|3562|2066|2769|1496|793|698|3145|2159|2991|2149|154|189|466|366|466|366|0|157|7446|2014|4340|1386|3106|1148|855|385|634|346|221|193|2219|968|1474|655|745|471|17220|3813|10485|2879|6735|2233|9369|2750|3456|1403|5913|1845|1222|942|456|370|766|843|2985|993|1312|505|1673|692|2643|1386|1757|1214|886|694|2088|844|1775|704|313|306|264|231|264|231|0|157|2748|1380|2370|1211|378|306|477|334|413|297|64|86|47021|7743|28213|5165|18808|4583|9226|3376|5399|1841|3827|2047|3825|1742|2819|1280|1006|816|0|157|0|157|0|157|1261|1582|1261|1582|0|157|885|669|680|591|205|301
0500000US29189|935521|80|844463|7509|20494|2874|13081|2300|7413|1766|2994|1602|2092|984|902|787|505|751|356|505|149|252|719|460|641|468|78|128|895|603|776|554|119|148|3357|1169|2804|1010|553|441|134|138|134|138|0|195|416|325|359|279|57|96|619|380|419|260|200|193|143|39|143|39|0|195|9106|2756|5578|1919|3528|1421|1918|2174|1606|2108|312|418|139|230|139|230|0|195|1022|742|466|460|556|439|796|544|592|408|204|330|4000|2374|3882|2354|118|196|2963|2036|2357|1716|606|496|307|522|253|441|54|89|425|438|308|319|117|171|709|586|593|486|116|150|1218|926|704|518|514|562|5069|2229|4180|1951|889|616|1545|1072|1267|843|278|301|1038|656|873|597|165|186|9611|2221|5474|1452|4137|1399|435|407|306|293|129|156|2261|1086|1455|793|806|472|254|454|254|454|0|195|2728|1382|1038|839|1690|902|0|195|0|195|0|195|421|335|359|323|62|81|488|435|175|138|313|411|1842|1023|869|493|973|662|384|438|267|321|117|182|5971|2340|4047|1731|1924|1124|789|704|789|704|0|195|2569|2973|909|1022|1660|2020|1324|1079|892|614|432|554|1224|958|1135|955|89|86|0|195|0|195|0|195|54|90|54|90|0|195|172|275|172|275|0|195
0500000US32003|2192879|321|1442622|14753|506452|11303|310203|11258|196249|8958|6520|1895|5760|1840|760|445|950|1061|792|1022|158|208|2597|812|1626|628|971|619|3398|1269|2670|998|728|576|4219|1125|3967|1123|252|251|1619|1360|1364|1203|255|286|1166|777|842|619|324|460|6621|2153|4601|1814|2020|780|1849|915|1091|733|758|519|5454|3413|3264|2482|2190|1176|1347|577|822|416|525|350|3364|1975|2342|1376|1022|947|7269|2587|3740|1751|3529|1699|1664|2181|971|1231|693|961|2199|1146|1907|1051|292|224|1883|1243|1824|1220|59|97|1748|1118|978|666|770|626|162|267|125|203|37|64|1517|780|785|419|732|529|3717|1312|3095|1141|622|503|564|382|478|355|86|104|702|585|545|466|157|194|217|270|217|270|0|228|29743|3598|14693|2892|15050|2297|3967|1268|2507|959|1460|557|10600|2277|6005|1634|4595|1227|107|128|36|57|71|117|8917|2628|3620|1229|5297|2082|670|587|137|174|533|489|5771|1821|2674|1115|3097|1230|1009|738|715|542|294|366|83901|6927|58174|5150|25727|3675|11416|3210|6587|1819|4829|1889|7920|2949|5246|1878|2674|1388|2039|1552|1444|1511|595|452|9939|2973|4579|1704|5360|1738|505|634|125|199|380|603|3277|2560|1899|1710|1378|1089|524|545|524|545|0|228|334|298|334|298|0|228|2420|1217|1872|1055|548|333
0500000US34003|905421|5|522518|10139|157475|5758|95012|5731|62463|6013|2788|885|2687|862|101|125|1370|862|1168|845|202|247|8152|1783|5767|1605|2385|719|7190|2137|4254|1420|2936|1270|2018|894|2018|894|0|225|221|233|221|233|0|225|3949|1394|2750|1149|1199|680|15618|3363|10013|2768|5605|1774|13755|3048|7809|2287|5946|1469|3115|1528|2450|1315|665|449|4715|2147|2265|1056|2450|1607|3601|1691|3270|1599|331|274|1642|818|1012|561|630|444|5139|2173|3186|1323|1953|987|6372|2541|4542|1916|1830|1099|3753|1816|2730|1306|1023|750|1866|1193|1108|675|758|688|2151|1307|1239|1120|912|660|4071|1741|3312|1551|759|567|4553|2063|3318|1640|1235|597|1578|871|1160|846|418|433|1894|1108|1080|687|814|984|2434|1436|1692|895|742|800|16802|3092|10269|2265|6533|1650|6479|2036|2588|1144|3891|1715|52634|5109|22691|3317|29943|3207|0|225|0|225|0|225|1006|1036|576|530|430|527|169|275|98|159|71|117|662|632|226|276|436|462|7335|2816|5100|2266|2235|1106|13922|2355|10909|1987|3013|1443|1480|1402|1425|1399|55|100|11605|3261|7411|2502|4194|1640|6524|2064|5361|1711|1163|730|708|793|343|534|365|583|1770|1139|1473|884|297|375|338|417|338|417|0|225|0|225|0|225|0|225|0|225|0|225|0|225|2049|1079|1372|715|677|486
0500000US34013|797496|190|511377|11587|155714|5863|85188|5048|70526|5649|6878|2643|5688|2402|1190|740|23084|5382|14847|4107|8237|2677|4397|1269|3006|1048|1391|729|27237|4613|11785|2427|15452|3394|791|662|791|662|0|225|550|489|433|461|117|147|597|470|492|405|105|124|2115|1357|1572|982|543|522|1394|822|789|523|605|430|228|371|0|225|228|371|1016|846|224|238|792|804|43|75|43|75|0|225|188|320|188|320|0|225|2904|1278|1879|1031|1025|566|6384|1837|5466|1730|918|730|1147|978|873|678|274|319|293|410|0|225|293|410|1736|1642|932|766|804|943|475|454|323|377|152|257|1162|707|983|648|179|159|1043|938|739|670|304|422|869|669|686|486|183|240|334|306|334|306|0|225|8236|2298|4112|1171|4124|1679|548|451|484|422|64|106|1592|809|887|567|705|530|0|225|0|225|0|225|887|655|259|267|628|602|0|225|0|225|0|225|82|136|0|225|82|136|1681|1122|1207|1024|474|427|4967|1698|3907|1384|1060|686|310|353|237|248|73|124|4304|2026|3468|1768|836|484|772|570|686|552|86|138|694|464|596|459|98|160|12429|3777|10650|3238|1779|1047|4842|2841|4625|2816|217|346|0|225|0|225|0|225|0|225|0|225|0|225|4196|1815|3018|1667|1178|765
0500000US34017|659467|5|297024|9693|222959|6174|114686|6401|108273|5583|3095|1276|2956|1272|139|138|1597|1166|1170|1055|427|368|3174|1200|1992|970|1182|605|9001|2099|5419|1663|3582|1257|1032|610|1032|610|0|225|156|261|156|261|0|225|1344|689|954|523|390|471|4320|1945|3509|1818|811|495|2676|1029|2326|1012|350|315|0|225|0|225|0|225|1151|827|1100|813|51|69|155|218|155|218|0|225|1137|826|955|632|182|288|8088|2541|5575|2209|2513|1249|19229|3509|17174|3433|2055|885|4196|1580|2998|1195|1198|695|998|788|678|545|320|321|2490|1349|2139|1162|351|331|2830|985|2465|905|365|388|515|467|515|467|0|225|1636|1052|1544|992|92|159|2002|1117|1758|1046|244|330|1477|793|1235|703|242|215|17006|2957|12526|2568|4480|1339|795|571|471|430|324|333|4046|1353|2657|1184|1389|560|0|225|0|225|0|225|1681|922|441|402|1240|695|75|124|75|124|0|225|64|108|0|225|64|108|1131|584|775|431|356|273|15376|2665|9376|1906|6000|1718|654|403|529|365|125|124|20574|5457|15064|4492|5510|1634|151|174|151|174|0|225|1137|883|342|344|795|794|1245|785|1056|644|189|206|1074|885|1074|885|0|225|0|225|0|225|0|225|0|225|0|225|0|225|2176|2114|2123|2109|53|89
0500000US34021|359869|68|230387|6513|62353|3629|34972|4132|27381|3668|4260|2478|3472|1774|788|1100|4563|2094|2824|1570|1739|1332|2144|1139|1524|1054|620|457|2795|2147|2483|2006|312|441|1538|574|1399|574|139|168|422|445|335|369|87|164|1041|753|725|635|316|384|936|689|607|519|329|336|3290|1886|1791|1079|1499|972|1597|1168|1392|1051|205|331|1197|942|536|446|661|822|0|225|0|225|0|225|561|574|379|479|182|295|2644|1709|874|606|1770|1498|6512|2190|4848|1592|1664|1311|1900|1074|1413|808|487|424|114|189|114|189|0|225|1450|1017|939|674|511|453|3638|1792|2022|1089|1616|1292|795|741|388|348|407|643|3901|1543|2331|957|1570|1146|1763|1127|1230|744|533|837|505|421|505|421|0|225|8007|1533|3989|1093|4018|968|854|571|354|276|500|423|1558|940|797|604|761|685|0|225|0|225|0|225|1108|1296|938|1253|170|299|0|225|0|225|0|225|0|225|0|225|0|225|658|668|487|440|171|284|1373|791|661|355|712|555|214|184|214|184|0|225|2412|2060|1451|1318|961|936|648|682|519|597|129|219|1256|1259|478|436|778|919|1253|907|928|730|325|281|0|225|0|225|0|225|0|225|0|225|0|225|104|180|104|180|0|225|118|206|118|206|0|225
0500000US34023|815686|97|438396|11556|144067|5329|75823|4677|68244|5379|1542|660|1204|583|338|292|3049|2161|1069|687|1980|1747|3070|1101|2081|723|989|645|6451|1789|3790|1175|2661|1203|1613|915|1080|740|533|495|172|170|172|170|0|225|1203|719|1142|714|61|102|9580|3038|5711|2182|3869|1693|8142|3098|3158|1076|4984|2591|145|198|0|225|145|198|2857|1942|2216|1754|641|545|0|225|0|225|0|225|796|658|451|398|345|332|31433|4965|20046|3573|11387|2221|24345|4274|20014|3494|4331|1707|14454|4169|10915|3164|3539|1442|9395|3606|5721|2373|3674|1824|5370|2035|4564|1855|806|541|7139|2233|5841|1963|1298|734|1600|845|994|556|606|381|17603|3785|13923|2971|3680|1548|11615|3525|9569|2881|2046|1208|8508|2665|7222|2559|1286|701|21010|3329|9572|2047|11438|2371|372|292|246|205|126|215|3994|1608|1944|1171|2050|984|0|225|0|225|0|225|2415|1312|942|657|1473|784|0|225|0|225|0|225|231|368|231|368|0|225|2790|1589|1531|1098|1259|821|10792|3175|8556|2602|2236|906|457|296|377|269|80|133|9715|2733|7240|2079|2475|1379|664|466|545|367|119|148|0|225|0|225|0|225|8370|3100|7255|2672|1115|782|28|49|28|49|0|225|0|225|0|225|0|225|281|290|281|290|0|225|2022|1175|890|554|1132|1022
0500000US34027|485566|578|362389|5685|50428|3072|28975|3165|21453|2481|1689|707|1383|633|306|306|363|317|282|266|81|126|2072|783|1543|618|529|336|2222|971|1824|855|398|341|1381|758|1284|743|97|162|380|312|380|312|0|225|3848|2709|2565|2324|1283|962|1713|966|951|569|762|514|3929|1402|2957|1080|972|745|811|681|446|400|365|382|3153|1877|2242|1440|911|665|138|162|58|95|80|134|962|695|710|539|252|264|8118|2322|5282|1633|2836|1103|4551|1802|3787|1445|764|470|1234|932|1057|793|177|180|912|944|912|944|0|225|492|415|342|272|150|247|1313|860|1313|860|0|225|1776|1110|1253|822|523|418|4751|1918|4444|1885|307|273|3595|1688|3546|1691|49|83|2154|980|1899|919|255|285|7854|1744|4517|1118|3337|995|852|999|557|674|295|329|1927|1197|1104|843|823|555|0|225|0|225|0|225|1036|864|188|175|848|872|78|135|78|135|0|225|86|144|86|144|0|225|1430|1160|1113|929|317|297|3068|1473|2697|1412|371|271|0|225|0|225|0|225|1945|1318|1253|737|692|766|1051|682|779|557|272|367|14|23|0|225|14|23|663|698|663|698|0|225|0|225|0|225|0|225|0|225|0|225|0|225|218|269|174|240|44|75|970|724|826|610|144|143
0500000US36029|901223|244|800890|6802|26649|3040|17608|2476|9041|1871|3946|1425|2879|920|1067|702|652|681|652|681|0|217|2157|854|1237|552|920|479|207|342|207|342|0|217|1912|896|1463|762|449|407|681|543|646|543|35|4|57|95|57|95|0|217|2440|1848|2161|1798|279|313|2858|1426|2014|1061|844|564|774|746|457|369|317|415|1841|1094|849|523|992|804|0|217|0|217|0|217|316|352|85|100|231|321|866|768|518|419|348|433|1256|851|833|517|423|521|1466|994|548|471|918|762|552|494|356|361|196|238|10559|2755|5131|1501|5428|1826|4000|1790|1841|1040|2159|1198|1718|1258|957|694|761|898|367|594|367|594|0|217|1670|1416|1454|1386|216|329|596|449|548|448|48|7|5039|1844|2144|884|2895|1651|224|255|161|180|63|107|1355|913|915|582|440|484|0|217|0|217|0|217|775|503|462|307|313|322|0|217|0|217|0|217|893|766|233|343|660|553|6121|2688|3102|1452|3019|1502|629|427|374|261|255|286|303|508|0|217|303|508|9933|3406|7106|2796|2827|1138|213|206|213|206|0|217|1098|995|813|680|285|348|1010|678|924|650|86|103|4597|3032|1973|1651|2624|1671|0|217|0|217|0|217|481|396|440|360|41|66|122|98|71|45|51|87
0500000US36047|2423546|433|1352418|21756|353694|9496|179098|9818|174596|8255|26516|4761|21262|4330|5254|1902|61312|8052|37919|5579|23393|4842|17017|3679|11268|2645|5749|1514|5836|1780|4823|1572|1013|626|3300|1364|3247|1352|53|85|95210|9471|47519|7862|47691|6254|4118|1346|3161|1184|957|414|106422|9035|37545|4940|68877|6266|11037|2739|4943|1458|6094|1828|2804|1632|1570|872|1234|951|14013|4033|4446|1551|9567|3125|2415|1711|1012|772|1403|1520|5515|2672|3561|2316|1954|992|599|443|437|378|162|167|2675|1331|1649|750|1026|1117|22959|4655|10314|2045|12645|3531|3388|1964|1574|1099|1814|1051|22099|4717|9388|2220|12711|3318|2400|1873|680|485|1720|1695|12712|3086|7748|2396|4964|1657|490|337|439|329|51|87|564|363|406|257|158|195|998|535|429|328|569|358|164087|8021|47906|4631|116181|6171|3930|1306|2412|1038|1518|710|5173|1575|3164|1179|2009|868|0|217|0|217|0|217|3129|1484|1253|530|1876|1127|532|332|363|253|169|163|648|431|194|193|454|384|17786|3939|6785|2149|11001|2898|6299|1686|5019|1428|1280|642|687|446|510|366|177|183|38292|8508|23120|6343|15172|4347|20929|4941|14998|3624|5931|2972|750|665|713|637|37|62|14299|3625|11078|3182|3221|1516|1377|864|1102|808|275|288|49|84|49|84|0|217|475|534|475|534|0|217|14593|3824|6914|1777|7679|2528
0500000US36059|1312711|147|915167|10510|168439|7647|93993|5755|74446|6236|7493|2594|5964|2156|1529|938|14542|3747|11050|3063|3492|1373|17425|3435|11618|2635|5807|2057|3397|1470|2132|1072|1265|719|2084|769|1567|598|517|397|2932|1854|2002|1569|930|490|10318|2505|8642|2421|1676|803|8804|2457|6252|2018|2552|1201|3162|1280|1732|925|1430|591|1633|790|1496|733|137|174|1491|994|1215|940|276|323|458|351|353|282|105|128|6679|2093|4454|1724|2225|939|2457|1225|1868|987|589|452|6686|1655|5571|1487|1115|562|10978|4729|7693|3364|3285|1626|12987|4369|7533|2918|5454|2053|6112|2547|4402|2185|1710|907|3953|3175|2204|1483|1749|1860|5803|2541|5372|2414|431|392|345|371|345|371|0|217|882|581|766|498|116|193|8710|2221|5205|1435|3505|1329|40964|5541|21188|3816|19776|2895|1975|947|910|566|1065|620|12621|2801|5565|1530|7056|1706|0|217|0|217|0|217|263|234|203|214|60|97|0|217|0|217|0|217|385|350|244|284|141|138|2752|2089|1645|1469|1107|763|11072|2475|8732|2056|2340|1012|251|195|86|101|165|166|3972|1750|3345|1477|627|421|7259|2527|6413|2437|846|518|661|826|641|823|20|33|4906|2203|4662|2054|244|286|433|502|433|502|0|217|0|217|0|217|0|217|54|13|1|12|53|3|2206|1225|1568|817|638|523
0500000US36061|1529828|5|956794|14575|312338|8726|186009|8064|126329|8453|26131|4819|22220|4285|3911|1487|3398|1631|3015|1511|383|334|11995|3586|9295|2737|2700|1639|6958|1803|5452|1516|1506|749|6633|1844|6595|1837|38|63|2253|1333|2122|1329|131|84|5138|2013|4392|1925|746|588|15767|3591|12146|3093|3621|2036|3043|1831|1722|995|1321|1223|3182|1472|2581|1276|601|571|3547|1277|2669|1189|878|700|675|560|675|560|0|217|2419|1207|1899|973|520|451|1775|813|1538|767|237|317|9504|2808|8356|2767|1148|1101|1312|902|1312|902|0|217|0|217|0|217|0|217|3802|1603|3242|1309|560|480|1349|918|1284|917|65|65|6885|2924|6067|2717|818|555|773|544|773|544|0|217|1422|916|1365|914|57|97|1256|1444|1256|1444|0|217|74725|5458|33163|3917|41562|4297|10195|2413|5130|1686|5065|1667|11791|3287|9426|2983|2365|1027|0|217|0|217|0|217|2159|1037|1902|932|257|218|177|201|177|201|0|217|877|503|707|458|170|221|5100|2144|2573|1060|2527|1869|6793|2425|5637|2218|1156|724|1385|1301|941|673|444|736|8423|4166|6238|2990|2185|1544|7695|2173|6487|2027|1208|754|1594|1279|1250|1070|344|404|5212|2730|3655|2171|1557|943|1288|931|1288|931|0|217|0|217|0|217|0|217|0|217|0|217|0|217|4065|1949|3519|1886|546|325
0500000US36081|2155367|494|945529|20580|509603|10107|253322|9890|256281|11050|13874|3206|10156|2532|3718|1372|26666|6394|18349|4752|8317|2810|18057|4603|11700|3071|6357|2383|7455|2604|4944|2169|2511|881|4381|1228|3775|1077|606|343|3272|1524|2595|1117|677|861|22214|3669|13389|2768|8825|1734|36955|6794|18407|4799|18548|4455|20945|3335|11122|2266|9823|2012|7061|2249|4246|1440|2815|1375|6661|2684|4463|2227|2198|985|744|537|455|328|289|250|2553|1075|1544|692|1009|740|5121|2006|3613|1558|1508|860|16252|4174|11131|3498|5121|1747|13995|4043|8131|2584|5864|2242|19972|4436|9043|2125|10929|2839|74461|8797|35362|5408|39099|4787|14988|4051|7239|2536|7749|2401|18869|5356|9262|2916|9607|3918|333|297|289|249|44|73|675|572|511|501|164|185|3330|1985|2283|1289|1047|838|218654|10575|66533|6331|152121|8362|5501|1509|2930|909|2571|1011|38736|6710|15031|3670|23705|4236|125|204|86|139|39|65|4996|2869|1822|1335|3174|1898|242|266|98|120|144|235|3683|1446|1168|644|2515|1119|13224|3530|7501|2456|5723|1680|26709|3866|19397|3068|7312|1564|8417|3109|5370|2691|3047|1209|17359|4278|10029|2962|7330|2123|6081|2532|4974|2168|1107|653|866|610|510|429|356|402|10543|3566|8804|3237|1739|971|1538|920|831|745|707|511|0|217|0|217|0|217|775|1012|775|1012|0|217|3952|1608|3313|1276|639|507
0500000US36085|465213|6|289649|8681|48717|4811|32380|3756|16337|2925|3472|1720|2735|1400|737|579|1278|881|1011|762|267|262|7372|1818|4478|1325|2894|844|927|753|714|544|213|259|831|549|831|549|0|217|1024|922|798|777|226|310|684|681|684|681|0|217|18958|4367|12649|3140|6309|2186|2550|1447|1297|837|1253|804|431|400|329|376|102|163|4555|2277|2602|1888|1953|971|485|732|56|95|429|684|355|347|302|287|53|86|279|365|205|349|74|122|221|253|64|74|157|189|3370|1866|1989|1395|1381|905|764|1160|349|523|415|640|257|323|42|74|215|319|2675|1483|1900|1102|775|511|9373|3161|6839|2392|2534|1259|347|411|224|284|123|148|390|403|323|384|67|114|2236|1039|1834|911|402|295|32038|3962|10293|2284|21745|3171|263|257|193|225|70|95|3112|1454|1399|766|1713|1025|0|217|0|217|0|217|114|129|0|217|114|129|0|217|0|217|0|217|65|110|65|110|0|217|2139|1435|1433|1149|706|624|3488|1226|2155|825|1333|722|69|86|69|86|0|217|17230|4741|10790|3358|6440|2011|1227|1113|1108|1044|119|123|0|217|0|217|0|217|2795|1289|2223|1228|572|548|68|5|68|5|0|217|0|217|0|217|0|217|0|217|0|217|0|217|1405|1220|1361|1233|44|79
0500000US36103|1447535|194|1090907|12465|218695|7317|120693|6071|98002|6288|5013|1385|4327|1335|686|433|6356|2217|4177|1643|2179|1079|13116|2975|9750|2270|3366|1373|6494|2838|4257|2040|2237|1027|5196|2251|5024|2240|172|161|2793|1110|2452|973|341|498|5205|1565|4145|1310|1060|580|3240|1461|1903|857|1337|861|7643|2701|4333|1755|3310|1297|953|676|597|469|356|308|2747|1378|1418|942|1329|825|435|411|435|411|0|217|1795|949|1343|712|452|479|2451|1350|2109|1197|342|298|2664|997|2135|947|529|304|8623|3080|6852|2477|1771|894|2398|1771|1373|1114|1025|929|4317|1421|3301|1216|1016|735|2430|1763|1720|1172|710|630|2069|936|1394|674|675|456|1653|1130|1141|757|512|590|641|509|386|280|255|352|709|477|513|359|196|232|13345|2561|7847|1677|5498|1603|549|486|476|467|73|122|4383|1494|2107|1041|2276|790|57|96|57|96|0|217|872|564|402|334|470|402|0|217|0|217|0|217|342|354|106|177|236|301|7622|2902|3890|1830|3732|1541|2885|1185|2252|893|633|476|136|172|55|92|81|143|9845|5979|7670|5310|2175|1732|1517|614|1316|559|201|295|110|188|110|188|0|217|4740|2206|3539|1675|1201|735|185|6|185|6|0|217|99|159|0|217|99|159|149|158|112|113|37|64|2156|1613|1925|1584|231|238
0500000US36119|939604|172|622874|9873|195412|6060|115535|5478|79877|4776|9957|2058|8214|1695|1743|959|3941|2500|2163|1141|1778|1750|14184|2996|9656|2079|4528|1813|8753|2574|5203|1698|3550|1253|4548|1602|3985|1563|563|462|640|522|623|522|17|3|1625|807|1139|571|486|320|3667|1325|2764|934|903|628|1764|994|752|518|1012|633|1715|1063|978|612|737|573|2841|1331|2500|1265|341|336|279|234|125|147|154|198|1111|806|880|645|231|306|753|476|645|443|108|91|3603|1218|3316|1140|287|221|493|408|462|396|31|53|569|486|569|486|0|217|1253|1254|1008|941|245|390|367|403|234|269|133|161|9580|2702|6485|2108|3095|1367|498|367|498|367|0|217|959|595|614|465|345|442|5711|2422|3919|1527|1792|1204|11805|2633|7502|1772|4303|1358|5051|1923|2260|1100|2791|1212|3684|1381|1802|819|1882|843|0|217|0|217|0|217|280|286|207|226|73|130|0|217|0|217|0|217|287|258|46|73|241|252|355|248|304|255|51|86|5645|1812|4564|1371|1081|650|427|493|110|126|317|453|3442|2098|2733|1582|709|611|2466|1901|2380|1903|86|74|497|588|497|588|0|217|3753|2617|3324|2544|429|572|992|830|936|805|56|97|0|217|0|217|0|217|0|217|0|217|0|217|3823|2353|2700|1708|1123|1031
0500000US37119|1073387|143|854376|9076|124314|5088|60283|4949|64031|4854|8453|3015|6783|2740|1670|843|318|340|318|340|0|221|1690|1072|1243|897|447|530|1998|1183|1255|844|743|677|2950|1123|2572|1032|378|360|405|421|299|414|106|131|2415|1141|2039|1032|376|276|4973|2307|3742|2115|1231|693|474|350|380|289|94|114|1614|1798|1141|1280|473|530|1447|1365|956|965|491|591|105|174|105|174|0|221|1403|811|957|611|446|519|2668|1064|1672|732|996|644|4420|1423|3656|1263|764|612|1859|1051|1480|873|379|239|297|438|297|438|0|221|597|506|529|468|68|111|2761|1640|1664|1017|1097|804|2804|2309|890|511|1914|2124|4079|1628|3351|1408|728|822|2044|1433|1971|1446|73|125|750|510|585|415|165|161|6739|2179|3641|1259|3098|1393|759|502|319|315|440|336|3525|1320|1843|876|1682|771|1587|913|762|508|825|495|7352|2410|3594|1631|3758|1189|509|594|173|206|336|554|1236|612|746|423|490|417|5807|3975|2728|2072|3079|2083|1155|656|668|463|487|446|2427|1524|443|549|1984|1415|3985|2954|2856|2293|1129|759|83|132|83|132|0|221|4932|2301|3324|1745|1608|851|1860|990|1078|666|782|584|1332|1082|1220|1071|112|126|0|221|0|221|0|221|24|57|24|57|0|221|861|484|802|457|59|100
0500000US37183|1108636|144|897663|10515|83573|5411|54379|4878|29194|4204|9957|3481|7752|2872|2205|1193|1064|1481|636|1036|428|481|465|326|390|302|75|125|2381|1323|1722|871|659|598|4409|2517|3896|2613|513|599|610|546|506|521|104|181|496|388|347|320|149|244|4256|1436|2984|1093|1272|910|1323|977|1323|977|0|221|332|284|240|234|92|155|1711|1401|1039|792|672|1070|0|221|0|221|0|221|2264|1140|1484|694|780|788|6387|2806|3269|1974|3118|1495|8075|2698|7166|2594|909|541|2125|841|1691|708|434|382|519|481|451|399|68|115|2247|1107|1569|804|678|631|4184|1823|3552|1599|632|563|1748|1052|1235|596|513|534|10337|4288|8557|3479|1780|1411|5957|2374|4408|1786|1549|1010|5152|2341|5104|2336|48|82|14476|2845|8768|2052|5708|1644|2138|1140|975|719|1163|683|3124|1558|1464|1083|1660|864|46|79|46|79|0|221|4579|2638|2547|2375|2032|1108|0|221|0|221|0|221|547|479|312|315|235|340|3374|1938|2794|1677|580|459|2738|1146|2088|1045|650|509|1080|1089|825|818|255|413|6592|2774|4579|2142|2013|944|76|125|76|125|0|221|1417|840|579|484|838|713|8192|4933|7298|4737|894|941|1481|1737|1346|1529|135|225|0|221|0|221|0|221|307|347|270|332|37|63|1234|938|1234|938|0|221
0500000US39035|1170194|170|1024412|7528|50278|4067|30390|3386|19888|3159|3910|1700|2381|942|1529|1154|151|101|18|29|133|97|3197|659|2581|582|616|378|497|364|497|364|0|208|5832|1624|4682|1469|1150|653|956|781|956|781|0|208|2429|1098|1767|966|662|417|4998|1671|2538|941|2460|1223|1461|701|1224|674|237|203|4988|2102|4248|2035|740|401|7267|1950|3308|1351|3959|1699|0|208|0|208|0|208|1560|1324|1261|1282|299|317|1286|991|972|738|314|367|2870|940|2551|885|319|276|1278|865|881|643|397|445|956|797|742|636|214|307|714|620|714|620|0|208|3587|2120|1799|936|1788|1520|6993|2144|4231|1394|2762|1078|1185|685|1128|670|57|97|2190|1419|793|447|1397|1298|557|608|557|608|0|208|8005|2169|4232|1389|3773|1223|619|614|508|540|111|188|2291|1096|1640|1043|651|383|0|208|0|208|0|208|1462|660|1007|451|455|360|986|612|509|334|477|433|413|389|413|389|0|208|572|587|467|444|105|171|1719|795|1283|719|436|364|175|259|54|69|121|193|9264|2204|6521|1671|2743|1069|919|968|453|348|466|683|187|315|0|208|187|315|3816|2079|2828|1728|988|747|3361|3530|2386|2453|975|1450|0|208|0|208|0|208|134|209|134|209|0|208|2719|996|2122|859|597|335
0500000US39049|1236403|57|1038015|10976|56793|3851|28947|3576|27846|3124|7579|2304|4720|1707|2859|1636|3196|1661|1218|828|1978|1235|673|389|457|282|216|212|2626|1481|1101|538|1525|1340|1824|692|1716|674|108|129|109|78|109|78|0|208|313|341|313|341|0|208|2673|1526|1923|1370|750|493|323|322|250|302|73|120|459|425|352|385|107|177|1016|598|525|442|491|394|160|259|102|165|58|94|832|504|732|451|100|160|2212|1537|968|721|1244|954|3847|1464|2772|1076|1075|954|6148|2859|4674|2434|1474|785|1540|1519|956|784|584|884|1789|920|1576|873|213|276|11076|3772|6340|2683|4736|1967|2332|2072|1017|553|1315|1900|2188|1369|2145|1344|43|76|816|483|708|463|108|180|897|512|682|457|215|218|8188|1863|4497|1360|3691|1258|1761|716|625|389|1136|636|2455|1060|1392|654|1063|711|92|153|92|153|0|208|3966|1822|1428|995|2538|1406|1578|796|808|559|770|489|1584|960|813|533|771|658|1476|1081|743|568|733|743|1037|558|892|522|145|187|1379|795|1000|781|379|340|15285|5410|11097|4438|4188|2036|352|403|352|403|0|208|27074|5515|18217|5022|8857|1981|12435|3616|8396|2929|4039|1652|6634|4191|4030|2069|2604|2774|0|208|0|208|0|208|147|239|147|239|0|208|1524|866|932|637|592|503
0500000US41051|759225|422|621085|8500|60583|4571|38219|3862|22364|3752|4013|1190|3546|1127|467|408|0|214|0|214|0|214|888|548|815|535|73|122|841|621|674|471|167|217|3793|1215|3564|1220|229|220|341|253|341|253|0|214|54|89|54|89|0|214|6293|3087|3776|2799|2517|1180|387|294|342|283|45|75|762|686|555|474|207|281|4575|2713|1704|1017|2871|1968|49|82|49|82|0|214|345|290|186|187|159|203|85|143|44|75|41|69|836|593|435|303|401|416|276|330|176|286|100|167|271|430|271|430|0|214|34|80|34|80|0|214|2878|1996|554|361|2324|1996|3643|1651|2724|1123|919|802|329|531|329|531|0|214|0|214|0|214|0|214|0|214|0|214|0|214|7843|1700|2641|833|5202|1692|3407|979|2763|944|644|338|872|516|596|368|276|333|834|676|693|546|141|161|13290|3203|4960|1514|8330|2647|115|195|115|195|0|214|1628|1490|520|740|1108|877|3611|1801|1267|677|2344|1835|3200|1430|1867|1095|1333|629|3864|1282|2300|991|1564|835|1695|968|1219|841|476|418|484|538|347|369|137|226|2348|1378|1539|1024|809|567|1959|1815|759|545|1200|1745|385|526|0|214|385|526|0|214|0|214|0|214|242|212|242|212|0|214|1087|925|908|870|179|240
0500000US41067|569772|802|415144|7467|74478|4057|49915|4698|24563|4389|1439|602|1293|603|146|129|121|201|121|201|0|214|485|363|485|363|0|214|646|576|471|447|175|177|1388|777|1202|750|186|206|209|200|165|182|44|74|1222|1714|1222|1714|0|214|4840|2130|3439|1554|1401|830|266|243|266|243|0|214|897|731|312|266|585|513|1516|1695|720|802|796|918|522|582|289|295|233|329|1676|865|1169|671|507|320|160|193|160|193|0|214|4081|1727|3785|1669|296|214|370|343|370|343|0|214|206|286|206|286|0|214|1768|957|1533|881|235|243|3534|1692|2862|1397|672|613|2889|1382|2414|1309|475|267|3604|2075|3047|1790|557|690|2864|1547|2322|1336|542|462|2202|1261|1740|909|462|658|8566|2179|5298|1631|3268|1420|2305|890|1896|878|409|316|4315|1742|2455|1188|1860|851|451|507|262|283|189|246|7744|1892|3854|1266|3890|1320|1522|1330|512|377|1010|1279|1613|991|857|709|756|528|371|400|114|138|257|375|4449|1359|3764|1329|685|417|2389|1381|1889|1262|500|454|3767|1840|2509|1451|1258|674|252|296|146|235|106|173|2572|2580|1773|1904|799|859|608|627|441|512|167|258|886|597|658|520|228|278|0|214|0|214|0|214|446|557|446|557|0|214|989|640|895|608|94|142
0500000US42003|1172195|13|1077152|5378|20187|2747|15297|2415|4890|1352|4244|1927|3067|1427|1177|919|404|607|404|607|0|190|4317|1147|2806|935|1511|528|1615|676|1276|561|339|332|2103|604|1971|563|132|166|306|224|224|199|82|102|1347|685|1294|686|53|88|3174|926|1984|746|1190|560|540|384|540|384|0|190|1307|868|1256|829|51|85|2713|1150|2057|941|656|449|0|190|0|190|0|190|545|328|530|326|15|25|1603|1332|1273|1050|330|320|4374|1469|3448|1268|926|577|860|683|756|634|104|156|212|164|188|161|24|41|1291|732|962|510|329|317|7595|2837|1994|944|5601|2617|549|454|549|454|0|190|2516|1013|1768|786|748|444|1730|830|1441|732|289|335|1376|841|1080|804|296|346|12306|2264|7474|1789|4832|1356|1435|663|567|417|868|513|2295|905|1263|652|1032|753|98|90|98|90|0|190|785|529|356|268|429|361|0|190|0|190|0|190|198|197|76|91|122|175|5034|2494|2766|1528|2268|1395|749|531|690|527|59|79|124|66|89|27|35|61|3472|1511|2270|1110|1202|732|535|388|326|292|209|206|737|491|671|495|66|111|722|516|483|390|239|292|1153|994|639|560|514|487|0|190|0|190|0|190|0|190|0|190|0|190|492|423|492|423|0|190
0500000US42017|616054|1077|534561|6521|23786|3553|15217|2764|8569|1783|2356|1623|1642|1224|714|925|624|635|300|351|324|350|1263|542|1020|517|243|225|1416|836|990|695|426|411|1523|586|1333|525|190|169|1360|1362|1360|1362|0|190|304|243|304|243|0|190|9394|2507|5495|1797|3899|1340|591|309|492|258|99|171|155|261|81|135|74|126|3186|1685|1851|1122|1335|992|313|444|313|444|0|190|184|191|143|143|41|69|7597|1894|4376|1291|3221|1083|1158|988|1158|988|0|190|790|508|604|408|186|210|355|419|322|391|33|54|1885|1694|755|888|1130|1090|767|536|614|446|153|179|1871|1392|963|805|908|661|1054|794|754|662|300|396|1308|872|553|415|755|650|2504|1278|1622|850|882|665|4250|1313|1791|658|2459|1076|675|368|580|364|95|161|1152|763|588|534|564|408|0|190|0|190|0|190|1022|798|310|312|712|655|313|480|201|309|112|176|100|168|42|72|58|99|1360|1102|725|796|635|490|350|327|350|327|0|190|83|101|38|66|45|76|2527|1977|1035|1094|1492|1757|142|173|142|173|0|190|0|190|0|190|0|190|1032|746|780|643|252|438|155|147|155|147|0|190|0|190|0|190|0|190|0|190|0|190|0|190|2588|2044|748|562|1840|1743
0500000US42045|542968|23|475265|5631|14950|2745|8421|2039|6529|1824|2147|1060|1347|702|800|584|3643|2513|1930|1669|1713|1217|2058|742|1413|539|645|440|464|417|301|384|163|180|1010|527|778|470|232|205|423|292|423|292|0|190|1534|1146|1084|915|450|424|993|666|782|604|211|234|967|653|556|452|411|444|158|260|158|260|0|190|824|563|701|502|123|195|825|578|766|528|59|99|596|601|596|601|0|190|718|707|366|491|352|482|1618|1519|1352|1331|266|239|1129|951|477|565|652|635|125|169|49|92|76|129|2287|1140|1021|566|1266|738|844|539|709|522|135|175|1376|836|816|547|560|490|627|685|550|590|77|125|704|675|491|508|213|339|2141|1659|1677|1503|464|539|8724|2026|5132|1292|3592|1249|195|232|195|232|0|190|3108|1846|2339|1534|769|475|0|190|0|190|0|190|1851|902|856|576|995|652|293|444|293|444|0|190|221|272|184|249|37|65|499|302|305|234|194|187|2231|913|1715|758|516|346|170|273|0|190|170|273|1784|1089|1165|875|619|638|46|76|46|76|0|190|533|580|235|232|298|392|3950|2011|2194|1406|1756|1195|0|190|0|190|0|190|0|190|0|190|0|190|0|190|0|190|0|190|1937|1245|1177|1098|760|491
0500000US42091|820058|136|702357|6773|31815|3420|18986|2397|12829|3247|2186|884|1776|820|410|384|311|522|0|190|311|522|3586|1434|2067|777|1519|869|2486|1664|2120|1612|366|311|1667|712|1282|608|385|427|414|301|361|274|53|90|1353|827|1155|662|198|227|3336|1471|2481|1434|855|377|1124|733|380|332|744|615|354|471|286|365|68|110|2755|1070|1900|748|855|575|177|167|177|167|0|190|738|603|341|478|397|327|5509|2087|4030|1480|1479|1063|4553|2289|3813|1826|740|596|1175|1029|972|782|203|324|478|605|295|355|183|301|3768|2846|2311|1790|1457|1270|1018|784|658|523|360|319|1124|749|876|642|248|215|1891|1171|1891|1171|0|190|774|643|721|585|53|88|2135|1031|1899|938|236|242|12038|2288|6431|1533|5607|1477|371|309|264|246|107|125|10015|2980|4362|1728|5653|1664|89|51|30|49|59|13|4637|2380|1671|1089|2966|1710|665|638|445|402|220|265|72|113|72|113|0|190|585|477|397|387|188|228|2491|1273|2241|1230|250|302|821|1056|467|594|354|475|5732|2678|4303|1990|1429|979|539|319|539|319|0|190|1134|699|727|691|407|289|875|646|619|484|256|299|189|201|137|180|52|90|0|190|0|190|0|190|616|861|616|861|0|190|2105|1632|1405|960|700|949
0500000US42101|1474128|245|1107799|15228|171176|7015|86838|8605|84338|8174|10775|3761|6754|2230|4021|2957|4715|3545|2114|1759|2601|2012|3361|1104|2604|1008|757|456|10268|4356|4273|2178|5995|3296|3083|1901|2964|1892|119|208|915|677|633|498|282|465|1909|1109|1304|897|605|390|12648|2774|4822|1714|7826|1792|2731|1290|1577|757|1154|750|608|490|608|490|0|190|5283|2151|1184|533|4099|2098|524|468|442|453|82|140|2097|1610|1305|932|792|855|3149|1362|2974|1283|175|198|2227|1025|1665|858|562|408|1408|795|902|444|506|559|1537|1316|907|696|630|863|4750|2642|2116|1185|2634|1820|2071|1317|1103|900|968|797|8113|2741|4015|1611|4098|2070|809|474|653|439|156|189|944|587|944|587|0|190|5803|1986|2776|1114|3027|1529|33716|5681|11130|2397|22586|4805|743|476|472|360|271|312|6732|2972|3097|1444|3635|1897|104|167|104|167|0|190|14702|3789|5027|1642|9675|2616|7743|3045|2858|1350|4885|2215|956|673|523|427|433|362|7411|3407|3484|1473|3927|2428|3726|2014|1944|1283|1782|1299|1859|1108|812|694|1047|853|11469|4941|7250|3673|4219|2365|906|604|906|604|0|190|3134|2192|1243|1175|1891|1549|7052|2662|4356|2207|2696|1728|3178|2450|2022|1351|1156|1419|0|190|0|190|0|190|216|362|216|362|0|190|1778|1113|1203|828|575|628
0500000US48029|1928349|478|1211617|17307|637528|17061|444758|14070|192770|11428|3452|1538|2158|1279|1294|801|0|237|0|237|0|237|881|1070|522|619|359|492|2172|1332|1755|1056|417|374|4189|1384|3905|1371|284|194|49|82|49|82|0|237|50|83|50|83|0|237|3063|1547|2657|1472|406|390|287|283|287|283|0|237|2|2|2|2|0|237|422|463|253|255|169|237|0|237|0|237|0|237|832|732|512|514|320|408|1896|1278|1099|728|797|687|1658|912|1230|757|428|335|789|786|521|451|268|441|68|117|68|117|0|237|287|367|287|367|0|237|668|572|447|379|221|277|9752|4493|3195|1754|6557|4054|953|700|953|700|0|237|2440|1413|1958|1214|482|484|392|392|354|352|38|63|6386|2263|2407|948|3979|1721|1041|598|620|466|421|297|3202|1959|2400|1694|802|563|0|237|0|237|0|237|6639|2132|3179|1420|3460|1143|79|140|0|237|79|140|510|347|113|140|397|296|1016|977|200|267|816|770|10151|2446|8347|2255|1804|790|1672|881|1539|775|133|232|9978|5210|5148|3380|4830|2656|195|201|170|198|25|41|743|1006|625|991|118|191|435|349|397|333|38|79|1209|1033|797|762|412|528|138|191|138|191|0|237|369|583|369|583|0|237|1139|826|897|733|242|351
0500000US48085|1092788|209|765059|9636|114881|7094|74667|5472|40214|5257|3980|1542|3289|1358|691|460|108|181|0|237|108|181|175|282|175|282|0|237|2895|1275|1975|879|920|650|1965|1019|1632|878|333|396|794|806|661|598|133|223|1237|1327|1237|1327|0|237|4761|1811|2550|968|2211|1206|475|321|413|326|62|101|807|574|621|388|186|215|2453|2093|1874|1968|579|530|536|609|303|314|233|326|6221|2177|3883|1604|2338|1276|5293|1536|3561|1387|1732|789|19432|3829|17155|3489|2277|872|11020|3621|9476|3461|1544|710|3512|2187|2506|1867|1006|814|4811|1987|3866|1650|945|757|9656|2702|7283|2059|2373|1409|3411|1760|2509|1392|902|687|19351|4219|15932|3508|3419|1423|16281|5020|14181|4879|2100|1438|6197|1783|5719|1682|478|353|26261|4215|15770|3491|10491|1705|3351|1490|2005|1007|1346|1139|8103|2376|5003|1577|3100|1135|0|237|0|237|0|237|15628|3719|9082|2359|6546|2052|651|555|469|485|182|278|1355|775|737|463|618|475|2895|1763|960|535|1935|1608|3290|1594|2813|1434|477|318|1240|792|1078|738|162|264|10969|3707|7517|2662|3452|1542|966|545|729|402|237|280|3247|1697|1919|1056|1328|1174|4476|1899|3491|1613|985|762|3965|2066|2653|1680|1312|1057|0|237|0|237|0|237|715|561|715|561|0|237|365|349|331|305|34|56
0500000US48113|2425483|172|1387430|14429|825030|11937|461226|11758|363804|11430|10890|2634|8166|2132|2724|1240|1004|715|605|483|399|510|2230|969|2230|969|0|237|3425|1549|1944|1365|1481|801|2757|968|2492|951|265|222|350|384|350|384|0|237|565|561|518|555|47|78|1748|928|1326|678|422|387|740|595|740|595|0|237|656|624|488|478|168|277|589|611|330|293|259|334|0|237|0|237|0|237|3577|1571|1354|839|2223|1060|4407|1548|3525|1262|882|592|14090|3490|12323|3189|1767|902|11623|3798|9297|3133|2326|1075|1492|1067|1137|874|355|370|3094|1362|2135|1048|959|728|9357|4191|7851|4065|1506|773|2336|1106|1684|971|652|486|17642|3769|15145|3366|2497|1812|5589|2027|4050|1235|1539|1073|8546|2480|6780|2218|1766|747|12555|2331|7500|1695|5055|1549|1548|783|552|365|996|662|7651|2391|4600|1707|3051|1261|27|45|0|237|27|45|24152|3891|11586|2312|12566|2470|2409|1195|1015|710|1394|795|2044|1517|1518|1225|526|441|4122|2166|1815|1273|2307|1248|6486|2071|5556|1922|930|458|1095|551|778|482|317|273|7450|2490|4723|1584|2727|1224|361|329|220|200|141|172|12817|4132|6793|2569|6024|2609|14016|3540|13209|3493|807|443|7548|3401|6736|3069|812|618|0|237|0|237|0|237|953|888|773|791|180|301|1082|690|849|568|233|376
0500000US48121|921955|4|701052|9563|118157|7667|75113|6886|43044|5634|3282|1953|2386|1626|896|809|0|237|0|237|0|237|79|130|79|130|0|237|2634|1409|1722|1047|912|622|1236|578|1008|513|228|210|641|485|641|485|0|237|505|417|297|261|208|244|2633|1272|2289|1148|344|314|848|870|805|869|43|71|304|483|304|483|0|237|1041|793|925|779|116|195|81|135|0|237|81|135|1751|1144|1044|648|707|662|3300|2257|2310|1594|990|895|3920|1606|3458|1356|462|327|6049|2053|5284|1920|765|528|309|367|247|284|62|106|2202|2039|801|580|1401|1815|4474|1879|3714|1687|760|601|2568|1548|1953|1084|615|772|9709|2577|8269|2262|1440|789|3970|1771|3574|1523|396|348|4217|1570|2163|923|2054|1084|6210|1714|3325|1185|2885|1183|365|311|268|312|97|91|12402|2915|5651|2047|6751|1796|0|237|0|237|0|237|7944|2376|4445|1566|3499|1413|1429|1092|741|567|688|588|519|378|401|317|118|156|2308|1993|1264|1116|1044|1036|4398|1954|4064|1935|334|262|247|303|150|159|97|168|3614|1843|3125|1715|489|553|147|254|147|254|0|237|820|532|647|453|173|176|3608|2163|3376|1952|232|303|2150|999|2063|962|87|157|0|237|0|237|0|237|0|237|0|237|0|237|832|642|702|599|130|213
0500000US48157|836294|84|496671|13497|146818|6942|98598|7163|48220|6216|3318|1940|2689|1692|629|1028|0|237|0|237|0|237|1088|936|671|573|417|409|1463|950|1061|829|402|314|272|293|116|129|156|268|7235|8156|7235|8156|0|237|195|276|36|59|159|270|757|572|365|333|392|358|689|821|620|810|69|115|0|237|0|237|0|237|167|200|167|200|0|237|238|299|156|182|82|131|960|724|834|662|126|157|9939|3650|6330|2680|3609|1553|14476|4100|11591|3361|2885|1300|28272|7165|20726|4998|7546|3062|0|237|0|237|0|237|1227|1393|914|1064|313|422|4117|1896|3569|1746|548|557|909|612|688|491|221|360|5644|2663|4684|2488|960|781|4548|1919|3959|1846|589|354|11497|3582|8669|2709|2828|1520|32547|6131|15903|3735|16644|3924|501|518|173|299|328|318|8622|5766|4620|4111|4002|2309|0|237|0|237|0|237|14745|3908|8283|2624|6462|2077|405|434|74|123|331|369|1593|1425|683|674|910|1281|4551|3029|2455|1616|2096|1531|6147|1846|4485|1429|1662|839|709|661|426|403|283|451|12240|4545|9917|3524|2323|1369|384|468|119|194|265|426|302|557|196|364|106|195|10057|3405|9474|3096|583|595|694|743|623|652|71|120|0|237|0|237|0|237|180|294|180|294|0|237|2117|1747|1842|1604|275|243
0500000US48201|4458918|158|2432666|25769|1601044|21874|850557|18949|750487|21746|26514|10630|23256|10509|3258|1582|3953|2610|2813|2000|1140|1112|3825|2233|3057|2156|768|903|8849|2433|7728|2309|1121|478|12013|3453|10614|3022|1399|933|1611|815|1491|818|120|136|1551|671|1408|630|143|158|5542|1700|4947|1631|595|354|1740|1080|1185|708|555|634|2007|1211|1258|791|749|580|4953|2657|3437|1758|1516|1434|0|237|0|237|0|237|9830|3256|5616|2000|4214|1950|10180|4672|7417|3922|2763|2156|16735|3716|13144|3023|3591|2173|20133|4932|14237|3571|5896|2062|4073|2215|2612|1490|1461|1093|4560|1847|2749|1237|1811|1201|8188|2642|6290|2296|1898|889|7158|2521|4476|1301|2682|2052|8175|4391|6975|3781|1200|989|3842|2267|3477|2227|365|349|4579|2000|3649|1782|930|599|50182|5614|26356|4372|23826|3421|5102|1868|2567|1212|2535|1236|9185|1927|4577|1116|4608|1538|192|241|192|241|0|237|84007|7526|34613|5361|49394|5008|2075|1179|921|880|1154|725|2926|1378|1323|671|1603|920|4711|1602|2974|1070|1737|918|20669|4155|14121|2734|6548|2273|7154|3887|6069|3741|1085|705|24536|4797|16517|3208|8019|3256|3603|2345|3330|2444|273|317|5207|2169|2674|1356|2533|1503|26838|6749|24068|6387|2770|1244|5212|2505|3140|1991|2072|1609|0|237|0|237|0|237|52|80|52|80|0|237|3546|2039|2049|1048|1497|1600
0500000US48439|2018433|189|1414447|16347|435696|13858|279464|11553|156232|9987|12401|3654|6267|2136|6134|2901|927|837|648|714|279|387|931|450|799|427|132|143|2138|965|1660|910|478|351|3710|2031|3502|2038|208|242|1407|1008|1407|1008|0|237|721|563|721|563|0|237|1808|949|1405|733|403|416|122|146|122|146|0|237|1558|928|323|445|1235|802|323|360|247|246|76|126|0|237|0|237|0|237|2955|1342|1856|797|1099|819|2747|1178|2234|1027|513|353|3896|1570|3751|1554|145|172|8466|3065|6721|2416|1745|973|161|212|161|212|0|237|1528|995|1073|710|455|519|10487|4033|7192|3563|3295|1487|3635|3098|1567|1192|2068|2488|2927|1533|2325|1326|602|463|916|522|916|522|0|237|1731|885|1313|731|418|333|7365|1643|4228|1198|3137|1299|1309|595|563|424|746|391|4705|1921|2365|1231|2340|983|253|325|253|325|0|237|29110|4816|11378|2466|17732|3151|600|541|261|251|339|406|4923|2030|2421|1243|2502|1573|3670|1921|922|626|2748|1721|7632|2369|5308|1955|2324|1054|3745|2106|3057|1867|688|493|16126|5575|12105|4336|4021|1685|265|142|265|142|0|237|2646|2045|1882|1549|764|676|11371|2327|10282|2185|1089|530|8638|3508|6180|3261|2458|1531|18|32|18|32|0|237|17|30|17|30|0|237|402|499|306|433|96|157
0500000US48453|1253905|187|884089|13400|257494|11247|157697|9308|99797|11102|5500|2678|3753|1467|1747|1482|228|259|185|252|43|82|1468|881|1166|798|302|364|2125|1213|1395|804|730|631|3522|1429|3167|1351|355|271|569|585|514|506|55|92|78|129|78|129|0|237|3945|1827|2460|1102|1485|1113|1009|533|815|562|194|150|1172|1008|729|558|443|605|582|479|582|479|0|237|0|237|0|237|0|237|2524|1768|1661|1085|863|806|1894|1302|1651|1265|243|224|9214|3023|7777|2594|1437|1019|2083|1011|1758|834|325|421|382|402|382|402|0|237|574|444|574|444|0|237|4183|2621|3103|1833|1080|868|2261|1240|1904|1052|357|333|5943|1900|5227|1825|716|559|3682|1587|2802|1396|880|759|2396|1808|1848|1416|548|471|15641|2828|11570|2609|4071|1333|938|560|613|392|325|249|4281|1440|2513|965|1768|814|0|237|0|237|0|237|10602|3227|5397|1823|5205|1798|1071|1094|871|1025|200|273|2472|1398|1258|933|1214|858|2526|1445|1315|816|1211|1111|3028|1804|2674|1693|354|440|55|89|55|89|0|237|3282|1485|2427|1184|855|568|1570|1052|1498|1006|72|119|1436|1260|1033|980|403|435|8025|3903|6960|3694|1065|958|1281|1208|825|1007|456|574|0|237|0|237|0|237|124|160|124|160|0|237|656|601|546|553|110|190
0500000US48491|631877|78|462384|8739|93950|6078|66528|5886|27422|4392|2887|1596|2704|1570|183|273|0|237|0|237|0|237|276|250|243|248|33|57|2884|2136|2512|1917|372|511|2384|892|2269|866|115|129|251|217|202|160|49|81|100|166|100|166|0|237|2391|1197|1337|725|1054|734|33|55|33|55|0|237|20|36|20|36|0|237|1269|739|949|682|320|276|0|237|0|237|0|237|1600|1171|1223|871|377|369|1868|911|1096|752|772|490|4502|2055|4011|1877|491|416|2046|1598|1713|1393|333|410|0|237|0|237|0|237|1491|1299|911|898|580|704|3333|1989|2147|1434|1186|1042|895|670|451|299|444|441|9280|2191|8038|2075|1242|642|6792|2652|5653|2221|1139|643|1763|1059|1632|1010|131|215|6541|1483|3313|1103|3228|1069|1245|965|588|544|657|656|3615|1346|1401|658|2214|936|57|95|57|95|0|237|2430|1313|1531|820|899|693|97|164|0|237|97|164|555|524|201|237|354|367|920|679|847|641|73|124|1418|857|1294|828|124|206|1375|686|1049|519|326|300|5050|3380|3981|2629|1069|905|553|557|533|556|20|34|1722|1498|1035|1169|687|501|408|410|408|410|0|237|2731|2295|1021|945|1710|2280|0|237|0|237|0|237|198|265|198|265|0|237|563|613|68|113|495|570
0500000US49035|1111689|-555555555|868827|11297|151671|7811|90767|6702|60904|5175|2307|848|1683|598|624|563|0|204|0|204|0|204|669|449|610|429|59|140|6382|2383|4895|1810|1487|1074|3151|1182|2843|1188|308|260|1033|639|985|635|48|77|290|195|124|164|166|140|3278|1507|2494|1332|784|519|716|908|132|160|584|896|3108|1831|2095|1261|1013|927|584|486|166|207|418|414|311|409|176|210|135|209|2864|2274|1757|2046|1107|920|0|204|0|204|0|204|2434|1502|2018|1186|416|470|529|580|376|517|153|238|351|501|351|501|0|204|228|219|228|219|0|204|3639|2577|3260|2138|379|552|1223|624|894|504|329|302|932|951|708|920|224|229|177|299|177|299|0|204|413|390|367|383|46|81|9244|2269|4900|1417|4344|1455|1510|796|1159|628|351|275|2433|1071|1076|646|1357|643|0|204|0|204|0|204|6036|1893|3026|1527|3010|1178|857|644|552|448|305|327|2258|1064|1159|789|1099|599|5429|2998|2868|1622|2561|1618|3692|1845|2591|1287|1101|807|11638|2272|9704|2136|1934|721|4316|2338|3616|2014|700|584|0|204|0|204|0|204|5337|5445|3662|3296|1675|2191|69|119|69|119|0|204|1459|1301|820|957|639|628|1497|986|1497|986|0|204|357|275|357|275|0|204|440|285|440|285|0|204
0500000US51059|1072637|359|666697|12007|137248|5339|76554|5418|60694|5694|5544|1441|4834|1441|710|462|278|441|278|441|0|214|2510|1403|2330|1380|180|304|2110|859|1587|639|523|501|2818|848|2621|827|197|158|1265|842|957|493|308|421|1798|811|1555|694|243|252|4596|1481|3268|1052|1328|632|199|197|74|88|125|149|1515|914|1152|781|363|422|1393|685|910|546|483|366|1650|1396|1650|1396|0|214|13818|3367|8194|1944|5624|2042|2743|1430|2399|1425|344|252|11484|3220|8755|2319|2729|2191|10629|3137|6536|1985|4093|1798|1801|1016|1182|933|619|379|7041|3467|3313|1606|3728|3015|10751|3953|7761|2780|2990|1527|6791|2549|4740|2105|2051|1225|9571|2723|8485|2447|1086|746|5622|2468|5165|2425|457|284|2470|1275|2291|1153|179|234|26136|3106|15483|2437|10653|1879|2568|1091|1830|863|738|543|31078|4059|15515|2389|15563|2812|0|214|0|214|0|214|25500|4536|11630|3199|13870|2571|2114|1475|1005|687|1109|876|4191|1873|2056|839|2135|1307|4968|1886|3244|1446|1724|996|10755|2579|8251|2084|2504|1175|959|621|798|557|161|161|21149|5112|16839|4335|4310|1555|317|239|317|239|0|214|19494|3652|13472|3073|6022|1567|5783|2845|5451|2733|332|288|2133|1151|2006|1119|127|153|0|214|0|214|0|214|0|214|0|214|0|214|3150|1356|2273|1249|877|788
0500000US51107|405627|51|259676|6515|43161|3146|28993|3237|14168|2010|2372|1075|1976|832|396|402|106|206|106|206|0|214|218|226|183|180|35|57|793|492|712|474|81|137|1800|907|1629|860|171|152|428|364|428|364|0|214|348|426|296|395|52|92|1810|972|1122|713|688|550|393|343|354|301|39|63|240|402|240|402|0|214|539|647|401|451|138|223|0|214|0|214|0|214|7917|2787|4348|2136|3569|1165|1247|919|928|705|319|317|8421|2645|6414|2111|2007|1109|6710|3184|3347|1557|3363|1817|4336|2545|3046|1822|1290|982|2546|2018|1976|1454|570|606|6909|2816|5652|2372|1257|780|3153|2683|2133|1807|1020|950|11378|2858|9129|2388|2249|881|5707|2950|4990|2656|717|557|996|657|996|657|0|214|6244|2014|4884|1655|1360|696|277|257|160|210|117|146|3527|1469|2104|915|1423|869|0|214|0|214|0|214|5051|1869|2710|1185|2341|1146|0|214|0|214|0|214|589|420|116|137|473|407|3134|1914|2043|1357|1091|775|2822|1343|2155|1004|667|619|720|683|624|659|96|159|8567|3397|6234|2266|2333|1472|65|110|65|110|0|214|998|763|471|515|527|468|1058|817|839|737|219|243|918|744|752|686|166|259|0|214|0|214|0|214|141|240|141|240|0|214|312|419|116|189|196|243
0500000US51153|454440|115|290380|7794|88187|4767|51647|4666|36540|4774|2981|1217|2078|947|903|629|622|705|607|705|15|26|1971|2129|1463|1471|508|682|309|248|309|248|0|214|1082|540|1082|540|0|214|134|146|134|146|0|214|531|555|455|447|76|125|771|594|568|431|203|225|348|345|178|211|170|204|0|214|0|214|0|214|303|493|303|493|0|214|0|214|0|214|0|214|4239|2077|2993|1559|1246|1184|414|385|414|385|0|214|1296|918|1087|832|209|231|5374|3168|4665|2948|709|556|1338|923|671|457|667|759|2056|1407|1662|1236|394|369|3026|1748|1146|793|1880|1040|2395|1285|1520|1044|875|548|0|214|0|214|0|214|825|828|825|828|0|214|622|917|622|917|0|214|1125|575|744|564|381|366|1041|747|600|390|441|433|4683|1764|1448|619|3235|1492|0|214|0|214|0|214|4571|2220|2272|1247|2299|1171|1084|949|291|293|793|810|1280|835|847|571|433|421|1489|1051|384|364|1105|846|5833|1856|4798|1561|1035|601|1588|1255|933|755|655|576|5502|2280|3956|2074|1546|751|0|214|0|214|0|214|7241|3223|4446|1834|2795|1710|8927|2710|6323|2127|2604|1540|484|619|484|619|0|214|0|214|0|214|0|214|0|214|0|214|0|214|388|418|388|418|0|214
0500000US53033|2150551|562|1476348|16897|151218|8304|94080|5712|57138|5456|11433|2149|10964|2083|469|293|1285|1207|871|852|414|409|3755|1539|3219|1345|536|378|8274|2533|5087|1810|3187|1679|7534|1925|6897|1868|637|421|2679|1142|2376|1085|303|302|1325|658|1243|631|82|137|25243|5342|16131|4047|9112|2201|4036|2431|3157|2359|879|586|4128|2162|3022|1948|1106|597|12543|3471|7003|2154|5540|1953|640|794|545|639|95|164|9568|2487|5529|1629|4039|1475|5281|1797|4395|1588|886|648|31860|4772|29483|4491|2377|1048|4164|1547|3529|1329|635|478|8853|2987|4455|1566|4398|1826|3973|1910|3749|1868|224|255|8483|2845|6904|2452|1579|867|9201|2935|7280|2617|1921|1098|13960|3686|11341|2943|2619|1929|8345|2481|7467|2127|878|583|7468|2597|6175|2436|1293|569|112577|7480|67285|6020|45292|4095|13356|2793|9434|2307|3922|1113|24589|3562|11682|1957|12907|2448|2324|1771|979|801|1345|1784|45691|6005|20455|3428|25236|3841|5156|2166|3035|1852|2121|808|8675|2739|3665|1199|5010|2206|11863|4510|6417|2485|5446|2848|27732|4055|18123|2936|9609|1775|13444|2991|8320|2316|5124|1542|12224|3941|9189|2849|3035|1460|3480|1874|3151|1799|329|287|30376|7081|18337|5601|12039|3314|4437|3120|2968|2157|1469|1288|9481|2716|6630|2010|2851|1230|226|355|226|355|0|214|1893|1119|1752|1071|141|227|1430|643|1170|567|260|262
0500000US53061|790426|187|610601|9149|52978|5162|30881|3729|22097|3610|2134|911|1888|810|246|246|0|214|0|214|0|214|242|238|199|229|43|70|1036|750|960|706|76|128|1450|573|1298|543|152|150|613|487|613|487|0|214|38|64|38|64|0|214|8629|3870|5522|2968|3107|1481|790|792|238|230|552|735|427|479|339|367|88|144|8194|4058|4094|2643|4100|1885|98|163|98|163|0|214|1995|1008|998|565|997|601|878|746|878|746|0|214|6868|2175|4970|1439|1898|988|2041|1538|1077|753|964|854|2884|1384|1318|674|1566|936|719|441|670|415|49|80|1628|990|776|627|852|625|3142|1459|2620|1224|522|396|6342|3163|4532|2064|1810|1412|2232|1189|1971|1105|261|311|1799|1518|1696|1443|103|169|12350|2762|6050|1520|6300|1997|3205|1123|2191|770|1014|605|13376|3886|5731|1855|7645|2620|514|549|243|279|271|340|9243|2803|4094|1604|5149|1600|1692|898|482|593|1210|669|2585|1751|1445|1232|1140|632|1557|1389|1065|1293|492|390|7848|1868|5140|1340|2708|1238|6055|2265|4384|1546|1671|1106|5324|1953|4232|1787|1092|563|90|108|90|108|0|214|4887|1925|2695|1197|2192|1262|1743|943|1041|654|702|497|1470|977|1315|921|155|235|18|29|18|29|0|214|212|199|212|199|0|214|499|390|400|325|99|116
0500000US55079|858968|428|701085|7285|99591|4933|58594|4175|40997|3637|2941|2207|2491|2107|450|475|0|159|0|159|0|159|695|399|573|370|122|198|525|397|480|376|45|74|3424|1287|2974|1252|450|229|70|123|70|123|0|159|563|426|393|312|170|194|689|423|305|238|384|339|1689|1000|904|425|785|754|1372|775|801|516|571|385|805|721|302|329|503|513|0|159|0|159|0|159|415|399|365|389|50|82|374|406|198|194|176|266|1846|1611|1518|1436|328|547|1248|737|868|502|380|421|971|860|543|494|428|397|309|414|309|414|0|159|1206|813|745|612|461|427|2982|1629|2084|1093|898|731|421|417|421|417|0|159|182|231|182|231|0|159|476|398|319|288|157|269|2922|1190|1458|666|1464|697|238|209|134|133|104|159|654|460|376|362|278|270|11475|3014|7849|2643|3626|1326|1601|1007|973|642|628|606|0|159|0|159|0|159|1470|921|229|233|1241|901|5857|2516|1512|828|4345|2097|1499|740|1310|641|189|226|199|187|119|168|80|95|2760|1599|1758|917|1002|794|654|372|654|372|0|159|3043|2405|2541|2001|502|430|493|388|397|338|96|119|1976|1674|1085|1217|891|1139|0|159|0|159|0|159|116|119|88|91|28|46|132|165|132|165|0|159
0600000US1703114000|2519527|5432|1614773|25998|612247|17968|355225|12396|257022|14791|14867|4106|11391|2866|3476|2908|1354|852|782|466|572|750|6997|1925|5680|1774|1317|585|5244|2066|3742|1901|1502|939|4183|1158|3321|1088|862|496|1587|1721|660|425|927|1520|4939|1593|3320|1077|1619|968|8786|2501|4487|1692|4299|1825|32404|4255|18214|3410|14190|2020|11526|3118|6562|2203|4964|1752|7917|2626|5016|1727|2901|1449|283|214|179|231|104|177|2562|1535|1532|911|1030|761|5412|2600|3401|1804|2011|1435|11499|3699|9113|2925|2386|1456|11531|3374|8584|2807|2947|1313|1381|922|1381|922|0|206|2688|2187|1709|1339|979|1200|5582|3373|2069|1403|3513|2963|13878|3517|7850|1895|6028|2451|2541|1617|2481|1612|60|291|1720|1500|1720|1500|0|206|2439|1348|2196|1241|243|289|50896|6416|22981|3698|27915|3960|2799|1191|1758|866|1041|617|8921|2061|4518|1457|4403|1298|41|82|41|82|0|206|7488|2054|3203|1025|4285|1633|964|1334|343|389|621|1008|2186|1103|1647|756|539|473|4102|1585|2163|1260|1939|1059|17878|3691|11634|2558|6244|2209|2100|1803|1986|1781|114|164|11234|3722|9019|3147|2215|919|2536|1322|2317|1123|219|304|6051|2262|2567|1372|3484|1400|10352|2860|7933|2437|2419|1078|1576|1029|1055|829|521|538|0|206|0|206|0|206|300|410|300|410|0|206|1763|1143|1520|1138|243|196
0600000US2502507000|618440|3261|403118|8540|99655|5901|53549|3776|46106|4489|4789|1486|4011|1265|778|505|16629|4089|8261|2365|8368|2503|1915|1069|1311|869|604|541|15029|4425|9552|2724|5477|2480|1237|641|1237|641|0|222|536|399|496|386|40|66|1150|511|904|396|246|322|3314|921|1514|584|1800|794|745|449|438|354|307|295|552|528|552|528|0|222|1423|629|1084|471|339|320|201|197|201|197|0|222|1463|730|1211|601|252|351|1742|1032|1428|665|314|475|2974|947|2251|770|723|532|934|734|817|576|117|191|44|73|0|222|44|73|1256|716|853|433|403|454|961|484|742|415|219|185|2947|1589|1885|758|1062|980|326|254|279|207|47|77|764|282|764|282|0|222|434|309|434|309|0|222|22014|3113|10213|2170|11801|1824|474|332|474|332|0|222|3338|1047|2954|1051|384|349|35|63|35|63|0|222|9586|2923|2631|1031|6955|2559|803|712|142|188|661|686|140|104|37|45|103|104|1670|707|1235|532|435|390|409|266|409|266|0|222|459|335|395|287|64|111|4244|1549|2774|960|1470|741|675|395|675|395|0|222|3084|1790|1795|1230|1289|821|1409|977|1055|848|354|359|2884|2092|2517|2000|367|348|0|222|0|222|0|222|0|222|0|222|0|222|3078|1691|2340|1406|738|966
0600000US3604710022|2423546|433|1352418|21756|353694|9496|179098|9818|174596|8255|26516|4761|21262|4330|5254|1902|61312|8052|37919|5579|23393|4842|17017|3679|11268|2645|5749|1514|5836|1780|4823|1572|1013|626|3300|1364|3247|1352|53|85|95210|9471|47519|7862|47691|6254|4118|1346|3161|1184|957|414|106422|9035|37545|4940|68877|6266|11037|2739|4943|1458|6094|1828|2804|1632|1570|872|1234|951|14013|4033|4446|1551|9567|3125|2415|1711|1012|772|1403|1520|5515|2672|3561|2316|1954|992|599|443|437|378|162|167|2675|1331|1649|750|1026|1117|22959|4655|10314|2045|12645|3531|3388|1964|1574|1099|1814|1051|22099|4717|9388|2220|12711|3318|2400|1873|680|485|1720|1695|12712|3086|7748|2396|4964|1657|490|337|439|329|51|87|564|363|406|257|158|195|998|535|429|328|569|358|164087|8021|47906|4631|116181|6171|3930|1306|2412|1038|1518|710|5173|1575|3164|1179|2009|868|0|217|0|217|0|217|3129|1484|1253|530|1876|1127|532|332|363|253|169|163|648|431|194|193|454|384|17786|3939|6785|2149|11001|2898|6299|1686|5019|1428|1280|642|687|446|510|366|177|183|38292|8508|23120|6343|15172|4347|20929|4941|14998|3624|5931|2972|750|665|713|637|37|62|14299|3625|11078|3182|3221|1516|1377|864|1102|808|275|288|49|84|49|84|0|217|475|534|475|534|0|217|14593|3824|6914|1777|7679|2528
0600000US3605934000|745953|2353|519635|10364|120382|8293|65650|5774|54732|5440|5015|2223|3997|1892|1018|830|13821|3764|10541|3120|3280|1365|8284|2349|5448|1616|2836|1721|813|626|236|282|577|468|948|500|723|422|225|307|1847|1838|1252|1419|595|489|2706|1216|2337|1171|369|300|5200|2134|3986|1898|1214|697|1826|1114|1038|778|788|483|674|471|593|388|81|134|849|886|715|858|134|222|241|240|241|240|0|217|416|546|240|402|176|217|306|397|198|224|108|182|791|483|675|474|116|187|7969|4466|5147|3048|2822|1601|5849|3232|3217|2010|2632|1482|2149|1482|1212|943|937|728|1123|993|641|684|482|397|3015|1685|2584|1572|431|392|0|217|0|217|0|217|202|334|86|142|116|193|3891|1663|1791|651|2100|1108|11030|3002|5823|1731|5207|1711|542|508|451|462|91|152|2007|990|1013|667|994|580|0|217|0|217|0|217|112|181|112|181|0|217|0|217|0|217|0|217|158|237|151|236|7|12|2160|1987|1121|1347|1039|759|7605|2507|5898|2180|1707|720|52|86|52|86|0|217|2380|1416|1823|1088|557|386|4955|2356|4670|2295|285|245|571|819|571|819|0|217|4666|2219|4422|2070|244|286|433|502|433|502|0|217|0|217|0|217|0|217|37|14|1|12|36|3|1293|887|969|665|324|328
0600000US3606144919|1529828|5|956794|14575|312338|8726|186009|8064|126329|8453|26131|4819|22220|4285|3911|1487|3398|1631|3015|1511|383|334|11995|3586|9295|2737|2700|1639|6958|1803|5452|1516|1506|749|6633|1844|6595|1837|38|63|2253|1333|2122|1329|131|84|5138|2013|4392|1925|746|588|15767|3591|12146|3093|3621|2036|3043|1831|1722|995|1321|1223|3182|1472|2581|1276|601|571|3547|1277|2669|1189|878|700|675|560|675|560|0|217|2419|1207|1899|973|520|451|1775|813|1538|767|237|317|9504|2808|8356|2767|1148|1101|1312|902|1312|902|0|217|0|217|0|217|0|217|3802|1603|3242|1309|560|480|1349|918|1284|917|65|65|6885|2924|6067|2717|818|555|773|544|773|544|0|217|1422|916|1365|914|57|97|1256|1444|1256|1444|0|217|74725|5458|33163|3917|41562|4297|10195|2413|5130|1686|5065|1667|11791|3287|9426|2983|2365|1027|0|217|0|217|0|217|2159|1037|1902|932|257|218|177|201|177|201|0|217|877|503|707|458|170|221|5100|2144|2573|1060|2527|1869|6793|2425|5637|2218|1156|724|1385|1301|941|673|444|736|8423|4166|6238|2990|2185|1544|7695|2173|6487|2027|1208|754|1594|1279|1250|1070|344|404|5212|2730|3655|2171|1557|943|1288|931|1288|931|0|217|0|217|0|217|0|217|0|217|0|217|0|217|4065|1949|3519|1886|546|325
0600000US3608160323|2155367|494|945529|20580|509603|10107|253322|9890|256281|11050|13874|3206|10156|2532|3718|1372|26666|6394|18349|4752|8317|2810|18057|4603|11700|3071|6357|2383|7455|2604|4944|2169|2511|881|4381|1228|3775|1077|606|343|3272|1524|2595|1117|677|861|22214|3669|13389|2768|8825|1734|36955|6794|18407|4799|18548|4455|20945|3335|11122|2266|9823|2012|7061|2249|4246|1440|2815|1375|6661|2684|4463|2227|2198|985|744|537|455|328|289|250|2553|1075|1544|692|1009|740|5121|2006|3613|1558|1508|860|16252|4174|11131|3498|5121|1747|13995|4043|8131|2584|5864|2242|19972|4436|9043|2125|10929|2839|74461|8797|35362|5408|39099|4787|14988|4051|7239|2536|7749|2401|18869|5356|9262|2916|9607|3918|333|297|289|249|44|73|675|572|511|501|164|185|3330|1985|2283|1289|1047|838|218654|10575|66533|6331|152121|8362|5501|1509|2930|909|2571|1011|38736|6710|15031|3670|23705|4236|125|204|86|139|39|65|4996|2869|1822|1335|3174|1898|242|266|98|120|144|235|3683|1446|1168|644|2515|1119|13224|3530|7501|2456|5723|1680|26709|3866|19397|3068|7312|1564|8417|3109|5370|2691|3047|1209|17359|4278|10029|2962|7330|2123|6081|2532|4974|2168|1107|653|866|610|510|429|356|402|10543|3566|8804|3237|1739|971|1538|920|831|745|707|511|0|217|0|217|0|217|775|1012|775|1012|0|217|3952|1608|3313|1276|639|507
0600000US3608570915|465213|6|289649|8681|48717|4811|32380|3756|16337|2925|3472|1720|2735|1400|737|579|1278|881|1011|762|267|262|7372|1818|4478|1325|2894|844|927|753|714|544|213|259|831|549|831|549|0|217|1024|922|798|777|226|310|684|681|684|681|0|217|18958|4367|12649|3140|6309|2186|2550|1447|1297|837|1253|804|431|400|329|376|102|163|4555|2277|2602|1888|1953|971|485|732|56|95|429|684|355|347|302|287|53|86|279|365|205|349|74|122|221|253|64|74|157|189|3370|1866|1989|1395|1381|905|764|1160|349|523|415|640|257|323|42|74|215|319|2675|1483|1900|1102|775|511|9373|3161|6839|2392|2534|1259|347|411|224|284|123|148|390|403|323|384|67|114|2236|1039|1834|911|402|295|32038|3962|10293|2284|21745|3171|263|257|193|225|70|95|3112|1454|1399|766|1713|1025|0|217|0|217|0|217|114|129|0|217|114|129|0|217|0|217|0|217|65|110|65|110|0|217|2139|1435|1433|1149|706|624|3488|1226|2155|825|1333|722|69|86|69|86|0|217|17230|4741|10790|3358|6440|2011|1227|1113|1108|1044|119|123|0|217|0|217|0|217|2795|1289|2223|1228|572|548|68|5|68|5|0|217|0|217|0|217|0|217|0|217|0|217|0|217|1405|1220|1361|1233|44|79
0600000US3904918000|826014|2774|679951|9212|43688|4379|22570|3258|21118|3316|6227|2221|3823|1586|2404|1530|3196|1661|1218|828|1978|1235|353|329|229|191|124|182|1698|1180|690|403|1008|1056|1320|647|1212|628|108|129|0|208|0|208|0|208|264|332|264|332|0|208|1287|720|583|462|704|487|323|322|250|302|73|120|196|211|89|115|107|177|604|477|294|315|310|327|0|208|0|208|0|208|532|373|532|373|0|208|1154|1053|388|456|766|722|2022|1128|997|527|1025|954|4608|2322|3406|2033|1202|687|1386|1508|802|758|584|884|898|677|685|622|213|276|9624|3844|5453|2591|4171|2035|2046|1862|865|531|1181|1773|1300|1054|1300|1054|0|208|466|404|358|359|108|180|522|417|307|343|215|218|5091|1313|2495|824|2596|1055|1190|639|556|368|634|509|1413|835|900|580|513|500|92|153|92|153|0|208|3005|1649|647|477|2358|1422|1147|788|527|551|620|452|1151|860|580|443|571|586|1427|1071|743|568|684|727|787|489|687|458|100|173|1095|814|953|780|142|172|8539|3306|5824|2852|2715|1513|0|208|0|208|0|208|18387|4305|12967|3795|5420|1519|11894|3675|8008|2975|3886|1635|5988|4127|3453|1946|2535|2778|0|208|0|208|0|208|0|208|0|208|0|208|1143|840|551|536|592|503
0600000US4210160000|1474128|245|1107799|15228|171176|7015|86838|8605|84338|8174|10775|3761|6754|2230|4021|2957|4715|3545|2114|1759|2601|2012|3361|1104|2604|1008|757|456|10268|4356|4273|2178|5995|3296|3083|1901|2964|1892|119|208|915|677|633|498|282|465|1909|1109|1304|897|605|390|12648|2774|4822|1714|7826|1792|2731|1290|1577|757|1154|750|608|490|608|490|0|190|5283|2151|1184|533|4099|2098|524|468|442|453|82|140|2097|1610|1305|932|792|855|3149|1362|2974|1283|175|198|2227|1025|1665|858|562|408|1408|795|902|444|506|559|1537|1316|907|696|630|863|4750|2642|2116|1185|2634|1820|2071|1317|1103|900|968|797|8113|2741|4015|1611|4098|2070|809|474|653|439|156|189|944|587|944|587|0|190|5803|1986|2776|1114|3027|1529|33716|5681|11130|2397|22586|4805|743|476|472|360|271|312|6732|2972|3097|1444|3635|1897|104|167|104|167|0|190|14702|3789|5027|1642|9675|2616|7743|3045|2858|1350|4885|2215|956|673|523|427|433|362|7411|3407|3484|1473|3927|2428|3726|2014|1944|1283|1782|1299|1859|1108|812|694|1047|853|11469|4941|7250|3673|4219|2365|906|604|906|604|0|190|3134|2192|1243|1175|1891|1549|7052|2662|4356|2207|2696|1728|3178|2450|2022|1351|1156|1419|0|190|0|190|0|190|216|362|216|362|0|190|1778|1113|1203|828|575|628
1600000US0455000|1545722|4750|967697|18265|472760|16883|303419|13527|169341|8904|4242|1491|3120|1105|1122|1005|1657|1431|688|690|969|877|1461|1159|1186|1143|275|289|1117|793|919|626|198|308|4005|1236|3794|1211|211|234|337|250|337|250|0|228|1795|1000|1715|977|80|132|2295|1364|1542|917|753|975|1699|1172|1422|1125|277|392|3782|1464|2085|955|1697|801|954|773|954|773|0|228|805|682|650|602|155|204|3411|2071|2236|1740|1175|958|926|562|644|387|282|385|4895|2219|4309|1935|586|513|578|675|452|534|126|212|240|248|240|248|0|228|755|602|542|431|213|259|2535|2052|2427|2039|108|180|1968|995|1457|883|511|413|2232|1079|1669|958|563|514|3479|2165|2411|1341|1068|1311|573|477|530|472|43|71|7687|2446|3840|1522|3847|1564|1563|884|706|460|857|793|1376|753|415|325|961|672|0|228|0|228|0|228|6063|2417|2345|1026|3718|2084|270|293|166|203|104|127|2126|1306|1250|710|876|771|2851|2376|1288|1436|1563|1183|6151|2017|5006|2028|1145|539|1848|1184|1388|900|460|471|11963|4672|7412|2699|4551|3041|359|267|359|267|0|228|3213|1497|2100|1120|1113|661|3565|2115|1259|733|2306|1999|5086|3147|2068|949|3018|2701|3863|1907|3468|1842|395|325|922|679|854|679|68|19|618|516|357|385|261|339
1600000US0644000|3631617|6925|1596692|22836|1431378|21412|763182|18994|668196|16021|18601|3438|16285|3045|2316|1294|1618|625|1334|575|284|219|7115|1642|5742|1295|1373|759|6485|1754|5459|1583|1026|514|8251|1785|8140|1804|111|112|2742|1036|2361|990|381|292|1213|549|1068|512|145|132|34771|5205|17543|3109|17228|3328|1636|658|1365|589|271|238|3865|2200|3098|2086|767|500|3749|1182|1842|623|1907|906|75061|7982|43194|5920|31867|4110|54821|6383|30326|3824|24495|4174|1149|714|802|536|347|297|9020|1961|7124|1615|1896|689|2909|1240|1911|812|998|655|4026|1882|2669|1386|1357|686|8590|2995|5111|1660|3479|1659|2555|1378|2139|1098|416|587|6036|1453|4076|1089|1960|885|1457|909|1457|909|0|218|2030|1067|1822|1000|208|218|2094|1089|1417|739|677|650|63894|4853|35059|3560|28835|3520|12906|2510|7315|1844|5591|1397|90329|7725|34228|3801|56101|5861|445|417|445|417|0|218|18120|3650|7998|1701|10122|2608|2556|1248|751|489|1805|1022|9113|2002|3783|1302|5330|1316|7166|2264|4440|1562|2726|1410|79089|6887|51210|4934|27879|3747|8026|2122|5008|1522|3018|1227|18164|4366|14123|3577|4041|1336|16574|3521|12774|2848|3800|1265|5570|1780|3883|1413|1687|817|4106|2215|3789|2135|317|313|2281|1022|1717|835|564|394|114|80|114|80|0|218|360|353|259|241|101|121|4940|1295|2227|966|2713|865
1600000US0664000|497446|2892|311728|10406|89493|7799|56436|5067|33057|4724|761|463|714|444|47|79|0|218|0|218|0|218|530|427|530|427|0|218|291|249|248|215|43|71|515|314|464|286|51|84|0|218|0|218|0|218|338|355|338|355|0|218|3319|1333|1736|870|1583|917|101|170|49|81|52|89|70|117|70|117|0|218|2281|2205|1525|2136|756|618|0|218|0|218|0|218|1978|1102|1113|879|865|496|670|494|379|325|291|285|7048|2802|5770|2430|1278|895|1551|1343|1216|1125|335|399|10358|5013|5734|2904|4624|2406|150|237|103|158|47|79|728|567|350|291|378|332|2257|1350|1795|1188|462|370|196|245|106|122|90|147|96|160|96|160|0|218|177|168|103|119|74|120|15698|2580|5893|1462|9805|1951|1884|783|783|468|1101|653|887|559|703|498|184|213|14295|3368|9149|2730|5146|1475|9045|2967|3163|1668|5882|1767|959|687|646|578|313|271|2471|1060|867|590|1604|815|3251|1455|1321|606|1930|1069|8396|2091|5216|1430|3180|1339|1628|1003|1225|797|403|334|1706|1401|1389|970|317|468|0|218|0|218|0|218|339|394|245|318|94|158|580|375|580|375|0|218|1266|1651|1266|1651|0|218|0|218|0|218|0|218|51|85|51|85|0|218|354|251|340|250|14|28
1600000US0666000|1311307|4657|792843|13604|277310|12606|187963|10300|89347|6669|9781|3910|7334|3294|2447|2108|1753|2015|684|648|1069|1697|3070|1092|2827|1027|243|228|6210|2836|4717|2268|1493|1392|4056|1115|3523|1068|533|393|2089|917|1596|798|493|420|1112|703|921|604|191|232|7016|1908|4147|1404|2869|1207|735|525|487|316|248|296|568|484|568|484|0|218|2672|1459|1572|814|1100|1016|656|753|488|614|168|175|9650|2111|5531|1859|4119|1375|2820|1400|2464|1264|356|313|8429|2244|7586|2058|843|461|3312|2804|3013|2695|299|318|730|723|616|670|114|159|1216|835|1216|835|0|218|2065|798|1698|709|367|323|4696|1718|3228|1299|1468|822|3197|1483|2929|1449|268|186|2466|1102|2255|1045|211|189|2697|1952|2654|1947|43|70|35087|3933|18617|2879|16470|2585|6750|2409|3547|1699|3203|1132|9616|1933|5179|1252|4437|1254|713|804|486|654|227|371|32394|5253|14170|2717|18224|3332|3616|1751|980|539|2636|1305|6138|2027|3254|1349|2884|1236|1042|782|723|636|319|438|43919|5261|25388|3694|18531|3611|3782|1554|3176|1500|606|412|6597|2516|5313|2290|1284|648|2930|1432|2690|1390|240|327|4742|2210|1956|1388|2786|1285|414|584|414|584|0|218|1343|945|805|569|538|619|0|218|0|218|0|218|0|218|0|218|0|218|1075|661|933|617|142|137
1600000US0667000|775108|344|439702|7577|80639|4218|51896|3964|28743|4016|9860|2479|8659|2007|1201|796|284|336|284|336|0|218|3789|1112|3259|876|530|428|4290|1540|3848|1501|442|285|3566|1023|3105|1007|461|321|742|643|742|643|0|218|1415|1354|1367|1353|48|78|8939|2409|5645|1783|3294|1198|641|496|529|469|112|192|553|336|510|328|43|69|1530|797|861|499|669|515|824|610|774|579|50|82|3187|1451|2644|1249|543|760|1899|1310|1254|795|645|637|5069|1196|4385|1086|684|453|1405|1116|731|688|674|769|1112|799|942|643|170|282|536|371|536|371|0|218|912|678|912|678|0|218|2592|951|2017|773|575|522|1559|1226|1559|1226|0|218|1818|1375|1485|1241|333|398|1099|700|1041|703|58|103|140820|6759|55740|4340|85080|5040|4674|1650|2515|906|2159|1075|5674|1587|3311|1249|2363|759|496|553|496|553|0|218|7909|1757|3656|1003|4253|1312|899|737|262|219|637|632|2181|1080|891|485|1290|1003|2591|997|1419|672|1172|694|21792|4802|14240|3440|7552|2352|2197|1173|1229|697|968|733|4526|1562|2884|988|1642|952|1073|530|1031|518|42|68|988|849|739|721|249|265|349|294|266|264|83|131|443|356|393|354|50|9|0|218|0|218|0|218|37|71|37|71|0|218|497|493|497|493|0|218
1600000US0668000|923138|2975|382078|10696|201090|8354|116772|6247|84318|5913|4176|2868|4082|2867|94|75|203|131|203|131|0|218|639|534|596|528|43|70|6788|2188|4473|1633|2315|1008|2702|1106|2436|1022|266|212|564|450|452|434|112|110|288|332|197|200|91|149|5416|1978|3447|1507|1969|1048|253|202|150|165|103|119|983|633|791|550|192|324|426|326|426|326|0|218|566|755|345|475|221|286|8008|2581|4583|1720|3425|1554|4818|1861|4196|1799|622|359|19941|3474|16481|3061|3460|1278|3323|2067|3126|2067|197|210|7808|2582|5560|2237|2248|739|2205|1095|1995|1026|210|209|5816|1912|5046|1760|770|457|1464|861|1170|719|294|237|8677|3090|7542|2897|1135|762|10231|3003|8531|2567|1700|888|8287|2817|6753|2042|1534|1152|73269|6084|39882|4526|33387|3282|4894|1715|3400|1563|1494|588|9709|2246|5932|1667|3777|911|0|218|0|218|0|218|90795|7389|33455|3264|57340|6188|2081|1193|1228|924|853|594|2873|1429|1867|1155|1006|502|3598|1790|1903|911|1695|1075|28403|4738|19179|3606|9224|1969|3368|2340|2839|2381|529|418|5228|2756|4493|2633|735|515|2050|1429|1725|1247|325|296|9233|3064|5181|2214|4052|1515|99|105|99|105|0|218|104|143|85|143|19|10|116|180|116|180|0|218|190|240|163|227|27|45|378|419|218|231|160|194
1600000US1714000|2519527|5432|1614773|25998|612247|17968|355225|12396|257022|14791|14867|4106|11391|2866|3476|2908|1354|852|782|466|572|750|6997|1925|5680|1774|1317|585|5244|2066|3742|1901|1502|939|4183|1158|3321|1088|862|496|1587|1721|660|425|927|1520|4939|1593|3320|1077|1619|968|8786|2501|4487|1692|4299|1825|32404|4255|18214|3410|14190|2020|11526|3118|6562|2203|4964|1752|7917|2626|5016|1727|2901|1449|283|214|179|231|104|177|2562|1535|1532|911|1030|761|5412|2600|3401|1804|2011|1435|11499|3699|9113|2925|2386|1456|11531|3374|8584|2807|2947|1313|1381|922|1381|922|0|206|2688|2187|1709|1339|979|1200|5582|3373|2069|1403|3513|2963|13878|3517|7850|1895|6028|2451|2541|1617|2481|1612|60|291|1720|1500|1720|1500|0|206|2439|1348|2196|1241|243|289|50896|6416|22981|3698|27915|3960|2799|1191|1758|866|1041|617|8921|2061|4518|1457|4403|1298|41|82|41|82|0|206|7488|2054|3203|1025|4285|1633|964|1334|343|389|621|1008|2186|1103|1647|756|539|473|4102|1585|2163|1260|1939|1059|17878|3691|11634|2558|6244|2209|2100|1803|1986|1781|114|164|11234|3722|9019|3147|2215|919|2536|1322|2317|1123|219|304|6051|2262|2567|1372|3484|1400|10352|2860|7933|2437|2419|1078|1576|1029|1055|829|521|538|0|206|0|206|0|206|300|410|300|410|0|206|1763|1143|1520|1138|243|196
1600000US2507000|618440|3261|403118|8540|99655|5901|53549|3776|46106|4489|4789|1486|4011|1265|778|505|16629|4089|8261|2365|8368|2503|1915|1069|1311|869|604|541|15029|4425|9552|2724|5477|2480|1237|641|1237|641|0|222|536|399|496|386|40|66|1150|511|904|396|246|322|3314|921|1514|584|1800|794|745|449|438|354|307|295|552|528|552|528|0|222|1423|629|1084|471|339|320|201|197|201|197|0|222|1463|730|1211|601|252|351|1742|1032|1428|665|314|475|2974|947|2251|770|723|532|934|734|817|576|117|191|44|73|0|222|44|73|1256|716|853|433|403|454|961|484|742|415|219|185|2947|1589|1885|758|1062|980|326|254|279|207|47|77|764|282|764|282|0|222|434|309|434|309|0|222|22014|3113|10213|2170|11801|1824|474|332|474|332|0|222|3338|1047|2954|1051|384|349|35|63|35|63|0|222|9586|2923|2631|1031|6955|2559|803|712|142|188|661|686|140|104|37|45|103|104|1670|707|1235|532|435|390|409|266|409|266|0|222|459|335|395|287|64|111|4244|1549|2774|960|1470|741|675|395|675|395|0|222|3084|1790|1795|1230|1289|821|1409|977|1055|848|354|359|2884|2092|2517|2000|367|348|0|222|0|222|0|222|0|222|0|222|0|222|3078|1691|2340|1406|738|966
1600000US3651000|7863226|811|4092589|35589|1813191|16950|960770|18388|852421|17464|95926|10104|73448|7908|22478|4524|94947|10553|61860|7544|33087|5682|57656|6808|38478|4895|19178|3584|22038|3979|16470|3363|5568|1524|15440|2817|14676|2701|764|343|102277|9903|53505|8341|48772|6350|35375|4717|23790|3770|11585|2104|181262|14181|81905|9614|99357|8213|38183|5370|19521|2935|18662|3417|13873|3079|8962|2220|4911|1715|29446|5630|14508|3798|14938|3642|4319|2200|2198|1102|2121|1674|10898|3189|7362|2719|3536|1375|8077|2220|6050|1794|2027|930|28652|5306|21200|4663|7452|2240|44136|7101|23018|4102|21118|4343|24509|4869|11206|2435|13303|3021|119190|9071|56318|6208|62872|5218|21498|4721|11133|2837|10365|2844|56687|8896|35003|6264|21684|5007|2028|809|1810|729|218|189|3253|1193|2807|1151|446|284|8174|2818|6072|2284|2102|890|495985|15473|160441|9967|335544|10867|20069|3189|10811|2386|9258|2034|61121|7821|30309|5088|30812|4262|125|204|86|139|39|65|12277|3475|5332|1673|6945|2487|2832|1364|1279|666|1553|958|5512|1572|2238|844|3274|1193|38557|5649|18445|3536|20112|3559|49618|5186|36600|4239|13018|2122|10615|3306|6890|2696|3725|1471|89241|14920|54660|10233|34581|6588|36370|6372|27975|4873|8395|3118|9806|4286|6543|3021|3263|1665|72657|8341|52067|6583|20590|4569|6335|2042|4963|1956|1372|799|101|105|101|105|0|217|1375|1210|1375|1210|0|217|27006|5068|17430|3539|9576|2676
1600000US3712000|841203|2344|657047|9136|109346|6511|50775|5417|58571|5010|7835|3030|6377|2748|1458|856|318|340|318|340|0|221|1074|871|913|816|161|217|1451|1096|1029|817|422|581|2021|998|1869|932|152|189|312|396|244|404|68|93|2415|1141|2039|1032|376|276|3749|2011|2872|1936|877|618|377|299|329|268|48|80|1508|1787|1083|1274|425|523|1343|1341|852|951|491|591|105|174|105|174|0|221|1195|764|749|546|446|519|2072|1090|1274|764|798|562|4084|1368|3320|1207|764|612|1276|903|1008|740|268|211|297|438|297|438|0|221|526|485|458|447|68|111|2150|1361|1281|786|869|757|944|507|577|380|367|315|3661|1563|2933|1320|728|822|1702|1400|1629|1407|73|125|750|510|585|415|165|161|4281|1237|2579|978|1702|854|631|471|273|297|358|323|2535|1243|1343|881|1192|709|1351|820|647|463|704|455|5472|2207|2630|1470|2842|1103|452|586|116|191|336|554|829|524|642|412|187|242|4686|3600|2070|1843|2616|1935|628|469|218|203|410|430|2427|1524|443|549|1984|1415|2518|2248|1733|1767|785|594|83|132|83|132|0|221|3994|1959|2533|1303|1461|822|1860|990|1078|666|782|584|1332|1082|1220|1071|112|126|0|221|0|221|0|221|24|57|24|57|0|221|542|404|542|404|0|221
1600000US3918000|850597|3830|696268|9433|44473|4582|23019|3370|21454|3382|6905|2498|3992|1603|2913|1802|3196|1661|1218|828|1978|1235|353|329|229|191|124|182|1698|1180|690|403|1008|1056|1320|647|1212|628|108|129|0|208|0|208|0|208|264|332|264|332|0|208|1473|789|769|545|704|487|323|322|250|302|73|120|196|211|89|115|107|177|604|477|294|315|310|327|0|208|0|208|0|208|532|373|532|373|0|208|1154|1053|388|456|766|722|2654|1168|1544|779|1110|968|4954|2425|3690|2115|1264|701|1386|1508|802|758|584|884|898|677|685|622|213|276|11526|3960|6609|2699|4917|2144|2046|1862|865|531|1181|1773|1646|1170|1475|1079|171|266|466|404|358|359|108|180|522|417|307|343|215|218|5141|1322|2545|824|2596|1055|1190|639|556|368|634|509|2365|1680|1189|819|1176|1009|92|153|92|153|0|208|3005|1649|647|477|2358|1422|1352|878|659|610|693|476|1151|860|580|443|571|586|1427|1071|743|568|684|727|787|489|687|458|100|173|1095|814|953|780|142|172|8539|3306|5824|2852|2715|1513|0|208|0|208|0|208|20463|4512|13968|3892|6495|1723|12002|3665|8041|2969|3961|1642|5988|4127|3453|1946|2535|2778|0|208|0|208|0|208|0|208|0|208|0|208|1143|840|551|536|592|503
1600000US4260000|1474128|245|1107799|15228|171176|7015|86838|8605|84338|8174|10775|3761|6754|2230|4021|2957|4715|3545|2114|1759|2601|2012|3361|1104|2604|1008|757|456|10268|4356|4273|2178|5995|3296|3083|1901|2964|1892|119|208|915|677|633|498|282|465|1909|1109|1304|897|605|390|12648|2774|4822|1714|7826|1792|2731|1290|1577|757|1154|750|608|490|608|490|0|190|5283|2151|1184|533|4099|2098|524|468|442|453|82|140|2097|1610|1305|932|792|855|3149|1362|2974|1283|175|198|2227|1025|1665|858|562|408|1408|795|902|444|506|559|1537|1316|907|696|630|863|4750|2642|2116|1185|2634|1820|2071|1317|1103|900|968|797|8113|2741|4015|1611|4098|2070|809|474|653|439|156|189|944|587|944|587|0|190|5803|1986|2776|1114|3027|1529|33716|5681|11130|2397|22586|4805|743|476|472|360|271|312|6732|2972|3097|1444|3635|1897|104|167|104|167|0|190|14702|3789|5027|1642|9675|2616|7743|3045|2858|1350|4885|2215|956|673|523|427|433|362|7411|3407|3484|1473|3927|2428|3726|2014|1944|1283|1782|1299|1859|1108|812|694|1047|853|11469|4941|7250|3673|4219|2365|906|604|906|604|0|190|3134|2192|1243|1175|1891|1549|7052|2662|4356|2207|2696|1728|3178|2450|2022|1351|1156|1419|0|190|0|190|0|190|216|362|216|362|0|190|1778|1113|1203|828|575|628
1600000US4805000|925277|3211|651443|12379|189513|11190|114545|7828|74968|10869|3163|1044|2528|920|635|509|228|259|185|252|43|82|1454|877|1152|798|302|364|2527|1525|1553|956|974|830|2157|1303|1913|1259|244|212|94|112|94|112|0|237|78|129|78|129|0|237|1825|864|1394|716|431|438|541|384|432|357|109|152|838|903|490|477|348|579|437|451|304|403|133|227|0|237|0|237|0|237|1903|1720|1215|1008|688|780|1686|1257|1487|1222|199|195|7454|2790|5968|2316|1486|988|2487|1446|2237|1372|250|323|164|194|164|194|0|237|369|328|369|328|0|237|2739|2402|2029|1699|710|760|2010|1180|1653|980|357|333|3416|1459|3042|1398|374|378|4364|1841|3380|1550|984|674|2272|1841|1905|1517|367|412|12988|2686|9667|2415|3321|1289|894|763|544|526|350|294|3790|1373|2171|940|1619|794|0|237|0|237|0|237|4477|1375|2384|903|2093|982|134|203|54|91|80|145|1802|1194|859|695|943|711|1992|1104|1660|903|332|335|2672|1730|2328|1611|344|441|249|316|249|316|0|237|3098|1757|2092|1381|1006|745|1177|925|1177|925|0|237|264|404|153|233|111|186|6786|3929|5864|3633|922|942|1281|1208|825|1007|456|574|0|237|0|237|0|237|0|237|0|237|0|237|511|570|401|516|110|190
1600000US4819000|1207230|4728|693089|15472|437939|15462|238519|11829|199420|10651|5711|1778|4460|1347|1251|728|715|630|433|393|282|474|1354|686|1354|686|0|237|2332|1505|1571|1340|761|696|1707|803|1540|780|167|190|116|124|116|124|0|237|512|596|465|590|47|78|946|625|946|625|0|237|187|214|187|214|0|237|334|381|334|381|0|237|462|347|358|250|104|128|0|237|0|237|0|237|3198|1464|1195|829|2003|1025|0|237|0|237|0|237|2713|1132|2406|1160|307|412|2479|1433|1978|1182|501|435|714|750|426|526|288|359|1070|731|476|387|594|575|3270|2762|3211|2763|59|99|1138|838|786|667|352|374|2321|1229|1999|969|322|373|828|560|644|466|184|269|255|230|255|230|0|237|6738|1497|4136|1272|2602|927|704|435|312|264|392|392|1889|884|1211|695|678|543|0|237|0|237|0|237|6062|2655|3162|1544|2900|1409|906|512|413|310|493|432|1361|1267|887|871|474|436|471|435|210|242|261|300|1300|828|1065|751|235|249|605|365|464|321|141|172|2527|1327|1553|851|974|835|682|484|541|388|141|172|7764|3118|4571|2008|3193|1763|6791|2268|6226|2220|565|423|5394|3374|4766|3049|628|660|0|237|0|237|0|237|0|237|0|237|0|237|646|455|646|455|0|237
1600000US4827000|896776|6105|602307|16420|224313|13035|140289|10637|84024|7502|8002|2865|4095|1839|3907|2524|0|237|0|237|0|237|253|350|205|342|48|78|633|480|353|299|280|289|951|557|847|528|104|181|912|881|912|881|0|237|617|550|617|550|0|237|971|725|801|530|170|279|60|101|60|101|0|237|1039|916|267|434|772|803|499|531|423|476|76|126|0|237|0|237|0|237|921|851|258|262|663|731|1287|800|1067|703|220|168|1029|566|1029|566|0|237|3003|1942|2546|1683|457|562|161|212|161|212|0|237|483|456|424|401|59|99|4891|3383|3542|3276|1349|690|2633|2950|792|700|1841|2486|1195|858|1007|849|188|240|347|392|347|392|0|237|460|333|335|214|125|151|2592|1230|1508|738|1084|797|465|381|184|202|281|272|2798|1781|1322|1147|1476|800|191|314|191|314|0|237|6177|2213|2628|1122|3549|1417|251|426|66|113|185|314|2768|1673|1126|645|1642|1489|2384|1791|514|464|1870|1672|3929|1848|2620|1414|1309|894|2521|2161|2030|1954|491|439|5709|2135|3895|1499|1814|1000|125|99|125|99|0|237|952|794|774|732|178|218|2418|1447|2047|1329|371|272|6109|3080|4203|2810|1906|1443|18|32|18|32|0|237|0|237|0|237|0|237|402|499|306|433|96|157
1600000US4835000|2149641|8905|1107074|22052|836493|21369|403486|15013|433007|16140|12495|2977|11512|2989|983|454|1402|939|1023|735|379|448|2462|1246|1694|1111|768|903|4446|1844|3840|1701|606|354|5389|1762|5052|1699|337|261|1293|771|1173|778|120|136|686|434|573|419|113|149|3326|1111|2859|1031|467|306|1237|863|866|547|371|567|1582|1128|923|698|659|563|2393|1658|1445|977|948|1292|0|237|0|237|0|237|7051|2746|3545|1476|3506|1851|2696|1563|1636|879|1060|830|8632|2938|7522|2703|1110|902|6066|2510|4211|1874|1855|1209|207|274|207|274|0|237|2313|1387|1601|1158|712|790|4849|1981|3273|1587|1576|916|4020|2249|2041|931|1979|1910|2706|1512|2587|1484|119|152|1362|709|1179|674|183|167|1248|672|1041|624|207|246|32130|5164|15075|2922|17055|3537|3581|1509|1434|728|2147|1207|4962|1557|2938|1013|2024|1031|123|207|123|207|0|237|30476|4297|11290|2410|19186|3249|514|770|514|770|0|237|943|626|525|508|418|297|2548|870|1556|604|992|635|8341|2250|6023|1557|2318|1316|4851|3698|4520|3676|331|256|11616|3093|8060|2235|3556|2132|3354|2456|3257|2441|97|117|3519|1615|2265|1287|1254|722|16562|5254|15493|5164|1069|828|2505|1427|1469|1020|1036|978|0|237|0|237|0|237|0|237|0|237|0|237|2188|1691|742|447|1446|1601
1600000US5363000|721848|2494|547588|9682|34405|4577|25950|3544|8455|2438|5095|1481|4825|1455|270|240|0|214|0|214|0|214|2167|1090|1981|997|186|219|2136|1351|1673|926|463|527|5336|1915|4894|1858|442|381|263|279|263|279|0|214|603|440|521|371|82|137|3056|1049|2263|863|793|662|1069|662|794|553|275|358|1071|848|1025|824|46|75|1781|734|1565|735|216|240|0|214|0|214|0|214|1242|666|1075|568|167|227|662|461|526|388|136|150|8707|2269|8058|2205|649|438|948|732|948|732|0|214|827|556|611|418|216|257|1308|1435|1110|1409|198|252|1955|938|1886|921|69|118|2155|881|2035|874|120|77|2400|1072|2004|951|396|440|1585|881|1585|881|0|214|1011|656|724|491|287|228|39879|5338|24323|3669|15556|2893|4606|1262|3035|964|1571|675|5198|1538|3805|1254|1393|730|339|431|339|431|0|214|11601|2769|5645|2051|5956|1686|765|685|406|337|359|394|2633|1057|1353|753|1280|687|848|548|471|371|377|323|7160|1786|4533|1139|2627|928|2577|1498|1432|965|1145|909|1906|936|1610|857|296|267|728|543|567|399|161|234|11279|3792|6383|2868|4896|1704|920|662|635|473|285|463|3378|1994|2572|1498|806|658|0|214|0|214|0|214|202|293|202|293|0|214|459|380|341|314|118|198
2500000US5620|781685|4861|688645|5516|59555|3640|36342|2608|23213|2294|1322|579|573|393|749|462|0|165|0|165|0|165|230|227|172|205|58|96|1450|827|908|500|542|418|1637|514|1476|475|161|140|376|397|352|396|24|39|153|197|114|188|39|65|892|661|743|634|149|181|720|495|612|369|108|176|0|165|0|165|0|165|237|187|163|163|74|89|179|299|139|231|40|68|243|191|179|164|64|57|533|392|413|340|120|141|492|344|433|302|59|98|0|165|0|165|0|165|0|165|0|165|0|165|0|165|0|165|0|165|117|105|113|105|4|10|1597|990|978|607|619|798|699|507|617|455|82|132|70|113|49|79|21|35|712|602|404|350|308|387|1578|674|850|430|728|408|495|430|371|349|124|139|1144|520|262|216|882|442|2610|944|1785|841|825|481|3542|987|1113|415|2429|830|27|44|27|44|0|165|507|389|507|389|0|165|3818|1304|1330|711|2488|950|1051|421|636|336|415|246|993|701|653|541|340|226|1256|682|890|517|366|229|295|306|295|306|0|165|221|208|221|208|0|165|997|783|851|782|146|163|801|695|363|261|438|584|0|165|0|165|0|165|2471|787|2247|753|224|196|20|32|0|165|20|32
310M600US10580|861613|769|777360|5613|24834|2784|17826|2363|7008|1512|2840|766|2314|724|526|282|1175|880|665|599|510|770|2913|911|2161|788|752|520|246|214|241|214|5|1|2547|965|2336|945|211|183|1269|660|856|638|413|434|1171|808|907|599|264|348|2858|1056|2201|958|657|345|1150|626|948|542|202|229|1681|1648|1305|1237|376|559|1258|831|883|721|375|321|197|164|170|172|27|48|718|618|343|404|375|401|547|489|394|356|153|195|2239|1820|2004|1821|235|267|3817|1959|3291|1890|526|420|1755|1940|1185|1388|570|596|1275|858|435|282|840|785|538|453|384|308|154|195|2721|1749|2289|1646|432|337|305|278|210|231|95|145|1291|942|790|698|501|497|1267|661|979|447|288|369|8427|2052|4628|1426|3799|1141|1128|631|860|590|268|254|1146|689|904|692|242|244|0|217|0|217|0|217|893|623|633|530|260|244|0|217|0|217|0|217|132|197|107|194|25|41|1738|903|1005|633|733|588|2891|1321|2374|1192|517|498|434|386|345|366|89|120|3888|1734|2740|1419|1148|775|52|87|0|217|52|87|73|125|39|67|34|60|1884|1281|1360|971|524|455|199|257|181|246|18|32|0|217|0|217|0|217|225|249|157|224|68|120|531|451|531|451|0|217
310M600US10900|827545|577|663721|7647|117674|5764|62788|5540|54886|4748|1768|749|1458|702|310|300|309|342|309|342|0|210|1880|858|1408|714|472|362|3372|1916|1524|999|1848|1628|2481|1023|2151|996|330|231|872|524|502|407|370|263|1141|954|1059|927|82|137|915|480|674|455|241|162|991|560|248|241|743|458|591|574|492|428|99|158|992|604|409|317|583|379|0|210|0|210|0|210|99|132|99|132|0|210|983|591|641|439|342|417|1352|856|1051|712|301|366|815|552|767|555|48|85|615|610|138|172|477|617|120|222|120|222|0|210|1233|849|791|580|442|543|1687|878|1093|746|594|419|653|625|255|258|398|413|861|841|740|666|121|202|434|361|434|361|0|210|6168|2009|3367|1384|2801|1050|457|361|272|228|185|181|745|603|96|163|649|627|0|210|0|210|0|210|2494|1077|1373|637|1121|754|525|644|113|180|412|601|0|210|0|210|0|210|316|265|0|210|316|265|881|572|730|519|151|175|355|266|177|186|178|166|6519|2655|3875|1808|2644|1254|85|142|85|142|0|210|491|732|372|534|119|210|1096|842|672|632|424|365|1108|849|1069|813|39|65|0|210|0|210|0|210|0|210|0|210|0|210|746|588|678|534|68|113
310M600US12060|5870659|3823|4748470|21985|534658|10651|305473|10759|229185|9136|37576|6059|28290|4712|9286|2583|27673|6528|20909|5455|6764|2637|3675|1204|3475|1131|200|187|17857|4129|11711|2817|6146|2530|12028|2414|11123|2345|905|443|4679|1827|4307|1725|372|281|2591|1073|2193|963|398|349|11610|2972|8731|2572|2879|807|2295|1101|1379|759|916|586|7193|2365|5375|2099|1818|883|3835|1404|2248|953|1587|935|263|432|170|278|93|154|8169|2277|5597|1816|2572|1195|23203|3964|14744|2997|8459|2233|26735|4543|21896|3744|4839|1620|13728|3396|10050|2547|3678|1384|3831|1738|2879|1429|952|804|9447|2771|5797|1867|3650|1247|7218|2159|5265|1818|1953|1000|16046|3754|10923|3259|5123|2034|23437|3981|19903|3675|3534|1301|12894|3145|11371|3006|1523|816|8239|2350|6523|2103|1716|758|54393|6598|28144|3713|26249|4626|7113|2036|3953|1365|3160|1560|46450|5121|23482|3262|22968|3017|1375|808|1291|778|84|157|48493|6841|18870|4417|29623|3907|4088|2006|1767|1014|2321|1151|5317|1596|2612|1020|2705|943|7479|2609|3800|1699|3679|1486|9781|2214|7307|1786|2474|1185|4771|2418|3031|1550|1740|1098|14862|4523|9866|2675|4996|2511|3469|1382|3441|1379|28|47|29344|6038|20857|5224|8487|2138|42699|8298|35226|6544|7473|2759|12504|3956|11199|3661|1305|851|0|228|0|228|0|228|1106|791|937|689|169|201|10065|2802|8189|2438|1876|1256
310M600US12420|2283784|947|1639900|16847|446429|15067|289479|11265|156950|12390|9055|3034|7105|2074|1950|1472|228|259|185|252|43|82|1744|942|1409|829|335|370|6215|2724|5063|2366|1152|835|6732|2008|6151|1922|581|351|1643|1013|1539|904|104|173|432|386|432|386|0|237|7095|2127|4283|1319|2812|1364|1042|521|848|550|194|150|1280|1026|749|566|531|631|1851|929|1531|896|320|276|0|237|0|237|0|237|4124|2124|2884|1362|1240|898|3996|1613|2981|1531|1015|526|14354|3598|12128|3214|2226|1262|4169|1759|3511|1602|658|469|382|402|382|402|0|237|2801|1615|2181|1319|620|711|7516|3565|5250|2628|2266|1326|3156|1387|2355|1077|801|531|15265|2863|13307|2658|1958|814|10546|2925|8455|2382|2091|989|4203|2027|3524|1650|679|513|22521|3147|15134|2729|7387|1854|2286|1218|1304|764|982|720|7896|2018|3914|1205|3982|1269|57|95|57|95|0|237|13168|3253|6992|1873|6176|1773|1168|1100|871|1025|297|323|3032|1567|1464|1001|1568|960|3541|1621|2257|1030|1284|1118|5873|2393|5207|2181|666|564|1502|667|1176|510|326|300|8711|3645|6497|2834|2214|1177|2230|1104|2138|1052|92|123|3272|2003|2137|1549|1135|705|8632|4009|7567|3770|1065|958|4012|2637|1846|1356|2166|2384|0|237|0|237|0|237|322|305|322|305|0|237|1403|932|798|682|605|615
310M600US12580|2675997|985|2306309|13472|122883|6157|73947|4916|48936|5081|11909|2828|7080|1757|4829|2209|2811|1905|2561|1895|250|245|3988|1086|2917|882|1071|581|5043|2043|4206|1960|837|596|6947|1661|5397|1340|1550|750|1171|567|1065|568|106|137|3109|963|2568|879|541|390|11281|2898|6378|1994|4903|1720|2774|1138|1885|753|889|767|585|401|392|327|193|158|3886|1847|1628|898|2258|1649|0|224|0|224|0|224|3822|1484|2021|895|1801|1008|4146|2081|2979|1904|1167|582|8719|2491|6457|1956|2262|998|11537|3303|7449|2149|4088|1599|2408|1339|1625|860|783|637|3718|1570|2286|857|1432|865|10148|3147|6485|1693|3663|1924|1807|639|1558|598|249|200|4684|1797|4422|1726|262|250|3146|1610|2486|1236|660|936|2517|1399|2210|1335|307|290|26544|3999|14957|2636|11587|2543|3977|1655|2469|1106|1508|991|16375|2890|7663|1754|8712|2023|0|224|0|224|0|224|6732|1788|3493|1308|3239|1140|181|291|0|224|181|291|1728|1055|826|593|902|770|3893|1457|2428|1066|1465|749|15054|3389|11544|2792|3510|1151|1929|870|1585|833|344|323|10419|3413|7156|2593|3263|1717|2650|1045|2101|871|549|403|6411|2797|4544|2231|1867|1104|26133|5773|22241|4592|3892|2167|10766|5512|7429|3930|3337|2498|0|224|0|224|0|224|244|184|202|169|42|71|3613|1564|2705|1268|908|699
310M600US14460|4656152|663|3436463|21504|438404|9136|236161|8216|202243|7345|33586|4142|27759|3503|5827|1373|67265|7931|37349|4999|29916|5215|22825|2937|16853|2569|5972|1268|139989|11747|73357|6876|66632|7286|10341|1731|9376|1628|965|520|2507|860|2351|842|156|114|17054|3533|12610|2873|4444|1427|27551|3863|18333|3331|9218|1725|6996|2147|5395|1692|1601|856|5256|2468|3221|1415|2035|1912|7643|1997|5835|1661|1808|733|5928|2808|4053|1856|1875|1550|7115|2192|4431|1474|2684|1431|10490|3200|7846|2279|2644|1328|20573|3490|17666|3186|2907|1176|5247|1696|3845|1248|1402|993|6040|3417|4195|2444|1845|1289|6387|1693|4556|1250|1831|828|14973|3238|11457|2930|3516|1289|22556|4977|16525|3811|6031|1864|10516|3197|8214|2180|2302|2171|8107|1732|7176|1600|931|638|4601|1447|4245|1324|356|268|123899|8345|66661|5601|57238|4824|8572|2151|5734|1645|2838|926|18932|3189|11869|2293|7063|1612|1122|1357|434|457|688|941|34351|5377|12862|2581|21489|4058|25183|4573|11307|2823|13876|2955|6961|2659|4119|1932|2842|1168|8355|2037|6458|1695|1897|789|5405|1597|4371|1271|1034|659|2214|1030|1986|977|228|200|31594|5056|19979|2963|11615|3324|12916|3089|10880|2694|2036|1203|8989|2625|4653|1932|4336|1739|9964|2926|8316|2682|1648|828|12870|3353|10096|3282|2774|1200|0|210|0|210|0|210|127|159|127|159|0|210|6285|2298|4883|1942|1402|1123
310M600US14860|912244|2311|631790|9786|154681|6132|85930|5720|68751|5045|5283|1474|4413|1332|870|468|11019|3189|8760|2782|2259|1142|9767|2386|6296|1755|3471|1468|29903|6081|15976|4144|13927|3513|2501|792|2217|700|284|291|830|628|830|628|0|224|1928|820|1412|691|516|437|5027|1898|3760|1556|1267|584|4513|1566|3132|1329|1381|586|256|276|206|203|50|83|2708|1313|1483|949|1225|600|78|96|78|96|0|224|492|359|358|304|134|196|1838|999|1369|854|469|291|3173|1019|2905|952|268|255|967|1141|515|538|452|665|822|814|592|596|230|229|4163|2692|2263|1383|1900|1358|2013|927|1649|874|364|240|5934|2189|4218|1757|1716|1040|834|612|787|587|47|83|690|634|614|571|76|130|659|443|625|433|34|58|9690|2367|5137|1398|4553|1504|484|355|300|229|184|235|1942|931|1350|691|592|384|49|64|49|64|0|224|2368|1552|716|702|1652|990|466|538|112|135|354|436|1726|1272|455|581|1271|802|968|778|447|369|521|463|2486|1090|1891|1050|595|395|917|885|729|799|188|159|4231|1786|2776|1145|1455|1089|1089|984|1043|976|46|79|627|703|92|145|535|635|1245|1133|1192|1118|53|72|640|622|640|622|0|224|0|224|0|224|0|224|88|151|88|151|0|224|1359|874|953|801|406|265
310M600US15380|1101484|805|988655|7282|30370|3150|20007|2505|10363|1916|4459|1494|3392|1009|1067|702|652|681|652|681|0|217|3352|1204|2029|874|1323|688|265|361|265|361|0|217|2154|911|1705|778|449|407|718|543|646|543|72|9|57|95|57|95|0|217|3099|1959|2357|1824|742|613|3301|1450|2263|1099|1038|589|774|746|457|369|317|415|2522|1426|1382|926|1140|819|132|204|132|204|0|217|747|634|260|234|487|447|866|768|518|419|348|433|1326|866|903|544|423|521|2119|1402|902|760|1217|859|552|494|356|361|196|238|10949|2882|5281|1565|5668|1881|4000|1790|1841|1040|2159|1198|1898|1280|1137|735|761|898|367|594|367|594|0|217|1709|1414|1493|1384|216|329|596|449|548|448|48|7|5749|1949|2341|917|3408|1720|320|292|257|232|63|107|1365|913|925|582|440|484|0|217|0|217|0|217|817|508|462|307|355|328|0|217|0|217|0|217|1065|780|405|387|660|553|6139|2688|3120|1452|3019|1502|658|434|403|264|255|286|348|516|0|217|348|516|10776|3415|7884|2806|2892|1153|293|245|293|245|0|217|1098|995|813|680|285|348|1765|1402|1196|784|569|790|4689|3033|2065|1652|2624|1671|0|217|0|217|0|217|481|396|440|360|41|66|282|283|71|45|211|280
310M600US16740|2596617|1219|2201175|12284|234622|7205|126091|7294|108531|6344|10624|3027|8526|2737|2098|895|318|340|318|340|0|210|3117|1310|2616|1196|501|537|4329|1711|3366|1412|963|713|6839|1907|6087|1737|752|554|1766|1111|1660|1100|106|131|3749|1556|3373|1469|376|276|7828|3137|5488|2593|2340|1089|1359|849|1203|826|156|127|2722|2044|2021|1551|701|580|4132|2531|2210|1335|1922|1599|195|230|195|230|0|210|1760|922|1057|620|703|655|7838|2153|4941|1400|2897|1057|10532|2778|7960|2361|2572|1585|3167|1449|2136|1070|1031|661|629|604|387|462|242|370|597|506|529|468|68|111|5236|2352|4091|1941|1145|811|6233|3090|2815|1444|3418|2534|10605|2630|8321|2140|2284|1308|3493|1812|3420|1815|73|125|895|535|730|447|165|161|9427|2600|5567|1484|3860|1518|1121|554|587|408|534|372|3979|1342|2164|907|1815|784|2866|1576|1543|1060|1323|744|8578|2530|3733|1645|4845|1372|592|585|256|200|336|554|2704|1053|1557|680|1147|787|6062|3979|2983|2082|3079|2083|3137|1296|2376|1108|761|517|4124|1946|1819|1400|2305|1373|7378|3738|3885|2377|3493|2231|170|198|170|198|0|210|5346|2518|3596|1899|1750|884|4135|1948|3219|1819|916|629|1442|1104|1330|1095|112|126|0|210|0|210|0|210|473|499|209|295|264|405|1323|607|1056|475|267|342
310M600US16980|8931856|1927|6238220|33717|1577620|20614|960700|18190|616920|16132|28052|5007|21844|3725|6208|3110|4086|1805|2616|1289|1470|1262|26830|3695|20417|3003|6413|1961|9172|2325|6672|2114|2500|1184|17247|2851|14599|2428|2648|936|2948|1807|1965|740|983|1522|27436|4435|19800|3323|7636|1923|37995|5990|21066|4033|16929|3307|167228|10257|97078|8052|70150|5113|38369|6372|25774|4946|12595|2989|48591|6130|27968|3722|20623|4261|1547|877|1200|734|347|298|7160|2158|4820|1588|2340|1072|49733|6506|31589|4616|18144|3429|41814|5527|34165|4656|7649|2105|58349|7649|43336|5617|15013|3156|7512|2717|6226|2214|1286|739|7217|2967|5192|2079|2025|1378|16936|4161|12181|2830|4755|3167|54531|6461|33353|4473|21178|3794|19092|3800|16349|3577|2743|1366|14560|3279|12911|3146|1649|740|20748|4312|15802|3939|4946|1196|97485|8050|49917|5162|47568|5115|12423|2322|7475|1808|4948|1176|34856|4799|16182|3066|18674|3031|153|151|89|107|64|104|20973|4076|10378|2186|10595|2641|2582|1420|947|503|1635|1080|8259|1919|4243|1003|4016|1325|14993|3246|8465|2422|6528|2071|80379|7374|59320|6089|21059|3702|8640|3170|6910|2906|1730|979|68303|8995|50268|7412|18035|3412|5383|1782|4596|1390|787|648|19403|4123|11179|2974|8224|2366|24014|4569|19792|4151|4222|1293|5713|2086|3927|1540|1786|1086|0|210|0|210|0|210|526|453|526|453|0|210|4778|1640|3499|1373|1279|544
310M600US17140|2135430|4033|1989573|8564|52231|3709|30933|3510|21298|2779|8134|2736|4048|1313|4086|2442|0|210|0|210|0|210|465|302|380|283|85|106|1962|1224|1198|877|764|781|4411|1213|3407|1074|1004|575|2677|1420|1821|1154|856|774|605|462|431|333|174|213|1812|686|913|469|899|514|413|449|413|449|0|210|490|503|325|327|165|212|1281|1425|741|727|540|726|91|154|91|154|0|210|1669|960|899|540|770|634|1568|999|1251|823|317|292|3949|1634|3272|1287|677|742|1278|732|1169|681|109|178|1370|1526|572|673|798|865|381|347|381|347|0|210|10299|2778|5567|1916|4732|1443|1194|901|1013|777|181|222|3313|1296|2883|1185|430|328|2593|1420|1972|964|621|626|784|576|784|576|0|210|9023|2474|6186|2041|2837|1248|3048|1464|1454|772|1594|934|1798|757|1110|502|688|433|82|147|50|88|32|69|2822|1359|1240|812|1582|898|2061|2132|428|353|1633|1820|667|422|193|203|474|425|4093|2118|1550|784|2543|1696|2271|1232|1673|944|598|546|943|1138|420|563|523|604|4606|1867|3747|1469|859|677|855|1012|855|1012|0|210|1123|890|156|187|967|873|4994|2551|3924|1950|1070|890|2284|1893|2075|1870|209|238|0|210|0|210|0|210|470|671|470|671|0|210|1747|1258|452|339|1295|1221
310M600US17460|1955575|644|1749307|9115|77363|5309|48074|4363|29289|4121|5270|1983|3520|1284|1750|1180|202|130|47|54|155|104|5604|1475|4170|1222|1434|742|548|371|548|371|0|208|10507|2242|8591|2049|1916|797|7993|3130|6610|2990|1383|954|2468|1095|1806|968|662|417|6409|2054|3747|1432|2662|1250|2003|865|1677|774|326|249|7286|2204|5468|2120|1818|720|9637|2260|5055|1734|4582|1709|181|302|181|302|0|208|1647|1332|1348|1291|299|317|1286|991|972|738|314|367|3774|1334|3455|1294|319|276|1742|975|1275|752|467|471|2189|1526|1308|913|881|815|714|620|714|620|0|208|3587|2120|1799|936|1788|1520|7872|2183|5017|1440|2855|1081|1601|815|1431|762|170|198|2452|1452|991|558|1461|1308|965|745|902|719|63|107|9954|2304|5459|1580|4495|1273|944|755|824|713|120|189|2593|1157|1942|1093|651|383|0|208|0|208|0|208|1905|844|1033|456|872|739|986|612|509|334|477|433|612|416|513|376|99|133|630|596|467|444|163|200|2957|1029|2094|867|863|707|213|242|92|75|121|193|10176|2275|7433|1783|2743|1069|976|969|453|348|523|687|187|315|0|208|187|315|3816|2079|2828|1728|988|747|3780|3552|2531|2470|1249|1508|0|208|0|208|0|208|134|209|134|209|0|208|3105|1012|2375|874|730|358
310M600US18140|2029044|853|1774922|11558|69308|4584|37383|4117|31925|3540|11288|3151|7420|2585|3868|1941|3399|1665|1224|828|2175|1227|902|415|686|305|216|212|3903|2255|1565|821|2338|1716|4277|1257|3847|1215|430|303|1318|722|862|538|456|467|1278|960|1216|924|62|106|4756|1888|3324|1538|1432|676|859|504|720|453|139|157|579|462|472|424|107|177|1734|823|1169|651|565|414|160|259|102|165|58|94|881|507|781|467|100|160|4103|2162|2674|1678|1429|970|5855|1491|4669|1220|1186|971|7858|3073|5768|2588|2090|947|1806|1595|1086|828|720|910|1789|920|1576|873|213|276|17298|4184|9187|2869|8111|2335|2841|2138|1526|780|1315|1900|6229|2195|5287|1968|942|595|1226|650|1085|579|141|194|2247|1081|1676|926|571|415|10315|2502|5832|1554|4483|1727|2402|944|961|508|1441|800|3845|1812|1898|864|1947|1155|92|153|92|153|0|208|4358|1839|1631|1019|2727|1407|1783|891|940|623|843|509|2032|1097|1109|633|923|681|1565|1084|832|573|733|743|1731|746|1480|684|251|215|1585|807|1138|810|447|351|16185|5465|11948|4479|4237|2039|352|403|352|403|0|208|29821|5666|19485|5114|10336|2281|13442|3729|9227|3012|4215|1651|6776|4191|4106|2064|2670|2772|0|208|0|208|0|208|226|266|226|266|0|208|1718|900|1065|658|653|509
310M600US19100|7447137|1233|5081836|30089|1639140|25017|989973|20398|649167|16571|31736|5361|21236|4022|10500|3140|2039|1168|1253|763|786|745|3569|1220|3437|1224|132|143|11760|3290|7726|2965|4034|1330|11147|2753|9823|2586|1324|713|3192|1468|3059|1341|133|223|3028|1642|2773|1626|255|258|11300|2493|7774|1560|3526|1298|2786|905|2599|907|187|158|3538|1312|1893|868|1645|878|4901|2301|3750|2109|1151|679|769|673|455|411|314|353|14908|3412|8252|2143|6656|1943|16525|3128|12265|2578|4260|1332|41540|5704|36889|5020|4651|1406|37628|6939|31066|5819|6562|1981|5820|2530|4309|2073|1511|964|11635|3556|7875|2380|3760|2163|34355|6497|26386|5863|7969|2074|12425|4032|8044|2263|4381|2672|49676|6258|41718|5194|7958|2700|26900|5303|22865|4879|4035|1850|21818|3791|16765|3254|5053|1539|53370|5676|31245|4560|22125|2864|6830|1891|3645|1139|3185|1379|33035|4802|17755|3089|15280|2950|280|328|253|325|27|45|80506|8357|38923|4942|41583|4971|5299|1951|2634|1153|2665|1171|9416|2914|5358|2063|4058|1753|13065|3956|5031|1838|8034|2812|22840|4302|18446|3892|4394|1191|8821|2699|6621|2053|2200|1235|42895|7107|31077|5545|11818|2360|1739|730|1361|551|378|327|19879|4540|11308|2841|8571|2867|36086|5579|32404|5086|3682|1276|24300|5356|19371|4849|4929|1907|18|32|18|32|0|237|1763|1045|1583|971|180|301|3024|1258|2188|985|836|697
310M600US19740|2826483|1076|2271972|17332|353595|13702|227338|9810|126257|8325|15467|3854|11311|3047|4156|1504|476|447|445|428|31|54|1632|936|1225|640|407|474|5202|1965|4353|1871|849|470|11027|2380|10251|2393|776|382|831|481|831|481|0|218|918|545|642|444|276|237|13371|3642|8228|2842|5143|1718|3383|1675|2605|1436|778|572|1580|1119|1206|901|374|383|4352|1609|3055|1176|1297|940|136|225|136|225|0|218|6919|2518|4405|1819|2514|1378|2926|1635|2099|1230|827|598|7721|2375|6351|1937|1370|830|1008|700|1008|700|0|218|1573|1958|852|994|721|976|394|419|302|277|92|162|5410|1765|3113|1247|2297|895|6452|1841|5308|1660|1144|541|3630|1638|2938|1410|692|565|1197|717|961|581|236|271|1289|1009|937|797|352|313|17712|3558|10472|2580|7240|1997|2830|966|2361|878|469|367|9538|2576|5321|1801|4217|1437|2898|1357|1350|811|1548|888|14124|2614|5701|1436|8423|2016|774|543|491|465|283|219|3214|1134|1356|542|1858|850|3282|1326|2132|980|1150|691|5322|1683|3799|1244|1523|717|1509|849|1102|640|407|365|7903|3253|5035|2220|2868|1372|1186|649|1087|632|99|116|21264|5642|11223|3633|10041|3703|7925|4824|6033|4121|1892|1090|2696|1437|1448|700|1248|974|170|216|170|216|0|218|208|116|29|50|179|101|1467|700|1197|603|270|232
310M600US19820|4104567|772|3520547|15693|118744|6842|75551|5714|43193|4399|10071|2165|8001|1926|2070|965|1161|1059|1105|1040|56|93|10263|1829|7587|1554|2676|773|2413|1002|1765|722|648|491|9593|1649|8583|1581|1010|570|2327|1001|1869|971|458|359|7156|2441|5335|2166|1821|760|8610|2268|5049|1748|3561|1197|9459|2042|6719|1496|2740|1147|5905|1957|3672|1298|2233|1080|10954|2220|6873|1597|4081|1340|971|629|648|415|323|412|2757|986|1383|613|1374|757|6567|2442|5104|1971|1463|703|15945|2961|13983|2827|1962|778|10528|3064|8066|2661|2462|915|5982|2635|5040|2433|942|575|28871|5652|9672|3052|19199|3678|4857|1565|4056|1381|801|425|28405|4936|18380|4108|10025|2289|11420|2872|8797|2431|2623|1213|5898|1640|4857|1364|1041|506|7211|2119|5718|1796|1493|698|24515|3295|13754|2329|10761|2403|9123|2262|3600|1248|5523|1742|8082|2237|3758|1465|4324|1354|4627|2153|3128|1573|1499|825|4210|1562|1664|744|2546|1105|463|351|426|311|37|62|1648|1086|1137|739|511|394|903|612|567|387|336|444|15184|2949|10963|2147|4221|1507|650|367|544|336|106|129|149496|10792|76375|8009|73121|6892|2285|1073|2226|1067|59|59|27150|5653|16847|4698|10303|2786|3891|2149|3610|2010|281|375|1576|878|1063|750|513|431|0|184|0|184|0|184|1750|1954|1657|1952|93|105|2399|1032|2017|957|382|317
310M600US25540|1161265|2956|904330|9305|129189|6383|79356|5313|49833|5487|9211|1435|8041|1329|1170|513|2687|1466|2104|1484|583|659|7368|1789|6683|1635|685|416|6840|1874|4511|1649|2329|800|3398|1250|3128|1204|270|230|1187|958|1148|958|39|64|1422|688|898|491|524|437|2175|1123|960|484|1215|739|16675|3161|8603|2071|8072|1784|4138|2271|2561|1486|1577|888|1744|951|1191|685|553|554|287|475|283|475|4|8|1167|778|915|693|252|221|1998|992|1392|741|606|456|3910|1134|3450|1119|460|250|3364|1926|2846|1610|518|425|42|72|42|72|0|224|2085|1098|1551|887|534|398|3936|2199|3188|1952|748|573|2687|1151|1791|780|896|664|2845|1012|2461|939|384|372|4517|2400|4050|2340|467|366|1927|1204|1592|1060|335|466|13700|2780|7520|1558|6180|1873|1113|645|805|486|308|299|3621|1807|1835|1033|1786|1420|0|224|0|224|0|224|4610|2061|2834|1578|1776|742|415|699|99|179|316|525|1024|797|368|316|656|552|1328|821|643|420|685|471|2124|1381|1276|677|848|800|553|412|441|372|112|186|3375|1762|2695|1707|680|441|203|228|161|219|42|70|413|441|364|395|49|88|6631|3314|5879|3082|752|637|664|591|550|476|114|184|0|224|0|224|0|224|163|266|163|266|0|224|2199|1333|2017|1322|182|183
310M600US26420|6862522|1499|4107838|30392|2060408|25062|1155869|24479|904539|24076|33198|10609|28850|10371|4348|1952|4485|2687|3345|2089|1140|1112|5237|2279|3959|2117|1278|982|12954|3010|10771|2697|2183|907|15216|3570|13321|3174|1895|1000|9390|8277|9270|8236|120|136|2112|764|1676|641|436|344|11879|5515|9683|5145|2196|943|3127|1252|2225|1028|902|615|2007|1211|1258|791|749|580|6066|2797|4332|1941|1734|1461|238|299|156|182|82|131|12142|3395|7133|2091|5009|2032|22771|6435|15630|5200|7141|2794|33695|5743|26504|4682|7191|2433|50063|8045|36188|5854|13875|3496|4404|2223|2612|1490|1792|1136|6757|2434|4212|1525|2545|1451|12962|3249|10291|3019|2671|1123|8613|2635|5492|1458|3121|2099|16012|5165|12639|4370|3373|1748|9363|3215|8343|3084|1020|528|19341|4376|14888|3403|4453|1738|92871|9016|48194|6163|44677|5210|6727|2046|3470|1329|3257|1324|18982|6129|9644|4382|9338|2698|192|241|192|241|0|237|107235|8938|47696|6271|59539|5525|3233|1378|1197|933|2036|1022|5138|2132|2466|1113|2672|1598|9833|3610|5862|1983|3971|1894|32292|4940|22940|3546|9352|2452|10588|4139|7999|3844|2589|1099|41295|7531|29864|5357|11431|3629|4425|2446|3817|2465|608|539|5747|2235|3108|1447|2639|1518|39469|6319|35481|6126|3988|1372|7095|2914|4486|2431|2609|1697|0|237|0|237|0|237|278|303|278|303|0|237|6844|2887|5037|2177|1807|1626
310M600US26900|2011508|2818|1759755|11798|113530|6114|62188|5068|51342|5196|13094|4766|7436|2871|5658|3297|6462|3838|2548|1599|3914|2640|110|132|84|124|26|41|2632|1335|2271|1243|361|281|4351|1577|3851|1461|500|406|758|445|758|445|0|207|194|224|194|224|0|207|1493|901|1064|740|429|469|1210|643|996|588|214|244|663|788|501|630|162|269|1179|719|802|555|377|333|0|207|0|207|0|207|2369|2237|1993|2159|376|659|2362|1023|2244|986|118|162|3763|1545|3353|1408|410|349|2871|1610|2327|1286|544|467|13154|3931|7030|2756|6124|2223|924|807|781|636|143|227|3366|2122|2459|1488|907|808|3348|1995|2304|1302|1044|1368|2213|1170|1738|904|475|470|1368|985|1368|985|0|207|934|820|292|217|642|731|7824|2224|4874|1734|2950|995|1632|826|1283|755|349|275|1404|808|799|520|605|434|75|111|75|111|0|207|1313|943|490|386|823|692|87|141|87|141|0|207|493|420|362|401|131|157|15760|3645|6734|1628|9026|2522|4237|1755|2171|889|2066|1285|1425|934|1024|656|401|602|5262|2368|3703|2155|1559|974|190|333|190|333|0|207|4666|3175|1107|987|3559|2613|14899|4521|11641|4069|3258|2252|8706|4522|4318|3179|4388|2298|0|207|0|207|0|207|195|220|55|51|140|182|1237|714|760|597|477|477
310M600US27260|1581630|859|1362305|11228|104927|6135|64994|5932|39933|4794|3307|1393|2992|1382|315|240|14414|6203|9713|4446|4701|2291|2758|1896|1038|564|1720|1464|8280|3568|6419|2734|1861|1168|3815|1338|3248|1086|567|511|1254|1305|1216|1296|38|83|730|475|615|457|115|194|6735|2721|3915|2285|2820|1724|1386|1685|954|1028|432|712|2684|1761|2115|1581|569|420|2986|1755|2386|1575|600|461|0|239|0|239|0|239|937|811|792|699|145|141|1604|845|1091|700|513|604|2737|1625|2737|1625|0|239|1057|657|773|452|284|265|0|239|0|239|0|239|1854|1218|1478|1056|376|448|645|580|583|577|62|104|4173|2750|2709|2401|1464|814|2760|1499|2124|1289|636|530|1916|1891|1046|866|870|1107|556|636|556|636|0|239|4958|1894|2436|1231|2522|1255|588|434|520|411|68|117|1377|1223|401|308|976|1010|0|239|0|239|0|239|3489|1654|1323|825|2166|1073|940|737|227|277|713|663|923|705|445|377|478|427|2325|1187|1252|862|1073|722|14839|3133|10122|2313|4717|1314|1886|1095|896|493|990|818|9873|3914|6629|2686|3244|1521|477|474|477|474|0|239|1317|1250|530|612|787|999|2354|2441|1954|2037|400|435|643|499|240|256|403|449|0|239|0|239|0|239|1106|1647|355|550|751|1105|715|573|715|573|0|239
310M600US28140|2077205|1955|1863772|9758|122074|6671|74501|5634|47573|3866|4045|1345|3152|1003|893|679|675|626|499|535|176|289|501|339|501|339|0|210|3153|1489|2380|1146|773|585|3641|1152|3303|1069|338|322|932|526|621|451|311|232|172|227|109|132|63|103|2135|966|1479|833|656|343|157|185|95|162|62|93|1248|657|834|568|414|326|1920|909|1616|807|304|340|0|210|0|210|0|210|1510|864|925|693|585|497|603|473|479|379|124|152|3660|1802|3051|1556|609|654|1187|841|1004|764|183|313|1432|1002|892|730|540|475|1434|740|1183|617|251|204|1348|922|1111|781|237|307|3687|2048|1616|960|2071|1601|5276|1818|4083|1419|1193|706|913|551|913|551|0|210|869|466|628|422|241|275|7635|2015|3786|1103|3849|1330|1119|551|713|388|406|339|3226|1149|2171|909|1055|635|1768|1396|1298|1288|470|355|5786|1610|2213|941|3573|1275|1077|623|535|410|542|389|2100|1668|1334|1376|766|711|2427|1215|729|509|1698|935|3479|1283|2655|1159|824|459|999|627|824|481|175|225|4861|1965|3178|1267|1683|1073|227|316|140|181|87|142|6740|3053|4925|2772|1815|865|2250|1079|1965|1016|285|219|4874|2086|2715|1331|2159|1232|0|210|0|210|0|210|17|30|17|30|0|210|2276|1937|1429|1258|847|848
310M600US29820|2192879|321|1442622|14753|506452|11303|310203|11258|196249|8958|6520|1895|5760|1840|760|445|950|1061|792|1022|158|208|2597|812|1626|628|971|619|3398|1269|2670|998|728|576|4219|1125|3967|1123|252|251|1619|1360|1364|1203|255|286|1166|777|842|619|324|460|6621|2153|4601|1814|2020|780|1849|915|1091|733|758|519|5454|3413|3264|2482|2190|1176|1347|577|822|416|525|350|3364|1975|2342|1376|1022|947|7269|2587|3740|1751|3529|1699|1664|2181|971|1231|693|961|2199|1146|1907|1051|292|224|1883|1243|1824|1220|59|97|1748|1118|978|666|770|626|162|267|125|203|37|64|1517|780|785|419|732|529|3717|1312|3095|1141|622|503|564|382|478|355|86|104|702|585|545|466|157|194|217|270|217|270|0|228|29743|3598|14693|2892|15050|2297|3967|1268|2507|959|1460|557|10600|2277|6005|1634|4595|1227|107|128|36|57|71|117|8917|2628|3620|1229|5297|2082|670|587|137|174|533|489|5771|1821|2674|1115|3097|1230|1009|738|715|542|294|366|83901|6927|58174|5150|25727|3675|11416|3210|6587|1819|4829|1889|7920|2949|5246|1878|2674|1388|2039|1552|1444|1511|595|452|9939|2973|4579|1704|5360|1738|505|634|125|199|380|603|3277|2560|1899|1710|1378|1089|524|545|524|545|0|228|334|298|334|298|0|228|2420|1217|1872|1055|548|333
310M600US31080|12221617|576|5754139|39177|4218968|26760|2474641|27157|1744327|24823|40732|4129|35519|3759|5213|1597|4061|1734|3492|1543|569|478|18817|2753|15656|2413|3161|1019|19399|3211|15022|2741|4377|1399|24353|3158|22721|3019|1632|630|7562|2134|6223|1965|1339|729|8449|2516|7224|2325|1225|512|58788|6530|30669|4067|28119|4666|7789|1999|5574|1370|2215|1365|8123|3081|6251|2733|1872|1004|11198|2194|7089|1902|4109|1342|176848|10640|101637|8769|75211|6392|122089|10977|75961|8460|46128|5682|21609|4644|15264|3311|6345|2092|42709|6077|34414|5260|8295|2181|16314|4051|11566|2999|4748|1707|9652|3019|7415|2545|2237|934|17669|4383|11302|2710|6367|2152|16754|4850|10613|2575|6141|3304|22795|3926|16624|3200|6171|1573|8731|2126|7946|2018|785|378|12277|4309|10870|4110|1407|778|6205|1841|4782|1457|1423|849|464950|15782|211814|9224|253136|11347|62486|6686|32841|3936|29645|4032|238093|10955|98676|6142|139417|8030|1208|764|1111|717|97|113|279366|12764|112844|7517|166522|9048|31791|5960|14976|3783|16815|3075|25802|3690|11165|2186|14637|2492|22136|3688|11943|2590|10193|2291|257468|12063|175005|8929|82463|6361|33362|3886|21445|2926|11917|2119|76596|9586|55680|7338|20916|3980|24842|4527|20132|3960|4710|1361|12852|3311|9029|2305|3823|1755|14619|4044|11719|3290|2900|1619|5701|1673|4680|1458|1021|559|260|171|260|171|0|218|1508|813|1078|680|430|298|12547|3169|6804|1958|5743|1808
310M600US31140|1212327|2164|1111495|6141|51034|3829|25479|2967|25555|2691|2784|1193|2062|1112|722|485|928|771|454|519|474|571|146|140|146|140|0|210|1341|890|1077|724|264|242|2666|1786|2600|1776|66|80|464|315|279|215|185|140|50|81|50|81|0|210|1428|872|1173|772|255|249|173|211|61|99|112|187|2096|1415|1630|1242|466|388|877|1140|670|898|207|255|0|210|0|210|0|210|915|926|642|576|273|397|477|479|382|414|95|149|2020|962|1676|932|344|286|1027|1011|813|909|214|308|727|588|419|475|308|356|11|3|11|3|0|210|1964|1140|895|715|1069|828|935|524|788|530|147|178|807|523|674|473|133|153|992|962|809|903|183|235|533|450|498|419|35|60|2802|1144|1579|834|1223|782|1694|1017|1178|840|516|439|2070|926|1207|711|863|493|51|89|0|210|51|89|3774|1821|1739|1163|2035|1169|534|658|194|317|340|380|181|241|20|37|161|238|1122|834|381|388|741|528|2404|834|1658|654|746|593|232|272|232|272|0|210|3989|2001|2537|1464|1452|1056|48|46|48|46|0|210|2621|1353|1456|887|1165|812|528|449|449|418|79|138|3266|1951|1442|981|1824|1185|0|210|0|210|0|210|30|53|30|53|0|210|1091|802|808|670|283|303
310M600US33100|5817898|627|2622624|25949|2485511|15396|1334449|21767|1151062|17766|52159|5061|36890|3987|15269|2460|306013|22196|181541|14442|124472|12108|16009|2275|11824|1898|4185|1229|79663|8219|52361|6028|27302|4637|14590|2495|12961|2301|1629|761|6125|2960|5767|2970|358|413|5167|1484|4101|1279|1066|586|25944|3911|15670|2725|10274|2603|4815|1450|2593|930|2222|1106|2562|977|1637|727|925|667|8702|2372|6006|1689|2696|1153|1002|707|503|476|499|491|2913|1216|2581|1140|332|324|2693|1560|2043|1372|650|446|8259|3282|7002|2736|1257|786|9613|3696|6638|2769|2975|1461|302|376|260|340|42|70|6957|2475|4632|1724|2325|1358|2138|1291|1206|906|932|694|11251|2534|6841|1504|4410|1618|5555|2440|4489|1976|1066|854|2702|1157|2631|1192|71|117|4436|1428|3538|1165|898|626|19984|3372|9587|2368|10397|1865|1922|786|1230|660|692|354|5185|2163|1671|775|3514|1687|0|239|0|239|0|239|14215|4352|6277|1925|7938|2936|572|547|52|91|520|525|2238|1034|1027|555|1211|761|7292|2323|4357|1544|2935|1171|15084|3532|11519|2772|3565|1355|1182|520|941|446|241|252|20732|5002|16389|4180|4343|1652|17060|3240|14267|2881|2793|1058|2112|1447|1271|821|841|1190|2323|1331|1663|965|660|583|2516|2055|1636|1294|880|1154|68|113|0|239|68|113|273|368|171|214|102|159|17435|4157|13069|3339|4366|1680
310M600US33340|1469875|794|1273397|8200|110402|5384|66113|4348|44289|3548|3882|2264|3337|2154|545|485|0|159|0|159|0|159|1442|650|1282|657|160|208|901|521|856|504|45|74|8821|2898|7333|2504|1488|805|218|207|166|199|52|66|1313|563|771|398|542|321|1241|593|593|310|648|417|2458|1086|1484|510|974|785|2011|1036|1067|580|944|608|1479|847|715|525|764|546|42|71|0|159|42|71|767|600|644|505|123|146|420|404|198|194|222|277|3601|2275|3273|2138|328|547|2199|1028|1717|874|482|440|1145|928|717|576|428|397|309|414|309|414|0|159|1464|888|1003|681|461|427|3323|1651|2354|1115|969|735|756|526|756|526|0|159|691|626|609|575|82|126|2965|1106|2384|1007|581|507|5048|1440|2350|828|2698|911|480|279|284|207|196|195|1623|839|1252|768|371|300|13233|3237|9360|2857|3873|1346|2629|1219|1413|704|1216|743|0|159|0|159|0|159|1777|966|371|281|1406|925|6780|2844|2435|1574|4345|2097|1645|760|1384|655|261|253|372|276|175|193|197|216|3836|1508|2765|1053|1071|751|684|378|684|378|0|159|3650|2478|2960|2054|690|496|493|388|397|338|96|119|1976|1674|1085|1217|891|1139|0|159|0|159|0|159|116|119|88|91|28|46|286|251|286|251|0|159
310M600US33460|3476758|1418|2955540|12513|147381|6231|82952|5474|64429|4825|13905|2661|10052|2021|3853|1496|459|520|292|467|167|236|1233|837|1015|790|218|212|4003|1323|3498|1205|505|348|9699|2573|6924|1726|2775|1373|1285|510|921|406|364|339|490|408|490|408|0|210|13815|3184|8859|2474|4956|1393|1385|644|1027|508|358|277|989|653|659|466|330|348|3339|1709|1853|1116|1486|911|0|210|0|210|0|210|4360|2346|1652|703|2708|2198|2964|1827|2231|1356|733|721|6703|1735|5710|1611|993|521|1860|1087|1333|715|527|454|578|511|265|324|313|248|3001|1305|2383|998|618|444|5641|2507|4021|1904|1620|1081|4929|1405|3881|1101|1048|776|5602|2282|4003|1575|1599|946|6997|2570|5924|2401|1073|963|1506|1085|1427|1076|79|103|16205|3006|8514|1775|7691|2035|2518|1127|2052|1056|466|252|3946|1171|2420|864|1526|589|67754|6469|39544|4444|28210|3846|20430|3369|8564|2036|11866|2298|4973|1733|2270|891|2703|1297|7066|2300|4245|1758|2821|886|16784|4252|5836|1991|10948|3285|6365|1521|5093|1264|1272|596|1374|723|997|513|377|346|12649|4554|8542|2546|4107|2529|1037|616|686|406|351|333|86319|9169|52092|6968|34227|5349|15942|3742|10298|2475|5644|2238|9154|2812|6716|2184|2438|1323|0|210|0|210|0|210|1653|1605|1632|1604|21|33|4925|1953|3082|1425|1843|937
310M600US34980|1926238|2992|1701081|11879|115375|5347|51143|5476|64232|5809|6284|3410|3997|1794|2287|1790|631|540|441|370|190|292|581|437|581|437|0|225|3449|3445|2931|2892|518|632|2854|843|2826|843|28|6|1201|803|1201|803|0|225|999|778|807|611|192|213|558|382|469|352|89|150|416|356|416|356|0|225|1221|1050|1016|957|205|239|503|475|503|475|0|225|193|317|38|62|155|256|4267|2923|2002|1301|2265|1992|1699|1027|1207|749|492|477|2994|1546|2675|1515|319|360|147|240|147|240|0|225|356|551|356|551|0|225|346|472|254|326|92|157|2215|1369|1731|1020|484|619|2992|1628|2452|1313|540|436|1959|1361|1551|1004|408|438|764|571|709|543|55|93|1121|950|860|845|261|317|7128|2254|3463|1417|3665|1303|414|323|365|316|49|86|3958|1820|2306|1231|1652|870|0|225|0|225|0|225|4702|2002|3077|1541|1625|963|214|340|114|182|100|163|5270|2048|3623|2037|1647|925|6478|3287|2077|1081|4401|2410|3477|1757|3013|1672|464|508|913|685|499|402|414|429|23891|7391|12443|4294|11448|4145|97|162|97|162|0|225|6245|2515|3376|1415|2869|1451|4984|2826|3839|2121|1145|1086|2921|1951|1188|801|1733|1524|0|225|0|225|0|225|144|230|144|230|0|225|1196|882|693|565|503|620
310M600US35300|826988|4794|629881|9039|123027|5991|74390|4753|48637|5301|3065|1188|2389|994|676|413|2480|1724|2147|1576|333|449|5744|1686|4125|1486|1619|688|12534|3394|8067|2640|4467|1670|1087|635|1002|606|85|140|403|415|403|415|0|224|1931|2090|1464|1704|467|451|2430|1039|1334|664|1096|832|1583|813|1373|758|210|208|1028|763|818|637|210|280|1635|1398|1443|1189|192|325|51|85|51|85|0|224|729|750|288|304|441|691|187|313|187|313|0|224|535|427|535|427|0|224|1859|1080|867|694|992|772|0|224|0|224|0|224|391|250|351|227|40|69|1447|1068|1207|862|240|311|6891|3445|3507|2191|3384|2080|704|702|704|702|0|224|125|142|125|142|0|224|316|271|96|131|220|208|9797|2100|5005|1137|4792|1377|513|447|490|445|23|39|2738|1159|926|411|1812|1111|0|224|0|224|0|224|681|461|421|377|260|222|142|239|0|224|142|239|1317|947|572|552|745|604|915|964|241|282|674|735|1470|872|961|623|509|412|190|177|11|21|179|175|4014|1786|2055|853|1959|1122|800|688|713|592|87|144|394|358|394|358|0|224|2760|1271|2430|1227|330|339|341|383|341|383|0|224|0|224|0|224|0|224|0|224|0|224|0|224|853|570|708|521|145|184
310M600US35620|18520892|1372|11167885|48985|3644505|27253|1955131|26667|1689374|25049|142598|12309|112842|9898|29756|4670|182596|15699|117119|11153|65477|8224|143729|9327|99676|7254|44053|4810|134403|11149|78189|6224|56214|7497|40533|5239|37462|4902|3071|852|164037|11730|85198|10027|78839|7764|72234|6827|52575|6023|19659|2625|254624|14866|130409|10757|124215|8905|99363|7891|55432|4998|43931|5114|24551|4063|16145|3200|8406|1895|59569|6753|33310|4743|26259|4554|10051|2716|7096|2015|2955|1731|27360|4143|18691|3502|8669|1865|87209|8462|59036|6365|28173|3762|119650|9049|97794|8079|21856|3319|96619|10769|62465|6898|34154|5380|55194|8808|30084|5518|25110|4388|153556|10685|81396|7454|72160|5787|48916|6645|32910|4525|16006|3643|93707|10605|62507|7768|31200|5581|38056|5362|31483|4549|6573|1904|31376|5936|26178|4864|5198|1769|43685|5716|32598|4748|11087|2218|668015|18266|260385|12022|407630|12644|38904|4240|19835|3280|19069|2435|155011|9709|73628|6517|81383|5837|183|225|144|168|39|65|23566|4343|10444|2207|13122|3109|4346|1933|2417|1093|1929|1112|8477|1890|3710|1154|4767|1378|73087|8150|40368|5253|32719|4448|139134|9087|104832|7843|34302|3435|16093|3836|11267|3310|4826|1608|180758|17698|120003|12898|60755|7315|69452|7736|55577|6750|13875|3219|14690|4571|9774|3406|4916|1818|121242|12483|94125|9932|27117|5049|15508|3619|13666|3527|1842|893|200|191|101|105|99|159|2279|1344|2145|1318|134|99|53941|8274|37345|6185|16596|3431
310M600US36420|1371737|313|1181311|6319|135098|5547|84791|5125|50307|3404|1710|782|1638|776|72|126|0|165|0|165|0|165|404|300|271|251|133|143|575|494|529|490|46|55|2121|680|1878|662|243|187|387|326|387|326|0|165|184|168|184|168|0|165|546|503|475|422|71|118|152|209|122|205|30|50|0|165|0|165|0|165|406|317|375|314|31|50|0|165|0|165|0|165|1062|665|687|478|375|359|627|508|627|508|0|165|647|350|552|326|95|109|2019|1569|1682|1274|337|400|488|772|213|323|275|459|1583|1321|505|421|1078|956|949|691|591|548|358|382|727|666|386|296|341|510|459|424|459|424|0|165|40|68|40|68|0|165|2111|1291|1043|863|1068|1070|8562|1995|5755|1489|2807|1104|491|331|243|191|248|233|854|431|687|382|167|173|712|620|393|319|319|349|10067|2136|3168|1018|6899|1771|412|333|223|283|189|214|2124|1091|1036|716|1088|790|569|581|349|467|220|166|2230|946|1492|841|738|464|269|218|269|218|0|165|4289|1784|3107|1260|1182|767|141|162|67|86|74|89|771|611|699|542|72|121|2776|1146|2726|1122|50|87|1300|952|971|979|329|256|94|103|0|165|94|103|1895|849|1367|721|528|477|575|456|575|456|0|165
310M600US36740|2615812|521|1702669|18312|664507|13062|408521|14006|255986|11813|10179|2668|8726|2365|1453|982|58228|9448|40711|7474|17517|4648|3689|1390|2773|1092|916|738|41967|6979|24733|5228|17234|3541|5788|1820|5304|1768|484|326|1134|596|776|480|358|412|763|681|390|339|373|428|7278|2405|4630|1448|2648|1309|1197|742|884|484|313|360|2093|1311|1575|973|518|454|3306|1957|1505|901|1801|1721|243|400|0|239|243|400|2473|1234|1158|599|1315|1093|3369|1561|2049|877|1320|823|7411|2178|5481|2150|1930|1047|3907|2755|2830|2299|1077|694|668|1022|445|729|223|300|3673|2171|2927|1802|746|649|1144|767|770|667|374|324|4103|2280|2452|1362|1651|1112|1428|1143|1015|1009|413|397|1643|1094|1467|1034|176|214|2699|1280|2313|1149|386|281|15830|3529|6680|1738|9150|2663|3775|2418|3003|2244|772|827|2929|1502|1552|1287|1377|722|73|91|73|91|0|239|13755|3475|5503|1581|8252|2454|243|247|149|259|94|158|3359|2338|2389|2197|970|621|3700|1768|2360|1174|1340|836|13257|3093|10111|2627|3146|1176|1040|803|965|784|75|125|15416|4013|10245|2968|5171|2218|446|377|380|354|66|115|546|568|460|521|86|140|2587|1445|2098|1346|489|531|629|809|531|656|98|160|0|239|0|239|0|239|150|226|150|226|0|239|2518|1228|1565|981|953|769
310M600US37100|789587|134|479367|7942|235010|7197|139852|6833|95158|7010|2550|962|2414|986|136|168|225|349|225|349|0|218|1490|712|1298|646|192|197|1065|851|931|653|134|223|3315|1047|3165|1039|150|186|1613|1182|1508|1174|105|170|343|347|165|194|178|222|1349|642|949|442|400|346|162|93|162|93|0|218|333|349|333|349|0|218|1568|1277|1273|1238|295|297|1492|646|1266|700|226|222|6321|2505|4101|2114|2220|1075|2070|1158|1365|846|705|562|2230|1241|2071|1243|159|194|473|563|382|424|91|149|1777|1262|1577|1198|200|182|627|586|627|586|0|218|584|529|493|496|91|91|967|591|729|474|238|212|715|473|674|437|41|70|1389|1073|1342|1064|47|78|764|787|666|660|98|161|6507|1829|3581|1235|2926|1002|800|493|635|453|165|132|2091|1127|1318|979|773|392|0|218|0|218|0|218|3669|1171|1681|749|1988|688|3|8|3|8|0|218|830|665|122|128|708|670|453|486|453|486|0|218|15563|2148|11013|1666|4550|1637|1492|1050|833|545|659|705|4661|2046|3359|1670|1302|969|562|511|562|511|0|218|121|174|121|174|0|218|20|40|20|40|0|218|0|218|0|218|0|218|0|218|0|218|0|218|0|218|0|218|0|218|5016|2489|900|631|4116|2114
310M600US37980|5903814|1359|4905312|22229|421243|12434|236461|12144|184782|10109|23064|4338|16094|2892|6970|3134|13689|6377|7008|3632|6681|3160|17657|2599|11894|2026|5763|1451|21187|5798|9950|2944|11237|4169|14526|3244|12069|2727|2457|1129|10829|4733|8794|3972|2035|1055|7706|2261|5553|1788|2153|774|30501|4764|16560|3517|13941|2537|10306|2427|6825|1805|3481|1219|2438|1278|2257|1228|181|177|13935|3425|7067|1746|6868|2619|2122|845|1789|791|333|256|4497|1795|3097|1208|1400|960|24769|4798|17173|3497|7596|2089|17424|3709|14844|3262|2580|1094|9381|2847|6258|2073|3123|1296|3718|1766|2339|1097|1379|1036|18002|4772|9443|2763|8559|2753|9218|2575|6811|2117|2407|1161|14447|3834|8385|2647|6062|2260|11947|2883|9855|2451|2092|981|8207|1947|6161|1713|2046|877|17046|3408|11756|2556|5290|1879|80056|7477|36264|4035|43792|5774|3799|1033|2574|868|1225|587|26748|4889|13777|3334|12971|2405|193|178|134|173|59|13|30534|5840|11895|2745|18639|3996|11847|3602|5365|1937|6482|2258|1969|920|1159|592|810|487|15886|4519|8019|2116|7867|2940|17090|3163|11776|2620|5314|1558|4893|2220|2376|1200|2517|1582|28746|6613|18537|4679|10209|3344|2767|1059|2634|993|133|152|6702|2718|3647|1573|3055|1659|21728|4329|14532|3352|7196|2573|6314|2510|4492|1633|1822|1463|0|210|0|210|0|210|1343|826|1343|826|0|210|10028|3056|5834|1912|4194|1987
310M600US38060|4737543|561|3516151|23419|929299|21105|618276|17702|311023|12370|13451|2620|11280|2587|2171|1128|2297|1731|1328|1215|969|877|3904|1587|3204|1453|700|518|4765|1787|4310|1665|455|399|8827|1612|7745|1529|1082|551|1809|866|1809|866|0|228|2925|1275|2556|1125|369|348|7577|2241|5748|1832|1829|1145|4463|2293|3350|2185|1113|663|7283|2285|4888|1816|2395|909|2721|1127|2119|989|602|393|1221|829|971|746|250|235|5705|2343|4036|1967|1669|1024|3060|1389|2296|1092|764|529|12842|3485|11488|3026|1354|848|2147|1193|1797|1026|350|273|1714|1355|1601|1324|113|135|2274|1587|1559|1022|715|749|6377|2290|5031|2097|1346|918|7551|2494|5001|1464|2550|1403|6838|2467|5653|2252|1185|608|10571|2889|8638|2329|1933|1431|2499|1084|2176|963|323|285|24565|4094|13869|3181|10696|2500|5738|1535|3570|1026|2168|1035|7515|2185|3350|1298|4165|1449|966|1301|966|1301|0|228|25722|4912|12467|2792|13255|3339|2203|1158|1084|731|1119|787|3755|1436|2187|824|1568|897|5848|2509|3446|1578|2402|1243|20636|3159|16012|2817|4624|1199|5747|2048|4088|1399|1659|944|28384|6304|19101|4549|9283|3324|2105|1088|1662|1019|443|441|6143|1957|4214|1576|1929|778|5745|2318|3439|1301|2306|1999|8346|3923|5092|2538|3254|2760|10320|3003|7997|2088|2323|1582|4324|1660|3897|1667|427|311|1210|607|907|499|303|346
310M600US38300|2237515|836|2113765|6096|29465|3236|21711|2720|7754|1569|5190|2009|3917|1508|1273|929|404|607|404|607|0|190|6814|1413|4542|1130|2272|729|1908|658|1436|560|472|347|5342|1165|4863|1102|479|272|1410|643|897|495|513|413|1763|779|1700|779|63|88|3375|918|2158|739|1217|558|884|449|867|449|17|5|1548|907|1442|855|106|124|3085|1188|2353|971|732|459|0|190|0|190|0|190|545|328|530|326|15|25|1887|1367|1435|1067|452|331|5160|1503|4147|1315|1013|599|1331|929|1119|823|212|193|425|329|188|161|237|321|1801|901|1384|704|417|346|7931|2883|1994|944|5937|2661|964|599|964|599|0|190|2722|1033|1932|798|790|448|1730|830|1441|732|289|335|1442|845|1146|806|296|346|14181|2393|8467|1839|5714|1483|1435|663|567|417|868|513|2900|1037|1778|776|1122|772|188|151|152|118|36|49|1180|625|427|286|753|493|58|85|0|190|58|85|487|413|157|167|330|298|5504|2496|3236|1537|2268|1395|1644|784|1098|667|546|419|312|234|169|141|143|180|4295|1755|2613|1184|1682|1012|697|445|488|365|209|206|737|491|671|495|66|111|786|530|547|405|239|292|1416|1029|763|569|653|516|0|190|0|190|0|190|0|190|0|190|0|190|804|575|804|575|0|190
310M600US38900|2385838|1931|1954404|13006|200497|7903|130435|7100|70062|7163|8871|1747|7981|1761|890|556|206|242|206|242|0|210|1542|695|1469|682|73|122|2322|1114|1890|980|432|329|8428|1788|7766|1756|662|329|1196|657|1085|641|111|140|1543|1738|1543|1738|0|210|25495|4898|16846|3982|8649|1955|769|463|724|459|45|75|2699|1237|1579|753|1120|658|12688|3985|5619|2135|7069|2403|1280|935|757|612|523|557|3088|1119|1952|823|1136|651|617|557|439|357|178|239|6974|2218|5951|2059|1023|566|994|623|837|550|157|187|1024|851|1024|851|0|210|1993|992|1715|879|278|275|7993|3037|4229|1589|3764|2303|9657|2446|7306|1851|2351|1150|4154|2105|3438|1841|716|715|3171|1619|2629|1399|542|462|2527|1248|2004|895|523|657|25133|3666|12918|1955|12215|2692|7750|1617|6474|1532|1276|530|8624|2087|4834|1374|3790|1192|1638|911|1207|658|431|331|26065|4007|10325|2071|15740|3268|1961|1371|712|397|1249|1313|4202|2015|2089|1215|2113|1119|5376|2267|2285|1107|3091|1950|10494|2308|7631|1955|2863|810|7315|2304|4962|1819|2353|1104|7142|2660|5034|2156|2108|960|1310|700|1067|562|243|281|5949|2664|3375|2093|2574|1250|2924|2030|1557|945|1367|1781|1271|826|658|520|613|607|0|210|0|210|0|210|978|664|978|664|0|210|3574|1669|3238|1616|336|268
310M600US39100|663593|297|501728|7680|82004|4402|52046|3982|29958|3688|2354|1129|2148|1067|206|200|3177|1904|2224|1324|953|706|4028|1711|3429|1624|599|406|735|467|678|469|57|93|1680|543|1425|516|255|192|34337|4206|10439|2770|23898|3270|1308|767|1135|741|173|188|1631|970|1285|864|346|292|1711|1044|878|800|833|684|397|412|397|412|0|217|1190|1049|1083|1041|107|180|0|217|0|217|0|217|1018|878|978|876|40|66|230|278|167|261|63|85|1985|1191|1031|634|954|726|389|380|151|130|238|335|442|525|253|351|189|198|860|735|310|296|550|582|1328|966|383|410|945|855|2697|1520|2222|1329|475|388|367|324|367|324|0|217|0|217|0|217|0|217|621|525|518|400|103|175|3528|1051|1908|665|1620|790|941|493|677|446|264|231|1285|599|651|525|634|291|0|217|0|217|0|217|821|717|506|410|315|360|355|518|331|514|24|46|144|141|54|94|90|110|487|454|366|395|121|208|1349|594|977|535|372|276|500|515|500|515|0|217|1418|781|1216|675|202|175|2188|2394|1661|1927|527|592|0|217|0|217|0|217|815|847|815|847|0|217|942|816|593|587|349|333|0|217|0|217|0|217|0|217|0|217|0|217|2603|1322|1659|1004|944|693
310M600US39300|1593087|1042|1250292|10875|164835|6678|90328|5225|74507|5569|9892|2308|7835|1816|2057|1173|9522|2604|5452|1714|4070|1191|4539|1421|3640|1318|899|499|84743|7677|50644|5182|34099|4823|2815|1078|2536|1036|279|282|345|350|301|340|44|74|1587|940|874|370|713|857|2881|1870|2102|1765|779|569|2588|941|1914|819|674|402|249|278|213|232|36|59|731|560|464|344|267|355|730|530|730|530|0|210|473|464|290|399|183|232|657|521|458|440|199|284|2929|1464|2574|1382|355|280|884|739|823|668|61|101|170|278|0|210|170|278|750|503|702|498|48|79|1299|1033|1065|842|234|376|3219|1776|2457|1344|762|627|1049|832|804|623|245|255|2111|1616|1540|1091|571|690|589|598|589|598|0|210|7496|1843|3556|883|3940|1389|1420|745|1224|703|196|204|2168|1179|857|602|1311|887|706|906|617|849|89|177|2861|1664|1412|778|1449|1000|6997|2799|3454|1538|3543|1731|2128|1020|1176|620|952|613|1478|1155|842|746|636|865|1949|939|1165|614|784|506|244|228|195|219|49|61|5412|2549|4084|1933|1328|912|514|366|421|339|93|153|108|185|108|185|0|210|5787|2250|5207|2055|580|477|1355|845|961|601|394|395|0|210|0|210|0|210|396|478|396|478|0|210|2189|1173|964|623|1225|975
310M600US39580|1399285|890|1152103|11118|114809|5977|72712|4991|42097|4465|10262|3431|8057|2836|2205|1193|1064|1481|636|1036|428|481|552|343|477|317|75|125|2546|1320|1887|867|659|598|5852|2796|5123|2748|729|692|610|546|506|521|104|181|782|515|633|478|149|244|4445|1516|3173|1177|1272|910|1323|977|1323|977|0|221|332|284|240|234|92|155|1711|1401|1039|792|672|1070|0|221|0|221|0|221|2264|1140|1484|694|780|788|6387|2806|3269|1974|3118|1495|8075|2698|7166|2594|909|541|2125|841|1691|708|434|382|519|481|451|399|68|115|2247|1107|1569|804|678|631|4250|1841|3618|1612|632|563|1826|1038|1313|589|513|534|10337|4288|8557|3479|1780|1411|5957|2374|4408|1786|1549|1010|5392|2279|5259|2284|133|172|14550|2842|8842|2048|5708|1644|2372|1170|1209|765|1163|683|3312|1585|1464|1083|1848|905|46|79|46|79|0|221|4613|2633|2581|2374|2032|1108|0|221|0|221|0|221|590|486|312|315|278|349|3374|1938|2794|1677|580|459|3086|1229|2331|1103|755|516|1221|1047|966|793|255|413|7015|2751|4848|2126|2167|954|76|125|76|125|0|221|1709|946|843|621|866|716|8274|4922|7380|4726|894|941|1736|1646|1601|1445|135|225|0|221|0|221|0|221|307|347|270|332|37|63|1234|938|1234|938|0|221
310M600US40060|1267299|5205|1128561|9213|64256|4414|37915|4429|26341|3864|4401|1846|3469|1597|932|539|1231|718|613|502|618|570|1215|809|773|593|442|424|2729|1729|1635|986|1094|1341|2213|878|2010|811|203|218|250|206|250|206|0|214|693|422|513|365|180|164|1493|741|1312|687|181|142|71|88|71|88|0|214|166|276|130|217|36|60|152|140|97|106|55|67|0|214|0|214|0|214|1829|1136|742|537|1087|723|1135|1078|594|545|541|572|3487|1646|3277|1605|210|213|2664|1893|2005|1289|659|689|51|70|51|70|0|214|1161|1059|958|891|203|318|4254|1746|3039|1466|1215|607|2293|1218|1167|1010|1126|557|1661|924|1247|794|414|355|3359|1658|2977|1413|382|451|1532|740|1484|722|48|81|7049|1925|3384|1108|3665|1403|564|552|180|179|384|442|2193|968|1153|581|1040|570|0|214|0|214|0|214|3069|1456|1355|650|1714|998|1356|754|391|351|965|559|175|158|119|134|56|71|242|299|242|299|0|214|1884|837|1327|719|557|405|353|282|317|279|36|62|9103|2926|6373|2136|2730|1381|95|127|95|127|0|214|1078|751|923|692|155|273|4121|2978|2584|1706|1537|1465|2251|2253|1069|943|1182|1615|0|214|0|214|0|214|872|948|648|665|224|315|2037|1645|1681|1318|356|430
310M600US40140|4387363|481|2463829|25281|1576372|22894|1084058|22117|492314|15531|5387|1305|5070|1288|317|209|1798|1826|1559|1660|239|323|2844|1032|1930|748|914|737|4021|1313|2959|1096|1062|601|6207|1279|5453|1191|754|404|1956|796|1904|793|52|73|783|448|571|421|212|180|2046|1121|1435|945|611|418|1323|1008|1024|788|299|347|1407|1149|974|692|433|618|1992|1004|1486|833|506|435|2413|1234|2178|1144|235|185|7675|2371|4105|1325|3570|1545|4278|2158|2467|1227|1811|1068|9896|3813|7898|2838|1998|1322|6680|2307|4414|1641|2266|1237|6270|2518|3386|1826|2884|1501|1671|883|1220|721|451|298|4215|2349|2635|1513|1580|1010|5086|1940|3336|1698|1750|898|2194|1195|1881|1021|313|332|1600|945|1405|906|195|232|1266|865|760|564|506|486|68916|6899|32810|3930|36106|4505|3710|1195|1920|661|1790|847|23180|4650|10133|2288|13047|3110|1939|1722|1000|1029|939|814|29696|5481|12059|2381|17637|4020|2225|901|1287|645|938|435|7883|2402|4289|1668|3594|1371|2685|1279|996|654|1689|963|60112|5698|40407|3949|19705|2993|9957|2550|5651|1877|4306|1366|39723|8813|24337|6326|15386|4371|1448|1407|1448|1407|0|218|1991|1340|1568|1034|423|364|4344|1333|3808|1131|536|398|3657|2148|3595|2152|62|102|0|218|0|218|0|218|648|489|599|521|49|107|2040|1101|1858|1088|182|152
310M600US40380|1026936|832|921976|6007|47119|3276|29815|2752|17304|2493|2277|824|1960|742|317|256|1535|1384|1317|1234|218|265|4106|1068|2669|789|1437|605|915|686|823|664|92|154|3215|1183|2487|805|728|599|6596|2115|4800|1650|1796|956|710|381|498|262|212|214|1534|833|796|568|738|455|845|686|537|424|308|321|592|456|464|410|128|177|3523|1449|2427|1163|1096|729|62|105|62|105|0|217|669|563|301|327|368|359|135|144|81|107|54|93|1491|620|1117|535|374|285|576|610|379|419|197|228|350|459|187|280|163|197|564|382|251|205|313|241|3827|1695|1324|758|2503|1172|1250|588|1142|577|108|95|332|381|258|288|74|121|270|332|100|122|170|232|584|532|398|472|186|252|5180|1431|2616|908|2564|879|562|404|483|377|79|102|854|586|496|383|358|327|50|63|50|63|0|217|2686|1147|556|357|2130|970|221|202|35|48|186|189|1018|808|232|181|786|773|2589|1567|988|651|1601|1366|1336|660|1100|587|236|231|73|89|73|89|0|217|4014|1680|2457|1221|1557|1067|206|243|206|243|0|217|1791|1311|1235|989|556|449|323|352|286|307|37|67|461|260|305|189|156|177|0|217|0|217|0|217|0|217|0|217|0|217|519|348|374|297|145|179
310M600US40900|2285477|390|1614628|16138|288306|11302|188699|8066|99607|7083|5127|1669|4342|1314|785|626|66|93|66|93|0|218|3132|1264|2644|1134|488|339|3255|1279|1912|728|1343|750|5107|1421|4553|1295|554|501|920|567|846|558|74|122|851|514|851|514|0|218|35211|5517|15876|2582|19335|4380|873|520|387|242|486|330|2382|1982|2287|1973|95|159|17909|4085|8162|2910|9747|3437|3683|1815|2621|1362|1062|684|22211|5046|10149|2551|12062|3634|1260|586|863|453|397|319|15943|3877|11437|3026|4506|1894|4184|1517|2979|1321|1205|579|25184|5366|14735|3285|10449|2908|2602|1102|2008|870|594|632|2929|1221|1882|951|1047|509|12612|3591|7908|2535|4704|2006|4131|1890|3439|1595|692|526|1790|932|1515|856|275|192|2035|859|1469|749|566|400|53448|5568|23437|3406|30011|3650|6752|1491|3766|1091|2986|1011|8339|2072|4232|1313|4107|1256|25867|4056|15491|3065|10376|2167|30598|4444|11509|2261|19089|3049|3372|1624|2088|1120|1284|743|4208|1413|1625|807|2583|1132|8312|2321|3905|1216|4407|1683|38127|5072|25454|3869|12673|2414|8327|2140|6483|1973|1844|777|9439|3191|7360|2499|2079|962|1011|958|1011|958|0|218|1601|1141|1182|838|419|376|2658|1571|2315|1338|343|358|3755|2430|3515|2275|240|326|78|4|78|4|0|218|1769|2263|1289|1732|480|558|1485|755|1159|681|326|257
310M600US41180|2645877|2088|2478312|9820|52138|4716|35631|3879|16507|2848|4987|1747|3966|1162|1021|811|505|751|356|505|149|252|2424|1494|2106|1254|318|330|1252|676|1098|631|154|159|6633|1534|5323|1361|1310|580|842|443|780|435|62|98|698|370|545|327|153|178|1250|634|628|352|622|490|1321|711|643|416|678|549|10982|2774|6888|1952|4094|1521|2572|2262|2062|2152|510|481|139|230|139|230|0|210|1243|771|687|503|556|439|1900|1213|1317|761|583|584|5046|2434|4513|2404|533|398|3416|2069|2643|1753|773|507|966|999|574|609|392|445|623|527|442|378|181|194|1782|1144|1362|952|420|396|3264|1467|2126|941|1138|793|6521|2379|5632|2152|889|616|2676|1542|2398|1416|278|301|1630|885|1301|698|329|310|14402|2930|8007|1853|6395|1676|1179|846|489|353|690|702|4255|1160|2468|872|1787|809|254|454|254|454|0|210|3927|1764|1690|1140|2237|1049|0|210|0|210|0|210|1195|681|760|463|435|323|1517|906|559|353|958|703|6381|1533|3334|852|3047|1139|680|536|462|407|218|248|8607|2856|5897|2109|2710|1241|935|745|935|745|0|210|3098|3024|1384|1116|1714|2023|2085|1191|1649|824|436|554|3659|2109|2337|1453|1322|1444|0|210|0|210|0|210|54|90|54|90|0|210|527|410|308|324|219|253
310M600US41620|1186398|580|935380|11288|156897|7953|94183|6919|62714|5236|2735|889|1683|598|1052|703|90|162|90|162|0|204|822|486|763|466|59|140|6663|2441|5176|1876|1487|1074|3394|1195|3045|1199|349|267|1033|639|985|635|48|77|290|195|124|164|166|140|3319|1503|2494|1332|825|526|716|908|132|160|584|896|3108|1831|2095|1261|1013|927|584|486|166|207|418|414|311|409|176|210|135|209|2864|2274|1757|2046|1107|920|204|256|204|256|0|204|2471|1504|2055|1188|416|470|529|580|376|517|153|238|351|501|351|501|0|204|228|219|228|219|0|204|3639|2577|3260|2138|379|552|1325|662|996|554|329|302|932|951|708|920|224|229|177|299|177|299|0|204|413|390|367|383|46|81|9400|2253|5056|1400|4344|1455|1510|796|1159|628|351|275|2581|1092|1224|676|1357|643|0|204|0|204|0|204|6285|1923|3275|1583|3010|1178|857|644|552|448|305|327|2258|1064|1159|789|1099|599|5429|2998|2868|1622|2561|1618|3692|1845|2591|1287|1101|807|12165|2285|10157|2083|2008|748|4402|2352|3702|2027|700|584|0|204|0|204|0|204|5337|5445|3662|3296|1675|2191|69|119|69|119|0|204|1575|1266|936|934|639|628|1531|987|1531|987|0|204|392|291|392|291|0|204|440|285|440|285|0|204
310M600US41700|2492600|964|1649572|18789|751189|18596|529062|13541|222127|12697|4465|1948|3125|1743|1340|801|0|237|0|237|0|237|1188|1142|829|743|359|492|2622|1362|2129|1086|493|384|6257|1433|5615|1400|642|396|161|160|161|160|0|237|50|83|50|83|0|237|3370|1590|2964|1522|406|390|959|476|723|395|236|217|2|2|2|2|0|237|810|565|532|384|278|278|107|189|107|189|0|237|854|724|534|503|320|408|1896|1278|1099|728|797|687|2714|1325|2286|1248|428|335|885|787|617|458|268|441|68|117|68|117|0|237|362|401|362|401|0|237|668|572|447|379|221|277|10268|4506|3279|1746|6989|4072|1081|742|953|700|128|210|2440|1413|1958|1214|482|484|392|392|354|352|38|63|6386|2263|2407|948|3979|1721|2228|1268|1445|858|783|522|3653|2028|2792|1754|861|586|0|237|0|237|0|237|7298|2357|3715|1669|3583|1155|523|706|0|237|523|706|510|347|113|140|397|296|1016|977|200|267|816|770|11429|2507|9625|2332|1804|790|1929|950|1744|817|185|254|10053|5208|5223|3382|4830|2656|350|313|325|311|25|41|1059|1155|794|1043|265|323|931|638|692|436|239|328|1209|1033|797|762|412|528|138|191|138|191|0|237|369|583|369|583|0|237|1139|826|897|733|242|351
310M600US41740|3095692|511|1938325|19457|737607|15186|485409|14183|252198|9396|17288|4369|12956|3717|4332|2356|1753|2015|684|648|1069|1697|5000|1322|4226|1242|774|416|8480|3209|6506|2552|1974|1451|9166|1718|7920|1653|1246|591|3209|1062|2716|1009|493|420|1598|844|1309|737|289|283|11986|2798|7119|1725|4867|1665|4631|2630|3324|1916|1307|882|2099|907|1568|661|531|405|5001|2242|3171|1415|1830|1194|901|824|733|700|168|175|15849|3060|9251|2294|6598|1826|3587|1514|3231|1401|356|313|9472|2350|8543|2162|929|469|3790|2857|3481|2748|309|318|2296|1275|1862|1145|434|339|1567|957|1567|957|0|218|3559|1226|3117|1152|442|345|8716|2110|4850|1370|3866|1315|3774|1487|3458|1443|316|204|3752|1384|3541|1332|211|189|3889|2115|3599|2131|290|282|51975|5167|27840|3669|24135|3205|11786|3125|6865|2236|4921|1403|15952|2796|8194|1940|7758|1880|1222|967|851|774|371|396|44592|5913|20161|3351|24431|3546|4110|1707|1276|553|2834|1290|9459|2456|4685|1573|4774|1584|1987|1154|1388|843|599|545|84059|6747|53321|5524|30738|4211|7149|1967|5479|1801|1670|781|30738|6424|18512|4965|12226|2881|4745|1865|4475|1811|270|331|13777|3693|6930|2519|6847|2007|1124|721|1124|721|0|218|2384|1120|1598|784|786|733|82|112|82|112|0|218|504|537|358|375|146|226|2752|1161|1944|909|808|646
310M600US41860|4354878|1147|2530292|22428|668702|13856|391586|12130|277116|11508|34120|4871|29288|3949|4832|1462|1142|859|1046|744|96|159|11151|1821|9360|1523|1791|798|21977|3858|13791|2470|8186|3104|15594|2599|13540|2392|2054|858|3172|1418|3013|1449|159|166|5273|1793|4912|1753|361|225|30349|4266|17691|3235|12658|2508|6244|3538|4638|1941|1606|1797|3211|1160|2175|818|1036|683|8900|3340|5927|2188|2973|1434|2870|1107|2572|1042|298|283|32746|5309|23337|4144|9409|2103|12532|3072|9352|2197|3180|1333|65287|7487|58287|6889|7000|1448|7016|2012|5363|1663|1653|911|23096|5318|14377|3411|8719|2339|6864|1913|5346|1529|1518|836|19908|4911|16462|4280|3446|1466|14494|4399|11658|3814|2836|1354|28257|4636|23985|4235|4272|1347|23344|4874|19592|4004|3752|1549|10289|2696|7850|2151|2439|1670|406174|12986|188655|9308|217519|8646|17823|2728|11905|2210|5918|1389|33046|4347|17523|2778|15523|2525|1193|725|1024|682|169|230|42674|5564|17678|3085|24996|3794|6319|1919|3160|1323|3159|1110|7397|1442|3698|941|3699|1106|21087|3522|11129|2108|9958|2446|152370|9248|102262|7739|50108|4091|22453|3530|15413|2837|7040|1910|25159|6116|18621|4802|6538|2014|5079|1631|4066|1150|1013|916|10561|3283|6125|1968|4436|2353|6065|2504|4094|1692|1971|1113|3730|1616|3157|1471|573|423|140|164|108|163|32|24|678|633|615|586|63|107|6100|2402|2768|1180|3332|2074
310M600US41940|1839165|870|833178|12426|329582|7652|201033|6771|128549|5532|8900|3193|8703|3167|197|144|430|218|430|218|0|218|2896|1097|2489|957|407|380|12119|2775|8994|2275|3125|1084|6796|1551|5840|1400|956|430|1403|837|1212|806|191|171|3337|1771|2847|1643|490|431|17633|3798|11046|2854|6587|1960|1643|979|1312|738|331|379|1823|758|1345|610|478|409|1861|791|1205|537|656|404|1072|860|753|598|319|312|18295|4008|11656|2901|6639|2099|10486|3019|8575|2875|1911|634|52433|5804|44089|5199|8344|1921|6220|2416|5529|2397|691|464|12439|3343|7952|2205|4487|2041|6696|2425|5854|2174|842|472|16602|3514|14752|3337|1850|679|3343|1001|2822|833|521|296|26309|5186|21950|4434|4359|1702|22134|4035|18139|3683|3995|1060|18540|3767|15718|3091|2822|1318|176728|8319|102919|6217|73809|5329|11196|2207|6626|1794|4570|1246|24183|3657|14386|2572|9797|1714|916|1153|35|58|881|1152|111304|7815|42564|3724|68740|6347|2983|1535|1631|1009|1352|842|4292|1669|2994|1412|1298|538|6151|2128|3545|1245|2606|1256|48695|6000|33043|4839|15652|2410|6862|2595|5235|2545|1627|768|8879|3184|7369|2862|1510|1005|6978|2025|6386|1842|592|386|9991|3123|5848|2297|4143|1503|698|572|648|557|50|80|1652|1467|1290|1202|362|320|116|180|116|180|0|218|286|287|259|276|27|45|1085|697|547|319|538|544
310M600US42660|3813170|600|2818781|20201|256281|10376|160995|7319|95286|8246|17515|2912|15585|2460|1930|1178|3304|2817|1625|1205|1679|1729|4124|1574|3515|1394|609|385|9640|2648|6321|2009|3319|1675|13244|2720|11796|2670|1448|605|3403|1304|3052|1245|351|309|1533|693|1404|667|129|156|41833|6941|26407|5087|15426|3110|5477|2730|3853|2494|1624|1001|4555|2209|3361|1983|1194|609|27428|7171|13577|3794|13851|5046|990|879|895|740|95|164|12286|2770|6804|1778|5482|1658|6466|1960|5485|1716|981|669|39525|5251|35193|4842|4332|1384|6260|2108|4661|1452|1599|931|12431|3492|6071|1785|6360|2193|4692|1971|4419|1924|273|268|10166|3092|7680|2558|2486|1092|13449|3531|10623|2917|2826|1356|20302|4638|15873|3432|4429|2407|10577|2822|9438|2449|1139|647|9680|3151|8226|2986|1454|594|129473|7816|75203|6053|54270|4619|18917|3164|12908|2512|6009|1353|47545|5472|21157|3050|26388|3793|2838|1883|1222|855|1616|1829|62504|7709|28210|4476|34294|4556|9496|2741|4697|2050|4799|1270|12956|3727|5886|2069|7070|2459|14597|4939|8380|2937|6217|3028|44807|4868|29538|3407|15269|2794|27591|3895|18595|3135|8996|2308|19738|4499|14937|3469|4801|1610|3642|1883|3313|1807|329|287|35546|7147|21249|5562|14297|3481|7193|3443|5022|2508|2171|1380|14900|3681|10658|2743|4242|1783|244|354|244|354|0|214|2264|1125|2123|1091|141|227|4977|3348|2804|1091|2173|2582
310M600US44700|742018|543|419931|11102|206877|8375|123431|6625|83446|6634|1080|444|1028|433|52|87|0|218|0|218|0|218|857|586|555|413|302|407|2166|830|1881|855|285|236|675|291|612|290|63|107|141|183|141|183|0|218|863|601|548|537|315|299|944|695|518|503|426|481|186|308|186|308|0|218|62|105|0|218|62|105|0|218|0|218|0|218|0|218|0|218|0|218|2678|1622|2094|1443|584|477|540|559|321|340|219|341|3865|1708|3117|1565|748|490|6236|2485|3617|1606|2619|1244|16681|4954|9250|3469|7431|2070|448|385|340|274|108|138|571|460|358|351|213|304|1712|895|826|485|886|627|6944|2895|5656|2497|1288|791|1144|927|1027|869|117|143|1483|837|1483|837|0|218|7482|1849|2398|1078|5084|1390|325|232|259|207|66|113|218|241|45|76|173|229|4807|2119|3635|2020|1172|632|7544|2837|2870|1543|4674|1773|7733|2615|3043|1179|4690|1853|4060|2012|2534|1369|1526|842|926|810|439|448|487|385|23330|4864|13432|3093|9898|2311|2530|1151|1224|757|1306|791|3432|1845|1890|1319|1542|844|0|218|0|218|0|218|550|556|317|383|233|243|2370|1793|1466|1192|904|745|0|218|0|218|0|218|29|50|0|218|29|50|54|88|54|88|0|218|544|457|323|277|221|371
310M600US45300|3130554|334|2418328|16639|483926|10468|274579|8300|209347|10584|13058|2964|9409|2216|3649|1446|19377|5183|12962|4369|6415|2185|5920|1447|4759|1263|1161|482|12421|3134|8203|2158|4218|1458|9002|1774|7775|1739|1227|541|1945|897|1530|752|415|468|9283|3067|6884|2154|2399|1934|7208|1964|4501|1445|2707|971|5904|1807|2556|821|3348|1415|5044|1942|3357|1166|1687|995|3987|1445|2308|1092|1679|826|318|434|163|196|155|261|2725|1245|1764|882|961|607|6460|2428|4644|1816|1816|1157|8426|2723|7390|2101|1036|968|1010|653|931|626|79|128|1594|1355|1027|764|567|644|2530|1385|1766|949|764|579|2255|1319|1125|629|1130|903|9638|3355|5613|2064|4025|2026|8061|2901|6558|2476|1503|945|3097|1534|2628|1270|469|428|2597|1139|1872|981|725|473|5094|1457|2935|975|2159|854|1588|1163|955|1044|633|472|3118|1475|2322|1391|796|390|199|232|97|156|102|175|21329|4381|9347|2729|11982|2949|1211|798|497|361|714|495|4597|1820|1536|789|3061|1617|752|408|673|386|79|101|10864|3117|7817|2278|3047|1192|2206|1037|1627|834|579|474|21057|5776|13537|4562|7520|2969|1411|1015|997|650|414|471|1671|2207|1202|1664|469|587|3067|1863|2484|1299|583|762|552|583|552|583|0|239|0|239|0|239|0|239|661|533|632|534|29|51|7063|2227|5622|1959|1441|665
310M600US45940|359869|68|230387|6513|62353|3629|34972|4132|27381|3668|4260|2478|3472|1774|788|1100|4563|2094|2824|1570|1739|1332|2144|1139|1524|1054|620|457|2795|2147|2483|2006|312|441|1538|574|1399|574|139|168|422|445|335|369|87|164|1041|753|725|635|316|384|936|689|607|519|329|336|3290|1886|1791|1079|1499|972|1597|1168|1392|1051|205|331|1197|942|536|446|661|822|0|225|0|225|0|225|561|574|379|479|182|295|2644|1709|874|606|1770|1498|6512|2190|4848|1592|1664|1311|1900|1074|1413|808|487|424|114|189|114|189|0|225|1450|1017|939|674|511|453|3638|1792|2022|1089|1616|1292|795|741|388|348|407|643|3901|1543|2331|957|1570|1146|1763|1127|1230|744|533|837|505|421|505|421|0|225|8007|1533|3989|1093|4018|968|854|571|354|276|500|423|1558|940|797|604|761|685|0|225|0|225|0|225|1108|1296|938|1253|170|299|0|225|0|225|0|225|0|225|0|225|0|225|658|668|487|440|171|284|1373|791|661|355|712|555|214|184|214|184|0|225|2412|2060|1451|1318|961|936|648|682|519|597|129|219|1256|1259|478|436|778|919|1253|907|928|730|325|281|0|225|0|225|0|225|0|225|0|225|0|225|104|180|104|180|0|225|118|206|118|206|0|225
310M600US46140|969641|1454|853193|4190|79450|3086|47048|2689|32402|2262|1379|589|630|412|749|462|0|165|0|165|0|165|379|292|321|276|58|96|1450|827|908|500|542|418|1893|626|1754|594|139|135|509|423|485|422|24|39|284|246|205|211|79|92|892|661|743|634|149|181|720|495|612|369|108|176|40|66|40|66|0|165|259|191|185|167|74|89|179|299|139|231|40|68|243|191|179|164|64|57|533|392|413|340|120|141|492|344|433|302|59|98|0|165|0|165|0|165|0|165|0|165|0|165|0|165|0|165|0|165|215|163|143|117|72|117|1597|990|978|607|619|798|699|507|617|455|82|132|70|113|49|79|21|35|712|602|404|350|308|387|1409|631|790|422|619|377|539|438|371|349|168|156|970|442|261|194|709|394|5050|1257|3512|986|1538|668|3854|965|1148|412|2706|822|27|44|27|44|0|165|509|391|458|382|51|91|3772|1304|1284|709|2488|950|998|392|583|298|415|246|1190|665|797|523|393|224|1186|740|920|542|266|247|329|311|329|311|0|165|221|208|221|208|0|165|1025|783|879|783|146|163|801|695|363|261|438|584|0|165|0|165|0|165|2423|866|2132|795|291|216|150|235|130|218|20|32
310M600US47260|1700858|4391|1544231|8885|71105|5375|49979|4540|21126|3441|4828|1440|3664|1251|1164|584|1135|781|1008|690|127|202|1410|577|1322|562|88|91|1661|1655|1037|1003|624|761|4577|1163|4086|1065|491|304|565|340|508|317|57|94|849|385|605|337|244|261|2913|1142|2023|826|890|687|818|513|716|405|102|172|462|342|296|353|166|242|1147|758|924|663|223|194|80|94|80|94|0|210|1393|1247|812|781|581|529|1389|1422|822|810|567|642|1938|920|1728|810|210|279|1922|1345|804|683|1118|939|0|210|0|210|0|210|323|394|323|394|0|210|519|499|281|233|238|305|1256|536|965|465|291|320|1883|1396|1059|769|824|745|226|188|153|132|73|132|719|555|719|555|0|210|7276|1955|3560|964|3716|1473|2011|985|1338|733|673|457|6260|1656|3587|1293|2673|866|89|150|89|150|0|210|7066|2385|1950|838|5116|2114|245|287|245|287|0|210|516|306|265|217|251|219|757|466|669|416|88|109|17975|2395|13159|1885|4816|1239|2197|1346|1463|819|734|757|4004|1730|2887|1145|1117|776|44|77|44|77|0|210|1283|1011|1089|959|194|233|2205|827|2097|782|108|131|885|648|715|485|170|211|0|210|0|210|0|210|254|286|254|286|0|210|442|344|291|279|151|188
310M600US47900|5999034|3397|4151340|28588|816975|11958|458589|12069|358386|11053|66963|7893|53027|6550|13936|2493|12666|4452|9111|3624|3555|1992|12787|3043|10392|2445|2395|1062|19866|4320|12954|2411|6912|2516|17521|2346|16370|2175|1151|581|6672|1928|5939|1686|733|542|7012|1896|6002|1708|1010|534|24216|4421|17777|3784|6439|1505|3483|1107|2937|1059|546|301|2971|1331|1909|939|1062|805|10232|2697|8278|2451|1954|745|3365|1738|2928|1601|437|327|46353|5166|27626|3631|18727|3235|8658|2516|6676|2107|1982|847|35731|4524|29142|3488|6589|2603|31427|4933|20900|3634|10527|2540|10505|3459|7369|2634|3136|1352|22348|4651|14035|2658|8313|3397|32282|6656|22603|4410|9679|3334|26948|5493|18268|3890|8680|2879|30030|5285|24397|4445|5633|1986|17904|4890|15033|4341|2871|1176|8406|2243|7797|2088|609|334|92782|6672|53229|4062|39553|4393|10474|2933|6628|2090|3846|1337|64147|5494|32889|3398|31258|4043|226|309|226|309|0|210|50297|5506|23101|3723|27196|3477|4243|1912|1925|923|2318|1241|11884|2827|6157|1496|5727|1883|21099|4130|13443|3140|7656|2128|47031|4978|36803|4038|10228|1971|8648|2468|4855|1306|3793|2039|54399|7384|39061|5282|15338|3775|3491|921|3376|917|115|137|101639|12515|65791|9210|35848|6641|67763|7882|55559|6274|12204|3475|17221|3947|14813|3660|2408|891|0|210|0|210|0|210|795|459|707|437|88|158|16234|4912|12911|4087|3323|1687
310M600US49340|931754|1197|738509|8406|86662|4124|48561|4297|38101|4025|5700|1545|4343|1259|1357|891|3252|1500|1744|774|1508|1102|2298|1075|1831|955|467|388|19226|4125|8352|2301|10874|3031|3309|1099|3232|1095|77|95|70|101|16|34|54|96|1632|833|1168|577|464|328|2403|1070|787|538|1616|688|3091|1200|1955|753|1136|790|412|450|412|450|0|210|1448|1681|158|200|1290|1661|255|220|255|220|0|210|510|319|371|230|139|172|1843|1112|1246|781|597|501|3878|1394|3688|1309|190|195|1624|1292|1300|1120|324|310|0|210|0|210|0|210|236|230|190|215|46|77|1695|778|1233|664|462|457|7242|2524|3879|1769|3363|1678|2536|1640|2012|1248|524|532|2263|1322|2201|1311|62|101|2217|1393|1887|1231|330|283|5569|1361|2803|992|2766|868|723|750|482|531|241|239|1334|764|239|214|1095|659|394|555|34|59|360|553|6808|2224|3542|1504|3266|1195|1283|1209|1092|1176|191|197|1960|1288|539|374|1421|1090|234|228|178|183|56|68|613|389|613|389|0|210|272|313|185|186|87|149|6707|2824|3982|1937|2725|1438|381|439|381|439|0|210|172|173|172|173|0|210|6825|2147|4950|1906|1875|1113|4948|1977|4579|1961|369|442|41|74|0|210|41|74|148|213|148|213|0|210|1031|915|814|851|217|233
312M600US124204805000|925277|3211|651443|12379|189513|11190|114545|7828|74968|10869|3163|1044|2528|920|635|509|228|259|185|252|43|82|1454|877|1152|798|302|364|2527|1525|1553|956|974|830|2157|1303|1913|1259|244|212|94|112|94|112|0|237|78|129|78|129|0|237|1825|864|1394|716|431|438|541|384|432|357|109|152|838|903|490|477|348|579|437|451|304|403|133|227|0|237|0|237|0|237|1903|1720|1215|1008|688|780|1686|1257|1487|1222|199|195|7454|2790|5968|2316|1486|988|2487|1446|2237|1372|250|323|164|194|164|194|0|237|369|328|369|328|0|237|2739|2402|2029|1699|710|760|2010|1180|1653|980|357|333|3416|1459|3042|1398|374|378|4364|1841|3380|1550|984|674|2272|1841|1905|1517|367|412|12988|2686|9667|2415|3321|1289|894|763|544|526|350|294|3790|1373|2171|940|1619|794|0|237|0|237|0|237|4477|1375|2384|903|2093|982|134|203|54|91|80|145|1802|1194|859|695|943|711|1992|1104|1660|903|332|335|2672|1730|2328|1611|344|441|249|316|249|316|0|237|3098|1757|2092|1381|1006|745|1177|925|1177|925|0|237|264|404|153|233|111|186|6786|3929|5864|3633|922|942|1281|1208|825|1007|456|574|0|237|0|237|0|237|0|237|0|237|0|237|511|570|401|516|110|190
312M600US144602507000|618440|3261|403118|8540|99655|5901|53549|3776|46106|4489|4789|1486|4011|1265|778|505|16629|4089|8261|2365|8368|2503|1915|1069|1311|869|604|541|15029|4425|9552|2724|5477|2480|1237|641|1237|641|0|222|536|399|496|386|40|66|1150|511|904|396|246|322|3314|921|1514|584|1800|794|745|449|438|354|307|295|552|528|552|528|0|222|1423|629|1084|471|339|320|201|197|201|197|0|222|1463|730|1211|601|252|351|1742|1032|1428|665|314|475|2974|947|2251|770|723|532|934|734|817|576|117|191|44|73|0|222|44|73|1256|716|853|433|403|454|961|484|742|415|219|185|2947|1589|1885|758|1062|980|326|254|279|207|47|77|764|282|764|282|0|222|434|309|434|309|0|222|22014|3113|10213|2170|11801|1824|474|332|474|332|0|222|3338|1047|2954|1051|384|349|35|63|35|63|0|222|9586|2923|2631|1031|6955|2559|803|712|142|188|661|686|140|104|37|45|103|104|1670|707|1235|532|435|390|409|266|409|266|0|222|459|335|395|287|64|111|4244|1549|2774|960|1470|741|675|395|675|395|0|222|3084|1790|1795|1230|1289|821|1409|977|1055|848|354|359|2884|2092|2517|2000|367|348|0|222|0|222|0|222|0|222|0|222|0|222|3078|1691|2340|1406|738|966
312M600US167403712000|841203|2344|657047|9136|109346|6511|50775|5417|58571|5010|7835|3030|6377|2748|1458|856|318|340|318|340|0|221|1074|871|913|816|161|217|1451|1096|1029|817|422|581|2021|998|1869|932|152|189|312|396|244|404|68|93|2415|1141|2039|1032|376|276|3749|2011|2872|1936|877|618|377|299|329|268|48|80|1508|1787|1083|1274|425|523|1343|1341|852|951|491|591|105|174|105|174|0|221|1195|764|749|546|446|519|2072|1090|1274|764|798|562|4084|1368|3320|1207|764|612|1276|903|1008|740|268|211|297|438|297|438|0|221|526|485|458|447|68|111|2150|1361|1281|786|869|757|944|507|577|380|367|315|3661|1563|2933|1320|728|822|1702|1400|1629|1407|73|125|750|510|585|415|165|161|4281|1237|2579|978|1702|854|631|471|273|297|358|323|2535|1243|1343|881|1192|709|1351|820|647|463|704|455|5472|2207|2630|1470|2842|1103|452|586|116|191|336|554|829|524|642|412|187|242|4686|3600|2070|1843|2616|1935|628|469|218|203|410|430|2427|1524|443|549|1984|1415|2518|2248|1733|1767|785|594|83|132|83|132|0|221|3994|1959|2533|1303|1461|822|1860|990|1078|666|782|584|1332|1082|1220|1071|112|126|0|221|0|221|0|221|24|57|24|57|0|221|542|404|542|404|0|221
312M600US169801714000|2519527|5432|1614773|25998|612247|17968|355225|12396|257022|14791|14867|4106|11391|2866|3476|2908|1354|852|782|466|572|750|6997|1925|5680|1774|1317|585|5244|2066|3742|1901|1502|939|4183|1158|3321|1088|862|496|1587|1721|660|425|927|1520|4939|1593|3320|1077|1619|968|8786|2501|4487|1692|4299|1825|32404|4255|18214|3410|14190|2020|11526|3118|6562|2203|4964|1752|7917|2626|5016|1727|2901|1449|283|214|179|231|104|177|2562|1535|1532|911|1030|761|5412|2600|3401|1804|2011|1435|11499|3699|9113|2925|2386|1456|11531|3374|8584|2807|2947|1313|1381|922|1381|922|0|206|2688|2187|1709|1339|979|1200|5582|3373|2069|1403|3513|2963|13878|3517|7850|1895|6028|2451|2541|1617|2481|1612|60|291|1720|1500|1720|1500|0|206|2439|1348|2196|1241|243|289|50896|6416|22981|3698|27915|3960|2799|1191|1758|866|1041|617|8921|2061|4518|1457|4403|1298|41|82|41|82|0|206|7488|2054|3203|1025|4285|1633|964|1334|343|389|621|1008|2186|1103|1647|756|539|473|4102|1585|2163|1260|1939|1059|17878|3691|11634|2558|6244|2209|2100|1803|1986|1781|114|164|11234|3722|9019|3147|2215|919|2536|1322|2317|1123|219|304|6051|2262|2567|1372|3484|1400|10352|2860|7933|2437|2419|1078|1576|1029|1055|829|521|538|0|206|0|206|0|206|300|410|300|410|0|206|1763|1143|1520|1138|243|196
312M600US181403918000|850597|3830|696268|9433|44473|4582|23019|3370|21454|3382|6905|2498|3992|1603|2913|1802|3196|1661|1218|828|1978|1235|353|329|229|191|124|182|1698|1180|690|403|1008|1056|1320|647|1212|628|108|129|0|208|0|208|0|208|264|332|264|332|0|208|1473|789|769|545|704|487|323|322|250|302|73|120|196|211|89|115|107|177|604|477|294|315|310|327|0|208|0|208|0|208|532|373|532|373|0|208|1154|1053|388|456|766|722|2654|1168|1544|779|1110|968|4954|2425|3690|2115|1264|701|1386|1508|802|758|584|884|898|677|685|622|213|276|11526|3960|6609|2699|4917|2144|2046|1862|865|531|1181|1773|1646|1170|1475|1079|171|266|466|404|358|359|108|180|522|417|307|343|215|218|5141|1322|2545|824|2596|1055|1190|639|556|368|634|509|2365|1680|1189|819|1176|1009|92|153|92|153|0|208|3005|1649|647|477|2358|1422|1352|878|659|610|693|476|1151|860|580|443|571|586|1427|1071|743|568|684|727|787|489|687|458|100|173|1095|814|953|780|142|172|8539|3306|5824|2852|2715|1513|0|208|0|208|0|208|20463|4512|13968|3892|6495|1723|12002|3665|8041|2969|3961|1642|5988|4127|3453|1946|2535|2778|0|208|0|208|0|208|0|208|0|208|0|208|1143|840|551|536|592|503
312M600US191004819000|1207230|4728|693089|15472|437939|15462|238519|11829|199420|10651|5711|1778|4460|1347|1251|728|715|630|433|393|282|474|1354|686|1354|686|0|237|2332|1505|1571|1340|761|696|1707|803|1540|780|167|190|116|124|116|124|0|237|512|596|465|590|47|78|946|625|946|625|0|237|187|214|187|214|0|237|334|381|334|381|0|237|462|347|358|250|104|128|0|237|0|237|0|237|3198|1464|1195|829|2003|1025|0|237|0|237|0|237|2713|1132|2406|1160|307|412|2479|1433|1978|1182|501|435|714|750|426|526|288|359|1070|731|476|387|594|575|3270|2762|3211|2763|59|99|1138|838|786|667|352|374|2321|1229|1999|969|322|373|828|560|644|466|184|269|255|230|255|230|0|237|6738|1497|4136|1272|2602|927|704|435|312|264|392|392|1889|884|1211|695|678|543|0|237|0|237|0|237|6062|2655|3162|1544|2900|1409|906|512|413|310|493|432|1361|1267|887|871|474|436|471|435|210|242|261|300|1300|828|1065|751|235|249|605|365|464|321|141|172|2527|1327|1553|851|974|835|682|484|541|388|141|172|7764|3118|4571|2008|3193|1763|6791|2268|6226|2220|565|423|5394|3374|4766|3049|628|660|0|237|0|237|0|237|0|237|0|237|0|237|646|455|646|455|0|237
312M600US191004827000|896776|6105|602307|16420|224313|13035|140289|10637|84024|7502|8002|2865|4095|1839|3907|2524|0|237|0|237|0|237|253|350|205|342|48|78|633|480|353|299|280|289|951|557|847|528|104|181|912|881|912|881|0|237|617|550|617|550|0|237|971|725|801|530|170|279|60|101|60|101|0|237|1039|916|267|434|772|803|499|531|423|476|76|126|0|237|0|237|0|237|921|851|258|262|663|731|1287|800|1067|703|220|168|1029|566|1029|566|0|237|3003|1942|2546|1683|457|562|161|212|161|212|0|237|483|456|424|401|59|99|4891|3383|3542|3276|1349|690|2633|2950|792|700|1841|2486|1195|858|1007|849|188|240|347|392|347|392|0|237|460|333|335|214|125|151|2592|1230|1508|738|1084|797|465|381|184|202|281|272|2798|1781|1322|1147|1476|800|191|314|191|314|0|237|6177|2213|2628|1122|3549|1417|251|426|66|113|185|314|2768|1673|1126|645|1642|1489|2384|1791|514|464|1870|1672|3929|1848|2620|1414|1309|894|2521|2161|2030|1954|491|439|5709|2135|3895|1499|1814|1000|125|99|125|99|0|237|952|794|774|732|178|218|2418|1447|2047|1329|371|272|6109|3080|4203|2810|1906|1443|18|32|18|32|0|237|0|237|0|237|0|237|402|499|306|433|96|157
312M600US264204835000|2149641|8905|1107074|22052|836493|21369|403486|15013|433007|16140|12495|2977|11512|2989|983|454|1402|939|1023|735|379|448|2462|1246|1694|1111|768|903|4446|1844|3840|1701|606|354|5389|1762|5052|1699|337|261|1293|771|1173|778|120|136|686|434|573|419|113|149|3326|1111|2859|1031|467|306|1237|863|866|547|371|567|1582|1128|923|698|659|563|2393|1658|1445|977|948|1292|0|237|0|237|0|237|7051|2746|3545|1476|3506|1851|2696|1563|1636|879|1060|830|8632|2938|7522|2703|1110|902|6066|2510|4211|1874|1855|1209|207|274|207|274|0|237|2313|1387|1601|1158|712|790|4849|1981|3273|1587|1576|916|4020|2249|2041|931|1979|1910|2706|1512|2587|1484|119|152|1362|709|1179|674|183|167|1248|672|1041|624|207|246|32130|5164|15075|2922|17055|3537|3581|1509|1434|728|2147|1207|4962|1557|2938|1013|2024|1031|123|207|123|207|0|237|30476|4297|11290|2410|19186|3249|514|770|514|770|0|237|943|626|525|508|418|297|2548|870|1556|604|992|635|8341|2250|6023|1557|2318|1316|4851|3698|4520|3676|331|256|11616|3093|8060|2235|3556|2132|3354|2456|3257|2441|97|117|3519|1615|2265|1287|1254|722|16562|5254|15493|5164|1069|828|2505|1427|1469|1020|1036|978|0|237|0|237|0|237|0|237|0|237|0|237|2188|1691|742|447|1446|1601
312M600US310800644000|3631617|6925|1596692|22836|1431378|21412|763182|18994|668196|16021|18601|3438|16285|3045|2316|1294|1618|625|1334|575|284|219|7115|1642|5742|1295|1373|759|6485|1754|5459|1583|1026|514|8251|1785|8140|1804|111|112|2742|1036|2361|990|381|292|1213|549|1068|512|145|132|34771|5205|17543|3109|17228|3328|1636|658|1365|589|271|238|3865|2200|3098|2086|767|500|3749|1182|1842|623|1907|906|75061|7982|43194|5920|31867|4110|54821|6383|30326|3824|24495|4174|1149|714|802|536|347|297|9020|1961|7124|1615|1896|689|2909|1240|1911|812|998|655|4026|1882|2669|1386|1357|686|8590|2995|5111|1660|3479|1659|2555|1378|2139|1098|416|587|6036|1453|4076|1089|1960|885|1457|909|1457|909|0|218|2030|1067|1822|1000|208|218|2094|1089|1417|739|677|650|63894|4853|35059|3560|28835|3520|12906|2510|7315|1844|5591|1397|90329|7725|34228|3801|56101|5861|445|417|445|417|0|218|18120|3650|7998|1701|10122|2608|2556|1248|751|489|1805|1022|9113|2002|3783|1302|5330|1316|7166|2264|4440|1562|2726|1410|79089|6887|51210|4934|27879|3747|8026|2122|5008|1522|3018|1227|18164|4366|14123|3577|4041|1336|16574|3521|12774|2848|3800|1265|5570|1780|3883|1413|1687|817|4106|2215|3789|2135|317|313|2281|1022|1717|835|564|394|114|80|114|80|0|218|360|353|259|241|101|121|4940|1295|2227|966|2713|865
312M600US356203651000|7863226|811|4092589|35589|1813191|16950|960770|18388|852421|17464|95926|10104|73448|7908|22478|4524|94947|10553|61860|7544|33087|5682|57656|6808|38478|4895|19178|3584|22038|3979|16470|3363|5568|1524|15440|2817|14676|2701|764|343|102277|9903|53505|8341|48772|6350|35375|4717|23790|3770|11585|2104|181262|14181|81905|9614|99357|8213|38183|5370|19521|2935|18662|3417|13873|3079|8962|2220|4911|1715|29446|5630|14508|3798|14938|3642|4319|2200|2198|1102|2121|1674|10898|3189|7362|2719|3536|1375|8077|2220|6050|1794|2027|930|28652|5306|21200|4663|7452|2240|44136|7101|23018|4102|21118|4343|24509|4869|11206|2435|13303|3021|119190|9071|56318|6208|62872|5218|21498|4721|11133|2837|10365|2844|56687|8896|35003|6264|21684|5007|2028|809|1810|729|218|189|3253|1193|2807|1151|446|284|8174|2818|6072|2284|2102|890|495985|15473|160441|9967|335544|10867|20069|3189|10811|2386|9258|2034|61121|7821|30309|5088|30812|4262|125|204|86|139|39|65|12277|3475|5332|1673|6945|2487|2832|1364|1279|666|1553|958|5512|1572|2238|844|3274|1193|38557|5649|18445|3536|20112|3559|49618|5186|36600|4239|13018|2122|10615|3306|6890|2696|3725|1471|89241|14920|54660|10233|34581|6588|36370|6372|27975|4873|8395|3118|9806|4286|6543|3021|3263|1665|72657|8341|52067|6583|20590|4569|6335|2042|4963|1956|1372|799|101|105|101|105|0|217|1375|1210|1375|1210|0|217|27006|5068|17430|3539|9576|2676
312M600US379804260000|1474128|245|1107799|15228|171176|7015|86838|8605|84338|8174|10775|3761|6754|2230|4021|2957|4715|3545|2114|1759|2601|2012|3361|1104|2604|1008|757|456|10268|4356|4273|2178|5995|3296|3083|1901|2964|1892|119|208|915|677|633|498|282|465|1909|1109|1304|897|605|390|12648|2774|4822|1714|7826|1792|2731|1290|1577|757|1154|750|608|490|608|490|0|190|5283|2151|1184|533|4099|2098|524|468|442|453|82|140|2097|1610|1305|932|792|855|3149|1362|2974|1283|175|198|2227|1025|1665|858|562|408|1408|795|902|444|506|559|1537|1316|907|696|630|863|4750|2642|2116|1185|2634|1820|2071|1317|1103|900|968|797|8113|2741|4015|1611|4098|2070|809|474|653|439|156|189|944|587|944|587|0|190|5803|1986|2776|1114|3027|1529|33716|5681|11130|2397|22586|4805|743|476|472|360|271|312|6732|2972|3097|1444|3635|1897|104|167|104|167|0|190|14702|3789|5027|1642|9675|2616|7743|3045|2858|1350|4885|2215|956|673|523|427|433|362|7411|3407|3484|1473|3927|2428|3726|2014|1944|1283|1782|1299|1859|1108|812|694|1047|853|11469|4941|7250|3673|4219|2365|906|604|906|604|0|190|3134|2192|1243|1175|1891|1549|7052|2662|4356|2207|2696|1728|3178|2450|2022|1351|1156|1419|0|190|0|190|0|190|216|362|216|362|0|190|1778|1113|1203|828|575|628
312M600US380600455000|1545722|4750|967697|18265|472760|16883|303419|13527|169341|8904|4242|1491|3120|1105|1122|1005|1657|1431|688|690|969|877|1461|1159|1186|1143|275|289|1117|793|919|626|198|308|4005|1236|3794|1211|211|234|337|250|337|250|0|228|1795|1000|1715|977|80|132|2295|1364|1542|917|753|975|1699|1172|1422|1125|277|392|3782|1464|2085|955|1697|801|954|773|954|773|0|228|805|682|650|602|155|204|3411|2071|2236|1740|1175|958|926|562|644|387|282|385|4895|2219|4309|1935|586|513|578|675|452|534|126|212|240|248|240|248|0|228|755|602|542|431|213|259|2535|2052|2427|2039|108|180|1968|995|1457|883|511|413|2232|1079|1669|958|563|514|3479|2165|2411|1341|1068|1311|573|477|530|472|43|71|7687|2446|3840|1522|3847|1564|1563|884|706|460|857|793|1376|753|415|325|961|672|0|228|0|228|0|228|6063|2417|2345|1026|3718|2084|270|293|166|203|104|127|2126|1306|1250|710|876|771|2851|2376|1288|1436|1563|1183|6151|2017|5006|2028|1145|539|1848|1184|1388|900|460|471|11963|4672|7412|2699|4551|3041|359|267|359|267|0|228|3213|1497|2100|1120|1113|661|3565|2115|1259|733|2306|1999|5086|3147|2068|949|3018|2701|3863|1907|3468|1842|395|325|922|679|854|679|68|19|618|516|357|385|261|339
312M600US409000664000|497446|2892|311728|10406|89493|7799|56436|5067|33057|4724|761|463|714|444|47|79|0|218|0|218|0|218|530|427|530|427|0|218|291|249|248|215|43|71|515|314|464|286|51|84|0|218|0|218|0|218|338|355|338|355|0|218|3319|1333|1736|870|1583|917|101|170|49|81|52|89|70|117|70|117|0|218|2281|2205|1525|2136|756|618|0|218|0|218|0|218|1978|1102|1113|879|865|496|670|494|379|325|291|285|7048|2802|5770|2430|1278|895|1551|1343|1216|1125|335|399|10358|5013|5734|2904|4624|2406|150|237|103|158|47|79|728|567|350|291|378|332|2257|1350|1795|1188|462|370|196|245|106|122|90|147|96|160|96|160|0|218|177|168|103|119|74|120|15698|2580|5893|1462|9805|1951|1884|783|783|468|1101|653|887|559|703|498|184|213|14295|3368|9149|2730|5146|1475|9045|2967|3163|1668|5882|1767|959|687|646|578|313|271|2471|1060|867|590|1604|815|3251|1455|1321|606|1930|1069|8396|2091|5216|1430|3180|1339|1628|1003|1225|797|403|334|1706|1401|1389|970|317|468|0|218|0|218|0|218|339|394|245|318|94|158|580|375|580|375|0|218|1266|1651|1266|1651|0|218|0|218|0|218|0|218|51|85|51|85|0|218|354|251|340|250|14|28
312M600US417400666000|1311307|4657|792843|13604|277310|12606|187963|10300|89347|6669|9781|3910|7334|3294|2447|2108|1753|2015|684|648|1069|1697|3070|1092|2827|1027|243|228|6210|2836|4717|2268|1493|1392|4056|1115|3523|1068|533|393|2089|917|1596|798|493|420|1112|703|921|604|191|232|7016|1908|4147|1404|2869|1207|735|525|487|316|248|296|568|484|568|484|0|218|2672|1459|1572|814|1100|1016|656|753|488|614|168|175|9650|2111|5531|1859|4119|1375|2820|1400|2464|1264|356|313|8429|2244|7586|2058|843|461|3312|2804|3013|2695|299|318|730|723|616|670|114|159|1216|835|1216|835|0|218|2065|798|1698|709|367|323|4696|1718|3228|1299|1468|822|3197|1483|2929|1449|268|186|2466|1102|2255|1045|211|189|2697|1952|2654|1947|43|70|35087|3933|18617|2879|16470|2585|6750|2409|3547|1699|3203|1132|9616|1933|5179|1252|4437|1254|713|804|486|654|227|371|32394|5253|14170|2717|18224|3332|3616|1751|980|539|2636|1305|6138|2027|3254|1349|2884|1236|1042|782|723|636|319|438|43919|5261|25388|3694|18531|3611|3782|1554|3176|1500|606|412|6597|2516|5313|2290|1284|648|2930|1432|2690|1390|240|327|4742|2210|1956|1388|2786|1285|414|584|414|584|0|218|1343|945|805|569|538|619|0|218|0|218|0|218|0|218|0|218|0|218|1075|661|933|617|142|137
312M600US418600667000|775108|344|439702|7577|80639|4218|51896|3964|28743|4016|9860|2479|8659|2007|1201|796|284|336|284|336|0|218|3789|1112|3259|876|530|428|4290|1540|3848|1501|442|285|3566|1023|3105|1007|461|321|742|643|742|643|0|218|1415|1354|1367|1353|48|78|8939|2409|5645|1783|3294|1198|641|496|529|469|112|192|553|336|510|328|43|69|1530|797|861|499|669|515|824|610|774|579|50|82|3187|1451|2644|1249|543|760|1899|1310|1254|795|645|637|5069|1196|4385|1086|684|453|1405|1116|731|688|674|769|1112|799|942|643|170|282|536|371|536|371|0|218|912|678|912|678|0|218|2592|951|2017|773|575|522|1559|1226|1559|1226|0|218|1818|1375|1485|1241|333|398|1099|700|1041|703|58|103|140820|6759|55740|4340|85080|5040|4674|1650|2515|906|2159|1075|5674|1587|3311|1249|2363|759|496|553|496|553|0|218|7909|1757|3656|1003|4253|1312|899|737|262|219|637|632|2181|1080|891|485|1290|1003|2591|997|1419|672|1172|694|21792|4802|14240|3440|7552|2352|2197|1173|1229|697|968|733|4526|1562|2884|988|1642|952|1073|530|1031|518|42|68|988|849|739|721|249|265|349|294|266|264|83|131|443|356|393|354|50|9|0|218|0|218|0|218|37|71|37|71|0|218|497|493|497|493|0|218
312M600US419400668000|923138|2975|382078|10696|201090|8354|116772|6247|84318|5913|4176|2868|4082|2867|94|75|203|131|203|131|0|218|639|534|596|528|43|70|6788|2188|4473|1633|2315|1008|2702|1106|2436|1022|266|212|564|450|452|434|112|110|288|332|197|200|91|149|5416|1978|3447|1507|1969|1048|253|202|150|165|103|119|983|633|791|550|192|324|426|326|426|326|0|218|566|755|345|475|221|286|8008|2581|4583|1720|3425|1554|4818|1861|4196|1799|622|359|19941|3474|16481|3061|3460|1278|3323|2067|3126|2067|197|210|7808|2582|5560|2237|2248|739|2205|1095|1995|1026|210|209|5816|1912|5046|1760|770|457|1464|861|1170|719|294|237|8677|3090|7542|2897|1135|762|10231|3003|8531|2567|1700|888|8287|2817|6753|2042|1534|1152|73269|6084|39882|4526|33387|3282|4894|1715|3400|1563|1494|588|9709|2246|5932|1667|3777|911|0|218|0|218|0|218|90795|7389|33455|3264|57340|6188|2081|1193|1228|924|853|594|2873|1429|1867|1155|1006|502|3598|1790|1903|911|1695|1075|28403|4738|19179|3606|9224|1969|3368|2340|2839|2381|529|418|5228|2756|4493|2633|735|515|2050|1429|1725|1247|325|296|9233|3064|5181|2214|4052|1515|99|105|99|105|0|218|104|143|85|143|19|10|116|180|116|180|0|218|190|240|163|227|27|45|378|419|218|231|160|194
312M600US426605363000|721848|2494|547588|9682|34405|4577|25950|3544|8455|2438|5095|1481|4825|1455|270|240|0|214|0|214|0|214|2167|1090|1981|997|186|219|2136|1351|1673|926|463|527|5336|1915|4894|1858|442|381|263|279|263|279|0|214|603|440|521|371|82|137|3056|1049|2263|863|793|662|1069|662|794|553|275|358|1071|848|1025|824|46|75|1781|734|1565|735|216|240|0|214|0|214|0|214|1242|666|1075|568|167|227|662|461|526|388|136|150|8707|2269|8058|2205|649|438|948|732|948|732|0|214|827|556|611|418|216|257|1308|1435|1110|1409|198|252|1955|938|1886|921|69|118|2155|881|2035|874|120|77|2400|1072|2004|951|396|440|1585|881|1585|881|0|214|1011|656|724|491|287|228|39879|5338|24323|3669|15556|2893|4606|1262|3035|964|1571|675|5198|1538|3805|1254|1393|730|339|431|339|431|0|214|11601|2769|5645|2051|5956|1686|765|685|406|337|359|394|2633|1057|1353|753|1280|687|848|548|471|371|377|323|7160|1786|4533|1139|2627|928|2577|1498|1432|965|1145|909|1906|936|1610|857|296|267|728|543|567|399|161|234|11279|3792|6383|2868|4896|1704|920|662|635|473|285|463|3378|1994|2572|1498|806|658|0|214|0|214|0|214|202|293|202|293|0|214|459|380|341|314|118|198
314M600US1446014454|1924278|359|1405234|15059|186934|6054|99457|5149|87477|5195|12102|2568|9532|2072|2570|844|46761|6967|25215|3774|21546|4697|8544|1835|5692|1527|2852|1060|57446|9521|32942|5789|24504|5182|4075|1221|3770|1245|305|367|1165|577|1125|564|40|66|6102|1617|3786|1088|2316|914|10942|2162|6849|1915|4093|940|1927|777|1400|740|527|368|1742|1232|1258|961|484|536|3087|1192|2422|1014|665|443|366|282|366|282|0|222|3058|1490|1685|864|1373|1048|2395|1056|1956|744|439|507|6302|1348|5268|1098|1034|604|1968|1081|1239|666|729|804|110|137|0|222|110|137|3328|1469|2422|1047|906|611|3112|1252|2321|963|791|703|9493|2860|6220|1503|3273|1631|4466|2558|2953|1192|1513|2092|2332|1158|2234|1105|98|160|699|457|699|457|0|222|58726|5336|28022|3364|30704|3734|2720|1286|1822|890|898|525|7626|1900|5386|1429|2240|871|1045|1348|357|431|688|941|22434|4250|7664|1949|14770|3341|1854|1065|366|282|1488|968|684|647|423|412|261|274|3309|1213|2244|797|1065|700|2666|1318|1938|998|728|555|827|473|621|367|206|200|14418|3793|9150|2335|5268|1829|4425|1903|3796|1691|629|573|3765|1816|1953|1232|1812|1076|5225|2265|4730|2192|495|436|5785|2650|4892|2506|893|543|0|222|0|222|0|222|0|222|0|222|0|222|5079|2443|3796|1955|1283|1120
314M600US1446015764|2300374|88|1628468|13348|241813|6109|129113|6203|112700|5926|16851|2633|14171|2329|2680|840|20504|3857|12134|2678|8370|2160|13752|2330|10774|1926|2978|961|81500|7772|39601|4562|41899|5404|5321|1170|4753|1096|568|334|1210|568|1094|568|116|93|10592|2800|8708|2568|1884|900|15724|2912|10850|2551|4874|1397|4769|1959|3725|1466|1044|774|3514|2588|1963|1211|1551|1905|4247|1494|3104|1226|1143|575|5562|2792|3687|1833|1875|1550|3994|1542|2683|1125|1311|922|7598|2208|5639|1816|1959|877|13909|3329|12078|3018|1831|1123|3279|1131|2606|1045|673|452|5710|3400|4092|2440|1618|1263|3059|1051|2134|814|925|599|11065|3007|8546|2669|2519|977|13001|4366|10243|3699|2758|1067|6050|1928|5261|1823|789|558|5775|1524|4942|1239|833|624|3428|1373|3072|1228|356|268|62427|5889|37254|4219|25173|3461|5461|1440|3521|1199|1940|680|10826|2541|6151|1591|4675|1451|77|128|77|128|0|222|11528|2888|4971|1462|6557|2212|23329|4331|10941|2826|12388|2635|5888|2516|3556|1870|2332|1018|4762|1509|3990|1390|772|389|2191|775|1885|693|306|221|1089|701|1089|701|0|222|16272|4343|10080|2680|6192|2933|7654|2211|6247|1923|1407|904|5224|2131|2700|1566|2524|1387|4739|1874|3586|1539|1153|673|7085|2270|5204|2242|1881|1127|0|222|0|222|0|222|127|159|127|159|0|222|1000|646|881|629|119|126
314M600US1698016984|6710964|512|4524208|30804|1228647|17990|737985|15974|490662|15667|24872|4806|19199|3409|5673|3074|2805|1442|1994|1186|811|794|23422|3549|17425|2837|5997|1893|7949|2197|5814|2098|2135|1025|13191|2127|11289|1934|1902|770|2550|1810|1567|683|983|1522|24141|4168|17385|3088|6756|1880|29010|5411|16306|3668|12704|2914|149941|10094|84547|7994|65394|4969|29614|5047|19833|4210|9781|1990|43452|6070|24737|3639|18715|4199|1524|867|1177|721|347|298|5744|1882|3574|1226|2170|1019|42644|5615|26781|4167|15863|2963|34081|5146|27714|4176|6367|2035|51743|7655|38244|5595|13499|3104|5890|2364|4921|1935|969|644|5165|2560|3459|1674|1706|1330|13906|3979|9312|2356|4594|3153|48283|6077|28619|4249|19664|3807|12683|3280|11052|2982|1631|1328|10734|3075|9803|2961|931|475|18981|4135|14318|3792|4663|1119|87002|7879|43938|5026|43064|4872|9889|2129|5863|1507|4026|1156|29547|4505|13378|2753|16169|2899|119|139|55|87|64|104|16806|3680|7875|1985|8931|2365|2308|1384|947|503|1361|1028|6079|1506|3379|770|2700|1137|13667|3037|7496|2298|6171|2006|68944|6797|50465|5567|18479|3437|6017|2876|5083|2668|934|599|62751|8387|46086|6965|16665|3269|4782|1664|4143|1363|639|597|17445|4124|9830|2846|7615|2435|22468|4434|18335|4002|4133|1295|4152|1680|3024|1350|1128|718|0|206|0|206|0|206|423|422|423|422|0|206|3385|1264|2671|1206|714|396
314M600US1698029404|831067|389|605832|7993|135042|6286|80701|5987|54341|5104|1641|651|1300|546|341|419|855|1033|196|224|659|970|1709|702|1593|715|116|141|550|486|459|423|91|154|2395|1189|1891|883|504|412|29|48|29|48|0|210|1244|539|866|438|378|310|6724|2063|3499|1464|3225|1040|10810|2681|7352|1940|3458|1505|1035|871|979|865|56|75|3056|1659|1359|608|1697|1394|23|39|23|39|0|210|931|650|885|646|46|75|4968|2390|3703|1724|1265|956|5868|2357|4931|2041|937|552|2881|1192|2761|1139|120|204|780|686|637|559|143|206|1896|1521|1577|1276|319|344|2447|1605|2398|1599|49|87|2431|1118|1838|971|593|571|5559|1994|4646|1823|913|658|3111|1317|2445|1118|666|541|1581|916|1370|828|211|301|6832|1945|3910|1403|2922|982|2094|1251|1368|952|726|407|4306|1511|2148|938|2158|814|34|66|34|66|0|210|2187|1311|1389|804|798|916|274|325|0|210|274|325|0|210|0|210|0|210|554|536|370|364|184|191|5618|1385|4482|1207|1136|542|1047|624|484|488|563|577|1136|654|855|482|281|299|373|311|373|311|0|210|185|310|0|210|185|310|411|470|363|432|48|76|1497|1117|880|780|617|675|0|210|0|210|0|210|0|210|0|210|0|210|1121|671|589|414|532|372
314M600US1910019124|5019263|1056|3320830|19945|1150640|16537|674921|15080|475719|14296|18951|3805|14640|3183|4311|1553|1112|783|605|483|507|613|2576|1078|2576|1078|0|237|9530|3035|6066|2548|3464|1319|6950|1725|6124|1558|826|478|1785|1077|1652|904|133|223|2307|1488|2052|1461|255|258|9386|2351|6263|1489|3123|1270|2418|879|2313|894|105|125|1980|941|1570|751|410|362|4463|2299|3388|2113|1075|673|769|673|455|411|314|353|11839|2964|6396|1972|5443|1659|13456|3063|9852|2489|3604|1340|37631|5297|33125|4581|4506|1369|29120|6028|24303|5042|4817|1737|5396|2523|3973|2069|1423|954|10107|3335|6802|2224|3305|2088|23529|5315|18890|4847|4639|1819|8454|2567|6235|2009|2219|1064|46749|6182|39393|5135|7356|2637|25984|5301|21949|4874|4035|1850|20087|3514|15452|3048|4635|1472|45852|5301|26908|4308|18944|2469|5456|1748|3017|1054|2439|1309|28239|4425|15299|2865|12940|2740|27|45|0|237|27|45|49292|5956|25976|3797|23316|3499|4699|1777|2373|1107|2326|1030|4360|1810|2889|1394|1471|682|9395|3311|4109|1628|5286|2252|15001|3278|13044|3060|1957|686|2621|1042|2006|953|615|426|26034|5114|18454|3856|7580|2066|1474|731|1096|551|378|327|17233|4237|9426|2587|7807|2832|24070|4815|21727|4393|2343|1075|15093|4345|12749|3766|2344|1201|0|237|0|237|0|237|1746|1041|1566|967|180|301|2622|1133|1882|858|740|677
314M600US1910023104|2427874|707|1761006|17625|488500|14648|315052|11893|173448|9872|12785|3674|6596|2184|6189|2858|927|837|648|714|279|387|993|449|861|435|132|143|2230|963|1660|910|570|348|4197|2102|3699|2046|498|521|1407|1008|1407|1008|0|237|721|563|721|563|0|237|1914|906|1511|719|403|416|368|298|286|235|82|98|1558|928|323|445|1235|802|438|407|362|314|76|126|0|237|0|237|0|237|3069|1359|1856|797|1213|863|3069|1196|2413|1021|656|397|3909|1567|3764|1551|145|172|8508|3065|6763|2416|1745|973|424|471|336|350|88|143|1528|995|1073|710|455|519|10826|4031|7496|3573|3330|1484|3971|3115|1809|1222|2162|2488|2927|1533|2325|1326|602|463|916|522|916|522|0|237|1731|885|1313|731|418|333|7518|1637|4337|1200|3181|1283|1374|594|628|425|746|391|4796|1954|2456|1260|2340|983|253|325|253|325|0|237|31214|4974|12947|2617|18267|3179|600|541|261|251|339|406|5056|2052|2469|1257|2587|1577|3670|1921|922|626|2748|1721|7839|2385|5402|1946|2437|1069|6200|2546|4615|1962|1585|1143|16861|5341|12623|4166|4238|1647|265|142|265|142|0|237|2646|2045|1882|1549|764|676|12016|2504|10677|2308|1339|711|9207|3618|6622|3343|2585|1555|18|32|18|32|0|237|17|30|17|30|0|237|402|499|306|433|96|157
314M600US1982019804|1647042|-555555555|1393131|11654|67289|4891|41123|3893|26166|3286|2746|811|1838|620|908|571|881|964|825|945|56|93|2522|1177|1960|955|562|479|813|469|481|260|332|386|1842|604|1674|560|168|208|51|85|51|85|0|184|3227|1280|2561|1135|666|362|1137|740|415|307|722|655|1797|727|1465|657|332|291|1193|956|705|535|488|655|2732|1019|1277|557|1455|752|151|202|151|202|0|184|1261|688|608|427|653|566|1907|1043|1446|957|461|371|4412|1375|3434|1111|978|527|4086|2041|3188|1950|898|498|2902|1711|2243|1552|659|536|14426|3818|3521|1680|10905|3021|1258|602|929|522|329|255|6773|2683|4102|2078|2671|1253|3148|1344|2530|1207|618|556|1554|695|1294|577|260|228|2198|1187|1674|977|524|480|4514|1554|2314|1037|2200|942|1435|757|798|391|637|540|1685|789|755|462|930|521|664|748|321|437|343|355|845|607|391|433|454|438|177|229|177|229|0|184|361|385|279|306|82|134|272|299|272|299|0|184|4185|1355|3303|1151|882|506|342|299|236|249|106|129|105812|9453|49498|6648|56314|6331|247|273|247|273|0|184|511|834|511|834|0|184|635|530|586|505|49|81|889|658|455|436|434|405|0|184|0|184|0|184|67|97|28|49|39|56|964|758|805|697|159|208
314M600US1982047664|2457525|773|2127416|11173|51455|4035|34428|3496|17027|2511|7325|1951|6163|1865|1162|703|280|451|280|451|0|184|7741|1416|5627|1245|2114|607|1600|853|1284|676|316|286|7751|1574|6909|1456|842|545|2276|1001|1818|974|458|359|3929|1774|2774|1621|1155|710|7473|2174|4634|1706|2839|1014|7662|1845|5254|1290|2408|1085|4712|1663|2967|1150|1745|855|8222|1924|5596|1437|2626|1070|820|572|497|341|323|412|1496|813|775|549|721|492|4660|2279|3658|1773|1002|620|11533|2817|10549|2823|984|536|6442|2445|4878|2009|1564|832|3080|1733|2797|1622|283|247|14445|3603|6151|2266|8294|2089|3599|1458|3127|1362|472|333|21632|4154|14278|3394|7354|1893|8272|2410|6267|2032|2005|945|4344|1461|3563|1211|781|451|5013|1880|4044|1615|969|504|20001|3268|11440|2325|8561|2145|7688|2299|2802|1211|4886|1762|6397|2035|3003|1386|3394|1218|3963|1994|2807|1478|1156|776|3365|1333|1273|570|2092|1002|286|282|249|232|37|62|1287|1018|858|675|429|377|631|531|295|243|336|444|10999|2741|7660|1919|3339|1337|308|234|308|234|0|184|43684|6247|26877|4251|16807|2870|2038|1064|1979|1061|59|59|26639|5518|16336|4578|10303|2786|3256|1922|3024|1838|232|365|687|620|608|606|79|149|0|184|0|184|0|184|1683|1955|1629|1952|54|89|1435|640|1212|590|223|256
314M600US3108011244|2988872|577|1585034|17718|738380|12436|462358|12313|276022|10765|9596|2077|8509|2028|1087|553|0|218|0|218|0|218|3413|1058|2796|959|617|420|4032|1579|3158|1326|874|723|8071|1973|7219|1804|852|506|2720|1232|2371|1245|349|198|3590|1741|3234|1610|356|288|7107|1981|4646|1479|2461|1168|2948|1687|1728|1013|1220|1296|2179|1702|2015|1640|164|271|3802|1573|2544|1280|1258|935|3528|1404|2727|1365|801|577|47591|6258|32444|5347|15147|2636|14245|4014|10102|2927|4143|1734|14336|3878|11808|3263|2528|1526|7282|2673|5723|2337|1559|752|1110|812|1073|776|37|62|2638|1423|1919|1164|719|563|9276|4640|5388|2024|3888|3225|10466|3035|7356|2312|3110|1254|4566|1849|4121|1690|445|349|7489|3822|7015|3798|474|423|1834|988|1722|977|112|150|95692|6397|54547|4406|41145|4133|17745|3042|9718|2026|8027|1782|73219|6306|30279|3592|42940|4528|439|415|342|320|97|113|193948|8949|80323|6075|113625|6414|4580|1611|2780|1259|1800|851|5465|2099|3192|1348|2273|1033|5951|2435|4011|2073|1940|750|52308|5499|38424|4399|13884|2229|5585|1897|4012|1463|1573|731|29662|5912|20971|4295|8691|2926|1578|740|1354|683|224|300|3530|1662|2601|1389|929|886|231|287|231|287|0|218|1556|903|1099|692|457|409|0|218|0|218|0|218|517|549|355|524|162|170|1633|753|1115|587|518|309
314M600US3108031084|9232745|-555555555|4169105|32655|3480588|21295|2012283|24665|1468305|22216|31136|3931|27010|3615|4126|1417|4061|1734|3492|1543|569|478|15404|2601|12860|2246|2544|922|15367|2984|11864|2540|3503|1299|16282|2425|15502|2370|780|380|4842|1578|3852|1395|990|705|4859|1634|3990|1550|869|416|51681|6249|26023|3605|25658|4466|4841|1293|3846|1148|995|421|5944|2578|4236|2195|1708|966|7396|1782|4545|1331|2851|1046|173320|10345|98910|8443|74410|6317|74498|8154|43517|5573|30981|4480|7364|2003|5162|1455|2202|916|28373|4597|22606|3919|5767|1987|9032|2682|5843|1639|3189|1436|8542|2850|6342|2382|2200|934|15031|4072|9383|2434|5648|2069|7478|2563|5225|1710|2253|1396|12329|2327|9268|2005|3061|1021|4165|1261|3825|1251|340|313|4788|1885|3855|1478|933|628|4371|1569|3060|1085|1311|857|369258|13171|157267|7720|211991|10338|44741|5740|23123|3546|21618|3449|164874|9229|68397|5265|96477|6670|769|640|769|640|0|218|85418|7904|32521|4077|52897|5714|27211|5613|12196|3356|15015|3081|20337|2883|7973|1579|12364|2223|16185|2988|7932|1921|8253|2111|205160|10011|136581|7195|68579|6024|27777|3316|17433|2301|10344|2010|46934|6968|34709|5671|12225|2476|23264|4377|18778|3851|4486|1289|9322|2572|6428|1710|2894|1610|14388|4020|11488|3263|2900|1619|4145|1428|3581|1321|564|394|260|171|260|171|0|218|991|593|723|427|268|244|10914|3028|5689|1857|5225|1802
314M600US3310022744|1842516|447|1031765|14091|525838|8704|311441|10706|214397|10165|23181|3976|16288|3271|6893|1648|107274|12044|63760|8196|43514|6880|4453|1207|3556|1043|897|504|36292|5787|21494|3748|14798|3158|4210|1355|3376|1156|834|540|3475|2659|3204|2684|271|386|1825|909|1606|784|219|265|10075|2513|5097|1417|4978|1774|2113|1121|916|513|1197|911|524|338|443|317|81|98|3020|1444|1959|955|1061|744|700|583|260|263|440|480|476|334|431|326|45|74|958|1022|821|991|137|231|3583|2331|2796|1856|787|659|5974|3254|4207|2401|1767|1227|173|297|173|297|0|239|3061|2003|1837|1324|1224|1239|1465|1073|706|703|759|660|5789|1993|3613|1202|2176|1164|3040|2170|2112|1620|928|836|1265|716|1194|700|71|117|3032|1334|2169|939|863|632|9090|2587|4267|1809|4823|1491|403|372|403|372|0|239|1268|674|543|386|725|562|0|239|0|239|0|239|6595|3624|2980|1849|3615|1997|104|174|52|91|52|84|831|628|388|392|443|428|2865|1905|1444|1163|1421|1017|5150|2229|3378|1623|1772|1047|257|275|160|228|97|159|9603|3541|7451|3154|2152|1000|9643|2792|8611|2553|1032|687|1487|1388|646|705|841|1190|1155|1056|992|860|163|261|373|371|191|224|182|242|0|239|0|239|0|239|273|368|171|214|102|159|9858|3431|8497|3008|1361|925
314M600US3310033124|2530515|274|633746|15998|1676193|10098|874523|16024|801670|14116|16553|3664|11734|2626|4819|1777|104501|11488|67487|8278|37014|5513|6824|1760|4823|1368|2001|867|25014|3977|19290|3293|5724|1780|4319|1270|3988|1239|331|216|1045|646|1045|646|0|239|2033|1041|1709|1014|324|345|6834|2093|4486|1476|2348|964|1233|600|987|598|246|245|1035|633|621|486|414|386|2577|1238|2195|1128|382|264|59|99|0|239|59|99|1976|1065|1852|1053|124|168|174|224|136|166|38|69|3062|1916|2699|1585|363|416|1618|1064|1114|936|504|468|129|222|87|155|42|70|1348|864|1167|770|181|214|276|281|240|276|36|61|2167|1178|1368|711|799|735|1119|1100|1119|1100|0|239|551|505|551|505|0|239|592|683|592|683|0|239|6640|1866|3932|1265|2708|933|446|378|245|236|201|193|2536|1912|1025|693|1511|1378|0|239|0|239|0|239|2090|1757|926|812|1164|1107|468|512|0|239|468|512|727|673|296|272|431|571|2782|1159|2108|983|674|474|6311|2014|5278|1678|1033|751|232|263|232|263|0|239|5625|2234|4635|1816|990|742|4565|1704|3224|1423|1341|753|510|486|510|486|0|239|449|560|310|370|139|240|211|244|211|244|0|239|68|113|0|239|68|113|0|239|0|239|0|239|1877|808|1628|759|249|250
314M600US3310048424|1444867|257|957113|15042|283480|6737|148485|7598|134995|7090|12425|2297|8868|1993|3557|1035|94238|12037|50294|7877|43944|7317|4732|1197|3445|1057|1287|656|18357|4176|11577|2892|6780|2828|6061|1722|5597|1495|464|448|1605|919|1518|873|87|144|1309|612|786|399|523|404|9035|2411|6087|2006|2948|1630|1469|589|690|379|779|433|1003|614|573|384|430|480|3105|1293|1852|825|1253|673|243|399|243|399|0|239|461|459|298|271|163|271|1561|1207|1086|942|475|365|1614|902|1507|914|107|116|2021|1885|1317|1158|704|794|0|239|0|239|0|239|2548|1446|1628|1017|920|572|397|421|260|257|137|192|3295|1245|1860|737|1435|883|1396|665|1258|601|138|174|886|750|886|750|0|239|812|677|777|658|35|63|4254|1314|1388|681|2866|965|1073|635|582|486|491|327|1381|813|103|98|1278|788|0|239|0|239|0|239|5530|2507|2371|921|3159|1925|0|239|0|239|0|239|680|433|343|323|337|230|1645|905|805|518|840|560|3623|1541|2863|1343|760|643|693|365|549|290|144|200|5504|2348|4303|2063|1201|1074|2852|1350|2432|1274|420|274|115|191|115|191|0|239|719|657|361|289|358|452|1932|2010|1234|1245|698|1134|0|239|0|239|0|239|0|239|0|239|0|239|5700|1912|2944|920|2756|1348
314M600US3562035004|2760246|244|2006074|16266|387134|10835|214686|8321|172448|8363|12506|2845|10291|2510|2215|1037|20898|4170|15227|3282|5671|1774|30541|4683|21368|3301|9173|2628|9891|3315|6389|2407|3502|1275|7280|2306|6591|2296|689|431|5725|2143|4454|1870|1271|728|15523|3144|12787|2845|2736|989|12044|3086|8155|2262|3889|1600|10805|3118|6065|2070|4740|1460|2586|1083|2093|905|493|375|4238|1701|2633|1357|1605|886|893|544|788|499|105|128|8474|2277|5797|1792|2677|1115|4908|1808|3977|1535|931|525|9350|1713|7706|1670|1644|639|19601|6022|14545|4510|5056|1937|15385|4864|8906|3178|6479|2266|10429|3034|7703|2586|2726|1153|6383|3538|3924|1767|2459|1987|7872|2803|6766|2568|1106|632|1998|1193|1486|849|512|590|1523|718|1152|513|371|393|9419|2285|5718|1485|3701|1345|54309|6125|29035|4005|25274|3616|2524|1121|1386|776|1138|636|17004|3337|7672|1876|9332|2009|57|96|57|96|0|217|1135|604|605|370|530|410|0|217|0|217|0|217|727|500|350|331|377|334|10374|3443|5535|2289|4839|1650|13957|2781|10984|2222|2973|1233|387|259|141|138|246|218|13817|5767|11015|5106|2802|1783|8776|2590|7729|2488|1047|585|771|853|751|850|20|33|9646|3670|8201|3057|1445|801|618|502|618|502|0|217|99|159|0|217|99|159|203|161|113|117|90|64|4362|2249|3493|1934|869|589
314M600US3562035084|2140447|859|1441756|15429|380210|8861|194993|7795|185217|6994|10661|3099|8845|2877|1816|886|40867|7792|26095|5383|14772|3938|10808|2007|7679|1807|3129|926|54669|7079|27111|3660|27558|5355|4262|1313|4088|1309|174|192|1636|767|1519|743|117|147|8196|2881|6113|2639|2083|1007|9512|2617|6862|2131|2650|861|10596|2405|7110|1735|3486|1179|1314|785|665|429|649|529|6467|1986|4106|1706|2361|1164|181|181|101|123|80|134|1602|976|1020|695|582|545|12692|2882|8370|2237|4322|1357|13497|2575|11683|2283|1814|838|3581|1793|2756|1350|825|550|1458|1047|1165|988|293|410|4001|2021|2376|1061|1625|1252|2208|1081|2009|982|199|272|4921|1456|3822|1208|1099|575|8337|2694|7230|2516|1107|660|5894|2049|5662|2000|232|257|2864|1145|2562|1071|302|298|23517|3734|13562|2344|9955|2155|1782|1193|1265|843|517|412|4877|1649|3099|1220|1778|787|1|1|1|1|0|210|2984|1622|1182|1039|1802|1085|78|135|78|135|0|210|304|236|166|181|138|165|4432|2121|3148|1632|1284|750|13220|2584|10741|2351|2479|809|550|459|477|393|73|124|11556|3801|7188|2362|4368|2185|2857|1230|2057|1055|800|518|708|464|596|459|112|163|17527|4517|15342|4016|2185|1097|5126|2861|4859|2832|267|359|0|210|0|210|0|210|218|269|174|240|44|75|8520|2909|6612|2527|1908|994
314M600US3562035154|2366523|605|1690083|17277|257958|8851|141409|7419|116549|7454|5027|1465|4602|1444|425|311|7116|3301|4135|2403|2981|1793|11928|2490|9499|2010|2429|1004|19132|3684|10596|2185|8536|2403|4678|1578|3931|1366|747|522|8332|3363|7715|3291|617|447|4026|1472|3598|1405|428|359|23990|4877|14961|3481|9029|2690|15216|3286|8046|1649|7170|2721|835|484|287|242|548|399|6817|2550|3964|1820|2853|1514|63|77|63|77|0|225|1852|1079|1150|694|702|470|44793|6352|29372|4557|15421|2795|35446|4549|29472|3913|5974|1860|18174|4178|14024|3149|4150|1522|10233|3718|6363|2458|3870|1853|7853|2573|6507|2255|1346|707|10797|2664|9122|2395|1675|801|6566|2299|4935|1965|1631|761|21561|4066|17526|3257|4035|1617|15603|3928|12857|3228|2746|1263|10925|3267|9513|3133|1412|718|44095|4672|24094|3119|20001|2743|1457|498|688|381|769|374|7393|1993|3540|1401|3853|1330|0|225|0|225|0|225|4073|1669|2019|1014|2054|865|64|117|64|117|0|225|778|664|577|519|201|280|6586|2592|3955|1835|2631|1240|20319|3859|15995|3297|4324|1201|955|490|798|437|157|197|14541|3188|11376|2632|3165|1438|9037|3593|7556|2881|1481|1094|581|695|373|591|208|349|11419|3342|10135|2936|1284|826|549|553|402|377|147|259|0|225|0|225|0|225|483|437|483|437|0|225|5189|1735|3005|1147|2184|1229
314M600US3562035614|11253676|928|6029972|39476|2619203|20631|1404043|22892|1215160|21158|114404|10744|89104|8489|25300|4611|113715|12210|71662|7891|42053|7107|90452|7413|61130|5677|29322|3837|50711|5800|34093|4540|16618|2916|24313|3510|22852|3343|1461|527|148344|11375|71510|9250|76834|7558|44489|5162|30077|4192|14412|2415|209078|14902|100431|10427|108647|8755|62746|5917|34211|3594|28535|3853|19816|3830|13100|2977|6716|1824|42047|6176|22607|4245|19440|3878|8914|2658|6144|1933|2770|1721|15432|3341|10724|2855|4708|1437|24816|4062|17317|3147|7499|1928|61357|7135|48933|6290|12424|2768|55263|7112|31140|4427|24123|4236|28118|5106|13650|2617|14468|3164|131273|10025|64810|6995|66463|5426|29528|5033|17855|3363|11673|2841|74348|10087|46984|7170|27364|5398|6160|1636|5241|1467|919|592|8356|2348|6507|1986|1849|1149|20477|4229|14805|3072|5672|1744|546094|15244|193694|10115|352400|10972|33141|3809|16496|3009|16645|2271|125737|10076|59317|6415|66420|5801|125|204|86|139|39|65|15374|3737|6638|1724|8736|2671|4204|1916|2275|1063|1929|1112|6668|1783|2617|962|4051|1329|51695|6329|27730|4271|23965|3667|91638|7004|67112|6140|24526|2804|14201|3756|9851|3163|4350|1596|140844|16712|90424|11749|50420|7224|48782|6896|38235|5500|10547|3188|12630|4469|8054|3235|4576|1795|82650|9007|60447|6746|22203|4704|9215|2430|7787|2365|1428|791|101|105|101|105|0|210|1375|1210|1375|1210|0|210|35870|6618|24235|4664|11635|3203
314M600US3798015804|1227895|62|1029905|7587|108069|5165|62214|4543|45855|4668|1696|649|1502|642|194|197|2624|2757|1327|1348|1297|1453|5345|1312|3513|1099|1832|798|4861|2514|1393|799|3468|2097|3323|1041|2809|1079|514|380|219|248|219|248|0|225|1738|1097|1054|706|684|521|909|581|683|475|226|302|2690|1161|2004|1070|686|353|909|1065|870|1065|39|62|1109|761|849|758|260|326|45|75|45|75|0|225|388|610|313|493|75|117|3610|1385|2564|1311|1046|725|3716|1459|2843|1195|873|708|2201|1313|1240|696|961|841|294|292|105|134|189|202|3207|1697|1472|1023|1735|1074|924|765|924|765|0|225|1524|1109|1403|1037|121|194|2289|1313|1527|914|762|773|1811|982|1358|807|453|426|1544|1045|1221|869|323|344|8024|2378|3142|986|4882|2079|1089|689|585|475|504|385|2592|984|1133|527|1459|725|0|225|0|225|0|225|5118|2053|2701|1356|2417|1119|2793|2127|1528|1419|1265|850|97|134|97|134|0|225|4451|2385|1991|1030|2460|1550|6931|1922|4791|1592|2140|957|729|746|685|739|44|57|3427|1232|2538|917|889|502|961|675|828|591|133|152|419|402|279|299|140|173|4964|1985|3296|1556|1668|1034|277|326|9|5|268|326|0|225|0|225|0|225|444|495|444|495|0|225|629|459|431|343|198|259
314M600US3798033874|1953152|1087|1682461|11832|79588|6586|48787|4926|30801|4226|6180|2179|4949|1819|1231|1037|988|815|353|373|635|625|5881|1847|3728|1126|2153|954|5088|2088|3629|1800|1459|864|5871|2055|4387|1255|1484|1029|8457|4755|6975|3950|1482|972|2085|1046|1749|816|336|327|14853|3079|9383|2361|5470|1538|2864|1241|1849|908|1015|671|763|626|621|487|142|170|6074|2013|3884|1384|2190|1161|728|444|536|421|192|184|1291|726|758|574|533|367|13865|3191|8957|2183|4908|1629|7223|2641|6430|2259|793|590|3087|1987|2495|1607|592|483|1762|1257|1278|928|484|486|5957|3353|3370|1997|2587|1697|3988|1765|2948|1499|1040|801|3434|1705|2151|1189|1283|697|6802|2108|6016|1981|786|551|3214|1231|1988|838|1226|799|5867|1873|4606|1500|1261|742|22941|3437|13141|2816|9800|1827|1443|620|1143|556|300|277|13300|3068|6461|2004|6839|1673|89|51|30|49|59|13|7854|2695|2660|1103|5194|2021|978|815|646|512|332|329|501|486|248|260|253|257|2385|1316|1512|995|873|548|3371|1408|2983|1315|388|388|1049|1023|650|601|399|445|9559|3655|6337|2561|3222|1992|729|382|729|382|0|190|2262|1053|1626|924|636|385|2315|1107|1752|891|563|535|479|315|427|307|52|90|0|190|0|190|0|190|616|861|616|861|0|190|4910|2580|2249|1094|2661|1981
314M600US3798037964|2017096|245|1583064|16673|186126|7597|95259|9441|90867|8441|12922|3791|8101|2272|4821|2971|8358|4451|4044|2544|4314|2262|5419|1326|4017|1108|1402|677|10732|4389|4574|2203|6158|3337|4093|2061|3742|2050|351|270|1338|755|1056|607|282|465|3443|1548|2388|1324|1055|502|13641|2916|5604|1855|8037|1837|3698|1637|2133|1022|1565|862|766|548|766|548|0|190|6107|2278|1885|755|4222|2107|1349|696|1208|641|141|175|2693|1565|1901|1003|792|855|3867|1548|3340|1358|527|518|3845|1755|3017|1506|828|466|2537|1284|1379|761|1158|859|1662|1337|956|712|706|875|7037|2766|3137|1269|3900|1911|2915|1441|1812|1058|1103|811|9489|2915|4831|1753|4658|2158|1436|726|1203|618|233|225|1648|874|1435|772|213|339|7944|2575|4453|1878|3491|1638|42440|6267|16262|2671|26178|5136|938|538|667|425|271|312|9840|3825|5436|2384|4404|1907|104|167|104|167|0|190|16553|4097|5883|1831|10670|2803|8036|3070|3151|1390|4885|2215|1177|714|707|483|470|368|7910|3453|3789|1515|4121|2442|5957|2141|3659|1460|2298|1281|2029|1163|812|694|1217|915|13253|4997|8415|3759|4838|2443|952|609|952|609|0|190|3667|2325|1478|1213|2189|1633|11002|3553|6550|2720|4452|2149|3178|2450|2022|1351|1156|1419|0|190|0|190|0|190|216|362|216|362|0|190|3715|1595|2380|1328|1335|743
314M600US3798048864|705671|876|609882|5211|47460|3293|30201|3333|17259|2568|2266|905|1542|690|724|573|1719|1506|1284|1414|435|497|1012|464|636|315|376|348|506|376|354|345|152|225|1239|484|1131|456|108|180|815|452|544|361|271|269|440|276|362|245|78|98|1098|722|890|591|208|261|1054|666|839|541|215|213|0|210|0|210|0|210|645|624|449|383|196|331|0|210|0|210|0|210|125|152|125|152|0|210|3427|2050|2312|1685|1115|603|2640|1068|2554|1040|86|96|1556|1149|1144|1023|412|372|0|210|0|210|0|210|1801|813|1464|693|337|336|1391|834|1127|705|264|224|0|210|0|210|0|210|1420|945|1109|725|311|346|1534|1050|1380|955|154|209|1691|897|1476|725|215|313|6651|1860|3719|1306|2932|1208|329|245|179|174|150|152|1016|671|747|490|269|232|0|210|0|210|0|210|1009|782|651|626|358|279|40|68|40|68|0|210|194|215|107|159|87|141|1140|1371|727|851|413|572|831|493|343|283|488|372|1086|1477|229|309|857|1176|2507|1243|1247|733|1260|859|125|154|125|154|0|210|354|371|264|268|90|161|3447|2019|2934|1726|513|457|2380|1152|2034|1042|346|374|0|210|0|210|0|210|67|109|67|109|0|210|774|628|774|628|0|210
314M600US4186036084|2640960|654|1516005|17740|447824|10999|261953|9762|185871|9012|16675|2860|14200|2595|2475|874|858|781|762|657|96|159|3439|1040|2742|873|697|507|9937|2627|5562|1230|4375|2220|8110|1706|6855|1523|1255|657|1068|543|909|532|159|166|1804|612|1673|590|131|126|13556|3315|6996|2156|6560|1941|4462|3447|2968|1789|1494|1791|1554|820|917|492|637|494|4129|1698|2749|1273|1380|692|1080|735|981|710|99|180|24766|4727|17025|3577|7741|1947|9445|2652|7181|1987|2264|1030|51278|6455|46002|5951|5276|1291|4729|1639|4067|1497|662|428|20370|5083|12656|3272|7714|2199|5498|1785|4155|1415|1343|819|17262|4768|14040|4144|3222|1434|9155|3961|7309|3293|1846|1289|26353|4313|22081|3893|4272|1347|20290|4209|17155|3605|3135|1432|8756|2561|6464|1967|2292|1680|186429|10121|89244|6664|97185|6492|8491|2026|6104|1747|2387|794|21651|3762|10777|2119|10874|2245|592|505|461|416|131|218|30229|5013|11834|2692|18395|3262|3880|1648|1885|963|1995|921|3768|1145|2006|708|1762|678|14127|3229|7513|2008|6614|1985|91786|7517|62403|6407|29383|3009|13003|3116|8623|2362|4380|1685|16865|5823|13097|4616|3768|1598|2195|934|1931|779|264|267|9097|3374|4987|1916|4110|2353|4994|2400|3415|1638|1579|1064|2567|1527|2234|1420|333|284|140|164|108|163|32|24|408|498|345|434|63|107|2335|978|1331|702|1004|821
314M600US4186041884|1468487|909|825861|10678|191721|7707|115172|5616|76549|6986|16097|3595|13740|2702|2357|1237|284|336|284|336|0|218|6685|1501|5747|1204|938|605|10670|2872|7248|2195|3422|1780|5440|1359|4756|1250|684|377|1276|820|1276|820|0|218|2909|1527|2679|1500|230|198|15554|2812|10179|2190|5375|1475|1330|707|1218|678|112|192|1239|639|1072|627|167|133|3919|2166|2437|1231|1482|1080|1728|844|1529|778|199|216|6344|1924|4914|1739|1430|843|3087|1545|2171|958|916|708|13640|2950|11916|2707|1724|666|2173|1302|1296|790|877|804|1861|1117|1162|726|699|550|1160|570|985|525|175|174|2646|1207|2422|1146|224|263|4950|1876|4054|1769|896|582|1904|1247|1904|1247|0|218|2629|1591|2069|1393|560|493|1299|725|1241|720|58|103|217074|9593|98299|6433|118775|5923|8473|2049|5345|1301|3128|1226|10903|2169|6601|1745|4302|1119|540|556|540|556|0|218|10595|2080|4970|1226|5625|1630|2135|903|1137|814|998|630|3108|1137|1311|541|1797|1037|6653|1802|3462|1112|3191|1185|59375|6557|39048|4819|20327|3038|8772|1991|6433|1346|2339|1063|7541|2396|4886|1647|2655|1274|1902|814|1796|784|106|116|1376|979|1050|845|326|295|1005|847|679|546|326|401|911|429|861|428|50|9|0|218|0|218|0|218|270|396|270|396|0|218|1448|944|1261|912|187|184
314M600US4266042644|2940977|600|2086949|18780|204196|8660|124961|6353|79235|6337|13567|2274|12852|2161|715|370|1285|1207|871|852|414|409|3997|1572|3418|1386|579|388|9310|2617|6047|1934|3263|1689|8984|1982|8195|1892|789|458|3292|1295|2989|1239|303|302|1363|663|1281|637|82|137|33872|6459|21653|4984|12219|2563|4826|2554|3395|2377|1431|924|4555|2209|3361|1983|1194|609|20737|5315|11097|3510|9640|2545|738|817|643|666|95|164|11563|2815|6527|1750|5036|1650|6159|1863|5273|1662|886|648|38728|5281|34453|4864|4275|1379|6205|2113|4606|1461|1599|931|11737|3248|5773|1665|5964|2089|4692|1971|4419|1924|273|268|10111|3084|7680|2558|2431|1083|12343|3357|9900|2830|2443|1277|20302|4638|15873|3432|4429|2407|10577|2822|9438|2449|1139|647|9267|3105|7871|2927|1396|596|124927|7697|73335|5998|51592|4677|16561|2825|11625|2404|4936|1138|37965|4935|17413|2511|20552|3426|2838|1883|1222|855|1616|1829|54934|6871|24549|3979|30385|4226|6848|2348|3517|1923|3331|1071|11260|3320|5110|1869|6150|2282|13420|4865|7482|2839|5938|2995|35580|4292|23263|3024|12317|2406|19499|3549|12704|2687|6795|1914|17548|4110|13421|3156|4127|1516|3570|1876|3241|1801|329|287|35263|7170|21032|5571|14231|3499|6180|3219|4009|2244|2171|1380|10951|2966|7945|2301|3006|1241|244|354|244|354|0|214|2105|1143|1964|1097|141|227|1929|743|1570|647|359|284
314M600US4790023224|1263290|228|785722|12750|193553|5197|108366|5516|85187|5620|20952|3802|16466|3284|4486|1459|2603|2099|2426|1956|177|281|2640|967|1668|572|972|672|9937|3515|5958|1841|3979|2149|5252|1503|4590|1219|662|526|1801|1369|1712|1370|89|150|2439|1154|1972|891|467|428|10113|2673|7041|2210|3072|983|1427|743|1316|754|111|133|780|633|256|226|524|580|5100|1963|4254|1883|846|563|1241|906|822|635|419|325|11857|2714|7770|1972|4087|1492|2240|1078|1540|647|700|642|8292|1851|7616|1781|676|419|3499|1524|2830|1371|669|450|1387|628|1109|612|278|224|5771|2547|3608|1529|2163|1415|9179|3457|6220|1923|2959|2212|5681|2402|4311|2141|1370|1220|7405|3728|5258|2912|2147|1559|3448|1857|2562|1450|886|693|3453|1302|3206|1220|247|211|43182|5615|22506|3100|20676|3327|2827|2004|1583|1417|1244|903|14733|2652|7727|1496|7006|1665|0|224|0|224|0|224|9426|2445|3823|1393|5603|1588|684|687|452|520|232|262|3026|1536|1275|694|1751|1017|5049|1817|3387|1203|1662|988|10392|2721|8394|2414|1998|836|2655|1913|1056|572|1599|1829|4382|1766|3232|1161|1150|962|1583|770|1583|770|0|224|36777|7777|25785|6307|10992|2825|14511|3477|12253|2908|2258|891|5226|2826|4320|2261|906|661|0|224|0|224|0|224|312|310|224|258|88|158|2753|1642|2533|1562|220|260
314M600US4790047894|4735744|3399|3365618|24105|623422|11012|350223|11950|273199|11161|46011|7153|36561|5725|9450|2311|10063|3449|6685|2594|3378|1941|10147|2841|8724|2350|1423|810|9929|2900|6996|1868|2933|1469|12269|1574|11780|1607|489|242|4871|1620|4227|1341|644|534|4573|1516|4030|1386|543|357|14103|3663|10736|3205|3367|1100|2056|882|1621|773|435|282|2191|1054|1653|883|538|505|5132|1677|4024|1369|1108|613|2124|1469|2106|1464|18|29|34496|4631|19856|3237|14640|2777|6418|1960|5136|1731|1282|570|27439|4156|21526|3023|5913|2594|27928|5065|18070|3657|9858|2537|9118|3406|6260|2539|2858|1331|16577|4137|10427|2311|6150|3180|23103|5023|16383|3757|6720|2048|21267|5221|13957|3419|7310|2644|22625|4135|19139|3553|3486|1182|14456|4165|12471|3869|1985|865|4953|1774|4591|1647|362|302|49600|5161|30723|3632|18877|2865|7647|1907|5045|1317|2602|1005|49414|4508|25162|3051|24252|3393|226|309|226|309|0|210|40871|5430|19278|3581|21593|3213|3559|1841|1473|798|2086|1226|8858|2411|4882|1303|3976|1656|16050|3967|10056|3146|5994|1738|36639|4428|28409|3636|8230|1774|5993|1764|3799|1217|2194|967|50017|7225|35829|5207|14188|3666|1908|598|1793|589|115|137|64862|10185|40006|6863|24856|5923|53252|6920|43306|5749|9946|3029|11995|3138|10493|2959|1502|881|0|210|0|210|0|210|483|363|483|363|0|210|13481|4386|10378|3591|3103|1592
330M600US104|1138537|1101|1037160|6321|33753|3380|24343|2622|9410|1752|3573|906|3011|874|562|283|1175|880|665|599|510|770|3464|1071|2658|955|806|524|422|213|403|213|19|2|3690|1129|3400|1069|290|212|2145|1035|1287|820|858|670|1244|811|952|605|292|348|3444|1237|2739|1150|705|325|1889|840|1513|730|376|318|1798|1654|1305|1237|493|577|1258|831|883|721|375|321|197|164|170|172|27|48|718|618|343|404|375|401|547|489|394|356|153|195|2367|1814|2132|1818|235|267|3873|1956|3347|1887|526|420|1755|1940|1185|1388|570|596|1411|889|435|282|976|817|538|453|384|308|154|195|2921|1710|2470|1617|451|334|305|278|210|231|95|145|1318|951|817|710|501|497|1267|661|979|447|288|369|8853|2111|4966|1507|3887|1157|1235|663|967|613|268|254|1204|692|962|694|242|244|0|217|0|217|0|217|1661|995|1086|741|575|377|0|217|0|217|0|217|132|197|107|194|25|41|1928|853|1195|664|733|588|3070|1330|2475|1191|595|525|434|386|345|366|89|120|4118|1763|2970|1452|1148|775|80|101|28|46|52|87|572|613|380|579|192|188|1914|1277|1390|969|524|455|199|257|181|246|18|32|0|217|0|217|0|217|225|249|157|224|68|120|680|483|680|483|0|217
330M600US122|6690037|4930|5444302|22889|629838|11109|358915|11079|270923|9987|39456|6321|29645|4924|9811|2747|27945|6500|21181|5430|6764|2637|4000|1221|3722|1142|278|234|18963|4163|12628|2977|6335|2562|14578|2648|13559|2599|1019|440|4771|1829|4399|1727|372|281|2591|1073|2193|963|398|349|11991|2951|9099|2548|2892|807|2351|1111|1435|765|916|586|7312|2386|5476|2109|1836|880|3961|1410|2374|973|1587|935|263|432|170|278|93|154|8434|2312|5862|1856|2572|1195|23838|3989|15379|3151|8459|2233|27383|4493|22295|3723|5088|1592|13875|3421|10197|2579|3678|1384|3831|1738|2879|1429|952|804|9880|2854|6012|1881|3868|1330|7455|2275|5403|1896|2052|1003|17075|4074|11908|3521|5167|2039|23437|3981|19903|3675|3534|1301|14001|3275|12176|3099|1825|838|8375|2375|6523|2103|1852|781|57169|6885|30222|3863|26947|4748|7238|2039|4011|1385|3227|1554|49944|5276|25070|3339|24874|3252|1665|885|1581|857|84|157|52318|7087|21141|4542|31177|4012|4088|2006|1767|1014|2321|1151|6203|1735|2887|1053|3316|1097|8043|2747|3933|1715|4110|1593|10637|2298|8163|1932|2474|1185|5329|2509|3240|1592|2089|1157|16153|4558|10916|2847|5237|2515|3795|1455|3767|1452|28|47|29496|6047|21009|5240|8487|2138|43381|8380|35829|6620|7552|2774|12791|3899|11486|3605|1305|851|0|210|0|210|0|210|1203|791|1034|689|169|201|10678|2881|8576|2483|2102|1296
330M600US148|8022475|1892|6183225|26483|717738|13501|389969|10082|327769|10553|57430|5538|47339|4314|10091|2273|80459|8920|44769|5253|35690|5714|30772|3506|23174|3172|7598|1491|256258|14836|139306|9405|116952|9803|18488|2469|16905|2272|1583|601|3193|963|2939|952|254|169|21701|3569|15963|2875|5738|1683|34176|4257|22141|3646|12035|1939|13487|3080|9990|2356|3497|1317|6890|2674|4293|1595|2597|1972|10677|2954|7312|1888|3365|1978|7142|2958|5218|2081|1924|1551|8180|2277|5174|1597|3006|1470|13027|3626|9550|2560|3477|1532|28385|4536|24933|4159|3452|1221|7866|2227|6079|1792|1787|1051|6210|3387|4195|2444|2015|1296|7649|1986|5610|1411|2039|942|19631|3458|14918|3061|4713|1473|34373|5629|23799|4257|10574|2685|16495|3032|13134|2749|3361|2066|14361|2864|12797|2666|1564|991|7802|2031|7066|1795|736|421|142388|9290|76341|5981|66047|5691|11229|2679|7652|2111|3577|1049|23153|3477|13236|2290|9917|1992|2222|1673|1085|932|1137|1108|45085|6097|18034|3257|27051|4353|33514|5598|15904|3450|17610|3475|11727|2797|6091|1905|5636|1655|10741|2449|7944|1875|2797|1169|9307|2055|7103|1590|2204|883|3130|1211|2673|1138|457|262|46058|6814|29965|4763|16093|3650|14113|3043|11859|2668|2254|1247|9534|2710|5095|1958|4439|1787|22944|4477|18564|4019|4380|1461|20701|3933|16518|3887|4183|1434|41|74|0|210|41|74|671|541|671|541|0|210|10302|3038|7396|2498|2906|1544
330M600US160|1173890|892|1056874|7590|31275|3163|20560|2553|10715|1888|4546|1498|3434|1013|1112|702|704|680|704|680|0|217|3356|1204|2033|874|1323|688|265|361|265|361|0|217|2710|975|1996|798|714|467|2696|1454|2246|1210|450|355|57|95|57|95|0|217|3099|1959|2357|1824|742|613|3368|1474|2263|1099|1105|591|774|746|457|369|317|415|2522|1426|1382|926|1140|819|132|204|132|204|0|217|747|634|260|234|487|447|866|768|518|419|348|433|1326|866|903|544|423|521|2119|1402|902|760|1217|859|552|494|356|361|196|238|10949|2882|5281|1565|5668|1881|4000|1790|1841|1040|2159|1198|1900|1280|1137|735|763|898|367|594|367|594|0|217|1709|1414|1493|1384|216|329|596|449|548|448|48|7|5878|1943|2431|912|3447|1723|320|292|257|232|63|107|1459|878|1019|565|440|484|0|217|0|217|0|217|817|508|462|307|355|328|0|217|0|217|0|217|1065|780|405|387|660|553|6166|2697|3120|1452|3046|1505|658|434|403|264|255|286|348|516|0|217|348|516|10776|3415|7884|2806|2892|1153|305|246|305|246|0|217|1138|994|853|680|285|348|1765|1402|1196|784|569|790|4689|3033|2065|1652|2624|1671|0|217|0|217|0|217|715|420|674|391|41|66|282|283|71|45|211|280
330M600US172|2752497|1227|2347865|12177|240650|7310|129498|7315|111152|6505|10751|3031|8653|2746|2098|895|617|460|617|460|0|210|3117|1310|2616|1196|501|537|4414|1728|3451|1428|963|713|6878|1912|6087|1737|791|559|1766|1111|1660|1100|106|131|3749|1556|3373|1469|376|276|7828|3137|5488|2593|2340|1089|1359|849|1203|826|156|127|2722|2044|2021|1551|701|580|4132|2531|2210|1335|1922|1599|195|230|195|230|0|210|1760|922|1057|620|703|655|7872|2156|4948|1400|2924|1060|10532|2778|7960|2361|2572|1585|3167|1449|2136|1070|1031|661|629|604|387|462|242|370|597|506|529|468|68|111|5236|2352|4091|1941|1145|811|6881|3443|3232|1524|3649|2665|10605|2630|8321|2140|2284|1308|3493|1812|3420|1815|73|125|895|535|730|447|165|161|9551|2601|5567|1484|3984|1529|1228|610|587|408|641|460|4091|1354|2276|919|1815|784|2915|1559|1582|1050|1333|740|9053|2599|3768|1658|5285|1456|592|585|256|200|336|554|3588|1109|1684|710|1904|828|6089|3982|3010|2086|3079|2083|3137|1296|2376|1108|761|517|4276|1967|1971|1427|2305|1373|7378|3738|3885|2377|3493|2231|170|198|170|198|0|210|5346|2518|3596|1899|1750|884|4135|1948|3219|1819|916|629|1442|1104|1330|1095|112|126|0|210|0|210|0|210|473|499|209|295|264|405|1323|607|1056|475|267|342
330M600US176|9276453|2252|6554837|34144|1599690|20854|976551|18544|623139|16119|28279|5006|22036|3728|6243|3112|4086|1805|2616|1289|1470|1262|26895|3703|20464|3005|6431|1963|9320|2325|6720|2114|2600|1201|17805|2973|15089|2539|2716|964|3330|1808|2347|869|983|1522|27460|4432|19824|3321|7636|1923|38134|5991|21155|4022|16979|3315|168940|10394|97450|8088|71490|5272|38539|6380|25878|4969|12661|2993|48698|6118|28069|3708|20629|4260|1547|877|1200|734|347|298|7160|2158|4820|1588|2340|1072|50101|6529|31864|4619|18237|3440|41821|5527|34172|4656|7649|2105|58349|7649|43336|5617|15013|3156|7512|2717|6226|2214|1286|739|7217|2967|5192|2079|2025|1378|16936|4161|12181|2830|4755|3167|54801|6463|33623|4480|21178|3794|19092|3800|16349|3577|2743|1366|14560|3279|12911|3146|1649|740|20748|4312|15802|3939|4946|1196|97890|8055|50099|5176|47791|5147|12423|2322|7475|1808|4948|1176|35091|4765|16369|3038|18722|3030|153|151|89|107|64|104|21190|4093|10460|2197|10730|2688|2582|1420|947|503|1635|1080|8347|1912|4243|1003|4104|1317|14993|3246|8465|2422|6528|2071|80686|7449|59591|6128|21095|3697|8640|3170|6910|2906|1730|979|68489|8989|50454|7409|18035|3412|5396|1783|4609|1390|787|648|19475|4118|11251|2965|8224|2366|24122|4552|19838|4136|4284|1296|5723|2086|3937|1540|1786|1086|0|210|0|210|0|210|526|453|526|453|0|210|4870|1623|3591|1364|1279|544
330M600US178|2190527|4654|2043735|8994|52907|3870|31316|3614|21591|2775|8134|2736|4048|1313|4086|2442|0|210|0|210|0|210|465|302|380|283|85|106|1992|1211|1198|877|794|784|4547|1179|3486|1072|1061|584|2738|1427|1882|1156|856|774|605|462|431|333|174|213|1812|686|913|469|899|514|413|449|413|449|0|210|490|503|325|327|165|212|1281|1425|741|727|540|726|91|154|91|154|0|210|1669|960|899|540|770|634|1568|999|1251|823|317|292|3949|1634|3272|1287|677|742|1278|732|1169|681|109|178|1370|1526|572|673|798|865|381|347|381|347|0|210|10299|2778|5567|1916|4732|1443|1194|901|1013|777|181|222|3313|1296|2883|1185|430|328|2593|1420|1972|964|621|626|784|576|784|576|0|210|9023|2474|6186|2041|2837|1248|3048|1464|1454|772|1594|934|1798|757|1110|502|688|433|82|147|50|88|32|69|2822|1359|1240|812|1582|898|2061|2132|428|353|1633|1820|667|422|193|203|474|425|4093|2118|1550|784|2543|1696|2271|1232|1673|944|598|546|943|1138|420|563|523|604|4606|1867|3747|1469|859|677|855|1012|855|1012|0|210|1123|890|156|187|967|873|4994|2551|3924|1950|1070|890|2316|1897|2107|1874|209|238|0|210|0|210|0|210|470|671|470|671|0|210|1747|1258|452|339|1295|1221
330M600US184|3409243|1848|3114815|11030|97554|5785|61085|4490|36469|4376|6734|2231|4707|1579|2027|1234|202|130|47|54|155|104|7347|1695|5873|1459|1474|742|1558|898|1301|772|257|425|15892|2764|12552|2433|3340|1094|26873|6271|20138|5697|6735|1904|3448|1293|2786|1198|662|417|7971|2273|4361|1556|3610|1417|2897|1328|2560|1217|337|249|9100|2507|6742|2303|2358|825|10856|2484|6021|1912|4835|1750|245|320|245|320|0|208|2081|1380|1782|1335|299|317|1638|1049|1193|781|445|408|5639|1598|4274|1311|1365|791|1844|1001|1275|752|569|492|3382|1823|1896|1098|1486|972|1209|1157|1209|1157|0|208|12882|3443|4400|1429|8482|2937|9529|2305|6448|1719|3081|1057|1632|826|1431|762|201|226|2832|1645|1270|755|1562|1326|1002|753|939|725|63|107|13742|2798|7550|1937|6192|1492|1548|847|1265|763|283|260|3003|1304|2352|1193|651|383|310|384|153|252|157|165|3038|1430|1596|861|1442|1019|1294|829|680|536|614|461|1286|741|1051|678|235|224|2836|1835|1804|1103|1032|813|3881|1098|2745|976|1136|763|1054|670|266|277|788|588|13463|2633|9859|1983|3604|1331|1213|1025|690|447|523|687|328|354|141|181|187|315|4600|2227|3416|1844|1184|771|4509|3642|2844|2511|1665|1570|58|93|58|93|0|208|134|209|134|209|0|208|3784|1228|2973|1071|811|374
330M600US198|2410777|1043|2144015|11921|71664|4502|39138|3980|32526|3558|11888|3228|7993|2697|3895|1950|3527|1685|1272|830|2255|1239|996|441|780|337|216|212|3903|2255|1565|821|2338|1716|5055|1288|4418|1195|637|370|7306|3047|4655|2249|2651|1891|1519|1005|1457|971|62|106|4756|1888|3324|1538|1432|676|865|504|726|451|139|157|579|462|472|424|107|177|1734|823|1169|651|565|414|160|259|102|165|58|94|881|507|781|467|100|160|4103|2162|2674|1678|1429|970|6156|1591|4956|1313|1200|970|7906|3076|5816|2591|2090|947|1806|1595|1086|828|720|910|1789|920|1576|873|213|276|17315|4184|9204|2869|8111|2335|3083|2147|1574|782|1509|1906|6229|2195|5287|1968|942|595|1226|650|1085|579|141|194|2309|1080|1711|929|598|413|10742|2529|5931|1569|4811|1779|2569|989|997|528|1572|846|3845|1812|1898|864|1947|1155|92|153|92|153|0|208|4390|1847|1634|1019|2756|1403|1783|891|940|623|843|509|2193|1131|1189|650|1004|692|1565|1084|832|573|733|743|2441|880|1936|768|505|321|1585|807|1138|810|447|351|16294|5467|12015|4489|4279|2042|352|403|352|403|0|208|29821|5666|19485|5114|10336|2281|13467|3726|9252|3013|4215|1651|6776|4191|4106|2064|2670|2772|0|208|0|208|0|208|299|290|299|290|0|208|1793|919|1140|680|653|509
330M600US206|7925271|1555|5499392|30246|1693518|25388|1022670|20407|670848|17201|32000|5358|21351|4025|10649|3128|2039|1168|1253|763|786|745|3697|1201|3510|1203|187|176|11865|3271|7831|2956|4034|1330|11832|2848|10508|2684|1324|713|3340|1417|3207|1303|133|223|3144|1640|2889|1623|255|258|11300|2493|7774|1560|3526|1298|2933|924|2746|926|187|158|3538|1312|1893|868|1645|878|4901|2301|3750|2109|1151|679|769|673|455|411|314|353|15032|3433|8376|2152|6656|1943|16525|3128|12265|2578|4260|1332|42460|5714|37809|5028|4651|1406|37628|6939|31066|5819|6562|1981|5820|2530|4309|2073|1511|964|11635|3556|7875|2380|3760|2163|35089|6571|26641|5872|8448|2136|12467|4040|8086|2277|4381|2672|49676|6258|41718|5194|7958|2700|26900|5303|22865|4879|4035|1850|21818|3791|16765|3254|5053|1539|53570|5685|31388|4589|22182|2863|6846|1888|3645|1139|3201|1376|33472|4660|18042|2984|15430|2982|280|328|253|325|27|45|80622|8355|39016|4938|41606|4973|6419|2524|2634|1153|3785|1896|9635|2901|5442|2055|4193|1759|13065|3956|5031|1838|8034|2812|23322|4316|18907|3906|4415|1187|8821|2699|6621|2053|2200|1235|42966|7129|31148|5564|11818|2360|1739|730|1361|551|378|327|19879|4540|11308|2841|8571|2867|36086|5579|32404|5086|3682|1276|24300|5356|19371|4849|4929|1907|18|32|18|32|0|210|1889|1033|1591|972|298|276|3024|1258|2188|985|836|697
330M600US216|3468739|1221|2804369|18204|432958|14565|278527|10271|154431|8853|18730|4068|13871|3245|4859|1940|616|494|585|476|31|54|1911|974|1441|691|470|487|5827|1991|4939|1897|888|478|14931|3080|13538|2730|1393|942|1030|504|1030|504|0|218|1049|539|729|435|320|247|15744|4055|10402|3251|5342|1746|4300|1762|3522|1526|778|572|2104|1245|1570|966|534|472|5273|1862|3418|1220|1855|1197|205|252|205|252|0|218|7436|2554|4897|1853|2539|1378|3122|1672|2295|1267|827|598|8618|2512|7112|2025|1506|868|1164|717|1164|717|0|218|1573|1958|852|994|721|976|619|523|527|426|92|162|5938|1902|3544|1352|2394|939|7937|1993|6793|1832|1144|541|3847|1654|3130|1419|717|568|1441|796|1205|677|236|271|1732|1045|1347|845|385|317|20501|3711|11868|2619|8633|2119|4979|1448|4436|1372|543|394|10179|2585|5662|1841|4517|1462|3266|1430|1611|892|1655|896|14877|2777|6257|1593|8620|2031|1120|655|666|507|454|372|3344|1158|1404|567|1940|862|4137|1528|2570|1106|1567|732|5826|1762|4303|1339|1523|717|1795|907|1388|713|407|365|8832|3277|5868|2292|2964|1369|1622|762|1523|745|99|116|21645|5654|11273|3643|10372|3698|8177|4820|6033|4121|2144|1120|2821|1475|1573|764|1248|974|170|216|170|216|0|218|544|391|158|136|386|360|2430|1003|1972|826|458|377
330M600US218|857249|1038|759305|6954|39867|3371|25539|3090|14328|2613|1191|698|908|508|283|473|0|170|0|170|0|170|907|1056|868|1056|39|66|690|428|536|342|154|257|2138|930|2130|930|8|13|282|198|257|214|25|44|33|56|33|56|0|170|1274|1077|1055|1044|219|277|151|144|151|144|0|170|4270|1525|2897|1280|1373|598|916|1121|853|1121|63|13|0|170|0|170|0|170|706|725|529|628|177|170|35|59|0|170|35|59|1548|875|1247|716|301|282|0|170|0|170|0|170|303|334|237|280|66|111|634|503|490|378|144|151|2509|1604|1123|927|1386|1051|1377|1180|975|643|402|593|1336|849|986|642|350|403|1914|1502|1226|1038|688|971|2171|1838|2171|1838|0|170|2119|1010|1150|797|969|538|370|288|139|178|231|220|2082|865|1143|484|939|651|59|113|0|170|59|113|2693|1135|722|490|1971|850|154|264|107|185|47|86|3247|1606|1269|885|1978|1051|4098|1962|1508|1081|2590|1621|739|447|739|447|0|170|341|183|269|181|72|90|5536|2427|3676|1893|1860|1146|155|145|155|145|0|170|2122|1843|1053|1137|1069|839|1140|865|806|543|334|423|8312|3216|2513|1072|5799|3314|0|170|0|170|0|170|0|170|0|170|0|170|525|459|399|313|126|199
330M600US220|5075618|961|4416733|15223|138998|7118|89670|5853|49328|4460|12426|2522|10098|2179|2328|1003|1161|1059|1105|1040|56|93|10817|1931|7995|1595|2822|808|3032|1192|2308|893|724|506|12076|1897|10784|1779|1292|646|2979|1085|2467|1043|512|361|7771|2444|5782|2175|1989|791|10965|2772|6741|2142|4224|1329|10351|2046|7490|1502|2861|1164|6012|1955|3751|1308|2261|1080|11510|2267|7290|1653|4220|1339|1242|734|919|539|323|412|3885|1227|2422|854|1463|797|7197|2301|5643|1837|1554|700|18436|3055|15945|2778|2491|967|11719|3163|9135|2758|2584|926|6472|2614|5530|2432|942|575|29403|5721|10204|3118|19199|3678|5730|1752|4929|1561|801|425|30655|5098|19763|4199|10892|2401|14335|3556|10516|2753|3819|1983|7059|1769|5905|1534|1154|532|7573|2078|6080|1778|1493|698|33994|3563|19870|2431|14124|2541|10970|2254|4615|1285|6355|1772|12099|2623|6042|1770|6057|1697|4627|2153|3128|1573|1499|825|5388|1957|2766|1444|2622|1123|746|487|550|384|196|265|2222|1359|1569|961|653|445|1817|804|1385|628|432|476|16685|3067|12228|2247|4457|1542|1030|455|800|376|230|243|156385|10700|80746|7983|75639|6817|2607|1117|2548|1112|59|59|28236|5684|17564|4653|10672|2864|4431|2241|3667|1997|764|733|1576|878|1063|750|513|431|0|184|0|184|0|184|1750|1954|1657|1952|93|105|2518|1025|2060|938|458|347
330M600US260|1237920|659|689849|13444|442846|11579|280964|9341|161882|7357|1086|557|765|507|321|309|0|218|0|218|0|218|658|570|582|556|76|126|3338|1744|3122|1718|216|170|1203|513|1027|484|176|190|906|838|659|684|247|300|650|874|382|449|268|434|736|510|364|294|372|388|0|218|0|218|0|218|69|113|69|113|0|218|661|702|219|287|442|441|5852|2263|2494|1013|3358|1714|750|570|269|284|481|392|265|307|150|141|115|198|3718|2357|1997|1311|1721|1332|659|771|659|771|0|218|18409|4392|10194|2926|8215|2344|0|218|0|218|0|218|666|549|373|324|293|328|2053|1620|1497|1053|556|680|1322|1275|849|1159|473|566|0|218|0|218|0|218|0|218|0|218|0|218|5879|2072|1542|703|4337|1655|981|643|336|336|645|503|1343|909|708|528|635|557|23807|4217|14005|3036|9802|2342|5417|1912|2348|1006|3069|1274|3090|1527|2019|1041|1071|651|5815|2180|3356|1524|2459|1157|710|562|385|444|325|337|8693|2094|5485|1672|3208|1093|824|611|446|385|378|488|3676|2106|2206|1360|1470|884|0|218|0|218|0|218|440|455|311|419|129|221|463|474|353|353|110|175|233|288|233|288|0|218|2|2|2|2|0|218|373|332|281|284|92|159|478|397|36|61|442|408
330M600US278|1418611|2400|1130920|10264|143715|6726|87276|5529|56439|6098|10359|1522|9095|1403|1264|592|3937|1999|2786|1654|1151|954|8345|1929|7487|1768|858|467|7851|1976|5255|1741|2596|820|3775|1293|3505|1244|270|230|1442|971|1403|976|39|64|1563|716|1039|530|524|437|2557|1237|1342|713|1215|739|17663|3388|9449|2352|8214|1773|4717|2448|2924|1579|1793|965|2276|1110|1723|887|553|554|287|475|283|475|4|8|1167|778|915|693|252|221|1998|992|1392|741|606|456|3910|1134|3450|1119|460|250|3682|1909|2928|1611|754|508|1063|1428|589|772|474|683|2248|1117|1714|910|534|398|4702|2264|3566|1994|1136|650|2837|1142|1877|765|960|674|2881|1004|2497|930|384|372|4604|2406|4137|2348|467|366|1927|1204|1592|1060|335|466|15907|2870|8286|1636|7621|2003|1161|649|853|490|308|299|3871|1817|2042|1068|1829|1422|0|224|0|224|0|224|4665|2059|2889|1580|1776|742|475|703|99|179|376|530|1229|805|441|335|788|556|2021|1103|922|594|1099|650|3488|1942|2119|1083|1369|1095|553|412|441|372|112|186|3759|1809|2989|1773|770|423|249|239|207|231|42|70|552|544|503|490|49|88|6773|3331|5972|3090|801|645|1066|874|815|649|251|274|0|224|0|224|0|224|163|266|163|266|0|224|2253|1312|2071|1300|182|183
330M600US288|7045822|2370|4253923|31706|2091638|26078|1178166|24932|913472|24059|33572|10631|29126|10396|4446|1953|4485|2687|3345|2089|1140|1112|5384|2292|4106|2135|1278|982|12954|3010|10771|2697|2183|907|15312|3588|13417|3194|1895|1000|9514|8266|9394|8225|120|136|2112|764|1676|641|436|344|11879|5515|9683|5145|2196|943|3127|1252|2225|1028|902|615|2033|1210|1258|791|775|578|6123|2796|4389|1940|1734|1461|238|299|156|182|82|131|12142|3395|7133|2091|5009|2032|22771|6435|15630|5200|7141|2794|33695|5743|26504|4682|7191|2433|50063|8045|36188|5854|13875|3496|4404|2223|2612|1490|1792|1136|6757|2434|4212|1525|2545|1451|13257|3254|10586|3040|2671|1123|8613|2635|5492|1458|3121|2099|16012|5165|12639|4370|3373|1748|9363|3215|8343|3084|1020|528|19341|4376|14888|3403|4453|1738|93053|9011|48376|6169|44677|5210|6727|2046|3470|1329|3257|1324|19111|6105|9644|4382|9467|2688|192|241|192|241|0|237|108753|8841|47772|6273|60981|5668|3262|1388|1226|939|2036|1022|5138|2132|2466|1113|2672|1598|9877|3586|5906|1959|3971|1894|32859|4995|23507|3609|9352|2452|10588|4139|7999|3844|2589|1099|41406|7532|29962|5360|11444|3631|4458|2449|3850|2469|608|539|5747|2235|3108|1447|2639|1518|41346|6547|37358|6406|3988|1372|7421|3109|4812|2532|2609|1697|0|237|0|237|0|237|278|303|278|303|0|237|6894|2887|5087|2178|1807|1626
330M600US294|2375524|2817|2101222|12121|125414|6512|69518|5424|55896|5308|13586|4813|7759|2863|5827|3330|6462|3838|2548|1599|3914|2640|110|132|84|124|26|41|2924|1349|2563|1257|361|281|5225|1581|4638|1466|587|418|803|451|803|451|0|207|252|248|252|248|0|207|1537|904|1064|740|473|477|1210|643|996|588|214|244|663|788|501|630|162|269|1179|719|802|555|377|333|0|207|0|207|0|207|2369|2237|1993|2159|376|659|2362|1023|2244|986|118|162|4917|1789|4458|1675|459|355|2961|1621|2417|1297|544|467|13213|3929|7089|2750|6124|2223|1550|1140|1013|733|537|493|4439|2401|3478|1839|961|816|3348|1995|2304|1302|1044|1368|2678|1287|2203|1051|475|470|2858|1704|2858|1704|0|207|934|820|292|217|642|731|8529|2438|5073|1755|3456|1132|2410|1013|1447|746|963|559|1665|828|989|556|676|442|75|111|75|111|0|207|1321|943|498|386|823|692|87|141|87|141|0|207|493|420|362|401|131|157|15760|3645|6734|1628|9026|2522|5030|1810|2551|979|2479|1349|1425|934|1024|656|401|602|5881|2352|4322|2124|1559|974|190|333|190|333|0|207|4666|3175|1107|987|3559|2613|15241|4554|11983|4090|3258|2252|9012|4558|4624|3194|4388|2298|0|207|0|207|0|207|195|220|55|51|140|182|1328|746|808|610|520|486
330M600US300|1706215|1226|1479287|11137|111297|6178|69202|5849|42095|4868|3307|1393|2992|1382|315|240|14414|6203|9713|4446|4701|2291|2758|1896|1038|564|1720|1464|8518|3547|6625|2710|1893|1172|3946|1369|3379|1123|567|511|1254|1305|1216|1296|38|83|730|475|615|457|115|194|6735|2721|3915|2285|2820|1724|1386|1685|954|1028|432|712|2684|1761|2115|1581|569|420|2986|1755|2386|1575|600|461|0|210|0|210|0|210|937|811|792|699|145|141|1604|845|1091|700|513|604|2737|1625|2737|1625|0|210|1057|657|773|452|284|265|0|210|0|210|0|210|2042|1201|1517|1050|525|470|645|580|583|577|62|104|4173|2750|2709|2401|1464|814|2760|1499|2124|1289|636|530|1916|1891|1046|866|870|1107|556|636|556|636|0|210|4958|1894|2436|1231|2522|1255|658|468|520|411|138|157|1377|1223|401|308|976|1010|0|210|0|210|0|210|3489|1654|1323|825|2166|1073|940|737|227|277|713|663|923|705|445|377|478|427|2325|1187|1252|862|1073|722|15234|3135|10456|2328|4778|1317|1951|1097|896|493|1055|830|9873|3914|6629|2686|3244|1521|477|474|477|474|0|210|1317|1250|530|612|787|999|2500|2459|2100|2061|400|435|643|499|240|256|403|449|0|210|0|210|0|210|1106|1647|355|550|751|1105|715|573|715|573|0|210
330M600US312|2395999|2329|2162482|10196|131658|6655|81013|5425|50645|4044|4884|1420|3881|1084|1003|766|675|626|499|535|176|289|593|361|593|361|0|210|3188|1488|2405|1139|783|586|4192|1198|3791|1165|401|340|1069|504|664|455|405|231|172|227|109|132|63|103|2286|993|1557|849|729|367|295|304|233|295|62|93|1248|657|834|568|414|326|1966|914|1662|813|304|340|0|210|0|210|0|210|1579|868|994|702|585|497|643|478|519|385|124|152|4081|1883|3339|1629|742|658|1671|982|1273|812|398|413|1432|1002|892|730|540|475|1742|887|1491|783|251|204|2053|1142|1816|1062|237|307|3749|2057|1678|968|2071|1601|5276|1818|4083|1419|1193|706|913|551|913|551|0|210|869|466|628|422|241|275|8576|2195|4572|1240|4004|1361|1128|554|722|390|406|339|3321|1166|2266|930|1055|635|1893|1384|1331|1283|562|362|7333|1864|2494|1025|4839|1592|1147|626|605|418|542|389|2133|1658|1334|1376|799|717|3025|1380|729|509|2296|1139|4192|1483|3138|1251|1054|593|1151|643|963|501|188|226|5671|2081|3771|1335|1900|1127|227|316|140|181|87|142|6740|3053|4925|2772|1815|865|2503|1110|2187|1066|316|225|5758|2229|3599|1608|2159|1232|40|68|40|68|0|210|99|100|99|100|0|210|2346|1949|1499|1271|847|848
330M600US332|2245631|743|1488069|14913|512139|11478|314499|11427|197640|9134|6824|1899|6064|1863|760|445|950|1061|792|1022|158|208|2860|890|1889|740|971|619|3398|1269|2670|998|728|576|4577|1262|4325|1260|252|251|1619|1360|1364|1203|255|286|1166|777|842|619|324|460|6621|2153|4601|1814|2020|780|1849|915|1091|733|758|519|5454|3413|3264|2482|2190|1176|1347|577|822|416|525|350|3364|1975|2342|1376|1022|947|7269|2587|3740|1751|3529|1699|1664|2181|971|1231|693|961|2199|1146|1907|1051|292|224|1883|1243|1824|1220|59|97|1748|1118|978|666|770|626|162|267|125|203|37|64|1517|780|785|419|732|529|3777|1312|3155|1141|622|503|564|382|478|355|86|104|702|585|545|466|157|194|217|270|217|270|0|228|29947|3600|14822|2907|15125|2276|3967|1268|2507|959|1460|557|10600|2277|6005|1634|4595|1227|107|128|36|57|71|117|8917|2628|3620|1229|5297|2082|670|587|137|174|533|489|5771|1821|2674|1115|3097|1230|1009|738|715|542|294|366|84087|6929|58360|5134|25727|3675|11576|3237|6747|1859|4829|1889|7920|2949|5246|1878|2674|1388|2039|1552|1444|1511|595|452|9939|2973|4579|1704|5360|1738|505|634|125|199|380|603|3277|2560|1899|1710|1378|1089|524|545|524|545|0|228|385|302|364|299|21|29|2452|1224|1872|1055|580|340
330M600US348|17398567|781|8697335|48911|6030350|36260|3698551|37231|2331799|30216|48669|4494|43003|4269|5666|1604|6084|2545|5276|2302|808|571|23151|3038|18884|2598|4267|1289|24485|3622|18912|2973|5573|1473|33875|3699|31339|3556|2536|790|11131|2506|9635|2379|1496|760|9575|2531|7960|2333|1615|575|62183|6705|33053|4380|29130|4636|9274|2273|6760|1623|2514|1409|9863|3210|7558|2769|2305|1170|14758|2600|9848|2333|4910|1393|180753|10734|105081|8796|75672|6419|136085|11090|84167|8499|51918|5911|27957|5240|19096|3583|8861|2491|54835|7729|44383|6535|10452|2534|23467|4058|16362|3118|7105|1902|17699|4014|12378|3324|5321|1755|19967|4503|13149|2851|6818|2170|21553|5433|13741|3032|7812|3443|28848|4636|20689|3809|8159|1836|11640|2622|10501|2455|1139|501|15266|4301|13617|4177|1649|790|8235|2216|6208|1762|2027|913|540373|17561|248205|10427|292168|12237|66996|6806|35396|4002|31600|4052|263364|12700|110127|6748|153237|9218|3147|1920|2111|1252|1036|816|312731|12338|126584|7297|186147|9208|34019|6206|16266|3971|17753|3114|34515|4218|15576|2556|18939|2920|25274|4012|13392|2851|11882|2382|333143|12897|226425|9559|106718|7368|44811|4699|27929|3602|16882|2417|120980|14064|83376|9581|37604|6035|26852|4557|22142|4036|4710|1361|14964|3603|10718|2533|4246|1820|18983|4141|15547|3273|3436|1703|9358|2848|8275|2706|1083|568|260|171|260|171|0|218|2156|972|1677|875|479|320|19603|4110|9562|2453|10041|2705
330M600US350|1428015|3187|1317144|7298|56220|3995|28939|3080|27281|2826|3062|1259|2340|1178|722|485|928|771|454|519|474|571|222|187|146|140|76|125|1341|890|1077|724|264|242|4053|1976|3770|1991|283|213|559|356|374|262|185|140|93|110|50|81|43|71|1510|885|1255|784|255|249|173|211|61|99|112|187|2096|1415|1630|1242|466|388|877|1140|670|898|207|255|0|210|0|210|0|210|915|926|642|576|273|397|706|451|509|363|197|212|2020|962|1676|932|344|286|1027|1011|813|909|214|308|727|588|419|475|308|356|11|3|11|3|0|210|1964|1140|895|715|1069|828|935|524|788|530|147|178|807|523|674|473|133|153|992|962|809|903|183|235|533|450|498|419|35|60|3105|1165|1796|883|1309|792|1716|1026|1200|852|516|439|3430|1067|1596|762|1834|717|51|89|0|210|51|89|3774|1821|1739|1163|2035|1169|534|658|194|317|340|380|259|277|20|37|239|271|1122|834|381|388|741|528|2846|962|2081|784|765|594|429|350|406|342|23|41|4008|1994|2556|1464|1452|1056|48|46|48|46|0|210|2621|1353|1456|887|1165|812|528|449|449|418|79|138|3266|1951|1442|981|1824|1185|0|210|0|210|0|210|217|183|217|183|0|210|1146|801|863|674|283|303
330M600US370|6556006|1563|3213280|27899|2585733|17046|1398100|23293|1187633|18123|55542|5081|39789|4025|15753|2462|321992|22420|191184|14693|130808|12405|17083|2348|12742|1947|4341|1235|85091|8929|54417|6215|30674|5834|17528|2956|15778|2736|1750|793|6954|3032|6596|3036|358|413|5605|1501|4539|1307|1066|586|28271|4350|17070|3079|11201|2636|6410|1568|3661|1138|2749|1046|2783|1056|1858|821|925|667|9526|2524|6830|1895|2696|1153|1002|707|503|476|499|491|2913|1216|2581|1140|332|324|2693|1560|2043|1372|650|446|8259|3282|7002|2736|1257|786|10746|3739|7558|2863|3188|1472|559|756|466|625|93|152|6979|2480|4654|1729|2325|1358|2143|1291|1211|906|932|694|12199|2583|7676|1559|4523|1625|5555|2440|4489|1976|1066|854|2803|1141|2732|1178|71|117|4609|1503|3711|1236|898|626|21985|3685|10801|2789|11184|2086|2164|815|1387|651|777|387|5521|2223|1671|775|3850|1732|64|136|64|136|0|239|16800|4849|6636|1925|10164|3642|779|686|52|91|727|679|2498|1047|1235|568|1263|754|7292|2323|4357|1544|2935|1171|16887|3682|12884|2880|4003|1442|1418|583|1177|531|241|252|21037|5027|16694|4205|4343|1652|17472|3327|14679|2979|2793|1058|2112|1447|1271|821|841|1190|2323|1331|1663|965|660|583|2516|2055|1636|1294|880|1154|68|113|0|239|68|113|273|368|171|214|102|159|18539|4178|14054|3298|4485|1685
330M600US376|1921375|876|1689666|8956|136414|6232|80482|4896|55932|4137|4693|2325|4148|2224|545|485|0|159|0|159|0|159|2115|833|1680|851|435|401|951|531|906|514|45|74|9976|2823|8171|2420|1805|837|668|370|583|338|85|77|1436|542|874|379|562|321|1273|592|625|311|648|417|3452|1254|2232|754|1220|802|2354|1048|1118|582|1236|633|1672|873|908|573|764|546|42|71|0|159|42|71|868|621|745|529|123|146|420|404|198|194|222|277|3601|2275|3273|2138|328|547|2199|1028|1717|874|482|440|1230|920|717|576|513|406|398|458|398|458|0|159|1464|888|1003|681|461|427|4506|2232|3231|1596|1275|815|1370|1033|953|609|417|601|691|626|609|575|82|126|2965|1106|2384|1007|581|507|5496|1582|2639|918|2857|966|644|309|409|225|235|208|1623|839|1252|768|371|300|13674|3280|9708|2902|3966|1348|2629|1219|1413|704|1216|743|0|159|0|159|0|159|1883|982|422|291|1461|938|6800|2838|2435|1574|4365|2091|2430|975|1656|721|774|499|487|278|290|196|197|216|3851|1507|2780|1052|1071|751|684|378|684|378|0|159|3650|2478|2960|2054|690|496|493|388|397|338|96|119|2088|1668|1172|1211|916|1139|0|159|0|159|0|159|187|131|142|105|45|56|332|251|332|251|0|159
330M600US378|3845531|1679|3290927|13645|160768|6552|91513|5657|69255|5102|14410|2649|10557|2021|3853|1496|503|526|336|475|167|236|1264|837|1046|789|218|212|4597|1481|4080|1373|517|349|10789|2628|7693|1744|3096|1405|1394|516|1030|410|364|339|516|412|516|412|0|210|14647|3392|9562|2700|5085|1418|1385|644|1027|508|358|277|1198|672|659|466|539|472|3413|1705|1885|1119|1528|908|0|210|0|210|0|210|4977|2589|1659|702|3318|2429|2964|1827|2231|1356|733|721|6703|1735|5710|1611|993|521|1892|1085|1333|715|559|454|578|511|265|324|313|248|3001|1305|2383|998|618|444|6438|2586|4769|2013|1669|1086|5056|1406|3967|1102|1089|774|5602|2282|4003|1575|1599|946|7243|2590|6170|2423|1073|963|1506|1085|1427|1076|79|103|17041|3168|8817|1809|8224|2174|2734|1165|2244|1090|490|256|4093|1176|2493|859|1600|601|68337|6416|39926|4420|28411|3851|20649|3380|8672|2042|11977|2301|5036|1729|2333|921|2703|1297|7640|2332|4596|1784|3044|920|16784|4252|5836|1991|10948|3285|6574|1578|5297|1306|1277|597|1374|723|997|513|377|346|12674|4551|8567|2543|4107|2529|1037|616|686|406|351|333|97027|9753|56847|7152|40180|5797|16271|3750|10607|2488|5664|2231|9344|2866|6906|2207|2438|1323|0|210|0|210|0|210|1795|1591|1774|1590|21|33|5350|2189|3507|1693|1843|937
330M600US400|2051060|3227|1817116|12653|119902|5347|53269|5375|66633|6045|6331|3398|4044|1785|2287|1790|631|540|441|370|190|292|612|437|581|437|31|52|3449|3445|2931|2892|518|632|3337|932|3186|919|151|190|4012|3038|3295|2303|717|785|999|778|807|611|192|213|850|691|761|683|89|150|416|356|416|356|0|225|1221|1050|1016|957|205|239|503|475|503|475|0|225|271|351|116|154|155|256|4267|2923|2002|1301|2265|1992|1699|1027|1207|749|492|477|2994|1546|2675|1515|319|360|147|240|147|240|0|225|356|551|356|551|0|225|346|472|254|326|92|157|2215|1369|1731|1020|484|619|2994|1628|2454|1314|540|436|1959|1361|1551|1004|408|438|764|571|709|543|55|93|1121|950|860|845|261|317|7128|2254|3463|1417|3665|1303|414|323|365|316|49|86|4156|1956|2504|1372|1652|870|0|225|0|225|0|225|4801|2016|3176|1562|1625|963|214|340|114|182|100|163|5270|2048|3623|2037|1647|925|6478|3287|2077|1081|4401|2410|3696|1864|3136|1712|560|554|913|685|499|402|414|429|23891|7391|12443|4294|11448|4145|97|162|97|162|0|225|6245|2515|3376|1415|2869|1451|4984|2826|3839|2121|1145|1086|2921|1951|1188|801|1733|1524|0|225|0|225|0|225|144|230|144|230|0|225|1196|882|693|565|503|620
330M600US408|21795337|2941|13600599|50246|4103734|31376|2225885|27923|1877849|26648|160457|12686|127737|10222|32720|4770|204091|16803|133318|12063|70773|8466|168642|9654|117374|7554|51268|5251|182277|12130|106682|7945|75595|7862|48722|5537|44621|5250|4101|994|200887|12116|98063|10215|102824|8510|79007|7502|57838|6552|21169|2746|266239|14981|138557|10982|127682|8880|113888|8738|65231|5879|48657|5425|28201|4361|19330|3447|8871|1936|67241|7536|38672|5494|28569|4835|10439|2724|7484|2019|2955|1731|30160|4330|20694|3691|9466|1971|92327|8784|61755|6318|30572|3984|131993|9569|107251|8098|24742|3593|102698|10936|66210|7060|36488|5578|58726|9021|32054|5522|26672|4561|160420|10930|85259|7473|75161|5968|57710|6886|38375|4942|19335|3932|111906|11331|74176|8173|37730|6311|44065|5944|35672|5002|8393|2269|34124|6140|28317|4945|5807|2032|46265|5911|34821|5030|11444|2199|701238|19068|276999|12303|424239|13276|42262|4355|22063|3362|20199|2447|163059|9936|77877|6627|85182|6003|232|245|193|195|39|65|30306|5336|14328|2923|15978|3520|5320|2144|2871|1226|2449|1234|11917|2442|4883|1444|7034|1727|77214|8312|42651|5292|34563|4611|147919|8913|110631|7548|37288|3501|18422|3839|13025|3344|5397|1591|193180|18449|127757|13264|65423|7760|74177|8209|59513|7028|14664|3364|17801|4967|11271|3585|6530|2122|127362|12949|99537|10211|27825|5133|17541|4037|15350|3801|2191|927|200|191|101|105|99|159|2471|1349|2337|1323|134|99|59898|8199|41714|6099|18184|3609
330M600US416|1441363|309|1247603|6445|137512|5578|86486|5138|51026|3415|1710|782|1638|776|72|126|0|165|0|165|0|165|404|300|271|251|133|143|581|497|535|493|46|55|2158|686|1915|668|243|187|387|326|387|326|0|165|184|168|184|168|0|165|546|503|475|422|71|118|152|209|122|205|30|50|0|165|0|165|0|165|406|317|375|314|31|50|0|165|0|165|0|165|1117|665|742|483|375|359|627|508|627|508|0|165|647|350|552|326|95|109|2019|1569|1682|1274|337|400|488|772|213|323|275|459|1583|1321|505|421|1078|956|949|691|591|548|358|382|727|666|386|296|341|510|459|424|459|424|0|165|40|68|40|68|0|165|2111|1291|1043|863|1068|1070|8562|1995|5755|1489|2807|1104|575|367|327|251|248|233|894|432|727|384|167|173|712|620|393|319|319|349|10271|2162|3180|1019|7091|1806|455|343|266|291|189|214|2124|1091|1036|716|1088|790|569|581|349|467|220|166|2325|966|1587|847|738|464|269|218|269|218|0|165|4289|1784|3107|1260|1182|767|141|162|67|86|74|89|771|611|699|542|72|121|2776|1146|2726|1122|50|87|1300|952|971|979|329|256|94|103|0|165|94|103|2234|861|1632|736|602|481|592|458|584|457|8|14
330M600US422|4201740|1906|2962774|21739|919947|14465|569042|15803|350905|14250|14365|3091|11438|2552|2927|1510|73576|11602|49574|8139|24002|6896|6694|1932|4941|1423|1753|1103|48432|7236|28877|5504|19555|3807|9940|2305|9001|2206|939|439|1468|646|1000|502|468|419|2930|1202|2345|1230|585|501|10052|2847|5937|1738|4115|1690|2453|1067|2040|894|413|370|2093|1311|1575|973|518|454|4454|2047|2102|1063|2352|1735|349|432|106|144|243|400|2849|1279|1398|634|1451|1145|4888|1649|2883|896|2005|1030|8176|2183|6009|2109|2167|1151|4123|2785|3046|2331|1077|694|890|1076|667|798|223|300|4863|2347|3522|1852|1341|817|1205|767|831|666|374|324|5243|2238|3297|1452|1946|1064|1469|1140|1056|1009|413|397|1643|1094|1467|1034|176|214|4361|1861|3169|1310|1192|911|19379|3667|7554|1723|11825|2901|4154|2460|3218|2273|936|870|3650|1659|2007|1345|1643|828|186|209|186|209|0|239|16468|3722|6933|1959|9535|2485|565|554|149|259|416|527|5145|2715|3308|2358|1837|957|4186|1829|2596|1205|1590|893|18853|3319|14521|2742|4332|1291|1348|979|1273|966|75|125|19559|5417|13889|4584|5670|2315|791|445|725|441|66|115|546|568|460|521|86|140|2924|1507|2435|1408|489|531|751|805|604|653|147|180|0|239|0|239|0|239|150|226|150|226|0|239|3848|1391|2502|1140|1346|817
330M600US428|6983496|1648|5756228|22875|582837|12622|319983|11974|262854|11474|27144|4639|19235|3102|7909|3296|16056|6756|8280|3889|7776|3331|23300|2821|16200|2497|7100|1670|22874|5875|11358|3067|11516|4178|17099|3575|13922|2834|3177|1408|15755|5621|12657|4801|3098|1290|9082|2391|6404|1848|2678|1053|31693|4832|17571|3601|14122|2523|12795|3124|8167|2070|4628|1701|2897|1277|2716|1229|181|177|14628|3342|7590|1702|7038|2615|2122|845|1789|791|333|256|4929|1735|3459|1195|1470|917|28306|5038|19664|3757|8642|2189|19412|3988|16452|3541|2960|1192|10819|2928|7052|2174|3767|1400|4180|1857|2485|1163|1695|1091|21485|5360|10895|2969|10590|3097|9497|2570|6960|2106|2537|1165|16549|4082|9354|2713|7195|2483|12440|2939|10348|2537|2092|981|8256|1947|6210|1716|2046|877|17063|3404|11773|2552|5290|1879|84166|7994|38310|4114|45856|6121|5275|1672|3313|1132|1962|908|27838|4890|14096|3323|13742|2434|193|178|134|173|59|13|36101|6648|13885|3184|22216|4377|11976|3627|5365|1937|6611|2278|2298|964|1382|608|916|526|17821|4808|8903|2259|8918|3097|22238|4028|14844|2936|7394|2280|5328|2213|2642|1226|2686|1584|30186|6680|19641|4643|10545|3374|2853|1065|2711|1000|142|152|6702|2718|3647|1573|3055|1659|24501|4716|16126|3589|8375|2626|6719|2531|4897|1687|1822|1463|0|210|0|210|0|210|1386|830|1386|830|0|210|10469|3121|6090|1933|4379|2012
330M600US429|4788807|1089|3560158|23297|932423|21055|620587|17685|311836|12341|13482|2623|11311|2590|2171|1128|2297|1731|1328|1215|969|877|3904|1587|3204|1453|700|518|4765|1787|4310|1665|455|399|9326|1658|8055|1560|1271|610|2067|845|2067|845|0|228|2925|1275|2556|1125|369|348|7577|2241|5748|1832|1829|1145|4463|2293|3350|2185|1113|663|7283|2285|4888|1816|2395|909|2721|1127|2119|989|602|393|1221|829|971|746|250|235|5705|2343|4036|1967|1669|1024|3060|1389|2296|1092|764|529|12842|3485|11488|3026|1354|848|2147|1193|1797|1026|350|273|1714|1355|1601|1324|113|135|2274|1587|1559|1022|715|749|6377|2290|5031|2097|1346|918|7551|2494|5001|1464|2550|1403|6838|2467|5653|2252|1185|608|10571|2889|8638|2329|1933|1431|2499|1084|2176|963|323|285|24565|4094|13869|3181|10696|2500|5738|1535|3570|1026|2168|1035|7515|2185|3350|1298|4165|1449|966|1301|966|1301|0|228|25722|4912|12467|2792|13255|3339|2203|1158|1084|731|1119|787|3755|1436|2187|824|1568|897|5848|2509|3446|1578|2402|1243|20928|3225|16304|2897|4624|1199|5934|2045|4275|1400|1659|944|28384|6304|19101|4549|9283|3324|2105|1088|1662|1019|443|441|6143|1957|4214|1576|1929|778|5745|2318|3439|1301|2306|1999|8346|3923|5092|2538|3254|2760|10524|3025|7997|2088|2527|1631|6986|1998|5960|1843|1026|562|1210|607|907|499|303|346
330M600US430|2506372|2144|2373427|6341|31597|3451|23450|2967|8147|1526|5683|2090|4410|1574|1273|929|476|611|476|611|0|210|7556|1533|5205|1316|2351|737|1946|663|1474|564|472|347|6447|1333|5355|1120|1092|522|3688|1046|1739|665|1949|728|2270|905|1867|767|403|511|3404|922|2187|743|1217|558|1102|495|1085|495|17|5|1548|907|1442|855|106|124|3085|1188|2353|971|732|459|0|210|0|210|0|210|545|328|530|326|15|25|1887|1367|1435|1067|452|331|5161|1499|4148|1311|1013|599|1331|929|1119|823|212|193|586|403|349|278|237|321|1801|901|1384|704|417|346|7963|2880|2005|944|5958|2658|1094|587|1051|605|43|82|2722|1033|1932|798|790|448|1730|830|1441|732|289|335|1442|845|1146|806|296|346|14286|2395|8572|1840|5714|1483|1453|665|567|417|886|522|2900|1037|1778|776|1122|772|188|151|152|118|36|49|1198|629|445|280|753|493|58|85|0|210|58|85|512|415|182|176|330|298|5504|2496|3236|1537|2268|1395|1747|791|1117|674|630|428|343|246|191|147|152|185|5187|2033|3000|1221|2187|1229|697|445|488|365|209|206|737|491|671|495|66|111|828|533|589|411|239|292|1416|1029|763|569|653|516|0|210|0|210|0|210|23|39|23|39|0|210|804|575|804|575|0|210
330M600US440|3122620|2186|2565716|13859|295634|9029|181686|8827|113948|8775|11101|2512|9714|2412|1387|816|206|242|206|242|0|210|1588|700|1469|682|119|144|2865|1152|2322|1017|543|354|10089|1926|8996|1847|1093|503|1965|938|1854|935|111|140|1594|1746|1594|1746|0|210|28346|5007|18533|3861|9813|2281|769|463|724|459|45|75|2699|1237|1579|753|1120|658|13627|4099|5710|2118|7917|2619|1280|935|757|612|523|557|3299|1111|2098|819|1201|651|617|557|439|357|178|239|7452|2363|6252|2137|1200|603|994|623|837|550|157|187|1024|851|1024|851|0|210|2021|996|1743|882|278|275|8472|3056|4596|1618|3876|2300|10008|2447|7657|1877|2351|1150|4284|2089|3568|1825|716|715|3171|1619|2629|1399|542|462|2705|1304|2182|969|523|657|28156|3807|14918|1957|13238|2808|8652|1724|7243|1633|1409|553|10512|2262|6257|1569|4255|1249|1687|915|1256|664|431|331|27213|4132|10884|2172|16329|3420|2193|1417|745|405|1448|1350|4871|2142|2250|1221|2621|1241|5920|2313|2766|1210|3154|1959|12378|2561|8897|2080|3481|1098|11025|2349|6786|2333|4239|1516|8967|2873|6406|2353|2561|1027|1392|710|1128|567|264|284|6741|2747|3680|2146|3061|1262|3229|2063|1746|1020|1483|1795|1820|1175|1040|775|780|669|30|39|30|39|0|210|1230|693|1220|689|10|22|5078|1933|4020|1682|1058|844
330M600US450|2071041|1545|1719783|12047|177259|6711|106996|4897|70263|5313|13375|3733|10453|2997|2922|1481|1539|1557|757|1053|782|689|1443|809|1368|798|75|125|4641|1764|3165|1195|1476|965|7759|2771|6968|2756|791|670|1000|726|896|702|104|181|1050|596|901|547|149|244|5315|1659|3926|1281|1389|940|2227|1182|2227|1182|0|221|332|284|240|234|92|155|1711|1401|1039|792|672|1070|0|221|0|221|0|221|2439|1160|1611|728|828|790|7111|2932|3810|2102|3301|1500|9893|2991|8984|2865|909|541|2579|933|2145|791|434|382|567|494|499|413|68|115|2719|1151|2041|885|678|631|4963|1983|4069|1663|894|697|3438|1497|2581|1085|857|701|11933|4563|9443|3558|2490|1705|6090|2387|4488|1803|1602|998|5565|2305|5432|2310|133|172|21228|3341|12447|2559|8781|1827|3006|1316|1724|918|1282|705|4311|1781|1669|1062|2642|1166|1136|908|524|393|612|853|5508|2845|3111|2443|2397|1244|0|221|0|221|0|221|1055|630|724|514|331|325|6167|2505|4256|1871|1911|1118|5539|1724|4478|1538|1061|677|1354|1066|969|793|385|462|8966|2875|6347|2270|2619|1034|835|497|653|446|182|185|2162|1071|1237|813|925|693|10075|5353|9181|5171|894|941|2014|1665|1879|1467|135|225|0|221|0|221|0|221|623|511|550|501|73|64|2331|1375|1969|1325|362|381
330M600US464|1112779|832|1003411|6049|49265|3418|30926|2791|18339|2496|2323|827|1998|744|325|257|1535|1384|1317|1234|218|265|4474|1108|2936|841|1538|623|915|686|823|664|92|154|3282|1195|2544|817|738|600|7193|2113|5326|1656|1867|945|753|387|498|262|255|224|1623|861|841|600|782|459|845|686|537|424|308|321|729|456|586|401|143|182|3550|1448|2454|1164|1096|729|62|105|62|105|0|217|669|563|301|327|368|359|281|160|178|118|103|91|1491|620|1117|535|374|285|576|610|379|419|197|228|509|468|288|279|221|231|564|382|251|205|313|241|3827|1695|1324|758|2503|1172|1710|746|1522|716|188|159|332|381|258|288|74|121|283|329|113|119|170|232|584|532|398|472|186|252|5264|1438|2616|908|2648|887|562|404|483|377|79|102|854|586|496|383|358|327|50|63|50|63|0|217|2686|1147|556|357|2130|970|221|202|35|48|186|189|1018|808|232|181|786|773|2589|1567|988|651|1601|1366|1336|660|1100|587|236|231|73|89|73|89|0|217|4014|1680|2457|1221|1557|1067|206|243|206|243|0|217|1791|1311|1235|989|556|449|323|352|286|307|37|67|461|260|305|189|156|177|0|217|0|217|0|217|26|37|11|22|15|27|519|348|374|297|145|179
330M600US472|2555591|1025|1823170|16383|324940|11693|211915|8577|113025|7549|5567|1673|4782|1334|785|626|66|93|66|93|0|218|3618|1319|2941|1190|677|385|3672|1343|2329|845|1343|750|5741|1565|5075|1382|666|543|1002|602|928|595|74|122|851|514|851|514|0|218|35455|5526|16060|2613|19395|4387|1173|665|601|395|572|351|2382|1982|2287|1973|95|159|17983|4046|8204|2918|9779|3410|3699|1814|2637|1361|1062|684|23014|5146|10425|2580|12589|3716|1260|586|863|453|397|319|15968|3871|11462|3021|4506|1894|6417|2431|4444|1789|1973|982|35303|5915|20145|3582|15158|3511|2602|1102|2008|870|594|632|2929|1221|1882|951|1047|509|12626|3589|7908|2535|4718|2002|4131|1890|3439|1595|692|526|1790|932|1515|856|275|192|2035|859|1469|749|566|400|54078|5544|23552|3420|30526|3656|7397|1725|4311|1262|3086|1055|8781|2091|4265|1318|4516|1292|30497|3973|16805|2995|13692|2363|30757|4484|11622|2294|19135|3059|3372|1624|2088|1120|1284|743|4290|1447|1707|821|2583|1132|8312|2321|3905|1216|4407|1683|38994|4978|26225|3841|12769|2411|8943|2250|7019|2097|1924|768|9913|3250|7731|2519|2182|995|1011|958|1011|958|0|218|1941|1197|1182|838|759|554|2658|1571|2315|1338|343|358|3755|2430|3515|2275|240|326|78|4|78|4|0|218|1769|2263|1289|1732|480|558|1651|786|1325|723|326|257
330M600US476|2744139|2097|2574437|9860|53325|4705|36702|3885|16623|2847|5115|1754|4031|1156|1084|815|505|751|356|505|149|252|2424|1494|2106|1254|318|330|1252|676|1098|631|154|159|6708|1540|5357|1360|1351|593|890|452|828|443|62|98|698|370|545|327|153|178|1250|634|628|352|622|490|1321|711|643|416|678|549|10982|2774|6888|1952|4094|1521|2572|2262|2062|2152|510|481|139|230|139|230|0|210|1243|771|687|503|556|439|1900|1213|1317|761|583|584|5046|2434|4513|2404|533|398|3787|2033|2944|1712|843|511|966|999|574|609|392|445|623|527|442|378|181|194|1782|1144|1362|952|420|396|3264|1467|2126|941|1138|793|6521|2379|5632|2152|889|616|2676|1542|2398|1416|278|301|1630|885|1301|698|329|310|14448|2931|8053|1849|6395|1676|1266|853|576|379|690|702|4273|1164|2486|878|1787|809|254|454|254|454|0|210|3927|1764|1690|1140|2237|1049|0|210|0|210|0|210|1195|681|760|463|435|323|1517|906|559|353|958|703|6483|1544|3425|856|3058|1142|689|536|462|407|227|247|8639|2856|5897|2109|2742|1242|935|745|935|745|0|210|3098|3024|1384|1116|1714|2023|2092|1191|1656|824|436|554|3686|2111|2364|1456|1322|1444|0|210|0|210|0|210|54|90|54|90|0|210|527|410|308|324|219|253
330M600US482|2583097|1293|2141242|13402|294919|8878|185343|8051|109576|6648|6460|1418|5209|1198|1251|743|90|162|90|162|0|204|2117|648|1957|639|160|174|14144|3531|11301|2876|2843|1318|7985|1842|7204|1737|781|437|1857|806|1510|716|347|300|547|468|381|447|166|140|4770|1788|3755|1597|1015|539|775|910|191|188|584|896|3467|1906|2422|1357|1045|933|1247|684|743|493|504|429|359|414|176|210|183|220|3041|2280|1934|2051|1107|920|204|256|204|256|0|204|2534|1484|2118|1167|416|470|574|580|376|517|198|239|351|501|351|501|0|204|256|231|256|231|0|204|3639|2577|3260|2138|379|552|2455|833|2041|729|414|325|1273|1098|974|991|299|286|702|654|473|419|229|293|765|536|673|533|92|114|17554|2903|11291|2088|6263|1540|5085|1760|3717|1221|1368|862|5661|2187|3659|1751|2002|810|735|887|660|884|75|123|8294|2639|4037|1751|4257|1619|976|677|552|448|424|382|2877|1233|1617|906|1260|620|6181|3073|3530|1698|2651|1627|7419|2161|5556|1721|1863|922|16687|2727|14228|2520|2459|825|4798|2340|4098|2022|700|584|14|27|14|27|0|204|5337|5445|3662|3296|1675|2191|259|247|259|247|0|204|1755|1287|999|936|756|662|2231|999|1999|1017|232|270|466|297|466|297|0|204|995|468|881|438|114|112
330M600US484|2508068|3266|1658420|18785|757723|18703|534810|13663|222913|12665|4505|1948|3165|1743|1340|801|0|237|0|237|0|237|1188|1142|829|743|359|492|2622|1362|2129|1086|493|384|6303|1446|5661|1413|642|396|161|160|161|160|0|237|50|83|50|83|0|237|3370|1590|2964|1522|406|390|959|476|723|395|236|217|2|2|2|2|0|237|810|565|532|384|278|278|107|189|107|189|0|237|854|724|534|503|320|408|1896|1278|1099|728|797|687|2714|1325|2286|1248|428|335|885|787|617|458|268|441|68|117|68|117|0|237|362|401|362|401|0|237|668|572|447|379|221|277|10268|4506|3279|1746|6989|4072|1081|742|953|700|128|210|2440|1413|1958|1214|482|484|392|392|354|352|38|63|6386|2263|2407|948|3979|1721|2228|1268|1445|858|783|522|3653|2028|2792|1754|861|586|0|237|0|237|0|237|7298|2357|3715|1669|3583|1155|523|706|0|237|523|706|510|347|113|140|397|296|1016|977|200|267|816|770|11429|2507|9625|2332|1804|790|1929|950|1744|817|185|254|10053|5208|5223|3382|4830|2656|350|313|325|311|25|41|1059|1155|794|1043|265|323|931|638|692|436|239|328|1209|1033|797|762|412|528|138|191|138|191|0|237|369|583|369|583|0|237|1139|826|897|733|242|351
330M600US488|8986726|1802|5093662|33317|1767378|23878|1045058|21202|722320|18481|49234|6569|43640|5687|5594|1580|1721|910|1581|801|140|175|19106|2996|16305|2673|2801|933|48927|5568|33991|3550|14936|3753|27892|3246|24065|2979|3827|1178|5995|1780|5012|1690|983|774|10115|2886|8772|2791|1343|674|50994|6321|30759|4816|20235|3437|8519|3648|6582|2124|1937|1836|5241|1564|3665|1130|1576|846|12936|4184|8436|2928|4500|1719|4250|1478|3376|1231|874|571|60921|7427|41056|5663|19865|3482|24711|4309|18797|3550|5914|1556|128671|10136|110606|9209|18065|2435|19985|4120|14919|3502|5066|1560|69431|9168|40561|5840|28870|4410|14129|3360|11661|2784|2468|1082|39408|6614|32951|5670|6457|1867|24410|5140|18326|3957|6084|2279|61818|7355|51850|6633|9968|2079|47438|6132|39378|5322|8060|1704|30406|4394|25145|3386|5261|2014|601824|15764|299337|10672|302487|10636|31104|3832|20062|3062|11042|2044|59863|5980|33245|3620|26618|3438|9991|2909|6878|2347|3113|1463|168366|10542|65840|5336|102526|8454|20531|3368|9466|2183|11065|2294|21816|3745|11522|2458|10294|2177|30705|4112|16657|2565|14048|2819|268903|12762|177132|10096|91771|6140|38264|4909|26501|4139|11763|2440|41542|6927|30882|5512|10660|2305|12910|2569|11305|2132|1605|968|26327|4995|16300|3574|10027|2823|10301|3393|6884|2245|3417|1496|6502|2319|5158|1992|1344|686|285|251|224|239|61|56|1124|717|1034|671|90|116|9070|2607|4714|1458|4356|2077
330M600US500|4712526|1779|3618265|21271|309384|11470|192691|8351|116693|8808|20145|3274|17636|2682|2509|1312|3304|2817|1625|1205|1679|1729|5168|1759|4373|1545|795|440|9788|2638|6469|2004|3319|1675|17773|3066|15589|2918|2184|806|3690|1335|3339|1277|351|309|1798|783|1669|759|129|156|43441|6967|27398|5067|16043|3160|5818|2739|4125|2492|1693|1008|4571|2206|3377|1981|1194|609|28423|7249|14125|3862|14298|5093|1475|1192|1380|1094|95|164|13366|3048|7464|2049|5902|1771|6466|1960|5485|1716|981|669|39773|5210|35441|4806|4332|1384|6501|2170|4661|1452|1840|1013|12598|3498|6238|1806|6360|2193|4692|1971|4419|1924|273|268|11043|3079|8013|2556|3030|1245|13742|3526|10876|2909|2866|1356|20564|4720|16048|3500|4516|2412|10591|2819|9452|2445|1139|647|9739|3151|8285|2987|1454|594|132136|7763|76097|6002|56039|4582|21501|3293|15021|2622|6480|1395|50102|5602|22230|3237|27872|3843|3013|1899|1222|855|1791|1842|66621|7722|29984|4469|36637|4637|10078|2821|4855|2053|5223|1355|13742|3780|6460|2147|7282|2466|15539|5315|8976|3258|6563|3097|54587|5306|36331|3786|18256|2818|31391|3868|21351|3150|10040|2358|20193|4622|15181|3505|5012|1709|3684|1882|3355|1806|329|287|36066|7183|21659|5573|14407|3475|7878|3544|5475|2556|2403|1420|15474|3678|11232|2750|4242|1783|244|354|244|354|0|214|2523|1156|2301|1106|222|265|5636|3383|3276|1111|2360|2607
330M600US538|1081907|1542|958434|4220|84008|3233|50178|2778|33830|2286|1408|595|659|418|749|462|0|165|0|165|0|165|379|292|321|276|58|96|1450|827|908|500|542|418|2024|604|1858|564|166|138|509|423|485|422|24|39|284|246|205|211|79|92|1081|688|743|634|338|348|720|495|612|369|108|176|167|118|167|118|0|165|259|191|185|167|74|89|179|299|139|231|40|68|243|191|179|164|64|57|735|488|534|399|201|166|492|344|433|302|59|98|0|165|0|165|0|165|0|165|0|165|0|165|0|165|0|165|0|165|215|163|143|117|72|117|1597|990|978|607|619|798|699|507|617|455|82|132|70|113|49|79|21|35|712|602|404|350|308|387|1653|658|833|428|820|433|539|438|371|349|168|156|1218|488|393|263|825|421|5276|1317|3653|1019|1623|682|4279|1100|1369|503|2910|877|27|44|27|44|0|165|558|394|507|389|51|91|3772|1304|1284|709|2488|950|1108|427|680|342|428|247|1260|684|867|543|393|224|1328|683|962|523|366|229|329|311|329|311|0|165|221|208|221|208|0|165|1025|783|879|783|146|163|896|718|458|309|438|584|0|165|0|165|0|165|2542|874|2251|807|291|216|211|255|130|218|81|102
330M600US545|1790626|5007|1629145|9736|74084|5361|51139|4518|22945|3633|4854|1439|3690|1252|1164|584|1135|781|1008|690|127|202|1410|577|1322|562|88|91|1661|1655|1037|1003|624|761|4716|1186|4215|1093|501|304|565|340|508|317|57|94|849|385|605|337|244|261|2913|1142|2023|826|890|687|867|527|765|422|102|172|462|342|296|353|166|242|1147|758|924|663|223|194|80|94|80|94|0|210|1393|1247|812|781|581|529|1389|1422|822|810|567|642|1938|920|1728|810|210|279|1922|1345|804|683|1118|939|0|210|0|210|0|210|323|394|323|394|0|210|519|499|281|233|238|305|1256|536|965|465|291|320|1883|1396|1059|769|824|745|226|188|153|132|73|132|719|555|719|555|0|210|7736|2108|3560|964|4176|1624|2031|981|1355|732|676|455|6260|1656|3587|1293|2673|866|89|150|89|150|0|210|7501|2450|2056|879|5445|2151|245|287|245|287|0|210|516|306|265|217|251|219|757|466|669|416|88|109|18317|2421|13501|1922|4816|1239|2359|1357|1517|828|842|771|4086|1747|2920|1154|1166|783|44|77|44|77|0|210|1443|1046|1249|997|194|233|2205|827|2097|782|108|131|885|648|715|485|170|211|0|210|0|210|0|210|254|286|254|286|0|210|442|344|291|279|151|188
330M600US548|9390842|4592|7110919|32262|979075|14533|556162|14402|422913|12245|80757|8799|61535|6960|19222|3389|15519|4959|11714|4145|3805|2064|17081|3380|13595|2720|3486|1259|24974|5170|17225|3556|7749|2630|25569|2869|22553|2507|3016|1072|11219|3895|8572|2046|2647|2490|10892|2437|9156|2127|1736|678|35887|5664|24423|4576|11464|2200|6470|1691|4962|1434|1508|812|3599|1355|2344|942|1255|815|14587|3212|10207|2481|4380|1783|3441|1753|3004|1623|437|327|50995|5607|29911|3914|21084|3544|12804|3087|9655|2746|3149|985|45098|5054|36247|3806|8851|2889|43792|6015|28960|4263|14832|2981|13372|3866|9386|2769|3986|1653|26066|5142|16321|2904|9745|3699|42958|7867|29409|5057|13549|3996|28949|5686|20020|4054|8929|2876|34714|6037|28819|5340|5895|1973|21050|5200|17519|4672|3531|1458|11317|2686|10323|2552|994|416|120097|8020|68699|4841|51398|5227|14682|3588|9216|2527|5466|1664|81567|5763|41202|3832|40365|4673|226|309|226|309|0|210|57673|5844|27207|3954|30466|3634|4424|1977|1925|923|2499|1312|14235|2992|7230|1578|7005|2082|25030|4209|15909|3336|9121|2229|63981|6134|49688|5032|14293|2255|10749|2475|6524|1375|4225|2069|65219|7738|46560|5478|18659|4248|6148|1407|5484|1245|664|434|109026|12721|70719|9446|38307|6731|95000|9998|78876|8469|16124|3834|28173|6767|22428|5363|5745|2577|0|210|0|210|0|210|1039|482|909|457|130|172|22469|5782|18083|4927|4386|1895
335M600US715|7771744|9056|5950326|27561|708891|13248|384030|10045|324861|10456|56709|5492|46550|4285|10159|2280|80448|8922|44758|5254|35690|5714|30398|3514|23043|3162|7355|1509|255818|14763|138897|9365|116921|9805|17513|2393|16084|2249|1429|555|3110|965|2856|950|254|169|21485|3447|15963|2875|5522|1626|33887|4272|21843|3658|12044|1938|13082|3082|9615|2362|3467|1317|6890|2674|4293|1595|2597|1972|10677|2954|7312|1888|3365|1978|7142|2958|5218|2081|1924|1551|8071|2262|5065|1589|3006|1470|12530|3289|9299|2421|3231|1370|28085|4469|24633|4099|3452|1221|7866|2227|6079|1792|1787|1051|6210|3387|4195|2444|2015|1296|7649|1986|5610|1411|2039|942|19514|3446|14801|3049|4713|1473|34249|5618|23675|4235|10574|2685|16495|3032|13134|2749|3361|2066|14361|2864|12797|2666|1564|991|7709|2029|6973|1791|736|421|140966|9109|75653|5851|65313|5663|10870|2596|7293|2033|3577|1049|23011|3449|13164|2281|9847|1977|2222|1673|1085|932|1137|1108|45130|6097|18079|3261|27051|4353|33514|5598|15904|3450|17610|3475|10736|2635|5952|1912|4784|1391|10583|2377|7786|1774|2797|1169|8921|2077|6717|1606|2204|883|2787|1112|2378|1011|409|267|45832|6799|29739|4741|16093|3650|14099|3043|11845|2668|2254|1247|9534|2710|5095|1958|4439|1787|22918|4484|18538|4026|4380|1461|20701|3933|16518|3887|4183|1434|41|74|0|210|41|74|671|541|671|541|0|210|10093|3023|7187|2474|2906|1544
335M600US720|1850848|6005|1358653|13729|279926|9234|161313|7666|118613|7447|8806|2087|7122|1766|1684|689|13499|3713|10907|3202|2592|1192|16285|3206|11009|2540|5276|1639|44368|6436|25415|4863|18953|3612|3784|1088|3261|1001|523|403|1409|838|1409|838|0|224|4077|2227|3026|1841|1051|605|7457|2254|5094|1767|2363|1010|6713|1845|4865|1602|1848|641|1640|928|1252|723|388|354|4641|2003|3099|1556|1542|727|388|457|388|457|0|224|1221|746|646|422|575|649|2316|1132|1740|966|576|319|3712|1124|3440|1029|272|255|3154|1868|1648|1090|1506|1069|2200|2070|1399|1272|801|820|4554|2695|2614|1393|1940|1358|3808|1544|3040|1292|768|516|13738|3951|8185|2786|5553|2324|1538|901|1491|888|47|83|815|652|739|591|76|130|975|490|721|445|254|216|21342|2950|11102|1867|10240|2038|1094|605|887|537|207|238|4787|1453|2383|829|2404|1187|49|64|49|64|0|224|3049|1627|1137|787|1912|1016|619|564|123|138|496|471|3043|1604|1027|807|2016|1003|2548|1588|1059|716|1489|1002|4821|1599|3717|1517|1104|574|1107|905|740|799|367|241|8434|2683|5020|1413|3414|1707|1889|1138|1756|1076|133|168|1021|858|486|395|535|635|4005|1667|3622|1635|383|349|1063|742|1063|742|0|224|0|224|0|224|0|224|88|151|88|151|0|224|2212|1132|1661|1031|551|326
335M600US790|1877011|8623|1468575|13922|228633|8303|140710|6925|87923|5991|13659|2045|11836|1897|1823|635|2838|1449|2255|1474|583|659|9017|2041|7589|1860|1428|641|10080|1769|5978|1427|4102|1002|4883|1496|4275|1421|608|325|1238|964|1199|964|39|64|3417|1328|1980|916|1437|758|8082|3331|4023|1813|4059|3187|21223|3708|12009|2624|9214|1877|4154|2213|2705|1482|1449|863|4604|2404|2518|1426|2086|1179|398|518|394|519|4|8|1698|873|1209|758|489|283|1879|910|1208|662|671|477|5257|1448|4559|1341|698|428|3316|1882|2699|1614|617|469|818|1034|246|277|572|767|2850|1258|2152|972|698|464|6541|2386|4341|2076|2200|1004|4035|1602|2712|1003|1323|961|2845|1012|2461|939|384|372|4788|2432|4321|2373|467|366|2133|1316|1798|1124|335|466|17970|2965|8999|1443|8971|2181|1740|931|1192|666|548|420|4756|2042|2387|1106|2369|1515|0|210|0|210|0|210|6931|2608|4088|1864|2843|1105|1056|1007|418|470|638|747|1722|1053|752|520|970|648|3228|2040|2057|1276|1171|880|2603|1479|1591|737|1012|856|989|710|673|470|316|354|5512|2370|4223|1978|1289|849|203|228|161|219|42|70|1241|1078|1192|1061|49|88|7917|3541|6751|3219|1166|743|1184|901|796|597|388|385|0|210|0|210|0|210|225|286|225|286|0|210|2773|1438|2537|1405|236|251
350M600US71650|4760704|11811|3501545|24585|451343|9088|241230|7879|210113|7793|35213|4089|28748|3393|6465|1735|69261|8199|38135|5011|31126|5467|23169|2948|17246|2552|5923|1267|151842|10766|77988|6759|73854|7015|10872|1697|9857|1607|1015|493|2424|863|2268|843|156|114|17808|3349|12961|2856|4847|1578|27568|3792|18279|3259|9289|1684|6980|2160|5058|1649|1922|946|5845|2572|3531|1494|2314|1934|8021|2062|6011|1653|2010|816|6108|2801|4233|1855|1875|1550|7052|2182|4368|1469|2684|1431|10030|2801|7595|2121|2435|1128|21679|3496|18637|3194|3042|1170|6224|1982|4614|1541|1610|1010|5820|3414|4092|2440|1728|1281|6977|1747|5098|1311|1879|852|15019|3175|11432|2885|3587|1277|23605|5360|17371|4062|6234|1947|12335|2784|9750|2090|2585|2182|9801|2003|8870|1898|931|638|4875|1512|4469|1394|406|283|123716|8343|66660|5534|57056|4901|8227|2042|5389|1537|2838|926|19437|3415|11724|2356|7713|1758|1122|1357|434|457|688|941|36373|5668|13737|2635|22636|4256|25211|4588|11335|2834|13876|2955|6701|2613|4108|1925|2593|1063|8283|2044|6386|1693|1897|789|5139|1574|4061|1233|1078|660|2182|933|1889|848|293|235|32200|5181|20239|3106|11961|3375|12414|3144|10285|2747|2129|1216|9191|2714|4752|1950|4439|1787|9730|2760|8082|2515|1648|828|14078|3407|11191|3319|2887|1232|0|210|0|210|0|210|405|471|405|471|0|210|4879|1669|3728|1533|1151|1042
350M600US71950|873586|9062|626094|13109|132088|7664|74254|5784|57834|5266|5421|1569|4635|1430|786|441|12124|3737|9865|3264|2259|1142|10073|2644|6774|1956|3299|1479|18369|5492|11184|3439|7185|2735|2369|782|2000|683|369|331|801|641|801|641|0|224|3224|2181|2477|1799|747|564|5412|1928|3781|1569|1631|869|4417|1588|3080|1351|1337|582|426|343|376|287|50|83|3115|1624|1762|1136|1353|674|78|96|78|96|0|224|582|386|448|338|134|196|1258|829|837|675|421|298|2839|926|2642|876|197|226|1005|1135|553|537|452|665|822|814|592|596|230|229|4000|2753|2142|1438|1858|1372|2099|947|1735|900|364|240|4999|1722|3241|1226|1758|1015|992|731|945|715|47|83|482|445|406|337|76|130|465|363|465|363|0|224|10628|2263|5686|1345|4942|1510|484|355|300|229|184|235|1942|931|1350|691|592|384|49|64|49|64|0|224|2151|1531|632|695|1519|976|191|205|66|104|125|129|1956|1305|499|582|1457|842|922|772|401|354|521|463|1593|563|1087|446|506|329|928|886|740|799|188|159|3628|1692|2267|1103|1361|1071|1293|1016|1247|1008|46|79|627|703|92|145|535|635|1560|1262|1507|1251|53|72|640|622|640|622|0|224|0|224|0|224|0|224|88|151|88|151|0|224|1352|876|953|801|399|265
350M600US73450|1065953|8647|820224|11382|124428|6730|76701|5590|47727|5323|8517|1338|7673|1307|844|380|2677|1468|2104|1484|573|660|6821|1747|6070|1618|751|433|5471|1256|3013|1045|2458|748|3527|1297|3257|1255|270|230|1238|964|1199|964|39|64|1286|659|830|489|456|414|2480|1242|1265|699|1215|739|16182|3133|8368|2149|7814|1695|3782|2185|2333|1430|1449|863|1703|954|1150|687|553|554|283|475|283|475|0|224|1167|778|915|693|252|221|1452|792|1142|658|310|274|3803|1144|3398|1128|405|251|3036|1851|2580|1552|456|414|42|72|42|72|0|224|2085|1098|1551|887|534|398|3826|2229|3078|1986|748|573|2978|1240|2082|894|896|664|2845|1012|2461|939|384|372|4517|2400|4050|2340|467|366|1927|1204|1592|1060|335|466|12729|2416|6930|1434|5799|1729|1016|633|708|464|308|299|3514|1791|1728|1016|1786|1420|0|224|0|224|0|224|4558|2061|2834|1578|1724|741|415|699|99|179|316|525|916|763|316|301|600|536|611|436|262|223|349|295|1955|1360|1107|638|848|800|475|396|363|352|112|186|3420|1763|2740|1710|680|441|203|228|161|219|42|70|413|441|364|395|49|88|6572|3307|5820|3078|752|637|582|566|468|446|114|184|0|224|0|224|0|224|163|266|163|266|0|224|2114|1415|1980|1410|134|143
350M600US77200|1300123|7835|1020167|11949|144868|6441|77083|4688|67785|5525|7610|1943|6231|1623|1379|832|6092|2313|3542|1478|2550|1058|4236|1413|3456|1317|780|470|57281|6434|33368|4506|23913|4275|2558|1031|2279|983|279|282|256|314|212|305|44|74|785|534|544|324|241|405|2719|1836|2164|1787|555|447|2245|938|1836|800|409|314|109|154|109|154|0|210|394|314|329|311|65|108|730|530|730|530|0|210|473|464|290|399|183|232|620|516|458|440|162|271|2254|1369|2127|1346|127|155|573|504|573|504|0|210|170|278|0|210|170|278|160|279|160|279|0|210|1088|832|1088|832|0|210|2116|1105|1604|925|512|459|777|733|589|546|188|231|2111|1616|1540|1091|571|690|382|479|382|479|0|210|6607|1700|2908|807|3699|1313|1318|739|1122|696|196|204|2063|1148|899|642|1164|868|706|906|617|849|89|177|805|498|351|232|454|345|7156|2860|3679|1646|3477|1739|2063|1010|1176|620|887|586|1478|1155|842|746|636|865|1700|894|960|549|740|507|196|208|147|198|49|61|4822|2502|3708|1914|1114|870|421|339|421|339|0|210|108|185|108|185|0|210|6097|2317|5538|2135|559|473|1378|789|984|595|394|395|0|210|0|210|0|210|118|143|118|143|0|210|2313|2082|1698|1626|615|594
350M600US79600|654739|7722|513650|10835|58735|5037|34907|4157|23828|3414|3149|1131|2502|1049|647|444|2032|1138|1083|608|949|812|1372|776|1061|589|311|410|12718|3495|6066|1947|6652|2565|1944|789|1894|780|50|83|70|101|16|34|54|96|1180|686|932|530|248|215|2238|1024|622|490|1616|688|2854|1221|1718|811|1136|790|412|450|412|450|0|210|1247|1659|0|210|1247|1659|136|167|136|167|0|210|510|319|371|230|139|172|1414|857|1002|681|412|374|3605|1410|3415|1328|190|195|758|825|642|790|116|203|0|210|0|210|0|210|236|230|190|215|46|77|1269|709|850|595|419|453|6828|2473|3465|1706|3363|1678|2212|1576|1688|1179|524|532|2263|1322|2201|1311|62|101|2217|1393|1887|1231|330|283|5006|1379|2471|1037|2535|835|709|743|468|524|241|239|895|634|239|214|656|493|0|210|0|210|0|210|6333|2067|3272|1454|3061|1125|1029|1170|867|1134|162|192|629|420|271|233|358|345|234|228|178|183|56|68|499|356|499|356|0|210|54|87|54|87|0|210|4640|2255|2489|1566|2151|1304|381|439|381|439|0|210|172|173|172|173|0|210|6330|2200|4455|1982|1875|1113|4070|1758|3729|1744|341|425|0|210|0|210|0|210|121|205|121|205|0|210|588|835|575|821|13|29
352M600US716502507000|618440|3261|403118|8540|99655|5901|53549|3776|46106|4489|4789|1486|4011|1265|778|505|16629|4089|8261|2365|8368|2503|1915|1069|1311|869|604|541|15029|4425|9552|2724|5477|2480|1237|641|1237|641|0|222|536|399|496|386|40|66|1150|511|904|396|246|322|3314|921|1514|584|1800|794|745|449|438|354|307|295|552|528|552|528|0|222|1423|629|1084|471|339|320|201|197|201|197|0|222|1463|730|1211|601|252|351|1742|1032|1428|665|314|475|2974|947|2251|770|723|532|934|734|817|576|117|191|44|73|0|222|44|73|1256|716|853|433|403|454|961|484|742|415|219|185|2947|1589|1885|758|1062|980|326|254|279|207|47|77|764|282|764|282|0|222|434|309|434|309|0|222|22014|3113|10213|2170|11801|1824|474|332|474|332|0|222|3338|1047|2954|1051|384|349|35|63|35|63|0|222|9586|2923|2631|1031|6955|2559|803|712|142|188|661|686|140|104|37|45|103|104|1670|707|1235|532|435|390|409|266|409|266|0|222|459|335|395|287|64|111|4244|1549|2774|960|1470|741|675|395|675|395|0|222|3084|1790|1795|1230|1289|821|1409|977|1055|848|354|359|2884|2092|2517|2000|367|348|0|222|0|222|0|222|0|222|0|222|0|222|3078|1691|2340|1406|738|966
355M600US7165071634|2656512|11157|1894969|21444|237279|8054|131977|6567|105302|5993|20909|3201|17715|2674|3194|1090|41619|6209|22047|3906|19572|4155|17775|2735|12810|2278|4965|1342|66895|8275|36776|5254|30119|4917|6767|1453|6433|1485|334|365|2028|780|1881|758|147|114|8216|1648|5984|1190|2232|844|19385|3189|12769|2615|6616|1383|3299|1198|2524|936|775|588|4899|2415|2864|1336|2035|1912|6506|1850|5289|1543|1217|664|5427|2714|3637|1775|1790|1542|5072|1782|3238|1219|1834|1138|6735|2542|4862|1755|1873|1106|14961|2544|12865|2321|2096|737|3944|1538|2628|1123|1316|945|4476|3239|3139|2322|1337|1204|5839|1703|4176|1237|1663|830|8906|1904|6717|1646|2189|928|17247|4703|12652|3592|4595|1756|7572|2994|5757|1891|1815|2113|6022|1647|5711|1563|311|261|2668|998|2450|921|218|219|112031|7426|60125|5051|51906|4625|6804|1950|4443|1444|2361|879|16555|3190|10688|2190|5867|1658|145|153|145|153|0|222|26690|4416|10093|2251|16597|3440|2410|979|820|565|1590|874|1643|826|1084|596|559|391|7343|1838|5724|1564|1619|744|3839|1390|3082|1105|757|564|1469|826|1263|735|206|200|23686|4957|14086|2593|9600|3321|10460|2956|8771|2556|1689|1166|8963|2625|4653|1932|4310|1736|5447|2380|4926|2267|521|470|5624|2406|4603|2303|1021|535|0|222|0|222|0|222|127|159|127|159|0|222|3861|1673|2923|1426|938|1011
400C200US03817|4884531|18813|3831417|27698|487149|9216|277815|9612|209334|8484|35215|6044|26355|4646|8860|2605|25235|5687|18478|4607|6757|2635|3618|1165|3418|1100|200|187|17583|4127|11437|2799|6146|2530|10501|2370|9797|2287|704|407|4439|1809|4159|1712|280|248|2165|910|1861|855|304|258|11174|2990|8430|2568|2744|791|2253|1103|1337|752|916|586|6935|2305|5117|2042|1818|883|3641|1428|2054|901|1587|935|263|432|170|278|93|154|8169|2277|5597|1816|2572|1195|21863|3995|13776|2884|8087|2332|25904|4693|21551|3819|4353|1594|12809|3171|9525|2466|3284|1256|2764|1340|1812|847|952|804|9447|2771|5797|1867|3650|1247|6697|2078|4855|1720|1842|995|15632|3819|10509|3278|5123|2034|23400|3987|19866|3679|3534|1301|12692|3153|11169|3016|1523|816|8239|2350|6523|2103|1716|758|54068|6702|27977|3735|26091|4659|7028|2053|3868|1356|3160|1560|45774|4960|22924|3108|22850|2996|589|625|505|558|84|157|47950|6714|18748|4393|29202|3791|3804|1978|1483|948|2321|1151|4229|1548|2428|1008|1801|788|7072|2563|3543|1678|3529|1466|9346|2124|7074|1736|2272|1136|4656|2415|2916|1546|1740|1098|14584|4556|9588|2690|4996|2511|3434|1373|3406|1370|28|47|29344|6038|20857|5224|8487|2138|41604|8224|34131|6493|7473|2759|11000|3696|10234|3522|766|571|0|228|0|228|0|228|1106|791|937|689|169|201|9739|2726|8153|2439|1586|1160
400C200US04384|1799124|13669|1284557|19039|334741|14493|219009|10824|115732|12083|8429|3014|6499|2033|1930|1471|228|259|185|252|43|82|1744|942|1409|829|335|370|5924|2728|4822|2373|1102|828|5810|1741|5346|1664|464|302|959|786|855|644|104|173|178|210|178|210|0|237|4988|1533|3358|1073|1630|886|829|517|720|498|109|152|1192|1016|749|566|443|605|1481|887|1223|855|258|263|0|237|0|237|0|237|3791|2058|2642|1307|1149|886|3667|1564|2652|1505|1015|526|13031|3625|11103|3179|1928|1137|4129|1758|3471|1601|658|469|382|402|382|402|0|237|2725|1624|2145|1316|580|704|6827|3523|4861|2601|1966|1261|3095|1383|2355|1077|740|522|14180|2619|12287|2404|1893|798|10474|2903|8455|2382|2019|979|4159|2029|3480|1652|679|513|22188|3127|14889|2695|7299|1825|2186|1188|1204|732|982|720|7490|2022|3602|1184|3888|1264|57|95|57|95|0|237|11975|2861|6174|1602|5801|1677|962|983|665|935|297|323|2451|1386|1364|965|1087|759|3307|1609|2096|1035|1211|1111|4522|2023|4054|1928|468|482|1409|668|1104|499|305|296|6542|2673|4850|2046|1692|1021|2019|1075|1927|1020|92|123|2735|1779|1645|1264|1090|707|8259|3977|7194|3736|1065|958|4012|2637|1846|1356|2166|2384|0|237|0|237|0|237|322|305|322|305|0|237|1168|832|563|552|605|615
400C200US04843|2068648|9911|1748654|13519|104386|5742|62579|4838|41807|4638|11201|2768|6576|1753|4625|2186|2811|1905|2561|1895|250|245|3156|957|2277|804|879|511|4529|2013|3692|1910|837|596|5177|1610|3771|1322|1406|743|680|345|619|340|61|105|2084|683|1659|627|425|356|9985|2702|5437|1782|4548|1716|2200|1027|1400|635|800|750|501|358|308|283|193|158|1773|998|651|447|1122|900|0|224|0|224|0|224|3665|1458|1864|863|1801|1008|3355|1753|2547|1669|808|594|6548|2354|5000|2006|1548|832|10535|3188|6447|1959|4088|1599|2016|1205|1297|721|719|625|3686|1569|2254|860|1432|865|9742|3187|6183|1708|3559|1918|1479|560|1364|544|115|119|3884|1493|3678|1424|206|232|3098|1607|2486|1236|612|926|2315|1384|2060|1331|255|275|23933|3837|13299|2517|10634|2463|3693|1613|2267|1064|1426|979|14312|2612|6442|1603|7870|1993|0|224|0|224|0|224|5128|1500|2293|805|2835|1051|181|291|0|224|181|291|1595|1031|742|576|853|764|3529|1434|2198|1030|1331|746|14015|3289|10874|2732|3141|1173|1370|843|1209|849|161|200|7974|3003|6036|2527|1938|1150|2365|1011|1925|861|440|387|4859|2271|3632|1947|1227|811|24125|5430|20389|4234|3736|2150|10667|5511|7330|3936|3337|2498|0|224|0|224|0|224|181|164|181|164|0|224|3261|1468|2595|1211|666|593
400C200US09271|4108355|13322|2911851|24046|433789|8971|230101|8270|203688|7456|30080|4067|24131|3264|5949|1726|68593|8116|37771|4934|30822|5465|21597|2957|15767|2501|5830|1288|144533|10918|73965|6570|70568|7208|9328|1565|8590|1477|738|457|2256|811|2100|795|156|114|16172|3080|11797|2513|4375|1368|26251|3681|17220|3077|9031|1699|6437|2133|4821|1638|1616|903|5166|2456|3131|1390|2035|1912|7082|1966|5274|1597|1808|733|5928|2808|4053|1856|1875|1550|6760|2149|4229|1465|2531|1403|9745|2819|7310|2132|2435|1128|19146|3421|16577|3181|2569|1011|5804|1982|4224|1513|1580|1008|5629|3434|3901|2454|1728|1281|6639|1674|4808|1259|1831|828|13773|3034|10463|2815|3310|1222|23105|5367|16902|4063|6203|1947|10384|3180|8082|2148|2302|2171|8107|1732|7176|1600|931|638|3955|1457|3599|1329|356|268|118093|7651|63365|5164|54728|4615|8028|2057|5283|1560|2745|904|18700|3267|11403|2272|7297|1691|1045|1348|357|431|688|941|35244|5598|13322|2586|21922|4281|24630|4622|11132|2851|13498|2963|6701|2613|4108|1925|2593|1063|8011|1933|6114|1606|1897|789|4694|1488|3787|1187|907|616|1965|828|1753|804|212|206|31258|5169|19741|3137|11517|3354|11836|3088|9884|2705|1952|1192|8715|2547|4653|1932|4062|1599|9541|2759|7893|2514|1648|828|12958|3356|10184|3282|2774|1200|0|210|0|210|0|210|405|471|405|471|0|210|4421|1625|3351|1484|1070|1027
400C200US10162|860899|10606|599113|13755|145953|9135|79765|6718|66188|5907|6519|1712|5708|1589|811|444|12182|3724|9923|3262|2259|1142|9985|2607|6555|1882|3430|1477|18689|5528|11348|3435|7341|2786|2081|722|1712|617|369|331|731|635|731|635|0|210|3301|2228|2554|1850|747|564|4280|1793|2778|1435|1502|853|4603|1879|3054|1443|1549|736|470|358|420|307|50|83|3015|1618|1662|1124|1353|674|78|96|78|96|0|210|512|347|469|340|43|72|1258|829|837|675|421|298|3035|938|2838|915|197|226|896|1132|444|525|452|665|668|694|487|512|181|194|3891|2758|2033|1436|1858|1372|1704|905|1340|849|364|240|4727|1642|2969|1163|1758|1015|1053|739|1006|724|47|83|482|445|406|337|76|130|472|363|472|363|0|210|10623|2313|5779|1382|4844|1418|1229|1378|534|575|695|829|1723|661|1138|498|585|334|49|64|49|64|0|210|2151|1531|632|695|1519|976|152|193|66|104|86|109|1956|1305|499|582|1457|842|922|772|401|354|521|463|1626|590|1120|470|506|329|928|886|740|799|188|159|3625|1694|2264|1071|1361|1071|1794|1301|1748|1295|46|79|627|703|92|145|535|635|1560|1262|1507|1251|53|72|640|622|640|622|0|210|0|210|0|210|0|210|88|151|88|151|0|210|1508|932|1035|810|473|331
400C200US11350|894735|6358|789998|8022|28993|3096|18983|2537|10010|1846|3898|1451|2831|903|1067|702|652|681|652|681|0|217|2622|925|1539|688|1083|512|265|361|265|361|0|217|1760|836|1311|689|449|407|704|542|646|543|58|8|57|95|57|95|0|217|2842|1901|2357|1824|485|461|2856|1426|2171|1089|685|486|749|745|432|367|317|415|2423|1423|1283|923|1140|819|132|204|132|204|0|217|335|359|104|107|231|321|866|768|518|419|348|433|1326|866|903|544|423|521|1856|1322|696|668|1160|856|552|494|356|361|196|238|10402|2744|4969|1459|5433|1825|4000|1790|1841|1040|2159|1198|1777|1272|1080|731|697|892|367|594|367|594|0|217|1709|1414|1493|1384|216|329|596|449|548|448|48|7|5739|1950|2341|917|3398|1723|307|292|244|232|63|107|1355|913|915|582|440|484|0|217|0|217|0|217|817|508|462|307|355|328|0|217|0|217|0|217|893|766|233|343|660|553|6121|2688|3102|1452|3019|1502|600|428|345|261|255|286|303|508|0|217|303|508|9799|3071|7127|2584|2672|1087|127|154|127|154|0|217|1098|995|813|680|285|348|1010|678|924|650|86|103|4597|3032|1973|1651|2624|1671|0|217|0|217|0|217|110|192|110|192|0|217|122|98|71|45|51|87
400C200US15670|1339854|8974|1077762|13066|147382|5733|72963|5436|74419|5519|8728|3017|6894|2718|1834|881|318|340|318|340|0|210|1866|1081|1419|929|447|530|2929|1372|2053|1025|876|699|3123|1157|2649|1059|474|373|643|596|537|590|106|131|3211|1325|2835|1223|376|276|6837|3054|5365|2622|1472|797|973|772|879|748|94|114|2080|1878|1379|1331|701|580|2907|2306|1384|1095|1523|1477|105|174|105|174|0|210|1445|814|999|614|446|519|4142|1588|2746|1114|1396|786|5627|1572|4388|1273|1239|863|2154|1196|1775|1037|379|239|387|462|387|462|0|210|597|506|529|468|68|111|3451|1809|2306|1265|1145|811|3604|2424|1470|765|2134|2146|6911|2079|5443|1661|1468|1095|2458|1494|2385|1505|73|125|750|510|585|415|165|161|8074|2529|4493|1414|3581|1509|759|502|319|315|440|336|3470|1318|1788|873|1682|771|2036|1179|1022|670|1014|586|7402|2414|3594|1631|3808|1199|509|594|173|206|336|554|1920|970|966|555|954|752|5963|3962|2884|2066|3079|2083|1794|918|1307|760|487|446|3055|1731|1071|1075|1984|1415|4392|2963|2904|2296|1488|852|83|132|83|132|0|210|4986|2301|3378|1751|1608|851|2641|1253|1725|986|916|629|1442|1104|1330|1095|112|126|0|210|0|210|0|210|24|57|24|57|0|210|914|487|802|457|112|135
400C200US16264|8037244|10834|5465542|35645|1498794|20750|907482|17677|591312|15651|26991|4942|21068|3644|5923|3089|3931|1710|2461|1161|1470|1262|25293|3602|18997|2871|6296|1919|8554|2302|6145|2101|2409|1164|14920|2751|12774|2350|2146|854|2895|1807|1912|735|983|1522|27030|4452|19544|3332|7486|1941|36543|5938|20254|4004|16289|3293|159581|9929|91116|7689|68465|5090|36016|6269|23711|4805|12305|2933|47271|5950|27081|3561|20190|4246|1547|877|1200|734|347|298|6607|2078|4267|1470|2340|1072|48456|6330|30976|4525|17480|3257|40694|5406|33279|4549|7415|2119|57737|7590|42844|5599|14893|3113|6608|2459|5465|1999|1143|703|6278|2755|4298|1809|1980|1372|16479|4135|11724|2815|4755|3167|52432|6287|31727|4318|20705|3843|17912|3743|15764|3547|2148|1293|13981|3276|12611|3162|1370|555|20446|4301|15711|3945|4735|1124|95025|8036|48374|5181|46651|5074|10954|2196|6403|1637|4551|1159|33998|4829|15739|3051|18259|3031|119|139|55|87|64|104|19542|3782|9999|2201|9543|2341|2582|1420|947|503|1635|1080|8212|1918|4196|1000|4016|1325|14795|3186|8267|2379|6528|2071|76598|7107|56441|5826|20157|3692|8512|3172|6782|2905|1730|979|67047|8612|49267|7120|17780|3367|5146|1613|4359|1274|787|648|18784|4160|10560|2989|8224|2366|23622|4559|19448|4119|4174|1298|5051|2017|3306|1376|1745|1085|0|210|0|210|0|210|526|453|526|453|0|210|4193|1443|3276|1299|917|465
400C200US16885|1590772|8210|1459384|11776|46856|3717|27879|3304|18977|2674|7107|2708|3248|1236|3859|2418|0|210|0|210|0|210|377|241|292|217|85|106|1825|1222|1115|877|710|773|3605|1126|2882|995|723|523|2232|1357|1433|1085|799|769|339|292|278|274|61|108|1540|682|706|426|834|525|413|449|413|449|0|210|490|503|325|327|165|212|1260|1425|720|727|540|726|0|210|0|210|0|210|1515|915|745|470|770|634|1190|904|997|783|193|226|3596|1568|3005|1218|591|734|1274|731|1165|680|109|178|1370|1526|572|673|798|865|381|347|381|347|0|210|9496|2698|5138|1780|4358|1465|1194|901|1013|777|181|222|3197|1284|2831|1191|366|294|2593|1420|1972|964|621|626|784|576|784|576|0|210|7544|2164|5001|1703|2543|1129|2157|979|786|469|1371|772|1672|739|1079|503|593|392|82|147|50|88|32|69|2447|1300|985|722|1462|898|2028|2133|413|354|1615|1821|667|422|193|203|474|425|4039|2106|1496|781|2543|1696|2043|1205|1465|922|578|542|934|1138|411|562|523|604|4134|1793|3284|1370|850|678|855|1012|855|1012|0|210|1022|880|55|93|967|873|4649|2506|3579|1901|1070|890|2282|1893|2075|1870|207|238|0|210|0|210|0|210|452|670|452|670|0|210|1747|1258|452|339|1295|1221
400C200US17668|1592137|8907|1416084|12185|58992|4379|36335|3839|22657|3373|4774|1890|3089|1172|1685|1171|151|101|18|29|133|97|4572|1218|3548|1072|1024|557|803|618|803|618|0|208|6842|1684|5640|1537|1202|648|999|783|999|783|0|208|2429|1098|1767|966|662|417|5992|2022|3253|1380|2739|1253|2182|1021|1856|929|326|249|7395|2286|5527|2138|1868|789|8645|2220|4257|1577|4388|1729|181|302|181|302|0|208|1604|1327|1305|1286|299|317|1536|1040|1091|754|445|408|3708|1382|3343|1320|365|311|1517|912|1050|686|467|471|3140|1814|1834|1080|1306|985|714|620|714|620|0|208|4715|2497|2727|1353|1988|1560|7247|2156|4485|1406|2762|1078|1566|809|1396|756|170|198|2388|1451|991|558|1397|1298|873|729|810|701|63|107|9867|2358|4916|1400|4951|1433|968|745|857|706|111|188|2567|1215|1916|1112|651|383|0|208|0|208|0|208|2275|1119|1225|591|1050|825|986|612|509|334|477|433|507|410|507|410|0|208|674|596|511|447|163|200|2994|1008|2131|869|863|709|213|242|92|75|121|193|10149|2414|7211|1829|2938|1132|919|968|453|348|466|683|187|315|0|208|187|315|4207|2176|3079|1802|1128|760|3635|3536|2386|2453|1249|1508|0|208|0|208|0|208|134|209|134|209|0|208|2806|992|2131|860|675|348
400C200US19234|1474504|7006|1240678|13321|61462|4203|32190|3869|29272|3307|10038|3034|6573|2491|3465|1885|3393|1665|1218|828|2175|1227|797|407|581|303|216|212|2879|1547|1255|597|1624|1352|1970|721|1862|703|108|129|109|78|109|78|0|208|1119|927|1057|890|62|106|4193|1775|2936|1472|1257|642|654|440|515|378|139|157|579|462|472|424|107|177|1543|793|978|607|565|414|160|259|102|165|58|94|881|507|781|467|100|160|4103|2162|2674|1678|1429|970|5293|1495|4133|1227|1160|968|7840|3074|5750|2590|2090|947|1725|1567|1086|828|639|894|1789|920|1576|873|213|276|16966|4182|9041|2870|7925|2333|2332|2072|1017|553|1315|1900|5868|2110|5010|1861|858|596|1011|586|903|537|108|180|2121|1065|1676|926|445|340|8857|1899|4997|1374|3860|1292|2126|848|685|414|1441|800|3612|1810|1806|857|1806|1160|92|153|92|153|0|208|4210|1845|1631|1019|2579|1408|1783|891|940|623|843|509|1793|1016|952|576|841|662|1495|1081|762|568|733|743|1265|636|1090|596|175|203|1517|823|1138|810|379|340|16178|5465|11941|4479|4237|2039|352|403|352|403|0|208|29755|5661|19419|5112|10336|2281|13386|3743|9218|3011|4168|1659|6700|4191|4030|2069|2670|2772|0|208|0|208|0|208|206|258|206|258|0|208|1674|901|1021|652|653|509
400C200US19504|503744|8131|346782|11264|49125|5336|29997|4176|19128|2820|3203|1318|2692|1238|511|405|206|327|206|327|0|218|721|492|595|471|126|151|2008|1448|934|533|1074|1315|2209|1145|1982|1136|227|181|414|402|414|402|0|218|596|432|596|432|0|218|6366|2644|2984|1496|3382|1617|2044|3009|906|1257|1138|1762|229|228|197|198|32|58|2167|1101|1411|684|756|529|266|290|189|223|77|180|7188|2823|4878|2216|2310|1143|892|558|727|507|165|261|6257|2120|5518|1900|739|464|1241|785|1115|700|126|148|1001|618|818|502|183|207|944|918|852|838|92|114|4441|2630|4114|2386|327|366|1459|1252|668|603|791|1066|5173|1843|4273|1526|900|643|4127|2508|3204|2198|923|692|1650|955|1320|818|330|320|23795|3855|12893|2510|10902|2220|1023|514|744|422|279|215|5805|1887|3036|1025|2769|1215|129|154|129|154|0|218|2183|1297|517|347|1666|1213|217|303|142|180|75|129|375|218|270|197|105|125|3061|1748|1635|1038|1426|1189|10361|2234|8778|1947|1583|705|1264|732|791|533|473|439|2821|1227|2466|1164|355|366|428|505|428|505|0|218|992|767|482|482|510|573|152|245|98|156|54|90|14|7|14|7|0|218|0|218|0|218|0|218|216|369|216|369|0|218|199|201|199|201|0|218
400C200US22042|5462627|14330|3546272|27503|1359002|23598|803605|19050|555397|15385|28522|5062|18710|3603|9812|3150|1931|1128|1253|763|678|667|3009|1025|2877|1023|132|143|8164|2299|4887|1971|3277|1180|8133|2405|7543|2406|590|378|2495|1411|2362|1276|133|223|1942|1033|1767|1030|175|225|6697|1752|4681|1403|2016|704|1978|925|1935|933|43|71|2405|1140|1229|724|1176|873|3421|2089|2977|2032|444|364|769|673|455|411|314|353|12244|3264|6834|1989|5410|1789|11408|2817|8924|2429|2484|869|27043|4686|23826|4054|3217|1280|29959|6917|24001|5615|5958|2086|4553|2053|3042|1445|1511|964|8983|3175|5883|1942|3100|2070|27392|6010|20856|5376|6536|1886|9232|3576|5347|1749|3885|2591|29840|4521|24545|3677|5295|2283|17273|3861|14218|3512|3055|1683|16953|3395|13159|2984|3794|1158|40900|4405|23668|3441|17232|2766|4512|1331|2876|1052|1636|707|23098|4081|12638|2702|10460|2423|280|328|253|325|27|45|70800|7714|33669|4989|37131|4430|4671|1821|2205|1051|2466|1146|8718|2883|4836|1997|3882|1741|10071|3391|3473|1584|6598|2512|17099|3769|13546|3430|3553|1097|5828|2342|4433|1926|1395|847|35524|6953|24992|5293|10532|2316|1622|703|1244|510|378|327|18918|4565|10369|2767|8549|2876|29002|4583|26537|4327|2465|900|19539|5040|14919|4527|4620|1856|18|32|18|32|0|237|825|634|645|504|180|301|1582|891|1253|765|329|411
400C200US23527|2542360|10598|2003241|20123|345902|13836|220792|10110|125110|8228|14267|3629|10147|2788|4120|1503|425|435|394|416|31|54|1467|843|1060|573|407|474|4295|1513|3446|1412|849|470|9901|2365|9289|2379|612|355|831|481|831|481|0|218|875|540|642|444|233|224|13086|3671|7972|2844|5114|1731|3602|1702|2824|1468|778|572|1653|1171|1119|853|534|472|4213|1592|2981|1167|1232|936|0|218|0|218|0|218|6806|2542|4337|1826|2469|1390|2926|1635|2099|1230|827|598|6948|2317|5725|1847|1223|789|1008|700|1008|700|0|218|1573|1958|852|994|721|976|394|419|302|277|92|162|5410|1765|3113|1247|2297|895|6483|1904|5339|1735|1144|541|3455|1710|2763|1467|692|565|1197|717|961|581|236|271|1289|1009|937|797|352|313|16797|3306|10132|2411|6665|1875|2983|926|2548|840|435|357|8633|2299|4803|1562|3830|1382|2898|1357|1350|811|1548|888|13655|2544|5402|1365|8253|2014|774|543|491|465|283|219|2712|1046|1067|489|1645|841|3282|1326|2132|980|1150|691|5135|1679|3651|1245|1484|718|1509|849|1102|640|407|365|7847|3185|5146|2229|2701|1308|1384|685|1285|667|99|116|21264|5642|11223|3633|10041|3703|7755|4817|5970|4122|1785|1089|2696|1437|1448|700|1248|974|170|216|170|216|0|218|208|116|29|50|179|101|1411|692|1162|599|249|229
400C200US23824|3514456|7979|2950567|17413|111751|6631|70948|5508|40803|4433|9241|2154|7402|1880|1839|927|1161|1059|1105|1040|56|93|9570|1797|7095|1521|2475|800|2413|1002|1765|722|648|491|8628|1600|7631|1512|997|569|1890|969|1555|955|335|285|6889|2421|5087|2145|1802|763|8275|2274|4801|1742|3474|1190|9027|1987|6458|1448|2569|1128|5841|1955|3625|1305|2216|1071|10259|2208|6370|1516|3889|1308|838|588|515|349|323|412|2709|983|1335|608|1374|757|6534|2439|5071|1967|1463|703|15853|3000|13891|2867|1962|778|10439|3027|7977|2633|2462|915|5982|2635|5040|2433|942|575|28773|5647|9616|3047|19157|3678|4707|1530|4056|1381|651|373|27819|4992|17840|4114|9979|2297|11220|2798|8706|2413|2514|1167|5898|1640|4857|1364|1041|506|7211|2119|5718|1796|1493|698|23386|3192|13328|2333|10058|2276|8986|2240|3463|1245|5523|1742|7018|1719|2978|989|4040|1258|4401|2154|3002|1572|1399|825|4179|1555|1664|744|2515|1097|463|351|426|311|37|62|1304|937|917|648|387|345|903|612|567|387|336|444|14481|2940|10604|2203|3877|1442|650|367|544|336|106|129|147591|10608|75293|7872|72298|6823|2285|1073|2226|1067|59|59|26527|5784|16578|4760|9949|2789|3538|2067|3257|1923|281|375|1452|862|939|742|513|431|0|184|0|184|0|184|1750|1954|1657|1952|93|105|2047|944|1665|858|382|317
400C200US37243|924862|8930|696261|10608|121115|6084|74578|5239|46537|5212|7716|1368|6897|1273|819|385|1801|1200|1228|811|573|660|6433|1748|5786|1598|647|411|5546|1336|3204|1135|2342|745|2587|1077|2317|1054|270|230|941|913|902|913|39|64|1286|659|830|489|456|414|2038|1069|930|464|1108|718|14897|2875|7759|1956|7138|1560|3630|2173|2181|1411|1449|863|1412|865|1130|675|282|326|287|475|283|475|4|8|1167|778|915|693|252|221|1748|918|1142|645|606|456|3589|1074|3133|1028|456|251|2942|1843|2486|1545|456|414|42|72|42|72|0|224|2085|1098|1551|887|534|398|2815|1934|2249|1723|566|470|2652|1170|1808|833|844|656|2560|946|2176|877|384|372|4517|2400|4050|2340|467|366|1160|809|825|640|335|466|8180|2181|4454|1226|3726|1423|1016|633|708|464|308|299|3435|1788|1728|1016|1707|1420|0|224|0|224|0|224|4072|1987|2436|1509|1636|723|415|699|99|179|316|525|1024|797|368|316|656|552|680|484|289|235|391|304|1924|1360|1107|638|817|797|351|301|239|244|112|186|2981|1731|2521|1710|460|316|203|228|161|219|42|70|413|441|364|395|49|88|6150|3246|5564|3068|586|510|582|566|468|446|114|184|0|224|0|224|0|224|163|266|163|266|0|224|2046|1318|1864|1307|182|183
400C200US40429|5572268|18695|3131480|30984|1796450|26593|982016|23271|814434|24489|30262|10509|26399|10311|3863|1824|4357|2685|3217|2080|1140|1112|4953|2274|3768|2093|1185|1007|10379|2644|8895|2567|1484|560|12097|3379|10798|3019|1299|739|8846|8274|8726|8232|120|136|1750|717|1448|615|302|315|7025|2090|5695|1836|1330|620|2429|1323|1805|1064|624|595|2007|1211|1258|791|749|580|5237|2701|3548|1790|1689|1455|238|299|156|182|82|131|11041|3288|6615|2066|4426|1937|21156|6314|14686|5126|6470|2707|30889|5752|24405|4635|6484|2425|49055|7971|35499|5706|13556|3561|3801|2070|2009|1241|1792|1136|6757|2434|4212|1525|2545|1451|12565|3234|10049|2998|2516|1118|8196|2556|5134|1431|3062|2087|15063|5026|12016|4279|3047|1680|9104|3188|8084|3059|1020|528|19037|4375|14584|3413|4453|1738|87492|8737|44698|5957|42794|5241|5691|1907|2795|1257|2896|1211|18267|6109|9368|4370|8899|2672|192|241|192|241|0|237|104190|8620|45225|5864|58965|5527|2677|1257|1197|933|1480|744|4730|2072|2126|1012|2604|1600|9149|3543|5268|1864|3881|1893|27380|4046|19208|2906|8172|2094|9054|4101|7305|3862|1749|920|39926|7468|28740|5346|11186|3606|4125|2433|3517|2456|608|539|5747|2235|3108|1447|2639|1518|36666|6414|33313|6178|3353|1293|6599|2960|4456|2440|2143|1606|0|237|0|237|0|237|278|303|278|303|0|237|5931|2662|4124|1882|1807|1626
400C200US41212|1620219|7432|1381090|12909|105827|5870|57482|4989|48345|5225|12525|4728|6890|2838|5635|3297|6462|3838|2548|1599|3914|2640|110|132|84|124|26|41|2349|1244|1988|1142|361|281|3950|1524|3450|1420|500|406|683|443|683|443|0|207|194|224|194|224|0|207|1339|832|1064|740|275|321|845|569|765|542|80|149|663|788|501|630|162|269|1179|719|802|555|377|333|0|207|0|207|0|207|2369|2237|1993|2159|376|659|2125|931|2098|937|27|55|3659|1500|3268|1361|391|348|2673|1600|2129|1271|544|467|13154|3931|7030|2756|6124|2223|924|807|781|636|143|227|3364|2122|2457|1488|907|808|3082|1953|2038|1228|1044|1368|2155|1176|1680|909|475|470|1368|985|1368|985|0|207|934|820|292|217|642|731|7304|2164|4520|1698|2784|950|1402|788|1283|755|119|158|1339|807|734|511|605|434|75|111|75|111|0|207|1313|943|490|386|823|692|87|141|87|141|0|207|393|407|262|384|131|157|15760|3645|6734|1628|9026|2522|3986|1721|2014|882|1972|1264|1371|926|970|647|401|602|5128|2351|3569|2138|1559|974|190|333|190|333|0|207|4666|3175|1107|987|3559|2613|14899|4521|11641|4069|3258|2252|7851|4504|4175|3191|3676|2235|0|207|0|207|0|207|195|220|55|51|140|182|1237|714|760|597|477|477
400C200US42346|1210148|12816|1016354|17028|88794|5516|53713|5488|35081|4609|2010|781|1709|765|301|243|14191|6249|9490|4493|4701|2291|2368|1934|752|567|1616|1462|8060|3556|6230|2720|1830|1168|2572|1132|2190|853|382|427|1131|1293|1093|1282|38|83|615|482|500|440|115|194|4808|2274|2907|2042|1901|1207|1327|1683|895|1024|432|712|2684|1761|2115|1581|569|420|2986|1755|2386|1575|600|461|0|239|0|239|0|239|808|784|712|688|96|114|1206|690|820|611|386|500|2737|1625|2737|1625|0|239|968|633|684|421|284|265|0|239|0|239|0|239|1484|1184|1200|1061|284|398|645|580|583|577|62|104|4120|2788|2656|2443|1464|814|2760|1499|2124|1289|636|530|1916|1891|1046|866|870|1107|556|636|556|636|0|239|4522|1788|2119|1153|2403|1224|358|316|290|292|68|117|1258|1210|282|245|976|1010|0|239|0|239|0|239|3256|1561|1090|725|2166|1073|940|737|227|277|713|663|923|705|445|377|478|427|2325|1187|1252|862|1073|722|13895|3134|9236|2301|4659|1322|1688|1072|737|481|951|802|9686|3909|6442|2674|3244|1521|477|474|477|474|0|239|1317|1250|530|612|787|999|2200|2443|1800|2039|400|435|643|499|240|256|403|449|0|239|0|239|0|239|1106|1647|355|550|751|1105|454|472|454|472|0|239
400C200US43912|1587206|7443|1394862|12173|110451|6477|66258|5601|44193|3635|3385|1313|2677|962|708|630|675|626|499|535|176|289|437|305|437|305|0|210|2496|1366|1770|1039|726|584|2639|931|2311|835|328|322|454|378|311|285|143|170|172|227|109|132|63|103|1883|896|1323|800|560|317|103|162|95|162|8|4|1149|637|735|538|414|326|1011|719|707|574|304|340|0|210|0|210|0|210|1510|864|925|693|585|497|603|473|479|379|124|152|3660|1802|3051|1556|609|654|1082|844|899|767|183|313|945|839|439|408|506|470|1434|740|1183|617|251|204|1348|922|1111|781|237|307|3476|2041|1405|957|2071|1601|5078|1821|3885|1419|1193|706|913|551|913|551|0|210|869|466|628|422|241|275|7330|1998|3682|1105|3648|1270|895|492|581|352|314|321|2363|951|1483|655|880|582|1768|1396|1298|1288|470|355|5658|1601|2120|907|3538|1273|952|591|462|387|490|387|2014|1674|1284|1372|730|723|2254|1161|556|460|1698|935|2710|1094|2144|1002|566|339|999|627|824|481|175|225|4357|1929|2705|1198|1652|1072|227|316|140|181|87|142|6103|3002|4505|2699|1598|910|2027|1003|1742|938|285|219|4837|2090|2678|1336|2159|1232|0|210|0|210|0|210|0|210|0|210|0|210|2077|1945|1230|1231|847|848
400C200US47995|2120736|6754|1378910|15671|500696|11769|306293|11295|194403|9174|6494|1902|5734|1845|760|445|950|1061|792|1022|158|208|2597|812|1626|628|971|619|3295|1276|2567|1008|728|576|4030|1099|3778|1097|252|251|1619|1360|1364|1203|255|286|1090|754|766|583|324|460|6372|2115|4352|1770|2020|780|1544|764|786|548|758|519|5454|3413|3264|2482|2190|1176|1347|577|822|416|525|350|3364|1975|2342|1376|1022|947|7225|2571|3740|1751|3485|1694|1664|2181|971|1231|693|961|2134|1142|1907|1051|227|197|1883|1243|1824|1220|59|97|1748|1118|978|666|770|626|162|267|125|203|37|64|1517|780|785|419|732|529|3717|1312|3095|1141|622|503|564|382|478|355|86|104|702|585|545|466|157|194|217|270|217|270|0|228|29652|3634|14689|2892|14963|2301|3967|1268|2507|959|1460|557|10278|2288|5931|1634|4347|1201|107|128|36|57|71|117|8917|2628|3620|1229|5297|2082|670|587|137|174|533|489|5771|1821|2674|1115|3097|1230|1009|738|715|542|294|366|83172|7068|57520|5375|25652|3649|10996|3054|6413|1764|4583|1810|7920|2949|5246|1878|2674|1388|1983|1549|1444|1511|539|441|9939|2973|4579|1704|5360|1738|505|634|125|199|380|603|3277|2560|1899|1710|1378|1089|524|545|524|545|0|228|334|298|334|298|0|228|2420|1217|1872|1055|548|333
400C200US51445|11312490|17922|5140017|39810|4049658|27949|2374844|25587|1674814|25698|37059|4207|32361|3755|4698|1490|3864|1768|3295|1580|569|478|17072|2668|14187|2344|2885|987|16806|2786|12774|2276|4032|1401|20271|2742|19319|2590|952|472|6300|1852|5017|1648|1283|726|7184|2224|6030|2080|1154|499|53906|6241|27676|3863|26230|4528|5104|1270|4062|1140|1042|420|7929|3024|6188|2686|1741|982|9790|2032|6647|1806|3143|1063|170008|10831|97027|8751|72981|6430|98545|10135|60643|7625|37902|5377|19925|4787|13590|3423|6335|2128|39027|5866|31320|5025|7707|2181|14465|3366|10147|2447|4318|1451|8325|3020|6352|2542|1973|908|15842|4277|9801|2630|6041|2135|15485|4780|9631|2553|5854|3188|22037|3866|15987|3137|6050|1467|7729|1960|6922|1832|807|393|10874|4086|9757|3991|1117|642|5939|1747|4538|1377|1401|852|453538|17351|205062|10037|248476|11899|57739|6407|30667|3837|27072|3872|228195|11277|93063|5806|135132|8382|2184|1723|1703|1170|481|633|275381|12511|111079|7263|164302|8869|31014|6041|15028|3788|15986|3103|24678|3246|11107|2134|13571|2069|22065|3720|11223|2475|10842|2387|243299|12364|163952|9052|79347|6315|33182|3859|21235|3012|11947|2031|70938|9165|50534|6929|20404|3649|23016|3982|18563|3355|4453|1279|12424|3342|8710|2337|3714|1739|13564|3991|10926|3200|2638|1597|5398|1653|4315|1456|1083|568|260|171|260|171|0|218|1396|790|966|653|430|298|11058|2682|5727|1539|5331|1736
400C200US56602|5762189|7201|2591177|25811|2466770|15865|1323543|21652|1143227|17823|52070|5042|36801|3973|15269|2460|302041|21943|179624|14437|122417|11932|15918|2275|11733|1897|4185|1229|79532|8235|52230|6034|27302|4637|14638|2495|13009|2308|1629|761|6125|2960|5767|2970|358|413|5167|1484|4101|1279|1066|586|25944|3911|15670|2725|10274|2603|4815|1450|2593|930|2222|1106|2562|977|1637|727|925|667|8702|2372|6006|1689|2696|1153|1002|707|503|476|499|491|2881|1220|2549|1142|332|324|2693|1560|2043|1372|650|446|8259|3282|7002|2736|1257|786|9613|3696|6638|2769|2975|1461|302|376|260|340|42|70|6957|2475|4632|1724|2325|1358|2138|1291|1206|906|932|694|11251|2534|6841|1504|4410|1618|5490|2431|4424|1969|1066|854|2702|1157|2631|1192|71|117|4436|1428|3538|1165|898|626|19875|3383|9478|2372|10397|1865|1922|786|1230|660|692|354|5185|2163|1671|775|3514|1687|0|239|0|239|0|239|14215|4352|6277|1925|7938|2936|260|295|52|91|208|251|2238|1034|1027|555|1211|761|7292|2323|4357|1544|2935|1171|15084|3532|11519|2772|3565|1355|1182|520|941|446|241|252|20278|4944|16170|4165|4108|1599|16974|3230|14267|2881|2707|1055|2112|1447|1271|821|841|1190|2323|1331|1663|965|660|583|2516|2055|1636|1294|880|1154|68|113|0|239|68|113|273|368|171|214|102|159|17207|4157|12841|3339|4366|1680
400C200US57466|1213227|5810|1025688|9893|108306|5256|64240|4328|44066|3561|3271|2215|2726|2114|545|485|0|159|0|159|0|159|1144|515|984|495|160|208|746|483|701|465|45|74|7435|2797|6262|2411|1173|723|70|123|70|123|0|159|1310|564|768|398|542|321|759|435|305|238|454|346|2225|1086|1251|519|974|785|1372|775|801|516|571|385|1205|825|612|489|593|527|42|71|0|159|42|71|744|614|621|519|123|146|420|404|198|194|222|277|3524|2235|3196|2127|328|547|2154|1028|1672|873|482|440|1145|928|717|576|428|397|309|414|309|414|0|159|1464|888|1003|681|461|427|3135|1647|2198|1103|937|734|699|520|699|520|0|159|691|626|609|575|82|126|2912|1104|2331|1004|581|507|4778|1394|2184|793|2594|897|437|277|260|207|177|195|1307|669|936|573|371|300|12484|3218|8858|2855|3626|1326|2415|1212|1344|712|1071|709|0|159|0|159|0|159|1696|956|303|258|1393|924|6780|2844|2435|1574|4345|2097|1645|760|1384|655|261|253|316|263|119|168|197|216|3800|1508|2729|1054|1071|751|654|372|654|372|0|159|3274|2446|2772|2048|502|430|493|388|397|338|96|119|1976|1674|1085|1217|891|1139|0|159|0|159|0|159|116|119|88|91|28|46|286|251|286|251|0|159
400C200US57628|2721417|9215|2234061|13858|135048|6170|74871|5445|60177|4907|13059|2659|9219|2042|3840|1495|459|520|292|467|167|236|1215|837|1015|790|200|209|3249|1142|2828|1012|421|321|7012|1687|5340|1410|1672|726|841|438|712|377|129|215|423|424|423|424|0|157|12236|3003|7881|2349|4355|1296|1041|540|769|379|272|235|989|653|659|466|330|348|2486|1229|1351|812|1135|801|0|157|0|157|0|157|4360|2346|1652|703|2708|2198|2964|1827|2231|1356|733|721|6568|1665|5575|1542|993|521|1860|1087|1333|715|527|454|578|511|265|324|313|248|3001|1305|2383|998|618|444|5641|2507|4021|1904|1620|1081|4232|1391|3184|1024|1048|776|5491|2281|3936|1566|1555|944|6915|2584|5842|2414|1073|963|1049|930|991|928|58|98|14584|3007|7833|1793|6751|1893|1923|776|1493|720|430|235|3946|1171|2420|864|1526|589|63623|6529|36750|4537|26873|3721|19723|3387|8330|2011|11393|2266|4860|1710|2237|885|2623|1283|6452|2274|3960|1756|2492|872|16784|4252|5836|1991|10948|3285|5852|1543|4691|1275|1161|569|1145|685|892|490|253|309|12565|4544|8458|2527|4107|2529|743|413|536|334|207|245|85354|9091|51263|6692|34091|5377|15517|3833|9912|2460|5605|2229|7829|2450|5908|1899|1921|1068|0|157|0|157|0|157|1378|1591|1378|1591|0|157|4361|1887|2914|1411|1447|692
400C200US57709|611256|8994|433888|11800|74481|8189|43812|5751|30669|5586|2759|1214|2414|1199|345|308|0|218|0|218|0|218|579|337|454|289|125|119|1500|924|1224|892|276|252|3073|1356|2634|1293|439|360|1159|813|1060|804|99|164|696|502|667|493|29|49|2607|1392|1384|1000|1223|902|2525|1670|1357|1005|1168|1294|147|248|147|248|0|218|1277|991|362|356|915|871|804|691|632|702|172|201|22568|4374|15142|3393|7426|1827|1639|805|1480|734|159|152|2473|1207|2080|1004|393|372|1179|1091|1140|1069|39|64|55|91|55|91|0|218|590|819|590|819|0|218|960|849|879|825|81|137|1094|491|800|450|294|229|931|957|861|932|70|116|740|732|659|718|81|134|272|453|272|453|0|218|17520|3777|9807|2363|7713|2036|4178|1660|1762|841|2416|1087|6413|1879|3251|1270|3162|1255|0|218|0|218|0|218|5626|2312|2623|1370|3003|1319|129|160|0|218|129|160|1269|910|645|492|624|550|1317|1470|1130|1383|187|276|9193|2551|7461|2203|1732|752|1011|636|500|312|511|446|5525|2027|4237|1554|1288|824|282|317|108|128|174|289|160|131|75|123|85|140|154|259|154|259|0|218|313|486|313|486|0|218|0|218|0|218|0|218|0|218|0|218|0|218|170|210|57|95|113|138
400C200US61273|1108303|9898|940721|13552|84354|5364|32749|4744|51605|5278|4766|3235|2711|1620|2055|1762|614|537|424|370|190|292|440|400|440|400|0|225|935|738|767|629|168|275|2049|715|2043|715|6|2|219|199|219|199|0|225|743|656|629|536|114|179|469|352|469|352|0|225|341|343|341|343|0|225|1221|1050|1016|957|205|239|503|475|503|475|0|225|193|317|38|62|155|256|4267|2923|2002|1301|2265|1992|515|444|467|434|48|81|2994|1546|2675|1515|319|360|0|225|0|225|0|225|356|551|356|551|0|225|346|472|254|326|92|157|2085|1347|1666|1005|419|609|2139|1500|1599|1162|540|436|1505|1178|1319|937|186|307|579|499|524|470|55|93|1121|950|860|845|261|317|5844|1983|3345|1392|2499|1002|414|323|365|316|49|86|3541|1759|2137|1203|1404|763|0|225|0|225|0|225|4236|1950|2777|1516|1459|930|214|340|114|182|100|163|3080|2099|1949|1962|1131|807|4036|2518|1454|977|2582|1707|2510|1483|2198|1463|312|370|508|567|198|287|310|401|18019|6729|9288|3749|8731|3667|97|162|97|162|0|225|4748|2253|2531|1166|2217|1342|4069|2605|2980|1804|1089|1089|2419|1841|690|550|1729|1524|0|225|0|225|0|225|144|230|144|230|0|225|949|823|469|477|480|619
400C200US63217|17844831|13438|10600239|51872|3587784|27086|1926032|26614|1661752|24579|139665|12346|109840|9853|29825|4713|182523|15653|117174|11227|65349|8213|140405|9683|97027|7697|43378|4753|129341|11166|74157|6107|55184|7400|38210|5055|35202|4703|3008|851|163554|11714|84715|9992|78839|7764|70417|6813|51162|6032|19255|2617|249679|15212|127323|11112|122356|9150|95102|7786|52797|4764|42305|5115|24283|4069|15935|3229|8348|1883|58677|6571|32603|4577|26074|4489|9822|2672|6977|2002|2845|1716|27309|4141|18694|3510|8615|1853|85232|8366|57758|6269|27474|3764|117458|9334|96072|8290|21386|3265|95770|10833|62004|6930|33766|5417|54461|8435|29599|5142|24862|4377|152359|10612|80424|7413|71935|5772|47555|6619|31746|4336|15809|3690|91924|10492|60974|7672|30950|5520|36711|5254|30291|4460|6420|1892|31281|5933|26035|4845|5246|1779|43063|5662|31976|4704|11087|2218|666376|18213|259278|12088|407098|12630|37274|4341|18897|3233|18377|2571|153844|9750|72604|6521|81240|5834|182|225|143|168|39|65|23383|4341|10438|2194|12945|3119|4459|1982|2530|1169|1929|1112|8206|1846|3544|1127|4662|1374|72560|8094|40142|5232|32418|4394|137408|9027|103665|7792|33743|3401|15959|3791|11133|3279|4826|1608|178495|18016|118128|13281|60367|7287|67916|7686|54528|6662|13388|3174|14885|4614|9969|3440|4916|1818|120843|12507|93731|9966|27112|5040|15790|3684|13909|3585|1881|894|200|191|101|105|99|159|1986|1289|1852|1271|134|99|52241|8246|35836|6131|16405|3412
400C200US65863|1777753|13953|1211643|19106|371197|13379|229932|11954|141265|9876|6659|1734|5603|1536|1056|792|49628|8661|34861|6777|14767|4597|2696|1224|2089|984|607|654|33385|6061|19066|4312|14319|3278|4783|1690|4375|1606|408|306|644|474|503|416|141|179|510|552|198|177|312|403|6562|2203|4207|1394|2355|1169|991|753|678|462|313|360|1936|1311|1418|969|518|454|2688|1821|971|704|1717|1663|243|400|0|239|243|400|2173|1206|892|502|1281|1091|2126|1082|1251|634|875|598|6942|2213|5285|2178|1657|961|2593|1865|1860|1698|733|517|668|1022|445|729|223|300|3071|2049|2417|1647|654|653|1144|767|770|667|374|324|1636|898|1077|573|559|498|1428|1143|1015|1009|413|397|940|763|764|708|176|214|2062|1276|1831|1157|231|236|11697|2947|5388|1554|6309|2000|3704|2411|2932|2237|772|827|2929|1502|1552|1287|1377|722|73|91|73|91|0|239|11534|3369|5158|1572|6376|2305|94|158|0|239|94|158|2683|2163|2248|2125|435|379|3075|1496|1867|930|1208|771|6437|1935|4537|1521|1900|930|839|698|764|682|75|125|10173|3406|6801|2666|3372|1900|446|377|380|354|66|115|386|503|386|503|0|239|2430|1420|2098|1346|332|445|629|809|531|656|98|160|0|239|0|239|0|239|150|226|150|226|0|239|2126|1090|1276|872|850|763
400C200US69076|5372833|17416|4423535|27433|401592|12655|223671|12400|177921|10154|21880|4286|15189|2902|6691|3144|12303|6146|5714|3269|6589|3195|16505|2665|10984|1971|5521|1502|20856|5833|9779|2953|11077|4165|11281|2674|9856|2572|1425|657|4398|1684|3878|1652|520|502|7601|2255|5448|1779|2153|774|29613|4722|15885|3471|13728|2537|9724|2373|6481|1770|3243|1210|2438|1278|2257|1228|181|177|13674|3415|6857|1755|6817|2605|2122|845|1789|791|333|256|4442|1788|3042|1199|1400|960|23001|4489|15824|3245|7177|2021|16700|3741|14120|3265|2580|1094|8832|2754|6059|2027|2773|1244|3675|1752|2311|1097|1364|1015|17833|4770|9274|2775|8559|2753|9071|2568|6664|2108|2407|1161|14368|3813|8306|2638|6062|2260|11030|2915|9132|2470|1898|971|7897|1924|5851|1696|2046|877|16692|3358|11454|2480|5238|1884|77685|7676|34730|4090|42955|5874|3449|1025|2333|857|1116|557|26265|4924|13497|3367|12768|2417|193|178|134|173|59|13|29985|5825|11420|2763|18565|3985|11824|3597|5342|1933|6482|2258|1897|915|1087|575|810|487|15441|4515|7673|2152|7768|2916|16222|3112|11196|2580|5026|1576|4809|2223|2309|1200|2500|1583|27980|6613|17819|4632|10161|3359|2767|1059|2634|993|133|152|6655|2720|3600|1568|3055|1659|20331|4304|13193|3285|7138|2574|6314|2510|4492|1633|1822|1463|0|210|0|210|0|210|965|793|965|793|0|210|8988|3045|4823|1761|4165|1989
400C200US69184|3845201|16125|2870016|24282|715248|23023|475855|17864|239393|12287|12746|2573|10613|2551|2133|1126|2139|1727|1170|1200|969|877|3081|1445|2492|1331|589|501|3498|1492|3233|1401|265|326|7545|1651|6623|1607|922|475|1066|647|1066|647|0|228|2853|1267|2484|1120|369|348|5739|1865|4176|1408|1563|1091|4212|2306|3142|2207|1070|648|7001|2281|4681|1798|2320|915|2602|1148|2000|1017|602|393|1124|812|925|743|199|217|5029|2314|3747|2017|1282|896|2822|1300|2286|1092|536|370|11855|3310|10699|2918|1156|733|2055|1165|1705|998|350|273|1517|1303|1464|1295|53|90|2274|1587|1559|1022|715|749|6219|2276|4944|2091|1275|907|7091|2415|4541|1360|2550|1403|6788|2466|5653|2252|1135|604|9482|2752|7756|2115|1726|1396|2138|943|1869|834|269|268|21004|3883|12539|3015|8465|2036|5240|1436|3192|996|2048|983|6906|2167|3020|1260|3886|1482|966|1301|966|1301|0|228|22494|4423|10705|2269|11789|3247|2060|1120|995|711|1065|776|2866|1085|1812|705|1054|706|5684|2515|3282|1586|2402|1243|17467|2987|13478|2671|3989|1215|4752|1944|3189|1281|1563|918|25789|6044|16872|4206|8917|3313|2018|1085|1575|1015|443|441|5947|1971|4086|1580|1861|795|4974|2276|3169|1242|1805|1979|8306|3904|5052|2536|3254|2760|8962|2909|6943|2050|2019|1505|2602|1564|2363|1584|239|208|1024|579|721|462|303|346
400C200US69697|1663908|9316|1550740|10850|25747|3137|19320|2621|6427|1520|4961|1999|3736|1498|1225|927|404|607|404|607|0|190|5482|1240|3466|947|2016|710|1766|673|1358|561|408|341|3935|988|3686|989|249|213|681|458|590|448|91|105|1763|779|1700|779|63|88|3228|907|2038|718|1190|560|866|447|849|446|17|5|1456|906|1350|853|106|124|2904|1162|2248|953|656|449|0|190|0|190|0|190|492|330|492|330|0|190|1735|1355|1307|1056|428|329|4972|1487|3959|1290|1013|599|1321|928|1119|823|202|191|425|329|188|161|237|321|1801|901|1384|704|417|346|7931|2883|1994|944|5937|2661|793|574|793|574|0|190|2722|1033|1932|798|790|448|1730|830|1441|732|289|335|1422|840|1126|802|296|346|13529|2397|8054|1892|5475|1449|1435|663|567|417|868|513|2826|1028|1745|779|1081|759|98|90|98|90|0|190|1109|628|356|268|753|493|0|190|0|190|0|190|487|413|157|167|330|298|5331|2492|3063|1529|2268|1395|1522|776|1098|667|424|377|312|234|169|141|143|180|4193|1766|2511|1188|1682|1012|570|388|361|293|209|206|737|491|671|495|66|111|613|432|431|349|182|276|1406|1028|753|568|653|516|0|190|0|190|0|190|0|190|0|190|0|190|463|423|463|423|0|190
400C200US71317|1992797|9812|1593803|15626|180077|7416|118016|6790|62061|6915|7374|1681|6600|1661|774|522|206|242|206|242|0|210|1484|669|1411|656|73|122|2235|1103|1803|967|432|329|7676|1718|7155|1666|521|310|620|331|576|321|44|74|1405|1729|1405|1729|0|210|24439|4792|15808|3863|8631|1955|717|452|672|448|45|75|2384|1141|1405|684|979|606|11727|3998|5050|2070|6677|2418|1280|935|757|612|523|557|2996|1117|1860|820|1136|651|617|557|439|357|178|239|6319|2023|5296|1898|1023|566|994|623|837|550|157|187|1024|851|1024|851|0|210|1809|961|1623|883|186|194|7993|3037|4229|1589|3764|2303|8477|2323|6218|1733|2259|1112|4107|2109|3414|1843|693|715|3171|1619|2629|1399|542|462|2378|1226|1855|864|523|657|24508|3676|12293|1925|12215|2692|7379|1564|6186|1479|1193|530|7949|2057|4436|1366|3513|1179|1638|911|1207|658|431|331|25309|4068|9948|2014|15361|3293|1961|1371|712|397|1249|1313|4090|2019|1977|1209|2113|1119|5376|2267|2285|1107|3091|1950|9810|2221|7342|1942|2468|826|7315|2304|4962|1819|2353|1104|7025|2663|4917|2159|2108|960|1201|692|958|551|243|281|5949|2664|3375|2093|2574|1250|2841|2029|1474|935|1367|1781|1271|826|658|520|613|607|0|210|0|210|0|210|909|656|909|656|0|210|2954|1547|2662|1508|292|287
400C200US72505|1226977|11240|949833|13758|144343|6394|76718|4672|67625|5387|6998|1669|5721|1436|1277|810|6259|2305|3640|1465|2619|1055|4267|1409|3487|1320|780|470|53887|6228|31372|4516|22515|4070|2558|1031|2279|983|279|282|256|314|212|305|44|74|1301|906|588|316|713|857|2554|1813|1999|1764|555|447|1588|756|1287|678|301|264|249|278|213|232|36|59|628|560|361|324|267|355|683|506|683|506|0|210|473|464|290|399|183|232|620|516|458|440|162|271|2347|1146|2121|1088|226|213|659|507|659|507|0|210|170|278|0|210|170|278|498|421|450|411|48|79|1703|1096|1469|921|234|376|2147|1105|1604|925|543|459|901|776|656|566|245|255|2111|1616|1540|1091|571|690|589|598|589|598|0|210|6338|1735|2783|828|3555|1314|1318|739|1122|696|196|204|2063|1148|899|642|1164|868|706|906|617|849|89|177|873|506|419|252|454|345|7156|2860|3679|1646|3477|1739|1947|1028|1107|630|840|572|1478|1155|842|746|636|865|1700|894|960|549|740|507|353|327|223|233|130|142|4848|2503|3708|1914|1140|871|421|339|421|339|0|210|108|185|108|185|0|210|6195|2317|5636|2135|559|473|1458|816|1064|626|394|395|0|210|0|210|0|210|118|143|118|143|0|210|2275|2083|1660|1626|615|594
400C200US73261|1097360|8530|894357|13578|77906|6981|50171|5719|27735|4419|9989|3472|7784|2865|2205|1193|1064|1481|636|1036|428|481|512|339|437|315|75|125|2489|1311|1830|852|659|598|4092|2461|3579|2563|513|599|610|546|506|521|104|181|496|388|347|320|149|244|4178|1436|2906|1090|1272|910|1323|977|1323|977|0|221|332|284|240|234|92|155|1611|1388|939|765|672|1070|0|221|0|221|0|221|2264|1140|1484|694|780|788|6387|2806|3269|1974|3118|1495|8090|2722|7181|2604|909|541|1934|780|1691|708|243|236|519|481|451|399|68|115|2247|1107|1569|804|678|631|4184|1823|3552|1599|632|563|1748|1052|1235|596|513|534|10229|4277|8503|3473|1726|1408|5390|2247|3982|1753|1408|973|5152|2341|5104|2336|48|82|14093|2935|8817|2109|5276|1568|2138|1140|975|719|1163|683|3177|1539|1517|1053|1660|864|46|79|46|79|0|221|4613|2633|2581|2374|2032|1108|0|221|0|221|0|221|590|486|312|315|278|349|3374|1938|2794|1677|580|459|2217|1087|1984|1008|233|235|1080|1089|825|818|255|413|6222|2557|4403|2042|1819|900|76|125|76|125|0|221|1417|840|579|484|838|713|8192|4933|7298|4737|894|941|1481|1737|1346|1529|135|225|0|221|0|221|0|221|307|347|270|332|37|63|1234|938|1234|938|0|221
400C200US74746|1010751|8614|883000|10987|60206|4167|35405|4213|24801|3894|2819|1378|1965|990|854|557|1174|716|556|501|618|570|1013|755|571|534|442|424|2729|1729|1635|986|1094|1341|2071|871|1868|805|203|218|154|117|154|117|0|214|650|416|513|365|137|147|1170|682|1066|642|104|103|47|77|47|77|0|214|166|276|130|217|36|60|152|140|97|106|55|67|0|214|0|214|0|214|1829|1136|742|537|1087|723|1135|1078|594|545|541|572|3487|1646|3277|1605|210|213|2664|1893|2005|1289|659|689|22|39|22|39|0|214|1161|1059|958|891|203|318|4060|1719|2845|1424|1215|607|1700|811|646|465|1054|548|1661|924|1247|794|414|355|3359|1658|2977|1413|382|451|1532|740|1484|722|48|81|6939|1905|3274|1088|3665|1403|532|550|148|172|384|442|1849|903|1060|573|789|491|0|214|0|214|0|214|2233|971|1084|531|1149|681|1356|754|391|351|965|559|175|158|119|134|56|71|242|299|242|299|0|214|1666|779|1202|669|464|379|256|242|220|237|36|62|8123|2817|5749|2102|2374|1326|31|57|31|57|0|214|1078|751|923|692|155|273|4062|2978|2525|1705|1537|1465|2251|2253|1069|943|1182|1615|0|214|0|214|0|214|0|214|0|214|0|214|1997|1642|1641|1315|356|430
400C200US75340|2195694|14241|1085982|19884|906299|21959|606024|18615|300275|10034|1931|860|1736|846|195|175|1798|1826|1559|1660|239|323|1209|775|681|369|528|688|2397|1204|1909|1022|488|414|2003|820|1900|808|103|103|919|569|919|569|0|218|423|357|263|330|160|161|256|202|256|202|0|218|0|218|0|218|0|218|402|508|402|508|0|218|1362|897|1111|742|251|313|1408|991|1295|942|113|144|3466|1564|1326|649|2140|1262|3704|1947|2042|1121|1662|974|8172|3583|6174|2564|1998|1322|5003|2173|3104|1583|1899|1134|4339|1858|2626|1652|1713|1230|1498|839|1097|686|401|285|3593|2320|2311|1492|1282|912|2356|1634|1522|1477|834|671|1419|1072|1245|878|174|279|941|764|775|686|166|216|968|832|511|532|457|468|46528|5828|21194|3271|25334|3856|2417|1017|1293|590|1124|642|13809|3961|6650|1996|7159|2415|788|684|341|400|447|494|19602|4861|7345|1976|12257|3491|1970|861|1216|641|754|416|3875|1808|2189|1350|1686|1085|1000|628|466|374|534|333|28175|3785|18317|2764|9858|2065|5469|1950|3375|1495|2094|861|22896|7547|15825|6073|7071|2624|223|235|223|235|0|218|1142|1050|951|849|191|262|2915|1047|2648|996|267|177|2197|1645|2197|1645|0|218|0|218|0|218|0|218|49|107|0|218|49|107|791|575|705|546|86|103
400C200US77068|1845312|8844|1272716|16656|226373|11734|148364|7534|78009|7484|3871|1476|3199|1056|672|597|66|93|66|93|0|218|2399|1004|1957|864|442|329|1814|712|1039|440|775|565|4322|1232|3768|1101|554|501|684|552|610|543|74|122|767|487|767|487|0|218|33800|5544|14885|2550|18915|4375|638|475|332|238|306|268|2150|1971|2055|1963|95|159|17630|4094|8017|2936|9613|3427|3468|1844|2406|1382|1062|684|21373|4971|9474|2409|11899|3658|1179|572|809|451|370|312|14526|3757|10734|2936|3792|1736|3484|1498|2761|1296|723|361|24121|5358|13906|3239|10215|2917|2158|1034|1638|821|520|608|1907|1027|1269|820|638|416|11195|3701|6707|2650|4488|1930|3865|1881|3173|1585|692|526|1608|915|1333|838|275|192|1913|845|1347|731|566|400|43372|4972|18090|3072|25282|3171|4713|1261|2654|968|2059|787|5763|1514|3135|1047|2628|1004|25081|4002|14939|3021|10142|2150|29885|4490|10854|2280|19031|3052|3167|1568|1883|1044|1284|743|3833|1380|1363|676|2470|1118|8072|2299|3792|1199|4280|1675|36041|5073|24041|3900|12000|2355|7345|2215|5921|1918|1424|676|8359|3174|6683|2507|1676|890|977|957|977|957|0|218|1521|1080|1102|779|419|376|2398|1512|2055|1270|343|358|3741|2431|3501|2276|240|326|0|218|0|218|0|218|1769|2263|1289|1732|480|558|1248|710|1020|657|228|233
400C200US77770|2012616|10676|1860389|12214|45820|4557|31425|3869|14395|2712|4637|1724|3639|1127|998|807|505|751|356|505|149|252|1887|1353|1569|1077|318|330|1252|676|1098|631|154|159|5046|1386|4222|1131|824|536|550|406|550|406|0|210|616|374|463|298|153|178|1049|599|517|311|532|473|536|357|429|320|107|184|10877|2775|6783|1952|4094|1521|2572|2262|2062|2152|510|481|139|230|139|230|0|210|1243|771|687|503|556|439|1070|603|866|497|204|330|5007|2433|4474|2403|533|398|3226|2075|2595|1760|631|496|958|1000|574|609|384|446|623|527|442|378|181|194|1782|1144|1362|952|420|396|2245|1173|1450|690|795|684|6440|2395|5632|2152|808|602|2676|1542|2398|1416|278|301|1630|885|1301|698|329|310|14060|2930|7731|1836|6329|1685|1083|806|393|331|690|702|3790|1146|2295|845|1495|746|254|454|254|454|0|210|3925|1763|1688|1140|2237|1049|0|210|0|210|0|210|1135|677|700|455|435|323|1513|906|559|353|954|703|5100|1367|2390|708|2710|1045|642|529|424|393|218|248|8605|2856|5895|2109|2710|1241|887|743|887|743|0|210|3098|3024|1384|1116|1714|2023|2015|1195|1579|825|436|554|3462|2084|2200|1454|1262|1442|0|210|0|210|0|210|54|90|54|90|0|210|218|283|218|283|0|210
400C200US78499|1100330|3690|859408|11649|150038|8069|90099|6682|59939|5613|2223|838|1599|584|624|563|0|204|0|204|0|204|654|448|595|428|59|140|6382|2383|4895|1810|1487|1074|3151|1182|2843|1188|308|260|1033|639|985|635|48|77|290|195|124|164|166|140|3159|1492|2435|1327|724|508|617|898|33|54|584|896|3108|1831|2095|1261|1013|927|584|486|166|207|418|414|311|409|176|210|135|209|2864|2274|1757|2046|1107|920|0|204|0|204|0|204|2434|1502|2018|1186|416|470|529|580|376|517|153|238|351|501|351|501|0|204|228|219|228|219|0|204|3639|2577|3260|2138|379|552|1330|640|1001|525|329|302|932|951|708|920|224|229|177|299|177|299|0|204|413|390|367|383|46|81|9290|2271|4946|1422|4344|1455|1436|786|1085|614|351|275|2433|1071|1076|646|1357|643|0|204|0|204|0|204|6036|1893|3026|1527|3010|1178|857|644|552|448|305|327|2189|1041|1159|789|1030|574|5429|2998|2868|1622|2561|1618|3692|1845|2591|1287|1101|807|11638|2272|9704|2136|1934|721|4316|2338|3616|2014|700|584|0|204|0|204|0|204|5337|5445|3662|3296|1675|2191|69|119|69|119|0|204|1459|1301|820|957|639|628|1497|986|1497|986|0|204|357|275|357|275|0|204|440|285|440|285|0|204
400C200US78661|2879173|11297|1776426|21042|696214|16100|459880|14176|236334|9329|16830|4477|12578|3782|4252|2313|1753|2015|684|648|1069|1697|4917|1315|4190|1238|727|409|8480|3209|6506|2552|1974|1451|7756|1533|6576|1427|1180|591|3109|1045|2616|992|493|420|1598|844|1309|737|289|283|11507|2781|6690|1667|4817|1663|2929|1355|2159|1101|770|538|1989|916|1511|655|478|397|4068|1814|2470|1030|1598|1138|702|757|534|619|168|175|15549|2997|8951|2239|6598|1826|3466|1503|3110|1389|356|313|9401|2361|8479|2173|922|468|3790|2857|3481|2748|309|318|2119|1233|1819|1140|300|255|1567|957|1567|957|0|218|3559|1226|3117|1152|442|345|8586|2123|4850|1370|3736|1311|3768|1486|3452|1441|316|204|3495|1299|3284|1240|211|189|3889|2115|3599|2131|290|282|51300|5183|27562|3696|23738|3135|11652|3121|6731|2231|4921|1403|15192|2836|7698|1903|7494|1896|1180|966|851|774|329|392|43745|5864|19687|3320|24058|3531|4110|1707|1276|553|2834|1290|9096|2464|4419|1591|4677|1574|1978|1153|1388|843|590|544|81959|6718|51494|5371|30465|4214|7070|1959|5400|1795|1670|781|30557|6425|18331|4974|12226|2881|3776|1450|3506|1381|270|331|13777|3693|6930|2519|6847|2007|1124|721|1124|721|0|218|2384|1120|1598|784|786|733|0|218|0|218|0|218|232|308|232|308|0|218|2574|1123|1766|876|808|646
400C200US78904|3205693|10345|1770525|20246|520640|14704|301915|12739|218725|9723|29355|4587|25183|3657|4172|1419|871|765|775|634|96|159|9760|1734|8225|1470|1535|770|18510|3647|11729|2391|6781|2590|11976|2260|10442|2030|1534|769|2593|1375|2532|1376|61|11|4124|1635|3810|1616|314|210|21060|3605|12914|2770|8146|1825|2657|890|2271|792|386|338|2084|961|1353|613|731|630|5853|2722|3946|1752|1907|1208|2021|861|1822|799|199|216|20186|4104|14011|3019|6175|1672|8215|2437|6353|1780|1862|1030|46249|6120|41444|5610|4805|1241|4533|1553|3052|1087|1481|903|18224|4547|11451|3008|6773|1934|4201|1332|3367|1118|834|568|12650|3544|9971|3043|2679|1339|10181|2861|8193|2443|1988|914|13979|3429|11835|3210|2144|876|13435|3502|11186|2767|2249|1183|5070|1325|4026|1236|1044|496|359869|12050|163909|8044|195960|8014|15508|2599|10188|2018|5320|1363|23626|3554|12800|2397|10826|1982|932|657|763|642|169|230|34142|4772|14655|3011|19487|3110|6022|1854|2938|1293|3084|1080|6456|1429|3192|936|3264|1081|15496|2692|7743|1716|7753|1886|121503|8428|77775|6715|43728|4275|18785|3366|13211|2699|5574|1727|17878|4212|12274|3095|5604|1777|3877|1441|2965|930|912|908|9433|3130|5507|1915|3926|2191|5144|2332|3529|1626|1615|977|1990|761|1567|542|423|414|140|164|108|163|32|24|270|396|270|396|0|218|5670|2413|2418|1134|3252|2064
400C200US79039|1680934|4792|747204|13493|269472|8641|163301|7235|106171|5418|8689|3097|8492|3071|197|144|346|217|346|217|0|218|3039|1064|2632|920|407|380|10967|2659|8051|2133|2916|1092|6507|1586|5713|1402|794|457|1403|837|1212|806|191|171|3493|1841|3003|1720|490|431|17590|3780|11054|2861|6536|1958|993|523|890|514|103|119|2059|917|1581|801|478|409|1856|817|1200|558|656|404|1072|860|753|598|319|312|18046|4028|11718|2944|6328|2077|10211|2972|8391|2835|1820|626|52405|5794|44139|5198|8266|1933|6220|2416|5529|2397|691|464|11060|3279|6866|2223|4194|2002|5915|1858|5245|1704|670|429|16438|3450|14540|3270|1898|691|4322|1897|3744|1807|578|315|25700|5190|21445|4440|4255|1695|21357|3706|17362|3359|3995|1060|18569|3754|15747|3073|2822|1318|176739|8562|103220|6483|73519|5449|11112|2201|6626|1794|4486|1249|23823|3653|14124|2570|9699|1726|916|1153|35|58|881|1152|108987|7668|41092|3524|67895|6322|2688|1444|1492|977|1196|796|4236|1657|2957|1402|1279|520|6470|2281|3864|1366|2606|1256|46181|5886|31203|4726|14978|2297|6407|2552|4919|2519|1488|725|8747|3175|7237|2852|1510|1005|6647|2126|6055|1949|592|386|9991|3123|5848|2297|4143|1503|351|263|301|222|50|80|1579|1501|1349|1234|230|288|116|180|116|180|0|218|151|181|124|162|27|45|860|567|564|327|296|297
400C200US80389|3367541|12422|2426292|22064|237834|10262|149584|7493|88250|7727|16435|2765|14660|2333|1775|1198|3304|2817|1625|1205|1679|1729|4310|1582|3744|1416|566|375|9328|2594|6009|1947|3319|1675|12466|2695|11107|2657|1359|596|3178|1277|2827|1219|351|309|1402|692|1273|661|129|156|38709|6587|24523|5036|14186|2705|5227|2681|3711|2477|1516|942|4118|2158|3012|1946|1106|597|24796|7033|12548|3661|12248|5031|738|817|643|666|95|164|12168|2776|6756|1762|5412|1673|6394|1955|5413|1711|981|669|38359|5205|34276|4842|4083|1278|5522|1804|4323|1380|1199|672|11185|3236|5830|1748|5355|1886|4692|1971|4419|1924|273|268|9868|3091|7487|2561|2381|1080|12757|3301|10090|2816|2667|1248|18181|3909|14794|3239|3387|2017|10265|2760|9275|2428|990|602|9232|3082|7778|2906|1454|594|125645|7775|73210|6144|52435|4434|18225|3183|12343|2499|5882|1357|45224|5226|20267|2999|24957|3617|1471|1098|1086|822|385|524|61048|7207|27323|4048|33725|4463|8812|2748|4625|2054|4187|1200|11812|3588|5027|1885|6785|2432|14485|4932|8268|2926|6217|3028|41113|4793|27206|3476|13907|2324|26710|3898|17898|3012|8812|2337|18524|4483|13861|3338|4663|1629|3610|1884|3281|1809|329|287|35417|7132|21174|5553|14243|3475|6593|3414|4573|2466|2020|1363|14809|3702|10567|2761|4242|1783|226|355|226|355|0|214|2206|1128|2065|1094|141|227|4851|3355|2678|1111|2173|2582
400C200US86599|2723363|11444|2076329|19721|432732|11976|241458|8925|191274|9871|11950|2955|8878|2276|3072|1294|19015|5205|12600|4338|6415|2185|5484|1427|4424|1215|1060|481|11759|3012|7661|2047|4098|1431|8272|1793|7330|1762|942|455|1795|883|1474|749|321|444|8520|2996|6221|2060|2299|1922|6703|1912|4162|1418|2541|951|5523|1765|2529|817|2994|1366|4524|1864|3050|1151|1474|926|3559|1279|2257|1073|1302|560|318|434|163|196|155|261|2725|1245|1764|882|961|607|6111|2395|4455|1798|1656|1140|8311|2727|7287|2103|1024|969|1010|653|931|626|79|128|1594|1355|1027|764|567|644|2530|1385|1766|949|764|579|2116|1300|1011|600|1105|901|8911|3222|5391|2005|3520|1909|7993|2901|6490|2475|1503|945|3032|1543|2563|1274|469|428|2597|1139|1872|981|725|473|4622|1357|2561|822|2061|851|1588|1163|955|1044|633|472|3100|1482|2322|1391|778|385|199|232|97|156|102|175|19929|4146|8945|2719|10984|2803|1211|798|497|361|714|495|4096|1746|1387|774|2709|1564|719|404|673|386|46|81|9617|3017|6652|2134|2965|1190|2111|1021|1532|819|579|474|19128|5323|11982|4146|7146|2884|1313|998|899|626|414|471|1671|2207|1202|1664|469|587|3067|1863|2484|1299|583|762|309|399|309|399|0|239|0|239|0|239|0|239|661|533|632|534|29|51|6609|2052|5228|1730|1381|675
400C200US90892|1354125|7481|1215587|9423|60888|5374|42244|4261|18644|3497|3845|1427|2761|1232|1084|563|1135|781|1008|690|127|202|1228|537|1180|524|48|56|1610|1663|986|1018|624|761|3707|1062|3271|957|436|302|388|283|331|257|57|94|849|385|605|337|244|261|2550|1184|1713|838|837|684|696|478|594|358|102|172|462|342|296|353|166|242|1066|737|843|640|223|194|80|94|80|94|0|214|855|756|451|475|404|378|1389|1422|822|810|567|642|1938|920|1728|810|210|279|1891|1359|773|691|1118|939|0|214|0|214|0|214|98|163|98|163|0|214|519|499|281|233|238|305|1125|543|879|456|246|334|1861|1397|1037|770|824|745|226|188|153|132|73|132|529|488|529|488|0|214|6759|1903|3130|928|3629|1456|1982|985|1338|733|644|452|5800|1533|3264|1211|2536|858|89|150|89|150|0|214|6126|2233|1613|811|4513|1964|245|287|245|287|0|214|516|306|265|217|251|219|498|359|445|327|53|88|17553|2321|12819|1809|4734|1239|1779|1281|1045|666|734|757|3761|1649|2644|1076|1117|776|44|77|44|77|0|214|1129|957|998|928|131|207|2052|798|1944|748|108|131|802|636|632|466|170|211|0|214|0|214|0|214|84|108|84|108|0|214|384|327|291|279|93|164
400C200US92242|4810198|12307|3116131|26532|737053|11507|408781|11424|328272|9781|63234|7510|49931|6169|13303|2445|11563|4334|8181|3466|3382|1988|10932|2924|8773|2280|2159|1036|17279|4368|11216|2425|6063|2529|14912|2273|13939|2120|973|526|4473|1409|3967|1194|506|466|6097|1750|5184|1550|913|541|21695|4261|15993|3687|5702|1443|2456|843|1949|777|507|295|2914|1329|1852|942|1062|805|9612|2634|7797|2435|1815|674|3365|1738|2928|1601|437|327|42469|5081|25484|3664|16985|3086|7538|2497|5866|2099|1672|818|33958|4505|27628|3453|6330|2614|30553|4835|20300|3534|10253|2521|9300|3226|6353|2444|2947|1303|21118|4746|13203|2755|7915|3397|30143|6608|20985|4379|9158|3283|24550|5262|17254|3860|7296|2465|28833|5303|23691|4439|5142|1970|16198|4383|13560|3970|2638|1115|7717|2142|7108|1985|609|334|87323|6664|49543|3864|37780|4466|9740|2829|6146|2055|3594|1198|61159|5490|31821|3345|29338|4085|226|309|226|309|0|210|48658|5402|22286|3583|26372|3454|4119|1904|1867|923|2252|1231|10935|2685|5754|1469|5181|1757|18913|4058|12393|3237|6520|1840|42533|4668|33654|3790|8879|1887|7927|2421|4410|1177|3517|2026|52453|7345|37906|5329|14547|3554|3359|899|3244|894|115|137|97807|11341|63304|8432|34503|6156|60970|7112|49953|5998|11017|3028|15223|3727|13012|3506|2211|836|0|210|0|210|0|210|529|417|441|391|88|158|14231|4486|11306|3705|2925|1436
5001800US0401|763708|18783|627900|17004|83888|10340|57409|6751|26479|5819|4040|1405|3562|1237|478|363|0|228|0|228|0|228|681|396|473|309|208|198|1429|1017|1362|988|67|105|2944|974|2541|975|403|297|530|523|530|523|0|228|1443|917|1328|888|115|144|1678|775|1329|596|349|317|1682|1159|1568|1160|114|142|3099|1311|1769|803|1330|754|781|716|701|676|80|133|792|576|593|473|199|217|999|711|678|476|321|527|441|306|387|264|54|90|2285|1244|2151|1231|134|155|325|447|325|447|0|228|133|168|133|168|0|228|775|768|775|768|0|228|221|365|113|186|108|180|752|494|372|289|380|384|1036|753|683|533|353|362|1213|1326|969|962|244|400|288|334|288|334|0|228|3460|1300|2368|1104|1092|516|646|680|165|196|481|636|1530|884|1115|906|415|363|46|75|46|75|0|228|2602|1146|1320|749|1282|695|384|460|207|253|177|233|570|513|492|424|78|126|878|629|578|388|300|266|3450|1559|2813|1570|637|440|391|383|391|383|0|228|3812|1967|2904|1801|908|511|1273|1004|905|941|368|422|1258|1321|603|805|655|615|78|131|78|131|0|228|535|872|185|313|350|563|1846|1073|1690|1029|156|205|1119|679|1024|633|95|165|475|409|406|394|69|113
5001800US0603|735957|7613|627352|9743|41057|5104|27742|3701|13315|2575|1727|864|1664|800|63|101|0|218|0|218|0|218|1013|506|699|461|314|269|867|481|752|435|115|141|3334|1984|2746|1285|588|901|538|502|464|493|74|122|341|338|293|303|48|85|3829|1498|2125|870|1704|1045|458|522|299|354|159|184|787|467|787|467|0|218|1660|854|682|462|978|723|285|378|279|378|6|12|6374|2728|3969|1795|2405|1210|214|216|135|171|79|131|1564|925|1255|727|309|418|975|1221|975|1221|0|218|2724|1307|2203|1150|521|346|1243|778|1243|778|0|218|1124|878|929|759|195|242|4312|2422|2987|2008|1325|928|1696|1223|1696|1223|0|218|622|499|506|413|116|134|1651|812|1159|697|492|353|5604|1950|2502|983|3102|1600|1714|812|1309|742|405|281|1745|829|813|510|932|483|163|153|103|112|60|92|2698|1222|1324|775|1374|819|175|207|166|206|9|16|160|177|82|153|78|95|977|849|764|578|213|309|9562|2045|6683|1624|2879|994|944|685|451|395|493|416|3392|2311|2494|1721|898|769|162|203|162|203|0|218|80|134|80|134|0|218|781|1229|639|1000|142|241|732|1019|732|1019|0|218|7|15|7|15|0|218|378|207|276|178|102|100|936|653|841|633|95|115
5001800US0604|729736|8099|507195|11131|161406|9479|93880|6425|67526|6351|2920|1003|2648|976|272|322|105|172|105|172|0|218|2374|1471|2374|1471|0|218|1600|934|1359|816|241|264|1213|543|745|383|468|409|293|216|293|216|0|218|128|159|29|46|99|151|1285|797|997|650|288|276|531|449|351|361|180|219|55|94|55|94|0|218|819|1145|777|1143|42|10|244|211|215|210|29|48|1308|992|1119|870|189|177|52|87|52|87|0|218|1778|724|1518|685|260|189|748|524|266|245|482|459|2833|1779|1114|909|1719|1266|377|362|303|294|74|126|1718|1166|885|705|833|667|1407|714|1295|684|112|181|290|192|290|192|0|218|278|261|226|208|52|89|122|151|122|151|0|218|11407|2629|5096|1449|6311|2091|1961|973|906|499|1055|708|3683|1354|1706|664|1977|858|554|518|481|455|73|123|1489|612|596|364|893|432|582|443|331|287|251|232|550|338|31|60|519|334|1079|869|756|765|323|263|10937|2324|7776|1932|3161|1116|1905|1019|1122|580|783|674|1559|708|1019|542|540|303|278|281|172|195|106|189|618|556|559|518|59|89|746|687|433|480|313|510|764|759|355|468|409|486|0|218|0|218|0|218|112|158|112|158|0|218|433|402|248|251|185|254
5001800US0605|740088|15324|573699|13822|108729|10939|76956|8079|31773|5141|787|489|644|382|143|181|0|218|0|218|0|218|1447|782|1295|753|152|180|961|504|726|362|235|210|1709|740|1452|725|257|230|298|211|201|183|97|108|572|875|277|443|295|435|734|569|549|445|185|226|266|339|140|179|126|204|0|218|0|218|0|218|565|477|180|221|385|325|2735|1477|1279|787|1456|1139|5793|2968|3337|1741|2456|1422|329|354|329|354|0|218|4400|1327|3288|1082|1112|513|735|776|735|776|0|218|3783|1599|1998|1108|1785|1115|0|218|0|218|0|218|224|303|149|217|75|95|3863|2841|1906|1342|1957|1574|2226|1555|1151|964|1075|806|0|218|0|218|0|218|0|218|0|218|0|218|4309|1419|1635|754|2674|1057|410|336|289|293|121|140|1222|856|701|525|521|457|944|362|755|216|189|199|2403|1297|399|353|2004|1130|1825|1165|1149|764|676|542|961|664|349|469|612|462|268|251|183|184|85|142|6377|1674|4575|1376|1802|716|1430|667|1002|562|428|299|1686|1099|1443|1002|243|256|59|100|59|100|0|218|3693|2457|3083|2238|610|555|119|141|119|141|0|218|98|146|68|107|30|101|78|4|78|4|0|218|199|221|199|221|0|218|152|202|119|200|33|27
5001800US0606|703267|15745|479611|13275|93144|10723|60284|6772|32860|5868|1592|1361|1114|793|478|621|0|218|0|218|0|218|707|476|481|318|226|267|1648|1043|649|512|999|676|1663|670|1278|564|385|430|312|393|312|393|0|218|277|235|277|235|0|218|25454|5205|11055|2302|14399|3942|238|217|186|158|52|89|1266|1908|1266|1908|0|218|13539|3310|5377|1756|8162|3313|2942|1742|1886|1237|1056|684|8270|2978|2006|1276|6264|2594|636|475|348|282|288|290|4841|2206|3343|1863|1498|1177|889|961|639|630|250|342|8797|3442|5918|2459|2879|1298|901|761|381|351|520|608|665|584|355|300|310|294|4251|1868|1859|1005|2392|1494|514|431|424|350|90|147|640|712|526|677|114|136|85|138|85|138|0|218|5642|1707|2884|1071|2758|1129|887|363|565|251|322|228|2444|1139|959|540|1485|924|8818|2570|6182|2056|2636|1008|7017|2173|2954|1257|4063|1640|716|580|466|491|250|255|1430|886|269|237|1161|865|2105|1364|1009|866|1096|1038|8622|2169|5453|1419|3169|1194|3308|1837|2880|1737|428|338|3651|1684|2812|1246|839|547|815|925|815|925|0|218|464|435|382|406|82|144|635|550|483|522|152|244|1901|1604|1661|1349|240|326|0|218|0|218|0|218|1654|2266|1174|1732|480|558|276|265|139|161|137|206
5001800US0607|721936|14876|442759|14128|119616|10265|78251|7180|41365|5614|1073|584|1026|569|47|79|66|93|66|93|0|218|1214|802|1077|724|137|175|614|353|506|300|108|129|1369|618|1204|579|165|161|0|218|0|218|0|218|338|355|338|355|0|218|5541|1974|2410|1195|3131|1415|55|92|0|218|55|92|329|267|234|209|95|159|2742|2327|2145|2253|597|566|241|393|241|393|0|218|6147|2437|3182|1386|2965|1860|316|309|286|298|30|49|8389|2444|5770|1820|2619|1238|1620|1084|1147|982|473|387|12698|4469|5883|2230|6815|2718|81|121|81|121|0|218|656|439|328|249|328|292|3192|1507|2317|1260|875|444|89|110|89|110|0|218|346|353|301|293|45|74|177|168|103|119|74|120|33047|4933|13518|3342|19529|2670|2705|1098|1311|711|1394|687|1858|873|1418|816|440|312|16518|3751|8911|2635|7607|2103|20707|3710|7364|1759|13343|2656|2306|1410|1281|883|1025|703|2627|1100|1356|741|1271|698|5027|1874|2056|868|2971|1216|18814|4488|12622|3591|6192|2057|3659|1778|3015|1420|644|511|1592|916|1474|917|118|117|0|218|0|218|0|218|941|987|604|667|337|344|982|537|933|509|49|80|1122|1588|1122|1588|0|218|0|218|0|218|0|218|51|85|51|85|0|218|312|266|261|220|51|82
5001800US0608|707549|9873|398626|11544|182435|11722|103129|8838|79306|6707|2338|998|1715|840|623|492|44|77|0|218|44|77|366|266|366|266|0|218|3991|2514|1392|741|2599|2045|785|418|709|398|76|125|113|126|108|126|5|13|334|305|256|278|78|129|939|793|444|345|495|614|309|228|261|238|48|76|167|233|167|233|0|218|841|715|407|494|434|512|14|4|14|4|0|218|2276|1068|1746|915|530|482|213|356|103|178|110|180|3328|1356|2670|1236|658|412|225|235|167|169|58|100|7939|3011|4575|1650|3364|1508|133|223|0|218|133|223|2203|1596|1252|1075|951|1116|312|300|179|169|133|164|227|307|227|307|0|218|294|278|150|150|144|171|223|277|144|239|79|135|13834|3384|5268|1429|8566|2461|1710|901|1415|835|295|265|1359|669|461|286|898|544|0|218|0|218|0|218|6618|2427|2661|833|3957|2066|544|554|269|235|275|377|1141|693|779|552|362|307|4070|1895|1693|1002|2377|1425|49417|5495|31036|4560|18381|2972|7256|2451|5163|1859|2093|1239|6579|4716|5139|3774|1440|1023|320|270|265|228|55|88|2351|1649|786|614|1565|1113|1594|1213|1481|1094|113|185|1106|763|956|599|150|213|108|163|108|163|0|218|0|218|0|218|0|218|867|569|629|468|238|324
5001800US0609|719342|4164|415162|12142|199137|8254|118897|6604|80240|6441|1080|444|1028|433|52|87|0|218|0|218|0|218|775|599|473|427|302|407|2123|820|1859|851|264|233|716|298|612|290|104|126|141|183|141|183|0|218|863|601|548|537|315|299|912|694|486|493|426|481|344|399|344|399|0|218|62|105|0|218|62|105|0|218|0|218|0|218|0|218|0|218|0|218|2774|1618|2190|1439|584|477|540|559|321|340|219|341|2450|963|1763|759|687|486|5688|2307|3069|1333|2619|1244|13176|4437|6985|3056|6191|1936|448|385|340|274|108|138|571|460|358|351|213|304|1712|895|826|485|886|627|6776|2847|5488|2450|1288|791|1144|927|1027|869|117|143|1483|837|1483|837|0|218|7305|1804|2221|1000|5084|1390|325|232|259|207|66|113|218|241|45|76|173|229|4807|2119|3635|2020|1172|632|6991|2706|2393|1327|4598|1750|7733|2615|3043|1179|4690|1853|2883|1111|1843|847|1040|595|926|810|439|448|487|385|20729|3697|11887|2468|8842|2029|2530|1151|1224|757|1306|791|3482|1850|1940|1327|1542|844|0|218|0|218|0|218|550|556|317|383|233|243|2159|1778|1255|1163|904|745|0|218|0|218|0|218|29|50|0|218|29|50|54|88|54|88|0|218|544|457|323|277|221|371
5001800US0610|713036|9875|478646|12065|78123|6892|47924|5382|30199|4170|3921|1534|3261|1370|660|472|206|327|206|327|0|218|842|480|716|458|126|151|2961|1652|1733|848|1228|1338|2559|1244|2235|1219|324|234|512|413|414|402|98|166|813|451|813|451|0|218|7816|2817|3804|1694|4012|1763|2856|3095|1718|1463|1138|1762|756|578|500|420|256|264|2682|1230|1752|840|930|576|849|698|750|671|99|180|9261|3284|6309|2555|2952|1273|1466|805|1151|643|315|359|10642|3069|9356|2753|1286|609|1332|849|1206|766|126|148|2286|1068|1698|682|588|539|1520|1144|1179|972|341|326|4774|2732|4447|2498|327|366|2971|2551|2180|2320|791|1066|8345|2320|7059|2007|1286|683|6811|2829|5409|2374|1402|885|3027|1522|2610|1350|417|344|32200|4598|16568|3410|15632|2588|1491|595|916|449|575|400|7598|2367|4041|1382|3557|1400|129|154|129|154|0|218|6158|2574|1855|992|4303|1936|297|329|222|223|75|129|558|318|453|301|105|125|3696|1792|2143|1099|1553|1220|16860|2698|13207|2590|3653|1246|1877|993|1169|633|708|574|3397|1341|2753|1194|644|529|428|505|428|505|0|218|992|767|482|482|510|573|152|245|98|156|54|90|811|1230|811|1230|0|218|0|218|0|218|0|218|216|369|216|369|0|218|199|201|199|201|0|218
5001800US0611|676254|8620|409362|8089|63699|5097|40802|3978|22897|4081|9419|2424|8218|1941|1201|796|275|336|275|336|0|218|2887|849|2701|824|186|138|4237|1524|3848|1501|389|264|3395|1028|3012|998|383|300|689|645|689|645|0|218|1198|1333|1150|1332|48|78|8857|2408|5563|1774|3294|1198|641|496|529|469|112|192|492|338|449|330|43|69|1487|795|818|494|669|515|824|610|774|579|50|82|2729|1237|2644|1249|85|144|1899|1310|1254|795|645|637|5023|1195|4339|1084|684|453|794|750|266|245|528|747|1112|799|942|643|170|282|536|371|536|371|0|218|759|646|759|646|0|218|2485|926|1910|740|575|522|1559|1226|1559|1226|0|218|1818|1375|1485|1241|333|398|1041|703|1041|703|0|218|104243|6427|45822|4224|58421|4196|4477|1652|2429|905|2048|1076|5372|1596|3147|1240|2225|787|185|216|185|216|0|218|6814|1635|3379|1016|3435|1165|823|728|262|219|561|616|2127|1080|891|485|1236|1003|2477|981|1374|682|1103|687|13231|3586|10350|3166|2881|1146|1891|1119|923|606|968|733|4288|1536|2646|957|1642|952|1073|530|1031|518|42|68|988|849|739|721|249|265|349|294|266|264|83|131|165|21|131|17|34|5|0|218|0|218|0|218|37|71|37|71|0|218|497|493|497|493|0|218
5001800US0612|698283|5767|435255|9951|118131|7566|69088|5872|49043|5018|8356|2203|7523|2065|833|470|197|193|197|193|0|218|1818|919|1377|760|441|453|2353|1131|1603|696|750|826|3200|1015|2619|828|581|546|337|223|276|223|61|11|482|324|441|315|41|67|1928|760|1321|675|607|342|530|347|415|285|115|191|296|439|106|125|190|331|506|506|356|407|150|186|184|179|184|179|0|218|4119|1930|3101|1449|1018|634|1086|665|1057|659|29|49|3504|1246|3348|1170|156|259|460|291|460|291|0|218|401|407|182|213|219|260|640|499|538|424|102|170|1651|1814|1581|1809|70|115|3543|1807|3251|1724|292|296|767|412|767|412|0|218|1859|1373|1059|621|800|991|314|256|126|128|188|221|56015|6527|23853|3350|32162|4438|3681|1327|2787|1190|894|415|6026|1718|3340|1273|2686|951|131|218|0|218|131|218|10545|3330|5254|2471|5291|1530|2172|1219|763|541|1409|810|644|514|268|252|376|321|2546|1015|1158|605|1388|719|11215|2609|6853|1753|4362|1324|1364|799|1143|729|221|398|3184|1889|2231|1357|953|748|1100|653|969|534|131|214|5378|2681|3107|1676|2271|1975|1175|721|709|409|466|567|238|248|195|235|43|74|32|24|0|218|32|24|0|218|0|218|0|218|920|706|415|356|505|611
5001800US0614|695089|7280|338571|10765|111337|8989|61729|5845|49608|5645|2061|1266|1604|833|457|506|455|656|359|498|96|159|541|380|411|304|130|161|1550|563|979|468|571|346|1566|691|1333|604|233|202|152|189|152|189|0|218|253|215|163|153|90|106|3104|1465|1624|1088|1480|663|690|497|497|350|193|236|335|389|144|165|191|247|899|815|641|710|258|221|47|6|47|6|0|218|8651|3143|5468|2275|3183|1348|5880|2327|4099|1664|1781|952|27851|4503|25089|4203|2762|980|1927|1010|1701|958|226|314|12112|3788|7508|2637|4604|1621|2824|1051|2140|858|684|664|7314|2159|5722|1797|1592|754|1228|669|834|551|394|384|13747|3676|11343|3377|2404|1130|8537|2219|8074|2199|463|288|3755|2167|2312|1257|1443|1645|64559|6281|32402|3883|32157|4216|2023|1033|1394|766|629|396|5799|1714|2501|847|3298|1099|332|395|332|395|0|218|7738|2124|2504|892|5234|1717|760|637|471|423|289|231|1370|818|621|453|749|513|4320|2158|2715|1605|1605|901|40046|5825|26568|4734|13478|2805|5230|2108|3101|1537|2129|1102|3127|1790|2683|1652|444|427|381|455|303|349|78|130|275|352|225|341|50|86|2337|1902|1391|1161|946|874|596|436|456|349|140|165|0|218|0|218|0|218|192|324|129|217|63|107|617|461|356|472|261|421
5001800US0615|685105|10801|337735|10755|117735|7356|68427|4969|49308|5350|5878|2338|4722|1638|1156|973|9|3|9|3|0|218|3276|1386|2524|1023|752|590|5314|2259|2880|1568|2434|1538|1346|705|1122|643|224|215|587|377|587|377|0|218|1410|638|1228|587|182|182|5025|1498|3416|1088|1609|750|542|687|542|687|0|218|511|387|387|370|124|115|2347|2003|1534|1116|813|942|904|608|755|541|149|177|2567|1369|1397|995|1170|809|1188|836|917|586|271|281|8274|2626|7234|2402|1040|635|1312|1012|963|739|349|316|493|576|154|257|339|350|543|379|368|342|175|174|1887|997|1663|926|224|263|1054|522|790|440|264|274|345|269|345|269|0|218|617|459|390|317|227|278|178|192|120|162|58|103|107478|7940|48820|4669|58658|5652|3432|957|2484|829|948|542|5313|1488|3236|1114|2077|852|311|514|311|514|0|218|3706|1291|1591|698|2115|1034|1312|975|875|819|437|328|740|404|367|237|373|221|3723|1557|1733|837|1990|944|44998|5092|27868|3763|17130|2606|6812|1488|5441|1131|1371|776|3054|1335|2041|1095|1013|610|442|369|401|334|41|69|388|431|311|395|77|125|656|794|413|474|243|379|712|426|696|425|16|5|0|218|0|218|0|218|233|389|233|389|0|218|718|788|611|764|107|126
5001800US0616|697542|14135|392676|11933|92254|9683|54583|6327|37671|5414|4545|1559|4545|1559|0|218|143|173|143|173|0|218|2032|765|1727|663|305|361|5791|2053|4050|1477|1741|1170|3519|1144|3093|1035|426|346|1039|752|916|731|123|152|2154|1182|1757|1081|397|408|10791|2926|7314|2478|3477|1410|1073|840|796|544|277|369|1073|768|830|685|243|344|944|585|655|447|289|267|904|828|689|586|215|295|8471|2278|6715|1949|1756|874|1570|842|1248|743|322|302|10546|2027|9307|1871|1239|424|1874|905|1605|847|269|389|1838|1082|1022|630|816|626|1008|599|768|517|240|180|4497|1703|4222|1631|275|285|3078|1772|2765|1729|313|247|3875|1696|3168|1358|707|619|4163|1119|3399|970|764|446|3075|1281|2674|1183|401|310|65018|5370|39952|4154|25066|3321|6729|1765|4436|1503|2293|772|7678|2393|4583|1556|3095|1049|79|95|79|95|0|218|28496|5334|12017|2797|16479|3062|742|839|413|368|329|541|1305|625|740|431|565|294|3657|1910|2339|1185|1318|978|7924|2062|4905|1162|3019|1235|2588|2355|2360|2427|228|208|1850|952|1497|817|353|254|3632|1518|3609|1520|23|38|4452|2554|2768|1777|1684|1021|101|143|101|143|0|218|34|4|34|4|0|218|0|218|0|218|0|218|0|218|0|218|0|218|324|243|244|204|80|135
5001800US0617|702415|13624|264465|11629|74695|8544|49405|5630|25290|4126|4953|2948|4566|2891|387|270|101|7|101|7|0|218|900|607|841|613|59|90|3645|1211|2779|1071|866|518|2327|903|2176|902|151|250|189|308|189|308|0|218|1347|1467|1254|1377|93|164|7066|2014|3712|1203|3354|1437|223|302|223|302|0|218|659|421|512|331|147|175|805|465|438|267|367|258|119|203|64|109|55|95|6900|2467|4219|1797|2681|1353|6619|2685|5431|2529|1188|525|40220|5500|33916|4716|6304|1816|4925|2503|4265|2411|660|360|4821|2239|2207|881|2614|1923|4162|1518|3786|1400|376|345|11464|2945|9857|2664|1607|647|1692|1837|1362|1460|330|388|21061|4675|17589|4005|3472|1570|16142|3591|12979|3244|3163|931|14501|3599|12219|2927|2282|1260|112401|7284|63897|5574|48504|4231|3935|1248|1990|805|1945|977|13834|3160|8080|2251|5754|1480|881|1152|0|218|881|1152|32591|5177|11470|1998|21121|4316|673|599|449|483|224|271|967|847|601|796|366|298|2144|1431|905|750|1239|887|27423|4295|18967|3677|8456|1708|3646|1186|2511|898|1135|645|3674|2078|2572|1339|1102|1039|3030|1473|2631|1229|399|333|1416|933|1234|891|182|216|153|192|103|122|50|80|1169|1449|992|1190|177|273|0|218|0|218|0|218|96|155|96|155|0|218|381|294|266|201|115|135
5001800US0619|711648|12278|466727|10576|104742|8323|66918|5406|37824|4658|2608|960|2419|958|189|166|164|131|164|131|0|218|1843|600|1427|533|416|291|3187|1566|2446|1191|741|541|4745|1535|4452|1466|293|237|931|818|405|350|526|760|75|122|75|122|0|218|2327|889|1752|850|575|464|232|228|178|207|54|90|291|268|279|266|12|20|277|293|126|152|151|248|436|484|159|224|277|368|3969|1590|2016|770|1953|1296|2868|1113|2101|925|767|491|7466|2439|5786|2079|1680|899|335|306|335|306|0|218|4201|2112|3243|1992|958|426|1036|765|899|738|137|170|1946|906|1801|859|145|155|1016|697|877|562|139|177|3002|1354|2295|993|707|777|4934|2020|4443|1874|491|542|2360|1064|2102|955|258|197|22519|3507|14391|2789|8128|1624|1667|649|1130|542|537|319|4882|1664|2958|1392|1924|748|102|11|102|11|0|218|33438|4846|14075|2408|19363|3749|1265|1011|1033|963|232|209|1935|1131|940|927|995|709|1137|559|822|467|315|272|10383|2615|6744|1956|3639|1316|1849|1122|1150|648|699|536|5210|2603|4508|2534|702|515|721|509|566|443|155|185|3689|1742|2303|1427|1386|981|20|4|20|4|0|218|266|289|247|291|19|10|0|218|0|218|0|218|55|92|28|47|27|45|792|832|670|769|122|170
5001800US0626|719410|7577|419742|11213|220227|7975|131061|7483|89166|6948|2288|920|2103|901|185|210|225|349|225|349|0|218|1270|637|1078|566|192|197|877|891|743|683|134|223|3045|1083|2847|1063|198|200|1367|1155|1262|1153|105|170|294|338|165|194|129|208|1733|847|1208|567|525|426|162|93|162|93|0|218|290|340|290|340|0|218|1512|1276|1273|1238|239|288|1520|692|1294|697|226|222|10318|3317|6841|2846|3477|1485|2070|1158|1365|846|705|562|2495|1415|2336|1413|159|194|473|563|382|424|91|149|1977|1309|1711|1225|266|210|627|586|627|586|0|218|444|473|387|461|57|71|1085|817|772|562|313|317|853|516|812|483|41|70|1279|1042|1232|1033|47|78|764|787|666|660|98|161|6900|1541|3877|1164|3023|807|769|490|635|453|134|119|2710|1389|1609|1053|1101|580|0|218|0|218|0|218|3708|1177|1725|753|1983|673|3|8|3|8|0|218|796|666|88|113|708|670|453|486|453|486|0|218|14756|2262|10661|1760|4095|1548|1539|1041|833|545|706|697|4216|1971|3458|1770|758|496|1466|1034|1383|930|83|138|121|174|121|174|0|218|20|40|20|40|0|218|0|218|0|218|0|218|0|218|0|218|0|218|0|218|0|218|0|218|5016|2489|900|631|4116|2114
5001800US0627|696091|12124|392388|14599|221554|14542|146513|11178|75041|6518|1349|788|1228|696|121|206|197|283|197|283|0|218|1310|806|1117|618|193|305|1609|1089|1310|870|299|258|1264|776|1023|783|241|287|191|169|191|169|0|218|806|652|712|580|94|155|2898|1744|1745|980|1153|862|265|218|228|197|37|53|228|248|97|161|131|189|293|351|45|68|248|331|11549|2847|7400|2242|4149|1359|2773|1368|1428|956|1345|769|512|457|512|457|0|218|1343|831|1093|658|250|220|1309|1108|768|697|541|521|2392|1259|1771|968|621|446|1237|914|911|652|326|379|989|948|485|538|504|812|378|289|351|304|27|44|144|240|144|240|0|218|653|1057|444|717|209|339|191|246|69|114|122|144|4650|1939|2609|983|2041|1271|1004|654|582|541|422|361|8159|2681|4468|1548|3691|1872|0|218|0|218|0|218|2660|1188|1380|846|1280|631|771|645|0|218|771|645|1064|1048|0|218|1064|1048|204|246|101|103|103|151|17302|3189|13996|2969|3306|1037|1232|834|804|617|428|473|6630|2523|4991|1895|1639|926|1142|1672|1115|1672|27|44|434|389|356|319|78|98|1252|877|934|720|318|329|299|258|299|258|0|218|0|218|0|218|0|218|112|156|112|156|0|218|1354|1653|1055|1253|299|429
5001800US0628|689514|11225|339512|11385|114514|8811|79885|6929|34629|4038|2155|785|1809|666|346|288|538|876|253|409|285|468|1076|758|994|750|82|95|618|526|591|524|27|44|718|372|644|328|74|89|568|635|161|136|407|624|783|530|564|424|219|200|1111|535|811|488|300|186|412|331|252|214|160|185|359|402|336|395|23|39|444|393|289|328|155|123|7793|2545|5322|1790|2471|1248|1777|916|1548|864|229|175|640|495|491|331|149|198|2433|1451|2314|1428|119|132|806|546|774|548|32|52|837|1258|837|1258|0|218|1401|2198|1068|1655|333|544|1013|857|659|450|354|444|682|433|642|420|40|67|572|378|572|378|0|218|263|219|263|219|0|218|227|229|227|229|0|218|141747|8531|54974|4386|86773|6666|4969|1464|2373|904|2596|962|14357|3123|8338|2245|6019|1513|0|218|0|218|0|218|20011|3941|6018|1603|13993|3074|1799|1264|559|655|1240|721|1472|885|663|413|809|589|2524|1008|855|488|1669|678|12399|2752|8474|1983|3925|1358|2851|1000|1535|853|1316|533|4050|2266|3288|2095|762|534|453|441|453|441|0|218|0|218|0|218|0|218|558|495|502|485|56|97|129|114|129|114|0|218|0|218|0|218|0|218|0|218|0|218|0|218|943|596|664|377|279|293
5001800US0629|690961|19519|217209|10957|382725|17960|211603|11486|171122|9697|870|595|692|456|178|214|161|199|105|123|56|94|459|265|459|265|0|218|894|645|894|645|0|218|680|378|680|378|0|218|152|190|0|218|152|190|101|166|101|166|0|218|5906|1718|2279|1250|3627|1306|136|161|136|161|0|218|115|140|80|97|35|58|645|507|373|304|272|266|31495|4075|16714|3094|14781|2348|1746|905|944|601|802|445|325|389|93|143|232|262|719|417|509|308|210|160|491|398|170|148|321|333|558|565|473|528|85|99|3159|1889|1846|1047|1313|1161|933|930|575|735|358|582|673|380|507|353|166|139|116|198|116|198|0|218|0|218|0|218|0|218|87|136|0|218|87|136|2082|869|1292|558|790|458|979|436|473|283|506|263|3551|1509|1080|872|2471|1264|0|218|0|218|0|218|3173|1380|934|568|2239|1069|76|89|76|89|0|218|2822|878|889|462|1933|639|348|374|173|228|175|212|20787|3546|14217|2798|6570|1477|1543|661|1029|598|514|314|1791|1191|1063|869|728|438|1252|749|945|634|307|322|403|376|225|269|178|247|90|148|90|148|0|218|466|473|358|310|108|178|28|48|28|48|0|218|23|9|23|9|0|218|1192|748|1011|742|181|154
5001800US0630|701164|11987|369362|11042|124518|10304|73674|7498|50844|6112|6010|1832|5503|1699|507|323|47|57|47|57|0|218|2363|1000|1855|915|508|395|1796|1072|1367|775|429|370|2718|948|2718|948|0|218|408|306|328|224|80|133|931|640|836|585|95|115|14636|3367|5839|1683|8797|2790|615|521|379|337|236|224|598|410|506|423|92|159|897|490|689|452|208|210|96980|8707|50592|6156|46388|4977|4974|1854|2721|882|2253|1417|226|236|199|223|27|44|1252|748|855|587|397|343|568|506|437|415|131|216|0|218|0|218|0|218|566|412|359|296|207|244|297|283|297|283|0|218|2185|950|1610|814|575|463|545|491|379|420|166|270|275|314|105|136|170|283|42|69|42|69|0|218|7553|1726|5150|1405|2403|926|3311|1280|1581|826|1730|786|16473|3324|7377|2138|9096|1976|12|3|12|3|0|218|823|412|460|342|363|263|165|176|28|46|137|171|2498|1219|1384|868|1114|591|1222|733|482|318|740|540|23782|4483|13817|2877|9965|2796|1698|847|1453|777|245|178|4669|1644|2590|1092|2079|949|3961|2023|3219|1484|742|724|1104|757|969|688|135|163|470|376|420|344|50|83|167|276|167|276|0|218|37|64|37|64|0|218|0|218|0|218|0|218|410|311|61|103|349|294
5001800US0632|740606|19509|430069|14543|146352|12177|94171|8602|52181|6754|3944|1414|3770|1382|174|180|402|386|369|383|33|54|2024|802|1378|578|646|484|1439|571|1145|522|294|225|2111|1083|2053|1082|58|69|644|608|614|606|30|41|175|218|175|218|0|218|15623|4155|8635|2401|6988|2619|254|238|156|148|98|120|1903|2077|1817|2075|86|105|1570|805|930|554|640|486|16704|4332|11764|3463|4940|1846|34110|5384|18342|3280|15768|3304|309|296|309|296|0|218|2590|1362|2179|1116|411|344|1253|1001|756|575|497|534|2117|1908|1314|1368|803|622|1959|1372|1074|749|885|678|352|298|352|298|0|218|2377|1035|1433|602|944|710|896|846|896|846|0|218|1376|1041|1213|984|163|204|1388|1027|851|637|537|627|11850|2323|7640|1740|4210|1166|1309|744|719|455|590|560|8846|2126|3752|1068|5094|1511|49|84|49|84|0|218|8414|2640|3341|1333|5073|1930|603|787|112|198|491|597|2026|905|824|471|1202|600|1346|991|1320|988|26|44|15045|2529|10564|1968|4481|1210|1842|1154|933|685|909|774|6713|2279|4692|1827|2021|905|7130|1973|5546|1732|1584|743|1101|704|861|636|240|282|366|281|366|281|0|218|1073|724|705|520|368|326|0|218|0|218|0|218|276|343|175|227|101|121|676|518|397|321|279|270
5001800US0636|699963|14374|481962|12573|70857|6837|49082|5275|21775|3001|7638|2502|6146|1893|1492|1314|630|577|630|577|0|218|2987|1095|2701|1047|286|164|4021|1784|3168|1430|853|603|3767|1096|3589|1104|178|154|828|452|737|368|91|131|1022|693|777|623|245|321|5624|1888|3002|1062|2622|1318|939|612|939|612|0|218|1057|1126|493|426|564|745|2108|1194|1387|1032|721|540|2048|1449|1748|1368|300|317|16207|4037|9129|2384|7078|2403|1430|870|1152|636|278|309|4665|1928|3894|1699|771|551|1103|816|918|742|185|189|122|170|122|170|0|218|866|817|581|637|285|255|684|512|592|497|92|135|2692|1015|2341|1025|351|234|729|365|729|365|0|218|723|401|674|358|49|81|868|576|868|576|0|218|26403|3906|17471|2584|8932|2209|11987|3537|5789|2088|6198|1883|15390|2772|9584|1896|5806|1553|249|410|249|410|0|218|3824|1606|2360|1066|1464|836|173|132|66|109|107|75|1139|610|553|350|586|423|2955|1282|2421|1103|534|468|7707|2481|5026|1540|2681|1670|1129|776|746|659|383|424|5556|2128|5039|2011|517|420|4378|1957|3445|1522|933|666|1744|1823|693|560|1051|1347|432|506|432|506|0|218|40|80|40|80|0|218|0|218|0|218|0|218|125|208|125|208|0|218|1155|887|714|509|441|442
5001800US0640|703473|10676|446916|12781|109297|10053|74421|8043|34876|5236|3114|1345|2777|1355|337|270|0|218|0|218|0|218|924|587|724|526|200|281|873|557|691|504|182|182|4031|1750|3589|1580|442|381|731|421|632|389|99|164|627|431|369|283|258|267|566|474|327|281|239|297|1881|1420|793|620|1088|1288|47|77|47|77|0|218|914|781|637|623|277|336|1696|1039|1414|1031|282|273|19426|3867|13807|2814|5619|1820|6938|3590|5088|2372|1850|1335|5535|2308|3935|1710|1600|1307|2146|1263|1858|1224|288|248|527|399|427|332|100|166|533|481|298|246|235|332|1760|1106|1356|883|404|494|1585|1045|1352|986|233|228|1077|978|1077|978|0|218|1459|962|1236|991|223|362|684|664|684|664|0|218|30443|4707|17063|3279|13380|2583|5472|1907|2514|1036|2958|1243|14153|4181|6772|2575|7381|1960|0|218|0|218|0|218|11150|2516|5195|1526|5955|1604|297|216|100|126|197|180|1372|915|620|481|752|590|2086|1796|1490|1481|596|513|14811|2935|11517|2423|3294|1104|1224|583|843|462|381|246|5356|1998|4378|1932|978|531|660|528|486|442|174|289|2348|1451|1766|1228|582|823|154|259|154|259|0|218|313|486|313|486|0|218|0|218|0|218|0|218|0|218|0|218|0|218|347|275|234|201|113|138
5001800US0644|696133|14099|293191|12493|326084|13095|195971|10362|130113|7685|979|576|882|579|97|49|113|188|47|79|66|110|986|467|650|401|336|245|441|414|328|298|113|144|1108|935|1036|928|72|116|117|96|60|96|57|3|210|314|191|314|19|6|502|400|455|393|47|82|305|300|300|300|5|2|1110|774|530|371|580|490|137|164|0|218|137|164|364|358|195|247|169|119|229|192|216|191|13|1|142|226|1|3|141|226|2186|1422|1671|1238|515|447|273|334|210|297|63|107|178|155|132|81|46|75|945|1528|555|895|390|633|507|646|254|302|253|417|334|271|292|263|42|69|0|218|0|218|0|218|0|218|0|218|0|218|115|138|50|84|65|109|2501|1035|1163|615|1338|609|3690|1537|2258|1121|1432|742|5181|1740|1884|764|3297|1398|19|6|19|6|0|218|2203|908|979|445|1224|696|6492|2726|3442|1981|3050|1364|954|578|341|227|613|438|565|407|367|368|198|209|30180|3959|18613|2689|11567|2933|5975|2297|4302|1873|1673|827|3312|1742|2550|1620|762|504|169|198|169|198|0|218|882|836|830|821|52|86|2272|2149|1170|1028|1102|1287|934|1079|934|1079|0|218|0|218|0|218|0|218|0|218|0|218|0|218|248|252|153|208|95|112
5001800US0645|716883|10369|329971|10952|146936|9260|95058|6695|51878|4743|1318|837|1267|848|51|87|0|218|0|218|0|218|397|328|352|319|45|75|794|618|696|602|98|128|850|502|850|502|0|218|368|279|201|169|167|134|1279|1167|1229|1121|50|81|778|523|628|492|150|176|72|88|72|88|0|218|411|541|261|304|150|246|683|469|529|413|154|201|457|498|366|424|91|154|588|558|338|322|250|334|3329|1871|1971|1380|1358|1024|8173|3655|6541|2983|1632|1091|1452|921|864|499|588|551|462|558|405|533|57|91|545|486|235|207|310|301|2545|1352|1931|1134|614|517|1368|771|868|521|500|435|2412|1438|2122|1233|290|292|1065|955|1009|911|56|93|286|244|174|185|112|150|21308|3464|9355|1993|11953|2271|2607|855|1466|568|1141|510|38757|4489|16194|2741|22563|2936|308|381|211|277|97|113|111516|7859|45229|4152|66287|5841|2862|1505|1957|1204|905|537|3146|1693|1789|1131|1357|733|448|472|352|444|96|158|21073|3938|15046|3064|6027|2060|1916|792|1285|644|631|357|4920|1886|3710|1565|1210|943|180|235|134|221|46|76|800|669|453|458|347|349|179|214|123|148|56|95|193|292|193|292|0|218|0|218|0|218|0|218|103|168|0|218|103|168|28|5|28|5|0|218
5001800US0647|715992|5003|451737|11732|77610|7951|57408|6060|20202|3924|3567|1234|3007|1205|560|439|0|218|0|218|0|218|1337|655|1137|572|200|328|1753|899|1155|569|598|590|1784|792|1784|792|0|218|480|519|397|512|83|131|1046|920|998|890|48|81|3405|1404|2434|1114|971|640|351|269|299|243|52|85|1146|868|982|729|164|271|1480|925|1113|899|367|383|982|705|934|688|48|80|19735|4047|12901|3462|6834|2088|2501|1219|2271|1153|230|192|4872|1628|4555|1586|317|254|2927|1996|2417|1701|510|459|170|246|170|246|0|218|701|828|677|831|24|47|1342|704|1145|640|197|180|3996|1783|3033|1298|963|808|1716|870|1549|834|167|192|4965|3538|4774|3531|191|196|916|708|916|708|0|218|49614|5631|29495|3821|20119|3531|7810|1896|4595|1353|3215|1148|17941|4311|7843|2540|10098|2454|0|218|0|218|0|218|21750|4231|12640|3169|9110|2144|179|177|142|166|37|62|683|469|403|356|280|300|3273|1757|2131|1516|1142|596|7298|1958|5642|1580|1656|816|1322|1089|1205|1053|117|138|13656|4452|9424|3268|4232|2344|675|565|675|565|0|218|348|407|348|407|0|218|0|218|0|218|0|218|0|218|0|218|0|218|0|218|0|218|0|218|414|518|355|524|59|17|510|458|446|381|64|106
5001800US0650|712511|15325|493870|12798|98352|7883|68215|6112|30137|3678|7020|2794|5172|1884|1848|2033|341|573|341|573|0|218|2658|1151|2368|1082|290|241|4003|2334|3433|2103|570|431|3603|1026|2929|967|674|417|1293|585|944|468|349|383|487|553|416|489|71|115|5550|2012|3120|1209|2430|1349|835|619|576|355|259|303|492|463|492|463|0|218|1628|870|1342|719|286|297|166|169|122|133|44|72|5571|1790|3053|1089|2518|1124|1628|930|1597|937|31|53|5378|1677|4742|1520|636|378|2904|2778|2653|2670|251|305|15|2|15|2|0|218|1051|821|1051|821|0|218|1392|714|1271|650|121|147|2729|1291|2019|1149|710|404|1831|983|1741|956|90|105|2552|1147|2405|1064|147|188|2421|1949|2254|1915|167|239|24719|3449|13615|2598|11104|1959|3750|2157|2034|1464|1716|987|7645|1982|4551|1536|3094|1117|0|218|0|218|0|218|9349|3191|4838|2218|4511|1721|201|193|123|146|78|129|1940|1261|1569|1209|371|285|1250|858|792|644|458|495|6918|1955|4757|1342|2161|1013|866|673|786|659|80|130|3920|1612|3232|1271|688|521|2364|1386|2124|1366|240|327|516|463|418|443|98|128|100|168|100|168|0|218|530|571|173|150|357|553|0|218|0|218|0|218|179|291|179|291|0|218|494|471|405|431|89|104
5001800US0651|713802|14404|466384|14765|113972|9487|81071|8007|32901|4295|4046|1706|3076|1304|970|686|0|218|0|218|0|218|1442|743|1208|684|234|280|2766|1740|1719|912|1047|1362|1433|576|1433|576|0|218|766|566|766|566|0|218|453|371|453|371|0|218|3108|1257|1826|865|1282|678|222|188|222|188|0|218|76|127|76|127|0|218|1766|1175|841|636|925|880|490|740|366|600|124|161|6536|2473|3297|1897|3239|1372|1609|1157|1284|988|325|307|3162|1416|3001|1381|161|171|457|379|409|348|48|79|784|602|607|499|177|193|395|398|395|398|0|218|911|577|837|551|74|92|3295|1378|1484|787|1811|933|1544|877|1318|809|226|175|835|597|771|599|64|72|1190|1035|1147|1028|43|70|15214|2777|8526|1965|6688|1578|3519|1460|1994|974|1525|804|3656|1311|2097|847|1559|772|909|886|625|706|284|384|16776|3711|8188|1977|8588|2352|887|671|328|273|559|471|2779|1609|1138|803|1641|952|159|161|154|160|5|20|22890|4314|13028|2679|9862|3304|2776|1993|2291|1883|485|455|17164|4657|9171|3670|7993|2025|406|321|406|321|0|218|6888|2510|2977|1631|3911|1669|612|637|612|637|0|218|572|515|572|515|0|218|0|218|0|218|0|218|53|91|53|91|0|218|900|597|730|538|170|136
5001800US0806|678392|6374|516162|10514|95081|7043|51293|4805|43788|5184|4196|1516|2880|1135|1316|934|0|218|0|218|0|218|141|131|141|131|0|218|762|487|623|439|139|201|2424|1402|2253|1399|171|182|208|223|208|223|0|218|589|520|462|458|127|125|6116|2482|3721|2229|2395|902|1185|955|761|588|424|431|339|471|284|462|55|97|1358|729|1065|633|293|268|0|218|0|218|0|218|1890|1271|925|572|965|792|1137|1027|717|706|420|463|1880|921|1518|708|362|327|228|300|228|300|0|218|1468|1944|747|979|721|976|0|218|0|218|0|218|1827|1075|690|500|1137|755|2472|1273|1935|948|537|450|641|611|570|557|71|113|383|398|269|285|114|198|746|869|503|644|243|253|4522|1635|2555|1070|1967|1012|1234|695|1153|670|81|136|2378|1087|1353|679|1025|708|45|75|45|75|0|218|2319|1159|603|362|1716|970|251|279|76|128|175|195|1251|741|462|338|789|616|768|641|424|325|344|411|2896|1469|2043|1060|853|603|709|570|629|487|80|110|3773|2474|2290|1590|1483|1202|146|175|47|80|99|116|12969|3614|7125|2811|5844|2100|2088|1380|1506|1198|582|662|1478|1209|612|474|866|887|0|218|0|218|0|218|29|50|29|50|0|218|303|205|188|141|115|153
5001800US0901|682956|8718|513505|11108|88507|6264|52531|4891|35976|4860|5773|1496|5206|1426|567|348|2549|1426|1976|1447|573|660|4885|1606|4421|1463|464|355|4811|1164|2888|1027|1923|723|2081|1099|1976|1092|105|87|311|263|311|263|0|224|1026|592|570|374|456|414|1539|1003|717|390|822|677|7515|2152|4155|1405|3360|1409|3330|2072|1881|1294|1449|863|1140|855|922|662|218|315|283|475|283|475|0|224|819|653|614|563|205|208|1707|885|1208|662|499|418|2867|1059|2548|1010|319|221|1863|1534|1604|1210|259|365|776|1028|204|265|572|767|1448|959|1087|779|361|332|2663|1918|2097|1704|566|470|2247|1085|1403|704|844|656|1563|787|1384|735|179|221|4123|2374|3841|2354|282|200|815|687|480|454|335|466|4697|1918|2232|910|2465|1320|648|497|437|434|211|259|1245|725|781|582|464|433|0|224|0|224|0|224|3331|1694|2148|1358|1183|615|415|699|99|179|316|525|426|432|25|44|401|420|486|408|137|134|349|295|2018|1378|1201|667|817|797|207|226|95|133|112|186|2272|1675|2140|1663|132|113|203|228|161|219|42|70|420|441|371|395|49|88|5872|3188|5286|3008|586|510|582|566|468|446|114|184|0|224|0|224|0|224|163|266|163|266|0|224|1825|1321|1691|1316|134|143
5001800US0903|698214|8098|550348|9592|83033|6968|52441|4888|30592|4806|2209|725|1936|750|273|185|2654|2464|1895|1649|759|1019|5352|1562|3881|1374|1471|715|9342|3058|6361|2598|2981|1178|428|254|428|254|0|224|674|607|674|607|0|224|1818|2078|1454|1703|364|418|2220|947|1252|646|968|831|1916|779|1403|640|513|398|1028|763|818|637|210|280|1374|1257|1122|1016|252|338|51|85|51|85|0|224|711|744|270|285|441|691|731|636|516|467|215|254|266|251|266|251|0|224|1432|1043|912|786|520|512|62|105|62|105|0|224|706|609|493|367|213|280|1034|827|917|690|117|171|4275|2203|1615|663|2660|1998|704|702|704|702|0|224|76|127|76|127|0|224|316|271|96|131|220|208|8019|1581|4313|1016|3706|1098|405|265|382|263|23|39|3024|1156|1237|472|1787|1072|0|224|0|224|0|224|1125|718|421|377|704|591|0|224|0|224|0|224|1324|960|552|554|772|618|875|991|249|300|626|715|1468|874|959|637|509|412|555|659|376|636|179|175|3798|1793|1961|897|1837|1136|1398|1133|1311|1077|87|144|576|624|214|223|362|580|1805|895|1475|850|330|339|341|383|341|383|0|224|0|224|0|224|0|224|88|151|88|151|0|224|653|418|459|303|194|201
5001800US0904|673444|5785|465277|10148|113621|6961|61608|5108|52013|5021|4619|1457|3924|1296|695|405|9719|2989|8139|2777|1580|681|7846|2453|5250|1727|2596|1408|15924|5505|9699|3419|6225|2579|2227|803|1943|698|284|291|468|432|468|432|0|224|1665|789|1149|587|516|437|4170|1580|3089|1335|1081|521|3854|1468|2779|1282|1075|520|256|276|206|203|50|83|2391|1214|1290|849|1101|590|78|96|78|96|0|224|369|326|235|261|134|196|1005|709|692|632|313|230|2744|921|2547|868|197|226|967|1141|515|538|452|665|760|807|530|586|230|229|3891|2758|2033|1436|1858|1372|1834|914|1470|861|364|240|4050|1606|2864|1224|1186|882|736|595|689|570|47|83|406|423|330|308|76|130|465|363|465|363|0|224|8926|2227|4990|1375|3936|1347|484|355|300|229|184|235|1508|821|1039|639|469|348|49|64|49|64|0|224|1707|1447|632|695|1075|822|191|205|66|104|125|129|1666|1255|455|581|1211|784|644|596|289|294|355|357|1521|535|1087|446|434|297|552|587|364|446|188|159|2967|1650|1863|998|1104|1031|446|250|400|234|46|79|253|430|80|144|173|291|1331|1228|1278|1216|53|72|640|622|640|622|0|224|0|224|0|224|0|224|0|224|0|224|0|224|1217|848|867|790|350|247
5001800US1000|964338|409|834032|6058|68718|3828|41858|3547|26860|2902|4560|2346|3206|1452|1354|1097|2909|1734|1578|1496|1331|884|862|386|757|340|105|124|584|400|392|334|192|220|1689|677|1320|562|369|317|1286|778|657|376|629|659|669|401|591|380|78|98|1124|584|868|525|256|267|1256|739|879|574|377|337|0|203|0|203|0|203|953|693|757|483|196|331|0|203|0|203|0|203|177|177|125|152|52|87|3332|1996|2227|1638|1105|592|2669|1063|2583|1035|86|96|2391|1371|1532|1165|859|632|0|203|0|203|0|203|1851|814|1514|717|337|336|1550|840|1234|703|316|276|343|322|287|281|56|79|1749|1095|1393|848|356|358|1534|1050|1380|955|154|209|1691|897|1476|725|215|313|6768|1703|3874|1250|2894|1169|1334|1229|814|792|520|479|2322|1103|1285|699|1037|707|0|203|0|203|0|203|1221|828|736|636|485|329|91|107|91|107|0|203|300|287|107|159|193|233|2699|2203|1361|1105|1338|1190|1112|601|964|586|148|138|1086|1477|229|309|857|1176|2479|1216|1220|689|1259|849|211|186|160|165|51|84|354|371|264|268|90|161|4548|2462|3769|1935|779|690|2443|1100|2097|980|346|374|0|203|0|203|0|203|110|131|110|131|0|203|1331|787|1107|700|224|270
5001800US1205|759960|15735|623694|16228|60495|6445|34797|4497|25698|4921|1120|573|893|528|227|209|5312|4201|3668|3037|1644|1306|331|257|160|138|171|168|6625|3316|5260|2567|1365|987|1986|1035|1465|736|521|504|1123|1261|1123|1261|0|239|615|482|500|440|115|194|4882|2471|2813|2064|2069|1577|1018|1612|586|905|432|712|2684|1761|2115|1581|569|420|2226|1539|1763|1403|463|483|0|239|0|239|0|239|808|784|712|688|96|114|879|877|366|383|513|604|2737|1625|2737|1625|0|239|769|617|575|418|194|243|0|239|0|239|0|239|1663|1152|1379|1039|284|398|583|577|583|577|0|239|3661|2744|2419|2394|1242|797|2559|1475|2124|1289|435|402|1502|1772|870|816|632|1033|556|636|556|636|0|239|3993|1770|2377|1229|1616|995|198|252|198|252|0|239|1334|1216|358|297|976|1010|0|239|0|239|0|239|1390|890|369|451|1021|713|854|733|141|242|713|663|597|580|276|304|321|387|2146|1171|1073|831|1073|722|8619|2783|5704|1987|2915|1148|1703|1056|783|475|920|797|7762|2816|5090|2109|2672|1077|228|282|228|282|0|239|725|1086|202|323|523|908|796|619|724|649|72|121|583|507|180|227|403|449|0|239|0|239|0|239|1106|1647|355|550|751|1105|98|176|98|176|0|239
5001800US1213|735869|5863|621277|9592|54763|4595|26727|2646|28036|3808|3921|1452|2576|1070|1345|930|1778|1482|1490|1440|288|356|2102|730|1648|596|454|306|3834|2133|2589|1597|1245|751|3540|1093|3194|1046|346|264|1041|769|720|615|321|444|5241|2604|3193|1422|2048|1932|3598|1437|2232|1008|1366|694|3965|1628|1598|676|2367|1206|2377|1295|1627|814|750|671|886|504|420|371|466|318|72|118|72|118|0|239|1044|799|440|464|604|510|1097|1057|447|388|650|942|923|895|881|882|42|72|38|63|38|63|0|239|41|70|41|70|0|239|178|250|145|247|33|64|74|112|11|19|63|110|3130|1592|1561|907|1569|902|560|635|421|532|139|232|0|239|0|239|0|239|414|384|287|304|127|164|943|491|600|403|343|326|314|216|169|157|145|142|1193|997|875|935|318|260|102|175|0|239|102|175|5574|2597|1998|1183|3576|2352|1049|778|398|348|651|483|1113|816|485|356|628|554|73|89|73|89|0|239|2493|1020|1703|631|790|556|484|358|186|239|298|317|4839|2209|2659|1404|2180|1508|51|84|0|239|51|84|88|146|88|146|0|239|194|317|194|317|0|239|0|239|0|239|0|239|0|239|0|239|0|239|193|306|193|306|0|239|1272|803|980|676|292|286
5001800US1215|778053|19596|556929|16156|164994|11370|98318|7509|66676|7209|1848|756|1555|666|293|292|4344|1972|3014|1426|1330|908|1124|752|905|644|219|264|1765|1001|752|610|1013|699|1306|679|1125|643|181|135|64|104|64|104|0|239|1564|1478|1512|1477|52|85|1024|640|940|627|84|86|633|424|263|254|370|257|520|604|307|317|213|348|721|608|347|315|374|385|0|239|0|239|0|239|909|651|909|651|0|239|2523|1163|1911|930|612|404|4233|2333|3290|1571|943|931|286|378|286|378|0|239|766|888|467|462|299|464|871|817|543|454|328|416|609|528|438|378|171|202|1361|1031|1061|926|300|413|5203|2444|4517|2238|686|673|1572|949|1572|949|0|239|1237|684|872|690|365|366|1886|921|1214|686|672|447|280|334|0|239|280|334|529|418|297|321|232|216|97|156|97|156|0|239|1389|864|581|341|808|745|45|73|0|239|45|73|174|184|0|239|174|184|284|315|284|315|0|239|4147|2146|3394|1589|753|775|141|175|141|175|0|239|8855|3548|5467|2442|3388|2236|365|278|281|237|84|137|0|239|0|239|0|239|1026|776|1026|776|0|239|0|239|0|239|0|239|0|239|0|239|0|239|162|271|162|271|0|239|2267|1665|1789|1621|478|343
5001800US1304|732741|12057|594194|14663|54639|3747|28699|3467|25940|3779|7829|3040|5090|2226|2739|1732|1749|1625|1598|1602|151|183|602|364|571|363|31|10|1049|624|839|691|210|344|1402|808|1276|760|126|219|651|509|651|509|0|228|556|624|477|611|79|96|649|440|437|384|212|218|111|141|111|141|0|228|307|296|206|180|101|121|128|157|87|102|41|68|0|228|0|228|0|228|746|353|539|307|207|187|2592|1389|2186|1304|406|341|4368|2410|3104|1826|1264|982|2160|1437|1229|1052|931|934|418|500|165|234|253|298|1929|1185|996|604|933|674|1761|1386|1682|1361|79|133|1765|1351|803|747|962|875|1549|1218|1369|1097|180|233|721|623|454|391|267|449|768|607|581|507|187|220|5988|1696|4229|1257|1759|710|1297|663|656|495|641|423|1662|1075|1211|748|451|492|0|228|0|228|0|228|4351|1916|2093|958|2258|1133|152|241|0|228|152|241|509|524|266|379|243|336|2692|1647|1099|899|1593|1107|1584|1345|649|601|935|1045|0|228|0|228|0|228|3407|2596|1819|1331|1588|1559|885|720|885|720|0|228|18847|5421|13218|4547|5629|2043|3892|1601|2980|1212|912|928|2155|1522|1785|1436|370|441|0|228|0|228|0|228|48|70|48|70|0|228|2629|2088|2483|2011|146|179
5001800US1306|748924|11147|589339|12020|52584|6725|36642|4620|15942|3730|3253|1189|2528|1062|725|491|2860|2054|2124|1654|736|878|937|628|929|629|8|3|4090|1773|2883|1500|1207|642|2293|705|1997|652|296|234|1232|857|1140|838|92|157|510|407|329|241|181|233|4447|2093|3453|1781|994|618|631|458|452|364|179|302|2295|1604|2010|1565|285|275|477|414|367|275|110|182|0|228|0|228|0|228|2815|1402|1421|865|1394|1061|4968|1743|3168|1252|1800|1027|7952|2144|7507|2051|445|350|2547|1354|2062|1163|485|353|1367|810|1234|772|133|167|1350|1091|1046|766|304|392|1718|1024|1268|829|450|375|1258|881|944|603|314|404|16099|3506|13694|3181|2405|1132|6741|2492|6152|2375|589|429|2603|1230|2403|1190|200|199|10975|2851|6780|2073|4195|1197|867|554|521|409|346|316|6433|2030|3248|1390|3185|1034|0|228|0|228|0|228|3601|1674|1667|905|1934|982|29|50|29|50|0|228|771|497|304|261|467|335|462|389|350|295|112|139|1722|818|1296|653|426|325|488|523|440|515|48|82|1847|1096|1482|870|365|376|1295|974|1267|972|28|47|203|369|203|369|0|228|2057|1762|1612|1182|445|646|1733|1687|1399|1330|334|420|0|228|0|228|0|228|746|710|638|646|108|168|1329|1084|693|561|636|931
5001800US1307|731211|13065|457931|12174|138762|7286|71306|5734|67456|6276|5931|3191|4736|2606|1195|900|5734|2063|4683|1685|1051|694|334|290|334|290|0|228|672|432|512|397|160|167|1123|616|1005|573|118|153|38|65|38|65|0|228|95|115|95|115|0|228|2904|1705|2313|1460|591|392|515|497|288|359|227|338|3352|1652|2181|1136|1171|836|1976|1124|1047|835|929|621|0|228|0|228|0|228|1725|1080|1251|961|474|366|4157|1872|2833|1457|1324|658|6634|2732|4726|2181|1908|963|3040|1647|2487|1301|553|407|586|939|131|220|455|726|3150|1249|2000|971|1150|513|1609|846|982|608|627|410|2116|1193|1285|919|831|635|2152|1164|1774|971|378|574|1489|953|1004|695|485|564|3188|1554|2493|1370|695|433|20966|4260|8176|2102|12790|3357|932|705|370|503|562|477|16406|3502|9233|2426|7173|1822|0|228|0|228|0|228|15365|3184|4919|1221|10446|2671|1064|1402|484|711|580|701|315|272|246|261|69|84|2853|1793|1613|1154|1240|764|1385|680|1131|613|254|198|1753|1494|955|769|798|816|4533|3168|2934|1873|1599|1413|228|224|228|224|0|228|5265|2065|4338|1896|927|513|9426|3129|8073|2926|1353|894|374|404|374|404|0|228|0|228|0|228|0|228|0|228|0|228|0|228|1133|672|837|487|296|492
5001800US1705|690903|19511|498170|15911|58431|9047|38003|6389|20428|5264|4738|1900|4231|1830|507|394|258|306|53|88|205|238|5063|1990|3957|1650|1106|978|646|505|360|262|286|468|2244|855|1817|733|427|395|162|225|162|225|0|206|6653|2126|4088|1342|2565|1221|4197|1601|2569|1276|1628|947|26380|4509|13908|2941|12472|2343|5167|1957|2394|1003|2773|1464|6245|2448|2699|1110|3546|2067|408|207|304|228|104|177|722|475|495|417|227|251|3156|1899|2384|1529|772|511|6131|2382|4627|1939|1504|933|2868|1636|1937|1165|931|952|378|437|378|437|0|206|387|372|356|353|31|50|868|686|737|504|131|221|6832|2851|4402|1484|2430|1939|3390|1834|2730|1598|660|840|2181|1648|2152|1643|29|48|1782|851|1288|594|494|414|7989|2537|4703|1454|3286|1861|1968|679|1093|527|875|462|4776|1614|2345|909|2431|987|0|206|0|206|0|206|3627|1609|1959|937|1668|842|84|139|44|74|40|66|954|495|602|384|352|276|2597|1510|1379|958|1218|907|9554|2853|6505|2020|3049|1537|477|399|220|212|257|264|7540|3179|5700|2611|1840|968|385|334|385|334|0|206|1688|1043|743|454|945|896|280|490|280|490|0|206|431|464|233|336|198|318|0|206|0|206|0|206|0|206|0|206|0|206|1096|1016|766|995|330|285
5001800US1708|712780|10683|415294|11665|135824|10522|85470|7334|50354|5705|642|475|417|314|225|228|0|206|0|206|0|206|3592|1596|2845|1490|747|562|1505|1282|1016|1093|489|630|1091|486|1053|481|38|63|49|2|49|2|0|206|2959|1255|1830|890|1129|679|1714|1058|735|780|979|685|34587|4965|21434|3775|13153|2153|4603|1729|2570|1187|2033|933|9685|3291|5337|2229|4348|1732|132|163|132|163|0|206|389|377|265|317|124|208|16969|3494|9432|2514|7537|1975|6217|2289|4823|1846|1394|888|10595|3605|8068|2784|2527|1044|453|543|231|346|222|361|83|144|83|144|0|206|2943|1498|2495|1335|448|515|6943|2418|4465|1893|2478|1147|2964|1624|2289|1242|675|870|2913|2157|2857|2148|56|92|1144|820|609|449|535|482|6167|2161|3703|1818|2464|901|2362|944|1207|495|1155|613|4897|2043|2231|1289|2666|1110|0|206|0|206|0|206|2107|1454|890|828|1217|828|298|294|134|223|164|190|2286|1107|782|477|1504|880|3547|1826|1275|829|2272|1590|14926|3042|10097|2764|4829|1110|1619|1852|1448|1850|171|197|6581|3429|5189|2965|1392|759|214|353|214|353|0|206|1807|1254|1287|867|520|508|1492|1857|1356|1844|136|230|474|570|474|570|0|206|0|206|0|206|0|206|63|105|63|105|0|206|650|607|534|490|116|192
5001800US1709|698440|15985|447666|12887|66656|9212|41094|5982|25562|5715|5148|2171|3714|1791|1434|779|976|1031|524|754|452|712|2562|1251|1600|745|962|933|1490|1126|863|893|627|545|1902|691|1422|622|480|347|1212|1667|285|245|927|1520|4798|2128|3765|1788|1033|873|9422|2139|4249|1499|5173|1161|17027|4208|11084|3834|5943|1509|8858|2691|6366|2244|2492|976|7718|2754|4445|1656|3273|1752|678|783|475|611|203|237|2194|1493|1389|865|805|695|5614|1956|3924|1424|1690|803|5982|2284|4758|1843|1224|758|15963|4452|10961|3134|5002|1924|355|357|223|221|132|220|2729|2195|1295|873|1434|1424|3133|2811|1044|764|2089|2725|6789|2720|3869|1916|2920|1469|1155|805|891|661|264|443|837|617|670|484|167|195|5935|3147|4451|2528|1484|784|9114|1839|4481|1274|4633|1299|1840|1053|1385|940|455|336|8730|2202|2603|855|6127|1671|14|30|14|30|0|206|4492|1916|1625|883|2867|1473|1250|1271|393|331|857|957|1356|975|941|591|415|425|2666|1383|1505|1068|1161|667|12095|2746|8704|2260|3391|1315|624|373|548|355|76|90|8487|3105|6281|2406|2206|1175|2796|1346|2157|1036|639|597|11390|3533|6301|2514|5089|1753|5233|2306|3906|2078|1327|817|737|626|202|176|535|545|0|206|0|206|0|206|0|206|0|206|0|206|817|604|545|384|272|274
5001800US1710|704757|7319|483588|10974|129435|7723|75774|6369|53661|5220|1651|785|1554|756|97|137|855|1033|196|224|659|970|1143|542|1099|539|44|73|510|479|419|416|91|154|2347|1188|1929|893|418|412|145|240|145|240|0|206|1716|704|1253|671|463|315|12550|3139|7452|2427|5098|1595|9352|2262|5820|1345|3532|1640|1475|1163|1460|1161|15|27|3067|1833|886|410|2181|1727|23|39|23|39|0|206|1091|776|771|673|320|407|5263|2545|3510|1752|1753|1150|4254|1964|3639|1711|615|496|2141|1121|2021|1062|120|204|924|732|924|732|0|206|1490|1426|1260|1218|230|305|2200|1536|2151|1530|49|87|2535|1136|1964|1038|571|404|3575|1654|2926|1511|649|534|2390|1200|1811|927|579|490|2995|1930|2691|1871|304|363|7580|2279|4383|1635|3197|1077|2016|1228|1330|932|686|386|4947|1800|2667|1357|2280|943|0|206|0|206|0|206|624|407|624|407|0|206|274|325|0|206|274|325|145|239|0|206|145|239|455|516|320|356|135|177|6599|1918|5126|1620|1473|694|934|601|371|442|563|577|1523|874|897|489|626|630|486|344|486|344|0|206|574|571|237|275|337|538|231|370|231|370|0|206|935|942|318|279|617|675|0|206|0|206|0|206|0|206|0|206|0|206|719|414|384|282|335|276
5001800US1711|723882|12212|542619|10539|96321|8345|62391|6088|33930|4091|843|455|697|371|146|181|0|206|0|206|0|206|2378|1085|1672|850|706|792|559|578|190|251|369|489|1251|546|1251|546|0|206|292|264|292|264|0|206|972|581|711|375|261|371|2162|1243|1472|926|690|514|7758|2414|5639|1868|2119|866|374|238|374|238|0|206|2898|1468|2071|981|827|674|112|178|112|178|0|206|331|311|213|207|118|141|4725|1758|3522|1332|1203|647|4267|1967|3933|1933|334|236|6454|2309|4340|1597|2114|1118|2043|1716|1576|1301|467|463|419|641|220|322|199|323|2061|1385|1998|1386|63|104|7002|2868|2861|1283|4141|2435|3273|1314|2969|1130|304|356|1817|995|1563|904|254|235|2328|1295|1474|1021|854|802|8869|2259|5177|1460|3692|1283|748|549|174|170|574|494|1335|1087|869|637|466|498|0|206|0|206|0|206|1443|946|575|484|868|617|0|206|0|206|0|206|390|369|296|269|94|157|735|573|594|487|141|139|8956|2342|8086|2260|870|543|1848|1452|1704|1274|144|230|4675|2781|4143|2655|532|360|408|461|408|461|0|206|0|206|0|206|0|206|713|397|613|359|100|133|253|398|149|221|104|179|0|206|0|206|0|206|130|168|130|168|0|206|120|197|94|155|26|41
5001800US2402|733666|11893|639763|12131|21393|3229|13281|2360|8112|2344|3696|1757|1554|697|2142|1609|204|234|135|214|69|118|928|503|642|371|286|285|1640|1027|1302|950|338|377|1525|574|1179|529|346|342|540|458|479|452|61|105|1228|596|1047|519|181|168|6882|2319|3072|1422|3810|1546|674|497|546|412|128|126|161|263|75|123|86|141|1171|1092|155|135|1016|1078|0|224|0|224|0|224|1997|1209|966|627|1031|759|1483|1133|1132|1095|351|347|2767|1594|1724|1067|1043|794|2457|1331|1430|788|1027|720|660|632|477|464|183|214|642|498|486|445|156|160|5029|2082|3061|1273|1968|1314|766|510|681|488|85|116|1060|662|984|631|76|92|1522|1244|950|807|572|920|51|98|51|98|0|224|6376|2131|3695|1502|2681|1030|574|477|490|420|84|136|2309|890|1138|484|1171|561|0|224|0|224|0|224|989|689|361|306|628|596|181|291|0|224|181|291|582|707|62|74|520|704|815|631|461|446|354|306|3905|1117|3159|1000|746|414|492|361|331|311|161|200|1679|1164|1148|820|531|459|1041|847|729|594|312|336|1312|1435|1312|1435|0|224|7245|3764|5283|2464|1962|1742|7103|4393|5377|3448|1726|1696|0|224|0|224|0|224|0|224|0|224|0|224|824|549|747|534|77|100
5001800US2403|734320|10503|591933|11218|43389|3734|27416|2828|15973|2731|4058|1550|3102|1280|956|620|2163|1872|1997|1835|166|219|1113|561|832|545|281|360|1360|1074|1181|1034|179|172|2968|1311|2121|1046|847|620|261|155|261|155|0|224|631|479|515|351|116|197|2631|1138|2221|984|410|364|553|444|553|444|0|224|67|114|67|114|0|224|1127|913|582|444|545|795|0|224|0|224|0|224|577|341|426|287|151|186|1544|1287|1114|1216|430|452|4225|1814|3419|1560|806|501|4463|1930|3776|1670|687|477|1534|1141|1027|703|507|591|2728|1598|1562|849|1166|887|2194|1044|1421|757|773|631|740|408|583|377|157|166|3107|1388|2921|1311|186|231|1422|996|1334|949|88|108|1969|1357|1714|1305|255|275|13484|2441|8215|1819|5269|1470|1892|1347|1083|855|809|795|11967|2505|5379|1576|6588|1779|0|224|0|224|0|224|2773|1153|1380|619|1393|739|0|224|0|224|0|224|853|692|617|581|236|230|1142|806|942|772|200|143|5984|2735|4674|1996|1310|963|246|284|246|284|0|224|4860|2308|4092|2179|768|634|222|288|222|288|0|224|2863|1473|1925|1018|938|708|8862|2765|8042|2615|820|520|411|523|340|493|71|125|0|224|0|224|0|224|76|91|34|54|42|71|1928|1211|1612|1053|316|353
5001800US2406|747391|11007|571491|10541|84087|7706|47843|5479|36244|5588|6414|1993|4649|1641|1765|733|135|157|135|157|0|224|483|269|483|269|0|224|1425|770|1104|687|321|230|2305|964|2160|874|145|233|2123|1327|2123|1327|0|224|606|505|324|243|282|307|2791|1383|2036|1130|755|455|601|527|601|527|0|224|384|547|0|224|384|547|619|441|564|406|55|93|363|371|241|234|122|155|2451|1354|1436|970|1015|820|1203|882|669|456|534|648|3051|1037|2716|906|335|306|1625|948|1323|858|302|331|905|513|627|461|278|224|1201|944|554|396|647|636|6481|3185|3841|1727|2640|2041|2523|2021|2037|1924|486|376|4328|2488|2340|1229|1988|1465|2410|1708|1756|1330|654|638|1651|941|1522|868|129|174|15113|3478|6458|1722|8655|2257|606|726|171|218|435|698|4252|1596|2640|1253|1612|704|0|224|0|224|0|224|2556|1129|967|538|1589|830|445|645|363|511|82|137|959|577|329|263|630|504|2073|1364|832|569|1241|880|4445|1546|3364|1293|1081|521|358|372|220|221|138|164|1885|1169|1660|1027|225|234|450|444|450|444|0|224|1609|1454|465|429|1144|1216|6562|2687|5723|2257|839|692|2188|1203|1846|1024|342|294|0|224|0|224|0|224|88|158|0|224|88|158|2146|1591|1861|1479|285|333
5001800US2408|714234|11894|414022|11922|112432|7118|62796|5681|49636|4684|14026|3430|11390|3084|2636|1154|2220|2047|2043|1901|177|281|2130|933|1158|510|972|672|8512|3506|4854|1800|3658|2116|3291|1426|2774|1170|517|470|571|352|482|320|89|150|2189|1118|1819|890|370|396|7482|2395|5028|1939|2454|972|789|494|678|479|111|133|396|303|256|226|140|171|4481|1943|3690|1846|791|554|954|836|657|601|297|288|9645|2463|6484|1720|3161|1345|909|764|743|556|166|236|4710|1493|4369|1472|341|259|2280|1221|1913|1104|367|290|558|435|558|435|0|224|4354|2291|2882|1434|1472|1242|2537|1215|2225|1111|312|513|3250|1443|2366|1065|884|1215|2895|2644|2736|2626|159|197|908|705|806|600|102|170|1792|744|1596|662|196|194|28383|4179|16249|2419|12134|2434|2221|1884|1412|1404|809|591|10515|2325|5452|1394|5063|1457|0|224|0|224|0|224|6309|2307|2774|1378|3535|1328|239|253|89|111|150|226|1806|1300|882|621|924|747|2978|1106|2530|1013|448|435|6326|2398|5137|2202|1189|569|2297|1850|836|526|1461|1809|2710|1316|1727|716|983|939|1133|622|1133|622|0|224|32124|7487|22653|6111|9471|2573|5447|2155|4521|1860|926|465|2799|2276|2235|1776|564|554|0|224|0|224|0|224|224|258|224|258|0|224|1390|992|1350|985|40|64
5001800US2502|745147|11009|581111|13239|63755|5317|38959|4314|24796|3384|4226|1218|3377|1117|849|509|2068|1144|1076|606|992|810|1434|915|884|379|550|673|14661|3471|7519|2011|7142|2574|2532|872|2366|844|166|152|145|154|145|154|0|222|1921|1212|1626|1114|295|226|2632|1120|1284|721|1348|559|2675|1186|1476|618|1199|802|412|450|412|450|0|222|111|93|9|17|102|88|122|158|122|158|0|222|1036|508|614|342|422|260|2229|1171|1632|862|597|501|4870|1709|4628|1621|242|212|1029|903|855|840|174|222|191|252|191|252|0|222|562|358|462|335|100|121|3411|1876|2831|1860|580|481|7345|2486|3993|1742|3352|1678|2650|1667|2126|1299|524|532|2998|1743|2858|1723|140|161|2489|1436|2112|1261|377|295|8285|1886|3888|1159|4397|1361|913|780|583|566|330|273|1997|1077|717|434|1280|740|0|222|0|222|0|222|6693|2064|3598|1472|3095|1132|1208|1191|935|1143|273|269|756|503|356|306|400|404|914|561|783|526|131|140|497|354|497|354|0|222|111|102|111|102|0|222|4786|2300|2513|1593|2273|1312|463|485|463|485|0|222|172|173|172|173|0|222|6443|2103|4386|1878|2057|1106|4214|1906|3873|1908|341|425|0|222|0|222|0|222|148|213|148|213|0|222|932|888|786|844|146|201
5001800US2503|737302|9360|504611|11783|129045|6946|63239|5816|65806|6143|4944|1369|4294|1224|650|414|3221|1817|2392|1213|829|740|2348|1026|1990|1050|358|242|20942|4773|9838|2372|11104|3232|1180|553|1040|472|140|175|18|2|9|2|9|1|2468|1367|1790|1196|678|610|1835|1210|1661|1231|174|184|2048|1407|1426|1091|622|596|227|272|227|272|0|222|847|587|442|420|405|361|352|318|221|207|131|161|157|266|0|222|157|266|1366|687|1184|649|182|176|4530|2281|3560|2130|970|850|367|573|367|573|0|222|714|976|438|629|276|372|563|452|347|287|216|260|2784|1687|2562|1575|222|285|1875|1535|1500|1131|375|476|2248|1179|1730|1138|518|510|1573|1049|1367|945|206|225|1149|735|1100|695|49|85|5965|1986|4102|1717|1863|775|751|631|567|472|184|192|754|535|186|242|568|473|471|574|111|139|360|553|4594|1921|1839|865|2755|1229|17586|3691|8911|2523|8675|1906|4460|2346|2345|1664|2115|1072|53|89|53|89|0|222|353|330|278|260|75|126|41|69|41|69|0|222|4117|1984|2985|1405|1132|742|381|309|175|156|206|272|26|59|0|222|26|59|1952|1132|1197|644|755|606|3478|1885|2862|1748|616|488|41|74|0|222|41|74|0|222|0|222|0|222|867|617|796|606|71|117
5001800US2504|741718|9769|595748|12832|27772|3744|17237|2719|10535|2705|4782|1645|3308|1035|1474|1111|5000|2314|2544|1279|2456|1240|2163|739|1938|694|225|224|37595|4918|21830|3628|15765|2724|1436|793|1217|658|219|358|577|467|521|456|56|93|2024|1230|1104|648|920|905|8941|2374|6685|2327|2256|706|739|556|573|512|166|203|586|767|550|752|36|59|1741|1112|1145|708|596|492|58|75|45|75|13|4|1291|1126|476|553|815|921|780|575|493|455|287|332|2971|997|2664|900|307|240|882|1027|702|809|180|233|213|358|213|358|0|222|2169|971|1666|873|503|461|2140|1172|1906|1027|234|376|3611|2174|3145|1883|466|492|595|488|538|454|57|96|809|502|809|502|0|222|541|490|541|490|0|222|12437|2297|7928|1545|4509|1349|1460|875|951|559|509|414|4012|1577|2148|1011|1864|905|8|14|8|14|0|222|1964|1567|1059|691|905|971|1289|834|976|687|313|294|734|620|527|394|207|268|458|355|354|311|104|168|172|185|128|167|44|72|442|391|274|225|168|188|3203|1512|2584|1575|619|464|5301|2258|3999|1910|1302|1096|401|624|127|175|274|461|1451|1133|1376|1093|75|133|1479|813|1099|614|380|401|0|222|0|222|0|222|278|436|278|436|0|222|1465|1948|939|1499|526|578
5001800US2505|741927|7656|495007|11045|65929|5975|37919|4352|28010|4324|6310|1762|5203|1479|1107|572|8585|2869|5124|1821|3461|1632|6321|2065|4213|1649|2108|944|29535|5824|13868|3456|15667|3659|1797|871|1710|873|87|70|554|304|503|304|51|4|3315|1081|2926|1004|389|300|5891|1924|4061|1497|1830|852|1409|958|1040|671|369|474|3568|2374|1764|990|1804|1869|1957|1006|1534|922|423|299|4870|2686|3139|1729|1731|1540|2066|1010|1479|740|587|480|3731|1875|2708|1501|1023|798|6688|2207|5950|1975|738|609|1519|975|1133|757|386|366|3842|3251|2679|2340|1163|1187|1533|674|1130|614|403|333|3033|1063|2350|923|683|516|6226|2609|4125|1927|2101|1036|2744|1663|2510|1576|234|245|1751|990|1538|847|213|205|1473|761|1431|721|42|70|40959|5249|22622|3462|18337|3417|1822|796|1171|608|651|518|4410|1612|2548|1084|1862|1090|25|54|25|54|0|222|4145|1665|1693|1136|2452|1264|770|721|271|449|499|577|475|416|243|313|232|281|3028|1193|2659|1102|369|261|1720|902|1394|659|326|363|0|222|0|222|0|222|7201|2930|4354|1907|2847|1552|3757|1554|3585|1542|172|200|1364|921|732|510|632|474|1198|1122|1162|1121|36|72|1028|731|783|707|245|184|0|222|0|222|0|222|127|159|127|159|0|222|244|222|244|222|0|222
5001800US2506|730781|5034|584407|10330|60132|6530|29508|4371|30624|3946|3710|1099|2989|1038|721|447|5202|2070|3353|1657|1849|774|5192|1621|4256|1304|936|547|20783|4906|11253|3296|9530|2769|1616|668|1275|580|341|278|152|225|152|225|0|222|3980|1547|3086|1300|894|590|3281|1224|1605|657|1676|951|1040|600|987|587|53|88|195|255|195|255|0|222|546|387|297|283|249|250|460|424|460|424|0|222|976|805|390|371|586|721|1497|1014|914|695|583|487|1100|583|1100|583|0|222|1341|775|1133|740|208|238|750|650|571|559|179|164|292|358|292|358|0|222|2037|1394|1025|706|1012|823|2737|1458|1957|996|780|523|854|681|854|681|0|222|1272|895|936|559|336|533|465|443|247|230|218|219|4850|1586|3156|1185|1694|653|801|568|481|441|320|265|3078|1732|1612|863|1466|981|0|222|0|222|0|222|1683|1131|927|700|756|587|4984|2104|1658|894|3326|1774|1051|984|647|627|404|534|744|383|444|220|300|266|376|273|221|188|155|153|456|421|456|421|0|222|4362|2888|2171|1169|2191|2463|561|457|504|447|57|96|0|222|0|222|0|222|1434|965|1203|907|231|274|2303|1381|1244|964|1059|1061|0|222|0|222|0|222|0|222|0|222|0|222|81|99|0|222|81|99
5001800US2507|717654|8181|422631|12150|131742|6999|66639|4669|65103|5353|6290|1610|5293|1408|997|577|25448|5069|12687|2891|12761|3323|1755|746|1118|583|637|402|26838|4773|15375|3304|11463|2898|1805|644|1805|644|0|222|591|349|551|322|40|66|1012|548|577|288|435|449|3946|875|2109|701|1837|764|630|419|466|347|164|241|820|750|589|562|231|397|1986|990|1833|932|153|256|201|197|201|197|0|222|1031|696|803|603|228|348|2382|1561|1897|1109|485|543|3852|1076|2961|947|891|540|1281|857|620|398|661|825|0|222|0|222|0|222|1225|496|1023|476|202|252|2001|855|1325|540|676|660|3262|1963|2638|1663|624|527|727|389|643|363|84|101|1405|464|1405|464|0|222|378|292|378|292|0|222|25182|3165|13734|2450|11448|1837|2103|963|1373|829|730|399|4697|1505|3868|1283|829|518|0|222|0|222|0|222|12147|3319|4084|1389|8063|2626|895|717|192|204|703|690|329|271|194|243|135|135|2049|937|1611|843|438|396|970|577|832|505|138|235|1141|688|1077|670|64|111|9377|3550|5503|2044|3874|1769|1317|715|1102|596|215|253|7029|2332|3628|1861|3401|1522|1972|1185|1487|976|485|462|3213|2201|2818|2174|395|286|0|222|0|222|0|222|0|222|0|222|0|222|1994|1244|1218|816|776|971
5001800US2508|735980|9213|547713|11758|37637|4302|24636|3540|13001|2476|4598|1659|3657|1359|941|472|24380|4720|13534|2697|10846|3318|4301|1475|3033|1221|1268|722|30216|6166|15198|3623|15018|3879|1798|748|1740|738|58|97|225|298|225|298|0|222|3312|1206|2001|735|1311|695|2290|705|1085|574|1205|517|745|383|474|309|271|188|0|222|0|222|0|222|795|581|568|450|227|207|120|194|120|194|0|222|1352|781|1192|748|160|226|419|305|382|300|37|66|1602|725|1442|577|160|250|452|621|335|439|117|191|110|137|0|222|110|137|1355|1149|800|732|555|542|1410|958|728|526|682|695|5187|1934|3386|1009|1801|1172|3358|2463|1892|1013|1466|2084|815|906|717|841|98|160|56|97|56|97|0|222|31710|3649|13687|1977|18023|3177|1319|996|843|759|476|347|2084|1150|1305|693|779|564|1012|1347|324|428|688|941|11476|3632|4246|1600|7230|2496|638|620|171|198|467|497|48|55|23|38|25|41|1500|850|874|585|626|528|1269|680|929|548|340|369|61|105|0|222|61|105|4452|2314|3189|1752|1263|685|407|301|314|261|93|153|169|199|166|199|3|8|2118|1507|1977|1471|141|236|1921|1459|1673|1284|248|294|0|222|0|222|0|222|0|222|0|222|0|222|1550|1171|1337|1195|213|199
5001800US2606|724243|7592|612429|8546|18144|2840|13126|2369|5018|1624|2437|1124|2234|1107|203|154|327|370|271|309|56|93|1348|634|980|505|368|329|904|614|592|406|312|310|2558|819|2169|785|389|355|548|355|548|355|0|184|1437|988|762|518|675|707|2987|1680|2280|1322|707|603|798|373|720|374|78|128|31|51|31|51|0|184|733|456|562|368|171|173|271|364|271|364|0|184|1018|617|828|555|190|233|2894|1481|2356|1232|538|407|7946|2077|7062|1971|884|512|4789|2393|4072|2231|717|450|2123|1542|1891|1490|232|239|811|655|741|601|70|115|1705|794|1637|782|68|115|4621|2211|3441|1982|1180|733|5107|1917|4609|1812|498|355|2846|1263|2364|1071|482|373|1608|882|1315|808|293|281|12987|2002|7983|1386|5004|1311|6280|2033|1919|798|4361|1775|4746|1708|2720|1102|2026|1142|0|184|0|184|0|184|1521|1081|1044|1118|477|448|283|322|124|201|159|255|574|780|432|614|142|184|826|549|730|523|96|162|1603|802|1537|800|66|78|500|350|318|255|182|230|9956|2034|6960|1471|2996|998|301|260|301|260|0|184|950|1042|638|704|312|348|2197|1820|1714|1711|483|633|799|632|410|429|389|392|0|184|0|184|0|184|18|35|0|184|18|35|282|275|206|246|76|119
5001800US2610|724218|6041|599873|9813|8749|2042|5471|1643|3278|1258|1876|1232|1394|1111|482|535|0|184|0|184|0|184|4305|1131|3119|950|1186|505|843|677|692|540|151|195|1866|722|1669|679|197|163|778|914|729|914|49|81|1950|1525|1593|1471|357|294|731|487|430|399|301|278|3973|1438|2563|938|1410|958|2747|1324|1462|717|1285|785|3408|1412|1719|873|1689|968|0|184|0|184|0|184|148|245|0|184|148|245|811|637|585|443|226|248|944|759|944|759|0|184|1888|1164|1144|881|744|669|1858|1503|1723|1450|135|164|11316|2810|3782|1582|7534|1902|749|618|749|618|0|184|11990|3510|7938|2986|4052|1461|1491|1197|1491|1197|0|184|811|657|764|633|47|78|1501|901|1032|677|469|316|4782|1564|2402|1006|2380|847|548|341|212|212|336|274|2011|962|727|520|1284|718|3044|1818|1988|1288|1056|779|1970|1079|652|433|1318|794|231|268|194|213|37|62|685|817|423|533|262|309|0|184|0|184|0|184|6171|1911|4700|1591|1471|791|131|179|131|179|0|184|23077|4786|12936|3166|10141|2361|0|184|0|184|0|184|15760|4279|8769|3055|6991|2165|650|599|650|599|0|184|356|576|356|576|0|184|0|184|0|184|0|184|0|184|0|184|0|184|196|249|43|70|153|240
5001800US2611|732662|6190|601718|9756|26551|3591|18172|2868|8379|1862|3298|1347|2970|1215|328|391|280|451|280|451|0|184|1109|477|807|385|302|256|495|286|495|286|0|184|3268|1099|2743|905|525|489|536|387|287|277|249|272|802|488|593|414|209|235|5061|1848|3224|1501|1837|783|2062|1086|1426|698|636|500|660|642|506|465|154|253|2751|1129|2257|933|494|359|254|302|162|166|92|150|751|514|279|239|472|433|2291|1733|1783|1402|508|394|6948|1806|6092|1702|856|527|3624|2172|2994|1866|630|452|962|770|814|600|148|202|2355|2608|1637|1712|718|970|2575|1395|2378|1362|197|196|5567|1863|3500|1232|2067|846|5046|1857|3586|1541|1460|802|2986|1169|2361|939|625|415|2804|1479|2417|1302|387|312|9688|2305|5405|1369|4283|1720|2274|820|1086|496|1188|621|2635|1051|1049|573|1586|848|195|177|195|177|0|184|879|643|443|378|436|479|0|184|0|184|0|184|188|184|145|171|43|69|631|531|295|243|336|444|3052|1604|1796|921|1256|905|63|106|63|106|0|184|14908|2858|9692|2101|5216|1556|1470|847|1434|837|36|41|8852|3350|6696|2810|2156|1543|467|408|467|408|0|184|160|206|81|134|79|149|0|184|0|184|0|184|1683|1955|1629|1952|54|89|763|421|722|424|41|67
5001800US2703|659842|7149|554892|12389|22292|3823|14356|2550|7936|1982|3315|1325|2185|916|1130|810|0|157|0|157|0|157|71|62|71|62|0|157|978|449|909|443|69|81|1287|537|853|487|434|391|222|246|93|111|129|215|0|157|0|157|0|157|3414|1375|2126|960|1288|723|333|235|280|190|53|89|547|581|217|317|330|348|1208|1061|692|708|516|578|0|157|0|157|0|157|885|709|559|409|326|377|783|604|711|541|72|92|2824|1156|2321|1049|503|393|434|695|235|396|199|307|476|478|163|276|313|248|1715|1193|1249|878|466|399|399|418|329|359|70|116|1423|846|1214|732|209|273|3215|2038|2422|1463|793|698|1434|1106|1334|1097|100|168|97|162|97|162|0|157|3874|1291|1907|769|1967|953|321|273|321|273|0|157|1517|819|842|498|675|443|9844|2901|6139|2187|3705|1411|7137|2471|1888|1262|5249|1740|610|786|159|256|451|744|3044|1857|1822|1372|1222|711|1840|1332|1458|1202|382|467|1602|655|1342|593|260|249|489|579|328|350|161|265|1437|949|1117|724|320|325|271|234|221|187|50|82|15335|6517|9437|4213|5898|3649|7028|3260|4058|1805|2970|1960|2579|1538|1794|966|785|750|0|157|0|157|0|157|257|393|257|393|0|157|413|369|413|369|0|157
5001800US2704|658535|4114|521609|7870|32365|3255|19029|2470|13336|2606|2535|1088|1705|776|830|480|0|157|0|157|0|157|126|156|126|156|0|157|684|600|594|578|90|150|1981|725|1436|628|545|423|147|158|99|94|48|78|37|61|37|61|0|157|1043|532|660|474|383|212|314|288|236|250|78|132|71|119|71|119|0|157|334|193|280|175|54|89|0|157|0|157|0|157|1178|916|627|506|551|756|776|879|338|560|438|540|1361|826|1220|798|141|181|282|304|238|248|44|76|0|157|0|157|0|157|0|157|0|157|0|157|2427|1801|953|950|1474|1065|857|729|327|227|530|690|446|323|374|288|72|92|1861|1422|1191|1106|670|824|0|157|0|157|0|157|5045|1684|2187|947|2858|1206|847|596|690|569|157|141|679|346|292|249|387|221|35655|4902|18926|3249|16729|2916|4620|1664|2096|953|2524|1164|930|785|333|261|597|564|1151|926|667|831|484|365|12579|3832|3190|1531|9389|3102|1079|536|595|435|484|314|284|226|284|226|0|157|869|470|650|400|219|223|266|288|123|166|143|232|19822|5272|11762|3760|8060|2658|2046|1332|1343|1069|703|581|1573|965|1160|872|413|373|0|157|0|157|0|157|83|94|83|94|0|157|573|467|97|111|476|424
5001800US3203|754821|19456|503776|16601|113165|10736|69326|7953|43839|6299|4001|1674|3640|1634|361|289|853|1035|792|1022|61|100|1359|671|680|463|679|519|982|584|795|492|187|185|843|407|742|402|101|118|941|988|914|987|27|45|426|470|426|470|0|228|3218|1139|1954|843|1264|590|824|604|470|433|354|294|4798|3351|3202|2472|1596|1025|739|435|259|220|480|334|2450|1757|1517|1098|933|938|5527|2378|2924|1614|2603|1437|1528|2176|835|1220|693|961|815|648|628|522|187|177|1390|1104|1331|1081|59|97|1435|1012|665|492|770|626|0|228|0|228|0|228|391|378|98|121|293|298|1327|617|1165|586|162|192|260|256|174|216|86|104|379|427|222|241|157|194|0|228|0|228|0|228|20251|2863|8619|1622|11632|2108|2182|951|1248|738|934|425|6992|1961|3777|1382|3215|1036|71|117|0|228|71|117|6410|2226|2467|1072|3943|1775|275|288|42|68|233|279|3884|1535|1913|1057|1971|1013|838|700|544|490|294|366|40521|5786|28316|3988|12205|3260|4352|1957|2667|1326|1685|959|4884|2029|3214|1294|1670|1087|1664|1527|1274|1507|390|338|9038|2870|3929|1612|5109|1711|0|228|0|228|0|228|608|594|428|534|180|252|379|535|379|535|0|228|0|228|0|228|0|228|1045|646|766|540|279|235
5001800US3403|736610|6993|587610|9872|49536|5299|32045|3996|17491|3055|1019|535|961|560|58|92|4144|2751|2401|1501|1743|1476|3760|1088|2665|916|1095|645|5845|2983|3089|2094|2756|1767|1741|626|1346|527|395|374|219|301|132|163|87|164|1763|920|1514|821|249|344|8450|3018|5244|2150|3206|1909|4253|1673|2186|967|2067|958|1351|1089|1146|969|205|331|2253|1520|1333|945|920|1135|95|106|95|106|0|225|202|309|202|309|0|225|5792|2076|3338|1367|2454|1555|6565|2190|4589|1601|1976|1038|3107|1378|2313|1081|794|567|185|234|105|134|80|108|2445|1459|1611|1012|834|550|3393|1655|2129|1157|1264|1184|2363|1253|1125|641|1238|908|4153|1704|3028|1354|1125|781|2966|1680|1842|1228|1124|1026|1099|897|776|679|323|344|9330|1960|5127|1316|4203|1102|859|539|419|335|440|429|2339|1044|793|554|1546|854|0|225|0|225|0|225|2117|1463|1595|1394|522|410|1447|1857|1051|1348|396|527|49|80|0|225|49|80|3581|1767|1951|980|1630|1054|3304|1096|2270|876|1034|549|169|165|152|162|17|29|3155|2106|2400|1511|755|642|230|275|143|173|87|123|339|395|47|88|292|389|4024|2098|2556|1532|1468|1044|376|419|173|303|203|300|0|225|0|225|0|225|202|331|202|331|0|225|780|590|515|409|265|287
5001800US3405|733607|10288|485108|11130|93852|6909|59025|5884|34827|4896|2474|852|2431|841|43|73|1165|869|983|845|182|233|3351|1194|2915|1075|436|302|3608|1667|2418|1165|1190|710|1912|792|1912|792|0|225|312|305|312|305|0|225|3072|1266|2396|1071|676|411|12482|3042|8280|2790|4202|1478|3612|1714|2409|1159|1203|690|1383|815|1147|722|236|181|2258|1284|1301|779|957|767|3335|1705|2953|1588|382|355|1553|809|966|558|587|440|2085|1012|1408|683|677|444|4705|2148|3779|1580|926|949|1767|1186|1613|1096|154|198|1594|1157|973|664|621|664|1770|1339|1207|1117|563|505|2193|1394|1497|1068|696|561|2398|1073|1786|862|612|461|1236|760|976|801|260|365|1844|1102|1030|680|814|984|2146|1400|1404|833|742|800|13204|2438|8482|1976|4722|1284|5314|1879|2345|1104|2969|1565|44192|4639|20127|3233|24065|2610|0|225|0|225|0|225|831|1010|451|507|380|513|169|275|98|159|71|117|661|631|263|286|398|454|3094|2009|2516|1911|578|425|9913|2208|7650|1745|2263|1386|413|426|358|422|55|100|5337|2079|3697|1567|1640|1077|6147|2013|4934|1633|1213|746|52|89|52|89|0|225|1536|1083|1239|809|297|375|0|225|0|225|0|225|0|225|0|225|0|225|0|225|0|225|0|225|1529|1023|952|615|577|495
5001800US3406|739515|10056|448989|12340|138576|7922|72130|5956|66446|6085|1593|780|1428|761|165|183|5172|2933|2538|1905|2634|1748|2690|1087|2101|940|589|459|9196|2516|4567|1375|4629|1756|1409|710|812|514|597|507|39|71|39|71|0|225|617|423|504|403|113|135|3890|2004|2065|1076|1825|1206|5027|2171|2007|849|3020|1824|146|172|115|137|31|52|1188|692|532|367|656|554|0|225|0|225|0|225|561|505|284|299|277|279|22386|4360|13837|3030|8549|1931|10967|2301|9324|2055|1643|646|8772|3083|5892|2017|2880|1286|6226|2714|3550|1524|2676|1381|3635|1731|3114|1528|521|460|4005|1584|3283|1397|722|452|2382|1547|1968|1452|414|341|7348|2392|6222|2112|1126|640|8186|3258|6343|2586|1843|1212|5406|2446|4451|2292|955|755|13549|2604|5689|1693|7860|1923|213|241|87|109|126|215|2237|1077|1264|991|973|621|0|225|0|225|0|225|1841|961|616|429|1225|682|0|225|0|225|0|225|150|266|150|266|0|225|2051|1565|1092|1009|959|723|8086|3114|5937|2460|2149|888|613|396|456|323|157|197|4977|1954|4073|1787|904|779|1057|830|1017|825|40|67|373|591|373|591|0|225|4858|2447|4103|2035|755|678|28|49|28|49|0|225|0|225|0|225|0|225|0|225|0|225|0|225|1076|971|216|176|860|951
5001800US3407|739634|9901|578456|10906|61864|6433|38288|5209|23576|3644|2366|1247|2050|1094|316|333|1940|1258|1168|812|772|649|5213|1576|4096|1252|1117|613|8222|2507|5494|1696|2728|1677|2438|1008|2315|1007|123|167|1031|618|1031|618|0|225|3966|2669|3643|2599|323|376|4975|1907|3952|1646|1023|496|5918|1901|4043|1428|1875|906|164|200|164|200|0|225|2645|1701|1974|1384|671|561|80|134|0|225|80|134|915|703|655|516|260|283|3444|1326|2583|1137|861|474|5977|1665|5621|1519|356|254|1453|1120|1044|766|409|395|934|656|934|656|0|225|1011|808|903|699|108|186|2174|1250|1903|1146|271|286|2114|1162|1712|973|402|325|3527|1614|2984|1461|543|462|3092|1641|2843|1490|249|292|2082|1283|1977|1259|105|126|14985|2666|10066|2049|4919|1253|222|246|31|49|191|242|2228|1236|1436|875|792|579|1|1|1|1|0|225|166|182|137|174|29|50|113|180|113|180|0|225|458|531|250|303|208|284|1067|826|761|705|306|273|3254|1081|2753|880|501|439|308|346|308|346|0|225|3606|2219|1965|1098|1641|1480|1018|843|673|681|345|548|0|225|0|225|0|225|1063|730|980|703|83|108|779|783|740|746|39|65|0|225|0|225|0|225|77|131|33|56|44|75|4288|1983|3275|1620|1013|697
5001800US3408|715000|12080|268649|13267|315523|9598|143305|7770|172218|7457|3413|1433|3355|1432|58|98|4376|2115|1877|1169|2499|1592|2243|728|1384|578|859|482|29015|4970|11769|2425|17246|3737|892|569|892|569|0|225|156|261|156|261|0|225|1583|1009|972|624|611|571|3293|1433|2494|1266|799|521|2352|1005|2223|1009|129|172|0|225|0|225|0|225|1096|804|1028|789|68|76|155|218|155|218|0|225|1655|1059|1143|723|512|549|7143|2380|4986|2071|2157|1208|15454|3477|13910|3400|1544|740|1670|967|1386|925|284|324|408|469|261|264|147|251|1985|1204|1278|842|707|826|1930|924|1702|822|228|323|471|461|461|460|10|3|1261|961|930|634|331|430|1476|952|1436|921|40|69|1198|757|956|650|242|215|14997|2726|11323|2398|3674|1311|1037|586|618|491|419|363|3498|1207|2345|1019|1153|584|0|225|0|225|0|225|1239|793|567|397|672|588|75|124|75|124|0|225|64|108|0|225|64|108|1297|774|920|552|377|297|4660|1448|3441|1281|1219|610|548|359|423|314|125|124|16004|4814|11895|4141|4109|1821|151|174|151|174|0|225|508|511|342|344|166|279|748|552|697|518|51|92|707|835|707|835|0|225|0|225|0|225|0|225|0|225|0|225|0|225|2070|2108|2070|2108|0|225
5001800US3409|708673|11203|316052|11025|254333|9754|133733|7815|120600|7435|1469|827|1047|686|422|339|699|681|259|328|440|489|7966|1682|4822|1250|3144|941|10693|2429|6030|1836|4663|1332|726|529|726|529|0|225|143|188|90|109|53|85|1823|759|882|469|941|655|5825|2268|3735|1581|2090|1161|15817|3013|8764|2257|7053|1493|2849|1336|2074|1153|775|549|5076|2077|2611|1171|2465|1415|541|506|482|438|59|98|363|434|320|418|43|72|4883|2333|3064|1419|1819|1044|6475|2356|4604|1965|1871|1036|2205|1447|1336|842|869|718|649|562|312|256|337|338|6778|1967|4245|1422|2533|1026|1984|1274|1921|1269|63|84|3957|1975|2250|1361|1707|1125|1013|823|708|658|305|357|407|495|407|495|0|225|564|402|564|402|0|225|5579|1673|3199|1048|2380|1019|1165|724|243|233|922|642|9488|2630|3035|1446|6453|1913|0|225|0|225|0|225|374|376|189|219|185|223|0|225|0|225|0|225|38|63|0|225|38|63|7147|2700|4565|1579|2582|1331|7268|1908|6085|1670|1183|609|1433|1374|1305|1353|128|216|17352|3910|10939|2804|6413|1870|1181|705|971|541|210|263|1138|1164|620|798|518|644|1710|1408|1240|1066|470|524|557|504|557|504|0|225|0|225|0|225|0|225|0|225|0|225|0|225|953|576|708|443|245|209
5001800US3410|704512|13096|450420|14400|114825|7894|64476|5611|50349|5891|5635|2426|4364|2031|1271|757|34432|7537|23167|5480|11265|3661|2547|1475|1910|1373|637|485|17019|3666|9686|2267|7333|2385|320|275|269|261|51|84|490|378|490|378|0|225|1003|780|797|579|206|257|1030|1020|868|1011|162|144|2072|1013|1404|801|668|469|106|175|50|84|56|93|1279|1004|661|502|618|719|0|225|0|225|0|225|0|225|0|225|0|225|2338|1113|1370|856|968|553|4056|1593|3126|1374|930|746|3467|1621|2398|1101|1069|652|682|763|329|551|353|423|865|468|788|443|77|69|1146|688|858|596|288|340|1066|952|1054|952|12|2|665|614|556|478|109|181|726|738|387|484|339|407|95|133|95|133|0|225|4981|1727|2721|1077|2260|1025|0|225|0|225|0|225|1165|965|526|534|639|583|0|225|0|225|0|225|1617|1420|691|1008|926|574|0|225|0|225|0|225|82|136|0|225|82|136|890|882|479|582|411|430|14724|3183|9278|2200|5446|1691|106|183|106|183|0|225|8050|3180|5349|2413|2701|1154|344|370|161|198|183|214|1157|915|430|354|727|780|15902|4213|13755|3748|2147|1100|5356|2877|5089|2846|267|359|0|225|0|225|0|225|0|225|0|225|0|225|3854|1883|2914|1722|940|751
5001800US3411|736727|8214|522375|11726|92867|7400|57848|5770|35019|4407|2225|1065|1885|996|340|308|1669|967|1096|763|573|529|6726|1839|4741|1478|1985|859|5321|2116|3797|1419|1524|1061|1709|914|1709|914|0|225|698|526|581|491|117|147|2946|1577|1570|759|1376|955|3932|1943|2627|1572|1305|722|4707|1516|3295|1034|1412|841|1039|758|446|400|593|521|2954|1085|1845|853|1109|695|101|123|101|123|0|225|693|610|441|423|252|264|10575|2585|6984|1912|3591|1293|9525|2450|8451|2188|1074|612|1941|1251|1680|1072|261|257|713|772|713|772|0|225|2470|1720|1516|851|954|990|1906|1029|1905|1030|1|5|2903|1427|1991|976|912|589|5062|1944|4846|1925|216|221|3938|1766|3841|1764|97|114|2202|969|1947|905|255|285|14298|2689|7944|1561|6354|1765|1462|1165|988|786|474|426|3459|1377|2055|1075|1404|644|0|225|0|225|0|225|1667|996|339|305|1328|1022|78|135|78|135|0|225|0|225|0|225|0|225|3961|2241|3073|1808|888|591|6661|2028|5418|1873|1243|673|343|360|270|256|73|124|9105|3516|6306|2068|2799|1716|1519|839|1247|743|272|367|180|282|166|283|14|23|802|607|802|607|0|225|0|225|0|225|0|225|0|225|0|225|0|225|141|235|141|235|0|225|1854|989|1474|914|380|288
5001800US3412|725686|6998|425116|13342|121658|7738|61471|5467|60187|5528|5142|2523|4239|1811|903|1120|2865|1953|1634|1216|1231|1309|3656|1384|2959|1183|697|495|4929|1644|2765|917|2164|1062|1620|989|1546|985|74|124|547|421|547|421|0|225|1685|924|1568|920|117|195|7725|2560|4851|2007|2874|1320|5393|1941|2638|1022|2755|1364|684|575|322|378|362|344|3830|2097|2445|1760|1385|1081|0|225|0|225|0|225|907|638|657|525|250|314|17399|4131|12416|3027|4983|1657|21895|4491|17869|3791|4026|2032|8222|2766|7071|2499|1151|582|3639|2363|2445|1836|1194|1283|3745|1557|3183|1346|562|417|6052|2096|5048|1780|1004|868|1350|900|1119|826|231|185|14685|3378|10948|2511|3737|1748|5732|1748|5343|1726|389|206|4290|1667|3959|1593|331|279|19642|3455|10180|2021|9462|2033|960|552|513|377|447|318|3015|1209|1264|701|1751|793|0|225|0|225|0|225|994|896|692|558|302|384|0|225|0|225|0|225|231|368|231|368|0|225|3145|1397|1892|867|1253|954|5965|1940|5067|1697|898|545|214|166|214|166|0|225|8675|2514|6174|1886|2501|1261|989|700|781|602|208|259|1038|1217|478|436|560|847|5930|2457|5259|2207|671|470|249|429|102|179|147|259|0|225|0|225|0|225|385|345|385|345|0|225|1488|908|1126|747|362|371
5001800US3601|736821|10220|588761|11912|69721|6651|39149|4676|30572|4155|2970|1017|2570|1030|400|349|1468|776|820|505|648|545|7898|2800|5954|2246|1944|1146|3772|2050|2479|1448|1293|759|3981|2101|3888|2096|93|90|1590|743|1590|743|0|217|3680|1356|2724|1092|956|577|2160|1052|1581|792|579|421|2413|1221|1593|960|820|501|301|286|171|214|130|156|523|728|523|728|0|217|435|411|435|411|0|217|995|633|812|599|183|207|1691|1306|1490|1154|201|245|1922|891|1709|876|213|177|5161|2303|4250|2002|911|603|2285|1768|1260|1112|1025|929|1971|898|1406|676|565|696|1300|1255|959|821|341|464|1387|685|884|533|503|358|928|716|842|697|86|141|524|498|269|227|255|352|464|409|268|263|196|232|8293|1732|5237|1155|3056|1093|518|483|445|464|73|122|3045|1141|1295|631|1750|734|57|96|57|96|0|217|490|434|261|245|229|239|0|217|0|217|0|217|342|354|106|177|236|301|2629|1590|1545|971|1084|771|1684|1025|1434|851|250|222|0|217|0|217|0|217|7607|5746|6393|5216|1214|1560|856|376|795|368|61|86|0|217|0|217|0|217|1361|1085|1208|946|153|188|181|6|181|6|0|217|0|217|0|217|0|217|149|158|112|113|37|64|1308|1124|1240|1104|68|117
5001800US3602|733855|11943|522022|14843|151093|8413|83151|5488|67942|6196|2043|932|1757|850|286|250|5076|2085|3545|1617|1531|943|5468|1915|3994|1395|1474|758|2722|1980|1778|1373|944|762|1215|587|1136|570|79|131|1203|873|862|644|341|498|1814|864|1710|864|104|86|1080|825|322|279|758|704|5280|2216|2790|1219|2490|1206|696|645|470|451|226|261|2366|1180|895|604|1471|864|0|217|0|217|0|217|800|795|531|439|269|479|760|585|619|469|141|180|742|426|426|264|316|244|3462|1773|2602|1346|860|585|113|138|113|138|0|217|2346|1254|1895|1103|451|268|1212|1293|843|846|369|476|783|641|611|442|172|273|725|953|299|375|426|585|117|193|117|193|0|217|245|252|245|252|0|217|5052|1980|2610|1259|2442|1201|31|54|31|54|0|217|1338|1024|812|870|526|352|0|217|0|217|0|217|382|382|141|225|241|314|0|217|0|217|0|217|0|217|0|217|0|217|4993|2862|2345|1770|2648|1502|1201|592|818|475|383|382|136|172|55|92|81|143|2238|1661|1277|1138|961|781|661|552|521|491|140|241|110|188|110|188|0|217|3379|2219|2331|1620|1048|727|4|2|4|2|0|217|99|159|0|217|99|159|0|217|0|217|0|217|848|1157|685|1134|163|203
5001800US3603|733863|13288|462973|10604|68837|8038|40744|4901|28093|5080|3509|1797|2840|1389|669|546|851|555|582|489|269|194|11838|2718|8286|2283|3552|1331|3686|2310|2829|1981|857|581|1638|669|1346|533|292|201|1591|1037|1232|861|359|418|13544|3036|10055|2561|3489|1208|4653|1656|3556|1401|1097|603|1646|723|955|567|691|399|1419|789|1021|705|398|335|728|484|728|484|0|217|217|245|112|138|105|128|6618|2181|4388|1736|2230|1011|4057|1561|3259|1389|798|492|7370|1935|5789|1583|1581|948|6759|2897|4522|1708|2237|1443|10840|4055|5909|2220|4931|2452|9541|2980|6551|2189|2990|1262|3387|3015|1960|1297|1427|1825|2783|1404|2577|1412|206|341|435|396|391|377|44|73|924|615|924|615|0|217|7612|2520|5028|1882|2584|1111|55212|5717|25363|3844|29849|3383|2387|1183|669|423|1718|898|22099|4877|9979|3169|12120|2575|0|217|0|217|0|217|560|414|275|261|285|267|0|217|0|217|0|217|306|293|93|162|213|192|1633|985|1213|850|420|423|6299|1734|4973|1488|1326|651|251|195|86|101|165|166|2747|1466|2617|1438|130|159|2840|1309|2279|1117|561|487|90|106|70|86|20|33|807|645|807|645|0|217|0|217|0|217|0|217|0|217|0|217|0|217|17|2|0|217|17|2|1159|995|845|657|314|405
5001800US3604|732662|5569|512623|11643|117273|8497|62776|5808|54497|5377|4791|2135|3773|1788|1018|830|13821|3764|10541|3120|3280|1365|7952|2280|5143|1503|2809|1716|813|626|236|282|577|468|754|463|529|383|225|307|1501|1740|930|1283|571|488|3107|1186|2337|1171|770|665|5624|2266|3863|1889|1761|1108|1777|1120|1038|778|739|492|808|505|727|429|81|134|767|876|633|848|134|222|241|240|241|240|0|217|416|546|240|402|176|217|306|397|198|224|108|182|791|483|675|474|116|187|7508|4439|4737|3018|2771|1593|5637|3190|3128|2001|2509|1454|2188|1483|1212|943|976|731|1056|988|610|683|446|392|3225|1742|2794|1630|431|392|0|217|0|217|0|217|202|334|86|142|116|193|3347|1945|1547|774|1800|1249|10251|2951|5342|1706|4909|1674|499|503|408|458|91|152|1538|915|824|630|714|490|0|217|0|217|0|217|112|181|112|181|0|217|0|217|0|217|0|217|158|237|151|236|7|12|2160|1987|1121|1347|1039|759|7456|2510|5566|2077|1890|965|0|217|0|217|0|217|2549|1454|1992|1137|557|386|4815|2335|4530|2282|285|245|571|819|571|819|0|217|4262|2233|4018|2069|244|286|433|502|433|502|0|217|0|217|0|217|0|217|37|14|1|12|36|3|1293|887|969|665|324|328
5001800US3605|708578|17758|453410|14770|114355|8933|57750|6589|56605|5760|7270|2347|4955|1905|2315|991|22015|6027|14332|4263|7683|2792|6623|3680|3931|1863|2692|2103|929|576|640|465|289|264|277|199|192|131|85|145|1725|1284|1075|683|650|861|574|681|503|651|71|117|7478|3250|3391|2056|4087|1816|3588|1532|2439|1492|1149|653|1308|1239|997|962|311|386|591|496|482|457|109|138|0|217|0|217|0|217|248|269|248|269|0|217|276|378|276|378|0|217|3818|1902|2194|1182|1624|890|2783|1628|2063|1339|720|545|10339|3009|5032|1700|5307|1754|31473|5844|12413|2707|19060|3884|1195|794|601|408|594|462|748|557|469|484|279|242|87|139|87|139|0|217|164|185|0|217|164|185|336|465|233|300|103|174|11039|3250|3745|1202|7294|2509|743|518|294|253|449|462|498|419|73|88|425|410|0|217|0|217|0|217|32|58|32|58|0|217|0|217|0|217|0|217|78|122|78|122|0|217|556|553|382|507|174|172|5807|1645|4382|1300|1425|646|1488|1905|1488|1905|0|217|3624|1879|2208|1310|1416|826|826|794|711|785|115|135|297|416|66|171|231|384|8455|2910|6752|2486|1703|971|897|750|762|731|135|130|0|217|0|217|0|217|639|977|639|977|0|217|1989|1104|1752|975|237|241
5001800US3606|711148|19454|209317|10648|166127|12635|79957|7372|86170|8650|2520|1189|1794|825|726|658|1122|771|1064|766|58|72|3945|1885|3106|1904|839|370|1741|990|1382|822|359|271|1052|610|912|589|140|119|201|177|174|177|27|2|4789|1639|2683|1211|2106|854|25619|5176|12118|3814|13501|3876|9216|2166|4675|1261|4541|1375|1163|813|908|773|255|241|2006|1124|1042|595|964|643|573|511|342|291|231|237|1741|917|913|550|828|690|2211|1246|1020|555|1191|817|9859|4173|7255|3513|2604|1377|6753|2790|3690|1829|3063|1612|1569|735|602|304|967|575|19261|5142|10044|3574|9217|2538|7080|2683|2705|1276|4375|1847|9110|3469|4539|2303|4571|2092|128|157|128|157|0|217|267|321|267|321|0|217|381|357|316|305|65|109|150921|8627|41145|5163|109776|6880|2955|1111|1879|742|1076|616|21392|3667|6526|1460|14866|3074|0|217|0|217|0|217|2195|1441|672|498|1523|1252|144|235|0|217|144|235|2860|1370|949|611|1911|1028|8704|2838|4815|1859|3889|1364|14727|3354|10701|2776|4026|1207|6017|2389|3351|1837|2666|1132|4706|2172|2966|1451|1740|985|4701|2157|3709|1789|992|640|229|300|229|300|0|217|1683|2220|1683|2220|0|217|572|489|0|217|572|489|0|217|0|217|0|217|136|231|136|231|0|217|1455|1075|1053|737|402|437
5001800US3607|655936|19124|321748|13023|181513|11283|100714|7829|80799|7369|6965|2309|6310|2257|655|468|2356|1391|1763|1205|593|395|4205|1333|2626|1109|1579|648|2736|1022|1930|866|806|556|2167|863|1921|776|246|230|23043|5668|13164|3911|9879|3319|2745|1442|1456|860|1289|867|4411|1569|3854|1448|557|406|11871|2981|4849|1468|7022|2035|1086|618|639|439|447|292|2227|1312|1108|683|1119|777|143|156|85|139|58|70|112|126|112|126|0|217|226|266|226|266|0|217|1067|657|1023|627|44|72|945|605|621|380|324|305|2161|1875|780|648|1381|1345|22518|5067|11123|3210|11395|2794|4789|2455|2544|1515|2245|1752|7566|2588|5449|2223|2117|911|75|92|75|92|0|217|147|141|147|141|0|217|657|497|453|405|204|253|24353|3636|11410|1888|12943|2792|1556|907|1223|786|333|238|4567|1567|3191|1203|1376|650|125|204|86|139|39|65|713|465|380|295|333|362|165|208|165|208|0|217|504|402|204|175|300|332|2782|1284|1888|986|894|562|2364|1065|1643|797|721|494|732|934|435|508|297|455|3178|1330|1514|730|1664|864|3736|2756|2569|1753|1167|1211|368|462|368|462|0|217|812|757|454|632|358|374|580|483|502|465|78|124|0|217|0|217|0|217|302|506|302|506|0|217|1620|1336|1307|1207|313|435
5001800US3608|709908|19761|429500|15486|85283|9815|46109|5998|39174|6592|7536|2841|5210|2085|2326|1688|22736|4685|16820|3828|5916|1660|1982|680|1107|492|875|385|915|658|526|427|389|524|307|294|254|281|53|85|11856|5993|7848|4513|4008|2316|444|341|320|272|124|117|57771|5260|19634|3755|38137|3712|763|627|521|549|242|306|156|260|78|133|78|128|6478|2904|1347|989|5131|2244|1551|1542|148|172|1403|1520|1468|1160|1082|829|386|382|0|217|0|217|0|217|1304|1194|401|456|903|1109|7113|2654|2956|1250|4157|1979|1106|1385|646|901|460|520|2539|1739|1291|1044|1248|773|603|913|231|306|372|622|1584|866|915|593|669|637|158|191|107|174|51|87|0|217|0|217|0|217|630|400|304|286|326|281|28564|3851|8761|1825|19803|2741|157|194|103|175|54|93|1134|801|329|225|805|726|0|217|0|217|0|217|432|323|198|193|234|239|215|300|103|125|112|186|319|397|96|154|223|364|4216|1338|1331|689|2885|1123|1973|885|1762|825|211|199|256|274|163|167|93|158|11159|5411|6185|4335|4974|2482|4305|2978|3586|2783|719|845|37|62|0|217|37|62|8873|3164|7241|2704|1632|1138|176|174|130|155|46|79|0|217|0|217|0|217|96|158|96|158|0|217|4213|1424|1784|889|2429|1034
5001800US3609|703123|16895|427385|15094|59759|7250|32831|5039|26928|4497|5364|1693|3967|1549|1397|654|37154|6539|20081|4049|17073|4595|2774|1318|2081|1167|693|423|2033|1413|1631|1205|402|318|696|592|696|592|0|217|38429|7749|18966|6054|19463|4605|673|619|566|602|107|146|26893|5388|8682|2203|18211|3749|1447|1002|780|577|667|538|1581|1419|789|701|792|857|3319|1220|1379|652|1940|885|0|217|0|217|0|217|3859|2415|2291|2168|1568|929|0|217|0|217|0|217|477|400|426|355|51|75|10794|2839|5589|1805|5205|1552|1237|811|596|490|641|496|8412|3005|2824|1426|5588|2022|616|516|262|300|354|341|2391|1170|1058|531|1333|857|41|71|41|71|0|217|153|256|73|122|80|135|75|130|36|63|39|67|22157|4135|7076|1532|15081|3414|1654|845|996|625|658|553|1176|776|876|738|300|275|0|217|0|217|0|217|393|401|205|245|188|321|146|247|89|152|57|95|170|206|0|217|170|206|6661|2822|2923|1767|3738|1831|1773|1017|1351|808|422|329|226|223|142|178|84|96|11719|5385|7167|3601|4552|2736|9674|1742|7268|1585|2406|1163|279|445|279|445|0|217|4614|1911|3383|1637|1231|924|690|784|539|699|151|249|0|217|0|217|0|217|19|8|19|8|0|217|6210|2804|2562|874|3648|2242
5001800US3610|666801|20485|389576|14557|104038|8346|48613|5592|55425|6562|8938|2863|8257|2729|681|571|871|606|674|485|197|252|3822|1499|3306|1432|516|433|2453|938|2040|790|413|349|3491|1583|3491|1583|0|217|22277|6697|8321|4047|13956|4931|1171|810|1139|794|32|52|8301|2782|4845|2462|3456|1481|1691|864|1232|811|459|322|956|878|576|525|380|457|1564|953|804|566|760|731|48|79|48|79|0|217|264|224|124|152|140|239|649|534|563|526|86|105|1625|876|1509|882|116|151|308|276|261|230|47|76|58|97|58|97|0|217|1466|857|813|545|653|420|143|146|143|146|0|217|3239|1686|2496|1435|743|676|248|253|248|253|0|217|264|223|186|184|78|134|0|217|0|217|0|217|83017|7026|22082|3334|60935|5914|3231|1598|1705|1251|1526|921|3925|1562|2934|1203|991|938|0|217|0|217|0|217|900|462|527|293|373|253|18|2|18|2|0|217|291|232|248|201|43|71|3119|1947|918|543|2201|1770|1822|1024|1464|899|358|400|1003|1256|559|564|444|736|5411|2563|4346|2290|1065|621|4309|2453|2051|899|2258|2293|164|208|164|208|0|217|0|217|0|217|0|217|0|217|0|217|0|217|49|84|49|84|0|217|58|95|58|95|0|217|2023|1081|1418|979|605|400
5001800US3611|702111|14563|375239|11210|79113|8392|47772|4846|31341|4899|4372|1810|3173|1451|1199|695|1278|881|1011|762|267|262|15550|2937|9405|2046|6145|1433|1289|776|1076|595|213|259|897|553|897|553|0|217|1927|1332|1283|943|644|591|2752|1242|2183|1073|569|361|33992|5877|17989|3577|16003|3844|5564|1971|2902|1020|2662|1252|1003|615|760|552|243|196|7555|3104|3411|1888|4144|2116|1301|1051|872|740|429|684|355|347|302|287|53|86|421|436|271|362|150|185|221|253|64|74|157|189|7472|3579|3057|1596|4415|2780|1579|1597|623|662|956|949|1336|834|559|423|777|535|2760|1493|1985|1111|775|511|14186|3544|9317|2584|4869|1700|425|380|302|257|123|148|390|403|323|384|67|114|2236|1039|1834|911|402|295|88541|7070|27179|3928|61362|4959|472|289|300|252|172|155|3271|1466|1502|763|1769|1027|0|217|0|217|0|217|1399|1351|311|318|1088|1046|61|100|61|100|0|217|65|110|65|110|0|217|7159|2615|2768|1272|4391|2033|4058|1307|2484|844|1574|796|69|86|69|86|0|217|26414|6000|16017|4377|10397|2596|1462|1150|1170|1050|292|315|106|179|106|179|0|217|2795|1289|2223|1228|572|548|68|5|68|5|0|217|0|217|0|217|0|217|0|217|0|217|0|217|2958|1504|2061|1428|897|505
5001800US3612|674116|17085|488433|15777|58187|8438|43270|6694|14917|4042|12495|2870|11086|2679|1409|830|1260|1180|1101|1041|159|202|7877|3204|5777|2309|2100|1637|4125|1445|3301|1304|824|558|3864|1433|3826|1423|38|63|627|539|578|539|49|3|2761|1668|2266|1612|495|526|8637|3422|6362|2378|2275|1805|1891|1606|570|501|1321|1223|1896|1223|1562|1073|334|551|1998|1057|1839|984|159|194|488|487|488|487|0|217|1414|809|1255|799|159|136|839|598|839|598|0|217|7051|2667|6141|2658|910|1070|1127|871|1127|871|0|217|0|217|0|217|0|217|1823|1284|1514|930|309|441|830|696|765|693|65|65|4918|2657|4624|2652|294|290|664|527|664|527|0|217|1157|861|1100|859|57|97|1256|1444|1256|1444|0|217|23773|4186|16400|3153|7373|2159|6573|2013|3279|1303|3294|1371|7823|2788|6122|2741|1701|640|0|217|0|217|0|217|1472|873|1331|819|141|176|12|2|12|2|0|217|527|423|400|398|127|211|2504|1298|2056|1055|448|443|4554|2175|4070|2081|484|497|382|412|382|412|0|217|3698|2950|3005|2298|693|820|3865|1658|3449|1542|416|452|1166|1140|983|1011|183|305|309|324|230|306|79|132|397|484|397|484|0|217|0|217|0|217|0|217|0|217|0|217|0|217|1443|1000|1302|978|141|136
5001800US3613|730603|15876|323197|13438|326524|14684|171897|10052|154627|11334|13025|3653|10164|3066|2861|1335|2095|1208|1871|1143|224|255|2554|978|2136|903|418|348|1687|919|1196|642|491|437|1246|720|1246|720|0|217|1395|1193|1346|1192|49|83|1856|1254|1605|1097|251|279|2814|1236|2249|1091|565|509|840|629|747|617|93|161|662|489|552|374|110|180|1022|606|703|498|319|320|187|308|187|308|0|217|873|819|652|525|221|367|641|477|404|352|237|317|1372|955|1222|859|150|184|185|307|185|307|0|217|0|217|0|217|0|217|2282|1269|1843|1109|439|364|478|574|478|574|0|217|2098|955|1049|544|1049|701|27|60|27|60|0|217|265|274|265|274|0|217|0|217|0|217|0|217|14636|2773|5605|1200|9031|2509|1108|598|370|365|738|428|2246|1105|1893|1044|353|305|0|217|0|217|0|217|724|506|404|293|320|382|253|259|147|202|106|176|167|210|126|171|41|75|766|375|287|209|479|290|1857|900|1338|691|519|382|205|190|205|190|0|217|3942|2738|2468|1774|1474|1230|2500|1248|2500|1248|0|217|1335|1197|311|371|1024|1021|10814|3638|6480|2842|4334|1765|891|799|891|799|0|217|0|217|0|217|0|217|0|217|0|217|0|217|1834|1267|1598|1221|236|222
5001800US3614|685686|22399|265221|15957|294223|16383|155529|9936|138694|10948|11260|4841|7937|3634|3323|1997|2170|1068|1620|912|550|448|4252|1058|2149|862|2103|807|2641|1417|1699|994|942|567|840|508|705|390|135|161|482|447|482|447|0|217|10137|2198|6619|2022|3518|939|1675|922|537|391|1138|807|594|398|166|207|428|354|3287|1725|1774|804|1513|1202|2177|1875|2020|1847|157|207|28|46|28|46|0|217|209|244|209|244|0|217|605|718|605|718|0|217|383|437|72|89|311|420|998|655|694|445|304|289|2899|1727|1294|760|1605|1062|18289|3467|8373|2187|9916|2343|2399|1596|971|1062|1428|1122|4146|2729|1169|769|2977|2654|0|217|0|217|0|217|0|217|0|217|0|217|144|240|144|240|0|217|21911|5087|6295|1896|15616|3866|589|413|375|295|214|205|2782|1391|817|426|1965|1219|0|217|0|217|0|217|2037|2440|793|1078|1244|1451|552|680|118|153|434|562|286|485|0|217|286|485|894|646|388|362|506|493|5633|2714|3780|1674|1853|1244|237|206|96|115|141|169|11924|5799|6221|3865|5703|2543|162|268|162|268|0|217|880|989|575|713|305|295|6194|3113|4833|2874|1361|911|1038|1144|1038|1144|0|217|52|101|52|101|0|217|47|85|47|85|0|217|1409|889|1250|757|159|187
5001800US3616|716354|8529|452072|12336|165898|7757|99072|6447|66826|4858|7683|1932|6035|1538|1648|934|3895|2477|1974|1097|1921|1773|8958|2076|5913|1722|3045|1148|7201|2421|4126|1514|3075|1212|3101|1498|2692|1433|409|421|635|522|623|522|12|2|1491|801|1064|563|427|318|2888|1251|1985|830|903|628|1400|928|540|461|860|611|1050|887|634|473|416|501|2292|1270|1951|1197|341|336|279|234|125|147|154|198|449|546|418|539|31|53|304|236|196|179|108|91|2755|1134|2510|1031|245|211|198|257|167|232|31|53|222|165|222|165|0|217|2228|1962|1429|1149|799|947|266|359|206|264|60|101|7522|2153|4535|1436|2987|1360|278|267|278|267|0|217|542|471|197|174|345|442|4963|2454|3226|1565|1737|1201|9559|2527|6128|1676|3431|1326|4379|1801|1857|984|2522|1163|2479|1100|909|533|1570|783|0|217|0|217|0|217|280|286|207|226|73|130|0|217|0|217|0|217|239|246|46|73|193|240|355|248|304|255|51|86|3962|1639|3335|1359|627|445|286|445|40|69|246|439|3035|1994|2375|1519|660|569|2227|1877|2141|1878|86|74|189|315|189|315|0|217|6083|2900|5615|2819|468|579|987|830|931|805|56|97|0|217|0|217|0|217|0|217|0|217|0|217|3724|2268|2242|1531|1482|1125
5001800US3617|723328|6125|504616|11769|93430|7290|50897|4306|42533|5391|4926|1171|4266|1083|660|353|11739|3468|5600|2035|6139|3196|8544|2278|6329|1659|2215|1259|3847|1506|2912|1275|935|592|2221|782|1933|712|288|285|44912|5155|16915|2830|27997|4011|1269|988|919|681|350|366|2827|1181|1512|740|1315|772|1599|816|841|535|758|538|857|651|479|433|378|297|1692|1065|1099|707|593|632|285|384|231|378|54|89|1032|738|703|456|329|369|894|572|741|509|153|153|870|559|806|521|64|82|2397|1104|1644|844|753|502|347|455|347|455|0|217|72|124|43|75|29|50|297|275|173|187|124|175|3300|1719|2983|1672|317|251|450|361|406|336|44|77|417|432|417|432|0|217|3293|1146|2444|994|849|461|5158|1633|3279|1109|1879|699|1210|953|675|543|535|498|3915|1383|2146|783|1769|866|0|217|0|217|0|217|15|27|15|27|0|217|1128|1340|823|973|305|407|191|277|107|211|84|103|133|235|133|235|0|217|5845|1941|4326|1495|1519|813|816|878|745|852|71|115|1974|1170|1331|833|643|555|2706|1076|2063|926|643|520|308|495|308|495|0|217|2539|1296|2311|1240|228|278|349|359|349|359|0|217|0|217|0|217|0|217|0|217|0|217|0|217|908|585|751|539|157|226
5001800US3618|742714|5595|569745|9630|88871|4654|58174|4198|30697|3986|2269|1068|2019|1009|250|212|3167|1895|2214|1314|953|706|4940|1773|3911|1645|1029|540|1089|583|1032|583|57|93|2176|540|1848|519|328|212|34378|4211|10480|2777|23898|3270|1362|775|1151|747|211|202|1830|974|1484|864|346|292|1405|899|725|631|680|656|269|369|269|369|0|217|1239|1014|1132|1006|107|180|0|217|0|217|0|217|1018|878|978|876|40|66|44|78|0|217|44|78|2050|1188|1096|623|954|726|598|463|360|289|238|335|442|525|253|351|189|198|860|735|310|296|550|582|1328|966|383|410|945|855|2697|1520|2222|1329|475|388|570|425|367|324|203|317|0|217|0|217|0|217|597|513|494|385|103|175|3656|1116|2098|741|1558|785|1206|573|861|494|345|251|1539|618|905|538|634|291|0|217|0|217|0|217|2361|1859|1587|1324|774|582|355|518|331|514|24|46|144|141|54|94|90|110|1267|897|966|737|301|323|1212|567|977|535|235|213|500|515|500|515|0|217|1179|685|1060|635|119|105|2188|2394|1661|1927|527|592|0|217|0|217|0|217|135|170|135|170|0|217|942|816|593|587|349|333|0|217|0|217|0|217|0|217|0|217|0|217|3086|1430|2145|1093|941|688
5001800US3619|736172|4711|660551|6612|24706|2474|17750|2071|6956|1439|3050|878|2654|850|396|248|2628|1679|2286|1562|342|365|2114|725|1377|545|737|495|1471|786|1273|694|198|303|2720|749|2192|633|528|450|4636|2156|3294|1669|1342|772|1095|669|940|600|155|139|2505|1386|1500|897|1005|660|1168|789|653|461|515|652|575|534|94|158|481|466|870|402|544|275|326|264|163|196|163|196|0|217|102|123|102|123|0|217|149|197|149|197|0|217|723|412|710|412|13|18|1015|657|729|403|286|349|1062|915|419|564|643|477|872|764|487|500|385|359|968|667|863|659|105|136|1236|978|914|842|322|241|492|320|289|237|203|222|109|103|83|99|26|44|235|322|235|322|0|217|8675|1673|5257|1180|3418|1409|797|387|522|310|275|206|2985|1053|2223|942|762|413|0|217|0|217|0|217|1038|843|534|505|504|382|110|184|0|217|110|184|675|550|531|456|144|252|1375|736|1117|673|258|185|470|276|357|222|113|150|162|158|144|156|18|31|1402|817|1117|664|285|328|1263|1268|985|995|278|300|341|574|341|574|0|217|748|908|613|705|135|214|180|132|108|132|72|6|54|69|54|69|0|217|0|217|0|217|0|217|682|586|337|299|345|485
5001800US3620|745657|2751|667348|6111|21618|2526|15613|2196|6005|1472|2560|730|2245|708|315|216|1175|880|665|599|510|770|2634|867|2123|790|511|403|241|214|241|214|0|217|2118|900|1957|877|161|159|1269|660|856|638|413|434|1171|808|907|599|264|348|2639|1024|2013|926|626|343|984|570|782|498|202|229|1662|1661|1305|1237|357|574|1258|831|883|721|375|321|197|164|170|172|27|48|718|618|343|404|375|401|547|489|394|356|153|195|2239|1820|2004|1821|235|267|3817|1959|3291|1890|526|420|1755|1940|1185|1388|570|596|1275|858|435|282|840|785|538|453|384|308|154|195|2702|1750|2289|1646|413|336|305|278|210|231|95|145|1291|942|790|698|501|497|1267|661|979|447|288|369|7963|2026|4488|1425|3475|1118|933|573|735|553|198|227|875|704|665|686|210|231|0|217|0|217|0|217|893|623|633|530|260|244|0|217|0|217|0|217|107|194|107|194|0|217|1701|897|1005|633|696|575|2891|1321|2374|1192|517|498|373|361|284|341|89|120|3888|1734|2740|1419|1148|775|52|87|0|217|52|87|73|125|39|67|34|60|1673|1221|1149|889|524|455|181|246|181|246|0|217|0|217|0|217|0|217|225|249|157|224|68|120|501|452|501|452|0|217
5001800US3622|724111|511|641126|5997|25212|2543|17403|2217|7809|1651|1548|684|1287|609|261|280|1473|1454|1364|1439|109|103|2550|821|1754|594|796|477|597|404|228|206|369|293|1624|623|1364|574|260|226|704|432|481|395|223|203|460|445|277|261|183|216|1445|766|741|466|704|482|1328|619|921|495|407|327|4031|1370|1957|859|2074|867|3195|1464|1586|823|1609|919|0|217|0|217|0|217|818|773|405|376|413|448|75|128|0|217|75|128|1213|975|992|757|221|262|647|683|372|358|275|406|248|307|122|178|126|218|136|158|55|88|81|138|1469|874|385|339|1084|658|1033|921|984|893|49|78|182|145|182|145|0|217|0|217|0|217|0|217|34|55|34|55|0|217|8243|1144|4276|748|3967|913|664|390|552|331|112|112|836|598|323|269|513|489|21|39|0|217|21|39|1432|588|395|289|1037|503|124|150|54|90|70|89|225|252|89|116|136|169|5902|1649|2607|1010|3295|1010|631|342|532|362|99|133|402|286|389|277|13|23|5477|2572|3401|1727|2076|1255|704|297|480|272|224|118|5238|2910|4436|2760|802|636|1252|1322|1198|1315|54|79|930|769|473|427|457|544|0|217|0|217|0|217|520|622|422|498|98|169|362|200|230|197|132|26
5001800US3625|729225|1924|643779|5704|38798|3011|23376|2424|15422|2354|1545|684|1346|624|199|196|1535|1384|1317|1234|218|265|3247|818|2248|728|999|349|782|669|690|646|92|154|1924|637|1787|611|137|176|2144|1158|1167|686|977|827|639|361|427|237|212|214|978|567|330|236|648|441|700|666|429|399|271|320|481|411|464|410|17|36|3358|1441|2262|1157|1096|729|62|105|62|105|0|217|569|537|257|320|312|346|90|119|36|64|54|93|1464|627|1090|542|374|285|576|610|379|419|197|228|350|459|187|280|163|197|522|374|209|190|313|241|3827|1695|1324|758|2503|1172|810|489|730|480|80|94|332|381|258|288|74|121|270|332|100|122|170|232|584|532|398|472|186|252|4390|1436|2171|881|2219|827|562|404|483|377|79|102|768|557|496|383|272|277|0|217|0|217|0|217|2686|1147|556|357|2130|970|221|202|35|48|186|189|974|807|188|171|786|773|2258|1511|898|643|1360|1324|1182|652|974|570|208|229|73|89|73|89|0|217|3597|1647|2044|1150|1553|1067|203|243|203|243|0|217|1696|1305|1140|979|556|449|323|352|286|307|37|67|432|259|276|187|156|177|0|217|0|217|0|217|0|217|0|217|0|217|494|345|349|294|145|179
5001800US3626|731166|6422|636235|9022|26025|3185|17342|2486|8683|1856|3216|1434|2353|892|863|678|652|681|652|681|0|217|2717|1140|1629|839|1088|639|265|361|265|361|0|217|1302|712|1193|692|109|138|558|497|521|497|37|6|57|95|57|95|0|217|1844|1060|1220|775|624|569|2479|1397|1795|1031|684|476|720|743|403|364|317|415|2080|1391|1038|877|1042|808|132|204|132|204|0|217|747|634|260|234|487|447|619|708|271|295|348|433|1326|866|903|544|423|521|1856|1322|696|668|1160|856|552|494|356|361|196|238|9719|2945|4083|1401|5636|1878|3867|1798|1708|1010|2159|1198|1777|1272|1080|731|697|892|367|594|367|594|0|217|1709|1414|1493|1384|216|329|596|449|548|448|48|7|5317|2034|2050|924|3267|1740|196|211|196|211|0|217|1290|860|850|533|440|484|0|217|0|217|0|217|718|455|418|284|300|309|0|217|0|217|0|217|893|766|233|343|660|553|6089|2680|3120|1452|2969|1497|600|428|345|261|255|286|303|508|0|217|303|508|7161|2652|5335|2358|1826|872|127|154|127|154|0|217|1098|995|813|680|285|348|1010|678|924|650|86|103|4597|3032|1973|1651|2624|1671|0|217|0|217|0|217|110|192|110|192|0|217|240|283|29|44|211|280
5001800US3702|735109|9949|585799|12496|49662|7373|34337|5590|15325|3977|7532|3344|5713|2831|1819|1105|904|1484|636|1036|268|454|159|181|159|181|0|221|1857|1147|1406|733|451|542|3546|2304|3285|2529|261|428|104|181|0|221|104|181|201|218|201|218|0|221|4208|1443|2936|1102|1272|910|909|909|909|909|0|221|332|284|240|234|92|155|1210|1238|538|468|672|1070|0|221|0|221|0|221|2048|1132|1345|705|703|777|5855|2814|3233|1986|2622|1429|6693|2079|5784|1955|909|541|1045|565|733|420|312|339|519|481|451|399|68|115|2168|1096|1490|790|678|631|3494|1573|2862|1329|632|563|1256|953|880|549|376|479|6716|3068|5691|2822|1025|949|4476|2006|3247|1429|1229|989|4898|2272|4850|2263|48|82|10288|2618|6248|1975|4040|1375|1205|677|319|274|886|632|2302|1409|1360|1076|942|609|46|79|46|79|0|221|3543|2496|2054|2356|1489|799|0|221|0|221|0|221|547|479|312|315|235|340|2995|1919|2462|1655|533|451|2267|955|1651|851|616|529|972|1064|717|789|255|413|4572|2359|2979|1687|1593|910|0|221|0|221|0|221|1138|735|579|484|559|581|6838|4757|6090|4600|748|895|1344|1724|1209|1514|135|225|0|221|0|221|0|221|307|347|270|332|37|63|1154|927|1154|927|0|221
5001800US3714|717423|13383|592010|13538|73610|6462|38843|4305|34767|4407|2916|1166|2606|1094|310|220|130|220|130|220|0|221|853|770|806|731|47|76|1503|1051|1056|812|447|586|2230|1042|1899|934|331|351|312|396|244|404|68|93|1944|916|1568|798|376|276|3663|1989|2786|1913|877|618|377|299|329|268|48|80|259|225|210|212|49|79|1257|1297|766|897|491|591|0|221|0|221|0|221|823|518|682|477|141|139|1544|802|910|595|634|479|2669|1238|2402|1158|267|268|920|702|700|586|220|191|297|438|297|438|0|221|196|268|196|268|0|221|1489|1055|1023|646|466|498|1028|591|635|432|393|321|2684|1374|2487|1316|197|171|1070|711|997|714|73|125|772|512|607|417|165|161|6131|2105|3176|1165|2955|1377|810|499|452|349|358|323|1635|999|1051|768|584|447|273|277|169|206|104|172|5483|2075|2627|1455|2856|1017|57|93|57|93|0|221|1013|576|626|436|387|367|1065|759|464|366|601|672|545|414|445|384|100|167|1032|1198|125|141|907|1189|979|700|656|530|323|257|83|132|83|132|0|221|1113|946|723|612|390|397|920|627|863|618|57|90|952|1040|952|1040|0|221|0|221|0|221|0|221|264|405|0|221|264|405|512|348|512|348|0|221
5001800US3903|739951|12168|620121|13128|32460|4239|18240|2915|14220|2974|4692|1690|3065|1313|1627|885|2536|1436|1218|828|1318|951|345|207|253|208|92|111|1508|1080|600|432|908|996|1114|527|1060|512|54|91|109|78|109|78|0|208|120|124|120|124|0|208|1505|720|1042|559|463|362|74|97|74|97|0|208|459|425|352|385|107|177|608|474|307|329|301|316|0|208|0|208|0|208|507|382|407|307|100|160|352|554|282|440|70|120|2273|1095|1651|891|622|646|1475|992|905|747|570|526|925|1428|341|558|584|884|1409|792|1196|731|213|276|6667|3012|3638|2174|3029|1349|2008|2060|693|522|1315|1900|1315|1052|1315|1052|0|208|658|459|658|459|0|208|413|358|302|344|111|139|5736|1391|3041|1010|2695|1079|800|476|413|323|387|345|2009|981|1074|535|935|719|92|153|92|153|0|208|3009|1642|922|917|2087|1360|139|225|55|90|84|137|629|507|551|473|78|130|1280|1034|743|568|537|666|547|403|402|352|145|187|324|345|182|232|142|172|5538|2954|4481|2845|1057|611|352|403|352|403|0|208|20724|5483|14396|5020|6328|1807|8669|3066|5739|2538|2930|1426|5076|3933|3270|1827|1806|2698|0|208|0|208|0|208|0|208|0|208|0|208|1374|851|782|597|592|503
5001800US3907|734987|7644|648263|9642|16417|2874|11389|2196|5028|1518|1847|868|1284|615|563|530|51|81|29|48|22|35|1622|539|1281|515|341|274|452|392|452|392|0|208|7867|1949|4751|1554|3116|1383|10756|2348|5783|1678|4973|1711|1622|977|1236|909|386|299|1925|816|1228|547|697|387|1127|506|855|408|272|230|4542|2006|3620|1983|922|458|6899|1694|3893|1539|3006|1022|0|208|0|208|0|208|0|208|0|208|0|208|851|914|638|684|213|323|981|689|738|602|243|252|822|798|580|608|242|318|1863|1416|982|759|881|815|277|442|277|442|0|208|2803|1736|781|594|2022|1182|4836|1864|3003|1193|1833|827|1047|661|959|644|88|131|1846|1428|508|366|1338|1315|133|227|133|227|0|208|4393|1500|2545|1009|1848|816|397|398|290|268|107|172|1417|964|1095|971|322|293|0|208|0|208|0|208|932|631|597|375|335|341|658|635|387|483|271|237|135|193|135|193|0|208|89|145|89|145|0|208|911|668|718|629|193|221|0|208|0|208|0|208|5430|1700|4339|1582|1091|666|158|260|109|179|49|81|141|181|141|181|0|208|39|81|0|208|39|81|0|208|0|208|0|208|0|208|0|208|0|208|0|208|0|208|0|208|1438|767|1088|622|350|282
5001800US3911|725735|7493|640020|10097|38745|4094|22570|3140|16175|3188|2730|1427|1567|780|1163|1037|151|101|18|29|133|97|1720|656|1445|583|275|271|268|244|268|244|0|208|1544|644|1290|628|254|171|929|778|929|778|0|208|901|513|625|383|276|250|3153|1334|1390|674|1763|1140|667|541|613|518|54|97|718|493|718|493|0|208|1550|1154|317|227|1233|1134|0|208|0|208|0|208|1560|1324|1261|1282|299|317|435|330|334|240|101|160|1889|874|1813|829|76|120|526|472|301|248|225|344|138|183|138|183|0|208|437|431|437|431|0|208|1945|1209|1248|763|697|912|2492|1020|1470|734|1022|636|169|188|169|188|0|208|408|283|285|251|123|142|424|562|424|562|0|208|3999|1692|1930|1048|2069|933|531|600|420|524|111|188|874|431|545|311|329|258|0|208|0|208|0|208|530|316|410|285|120|110|600|540|293|272|307|390|278|287|278|287|0|208|572|587|467|444|105|171|934|571|604|455|330|335|175|259|54|69|121|193|4167|1496|2515|979|1652|764|761|929|344|299|417|677|187|315|0|208|187|315|3777|2077|2828|1728|949|744|3361|3530|2386|2453|975|1450|0|208|0|208|0|208|134|209|134|209|0|208|1336|629|1034|616|302|208
5001800US3915|732603|13778|647321|13864|26667|4202|12341|2292|14326|3089|3681|1875|2095|1122|1586|1491|660|775|0|208|660|775|383|360|259|235|124|182|1118|924|501|339|617|845|1423|666|1270|602|153|171|503|364|503|364|0|208|193|319|193|319|0|208|1399|1159|1075|1048|324|297|249|310|176|289|73|120|0|208|0|208|0|208|553|426|348|365|205|234|160|259|102|165|58|94|325|320|325|320|0|208|1860|1362|686|627|1174|917|2101|1299|1540|944|561|730|4673|2630|3769|2285|904|621|615|566|615|566|0|208|380|456|380|456|0|208|4409|2539|2702|1769|1707|1480|324|244|324|244|0|208|873|844|830|789|43|76|199|158|91|84|108|180|484|360|380|317|104|175|2452|1313|1456|870|996|747|1451|869|447|435|1004|668|446|401|318|309|128|215|0|208|0|208|0|208|957|868|506|444|451|460|1439|758|753|547|686|466|1271|1017|368|308|903|752|196|326|0|208|196|326|1016|624|1016|624|0|208|1055|719|818|758|237|279|9747|4643|6616|3653|3131|1838|0|208|0|208|0|208|6350|2485|3821|1807|2529|1414|3766|1510|2657|1454|1109|740|1607|1333|809|924|798|694|0|208|0|208|0|208|147|239|147|239|0|208|150|187|150|187|0|208
5001800US4001|757464|3315|649995|5127|73783|2856|42932|2602|30851|2145|1358|590|609|412|749|462|0|165|0|165|0|165|271|234|213|215|58|96|1450|827|908|500|542|418|1482|576|1343|544|139|135|133|132|109|127|24|39|237|239|158|200|79|92|892|661|743|634|149|181|720|495|612|369|108|176|0|165|0|165|0|165|211|183|163|163|48|79|179|299|139|231|40|68|243|191|179|164|64|57|533|392|413|340|120|141|492|344|433|302|59|98|0|165|0|165|0|165|0|165|0|165|0|165|0|165|0|165|0|165|185|156|113|105|72|117|1597|990|978|607|619|798|699|507|617|455|82|132|70|113|49|79|21|35|712|602|404|350|308|387|1178|623|713|425|465|342|539|438|371|349|168|156|920|437|211|187|709|394|4218|1222|2899|1005|1319|575|3718|966|1117|409|2601|831|27|44|27|44|0|165|458|382|458|382|0|165|3772|1304|1284|709|2488|950|942|378|562|292|380|240|1190|665|797|523|393|224|1167|742|901|543|266|247|329|311|329|311|0|165|221|208|221|208|0|165|1025|783|879|783|146|163|790|694|352|260|438|584|0|165|0|165|0|165|1578|753|1323|674|255|212|150|235|130|218|20|32
5001800US4101|680650|9741|532008|10833|72100|5954|47505|5226|24595|4676|2625|947|2194|900|431|403|121|201|121|201|0|214|1162|605|1162|605|0|214|537|591|391|469|146|170|1850|857|1824|854|26|47|177|168|133|145|44|74|1118|1691|1118|1691|0|214|3241|1485|2041|1201|1200|696|329|230|329|230|0|214|894|693|317|262|577|507|1897|1758|1150|895|747|917|87|146|48|81|39|65|1078|645|621|412|457|328|82|134|82|134|0|214|3937|1773|3674|1700|263|222|370|343|370|343|0|214|355|413|206|286|149|272|1732|949|1497|872|235|243|3916|1764|3182|1455|734|627|1783|683|1547|658|236|173|3604|2075|3047|1790|557|690|2336|1426|1962|1290|374|366|2202|1261|1740|909|462|658|8688|2115|5417|1672|3271|1346|2676|1028|2336|1014|340|278|3802|1440|2218|923|1584|784|537|548|348|331|189|246|6214|1629|3025|953|3189|1282|1443|1331|433|361|1010|1279|1860|1127|1002|785|858|649|1178|1300|152|180|1026|1288|4390|1343|3629|1308|761|411|1508|951|1109|838|399|358|2200|1429|1889|1280|311|321|523|533|280|323|243|281|2910|2655|1885|1924|1025|936|913|740|746|675|167|258|731|556|658|520|73|126|0|214|0|214|0|214|43|84|43|84|0|214|1493|1090|1314|1003|179|240
5001800US4201|726308|6311|628414|9308|28123|4044|17886|3011|10237|2084|2444|1630|1730|1225|714|925|624|635|300|351|324|350|1414|607|1142|587|272|222|1688|831|1058|665|630|495|1812|724|1622|675|190|169|1482|1367|1482|1367|0|190|506|389|506|389|0|190|9820|2665|5611|1889|4209|1369|1020|639|577|293|443|573|155|261|81|135|74|126|3374|1711|2039|1133|1335|992|313|444|313|444|0|190|443|307|143|143|300|255|9313|2392|5364|1544|3949|1387|1268|1017|1268|1017|0|190|829|510|643|412|186|210|694|692|478|467|216|307|1885|1694|755|888|1130|1090|1180|769|856|555|324|291|1922|1403|963|805|959|667|1360|880|1060|755|300|396|1308|872|553|415|755|650|2904|1365|1932|934|972|676|4702|1467|1968|723|2734|1162|792|420|640|380|152|192|3355|1461|1646|910|1709|865|0|190|0|190|0|190|2206|1526|703|628|1503|1247|313|480|201|309|112|176|100|168|42|72|58|99|1360|1102|725|796|635|490|543|441|543|441|0|190|83|101|38|66|45|76|4417|3088|2397|2017|2020|1894|142|173|142|173|0|190|173|291|173|291|0|190|1032|746|780|643|252|438|207|173|155|147|52|90|0|190|0|190|0|190|0|190|0|190|0|190|2588|2044|748|562|1840|1743
5001800US4202|669902|16474|413827|16714|139942|8254|67879|8307|72063|8119|3169|1950|2363|1570|806|1216|3994|3529|1899|1725|2095|1970|1003|506|732|435|271|253|9089|4249|3094|2013|5995|3296|1072|688|953|681|119|208|379|458|379|458|0|190|1449|1079|971|862|478|328|11636|2781|3857|1750|7779|1788|1979|1138|1021|646|958|704|85|146|85|146|0|190|5138|2162|1039|567|4099|2098|218|261|218|261|0|190|1387|1413|718|667|669|802|2071|1233|1896|1128|175|198|520|472|215|224|305|329|1044|767|538|382|506|559|1341|1298|711|678|630|863|3490|2518|1293|1152|2197|1746|1398|1081|451|545|947|796|5716|2145|2633|1368|3083|1486|323|331|167|210|156|189|378|418|378|418|0|190|5528|1973|2563|1084|2965|1543|18591|3707|4821|1509|13770|2889|407|365|363|357|44|68|2482|1640|938|780|1544|1245|104|167|104|167|0|190|7917|2537|2679|1214|5238|1761|4004|1890|1582|884|2422|1225|735|622|302|348|433|362|4768|3063|1625|904|3143|2442|2237|1472|1295|1155|942|999|66|110|66|110|0|190|7536|4113|4567|3100|2969|2028|259|350|259|350|0|190|456|469|5|20|451|470|1919|1305|1180|1008|739|863|1322|2056|511|692|811|1392|0|190|0|190|0|190|0|190|0|190|0|190|923|567|692|533|231|285
5001800US4204|738926|9171|643256|10043|27115|3286|17728|2704|9387|2090|2499|1113|2003|1086|496|368|1189|980|708|680|481|555|3575|1542|2368|1013|1207|837|1989|1605|1959|1604|30|50|2091|1136|1382|684|709|685|3286|2596|3053|2612|233|149|1153|713|980|542|173|222|2779|1462|2234|1450|545|274|371|299|191|261|180|178|64|111|64|111|0|190|2232|989|1521|695|711|551|141|154|141|154|0|190|345|387|207|272|138|209|3123|1589|2453|1217|670|600|4007|2242|3443|1777|564|542|1190|1029|987|782|203|324|0|190|0|190|0|190|3608|2852|2151|1791|1457|1270|385|459|335|383|50|86|1473|853|1166|732|307|235|997|926|997|926|0|190|706|640|653|580|53|88|1468|832|1322|786|146|187|8239|1925|4382|1307|3857|1153|110|139|60|112|50|84|6854|2626|3003|1543|3851|1414|32|50|30|49|2|12|3075|1860|1080|929|1995|1286|353|387|232|229|121|194|72|113|72|113|0|190|534|469|346|376|188|228|2319|1302|2053|1277|266|309|821|1056|467|594|354|475|3322|2158|2513|1783|809|661|548|319|539|319|9|2|961|634|554|631|407|289|944|715|688|575|256|299|137|180|137|180|0|190|0|190|0|190|0|190|616|861|616|861|0|190|947|815|903|813|44|74
5001800US4205|725057|7898|616182|10369|29937|5125|13810|3133|16127|4281|5140|2630|2403|1232|2737|2323|3643|2513|1930|1669|1713|1217|3602|1156|2315|846|1287|646|689|473|394|383|295|243|1133|527|901|476|232|205|482|308|482|308|0|190|1743|1181|1141|919|602|470|1124|660|913|597|211|234|1291|724|660|467|631|497|448|524|380|432|68|110|1252|633|985|586|267|243|861|581|802|531|59|99|730|642|730|642|0|190|1388|923|955|728|433|491|2054|1573|1612|1347|442|383|1165|947|513|556|652|635|264|306|188|264|76|129|2447|1194|1181|606|1266|738|1113|600|839|522|274|293|2417|1696|881|553|1536|1538|1215|901|1138|830|77|125|772|680|559|521|213|339|2408|1660|1944|1503|464|539|13034|2717|7331|1751|5703|1899|339|294|339|294|0|190|4157|1881|2640|1546|1517|736|57|4|0|190|57|4|5143|1895|1459|681|3684|1526|1024|862|597|587|427|439|221|272|184|249|37|65|550|320|356|249|194|187|2453|903|1901|772|552|327|170|273|0|190|170|273|2580|1213|1869|1041|711|671|46|76|46|76|0|190|2156|1906|647|569|1509|1529|6188|2502|3056|1611|3132|1684|0|190|0|190|0|190|0|190|0|190|0|190|0|190|0|190|0|190|3439|1953|1679|1198|1760|1179
5001800US4207|733878|3267|585865|6994|108751|5371|57599|5132|51152|4638|1697|744|1387|694|310|300|309|342|309|342|0|190|775|368|469|257|306|225|3008|1898|1316|996|1692|1591|2070|971|1740|942|330|231|712|313|342|205|370|263|1063|935|981|909|82|137|809|457|609|439|200|144|943|543|276|242|667|440|591|574|492|428|99|158|756|467|277|229|479|345|0|190|0|190|0|190|99|132|99|132|0|190|826|560|484|391|342|417|1087|764|786|601|301|366|815|552|767|555|48|85|615|610|138|172|477|617|0|190|0|190|0|190|1233|849|791|580|442|543|1229|695|707|525|522|398|653|625|255|258|398|413|861|841|740|666|121|202|434|361|434|361|0|190|5274|1787|2820|1254|2454|967|506|371|321|239|185|181|745|603|96|163|649|627|0|190|0|190|0|190|2614|1048|1493|624|1121|754|412|601|0|190|412|601|0|190|0|190|0|190|316|265|0|190|316|265|649|509|498|449|151|175|355|266|177|186|178|166|5360|2209|3110|1469|2250|1172|85|142|85|142|0|190|491|732|372|534|119|210|1096|842|672|632|424|365|422|311|422|311|0|190|0|190|0|190|0|190|0|190|0|190|0|190|352|370|284|272|68|113
5001800US4212|721142|10187|660896|10006|15092|2645|11273|2228|3819|1354|1575|898|1444|742|131|207|404|607|404|607|0|190|2929|978|1776|725|1153|474|1008|485|787|414|221|261|1799|678|1667|675|132|166|341|233|259|209|82|102|562|425|552|425|10|2|2626|844|1585|692|1041|502|557|398|540|399|17|5|1197|867|1146|828|51|85|1171|808|814|581|357|290|0|190|0|190|0|190|161|200|161|200|0|190|435|254|435|254|0|190|1606|801|1305|789|301|205|142|160|142|160|0|190|173|147|149|143|24|41|964|631|733|500|231|273|6327|2644|1558|918|4769|2371|151|171|151|171|0|190|614|400|581|377|33|55|685|509|635|460|50|83|299|290|226|279|73|120|8063|1635|4725|966|3338|1174|815|471|248|212|567|371|1813|725|1262|656|551|500|98|90|98|90|0|190|560|455|315|250|245|295|0|190|0|190|0|190|38|48|28|36|10|18|2466|1165|1360|624|1106|754|835|561|729|535|106|155|124|66|89|27|35|61|2089|1165|1495|900|594|476|303|293|218|260|85|141|737|491|671|495|66|111|431|349|431|349|0|190|610|486|285|277|325|235|0|190|0|190|0|190|0|190|0|190|0|190|446|422|446|422|0|190
5001800US4803|796160|11186|598163|12958|79472|7396|55805|6058|23667|3721|1438|649|1268|612|170|150|108|181|0|237|108|181|0|237|0|237|0|237|1860|1025|1292|654|568|522|2152|1081|1819|947|333|396|757|805|624|597|133|223|1063|1311|1063|1311|0|237|2635|1565|1230|736|1405|1074|203|166|141|181|62|101|471|365|395|295|76|126|1977|2066|1569|1955|408|485|536|609|303|314|233|326|3850|1693|2349|1276|1501|830|2662|1344|1877|1270|785|553|10570|3011|9328|2883|1242|538|7084|2963|6289|2821|795|570|2381|1530|1375|1075|1006|814|2265|1226|1785|920|480|650|6071|2691|4133|1804|1938|1399|2032|1463|1317|936|715|691|6115|2032|5606|1926|509|364|5980|2345|4946|2072|1034|656|2034|1233|1882|1146|152|190|18234|4203|10596|3450|7638|1619|2045|1224|1350|887|695|740|3591|1395|2135|854|1456|758|0|237|0|237|0|237|10087|3640|5143|2067|4944|2138|163|276|0|237|163|276|578|467|265|320|313|361|2292|1731|531|437|1761|1616|1368|969|1190|802|178|228|995|718|833|660|162|264|6711|2949|4149|1928|2562|1290|533|436|296|240|237|280|2212|1527|985|824|1227|1175|2558|1397|2230|1192|328|530|2071|1577|1921|1520|150|184|0|237|0|237|0|237|568|477|568|477|0|237|275|321|241|272|34|56
5001800US4804|773144|12214|589492|13056|85139|8293|51609|5957|33530|5299|2598|1257|2360|1202|238|200|0|237|0|237|0|237|286|325|286|325|0|237|588|489|376|450|212|202|2831|1496|2163|962|668|728|680|508|680|508|0|237|399|418|319|309|80|132|2257|1020|1361|761|896|571|564|539|564|539|0|237|549|473|383|330|166|199|767|492|425|315|342|315|152|266|152|266|0|237|2769|1559|1757|1043|1012|1029|2265|1500|1504|1250|761|662|9209|2509|8472|2316|737|503|2793|1591|2306|1383|487|397|1131|1244|1131|1244|0|237|1848|1160|1516|981|332|335|3955|1418|3474|1339|481|323|1263|1124|1076|1034|187|227|14061|3211|10880|2293|3181|1485|10459|4490|9370|4336|1089|1279|4443|1771|3813|1657|630|758|7466|1928|4651|1297|2815|1019|1380|975|713|493|667|855|3670|1865|2259|1291|1411|862|0|237|0|237|0|237|6331|2356|4342|1577|1989|1164|627|592|565|544|62|96|1502|859|746|493|756|462|287|264|192|166|95|113|2586|1326|2345|1267|241|247|245|259|245|259|0|237|4283|1951|3485|1862|798|655|405|315|405|315|0|237|784|681|683|576|101|129|1412|1008|1077|925|335|333|1521|967|953|796|568|598|0|237|0|237|0|237|147|245|147|245|0|237|0|237|0|237|0|237
5001800US4807|729380|18792|358851|15634|202538|14348|95483|9559|107055|9271|7477|2380|6324|2135|1153|1119|492|560|408|519|84|101|1246|996|1032|915|214|218|1319|740|1008|570|311|241|1663|1360|1614|1356|49|82|630|516|630|516|0|237|608|566|465|478|143|158|667|437|526|380|141|171|440|459|403|443|37|61|345|325|345|325|0|237|1078|871|972|817|106|172|62|102|62|102|0|237|4910|2622|1958|1144|2952|1913|4239|2534|2812|1663|1427|1065|8169|3454|7042|3246|1127|702|22008|7038|15347|4826|6661|2909|207|274|207|274|0|237|2008|1690|1138|1119|870|909|3492|1888|2203|1524|1289|807|871|513|780|437|91|109|1872|1120|1389|795|483|614|2391|1406|2038|1354|353|296|3775|2278|2663|1505|1112|1150|27791|5281|13285|3076|14506|3758|1190|718|445|402|745|586|1233|631|980|462|253|300|0|237|0|237|0|237|22713|4758|8613|2052|14100|3538|211|272|74|123|137|162|1182|744|964|718|218|191|4144|2728|2457|1607|1687|1216|6395|1924|5244|1638|1151|584|668|444|469|318|199|222|10712|3601|7483|2596|3229|1930|774|607|732|602|42|70|2964|1257|1499|742|1465|930|14747|4549|13700|4360|1047|740|522|711|57|98|465|703|0|237|0|237|0|237|0|237|0|237|0|237|2776|2070|1703|1249|1073|1410
5001800US4824|714545|15131|563870|15269|76827|8363|52354|6698|24473|4331|4289|1651|2547|1245|1742|1044|621|722|387|619|234|375|1118|547|1045|549|73|120|933|542|762|543|171|164|1321|583|1159|502|162|179|832|749|832|749|0|237|221|200|221|200|0|237|787|537|743|530|44|73|158|216|158|216|0|237|49|82|0|237|49|82|93|109|93|109|0|237|0|237|0|237|0|237|1507|903|1129|685|378|368|2047|1077|1321|816|726|557|3780|1722|3712|1722|68|114|2544|1446|1940|1111|604|455|214|230|214|230|0|237|876|814|440|362|436|560|9620|5397|8142|5186|1478|1006|545|479|470|428|75|127|4973|2640|3962|2161|1011|657|1500|752|1325|636|175|224|1244|673|910|554|334|279|6562|1970|4049|1251|2513|1367|1148|698|585|496|563|447|5100|2434|3146|1668|1954|953|62|103|62|103|0|237|5006|1885|2469|1039|2537|1059|349|318|171|175|178|243|2379|1606|1897|1388|482|357|500|565|216|263|284|315|2444|1034|1854|777|590|437|99|114|46|78|53|82|7086|4292|4316|3057|2770|1444|367|329|226|197|141|172|520|582|173|203|347|555|1066|874|1066|874|0|237|1281|1152|1131|1136|150|149|0|237|0|237|0|237|431|701|431|701|0|237|176|173|176|173|0|237
5001800US4826|785468|10965|609944|12240|90569|7915|56254|6127|34315|5887|2214|1577|1986|1558|228|215|0|237|0|237|0|237|79|130|79|130|0|237|2264|1338|1500|977|764|570|827|489|677|427|150|171|430|374|430|374|0|237|280|217|152|126|128|208|1946|1160|1684|1115|262|284|995|904|952|904|43|71|304|483|304|483|0|237|925|779|925|779|0|237|81|135|0|237|81|135|1244|907|851|604|393|416|2405|1974|1415|1136|990|895|3611|1502|3149|1266|462|327|4865|1959|4242|1778|623|513|309|367|247|284|62|106|832|686|463|403|369|303|4195|1842|3435|1644|760|601|2203|1448|1588|938|615|772|7599|2297|6651|2082|948|528|3464|1646|3068|1385|396|348|3302|1225|1799|849|1503|769|4610|1463|2818|1110|1792|795|325|307|228|307|97|91|12024|3058|5526|2092|6498|1834|0|237|0|237|0|237|7036|2246|4081|1525|2955|1388|1264|1138|626|585|638|607|389|313|271|232|118|156|2183|1987|1139|1104|1044|1036|3605|1873|3411|1839|194|204|247|303|150|159|97|168|3472|1788|2983|1656|489|553|147|254|147|254|0|237|306|366|263|343|43|78|2587|1963|2355|1747|232|303|1911|983|1824|946|87|157|0|237|0|237|0|237|0|237|0|237|0|237|475|494|475|494|0|237
5001800US4832|736164|18806|434413|15269|216161|16242|122083|10596|94078|9561|5567|2521|3744|1962|1823|955|486|536|204|252|282|474|217|215|217|215|0|237|2881|1576|1477|1259|1404|934|831|565|769|555|62|102|350|384|350|384|0|237|92|107|45|76|47|78|613|633|613|633|0|237|240|323|240|323|0|237|333|433|165|191|168|277|384|528|216|255|168|279|0|237|0|237|0|237|2731|1317|917|696|1814|983|1542|1039|1356|966|186|190|2803|1190|2334|1055|469|510|5093|2638|3844|1927|1249|876|714|750|426|526|288|359|2201|1963|1036|905|1165|1730|918|679|777|635|141|163|1360|770|837|511|523|465|1699|804|1518|746|181|236|868|460|741|368|127|197|1860|901|1613|865|247|284|5367|1260|2574|802|2793|929|270|310|134|213|136|225|4198|1791|2302|1094|1896|910|0|237|0|237|0|237|10509|2808|5070|1708|5439|1777|1484|848|750|628|734|586|169|228|169|228|0|237|2131|1167|1083|805|1048|654|1550|944|1203|836|347|288|311|349|223|251|88|147|3344|1580|2294|1054|1050|701|69|81|69|81|0|237|9966|3511|5289|2081|4677|2263|6776|2433|6262|2332|514|424|5177|3552|4040|2910|1137|1089|0|237|0|237|0|237|0|237|0|237|0|237|486|445|486|445|0|237
5001800US4837|747401|15560|538288|13854|137920|11975|84864|7888|53056|8920|2328|997|1968|891|360|325|228|259|185|252|43|82|1298|862|1098|785|200|321|2021|1369|1419|943|602|574|1661|1225|1603|1212|58|76|94|112|94|112|0|237|78|129|78|129|0|237|1775|906|1281|727|494|448|520|381|432|357|88|147|519|602|171|147|348|579|227|222|94|117|133|227|0|237|0|237|0|237|2119|1744|1388|1075|731|782|1559|1213|1312|1172|247|214|6589|2694|5398|2191|1191|975|2597|1468|2347|1391|250|323|79|131|79|131|0|237|329|321|329|321|0|237|3522|2575|2530|1782|992|859|2156|1230|1799|1040|357|333|2738|1356|2289|1276|449|400|3200|1682|2216|1165|984|674|975|718|839|639|136|247|12810|2610|9047|2331|3763|1288|952|782|544|526|408|333|3399|1347|1952|902|1447|789|0|237|0|237|0|237|3853|1275|2039|899|1814|878|134|203|54|91|80|145|712|610|95|129|617|592|1718|941|1386|745|332|335|1509|991|1165|762|344|441|249|316|249|316|0|237|2518|1544|1763|1250|755|689|856|821|856|821|0|237|441|507|153|233|288|356|3463|3115|2541|2555|922|942|1394|1199|1295|1171|99|162|0|237|0|237|0|237|96|155|96|155|0|237|477|570|367|519|110|190
5001800US4838|722604|22820|489330|17434|141966|13916|86385|11030|55581|7819|2729|1420|2469|1383|260|226|0|237|0|237|0|237|1511|1825|1511|1825|0|237|3889|1971|3482|1822|407|261|3481|2302|3306|2230|175|209|254|208|254|208|0|237|301|314|301|314|0|237|2193|1163|1990|1117|203|178|417|395|336|278|81|137|560|517|178|294|382|314|2439|2407|1326|1532|1113|1386|0|237|0|237|0|237|2113|1283|1515|1094|598|399|4777|3926|4033|3820|744|443|3676|1459|3494|1439|182|174|4986|2405|3495|1612|1491|984|3866|2195|2405|1450|1461|1093|1649|1194|1259|1011|390|645|2730|1660|2286|1454|444|468|2586|1476|2062|1185|524|549|1239|983|1096|897|143|189|1545|1950|1509|1948|36|62|854|622|733|506|121|147|11154|3605|8246|3290|2908|1200|1936|1103|845|568|1091|848|2432|949|1141|617|1291|650|0|237|0|237|0|237|13775|3486|5941|1874|7834|2173|447|409|253|252|194|330|147|138|147|138|0|237|964|770|539|415|425|509|2717|1103|1752|880|965|713|503|567|366|419|137|199|3640|2211|3064|2052|576|447|267|311|91|109|176|294|156|221|156|221|0|237|4522|2433|4123|2383|399|485|557|766|557|766|0|237|0|237|0|237|0|237|0|237|0|237|0|237|296|380|245|366|51|90
5001800US5107|750458|11726|575124|11677|93811|7439|54110|5237|39701|5456|3121|1277|2132|915|989|628|2313|1768|495|702|1818|1608|1408|860|1295|860|113|135|1586|1774|880|902|706|903|1653|707|1653|707|0|214|110|99|110|99|0|214|897|680|897|680|0|214|2035|1135|1494|899|541|352|381|339|290|243|91|149|57|106|57|106|0|214|470|539|470|539|0|214|0|214|0|214|0|214|5774|2497|3034|1572|2740|1606|1061|679|986|618|75|95|612|433|612|433|0|214|5530|3318|4665|3024|865|646|956|835|331|278|625|756|2363|1517|1969|1358|394|369|1297|753|802|742|495|360|3813|1903|2068|1174|1745|1311|308|377|243|278|65|116|722|841|722|841|0|214|439|564|141|190|298|386|2491|982|1807|849|684|392|1201|766|617|356|584|514|3753|1754|1058|582|2695|1438|0|214|0|214|0|214|1434|898|679|444|755|580|527|680|48|92|479|655|1116|657|761|550|355|343|869|817|221|268|648|659|6655|2121|5226|1694|1429|767|1759|1291|956|793|803|591|4894|2449|3241|2076|1653|1049|0|214|0|214|0|214|7162|3309|4228|1754|2934|1821|10430|3195|6631|1912|3799|2118|2068|1413|1693|1137|375|508|0|214|0|214|0|214|34|62|34|62|0|214|224|193|224|193|0|214
5001800US5108|720733|11748|477897|10729|105846|8953|61148|6367|44698|6394|4928|1449|4051|1209|877|682|480|570|480|570|0|214|2234|749|2068|711|166|167|1850|961|1638|949|212|172|2249|749|2203|745|46|73|1134|957|799|621|335|431|672|508|365|325|307|290|2416|1012|1961|804|455|412|216|197|216|197|0|214|840|600|368|357|472|491|1190|817|715|526|475|390|495|508|495|508|0|214|6916|2276|3416|1260|3500|1502|709|496|631|454|78|104|4497|2099|3716|1867|781|447|3707|1670|1641|729|2066|1419|301|299|81|139|220|242|3018|1317|1873|857|1145|799|2481|1895|1858|1354|623|695|4110|2414|3226|2198|884|802|1159|583|1111|560|48|79|1932|2328|1886|2319|46|78|534|409|534|409|0|214|12842|2464|7675|1556|5167|1716|1727|1083|1021|657|706|534|8498|2015|4165|1169|4333|1528|180|300|180|300|0|214|8612|2393|3276|1251|5336|1918|1332|1393|680|653|652|766|2640|1066|1486|656|1154|752|3425|1840|2030|1120|1395|1025|4158|1273|3521|1133|637|375|1301|742|843|573|458|429|15249|4278|9340|2628|5909|2640|813|516|755|492|58|97|21087|4518|13829|3282|7258|2212|3273|1631|2505|1326|768|759|1115|784|805|618|310|497|0|214|0|214|0|214|0|214|0|214|0|214|2670|1359|1859|1084|811|757
5001800US5110|756361|12331|506902|13242|108850|7015|66316|5734|42534|4748|3300|1268|2788|1050|512|432|343|461|343|461|0|214|2046|2152|1521|1485|525|686|907|517|826|498|81|137|2761|1031|2557|972|204|165|788|508|788|508|0|214|869|718|741|606|128|154|2160|1056|1356|770|804|583|472|392|354|301|118|148|240|402|240|402|0|214|669|677|531|497|138|223|0|214|0|214|0|214|9075|3089|5269|2470|3806|1168|1455|964|1025|709|430|378|9915|2780|7387|2182|2528|1118|7797|3243|4005|1585|3792|1870|5199|2763|3675|1973|1524|1028|2763|2062|2193|1509|570|606|9522|3220|6880|2492|2642|1190|4967|3026|2913|1920|2054|1255|11378|2858|9129|2388|2249|881|5901|2961|5184|2668|717|557|1618|1185|1618|1185|0|214|7195|2094|5296|1658|1899|831|841|545|585|433|256|243|7544|2604|4030|1580|3514|1536|0|214|0|214|0|214|9999|2930|5675|1771|4324|1661|623|712|243|289|380|536|1214|827|539|428|675|503|4621|2023|2594|1415|2027|885|4758|1769|3324|1371|1434|854|1359|868|1225|854|134|135|11041|3485|7512|2369|3529|1605|65|110|65|110|0|214|1855|902|1145|656|710|504|2736|1536|2135|1260|601|496|1768|1051|1389|897|379|410|0|214|0|214|0|214|141|240|141|240|0|214|704|596|508|474|196|243
5001800US5111|739023|11769|464769|12570|81742|8246|47980|5821|33762|4532|3783|1294|3262|1239|521|374|0|214|0|214|0|214|2098|1365|1918|1340|180|304|1399|846|962|577|437|491|1713|694|1562|652|151|147|729|355|668|348|61|101|1272|592|1247|584|25|41|3658|1497|2404|991|1254|651|255|208|130|105|125|149|901|642|835|615|66|109|1011|558|746|506|265|226|1432|1357|1432|1357|0|214|9734|2768|6238|1700|3496|1645|2458|1393|2028|1390|430|272|9148|3028|7128|1987|2020|2182|7474|2735|5292|1980|2182|985|1500|1056|1101|918|399|298|6234|3368|2968|1576|3266|2919|8615|3548|6147|2522|2468|1399|3729|1600|2518|1113|1211|930|8874|2702|7836|2417|1038|743|4016|1159|3605|1102|411|273|2056|1200|1877|1069|179|234|18198|2453|10883|1920|7315|1554|2040|967|1508|784|532|503|25217|3502|13179|2248|12038|2259|0|214|0|214|0|214|17080|3548|8039|2823|9041|2040|828|604|371|324|457|413|2842|1651|1284|673|1558|1225|4111|1715|2565|1234|1546|977|8381|2267|6370|1860|2011|1069|347|244|299|250|48|80|14277|4863|11581|3918|2696|1326|181|179|181|179|0|214|8824|2648|6154|2239|2670|1152|4393|2568|4061|2456|332|288|1875|1132|1748|1106|127|153|0|214|0|214|0|214|0|214|0|214|0|214|1829|982|1459|890|370|389
5001800US5301|736984|10910|508437|11264|40660|5972|25925|3948|14735|3496|3166|1110|2920|1011|246|246|0|214|0|214|0|214|353|402|197|215|156|203|3963|1770|2376|1038|1587|1369|1830|691|1736|647|94|111|1319|940|1175|910|144|234|202|207|202|207|0|214|12793|4111|8687|3092|4106|1641|2013|2239|1962|2232|51|83|701|567|613|495|88|144|4577|2076|1953|1090|2624|1300|640|794|545|639|95|164|5039|1707|2959|1252|2080|1007|2551|1257|2551|1257|0|214|19397|3566|16611|3083|2786|1219|2371|1378|1464|744|907|753|1891|1097|891|496|1000|812|2326|1668|2277|1663|49|80|3456|1713|2760|1576|696|453|4992|2769|3845|2508|1147|829|12096|4066|8414|2753|3682|2335|5373|1979|4761|1689|612|492|4074|2314|3332|2179|742|541|38837|4622|24209|3455|14628|2826|5730|2209|4152|1806|1578|749|10605|3007|5506|1783|5099|1794|597|693|403|495|194|312|6846|2547|3063|1602|3783|1695|1195|851|428|589|767|578|3753|2122|1242|780|2511|1976|1230|764|878|523|352|339|7010|1959|4618|1362|2392|1339|3865|2112|2635|1178|1230|1144|5339|1940|4587|1829|752|425|2058|1563|1976|1543|82|137|2432|1325|2002|1231|430|335|991|604|685|523|306|339|790|693|790|693|0|214|0|214|0|214|0|214|1213|953|1072|898|141|227|273|307|174|222|99|116
5001800US5302|743708|8095|612337|11822|62994|6578|37191|4334|25803|4225|1795|770|1746|774|49|89|0|214|0|214|0|214|471|364|423|351|48|71|296|382|215|348|81|133|2171|848|2025|832|146|145|1374|705|1144|577|230|366|0|214|0|214|0|214|4137|1942|2613|2000|1524|714|522|726|21|38|501|725|380|265|297|246|83|100|5225|3582|3239|2553|1986|1297|98|163|98|163|0|214|1386|856|495|363|891|703|238|333|148|187|90|158|909|669|532|395|377|413|1021|836|682|543|339|356|3664|1556|2059|1120|1605|844|209|225|209|225|0|214|1058|858|658|706|400|496|2295|957|1867|877|428|388|462|453|391|392|71|118|0|214|0|214|0|214|61|102|61|102|0|214|4572|1338|1967|730|2605|1006|1864|857|1087|566|777|706|5835|2314|2155|1170|3680|1791|359|259|107|186|252|241|6534|2442|2774|1241|3760|1440|499|421|88|109|411|395|2258|1714|1441|1186|817|623|1548|1359|1128|1308|420|354|5674|1248|3938|1030|1736|728|3383|1165|2710|1209|673|400|1988|1137|1333|828|655|450|45|56|45|56|0|214|3095|1732|1192|721|1903|1245|836|712|440|362|396|379|807|700|652|620|155|235|18|29|18|29|0|214|648|420|588|359|60|109|642|415|628|413|14|22
5001800US5307|752065|11312|587387|12590|38755|5441|27517|4203|11238|2421|4969|1413|4721|1371|248|221|0|214|0|214|0|214|2182|1173|1996|1087|186|219|2136|1351|1673|926|463|527|5168|1914|4650|1867|518|404|357|322|357|322|0|214|655|449|573|381|82|137|3454|1187|2712|1022|742|661|1149|647|874|532|275|358|1970|1327|1522|1071|448|387|1686|707|1485|704|201|238|0|214|0|214|0|214|1124|620|957|531|167|227|750|520|526|388|224|271|8465|2287|7816|2221|649|438|1273|848|1225|808|48|80|1308|994|888|669|420|377|1136|1411|1031|1401|105|179|1867|893|1798|883|69|118|2374|931|2243|898|131|161|2013|938|1670|850|343|420|1479|857|1479|857|0|214|1011|656|724|491|287|228|28687|3661|20625|3229|8062|1591|3377|1093|2246|801|1131|566|6769|1851|4892|1414|1877|855|244|400|244|400|0|214|11098|2915|7100|2307|3998|1375|1112|866|520|381|592|554|1940|1051|1061|752|879|618|901|638|716|555|185|216|6134|1740|4854|1392|1280|699|1233|749|788|635|445|356|2746|1391|2004|979|742|629|515|360|458|349|57|98|10687|3812|6558|3212|4129|1418|448|426|448|426|0|214|2649|1653|2193|1279|456|533|0|214|0|214|0|214|202|293|202|293|0|214|655|361|495|314|160|210
5001800US5308|719422|15614|581499|13765|44628|5489|29497|4146|15131|3146|1986|884|1807|843|179|170|132|120|132|120|0|214|1006|631|908|585|98|118|1565|1014|1272|1017|293|277|1560|719|1192|572|368|263|896|576|750|503|146|170|489|398|489|398|0|214|8298|4101|4599|2249|3699|2082|529|608|346|427|183|305|284|327|168|162|116|196|4203|2480|2952|1943|1251|799|252|413|252|413|0|214|1083|743|463|415|620|628|1491|1273|1367|1246|124|197|5701|1878|5497|1832|204|164|854|757|679|577|175|291|3079|1818|1007|686|2072|1292|825|922|799|920|26|43|2821|1545|1895|1219|926|705|1036|545|954|522|82|96|3949|1965|3669|1921|280|270|2566|1131|2325|1080|241|268|2714|1568|2455|1501|259|209|14590|2475|8295|1583|6295|1649|1855|705|1477|597|378|265|5275|2693|1474|874|3801|2028|1037|1701|0|214|1037|1701|4802|1932|1435|739|3367|1396|462|423|195|314|267|268|1914|1545|968|799|946|846|2891|1890|2014|1279|877|691|4565|1718|2793|1061|1772|1029|3127|1804|2226|1453|901|741|1997|1058|1406|825|591|455|446|530|360|450|86|103|589|572|468|522|121|149|650|551|637|552|13|23|880|734|552|394|328|397|0|214|0|214|0|214|614|759|614|759|0|214|282|275|182|175|100|165
5001800US5309|711215|13910|421302|13968|78444|8392|42848|5213|35596|4941|3448|1249|3340|1233|108|135|1216|1204|802|848|414|409|257|220|118|141|139|173|1513|970|593|511|920|815|852|561|778|517|74|86|377|306|316|270|61|103|82|136|82|136|0|214|9419|3447|5180|2296|4239|1612|634|414|213|224|421|363|1561|1558|1019|1442|542|512|6411|2705|2759|1277|3652|1823|0|214|0|214|0|214|3374|1531|1711|961|1663|821|1367|878|829|543|538|439|4810|2153|4467|2129|343|247|1162|907|969|785|193|253|4635|2085|2526|1186|2109|1124|336|339|243|299|93|162|1526|1200|1131|912|395|479|2712|1477|1750|916|962|751|1782|1046|1729|1022|53|90|1159|740|873|656|286|271|1407|1274|1299|1143|108|177|40775|4993|19465|3113|21310|3165|4658|1390|3165|1239|1493|678|12111|2838|4398|1180|7713|2028|776|827|468|390|308|511|27253|4980|10722|2320|16531|3379|3891|2027|2515|1741|1376|746|3088|1045|1453|535|1635|665|7655|3890|3400|2066|4255|2722|16502|3181|10002|2106|6500|1651|9411|3046|5550|2140|3861|1499|5641|2900|4195|2089|1446|1112|519|580|415|494|104|173|18756|6240|10989|4533|7767|3124|3601|3048|2145|2087|1456|1284|5997|2168|3930|1551|2067|1099|226|355|226|355|0|214|0|214|0|214|0|214|569|443|569|443|0|214
9600000US0611820|487174|13992|158748|9163|119243|9175|68895|5758|50348|4967|601|319|601|319|0|218|174|132|174|132|0|218|278|322|278|322|0|218|3960|1717|2680|1204|1280|676|1846|1046|1617|930|229|197|68|89|0|218|68|89|0|218|0|218|0|218|1001|790|596|657|405|473|113|115|59|72|54|90|0|218|0|218|0|218|51|84|51|84|0|218|49|10|0|218|49|10|2148|1156|1348|873|800|547|2668|1369|2309|1308|359|289|9608|2345|7864|2096|1744|672|1379|953|1138|899|241|223|6586|2466|4657|2142|1929|690|1461|892|1324|868|137|170|2684|1340|2377|1274|307|249|510|620|350|449|160|177|3901|1686|3211|1476|690|707|6884|2820|5534|2660|1350|850|5260|2599|4246|2024|1014|1011|37252|3988|19014|2569|18238|2521|1218|608|806|488|412|325|2295|908|1540|599|755|481|0|218|0|218|0|218|78599|6929|27475|2992|51124|5724|2041|1191|1228|924|813|590|2064|1235|1269|1003|795|468|2645|1758|1345|858|1300|1043|24720|4430|15978|3325|8742|1937|1024|525|669|344|355|372|3445|2417|3260|2402|185|190|4|2|4|2|0|218|2170|1737|1004|984|1166|950|0|218|0|218|0|218|286|355|233|279|53|85|0|218|0|218|0|218|190|240|163|227|27|45|0|218|0|218|0|218
9600000US0614430|229475|7451|90341|6797|19986|4545|13906|2850|6080|2203|1420|861|1374|834|46|77|0|218|0|218|0|218|391|379|386|379|5|3|224|219|153|180|71|118|461|392|310|311|151|250|189|308|189|308|0|218|260|279|167|154|93|164|2530|1065|1056|558|1474|774|211|217|211|217|0|218|516|465|369|350|147|175|551|427|281|241|270|231|227|372|227|372|0|218|2698|1475|1529|1040|1169|769|2315|1127|2085|992|230|236|16128|3318|12840|2680|3288|1505|1474|1120|1339|1071|135|160|359|307|318|307|41|2|2109|1594|1835|1345|274|340|5773|2318|4804|2057|969|567|378|325|321|272|57|78|5628|1615|4986|1580|642|330|4673|1437|3569|1218|1104|620|5307|1842|4245|1432|1062|687|42995|4263|25116|3126|17879|2699|2620|1134|1340|705|1280|909|6961|2552|4542|2043|2419|960|0|218|0|218|0|218|2885|1603|1256|572|1629|1458|14|4|0|218|14|4|69|116|0|218|69|116|656|616|152|187|504|602|4096|1300|2260|866|1836|675|847|761|463|332|384|466|982|1292|491|534|491|799|2497|1189|2230|1064|267|255|295|363|204|333|91|157|0|218|0|218|0|218|88|148|88|148|0|218|0|218|0|218|0|218|96|155|96|155|0|218|225|223|169|167|56|95
9700000US0612330|348800|10451|191768|9844|46945|7082|29693|4687|17252|3813|142|180|142|180|0|218|66|93|66|93|0|218|313|264|269|245|44|74|363|303|255|221|108|129|815|556|701|516|114|137|0|218|0|218|0|218|0|218|0|218|0|218|2401|1387|772|440|1629|1140|150|183|95|155|55|92|207|220|112|156|95|159|666|604|584|522|82|135|451|523|451|523|0|218|4186|2370|2025|1227|2161|1901|486|337|429|322|57|66|6748|2251|5012|1834|1736|961|1131|1013|973|982|158|193|10523|4168|5230|2147|5293|2544|157|127|120|104|37|59|417|366|177|154|240|236|1468|944|1056|750|412|337|112|138|112|138|0|218|280|273|191|213|89|73|85|138|85|138|0|218|21250|4014|8790|2702|12460|2057|697|584|472|403|225|227|1491|861|1055|766|436|359|10886|3685|6319|2608|4567|1861|15942|3545|6040|1642|9902|2545|1584|1123|941|777|643|536|1240|713|635|414|605|490|1913|1217|1377|895|536|406|16070|3647|10602|3282|5468|1630|3825|1794|3311|1673|514|439|1464|915|1378|917|86|104|0|218|0|218|0|218|778|948|535|653|243|305|658|452|609|420|49|80|1122|1588|1122|1588|0|218|0|218|0|218|0|218|0|218|0|218|0|218|0|218|0|218|0|218
9700000US0622710|4319262|17445|1823405|24077|1836465|23953|963307|19518|873158|18388|19696|3314|17240|2960|2456|1299|2338|1395|2054|1327|284|219|7690|1753|6224|1435|1466|772|6761|1727|5735|1568|1026|514|8714|1786|8603|1806|111|112|2742|1036|2361|990|381|292|1363|670|1218|622|145|132|37706|5163|18604|3091|19102|3328|1954|728|1644|664|310|247|4566|2486|3306|2123|1260|908|3850|1175|1923|627|1927|907|75424|7993|43383|5927|32041|4123|55032|6329|30753|3847|24279|4130|1553|810|1065|605|488|416|10096|2187|8006|1849|2090|716|2916|1240|1918|811|998|655|4026|1882|2669|1386|1357|686|8590|2995|5111|1660|3479|1659|2919|1505|2250|1114|669|724|6549|1590|4589|1270|1960|885|1457|909|1457|909|0|218|2030|1067|1822|1000|208|218|2163|1096|1475|748|688|650|67724|5177|36718|3597|31006|3855|18226|3135|10200|2249|8026|1696|95641|7807|35876|3814|59765|5980|464|417|464|417|0|218|20607|3827|8696|1754|11911|2741|3731|1915|1268|868|2463|1453|9847|2026|4313|1384|5534|1314|7809|2228|4696|1506|3113|1451|95564|7573|60389|5467|35175|4678|10562|2315|7438|1752|3124|1245|21344|5161|16698|4171|4646|1480|16992|3542|13192|2870|3800|1265|6455|2085|4481|1598|1974|934|6131|2986|4708|2322|1423|1318|2281|1022|1717|835|564|394|114|80|114|80|0|218|360|353|259|241|101|121|5405|1347|2415|974|2990|928
9700000US0634320|1022151|13129|646031|13862|204576|11230|140453|9797|64123|5290|8748|3467|6337|2776|2411|2108|1366|1928|297|291|1069|1697|2698|1048|2455|978|243|228|5953|2818|4460|2249|1493|1392|2937|1025|2507|952|430|356|1517|778|1169|715|348|370|745|476|554|397|191|232|4503|1380|2438|877|2065|1066|735|525|487|316|248|296|461|469|461|469|0|218|2207|1217|1312|763|895|867|656|753|488|614|168|175|4348|1252|2581|984|1767|752|1012|667|807|616|205|236|4474|1750|4009|1622|465|376|408|370|360|340|48|79|730|723|616|670|114|159|156|192|156|192|0|218|1242|630|921|514|321|313|4095|1598|2832|1181|1263|827|1816|1272|1674|1262|142|172|916|677|916|677|0|218|553|377|510|357|43|70|19502|2731|10454|1786|9048|2011|3301|997|1542|689|1759|731|5148|1227|3216|920|1932|723|713|804|486|654|227|371|27813|5198|12291|2606|15522|3274|3237|1681|849|503|2388|1265|4875|1732|2456|861|2419|1175|850|759|580|617|270|434|35165|4815|19472|3110|15693|3477|3441|1527|2945|1476|496|386|5858|2438|4620|2203|1238|663|2328|1309|2328|1309|0|218|4689|2226|1903|1403|2786|1285|414|584|414|584|0|218|1220|933|682|558|538|619|0|218|0|218|0|218|0|218|0|218|0|218|714|580|672|575|42|70
9700000US0634410|775108|344|439702|7577|80639|4218|51896|3964|28743|4016|9860|2479|8659|2007|1201|796|284|336|284|336|0|218|3789|1112|3259|876|530|428|4290|1540|3848|1501|442|285|3566|1023|3105|1007|461|321|742|643|742|643|0|218|1415|1354|1367|1353|48|78|8939|2409|5645|1783|3294|1198|641|496|529|469|112|192|553|336|510|328|43|69|1530|797|861|499|669|515|824|610|774|579|50|82|3187|1451|2644|1249|543|760|1899|1310|1254|795|645|637|5069|1196|4385|1086|684|453|1405|1116|731|688|674|769|1112|799|942|643|170|282|536|371|536|371|0|218|912|678|912|678|0|218|2592|951|2017|773|575|522|1559|1226|1559|1226|0|218|1818|1375|1485|1241|333|398|1099|700|1041|703|58|103|140820|6759|55740|4340|85080|5040|4674|1650|2515|906|2159|1075|5674|1587|3311|1249|2363|759|496|553|496|553|0|218|7909|1757|3656|1003|4253|1312|899|737|262|219|637|632|2181|1080|891|485|1290|1003|2591|997|1419|672|1172|694|21792|4802|14240|3440|7552|2352|2197|1173|1229|697|968|733|4526|1562|2884|988|1642|952|1073|530|1031|518|42|68|988|849|739|721|249|265|349|294|266|264|83|131|443|356|393|354|50|9|0|218|0|218|0|218|37|71|37|71|0|218|497|493|497|493|0|218
9700000US1200180|1842516|447|1031765|14091|525838|8704|311441|10706|214397|10165|23181|3976|16288|3271|6893|1648|107274|12044|63760|8196|43514|6880|4453|1207|3556|1043|897|504|36292|5787|21494|3748|14798|3158|4210|1355|3376|1156|834|540|3475|2659|3204|2684|271|386|1825|909|1606|784|219|265|10075|2513|5097|1417|4978|1774|2113|1121|916|513|1197|911|524|338|443|317|81|98|3020|1444|1959|955|1061|744|700|583|260|263|440|480|476|334|431|326|45|74|958|1022|821|991|137|231|3583|2331|2796|1856|787|659|5974|3254|4207|2401|1767|1227|173|297|173|297|0|239|3061|2003|1837|1324|1224|1239|1465|1073|706|703|759|660|5789|1993|3613|1202|2176|1164|3040|2170|2112|1620|928|836|1265|716|1194|700|71|117|3032|1334|2169|939|863|632|9090|2587|4267|1809|4823|1491|403|372|403|372|0|239|1268|674|543|386|725|562|0|239|0|239|0|239|6595|3624|2980|1849|3615|1997|104|174|52|91|52|84|831|628|388|392|443|428|2865|1905|1444|1163|1421|1017|5150|2229|3378|1623|1772|1047|257|275|160|228|97|159|9603|3541|7451|3154|2152|1000|9643|2792|8611|2553|1032|687|1487|1388|646|705|841|1190|1155|1056|992|860|163|261|373|371|191|224|182|242|0|239|0|239|0|239|273|368|171|214|102|159|9858|3431|8497|3008|1361|925
9700000US1200390|2530515|274|633746|15998|1676193|10098|874523|16024|801670|14116|16553|3664|11734|2626|4819|1777|104501|11488|67487|8278|37014|5513|6824|1760|4823|1368|2001|867|25014|3977|19290|3293|5724|1780|4319|1270|3988|1239|331|216|1045|646|1045|646|0|239|2033|1041|1709|1014|324|345|6834|2093|4486|1476|2348|964|1233|600|987|598|246|245|1035|633|621|486|414|386|2577|1238|2195|1128|382|264|59|99|0|239|59|99|1976|1065|1852|1053|124|168|174|224|136|166|38|69|3062|1916|2699|1585|363|416|1618|1064|1114|936|504|468|129|222|87|155|42|70|1348|864|1167|770|181|214|276|281|240|276|36|61|2167|1178|1368|711|799|735|1119|1100|1119|1100|0|239|551|505|551|505|0|239|592|683|592|683|0|239|6640|1866|3932|1265|2708|933|446|378|245|236|201|193|2536|1912|1025|693|1511|1378|0|239|0|239|0|239|2090|1757|926|812|1164|1107|468|512|0|239|468|512|727|673|296|272|431|571|2782|1159|2108|983|674|474|6311|2014|5278|1678|1033|751|232|263|232|263|0|239|5625|2234|4635|1816|990|742|4565|1704|3224|1423|1341|753|510|486|510|486|0|239|449|560|310|370|139|240|211|244|211|244|0|239|68|113|0|239|68|113|0|239|0|239|0|239|1877|808|1628|759|249|250
9700000US1200870|1428033|135|991798|10666|324270|8786|177546|6868|146724|8326|4477|1761|3679|1377|798|568|15153|4652|9368|3672|5785|2184|2062|945|1697|792|365|337|6370|2588|3728|1449|2642|1357|3177|1120|2786|1052|391|271|183|189|183|189|0|239|1227|614|1176|607|51|86|2066|1026|1513|771|553|421|1158|723|576|357|582|680|809|1156|472|614|337|564|1121|761|776|592|345|359|246|416|91|155|155|261|1634|872|1324|725|310|317|3581|1409|2652|1056|929|506|6193|2507|5433|1905|760|897|490|341|411|295|79|128|1387|1376|820|770|567|644|2143|1306|1412|808|731|585|1747|1169|744|469|1003|872|3412|2549|1853|1030|1559|1850|6001|2708|4730|2293|1271|858|1803|1022|1606|963|197|194|2108|1021|1510|876|598|449|3062|1273|1688|813|1374|809|1235|1160|747|1059|488|440|1755|962|1447|876|308|247|97|156|97|156|0|239|9800|3433|4612|2112|5188|1971|0|239|0|239|0|239|1809|1524|120|134|1689|1502|551|393|505|375|46|81|4497|2309|3516|1703|981|803|1352|796|1289|794|63|127|10722|4144|7178|3500|3544|2155|1157|988|794|615|363|465|1583|2200|1114|1657|469|587|2188|1710|1713|1071|475|761|212|354|212|354|0|239|0|239|0|239|0|239|255|309|255|309|0|239|3142|1458|2177|1031|965|603
9700000US1201440|1371778|211|852735|14661|351309|10678|212294|10127|139015|9026|5250|1585|4263|1367|987|798|45000|8115|31644|6469|13356|4249|2094|1057|1540|813|554|625|33713|5763|18411|3795|15302|3485|3250|1449|3128|1448|122|145|452|345|412|340|40|66|353|597|94|162|259|436|4837|2191|3142|1434|1695|1049|711|723|446|423|265|351|1365|1088|1142|858|223|278|1217|918|854|733|363|433|243|400|0|239|243|400|1663|1175|583|438|1080|1074|1837|1027|1110|597|727|554|3979|1549|2930|1409|1049|678|2856|2435|2254|2045|602|598|668|1022|445|729|223|300|1945|1596|1798|1550|147|156|612|431|278|226|334|327|2913|2271|1690|1329|1223|1074|384|365|280|293|104|125|956|1169|846|1114|110|187|1928|1130|1676|1031|252|214|10852|3156|4624|1583|6228|2227|3395|2396|2674|2208|721|865|1488|790|725|671|763|399|73|91|73|91|0|239|9418|2830|3970|1420|5448|1943|0|239|0|239|0|239|2366|2140|2004|2119|362|358|3137|1657|2021|1132|1116|760|6319|1808|5083|1500|1236|690|378|331|303|291|75|125|8180|2959|4617|2009|3563|1989|397|369|331|345|66|115|546|568|460|521|86|140|1391|965|1324|961|67|114|138|156|138|156|0|239|0|239|0|239|0|239|150|226|150|226|0|239|1280|872|1195|842|85|128
9700000US1201500|1444867|257|957113|15042|283480|6737|148485|7598|134995|7090|12425|2297|8868|1993|3557|1035|94238|12037|50294|7877|43944|7317|4732|1197|3445|1057|1287|656|18357|4176|11577|2892|6780|2828|6061|1722|5597|1495|464|448|1605|919|1518|873|87|144|1309|612|786|399|523|404|9035|2411|6087|2006|2948|1630|1469|589|690|379|779|433|1003|614|573|384|430|480|3105|1293|1852|825|1253|673|243|399|243|399|0|239|461|459|298|271|163|271|1561|1207|1086|942|475|365|1614|902|1507|914|107|116|2021|1885|1317|1158|704|794|0|239|0|239|0|239|2548|1446|1628|1017|920|572|397|421|260|257|137|192|3295|1245|1860|737|1435|883|1396|665|1258|601|138|174|886|750|886|750|0|239|812|677|777|658|35|63|4254|1314|1388|681|2866|965|1073|635|582|486|491|327|1381|813|103|98|1278|788|0|239|0|239|0|239|5530|2507|2371|921|3159|1925|0|239|0|239|0|239|680|433|343|323|337|230|1645|905|805|518|840|560|3623|1541|2863|1343|760|643|693|365|549|290|144|200|5504|2348|4303|2063|1201|1074|2852|1350|2432|1274|420|274|115|191|115|191|0|239|719|657|361|289|358|452|1932|2010|1234|1245|698|1134|0|239|0|239|0|239|0|239|0|239|0|239|5700|1912|2944|920|2756|1348
9700000US1201560|924995|129|784586|7321|67695|4237|35992|2974|31703|4130|5732|1900|3741|1435|1991|1012|1993|1533|1705|1494|288|356|2473|754|2019|630|454|306|4013|2154|2732|1615|1281|753|4057|1180|3711|1126|346|264|1116|772|795|625|321|444|5241|2604|3193|1422|2048|1932|3715|1419|2349|980|1366|694|4157|1621|1790|709|2367|1206|3145|1516|2336|1053|809|690|1218|558|678|401|540|335|72|118|72|118|0|239|1091|803|440|464|651|516|1097|1057|447|388|650|942|1147|933|1105|919|42|72|38|63|38|63|0|239|41|70|41|70|0|239|387|445|354|442|33|64|74|112|11|19|63|110|3652|1734|1867|1011|1785|933|692|671|553|577|139|232|754|1034|482|653|272|393|489|387|362|334|127|164|1018|508|642|411|376|335|353|234|208|165|145|142|1275|1000|875|935|400|298|102|175|0|239|102|175|8965|2448|3756|1741|5209|2118|1128|784|477|358|651|483|2047|1082|1087|726|960|602|168|151|168|151|0|239|2989|1034|1821|653|1168|573|484|358|186|239|298|317|5588|2325|2888|1438|2700|1617|51|84|0|239|51|84|88|146|88|146|0|239|370|521|262|383|108|176|97|168|97|168|0|239|0|239|0|239|0|239|193|306|193|306|0|239|1404|799|1112|685|292|286
9700000US1301290|670039|1310|529519|7557|68504|4472|42309|3880|26195|3081|5042|1985|3664|1533|1378|1110|5011|3387|3017|2168|1994|1457|424|379|424|379|0|228|8006|3113|4045|1495|3961|2357|1567|840|1477|792|90|106|718|474|654|463|64|112|305|256|261|221|44|72|1613|1143|1123|812|490|445|457|326|281|240|176|172|390|269|367|261|23|37|680|441|597|421|83|143|0|228|0|228|0|228|1144|725|1092|691|52|87|3267|1159|2035|838|1232|594|4366|1729|4172|1651|194|212|1016|765|855|626|161|209|522|441|484|388|38|66|1272|1604|836|969|436|654|384|372|384|372|0|228|3532|2696|2275|2072|1257|1398|1796|1147|1557|944|239|287|1571|1052|1482|1048|89|84|353|388|303|320|50|83|5096|1740|3083|1008|2013|1032|804|609|678|495|126|204|1257|738|547|364|710|610|0|228|0|228|0|228|5455|1877|2397|1084|3058|1517|0|228|0|228|0|228|976|615|491|452|485|320|118|142|64|104|54|92|376|339|227|233|149|254|149|244|101|164|48|82|1979|979|1706|822|273|246|574|677|574|677|0|228|1083|822|609|637|474|441|5643|2546|5474|2547|169|165|3714|2118|3714|2118|0|228|0|228|0|228|0|228|0|228|0|228|0|228|1356|851|1118|800|238|287
9700000US1301740|659477|1242|529074|8455|43000|2986|22661|2722|20339|3393|8014|3117|5178|2246|2836|1745|1889|1842|1649|1764|240|240|522|313|447|300|75|89|1129|637|919|706|210|344|1640|845|1514|800|126|219|807|624|807|624|0|228|556|624|477|611|79|96|679|445|447|380|232|218|167|171|167|171|0|228|307|296|206|180|101|121|128|157|87|102|41|68|0|228|0|228|0|228|746|353|539|307|207|187|3751|1974|2186|1304|1565|1524|4440|2413|3176|1829|1264|982|2277|1453|1346|1076|931|934|418|500|165|234|253|298|2401|1457|1044|611|1357|977|1674|1362|1595|1336|79|133|1791|1345|829|733|962|875|1578|1219|1369|1097|209|233|912|733|635|539|277|449|768|607|581|507|187|220|5813|1668|4137|1324|1676|644|925|623|699|510|226|252|1835|1116|1361|784|474|516|0|228|0|228|0|228|4395|1935|2137|994|2258|1133|152|241|0|228|152|241|509|524|266|379|243|336|2703|1647|1110|899|1593|1107|1702|1356|874|714|828|908|0|228|0|228|0|228|3418|2596|1819|1331|1599|1559|1042|735|1042|735|0|228|19589|5490|13920|4649|5669|2040|3323|1368|3227|1314|96|173|2201|1536|1912|1450|289|423|0|228|0|228|0|228|48|70|48|70|0|228|3154|2188|3008|2113|146|179
9700000US1302280|580303|2609|462890|8196|44086|4331|27151|3333|16935|2996|2380|1058|1551|833|829|655|3825|3647|1683|1506|2142|2603|1053|734|1045|734|8|3|3352|1470|2610|1294|742|418|1411|768|1217|745|194|201|147|154|147|154|0|228|295|307|295|307|0|228|1944|1338|1422|1104|522|418|152|253|152|253|0|228|215|250|63|113|152|226|878|780|617|698|261|287|0|228|0|228|0|228|2855|1578|1369|997|1486|1073|2589|1236|1769|849|820|673|2926|1312|2024|761|902|824|1768|1059|1420|859|348|252|85|142|85|142|0|228|1862|1330|1602|1099|260|375|1120|747|670|540|450|357|1400|1153|1197|1046|203|341|5494|2046|4896|1930|598|524|3716|1972|3089|1857|627|588|2039|1146|1758|1032|281|248|9545|2318|5917|1806|3628|1180|1110|606|564|390|546|446|8312|2839|5188|2192|3124|1103|0|228|0|228|0|228|1272|857|362|326|910|694|88|144|31|50|57|94|345|340|259|275|86|147|513|464|426|423|87|103|988|694|808|655|180|219|1395|1397|790|809|605|694|902|714|674|551|228|228|1365|837|1337|836|28|47|436|466|195|233|241|417|3706|1706|2635|1154|1071|780|612|528|612|528|0|228|0|228|0|228|0|228|0|228|0|228|0|228|1232|1010|1232|1010|0|228
9700000US1302550|903126|3865|568439|9703|170244|4165|89382|5827|80862|5773|7358|3291|6346|2732|1012|841|7158|2438|6005|2130|1153|705|441|308|441|308|0|228|1421|957|1127|786|294|300|1951|984|1813|916|138|170|54|92|54|92|0|228|95|115|95|115|0|228|2498|1314|1606|1036|892|540|694|610|288|359|406|459|3920|1749|2577|1257|1343|860|1522|1016|430|411|1092|840|263|432|170|278|93|154|2047|1149|1546|1026|501|348|5518|2210|3725|1729|1793|822|6073|2514|4764|2273|1309|636|4432|2054|3314|1528|1118|752|586|939|131|220|455|726|2798|1159|1523|743|1275|572|1398|774|784|527|614|453|6138|2459|4288|2237|1850|1163|1345|836|935|534|410|576|562|462|518|471|44|75|3137|1498|2033|1245|1104|685|20976|4142|7546|1568|13430|3658|1015|740|521|579|494|413|25981|3371|11658|2166|14323|2062|127|215|127|215|0|228|21618|4818|8563|3171|13055|2771|1937|1747|927|919|1010|863|862|547|511|456|351|223|2499|1742|1279|1071|1220|755|2894|1283|2520|1175|374|301|1194|584|795|477|399|319|4888|3209|3001|1861|1887|1472|79|137|79|137|0|228|5314|2043|4387|1892|927|513|11992|3440|9891|3138|2101|1165|217|251|217|251|0|228|0|228|0|228|0|228|0|228|0|228|0|228|1441|791|1145|633|296|492
9700000US1709930|2519527|5432|1614773|25998|612247|17968|355225|12396|257022|14791|14867|4106|11391|2866|3476|2908|1354|852|782|466|572|750|6997|1925|5680|1774|1317|585|5244|2066|3742|1901|1502|939|4183|1158|3321|1088|862|496|1587|1721|660|425|927|1520|4939|1593|3320|1077|1619|968|8786|2501|4487|1692|4299|1825|32404|4255|18214|3410|14190|2020|11526|3118|6562|2203|4964|1752|7917|2626|5016|1727|2901|1449|283|214|179|231|104|177|2562|1535|1532|911|1030|761|5412|2600|3401|1804|2011|1435|11499|3699|9113|2925|2386|1456|11531|3374|8584|2807|2947|1313|1381|922|1381|922|0|206|2688|2187|1709|1339|979|1200|5582|3373|2069|1403|3513|2963|13878|3517|7850|1895|6028|2451|2541|1617|2481|1612|60|291|1720|1500|1720|1500|0|206|2439|1348|2196|1241|243|289|50896|6416|22981|3698|27915|3960|2799|1191|1758|866|1041|617|8921|2061|4518|1457|4403|1298|41|82|41|82|0|206|7488|2054|3203|1025|4285|1633|964|1334|343|389|621|1008|2186|1103|1647|756|539|473|4102|1585|2163|1260|1939|1059|17878|3691|11634|2558|6244|2209|2100|1803|1986|1781|114|164|11234|3722|9019|3147|2215|919|2536|1322|2317|1123|219|304|6051|2262|2567|1372|3484|1400|10352|2860|7933|2437|2419|1078|1576|1029|1055|829|521|538|0|206|0|206|0|206|300|410|300|410|0|206|1763|1143|1520|1138|243|196
9700000US2400120|798591|128|684927|8162|31838|4371|18551|3431|13287|3206|3009|1526|1373|690|1636|1364|204|234|135|214|69|118|946|513|612|381|334|299|1543|1061|1205|965|338|377|1521|682|1061|602|460|369|325|304|264|294|61|105|1298|578|1157|539|141|140|6130|2127|2651|1280|3479|1510|516|444|429|374|87|104|212|236|75|123|137|126|1092|854|777|795|315|344|0|224|0|224|0|224|2417|1267|1096|653|1321|891|1427|1170|1049|1095|378|388|2421|1184|1522|846|899|696|5345|2681|2730|1419|2615|1429|839|701|563|491|276|264|777|492|570|404|207|221|5371|2078|3299|1304|2072|1334|749|506|695|490|54|80|718|587|698|586|20|32|1522|1244|950|807|572|920|213|195|213|195|0|224|7157|2326|3832|1649|3325|1225|845|628|530|455|315|396|2454|892|995|464|1459|667|0|224|0|224|0|224|1733|875|750|510|983|699|181|291|0|224|181|291|33|57|33|57|0|224|1545|991|651|534|894|625|5276|1355|4070|1177|1206|517|219|188|58|107|161|200|3169|1537|1983|1201|1186|753|1414|925|993|694|421|382|1509|1496|1471|1478|38|65|10012|4050|7811|2735|2201|1848|7059|4384|5376|3451|1683|1687|0|224|0|224|0|224|0|224|0|224|0|224|625|491|552|484|73|100
9700000US2400480|992793|228|564020|11812|171159|4547|93929|4735|77230|5143|19302|3674|15320|3172|3982|1356|2570|2099|2393|1955|177|281|2291|949|1319|536|972|672|9160|3604|5262|1869|3898|2147|4267|1443|3750|1200|517|470|995|639|906|624|89|150|2214|1119|1844|891|370|396|10113|2673|7041|2210|3072|983|826|497|715|482|111|133|780|633|256|226|524|580|4879|1965|4033|1868|846|563|1241|906|822|635|419|325|11573|2698|7486|1913|4087|1492|1839|1082|1263|660|576|628|7858|1865|7215|1778|643|414|2962|1442|2523|1320|439|331|986|652|807|606|179|160|5162|2457|3350|1493|1812|1355|8046|3438|5495|1935|2551|2190|5167|2393|4122|2145|1045|1232|6476|3805|4734|2976|1742|1521|2060|1110|1407|867|653|585|2921|1162|2674|1085|247|211|41442|5513|21361|2833|20081|3449|2758|1997|1514|1410|1244|903|13532|2635|7076|1477|6456|1659|0|224|0|224|0|224|8745|2405|3770|1407|4975|1491|626|684|394|515|232|262|2853|1517|1261|696|1592|973|3573|1302|2806|1125|767|599|9209|2501|7291|2200|1918|826|2655|1913|1056|572|1599|1829|3754|1609|2604|940|1150|962|1526|764|1526|764|0|224|35797|7840|25629|6324|10168|2693|11386|2798|9744|2434|1642|701|4238|2613|3529|2127|709|569|0|224|0|224|0|224|312|310|224|258|88|158|1520|993|1430|981|90|106
9700000US2502790|618440|3261|403118|8540|99655|5901|53549|3776|46106|4489|4789|1486|4011|1265|778|505|16629|4089|8261|2365|8368|2503|1915|1069|1311|869|604|541|15029|4425|9552|2724|5477|2480|1237|641|1237|641|0|222|536|399|496|386|40|66|1150|511|904|396|246|322|3314|921|1514|584|1800|794|745|449|438|354|307|295|552|528|552|528|0|222|1423|629|1084|471|339|320|201|197|201|197|0|222|1463|730|1211|601|252|351|1742|1032|1428|665|314|475|2974|947|2251|770|723|532|934|734|817|576|117|191|44|73|0|222|44|73|1256|716|853|433|403|454|961|484|742|415|219|185|2947|1589|1885|758|1062|980|326|254|279|207|47|77|764|282|764|282|0|222|434|309|434|309|0|222|22014|3113|10213|2170|11801|1824|474|332|474|332|0|222|3338|1047|2954|1051|384|349|35|63|35|63|0|222|9586|2923|2631|1031|6955|2559|803|712|142|188|661|686|140|104|37|45|103|104|1670|707|1235|532|435|390|409|266|409|266|0|222|459|335|395|287|64|111|4244|1549|2774|960|1470|741|675|395|675|395|0|222|3084|1790|1795|1230|1289|821|1409|977|1055|848|354|359|2884|2092|2517|2000|367|348|0|222|0|222|0|222|0|222|0|222|0|222|3078|1691|2340|1406|738|966
9700000US3200060|2192879|321|1442622|14753|506452|11303|310203|11258|196249|8958|6520|1895|5760|1840|760|445|950|1061|792|1022|158|208|2597|812|1626|628|971|619|3398|1269|2670|998|728|576|4219|1125|3967|1123|252|251|1619|1360|1364|1203|255|286|1166|777|842|619|324|460|6621|2153|4601|1814|2020|780|1849|915|1091|733|758|519|5454|3413|3264|2482|2190|1176|1347|577|822|416|525|350|3364|1975|2342|1376|1022|947|7269|2587|3740|1751|3529|1699|1664|2181|971|1231|693|961|2199|1146|1907|1051|292|224|1883|1243|1824|1220|59|97|1748|1118|978|666|770|626|162|267|125|203|37|64|1517|780|785|419|732|529|3717|1312|3095|1141|622|503|564|382|478|355|86|104|702|585|545|466|157|194|217|270|217|270|0|228|29743|3598|14693|2892|15050|2297|3967|1268|2507|959|1460|557|10600|2277|6005|1634|4595|1227|107|128|36|57|71|117|8917|2628|3620|1229|5297|2082|670|587|137|174|533|489|5771|1821|2674|1115|3097|1230|1009|738|715|542|294|366|83901|6927|58174|5150|25727|3675|11416|3210|6587|1819|4829|1889|7920|2949|5246|1878|2674|1388|2039|1552|1444|1511|595|452|9939|2973|4579|1704|5360|1738|505|634|125|199|380|603|3277|2560|1899|1710|1378|1089|524|545|524|545|0|228|334|298|334|298|0|228|2420|1217|1872|1055|548|333
9700000US3620580|7863226|811|4092589|35589|1813191|16950|960770|18388|852421|17464|95926|10104|73448|7908|22478|4524|94947|10553|61860|7544|33087|5682|57656|6808|38478|4895|19178|3584|22038|3979|16470|3363|5568|1524|15440|2817|14676|2701|764|343|102277|9903|53505|8341|48772|6350|35375|4717|23790|3770|11585|2104|181262|14181|81905|9614|99357|8213|38183|5370|19521|2935|18662|3417|13873|3079|8962|2220|4911|1715|29446|5630|14508|3798|14938|3642|4319|2200|2198|1102|2121|1674|10898|3189|7362|2719|3536|1375|8077|2220|6050|1794|2027|930|28652|5306|21200|4663|7452|2240|44136|7101|23018|4102|21118|4343|24509|4869|11206|2435|13303|3021|119190|9071|56318|6208|62872|5218|21498|4721|11133|2837|10365|2844|56687|8896|35003|6264|21684|5007|2028|809|1810|729|218|189|3253|1193|2807|1151|446|284|8174|2818|6072|2284|2102|890|495985|15473|160441|9967|335544|10867|20069|3189|10811|2386|9258|2034|61121|7821|30309|5088|30812|4262|125|204|86|139|39|65|12277|3475|5332|1673|6945|2487|2832|1364|1279|666|1553|958|5512|1572|2238|844|3274|1193|38557|5649|18445|3536|20112|3559|49618|5186|36600|4239|13018|2122|10615|3306|6890|2696|3725|1471|89241|14920|54660|10233|34581|6588|36370|6372|27975|4873|8395|3118|9806|4286|6543|3021|3263|1665|72657|8341|52067|6583|20590|4569|6335|2042|4963|1956|1372|799|101|105|101|105|0|217|1375|1210|1375|1210|0|217|27006|5068|17430|3539|9576|2676
9700000US3702970|1073387|143|854376|9076|124314|5088|60283|4949|64031|4854|8453|3015|6783|2740|1670|843|318|340|318|340|0|221|1690|1072|1243|897|447|530|1998|1183|1255|844|743|677|2950|1123|2572|1032|378|360|405|421|299|414|106|131|2415|1141|2039|1032|376|276|4973|2307|3742|2115|1231|693|474|350|380|289|94|114|1614|1798|1141|1280|473|530|1447|1365|956|965|491|591|105|174|105|174|0|221|1403|811|957|611|446|519|2668|1064|1672|732|996|644|4420|1423|3656|1263|764|612|1859|1051|1480|873|379|239|297|438|297|438|0|221|597|506|529|468|68|111|2761|1640|1664|1017|1097|804|2804|2309|890|511|1914|2124|4079|1628|3351|1408|728|822|2044|1433|1971|1446|73|125|750|510|585|415|165|161|6739|2179|3641|1259|3098|1393|759|502|319|315|440|336|3525|1320|1843|876|1682|771|1587|913|762|508|825|495|7352|2410|3594|1631|3758|1189|509|594|173|206|336|554|1236|612|746|423|490|417|5807|3975|2728|2072|3079|2083|1155|656|668|463|487|446|2427|1524|443|549|1984|1415|3985|2954|2856|2293|1129|759|83|132|83|132|0|221|4932|2301|3324|1745|1608|851|1860|990|1078|666|782|584|1332|1082|1220|1071|112|126|0|221|0|221|0|221|24|57|24|57|0|221|861|484|802|457|59|100
9700000US3704720|1108636|144|897663|10515|83573|5411|54379|4878|29194|4204|9957|3481|7752|2872|2205|1193|1064|1481|636|1036|428|481|465|326|390|302|75|125|2381|1323|1722|871|659|598|4409|2517|3896|2613|513|599|610|546|506|521|104|181|496|388|347|320|149|244|4256|1436|2984|1093|1272|910|1323|977|1323|977|0|221|332|284|240|234|92|155|1711|1401|1039|792|672|1070|0|221|0|221|0|221|2264|1140|1484|694|780|788|6387|2806|3269|1974|3118|1495|8075|2698|7166|2594|909|541|2125|841|1691|708|434|382|519|481|451|399|68|115|2247|1107|1569|804|678|631|4184|1823|3552|1599|632|563|1748|1052|1235|596|513|534|10337|4288|8557|3479|1780|1411|5957|2374|4408|1786|1549|1010|5152|2341|5104|2336|48|82|14476|2845|8768|2052|5708|1644|2138|1140|975|719|1163|683|3124|1558|1464|1083|1660|864|46|79|46|79|0|221|4579|2638|2547|2375|2032|1108|0|221|0|221|0|221|547|479|312|315|235|340|3374|1938|2794|1677|580|459|2738|1146|2088|1045|650|509|1080|1089|825|818|255|413|6592|2774|4579|2142|2013|944|76|125|76|125|0|221|1417|840|579|484|838|713|8192|4933|7298|4737|894|941|1481|1737|1346|1529|135|225|0|221|0|221|0|221|307|347|270|332|37|63|1234|938|1234|938|0|221
9700000US4218990|1474128|245|1107799|15228|171176|7015|86838|8605|84338|8174|10775|3761|6754|2230|4021|2957|4715|3545|2114|1759|2601|2012|3361|1104|2604|1008|757|456|10268|4356|4273|2178|5995|3296|3083|1901|2964|1892|119|208|915|677|633|498|282|465|1909|1109|1304|897|605|390|12648|2774|4822|1714|7826|1792|2731|1290|1577|757|1154|750|608|490|608|490|0|190|5283|2151|1184|533|4099|2098|524|468|442|453|82|140|2097|1610|1305|932|792|855|3149|1362|2974|1283|175|198|2227|1025|1665|858|562|408|1408|795|902|444|506|559|1537|1316|907|696|630|863|4750|2642|2116|1185|2634|1820|2071|1317|1103|900|968|797|8113|2741|4015|1611|4098|2070|809|474|653|439|156|189|944|587|944|587|0|190|5803|1986|2776|1114|3027|1529|33716|5681|11130|2397|22586|4805|743|476|472|360|271|312|6732|2972|3097|1444|3635|1897|104|167|104|167|0|190|14702|3789|5027|1642|9675|2616|7743|3045|2858|1350|4885|2215|956|673|523|427|433|362|7411|3407|3484|1473|3927|2428|3726|2014|1944|1283|1782|1299|1859|1108|812|694|1047|853|11469|4941|7250|3673|4219|2365|906|604|906|604|0|190|3134|2192|1243|1175|1891|1549|7052|2662|4356|2207|2696|1728|3178|2450|2022|1351|1156|1419|0|190|0|190|0|190|216|362|216|362|0|190|1778|1113|1203|828|575|628
9700000US4823640|1376978|24440|740669|18220|513445|21823|245786|13358|267659|14131|8865|2694|8145|2643|720|404|1459|1237|497|523|962|1047|1120|710|1009|685|111|189|3116|1507|2553|1372|563|348|3643|1497|3468|1495|175|175|654|537|654|537|0|237|834|671|737|627|97|109|1976|833|1642|765|334|254|903|558|866|547|37|61|1223|1064|651|604|572|545|1777|1454|829|587|948|1292|0|237|0|237|0|237|5809|2651|2869|1368|2940|1809|1398|994|1150|699|248|336|5771|2689|5206|2403|565|563|1806|1095|1595|1040|211|157|207|274|207|274|0|237|1554|1086|958|809|596|775|3554|1873|2724|1510|830|536|2028|962|1531|737|497|585|1789|944|1670|882|119|152|1023|595|960|591|63|76|900|495|693|420|207|246|17871|3178|9724|2006|8147|2293|2050|966|1058|652|992|602|2902|1195|2117|859|785|618|123|207|123|207|0|237|11636|2607|5136|1709|6500|1825|408|673|408|673|0|237|530|409|178|165|352|275|1848|757|1162|539|686|573|5896|1985|3959|1262|1937|1259|1035|587|824|490|211|217|7690|3088|4300|1510|3390|2436|3129|2445|3032|2429|97|117|2658|1084|1474|711|1184|708|10154|5173|9599|5120|555|547|1806|1176|1019|683|787|915|0|237|0|237|0|237|0|237|0|237|0|237|1719|1493|569|398|1150|1410
9700000US4835100|353371|6741|234934|8557|41443|6760|23878|4339|17565|4576|2443|1294|1894|1098|549|425|0|237|0|237|0|237|175|282|175|282|0|237|1190|723|790|549|400|375|410|367|305|320|105|176|101|128|101|128|0|237|89|146|89|146|0|237|1345|753|904|690|441|371|71|117|71|117|0|237|337|341|261|263|76|126|314|321|260|243|54|94|435|584|246|300|189|317|2402|1110|1449|723|953|621|2536|1237|2190|1117|346|276|4910|1576|3995|1293|915|642|4031|2360|3332|2187|699|511|832|811|628|595|204|238|1954|1237|1641|1093|313|285|3609|1945|3109|1764|500|498|960|769|797|633|163|217|3725|1554|2666|1154|1059|837|5659|2733|5211|2661|448|507|2624|1170|2377|1132|247|284|13195|2542|8007|1691|5188|1503|860|684|667|551|193|255|3092|1413|1780|921|1312|677|0|237|0|237|0|237|5378|1740|3412|1178|1966|894|288|367|269|364|19|35|1030|684|472|319|558|463|1364|1357|352|313|1012|1308|1112|606|813|505|299|230|598|491|598|491|0|237|4253|2049|3116|1706|1137|716|760|483|612|352|148|235|1276|848|1069|752|207|214|1175|729|853|524|322|362|2085|1355|860|722|1225|1044|0|237|0|237|0|237|286|338|286|338|0|237|90|138|90|138|0|237
9700000US5101260|1072637|359|666697|12007|137248|5339|76554|5418|60694|5694|5544|1441|4834|1441|710|462|278|441|278|441|0|214|2510|1403|2330|1380|180|304|2110|859|1587|639|523|501|2818|848|2621|827|197|158|1265|842|957|493|308|421|1798|811|1555|694|243|252|4596|1481|3268|1052|1328|632|199|197|74|88|125|149|1515|914|1152|781|363|422|1393|685|910|546|483|366|1650|1396|1650|1396|0|214|13818|3367|8194|1944|5624|2042|2743|1430|2399|1425|344|252|11484|3220|8755|2319|2729|2191|10629|3137|6536|1985|4093|1798|1801|1016|1182|933|619|379|7041|3467|3313|1606|3728|3015|10751|3953|7761|2780|2990|1527|6791|2549|4740|2105|2051|1225|9571|2723|8485|2447|1086|746|5622|2468|5165|2425|457|284|2470|1275|2291|1153|179|234|26136|3106|15483|2437|10653|1879|2568|1091|1830|863|738|543|31078|4059|15515|2389|15563|2812|0|214|0|214|0|214|25500|4536|11630|3199|13870|2571|2114|1475|1005|687|1109|876|4191|1873|2056|839|2135|1307|4968|1886|3244|1446|1724|996|10755|2579|8251|2084|2504|1175|959|621|798|557|161|161|21149|5112|16839|4335|4310|1555|317|239|317|239|0|214|19494|3652|13472|3073|6022|1567|5783|2845|5451|2733|332|288|2133|1151|2006|1119|127|153|0|214|0|214|0|214|0|214|0|214|0|214|3150|1356|2273|1249|877|788
9700000US5102250|405627|51|259676|6515|43161|3146|28993|3237|14168|2010|2372|1075|1976|832|396|402|106|206|106|206|0|214|218|226|183|180|35|57|793|492|712|474|81|137|1800|907|1629|860|171|152|428|364|428|364|0|214|348|426|296|395|52|92|1810|972|1122|713|688|550|393|343|354|301|39|63|240|402|240|402|0|214|539|647|401|451|138|223|0|214|0|214|0|214|7917|2787|4348|2136|3569|1165|1247|919|928|705|319|317|8421|2645|6414|2111|2007|1109|6710|3184|3347|1557|3363|1817|4336|2545|3046|1822|1290|982|2546|2018|1976|1454|570|606|6909|2816|5652|2372|1257|780|3153|2683|2133|1807|1020|950|11378|2858|9129|2388|2249|881|5707|2950|4990|2656|717|557|996|657|996|657|0|214|6244|2014|4884|1655|1360|696|277|257|160|210|117|146|3527|1469|2104|915|1423|869|0|214|0|214|0|214|5051|1869|2710|1185|2341|1146|0|214|0|214|0|214|589|420|116|137|473|407|3134|1914|2043|1357|1091|775|2822|1343|2155|1004|667|619|720|683|624|659|96|159|8567|3397|6234|2266|2333|1472|65|110|65|110|0|214|998|763|471|515|527|468|1058|817|839|737|219|243|918|744|752|686|166|259|0|214|0|214|0|214|141|240|141|240|0|214|312|419|116|189|196|243
9700000US5307710|722251|2535|547991|9688|34405|4577|25950|3544|8455|2438|5095|1481|4825|1455|270|240|0|214|0|214|0|214|2167|1090|1981|997|186|219|2136|1351|1673|926|463|527|5336|1915|4894|1858|442|381|263|279|263|279|0|214|603|440|521|371|82|137|3056|1049|2263|863|793|662|1069|662|794|553|275|358|1071|848|1025|824|46|75|1781|734|1565|735|216|240|0|214|0|214|0|214|1242|666|1075|568|167|227|662|461|526|388|136|150|8707|2269|8058|2205|649|438|948|732|948|732|0|214|827|556|611|418|216|257|1308|1435|1110|1409|198|252|1955|938|1886|921|69|118|2155|881|2035|874|120|77|2400|1072|2004|951|396|440|1585|881|1585|881|0|214|1011|656|724|491|287|228|39879|5338|24323|3669|15556|2893|4606|1262|3035|964|1571|675|5198|1538|3805|1254|1393|730|339|431|339|431|0|214|11601|2769|5645|2051|5956|1686|765|685|406|337|359|394|2633|1057|1353|753|1280|687|848|548|471|371|377|323|7160|1786|4533|1139|2627|928|2577|1498|1432|965|1145|909|1906|936|1610|857|296|267|728|543|567|399|161|234|11279|3792|6383|2868|4896|1704|920|662|635|473|285|463|3378|1994|2572|1498|806|658|0|214|0|214|0|214|202|293|202|293|0|214|459|380|341|314|118|198
